object_idid,stname,dtname,sdtname,st_area_sh,st_length_,remarks,dist_lgd,state_lgd,subdt_lgd,ac_no,st_length(shape),st_area(shape),max,mean,count,sum
10-206-01064,BIHAR,Sitamarhi,Suppi,0,0,,221,10,1064,,71084.15120823232,92250451.53846286,0.0,0.0,66,0.0
10-234-01463,BIHAR,Rohtas,Nasriganj,0,0,,215,10,1463,,90034.07903274363,167356919.18355417,2.2604616699218753e-05,2.0450904636080305e-05,126,0.0025768139841461186
10-234-01464,BIHAR,Rohtas,Rajpur,0,0,,215,10,1464,,68660.48684625747,85633596.4997788,2.2604616699218753e-05,2.260461669921875e-05,63,0.0014240908520507813
10-234-01465,BIHAR,Rohtas,Sanjhauli,0,0,,215,10,1465,,56591.722358052,83833486.39015438,2.2604616699218753e-05,1.6828137613932296e-05,63,0.0010601726696777346
10-203-01023,BIHAR,Pashchim Champaran,Thakrahan,0,0,,211,10,1023,,79847.09402015881,199004696.79409248,0.0,0.0,145,0.0
10-204-01054,BIHAR,Purbi Champaran,Phenhara,0,0,,213,10,1054,,44565.43736457999,67645025.94776015,0.0,0.0,51,0.0
10-219-01262,BIHAR,Saran,Maker,0,0,,218,10,1262,,62357.8736467211,96585777.9808088,0.0,0.0,71,0.0
10-220-01282,BIHAR,Vaishali,Sahdai Buzurg,0,0,,224,10,1282,,74546.65030748869,114161677.3631406,0.0,0.0,84,0.0
10-229-01388,BIHAR,Nalanda,Tharthari,0,0,,209,10,1388,,71853.42144919158,77411758.12428828,2.2477423477172852e-05,1.980031157599555e-05,54,0.0010692168251037598
10-229-01389,BIHAR,Nalanda,Parbalpur,0,0,,209,10,1389,,54466.2339431045,76043839.88376136,2.2477423477172852e-05,2.188169253213065e-05,56,0.0012253747817993165
10-203-01022,BIHAR,Pashchim Champaran,Bhitaha,0,0,,211,10,1022,,72626.86760213553,166969906.7472905,0.0,0.0,117,0.0
10-203-01013,BIHAR,Pashchim Champaran,Sidhaw,0,0,,211,10,1013,,195582.3602130639,1085337194.6715722,0.0,0.0,781,0.0
10-203-01014,BIHAR,Pashchim Champaran,Ramnagar,0,0,,211,10,1014,,230865.78384139363,866139404.2451236,0.0,0.0,621,0.0
10-203-01015,BIHAR,Pashchim Champaran,Gaunaha,0,0,,211,10,1015,,136504.94021895694,605322845.3823951,0.0,0.0,441,0.0
10-203-01016,BIHAR,Pashchim Champaran,Mainatanr,0,0,,211,10,1016,,115419.13930249632,312998546.4010918,0.0,0.0,221,0.0
10-203-01017,BIHAR,Pashchim Champaran,Narkatiaganj,0,0,,211,10,1017,,149144.20649331805,441857686.2127825,0.0,0.0,314,0.0
10-203-01018,BIHAR,Pashchim Champaran,Lauriya,0,0,,211,10,1018,,120853.32018665274,255440417.54612216,0.0,0.0,183,0.0
10-203-01019,BIHAR,Pashchim Champaran,Bagaha,0,0,,211,10,1019,,135587.24079810514,491292931.53180623,0.0,0.0,352,0.0
10-203-01021,BIHAR,Pashchim Champaran,Madhubani,0,0,,211,10,1021,,144670.82201821523,386116138.1353823,0.0,0.0,276,0.0
10-203-01024,BIHAR,Pashchim Champaran,Jogapatti,0,0,,211,10,1024,,88530.23644360513,258722436.3759333,0.0,0.0,186,0.0
10-203-01029,BIHAR,Pashchim Champaran,Bairia,0,0,,211,10,1029,,105039.82861382668,288505226.87341565,0.0,0.0,208,0.0
10-203-01025,BIHAR,Pashchim Champaran,Chanpatia,0,0,,211,10,1025,,113543.7602983494,310017349.34780717,0.0,0.0,226,0.0
10-206-01071,BIHAR,Sitamarhi,Parsauni,0,0,,221,10,1071,,63729.135625112256,74724139.64418457,0.0,0.0,55,0.0
10-203-01026,BIHAR,Pashchim Champaran,Sikta,0,0,,211,10,1026,,93443.22825707054,255004178.86147365,0.0,0.0,183,0.0
10-203-01027,BIHAR,Pashchim Champaran,Majhaulia,0,0,,211,10,1027,,123374.4030721297,371511179.15939575,0.0,0.0,265,0.0
10-203-01028,BIHAR,Pashchim Champaran,Bettiah,0,0,,211,10,1028,,53968.26030594324,83182055.35378212,0.0,0.0,59,0.0
10-203-01030,BIHAR,Pashchim Champaran,Nautan,0,0,,211,10,1030,,122656.63983711715,245738630.13883996,0.0,0.0,171,0.0
10-204-01031,BIHAR,Purbi Champaran,Raxaul,0,0,,213,10,1031,,98709.78801801558,166685360.13968688,0.0,0.0,124,0.0
10-206-01072,BIHAR,Sitamarhi,Belsand,0,0,,221,10,1072,,66235.5873217276,97354060.86547032,0.0,0.0,70,0.0
10-206-01073,BIHAR,Sitamarhi,Runisaidpur,0,0,,221,10,1073,,152472.54206325076,334873257.0825382,0.0,0.0,243,0.0
10-204-01032,BIHAR,Purbi Champaran,Adapur,0,0,,213,10,1032,,94532.37688292323,199608924.7111849,0.0,0.0,148,0.0
10-206-01074,BIHAR,Sitamarhi,Dumra,0,0,,221,10,1074,,111649.34177378344,241159212.36062923,0.0,0.0,178,0.0
10-204-01033,BIHAR,Purbi Champaran,Ramgarhwa,0,0,,213,10,1033,,90718.26831189607,213035907.5226096,0.0,0.0,154,0.0
10-204-01034,BIHAR,Purbi Champaran,Sugauli,0,0,,213,10,1034,,84892.41923436844,209336830.19001696,0.0,0.0,149,0.0
10-204-01038,BIHAR,Purbi Champaran,Ghorasahan,0,0,,213,10,1038,,75335.10865687576,144368243.47105,0.0,0.0,104,0.0
10-204-01035,BIHAR,Purbi Champaran,Banjaria,0,0,,213,10,1035,,102381.40449613356,176960195.87167916,0.0,0.0,124,0.0
10-204-01047,BIHAR,Purbi Champaran,Kesaria,0,0,,213,10,1047,,87546.8206889307,229535442.11688668,0.0,0.0,168,0.0
10-204-01036,BIHAR,Purbi Champaran,Narkatia,0,0,,213,10,1036,,105607.09704406632,168338010.30978012,0.0,0.0,120,0.0
10-204-01037,BIHAR,Purbi Champaran,Bankatwa,0,0,,213,10,1037,,99233.37216886049,115311013.90225838,0.0,0.0,82,0.0
10-204-01039,BIHAR,Purbi Champaran,Dhaka,0,0,,213,10,1039,,97673.73467814895,202386545.86227983,0.0,0.0,145,0.0
10-204-01048,BIHAR,Purbi Champaran,Kalyanpur,0,0,,213,10,1048,,109413.20044555076,313300912.50613195,0.0,0.0,230,0.0
10-204-01040,BIHAR,Purbi Champaran,Chiraia,0,0,,213,10,1040,,110764.71696779084,272984575.32652414,0.0,0.0,199,0.0
10-204-01041,BIHAR,Purbi Champaran,Motihari,0,0,,213,10,1041,,181544.26702654368,319814691.13850176,0.0,0.0,241,0.0
10-204-01049,BIHAR,Purbi Champaran,Kotwa,0,0,,213,10,1049,,78879.98205471091,178282937.71225017,0.0,0.0,126,0.0
10-204-01042,BIHAR,Purbi Champaran,Turkaulia,0,0,,213,10,1042,,99475.78497366334,174748315.94966665,0.0,0.0,130,0.0
10-204-01050,BIHAR,Purbi Champaran,Piprakothi,0,0,,213,10,1050,,58369.33889310607,62223774.49301849,0.0,0.0,45,0.0
10-204-01043,BIHAR,Purbi Champaran,Harsidhi,0,0,,213,10,1043,,133904.34238337883,240218359.62130272,0.0,0.0,173,0.0
10-204-01044,BIHAR,Purbi Champaran,Paharpur,0,0,,213,10,1044,,108730.62076802726,192061375.0173064,0.0,0.0,144,0.0
10-204-01045,BIHAR,Purbi Champaran,Areraj,0,0,,213,10,1045,,93331.67353690567,242725576.26244012,0.0,0.0,174,0.0
10-204-01046,BIHAR,Purbi Champaran,Sangrampur,0,0,,213,10,1046,,78133.67961210197,187659878.02718252,0.0,0.0,133,0.0
10-204-01051,BIHAR,Purbi Champaran,Chakia(Pipra),0,0,,213,10,1051,,129110.66914194856,212940547.80779588,0.0,0.0,145,0.0
10-204-01052,BIHAR,Purbi Champaran,Pakri Dayal,0,0,,213,10,1052,,90143.40730437863,148110040.62869397,0.0,0.0,106,0.0
10-204-01053,BIHAR,Purbi Champaran,Patahi,0,0,,213,10,1053,,85994.51677214028,144960443.14880535,0.0,0.0,100,0.0
10-204-01055,BIHAR,Purbi Champaran,Madhuban,0,0,,213,10,1055,,112681.00006095257,152424272.44650427,0.0,0.0,114,0.0
10-204-01056,BIHAR,Purbi Champaran,Tetaria,0,0,,213,10,1056,,82320.72754353678,104458405.63845472,0.0,0.0,74,0.0
10-205-01058,BIHAR,Sheohar,Purnahiya,0,0,,220,10,1058,,57294.126150412616,80859097.14068061,0.0,0.0,59,0.0
10-204-01057,BIHAR,Purbi Champaran,Mehsi,0,0,,213,10,1057,,125063.78039343117,149773808.08158112,0.0,0.0,108,0.0
10-205-01059,BIHAR,Sheohar,Piprarhi,0,0,,220,10,1059,,105870.45511307275,104265216.9562483,0.0,0.0,77,0.0
10-205-01060,BIHAR,Sheohar,Sheohar,0,0,,220,10,1060,,81007.5322908237,115638983.35873616,0.0,0.0,83,0.0
10-205-01061,BIHAR,Sheohar,Dumri Katsari,0,0,,220,10,1061,,65038.65439014734,84655470.24819931,0.0,0.0,59,0.0
10-205-01062,BIHAR,Sheohar,Tariani Chowk,0,0,,220,10,1062,,97491.22869259815,171878914.60720828,0.0,0.0,126,0.0
10-206-01063,BIHAR,Sitamarhi,Bairgania,0,0,,221,10,1063,,59598.621146511534,94417571.99630062,0.0,0.0,70,0.0
10-206-01065,BIHAR,Sitamarhi,Majorganj,0,0,,221,10,1065,,62808.55729710282,95411217.42446172,0.0,0.0,68,0.0
10-206-01066,BIHAR,Sitamarhi,Sonbarsa,0,0,,221,10,1066,,92820.94699371175,224104085.6083578,0.0,0.0,155,0.0
10-206-01067,BIHAR,Sitamarhi,Parihar,0,0,,221,10,1067,,86838.20299610356,272812569.4060281,0.0,0.0,197,0.0
10-207-01095,BIHAR,Madhubani,Rajnagar,0,0,,206,10,1095,,78809.12744912357,223111125.2667772,0.0,0.0,158,0.0
10-206-01068,BIHAR,Sitamarhi,Sursand,0,0,,221,10,1068,,91215.71647520129,181412871.1123928,0.0,0.0,134,0.0
10-206-01069,BIHAR,Sitamarhi,Bathnaha,0,0,,221,10,1069,,120764.04051803834,251403523.12922087,0.0,0.0,185,0.0
10-206-01070,BIHAR,Sitamarhi,Riga,0,0,,221,10,1070,,129433.73210860479,163724219.02092636,0.0,0.0,114,0.0
10-210-01123,BIHAR,Kishanganj,Thakurganj,0,0,,203,10,1123,,224971.2940646554,491161543.46963537,0.0,0.0,353,0.0
10-210-01124,BIHAR,Kishanganj,Pothia,0,0,,203,10,1124,,167388.9118766352,443844792.4531903,0.0,0.0,321,0.0
10-210-01125,BIHAR,Kishanganj,Bahadurganj,0,0,,203,10,1125,,155296.13881782343,347494200.8377232,0.0,0.0,251,0.0
10-210-01126,BIHAR,Kishanganj,Kochadhamin,0,0,,203,10,1126,,139640.52665725534,360840233.8364798,0.0,0.0,258,0.0
10-211-01128,BIHAR,Purnia,Banmankhi,0,0,,214,10,1128,,142815.61519736593,459936087.34673214,0.0,0.0,333,0.0
10-206-01075,BIHAR,Sitamarhi,Bajpatti,0,0,,221,10,1075,,90407.29439213518,174303329.1783474,0.0,0.0,125,0.0
10-206-01076,BIHAR,Sitamarhi,Charaut,0,0,,221,10,1076,,85128.15752493152,91349700.81924292,0.0,0.0,62,0.0
10-206-01077,BIHAR,Sitamarhi,Pupri,0,0,,221,10,1077,,73992.24203369493,115338203.66308306,0.0,0.0,82,0.0
10-206-01078,BIHAR,Sitamarhi,Nanpur,0,0,,221,10,1078,,73315.01223618646,135892566.9983101,0.0,0.0,100,0.0
10-220-01283,BIHAR,Vaishali,Mahnar,0,0,,224,10,1283,,81638.1139853176,126474580.44313861,0.0,0.0,89,0.0
10-206-01079,BIHAR,Sitamarhi,Bokhara,0,0,,221,10,1079,,81978.13188098712,108574895.39827529,0.0,0.0,79,0.0
10-207-01080,BIHAR,Madhubani,Madhwapur,0,0,,206,10,1080,,88808.76172423853,137557654.90878707,0.0,0.0,103,0.0
10-207-01081,BIHAR,Madhubani,Harlakhi,0,0,,206,10,1081,,90217.76640094945,187441757.00046396,0.0,0.0,138,0.0
10-207-01082,BIHAR,Madhubani,Basopatti,0,0,,206,10,1082,,97634.90682970545,164238774.4639331,0.0,0.0,122,0.0
10-207-01089,BIHAR,Madhubani,Khajauli,0,0,,206,10,1089,,91171.28062794723,150968724.81279027,0.0,0.0,108,0.0
10-207-01083,BIHAR,Madhubani,Jainagar,0,0,,206,10,1083,,81489.61423509955,161880108.8306139,0.0,0.0,115,0.0
10-207-01090,BIHAR,Madhubani,Kaluahi,0,0,,206,10,1090,,62305.281593423286,101560283.08963235,0.0,0.0,75,0.0
10-207-01084,BIHAR,Madhubani,Ladania,0,0,,206,10,1084,,97928.14946240213,232665607.5684243,0.0,0.0,164,0.0
10-207-01085,BIHAR,Madhubani,Laukaha,0,0,,206,10,1085,,102032.19667129294,266340932.00179368,0.0,0.0,197,0.0
10-207-01086,BIHAR,Madhubani,Laukahi,0,0,,206,10,1086,,109679.24973352649,329223432.564553,0.0,0.0,237,0.0
10-207-01087,BIHAR,Madhubani,Phulparas,0,0,,206,10,1087,,117974.41186319289,199352334.8677591,0.0,0.0,140,0.0
10-207-01088,BIHAR,Madhubani,Babubarhi,0,0,,206,10,1088,,118996.04641992833,237192379.86086744,0.0,0.0,174,0.0
10-207-01091,BIHAR,Madhubani,Benipatti,0,0,,206,10,1091,,128414.2409747215,328987645.9449377,0.0,0.0,231,0.0
10-207-01092,BIHAR,Madhubani,Bisfi,0,0,,206,10,1092,,99754.46134559005,226192948.413646,0.0,0.0,165,0.0
10-207-01093,BIHAR,Madhubani,Madhubani,0,0,,206,10,1093,,109764.71764889831,200359220.56727448,0.0,0.0,142,0.0
10-207-01094,BIHAR,Madhubani,Pandaul,0,0,,206,10,1094,,102372.75527307783,208327489.63825428,0.0,0.0,148,0.0
10-207-01096,BIHAR,Madhubani,Andhratharhi,0,0,,206,10,1096,,97300.5167595078,186769445.10608673,0.0,0.0,134,0.0
10-207-01097,BIHAR,Madhubani,Jhanjharpur,0,0,,206,10,1097,,125261.96837896874,181284371.95402232,0.0,0.0,132,0.0
10-207-01098,BIHAR,Madhubani,Ghoghardiha,0,0,,206,10,1098,,114215.40677637524,211228851.4219488,0.0,0.0,159,0.0
10-207-01099,BIHAR,Madhubani,Lakhnaur,0,0,,206,10,1099,,72956.74167609161,146945623.14022,0.0,0.0,110,0.0
10-207-01100,BIHAR,Madhubani,Madhepur,0,0,,206,10,1100,,144505.38034518834,300452948.5687113,0.0,0.0,212,0.0
10-208-01101,BIHAR,Supaul,Nirmali,0,0,,223,10,1101,,123310.21889922836,162734364.67066902,0.0,0.0,118,0.0
10-208-01102,BIHAR,Supaul,Basantpur,0,0,,223,10,1102,,136288.63693043106,319456339.75100917,0.0,0.0,228,0.0
10-208-01103,BIHAR,Supaul,Chhatapur,0,0,,223,10,1103,,142271.17176584958,398825687.2446475,0.0,0.0,285,0.0
10-208-01104,BIHAR,Supaul,Pratapganj,0,0,,223,10,1104,,71155.69013184242,133032565.19323792,0.0,0.0,97,0.0
10-208-01105,BIHAR,Supaul,Raghopur,0,0,,223,10,1105,,111831.20983491397,255841046.48838165,0.0,0.0,187,0.0
10-221-01285,BIHAR,Samastipur,Warisnagar,0,0,,217,10,1285,,90241.30323013186,163846086.5162723,0.0,0.0,120,0.0
10-208-01106,BIHAR,Supaul,Saraigarh Bhaptiyahi,0,0,,223,10,1106,,105489.5116383213,257042943.27229512,0.0,0.0,189,0.0
10-208-01107,BIHAR,Supaul,Kishanpur,0,0,,223,10,1107,,125516.73810076228,248613546.3002807,0.0,0.0,177,0.0
10-208-01108,BIHAR,Supaul,Marauna,0,0,,223,10,1108,,114969.59778192453,206419565.01179272,0.0,0.0,149,0.0
10-208-01109,BIHAR,Supaul,Supaul,0,0,,223,10,1109,,122628.008173687,390920691.5720901,0.0,0.0,287,0.0
10-208-01110,BIHAR,Supaul,Pipra,0,0,,223,10,1110,,113516.78657800167,247320462.25611627,0.0,0.0,181,0.0
10-221-01287,BIHAR,Samastipur,Khanpur,0,0,,217,10,1287,,89337.20668890505,173313349.37261373,0.0,0.0,127,0.0
10-208-01111,BIHAR,Supaul,Tribeniganj,0,0,,223,10,1111,,136684.8917573132,402291551.99740016,0.0,0.0,290,0.0
10-209-01112,BIHAR,Araria,Narpatganj,0,0,,188,10,1112,,196352.82868709194,482872068.7863751,0.0,0.0,351,0.0
10-209-01113,BIHAR,Araria,Forbesganj,0,0,,188,10,1113,,165874.55860340688,546946456.996027,0.0,0.0,392,0.0
10-209-01114,BIHAR,Araria,Bhargama,0,0,,188,10,1114,,140909.75235341018,280499778.1128878,0.0,0.0,206,0.0
10-209-01115,BIHAR,Araria,Raniganj,0,0,,188,10,1115,,160625.61646677545,576910744.770993,0.0,0.0,418,0.0
10-209-01116,BIHAR,Araria,Araria,0,0,,188,10,1116,,192057.15187743204,506918787.2643526,0.0,0.0,371,0.0
10-209-01117,BIHAR,Araria,Kursakatta,0,0,,188,10,1117,,96566.38525637137,201032230.408231,0.0,0.0,147,0.0
10-209-01118,BIHAR,Araria,Sikti,0,0,,188,10,1118,,116798.35346995249,237753016.2819182,0.0,0.0,177,0.0
10-209-01119,BIHAR,Araria,Palasi,0,0,,188,10,1119,,132578.70192307016,306240761.34804773,0.0,0.0,222,0.0
10-209-01120,BIHAR,Araria,Jokihat,0,0,,188,10,1120,,155370.9524619173,341005127.7602247,0.0,0.0,246,0.0
10-210-01121,BIHAR,Kishanganj,Terhagachh,0,0,,203,10,1121,,121953.02658094271,245208326.38245347,0.0,0.0,175,0.0
10-210-01122,BIHAR,Kishanganj,Dighalbank,0,0,,203,10,1122,,147432.83262190674,314385668.4331173,0.0,0.0,224,0.0
10-211-01129,BIHAR,Purnia,Barhara,0,0,,214,10,1129,,111073.17449432175,288009141.38478667,0.0,0.0,212,0.0
10-211-01130,BIHAR,Purnia,Bhawanipur,0,0,,214,10,1130,,116656.34435182877,201938838.4795833,0.0,0.0,147,0.0
10-211-01131,BIHAR,Purnia,Rupauli,0,0,,214,10,1131,,113946.660566684,308195114.8462847,0.0,0.0,227,0.0
10-211-01132,BIHAR,Purnia,Dhamdaha,0,0,,214,10,1132,,135370.01293426772,446856166.039676,0.0,0.0,326,0.0
10-211-01133,BIHAR,Purnia,Krityanand Nagar,0,0,,214,10,1133,,149407.41850079046,364443041.21247435,0.0,0.0,274,0.0
10-211-01134,BIHAR,Purnia,Purnia East,0,0,,214,10,1134,,127662.13358515713,309272824.56310594,0.0,0.0,228,0.0
10-211-01135,BIHAR,Purnia,Kasba,0,0,,214,10,1135,,130095.64608516233,215123054.3424731,0.0,0.0,154,0.0
10-211-01136,BIHAR,Purnia,Srinagar,0,0,,214,10,1136,,106220.57404900706,172405807.6412187,0.0,0.0,122,0.0
10-211-01137,BIHAR,Purnia,Jalalgarh,0,0,,214,10,1137,,87146.39992638786,142107808.6772385,0.0,0.0,102,0.0
10-211-01138,BIHAR,Purnia,Amour,0,0,,214,10,1138,,141371.93624621196,307011870.96961224,0.0,0.0,225,0.0
10-211-01139,BIHAR,Purnia,Baisa,0,0,,214,10,1139,,132173.35304950457,275191667.549805,0.0,0.0,197,0.0
10-211-01140,BIHAR,Purnia,Baisi,0,0,,214,10,1140,,118169.54825440844,253873549.02719215,0.0,0.0,187,0.0
10-211-01141,BIHAR,Purnia,Dagarua,0,0,,214,10,1141,,129309.28146976323,257465778.6329552,0.0,0.0,180,0.0
10-212-01142,BIHAR,Katihar,Falka,0,0,,201,10,1142,,100518.70580952488,208374539.8829749,0.0,0.0,150,0.0
10-212-01143,BIHAR,Katihar,Korha,0,0,,201,10,1143,,137118.64195203967,368801327.90483874,0.0,0.0,273,0.0
10-212-01144,BIHAR,Katihar,Hasanganj,0,0,,201,10,1144,,78227.29832785497,86155111.41022065,0.0,0.0,62,0.0
10-212-01145,BIHAR,Katihar,Kadwa,0,0,,201,10,1145,,157692.68144088247,420129854.10490626,0.0,0.0,307,0.0
10-212-01146,BIHAR,Katihar,Balrampur,0,0,,201,10,1146,,141815.18317465586,216253207.31133217,0.0,0.0,151,0.0
10-212-01147,BIHAR,Katihar,Barsoi,0,0,,201,10,1147,,172308.8160052511,357713388.6445612,0.0,0.0,261,0.0
10-212-01148,BIHAR,Katihar,Azamnagar,0,0,,201,10,1148,,141791.77759222616,349759708.1212404,0.0,0.0,253,0.0
10-221-01290,BIHAR,Samastipur,Tajpur,0,0,,217,10,1290,,57166.77792153786,83856612.1105223,0.0,0.0,61,0.0
10-212-01149,BIHAR,Katihar,Pranpur,0,0,,201,10,1149,,111803.70370561493,191475637.62126103,0.0,0.0,141,0.0
10-212-01150,BIHAR,Katihar,Dandkhora,0,0,,201,10,1150,,70987.07501110679,111201189.06340708,0.0,0.0,81,0.0
10-212-01151,BIHAR,Katihar,Katihar,0,0,,201,10,1151,,76845.81968857624,136830037.77828172,0.0,0.0,100,0.0
10-212-01152,BIHAR,Katihar,Mansahi,0,0,,201,10,1152,,73279.06289841712,97405011.1871763,0.0,0.0,73,0.0
10-212-01155,BIHAR,Katihar,Kursela,0,0,,201,10,1155,,80348.39413748268,153683091.52761996,0.0,0.0,117,0.0
10-212-01153,BIHAR,Katihar,Barari,0,0,,201,10,1153,,107333.93297446336,407446973.1478653,0.0,0.0,292,0.0
10-212-01154,BIHAR,Katihar,Sameli,0,0,,201,10,1154,,75105.36277909,118027198.2496544,0.0,0.0,81,0.0
10-212-01156,BIHAR,Katihar,Manihari,0,0,,201,10,1156,,130162.81635074862,303859830.4099729,0.0,0.0,221,0.0
10-212-01157,BIHAR,Katihar,Amdabad,0,0,,201,10,1157,,103742.71814675455,228302986.79665467,0.0,0.0,164,0.0
10-213-01158,BIHAR,Madhepura,Gamharia,0,0,,205,10,1158,,80141.00377515821,125479849.27382244,0.0,0.0,89,0.0
10-213-01160,BIHAR,Madhepura,Ghailarh,0,0,,205,10,1160,,78865.70647224285,116219722.2388165,0.0,0.0,83,0.0
10-213-01159,BIHAR,Madhepura,Singheshwar,0,0,,205,10,1159,,111627.30849980874,111167268.35246354,0.0,0.0,78,0.0
10-216-01210,BIHAR,Muzaffarpur,Bandra,0,0,,208,10,1210,,74293.85759884378,142020443.31484023,0.0,0.0,103,0.0
10-213-01161,BIHAR,Madhepura,Madhepura,0,0,,205,10,1161,,115084.47931226583,237801277.85767865,0.0,0.0,175,0.0
10-213-01162,BIHAR,Madhepura,Shankarpur,0,0,,205,10,1162,,63984.56408470212,128790837.874554,0.0,0.0,94,0.0
10-213-01163,BIHAR,Madhepura,Kumarkhand,0,0,,205,10,1163,,118191.24796123093,316976886.68211347,0.0,0.0,230,0.0
10-213-01164,BIHAR,Madhepura,Murliganj,0,0,,205,10,1164,,94211.11378994165,247086114.21145928,0.0,0.0,179,0.0
10-221-01293,BIHAR,Samastipur,Mohanpur,0,0,,217,10,1293,,74468.46489139357,163000016.77407515,0.0,0.0,120,0.0
10-213-01165,BIHAR,Madhepura,Gwalpara,0,0,,205,10,1165,,78037.2495556277,147267353.58482873,0.0,0.0,109,0.0
10-214-01172,BIHAR,Saharsa,Satar Kataiya,0,0,,216,10,1172,,77878.75925155886,177382280.64763528,0.0,0.0,130,0.0
10-213-01166,BIHAR,Madhepura,Bihariganj,0,0,,205,10,1166,,79669.40805645821,133818744.70956944,0.0,0.0,98,0.0
10-216-01211,BIHAR,Muzaffarpur,Dholi (Moraul),0,0,,208,10,1211,,63030.361633940505,73298422.6275262,0.0,0.0,50,0.0
10-213-01167,BIHAR,Madhepura,Kishanganj,0,0,,205,10,1167,,99817.47531025465,188055937.5971522,0.0,0.0,133,0.0
10-216-01212,BIHAR,Muzaffarpur,Musahri,0,0,,208,10,1212,,211487.75457487197,365415439.5943066,0.0,0.0,267,0.0
10-213-01168,BIHAR,Madhepura,Puraini,0,0,,205,10,1168,,63416.842365887525,103114850.3546553,0.0,0.0,76,0.0
10-214-01174,BIHAR,Saharsa,Kahara,0,0,,216,10,1174,,81070.16203244023,176788302.3737116,0.0,0.0,128,0.0
10-213-01169,BIHAR,Madhepura,Alamnagar,0,0,,205,10,1169,,94357.42058114092,211989804.11375904,0.0,0.0,151,0.0
10-213-01170,BIHAR,Madhepura,Chausa,0,0,,205,10,1170,,87285.75133964,172516848.53860697,0.0,0.0,124,0.0
10-214-01171,BIHAR,Saharsa,Nauhatta,0,0,,216,10,1171,,93228.84620468391,212763144.21707585,0.0,0.0,151,0.0
10-217-01227,BIHAR,Gopalganj,Sidhwalia,0,0,,197,10,1227,,69457.48217743407,152022198.31601515,0.0,0.0,109,0.0
10-214-01173,BIHAR,Saharsa,Mahishi,0,0,,216,10,1173,,106372.46434789852,273075178.2794974,0.0,0.0,195,0.0
10-214-01175,BIHAR,Saharsa,Saur Bazar,0,0,,216,10,1175,,88121.22998090234,233228921.9025612,0.0,0.0,171,0.0
10-214-01176,BIHAR,Saharsa,Patarghat,0,0,,216,10,1176,,67497.21582029684,149681422.04156074,0.0,0.0,105,0.0
10-214-01177,BIHAR,Saharsa,Sonbarsa,0,0,,216,10,1177,,90185.02153799882,263952116.041209,0.0,0.0,193,0.0
10-216-01199,BIHAR,Muzaffarpur,Sahebganj,0,0,,208,10,1199,,80060.99972290538,253055918.70266867,0.0,0.0,189,0.0
10-214-01178,BIHAR,Saharsa,Simri Bakhtiarpur,0,0,,216,10,1178,,119116.35548129058,266466354.66217396,0.0,0.0,194,0.0
10-214-01179,BIHAR,Saharsa,Salkhua,0,0,,216,10,1179,,82412.26684571667,221182533.93573853,0.0,0.0,163,0.0
10-214-01180,BIHAR,Saharsa,Banma Itahri,0,0,,216,10,1180,,54286.501575749484,92822449.4552088,0.0,0.0,68,0.0
10-215-01181,BIHAR,Darbhanga,Jale,0,0,,195,10,1181,,112473.57051363293,234172285.01568127,0.0,0.0,171,0.0
10-215-01182,BIHAR,Darbhanga,Singhwara,0,0,,195,10,1182,,121368.62688362494,223279889.67870736,0.0,0.0,162,0.0
10-215-01183,BIHAR,Darbhanga,Keotiranway,0,0,,195,10,1183,,89515.08566239705,180205403.4644349,0.0,0.0,131,0.0
10-215-01184,BIHAR,Darbhanga,Darbhanga,0,0,,195,10,1184,,131883.04966973627,240721362.1475316,0.0,0.0,174,0.0
10-215-01185,BIHAR,Darbhanga,Manigachhi,0,0,,195,10,1185,,96856.01003306538,158887287.31255177,0.0,0.0,114,0.0
10-215-01186,BIHAR,Darbhanga,Tardih,0,0,,195,10,1186,,96398.42232606321,109520018.96976715,0.0,0.0,79,0.0
10-215-01187,BIHAR,Darbhanga,Alinagar,0,0,,195,10,1187,,105560.56246873255,146523357.5416611,0.0,0.0,105,0.0
10-215-01188,BIHAR,Darbhanga,Benipur,0,0,,195,10,1188,,118482.30854716274,204643530.87647069,0.0,0.0,150,0.0
10-215-01189,BIHAR,Darbhanga,Bahadurpur,0,0,,195,10,1189,,155637.00049509996,221161760.4253616,0.0,0.0,158,0.0
10-215-01190,BIHAR,Darbhanga,Hanumannagar,0,0,,195,10,1190,,114393.83215098479,181536916.32106537,0.0,0.0,130,0.0
10-215-01191,BIHAR,Darbhanga,Hayaghat,0,0,,195,10,1191,,66118.49929402806,108810529.75916524,0.0,0.0,77,0.0
10-215-01192,BIHAR,Darbhanga,Baheri,0,0,,195,10,1192,,128629.1579498372,271307286.95794886,0.0,0.0,195,0.0
10-215-01193,BIHAR,Darbhanga,Biraul,0,0,,195,10,1193,,135706.32971678255,230203939.26841983,0.0,0.0,167,0.0
10-215-01194,BIHAR,Darbhanga,Ghanshyampur,0,0,,195,10,1194,,76766.91373126305,103945643.9979024,0.0,0.0,78,0.0
10-215-01195,BIHAR,Darbhanga,Kiratpur,0,0,,195,10,1195,,78793.19278562842,78915927.53877336,0.0,0.0,60,0.0
10-215-01196,BIHAR,Darbhanga,Gora Bauram,0,0,,195,10,1196,,99804.03366816713,145653476.81698695,0.0,0.0,104,0.0
10-215-01197,BIHAR,Darbhanga,Kusheshwar Asthan,0,0,,195,10,1197,,87220.16498537568,144130520.9401011,0.0,0.0,107,0.0
10-215-01198,BIHAR,Darbhanga,Kusheshwar Asthan Purbi,0,0,,195,10,1198,,91858.86035222423,150084285.43545517,0.0,0.0,112,0.0
10-216-01200,BIHAR,Muzaffarpur,Baruraj (Motipur),0,0,,208,10,1200,,125110.13599018812,365259305.4740948,0.0,0.0,263,0.0
10-216-01201,BIHAR,Muzaffarpur,Paroo,0,0,,208,10,1201,,136934.87791145188,413033977.3448192,0.0,0.0,295,0.0
10-216-01202,BIHAR,Muzaffarpur,Saraiya,0,0,,208,10,1202,,155820.80051537574,301402655.1404849,0.0,0.0,218,0.0
10-216-01203,BIHAR,Muzaffarpur,Marwan,0,0,,208,10,1203,,84959.92762229654,138736310.53842777,0.0,0.0,101,0.0
10-216-01204,BIHAR,Muzaffarpur,Kanti,0,0,,208,10,1204,,97122.90469976026,124757584.36625764,0.0,0.0,91,0.0
10-216-01205,BIHAR,Muzaffarpur,Minapur,0,0,,208,10,1205,,166218.11946715685,316124209.98756105,0.0,0.0,228,0.0
10-216-01206,BIHAR,Muzaffarpur,Bochaha,0,0,,208,10,1206,,126044.68100944142,233148755.94160384,0.0,0.0,167,0.0
10-216-01207,BIHAR,Muzaffarpur,Aurai,0,0,,208,10,1207,,101267.16719990574,247748190.77792475,0.0,0.0,177,0.0
10-216-01208,BIHAR,Muzaffarpur,Katra,0,0,,208,10,1208,,118891.9342746819,235108975.17115793,0.0,0.0,171,0.0
10-216-01209,BIHAR,Muzaffarpur,Gaighat,0,0,,208,10,1209,,111008.49869520529,259762671.68662548,0.0,0.0,191,0.0
10-216-01213,BIHAR,Muzaffarpur,Kurhani,0,0,,208,10,1213,,108106.10574110712,256354911.2077163,0.0,0.0,187,0.0
10-216-01214,BIHAR,Muzaffarpur,Sakra,0,0,,208,10,1214,,105121.4777371614,236360031.18726787,0.0,0.0,175,0.0
10-217-01215,BIHAR,Gopalganj,Katiya,0,0,,197,10,1215,,94755.55253264701,158441587.458013,6.529367752075195e-06,5.130217519487653e-06,112,0.0005745843621826172
10-217-01216,BIHAR,Gopalganj,Bijaipur,0,0,,197,10,1216,,81309.59717969262,163112176.36717936,6.529367752075195e-06,6.529367752075194e-06,120,0.0007835241302490233
10-217-01217,BIHAR,Gopalganj,Bhorey,0,0,,197,10,1217,,78790.65552761848,196013266.46535653,6.529367752075195e-06,3.4007123708724974e-06,144,0.0004897025814056396
10-217-01218,BIHAR,Gopalganj,Pach Deuri,0,0,,197,10,1218,,53698.212932643866,118295317.11973979,0.0,0.0,85,0.0
10-217-01219,BIHAR,Gopalganj,Kuchaikote,0,0,,197,10,1219,,101077.28158428885,316078491.04748106,0.0,0.0,226,0.0
10-217-01220,BIHAR,Gopalganj,Phulwaria,0,0,,197,10,1220,,81339.22200232239,118763292.85091434,0.0,0.0,89,0.0
10-217-01221,BIHAR,Gopalganj,Hathua,0,0,,197,10,1221,,91546.96202775641,183613061.83342972,2.6902788085937503e-05,1.7793970072588586e-05,127,0.0022598341992187505
10-217-01222,BIHAR,Gopalganj,Uchkagaon,0,0,,197,10,1222,,80102.93001981139,142235093.67043933,2.6902788085937503e-05,1.776599213222288e-06,106,0.00018831951660156252
10-217-01223,BIHAR,Gopalganj,Thawe,0,0,,197,10,1223,,57244.55575246375,89300191.60424533,2.6902788085937503e-05,4.203560638427735e-07,64,2.6902788085937503e-05
10-217-01224,BIHAR,Gopalganj,Gopalganj,0,0,,197,10,1224,,110313.13172782106,244420793.60160467,0.0,0.0,182,0.0
10-218-01232,BIHAR,Siwan,Goriakothi,0,0,,222,10,1232,,73201.39147651673,174963939.23516312,0.0,0.0,127,0.0
10-217-01225,BIHAR,Gopalganj,Manjha,0,0,,197,10,1225,,80242.78538873792,179389027.9828925,0.0,0.0,131,0.0
10-217-01226,BIHAR,Gopalganj,Barauli,0,0,,197,10,1226,,105754.79057670098,232227972.12586737,0.0,0.0,170,0.0
10-217-01228,BIHAR,Gopalganj,Baikunthpur,0,0,,197,10,1228,,97825.58906166903,256614409.24172768,0.0,0.0,185,0.0
10-218-01229,BIHAR,Siwan,Nautan,0,0,,222,10,1229,,58324.35348563096,81827813.66620097,2.6902788085937503e-05,2.6902788085937503e-05,58,0.0015603617089843752
10-218-01230,BIHAR,Siwan,Siwan,0,0,,222,10,1230,,92599.06904644772,168879532.28230655,2.6902788085937503e-05,2.462289079051907e-05,118,0.0029055011132812503
10-218-01235,BIHAR,Siwan,Bhagwanpur Hat,0,0,,222,10,1235,,86430.4184146014,189582799.91524476,9.466737823486329e-06,1.5091900878021684e-06,138,0.00020826823211669924
10-218-01231,BIHAR,Siwan,Barharia,0,0,,222,10,1231,,90315.6629531122,219606934.01516393,2.6902788085937503e-05,5.044272766113282e-07,160,8.070836425781251e-05
10-218-01233,BIHAR,Siwan,Lakri Nabiganj,0,0,,222,10,1233,,79648.98713303795,120773104.6039552,0.0,0.0,88,0.0
10-218-01234,BIHAR,Siwan,Basantpur,0,0,,222,10,1234,,57871.378293950496,76675463.02480637,0.0,0.0,56,0.0
10-218-01236,BIHAR,Siwan,Maharajganj,0,0,,222,10,1236,,119387.58843212528,142817377.5161484,9.466737823486329e-06,3.5844929622909404e-06,103,0.00036920277511596686
10-218-01237,BIHAR,Siwan,Pachrukhi,0,0,,222,10,1237,,99183.2392802834,160709761.40986398,2.6902788085937503e-05,1.1496917985443378e-06,117,0.00013451394042968752
10-218-01238,BIHAR,Siwan,Hussainganj,0,0,,222,10,1238,,68784.84800107122,105975934.30464326,3.43297407913208e-05,2.4395835466127144e-05,74,0.0018052918244934085
10-218-01239,BIHAR,Siwan,Ziradei,0,0,,222,10,1239,,98825.50869312549,152221780.48504183,3.43297407913208e-05,2.6969697569769786e-05,111,0.002993636430244446
10-218-01240,BIHAR,Siwan,Mairwa,0,0,,222,10,1240,,65279.2242200428,88898123.37504825,2.6902788085937503e-05,2.604538878007369e-05,66,0.0017189956594848635
10-218-01242,BIHAR,Siwan,Darauli,0,0,,222,10,1242,,90305.00161970501,214758375.6239279,3.43297407913208e-05,2.450675337440737e-05,155,0.003798546773033142
10-218-01241,BIHAR,Siwan,Guthani,0,0,,222,10,1241,,78778.78773845347,115110806.99004474,2.6902788085937503e-05,9.420207117592416e-06,82,0.0007724569836425781
10-219-01248,BIHAR,Saran,Mashrakh,0,0,,218,10,1248,,82075.7710341599,165898243.02109933,0.0,0.0,121,0.0
10-218-01243,BIHAR,Siwan,Andar,0,0,,222,10,1243,,83358.60866933218,125625010.62434034,3.43297407913208e-05,3.34760680665641e-05,87,0.0029124179217910767
10-219-01249,BIHAR,Saran,Panapur,0,0,,218,10,1249,,75875.09329534958,182360909.7404776,0.0,0.0,128,0.0
10-218-01244,BIHAR,Siwan,Raghunathpur,0,0,,222,10,1244,,87824.68008836384,193566358.3438411,3.43297407913208e-05,3.4329740791320806e-05,143,0.004909152933158875
10-219-01250,BIHAR,Saran,Taraiya,0,0,,218,10,1250,,53629.0613522338,97307015.09151264,0.0,0.0,74,0.0
10-218-01245,BIHAR,Siwan,Hasanpura,0,0,,222,10,1245,,82786.09108287447,121956119.03175904,3.43297407913208e-05,1.9823032469036933e-05,87,0.0017246038248062132
10-219-01251,BIHAR,Saran,Ishupur,0,0,,218,10,1251,,62425.60798229613,109300191.56908256,0.0,0.0,76,0.0
10-218-01246,BIHAR,Siwan,Daraundha,0,0,,222,10,1246,,105400.53795370483,157911066.26165873,9.466737823486329e-06,8.231945933466373e-06,115,0.0009466737823486329
10-219-01256,BIHAR,Saran,Jalalpur,0,0,,218,10,1256,,65042.73641147566,147549697.72689733,9.466737823486329e-06,2.278932328134213e-06,106,0.00024156682678222658
10-218-01247,BIHAR,Siwan,Siswan,0,0,,222,10,1247,,98184.39847010886,155554872.77293277,3.43297407913208e-05,1.6858441408518197e-05,111,0.0018712869963455198
10-219-01259,BIHAR,Saran,Nagra,0,0,,218,10,1259,,43289.948409307304,65110006.46242106,5.48651496887207e-06,2.3346872207966257e-06,47,0.0001097302993774414
10-219-01252,BIHAR,Saran,Baniapur,0,0,,218,10,1252,,89199.8841803021,219417775.87250236,9.466737823486329e-06,2.323125846254314e-07,163,3.7866951293945316e-05
10-219-01253,BIHAR,Saran,Lahladpur,0,0,,218,10,1253,,49287.19248841685,70233795.44130237,9.466737823486329e-06,5.112038424682618e-06,50,0.0002556019212341309
10-219-01254,BIHAR,Saran,Ekma,0,0,,218,10,1254,,99716.17236158185,176114988.01319405,9.466737823486329e-06,9.466737823486329e-06,128,0.0012117424414062501
10-219-01255,BIHAR,Saran,Manjhi,0,0,,218,10,1255,,127085.43562979231,244607530.98349065,9.466737823486329e-06,9.234706952412924e-06,180,0.0016622472514343264
10-219-01257,BIHAR,Saran,Revelganj,0,0,,218,10,1257,,84877.1419542779,179359801.45379385,8.659267349243165e-06,5.740335159301758e-06,125,0.0007175418949127198
10-219-01258,BIHAR,Saran,Chapra,0,0,,218,10,1258,,119729.94798472138,239470568.44351175,5.48651496887207e-06,5.143607783317566e-06,176,0.0009052749698638916
10-219-01260,BIHAR,Saran,Marhaura,0,0,,218,10,1260,,87240.95030017926,190752130.05196184,5.48651496887207e-06,1.6019021806925752e-07,137,2.194605987548828e-05
10-219-01261,BIHAR,Saran,Amnour,0,0,,218,10,1261,,94922.90618840617,160109081.4065653,5.48651496887207e-06,9.299177913342492e-08,118,1.097302993774414e-05
10-219-01263,BIHAR,Saran,Parsa,0,0,,218,10,1263,,85595.91054800974,122749042.93573296,0.0,0.0,88,0.0
10-219-01266,BIHAR,Saran,Dighwara,0,0,,218,10,1266,,81943.45164265168,101347015.6655549,0.0,0.0,72,0.0
10-219-01264,BIHAR,Saran,Dariapur,0,0,,218,10,1264,,115477.27251924115,281302380.67878103,0.0,0.0,202,0.0
10-219-01265,BIHAR,Saran,Garkha,0,0,,218,10,1265,,90147.74693968748,213336409.9887166,5.48651496887207e-06,2.8145109255902177e-06,154,0.0004334346825408935
10-220-01269,BIHAR,Vaishali,Paterhi Belsar,0,0,,224,10,1269,,56227.36197278124,93522597.26160131,0.0,0.0,69,0.0
10-219-01267,BIHAR,Saran,Sonepur,0,0,,218,10,1267,,70412.64000247594,214865144.18564072,0.0,0.0,162,0.0
10-220-01268,BIHAR,Vaishali,Vaishali,0,0,,224,10,1268,,72706.90824879723,158663399.21103516,0.0,0.0,114,0.0
10-220-01270,BIHAR,Vaishali,Lalganj,0,0,,224,10,1270,,89595.71916906572,184177988.41986412,0.0,0.0,133,0.0
10-221-01294,BIHAR,Samastipur,Mohiuddinagar,0,0,,217,10,1294,,80607.53716768604,178536106.2701614,0.0,0.0,130,0.0
10-220-01271,BIHAR,Vaishali,Bhagwanpur,0,0,,224,10,1271,,98965.72708266653,142473218.81446454,0.0,0.0,102,0.0
10-220-01272,BIHAR,Vaishali,Goraul,0,0,,224,10,1272,,101989.77906286377,122446101.92943335,0.0,0.0,87,0.0
10-220-01273,BIHAR,Vaishali,Chehra Kalan,0,0,,224,10,1273,,63204.34388206024,89818122.94593617,0.0,0.0,66,0.0
10-220-01277,BIHAR,Vaishali,Raja Pakar,0,0,,224,10,1277,,58946.08844196175,93673217.82917874,0.0,0.0,72,0.0
10-220-01274,BIHAR,Vaishali,Patepur,0,0,,224,10,1274,,118180.33822078991,317029999.71255994,0.0,0.0,234,0.0
10-220-01275,BIHAR,Vaishali,Mahua,0,0,,224,10,1275,,86273.82517515696,171155586.12447235,0.0,0.0,125,0.0
10-220-01276,BIHAR,Vaishali,Jandaha,0,0,,224,10,1276,,99044.76663725945,179891527.10359335,0.0,0.0,128,0.0
10-220-01278,BIHAR,Vaishali,Hajipur,0,0,,224,10,1278,,80048.24731377292,194916759.16986817,0.0,0.0,140,0.0
10-220-01280,BIHAR,Vaishali,Bidupur,0,0,,224,10,1280,,88122.3198685409,139375575.9420912,0.0,0.0,99,0.0
10-220-01279,BIHAR,Vaishali,Raghopur,0,0,,224,10,1279,,128641.49950069311,338499790.0832371,0.0,0.0,246,0.0
10-220-01281,BIHAR,Vaishali,Desri,0,0,,224,10,1281,,50183.809114488824,56627949.53624974,0.0,0.0,43,0.0
10-221-01284,BIHAR,Samastipur,Kalyanpur,0,0,,217,10,1284,,147387.26660455638,294821482.9966942,0.0,0.0,214,0.0
10-221-01286,BIHAR,Samastipur,Shivaji Nagar,0,0,,217,10,1286,,96209.25031894707,172333979.18990555,0.0,0.0,130,0.0
10-221-01288,BIHAR,Samastipur,Samastipur,0,0,,217,10,1288,,112474.97484539819,170577777.20953664,0.0,0.0,123,0.0
10-221-01289,BIHAR,Samastipur,Pusa,0,0,,217,10,1289,,64081.7615729533,95008289.7510354,0.0,0.0,65,0.0
10-221-01291,BIHAR,Samastipur,Morwa,0,0,,217,10,1291,,104551.97847793197,152111293.7773472,0.0,0.0,106,0.0
10-221-01292,BIHAR,Samastipur,Patori,0,0,,217,10,1292,,69422.25062895294,130638318.44440164,0.0,0.0,93,0.0
10-221-01295,BIHAR,Samastipur,Sarairanjan,0,0,,217,10,1295,,96463.23467310029,185572344.2706523,0.0,0.0,145,0.0
10-221-01296,BIHAR,Samastipur,Vidyapati Nagar,0,0,,217,10,1296,,62930.2690484309,106322816.42401849,0.0,0.0,75,0.0
10-221-01297,BIHAR,Samastipur,Dalsinghsarai,0,0,,217,10,1297,,80515.23552986495,118201268.21451648,0.0,0.0,89,0.0
10-221-01298,BIHAR,Samastipur,Ujiarpur,0,0,,217,10,1298,,81756.09445970641,209497824.1015558,0.0,0.0,149,0.0
10-221-01300,BIHAR,Samastipur,Rosera,0,0,,217,10,1300,,84599.34785899956,138535375.895554,0.0,0.0,97,0.0
10-221-01299,BIHAR,Samastipur,Bibhutpur,0,0,,217,10,1299,,96600.53522783429,258332531.194082,0.0,0.0,187,0.0
10-221-01301,BIHAR,Samastipur,Singhia,0,0,,217,10,1301,,76055.88015393679,178639507.67998633,0.0,0.0,128,0.0
10-222-01307,BIHAR,Begusarai,Cheria Bariarpur,0,0,,191,10,1307,,80422.0696045629,127840547.1243011,0.0,0.0,89,0.0
10-221-01302,BIHAR,Samastipur,Hasanpur,0,0,,217,10,1302,,122795.93417076243,188091095.39019313,0.0,0.0,138,0.0
10-221-01303,BIHAR,Samastipur,Bithan,0,0,,217,10,1303,,72838.55780104545,149849875.79630712,0.0,0.0,109,0.0
10-222-01304,BIHAR,Begusarai,Khudabandpur,0,0,,191,10,1304,,49522.71992212785,59617610.47663844,0.0,0.0,39,0.0
10-222-01305,BIHAR,Begusarai,Chhorahi,0,0,,191,10,1305,,96201.09768359947,128309829.49376953,0.0,0.0,94,0.0
10-222-01306,BIHAR,Begusarai,Garhpura,0,0,,191,10,1306,,69581.28073662621,88651595.91159394,0.0,0.0,68,0.0
10-222-01308,BIHAR,Begusarai,Bhagwanpur,0,0,,191,10,1308,,102620.52088176137,147276258.21886113,0.0,0.0,106,0.0
10-223-01324,BIHAR,Khagaria,Mansi,0,0,,202,10,1324,,70720.37786012898,86151878.56106131,0.0,0.0,69,0.0
10-222-01309,BIHAR,Begusarai,Mansurchak,0,0,,191,10,1309,,55538.61039021854,42158333.283958256,0.0,0.0,31,0.0
10-224-01333,BIHAR,Bhagalpur,Rangra Chowk,0,0,,192,10,1333,,56200.86409227388,97946271.45940188,0.0,0.0,71,0.0
10-222-01310,BIHAR,Begusarai,Bachhwara,0,0,,191,10,1310,,112893.55520851951,186501763.14040864,0.0,0.0,138,0.0
10-222-01311,BIHAR,Begusarai,Teghra,0,0,,191,10,1311,,93442.93751421869,180050069.66821858,0.0,0.0,129,0.0
10-222-01312,BIHAR,Begusarai,Barauni,0,0,,191,10,1312,,90573.71511882372,141812926.41245717,0.0,0.0,102,0.0
10-222-01313,BIHAR,Begusarai,Birpur,0,0,,191,10,1313,,69057.86510087451,64693086.30641256,0.0,0.0,53,0.0
10-222-01314,BIHAR,Begusarai,Begusarai,0,0,,191,10,1314,,114572.02827886646,273941103.5239774,0.0,0.0,200,0.0
10-222-01315,BIHAR,Begusarai,Naokothi,0,0,,191,10,1315,,61794.845266753924,91575422.87048158,0.0,0.0,64,0.0
10-222-01316,BIHAR,Begusarai,Bakhri,0,0,,191,10,1316,,74902.13049058078,94921186.04856166,0.0,0.0,66,0.0
10-222-01317,BIHAR,Begusarai,Dandari,0,0,,191,10,1317,,77075.31892237118,85364223.36403492,0.0,0.0,65,0.0
10-222-01318,BIHAR,Begusarai,Sahebpur Kamal,0,0,,191,10,1318,,97820.3506924087,179327758.1582562,0.0,0.0,131,0.0
10-222-01319,BIHAR,Begusarai,Balia,0,0,,191,10,1319,,95726.56851828664,181873531.04775092,0.0,0.0,133,0.0
10-222-01320,BIHAR,Begusarai,Matihani,0,0,,191,10,1320,,104199.58891726227,214311339.790948,0.0,0.0,157,0.0
10-222-01321,BIHAR,Begusarai,Shamho Akha Kurha,0,0,,191,10,1321,,47884.70174269599,82130306.58899558,0.0,0.0,58,0.0
10-223-01322,BIHAR,Khagaria,Alauli,0,0,,202,10,1322,,117176.16085281859,337532903.06560946,0.0,0.0,244,0.0
10-223-01323,BIHAR,Khagaria,Khagaria,0,0,,202,10,1323,,164255.4907534744,325761754.1557925,0.0,0.0,229,0.0
10-223-01325,BIHAR,Khagaria,Chautham,0,0,,202,10,1325,,88833.5659059585,205164632.7891582,0.0,0.0,148,0.0
10-228-01376,BIHAR,Sheikhpura,Chewara,0,0,,219,10,1376,,77279.14911837938,141385828.1075451,4.748986267089844e-05,4.5705655833123964e-05,103,0.004707682550811768
10-223-01326,BIHAR,Khagaria,Beldaur,0,0,,202,10,1326,,101449.44415348554,276820454.1841197,0.0,0.0,203,0.0
10-223-01327,BIHAR,Khagaria,Gogri,0,0,,202,10,1327,,109725.85953588395,321971045.3784509,0.0,0.0,231,0.0
10-223-01328,BIHAR,Khagaria,Parbatta,0,0,,202,10,1328,,89952.53209418767,286770838.53234714,0.0,0.0,215,0.0
10-224-01329,BIHAR,Bhagalpur,Narayanpur,0,0,,192,10,1329,,96964.50839109154,173637043.38008544,0.0,0.0,125,0.0
10-224-01330,BIHAR,Bhagalpur,Bihpur,0,0,,192,10,1330,,98960.16392998041,189427956.2070791,0.0,0.0,141,0.0
10-234-01472,BIHAR,Rohtas,Akorhi Gola,0,0,,215,10,1472,,71741.57946050014,124356844.03544964,2.2604616699218753e-05,2.2604616699218756e-05,94,0.002124833969726563
10-224-01331,BIHAR,Bhagalpur,Kharik,0,0,,192,10,1331,,103106.05203500649,169292223.68779984,0.0,0.0,125,0.0
10-224-01332,BIHAR,Bhagalpur,Naugachhia,0,0,,192,10,1332,,91833.23423872421,134223697.96961665,0.0,0.0,95,0.0
10-224-01335,BIHAR,Bhagalpur,Pirpainti,0,0,,192,10,1335,,138631.2255747686,411429376.6216011,0.0,0.0,294,0.0
10-224-01336,BIHAR,Bhagalpur,Kahalgaon,0,0,,192,10,1336,,128722.99744742387,352186242.20537144,0.0,0.0,255,0.0
10-224-01337,BIHAR,Bhagalpur,Ismailpur,0,0,,192,10,1337,,66332.03197363381,102752037.41138108,0.0,0.0,75,0.0
10-224-01338,BIHAR,Bhagalpur,Sabour,0,0,,192,10,1338,,85492.0541239663,141198925.34276122,0.0,0.0,102,0.0
10-226-01359,BIHAR,Munger,Dharhara,0,0,,207,10,1359,,105188.90103685112,355220468.750446,0.0,0.0,262,0.0
10-224-01339,BIHAR,Bhagalpur,Nathnagar,0,0,,192,10,1339,,105259.93673308079,163498377.60317266,0.0,0.0,117,0.0
10-226-01360,BIHAR,Munger,Kharagpur,0,0,,207,10,1360,,169586.30903503796,398589433.5102216,0.0,0.0,291,0.0
10-224-01340,BIHAR,Bhagalpur,Sultanganj,0,0,,192,10,1340,,139861.1879796442,266407467.3450057,0.0,0.0,198,0.0
10-224-01341,BIHAR,Bhagalpur,Shahkund,0,0,,192,10,1341,,93276.90256650816,208798734.37786233,0.0,0.0,153,0.0
10-224-01342,BIHAR,Bhagalpur,Goradih,0,0,,192,10,1342,,106918.08891287447,178026414.43832883,0.0,0.0,128,0.0
10-224-01343,BIHAR,Bhagalpur,Jagdishpur,0,0,,192,10,1343,,107045.71303668506,127447147.46016994,0.0,0.0,95,0.0
10-224-01344,BIHAR,Bhagalpur,Sonhaula,0,0,,192,10,1344,,84463.86530366821,214425428.57327408,0.0,0.0,160,0.0
10-225-01345,BIHAR,Banka,Shambhuganj,0,0,,190,10,1345,,85765.27415008907,217970788.89652416,0.0,0.0,157,0.0
10-225-01346,BIHAR,Banka,Amarpur,0,0,,190,10,1346,,98000.87839154692,234663534.19316816,0.0,0.0,176,0.0
10-225-01347,BIHAR,Banka,Rajaun,0,0,,190,10,1347,,86718.04358754268,242814641.5593075,0.0,0.0,179,0.0
10-226-01363,BIHAR,Munger,Tetiha Bambor,0,0,,207,10,1363,,73286.15332623897,95190725.80042528,0.0,0.0,70,0.0
10-225-01348,BIHAR,Banka,Dhuraiya,0,0,,190,10,1348,,106681.6377356153,285703540.38620996,0.0,0.0,208,0.0
10-225-01349,BIHAR,Banka,Barahat,0,0,,190,10,1349,,122910.23058217819,181202001.14064544,0.0,0.0,129,0.0
10-225-01350,BIHAR,Banka,Banka,0,0,,190,10,1350,,137083.07375503817,365153241.48788345,0.0,0.0,275,0.0
10-225-01351,BIHAR,Banka,Phulidumar,0,0,,190,10,1351,,117105.67306472127,248400685.45023423,0.0,0.0,176,0.0
10-225-01352,BIHAR,Banka,Belhar,0,0,,190,10,1352,,118426.40149548957,290570448.277483,5.4262021789550785e-05,5.578338688645408e-06,214,0.0011937644793701173
10-225-01353,BIHAR,Banka,Chanan,0,0,,190,10,1353,,169565.08902723462,550876204.0147796,5.887436882019044e-05,2.8216251707431996e-05,403,0.011371149438095094
10-225-01354,BIHAR,Banka,Katoria,0,0,,190,10,1354,,180268.89530762268,687665367.2781417,4.895790542602539e-05,4.193605444858749e-06,502,0.002105189933319092
10-225-01355,BIHAR,Banka,Bausi,0,0,,190,10,1355,,109314.78149810205,385846183.7170387,0.0,0.0,284,0.0
10-226-01356,BIHAR,Munger,Munger,0,0,,207,10,1356,,162390.1628928388,306519605.49277806,0.0,0.0,227,0.0
10-226-01357,BIHAR,Munger,Bariarpur,0,0,,207,10,1357,,122433.4478606843,198040113.63802013,0.0,0.0,143,0.0
10-226-01358,BIHAR,Munger,Jamalpur,0,0,,207,10,1358,,72817.19566814511,112971204.64248075,0.0,0.0,79,0.0
10-226-01361,BIHAR,Munger,Asarganj,0,0,,207,10,1361,,61173.52838786665,72491453.98190036,0.0,0.0,52,0.0
10-226-01362,BIHAR,Munger,Tarapur,0,0,,207,10,1362,,54416.57713098438,86962445.68425661,0.0,0.0,62,0.0
10-226-01364,BIHAR,Munger,Sangrampur,0,0,,207,10,1364,,71205.18318302365,105786037.21986651,0.0,0.0,80,0.0
10-227-01366,BIHAR,Lakhisarai,Pipariya,0,0,,204,10,1366,,87968.2901826016,106258171.87143916,0.0,0.0,76,0.0
10-227-01365,BIHAR,Lakhisarai,Barahiya,0,0,,204,10,1365,,95965.48426593257,248505135.43154767,0.0,0.0,179,0.0
10-227-01367,BIHAR,Lakhisarai,Surajgarha,0,0,,204,10,1367,,140312.1609931406,462726462.37366486,3.090333404541016e-05,4.090147153068991e-06,340,0.001390650032043457
10-227-01368,BIHAR,Lakhisarai,Lakhisarai,0,0,,204,10,1368,,117670.76745524361,181316338.94823277,4.748986267089844e-05,4.624800688091077e-06,133,0.0006150984915161133
10-227-01369,BIHAR,Lakhisarai,Chanan*,0,0,,204,10,1369,,86014.87070350182,177670731.10250506,3.090333404541016e-05,2.5108958911895754e-05,128,0.0032139467407226565
10-228-01375,BIHAR,Sheikhpura,Ghat Kusumbha,0,0,,219,10,1375,,80592.24583619394,99088070.68237934,0.0,0.0,70,0.0
10-227-01370,BIHAR,Lakhisarai,Ramgarh Chowk,0,0,,204,10,1370,,98990.57354622113,128567389.13844268,4.748986267089844e-05,4.201240678178504e-05,94,0.003949166237487794
10-227-01371,BIHAR,Lakhisarai,Halsi,0,0,,204,10,1371,,82594.8188222393,191441208.6304817,4.748986267089844e-05,4.677389740648887e-05,139,0.006501571739501953
10-228-01372,BIHAR,Sheikhpura,Barbigha,0,0,,219,10,1372,,83879.7675047183,115941853.486741,0.0,0.0,81,0.0
10-228-01373,BIHAR,Sheikhpura,Shekhopur Sarai,0,0,,219,10,1373,,59774.96229914819,65955650.61796794,1.6860978622436523e-05,6.2228283420138884e-06,45,0.000280027275390625
10-228-01374,BIHAR,Sheikhpura,Sheikhpura,0,0,,219,10,1374,,119718.3677454689,225551054.81458032,4.748986267089844e-05,7.309529625836541e-06,170,0.001242620036392212
10-228-01377,BIHAR,Sheikhpura,Ariari,0,0,,219,10,1377,,87552.5859976097,183445963.63454768,4.748986267089844e-05,1.7308115615844732e-05,137,0.002371211839370728
10-229-01378,BIHAR,Nalanda,Karai Parsurai,0,0,,209,10,1378,,58523.47447411047,82148146.79064696,2.2477423477172852e-05,1.0114840564727782e-05,60,0.000606890433883667
10-229-01379,BIHAR,Nalanda,Nagar Nausa,0,0,,209,10,1379,,82570.35159490984,108015836.82811198,2.2477423477172852e-05,1.0398768377304077e-05,80,0.0008319014701843262
10-229-01380,BIHAR,Nalanda,Harnaut,0,0,,209,10,1380,,124869.90123154312,224385440.0517296,1.6917267990112307e-05,5.884267126995585e-06,161,0.0009473670074462892
10-229-01381,BIHAR,Nalanda,Chandi,0,0,,209,10,1381,,70527.81459673235,147156102.481168,1.6917267990112307e-05,1.5520429348726887e-05,109,0.0016917267990112306
10-229-01382,BIHAR,Nalanda,Rahui,0,0,,209,10,1382,,77076.6108369453,152249665.90613127,1.6917267990112307e-05,1.6290702508997038e-05,108,0.00175939587097168
10-229-01383,BIHAR,Nalanda,Bind,0,0,,209,10,1383,,70364.80140905235,88091657.81671415,0.0,0.0,66,0.0
10-229-01384,BIHAR,Nalanda,Sarmera,0,0,,209,10,1384,,91044.34634338948,167201876.42476654,0.0,0.0,123,0.0
10-229-01385,BIHAR,Nalanda,Asthawan,0,0,,209,10,1385,,92263.18064708126,171325630.7179731,1.6917267990112307e-05,3.1114263653564457e-06,125,0.0003889282956695557
10-229-01387,BIHAR,Nalanda,Noorsarai,0,0,,209,10,1387,,78528.62700534344,151514769.88009417,1.6917267990112307e-05,1.6917267990112307e-05,114,0.0019285685508728032
10-229-01386,BIHAR,Nalanda,Bihar,0,0,,209,10,1386,,98561.8371020671,215840179.0991975,1.6917267990112307e-05,1.532481437444687e-05,160,0.002451970299911499
10-229-01390,BIHAR,Nalanda,Hilsa,0,0,,209,10,1390,,93433.88804652911,175765721.10991755,2.2477423477172852e-05,2.2477423477172855e-05,131,0.002944542475509644
10-229-01391,BIHAR,Nalanda,Ekangarsarai,0,0,,209,10,1391,,87121.32234693572,166605847.460251,2.2477423477172852e-05,2.2477423477172852e-05,122,0.002742245664215088
10-229-01392,BIHAR,Nalanda,Islampur,0,0,,209,10,1392,,109868.69145522316,273834151.4326934,2.2477423477172852e-05,2.166337707952126e-05,194,0.0042026951534271245
10-229-01393,BIHAR,Nalanda,Ben,0,0,,209,10,1393,,66947.54721379357,127526149.56798536,2.2477423477172852e-05,1.8357422094142184e-05,94,0.0017255976768493653
10-230-01398,BIHAR,Patna,Maner,0,0,,212,10,1398,,96133.56350709034,213315300.3597084,2.464951171875e-05,4.357474368206865e-06,154,0.0006710510527038573
10-229-01394,BIHAR,Nalanda,Rajgir,0,0,,209,10,1394,,88740.45664753366,198129288.77271983,2.1104162597656252e-05,1.1864978380268124e-05,147,0.0017441518218994142
10-229-01395,BIHAR,Nalanda,Silao,0,0,,209,10,1395,,79220.42929786978,154752836.13944647,1.6917267990112307e-05,7.194485781485575e-06,114,0.0008201713790893555
10-229-01396,BIHAR,Nalanda,Giriak,0,0,,209,10,1396,,88347.46773236175,99576022.5731765,5.125808715820312e-06,5.125808715820312e-06,73,0.0003741840362548828
10-229-01397,BIHAR,Nalanda,Katrisarai,0,0,,209,10,1397,,38918.76300208476,48673462.28309288,1.6860978622436523e-05,8.059601192474366e-06,36,0.00029014564292907717
10-230-01399,BIHAR,Patna,Dinapur-Cum-Khagaul,0,0,,212,10,1399,,78598.21354533077,184765788.04152673,2.464951171875e-05,7.303559027777777e-06,135,0.00098598046875
10-234-01474,BIHAR,Rohtas,Tilouthu,0,0,,215,10,1474,,73885.57639601533,193504401.97342023,2.881255920410156e-05,2.685769311959403e-05,140,0.003760077036743164
10-230-01400,BIHAR,Patna,Patna Rural,0,0,,212,10,1400,,87518.10425735511,179850223.48881748,2.464951171875e-05,4.327776866650763e-06,131,0.0005669387695312499
10-230-01401,BIHAR,Patna,Sampatchak,0,0,,212,10,1401,,53219.7118618291,78902366.60372826,2.464951171875e-05,8.648951480263158e-07,57,4.92990234375e-05
10-230-01406,BIHAR,Patna,Dulhin Bazar,0,0,,212,10,1406,,77792.54009458271,136539622.4680228,2.8122276000976566e-05,2.0585412394976377e-05,99,0.0020379558271026612
10-230-01402,BIHAR,Patna,Phulwari,0,0,,212,10,1402,,70659.26045014715,135940825.49713776,2.464951171875e-05,2.3622448730468753e-05,96,0.002267755078125
10-230-01413,BIHAR,Patna,Khusrupur,0,0,,212,10,1413,,46143.60198551767,78201544.387751,0.0,0.0,58,0.0
10-230-01403,BIHAR,Patna,Bihta,0,0,,212,10,1403,,116564.9809665079,244879174.98088208,2.464951171875e-05,1.7573991606576103e-05,182,0.0031984664723968504
10-230-01415,BIHAR,Patna,Athmalgola,0,0,,212,10,1415,,47997.69261940102,62827293.65665197,0.0,0.0,47,0.0
10-230-01404,BIHAR,Patna,Naubatpur,0,0,,212,10,1404,,105087.74367689912,205320191.59612688,2.464951171875e-05,2.4649511718749996e-05,153,0.0037713752929687495
10-230-01405,BIHAR,Patna,Bikram,0,0,,212,10,1405,,86626.03512108007,186422313.04867813,2.464951171875e-05,1.6649176239236427e-05,137,0.0022809371447753907
10-234-01475,BIHAR,Rohtas,Rohtas,0,0,,215,10,1475,,88257.59288547112,389741138.17794544,2.6932683105468752e-05,2.3591078137821624e-05,288,0.006794230503692628
10-230-01407,BIHAR,Patna,Paliganj,0,0,,212,10,1407,,129476.3041410336,293354152.7667747,2.8122276000976566e-05,2.2049399575206722e-05,214,0.0047185715090942385
10-230-01408,BIHAR,Patna,Masaurhi,0,0,,212,10,1408,,108866.13277400887,248716954.87290823,2.8122276000976566e-05,2.6951681299102444e-05,178,0.004797399271240235
10-230-01409,BIHAR,Patna,Dhanarua,0,0,,212,10,1409,,95102.40821522896,225577653.19725513,2.8122276000976566e-05,2.040975621416525e-05,163,0.0033267902629089355
10-230-01410,BIHAR,Patna,Punpun,0,0,,212,10,1410,,82554.93388622913,161116560.78819045,2.464951171875e-05,1.6711533368644068e-05,118,0.0019719609375
10-230-01411,BIHAR,Patna,Fatwah,0,0,,212,10,1411,,97950.27190535897,155697451.47083917,0.0,0.0,115,0.0
10-230-01412,BIHAR,Patna,Daniawan,0,0,,212,10,1412,,69689.77872311571,79566220.36857046,0.0,0.0,56,0.0
10-230-01414,BIHAR,Patna,Bakhtiarpur,0,0,,212,10,1414,,120205.01587822943,168153072.20481881,0.0,0.0,120,0.0
10-230-01416,BIHAR,Patna,Belchhi,0,0,,212,10,1416,,88573.78025963024,87443681.0926542,0.0,0.0,70,0.0
10-230-01417,BIHAR,Patna,Barh,0,0,,212,10,1417,,95365.9771693495,147280816.515725,0.0,0.0,104,0.0
10-230-01419,BIHAR,Patna,Ghoswari,0,0,,212,10,1419,,66454.95033385535,164897376.1169027,0.0,0.0,126,0.0
10-230-01418,BIHAR,Patna,Pandarak,0,0,,212,10,1418,,106894.44852036482,252509471.6555304,0.0,0.0,180,0.0
10-232-01438,BIHAR,Buxar,Chaugain,0,0,,194,10,1438,,52625.33924401454,66025696.44875917,1.2836019744873048e-05,1.2836019744873048e-05,49,0.0006289649674987793
10-232-01439,BIHAR,Buxar,Kesath,0,0,,194,10,1439,,34661.84662025829,38236018.49691825,1.2836019744873048e-05,1.2836019744873048e-05,29,0.0003722445726013184
10-230-01420,BIHAR,Patna,Mokameh,0,0,,212,10,1420,,127700.39840194934,244519830.48183808,0.0,0.0,181,0.0
10-231-01421,BIHAR,Bhojpur,Shahpur,0,0,,193,10,1421,,110658.91431619873,211766871.4500774,1.4834068908691406e-05,9.81264999047304e-06,156,0.001530773398513794
10-234-01460,BIHAR,Rohtas,Suryapura,0,0,,215,10,1460,,56159.7630280001,69765063.31452103,1.5468966064453126e-05,1.546896606445313e-05,47,0.0007270414050292971
10-231-01422,BIHAR,Bhojpur,Arrah,0,0,,193,10,1422,,120924.06747051864,221925641.7145924,1.4834068908691406e-05,1.2834216214545865e-05,159,0.0020406403781127926
10-231-01423,BIHAR,Bhojpur,Barhara,0,0,,193,10,1423,,128817.96875565937,258494738.36324885,8.659267349243165e-06,6.48319110930278e-06,191,0.001238289501876831
10-231-01424,BIHAR,Bhojpur,Koilwar,0,0,,193,10,1424,,94779.33453556667,208456312.66749656,1.3465369262695312e-05,1.1751789817041999e-05,149,0.001751016682739258
10-231-01425,BIHAR,Bhojpur,Sandesh,0,0,,193,10,1425,,60697.76797134289,164599530.19806212,2.12874959564209e-05,1.4658575029534808e-05,118,0.0017297118534851073
10-231-01426,BIHAR,Bhojpur,Udwant Nagar,0,0,,193,10,1426,,92445.60417460876,217797556.82002312,1.4834068908691406e-05,1.4289989546307866e-05,161,0.0023006883169555663
10-234-01461,BIHAR,Rohtas,Bikramganj,0,0,,215,10,1461,,88556.32896667719,168723569.68103397,1.5468966064453126e-05,1.546896606445313e-05,129,0.0019954966223144537
10-231-01427,BIHAR,Bhojpur,Behea,0,0,,193,10,1427,,114516.77527652554,206091349.70539597,1.4834068908691406e-05,1.403544356689453e-05,150,0.0021053165350341796
10-231-01428,BIHAR,Bhojpur,Jagdishpur,0,0,,193,10,1428,,109726.00219208181,318463526.4488765,1.4834068908691406e-05,1.4632511317604464e-05,228,0.003336212580413818
10-231-01429,BIHAR,Bhojpur,Piro,0,0,,193,10,1429,,100703.96274410955,268205354.86689487,1.5468966064453126e-05,1.4192435173606874e-05,200,0.002838487034721375
10-234-01462,BIHAR,Rohtas,Karakat,0,0,,215,10,1462,,102232.22868007293,251121712.10833624,2.2604616699218753e-05,1.6742616697658197e-05,176,0.0029467005387878425
10-231-01430,BIHAR,Bhojpur,Charpokhari,0,0,,193,10,1430,,88834.1327790213,135855258.49695313,1.4834068908691406e-05,1.3324077065317256e-05,95,0.0012657873212051393
10-231-01431,BIHAR,Bhojpur,Garhani,0,0,,193,10,1431,,93054.52180151101,137128723.85739592,1.4834068908691406e-05,1.4584628146273417e-05,103,0.001502216699066162
10-231-01432,BIHAR,Bhojpur,Agiaon,0,0,,193,10,1432,,87534.07309197474,191419206.17039648,2.12874959564209e-05,1.639397634629723e-05,139,0.002278762712135315
10-231-01433,BIHAR,Bhojpur,Tarari,0,0,,193,10,1433,,95157.98131215997,247108515.4982669,1.5468966064453126e-05,1.2991016923721232e-05,177,0.002299409995498658
10-231-01434,BIHAR,Bhojpur,Sahar,0,0,,193,10,1434,,61748.81499939302,157154129.14318892,2.12874959564209e-05,1.4088717278374569e-05,117,0.0016483799215698245
10-232-01435,BIHAR,Buxar,Simri,0,0,,194,10,1435,,87047.69219699135,222195796.247413,2.056060028076172e-05,1.143517228661514e-05,164,0.001875368255004883
10-232-01436,BIHAR,Buxar,Chakki,0,0,,194,10,1436,,73799.54032015939,80420668.23199363,1.2836019744873048e-05,1.0765714337825775e-05,64,0.0006890057176208496
10-232-01437,BIHAR,Buxar,Barhampur,0,0,,194,10,1437,,133928.15369382405,240152233.65370417,1.2836019744873048e-05,1.2372197163311735e-05,173,0.0021403901092529303
10-232-01440,BIHAR,Buxar,Dumraon,0,0,,194,10,1440,,115797.88145848007,238641355.07175583,2.056060028076172e-05,1.516710617878028e-05,169,0.0025632409442138673
10-232-01441,BIHAR,Buxar,Buxar,0,0,,194,10,1441,,90996.21871903203,211591033.38394436,2.056060028076172e-05,2.034866097225505e-05,157,0.0031947397726440428
10-232-01442,BIHAR,Buxar,Chausa,0,0,,194,10,1442,,99103.08457070828,138502720.57991108,2.8138254394531252e-05,2.1113149436879377e-05,107,0.0022591069897460936
10-232-01443,BIHAR,Buxar,Rajpur,0,0,,194,10,1443,,121142.9666413415,336933113.12217736,3.4698123779296876e-05,3.052851115697744e-05,245,0.007479485233459472
10-232-01444,BIHAR,Buxar,Itarhi,0,0,,194,10,1444,,109439.3274763228,293713382.2816445,3.4698123779296876e-05,2.0695887586967795e-05,209,0.004325440505676269
10-232-01445,BIHAR,Buxar,Nawanagar,0,0,,194,10,1445,,126567.10382889764,229774401.79100823,3.4698123779296876e-05,1.4328361313498235e-05,169,0.0024214930619812017
10-233-01446,BIHAR,Kaimur (Bhabua),Ramgarh,0,0,,200,10,1446,,124781.0721120257,206666195.02442607,2.8138254394531252e-05,2.1562532676039943e-05,151,0.003255942434082031
10-233-01447,BIHAR,Kaimur (Bhabua),Nuaon,0,0,,200,10,1447,,121732.74643995032,235834986.4758632,3.4698123779296876e-05,2.7792626560501186e-05,171,0.004752539141845703
10-233-01448,BIHAR,Kaimur (Bhabua),Kudra,0,0,,200,10,1448,,132624.50147962422,255577893.54332253,2.8138254394531252e-05,2.3357068161737353e-05,189,0.00441448588256836
10-233-01449,BIHAR,Kaimur (Bhabua),Mohania,0,0,,200,10,1449,,142323.6809133636,349176573.6513165,2.8138254394531252e-05,2.2615163531303407e-05,256,0.005789481864013672
10-233-01450,BIHAR,Kaimur (Bhabua),Durgawati,0,0,,200,10,1450,,108544.41183902678,212580801.4059764,7.01199951171875e-06,7.01199951171875e-06,154,0.0010798479248046876
10-233-01451,BIHAR,Kaimur (Bhabua),Chand,0,0,,200,10,1451,,97099.60209928264,257974481.1925409,2.435645065307617e-05,1.3339060808952819e-05,188,0.00250774343208313
10-233-01452,BIHAR,Kaimur (Bhabua),Chainpur,0,0,,200,10,1452,,170712.34536647963,555311526.8488017,3.51526904296875e-05,1.4236358956001898e-05,407,0.005794198095092773
10-233-01453,BIHAR,Kaimur (Bhabua),Bhabua,0,0,,200,10,1453,,143727.89821118704,407618990.38615096,2.8138254394531252e-05,1.5940399362304284e-05,301,0.004798060208053589
10-233-01454,BIHAR,Kaimur (Bhabua),Rampur,0,0,,200,10,1454,,126612.15498309073,210660395.23746365,1.9997315673828127e-05,1.6359351249541213e-05,149,0.0024375433361816406
10-233-01455,BIHAR,Kaimur (Bhabua),Bhagwanpur,0,0,,200,10,1455,,134815.05705103654,292151198.96788174,1.9997315673828127e-05,1.476224547508203e-05,211,0.0031148337952423086
10-233-01456,BIHAR,Kaimur (Bhabua),Adhaura,0,0,,200,10,1456,,271357.2345421078,1135984955.9859164,4.0046288681030275e-05,1.7210290247629817e-05,833,0.014336171776275638
10-234-01457,BIHAR,Rohtas,Kochas,0,0,,215,10,1457,,90248.48407846906,187033418.62218276,3.4698123779296876e-05,3.266058859160452e-05,132,0.004311197694091797
10-234-01458,BIHAR,Rohtas,Dinara,0,0,,215,10,1458,,157118.7651045217,464648316.8452498,3.4698123779296876e-05,3.018688443270596e-05,341,0.010293727591552733
10-234-01459,BIHAR,Rohtas,Dawath,0,0,,215,10,1459,,78120.6651060775,129910427.66035384,1.5468966064453126e-05,1.5468966064453126e-05,94,0.001454082810058594
10-234-01466,BIHAR,Rohtas,Nokha,0,0,,215,10,1466,,82152.91978314315,208772248.59610957,3.4698123779296876e-05,2.1516556149044554e-05,148,0.003184450310058594
10-235-01476,BIHAR,Aurangabad,Daudnagar,0,0,,189,10,1476,,91010.07504965532,238139281.75712803,2.2604616699218753e-05,1.898463662333872e-05,174,0.0033033267724609378
10-234-01467,BIHAR,Rohtas,Kargahar,0,0,,215,10,1467,,128509.87472624176,406135690.59563094,3.4698123779296876e-05,2.411953625653241e-05,296,0.007139382731933593
10-234-01468,BIHAR,Rohtas,Chenari,0,0,,215,10,1468,,121720.69626398994,292642418.8385522,1.9997315673828127e-05,1.4424405798623731e-05,215,0.003101247246704102
10-234-01469,BIHAR,Rohtas,Nauhatta,0,0,,215,10,1469,,175494.75594492842,478591449.404211,4.0046288681030275e-05,2.059863517006912e-05,354,0.007291916850204468
10-234-01470,BIHAR,Rohtas,Sheosagar,0,0,,215,10,1470,,135463.8765525897,406503956.12222886,2.6932683105468752e-05,1.9314183928926114e-05,295,0.0056976842590332035
10-234-01471,BIHAR,Rohtas,Sasaram,0,0,,215,10,1471,,135810.11950728856,394273130.8742507,2.6932683105468752e-05,2.117578491421404e-05,290,0.006140977625122071
10-234-01473,BIHAR,Rohtas,Dehri,0,0,,215,10,1473,,97323.52013589225,199371136.99043605,2.881255920410156e-05,2.298269473582301e-05,145,0.003332490736694336
10-235-01477,BIHAR,Aurangabad,Haspura,0,0,,189,10,1477,,88845.10694940752,164519986.5205008,1.8460692138671876e-05,1.825974573813194e-05,121,0.0022094292343139647
10-235-01478,BIHAR,Aurangabad,Goh,0,0,,189,10,1478,,122286.20877621078,374665187.3660463,1.8460692138671876e-05,9.700315603368423e-06,272,0.002638485844116211
10-236-01491,BIHAR,Gaya,Neem Chak Bathani,0,0,,196,10,1491,,79540.44278654993,146770773.7769567,2.1104162597656252e-05,2.1104162597656256e-05,103,0.0021737287475585942
10-235-01479,BIHAR,Aurangabad,Rafiganj,0,0,,189,10,1479,,167069.30684925965,465687847.79432577,3.365787353515625e-05,2.97171442406618e-05,341,0.010133546186065674
10-235-01480,BIHAR,Aurangabad,Obra,0,0,,189,10,1480,,130720.05569071589,327203821.09876627,3.214650711059571e-05,2.1115300272366173e-05,237,0.005004326164550783
10-236-01494,BIHAR,Gaya,Manpur,0,0,,196,10,1494,,77081.78707553667,161226183.41058797,2.4652442321777347e-05,2.3587679980734127e-05,115,0.0027125831977844244
10-235-01481,BIHAR,Aurangabad,Aurangabad,0,0,,189,10,1481,,125502.68609205673,344679798.38062614,3.214650711059571e-05,3.1391159538030625e-05,256,0.00803613684173584
10-237-01511,BIHAR,Nawada,Nardiganj,0,0,,210,10,1511,,60262.24041371029,129808165.4472442,5.125808715820312e-06,5.125808715820312e-06,95,0.0004869518280029297
10-235-01482,BIHAR,Aurangabad,Barun,0,0,,189,10,1482,,117269.30390529483,381782699.30215496,2.881255920410156e-05,2.6817149113246372e-05,280,0.007508801751708984
10-235-01483,BIHAR,Aurangabad,Nabinagar,0,0,,189,10,1483,,173491.30877801325,657546828.2218357,2.881255920410156e-05,2.4837363759548277e-05,483,0.011996446695861817
10-235-01484,BIHAR,Aurangabad,Kutumba,0,0,,189,10,1484,,110495.73757590447,319048251.76106954,2.881255920410156e-05,2.0030616161896153e-05,229,0.004587011101074219
10-235-01485,BIHAR,Aurangabad,Deo,0,0,,189,10,1485,,158578.88849021672,336990745.1586724,3.214650711059571e-05,2.6233065690120377e-05,251,0.006584499488220215
10-235-01486,BIHAR,Aurangabad,Madanpur,0,0,,189,10,1486,,153529.37367368402,418713952.50229967,3.365787353515625e-05,3.071542614341168e-05,309,0.00949106667831421
10-236-01487,BIHAR,Gaya,Konch,0,0,,196,10,1487,,154041.56172387034,319288521.7326548,3.365787353515625e-05,1.4321115193860283e-05,232,0.0033224987249755858
10-236-01488,BIHAR,Gaya,Tikari,0,0,,196,10,1488,,122221.36853604284,290576655.12704176,3.365787353515625e-05,1.3584255735414838e-05,218,0.0029613677503204346
10-236-01489,BIHAR,Gaya,Belaganj,0,0,,196,10,1489,,113473.13279109563,240372540.95814112,2.4652442321777347e-05,2.465244232177735e-05,180,0.004437439617919923
10-236-01490,BIHAR,Gaya,Khizirsarai,0,0,,196,10,1490,,103698.13096672995,223124430.97950032,2.4652442321777347e-05,2.289706669200551e-05,165,0.003778016004180909
10-236-01492,BIHAR,Gaya,Muhra,0,0,,196,10,1492,,93681.45756176667,181269438.2139707,2.1104162597656252e-05,1.9069132717758865e-05,134,0.0025552637841796877
10-236-01493,BIHAR,Gaya,Atri,0,0,,196,10,1493,,103075.15367958385,161340647.62451813,2.4652442321777347e-05,1.9166719459084908e-05,119,0.002280839615631104
10-236-01495,BIHAR,Gaya,Gaya Town C.D.Block,0,0,,196,10,1495,,91678.58033080616,224144813.6021213,2.4652442321777347e-05,2.369830463954381e-05,161,0.0038154270469665536
10-236-01496,BIHAR,Gaya,Paraiya,0,0,,196,10,1496,,75593.31264449215,167300846.5298876,3.365787353515625e-05,2.9273150403340656e-05,120,0.0035127780484008786
10-236-01497,BIHAR,Gaya,Guraru,0,0,,196,10,1497,,81292.54933661391,199646285.7542363,3.365787353515625e-05,3.365787353515625e-05,147,0.004947707409667969
10-237-01512,BIHAR,Nawada,Nawada,0,0,,210,10,1512,,86822.75137888109,219317998.1072041,3.105345825195312e-05,6.612107096872511e-06,157,0.0010381008142089842
10-236-01498,BIHAR,Gaya,Gurua,0,0,,196,10,1498,,117859.62964526065,238015237.1519128,3.4241708984375e-05,3.368037907815393e-05,173,0.0058267055805206296
10-236-01499,BIHAR,Gaya,Amas,0,0,,196,10,1499,,100546.69423332924,128484051.44985774,3.4241708984375e-05,3.331098941682514e-05,95,0.0031645439945983886
10-237-01517,BIHAR,Nawada,Roh,0,0,,210,10,1517,,77804.52626079548,192537548.9783989,3.105345825195312e-05,2.4134134524928198e-05,144,0.0034753153715896606
10-236-01500,BIHAR,Gaya,Banke Bazar,0,0,,196,10,1500,,85166.97220092022,256240042.68049288,3.4241708984375e-05,3.2172656919417846e-05,186,0.005984114187011719
10-236-01501,BIHAR,Gaya,Imamganj,0,0,,196,10,1501,,136271.57775821586,316917295.57645696,3.4241708984375e-05,2.820253618376026e-05,239,0.006740406147918702
10-236-01502,BIHAR,Gaya,Dumaria,0,0,,196,10,1502,,119690.94596035974,390676703.928496,2.8766922225952152e-05,2.3507623306542113e-05,285,0.006699672642364502
10-236-01503,BIHAR,Gaya,Sherghati,0,0,,196,10,1503,,100322.2973073121,167902109.12194017,3.4241708984375e-05,3.374626290856338e-05,123,0.0041507903377532955
10-238-01531,BIHAR,Jamui,Gidhaur,0,0,,198,10,1531,,55211.5633940527,100392309.18230554,3.090333404541016e-05,2.5031934765625003e-05,75,0.0018773951074218752
10-236-01504,BIHAR,Gaya,Dobhi,0,0,,196,10,1504,,103572.88994215836,218837778.49499393,3.4241708984375e-05,3.2500069451184005e-05,161,0.005232511181640625
10-236-01505,BIHAR,Gaya,Bodh Gaya,0,0,,196,10,1505,,120948.91182130505,306843965.9119923,3.365787353515625e-05,2.433589962934411e-05,230,0.0055972569147491455
10-236-01506,BIHAR,Gaya,Tan Kuppa,0,0,,196,10,1506,,108147.94853451202,190099968.23000297,3.2117436523437505e-05,1.549977425703362e-05,134,0.002076969750442505
10-240-01542,BIHAR,Arwal,Arwal,0,0,,611,10,1542,,73924.8054791393,147787869.27798152,2.12874959564209e-05,1.9056241850852965e-05,104,0.0019818491524887082
10-236-01507,BIHAR,Gaya,Wazirganj,0,0,,196,10,1507,,105472.06999302967,323030583.61833626,2.3539281692504886e-05,1.1351948874845344e-05,236,0.002679059934463501
10-236-01508,BIHAR,Gaya,Fatehpur,0,0,,196,10,1508,,155359.44599717355,408449805.62920874,4.3656299209594726e-05,1.3850762831286378e-05,304,0.004210631900711059
10-240-01543,BIHAR,Arwal,Kaler,0,0,,611,10,1543,,67777.19153730445,176075758.749563,1.8460692138671876e-05,1.3661649756686382e-05,131,0.0017896761181259162
10-236-01509,BIHAR,Gaya,Mohanpur,0,0,,196,10,1509,,119906.24818546322,418796109.2883684,3.2117436523437505e-05,2.5248173850031186e-05,303,0.007650196676559449
10-240-01544,BIHAR,Arwal,Karpi,0,0,,611,10,1544,,158139.92638461498,234985661.7206014,2.12874959564209e-05,1.9982753809108293e-05,172,0.003437033655166626
10-236-01510,BIHAR,Gaya,Barachatti,0,0,,196,10,1510,,138753.78132836288,366328956.31361085,3.2117436523437505e-05,3.066385417258523e-05,275,0.008432559897460938
10-237-01513,BIHAR,Nawada,Warisaliganj,0,0,,210,10,1513,,109792.76918459819,202861050.3008767,1.6860978622436523e-05,1.2470268793430457e-05,147,0.0018331295126342772
10-237-01514,BIHAR,Nawada,Kashi Chak,0,0,,210,10,1514,,73948.94452619922,98983451.20841853,1.6860978622436523e-05,1.6860978622436523e-05,72,0.0012139904608154297
10-237-01515,BIHAR,Nawada,Pakribarawan,0,0,,210,10,1515,,104545.76938151139,251834567.85717744,1.6860978622436523e-05,1.6860978622436523e-05,184,0.0031024200665283204
10-237-01516,BIHAR,Nawada,Kawakol,0,0,,210,10,1516,,121170.20018263235,362955647.76482904,4.748986267089844e-05,1.820742550885767e-05,266,0.00484317518535614
10-237-01518,BIHAR,Nawada,Gobindpur,0,0,,210,10,1518,,73133.35659787485,188189390.13263756,3.105345825195312e-05,2.7600429702213834e-05,140,0.0038640601583099367
10-237-01519,BIHAR,Nawada,Akbarpur,0,0,,210,10,1519,,91268.2921062847,249541236.96202633,3.105345825195312e-05,3.1053458251953117e-05,184,0.0057138363183593735
10-237-01520,BIHAR,Nawada,Hisua,0,0,,210,10,1520,,85113.4923130193,144090762.99664384,3.105345825195312e-05,1.9306025355412412e-05,104,0.0020078266369628907
10-237-01521,BIHAR,Nawada,Narhat,0,0,,210,10,1521,,62856.50481924386,99624005.77002536,3.105345825195312e-05,3.105345825195312e-05,69,0.0021426886193847655
10-237-01522,BIHAR,Nawada,Meskaur,0,0,,210,10,1522,,75185.00287586387,145604023.18435815,3.105345825195312e-05,1.6130672520228793e-05,112,0.0018066353222656248
10-237-01523,BIHAR,Nawada,Sirdala,0,0,,210,10,1523,,111278.51695598938,301894539.186342,4.3656299209594726e-05,2.5375650108057424e-05,218,0.005531891723556518
10-237-01524,BIHAR,Nawada,Rajauli,0,0,,210,10,1524,,132370.86211000624,450216393.36794454,4.3656299209594726e-05,3.61029263411055e-05,333,0.012022274471588133
10-238-01525,BIHAR,Jamui,Islamnagar Aliganj,0,0,,198,10,1525,,96153.77396855215,213408239.47295904,4.748986267089844e-05,4.148519391573392e-05,156,0.006471690250854492
10-238-01526,BIHAR,Jamui,Sikandra,0,0,,198,10,1526,,86788.2538333537,223096734.30010977,4.748986267089844e-05,4.547633227501386e-05,162,0.007367165828552246
10-238-01527,BIHAR,Jamui,Jamui,0,0,,198,10,1527,,90084.78430112793,212157753.6648698,4.748986267089844e-05,3.111735376961001e-05,155,0.004823189834289551
10-238-01528,BIHAR,Jamui,Barhat,0,0,,198,10,1528,,114104.37581341481,270298087.1382075,3.090333404541016e-05,2.572663341851404e-05,197,0.005068146783447266
10-238-01529,BIHAR,Jamui,Lakshmipur,0,0,,198,10,1529,,112147.89260238525,307635253.00857943,3.090333404541016e-05,8.240889078776044e-06,225,0.0018542000427246097
10-238-01530,BIHAR,Jamui,Jhajha,0,0,,198,10,1530,,147664.43327942316,507112726.974952,5.4262021789550785e-05,4.547688616778399e-05,370,0.016826447882080077
10-238-01532,BIHAR,Jamui,Khaira,0,0,,198,10,1532,,142747.05687020053,513762691.7981683,4.748986267089844e-05,1.8085825389588864e-05,377,0.0068183561718750015
10-238-01533,BIHAR,Jamui,Sono,0,0,,198,10,1533,,117724.39892386932,474283005.7300444,5.4262021789550785e-05,2.313818385258103e-05,349,0.00807522616455078
10-238-01534,BIHAR,Jamui,Chakai,0,0,,198,10,1534,,243956.2217086091,956725034.6798706,5.887436882019044e-05,5.203222192633493e-05,700,0.03642255534843445
10-239-01535,BIHAR,Jehanabad,Ratni Faridpur,0,0,,199,10,1535,,82762.53932271499,155018952.20303965,2.8122276000976566e-05,2.3061221734431755e-05,114,0.00262897927772522
10-239-01536,BIHAR,Jehanabad,Jehanabad,0,0,,199,10,1536,,97254.09844747804,201426556.69272655,2.8122276000976566e-05,2.8122276000976573e-05,148,0.004162096848144533
10-239-01537,BIHAR,Jehanabad,Kako,0,0,,199,10,1537,,83599.3529020472,162373941.78194478,2.8122276000976566e-05,2.812227600097657e-05,118,0.003318428568115235
10-239-01538,BIHAR,Jehanabad,Modanganj,0,0,,199,10,1538,,66522.90037500951,97205276.85869928,2.8122276000976566e-05,2.403180315764054e-05,69,0.0016581944178771972
10-239-01539,BIHAR,Jehanabad,Ghoshi,0,0,,199,10,1539,,82931.95174196921,112225161.55433495,2.8122276000976566e-05,2.592658031785345e-05,83,0.002151906166381836
10-239-01540,BIHAR,Jehanabad,Makhdumpur,0,0,,199,10,1540,,128831.72570768485,301471679.33572614,2.8122276000976566e-05,2.5036202728693393e-05,217,0.005432855992126466
10-239-01541,BIHAR,Jehanabad,Hulasganj,0,0,,199,10,1541,,87179.53907708311,119677697.18988888,2.8122276000976566e-05,2.257969667731391e-05,90,0.002032172700958252
10-240-01545,BIHAR,Arwal,Sonbhadra Banshi Suryapur,0,0,,611,10,1545,,62692.97791397586,116643000.97724338,2.12874959564209e-05,9.914052026587796e-06,83,0.000822866318206787
10-240-01546,BIHAR,Arwal,Kurtha,0,0,,611,10,1546,,71585.17106640573,106433073.5354984,2.12874959564209e-05,1.3603362084413186e-05,78,0.0010610622425842285
10-224-01334,BIHAR,Bhagalpur,Gopalpur,0,0,,192,10,1334,,95407.9186210158,208941966.91883087,0.0,0.0,153,0.0
10-210-01127,BIHAR,Kishanganj,Kishanganj,0,0,,203,10,1127,,125268.33771117091,207105687.55921903,0.0,0.0,152,0.0
10-206-01064,BIHAR,Sitamarhi,Suppi,0,0,,221,10,1064,,71084.15120823232,92250451.53846286,0.0,0.0,66,0.0
10-234-01463,BIHAR,Rohtas,Nasriganj,0,0,,215,10,1463,,90034.07903274363,167356919.18355417,0.00021009878662109376,0.00020482350812155105,126,0.02580776202331543
10-234-01464,BIHAR,Rohtas,Rajpur,0,0,,215,10,1464,,68660.48684625747,85633596.4997788,0.00021009878662109376,0.00021009878662109376,63,0.013236223557128907
10-234-01465,BIHAR,Rohtas,Sanjhauli,0,0,,215,10,1465,,56591.722358052,83833486.39015438,0.00021009878662109376,0.00019548823320661275,63,0.012315758692016603
10-203-01023,BIHAR,Pashchim Champaran,Thakrahan,0,0,,211,10,1023,,79847.09402015881,199004696.79409248,0.0,0.0,145,0.0
10-204-01054,BIHAR,Purbi Champaran,Phenhara,0,0,,213,10,1054,,44565.43736457999,67645025.94776015,0.0,0.0,51,0.0
10-219-01262,BIHAR,Saran,Maker,0,0,,218,10,1262,,62357.8736467211,96585777.9808088,0.0,0.0,71,0.0
10-220-01282,BIHAR,Vaishali,Sahdai Buzurg,0,0,,224,10,1282,,74546.65030748869,114161677.3631406,0.0,0.0,84,0.0
10-229-01388,BIHAR,Nalanda,Tharthari,0,0,,209,10,1388,,71853.42144919158,77411758.12428828,7.443514671325683e-05,7.161213312502261e-05,54,0.0038670551887512207
10-229-01389,BIHAR,Nalanda,Parbalpur,0,0,,209,10,1389,,54466.2339431045,76043839.88376136,7.443514671325683e-05,7.380694863455637e-05,56,0.004133189123535157
10-203-01022,BIHAR,Pashchim Champaran,Bhitaha,0,0,,211,10,1022,,72626.86760213553,166969906.7472905,0.0,0.0,117,0.0
10-203-01013,BIHAR,Pashchim Champaran,Sidhaw,0,0,,211,10,1013,,195582.3602130639,1085337194.6715722,0.0,0.0,781,0.0
10-203-01014,BIHAR,Pashchim Champaran,Ramnagar,0,0,,211,10,1014,,230865.78384139363,866139404.2451236,0.0,0.0,621,0.0
10-203-01015,BIHAR,Pashchim Champaran,Gaunaha,0,0,,211,10,1015,,136504.94021895694,605322845.3823951,0.0,0.0,441,0.0
10-203-01016,BIHAR,Pashchim Champaran,Mainatanr,0,0,,211,10,1016,,115419.13930249632,312998546.4010918,0.0,0.0,221,0.0
10-203-01017,BIHAR,Pashchim Champaran,Narkatiaganj,0,0,,211,10,1017,,149144.20649331805,441857686.2127825,0.0,0.0,314,0.0
10-203-01018,BIHAR,Pashchim Champaran,Lauriya,0,0,,211,10,1018,,120853.32018665274,255440417.54612216,0.0,0.0,183,0.0
10-203-01019,BIHAR,Pashchim Champaran,Bagaha,0,0,,211,10,1019,,135587.24079810514,491292931.53180623,0.0,0.0,352,0.0
10-203-01021,BIHAR,Pashchim Champaran,Madhubani,0,0,,211,10,1021,,144670.82201821523,386116138.1353823,0.0,0.0,276,0.0
10-203-01024,BIHAR,Pashchim Champaran,Jogapatti,0,0,,211,10,1024,,88530.23644360513,258722436.3759333,0.0,0.0,186,0.0
10-203-01029,BIHAR,Pashchim Champaran,Bairia,0,0,,211,10,1029,,105039.82861382668,288505226.87341565,0.0,0.0,208,0.0
10-203-01025,BIHAR,Pashchim Champaran,Chanpatia,0,0,,211,10,1025,,113543.7602983494,310017349.34780717,0.0,0.0,226,0.0
10-206-01071,BIHAR,Sitamarhi,Parsauni,0,0,,221,10,1071,,63729.135625112256,74724139.64418457,0.0,0.0,55,0.0
10-203-01026,BIHAR,Pashchim Champaran,Sikta,0,0,,211,10,1026,,93443.22825707054,255004178.86147365,0.0,0.0,183,0.0
10-203-01027,BIHAR,Pashchim Champaran,Majhaulia,0,0,,211,10,1027,,123374.4030721297,371511179.15939575,0.0,0.0,265,0.0
10-203-01028,BIHAR,Pashchim Champaran,Bettiah,0,0,,211,10,1028,,53968.26030594324,83182055.35378212,0.0,0.0,59,0.0
10-203-01030,BIHAR,Pashchim Champaran,Nautan,0,0,,211,10,1030,,122656.63983711715,245738630.13883996,0.0,0.0,171,0.0
10-204-01031,BIHAR,Purbi Champaran,Raxaul,0,0,,213,10,1031,,98709.78801801558,166685360.13968688,0.0,0.0,124,0.0
10-206-01072,BIHAR,Sitamarhi,Belsand,0,0,,221,10,1072,,66235.5873217276,97354060.86547032,0.0,0.0,70,0.0
10-206-01073,BIHAR,Sitamarhi,Runisaidpur,0,0,,221,10,1073,,152472.54206325076,334873257.0825382,0.0,0.0,243,0.0
10-204-01032,BIHAR,Purbi Champaran,Adapur,0,0,,213,10,1032,,94532.37688292323,199608924.7111849,0.0,0.0,148,0.0
10-206-01074,BIHAR,Sitamarhi,Dumra,0,0,,221,10,1074,,111649.34177378344,241159212.36062923,0.0,0.0,178,0.0
10-204-01033,BIHAR,Purbi Champaran,Ramgarhwa,0,0,,213,10,1033,,90718.26831189607,213035907.5226096,0.0,0.0,154,0.0
10-204-01034,BIHAR,Purbi Champaran,Sugauli,0,0,,213,10,1034,,84892.41923436844,209336830.19001696,0.0,0.0,149,0.0
10-204-01038,BIHAR,Purbi Champaran,Ghorasahan,0,0,,213,10,1038,,75335.10865687576,144368243.47105,0.0,0.0,104,0.0
10-204-01035,BIHAR,Purbi Champaran,Banjaria,0,0,,213,10,1035,,102381.40449613356,176960195.87167916,0.0,0.0,124,0.0
10-204-01047,BIHAR,Purbi Champaran,Kesaria,0,0,,213,10,1047,,87546.8206889307,229535442.11688668,0.0,0.0,168,0.0
10-204-01036,BIHAR,Purbi Champaran,Narkatia,0,0,,213,10,1036,,105607.09704406632,168338010.30978012,0.0,0.0,120,0.0
10-204-01037,BIHAR,Purbi Champaran,Bankatwa,0,0,,213,10,1037,,99233.37216886049,115311013.90225838,0.0,0.0,82,0.0
10-204-01039,BIHAR,Purbi Champaran,Dhaka,0,0,,213,10,1039,,97673.73467814895,202386545.86227983,0.0,0.0,145,0.0
10-204-01048,BIHAR,Purbi Champaran,Kalyanpur,0,0,,213,10,1048,,109413.20044555076,313300912.50613195,0.0,0.0,230,0.0
10-204-01040,BIHAR,Purbi Champaran,Chiraia,0,0,,213,10,1040,,110764.71696779084,272984575.32652414,0.0,0.0,199,0.0
10-204-01041,BIHAR,Purbi Champaran,Motihari,0,0,,213,10,1041,,181544.26702654368,319814691.13850176,0.0,0.0,241,0.0
10-204-01049,BIHAR,Purbi Champaran,Kotwa,0,0,,213,10,1049,,78879.98205471091,178282937.71225017,0.0,0.0,126,0.0
10-204-01042,BIHAR,Purbi Champaran,Turkaulia,0,0,,213,10,1042,,99475.78497366334,174748315.94966665,0.0,0.0,130,0.0
10-204-01050,BIHAR,Purbi Champaran,Piprakothi,0,0,,213,10,1050,,58369.33889310607,62223774.49301849,0.0,0.0,45,0.0
10-204-01043,BIHAR,Purbi Champaran,Harsidhi,0,0,,213,10,1043,,133904.34238337883,240218359.62130272,0.0,0.0,173,0.0
10-204-01044,BIHAR,Purbi Champaran,Paharpur,0,0,,213,10,1044,,108730.62076802726,192061375.0173064,0.0,0.0,144,0.0
10-204-01045,BIHAR,Purbi Champaran,Areraj,0,0,,213,10,1045,,93331.67353690567,242725576.26244012,0.0,0.0,174,0.0
10-204-01046,BIHAR,Purbi Champaran,Sangrampur,0,0,,213,10,1046,,78133.67961210197,187659878.02718252,0.0,0.0,133,0.0
10-204-01051,BIHAR,Purbi Champaran,Chakia(Pipra),0,0,,213,10,1051,,129110.66914194856,212940547.80779588,0.0,0.0,145,0.0
10-204-01052,BIHAR,Purbi Champaran,Pakri Dayal,0,0,,213,10,1052,,90143.40730437863,148110040.62869397,0.0,0.0,106,0.0
10-204-01053,BIHAR,Purbi Champaran,Patahi,0,0,,213,10,1053,,85994.51677214028,144960443.14880535,0.0,0.0,100,0.0
10-204-01055,BIHAR,Purbi Champaran,Madhuban,0,0,,213,10,1055,,112681.00006095257,152424272.44650427,0.0,0.0,114,0.0
10-204-01056,BIHAR,Purbi Champaran,Tetaria,0,0,,213,10,1056,,82320.72754353678,104458405.63845472,0.0,0.0,74,0.0
10-205-01058,BIHAR,Sheohar,Purnahiya,0,0,,220,10,1058,,57294.126150412616,80859097.14068061,0.0,0.0,59,0.0
10-204-01057,BIHAR,Purbi Champaran,Mehsi,0,0,,213,10,1057,,125063.78039343117,149773808.08158112,0.0,0.0,108,0.0
10-205-01059,BIHAR,Sheohar,Piprarhi,0,0,,220,10,1059,,105870.45511307275,104265216.9562483,0.0,0.0,77,0.0
10-205-01060,BIHAR,Sheohar,Sheohar,0,0,,220,10,1060,,81007.5322908237,115638983.35873616,0.0,0.0,83,0.0
10-205-01061,BIHAR,Sheohar,Dumri Katsari,0,0,,220,10,1061,,65038.65439014734,84655470.24819931,0.0,0.0,59,0.0
10-205-01062,BIHAR,Sheohar,Tariani Chowk,0,0,,220,10,1062,,97491.22869259815,171878914.60720828,0.0,0.0,126,0.0
10-206-01063,BIHAR,Sitamarhi,Bairgania,0,0,,221,10,1063,,59598.621146511534,94417571.99630062,0.0,0.0,70,0.0
10-206-01065,BIHAR,Sitamarhi,Majorganj,0,0,,221,10,1065,,62808.55729710282,95411217.42446172,0.0,0.0,68,0.0
10-206-01066,BIHAR,Sitamarhi,Sonbarsa,0,0,,221,10,1066,,92820.94699371175,224104085.6083578,0.0,0.0,155,0.0
10-206-01067,BIHAR,Sitamarhi,Parihar,0,0,,221,10,1067,,86838.20299610356,272812569.4060281,0.0,0.0,197,0.0
10-207-01095,BIHAR,Madhubani,Rajnagar,0,0,,206,10,1095,,78809.12744912357,223111125.2667772,0.0,0.0,158,0.0
10-206-01068,BIHAR,Sitamarhi,Sursand,0,0,,221,10,1068,,91215.71647520129,181412871.1123928,0.0,0.0,134,0.0
10-206-01069,BIHAR,Sitamarhi,Bathnaha,0,0,,221,10,1069,,120764.04051803834,251403523.12922087,0.0,0.0,185,0.0
10-206-01070,BIHAR,Sitamarhi,Riga,0,0,,221,10,1070,,129433.73210860479,163724219.02092636,0.0,0.0,114,0.0
10-210-01123,BIHAR,Kishanganj,Thakurganj,0,0,,203,10,1123,,224971.2940646554,491161543.46963537,0.0,0.0,353,0.0
10-210-01124,BIHAR,Kishanganj,Pothia,0,0,,203,10,1124,,167388.9118766352,443844792.4531903,0.0,0.0,321,0.0
10-210-01125,BIHAR,Kishanganj,Bahadurganj,0,0,,203,10,1125,,155296.13881782343,347494200.8377232,0.0,0.0,251,0.0
10-210-01126,BIHAR,Kishanganj,Kochadhamin,0,0,,203,10,1126,,139640.52665725534,360840233.8364798,0.0,0.0,258,0.0
10-211-01128,BIHAR,Purnia,Banmankhi,0,0,,214,10,1128,,142815.61519736593,459936087.34673214,0.0,0.0,333,0.0
10-206-01075,BIHAR,Sitamarhi,Bajpatti,0,0,,221,10,1075,,90407.29439213518,174303329.1783474,0.0,0.0,125,0.0
10-206-01076,BIHAR,Sitamarhi,Charaut,0,0,,221,10,1076,,85128.15752493152,91349700.81924292,0.0,0.0,62,0.0
10-206-01077,BIHAR,Sitamarhi,Pupri,0,0,,221,10,1077,,73992.24203369493,115338203.66308306,0.0,0.0,82,0.0
10-206-01078,BIHAR,Sitamarhi,Nanpur,0,0,,221,10,1078,,73315.01223618646,135892566.9983101,0.0,0.0,100,0.0
10-220-01283,BIHAR,Vaishali,Mahnar,0,0,,224,10,1283,,81638.1139853176,126474580.44313861,0.0,0.0,89,0.0
10-206-01079,BIHAR,Sitamarhi,Bokhara,0,0,,221,10,1079,,81978.13188098712,108574895.39827529,0.0,0.0,79,0.0
10-207-01080,BIHAR,Madhubani,Madhwapur,0,0,,206,10,1080,,88808.76172423853,137557654.90878707,0.0,0.0,103,0.0
10-207-01081,BIHAR,Madhubani,Harlakhi,0,0,,206,10,1081,,90217.76640094945,187441757.00046396,0.0,0.0,138,0.0
10-207-01082,BIHAR,Madhubani,Basopatti,0,0,,206,10,1082,,97634.90682970545,164238774.4639331,0.0,0.0,122,0.0
10-207-01089,BIHAR,Madhubani,Khajauli,0,0,,206,10,1089,,91171.28062794723,150968724.81279027,0.0,0.0,108,0.0
10-207-01083,BIHAR,Madhubani,Jainagar,0,0,,206,10,1083,,81489.61423509955,161880108.8306139,0.0,0.0,115,0.0
10-207-01090,BIHAR,Madhubani,Kaluahi,0,0,,206,10,1090,,62305.281593423286,101560283.08963235,0.0,0.0,75,0.0
10-207-01084,BIHAR,Madhubani,Ladania,0,0,,206,10,1084,,97928.14946240213,232665607.5684243,0.0,0.0,164,0.0
10-207-01085,BIHAR,Madhubani,Laukaha,0,0,,206,10,1085,,102032.19667129294,266340932.00179368,0.0,0.0,197,0.0
10-207-01086,BIHAR,Madhubani,Laukahi,0,0,,206,10,1086,,109679.24973352649,329223432.564553,0.0,0.0,237,0.0
10-207-01087,BIHAR,Madhubani,Phulparas,0,0,,206,10,1087,,117974.41186319289,199352334.8677591,0.0,0.0,140,0.0
10-207-01088,BIHAR,Madhubani,Babubarhi,0,0,,206,10,1088,,118996.04641992833,237192379.86086744,0.0,0.0,174,0.0
10-207-01091,BIHAR,Madhubani,Benipatti,0,0,,206,10,1091,,128414.2409747215,328987645.9449377,0.0,0.0,231,0.0
10-207-01092,BIHAR,Madhubani,Bisfi,0,0,,206,10,1092,,99754.46134559005,226192948.413646,0.0,0.0,165,0.0
10-207-01093,BIHAR,Madhubani,Madhubani,0,0,,206,10,1093,,109764.71764889831,200359220.56727448,0.0,0.0,142,0.0
10-207-01094,BIHAR,Madhubani,Pandaul,0,0,,206,10,1094,,102372.75527307783,208327489.63825428,0.0,0.0,148,0.0
10-207-01096,BIHAR,Madhubani,Andhratharhi,0,0,,206,10,1096,,97300.5167595078,186769445.10608673,0.0,0.0,134,0.0
10-207-01097,BIHAR,Madhubani,Jhanjharpur,0,0,,206,10,1097,,125261.96837896874,181284371.95402232,0.0,0.0,132,0.0
10-207-01098,BIHAR,Madhubani,Ghoghardiha,0,0,,206,10,1098,,114215.40677637524,211228851.4219488,0.0,0.0,159,0.0
10-207-01099,BIHAR,Madhubani,Lakhnaur,0,0,,206,10,1099,,72956.74167609161,146945623.14022,0.0,0.0,110,0.0
10-207-01100,BIHAR,Madhubani,Madhepur,0,0,,206,10,1100,,144505.38034518834,300452948.5687113,0.0,0.0,212,0.0
10-208-01101,BIHAR,Supaul,Nirmali,0,0,,223,10,1101,,123310.21889922836,162734364.67066902,0.0,0.0,118,0.0
10-208-01102,BIHAR,Supaul,Basantpur,0,0,,223,10,1102,,136288.63693043106,319456339.75100917,0.0,0.0,228,0.0
10-208-01103,BIHAR,Supaul,Chhatapur,0,0,,223,10,1103,,142271.17176584958,398825687.2446475,0.0,0.0,285,0.0
10-208-01104,BIHAR,Supaul,Pratapganj,0,0,,223,10,1104,,71155.69013184242,133032565.19323792,0.0,0.0,97,0.0
10-208-01105,BIHAR,Supaul,Raghopur,0,0,,223,10,1105,,111831.20983491397,255841046.48838165,0.0,0.0,187,0.0
10-221-01285,BIHAR,Samastipur,Warisnagar,0,0,,217,10,1285,,90241.30323013186,163846086.5162723,0.0,0.0,120,0.0
10-208-01106,BIHAR,Supaul,Saraigarh Bhaptiyahi,0,0,,223,10,1106,,105489.5116383213,257042943.27229512,0.0,0.0,189,0.0
10-208-01107,BIHAR,Supaul,Kishanpur,0,0,,223,10,1107,,125516.73810076228,248613546.3002807,0.0,0.0,177,0.0
10-208-01108,BIHAR,Supaul,Marauna,0,0,,223,10,1108,,114969.59778192453,206419565.01179272,0.0,0.0,149,0.0
10-208-01109,BIHAR,Supaul,Supaul,0,0,,223,10,1109,,122628.008173687,390920691.5720901,0.0,0.0,287,0.0
10-208-01110,BIHAR,Supaul,Pipra,0,0,,223,10,1110,,113516.78657800167,247320462.25611627,0.0,0.0,181,0.0
10-221-01287,BIHAR,Samastipur,Khanpur,0,0,,217,10,1287,,89337.20668890505,173313349.37261373,0.0,0.0,127,0.0
10-208-01111,BIHAR,Supaul,Tribeniganj,0,0,,223,10,1111,,136684.8917573132,402291551.99740016,0.0,0.0,290,0.0
10-209-01112,BIHAR,Araria,Narpatganj,0,0,,188,10,1112,,196352.82868709194,482872068.7863751,0.0,0.0,351,0.0
10-209-01113,BIHAR,Araria,Forbesganj,0,0,,188,10,1113,,165874.55860340688,546946456.996027,0.0,0.0,392,0.0
10-209-01114,BIHAR,Araria,Bhargama,0,0,,188,10,1114,,140909.75235341018,280499778.1128878,0.0,0.0,206,0.0
10-209-01115,BIHAR,Araria,Raniganj,0,0,,188,10,1115,,160625.61646677545,576910744.770993,0.0,0.0,418,0.0
10-209-01116,BIHAR,Araria,Araria,0,0,,188,10,1116,,192057.15187743204,506918787.2643526,0.0,0.0,371,0.0
10-209-01117,BIHAR,Araria,Kursakatta,0,0,,188,10,1117,,96566.38525637137,201032230.408231,0.0,0.0,147,0.0
10-209-01118,BIHAR,Araria,Sikti,0,0,,188,10,1118,,116798.35346995249,237753016.2819182,0.0,0.0,177,0.0
10-209-01119,BIHAR,Araria,Palasi,0,0,,188,10,1119,,132578.70192307016,306240761.34804773,0.0,0.0,222,0.0
10-209-01120,BIHAR,Araria,Jokihat,0,0,,188,10,1120,,155370.9524619173,341005127.7602247,0.0,0.0,246,0.0
10-210-01121,BIHAR,Kishanganj,Terhagachh,0,0,,203,10,1121,,121953.02658094271,245208326.38245347,0.0,0.0,175,0.0
10-210-01122,BIHAR,Kishanganj,Dighalbank,0,0,,203,10,1122,,147432.83262190674,314385668.4331173,0.0,0.0,224,0.0
10-211-01129,BIHAR,Purnia,Barhara,0,0,,214,10,1129,,111073.17449432175,288009141.38478667,0.0,0.0,212,0.0
10-211-01130,BIHAR,Purnia,Bhawanipur,0,0,,214,10,1130,,116656.34435182877,201938838.4795833,0.0,0.0,147,0.0
10-211-01131,BIHAR,Purnia,Rupauli,0,0,,214,10,1131,,113946.660566684,308195114.8462847,0.0,0.0,227,0.0
10-211-01132,BIHAR,Purnia,Dhamdaha,0,0,,214,10,1132,,135370.01293426772,446856166.039676,0.0,0.0,326,0.0
10-211-01133,BIHAR,Purnia,Krityanand Nagar,0,0,,214,10,1133,,149407.41850079046,364443041.21247435,0.0,0.0,274,0.0
10-211-01134,BIHAR,Purnia,Purnia East,0,0,,214,10,1134,,127662.13358515713,309272824.56310594,0.0,0.0,228,0.0
10-211-01135,BIHAR,Purnia,Kasba,0,0,,214,10,1135,,130095.64608516233,215123054.3424731,0.0,0.0,154,0.0
10-211-01136,BIHAR,Purnia,Srinagar,0,0,,214,10,1136,,106220.57404900706,172405807.6412187,0.0,0.0,122,0.0
10-211-01137,BIHAR,Purnia,Jalalgarh,0,0,,214,10,1137,,87146.39992638786,142107808.6772385,0.0,0.0,102,0.0
10-211-01138,BIHAR,Purnia,Amour,0,0,,214,10,1138,,141371.93624621196,307011870.96961224,0.0,0.0,225,0.0
10-211-01139,BIHAR,Purnia,Baisa,0,0,,214,10,1139,,132173.35304950457,275191667.549805,0.0,0.0,197,0.0
10-211-01140,BIHAR,Purnia,Baisi,0,0,,214,10,1140,,118169.54825440844,253873549.02719215,0.0,0.0,187,0.0
10-211-01141,BIHAR,Purnia,Dagarua,0,0,,214,10,1141,,129309.28146976323,257465778.6329552,0.0,0.0,180,0.0
10-212-01142,BIHAR,Katihar,Falka,0,0,,201,10,1142,,100518.70580952488,208374539.8829749,0.0,0.0,150,0.0
10-212-01143,BIHAR,Katihar,Korha,0,0,,201,10,1143,,137118.64195203967,368801327.90483874,0.0,0.0,273,0.0
10-212-01144,BIHAR,Katihar,Hasanganj,0,0,,201,10,1144,,78227.29832785497,86155111.41022065,0.0,0.0,62,0.0
10-212-01145,BIHAR,Katihar,Kadwa,0,0,,201,10,1145,,157692.68144088247,420129854.10490626,0.0,0.0,307,0.0
10-212-01146,BIHAR,Katihar,Balrampur,0,0,,201,10,1146,,141815.18317465586,216253207.31133217,0.0,0.0,151,0.0
10-212-01147,BIHAR,Katihar,Barsoi,0,0,,201,10,1147,,172308.8160052511,357713388.6445612,0.0,0.0,261,0.0
10-212-01148,BIHAR,Katihar,Azamnagar,0,0,,201,10,1148,,141791.77759222616,349759708.1212404,0.0,0.0,253,0.0
10-221-01290,BIHAR,Samastipur,Tajpur,0,0,,217,10,1290,,57166.77792153786,83856612.1105223,0.0,0.0,61,0.0
10-212-01149,BIHAR,Katihar,Pranpur,0,0,,201,10,1149,,111803.70370561493,191475637.62126103,0.0,0.0,141,0.0
10-212-01150,BIHAR,Katihar,Dandkhora,0,0,,201,10,1150,,70987.07501110679,111201189.06340708,0.0,0.0,81,0.0
10-212-01151,BIHAR,Katihar,Katihar,0,0,,201,10,1151,,76845.81968857624,136830037.77828172,0.0,0.0,100,0.0
10-212-01152,BIHAR,Katihar,Mansahi,0,0,,201,10,1152,,73279.06289841712,97405011.1871763,0.0,0.0,73,0.0
10-212-01155,BIHAR,Katihar,Kursela,0,0,,201,10,1155,,80348.39413748268,153683091.52761996,0.0,0.0,117,0.0
10-212-01153,BIHAR,Katihar,Barari,0,0,,201,10,1153,,107333.93297446336,407446973.1478653,0.0,0.0,292,0.0
10-212-01154,BIHAR,Katihar,Sameli,0,0,,201,10,1154,,75105.36277909,118027198.2496544,0.0,0.0,81,0.0
10-212-01156,BIHAR,Katihar,Manihari,0,0,,201,10,1156,,130162.81635074862,303859830.4099729,0.0,0.0,221,0.0
10-212-01157,BIHAR,Katihar,Amdabad,0,0,,201,10,1157,,103742.71814675455,228302986.79665467,0.0,0.0,164,0.0
10-213-01158,BIHAR,Madhepura,Gamharia,0,0,,205,10,1158,,80141.00377515821,125479849.27382244,0.0,0.0,89,0.0
10-213-01160,BIHAR,Madhepura,Ghailarh,0,0,,205,10,1160,,78865.70647224285,116219722.2388165,0.0,0.0,83,0.0
10-213-01159,BIHAR,Madhepura,Singheshwar,0,0,,205,10,1159,,111627.30849980874,111167268.35246354,0.0,0.0,78,0.0
10-216-01210,BIHAR,Muzaffarpur,Bandra,0,0,,208,10,1210,,74293.85759884378,142020443.31484023,0.0,0.0,103,0.0
10-213-01161,BIHAR,Madhepura,Madhepura,0,0,,205,10,1161,,115084.47931226583,237801277.85767865,0.0,0.0,175,0.0
10-213-01162,BIHAR,Madhepura,Shankarpur,0,0,,205,10,1162,,63984.56408470212,128790837.874554,0.0,0.0,94,0.0
10-213-01163,BIHAR,Madhepura,Kumarkhand,0,0,,205,10,1163,,118191.24796123093,316976886.68211347,0.0,0.0,230,0.0
10-213-01164,BIHAR,Madhepura,Murliganj,0,0,,205,10,1164,,94211.11378994165,247086114.21145928,0.0,0.0,179,0.0
10-221-01293,BIHAR,Samastipur,Mohanpur,0,0,,217,10,1293,,74468.46489139357,163000016.77407515,0.0,0.0,120,0.0
10-213-01165,BIHAR,Madhepura,Gwalpara,0,0,,205,10,1165,,78037.2495556277,147267353.58482873,0.0,0.0,109,0.0
10-214-01172,BIHAR,Saharsa,Satar Kataiya,0,0,,216,10,1172,,77878.75925155886,177382280.64763528,0.0,0.0,130,0.0
10-213-01166,BIHAR,Madhepura,Bihariganj,0,0,,205,10,1166,,79669.40805645821,133818744.70956944,0.0,0.0,98,0.0
10-216-01211,BIHAR,Muzaffarpur,Dholi (Moraul),0,0,,208,10,1211,,63030.361633940505,73298422.6275262,0.0,0.0,50,0.0
10-213-01167,BIHAR,Madhepura,Kishanganj,0,0,,205,10,1167,,99817.47531025465,188055937.5971522,0.0,0.0,133,0.0
10-216-01212,BIHAR,Muzaffarpur,Musahri,0,0,,208,10,1212,,211487.75457487197,365415439.5943066,0.0,0.0,267,0.0
10-213-01168,BIHAR,Madhepura,Puraini,0,0,,205,10,1168,,63416.842365887525,103114850.3546553,0.0,0.0,76,0.0
10-214-01174,BIHAR,Saharsa,Kahara,0,0,,216,10,1174,,81070.16203244023,176788302.3737116,0.0,0.0,128,0.0
10-213-01169,BIHAR,Madhepura,Alamnagar,0,0,,205,10,1169,,94357.42058114092,211989804.11375904,0.0,0.0,151,0.0
10-213-01170,BIHAR,Madhepura,Chausa,0,0,,205,10,1170,,87285.75133964,172516848.53860697,0.0,0.0,124,0.0
10-214-01171,BIHAR,Saharsa,Nauhatta,0,0,,216,10,1171,,93228.84620468391,212763144.21707585,0.0,0.0,151,0.0
10-217-01227,BIHAR,Gopalganj,Sidhwalia,0,0,,197,10,1227,,69457.48217743407,152022198.31601515,0.0,0.0,109,0.0
10-214-01173,BIHAR,Saharsa,Mahishi,0,0,,216,10,1173,,106372.46434789852,273075178.2794974,0.0,0.0,195,0.0
10-214-01175,BIHAR,Saharsa,Saur Bazar,0,0,,216,10,1175,,88121.22998090234,233228921.9025612,0.0,0.0,171,0.0
10-214-01176,BIHAR,Saharsa,Patarghat,0,0,,216,10,1176,,67497.21582029684,149681422.04156074,0.0,0.0,105,0.0
10-214-01177,BIHAR,Saharsa,Sonbarsa,0,0,,216,10,1177,,90185.02153799882,263952116.041209,0.0,0.0,193,0.0
10-216-01199,BIHAR,Muzaffarpur,Sahebganj,0,0,,208,10,1199,,80060.99972290538,253055918.70266867,0.0,0.0,189,0.0
10-214-01178,BIHAR,Saharsa,Simri Bakhtiarpur,0,0,,216,10,1178,,119116.35548129058,266466354.66217396,0.0,0.0,194,0.0
10-214-01179,BIHAR,Saharsa,Salkhua,0,0,,216,10,1179,,82412.26684571667,221182533.93573853,0.0,0.0,163,0.0
10-214-01180,BIHAR,Saharsa,Banma Itahri,0,0,,216,10,1180,,54286.501575749484,92822449.4552088,0.0,0.0,68,0.0
10-215-01181,BIHAR,Darbhanga,Jale,0,0,,195,10,1181,,112473.57051363293,234172285.01568127,0.0,0.0,171,0.0
10-215-01182,BIHAR,Darbhanga,Singhwara,0,0,,195,10,1182,,121368.62688362494,223279889.67870736,0.0,0.0,162,0.0
10-215-01183,BIHAR,Darbhanga,Keotiranway,0,0,,195,10,1183,,89515.08566239705,180205403.4644349,0.0,0.0,131,0.0
10-215-01184,BIHAR,Darbhanga,Darbhanga,0,0,,195,10,1184,,131883.04966973627,240721362.1475316,0.0,0.0,174,0.0
10-215-01185,BIHAR,Darbhanga,Manigachhi,0,0,,195,10,1185,,96856.01003306538,158887287.31255177,0.0,0.0,114,0.0
10-215-01186,BIHAR,Darbhanga,Tardih,0,0,,195,10,1186,,96398.42232606321,109520018.96976715,0.0,0.0,79,0.0
10-215-01187,BIHAR,Darbhanga,Alinagar,0,0,,195,10,1187,,105560.56246873255,146523357.5416611,0.0,0.0,105,0.0
10-215-01188,BIHAR,Darbhanga,Benipur,0,0,,195,10,1188,,118482.30854716274,204643530.87647069,0.0,0.0,150,0.0
10-215-01189,BIHAR,Darbhanga,Bahadurpur,0,0,,195,10,1189,,155637.00049509996,221161760.4253616,0.0,0.0,158,0.0
10-215-01190,BIHAR,Darbhanga,Hanumannagar,0,0,,195,10,1190,,114393.83215098479,181536916.32106537,0.0,0.0,130,0.0
10-215-01191,BIHAR,Darbhanga,Hayaghat,0,0,,195,10,1191,,66118.49929402806,108810529.75916524,0.0,0.0,77,0.0
10-215-01192,BIHAR,Darbhanga,Baheri,0,0,,195,10,1192,,128629.1579498372,271307286.95794886,0.0,0.0,195,0.0
10-215-01193,BIHAR,Darbhanga,Biraul,0,0,,195,10,1193,,135706.32971678255,230203939.26841983,0.0,0.0,167,0.0
10-215-01194,BIHAR,Darbhanga,Ghanshyampur,0,0,,195,10,1194,,76766.91373126305,103945643.9979024,0.0,0.0,78,0.0
10-215-01195,BIHAR,Darbhanga,Kiratpur,0,0,,195,10,1195,,78793.19278562842,78915927.53877336,0.0,0.0,60,0.0
10-215-01196,BIHAR,Darbhanga,Gora Bauram,0,0,,195,10,1196,,99804.03366816713,145653476.81698695,0.0,0.0,104,0.0
10-215-01197,BIHAR,Darbhanga,Kusheshwar Asthan,0,0,,195,10,1197,,87220.16498537568,144130520.9401011,0.0,0.0,107,0.0
10-215-01198,BIHAR,Darbhanga,Kusheshwar Asthan Purbi,0,0,,195,10,1198,,91858.86035222423,150084285.43545517,0.0,0.0,112,0.0
10-216-01200,BIHAR,Muzaffarpur,Baruraj (Motipur),0,0,,208,10,1200,,125110.13599018812,365259305.4740948,0.0,0.0,263,0.0
10-216-01201,BIHAR,Muzaffarpur,Paroo,0,0,,208,10,1201,,136934.87791145188,413033977.3448192,0.0,0.0,295,0.0
10-216-01202,BIHAR,Muzaffarpur,Saraiya,0,0,,208,10,1202,,155820.80051537574,301402655.1404849,0.0,0.0,218,0.0
10-216-01203,BIHAR,Muzaffarpur,Marwan,0,0,,208,10,1203,,84959.92762229654,138736310.53842777,0.0,0.0,101,0.0
10-216-01204,BIHAR,Muzaffarpur,Kanti,0,0,,208,10,1204,,97122.90469976026,124757584.36625764,0.0,0.0,91,0.0
10-216-01205,BIHAR,Muzaffarpur,Minapur,0,0,,208,10,1205,,166218.11946715685,316124209.98756105,0.0,0.0,228,0.0
10-216-01206,BIHAR,Muzaffarpur,Bochaha,0,0,,208,10,1206,,126044.68100944142,233148755.94160384,0.0,0.0,167,0.0
10-216-01207,BIHAR,Muzaffarpur,Aurai,0,0,,208,10,1207,,101267.16719990574,247748190.77792475,0.0,0.0,177,0.0
10-216-01208,BIHAR,Muzaffarpur,Katra,0,0,,208,10,1208,,118891.9342746819,235108975.17115793,0.0,0.0,171,0.0
10-216-01209,BIHAR,Muzaffarpur,Gaighat,0,0,,208,10,1209,,111008.49869520529,259762671.68662548,0.0,0.0,191,0.0
10-216-01213,BIHAR,Muzaffarpur,Kurhani,0,0,,208,10,1213,,108106.10574110712,256354911.2077163,0.0,0.0,187,0.0
10-216-01214,BIHAR,Muzaffarpur,Sakra,0,0,,208,10,1214,,105121.4777371614,236360031.18726787,0.0,0.0,175,0.0
10-217-01215,BIHAR,Gopalganj,Katiya,0,0,,197,10,1215,,94755.55253264701,158441587.458013,6.328051132202148e-05,4.972040175301688e-05,112,0.005568684996337891
10-217-01216,BIHAR,Gopalganj,Bijaipur,0,0,,197,10,1216,,81309.59717969262,163112176.36717936,6.328051132202148e-05,6.328051132202148e-05,120,0.007593661358642578
10-217-01217,BIHAR,Gopalganj,Bhorey,0,0,,197,10,1217,,78790.65552761848,196013266.46535653,6.328051132202148e-05,3.295859964688619e-05,144,0.0047460383491516114
10-217-01218,BIHAR,Gopalganj,Pach Deuri,0,0,,197,10,1218,,53698.212932643866,118295317.11973979,0.0,0.0,85,0.0
10-217-01219,BIHAR,Gopalganj,Kuchaikote,0,0,,197,10,1219,,101077.28158428885,316078491.04748106,0.0,0.0,226,0.0
10-217-01220,BIHAR,Gopalganj,Phulwaria,0,0,,197,10,1220,,81339.22200232239,118763292.85091434,0.0,0.0,89,0.0
10-217-01221,BIHAR,Gopalganj,Hathua,0,0,,197,10,1221,,91546.96202775641,183613061.83342972,7.985391326904297e-05,5.281676153228039e-05,127,0.006707728714599609
10-217-01222,BIHAR,Gopalganj,Uchkagaon,0,0,,197,10,1222,,80102.93001981139,142235093.67043933,7.985391326904297e-05,5.273371630974535e-06,106,0.0005589773928833008
10-217-01223,BIHAR,Gopalganj,Thawe,0,0,,197,10,1223,,57244.55575246375,89300191.60424533,7.985391326904297e-05,1.2477173948287965e-06,64,7.985391326904297e-05
10-217-01224,BIHAR,Gopalganj,Gopalganj,0,0,,197,10,1224,,110313.13172782106,244420793.60160467,0.0,0.0,182,0.0
10-218-01232,BIHAR,Siwan,Goriakothi,0,0,,222,10,1232,,73201.39147651673,174963939.23516312,0.0,0.0,127,0.0
10-217-01225,BIHAR,Gopalganj,Manjha,0,0,,197,10,1225,,80242.78538873792,179389027.9828925,0.0,0.0,131,0.0
10-217-01226,BIHAR,Gopalganj,Barauli,0,0,,197,10,1226,,105754.79057670098,232227972.12586737,0.0,0.0,170,0.0
10-217-01228,BIHAR,Gopalganj,Baikunthpur,0,0,,197,10,1228,,97825.58906166903,256614409.24172768,0.0,0.0,185,0.0
10-218-01229,BIHAR,Siwan,Nautan,0,0,,222,10,1229,,58324.35348563096,81827813.66620097,7.985391326904297e-05,7.985391326904297e-05,58,0.004631526969604493
10-218-01230,BIHAR,Siwan,Siwan,0,0,,222,10,1230,,92599.06904644772,168879532.28230655,7.985391326904297e-05,7.308663248353087e-05,118,0.008624222633056643
10-218-01235,BIHAR,Siwan,Bhagwanpur Hat,0,0,,222,10,1235,,86430.4184146014,189582799.91524476,0.00014396934623718262,2.295163490737694e-05,138,0.0031673256172180175
10-218-01231,BIHAR,Siwan,Barharia,0,0,,222,10,1231,,90315.6629531122,219606934.01516393,7.985391326904297e-05,1.4972608737945558e-06,160,0.00023956173980712892
10-218-01233,BIHAR,Siwan,Lakri Nabiganj,0,0,,222,10,1233,,79648.98713303795,120773104.6039552,0.0,0.0,88,0.0
10-218-01234,BIHAR,Siwan,Basantpur,0,0,,222,10,1234,,57871.378293950496,76675463.02480637,0.0,0.0,56,0.0
10-218-01236,BIHAR,Siwan,Maharajganj,0,0,,222,10,1236,,119387.58843212528,142817377.5161484,0.00014396934623718262,5.4512665080098276e-05,103,0.005614804503250122
10-218-01237,BIHAR,Siwan,Pachrukhi,0,0,,222,10,1237,,99183.2392802834,160709761.40986398,7.985391326904297e-05,3.4125603961129477e-06,117,0.00039926956634521487
10-218-01238,BIHAR,Siwan,Hussainganj,0,0,,222,10,1238,,68784.84800107122,105975934.30464326,0.00012135255737304689,7.346422773206556e-05,74,0.005436352852172852
10-218-01239,BIHAR,Siwan,Ziradei,0,0,,222,10,1239,,98825.50869312549,152221780.48504183,0.00012135255737304689,8.02277749276376e-05,111,0.008905283016967774
10-218-01240,BIHAR,Siwan,Mairwa,0,0,,222,10,1240,,65279.2242200428,88898123.37504825,7.985391326904297e-05,7.900903693459251e-05,66,0.005214596437683106
10-218-01242,BIHAR,Siwan,Darauli,0,0,,222,10,1242,,90305.00161970501,214758375.6239279,0.00015081562324523927,0.00010248437184290731,155,0.015885077635650634
10-218-01241,BIHAR,Siwan,Guthani,0,0,,222,10,1241,,78778.78773845347,115110806.99004474,7.985391326904297e-05,6.262667874219941e-05,82,0.0051353876568603525
10-219-01248,BIHAR,Saran,Mashrakh,0,0,,218,10,1248,,82075.7710341599,165898243.02109933,0.0,0.0,121,0.0
10-218-01243,BIHAR,Siwan,Andar,0,0,,222,10,1243,,83358.60866933218,125625010.62434034,0.00012135255737304689,0.00011658259828063267,87,0.010142686050415042
10-219-01249,BIHAR,Saran,Panapur,0,0,,218,10,1249,,75875.09329534958,182360909.7404776,0.0,0.0,128,0.0
10-218-01244,BIHAR,Siwan,Raghunathpur,0,0,,222,10,1244,,87824.68008836384,193566358.3438411,0.00012135255737304689,0.00012135255737304689,143,0.017353415704345704
10-219-01250,BIHAR,Saran,Taraiya,0,0,,218,10,1250,,53629.0613522338,97307015.09151264,0.0,0.0,74,0.0
10-218-01245,BIHAR,Siwan,Hasanpura,0,0,,222,10,1245,,82786.09108287447,121956119.03175904,0.00014396934623718262,0.00013104107174928163,87,0.011400573242187502
10-219-01251,BIHAR,Saran,Ishupur,0,0,,218,10,1251,,62425.60798229613,109300191.56908256,0.0,0.0,76,0.0
10-218-01246,BIHAR,Siwan,Daraundha,0,0,,222,10,1246,,105400.53795370483,157911066.26165873,0.00014396934623718262,0.00012519073585841968,115,0.014396934623718261
10-219-01256,BIHAR,Saran,Jalalpur,0,0,,218,10,1256,,65042.73641147566,147549697.72689733,0.00014396934623718262,1.8661951935966055e-05,106,0.001978166905212402
10-218-01247,BIHAR,Siwan,Siswan,0,0,,222,10,1247,,98184.39847010886,155554872.77293277,0.00014396934623718262,0.00013724543603433145,111,0.015234243399810792
10-219-01259,BIHAR,Saran,Nagra,0,0,,218,10,1259,,43289.948409307304,65110006.46242106,4.0775636138916014e-05,1.7351334527198305e-05,47,0.0008155127227783203
10-219-01252,BIHAR,Saran,Baniapur,0,0,,218,10,1252,,89199.8841803021,219417775.87250236,0.00014396934623718262,3.532990091710003e-06,163,0.0005758773849487305
10-219-01253,BIHAR,Saran,Lahladpur,0,0,,218,10,1253,,49287.19248841685,70233795.44130237,0.00014396934623718262,7.774344696807862e-05,50,0.003887172348403931
10-219-01254,BIHAR,Saran,Ekma,0,0,,218,10,1254,,99716.17236158185,176114988.01319405,0.00014396934623718262,0.00014396934623718262,128,0.018428076318359375
10-219-01255,BIHAR,Saran,Manjhi,0,0,,218,10,1255,,127085.43562979231,244607530.98349065,0.00014396934623718262,0.00013339375144322713,180,0.024010875259780885
10-219-01257,BIHAR,Saran,Revelganj,0,0,,218,10,1257,,84877.1419542779,179359801.45379385,9.99784033203125e-05,4.5511857513427736e-05,125,0.005688982189178467
10-219-01258,BIHAR,Saran,Chapra,0,0,,218,10,1258,,119729.94798472138,239470568.44351175,4.0775636138916014e-05,3.822715888023376e-05,176,0.006727979962921142
10-219-01260,BIHAR,Saran,Marhaura,0,0,,218,10,1260,,87240.95030017926,190752130.05196184,4.0775636138916014e-05,1.1905295223041172e-06,137,0.00016310254455566406
10-219-01261,BIHAR,Saran,Amnour,0,0,,218,10,1261,,94922.90618840617,160109081.4065653,4.0775636138916014e-05,6.911124769307799e-07,118,8.155127227783203e-05
10-219-01263,BIHAR,Saran,Parsa,0,0,,218,10,1263,,85595.91054800974,122749042.93573296,0.0,0.0,88,0.0
10-219-01266,BIHAR,Saran,Dighwara,0,0,,218,10,1266,,81943.45164265168,101347015.6655549,0.0,0.0,72,0.0
10-219-01264,BIHAR,Saran,Dariapur,0,0,,218,10,1264,,115477.27251924115,281302380.67878103,0.0,0.0,202,0.0
10-219-01265,BIHAR,Saran,Garkha,0,0,,218,10,1265,,90147.74693968748,213336409.9887166,4.0775636138916014e-05,2.0917371785547826e-05,154,0.0032212752549743654
10-220-01269,BIHAR,Vaishali,Paterhi Belsar,0,0,,224,10,1269,,56227.36197278124,93522597.26160131,0.0,0.0,69,0.0
10-219-01267,BIHAR,Saran,Sonepur,0,0,,218,10,1267,,70412.64000247594,214865144.18564072,0.0,0.0,162,0.0
10-220-01268,BIHAR,Vaishali,Vaishali,0,0,,224,10,1268,,72706.90824879723,158663399.21103516,0.0,0.0,114,0.0
10-220-01270,BIHAR,Vaishali,Lalganj,0,0,,224,10,1270,,89595.71916906572,184177988.41986412,0.0,0.0,133,0.0
10-221-01294,BIHAR,Samastipur,Mohiuddinagar,0,0,,217,10,1294,,80607.53716768604,178536106.2701614,0.0,0.0,130,0.0
10-220-01271,BIHAR,Vaishali,Bhagwanpur,0,0,,224,10,1271,,98965.72708266653,142473218.81446454,0.0,0.0,102,0.0
10-220-01272,BIHAR,Vaishali,Goraul,0,0,,224,10,1272,,101989.77906286377,122446101.92943335,0.0,0.0,87,0.0
10-220-01273,BIHAR,Vaishali,Chehra Kalan,0,0,,224,10,1273,,63204.34388206024,89818122.94593617,0.0,0.0,66,0.0
10-220-01277,BIHAR,Vaishali,Raja Pakar,0,0,,224,10,1277,,58946.08844196175,93673217.82917874,0.0,0.0,72,0.0
10-220-01274,BIHAR,Vaishali,Patepur,0,0,,224,10,1274,,118180.33822078991,317029999.71255994,0.0,0.0,234,0.0
10-220-01275,BIHAR,Vaishali,Mahua,0,0,,224,10,1275,,86273.82517515696,171155586.12447235,0.0,0.0,125,0.0
10-220-01276,BIHAR,Vaishali,Jandaha,0,0,,224,10,1276,,99044.76663725945,179891527.10359335,0.0,0.0,128,0.0
10-220-01278,BIHAR,Vaishali,Hajipur,0,0,,224,10,1278,,80048.24731377292,194916759.16986817,0.0,0.0,140,0.0
10-220-01280,BIHAR,Vaishali,Bidupur,0,0,,224,10,1280,,88122.3198685409,139375575.9420912,0.0,0.0,99,0.0
10-220-01279,BIHAR,Vaishali,Raghopur,0,0,,224,10,1279,,128641.49950069311,338499790.0832371,0.0,0.0,246,0.0
10-220-01281,BIHAR,Vaishali,Desri,0,0,,224,10,1281,,50183.809114488824,56627949.53624974,0.0,0.0,43,0.0
10-221-01284,BIHAR,Samastipur,Kalyanpur,0,0,,217,10,1284,,147387.26660455638,294821482.9966942,0.0,0.0,214,0.0
10-221-01286,BIHAR,Samastipur,Shivaji Nagar,0,0,,217,10,1286,,96209.25031894707,172333979.18990555,0.0,0.0,130,0.0
10-221-01288,BIHAR,Samastipur,Samastipur,0,0,,217,10,1288,,112474.97484539819,170577777.20953664,0.0,0.0,123,0.0
10-221-01289,BIHAR,Samastipur,Pusa,0,0,,217,10,1289,,64081.7615729533,95008289.7510354,0.0,0.0,65,0.0
10-221-01291,BIHAR,Samastipur,Morwa,0,0,,217,10,1291,,104551.97847793197,152111293.7773472,0.0,0.0,106,0.0
10-221-01292,BIHAR,Samastipur,Patori,0,0,,217,10,1292,,69422.25062895294,130638318.44440164,0.0,0.0,93,0.0
10-221-01295,BIHAR,Samastipur,Sarairanjan,0,0,,217,10,1295,,96463.23467310029,185572344.2706523,0.0,0.0,145,0.0
10-221-01296,BIHAR,Samastipur,Vidyapati Nagar,0,0,,217,10,1296,,62930.2690484309,106322816.42401849,0.0,0.0,75,0.0
10-221-01297,BIHAR,Samastipur,Dalsinghsarai,0,0,,217,10,1297,,80515.23552986495,118201268.21451648,0.0,0.0,89,0.0
10-221-01298,BIHAR,Samastipur,Ujiarpur,0,0,,217,10,1298,,81756.09445970641,209497824.1015558,0.0,0.0,149,0.0
10-221-01300,BIHAR,Samastipur,Rosera,0,0,,217,10,1300,,84599.34785899956,138535375.895554,0.0,0.0,97,0.0
10-221-01299,BIHAR,Samastipur,Bibhutpur,0,0,,217,10,1299,,96600.53522783429,258332531.194082,0.0,0.0,187,0.0
10-221-01301,BIHAR,Samastipur,Singhia,0,0,,217,10,1301,,76055.88015393679,178639507.67998633,0.0,0.0,128,0.0
10-222-01307,BIHAR,Begusarai,Cheria Bariarpur,0,0,,191,10,1307,,80422.0696045629,127840547.1243011,0.0,0.0,89,0.0
10-221-01302,BIHAR,Samastipur,Hasanpur,0,0,,217,10,1302,,122795.93417076243,188091095.39019313,0.0,0.0,138,0.0
10-221-01303,BIHAR,Samastipur,Bithan,0,0,,217,10,1303,,72838.55780104545,149849875.79630712,0.0,0.0,109,0.0
10-222-01304,BIHAR,Begusarai,Khudabandpur,0,0,,191,10,1304,,49522.71992212785,59617610.47663844,0.0,0.0,39,0.0
10-222-01305,BIHAR,Begusarai,Chhorahi,0,0,,191,10,1305,,96201.09768359947,128309829.49376953,0.0,0.0,94,0.0
10-222-01306,BIHAR,Begusarai,Garhpura,0,0,,191,10,1306,,69581.28073662621,88651595.91159394,0.0,0.0,68,0.0
10-222-01308,BIHAR,Begusarai,Bhagwanpur,0,0,,191,10,1308,,102620.52088176137,147276258.21886113,0.0,0.0,106,0.0
10-223-01324,BIHAR,Khagaria,Mansi,0,0,,202,10,1324,,70720.37786012898,86151878.56106131,0.0,0.0,69,0.0
10-222-01309,BIHAR,Begusarai,Mansurchak,0,0,,191,10,1309,,55538.61039021854,42158333.283958256,0.0,0.0,31,0.0
10-224-01333,BIHAR,Bhagalpur,Rangra Chowk,0,0,,192,10,1333,,56200.86409227388,97946271.45940188,0.0,0.0,71,0.0
10-222-01310,BIHAR,Begusarai,Bachhwara,0,0,,191,10,1310,,112893.55520851951,186501763.14040864,0.0,0.0,138,0.0
10-222-01311,BIHAR,Begusarai,Teghra,0,0,,191,10,1311,,93442.93751421869,180050069.66821858,0.0,0.0,129,0.0
10-222-01312,BIHAR,Begusarai,Barauni,0,0,,191,10,1312,,90573.71511882372,141812926.41245717,0.0,0.0,102,0.0
10-222-01313,BIHAR,Begusarai,Birpur,0,0,,191,10,1313,,69057.86510087451,64693086.30641256,0.0,0.0,53,0.0
10-222-01314,BIHAR,Begusarai,Begusarai,0,0,,191,10,1314,,114572.02827886646,273941103.5239774,0.0,0.0,200,0.0
10-222-01315,BIHAR,Begusarai,Naokothi,0,0,,191,10,1315,,61794.845266753924,91575422.87048158,0.0,0.0,64,0.0
10-222-01316,BIHAR,Begusarai,Bakhri,0,0,,191,10,1316,,74902.13049058078,94921186.04856166,0.0,0.0,66,0.0
10-222-01317,BIHAR,Begusarai,Dandari,0,0,,191,10,1317,,77075.31892237118,85364223.36403492,0.0,0.0,65,0.0
10-222-01318,BIHAR,Begusarai,Sahebpur Kamal,0,0,,191,10,1318,,97820.3506924087,179327758.1582562,0.0,0.0,131,0.0
10-222-01319,BIHAR,Begusarai,Balia,0,0,,191,10,1319,,95726.56851828664,181873531.04775092,0.0,0.0,133,0.0
10-222-01320,BIHAR,Begusarai,Matihani,0,0,,191,10,1320,,104199.58891726227,214311339.790948,0.0,0.0,157,0.0
10-222-01321,BIHAR,Begusarai,Shamho Akha Kurha,0,0,,191,10,1321,,47884.70174269599,82130306.58899558,0.0,0.0,58,0.0
10-223-01322,BIHAR,Khagaria,Alauli,0,0,,202,10,1322,,117176.16085281859,337532903.06560946,0.0,0.0,244,0.0
10-223-01323,BIHAR,Khagaria,Khagaria,0,0,,202,10,1323,,164255.4907534744,325761754.1557925,0.0,0.0,229,0.0
10-223-01325,BIHAR,Khagaria,Chautham,0,0,,202,10,1325,,88833.5659059585,205164632.7891582,0.0,0.0,148,0.0
10-228-01376,BIHAR,Sheikhpura,Chewara,0,0,,219,10,1376,,77279.14911837938,141385828.1075451,8.448674560546875e-05,3.8991795922436763e-05,103,0.0040161549800109865
10-223-01326,BIHAR,Khagaria,Beldaur,0,0,,202,10,1326,,101449.44415348554,276820454.1841197,0.0,0.0,203,0.0
10-223-01327,BIHAR,Khagaria,Gogri,0,0,,202,10,1327,,109725.85953588395,321971045.3784509,0.0,0.0,231,0.0
10-223-01328,BIHAR,Khagaria,Parbatta,0,0,,202,10,1328,,89952.53209418767,286770838.53234714,0.0,0.0,215,0.0
10-224-01329,BIHAR,Bhagalpur,Narayanpur,0,0,,192,10,1329,,96964.50839109154,173637043.38008544,0.0,0.0,125,0.0
10-224-01330,BIHAR,Bhagalpur,Bihpur,0,0,,192,10,1330,,98960.16392998041,189427956.2070791,0.0,0.0,141,0.0
10-234-01472,BIHAR,Rohtas,Akorhi Gola,0,0,,215,10,1472,,71741.57946050014,124356844.03544964,0.00021009878662109376,0.0002100987866210937,94,0.01974928594238281
10-224-01331,BIHAR,Bhagalpur,Kharik,0,0,,192,10,1331,,103106.05203500649,169292223.68779984,0.0,0.0,125,0.0
10-224-01332,BIHAR,Bhagalpur,Naugachhia,0,0,,192,10,1332,,91833.23423872421,134223697.96961665,0.0,0.0,95,0.0
10-224-01335,BIHAR,Bhagalpur,Pirpainti,0,0,,192,10,1335,,138631.2255747686,411429376.6216011,0.0,0.0,294,0.0
10-224-01336,BIHAR,Bhagalpur,Kahalgaon,0,0,,192,10,1336,,128722.99744742387,352186242.20537144,0.0,0.0,255,0.0
10-224-01337,BIHAR,Bhagalpur,Ismailpur,0,0,,192,10,1337,,66332.03197363381,102752037.41138108,0.0,0.0,75,0.0
10-224-01338,BIHAR,Bhagalpur,Sabour,0,0,,192,10,1338,,85492.0541239663,141198925.34276122,0.0,0.0,102,0.0
10-226-01359,BIHAR,Munger,Dharhara,0,0,,207,10,1359,,105188.90103685112,355220468.750446,0.0,0.0,262,0.0
10-224-01339,BIHAR,Bhagalpur,Nathnagar,0,0,,192,10,1339,,105259.93673308079,163498377.60317266,0.0,0.0,117,0.0
10-226-01360,BIHAR,Munger,Kharagpur,0,0,,207,10,1360,,169586.30903503796,398589433.5102216,0.0,0.0,291,0.0
10-224-01340,BIHAR,Bhagalpur,Sultanganj,0,0,,192,10,1340,,139861.1879796442,266407467.3450057,0.0,0.0,198,0.0
10-224-01341,BIHAR,Bhagalpur,Shahkund,0,0,,192,10,1341,,93276.90256650816,208798734.37786233,0.0,0.0,153,0.0
10-224-01342,BIHAR,Bhagalpur,Goradih,0,0,,192,10,1342,,106918.08891287447,178026414.43832883,0.0,0.0,128,0.0
10-224-01343,BIHAR,Bhagalpur,Jagdishpur,0,0,,192,10,1343,,107045.71303668506,127447147.46016994,0.0,0.0,95,0.0
10-224-01344,BIHAR,Bhagalpur,Sonhaula,0,0,,192,10,1344,,84463.86530366821,214425428.57327408,0.0,0.0,160,0.0
10-225-01345,BIHAR,Banka,Shambhuganj,0,0,,190,10,1345,,85765.27415008907,217970788.89652416,0.0,0.0,157,0.0
10-225-01346,BIHAR,Banka,Amarpur,0,0,,190,10,1346,,98000.87839154692,234663534.19316816,0.0,0.0,176,0.0
10-225-01347,BIHAR,Banka,Rajaun,0,0,,190,10,1347,,86718.04358754268,242814641.5593075,0.0,0.0,179,0.0
10-226-01363,BIHAR,Munger,Tetiha Bambor,0,0,,207,10,1363,,73286.15332623897,95190725.80042528,0.0,0.0,70,0.0
10-225-01348,BIHAR,Banka,Dhuraiya,0,0,,190,10,1348,,106681.6377356153,285703540.38620996,0.0,0.0,208,0.0
10-225-01349,BIHAR,Banka,Barahat,0,0,,190,10,1349,,122910.23058217819,181202001.14064544,0.0,0.0,129,0.0
10-225-01350,BIHAR,Banka,Banka,0,0,,190,10,1350,,137083.07375503817,365153241.48788345,0.0,0.0,275,0.0
10-225-01351,BIHAR,Banka,Phulidumar,0,0,,190,10,1351,,117105.67306472127,248400685.45023423,0.0,0.0,176,0.0
10-225-01352,BIHAR,Banka,Belhar,0,0,,190,10,1352,,118426.40149548957,290570448.277483,7.094300621032715e-05,7.293206245921483e-06,214,0.0015607461366271974
10-225-01353,BIHAR,Banka,Chanan,0,0,,190,10,1353,,169565.08902723462,550876204.0147796,7.094300621032715e-05,3.300664230990351e-05,403,0.013301676850891115
10-225-01354,BIHAR,Banka,Katoria,0,0,,190,10,1354,,180268.89530762268,687665367.2781417,4.117032951354981e-05,3.526542169487334e-06,502,0.0017703241690826418
10-225-01355,BIHAR,Banka,Bausi,0,0,,190,10,1355,,109314.78149810205,385846183.7170387,0.0,0.0,284,0.0
10-226-01356,BIHAR,Munger,Munger,0,0,,207,10,1356,,162390.1628928388,306519605.49277806,0.0,0.0,227,0.0
10-226-01357,BIHAR,Munger,Bariarpur,0,0,,207,10,1357,,122433.4478606843,198040113.63802013,0.0,0.0,143,0.0
10-226-01358,BIHAR,Munger,Jamalpur,0,0,,207,10,1358,,72817.19566814511,112971204.64248075,0.0,0.0,79,0.0
10-226-01361,BIHAR,Munger,Asarganj,0,0,,207,10,1361,,61173.52838786665,72491453.98190036,0.0,0.0,52,0.0
10-226-01362,BIHAR,Munger,Tarapur,0,0,,207,10,1362,,54416.57713098438,86962445.68425661,0.0,0.0,62,0.0
10-226-01364,BIHAR,Munger,Sangrampur,0,0,,207,10,1364,,71205.18318302365,105786037.21986651,0.0,0.0,80,0.0
10-227-01366,BIHAR,Lakhisarai,Pipariya,0,0,,204,10,1366,,87968.2901826016,106258171.87143916,0.0,0.0,76,0.0
10-227-01365,BIHAR,Lakhisarai,Barahiya,0,0,,204,10,1365,,95965.48426593257,248505135.43154767,0.0,0.0,179,0.0
10-227-01367,BIHAR,Lakhisarai,Surajgarha,0,0,,204,10,1367,,140312.1609931406,462726462.37366486,6.307666847229004e-05,8.348382591920742e-06,340,0.002838450081253052
10-227-01368,BIHAR,Lakhisarai,Lakhisarai,0,0,,204,10,1368,,117670.76745524361,181316338.94823277,6.307666847229004e-05,4.4149205562046596e-06,133,0.0005871844339752197
10-227-01369,BIHAR,Lakhisarai,Chanan*,0,0,,204,10,1369,,86014.87070350182,177670731.10250506,6.307666847229004e-05,5.124979313373565e-05,128,0.006559973521118164
10-228-01375,BIHAR,Sheikhpura,Ghat Kusumbha,0,0,,219,10,1375,,80592.24583619394,99088070.68237934,0.0,0.0,70,0.0
10-227-01370,BIHAR,Lakhisarai,Ramgarh Chowk,0,0,,204,10,1370,,98990.57354622113,128567389.13844268,6.307666847229004e-05,3.6631347635959064e-05,94,0.003443346677780152
10-227-01371,BIHAR,Lakhisarai,Halsi,0,0,,204,10,1371,,82594.8188222393,191441208.6304817,6.307666847229004e-05,3.733878294142031e-05,139,0.0051900908288574224
10-228-01372,BIHAR,Sheikhpura,Barbigha,0,0,,219,10,1372,,83879.7675047183,115941853.486741,0.0,0.0,81,0.0
10-228-01373,BIHAR,Sheikhpura,Shekhopur Sarai,0,0,,219,10,1373,,59774.96229914819,65955650.61796794,8.448674560546875e-05,3.183128124321832e-05,45,0.0014324076559448242
10-228-01374,BIHAR,Sheikhpura,Sheikhpura,0,0,,219,10,1374,,119718.3677454689,225551054.81458032,8.448674560546875e-05,1.526113708675609e-05,170,0.002594393304748535
10-228-01377,BIHAR,Sheikhpura,Ariari,0,0,,219,10,1377,,87552.5859976097,183445963.63454768,8.448674560546875e-05,8.378150370354203e-05,137,0.011478066007385258
10-229-01378,BIHAR,Nalanda,Karai Parsurai,0,0,,209,10,1378,,58523.47447411047,82148146.79064696,7.443514671325683e-05,3.349581602096557e-05,60,0.0020097489612579344
10-229-01379,BIHAR,Nalanda,Nagar Nausa,0,0,,209,10,1379,,82570.35159490984,108015836.82811198,7.443514671325683e-05,3.5063535585403446e-05,80,0.0028050828468322757
10-229-01380,BIHAR,Nalanda,Harnaut,0,0,,209,10,1380,,124869.90123154312,224385440.0517296,6.857196464538574e-05,2.3851118137525474e-05,161,0.0038400300201416014
10-229-01381,BIHAR,Nalanda,Chandi,0,0,,209,10,1381,,70527.81459673235,147156102.481168,6.857196464538574e-05,6.291005930769334e-05,109,0.006857196464538574
10-229-01382,BIHAR,Nalanda,Rahui,0,0,,209,10,1382,,77076.6108369453,152249665.90613127,6.857196464538574e-05,6.603226225111219e-05,108,0.007131484323120117
10-229-01383,BIHAR,Nalanda,Bind,0,0,,209,10,1383,,70364.80140905235,88091657.81671415,0.0,0.0,66,0.0
10-229-01384,BIHAR,Nalanda,Sarmera,0,0,,209,10,1384,,91044.34634338948,167201876.42476654,0.0,0.0,123,0.0
10-229-01385,BIHAR,Nalanda,Asthawan,0,0,,209,10,1385,,92263.18064708126,171325630.7179731,8.448674560546875e-05,1.299919623779297e-05,125,0.0016248995297241213
10-229-01387,BIHAR,Nalanda,Noorsarai,0,0,,209,10,1387,,78528.62700534344,151514769.88009417,6.857196464538574e-05,6.857196464538572e-05,114,0.007817203969573973
10-229-01386,BIHAR,Nalanda,Bihar,0,0,,209,10,1386,,98561.8371020671,215840179.0991975,6.857196464538574e-05,6.370422022294997e-05,160,0.010192675235671996
10-229-01390,BIHAR,Nalanda,Hilsa,0,0,,209,10,1390,,93433.88804652911,175765721.10991755,7.443514671325683e-05,7.443514671325685e-05,131,0.009751004219436647
10-229-01391,BIHAR,Nalanda,Ekangarsarai,0,0,,209,10,1391,,87121.32234693572,166605847.460251,7.443514671325683e-05,7.443514671325683e-05,122,0.009081087899017334
10-229-01392,BIHAR,Nalanda,Islampur,0,0,,209,10,1392,,109868.69145522316,273834151.4326934,8.562804412841796e-05,8.107011167585234e-05,194,0.015727601665115356
10-229-01393,BIHAR,Nalanda,Ben,0,0,,209,10,1393,,66947.54721379357,127526149.56798536,8.562804412841796e-05,7.082739274856893e-05,94,0.006657774918365479
10-230-01398,BIHAR,Patna,Maner,0,0,,212,10,1398,,96133.56350709034,213315300.3597084,8.125018920898439e-05,1.8895592941804364e-05,154,0.0029099213130378723
10-229-01394,BIHAR,Nalanda,Rajgir,0,0,,209,10,1394,,88740.45664753366,198129288.77271983,8.562804412841796e-05,5.942365375440947e-05,147,0.008735277101898193
10-229-01395,BIHAR,Nalanda,Silao,0,0,,209,10,1395,,79220.42929786978,154752836.13944647,6.857196464538574e-05,4.526812655264871e-05,114,0.005160566427001953
10-229-01396,BIHAR,Nalanda,Giriak,0,0,,209,10,1396,,88347.46773236175,99576022.5731765,4.030986312866211e-05,4.030986312866212e-05,73,0.0029426200083923345
10-229-01397,BIHAR,Nalanda,Katrisarai,0,0,,209,10,1397,,38918.76300208476,48673462.28309288,8.448674560546875e-05,5.135408374786377e-05,36,0.0018487470149230957
10-230-01399,BIHAR,Patna,Dinapur-Cum-Khagaul,0,0,,212,10,1399,,78598.21354533077,184765788.04152673,8.125018920898439e-05,2.407413013599537e-05,135,0.0032500075683593753
10-234-01474,BIHAR,Rohtas,Tilouthu,0,0,,215,10,1474,,73885.57639601533,193504401.97342023,0.0002223546955871582,0.00022137317852674213,140,0.0309922449937439
10-230-01400,BIHAR,Patna,Patna Rural,0,0,,212,10,1400,,87518.10425735511,179850223.48881748,8.125018920898439e-05,1.426530039547054e-05,131,0.001868754351806641
10-230-01401,BIHAR,Patna,Sampatchak,0,0,,212,10,1401,,53219.7118618291,78902366.60372826,8.125018920898439e-05,2.850883831894189e-06,57,0.00016250037841796877
10-230-01406,BIHAR,Patna,Dulhin Bazar,0,0,,212,10,1406,,77792.54009458271,136539622.4680228,0.00011833682373046876,8.859888969247992e-05,99,0.008771290079555513
10-230-01402,BIHAR,Patna,Phulwari,0,0,,212,10,1402,,70659.26045014715,135940825.49713776,8.125018920898439e-05,7.786476465861004e-05,96,0.007475017407226564
10-230-01413,BIHAR,Patna,Khusrupur,0,0,,212,10,1413,,46143.60198551767,78201544.387751,0.0,0.0,58,0.0
10-230-01403,BIHAR,Patna,Bihta,0,0,,212,10,1403,,116564.9809665079,244879174.98088208,8.125018920898439e-05,6.873581802095687e-05,182,0.01250991887981415
10-230-01415,BIHAR,Patna,Athmalgola,0,0,,212,10,1415,,47997.69261940102,62827293.65665197,0.0,0.0,47,0.0
10-230-01404,BIHAR,Patna,Naubatpur,0,0,,212,10,1404,,105087.74367689912,205320191.59612688,8.125018920898439e-05,8.125018920898439e-05,153,0.012431278948974611
10-230-01405,BIHAR,Patna,Bikram,0,0,,212,10,1405,,86626.03512108007,186422313.04867813,8.125018920898439e-05,6.722850334919284e-05,137,0.009210304958839418
10-234-01475,BIHAR,Rohtas,Rohtas,0,0,,215,10,1475,,88257.59288547112,389741138.17794544,0.00022215588256835938,0.0001936129353687499,288,0.055760525386199966
10-230-01407,BIHAR,Patna,Paliganj,0,0,,212,10,1407,,129476.3041410336,293354152.7667747,0.00011833682373046876,0.00011583325491299139,214,0.024788316551380158
10-230-01408,BIHAR,Patna,Masaurhi,0,0,,212,10,1408,,108866.13277400887,248716954.87290823,9.917380981445313e-05,9.31321399474412e-05,178,0.016577520910644534
10-230-01409,BIHAR,Patna,Dhanarua,0,0,,212,10,1409,,95102.40821522896,225577653.19725513,9.917380981445313e-05,6.969967238069314e-05,163,0.011361046598052982
10-230-01410,BIHAR,Patna,Punpun,0,0,,212,10,1410,,82554.93388622913,161116560.78819045,8.125018920898439e-05,5.508487403998941e-05,118,0.0065000151367187505
10-230-01411,BIHAR,Patna,Fatwah,0,0,,212,10,1411,,97950.27190535897,155697451.47083917,0.0,0.0,115,0.0
10-230-01412,BIHAR,Patna,Daniawan,0,0,,212,10,1412,,69689.77872311571,79566220.36857046,0.0,0.0,56,0.0
10-230-01414,BIHAR,Patna,Bakhtiarpur,0,0,,212,10,1414,,120205.01587822943,168153072.20481881,0.0,0.0,120,0.0
10-230-01416,BIHAR,Patna,Belchhi,0,0,,212,10,1416,,88573.78025963024,87443681.0926542,0.0,0.0,70,0.0
10-230-01417,BIHAR,Patna,Barh,0,0,,212,10,1417,,95365.9771693495,147280816.515725,0.0,0.0,104,0.0
10-230-01419,BIHAR,Patna,Ghoswari,0,0,,212,10,1419,,66454.95033385535,164897376.1169027,0.0,0.0,126,0.0
10-230-01418,BIHAR,Patna,Pandarak,0,0,,212,10,1418,,106894.44852036482,252509471.6555304,0.0,0.0,180,0.0
10-232-01438,BIHAR,Buxar,Chaugain,0,0,,194,10,1438,,52625.33924401454,66025696.44875917,0.00013160761901855468,0.00013160761901855468,49,0.0064487733319091795
10-232-01439,BIHAR,Buxar,Kesath,0,0,,194,10,1439,,34661.84662025829,38236018.49691825,0.00013160761901855468,0.00013160761901855468,29,0.003816620951538086
10-230-01420,BIHAR,Patna,Mokameh,0,0,,212,10,1420,,127700.39840194934,244519830.48183808,0.0,0.0,181,0.0
10-231-01421,BIHAR,Bhojpur,Shahpur,0,0,,193,10,1421,,110658.91431619873,211766871.4500774,0.00012412771808624268,0.00010509448773457452,156,0.016394740086593626
10-234-01460,BIHAR,Rohtas,Suryapura,0,0,,215,10,1460,,56159.7630280001,69765063.31452103,0.00019205045593261721,0.00019205045593261721,47,0.009026371428833009
10-231-01422,BIHAR,Bhojpur,Arrah,0,0,,193,10,1422,,120924.06747051864,221925641.7145924,0.00011157945739746094,8.26910670750696e-05,159,0.013147879664936067
10-231-01423,BIHAR,Bhojpur,Barhara,0,0,,193,10,1423,,128817.96875565937,258494738.36324885,9.99784033203125e-05,5.937336404930234e-05,191,0.011340312533416746
10-231-01424,BIHAR,Bhojpur,Koilwar,0,0,,193,10,1424,,94779.33453556667,208456312.66749656,6.164844469070435e-05,5.7165693860790085e-05,149,0.008517688385257722
10-231-01425,BIHAR,Bhojpur,Sandesh,0,0,,193,10,1425,,60697.76797134289,164599530.19806212,0.00011833682373046876,7.029582454422774e-05,118,0.008294907296218873
10-231-01426,BIHAR,Bhojpur,Udwant Nagar,0,0,,193,10,1426,,92445.60417460876,217797556.82002312,0.00011157945739746094,9.173110452024094e-05,161,0.014768707827758791
10-234-01461,BIHAR,Rohtas,Bikramganj,0,0,,215,10,1461,,88556.32896667719,168723569.68103397,0.00019205045593261721,0.00019205045593261721,129,0.02477450881530762
10-231-01427,BIHAR,Bhojpur,Behea,0,0,,193,10,1427,,114516.77527652554,206091349.70539597,0.00013160761901855468,0.00011747332893854776,150,0.017620999340782165
10-231-01428,BIHAR,Bhojpur,Jagdishpur,0,0,,193,10,1428,,109726.00219208181,318463526.4488765,0.00013160761901855468,0.00011359984212239583,228,0.02590076400390625
10-231-01429,BIHAR,Bhojpur,Piro,0,0,,193,10,1429,,100703.96274410955,268205354.86689487,0.00019205045593261721,0.00016754641845550535,200,0.03350928369110107
10-234-01462,BIHAR,Rohtas,Karakat,0,0,,215,10,1462,,102232.22868007293,251121712.10833624,0.00021009878662109376,0.0001937554090690613,176,0.03410095199615479
10-231-01430,BIHAR,Bhojpur,Charpokhari,0,0,,193,10,1430,,88834.1327790213,135855258.49695313,0.00017750490386962892,0.00015807424596204255,95,0.015017053366394043
10-231-01431,BIHAR,Bhojpur,Garhani,0,0,,193,10,1431,,93054.52180151101,137128723.85739592,0.00017750490386962892,0.0001192600919379077,103,0.012283789469604494
10-231-01432,BIHAR,Bhojpur,Agiaon,0,0,,193,10,1432,,87534.07309197474,191419206.17039648,0.00017750490386962892,0.00013292438964651644,139,0.018476490160865784
10-231-01433,BIHAR,Bhojpur,Tarari,0,0,,193,10,1433,,95157.98131215997,247108515.4982669,0.00019205045593261721,0.00017906629081424345,177,0.03169473347412109
10-231-01434,BIHAR,Bhojpur,Sahar,0,0,,193,10,1434,,61748.81499939302,157154129.14318892,0.00017750490386962892,0.00016789641222309863,117,0.01964388023010254
10-232-01435,BIHAR,Buxar,Simri,0,0,,194,10,1435,,87047.69219699135,222195796.247413,0.00018728697647094728,0.00014475585131203258,164,0.02373995961517334
10-232-01436,BIHAR,Buxar,Chakki,0,0,,194,10,1436,,73799.54032015939,80420668.23199363,0.00013160761901855468,0.00012529645260691644,64,0.008018972966842652
10-232-01437,BIHAR,Buxar,Barhampur,0,0,,194,10,1437,,133928.15369382405,240152233.65370417,0.00013160761901855468,0.00013008446211335286,173,0.022504611945610046
10-232-01440,BIHAR,Buxar,Dumraon,0,0,,194,10,1440,,115797.88145848007,238641355.07175583,0.00018728697647094728,0.00014841026535034182,169,0.025081334844207766
10-232-01441,BIHAR,Buxar,Buxar,0,0,,194,10,1441,,90996.21871903203,211591033.38394436,0.00018728697647094728,0.00018719354927305967,157,0.029389387235870368
10-232-01442,BIHAR,Buxar,Chausa,0,0,,194,10,1442,,99103.08457070828,138502720.57991108,0.0002607688764572144,0.00022576486194503647,107,0.0241568402281189
10-232-01443,BIHAR,Buxar,Rajpur,0,0,,194,10,1443,,121142.9666413415,336933113.12217736,0.0002607688764572144,0.00020386013262861606,245,0.049945732494010936
10-232-01444,BIHAR,Buxar,Itarhi,0,0,,194,10,1444,,109439.3274763228,293713382.2816445,0.00020842837127685548,0.00018748928646908995,209,0.0391852608720398
10-232-01445,BIHAR,Buxar,Nawanagar,0,0,,194,10,1445,,126567.10382889764,229774401.79100823,0.00020842837127685548,0.00014537282082552035,169,0.02456800671951294
10-233-01446,BIHAR,Kaimur (Bhabua),Ramgarh,0,0,,200,10,1446,,124781.0721120257,206666195.02442607,0.00018800275863647462,0.0001804059648013589,151,0.027241300685005194
10-233-01447,BIHAR,Kaimur (Bhabua),Nuaon,0,0,,200,10,1447,,121732.74643995032,235834986.4758632,0.0002607688764572144,0.00019685683025739346,171,0.03366251797401428
10-233-01448,BIHAR,Kaimur (Bhabua),Kudra,0,0,,200,10,1448,,132624.50147962422,255577893.54332253,0.00018800275863647462,0.00015432112471323165,189,0.029166692570800783
10-233-01449,BIHAR,Kaimur (Bhabua),Mohania,0,0,,200,10,1449,,142323.6809133636,349176573.6513165,0.00018800275863647462,0.00018068562627002597,256,0.04625552032512665
10-233-01450,BIHAR,Kaimur (Bhabua),Durgawati,0,0,,200,10,1450,,108544.41183902678,212580801.4059764,0.00016359603801727296,0.000163596038017273,154,0.02519378985466004
10-233-01451,BIHAR,Kaimur (Bhabua),Chand,0,0,,200,10,1451,,97099.60209928264,257974481.1925409,0.00016359603801727296,0.00013597734248445393,188,0.025563740387077337
10-233-01452,BIHAR,Kaimur (Bhabua),Chainpur,0,0,,200,10,1452,,170712.34536647963,555311526.8488017,0.00016359603801727296,0.0001240271887001769,407,0.050479065800971994
10-233-01453,BIHAR,Kaimur (Bhabua),Bhabua,0,0,,200,10,1453,,143727.89821118704,407618990.38615096,0.00018800275863647462,0.00013737107735465928,301,0.041348694283752443
10-233-01454,BIHAR,Kaimur (Bhabua),Rampur,0,0,,200,10,1454,,126612.15498309073,210660395.23746365,0.00013065294952392578,0.00011751336690608288,149,0.01750949166900635
10-233-01455,BIHAR,Kaimur (Bhabua),Bhagwanpur,0,0,,200,10,1455,,134815.05705103654,292151198.96788174,0.0001342206137084961,0.00013117645597412686,211,0.02767823221054077
10-233-01456,BIHAR,Kaimur (Bhabua),Adhaura,0,0,,200,10,1456,,271357.2345421078,1135984955.9859164,0.00022121553344726564,0.00011146914624071065,833,0.09285379881851197
10-234-01457,BIHAR,Rohtas,Kochas,0,0,,215,10,1457,,90248.48407846906,187033418.62218276,0.00020842837127685548,0.00020208405219916141,132,0.026675094890289307
10-234-01458,BIHAR,Rohtas,Dinara,0,0,,215,10,1458,,157118.7651045217,464648316.8452498,0.00020842837127685548,0.00020458604509638903,341,0.06976384137786866
10-234-01459,BIHAR,Rohtas,Dawath,0,0,,215,10,1459,,78120.6651060775,129910427.66035384,0.00019205045593261721,0.00019205045593261721,94,0.018052742857666018
10-234-01466,BIHAR,Rohtas,Nokha,0,0,,215,10,1466,,82152.91978314315,208772248.59610957,0.00021009878662109376,0.00018141380758543272,148,0.026849243522644044
10-235-01476,BIHAR,Aurangabad,Daudnagar,0,0,,189,10,1476,,91010.07504965532,238139281.75712803,0.00021009878662109376,0.00020441050513256555,174,0.035567427893066404
10-234-01467,BIHAR,Rohtas,Kargahar,0,0,,215,10,1467,,128509.87472624176,406135690.59563094,0.00020842837127685548,0.00017411137624740602,296,0.05153696736923218
10-234-01468,BIHAR,Rohtas,Chenari,0,0,,215,10,1468,,121720.69626398994,292642418.8385522,0.00016706838012695314,0.0001107131600668264,215,0.023803329414367677
10-234-01469,BIHAR,Rohtas,Nauhatta,0,0,,215,10,1469,,175494.75594492842,478591449.404211,0.00022121553344726564,0.00014372660150732696,354,0.05087921693359375
10-234-01470,BIHAR,Rohtas,Sheosagar,0,0,,215,10,1470,,135463.8765525897,406503956.12222886,0.00022215588256835938,0.00016637653316588322,295,0.04908107728393555
10-234-01471,BIHAR,Rohtas,Sasaram,0,0,,215,10,1471,,135810.11950728856,394273130.8742507,0.00022215588256835938,0.00018351720654717805,290,0.05321998989868164
10-234-01473,BIHAR,Rohtas,Dehri,0,0,,215,10,1473,,97323.52013589225,199371136.99043605,0.0002223546955871582,0.00020580398182625607,145,0.02984157736480713
10-235-01477,BIHAR,Aurangabad,Haspura,0,0,,189,10,1477,,88845.10694940752,164519986.5205008,0.00020358720123291016,0.00020269523904343283,121,0.024526123924255374
10-235-01478,BIHAR,Aurangabad,Goh,0,0,,189,10,1478,,122286.20877621078,374665187.3660463,0.00020358720123291016,0.00016470158489900478,272,0.0447988310925293
10-236-01491,BIHAR,Gaya,Neem Chak Bathani,0,0,,196,10,1491,,79540.44278654993,146770773.7769567,8.562804412841796e-05,8.562804412841796e-05,103,0.00881968854522705
10-235-01479,BIHAR,Aurangabad,Rafiganj,0,0,,189,10,1479,,167069.30684925965,465687847.79432577,0.00020358720123291016,0.00016250473399276956,341,0.05541411429153442
10-235-01480,BIHAR,Aurangabad,Obra,0,0,,189,10,1480,,130720.05569071589,327203821.09876627,0.0002223546955871582,0.000203332012061268,237,0.048189686858520514
10-236-01494,BIHAR,Gaya,Manpur,0,0,,196,10,1494,,77081.78707553667,161226183.41058797,0.00015068932777404786,0.00014829208730282993,115,0.017053590039825442
10-235-01481,BIHAR,Aurangabad,Aurangabad,0,0,,189,10,1481,,125502.68609205673,344679798.38062614,0.0002223546955871582,0.00017255054101884365,256,0.044172938500823974
10-237-01511,BIHAR,Nawada,Nardiganj,0,0,,210,10,1511,,60262.24041371029,129808165.4472442,4.030986312866211e-05,4.030986312866211e-05,95,0.003829436997222901
10-235-01482,BIHAR,Aurangabad,Barun,0,0,,189,10,1482,,117269.30390529483,381782699.30215496,0.0002223546955871582,0.00021841529627663752,280,0.06115628295745851
10-235-01483,BIHAR,Aurangabad,Nabinagar,0,0,,189,10,1483,,173491.30877801325,657546828.2218357,0.0002223546955871582,0.00020507831366623906,483,0.09905282550079347
10-235-01484,BIHAR,Aurangabad,Kutumba,0,0,,189,10,1484,,110495.73757590447,319048251.76106954,0.0002223546955871582,0.00019006028846307616,229,0.04352380605804444
10-235-01485,BIHAR,Aurangabad,Deo,0,0,,189,10,1485,,158578.88849021672,336990745.1586724,0.0002223546955871582,0.00016549230380966373,251,0.041538568256225594
10-235-01486,BIHAR,Aurangabad,Madanpur,0,0,,189,10,1486,,153529.37367368402,418713952.50229967,0.00015796144523620606,0.00015397148997655578,309,0.04757719040275574
10-236-01487,BIHAR,Gaya,Konch,0,0,,196,10,1487,,154041.56172387034,319288521.7326548,0.00014962348876953126,0.00014826499992765232,232,0.03439747998321534
10-236-01488,BIHAR,Gaya,Tikari,0,0,,196,10,1488,,122221.36853604284,290576655.12704176,0.00015068932777404786,0.0001326215395680699,218,0.028911495625839237
10-236-01489,BIHAR,Gaya,Belaganj,0,0,,196,10,1489,,113473.13279109563,240372540.95814112,9.555279693603516e-05,9.555279693603514e-05,180,0.017199503448486326
10-236-01490,BIHAR,Gaya,Khizirsarai,0,0,,196,10,1490,,103698.13096672995,223124430.97950032,0.00015068932777404786,9.134896714366567e-05,165,0.015072579578704835
10-236-01492,BIHAR,Gaya,Muhra,0,0,,196,10,1492,,93681.45756176667,181269438.2139707,0.00016252456665039064,9.757645557232756e-05,134,0.013075245046691893
10-236-01493,BIHAR,Gaya,Atri,0,0,,196,10,1493,,103075.15367958385,161340647.62451813,0.00016252456665039064,0.00010105725756220456,119,0.012025813649902344
10-236-01495,BIHAR,Gaya,Gaya Town C.D.Block,0,0,,196,10,1495,,91678.58033080616,224144813.6021213,0.00015068932777404786,0.00014281268051147462,161,0.02299284156234741
10-236-01496,BIHAR,Gaya,Paraiya,0,0,,196,10,1496,,75593.31264449215,167300846.5298876,0.00015068932777404786,0.00014745894057718913,120,0.017695072869262696
10-236-01497,BIHAR,Gaya,Guraru,0,0,,196,10,1497,,81292.54933661391,199646285.7542363,0.00014498864448547364,0.00014498864448547362,147,0.021313330739364623
10-237-01512,BIHAR,Nawada,Nawada,0,0,,210,10,1512,,86822.75137888109,219317998.1072041,0.00019205800415039064,4.900880114901598e-05,157,0.007694381780395509
10-236-01498,BIHAR,Gaya,Gurua,0,0,,196,10,1498,,117859.62964526065,238015237.1519128,0.00016226678710937501,0.00014741856417485054,173,0.025503411602249147
10-236-01499,BIHAR,Gaya,Amas,0,0,,196,10,1499,,100546.69423332924,128484051.44985774,0.00016226678710937501,0.00015886211814800064,95,0.01509190122406006
10-237-01517,BIHAR,Nawada,Roh,0,0,,210,10,1517,,77804.52626079548,192537548.9783989,0.00020864865730285646,0.00017519006036175624,144,0.025227368692092897
10-236-01500,BIHAR,Gaya,Banke Bazar,0,0,,196,10,1500,,85166.97220092022,256240042.68049288,0.00016226678710937501,0.00015859488667272753,186,0.02949864892112732
10-236-01501,BIHAR,Gaya,Imamganj,0,0,,196,10,1501,,136271.57775821586,316917295.57645696,0.00016226678710937501,0.0001529621917478809,239,0.03655796382774353
10-236-01502,BIHAR,Gaya,Dumaria,0,0,,196,10,1502,,119690.94596035974,390676703.928496,0.00015930489562988282,0.00015135052254071154,285,0.04313489892410279
10-236-01503,BIHAR,Gaya,Sherghati,0,0,,196,10,1503,,100322.2973073121,167902109.12194017,0.00017190048034667967,0.0001609414919895079,123,0.01979580351470947
10-238-01531,BIHAR,Jamui,Gidhaur,0,0,,198,10,1531,,55211.5633940527,100392309.18230554,6.307666847229004e-05,5.919046729634602e-05,75,0.004439285047225952
10-236-01504,BIHAR,Gaya,Dobhi,0,0,,196,10,1504,,103572.88994215836,218837778.49499393,0.00017190048034667967,0.00017016521883188564,161,0.02739660023193359
10-236-01505,BIHAR,Gaya,Bodh Gaya,0,0,,196,10,1505,,120948.91182130505,306843965.9119923,0.00017190048034667967,0.00015239198226232116,230,0.035050155920333864
10-236-01506,BIHAR,Gaya,Tan Kuppa,0,0,,196,10,1506,,108147.94853451202,190099968.23000297,0.00017755879943847657,0.00015867328173110735,134,0.021262219751968386
10-240-01542,BIHAR,Arwal,Arwal,0,0,,611,10,1542,,73924.8054791393,147787869.27798152,0.00017750490386962892,0.0001336977676127507,104,0.013904567831726075
10-236-01507,BIHAR,Gaya,Wazirganj,0,0,,196,10,1507,,105472.06999302967,323030583.61833626,0.00016252456665039064,0.00016147143098766523,236,0.038107257713088996
10-236-01508,BIHAR,Gaya,Fatehpur,0,0,,196,10,1508,,155359.44599717355,408449805.62920874,0.00017755879943847657,0.00017035221140008225,304,0.051787072265625005
10-240-01543,BIHAR,Arwal,Kaler,0,0,,611,10,1543,,67777.19153730445,176075758.749563,0.00020358720123291016,0.00018188513701460743,131,0.023826952948913575
10-236-01509,BIHAR,Gaya,Mohanpur,0,0,,196,10,1509,,119906.24818546322,418796109.2883684,0.00017755879943847657,0.00017176586335411953,303,0.05204505659629822
10-240-01544,BIHAR,Arwal,Karpi,0,0,,611,10,1544,,158139.92638461498,234985661.7206014,0.00020358720123291016,0.00012846034197607707,172,0.022095178819885257
10-236-01510,BIHAR,Gaya,Barachatti,0,0,,196,10,1510,,138753.78132836288,366328956.31361085,0.00017755879943847657,0.00017239429728560014,275,0.04740843175354004
10-237-01513,BIHAR,Nawada,Warisaliganj,0,0,,210,10,1513,,109792.76918459819,202861050.3008767,8.448674560546875e-05,6.795798005292206e-05,147,0.009989823067779543
10-237-01514,BIHAR,Nawada,Kashi Chak,0,0,,210,10,1514,,73948.94452619922,98983451.20841853,8.448674560546875e-05,8.448674560546875e-05,72,0.006083045683593751
10-237-01515,BIHAR,Nawada,Pakribarawan,0,0,,210,10,1515,,104545.76938151139,251834567.85717744,8.448674560546875e-05,8.448674560546877e-05,184,0.015545561191406253
10-237-01516,BIHAR,Nawada,Kawakol,0,0,,210,10,1516,,121170.20018263235,362955647.76482904,0.00020864865730285646,0.0001030122728058091,266,0.02740126456634522
10-237-01518,BIHAR,Nawada,Gobindpur,0,0,,210,10,1518,,73133.35659787485,188189390.13263756,0.00020864865730285646,0.00020414548001861576,140,0.028580367202606205
10-237-01519,BIHAR,Nawada,Akbarpur,0,0,,210,10,1519,,91268.2921062847,249541236.96202633,0.00019205800415039064,0.00019205800415039064,184,0.03533867276367188
10-237-01520,BIHAR,Nawada,Hisua,0,0,,210,10,1520,,85113.4923130193,144090762.99664384,0.00019205800415039064,0.00015219705693905172,104,0.015828493921661378
10-237-01521,BIHAR,Nawada,Narhat,0,0,,210,10,1521,,62856.50481924386,99624005.77002536,0.00019205800415039064,0.00019205800415039064,69,0.013252002286376954
10-237-01522,BIHAR,Nawada,Meskaur,0,0,,210,10,1522,,75185.00287586387,145604023.18435815,0.00019205800415039064,0.00017096269165039064,112,0.019147821464843753
10-237-01523,BIHAR,Nawada,Sirdala,0,0,,210,10,1523,,111278.51695598938,301894539.186342,0.00019205800415039064,0.0001672585356770087,218,0.036462360777587896
10-237-01524,BIHAR,Nawada,Rajauli,0,0,,210,10,1524,,132370.86211000624,450216393.36794454,0.00020864865730285646,0.00014355382230512375,333,0.047803422827606204
10-238-01525,BIHAR,Jamui,Islamnagar Aliganj,0,0,,198,10,1525,,96153.77396855215,213408239.47295904,8.448674560546875e-05,4.445406478001521e-05,156,0.006934834105682373
10-238-01526,BIHAR,Jamui,Sikandra,0,0,,198,10,1526,,86788.2538333537,223096734.30010977,6.307666847229004e-05,3.827424510908716e-05,162,0.00620042770767212
10-238-01527,BIHAR,Jamui,Jamui,0,0,,198,10,1527,,90084.78430112793,212157753.6648698,6.307666847229004e-05,6.272958468972483e-05,155,0.009723085626907348
10-238-01528,BIHAR,Jamui,Barhat,0,0,,198,10,1528,,114104.37581341481,270298087.1382075,6.307666847229004e-05,5.251052603784551e-05,197,0.010344573629455565
10-238-01529,BIHAR,Jamui,Lakshmipur,0,0,,198,10,1529,,112147.89260238525,307635253.00857943,6.307666847229004e-05,1.682044492594401e-05,225,0.0037846001083374024
10-238-01530,BIHAR,Jamui,Jhajha,0,0,,198,10,1530,,147664.43327942316,507112726.974952,7.094300621032715e-05,6.421547233746503e-05,370,0.023759724764862062
10-238-01532,BIHAR,Jamui,Khaira,0,0,,198,10,1532,,142747.05687020053,513762691.7981683,6.307666847229004e-05,5.610101873929052e-05,377,0.021150084064712527
10-238-01533,BIHAR,Jamui,Sono,0,0,,198,10,1533,,117724.39892386932,474283005.7300444,7.094300621032715e-05,5.652512599365759e-05,349,0.019727268971786498
10-238-01534,BIHAR,Jamui,Chakai,0,0,,198,10,1534,,243956.2217086091,956725034.6798706,7.094300621032715e-05,4.410674925842285e-05,700,0.030874724480895996
10-239-01535,BIHAR,Jehanabad,Ratni Faridpur,0,0,,199,10,1535,,82762.53932271499,155018952.20303965,0.00014962348876953126,0.00011059538446259081,114,0.012607873828735353
10-239-01536,BIHAR,Jehanabad,Jehanabad,0,0,,199,10,1536,,97254.09844747804,201426556.69272655,9.917380981445313e-05,9.917380981445313e-05,148,0.014677723852539064
10-239-01537,BIHAR,Jehanabad,Kako,0,0,,199,10,1537,,83599.3529020472,162373941.78194478,9.917380981445313e-05,9.917380981445315e-05,118,0.011702509558105471
10-239-01538,BIHAR,Jehanabad,Modanganj,0,0,,199,10,1538,,66522.90037500951,97205276.85869928,9.917380981445313e-05,8.124724234981814e-05,69,0.0056060597221374514
10-239-01539,BIHAR,Jehanabad,Ghoshi,0,0,,199,10,1539,,82931.95174196921,112225161.55433495,9.917380981445313e-05,9.41574558120176e-05,83,0.007815068832397461
10-239-01540,BIHAR,Jehanabad,Makhdumpur,0,0,,199,10,1540,,128831.72570768485,301471679.33572614,9.917380981445313e-05,9.595327762304911e-05,217,0.020821861244201656
10-239-01541,BIHAR,Jehanabad,Hulasganj,0,0,,199,10,1541,,87179.53907708311,119677697.18988888,9.917380981445313e-05,8.580981222364639e-05,90,0.007722883100128175
10-240-01545,BIHAR,Arwal,Sonbhadra Banshi Suryapur,0,0,,611,10,1545,,62692.97791397586,116643000.97724338,0.00014962348876953126,0.00014208453333843188,83,0.011793016267089845
10-240-01546,BIHAR,Arwal,Kurtha,0,0,,611,10,1546,,71585.17106640573,106433073.5354984,0.00014962348876953126,0.00013438126734024438,78,0.010481738852539063
10-224-01334,BIHAR,Bhagalpur,Gopalpur,0,0,,192,10,1334,,95407.9186210158,208941966.91883087,0.0,0.0,153,0.0
10-210-01127,BIHAR,Kishanganj,Kishanganj,0,0,,203,10,1127,,125268.33771117091,207105687.55921903,0.0,0.0,152,0.0
10-206-01064,BIHAR,Sitamarhi,Suppi,0,0,,221,10,1064,,71084.15120823232,92250451.53846286,0.0,0.0,66,0.0
10-234-01463,BIHAR,Rohtas,Nasriganj,0,0,,215,10,1463,,90034.07903274363,167356919.18355417,0.0001810443656539917,0.00017519071003262962,126,0.02207402946411133
10-234-01464,BIHAR,Rohtas,Rajpur,0,0,,215,10,1464,,68660.48684625747,85633596.4997788,0.0001810443656539917,0.0001810443656539917,63,0.011405795036201477
10-234-01465,BIHAR,Rohtas,Sanjhauli,0,0,,215,10,1465,,56591.722358052,83833486.39015438,0.0001810443656539917,0.00017744115082513718,63,0.011178792501983642
10-203-01023,BIHAR,Pashchim Champaran,Thakrahan,0,0,,211,10,1023,,79847.09402015881,199004696.79409248,0.0,0.0,145,0.0
10-204-01054,BIHAR,Purbi Champaran,Phenhara,0,0,,213,10,1054,,44565.43736457999,67645025.94776015,0.0,0.0,51,0.0
10-219-01262,BIHAR,Saran,Maker,0,0,,218,10,1262,,62357.8736467211,96585777.9808088,0.0,0.0,71,0.0
10-220-01282,BIHAR,Vaishali,Sahdai Buzurg,0,0,,224,10,1282,,74546.65030748869,114161677.3631406,0.0,0.0,84,0.0
10-229-01388,BIHAR,Nalanda,Tharthari,0,0,,209,10,1388,,71853.42144919158,77411758.12428828,0.0001224361573791504,9.806350037186234e-05,54,0.0052954290200805665
10-229-01389,BIHAR,Nalanda,Parbalpur,0,0,,209,10,1389,,54466.2339431045,76043839.88376136,0.0001224361573791504,8.046793421609061e-05,56,0.004506204316101074
10-203-01022,BIHAR,Pashchim Champaran,Bhitaha,0,0,,211,10,1022,,72626.86760213553,166969906.7472905,0.0,0.0,117,0.0
10-203-01013,BIHAR,Pashchim Champaran,Sidhaw,0,0,,211,10,1013,,195582.3602130639,1085337194.6715722,0.0,0.0,781,0.0
10-203-01014,BIHAR,Pashchim Champaran,Ramnagar,0,0,,211,10,1014,,230865.78384139363,866139404.2451236,0.0,0.0,621,0.0
10-203-01015,BIHAR,Pashchim Champaran,Gaunaha,0,0,,211,10,1015,,136504.94021895694,605322845.3823951,0.0,0.0,441,0.0
10-203-01016,BIHAR,Pashchim Champaran,Mainatanr,0,0,,211,10,1016,,115419.13930249632,312998546.4010918,0.0,0.0,221,0.0
10-203-01017,BIHAR,Pashchim Champaran,Narkatiaganj,0,0,,211,10,1017,,149144.20649331805,441857686.2127825,0.0,0.0,314,0.0
10-203-01018,BIHAR,Pashchim Champaran,Lauriya,0,0,,211,10,1018,,120853.32018665274,255440417.54612216,0.0,0.0,183,0.0
10-203-01019,BIHAR,Pashchim Champaran,Bagaha,0,0,,211,10,1019,,135587.24079810514,491292931.53180623,0.0,0.0,352,0.0
10-203-01021,BIHAR,Pashchim Champaran,Madhubani,0,0,,211,10,1021,,144670.82201821523,386116138.1353823,0.0,0.0,276,0.0
10-203-01024,BIHAR,Pashchim Champaran,Jogapatti,0,0,,211,10,1024,,88530.23644360513,258722436.3759333,0.0,0.0,186,0.0
10-203-01029,BIHAR,Pashchim Champaran,Bairia,0,0,,211,10,1029,,105039.82861382668,288505226.87341565,0.0,0.0,208,0.0
10-203-01025,BIHAR,Pashchim Champaran,Chanpatia,0,0,,211,10,1025,,113543.7602983494,310017349.34780717,0.0,0.0,226,0.0
10-206-01071,BIHAR,Sitamarhi,Parsauni,0,0,,221,10,1071,,63729.135625112256,74724139.64418457,0.0,0.0,55,0.0
10-203-01026,BIHAR,Pashchim Champaran,Sikta,0,0,,211,10,1026,,93443.22825707054,255004178.86147365,0.0,0.0,183,0.0
10-203-01027,BIHAR,Pashchim Champaran,Majhaulia,0,0,,211,10,1027,,123374.4030721297,371511179.15939575,0.0,0.0,265,0.0
10-203-01028,BIHAR,Pashchim Champaran,Bettiah,0,0,,211,10,1028,,53968.26030594324,83182055.35378212,0.0,0.0,59,0.0
10-203-01030,BIHAR,Pashchim Champaran,Nautan,0,0,,211,10,1030,,122656.63983711715,245738630.13883996,0.0,0.0,171,0.0
10-204-01031,BIHAR,Purbi Champaran,Raxaul,0,0,,213,10,1031,,98709.78801801558,166685360.13968688,0.0,0.0,124,0.0
10-206-01072,BIHAR,Sitamarhi,Belsand,0,0,,221,10,1072,,66235.5873217276,97354060.86547032,0.0,0.0,70,0.0
10-206-01073,BIHAR,Sitamarhi,Runisaidpur,0,0,,221,10,1073,,152472.54206325076,334873257.0825382,0.0,0.0,243,0.0
10-204-01032,BIHAR,Purbi Champaran,Adapur,0,0,,213,10,1032,,94532.37688292323,199608924.7111849,0.0,0.0,148,0.0
10-206-01074,BIHAR,Sitamarhi,Dumra,0,0,,221,10,1074,,111649.34177378344,241159212.36062923,0.0,0.0,178,0.0
10-204-01033,BIHAR,Purbi Champaran,Ramgarhwa,0,0,,213,10,1033,,90718.26831189607,213035907.5226096,0.0,0.0,154,0.0
10-204-01034,BIHAR,Purbi Champaran,Sugauli,0,0,,213,10,1034,,84892.41923436844,209336830.19001696,0.0,0.0,149,0.0
10-204-01038,BIHAR,Purbi Champaran,Ghorasahan,0,0,,213,10,1038,,75335.10865687576,144368243.47105,0.0,0.0,104,0.0
10-204-01035,BIHAR,Purbi Champaran,Banjaria,0,0,,213,10,1035,,102381.40449613356,176960195.87167916,0.0,0.0,124,0.0
10-204-01047,BIHAR,Purbi Champaran,Kesaria,0,0,,213,10,1047,,87546.8206889307,229535442.11688668,0.0,0.0,168,0.0
10-204-01036,BIHAR,Purbi Champaran,Narkatia,0,0,,213,10,1036,,105607.09704406632,168338010.30978012,0.0,0.0,120,0.0
10-204-01037,BIHAR,Purbi Champaran,Bankatwa,0,0,,213,10,1037,,99233.37216886049,115311013.90225838,0.0,0.0,82,0.0
10-204-01039,BIHAR,Purbi Champaran,Dhaka,0,0,,213,10,1039,,97673.73467814895,202386545.86227983,0.0,0.0,145,0.0
10-204-01048,BIHAR,Purbi Champaran,Kalyanpur,0,0,,213,10,1048,,109413.20044555076,313300912.50613195,0.0,0.0,230,0.0
10-204-01040,BIHAR,Purbi Champaran,Chiraia,0,0,,213,10,1040,,110764.71696779084,272984575.32652414,0.0,0.0,199,0.0
10-204-01041,BIHAR,Purbi Champaran,Motihari,0,0,,213,10,1041,,181544.26702654368,319814691.13850176,0.0,0.0,241,0.0
10-204-01049,BIHAR,Purbi Champaran,Kotwa,0,0,,213,10,1049,,78879.98205471091,178282937.71225017,0.0,0.0,126,0.0
10-204-01042,BIHAR,Purbi Champaran,Turkaulia,0,0,,213,10,1042,,99475.78497366334,174748315.94966665,0.0,0.0,130,0.0
10-204-01050,BIHAR,Purbi Champaran,Piprakothi,0,0,,213,10,1050,,58369.33889310607,62223774.49301849,0.0,0.0,45,0.0
10-204-01043,BIHAR,Purbi Champaran,Harsidhi,0,0,,213,10,1043,,133904.34238337883,240218359.62130272,0.0,0.0,173,0.0
10-204-01044,BIHAR,Purbi Champaran,Paharpur,0,0,,213,10,1044,,108730.62076802726,192061375.0173064,0.0,0.0,144,0.0
10-204-01045,BIHAR,Purbi Champaran,Areraj,0,0,,213,10,1045,,93331.67353690567,242725576.26244012,0.0,0.0,174,0.0
10-204-01046,BIHAR,Purbi Champaran,Sangrampur,0,0,,213,10,1046,,78133.67961210197,187659878.02718252,0.0,0.0,133,0.0
10-204-01051,BIHAR,Purbi Champaran,Chakia(Pipra),0,0,,213,10,1051,,129110.66914194856,212940547.80779588,0.0,0.0,145,0.0
10-204-01052,BIHAR,Purbi Champaran,Pakri Dayal,0,0,,213,10,1052,,90143.40730437863,148110040.62869397,0.0,0.0,106,0.0
10-204-01053,BIHAR,Purbi Champaran,Patahi,0,0,,213,10,1053,,85994.51677214028,144960443.14880535,0.0,0.0,100,0.0
10-204-01055,BIHAR,Purbi Champaran,Madhuban,0,0,,213,10,1055,,112681.00006095257,152424272.44650427,0.0,0.0,114,0.0
10-204-01056,BIHAR,Purbi Champaran,Tetaria,0,0,,213,10,1056,,82320.72754353678,104458405.63845472,0.0,0.0,74,0.0
10-205-01058,BIHAR,Sheohar,Purnahiya,0,0,,220,10,1058,,57294.126150412616,80859097.14068061,0.0,0.0,59,0.0
10-204-01057,BIHAR,Purbi Champaran,Mehsi,0,0,,213,10,1057,,125063.78039343117,149773808.08158112,0.0,0.0,108,0.0
10-205-01059,BIHAR,Sheohar,Piprarhi,0,0,,220,10,1059,,105870.45511307275,104265216.9562483,0.0,0.0,77,0.0
10-205-01060,BIHAR,Sheohar,Sheohar,0,0,,220,10,1060,,81007.5322908237,115638983.35873616,0.0,0.0,83,0.0
10-205-01061,BIHAR,Sheohar,Dumri Katsari,0,0,,220,10,1061,,65038.65439014734,84655470.24819931,0.0,0.0,59,0.0
10-205-01062,BIHAR,Sheohar,Tariani Chowk,0,0,,220,10,1062,,97491.22869259815,171878914.60720828,0.0,0.0,126,0.0
10-206-01063,BIHAR,Sitamarhi,Bairgania,0,0,,221,10,1063,,59598.621146511534,94417571.99630062,0.0,0.0,70,0.0
10-206-01065,BIHAR,Sitamarhi,Majorganj,0,0,,221,10,1065,,62808.55729710282,95411217.42446172,0.0,0.0,68,0.0
10-206-01066,BIHAR,Sitamarhi,Sonbarsa,0,0,,221,10,1066,,92820.94699371175,224104085.6083578,0.0,0.0,155,0.0
10-206-01067,BIHAR,Sitamarhi,Parihar,0,0,,221,10,1067,,86838.20299610356,272812569.4060281,0.0,0.0,197,0.0
10-207-01095,BIHAR,Madhubani,Rajnagar,0,0,,206,10,1095,,78809.12744912357,223111125.2667772,0.0,0.0,158,0.0
10-206-01068,BIHAR,Sitamarhi,Sursand,0,0,,221,10,1068,,91215.71647520129,181412871.1123928,0.0,0.0,134,0.0
10-206-01069,BIHAR,Sitamarhi,Bathnaha,0,0,,221,10,1069,,120764.04051803834,251403523.12922087,0.0,0.0,185,0.0
10-206-01070,BIHAR,Sitamarhi,Riga,0,0,,221,10,1070,,129433.73210860479,163724219.02092636,0.0,0.0,114,0.0
10-210-01123,BIHAR,Kishanganj,Thakurganj,0,0,,203,10,1123,,224971.2940646554,491161543.46963537,0.0,0.0,353,0.0
10-210-01124,BIHAR,Kishanganj,Pothia,0,0,,203,10,1124,,167388.9118766352,443844792.4531903,0.0,0.0,321,0.0
10-210-01125,BIHAR,Kishanganj,Bahadurganj,0,0,,203,10,1125,,155296.13881782343,347494200.8377232,0.0,0.0,251,0.0
10-210-01126,BIHAR,Kishanganj,Kochadhamin,0,0,,203,10,1126,,139640.52665725534,360840233.8364798,0.0,0.0,258,0.0
10-211-01128,BIHAR,Purnia,Banmankhi,0,0,,214,10,1128,,142815.61519736593,459936087.34673214,0.0,0.0,333,0.0
10-206-01075,BIHAR,Sitamarhi,Bajpatti,0,0,,221,10,1075,,90407.29439213518,174303329.1783474,0.0,0.0,125,0.0
10-206-01076,BIHAR,Sitamarhi,Charaut,0,0,,221,10,1076,,85128.15752493152,91349700.81924292,0.0,0.0,62,0.0
10-206-01077,BIHAR,Sitamarhi,Pupri,0,0,,221,10,1077,,73992.24203369493,115338203.66308306,0.0,0.0,82,0.0
10-206-01078,BIHAR,Sitamarhi,Nanpur,0,0,,221,10,1078,,73315.01223618646,135892566.9983101,0.0,0.0,100,0.0
10-220-01283,BIHAR,Vaishali,Mahnar,0,0,,224,10,1283,,81638.1139853176,126474580.44313861,0.0,0.0,89,0.0
10-206-01079,BIHAR,Sitamarhi,Bokhara,0,0,,221,10,1079,,81978.13188098712,108574895.39827529,0.0,0.0,79,0.0
10-207-01080,BIHAR,Madhubani,Madhwapur,0,0,,206,10,1080,,88808.76172423853,137557654.90878707,0.0,0.0,103,0.0
10-207-01081,BIHAR,Madhubani,Harlakhi,0,0,,206,10,1081,,90217.76640094945,187441757.00046396,0.0,0.0,138,0.0
10-207-01082,BIHAR,Madhubani,Basopatti,0,0,,206,10,1082,,97634.90682970545,164238774.4639331,0.0,0.0,122,0.0
10-207-01089,BIHAR,Madhubani,Khajauli,0,0,,206,10,1089,,91171.28062794723,150968724.81279027,0.0,0.0,108,0.0
10-207-01083,BIHAR,Madhubani,Jainagar,0,0,,206,10,1083,,81489.61423509955,161880108.8306139,0.0,0.0,115,0.0
10-207-01090,BIHAR,Madhubani,Kaluahi,0,0,,206,10,1090,,62305.281593423286,101560283.08963235,0.0,0.0,75,0.0
10-207-01084,BIHAR,Madhubani,Ladania,0,0,,206,10,1084,,97928.14946240213,232665607.5684243,0.0,0.0,164,0.0
10-207-01085,BIHAR,Madhubani,Laukaha,0,0,,206,10,1085,,102032.19667129294,266340932.00179368,0.0,0.0,197,0.0
10-207-01086,BIHAR,Madhubani,Laukahi,0,0,,206,10,1086,,109679.24973352649,329223432.564553,0.0,0.0,237,0.0
10-207-01087,BIHAR,Madhubani,Phulparas,0,0,,206,10,1087,,117974.41186319289,199352334.8677591,0.0,0.0,140,0.0
10-207-01088,BIHAR,Madhubani,Babubarhi,0,0,,206,10,1088,,118996.04641992833,237192379.86086744,0.0,0.0,174,0.0
10-207-01091,BIHAR,Madhubani,Benipatti,0,0,,206,10,1091,,128414.2409747215,328987645.9449377,0.0,0.0,231,0.0
10-207-01092,BIHAR,Madhubani,Bisfi,0,0,,206,10,1092,,99754.46134559005,226192948.413646,0.0,0.0,165,0.0
10-207-01093,BIHAR,Madhubani,Madhubani,0,0,,206,10,1093,,109764.71764889831,200359220.56727448,0.0,0.0,142,0.0
10-207-01094,BIHAR,Madhubani,Pandaul,0,0,,206,10,1094,,102372.75527307783,208327489.63825428,0.0,0.0,148,0.0
10-207-01096,BIHAR,Madhubani,Andhratharhi,0,0,,206,10,1096,,97300.5167595078,186769445.10608673,0.0,0.0,134,0.0
10-207-01097,BIHAR,Madhubani,Jhanjharpur,0,0,,206,10,1097,,125261.96837896874,181284371.95402232,0.0,0.0,132,0.0
10-207-01098,BIHAR,Madhubani,Ghoghardiha,0,0,,206,10,1098,,114215.40677637524,211228851.4219488,0.0,0.0,159,0.0
10-207-01099,BIHAR,Madhubani,Lakhnaur,0,0,,206,10,1099,,72956.74167609161,146945623.14022,0.0,0.0,110,0.0
10-207-01100,BIHAR,Madhubani,Madhepur,0,0,,206,10,1100,,144505.38034518834,300452948.5687113,0.0,0.0,212,0.0
10-208-01101,BIHAR,Supaul,Nirmali,0,0,,223,10,1101,,123310.21889922836,162734364.67066902,0.0,0.0,118,0.0
10-208-01102,BIHAR,Supaul,Basantpur,0,0,,223,10,1102,,136288.63693043106,319456339.75100917,0.0,0.0,228,0.0
10-208-01103,BIHAR,Supaul,Chhatapur,0,0,,223,10,1103,,142271.17176584958,398825687.2446475,0.0,0.0,285,0.0
10-208-01104,BIHAR,Supaul,Pratapganj,0,0,,223,10,1104,,71155.69013184242,133032565.19323792,0.0,0.0,97,0.0
10-208-01105,BIHAR,Supaul,Raghopur,0,0,,223,10,1105,,111831.20983491397,255841046.48838165,0.0,0.0,187,0.0
10-221-01285,BIHAR,Samastipur,Warisnagar,0,0,,217,10,1285,,90241.30323013186,163846086.5162723,0.0,0.0,120,0.0
10-208-01106,BIHAR,Supaul,Saraigarh Bhaptiyahi,0,0,,223,10,1106,,105489.5116383213,257042943.27229512,0.0,0.0,189,0.0
10-208-01107,BIHAR,Supaul,Kishanpur,0,0,,223,10,1107,,125516.73810076228,248613546.3002807,0.0,0.0,177,0.0
10-208-01108,BIHAR,Supaul,Marauna,0,0,,223,10,1108,,114969.59778192453,206419565.01179272,0.0,0.0,149,0.0
10-208-01109,BIHAR,Supaul,Supaul,0,0,,223,10,1109,,122628.008173687,390920691.5720901,0.0,0.0,287,0.0
10-208-01110,BIHAR,Supaul,Pipra,0,0,,223,10,1110,,113516.78657800167,247320462.25611627,0.0,0.0,181,0.0
10-221-01287,BIHAR,Samastipur,Khanpur,0,0,,217,10,1287,,89337.20668890505,173313349.37261373,0.0,0.0,127,0.0
10-208-01111,BIHAR,Supaul,Tribeniganj,0,0,,223,10,1111,,136684.8917573132,402291551.99740016,0.0,0.0,290,0.0
10-209-01112,BIHAR,Araria,Narpatganj,0,0,,188,10,1112,,196352.82868709194,482872068.7863751,0.0,0.0,351,0.0
10-209-01113,BIHAR,Araria,Forbesganj,0,0,,188,10,1113,,165874.55860340688,546946456.996027,0.0,0.0,392,0.0
10-209-01114,BIHAR,Araria,Bhargama,0,0,,188,10,1114,,140909.75235341018,280499778.1128878,0.0,0.0,206,0.0
10-209-01115,BIHAR,Araria,Raniganj,0,0,,188,10,1115,,160625.61646677545,576910744.770993,0.0,0.0,418,0.0
10-209-01116,BIHAR,Araria,Araria,0,0,,188,10,1116,,192057.15187743204,506918787.2643526,0.0,0.0,371,0.0
10-209-01117,BIHAR,Araria,Kursakatta,0,0,,188,10,1117,,96566.38525637137,201032230.408231,0.0,0.0,147,0.0
10-209-01118,BIHAR,Araria,Sikti,0,0,,188,10,1118,,116798.35346995249,237753016.2819182,0.0,0.0,177,0.0
10-209-01119,BIHAR,Araria,Palasi,0,0,,188,10,1119,,132578.70192307016,306240761.34804773,0.0,0.0,222,0.0
10-209-01120,BIHAR,Araria,Jokihat,0,0,,188,10,1120,,155370.9524619173,341005127.7602247,0.0,0.0,246,0.0
10-210-01121,BIHAR,Kishanganj,Terhagachh,0,0,,203,10,1121,,121953.02658094271,245208326.38245347,0.0,0.0,175,0.0
10-210-01122,BIHAR,Kishanganj,Dighalbank,0,0,,203,10,1122,,147432.83262190674,314385668.4331173,0.0,0.0,224,0.0
10-211-01129,BIHAR,Purnia,Barhara,0,0,,214,10,1129,,111073.17449432175,288009141.38478667,0.0,0.0,212,0.0
10-211-01130,BIHAR,Purnia,Bhawanipur,0,0,,214,10,1130,,116656.34435182877,201938838.4795833,0.0,0.0,147,0.0
10-211-01131,BIHAR,Purnia,Rupauli,0,0,,214,10,1131,,113946.660566684,308195114.8462847,0.0,0.0,227,0.0
10-211-01132,BIHAR,Purnia,Dhamdaha,0,0,,214,10,1132,,135370.01293426772,446856166.039676,0.0,0.0,326,0.0
10-211-01133,BIHAR,Purnia,Krityanand Nagar,0,0,,214,10,1133,,149407.41850079046,364443041.21247435,0.0,0.0,274,0.0
10-211-01134,BIHAR,Purnia,Purnia East,0,0,,214,10,1134,,127662.13358515713,309272824.56310594,0.0,0.0,228,0.0
10-211-01135,BIHAR,Purnia,Kasba,0,0,,214,10,1135,,130095.64608516233,215123054.3424731,0.0,0.0,154,0.0
10-211-01136,BIHAR,Purnia,Srinagar,0,0,,214,10,1136,,106220.57404900706,172405807.6412187,0.0,0.0,122,0.0
10-211-01137,BIHAR,Purnia,Jalalgarh,0,0,,214,10,1137,,87146.39992638786,142107808.6772385,0.0,0.0,102,0.0
10-211-01138,BIHAR,Purnia,Amour,0,0,,214,10,1138,,141371.93624621196,307011870.96961224,0.0,0.0,225,0.0
10-211-01139,BIHAR,Purnia,Baisa,0,0,,214,10,1139,,132173.35304950457,275191667.549805,0.0,0.0,197,0.0
10-211-01140,BIHAR,Purnia,Baisi,0,0,,214,10,1140,,118169.54825440844,253873549.02719215,0.0,0.0,187,0.0
10-211-01141,BIHAR,Purnia,Dagarua,0,0,,214,10,1141,,129309.28146976323,257465778.6329552,0.0,0.0,180,0.0
10-212-01142,BIHAR,Katihar,Falka,0,0,,201,10,1142,,100518.70580952488,208374539.8829749,0.0,0.0,150,0.0
10-212-01143,BIHAR,Katihar,Korha,0,0,,201,10,1143,,137118.64195203967,368801327.90483874,0.0,0.0,273,0.0
10-212-01144,BIHAR,Katihar,Hasanganj,0,0,,201,10,1144,,78227.29832785497,86155111.41022065,0.0,0.0,62,0.0
10-212-01145,BIHAR,Katihar,Kadwa,0,0,,201,10,1145,,157692.68144088247,420129854.10490626,0.0,0.0,307,0.0
10-212-01146,BIHAR,Katihar,Balrampur,0,0,,201,10,1146,,141815.18317465586,216253207.31133217,0.0,0.0,151,0.0
10-212-01147,BIHAR,Katihar,Barsoi,0,0,,201,10,1147,,172308.8160052511,357713388.6445612,0.0,0.0,261,0.0
10-212-01148,BIHAR,Katihar,Azamnagar,0,0,,201,10,1148,,141791.77759222616,349759708.1212404,0.0,0.0,253,0.0
10-221-01290,BIHAR,Samastipur,Tajpur,0,0,,217,10,1290,,57166.77792153786,83856612.1105223,0.0,0.0,61,0.0
10-212-01149,BIHAR,Katihar,Pranpur,0,0,,201,10,1149,,111803.70370561493,191475637.62126103,0.0,0.0,141,0.0
10-212-01150,BIHAR,Katihar,Dandkhora,0,0,,201,10,1150,,70987.07501110679,111201189.06340708,0.0,0.0,81,0.0
10-212-01151,BIHAR,Katihar,Katihar,0,0,,201,10,1151,,76845.81968857624,136830037.77828172,0.0,0.0,100,0.0
10-212-01152,BIHAR,Katihar,Mansahi,0,0,,201,10,1152,,73279.06289841712,97405011.1871763,0.0,0.0,73,0.0
10-212-01155,BIHAR,Katihar,Kursela,0,0,,201,10,1155,,80348.39413748268,153683091.52761996,0.0,0.0,117,0.0
10-212-01153,BIHAR,Katihar,Barari,0,0,,201,10,1153,,107333.93297446336,407446973.1478653,0.0,0.0,292,0.0
10-212-01154,BIHAR,Katihar,Sameli,0,0,,201,10,1154,,75105.36277909,118027198.2496544,0.0,0.0,81,0.0
10-212-01156,BIHAR,Katihar,Manihari,0,0,,201,10,1156,,130162.81635074862,303859830.4099729,0.0,0.0,221,0.0
10-212-01157,BIHAR,Katihar,Amdabad,0,0,,201,10,1157,,103742.71814675455,228302986.79665467,0.0,0.0,164,0.0
10-213-01158,BIHAR,Madhepura,Gamharia,0,0,,205,10,1158,,80141.00377515821,125479849.27382244,0.0,0.0,89,0.0
10-213-01160,BIHAR,Madhepura,Ghailarh,0,0,,205,10,1160,,78865.70647224285,116219722.2388165,0.0,0.0,83,0.0
10-213-01159,BIHAR,Madhepura,Singheshwar,0,0,,205,10,1159,,111627.30849980874,111167268.35246354,0.0,0.0,78,0.0
10-216-01210,BIHAR,Muzaffarpur,Bandra,0,0,,208,10,1210,,74293.85759884378,142020443.31484023,0.0,0.0,103,0.0
10-213-01161,BIHAR,Madhepura,Madhepura,0,0,,205,10,1161,,115084.47931226583,237801277.85767865,0.0,0.0,175,0.0
10-213-01162,BIHAR,Madhepura,Shankarpur,0,0,,205,10,1162,,63984.56408470212,128790837.874554,0.0,0.0,94,0.0
10-213-01163,BIHAR,Madhepura,Kumarkhand,0,0,,205,10,1163,,118191.24796123093,316976886.68211347,0.0,0.0,230,0.0
10-213-01164,BIHAR,Madhepura,Murliganj,0,0,,205,10,1164,,94211.11378994165,247086114.21145928,0.0,0.0,179,0.0
10-221-01293,BIHAR,Samastipur,Mohanpur,0,0,,217,10,1293,,74468.46489139357,163000016.77407515,0.0,0.0,120,0.0
10-213-01165,BIHAR,Madhepura,Gwalpara,0,0,,205,10,1165,,78037.2495556277,147267353.58482873,0.0,0.0,109,0.0
10-214-01172,BIHAR,Saharsa,Satar Kataiya,0,0,,216,10,1172,,77878.75925155886,177382280.64763528,0.0,0.0,130,0.0
10-213-01166,BIHAR,Madhepura,Bihariganj,0,0,,205,10,1166,,79669.40805645821,133818744.70956944,0.0,0.0,98,0.0
10-216-01211,BIHAR,Muzaffarpur,Dholi (Moraul),0,0,,208,10,1211,,63030.361633940505,73298422.6275262,0.0,0.0,50,0.0
10-213-01167,BIHAR,Madhepura,Kishanganj,0,0,,205,10,1167,,99817.47531025465,188055937.5971522,0.0,0.0,133,0.0
10-216-01212,BIHAR,Muzaffarpur,Musahri,0,0,,208,10,1212,,211487.75457487197,365415439.5943066,0.0,0.0,267,0.0
10-213-01168,BIHAR,Madhepura,Puraini,0,0,,205,10,1168,,63416.842365887525,103114850.3546553,0.0,0.0,76,0.0
10-214-01174,BIHAR,Saharsa,Kahara,0,0,,216,10,1174,,81070.16203244023,176788302.3737116,0.0,0.0,128,0.0
10-213-01169,BIHAR,Madhepura,Alamnagar,0,0,,205,10,1169,,94357.42058114092,211989804.11375904,0.0,0.0,151,0.0
10-213-01170,BIHAR,Madhepura,Chausa,0,0,,205,10,1170,,87285.75133964,172516848.53860697,0.0,0.0,124,0.0
10-214-01171,BIHAR,Saharsa,Nauhatta,0,0,,216,10,1171,,93228.84620468391,212763144.21707585,0.0,0.0,151,0.0
10-217-01227,BIHAR,Gopalganj,Sidhwalia,0,0,,197,10,1227,,69457.48217743407,152022198.31601515,0.0,0.0,109,0.0
10-214-01173,BIHAR,Saharsa,Mahishi,0,0,,216,10,1173,,106372.46434789852,273075178.2794974,0.0,0.0,195,0.0
10-214-01175,BIHAR,Saharsa,Saur Bazar,0,0,,216,10,1175,,88121.22998090234,233228921.9025612,0.0,0.0,171,0.0
10-214-01176,BIHAR,Saharsa,Patarghat,0,0,,216,10,1176,,67497.21582029684,149681422.04156074,0.0,0.0,105,0.0
10-214-01177,BIHAR,Saharsa,Sonbarsa,0,0,,216,10,1177,,90185.02153799882,263952116.041209,0.0,0.0,193,0.0
10-216-01199,BIHAR,Muzaffarpur,Sahebganj,0,0,,208,10,1199,,80060.99972290538,253055918.70266867,0.0,0.0,189,0.0
10-214-01178,BIHAR,Saharsa,Simri Bakhtiarpur,0,0,,216,10,1178,,119116.35548129058,266466354.66217396,0.0,0.0,194,0.0
10-214-01179,BIHAR,Saharsa,Salkhua,0,0,,216,10,1179,,82412.26684571667,221182533.93573853,0.0,0.0,163,0.0
10-214-01180,BIHAR,Saharsa,Banma Itahri,0,0,,216,10,1180,,54286.501575749484,92822449.4552088,0.0,0.0,68,0.0
10-215-01181,BIHAR,Darbhanga,Jale,0,0,,195,10,1181,,112473.57051363293,234172285.01568127,0.0,0.0,171,0.0
10-215-01182,BIHAR,Darbhanga,Singhwara,0,0,,195,10,1182,,121368.62688362494,223279889.67870736,0.0,0.0,162,0.0
10-215-01183,BIHAR,Darbhanga,Keotiranway,0,0,,195,10,1183,,89515.08566239705,180205403.4644349,0.0,0.0,131,0.0
10-215-01184,BIHAR,Darbhanga,Darbhanga,0,0,,195,10,1184,,131883.04966973627,240721362.1475316,0.0,0.0,174,0.0
10-215-01185,BIHAR,Darbhanga,Manigachhi,0,0,,195,10,1185,,96856.01003306538,158887287.31255177,0.0,0.0,114,0.0
10-215-01186,BIHAR,Darbhanga,Tardih,0,0,,195,10,1186,,96398.42232606321,109520018.96976715,0.0,0.0,79,0.0
10-215-01187,BIHAR,Darbhanga,Alinagar,0,0,,195,10,1187,,105560.56246873255,146523357.5416611,0.0,0.0,105,0.0
10-215-01188,BIHAR,Darbhanga,Benipur,0,0,,195,10,1188,,118482.30854716274,204643530.87647069,0.0,0.0,150,0.0
10-215-01189,BIHAR,Darbhanga,Bahadurpur,0,0,,195,10,1189,,155637.00049509996,221161760.4253616,0.0,0.0,158,0.0
10-215-01190,BIHAR,Darbhanga,Hanumannagar,0,0,,195,10,1190,,114393.83215098479,181536916.32106537,0.0,0.0,130,0.0
10-215-01191,BIHAR,Darbhanga,Hayaghat,0,0,,195,10,1191,,66118.49929402806,108810529.75916524,0.0,0.0,77,0.0
10-215-01192,BIHAR,Darbhanga,Baheri,0,0,,195,10,1192,,128629.1579498372,271307286.95794886,0.0,0.0,195,0.0
10-215-01193,BIHAR,Darbhanga,Biraul,0,0,,195,10,1193,,135706.32971678255,230203939.26841983,0.0,0.0,167,0.0
10-215-01194,BIHAR,Darbhanga,Ghanshyampur,0,0,,195,10,1194,,76766.91373126305,103945643.9979024,0.0,0.0,78,0.0
10-215-01195,BIHAR,Darbhanga,Kiratpur,0,0,,195,10,1195,,78793.19278562842,78915927.53877336,0.0,0.0,60,0.0
10-215-01196,BIHAR,Darbhanga,Gora Bauram,0,0,,195,10,1196,,99804.03366816713,145653476.81698695,0.0,0.0,104,0.0
10-215-01197,BIHAR,Darbhanga,Kusheshwar Asthan,0,0,,195,10,1197,,87220.16498537568,144130520.9401011,0.0,0.0,107,0.0
10-215-01198,BIHAR,Darbhanga,Kusheshwar Asthan Purbi,0,0,,195,10,1198,,91858.86035222423,150084285.43545517,0.0,0.0,112,0.0
10-216-01200,BIHAR,Muzaffarpur,Baruraj (Motipur),0,0,,208,10,1200,,125110.13599018812,365259305.4740948,0.0,0.0,263,0.0
10-216-01201,BIHAR,Muzaffarpur,Paroo,0,0,,208,10,1201,,136934.87791145188,413033977.3448192,0.0,0.0,295,0.0
10-216-01202,BIHAR,Muzaffarpur,Saraiya,0,0,,208,10,1202,,155820.80051537574,301402655.1404849,0.0,0.0,218,0.0
10-216-01203,BIHAR,Muzaffarpur,Marwan,0,0,,208,10,1203,,84959.92762229654,138736310.53842777,0.0,0.0,101,0.0
10-216-01204,BIHAR,Muzaffarpur,Kanti,0,0,,208,10,1204,,97122.90469976026,124757584.36625764,0.0,0.0,91,0.0
10-216-01205,BIHAR,Muzaffarpur,Minapur,0,0,,208,10,1205,,166218.11946715685,316124209.98756105,0.0,0.0,228,0.0
10-216-01206,BIHAR,Muzaffarpur,Bochaha,0,0,,208,10,1206,,126044.68100944142,233148755.94160384,0.0,0.0,167,0.0
10-216-01207,BIHAR,Muzaffarpur,Aurai,0,0,,208,10,1207,,101267.16719990574,247748190.77792475,0.0,0.0,177,0.0
10-216-01208,BIHAR,Muzaffarpur,Katra,0,0,,208,10,1208,,118891.9342746819,235108975.17115793,0.0,0.0,171,0.0
10-216-01209,BIHAR,Muzaffarpur,Gaighat,0,0,,208,10,1209,,111008.49869520529,259762671.68662548,0.0,0.0,191,0.0
10-216-01213,BIHAR,Muzaffarpur,Kurhani,0,0,,208,10,1213,,108106.10574110712,256354911.2077163,0.0,0.0,187,0.0
10-216-01214,BIHAR,Muzaffarpur,Sakra,0,0,,208,10,1214,,105121.4777371614,236360031.18726787,0.0,0.0,175,0.0
10-217-01215,BIHAR,Gopalganj,Katiya,0,0,,197,10,1215,,94755.55253264701,158441587.458013,0.00013348842315673827,0.00010488376105172292,112,0.011746981237792968
10-217-01216,BIHAR,Gopalganj,Bijaipur,0,0,,197,10,1216,,81309.59717969262,163112176.36717936,0.00013348842315673827,0.00013348842315673824,120,0.01601861077880859
10-217-01217,BIHAR,Gopalganj,Bhorey,0,0,,197,10,1217,,78790.65552761848,196013266.46535653,0.00013348842315673827,6.95252203941345e-05,144,0.010011631736755369
10-217-01218,BIHAR,Gopalganj,Pach Deuri,0,0,,197,10,1218,,53698.212932643866,118295317.11973979,0.0,0.0,85,0.0
10-217-01219,BIHAR,Gopalganj,Kuchaikote,0,0,,197,10,1219,,101077.28158428885,316078491.04748106,0.0,0.0,226,0.0
10-217-01220,BIHAR,Gopalganj,Phulwaria,0,0,,197,10,1220,,81339.22200232239,118763292.85091434,0.0,0.0,89,0.0
10-217-01221,BIHAR,Gopalganj,Hathua,0,0,,197,10,1221,,91546.96202775641,183613061.83342972,0.00015451892974853516,0.00010220149684155082,127,0.012979590098876954
10-217-01222,BIHAR,Gopalganj,Uchkagaon,0,0,,197,10,1222,,80102.93001981139,142235093.67043933,0.00015451892974853516,1.02040802664127e-05,106,0.0010816325082397462
10-217-01223,BIHAR,Gopalganj,Thawe,0,0,,197,10,1223,,57244.55575246375,89300191.60424533,0.00015451892974853516,2.414358277320862e-06,64,0.00015451892974853516
10-217-01224,BIHAR,Gopalganj,Gopalganj,0,0,,197,10,1224,,110313.13172782106,244420793.60160467,0.0,0.0,182,0.0
10-218-01232,BIHAR,Siwan,Goriakothi,0,0,,222,10,1232,,73201.39147651673,174963939.23516312,0.0,0.0,127,0.0
10-217-01225,BIHAR,Gopalganj,Manjha,0,0,,197,10,1225,,80242.78538873792,179389027.9828925,0.0,0.0,131,0.0
10-217-01226,BIHAR,Gopalganj,Barauli,0,0,,197,10,1226,,105754.79057670098,232227972.12586737,0.0,0.0,170,0.0
10-217-01228,BIHAR,Gopalganj,Baikunthpur,0,0,,197,10,1228,,97825.58906166903,256614409.24172768,0.0,0.0,185,0.0
10-218-01229,BIHAR,Siwan,Nautan,0,0,,222,10,1229,,58324.35348563096,81827813.66620097,0.00015451892974853516,0.0001545189297485352,58,0.00896209792541504
10-218-01230,BIHAR,Siwan,Siwan,0,0,,222,10,1230,,92599.06904644772,168879532.28230655,0.00015451892974853516,0.00014142410519357452,118,0.016688044412841795
10-218-01235,BIHAR,Siwan,Bhagwanpur Hat,0,0,,222,10,1235,,86430.4184146014,189582799.91524476,0.0001827519645690918,2.913437116318855e-05,138,0.0040205432205200195
10-218-01231,BIHAR,Siwan,Barharia,0,0,,222,10,1231,,90315.6629531122,219606934.01516393,0.00015451892974853516,2.897229932785034e-06,160,0.00046355678924560545
10-218-01233,BIHAR,Siwan,Lakri Nabiganj,0,0,,222,10,1233,,79648.98713303795,120773104.6039552,0.0,0.0,88,0.0
10-218-01234,BIHAR,Siwan,Basantpur,0,0,,222,10,1234,,57871.378293950496,76675463.02480637,0.0,0.0,56,0.0
10-218-01236,BIHAR,Siwan,Maharajganj,0,0,,222,10,1236,,119387.58843212528,142817377.5161484,0.0001827519645690918,6.919734580771437e-05,103,0.00712732661819458
10-218-01237,BIHAR,Siwan,Pachrukhi,0,0,,222,10,1237,,99183.2392802834,160709761.40986398,0.00015451892974853516,6.603373066176716e-06,117,0.0007725946487426758
10-218-01238,BIHAR,Siwan,Hussainganj,0,0,,222,10,1238,,68784.84800107122,105975934.30464326,0.00016473261840820313,0.00013836627186543233,74,0.010239104118041992
10-218-01239,BIHAR,Siwan,Ziradei,0,0,,222,10,1239,,98825.50869312549,152221780.48504183,0.00016473261840820313,0.00015461094496168533,111,0.01716181489074707
10-218-01240,BIHAR,Siwan,Mairwa,0,0,,222,10,1240,,65279.2242200428,88898123.37504825,0.00015451892974853516,0.00015412226907209915,66,0.010172069758758544
10-218-01242,BIHAR,Siwan,Darauli,0,0,,222,10,1242,,90305.00161970501,214758375.6239279,0.00019861647216796877,0.0001631456208604382,155,0.025287571233367924
10-218-01241,BIHAR,Siwan,Guthani,0,0,,222,10,1241,,78778.78773845347,115110806.99004474,0.00015451892974853516,0.00014643092180949887,82,0.012007335588378907
10-219-01248,BIHAR,Saran,Mashrakh,0,0,,218,10,1248,,82075.7710341599,165898243.02109933,0.0,0.0,121,0.0
10-218-01243,BIHAR,Siwan,Andar,0,0,,222,10,1243,,83358.60866933218,125625010.62434034,0.00016473261840820313,0.00016355863120594242,87,0.014229600914916991
10-219-01249,BIHAR,Saran,Panapur,0,0,,218,10,1249,,75875.09329534958,182360909.7404776,0.0,0.0,128,0.0
10-218-01244,BIHAR,Siwan,Raghunathpur,0,0,,222,10,1244,,87824.68008836384,193566358.3438411,0.00016473261840820313,0.00016473261840820313,143,0.023556764432373048
10-219-01250,BIHAR,Saran,Taraiya,0,0,,218,10,1250,,53629.0613522338,97307015.09151264,0.0,0.0,74,0.0
10-218-01245,BIHAR,Siwan,Hasanpura,0,0,,222,10,1245,,82786.09108287447,121956119.03175904,0.0001827519645690918,0.00017088736988988415,87,0.014867201180419922
10-219-01251,BIHAR,Saran,Ishupur,0,0,,218,10,1251,,62425.60798229613,109300191.56908256,0.0,0.0,76,0.0
10-218-01246,BIHAR,Siwan,Daraundha,0,0,,222,10,1246,,105400.53795370483,157911066.26165873,0.0001827519645690918,0.00015891475179921025,115,0.018275196456909178
10-219-01256,BIHAR,Saran,Jalalpur,0,0,,218,10,1256,,65042.73641147566,147549697.72689733,0.0001827519645690918,2.3835124196106532e-05,106,0.0025265231647872925
10-218-01247,BIHAR,Siwan,Siswan,0,0,,222,10,1247,,98184.39847010886,155554872.77293277,0.0001827519645690918,0.00017739486165639518,111,0.019690829643859865
10-219-01259,BIHAR,Saran,Nagra,0,0,,218,10,1259,,43289.948409307304,65110006.46242106,5.231019794464111e-05,2.2259658699847283e-05,47,0.0010462039588928222
10-219-01252,BIHAR,Saran,Baniapur,0,0,,218,10,1252,,89199.8841803021,219417775.87250236,0.0001827519645690918,4.484710786971578e-06,163,0.0007310078582763672
10-219-01253,BIHAR,Saran,Lahladpur,0,0,,218,10,1253,,49287.19248841685,70233795.44130237,0.0001827519645690918,9.868606086730958e-05,50,0.004934303043365479
10-219-01254,BIHAR,Saran,Ekma,0,0,,218,10,1254,,99716.17236158185,176114988.01319405,0.0001827519645690918,0.0001827519645690918,128,0.02339225146484375
10-219-01255,BIHAR,Saran,Manjhi,0,0,,218,10,1255,,127085.43562979231,244607530.98349065,0.0001827519645690918,0.00016799657615237766,180,0.03023938370742798
10-219-01257,BIHAR,Saran,Revelganj,0,0,,218,10,1257,,84877.1419542779,179359801.45379385,0.00012092151580810549,5.779910337371826e-05,125,0.007224887921714783
10-219-01258,BIHAR,Saran,Chapra,0,0,,218,10,1258,,119729.94798472138,239470568.44351175,5.231019794464111e-05,4.904081057310104e-05,176,0.008631182660865783
10-219-01260,BIHAR,Saran,Marhaura,0,0,,218,10,1260,,87240.95030017926,190752130.05196184,5.231019794464111e-05,1.5273050494785725e-06,137,0.00020924079177856445
10-219-01261,BIHAR,Saran,Amnour,0,0,,218,10,1261,,94922.90618840617,160109081.4065653,5.231019794464111e-05,8.866135244854426e-07,118,0.00010462039588928222
10-219-01263,BIHAR,Saran,Parsa,0,0,,218,10,1263,,85595.91054800974,122749042.93573296,0.0,0.0,88,0.0
10-219-01266,BIHAR,Saran,Dighwara,0,0,,218,10,1266,,81943.45164265168,101347015.6655549,0.0,0.0,72,0.0
10-219-01264,BIHAR,Saran,Dariapur,0,0,,218,10,1264,,115477.27251924115,281302380.67878103,0.0,0.0,202,0.0
10-219-01265,BIHAR,Saran,Garkha,0,0,,218,10,1265,,90147.74693968748,213336409.9887166,5.231019794464111e-05,2.6834452192380827e-05,154,0.0041325056376266475
10-220-01269,BIHAR,Vaishali,Paterhi Belsar,0,0,,224,10,1269,,56227.36197278124,93522597.26160131,0.0,0.0,69,0.0
10-219-01267,BIHAR,Saran,Sonepur,0,0,,218,10,1267,,70412.64000247594,214865144.18564072,0.0,0.0,162,0.0
10-220-01268,BIHAR,Vaishali,Vaishali,0,0,,224,10,1268,,72706.90824879723,158663399.21103516,0.0,0.0,114,0.0
10-220-01270,BIHAR,Vaishali,Lalganj,0,0,,224,10,1270,,89595.71916906572,184177988.41986412,0.0,0.0,133,0.0
10-221-01294,BIHAR,Samastipur,Mohiuddinagar,0,0,,217,10,1294,,80607.53716768604,178536106.2701614,0.0,0.0,130,0.0
10-220-01271,BIHAR,Vaishali,Bhagwanpur,0,0,,224,10,1271,,98965.72708266653,142473218.81446454,0.0,0.0,102,0.0
10-220-01272,BIHAR,Vaishali,Goraul,0,0,,224,10,1272,,101989.77906286377,122446101.92943335,0.0,0.0,87,0.0
10-220-01273,BIHAR,Vaishali,Chehra Kalan,0,0,,224,10,1273,,63204.34388206024,89818122.94593617,0.0,0.0,66,0.0
10-220-01277,BIHAR,Vaishali,Raja Pakar,0,0,,224,10,1277,,58946.08844196175,93673217.82917874,0.0,0.0,72,0.0
10-220-01274,BIHAR,Vaishali,Patepur,0,0,,224,10,1274,,118180.33822078991,317029999.71255994,0.0,0.0,234,0.0
10-220-01275,BIHAR,Vaishali,Mahua,0,0,,224,10,1275,,86273.82517515696,171155586.12447235,0.0,0.0,125,0.0
10-220-01276,BIHAR,Vaishali,Jandaha,0,0,,224,10,1276,,99044.76663725945,179891527.10359335,0.0,0.0,128,0.0
10-220-01278,BIHAR,Vaishali,Hajipur,0,0,,224,10,1278,,80048.24731377292,194916759.16986817,0.0,0.0,140,0.0
10-220-01280,BIHAR,Vaishali,Bidupur,0,0,,224,10,1280,,88122.3198685409,139375575.9420912,0.0,0.0,99,0.0
10-220-01279,BIHAR,Vaishali,Raghopur,0,0,,224,10,1279,,128641.49950069311,338499790.0832371,0.0,0.0,246,0.0
10-220-01281,BIHAR,Vaishali,Desri,0,0,,224,10,1281,,50183.809114488824,56627949.53624974,0.0,0.0,43,0.0
10-221-01284,BIHAR,Samastipur,Kalyanpur,0,0,,217,10,1284,,147387.26660455638,294821482.9966942,0.0,0.0,214,0.0
10-221-01286,BIHAR,Samastipur,Shivaji Nagar,0,0,,217,10,1286,,96209.25031894707,172333979.18990555,0.0,0.0,130,0.0
10-221-01288,BIHAR,Samastipur,Samastipur,0,0,,217,10,1288,,112474.97484539819,170577777.20953664,0.0,0.0,123,0.0
10-221-01289,BIHAR,Samastipur,Pusa,0,0,,217,10,1289,,64081.7615729533,95008289.7510354,0.0,0.0,65,0.0
10-221-01291,BIHAR,Samastipur,Morwa,0,0,,217,10,1291,,104551.97847793197,152111293.7773472,0.0,0.0,106,0.0
10-221-01292,BIHAR,Samastipur,Patori,0,0,,217,10,1292,,69422.25062895294,130638318.44440164,0.0,0.0,93,0.0
10-221-01295,BIHAR,Samastipur,Sarairanjan,0,0,,217,10,1295,,96463.23467310029,185572344.2706523,0.0,0.0,145,0.0
10-221-01296,BIHAR,Samastipur,Vidyapati Nagar,0,0,,217,10,1296,,62930.2690484309,106322816.42401849,0.0,0.0,75,0.0
10-221-01297,BIHAR,Samastipur,Dalsinghsarai,0,0,,217,10,1297,,80515.23552986495,118201268.21451648,0.0,0.0,89,0.0
10-221-01298,BIHAR,Samastipur,Ujiarpur,0,0,,217,10,1298,,81756.09445970641,209497824.1015558,0.0,0.0,149,0.0
10-221-01300,BIHAR,Samastipur,Rosera,0,0,,217,10,1300,,84599.34785899956,138535375.895554,0.0,0.0,97,0.0
10-221-01299,BIHAR,Samastipur,Bibhutpur,0,0,,217,10,1299,,96600.53522783429,258332531.194082,0.0,0.0,187,0.0
10-221-01301,BIHAR,Samastipur,Singhia,0,0,,217,10,1301,,76055.88015393679,178639507.67998633,0.0,0.0,128,0.0
10-222-01307,BIHAR,Begusarai,Cheria Bariarpur,0,0,,191,10,1307,,80422.0696045629,127840547.1243011,0.0,0.0,89,0.0
10-221-01302,BIHAR,Samastipur,Hasanpur,0,0,,217,10,1302,,122795.93417076243,188091095.39019313,0.0,0.0,138,0.0
10-221-01303,BIHAR,Samastipur,Bithan,0,0,,217,10,1303,,72838.55780104545,149849875.79630712,0.0,0.0,109,0.0
10-222-01304,BIHAR,Begusarai,Khudabandpur,0,0,,191,10,1304,,49522.71992212785,59617610.47663844,0.0,0.0,39,0.0
10-222-01305,BIHAR,Begusarai,Chhorahi,0,0,,191,10,1305,,96201.09768359947,128309829.49376953,0.0,0.0,94,0.0
10-222-01306,BIHAR,Begusarai,Garhpura,0,0,,191,10,1306,,69581.28073662621,88651595.91159394,0.0,0.0,68,0.0
10-222-01308,BIHAR,Begusarai,Bhagwanpur,0,0,,191,10,1308,,102620.52088176137,147276258.21886113,0.0,0.0,106,0.0
10-223-01324,BIHAR,Khagaria,Mansi,0,0,,202,10,1324,,70720.37786012898,86151878.56106131,0.0,0.0,69,0.0
10-222-01309,BIHAR,Begusarai,Mansurchak,0,0,,191,10,1309,,55538.61039021854,42158333.283958256,0.0,0.0,31,0.0
10-224-01333,BIHAR,Bhagalpur,Rangra Chowk,0,0,,192,10,1333,,56200.86409227388,97946271.45940188,0.0,0.0,71,0.0
10-222-01310,BIHAR,Begusarai,Bachhwara,0,0,,191,10,1310,,112893.55520851951,186501763.14040864,0.0,0.0,138,0.0
10-222-01311,BIHAR,Begusarai,Teghra,0,0,,191,10,1311,,93442.93751421869,180050069.66821858,0.0,0.0,129,0.0
10-222-01312,BIHAR,Begusarai,Barauni,0,0,,191,10,1312,,90573.71511882372,141812926.41245717,0.0,0.0,102,0.0
10-222-01313,BIHAR,Begusarai,Birpur,0,0,,191,10,1313,,69057.86510087451,64693086.30641256,0.0,0.0,53,0.0
10-222-01314,BIHAR,Begusarai,Begusarai,0,0,,191,10,1314,,114572.02827886646,273941103.5239774,0.0,0.0,200,0.0
10-222-01315,BIHAR,Begusarai,Naokothi,0,0,,191,10,1315,,61794.845266753924,91575422.87048158,0.0,0.0,64,0.0
10-222-01316,BIHAR,Begusarai,Bakhri,0,0,,191,10,1316,,74902.13049058078,94921186.04856166,0.0,0.0,66,0.0
10-222-01317,BIHAR,Begusarai,Dandari,0,0,,191,10,1317,,77075.31892237118,85364223.36403492,0.0,0.0,65,0.0
10-222-01318,BIHAR,Begusarai,Sahebpur Kamal,0,0,,191,10,1318,,97820.3506924087,179327758.1582562,0.0,0.0,131,0.0
10-222-01319,BIHAR,Begusarai,Balia,0,0,,191,10,1319,,95726.56851828664,181873531.04775092,0.0,0.0,133,0.0
10-222-01320,BIHAR,Begusarai,Matihani,0,0,,191,10,1320,,104199.58891726227,214311339.790948,0.0,0.0,157,0.0
10-222-01321,BIHAR,Begusarai,Shamho Akha Kurha,0,0,,191,10,1321,,47884.70174269599,82130306.58899558,0.0,0.0,58,0.0
10-223-01322,BIHAR,Khagaria,Alauli,0,0,,202,10,1322,,117176.16085281859,337532903.06560946,0.0,0.0,244,0.0
10-223-01323,BIHAR,Khagaria,Khagaria,0,0,,202,10,1323,,164255.4907534744,325761754.1557925,0.0,0.0,229,0.0
10-223-01325,BIHAR,Khagaria,Chautham,0,0,,202,10,1325,,88833.5659059585,205164632.7891582,0.0,0.0,148,0.0
10-228-01376,BIHAR,Sheikhpura,Chewara,0,0,,219,10,1376,,77279.14911837938,141385828.1075451,0.0001228478614807129,0.00012062682326381647,103,0.012424562796173096
10-223-01326,BIHAR,Khagaria,Beldaur,0,0,,202,10,1326,,101449.44415348554,276820454.1841197,0.0,0.0,203,0.0
10-223-01327,BIHAR,Khagaria,Gogri,0,0,,202,10,1327,,109725.85953588395,321971045.3784509,0.0,0.0,231,0.0
10-223-01328,BIHAR,Khagaria,Parbatta,0,0,,202,10,1328,,89952.53209418767,286770838.53234714,0.0,0.0,215,0.0
10-224-01329,BIHAR,Bhagalpur,Narayanpur,0,0,,192,10,1329,,96964.50839109154,173637043.38008544,0.0,0.0,125,0.0
10-224-01330,BIHAR,Bhagalpur,Bihpur,0,0,,192,10,1330,,98960.16392998041,189427956.2070791,0.0,0.0,141,0.0
10-234-01472,BIHAR,Rohtas,Akorhi Gola,0,0,,215,10,1472,,71741.57946050014,124356844.03544964,0.0001810443656539917,0.00018104436565399167,94,0.017018170371475218
10-224-01331,BIHAR,Bhagalpur,Kharik,0,0,,192,10,1331,,103106.05203500649,169292223.68779984,0.0,0.0,125,0.0
10-224-01332,BIHAR,Bhagalpur,Naugachhia,0,0,,192,10,1332,,91833.23423872421,134223697.96961665,0.0,0.0,95,0.0
10-224-01335,BIHAR,Bhagalpur,Pirpainti,0,0,,192,10,1335,,138631.2255747686,411429376.6216011,0.0,0.0,294,0.0
10-224-01336,BIHAR,Bhagalpur,Kahalgaon,0,0,,192,10,1336,,128722.99744742387,352186242.20537144,0.0,0.0,255,0.0
10-224-01337,BIHAR,Bhagalpur,Ismailpur,0,0,,192,10,1337,,66332.03197363381,102752037.41138108,0.0,0.0,75,0.0
10-224-01338,BIHAR,Bhagalpur,Sabour,0,0,,192,10,1338,,85492.0541239663,141198925.34276122,0.0,0.0,102,0.0
10-226-01359,BIHAR,Munger,Dharhara,0,0,,207,10,1359,,105188.90103685112,355220468.750446,0.0,0.0,262,0.0
10-224-01339,BIHAR,Bhagalpur,Nathnagar,0,0,,192,10,1339,,105259.93673308079,163498377.60317266,0.0,0.0,117,0.0
10-226-01360,BIHAR,Munger,Kharagpur,0,0,,207,10,1360,,169586.30903503796,398589433.5102216,0.0,0.0,291,0.0
10-224-01340,BIHAR,Bhagalpur,Sultanganj,0,0,,192,10,1340,,139861.1879796442,266407467.3450057,0.0,0.0,198,0.0
10-224-01341,BIHAR,Bhagalpur,Shahkund,0,0,,192,10,1341,,93276.90256650816,208798734.37786233,0.0,0.0,153,0.0
10-224-01342,BIHAR,Bhagalpur,Goradih,0,0,,192,10,1342,,106918.08891287447,178026414.43832883,0.0,0.0,128,0.0
10-224-01343,BIHAR,Bhagalpur,Jagdishpur,0,0,,192,10,1343,,107045.71303668506,127447147.46016994,0.0,0.0,95,0.0
10-224-01344,BIHAR,Bhagalpur,Sonhaula,0,0,,192,10,1344,,84463.86530366821,214425428.57327408,0.0,0.0,160,0.0
10-225-01345,BIHAR,Banka,Shambhuganj,0,0,,190,10,1345,,85765.27415008907,217970788.89652416,0.0,0.0,157,0.0
10-225-01346,BIHAR,Banka,Amarpur,0,0,,190,10,1346,,98000.87839154692,234663534.19316816,0.0,0.0,176,0.0
10-225-01347,BIHAR,Banka,Rajaun,0,0,,190,10,1347,,86718.04358754268,242814641.5593075,0.0,0.0,179,0.0
10-226-01363,BIHAR,Munger,Tetiha Bambor,0,0,,207,10,1363,,73286.15332623897,95190725.80042528,0.0,0.0,70,0.0
10-225-01348,BIHAR,Banka,Dhuraiya,0,0,,190,10,1348,,106681.6377356153,285703540.38620996,0.0,0.0,208,0.0
10-225-01349,BIHAR,Banka,Barahat,0,0,,190,10,1349,,122910.23058217819,181202001.14064544,0.0,0.0,129,0.0
10-225-01350,BIHAR,Banka,Banka,0,0,,190,10,1350,,137083.07375503817,365153241.48788345,0.0,0.0,275,0.0
10-225-01351,BIHAR,Banka,Phulidumar,0,0,,190,10,1351,,117105.67306472127,248400685.45023423,0.0,0.0,176,0.0
10-225-01352,BIHAR,Banka,Belhar,0,0,,190,10,1352,,118426.40149548957,290570448.277483,0.00017612648223876953,1.810646079090154e-05,214,0.0038747826092529296
10-225-01353,BIHAR,Banka,Chanan,0,0,,190,10,1353,,169565.08902723462,550876204.0147796,0.00017612648223876953,8.956575188979913e-05,403,0.03609499801158905
10-225-01354,BIHAR,Banka,Katoria,0,0,,190,10,1354,,180268.89530762268,687665367.2781417,0.00014905826515197756,1.276793904688254e-05,502,0.0064095054015350355
10-225-01355,BIHAR,Banka,Bausi,0,0,,190,10,1355,,109314.78149810205,385846183.7170387,0.0,0.0,284,0.0
10-226-01356,BIHAR,Munger,Munger,0,0,,207,10,1356,,162390.1628928388,306519605.49277806,0.0,0.0,227,0.0
10-226-01357,BIHAR,Munger,Bariarpur,0,0,,207,10,1357,,122433.4478606843,198040113.63802013,0.0,0.0,143,0.0
10-226-01358,BIHAR,Munger,Jamalpur,0,0,,207,10,1358,,72817.19566814511,112971204.64248075,0.0,0.0,79,0.0
10-226-01361,BIHAR,Munger,Asarganj,0,0,,207,10,1361,,61173.52838786665,72491453.98190036,0.0,0.0,52,0.0
10-226-01362,BIHAR,Munger,Tarapur,0,0,,207,10,1362,,54416.57713098438,86962445.68425661,0.0,0.0,62,0.0
10-226-01364,BIHAR,Munger,Sangrampur,0,0,,207,10,1364,,71205.18318302365,105786037.21986651,0.0,0.0,80,0.0
10-227-01366,BIHAR,Lakhisarai,Pipariya,0,0,,204,10,1366,,87968.2901826016,106258171.87143916,0.0,0.0,76,0.0
10-227-01365,BIHAR,Lakhisarai,Barahiya,0,0,,204,10,1365,,95965.48426593257,248505135.43154767,0.0,0.0,179,0.0
10-227-01367,BIHAR,Lakhisarai,Surajgarha,0,0,,204,10,1367,,140312.1609931406,462726462.37366486,0.00010229696231842042,1.3539303836261527e-05,340,0.004603363304328919
10-227-01368,BIHAR,Lakhisarai,Lakhisarai,0,0,,204,10,1368,,117670.76745524361,181316338.94823277,0.0001228478614807129,1.2467799723632354e-05,133,0.0016582173632431032
10-227-01369,BIHAR,Lakhisarai,Chanan*,0,0,,204,10,1369,,86014.87070350182,177670731.10250506,0.00010229696231842042,8.311628188371661e-05,128,0.010638884081115726
10-228-01375,BIHAR,Sheikhpura,Ghat Kusumbha,0,0,,219,10,1375,,80592.24583619394,99088070.68237934,0.0,0.0,70,0.0
10-227-01370,BIHAR,Lakhisarai,Ramgarh Chowk,0,0,,204,10,1370,,98990.57354622113,128567389.13844268,0.0001228478614807129,0.00011129472402166812,94,0.010461704058036803
10-227-01371,BIHAR,Lakhisarai,Halsi,0,0,,204,10,1371,,82594.8188222393,191441208.6304817,0.0001228478614807129,0.00012196077230823984,139,0.016952547350845337
10-228-01372,BIHAR,Sheikhpura,Barbigha,0,0,,219,10,1372,,83879.7675047183,115941853.486741,0.0,0.0,81,0.0
10-228-01373,BIHAR,Sheikhpura,Shekhopur Sarai,0,0,,219,10,1373,,59774.96229914819,65955650.61796794,8.472003875732423e-05,3.0973293134901264e-05,45,0.0013937981910705569
10-228-01374,BIHAR,Sheikhpura,Sheikhpura,0,0,,219,10,1374,,119718.3677454689,225551054.81458032,0.0001228478614807129,2.4469543518066412e-05,170,0.00415982239807129
10-228-01377,BIHAR,Sheikhpura,Ariari,0,0,,219,10,1377,,87552.5859976097,183445963.63454768,0.0001228478614807129,8.527664930803063e-05,137,0.011682900955200196
10-229-01378,BIHAR,Nalanda,Karai Parsurai,0,0,,209,10,1378,,58523.47447411047,82148146.79064696,7.543174743652344e-05,3.394428634643555e-05,60,0.002036657180786133
10-229-01379,BIHAR,Nalanda,Nagar Nausa,0,0,,209,10,1379,,82570.35159490984,108015836.82811198,0.0001224361573791504,3.818030052947999e-05,80,0.003054424042358399
10-229-01380,BIHAR,Nalanda,Harnaut,0,0,,209,10,1380,,124869.90123154312,224385440.0517296,0.0001224361573791504,4.258648952318275e-05,161,0.006856424813232422
10-229-01381,BIHAR,Nalanda,Chandi,0,0,,209,10,1381,,70527.81459673235,147156102.481168,0.0001224361573791504,0.0001123267498891288,109,0.01224361573791504
10-229-01382,BIHAR,Nalanda,Rahui,0,0,,209,10,1382,,77076.6108369453,152249665.90613127,0.0001224361573791504,0.0001179014848836263,108,0.01273336036743164
10-229-01383,BIHAR,Nalanda,Bind,0,0,,209,10,1383,,70364.80140905235,88091657.81671415,0.0,0.0,66,0.0
10-229-01384,BIHAR,Nalanda,Sarmera,0,0,,209,10,1384,,91044.34634338948,167201876.42476654,0.0,0.0,123,0.0
10-229-01385,BIHAR,Nalanda,Asthawan,0,0,,209,10,1385,,92263.18064708126,171325630.7179731,0.0001224361573791504,2.1623066110839848e-05,125,0.002702883263854981
10-229-01387,BIHAR,Nalanda,Noorsarai,0,0,,209,10,1387,,78528.62700534344,151514769.88009417,0.0001224361573791504,0.0001224361573791504,114,0.013957721941223144
10-229-01386,BIHAR,Nalanda,Bihar,0,0,,209,10,1386,,98561.8371020671,215840179.0991975,0.0001224361573791504,0.0001094518900103569,160,0.017512302401657104
10-229-01390,BIHAR,Nalanda,Hilsa,0,0,,209,10,1390,,93433.88804652911,175765721.10991755,7.543174743652344e-05,7.543174743652343e-05,131,0.009881558914184569
10-229-01391,BIHAR,Nalanda,Ekangarsarai,0,0,,209,10,1391,,87121.32234693572,166605847.460251,7.543174743652344e-05,7.543174743652343e-05,122,0.009202673187255858
10-229-01392,BIHAR,Nalanda,Islampur,0,0,,209,10,1392,,109868.69145522316,273834151.4326934,9.47075503540039e-05,8.685812545461753e-05,194,0.0168504763381958
10-229-01393,BIHAR,Nalanda,Ben,0,0,,209,10,1393,,66947.54721379357,127526149.56798536,0.0001224361573791504,9.013584074466786e-05,94,0.00847276902999878
10-230-01398,BIHAR,Patna,Maner,0,0,,212,10,1398,,96133.56350709034,213315300.3597084,8.309283599853517e-05,2.13663221750631e-05,154,0.003290413614959717
10-229-01394,BIHAR,Nalanda,Rajgir,0,0,,209,10,1394,,88740.45664753366,198129288.77271983,9.47075503540039e-05,5.101132576507776e-05,147,0.007498664887466431
10-229-01395,BIHAR,Nalanda,Silao,0,0,,209,10,1395,,79220.42929786978,154752836.13944647,0.0001224361573791504,3.72611314244856e-05,114,0.004247768982391358
10-229-01396,BIHAR,Nalanda,Giriak,0,0,,209,10,1396,,88347.46773236175,99576022.5731765,1.9138785476684572e-05,1.9138785476684572e-05,73,0.0013971313397979736
10-229-01397,BIHAR,Nalanda,Katrisarai,0,0,,209,10,1397,,38918.76300208476,48673462.28309288,8.472003875732423e-05,3.553409879684448e-05,36,0.0012792275566864014
10-230-01399,BIHAR,Patna,Dinapur-Cum-Khagaul,0,0,,212,10,1399,,78598.21354533077,184765788.04152673,8.309283599853517e-05,2.4620099555121533e-05,135,0.003323713439941407
10-234-01474,BIHAR,Rohtas,Tilouthu,0,0,,215,10,1474,,73885.57639601533,193504401.97342023,0.00035704812713623047,0.00034074441027804784,140,0.047704217438926694
10-230-01400,BIHAR,Patna,Patna Rural,0,0,,212,10,1400,,87518.10425735511,179850223.48881748,8.309283599853517e-05,1.4588818534093961e-05,131,0.0019111352279663088
10-230-01401,BIHAR,Patna,Sampatchak,0,0,,212,10,1401,,53219.7118618291,78902366.60372826,8.309283599853517e-05,2.9155381052117603e-06,57,0.00016618567199707033
10-230-01406,BIHAR,Patna,Dulhin Bazar,0,0,,212,10,1406,,77792.54009458271,136539622.4680228,8.829875549316407e-05,7.440831553950456e-05,99,0.007366423238410951
10-230-01402,BIHAR,Patna,Phulwari,0,0,,212,10,1402,,70659.26045014715,135940825.49713776,8.309283599853517e-05,7.963063449859621e-05,96,0.007644540911865236
10-230-01413,BIHAR,Patna,Khusrupur,0,0,,212,10,1413,,46143.60198551767,78201544.387751,0.0,0.0,58,0.0
10-230-01403,BIHAR,Patna,Bihta,0,0,,212,10,1403,,116564.9809665079,244879174.98088208,8.309283599853517e-05,6.817550279784988e-05,182,0.012407941509208677
10-230-01415,BIHAR,Patna,Athmalgola,0,0,,212,10,1415,,47997.69261940102,62827293.65665197,0.0,0.0,47,0.0
10-230-01404,BIHAR,Patna,Naubatpur,0,0,,212,10,1404,,105087.74367689912,205320191.59612688,8.309283599853517e-05,8.309283599853517e-05,153,0.01271320390777588
10-230-01405,BIHAR,Patna,Bikram,0,0,,212,10,1405,,86626.03512108007,186422313.04867813,8.309283599853517e-05,6.603806098993677e-05,137,0.009047214355621338
10-234-01475,BIHAR,Rohtas,Rohtas,0,0,,215,10,1475,,88257.59288547112,389741138.17794544,0.0003408316212463379,0.00029985327644175956,288,0.08635774361522676
10-230-01407,BIHAR,Patna,Paliganj,0,0,,212,10,1407,,129476.3041410336,293354152.7667747,8.829875549316407e-05,7.887046499697962e-05,214,0.01687827950935364
10-230-01408,BIHAR,Patna,Masaurhi,0,0,,212,10,1408,,108866.13277400887,248716954.87290823,8.829875549316407e-05,8.654395116913185e-05,178,0.01540482330810547
10-230-01409,BIHAR,Patna,Dhanarua,0,0,,212,10,1409,,95102.40821522896,225577653.19725513,8.829875549316407e-05,6.636869058059036e-05,163,0.01081809656463623
10-230-01410,BIHAR,Patna,Punpun,0,0,,212,10,1410,,82554.93388622913,161116560.78819045,8.309283599853517e-05,5.6334126100701814e-05,118,0.006647426879882814
10-230-01411,BIHAR,Patna,Fatwah,0,0,,212,10,1411,,97950.27190535897,155697451.47083917,0.0,0.0,115,0.0
10-230-01412,BIHAR,Patna,Daniawan,0,0,,212,10,1412,,69689.77872311571,79566220.36857046,0.0,0.0,56,0.0
10-230-01414,BIHAR,Patna,Bakhtiarpur,0,0,,212,10,1414,,120205.01587822943,168153072.20481881,0.0,0.0,120,0.0
10-230-01416,BIHAR,Patna,Belchhi,0,0,,212,10,1416,,88573.78025963024,87443681.0926542,0.0,0.0,70,0.0
10-230-01417,BIHAR,Patna,Barh,0,0,,212,10,1417,,95365.9771693495,147280816.515725,0.0,0.0,104,0.0
10-230-01419,BIHAR,Patna,Ghoswari,0,0,,212,10,1419,,66454.95033385535,164897376.1169027,0.0,0.0,126,0.0
10-230-01418,BIHAR,Patna,Pandarak,0,0,,212,10,1418,,106894.44852036482,252509471.6555304,0.0,0.0,180,0.0
10-232-01438,BIHAR,Buxar,Chaugain,0,0,,194,10,1438,,52625.33924401454,66025696.44875917,0.00011326457084655764,0.00011326457084655765,49,0.005549963971481325
10-232-01439,BIHAR,Buxar,Kesath,0,0,,194,10,1439,,34661.84662025829,38236018.49691825,0.00011326457084655764,0.00011326457084655762,29,0.003284672554550171
10-230-01420,BIHAR,Patna,Mokameh,0,0,,212,10,1420,,127700.39840194934,244519830.48183808,0.0,0.0,181,0.0
10-231-01421,BIHAR,Bhojpur,Shahpur,0,0,,193,10,1421,,110658.91431619873,211766871.4500774,0.000127262353515625,0.0001223470115759434,156,0.019086133805847172
10-234-01460,BIHAR,Rohtas,Suryapura,0,0,,215,10,1460,,56159.7630280001,69765063.31452103,0.00017659333557128908,0.0001765933355712891,47,0.008299886771850588
10-231-01422,BIHAR,Bhojpur,Arrah,0,0,,193,10,1422,,120924.06747051864,221925641.7145924,0.000127262353515625,9.004434152591154e-05,159,0.014317050302619934
10-231-01423,BIHAR,Bhojpur,Barhara,0,0,,193,10,1423,,128817.96875565937,258494738.36324885,0.00012092151580810549,7.38634915143158e-05,191,0.014107926879234317
10-231-01424,BIHAR,Bhojpur,Koilwar,0,0,,193,10,1424,,94779.33453556667,208456312.66749656,5.925095664978027e-05,5.7760323907736966e-05,149,0.008606288262252808
10-231-01425,BIHAR,Bhojpur,Sandesh,0,0,,193,10,1425,,60697.76797134289,164599530.19806212,7.772106204986573e-05,6.206843035487805e-05,118,0.00732407478187561
10-231-01426,BIHAR,Bhojpur,Udwant Nagar,0,0,,193,10,1426,,92445.60417460876,217797556.82002312,0.000127262353515625,0.00010022676718386064,161,0.016136509516601564
10-234-01461,BIHAR,Rohtas,Bikramganj,0,0,,215,10,1461,,88556.32896667719,168723569.68103397,0.00017659333557128908,0.00017659333557128908,129,0.02278054028869629
10-231-01427,BIHAR,Bhojpur,Behea,0,0,,193,10,1427,,114516.77527652554,206091349.70539597,0.000127262353515625,0.0001229722838236491,150,0.018445842573547366
10-231-01428,BIHAR,Bhojpur,Jagdishpur,0,0,,193,10,1428,,109726.00219208181,318463526.4488765,0.000127262353515625,0.000125850296491991,228,0.02869386760017395
10-231-01429,BIHAR,Bhojpur,Piro,0,0,,193,10,1429,,100703.96274410955,268205354.86689487,0.0001770838150024414,0.00015862134206085207,200,0.031724268412170416
10-234-01462,BIHAR,Rohtas,Karakat,0,0,,215,10,1462,,102232.22868007293,251121712.10833624,0.0001810443656539917,0.00017773588452144105,176,0.03128151567577363
10-231-01430,BIHAR,Bhojpur,Charpokhari,0,0,,193,10,1430,,88834.1327790213,135855258.49695313,0.0001770838150024414,0.00016239959477474814,95,0.015427961503601074
10-231-01431,BIHAR,Bhojpur,Garhani,0,0,,193,10,1431,,93054.52180151101,137128723.85739592,0.0001770838150024414,0.0001330667956305939,103,0.01370587994995117
10-231-01432,BIHAR,Bhojpur,Agiaon,0,0,,193,10,1432,,87534.07309197474,191419206.17039648,0.0001770838150024414,0.00011784912534727468,139,0.01638102842327118
10-231-01433,BIHAR,Bhojpur,Tarari,0,0,,193,10,1433,,95157.98131215997,247108515.4982669,0.0001770838150024414,0.00017703116466802392,177,0.031334516146240235
10-231-01434,BIHAR,Bhojpur,Sahar,0,0,,193,10,1434,,61748.81499939302,157154129.14318892,0.0001770838150024414,0.00016094798332638211,117,0.018830914049186707
10-232-01435,BIHAR,Buxar,Simri,0,0,,194,10,1435,,87047.69219699135,222195796.247413,0.0001758133994293213,0.00013751022542023077,164,0.02255167696891785
10-232-01436,BIHAR,Buxar,Chakki,0,0,,194,10,1436,,73799.54032015939,80420668.23199363,0.0001244005191040039,0.00012266052718877792,64,0.007850273740081787
10-232-01437,BIHAR,Buxar,Barhampur,0,0,,194,10,1437,,133928.15369382405,240152233.65370417,0.0001244005191040039,0.00011530428958032862,173,0.019947642097396853
10-232-01440,BIHAR,Buxar,Dumraon,0,0,,194,10,1440,,115797.88145848007,238641355.07175583,0.0001687188529968262,0.00012999929504575107,169,0.02196988086273193
10-232-01441,BIHAR,Buxar,Buxar,0,0,,194,10,1441,,90996.21871903203,211591033.38394436,0.0001758133994293213,0.00016885441757833882,157,0.026510143559799193
10-232-01442,BIHAR,Buxar,Chausa,0,0,,194,10,1442,,99103.08457070828,138502720.57991108,0.0003505392475128174,0.00016819800701319614,107,0.017997186750411988
10-232-01443,BIHAR,Buxar,Rajpur,0,0,,194,10,1443,,121142.9666413415,336933113.12217736,0.0003557621597290039,0.00030754406955096187,245,0.07534829703998566
10-232-01444,BIHAR,Buxar,Itarhi,0,0,,194,10,1444,,109439.3274763228,293713382.2816445,0.0003557621597290039,0.00017050874109952643,209,0.03563632688980103
10-232-01445,BIHAR,Buxar,Nawanagar,0,0,,194,10,1445,,126567.10382889764,229774401.79100823,0.0003557621597290039,0.00013229248724897942,169,0.02235743034507752
10-233-01446,BIHAR,Kaimur (Bhabua),Ramgarh,0,0,,200,10,1446,,124781.0721120257,206666195.02442607,0.0003505392475128174,0.0002836985475567951,151,0.042838480681076055
10-233-01447,BIHAR,Kaimur (Bhabua),Nuaon,0,0,,200,10,1447,,121732.74643995032,235834986.4758632,0.0003557621597290039,0.00033057563248572997,171,0.05652843315505982
10-233-01448,BIHAR,Kaimur (Bhabua),Kudra,0,0,,200,10,1448,,132624.50147962422,255577893.54332253,0.0003671835107421875,0.00036031444972689194,189,0.06809943099838257
10-233-01449,BIHAR,Kaimur (Bhabua),Mohania,0,0,,200,10,1449,,142323.6809133636,349176573.6513165,0.0003671835107421875,0.0002963396075353027,256,0.07586293952903748
10-233-01450,BIHAR,Kaimur (Bhabua),Durgawati,0,0,,200,10,1450,,108544.41183902678,212580801.4059764,0.0001357957221221924,0.0001357957221221924,154,0.02091254120681763
10-233-01451,BIHAR,Kaimur (Bhabua),Chand,0,0,,200,10,1451,,97099.60209928264,257974481.1925409,0.00016526897552490236,0.00014776623377657952,188,0.02778005194999695
10-233-01452,BIHAR,Kaimur (Bhabua),Chainpur,0,0,,200,10,1452,,170712.34536647963,555311526.8488017,0.0001870429159164429,0.0001468601698965874,407,0.05977208914791107
10-233-01453,BIHAR,Kaimur (Bhabua),Bhabua,0,0,,200,10,1453,,143727.89821118704,407618990.38615096,0.0003671835107421875,0.0002636916715651097,301,0.07937119314109803
10-233-01454,BIHAR,Kaimur (Bhabua),Rampur,0,0,,200,10,1454,,126612.15498309073,210660395.23746365,0.0003671835107421875,0.00029390950931830695,149,0.04379251688842774
10-233-01455,BIHAR,Kaimur (Bhabua),Bhagwanpur,0,0,,200,10,1455,,134815.05705103654,292151198.96788174,0.0003671835107421875,0.00020748430274204058,211,0.04377918787857056
10-233-01456,BIHAR,Kaimur (Bhabua),Adhaura,0,0,,200,10,1456,,271357.2345421078,1135984955.9859164,0.0003671835107421875,0.0001469583235952462,833,0.12241628355484009
10-234-01457,BIHAR,Rohtas,Kochas,0,0,,215,10,1457,,90248.48407846906,187033418.62218276,0.0003557621597290039,0.0003541398915406429,132,0.046746465683364866
10-234-01458,BIHAR,Rohtas,Dinara,0,0,,215,10,1458,,157118.7651045217,464648316.8452498,0.0003557621597290039,0.0003137284179911236,341,0.10698139053497314
10-234-01459,BIHAR,Rohtas,Dawath,0,0,,215,10,1459,,78120.6651060775,129910427.66035384,0.00017659333557128908,0.00017659333557128908,94,0.016599773543701173
10-234-01466,BIHAR,Rohtas,Nokha,0,0,,215,10,1466,,82152.91978314315,208772248.59610957,0.00035704812713623047,0.00031765633271165796,148,0.04701313724132538
10-235-01476,BIHAR,Aurangabad,Daudnagar,0,0,,189,10,1476,,91010.07504965532,238139281.75712803,0.0001810443656539917,0.000162423467544468,174,0.028261683352737432
10-234-01467,BIHAR,Rohtas,Kargahar,0,0,,215,10,1467,,128509.87472624176,406135690.59563094,0.0003671835107421875,0.0003577547732108348,296,0.1058954128704071
10-234-01468,BIHAR,Rohtas,Chenari,0,0,,215,10,1468,,121720.69626398994,292642418.8385522,0.0003671835107421875,0.00025499590639123246,215,0.05482411987411498
10-234-01469,BIHAR,Rohtas,Nauhatta,0,0,,215,10,1469,,175494.75594492842,478591449.404211,0.0003067130989456177,0.0002023847117361511,354,0.07164418795459748
10-234-01470,BIHAR,Rohtas,Sheosagar,0,0,,215,10,1470,,135463.8765525897,406503956.12222886,0.0003671835107421875,0.0003197871913953878,295,0.0943372214616394
10-234-01471,BIHAR,Rohtas,Sasaram,0,0,,215,10,1471,,135810.11950728856,394273130.8742507,0.00035704812713623047,0.0003460104414958296,290,0.10034302803379058
10-234-01473,BIHAR,Rohtas,Dehri,0,0,,215,10,1473,,97323.52013589225,199371136.99043605,0.00035704812713623047,0.00023003285245198218,145,0.033354763605537414
10-235-01477,BIHAR,Aurangabad,Haspura,0,0,,189,10,1477,,88845.10694940752,164519986.5205008,0.00015972833755493166,0.00015810829180977565,121,0.019131103308982853
10-235-01478,BIHAR,Aurangabad,Goh,0,0,,189,10,1478,,122286.20877621078,374665187.3660463,0.00015972833755493166,8.910149032676922e-05,272,0.024235605368881228
10-236-01491,BIHAR,Gaya,Neem Chak Bathani,0,0,,196,10,1491,,79540.44278654993,146770773.7769567,9.47075503540039e-05,9.470755035400389e-05,103,0.009754877686462401
10-235-01479,BIHAR,Aurangabad,Rafiganj,0,0,,189,10,1479,,167069.30684925965,465687847.79432577,0.00016781264030456543,0.00014852220187961881,341,0.05064607084095002
10-235-01480,BIHAR,Aurangabad,Obra,0,0,,189,10,1480,,130720.05569071589,327203821.09876627,0.00032595077213287357,0.00017394335556802874,237,0.04122457526962281
10-236-01494,BIHAR,Gaya,Manpur,0,0,,196,10,1494,,77081.78707553667,161226183.41058797,0.0001482716990661621,0.00014652624056442926,115,0.016850517664909366
10-235-01481,BIHAR,Aurangabad,Aurangabad,0,0,,189,10,1481,,125502.68609205673,344679798.38062614,0.00032595077213287357,0.00020364081079691647,256,0.05213204756401062
10-237-01511,BIHAR,Nawada,Nardiganj,0,0,,210,10,1511,,60262.24041371029,129808165.4472442,1.9138785476684572e-05,1.9138785476684572e-05,95,0.0018181846202850343
10-235-01482,BIHAR,Aurangabad,Barun,0,0,,189,10,1482,,117269.30390529483,381782699.30215496,0.00032595077213287357,0.00027937371290751863,280,0.07822463961410522
10-235-01483,BIHAR,Aurangabad,Nabinagar,0,0,,189,10,1483,,173491.30877801325,657546828.2218357,0.0003408316212463379,0.0003182367816260044,483,0.1537083655253601
10-235-01484,BIHAR,Aurangabad,Kutumba,0,0,,189,10,1484,,110495.73757590447,319048251.76106954,0.00032595077213287357,0.0003013743339895057,229,0.0690147224835968
10-235-01485,BIHAR,Aurangabad,Deo,0,0,,189,10,1485,,158578.88849021672,336990745.1586724,0.00032595077213287357,0.00020917335546090783,251,0.052502512220687865
10-235-01486,BIHAR,Aurangabad,Madanpur,0,0,,189,10,1486,,153529.37367368402,418713952.50229967,0.00016781264030456543,0.00016077652387625196,309,0.04967994587776185
10-236-01487,BIHAR,Gaya,Konch,0,0,,196,10,1487,,154041.56172387034,319288521.7326548,0.0001229145018005371,7.965318792244484e-05,232,0.018479539598007202
10-236-01488,BIHAR,Gaya,Tikari,0,0,,196,10,1488,,122221.36853604284,290576655.12704176,0.0001482716990661621,8.12174233670191e-05,218,0.017705398294010164
10-236-01489,BIHAR,Gaya,Belaganj,0,0,,196,10,1489,,113473.13279109563,240372540.95814112,0.00010812615352630617,0.00010812615352630618,180,0.019462707634735114
10-236-01490,BIHAR,Gaya,Khizirsarai,0,0,,196,10,1490,,103698.13096672995,223124430.97950032,0.0001482716990661621,0.00010202545191493179,165,0.016834199565963746
10-236-01492,BIHAR,Gaya,Muhra,0,0,,196,10,1492,,93681.45756176667,181269438.2139707,0.0001910306268310547,0.00010939389477744031,134,0.014658781900177002
10-236-01493,BIHAR,Gaya,Atri,0,0,,196,10,1493,,103075.15367958385,161340647.62451813,0.0001910306268310547,0.00011345695232102852,119,0.013501377326202393
10-236-01495,BIHAR,Gaya,Gaya Town C.D.Block,0,0,,196,10,1495,,91678.58033080616,224144813.6021213,0.0001482716990661621,0.000142536621131897,161,0.022948396002235416
10-236-01496,BIHAR,Gaya,Paraiya,0,0,,196,10,1496,,75593.31264449215,167300846.5298876,0.0001482716990661621,0.0001339026206156413,120,0.016068314473876955
10-236-01497,BIHAR,Gaya,Guraru,0,0,,196,10,1497,,81292.54933661391,199646285.7542363,0.0001229145018005371,0.0001229145018005371,147,0.018068431764678955
10-237-01512,BIHAR,Nawada,Nawada,0,0,,210,10,1512,,86822.75137888109,219317998.1072041,0.00013978052326202393,2.6054553884761347e-05,157,0.004090564959907532
10-236-01498,BIHAR,Gaya,Gurua,0,0,,196,10,1498,,117859.62964526065,238015237.1519128,0.0001482716990661621,0.00012290920237546712,173,0.021263292010955812
10-236-01499,BIHAR,Gaya,Amas,0,0,,196,10,1499,,100546.69423332924,128484051.44985774,0.00016781264030456543,0.00012890492830537495,95,0.012245968189010619
10-237-01517,BIHAR,Nawada,Roh,0,0,,210,10,1517,,77804.52626079548,192537548.9783989,0.00013978052326202393,7.659596307092244e-05,144,0.011029818682212832
10-236-01500,BIHAR,Gaya,Banke Bazar,0,0,,196,10,1500,,85166.97220092022,256240042.68049288,0.00015961908981323243,0.00013218408648337085,186,0.024586240085906978
10-236-01501,BIHAR,Gaya,Imamganj,0,0,,196,10,1501,,136271.57775821586,316917295.57645696,0.00020983272819519042,0.00016474672341063433,239,0.039374466895141604
10-236-01502,BIHAR,Gaya,Dumaria,0,0,,196,10,1502,,119690.94596035974,390676703.928496,0.00027701160400390627,0.00018721184175350791,285,0.05335537489974976
10-236-01503,BIHAR,Gaya,Sherghati,0,0,,196,10,1503,,100322.2973073121,167902109.12194017,0.0001889140956878662,0.00012803545130908006,123,0.015748360511016846
10-238-01531,BIHAR,Jamui,Gidhaur,0,0,,198,10,1531,,55211.5633940527,100392309.18230554,0.00013805562717437745,0.00011850755705312095,75,0.008888066778984072
10-236-01504,BIHAR,Gaya,Dobhi,0,0,,196,10,1504,,103572.88994215836,218837778.49499393,0.0001889140956878662,0.0001768287791035338,161,0.02846943343566894
10-236-01505,BIHAR,Gaya,Bodh Gaya,0,0,,196,10,1505,,120948.91182130505,306843965.9119923,0.0001889140956878662,0.0001514086170717322,230,0.03482398192649841
10-236-01506,BIHAR,Gaya,Tan Kuppa,0,0,,196,10,1506,,108147.94853451202,190099968.23000297,0.0002371664453125,0.00017639620095551907,134,0.023637090928039554
10-240-01542,BIHAR,Arwal,Arwal,0,0,,611,10,1542,,73924.8054791393,147787869.27798152,0.0001770838150024414,0.00010351716137409209,104,0.010765784782905578
10-236-01507,BIHAR,Gaya,Wazirganj,0,0,,196,10,1507,,105472.06999302967,323030583.61833626,0.0001910306268310547,0.00018722580698756847,236,0.04418529044906616
10-236-01508,BIHAR,Gaya,Fatehpur,0,0,,196,10,1508,,155359.44599717355,408449805.62920874,0.0002928079624938965,0.00022002185711057567,304,0.066886644561615
10-240-01543,BIHAR,Arwal,Kaler,0,0,,611,10,1543,,67777.19153730445,176075758.749563,0.0001770838150024414,0.00017416915466774512,131,0.022816159261474612
10-236-01509,BIHAR,Gaya,Mohanpur,0,0,,196,10,1509,,119906.24818546322,418796109.2883684,0.0002371664453125,0.00020211406867074496,303,0.06124056280723572
10-240-01544,BIHAR,Arwal,Karpi,0,0,,611,10,1544,,158139.92638461498,234985661.7206014,0.0001770838150024414,8.500463312914205e-05,172,0.014620796898212433
10-236-01510,BIHAR,Gaya,Barachatti,0,0,,196,10,1510,,138753.78132836288,366328956.31361085,0.0002371664453125,0.00019312520983692514,275,0.05310943270515441
10-237-01513,BIHAR,Nawada,Warisaliganj,0,0,,210,10,1513,,109792.76918459819,202861050.3008767,8.472003875732423e-05,6.018283514892164e-05,147,0.008846876766891481
10-237-01514,BIHAR,Nawada,Kashi Chak,0,0,,210,10,1514,,73948.94452619922,98983451.20841853,8.472003875732423e-05,8.472003875732423e-05,72,0.006099842790527344
10-237-01515,BIHAR,Nawada,Pakribarawan,0,0,,210,10,1515,,104545.76938151139,251834567.85717744,8.472003875732423e-05,8.472003875732424e-05,184,0.01558848713134766
10-237-01516,BIHAR,Nawada,Kawakol,0,0,,210,10,1516,,121170.20018263235,362955647.76482904,0.0001228478614807129,7.140225721459642e-05,266,0.018993000419082647
10-237-01518,BIHAR,Nawada,Gobindpur,0,0,,210,10,1518,,73133.35659787485,188189390.13263756,0.00013978052326202393,8.671248886489868e-05,140,0.012139748441085816
10-237-01519,BIHAR,Nawada,Akbarpur,0,0,,210,10,1519,,91268.2921062847,249541236.96202633,0.00013978052326202393,0.00013978052326202393,184,0.025719616280212403
10-237-01520,BIHAR,Nawada,Hisua,0,0,,210,10,1520,,85113.4923130193,144090762.99664384,0.0001910306268310547,0.00013514090035842015,104,0.014054653637275696
10-237-01521,BIHAR,Nawada,Narhat,0,0,,210,10,1521,,62856.50481924386,99624005.77002536,0.00013978052326202393,0.00013978052326202393,69,0.00964485610507965
10-237-01522,BIHAR,Nawada,Meskaur,0,0,,210,10,1522,,75185.00287586387,145604023.18435815,0.0001910306268310547,0.00017638774009704592,112,0.019755426890869142
10-237-01523,BIHAR,Nawada,Sirdala,0,0,,210,10,1523,,111278.51695598938,301894539.186342,0.0002928079624938965,0.00019354947187038735,218,0.042193784867744444
10-237-01524,BIHAR,Nawada,Rajauli,0,0,,210,10,1524,,132370.86211000624,450216393.36794454,0.0002928079624938965,0.00020862179568912175,333,0.06947105796447754
10-238-01525,BIHAR,Jamui,Islamnagar Aliganj,0,0,,198,10,1525,,96153.77396855215,213408239.47295904,0.0001228478614807129,0.00011494430301666259,156,0.017931311270599364
10-238-01526,BIHAR,Jamui,Sikandra,0,0,,198,10,1526,,86788.2538333537,223096734.30010977,0.00013805562717437745,0.00012071257395850287,162,0.019555436981277464
10-238-01527,BIHAR,Jamui,Jamui,0,0,,198,10,1527,,90084.78430112793,212157753.6648698,0.0001228478614807129,0.0001025621352108371,155,0.01589713095767975
10-238-01528,BIHAR,Jamui,Barhat,0,0,,198,10,1528,,114104.37581341481,270298087.1382075,0.00010229696231842042,8.516092294528402e-05,197,0.01677670182022095
10-238-01529,BIHAR,Jamui,Lakshmipur,0,0,,198,10,1529,,112147.89260238525,307635253.00857943,0.00010229696231842042,2.727918995157878e-05,225,0.006137817739105225
10-238-01530,BIHAR,Jamui,Jhajha,0,0,,198,10,1530,,147664.43327942316,507112726.974952,0.00017612648223876953,0.00015969248220423107,370,0.059086218415565495
10-238-01532,BIHAR,Jamui,Khaira,0,0,,198,10,1532,,142747.05687020053,513762691.7981683,0.00013805562717437745,0.00011002182160992205,377,0.041478226746940614
10-238-01533,BIHAR,Jamui,Sono,0,0,,198,10,1533,,117724.39892386932,474283005.7300444,0.0002668362890625,0.00014465864389523396,349,0.05048586671943665
10-238-01534,BIHAR,Jamui,Chakai,0,0,,198,10,1534,,243956.2217086091,956725034.6798706,0.0002668362890625,0.00018405319027748108,700,0.12883723319423676
10-239-01535,BIHAR,Jehanabad,Ratni Faridpur,0,0,,199,10,1535,,82762.53932271499,155018952.20303965,0.00010812615352630617,8.431678445749115e-05,114,0.009612113428153992
10-239-01536,BIHAR,Jehanabad,Jehanabad,0,0,,199,10,1536,,97254.09844747804,201426556.69272655,8.829875549316407e-05,8.829875549316407e-05,148,0.013068215812988282
10-239-01537,BIHAR,Jehanabad,Kako,0,0,,199,10,1537,,83599.3529020472,162373941.78194478,8.829875549316407e-05,8.829875549316407e-05,118,0.01041925314819336
10-239-01538,BIHAR,Jehanabad,Modanganj,0,0,,199,10,1538,,66522.90037500951,97205276.85869928,8.829875549316407e-05,7.897483661154043e-05,69,0.005449263726196289
10-239-01539,BIHAR,Jehanabad,Ghoshi,0,0,,199,10,1539,,82931.95174196921,112225161.55433495,0.00010812615352630617,9.432164752224842e-05,83,0.007828696744346619
10-239-01540,BIHAR,Jehanabad,Makhdumpur,0,0,,199,10,1540,,128831.72570768485,301471679.33572614,0.00010812615352630617,0.00010593326157794023,217,0.02298751776241303
10-239-01541,BIHAR,Jehanabad,Hulasganj,0,0,,199,10,1541,,87179.53907708311,119677697.18988888,0.00010812615352630617,9.284185949834187e-05,90,0.008355767354850769
10-240-01545,BIHAR,Arwal,Sonbhadra Banshi Suryapur,0,0,,611,10,1545,,62692.97791397586,116643000.97724338,7.772106204986573e-05,6.557231505175671e-05,83,0.005442502149295807
10-240-01546,BIHAR,Arwal,Kurtha,0,0,,611,10,1546,,71585.17106640573,106433073.5354984,7.772106204986573e-05,6.951311739505865e-05,78,0.005422023156814575
10-224-01334,BIHAR,Bhagalpur,Gopalpur,0,0,,192,10,1334,,95407.9186210158,208941966.91883087,0.0,0.0,153,0.0
10-210-01127,BIHAR,Kishanganj,Kishanganj,0,0,,203,10,1127,,125268.33771117091,207105687.55921903,0.0,0.0,152,0.0
10-206-01064,BIHAR,Sitamarhi,Suppi,0,0,,221,10,1064,,71084.15120823232,92250451.53846286,0.0,0.0,66,0.0
10-234-01463,BIHAR,Rohtas,Nasriganj,0,0,,215,10,1463,,90034.07903274363,167356919.18355417,0.0005155805784225464,0.000494790711364746,126,0.062343629631958004
10-234-01464,BIHAR,Rohtas,Rajpur,0,0,,215,10,1464,,68660.48684625747,85633596.4997788,0.0004942942279434204,0.0004942942279434204,63,0.031140536360435483
10-234-01465,BIHAR,Rohtas,Sanjhauli,0,0,,215,10,1465,,56591.722358052,83833486.39015438,0.0004942942279434204,0.00044932430105300183,63,0.028307430966339114
10-203-01023,BIHAR,Pashchim Champaran,Thakrahan,0,0,,211,10,1023,,79847.09402015881,199004696.79409248,0.0,0.0,145,0.0
10-204-01054,BIHAR,Purbi Champaran,Phenhara,0,0,,213,10,1054,,44565.43736457999,67645025.94776015,0.0,0.0,51,0.0
10-219-01262,BIHAR,Saran,Maker,0,0,,218,10,1262,,62357.8736467211,96585777.9808088,0.0,0.0,71,0.0
10-220-01282,BIHAR,Vaishali,Sahdai Buzurg,0,0,,224,10,1282,,74546.65030748869,114161677.3631406,0.0,0.0,84,0.0
10-229-01388,BIHAR,Nalanda,Tharthari,0,0,,209,10,1388,,71853.42144919158,77411758.12428828,0.00020048854286193848,0.00016292492332175925,54,0.008797945859375
10-229-01389,BIHAR,Nalanda,Parbalpur,0,0,,209,10,1389,,54466.2339431045,76043839.88376136,0.00020048854286193848,0.00019212960554667886,56,0.010759257910614016
10-203-01022,BIHAR,Pashchim Champaran,Bhitaha,0,0,,211,10,1022,,72626.86760213553,166969906.7472905,0.0,0.0,117,0.0
10-203-01013,BIHAR,Pashchim Champaran,Sidhaw,0,0,,211,10,1013,,195582.3602130639,1085337194.6715722,0.0,0.0,781,0.0
10-203-01014,BIHAR,Pashchim Champaran,Ramnagar,0,0,,211,10,1014,,230865.78384139363,866139404.2451236,0.0,0.0,621,0.0
10-203-01015,BIHAR,Pashchim Champaran,Gaunaha,0,0,,211,10,1015,,136504.94021895694,605322845.3823951,0.0,0.0,441,0.0
10-203-01016,BIHAR,Pashchim Champaran,Mainatanr,0,0,,211,10,1016,,115419.13930249632,312998546.4010918,0.0,0.0,221,0.0
10-203-01017,BIHAR,Pashchim Champaran,Narkatiaganj,0,0,,211,10,1017,,149144.20649331805,441857686.2127825,0.0,0.0,314,0.0
10-203-01018,BIHAR,Pashchim Champaran,Lauriya,0,0,,211,10,1018,,120853.32018665274,255440417.54612216,0.0,0.0,183,0.0
10-203-01019,BIHAR,Pashchim Champaran,Bagaha,0,0,,211,10,1019,,135587.24079810514,491292931.53180623,0.0,0.0,352,0.0
10-203-01021,BIHAR,Pashchim Champaran,Madhubani,0,0,,211,10,1021,,144670.82201821523,386116138.1353823,0.0,0.0,276,0.0
10-203-01024,BIHAR,Pashchim Champaran,Jogapatti,0,0,,211,10,1024,,88530.23644360513,258722436.3759333,0.0,0.0,186,0.0
10-203-01029,BIHAR,Pashchim Champaran,Bairia,0,0,,211,10,1029,,105039.82861382668,288505226.87341565,0.0,0.0,208,0.0
10-203-01025,BIHAR,Pashchim Champaran,Chanpatia,0,0,,211,10,1025,,113543.7602983494,310017349.34780717,0.0,0.0,226,0.0
10-206-01071,BIHAR,Sitamarhi,Parsauni,0,0,,221,10,1071,,63729.135625112256,74724139.64418457,0.0,0.0,55,0.0
10-203-01026,BIHAR,Pashchim Champaran,Sikta,0,0,,211,10,1026,,93443.22825707054,255004178.86147365,0.0,0.0,183,0.0
10-203-01027,BIHAR,Pashchim Champaran,Majhaulia,0,0,,211,10,1027,,123374.4030721297,371511179.15939575,0.0,0.0,265,0.0
10-203-01028,BIHAR,Pashchim Champaran,Bettiah,0,0,,211,10,1028,,53968.26030594324,83182055.35378212,0.0,0.0,59,0.0
10-203-01030,BIHAR,Pashchim Champaran,Nautan,0,0,,211,10,1030,,122656.63983711715,245738630.13883996,0.0,0.0,171,0.0
10-204-01031,BIHAR,Purbi Champaran,Raxaul,0,0,,213,10,1031,,98709.78801801558,166685360.13968688,0.0,0.0,124,0.0
10-206-01072,BIHAR,Sitamarhi,Belsand,0,0,,221,10,1072,,66235.5873217276,97354060.86547032,0.0,0.0,70,0.0
10-206-01073,BIHAR,Sitamarhi,Runisaidpur,0,0,,221,10,1073,,152472.54206325076,334873257.0825382,0.0,0.0,243,0.0
10-204-01032,BIHAR,Purbi Champaran,Adapur,0,0,,213,10,1032,,94532.37688292323,199608924.7111849,0.0,0.0,148,0.0
10-206-01074,BIHAR,Sitamarhi,Dumra,0,0,,221,10,1074,,111649.34177378344,241159212.36062923,0.0,0.0,178,0.0
10-204-01033,BIHAR,Purbi Champaran,Ramgarhwa,0,0,,213,10,1033,,90718.26831189607,213035907.5226096,0.0,0.0,154,0.0
10-204-01034,BIHAR,Purbi Champaran,Sugauli,0,0,,213,10,1034,,84892.41923436844,209336830.19001696,0.0,0.0,149,0.0
10-204-01038,BIHAR,Purbi Champaran,Ghorasahan,0,0,,213,10,1038,,75335.10865687576,144368243.47105,0.0,0.0,104,0.0
10-204-01035,BIHAR,Purbi Champaran,Banjaria,0,0,,213,10,1035,,102381.40449613356,176960195.87167916,0.0,0.0,124,0.0
10-204-01047,BIHAR,Purbi Champaran,Kesaria,0,0,,213,10,1047,,87546.8206889307,229535442.11688668,0.0,0.0,168,0.0
10-204-01036,BIHAR,Purbi Champaran,Narkatia,0,0,,213,10,1036,,105607.09704406632,168338010.30978012,0.0,0.0,120,0.0
10-204-01037,BIHAR,Purbi Champaran,Bankatwa,0,0,,213,10,1037,,99233.37216886049,115311013.90225838,0.0,0.0,82,0.0
10-204-01039,BIHAR,Purbi Champaran,Dhaka,0,0,,213,10,1039,,97673.73467814895,202386545.86227983,0.0,0.0,145,0.0
10-204-01048,BIHAR,Purbi Champaran,Kalyanpur,0,0,,213,10,1048,,109413.20044555076,313300912.50613195,0.0,0.0,230,0.0
10-204-01040,BIHAR,Purbi Champaran,Chiraia,0,0,,213,10,1040,,110764.71696779084,272984575.32652414,0.0,0.0,199,0.0
10-204-01041,BIHAR,Purbi Champaran,Motihari,0,0,,213,10,1041,,181544.26702654368,319814691.13850176,0.0,0.0,241,0.0
10-204-01049,BIHAR,Purbi Champaran,Kotwa,0,0,,213,10,1049,,78879.98205471091,178282937.71225017,0.0,0.0,126,0.0
10-204-01042,BIHAR,Purbi Champaran,Turkaulia,0,0,,213,10,1042,,99475.78497366334,174748315.94966665,0.0,0.0,130,0.0
10-204-01050,BIHAR,Purbi Champaran,Piprakothi,0,0,,213,10,1050,,58369.33889310607,62223774.49301849,0.0,0.0,45,0.0
10-204-01043,BIHAR,Purbi Champaran,Harsidhi,0,0,,213,10,1043,,133904.34238337883,240218359.62130272,0.0,0.0,173,0.0
10-204-01044,BIHAR,Purbi Champaran,Paharpur,0,0,,213,10,1044,,108730.62076802726,192061375.0173064,0.0,0.0,144,0.0
10-204-01045,BIHAR,Purbi Champaran,Areraj,0,0,,213,10,1045,,93331.67353690567,242725576.26244012,0.0,0.0,174,0.0
10-204-01046,BIHAR,Purbi Champaran,Sangrampur,0,0,,213,10,1046,,78133.67961210197,187659878.02718252,0.0,0.0,133,0.0
10-204-01051,BIHAR,Purbi Champaran,Chakia(Pipra),0,0,,213,10,1051,,129110.66914194856,212940547.80779588,0.0,0.0,145,0.0
10-204-01052,BIHAR,Purbi Champaran,Pakri Dayal,0,0,,213,10,1052,,90143.40730437863,148110040.62869397,0.0,0.0,106,0.0
10-204-01053,BIHAR,Purbi Champaran,Patahi,0,0,,213,10,1053,,85994.51677214028,144960443.14880535,0.0,0.0,100,0.0
10-204-01055,BIHAR,Purbi Champaran,Madhuban,0,0,,213,10,1055,,112681.00006095257,152424272.44650427,0.0,0.0,114,0.0
10-204-01056,BIHAR,Purbi Champaran,Tetaria,0,0,,213,10,1056,,82320.72754353678,104458405.63845472,0.0,0.0,74,0.0
10-205-01058,BIHAR,Sheohar,Purnahiya,0,0,,220,10,1058,,57294.126150412616,80859097.14068061,0.0,0.0,59,0.0
10-204-01057,BIHAR,Purbi Champaran,Mehsi,0,0,,213,10,1057,,125063.78039343117,149773808.08158112,0.0,0.0,108,0.0
10-205-01059,BIHAR,Sheohar,Piprarhi,0,0,,220,10,1059,,105870.45511307275,104265216.9562483,0.0,0.0,77,0.0
10-205-01060,BIHAR,Sheohar,Sheohar,0,0,,220,10,1060,,81007.5322908237,115638983.35873616,0.0,0.0,83,0.0
10-205-01061,BIHAR,Sheohar,Dumri Katsari,0,0,,220,10,1061,,65038.65439014734,84655470.24819931,0.0,0.0,59,0.0
10-205-01062,BIHAR,Sheohar,Tariani Chowk,0,0,,220,10,1062,,97491.22869259815,171878914.60720828,0.0,0.0,126,0.0
10-206-01063,BIHAR,Sitamarhi,Bairgania,0,0,,221,10,1063,,59598.621146511534,94417571.99630062,0.0,0.0,70,0.0
10-206-01065,BIHAR,Sitamarhi,Majorganj,0,0,,221,10,1065,,62808.55729710282,95411217.42446172,0.0,0.0,68,0.0
10-206-01066,BIHAR,Sitamarhi,Sonbarsa,0,0,,221,10,1066,,92820.94699371175,224104085.6083578,0.0,0.0,155,0.0
10-206-01067,BIHAR,Sitamarhi,Parihar,0,0,,221,10,1067,,86838.20299610356,272812569.4060281,0.0,0.0,197,0.0
10-207-01095,BIHAR,Madhubani,Rajnagar,0,0,,206,10,1095,,78809.12744912357,223111125.2667772,0.0,0.0,158,0.0
10-206-01068,BIHAR,Sitamarhi,Sursand,0,0,,221,10,1068,,91215.71647520129,181412871.1123928,0.0,0.0,134,0.0
10-206-01069,BIHAR,Sitamarhi,Bathnaha,0,0,,221,10,1069,,120764.04051803834,251403523.12922087,0.0,0.0,185,0.0
10-206-01070,BIHAR,Sitamarhi,Riga,0,0,,221,10,1070,,129433.73210860479,163724219.02092636,0.0,0.0,114,0.0
10-210-01123,BIHAR,Kishanganj,Thakurganj,0,0,,203,10,1123,,224971.2940646554,491161543.46963537,0.0,0.0,353,0.0
10-210-01124,BIHAR,Kishanganj,Pothia,0,0,,203,10,1124,,167388.9118766352,443844792.4531903,0.0,0.0,321,0.0
10-210-01125,BIHAR,Kishanganj,Bahadurganj,0,0,,203,10,1125,,155296.13881782343,347494200.8377232,0.0,0.0,251,0.0
10-210-01126,BIHAR,Kishanganj,Kochadhamin,0,0,,203,10,1126,,139640.52665725534,360840233.8364798,0.0,0.0,258,0.0
10-211-01128,BIHAR,Purnia,Banmankhi,0,0,,214,10,1128,,142815.61519736593,459936087.34673214,0.0,0.0,333,0.0
10-206-01075,BIHAR,Sitamarhi,Bajpatti,0,0,,221,10,1075,,90407.29439213518,174303329.1783474,0.0,0.0,125,0.0
10-206-01076,BIHAR,Sitamarhi,Charaut,0,0,,221,10,1076,,85128.15752493152,91349700.81924292,0.0,0.0,62,0.0
10-206-01077,BIHAR,Sitamarhi,Pupri,0,0,,221,10,1077,,73992.24203369493,115338203.66308306,0.0,0.0,82,0.0
10-206-01078,BIHAR,Sitamarhi,Nanpur,0,0,,221,10,1078,,73315.01223618646,135892566.9983101,0.0,0.0,100,0.0
10-220-01283,BIHAR,Vaishali,Mahnar,0,0,,224,10,1283,,81638.1139853176,126474580.44313861,0.0,0.0,89,0.0
10-206-01079,BIHAR,Sitamarhi,Bokhara,0,0,,221,10,1079,,81978.13188098712,108574895.39827529,0.0,0.0,79,0.0
10-207-01080,BIHAR,Madhubani,Madhwapur,0,0,,206,10,1080,,88808.76172423853,137557654.90878707,0.0,0.0,103,0.0
10-207-01081,BIHAR,Madhubani,Harlakhi,0,0,,206,10,1081,,90217.76640094945,187441757.00046396,0.0,0.0,138,0.0
10-207-01082,BIHAR,Madhubani,Basopatti,0,0,,206,10,1082,,97634.90682970545,164238774.4639331,0.0,0.0,122,0.0
10-207-01089,BIHAR,Madhubani,Khajauli,0,0,,206,10,1089,,91171.28062794723,150968724.81279027,0.0,0.0,108,0.0
10-207-01083,BIHAR,Madhubani,Jainagar,0,0,,206,10,1083,,81489.61423509955,161880108.8306139,0.0,0.0,115,0.0
10-207-01090,BIHAR,Madhubani,Kaluahi,0,0,,206,10,1090,,62305.281593423286,101560283.08963235,0.0,0.0,75,0.0
10-207-01084,BIHAR,Madhubani,Ladania,0,0,,206,10,1084,,97928.14946240213,232665607.5684243,0.0,0.0,164,0.0
10-207-01085,BIHAR,Madhubani,Laukaha,0,0,,206,10,1085,,102032.19667129294,266340932.00179368,0.0,0.0,197,0.0
10-207-01086,BIHAR,Madhubani,Laukahi,0,0,,206,10,1086,,109679.24973352649,329223432.564553,0.0,0.0,237,0.0
10-207-01087,BIHAR,Madhubani,Phulparas,0,0,,206,10,1087,,117974.41186319289,199352334.8677591,0.0,0.0,140,0.0
10-207-01088,BIHAR,Madhubani,Babubarhi,0,0,,206,10,1088,,118996.04641992833,237192379.86086744,0.0,0.0,174,0.0
10-207-01091,BIHAR,Madhubani,Benipatti,0,0,,206,10,1091,,128414.2409747215,328987645.9449377,0.0,0.0,231,0.0
10-207-01092,BIHAR,Madhubani,Bisfi,0,0,,206,10,1092,,99754.46134559005,226192948.413646,0.0,0.0,165,0.0
10-207-01093,BIHAR,Madhubani,Madhubani,0,0,,206,10,1093,,109764.71764889831,200359220.56727448,0.0,0.0,142,0.0
10-207-01094,BIHAR,Madhubani,Pandaul,0,0,,206,10,1094,,102372.75527307783,208327489.63825428,0.0,0.0,148,0.0
10-207-01096,BIHAR,Madhubani,Andhratharhi,0,0,,206,10,1096,,97300.5167595078,186769445.10608673,0.0,0.0,134,0.0
10-207-01097,BIHAR,Madhubani,Jhanjharpur,0,0,,206,10,1097,,125261.96837896874,181284371.95402232,0.0,0.0,132,0.0
10-207-01098,BIHAR,Madhubani,Ghoghardiha,0,0,,206,10,1098,,114215.40677637524,211228851.4219488,0.0,0.0,159,0.0
10-207-01099,BIHAR,Madhubani,Lakhnaur,0,0,,206,10,1099,,72956.74167609161,146945623.14022,0.0,0.0,110,0.0
10-207-01100,BIHAR,Madhubani,Madhepur,0,0,,206,10,1100,,144505.38034518834,300452948.5687113,0.0,0.0,212,0.0
10-208-01101,BIHAR,Supaul,Nirmali,0,0,,223,10,1101,,123310.21889922836,162734364.67066902,0.0,0.0,118,0.0
10-208-01102,BIHAR,Supaul,Basantpur,0,0,,223,10,1102,,136288.63693043106,319456339.75100917,0.0,0.0,228,0.0
10-208-01103,BIHAR,Supaul,Chhatapur,0,0,,223,10,1103,,142271.17176584958,398825687.2446475,0.0,0.0,285,0.0
10-208-01104,BIHAR,Supaul,Pratapganj,0,0,,223,10,1104,,71155.69013184242,133032565.19323792,0.0,0.0,97,0.0
10-208-01105,BIHAR,Supaul,Raghopur,0,0,,223,10,1105,,111831.20983491397,255841046.48838165,0.0,0.0,187,0.0
10-221-01285,BIHAR,Samastipur,Warisnagar,0,0,,217,10,1285,,90241.30323013186,163846086.5162723,0.0,0.0,120,0.0
10-208-01106,BIHAR,Supaul,Saraigarh Bhaptiyahi,0,0,,223,10,1106,,105489.5116383213,257042943.27229512,0.0,0.0,189,0.0
10-208-01107,BIHAR,Supaul,Kishanpur,0,0,,223,10,1107,,125516.73810076228,248613546.3002807,0.0,0.0,177,0.0
10-208-01108,BIHAR,Supaul,Marauna,0,0,,223,10,1108,,114969.59778192453,206419565.01179272,0.0,0.0,149,0.0
10-208-01109,BIHAR,Supaul,Supaul,0,0,,223,10,1109,,122628.008173687,390920691.5720901,0.0,0.0,287,0.0
10-208-01110,BIHAR,Supaul,Pipra,0,0,,223,10,1110,,113516.78657800167,247320462.25611627,0.0,0.0,181,0.0
10-221-01287,BIHAR,Samastipur,Khanpur,0,0,,217,10,1287,,89337.20668890505,173313349.37261373,0.0,0.0,127,0.0
10-208-01111,BIHAR,Supaul,Tribeniganj,0,0,,223,10,1111,,136684.8917573132,402291551.99740016,0.0,0.0,290,0.0
10-209-01112,BIHAR,Araria,Narpatganj,0,0,,188,10,1112,,196352.82868709194,482872068.7863751,0.0,0.0,351,0.0
10-209-01113,BIHAR,Araria,Forbesganj,0,0,,188,10,1113,,165874.55860340688,546946456.996027,0.0,0.0,392,0.0
10-209-01114,BIHAR,Araria,Bhargama,0,0,,188,10,1114,,140909.75235341018,280499778.1128878,0.0,0.0,206,0.0
10-209-01115,BIHAR,Araria,Raniganj,0,0,,188,10,1115,,160625.61646677545,576910744.770993,0.0,0.0,418,0.0
10-209-01116,BIHAR,Araria,Araria,0,0,,188,10,1116,,192057.15187743204,506918787.2643526,0.0,0.0,371,0.0
10-209-01117,BIHAR,Araria,Kursakatta,0,0,,188,10,1117,,96566.38525637137,201032230.408231,0.0,0.0,147,0.0
10-209-01118,BIHAR,Araria,Sikti,0,0,,188,10,1118,,116798.35346995249,237753016.2819182,0.0,0.0,177,0.0
10-209-01119,BIHAR,Araria,Palasi,0,0,,188,10,1119,,132578.70192307016,306240761.34804773,0.0,0.0,222,0.0
10-209-01120,BIHAR,Araria,Jokihat,0,0,,188,10,1120,,155370.9524619173,341005127.7602247,0.0,0.0,246,0.0
10-210-01121,BIHAR,Kishanganj,Terhagachh,0,0,,203,10,1121,,121953.02658094271,245208326.38245347,0.0,0.0,175,0.0
10-210-01122,BIHAR,Kishanganj,Dighalbank,0,0,,203,10,1122,,147432.83262190674,314385668.4331173,0.0,0.0,224,0.0
10-211-01129,BIHAR,Purnia,Barhara,0,0,,214,10,1129,,111073.17449432175,288009141.38478667,0.0,0.0,212,0.0
10-211-01130,BIHAR,Purnia,Bhawanipur,0,0,,214,10,1130,,116656.34435182877,201938838.4795833,0.0,0.0,147,0.0
10-211-01131,BIHAR,Purnia,Rupauli,0,0,,214,10,1131,,113946.660566684,308195114.8462847,0.0,0.0,227,0.0
10-211-01132,BIHAR,Purnia,Dhamdaha,0,0,,214,10,1132,,135370.01293426772,446856166.039676,0.0,0.0,326,0.0
10-211-01133,BIHAR,Purnia,Krityanand Nagar,0,0,,214,10,1133,,149407.41850079046,364443041.21247435,0.0,0.0,274,0.0
10-211-01134,BIHAR,Purnia,Purnia East,0,0,,214,10,1134,,127662.13358515713,309272824.56310594,0.0,0.0,228,0.0
10-211-01135,BIHAR,Purnia,Kasba,0,0,,214,10,1135,,130095.64608516233,215123054.3424731,0.0,0.0,154,0.0
10-211-01136,BIHAR,Purnia,Srinagar,0,0,,214,10,1136,,106220.57404900706,172405807.6412187,0.0,0.0,122,0.0
10-211-01137,BIHAR,Purnia,Jalalgarh,0,0,,214,10,1137,,87146.39992638786,142107808.6772385,0.0,0.0,102,0.0
10-211-01138,BIHAR,Purnia,Amour,0,0,,214,10,1138,,141371.93624621196,307011870.96961224,0.0,0.0,225,0.0
10-211-01139,BIHAR,Purnia,Baisa,0,0,,214,10,1139,,132173.35304950457,275191667.549805,0.0,0.0,197,0.0
10-211-01140,BIHAR,Purnia,Baisi,0,0,,214,10,1140,,118169.54825440844,253873549.02719215,0.0,0.0,187,0.0
10-211-01141,BIHAR,Purnia,Dagarua,0,0,,214,10,1141,,129309.28146976323,257465778.6329552,0.0,0.0,180,0.0
10-212-01142,BIHAR,Katihar,Falka,0,0,,201,10,1142,,100518.70580952488,208374539.8829749,0.0,0.0,150,0.0
10-212-01143,BIHAR,Katihar,Korha,0,0,,201,10,1143,,137118.64195203967,368801327.90483874,0.0,0.0,273,0.0
10-212-01144,BIHAR,Katihar,Hasanganj,0,0,,201,10,1144,,78227.29832785497,86155111.41022065,0.0,0.0,62,0.0
10-212-01145,BIHAR,Katihar,Kadwa,0,0,,201,10,1145,,157692.68144088247,420129854.10490626,0.0,0.0,307,0.0
10-212-01146,BIHAR,Katihar,Balrampur,0,0,,201,10,1146,,141815.18317465586,216253207.31133217,0.0,0.0,151,0.0
10-212-01147,BIHAR,Katihar,Barsoi,0,0,,201,10,1147,,172308.8160052511,357713388.6445612,0.0,0.0,261,0.0
10-212-01148,BIHAR,Katihar,Azamnagar,0,0,,201,10,1148,,141791.77759222616,349759708.1212404,0.0,0.0,253,0.0
10-221-01290,BIHAR,Samastipur,Tajpur,0,0,,217,10,1290,,57166.77792153786,83856612.1105223,0.0,0.0,61,0.0
10-212-01149,BIHAR,Katihar,Pranpur,0,0,,201,10,1149,,111803.70370561493,191475637.62126103,0.0,0.0,141,0.0
10-212-01150,BIHAR,Katihar,Dandkhora,0,0,,201,10,1150,,70987.07501110679,111201189.06340708,0.0,0.0,81,0.0
10-212-01151,BIHAR,Katihar,Katihar,0,0,,201,10,1151,,76845.81968857624,136830037.77828172,0.0,0.0,100,0.0
10-212-01152,BIHAR,Katihar,Mansahi,0,0,,201,10,1152,,73279.06289841712,97405011.1871763,0.0,0.0,73,0.0
10-212-01155,BIHAR,Katihar,Kursela,0,0,,201,10,1155,,80348.39413748268,153683091.52761996,0.0,0.0,117,0.0
10-212-01153,BIHAR,Katihar,Barari,0,0,,201,10,1153,,107333.93297446336,407446973.1478653,0.0,0.0,292,0.0
10-212-01154,BIHAR,Katihar,Sameli,0,0,,201,10,1154,,75105.36277909,118027198.2496544,0.0,0.0,81,0.0
10-212-01156,BIHAR,Katihar,Manihari,0,0,,201,10,1156,,130162.81635074862,303859830.4099729,0.0,0.0,221,0.0
10-212-01157,BIHAR,Katihar,Amdabad,0,0,,201,10,1157,,103742.71814675455,228302986.79665467,0.0,0.0,164,0.0
10-213-01158,BIHAR,Madhepura,Gamharia,0,0,,205,10,1158,,80141.00377515821,125479849.27382244,0.0,0.0,89,0.0
10-213-01160,BIHAR,Madhepura,Ghailarh,0,0,,205,10,1160,,78865.70647224285,116219722.2388165,0.0,0.0,83,0.0
10-213-01159,BIHAR,Madhepura,Singheshwar,0,0,,205,10,1159,,111627.30849980874,111167268.35246354,0.0,0.0,78,0.0
10-216-01210,BIHAR,Muzaffarpur,Bandra,0,0,,208,10,1210,,74293.85759884378,142020443.31484023,0.0,0.0,103,0.0
10-213-01161,BIHAR,Madhepura,Madhepura,0,0,,205,10,1161,,115084.47931226583,237801277.85767865,0.0,0.0,175,0.0
10-213-01162,BIHAR,Madhepura,Shankarpur,0,0,,205,10,1162,,63984.56408470212,128790837.874554,0.0,0.0,94,0.0
10-213-01163,BIHAR,Madhepura,Kumarkhand,0,0,,205,10,1163,,118191.24796123093,316976886.68211347,0.0,0.0,230,0.0
10-213-01164,BIHAR,Madhepura,Murliganj,0,0,,205,10,1164,,94211.11378994165,247086114.21145928,0.0,0.0,179,0.0
10-221-01293,BIHAR,Samastipur,Mohanpur,0,0,,217,10,1293,,74468.46489139357,163000016.77407515,0.0,0.0,120,0.0
10-213-01165,BIHAR,Madhepura,Gwalpara,0,0,,205,10,1165,,78037.2495556277,147267353.58482873,0.0,0.0,109,0.0
10-214-01172,BIHAR,Saharsa,Satar Kataiya,0,0,,216,10,1172,,77878.75925155886,177382280.64763528,0.0,0.0,130,0.0
10-213-01166,BIHAR,Madhepura,Bihariganj,0,0,,205,10,1166,,79669.40805645821,133818744.70956944,0.0,0.0,98,0.0
10-216-01211,BIHAR,Muzaffarpur,Dholi (Moraul),0,0,,208,10,1211,,63030.361633940505,73298422.6275262,0.0,0.0,50,0.0
10-213-01167,BIHAR,Madhepura,Kishanganj,0,0,,205,10,1167,,99817.47531025465,188055937.5971522,0.0,0.0,133,0.0
10-216-01212,BIHAR,Muzaffarpur,Musahri,0,0,,208,10,1212,,211487.75457487197,365415439.5943066,0.0,0.0,267,0.0
10-213-01168,BIHAR,Madhepura,Puraini,0,0,,205,10,1168,,63416.842365887525,103114850.3546553,0.0,0.0,76,0.0
10-214-01174,BIHAR,Saharsa,Kahara,0,0,,216,10,1174,,81070.16203244023,176788302.3737116,0.0,0.0,128,0.0
10-213-01169,BIHAR,Madhepura,Alamnagar,0,0,,205,10,1169,,94357.42058114092,211989804.11375904,0.0,0.0,151,0.0
10-213-01170,BIHAR,Madhepura,Chausa,0,0,,205,10,1170,,87285.75133964,172516848.53860697,0.0,0.0,124,0.0
10-214-01171,BIHAR,Saharsa,Nauhatta,0,0,,216,10,1171,,93228.84620468391,212763144.21707585,0.0,0.0,151,0.0
10-217-01227,BIHAR,Gopalganj,Sidhwalia,0,0,,197,10,1227,,69457.48217743407,152022198.31601515,0.0,0.0,109,0.0
10-214-01173,BIHAR,Saharsa,Mahishi,0,0,,216,10,1173,,106372.46434789852,273075178.2794974,0.0,0.0,195,0.0
10-214-01175,BIHAR,Saharsa,Saur Bazar,0,0,,216,10,1175,,88121.22998090234,233228921.9025612,0.0,0.0,171,0.0
10-214-01176,BIHAR,Saharsa,Patarghat,0,0,,216,10,1176,,67497.21582029684,149681422.04156074,0.0,0.0,105,0.0
10-214-01177,BIHAR,Saharsa,Sonbarsa,0,0,,216,10,1177,,90185.02153799882,263952116.041209,0.0,0.0,193,0.0
10-216-01199,BIHAR,Muzaffarpur,Sahebganj,0,0,,208,10,1199,,80060.99972290538,253055918.70266867,0.0,0.0,189,0.0
10-214-01178,BIHAR,Saharsa,Simri Bakhtiarpur,0,0,,216,10,1178,,119116.35548129058,266466354.66217396,0.0,0.0,194,0.0
10-214-01179,BIHAR,Saharsa,Salkhua,0,0,,216,10,1179,,82412.26684571667,221182533.93573853,0.0,0.0,163,0.0
10-214-01180,BIHAR,Saharsa,Banma Itahri,0,0,,216,10,1180,,54286.501575749484,92822449.4552088,0.0,0.0,68,0.0
10-215-01181,BIHAR,Darbhanga,Jale,0,0,,195,10,1181,,112473.57051363293,234172285.01568127,0.0,0.0,171,0.0
10-215-01182,BIHAR,Darbhanga,Singhwara,0,0,,195,10,1182,,121368.62688362494,223279889.67870736,0.0,0.0,162,0.0
10-215-01183,BIHAR,Darbhanga,Keotiranway,0,0,,195,10,1183,,89515.08566239705,180205403.4644349,0.0,0.0,131,0.0
10-215-01184,BIHAR,Darbhanga,Darbhanga,0,0,,195,10,1184,,131883.04966973627,240721362.1475316,0.0,0.0,174,0.0
10-215-01185,BIHAR,Darbhanga,Manigachhi,0,0,,195,10,1185,,96856.01003306538,158887287.31255177,0.0,0.0,114,0.0
10-215-01186,BIHAR,Darbhanga,Tardih,0,0,,195,10,1186,,96398.42232606321,109520018.96976715,0.0,0.0,79,0.0
10-215-01187,BIHAR,Darbhanga,Alinagar,0,0,,195,10,1187,,105560.56246873255,146523357.5416611,0.0,0.0,105,0.0
10-215-01188,BIHAR,Darbhanga,Benipur,0,0,,195,10,1188,,118482.30854716274,204643530.87647069,0.0,0.0,150,0.0
10-215-01189,BIHAR,Darbhanga,Bahadurpur,0,0,,195,10,1189,,155637.00049509996,221161760.4253616,0.0,0.0,158,0.0
10-215-01190,BIHAR,Darbhanga,Hanumannagar,0,0,,195,10,1190,,114393.83215098479,181536916.32106537,0.0,0.0,130,0.0
10-215-01191,BIHAR,Darbhanga,Hayaghat,0,0,,195,10,1191,,66118.49929402806,108810529.75916524,0.0,0.0,77,0.0
10-215-01192,BIHAR,Darbhanga,Baheri,0,0,,195,10,1192,,128629.1579498372,271307286.95794886,0.0,0.0,195,0.0
10-215-01193,BIHAR,Darbhanga,Biraul,0,0,,195,10,1193,,135706.32971678255,230203939.26841983,0.0,0.0,167,0.0
10-215-01194,BIHAR,Darbhanga,Ghanshyampur,0,0,,195,10,1194,,76766.91373126305,103945643.9979024,0.0,0.0,78,0.0
10-215-01195,BIHAR,Darbhanga,Kiratpur,0,0,,195,10,1195,,78793.19278562842,78915927.53877336,0.0,0.0,60,0.0
10-215-01196,BIHAR,Darbhanga,Gora Bauram,0,0,,195,10,1196,,99804.03366816713,145653476.81698695,0.0,0.0,104,0.0
10-215-01197,BIHAR,Darbhanga,Kusheshwar Asthan,0,0,,195,10,1197,,87220.16498537568,144130520.9401011,0.0,0.0,107,0.0
10-215-01198,BIHAR,Darbhanga,Kusheshwar Asthan Purbi,0,0,,195,10,1198,,91858.86035222423,150084285.43545517,0.0,0.0,112,0.0
10-216-01200,BIHAR,Muzaffarpur,Baruraj (Motipur),0,0,,208,10,1200,,125110.13599018812,365259305.4740948,0.0,0.0,263,0.0
10-216-01201,BIHAR,Muzaffarpur,Paroo,0,0,,208,10,1201,,136934.87791145188,413033977.3448192,0.0,0.0,295,0.0
10-216-01202,BIHAR,Muzaffarpur,Saraiya,0,0,,208,10,1202,,155820.80051537574,301402655.1404849,0.0,0.0,218,0.0
10-216-01203,BIHAR,Muzaffarpur,Marwan,0,0,,208,10,1203,,84959.92762229654,138736310.53842777,0.0,0.0,101,0.0
10-216-01204,BIHAR,Muzaffarpur,Kanti,0,0,,208,10,1204,,97122.90469976026,124757584.36625764,0.0,0.0,91,0.0
10-216-01205,BIHAR,Muzaffarpur,Minapur,0,0,,208,10,1205,,166218.11946715685,316124209.98756105,0.0,0.0,228,0.0
10-216-01206,BIHAR,Muzaffarpur,Bochaha,0,0,,208,10,1206,,126044.68100944142,233148755.94160384,0.0,0.0,167,0.0
10-216-01207,BIHAR,Muzaffarpur,Aurai,0,0,,208,10,1207,,101267.16719990574,247748190.77792475,0.0,0.0,177,0.0
10-216-01208,BIHAR,Muzaffarpur,Katra,0,0,,208,10,1208,,118891.9342746819,235108975.17115793,0.0,0.0,171,0.0
10-216-01209,BIHAR,Muzaffarpur,Gaighat,0,0,,208,10,1209,,111008.49869520529,259762671.68662548,0.0,0.0,191,0.0
10-216-01213,BIHAR,Muzaffarpur,Kurhani,0,0,,208,10,1213,,108106.10574110712,256354911.2077163,0.0,0.0,187,0.0
10-216-01214,BIHAR,Muzaffarpur,Sakra,0,0,,208,10,1214,,105121.4777371614,236360031.18726787,0.0,0.0,175,0.0
10-217-01215,BIHAR,Gopalganj,Katiya,0,0,,197,10,1215,,94755.55253264701,158441587.458013,0.00021419454483032229,0.00016829571379525324,112,0.01884911994506836
10-217-01216,BIHAR,Gopalganj,Bijaipur,0,0,,197,10,1216,,81309.59717969262,163112176.36717936,0.00021419454483032229,0.0002141945448303223,120,0.025703345379638677
10-217-01217,BIHAR,Gopalganj,Bhorey,0,0,,197,10,1217,,78790.65552761848,196013266.46535653,0.00021419454483032229,0.00011155965876579286,144,0.016064590862274172
10-217-01218,BIHAR,Gopalganj,Pach Deuri,0,0,,197,10,1218,,53698.212932643866,118295317.11973979,0.0,0.0,85,0.0
10-217-01219,BIHAR,Gopalganj,Kuchaikote,0,0,,197,10,1219,,101077.28158428885,316078491.04748106,0.0,0.0,226,0.0
10-217-01220,BIHAR,Gopalganj,Phulwaria,0,0,,197,10,1220,,81339.22200232239,118763292.85091434,0.0,0.0,89,0.0
10-217-01221,BIHAR,Gopalganj,Hathua,0,0,,197,10,1221,,91546.96202775641,183613061.83342972,0.0001489274472808838,9.850319347712e-05,127,0.01250990557159424
10-217-01222,BIHAR,Gopalganj,Uchkagaon,0,0,,197,10,1222,,80102.93001981139,142235093.67043933,0.0001489274472808838,9.834831424209307e-06,106,0.0010424921309661866
10-217-01223,BIHAR,Gopalganj,Thawe,0,0,,197,10,1223,,57244.55575246375,89300191.60424533,0.0001489274472808838,2.3269913637638094e-06,64,0.0001489274472808838
10-217-01224,BIHAR,Gopalganj,Gopalganj,0,0,,197,10,1224,,110313.13172782106,244420793.60160467,0.0,0.0,182,0.0
10-218-01232,BIHAR,Siwan,Goriakothi,0,0,,222,10,1232,,73201.39147651673,174963939.23516312,0.0,0.0,127,0.0
10-217-01225,BIHAR,Gopalganj,Manjha,0,0,,197,10,1225,,80242.78538873792,179389027.9828925,0.0,0.0,131,0.0
10-217-01226,BIHAR,Gopalganj,Barauli,0,0,,197,10,1226,,105754.79057670098,232227972.12586737,0.0,0.0,170,0.0
10-217-01228,BIHAR,Gopalganj,Baikunthpur,0,0,,197,10,1228,,97825.58906166903,256614409.24172768,0.0,0.0,185,0.0
10-218-01229,BIHAR,Siwan,Nautan,0,0,,222,10,1229,,58324.35348563096,81827813.66620097,0.0001489274472808838,0.0001489274472808838,58,0.008637791942291261
10-218-01230,BIHAR,Siwan,Siwan,0,0,,222,10,1230,,92599.06904644772,168879532.28230655,0.0001489274472808838,0.00013630647717233435,118,0.016084164306335455
10-218-01235,BIHAR,Siwan,Bhagwanpur Hat,0,0,,222,10,1235,,86430.4184146014,189582799.91524476,0.00011677177543640138,1.8615790286962536e-05,138,0.0025689790596008302
10-218-01231,BIHAR,Siwan,Barharia,0,0,,222,10,1231,,90315.6629531122,219606934.01516393,0.0001489274472808838,2.7923896365165713e-06,160,0.0004467823418426514
10-218-01233,BIHAR,Siwan,Lakri Nabiganj,0,0,,222,10,1233,,79648.98713303795,120773104.6039552,0.0,0.0,88,0.0
10-218-01234,BIHAR,Siwan,Basantpur,0,0,,222,10,1234,,57871.378293950496,76675463.02480637,0.0,0.0,56,0.0
10-218-01236,BIHAR,Siwan,Maharajganj,0,0,,222,10,1236,,119387.58843212528,142817377.5161484,0.00011677177543640138,4.4214555747763625e-05,103,0.004554099242019653
10-218-01237,BIHAR,Siwan,Pachrukhi,0,0,,222,10,1237,,99183.2392802834,160709761.40986398,0.0001489274472808838,6.364420823969394e-06,117,0.0007446372364044191
10-218-01238,BIHAR,Siwan,Hussainganj,0,0,,222,10,1238,,68784.84800107122,105975934.30464326,0.0001489274472808838,0.00013182600403450633,74,0.009755124298553467
10-218-01239,BIHAR,Siwan,Ziradei,0,0,,222,10,1239,,98825.50869312549,152221780.48504183,0.0001489274472808838,0.0001487605841683053,111,0.016512424842681887
10-218-01240,BIHAR,Siwan,Mairwa,0,0,,222,10,1240,,65279.2242200428,88898123.37504825,0.00021120552947998048,0.0001517582691990246,66,0.010016045767135624
10-218-01242,BIHAR,Siwan,Darauli,0,0,,222,10,1242,,90305.00161970501,214758375.6239279,0.00021120552947998048,0.00015625368002368558,155,0.024219320403671266
10-218-01241,BIHAR,Siwan,Guthani,0,0,,222,10,1241,,78778.78773845347,115110806.99004474,0.00021120552947998048,0.0002066485966361442,82,0.016945184924163824
10-219-01248,BIHAR,Saran,Mashrakh,0,0,,218,10,1248,,82075.7710341599,165898243.02109933,0.0,0.0,121,0.0
10-218-01243,BIHAR,Siwan,Andar,0,0,,222,10,1243,,83358.60866933218,125625010.62434034,0.0001489274472808838,0.00013253458494515255,87,0.011530508890228271
10-219-01249,BIHAR,Saran,Panapur,0,0,,218,10,1249,,75875.09329534958,182360909.7404776,0.0,0.0,128,0.0
10-218-01244,BIHAR,Siwan,Raghunathpur,0,0,,222,10,1244,,87824.68008836384,193566358.3438411,0.00013040564178466797,0.00013040564178466797,143,0.018648006775207518
10-219-01250,BIHAR,Saran,Taraiya,0,0,,218,10,1250,,53629.0613522338,97307015.09151264,0.0,0.0,74,0.0
10-218-01245,BIHAR,Siwan,Hasanpura,0,0,,222,10,1245,,82786.09108287447,121956119.03175904,0.00013040564178466797,0.00011988567778137908,87,0.01043005396697998
10-219-01251,BIHAR,Saran,Ishupur,0,0,,218,10,1251,,62425.60798229613,109300191.56908256,0.0,0.0,76,0.0
10-218-01246,BIHAR,Siwan,Daraundha,0,0,,222,10,1246,,105400.53795370483,157911066.26165873,0.00011677177543640138,0.00010154067429252295,115,0.011677177543640139
10-219-01256,BIHAR,Saran,Jalalpur,0,0,,218,10,1256,,65042.73641147566,147549697.72689733,0.00013046348011016846,5.1130926508993475e-05,106,0.005419878209953309
10-218-01247,BIHAR,Siwan,Siswan,0,0,,222,10,1247,,98184.39847010886,155554872.77293277,0.00013040564178466797,0.00012082508705345362,111,0.013411584662933351
10-219-01259,BIHAR,Saran,Nagra,0,0,,218,10,1259,,43289.948409307304,65110006.46242106,0.00013046348011016846,5.551637451496531e-05,47,0.0026092696022033696
10-219-01252,BIHAR,Saran,Baniapur,0,0,,218,10,1252,,89199.8841803021,219417775.87250236,0.00011677177543640138,2.865565041384083e-06,163,0.0004670871017456055
10-219-01253,BIHAR,Saran,Lahladpur,0,0,,218,10,1253,,49287.19248841685,70233795.44130237,0.00011677177543640138,6.305675873565674e-05,50,0.0031528379367828374
10-219-01254,BIHAR,Saran,Ekma,0,0,,218,10,1254,,99716.17236158185,176114988.01319405,0.00011677177543640138,0.00011677177543640138,128,0.014946787255859377
10-219-01255,BIHAR,Saran,Manjhi,0,0,,218,10,1255,,127085.43562979231,244607530.98349065,0.00011677177543640138,0.00011200907876120672,180,0.02016163417701721
10-219-01257,BIHAR,Saran,Revelganj,0,0,,218,10,1257,,84877.1419542779,179359801.45379385,0.00013046348011016846,0.00012788711648406984,125,0.01598588956050873
10-219-01258,BIHAR,Saran,Chapra,0,0,,218,10,1258,,119729.94798472138,239470568.44351175,0.00013046348011016846,0.0001223095126032829,176,0.021526474218177792
10-219-01260,BIHAR,Saran,Marhaura,0,0,,218,10,1260,,87240.95030017926,190752130.05196184,0.00013046348011016846,3.8091527039465245e-06,137,0.0005218539204406738
10-219-01261,BIHAR,Saran,Amnour,0,0,,218,10,1261,,94922.90618840617,160109081.4065653,0.00013046348011016846,2.2112454255960758e-06,118,0.0002609269602203369
10-219-01263,BIHAR,Saran,Parsa,0,0,,218,10,1263,,85595.91054800974,122749042.93573296,0.0,0.0,88,0.0
10-219-01266,BIHAR,Saran,Dighwara,0,0,,218,10,1266,,81943.45164265168,101347015.6655549,0.0,0.0,72,0.0
10-219-01264,BIHAR,Saran,Dariapur,0,0,,218,10,1264,,115477.27251924115,281302380.67878103,0.0,0.0,202,0.0
10-219-01265,BIHAR,Saran,Garkha,0,0,,218,10,1265,,90147.74693968748,213336409.9887166,0.00013046348011016846,6.69260709656059e-05,154,0.010306614928703307
10-220-01269,BIHAR,Vaishali,Paterhi Belsar,0,0,,224,10,1269,,56227.36197278124,93522597.26160131,0.0,0.0,69,0.0
10-219-01267,BIHAR,Saran,Sonepur,0,0,,218,10,1267,,70412.64000247594,214865144.18564072,0.0,0.0,162,0.0
10-220-01268,BIHAR,Vaishali,Vaishali,0,0,,224,10,1268,,72706.90824879723,158663399.21103516,0.0,0.0,114,0.0
10-220-01270,BIHAR,Vaishali,Lalganj,0,0,,224,10,1270,,89595.71916906572,184177988.41986412,0.0,0.0,133,0.0
10-221-01294,BIHAR,Samastipur,Mohiuddinagar,0,0,,217,10,1294,,80607.53716768604,178536106.2701614,0.0,0.0,130,0.0
10-220-01271,BIHAR,Vaishali,Bhagwanpur,0,0,,224,10,1271,,98965.72708266653,142473218.81446454,0.0,0.0,102,0.0
10-220-01272,BIHAR,Vaishali,Goraul,0,0,,224,10,1272,,101989.77906286377,122446101.92943335,0.0,0.0,87,0.0
10-220-01273,BIHAR,Vaishali,Chehra Kalan,0,0,,224,10,1273,,63204.34388206024,89818122.94593617,0.0,0.0,66,0.0
10-220-01277,BIHAR,Vaishali,Raja Pakar,0,0,,224,10,1277,,58946.08844196175,93673217.82917874,0.0,0.0,72,0.0
10-220-01274,BIHAR,Vaishali,Patepur,0,0,,224,10,1274,,118180.33822078991,317029999.71255994,0.0,0.0,234,0.0
10-220-01275,BIHAR,Vaishali,Mahua,0,0,,224,10,1275,,86273.82517515696,171155586.12447235,0.0,0.0,125,0.0
10-220-01276,BIHAR,Vaishali,Jandaha,0,0,,224,10,1276,,99044.76663725945,179891527.10359335,0.0,0.0,128,0.0
10-220-01278,BIHAR,Vaishali,Hajipur,0,0,,224,10,1278,,80048.24731377292,194916759.16986817,0.0,0.0,140,0.0
10-220-01280,BIHAR,Vaishali,Bidupur,0,0,,224,10,1280,,88122.3198685409,139375575.9420912,0.0,0.0,99,0.0
10-220-01279,BIHAR,Vaishali,Raghopur,0,0,,224,10,1279,,128641.49950069311,338499790.0832371,0.0,0.0,246,0.0
10-220-01281,BIHAR,Vaishali,Desri,0,0,,224,10,1281,,50183.809114488824,56627949.53624974,0.0,0.0,43,0.0
10-221-01284,BIHAR,Samastipur,Kalyanpur,0,0,,217,10,1284,,147387.26660455638,294821482.9966942,0.0,0.0,214,0.0
10-221-01286,BIHAR,Samastipur,Shivaji Nagar,0,0,,217,10,1286,,96209.25031894707,172333979.18990555,0.0,0.0,130,0.0
10-221-01288,BIHAR,Samastipur,Samastipur,0,0,,217,10,1288,,112474.97484539819,170577777.20953664,0.0,0.0,123,0.0
10-221-01289,BIHAR,Samastipur,Pusa,0,0,,217,10,1289,,64081.7615729533,95008289.7510354,0.0,0.0,65,0.0
10-221-01291,BIHAR,Samastipur,Morwa,0,0,,217,10,1291,,104551.97847793197,152111293.7773472,0.0,0.0,106,0.0
10-221-01292,BIHAR,Samastipur,Patori,0,0,,217,10,1292,,69422.25062895294,130638318.44440164,0.0,0.0,93,0.0
10-221-01295,BIHAR,Samastipur,Sarairanjan,0,0,,217,10,1295,,96463.23467310029,185572344.2706523,0.0,0.0,145,0.0
10-221-01296,BIHAR,Samastipur,Vidyapati Nagar,0,0,,217,10,1296,,62930.2690484309,106322816.42401849,0.0,0.0,75,0.0
10-221-01297,BIHAR,Samastipur,Dalsinghsarai,0,0,,217,10,1297,,80515.23552986495,118201268.21451648,0.0,0.0,89,0.0
10-221-01298,BIHAR,Samastipur,Ujiarpur,0,0,,217,10,1298,,81756.09445970641,209497824.1015558,0.0,0.0,149,0.0
10-221-01300,BIHAR,Samastipur,Rosera,0,0,,217,10,1300,,84599.34785899956,138535375.895554,0.0,0.0,97,0.0
10-221-01299,BIHAR,Samastipur,Bibhutpur,0,0,,217,10,1299,,96600.53522783429,258332531.194082,0.0,0.0,187,0.0
10-221-01301,BIHAR,Samastipur,Singhia,0,0,,217,10,1301,,76055.88015393679,178639507.67998633,0.0,0.0,128,0.0
10-222-01307,BIHAR,Begusarai,Cheria Bariarpur,0,0,,191,10,1307,,80422.0696045629,127840547.1243011,0.0,0.0,89,0.0
10-221-01302,BIHAR,Samastipur,Hasanpur,0,0,,217,10,1302,,122795.93417076243,188091095.39019313,0.0,0.0,138,0.0
10-221-01303,BIHAR,Samastipur,Bithan,0,0,,217,10,1303,,72838.55780104545,149849875.79630712,0.0,0.0,109,0.0
10-222-01304,BIHAR,Begusarai,Khudabandpur,0,0,,191,10,1304,,49522.71992212785,59617610.47663844,0.0,0.0,39,0.0
10-222-01305,BIHAR,Begusarai,Chhorahi,0,0,,191,10,1305,,96201.09768359947,128309829.49376953,0.0,0.0,94,0.0
10-222-01306,BIHAR,Begusarai,Garhpura,0,0,,191,10,1306,,69581.28073662621,88651595.91159394,0.0,0.0,68,0.0
10-222-01308,BIHAR,Begusarai,Bhagwanpur,0,0,,191,10,1308,,102620.52088176137,147276258.21886113,0.0,0.0,106,0.0
10-223-01324,BIHAR,Khagaria,Mansi,0,0,,202,10,1324,,70720.37786012898,86151878.56106131,0.0,0.0,69,0.0
10-222-01309,BIHAR,Begusarai,Mansurchak,0,0,,191,10,1309,,55538.61039021854,42158333.283958256,0.0,0.0,31,0.0
10-224-01333,BIHAR,Bhagalpur,Rangra Chowk,0,0,,192,10,1333,,56200.86409227388,97946271.45940188,0.0,0.0,71,0.0
10-222-01310,BIHAR,Begusarai,Bachhwara,0,0,,191,10,1310,,112893.55520851951,186501763.14040864,0.0,0.0,138,0.0
10-222-01311,BIHAR,Begusarai,Teghra,0,0,,191,10,1311,,93442.93751421869,180050069.66821858,0.0,0.0,129,0.0
10-222-01312,BIHAR,Begusarai,Barauni,0,0,,191,10,1312,,90573.71511882372,141812926.41245717,0.0,0.0,102,0.0
10-222-01313,BIHAR,Begusarai,Birpur,0,0,,191,10,1313,,69057.86510087451,64693086.30641256,0.0,0.0,53,0.0
10-222-01314,BIHAR,Begusarai,Begusarai,0,0,,191,10,1314,,114572.02827886646,273941103.5239774,0.0,0.0,200,0.0
10-222-01315,BIHAR,Begusarai,Naokothi,0,0,,191,10,1315,,61794.845266753924,91575422.87048158,0.0,0.0,64,0.0
10-222-01316,BIHAR,Begusarai,Bakhri,0,0,,191,10,1316,,74902.13049058078,94921186.04856166,0.0,0.0,66,0.0
10-222-01317,BIHAR,Begusarai,Dandari,0,0,,191,10,1317,,77075.31892237118,85364223.36403492,0.0,0.0,65,0.0
10-222-01318,BIHAR,Begusarai,Sahebpur Kamal,0,0,,191,10,1318,,97820.3506924087,179327758.1582562,0.0,0.0,131,0.0
10-222-01319,BIHAR,Begusarai,Balia,0,0,,191,10,1319,,95726.56851828664,181873531.04775092,0.0,0.0,133,0.0
10-222-01320,BIHAR,Begusarai,Matihani,0,0,,191,10,1320,,104199.58891726227,214311339.790948,0.0,0.0,157,0.0
10-222-01321,BIHAR,Begusarai,Shamho Akha Kurha,0,0,,191,10,1321,,47884.70174269599,82130306.58899558,0.0,0.0,58,0.0
10-223-01322,BIHAR,Khagaria,Alauli,0,0,,202,10,1322,,117176.16085281859,337532903.06560946,0.0,0.0,244,0.0
10-223-01323,BIHAR,Khagaria,Khagaria,0,0,,202,10,1323,,164255.4907534744,325761754.1557925,0.0,0.0,229,0.0
10-223-01325,BIHAR,Khagaria,Chautham,0,0,,202,10,1325,,88833.5659059585,205164632.7891582,0.0,0.0,148,0.0
10-228-01376,BIHAR,Sheikhpura,Chewara,0,0,,219,10,1376,,77279.14911837938,141385828.1075451,0.0002043593603515625,0.000117683564067211,103,0.012121407098922732
10-223-01326,BIHAR,Khagaria,Beldaur,0,0,,202,10,1326,,101449.44415348554,276820454.1841197,0.0,0.0,203,0.0
10-223-01327,BIHAR,Khagaria,Gogri,0,0,,202,10,1327,,109725.85953588395,321971045.3784509,0.0,0.0,231,0.0
10-223-01328,BIHAR,Khagaria,Parbatta,0,0,,202,10,1328,,89952.53209418767,286770838.53234714,0.0,0.0,215,0.0
10-224-01329,BIHAR,Bhagalpur,Narayanpur,0,0,,192,10,1329,,96964.50839109154,173637043.38008544,0.0,0.0,125,0.0
10-224-01330,BIHAR,Bhagalpur,Bihpur,0,0,,192,10,1330,,98960.16392998041,189427956.2070791,0.0,0.0,141,0.0
10-234-01472,BIHAR,Rohtas,Akorhi Gola,0,0,,215,10,1472,,71741.57946050014,124356844.03544964,0.0004942942279434204,0.0004942942279434204,94,0.046463657426681515
10-224-01331,BIHAR,Bhagalpur,Kharik,0,0,,192,10,1331,,103106.05203500649,169292223.68779984,0.0,0.0,125,0.0
10-224-01332,BIHAR,Bhagalpur,Naugachhia,0,0,,192,10,1332,,91833.23423872421,134223697.96961665,0.0,0.0,95,0.0
10-224-01335,BIHAR,Bhagalpur,Pirpainti,0,0,,192,10,1335,,138631.2255747686,411429376.6216011,0.0,0.0,294,0.0
10-224-01336,BIHAR,Bhagalpur,Kahalgaon,0,0,,192,10,1336,,128722.99744742387,352186242.20537144,0.0,0.0,255,0.0
10-224-01337,BIHAR,Bhagalpur,Ismailpur,0,0,,192,10,1337,,66332.03197363381,102752037.41138108,0.0,0.0,75,0.0
10-224-01338,BIHAR,Bhagalpur,Sabour,0,0,,192,10,1338,,85492.0541239663,141198925.34276122,0.0,0.0,102,0.0
10-226-01359,BIHAR,Munger,Dharhara,0,0,,207,10,1359,,105188.90103685112,355220468.750446,0.0,0.0,262,0.0
10-224-01339,BIHAR,Bhagalpur,Nathnagar,0,0,,192,10,1339,,105259.93673308079,163498377.60317266,0.0,0.0,117,0.0
10-226-01360,BIHAR,Munger,Kharagpur,0,0,,207,10,1360,,169586.30903503796,398589433.5102216,0.0,0.0,291,0.0
10-224-01340,BIHAR,Bhagalpur,Sultanganj,0,0,,192,10,1340,,139861.1879796442,266407467.3450057,0.0,0.0,198,0.0
10-224-01341,BIHAR,Bhagalpur,Shahkund,0,0,,192,10,1341,,93276.90256650816,208798734.37786233,0.0,0.0,153,0.0
10-224-01342,BIHAR,Bhagalpur,Goradih,0,0,,192,10,1342,,106918.08891287447,178026414.43832883,0.0,0.0,128,0.0
10-224-01343,BIHAR,Bhagalpur,Jagdishpur,0,0,,192,10,1343,,107045.71303668506,127447147.46016994,0.0,0.0,95,0.0
10-224-01344,BIHAR,Bhagalpur,Sonhaula,0,0,,192,10,1344,,84463.86530366821,214425428.57327408,0.0,0.0,160,0.0
10-225-01345,BIHAR,Banka,Shambhuganj,0,0,,190,10,1345,,85765.27415008907,217970788.89652416,0.0,0.0,157,0.0
10-225-01346,BIHAR,Banka,Amarpur,0,0,,190,10,1346,,98000.87839154692,234663534.19316816,0.0,0.0,176,0.0
10-225-01347,BIHAR,Banka,Rajaun,0,0,,190,10,1347,,86718.04358754268,242814641.5593075,0.0,0.0,179,0.0
10-226-01363,BIHAR,Munger,Tetiha Bambor,0,0,,207,10,1363,,73286.15332623897,95190725.80042528,0.0,0.0,70,0.0
10-225-01348,BIHAR,Banka,Dhuraiya,0,0,,190,10,1348,,106681.6377356153,285703540.38620996,0.0,0.0,208,0.0
10-225-01349,BIHAR,Banka,Barahat,0,0,,190,10,1349,,122910.23058217819,181202001.14064544,0.0,0.0,129,0.0
10-225-01350,BIHAR,Banka,Banka,0,0,,190,10,1350,,137083.07375503817,365153241.48788345,0.0,0.0,275,0.0
10-225-01351,BIHAR,Banka,Phulidumar,0,0,,190,10,1351,,117105.67306472127,248400685.45023423,0.0,0.0,176,0.0
10-225-01352,BIHAR,Banka,Belhar,0,0,,190,10,1352,,118426.40149548957,290570448.277483,0.0003626563450622559,3.728242799705434e-05,214,0.007978439591369629
10-225-01353,BIHAR,Banka,Chanan,0,0,,190,10,1353,,169565.08902723462,550876204.0147796,0.0003839360699462891,0.00019646741362588279,403,0.07917636769123076
10-225-01354,BIHAR,Banka,Katoria,0,0,,190,10,1354,,180268.89530762268,687665367.2781417,0.0003839360699462891,3.2886954198586515e-05,502,0.01650925100769043
10-225-01355,BIHAR,Banka,Bausi,0,0,,190,10,1355,,109314.78149810205,385846183.7170387,0.0,0.0,284,0.0
10-226-01356,BIHAR,Munger,Munger,0,0,,207,10,1356,,162390.1628928388,306519605.49277806,0.0,0.0,227,0.0
10-226-01357,BIHAR,Munger,Bariarpur,0,0,,207,10,1357,,122433.4478606843,198040113.63802013,0.0,0.0,143,0.0
10-226-01358,BIHAR,Munger,Jamalpur,0,0,,207,10,1358,,72817.19566814511,112971204.64248075,0.0,0.0,79,0.0
10-226-01361,BIHAR,Munger,Asarganj,0,0,,207,10,1361,,61173.52838786665,72491453.98190036,0.0,0.0,52,0.0
10-226-01362,BIHAR,Munger,Tarapur,0,0,,207,10,1362,,54416.57713098438,86962445.68425661,0.0,0.0,62,0.0
10-226-01364,BIHAR,Munger,Sangrampur,0,0,,207,10,1364,,71205.18318302365,105786037.21986651,0.0,0.0,80,0.0
10-227-01366,BIHAR,Lakhisarai,Pipariya,0,0,,204,10,1366,,87968.2901826016,106258171.87143916,0.0,0.0,76,0.0
10-227-01365,BIHAR,Lakhisarai,Barahiya,0,0,,204,10,1365,,95965.48426593257,248505135.43154767,0.0,0.0,179,0.0
10-227-01367,BIHAR,Lakhisarai,Surajgarha,0,0,,204,10,1367,,140312.1609931406,462726462.37366486,0.0003074920007324219,4.069747068517349e-05,340,0.013837140032958986
10-227-01368,BIHAR,Lakhisarai,Lakhisarai,0,0,,204,10,1368,,117670.76745524361,181316338.94823277,0.0003074920007324219,1.6225713705765577e-05,133,0.0021580199228668218
10-227-01369,BIHAR,Lakhisarai,Chanan*,0,0,,204,10,1369,,86014.87070350182,177670731.10250506,0.0003074920007324219,0.0002498372505950928,128,0.03197916807617188
10-228-01375,BIHAR,Sheikhpura,Ghat Kusumbha,0,0,,219,10,1375,,80592.24583619394,99088070.68237934,0.0,0.0,70,0.0
10-227-01370,BIHAR,Lakhisarai,Ramgarh Chowk,0,0,,204,10,1370,,98990.57354622113,128567389.13844268,0.0003074920007324219,0.00012679677955465115,94,0.011918897278137209
10-227-01371,BIHAR,Lakhisarai,Halsi,0,0,,204,10,1371,,82594.8188222393,191441208.6304817,0.0003074920007324219,0.00012074677141752178,139,0.016783801227035527
10-228-01372,BIHAR,Sheikhpura,Barbigha,0,0,,219,10,1372,,83879.7675047183,115941853.486741,0.0,0.0,81,0.0
10-228-01373,BIHAR,Sheikhpura,Shekhopur Sarai,0,0,,219,10,1373,,59774.96229914819,65955650.61796794,0.0002043593603515625,7.959603834703235e-05,45,0.0035818217256164556
10-228-01374,BIHAR,Sheikhpura,Sheikhpura,0,0,,219,10,1374,,119718.3677454689,225551054.81458032,0.0002043593603515625,3.9541555476469156e-05,170,0.0067220644309997565
10-228-01377,BIHAR,Sheikhpura,Ariari,0,0,,219,10,1377,,87552.5859976097,183445963.63454768,0.0002043593603515625,0.00020301575180053713,137,0.027813157996673585
10-229-01378,BIHAR,Nalanda,Karai Parsurai,0,0,,209,10,1378,,58523.47447411047,82148146.79064696,0.00020048854286193848,9.021984428787232e-05,60,0.005413190657272339
10-229-01379,BIHAR,Nalanda,Nagar Nausa,0,0,,209,10,1379,,82570.35159490984,108015836.82811198,0.00020048854286193848,9.133122044563292e-05,80,0.007306497635650634
10-229-01380,BIHAR,Nalanda,Harnaut,0,0,,209,10,1380,,124869.90123154312,224385440.0517296,0.00012247179458618166,4.259888507345449e-05,161,0.006858420496826173
10-229-01381,BIHAR,Nalanda,Chandi,0,0,,209,10,1381,,70527.81459673235,147156102.481168,0.00012247179458618166,0.00011235944457447858,109,0.012247179458618165
10-229-01382,BIHAR,Nalanda,Rahui,0,0,,209,10,1382,,77076.6108369453,152249665.90613127,0.00012247179458618166,0.00011793580219410085,108,0.012737066636962892
10-229-01383,BIHAR,Nalanda,Bind,0,0,,209,10,1383,,70364.80140905235,88091657.81671415,0.0,0.0,66,0.0
10-229-01384,BIHAR,Nalanda,Sarmera,0,0,,209,10,1384,,91044.34634338948,167201876.42476654,0.0,0.0,123,0.0
10-229-01385,BIHAR,Nalanda,Asthawan,0,0,,209,10,1385,,92263.18064708126,171325630.7179731,0.0002043593603515625,2.4500111782226568e-05,125,0.003062513972778321
10-229-01387,BIHAR,Nalanda,Noorsarai,0,0,,209,10,1387,,78528.62700534344,151514769.88009417,0.00012247179458618166,0.00012247179458618166,114,0.01396178458282471
10-229-01386,BIHAR,Nalanda,Bihar,0,0,,209,10,1386,,98561.8371020671,215840179.0991975,0.00015603597999572753,0.00012060619235372545,160,0.019296990776596072
10-229-01390,BIHAR,Nalanda,Hilsa,0,0,,209,10,1390,,93433.88804652911,175765721.10991755,0.00020048854286193848,0.0002004885428619385,131,0.026263999114913943
10-229-01391,BIHAR,Nalanda,Ekangarsarai,0,0,,209,10,1391,,87121.32234693572,166605847.460251,0.00020048854286193848,0.0002004885428619385,122,0.024459602229156496
10-229-01392,BIHAR,Nalanda,Islampur,0,0,,209,10,1392,,109868.69145522316,273834151.4326934,0.00020048854286193848,0.0001469106476266605,194,0.02850066563957214
10-229-01393,BIHAR,Nalanda,Ben,0,0,,209,10,1393,,66947.54721379357,127526149.56798536,0.00020048854286193848,0.0001502332289659216,94,0.01412192352279663
10-230-01398,BIHAR,Patna,Maner,0,0,,212,10,1398,,96133.56350709034,213315300.3597084,0.0003308764179992676,6.976737377711706e-05,154,0.010744175561676027
10-229-01394,BIHAR,Nalanda,Rajgir,0,0,,209,10,1394,,88740.45664753366,198129288.77271983,0.00015603597999572753,0.00013666371435515733,147,0.02008956601020813
10-229-01395,BIHAR,Nalanda,Silao,0,0,,209,10,1395,,79220.42929786978,154752836.13944647,0.00015603597999572753,0.00015014752641510543,114,0.01711681801132202
10-229-01396,BIHAR,Nalanda,Giriak,0,0,,209,10,1396,,88347.46773236175,99576022.5731765,0.00015603597999572753,0.00015603597999572753,73,0.01139062653968811
10-229-01397,BIHAR,Nalanda,Katrisarai,0,0,,209,10,1397,,38918.76300208476,48673462.28309288,0.0002043593603515625,0.00016811682508468628,36,0.006052205703048706
10-230-01399,BIHAR,Patna,Dinapur-Cum-Khagaul,0,0,,212,10,1399,,78598.21354533077,184765788.04152673,0.0003308764179992676,9.803745718496818e-05,135,0.013235056719970705
10-234-01474,BIHAR,Rohtas,Tilouthu,0,0,,215,10,1474,,73885.57639601533,193504401.97342023,0.00043257611282348634,0.00039691279643903465,140,0.055567791501464854
10-230-01400,BIHAR,Patna,Patna Rural,0,0,,212,10,1400,,87518.10425735511,179850223.48881748,0.0003308764179992676,5.8092806213611874e-05,131,0.007610157613983155
10-230-01401,BIHAR,Patna,Sampatchak,0,0,,212,10,1401,,53219.7118618291,78902366.60372826,0.0003308764179992676,1.1609698877167284e-05,57,0.0006617528359985352
10-230-01406,BIHAR,Patna,Dulhin Bazar,0,0,,212,10,1406,,77792.54009458271,136539622.4680228,0.0003308764179992676,0.00027566007978015476,99,0.02729034789823532
10-230-01402,BIHAR,Patna,Phulwari,0,0,,212,10,1402,,70659.26045014715,135940825.49713776,0.0003308764179992676,0.0003170899005826314,96,0.030440630455932614
10-230-01413,BIHAR,Patna,Khusrupur,0,0,,212,10,1413,,46143.60198551767,78201544.387751,0.0,0.0,58,0.0
10-230-01403,BIHAR,Patna,Bihta,0,0,,212,10,1403,,116564.9809665079,244879174.98088208,0.0003308764179992676,0.00025617346760823176,182,0.04662357110469818
10-230-01415,BIHAR,Patna,Athmalgola,0,0,,212,10,1415,,47997.69261940102,62827293.65665197,0.0,0.0,47,0.0
10-230-01404,BIHAR,Patna,Naubatpur,0,0,,212,10,1404,,105087.74367689912,205320191.59612688,0.0003308764179992676,0.00033087641799926754,153,0.05062409195388794
10-230-01405,BIHAR,Patna,Bikram,0,0,,212,10,1405,,86626.03512108007,186422313.04867813,0.0003308764179992676,0.0002463720769617679,137,0.03375297454376221
10-234-01475,BIHAR,Rohtas,Rohtas,0,0,,215,10,1475,,88257.59288547112,389741138.17794544,0.0005556773170280457,0.000373154793656336,288,0.10746858057302477
10-230-01407,BIHAR,Patna,Paliganj,0,0,,212,10,1407,,129476.3041410336,293354152.7667747,0.0003196801173400879,0.000294064099463347,214,0.06292971728515626
10-230-01408,BIHAR,Patna,Masaurhi,0,0,,212,10,1408,,108866.13277400887,248716954.87290823,0.0003308764179992676,0.0003234541512701485,178,0.05757483892608643
10-230-01409,BIHAR,Patna,Dhanarua,0,0,,212,10,1409,,95102.40821522896,225577653.19725513,0.0003308764179992676,0.00022943934567972197,163,0.03739861334579468
10-230-01410,BIHAR,Patna,Punpun,0,0,,212,10,1410,,82554.93388622913,161116560.78819045,0.0003308764179992676,0.00022432299525374072,118,0.026470113439941406
10-230-01411,BIHAR,Patna,Fatwah,0,0,,212,10,1411,,97950.27190535897,155697451.47083917,0.0,0.0,115,0.0
10-230-01412,BIHAR,Patna,Daniawan,0,0,,212,10,1412,,69689.77872311571,79566220.36857046,0.0,0.0,56,0.0
10-230-01414,BIHAR,Patna,Bakhtiarpur,0,0,,212,10,1414,,120205.01587822943,168153072.20481881,0.0,0.0,120,0.0
10-230-01416,BIHAR,Patna,Belchhi,0,0,,212,10,1416,,88573.78025963024,87443681.0926542,0.0,0.0,70,0.0
10-230-01417,BIHAR,Patna,Barh,0,0,,212,10,1417,,95365.9771693495,147280816.515725,0.0,0.0,104,0.0
10-230-01419,BIHAR,Patna,Ghoswari,0,0,,212,10,1419,,66454.95033385535,164897376.1169027,0.0,0.0,126,0.0
10-230-01418,BIHAR,Patna,Pandarak,0,0,,212,10,1418,,106894.44852036482,252509471.6555304,0.0,0.0,180,0.0
10-232-01438,BIHAR,Buxar,Chaugain,0,0,,194,10,1438,,52625.33924401454,66025696.44875917,0.00021048892547607422,0.00021048892547607422,49,0.010313957348327636
10-232-01439,BIHAR,Buxar,Kesath,0,0,,194,10,1439,,34661.84662025829,38236018.49691825,0.00021048892547607422,0.0002104889254760742,29,0.006104178838806151
10-230-01420,BIHAR,Patna,Mokameh,0,0,,212,10,1420,,127700.39840194934,244519830.48183808,0.0,0.0,181,0.0
10-231-01421,BIHAR,Bhojpur,Shahpur,0,0,,193,10,1421,,110658.91431619873,211766871.4500774,0.000212221743850708,0.00012420207346427136,156,0.01937552346042633
10-234-01460,BIHAR,Rohtas,Suryapura,0,0,,215,10,1460,,56159.7630280001,69765063.31452103,0.000438743141784668,0.00043874314178466795,47,0.020620927663879393
10-231-01422,BIHAR,Bhojpur,Arrah,0,0,,193,10,1422,,120924.06747051864,221925641.7145924,0.00021274279838562012,0.00019015890839894616,159,0.030235266435432437
10-231-01423,BIHAR,Bhojpur,Barhara,0,0,,193,10,1423,,128817.96875565937,258494738.36324885,0.00013046348011016846,0.00012034686901292252,191,0.0229862519814682
10-231-01424,BIHAR,Bhojpur,Koilwar,0,0,,193,10,1424,,94779.33453556667,208456312.66749656,0.00021274279838562012,0.0001950720723130399,149,0.029065738774642948
10-231-01425,BIHAR,Bhojpur,Sandesh,0,0,,193,10,1425,,60697.76797134289,164599530.19806212,0.00029109027421951296,0.0002246941082585868,118,0.026513904774513243
10-231-01426,BIHAR,Bhojpur,Udwant Nagar,0,0,,193,10,1426,,92445.60417460876,217797556.82002312,0.00021274279838562012,0.00021242887111924447,161,0.03420104825019836
10-234-01461,BIHAR,Rohtas,Bikramganj,0,0,,215,10,1461,,88556.32896667719,168723569.68103397,0.000438743141784668,0.000438743141784668,129,0.05659786529022217
10-231-01427,BIHAR,Bhojpur,Behea,0,0,,193,10,1427,,114516.77527652554,206091349.70539597,0.000212221743850708,0.0002084512881214142,150,0.03126769321821213
10-231-01428,BIHAR,Bhojpur,Jagdishpur,0,0,,193,10,1428,,109726.00219208181,318463526.4488765,0.000212221743850708,0.00021204694199712654,228,0.04834670277534485
10-231-01429,BIHAR,Bhojpur,Piro,0,0,,193,10,1429,,100703.96274410955,268205354.86689487,0.00045010806335449223,0.00037095935053482065,200,0.07419187010696413
10-234-01462,BIHAR,Rohtas,Karakat,0,0,,215,10,1462,,102232.22868007293,251121712.10833624,0.0005155805784225464,0.00045570776388861915,176,0.08020456644439697
10-231-01430,BIHAR,Bhojpur,Charpokhari,0,0,,193,10,1430,,88834.1327790213,135855258.49695313,0.00045010806335449223,0.0003799942007639032,95,0.0360994490725708
10-231-01431,BIHAR,Bhojpur,Garhani,0,0,,193,10,1431,,93054.52180151101,137128723.85739592,0.00045010806335449223,0.00023993665486085763,103,0.024713475450668335
10-231-01432,BIHAR,Bhojpur,Agiaon,0,0,,193,10,1432,,87534.07309197474,191419206.17039648,0.00045010806335449223,0.0003342010466249041,139,0.046453945480861666
10-231-01433,BIHAR,Bhojpur,Tarari,0,0,,193,10,1433,,95157.98131215997,247108515.4982669,0.00045010806335449223,0.0004488881000221382,177,0.07945319370391846
10-231-01434,BIHAR,Bhojpur,Sahar,0,0,,193,10,1434,,61748.81499939302,157154129.14318892,0.00045010806335449223,0.0004242846617000939,117,0.049641305418910986
10-232-01435,BIHAR,Buxar,Simri,0,0,,194,10,1435,,87047.69219699135,222195796.247413,0.0002838575991821289,0.0001950380922640824,164,0.031986247131309514
10-232-01436,BIHAR,Buxar,Chakki,0,0,,194,10,1436,,73799.54032015939,80420668.23199363,0.00021048892547607422,0.00017048463743627075,64,0.010911016795921328
10-232-01437,BIHAR,Buxar,Barhampur,0,0,,194,10,1437,,133928.15369382405,240152233.65370417,0.00021048892547607422,0.0002013443175796553,173,0.03483256694128037
10-232-01440,BIHAR,Buxar,Dumraon,0,0,,194,10,1440,,115797.88145848007,238641355.07175583,0.0002838575991821289,0.000232629767837073,169,0.039314430764465336
10-232-01441,BIHAR,Buxar,Buxar,0,0,,194,10,1441,,90996.21871903203,211591033.38394436,0.0002838575991821289,0.00028248953559656815,157,0.044350857088661204
10-232-01442,BIHAR,Buxar,Chausa,0,0,,194,10,1442,,99103.08457070828,138502720.57991108,0.00038746413749694825,0.00028162734003441356,107,0.03013412538368225
10-232-01443,BIHAR,Buxar,Rajpur,0,0,,194,10,1443,,121142.9666413415,336933113.12217736,0.00045375294029235844,0.00040417555556721593,245,0.0990230111139679
10-232-01444,BIHAR,Buxar,Itarhi,0,0,,194,10,1444,,109439.3274763228,293713382.2816445,0.00045375294029235844,0.0002854833919200259,209,0.05966602891128541
10-232-01445,BIHAR,Buxar,Nawanagar,0,0,,194,10,1445,,126567.10382889764,229774401.79100823,0.00045375294029235844,0.00025217512810114573,169,0.04261759664909363
10-233-01446,BIHAR,Kaimur (Bhabua),Ramgarh,0,0,,200,10,1446,,124781.0721120257,206666195.02442607,0.00038746413749694825,0.00034215161963784934,151,0.05166489456531525
10-233-01447,BIHAR,Kaimur (Bhabua),Nuaon,0,0,,200,10,1447,,121732.74643995032,235834986.4758632,0.00045375294029235844,0.0003794019097146374,171,0.064877726561203
10-233-01448,BIHAR,Kaimur (Bhabua),Kudra,0,0,,200,10,1448,,132624.50147962422,255577893.54332253,0.00038746413749694825,0.0003293745468811762,189,0.062251789360542306
10-233-01449,BIHAR,Kaimur (Bhabua),Mohania,0,0,,200,10,1449,,142323.6809133636,349176573.6513165,0.00038746413749694825,0.00034856902039438493,256,0.08923366922096254
10-233-01450,BIHAR,Kaimur (Bhabua),Durgawati,0,0,,200,10,1450,,108544.41183902678,212580801.4059764,0.0002418856226730347,0.0002418856226730347,154,0.03725038589164734
10-233-01451,BIHAR,Kaimur (Bhabua),Chand,0,0,,200,10,1451,,97099.60209928264,257974481.1925409,0.0003139223462677002,0.0002152915742478472,188,0.04047481595859528
10-233-01452,BIHAR,Kaimur (Bhabua),Chainpur,0,0,,200,10,1452,,170712.34536647963,555311526.8488017,0.0002418856226730347,0.00017988491599952268,407,0.07321316081180573
10-233-01453,BIHAR,Kaimur (Bhabua),Bhabua,0,0,,200,10,1453,,143727.89821118704,407618990.38615096,0.00038746413749694825,0.0002531267684282575,301,0.07619115729690551
10-233-01454,BIHAR,Kaimur (Bhabua),Rampur,0,0,,200,10,1454,,126612.15498309073,210660395.23746365,0.0002885548345565796,0.0002490068838836363,149,0.037102025698661806
10-233-01455,BIHAR,Kaimur (Bhabua),Bhagwanpur,0,0,,200,10,1455,,134815.05705103654,292151198.96788174,0.0002885548345565796,0.0002169376763384489,211,0.04577384970741272
10-233-01456,BIHAR,Kaimur (Bhabua),Adhaura,0,0,,200,10,1456,,271357.2345421078,1135984955.9859164,0.0003233354370117188,0.0001680895367151377,833,0.1400185840837097
10-234-01457,BIHAR,Rohtas,Kochas,0,0,,215,10,1457,,90248.48407846906,187033418.62218276,0.00045375294029235844,0.0004331632363937841,132,0.057177547203979495
10-234-01458,BIHAR,Rohtas,Dinara,0,0,,215,10,1458,,157118.7651045217,464648316.8452498,0.00045375294029235844,0.00045023157993864804,341,0.15352896875907898
10-234-01459,BIHAR,Rohtas,Dawath,0,0,,215,10,1459,,78120.6651060775,129910427.66035384,0.000438743141784668,0.00043874314178466795,94,0.041241855327758786
10-234-01466,BIHAR,Rohtas,Nokha,0,0,,215,10,1466,,82152.91978314315,208772248.59610957,0.0004942942279434204,0.00038974030804840294,148,0.057681565591163636
10-235-01476,BIHAR,Aurangabad,Daudnagar,0,0,,189,10,1476,,91010.07504965532,238139281.75712803,0.0005155805784225464,0.0005128892007757603,174,0.08924272093498228
10-234-01467,BIHAR,Rohtas,Kargahar,0,0,,215,10,1467,,128509.87472624176,406135690.59563094,0.00045375294029235844,0.00036799183939779126,296,0.10892558446174622
10-234-01468,BIHAR,Rohtas,Chenari,0,0,,215,10,1468,,121720.69626398994,292642418.8385522,0.0003434291437149048,0.0002282848378425421,215,0.04908124013614655
10-234-01469,BIHAR,Rohtas,Nauhatta,0,0,,215,10,1469,,175494.75594492842,478591449.404211,0.0005556773170280457,0.00028690520023944016,354,0.10156444088476183
10-234-01470,BIHAR,Rohtas,Sheosagar,0,0,,215,10,1470,,135463.8765525897,406503956.12222886,0.0003969126287078858,0.0003256210476222927,295,0.09605820904857636
10-234-01471,BIHAR,Rohtas,Sasaram,0,0,,215,10,1471,,135810.11950728856,394273130.8742507,0.0004942942279434204,0.00036353682563202957,290,0.10542567943328857
10-234-01473,BIHAR,Rohtas,Dehri,0,0,,215,10,1473,,97323.52013589225,199371136.99043605,0.0004942942279434204,0.000461425256652832,145,0.06690666221466064
10-235-01477,BIHAR,Aurangabad,Haspura,0,0,,189,10,1477,,88845.10694940752,164519986.5205008,0.0005155805784225464,0.0005116125380993677,121,0.06190511711002349
10-235-01478,BIHAR,Aurangabad,Goh,0,0,,189,10,1478,,122286.20877621078,374665187.3660463,0.0005155805784225464,0.0003425915263922074,272,0.09318489517868041
10-236-01491,BIHAR,Gaya,Neem Chak Bathani,0,0,,196,10,1491,,79540.44278654993,146770773.7769567,0.00011010496307373048,0.00011010496307373047,103,0.011340811196594238
10-235-01479,BIHAR,Aurangabad,Rafiganj,0,0,,189,10,1479,,167069.30684925965,465687847.79432577,0.0006296861642456056,0.0004991696370364774,341,0.1702168462294388
10-235-01480,BIHAR,Aurangabad,Obra,0,0,,189,10,1480,,130720.05569071589,327203821.09876627,0.0006296861642456056,0.000513135239948804,237,0.12161305186786653
10-236-01494,BIHAR,Gaya,Manpur,0,0,,196,10,1494,,77081.78707553667,161226183.41058797,0.00021067308547973633,0.00020745885734226396,115,0.023857768594360354
10-235-01481,BIHAR,Aurangabad,Aurangabad,0,0,,189,10,1481,,125502.68609205673,344679798.38062614,0.0006296861642456056,0.0005850284182202817,256,0.1497672750643921
10-237-01511,BIHAR,Nawada,Nardiganj,0,0,,210,10,1511,,60262.24041371029,129808165.4472442,0.00015603597999572753,0.0001560359799957275,95,0.014823418099594114
10-235-01482,BIHAR,Aurangabad,Barun,0,0,,189,10,1482,,117269.30390529483,381782699.30215496,0.0004942942279434204,0.0004524140783977508,280,0.12667594195137022
10-235-01483,BIHAR,Aurangabad,Nabinagar,0,0,,189,10,1483,,173491.30877801325,657546828.2218357,0.0005556773170280457,0.0004486281296219441,483,0.216687386607399
10-235-01484,BIHAR,Aurangabad,Kutumba,0,0,,189,10,1484,,110495.73757590447,319048251.76106954,0.00046537003189086923,0.0004490446748005563,229,0.1028312305293274
10-235-01485,BIHAR,Aurangabad,Deo,0,0,,189,10,1485,,158578.88849021672,336990745.1586724,0.0006296861642456056,0.0005105426701975059,251,0.12814621021957398
10-235-01486,BIHAR,Aurangabad,Madanpur,0,0,,189,10,1486,,153529.37367368402,418713952.50229967,0.0006296861642456056,0.0005528436777187707,309,0.17082869641510012
10-236-01487,BIHAR,Gaya,Konch,0,0,,196,10,1487,,154041.56172387034,319288521.7326548,0.00035297069808959967,0.0002982169234690173,232,0.06918632624481201
10-236-01488,BIHAR,Gaya,Tikari,0,0,,196,10,1488,,122221.36853604284,290576655.12704176,0.00035297069808959967,0.00023298900429436916,218,0.05079160293617248
10-236-01489,BIHAR,Gaya,Belaganj,0,0,,196,10,1489,,113473.13279109563,240372540.95814112,0.00013674583831787111,0.00013674583831787111,180,0.0246142508972168
10-236-01490,BIHAR,Gaya,Khizirsarai,0,0,,196,10,1490,,103698.13096672995,223124430.97950032,0.00021067308547973633,0.00012456367831513378,165,0.020553006921997075
10-236-01492,BIHAR,Gaya,Muhra,0,0,,196,10,1492,,93681.45756176667,181269438.2139707,0.0001712140298461914,0.00012082333249789566,134,0.01619032655471802
10-236-01493,BIHAR,Gaya,Atri,0,0,,196,10,1493,,103075.15367958385,161340647.62451813,0.00021067308547973633,0.000124821870487117,119,0.014853802587966921
10-236-01495,BIHAR,Gaya,Gaya Town C.D.Block,0,0,,196,10,1495,,91678.58033080616,224144813.6021213,0.00021067308547973633,0.00020011205017089845,161,0.03221804007751465
10-236-01496,BIHAR,Gaya,Paraiya,0,0,,196,10,1496,,75593.31264449215,167300846.5298876,0.00035297069808959967,0.0002913083992919922,120,0.034957007915039064
10-236-01497,BIHAR,Gaya,Guraru,0,0,,196,10,1497,,81292.54933661391,199646285.7542363,0.00035297069808959967,0.0003529706980895997,147,0.05188669261917116
10-237-01512,BIHAR,Nawada,Nawada,0,0,,210,10,1512,,86822.75137888109,219317998.1072041,0.0002527786386108398,0.0001615817374959569,157,0.025368332786865233
10-236-01498,BIHAR,Gaya,Gurua,0,0,,196,10,1498,,117859.62964526065,238015237.1519128,0.00036691841289520266,0.00035408311163136045,173,0.06125637831222536
10-236-01499,BIHAR,Gaya,Amas,0,0,,196,10,1499,,100546.69423332924,128484051.44985774,0.0006296861642456056,0.00039403276585910205,95,0.03743311275661469
10-237-01517,BIHAR,Nawada,Roh,0,0,,210,10,1517,,77804.52626079548,192537548.9783989,0.0003150228204345703,0.00028073095190842944,144,0.04042525707481384
10-236-01500,BIHAR,Gaya,Banke Bazar,0,0,,196,10,1500,,85166.97220092022,256240042.68049288,0.0004642480151367188,0.00039360556189690877,186,0.07321063451282503
10-236-01501,BIHAR,Gaya,Imamganj,0,0,,196,10,1501,,136271.57775821586,316917295.57645696,0.0004642480151367188,0.0004407008749514145,239,0.10532750911338808
10-236-01502,BIHAR,Gaya,Dumaria,0,0,,196,10,1502,,119690.94596035974,390676703.928496,0.00046537003189086923,0.0004622102825547603,285,0.1317299305281067
10-236-01503,BIHAR,Gaya,Sherghati,0,0,,196,10,1503,,100322.2973073121,167902109.12194017,0.00036691841289520266,0.0003546561647402756,123,0.043622708263053894
10-238-01531,BIHAR,Jamui,Gidhaur,0,0,,198,10,1531,,55211.5633940527,100392309.18230554,0.00043850139698028566,0.0003668829270314535,75,0.027516219527359012
10-236-01504,BIHAR,Gaya,Dobhi,0,0,,196,10,1504,,103572.88994215836,218837778.49499393,0.00036691841289520266,0.00029655665340423584,161,0.04774562119808197
10-236-01505,BIHAR,Gaya,Bodh Gaya,0,0,,196,10,1505,,120948.91182130505,306843965.9119923,0.00035297069808959967,0.00021772819841136106,230,0.05007748563461304
10-236-01506,BIHAR,Gaya,Tan Kuppa,0,0,,196,10,1506,,108147.94853451202,190099968.23000297,0.0002810983880615234,0.00018907487776742053,134,0.02533603362083435
10-240-01542,BIHAR,Arwal,Arwal,0,0,,611,10,1542,,73924.8054791393,147787869.27798152,0.00045010806335449223,0.0003323737387064787,104,0.03456686882547379
10-236-01507,BIHAR,Gaya,Wazirganj,0,0,,196,10,1507,,105472.06999302967,323030583.61833626,0.00021067308547973633,0.00017472521700002378,236,0.04123515121200561
10-236-01508,BIHAR,Gaya,Fatehpur,0,0,,196,10,1508,,155359.44599717355,408449805.62920874,0.00027238073852539065,0.00022026437287782371,304,0.06696036935485841
10-240-01543,BIHAR,Arwal,Kaler,0,0,,611,10,1543,,67777.19153730445,176075758.749563,0.0005155805784225464,0.00046110344756439443,131,0.06040455163093567
10-236-01509,BIHAR,Gaya,Mohanpur,0,0,,196,10,1509,,119906.24818546322,418796109.2883684,0.0002810983880615234,0.0002631536138384728,303,0.07973554499305727
10-240-01544,BIHAR,Arwal,Karpi,0,0,,611,10,1544,,158139.92638461498,234985661.7206014,0.0005155805784225464,0.0003115208128966842,172,0.053581579818229676
10-236-01510,BIHAR,Gaya,Barachatti,0,0,,196,10,1510,,138753.78132836288,366328956.31361085,0.0002810983880615234,0.0002784929510964133,275,0.07658556155151366
10-237-01513,BIHAR,Nawada,Warisaliganj,0,0,,210,10,1513,,109792.76918459819,202861050.3008767,0.0002043593603515625,0.00018627918402795078,147,0.027383040052108763
10-237-01514,BIHAR,Nawada,Kashi Chak,0,0,,210,10,1514,,73948.94452619922,98983451.20841853,0.0002043593603515625,0.0002043593603515625,72,0.0147138739453125
10-237-01515,BIHAR,Nawada,Pakribarawan,0,0,,210,10,1515,,104545.76938151139,251834567.85717744,0.0002043593603515625,0.00020435936035156249,184,0.0376021223046875
10-237-01516,BIHAR,Nawada,Kawakol,0,0,,210,10,1516,,121170.20018263235,362955647.76482904,0.0005413494317626954,0.0004356113607937232,266,0.11587262197113038
10-237-01518,BIHAR,Nawada,Gobindpur,0,0,,210,10,1518,,73133.35659787485,188189390.13263756,0.0003150228204345703,0.000298127971082415,140,0.0417379159515381
10-237-01519,BIHAR,Nawada,Akbarpur,0,0,,210,10,1519,,91268.2921062847,249541236.96202633,0.0002527786386108398,0.0002527786386108399,184,0.046511269504394534
10-237-01520,BIHAR,Nawada,Hisua,0,0,,210,10,1520,,85113.4923130193,144090762.99664384,0.0002527786386108398,0.0002026559955252134,104,0.021076223534622192
10-237-01521,BIHAR,Nawada,Narhat,0,0,,210,10,1521,,62856.50481924386,99624005.77002536,0.0002527786386108398,0.0002527786386108398,69,0.01744172606414795
10-237-01522,BIHAR,Nawada,Meskaur,0,0,,210,10,1522,,75185.00287586387,145604023.18435815,0.0002527786386108398,0.00019451820377894806,112,0.021786038823242183
10-237-01523,BIHAR,Nawada,Sirdala,0,0,,210,10,1523,,111278.51695598938,301894539.186342,0.00027238073852539065,0.0002362025543989829,218,0.051492156858978275
10-237-01524,BIHAR,Nawada,Rajauli,0,0,,210,10,1524,,132370.86211000624,450216393.36794454,0.0003277144897460938,0.00027094482814479516,333,0.09022462777221679
10-238-01525,BIHAR,Jamui,Islamnagar Aliganj,0,0,,198,10,1525,,96153.77396855215,213408239.47295904,0.0005413494317626954,0.00014298278999622053,156,0.022305315239410404
10-238-01526,BIHAR,Jamui,Sikandra,0,0,,198,10,1526,,86788.2538333537,223096734.30010977,0.0005413494317626954,0.00013658036030004059,162,0.022126018368606573
10-238-01527,BIHAR,Jamui,Jamui,0,0,,198,10,1527,,90084.78430112793,212157753.6648698,0.0003074920007324219,0.00030497368039531094,155,0.047270920461273194
10-238-01528,BIHAR,Jamui,Barhat,0,0,,198,10,1528,,114104.37581341481,270298087.1382075,0.0003074920007324219,0.00025598318842699085,197,0.05042868812011719
10-238-01529,BIHAR,Jamui,Lakshmipur,0,0,,198,10,1529,,112147.89260238525,307635253.00857943,0.0003074920007324219,8.199786686197917e-05,225,0.018449520043945313
10-238-01530,BIHAR,Jamui,Jhajha,0,0,,198,10,1530,,147664.43327942316,507112726.974952,0.00043850139698028566,0.0003524231530939051,370,0.1303965666447449
10-238-01532,BIHAR,Jamui,Khaira,0,0,,198,10,1532,,142747.05687020053,513762691.7981683,0.0005413494317626954,0.0004591494673510889,377,0.1730993491913605
10-238-01533,BIHAR,Jamui,Sono,0,0,,198,10,1533,,117724.39892386932,474283005.7300444,0.00043850139698028566,0.0004264431914992455,349,0.14882867383323667
10-238-01534,BIHAR,Jamui,Chakai,0,0,,198,10,1534,,243956.2217086091,956725034.6798706,0.0005413494317626954,0.0003355912826517922,700,0.23491389785625455
10-239-01535,BIHAR,Jehanabad,Ratni Faridpur,0,0,,199,10,1535,,82762.53932271499,155018952.20303965,0.0003196801173400879,0.00028278471795717874,114,0.03223745784711838
10-239-01536,BIHAR,Jehanabad,Jehanabad,0,0,,199,10,1536,,97254.09844747804,201426556.69272655,0.0003196801173400879,0.0003196801173400879,148,0.047312657366333014
10-239-01537,BIHAR,Jehanabad,Kako,0,0,,199,10,1537,,83599.3529020472,162373941.78194478,0.0003196801173400879,0.00031968011734008787,118,0.03772225384613037
10-239-01538,BIHAR,Jehanabad,Modanganj,0,0,,199,10,1538,,66522.90037500951,97205276.85869928,0.0003196801173400879,0.0002333094111965014,69,0.016098349372558596
10-239-01539,BIHAR,Jehanabad,Ghoshi,0,0,,199,10,1539,,82931.95174196921,112225161.55433495,0.0003196801173400879,0.00022971469443079938,83,0.01906631963775635
10-239-01540,BIHAR,Jehanabad,Makhdumpur,0,0,,199,10,1540,,128831.72570768485,301471679.33572614,0.0003196801173400879,0.00015697820097470614,217,0.03406426961151123
10-239-01541,BIHAR,Jehanabad,Hulasganj,0,0,,199,10,1541,,87179.53907708311,119677697.18988888,0.0003196801173400879,0.00014772938254631893,90,0.013295644429168703
10-240-01545,BIHAR,Arwal,Sonbhadra Banshi Suryapur,0,0,,611,10,1545,,62692.97791397586,116643000.97724338,0.00029109027421951296,0.00027926742449657025,83,0.02317919623321533
10-240-01546,BIHAR,Arwal,Kurtha,0,0,,611,10,1546,,71585.17106640573,106433073.5354984,0.00029109027421951296,0.0002831025125019367,78,0.022081995975151064
10-224-01334,BIHAR,Bhagalpur,Gopalpur,0,0,,192,10,1334,,95407.9186210158,208941966.91883087,0.0,0.0,153,0.0
10-210-01127,BIHAR,Kishanganj,Kishanganj,0,0,,203,10,1127,,125268.33771117091,207105687.55921903,0.0,0.0,152,0.0
10-206-01064,BIHAR,Sitamarhi,Suppi,0,0,,221,10,1064,,71084.15120823232,92250451.53846286,0.0,0.0,66,0.0
10-234-01463,BIHAR,Rohtas,Nasriganj,0,0,,215,10,1463,,90034.07903274363,167356919.18355417,0.0001674343621826172,0.00014812723261999706,126,0.01866403131011963
10-234-01464,BIHAR,Rohtas,Rajpur,0,0,,215,10,1464,,68660.48684625747,85633596.4997788,0.00014896991632461549,0.00014896991632461549,63,0.009385104728450775
10-234-01465,BIHAR,Rohtas,Sanjhauli,0,0,,215,10,1465,,56591.722358052,83833486.39015438,0.0001688708514404297,0.00016508019713265556,63,0.0104000524193573
10-203-01023,BIHAR,Pashchim Champaran,Thakrahan,0,0,,211,10,1023,,79847.09402015881,199004696.79409248,0.0,0.0,145,0.0
10-204-01054,BIHAR,Purbi Champaran,Phenhara,0,0,,213,10,1054,,44565.43736457999,67645025.94776015,0.0,0.0,51,0.0
10-219-01262,BIHAR,Saran,Maker,0,0,,218,10,1262,,62357.8736467211,96585777.9808088,0.0,0.0,71,0.0
10-220-01282,BIHAR,Vaishali,Sahdai Buzurg,0,0,,224,10,1282,,74546.65030748869,114161677.3631406,0.0,0.0,84,0.0
10-229-01388,BIHAR,Nalanda,Tharthari,0,0,,209,10,1388,,71853.42144919158,77411758.12428828,0.0003914477359008789,0.0003032416854236744,54,0.01637505101287842
10-229-01389,BIHAR,Nalanda,Parbalpur,0,0,,209,10,1389,,54466.2339431045,76043839.88376136,0.0003914477359008789,0.00023956231734957017,56,0.013415489771575929
10-203-01022,BIHAR,Pashchim Champaran,Bhitaha,0,0,,211,10,1022,,72626.86760213553,166969906.7472905,0.0,0.0,117,0.0
10-203-01013,BIHAR,Pashchim Champaran,Sidhaw,0,0,,211,10,1013,,195582.3602130639,1085337194.6715722,0.0,0.0,781,0.0
10-203-01014,BIHAR,Pashchim Champaran,Ramnagar,0,0,,211,10,1014,,230865.78384139363,866139404.2451236,0.0,0.0,621,0.0
10-203-01015,BIHAR,Pashchim Champaran,Gaunaha,0,0,,211,10,1015,,136504.94021895694,605322845.3823951,0.0,0.0,441,0.0
10-203-01016,BIHAR,Pashchim Champaran,Mainatanr,0,0,,211,10,1016,,115419.13930249632,312998546.4010918,0.0,0.0,221,0.0
10-203-01017,BIHAR,Pashchim Champaran,Narkatiaganj,0,0,,211,10,1017,,149144.20649331805,441857686.2127825,0.0,0.0,314,0.0
10-203-01018,BIHAR,Pashchim Champaran,Lauriya,0,0,,211,10,1018,,120853.32018665274,255440417.54612216,0.0,0.0,183,0.0
10-203-01019,BIHAR,Pashchim Champaran,Bagaha,0,0,,211,10,1019,,135587.24079810514,491292931.53180623,0.0,0.0,352,0.0
10-203-01021,BIHAR,Pashchim Champaran,Madhubani,0,0,,211,10,1021,,144670.82201821523,386116138.1353823,0.0,0.0,276,0.0
10-203-01024,BIHAR,Pashchim Champaran,Jogapatti,0,0,,211,10,1024,,88530.23644360513,258722436.3759333,0.0,0.0,186,0.0
10-203-01029,BIHAR,Pashchim Champaran,Bairia,0,0,,211,10,1029,,105039.82861382668,288505226.87341565,0.0,0.0,208,0.0
10-203-01025,BIHAR,Pashchim Champaran,Chanpatia,0,0,,211,10,1025,,113543.7602983494,310017349.34780717,0.0,0.0,226,0.0
10-206-01071,BIHAR,Sitamarhi,Parsauni,0,0,,221,10,1071,,63729.135625112256,74724139.64418457,0.0,0.0,55,0.0
10-203-01026,BIHAR,Pashchim Champaran,Sikta,0,0,,211,10,1026,,93443.22825707054,255004178.86147365,0.0,0.0,183,0.0
10-203-01027,BIHAR,Pashchim Champaran,Majhaulia,0,0,,211,10,1027,,123374.4030721297,371511179.15939575,0.0,0.0,265,0.0
10-203-01028,BIHAR,Pashchim Champaran,Bettiah,0,0,,211,10,1028,,53968.26030594324,83182055.35378212,0.0,0.0,59,0.0
10-203-01030,BIHAR,Pashchim Champaran,Nautan,0,0,,211,10,1030,,122656.63983711715,245738630.13883996,0.0,0.0,171,0.0
10-204-01031,BIHAR,Purbi Champaran,Raxaul,0,0,,213,10,1031,,98709.78801801558,166685360.13968688,0.0,0.0,124,0.0
10-206-01072,BIHAR,Sitamarhi,Belsand,0,0,,221,10,1072,,66235.5873217276,97354060.86547032,0.0,0.0,70,0.0
10-206-01073,BIHAR,Sitamarhi,Runisaidpur,0,0,,221,10,1073,,152472.54206325076,334873257.0825382,0.0,0.0,243,0.0
10-204-01032,BIHAR,Purbi Champaran,Adapur,0,0,,213,10,1032,,94532.37688292323,199608924.7111849,0.0,0.0,148,0.0
10-206-01074,BIHAR,Sitamarhi,Dumra,0,0,,221,10,1074,,111649.34177378344,241159212.36062923,0.0,0.0,178,0.0
10-204-01033,BIHAR,Purbi Champaran,Ramgarhwa,0,0,,213,10,1033,,90718.26831189607,213035907.5226096,0.0,0.0,154,0.0
10-204-01034,BIHAR,Purbi Champaran,Sugauli,0,0,,213,10,1034,,84892.41923436844,209336830.19001696,0.0,0.0,149,0.0
10-204-01038,BIHAR,Purbi Champaran,Ghorasahan,0,0,,213,10,1038,,75335.10865687576,144368243.47105,0.0,0.0,104,0.0
10-204-01035,BIHAR,Purbi Champaran,Banjaria,0,0,,213,10,1035,,102381.40449613356,176960195.87167916,0.0,0.0,124,0.0
10-204-01047,BIHAR,Purbi Champaran,Kesaria,0,0,,213,10,1047,,87546.8206889307,229535442.11688668,0.0,0.0,168,0.0
10-204-01036,BIHAR,Purbi Champaran,Narkatia,0,0,,213,10,1036,,105607.09704406632,168338010.30978012,0.0,0.0,120,0.0
10-204-01037,BIHAR,Purbi Champaran,Bankatwa,0,0,,213,10,1037,,99233.37216886049,115311013.90225838,0.0,0.0,82,0.0
10-204-01039,BIHAR,Purbi Champaran,Dhaka,0,0,,213,10,1039,,97673.73467814895,202386545.86227983,0.0,0.0,145,0.0
10-204-01048,BIHAR,Purbi Champaran,Kalyanpur,0,0,,213,10,1048,,109413.20044555076,313300912.50613195,0.0,0.0,230,0.0
10-204-01040,BIHAR,Purbi Champaran,Chiraia,0,0,,213,10,1040,,110764.71696779084,272984575.32652414,0.0,0.0,199,0.0
10-204-01041,BIHAR,Purbi Champaran,Motihari,0,0,,213,10,1041,,181544.26702654368,319814691.13850176,0.0,0.0,241,0.0
10-204-01049,BIHAR,Purbi Champaran,Kotwa,0,0,,213,10,1049,,78879.98205471091,178282937.71225017,0.0,0.0,126,0.0
10-204-01042,BIHAR,Purbi Champaran,Turkaulia,0,0,,213,10,1042,,99475.78497366334,174748315.94966665,0.0,0.0,130,0.0
10-204-01050,BIHAR,Purbi Champaran,Piprakothi,0,0,,213,10,1050,,58369.33889310607,62223774.49301849,0.0,0.0,45,0.0
10-204-01043,BIHAR,Purbi Champaran,Harsidhi,0,0,,213,10,1043,,133904.34238337883,240218359.62130272,0.0,0.0,173,0.0
10-204-01044,BIHAR,Purbi Champaran,Paharpur,0,0,,213,10,1044,,108730.62076802726,192061375.0173064,0.0,0.0,144,0.0
10-204-01045,BIHAR,Purbi Champaran,Areraj,0,0,,213,10,1045,,93331.67353690567,242725576.26244012,0.0,0.0,174,0.0
10-204-01046,BIHAR,Purbi Champaran,Sangrampur,0,0,,213,10,1046,,78133.67961210197,187659878.02718252,0.0,0.0,133,0.0
10-204-01051,BIHAR,Purbi Champaran,Chakia(Pipra),0,0,,213,10,1051,,129110.66914194856,212940547.80779588,0.0,0.0,145,0.0
10-204-01052,BIHAR,Purbi Champaran,Pakri Dayal,0,0,,213,10,1052,,90143.40730437863,148110040.62869397,0.0,0.0,106,0.0
10-204-01053,BIHAR,Purbi Champaran,Patahi,0,0,,213,10,1053,,85994.51677214028,144960443.14880535,0.0,0.0,100,0.0
10-204-01055,BIHAR,Purbi Champaran,Madhuban,0,0,,213,10,1055,,112681.00006095257,152424272.44650427,0.0,0.0,114,0.0
10-204-01056,BIHAR,Purbi Champaran,Tetaria,0,0,,213,10,1056,,82320.72754353678,104458405.63845472,0.0,0.0,74,0.0
10-205-01058,BIHAR,Sheohar,Purnahiya,0,0,,220,10,1058,,57294.126150412616,80859097.14068061,0.0,0.0,59,0.0
10-204-01057,BIHAR,Purbi Champaran,Mehsi,0,0,,213,10,1057,,125063.78039343117,149773808.08158112,0.0,0.0,108,0.0
10-205-01059,BIHAR,Sheohar,Piprarhi,0,0,,220,10,1059,,105870.45511307275,104265216.9562483,0.0,0.0,77,0.0
10-205-01060,BIHAR,Sheohar,Sheohar,0,0,,220,10,1060,,81007.5322908237,115638983.35873616,0.0,0.0,83,0.0
10-205-01061,BIHAR,Sheohar,Dumri Katsari,0,0,,220,10,1061,,65038.65439014734,84655470.24819931,0.0,0.0,59,0.0
10-205-01062,BIHAR,Sheohar,Tariani Chowk,0,0,,220,10,1062,,97491.22869259815,171878914.60720828,0.0,0.0,126,0.0
10-206-01063,BIHAR,Sitamarhi,Bairgania,0,0,,221,10,1063,,59598.621146511534,94417571.99630062,0.0,0.0,70,0.0
10-206-01065,BIHAR,Sitamarhi,Majorganj,0,0,,221,10,1065,,62808.55729710282,95411217.42446172,0.0,0.0,68,0.0
10-206-01066,BIHAR,Sitamarhi,Sonbarsa,0,0,,221,10,1066,,92820.94699371175,224104085.6083578,0.0,0.0,155,0.0
10-206-01067,BIHAR,Sitamarhi,Parihar,0,0,,221,10,1067,,86838.20299610356,272812569.4060281,0.0,0.0,197,0.0
10-207-01095,BIHAR,Madhubani,Rajnagar,0,0,,206,10,1095,,78809.12744912357,223111125.2667772,0.0,0.0,158,0.0
10-206-01068,BIHAR,Sitamarhi,Sursand,0,0,,221,10,1068,,91215.71647520129,181412871.1123928,0.0,0.0,134,0.0
10-206-01069,BIHAR,Sitamarhi,Bathnaha,0,0,,221,10,1069,,120764.04051803834,251403523.12922087,0.0,0.0,185,0.0
10-206-01070,BIHAR,Sitamarhi,Riga,0,0,,221,10,1070,,129433.73210860479,163724219.02092636,0.0,0.0,114,0.0
10-210-01123,BIHAR,Kishanganj,Thakurganj,0,0,,203,10,1123,,224971.2940646554,491161543.46963537,0.0,0.0,353,0.0
10-210-01124,BIHAR,Kishanganj,Pothia,0,0,,203,10,1124,,167388.9118766352,443844792.4531903,0.0,0.0,321,0.0
10-210-01125,BIHAR,Kishanganj,Bahadurganj,0,0,,203,10,1125,,155296.13881782343,347494200.8377232,0.0,0.0,251,0.0
10-210-01126,BIHAR,Kishanganj,Kochadhamin,0,0,,203,10,1126,,139640.52665725534,360840233.8364798,0.0,0.0,258,0.0
10-211-01128,BIHAR,Purnia,Banmankhi,0,0,,214,10,1128,,142815.61519736593,459936087.34673214,0.0,0.0,333,0.0
10-206-01075,BIHAR,Sitamarhi,Bajpatti,0,0,,221,10,1075,,90407.29439213518,174303329.1783474,0.0,0.0,125,0.0
10-206-01076,BIHAR,Sitamarhi,Charaut,0,0,,221,10,1076,,85128.15752493152,91349700.81924292,0.0,0.0,62,0.0
10-206-01077,BIHAR,Sitamarhi,Pupri,0,0,,221,10,1077,,73992.24203369493,115338203.66308306,0.0,0.0,82,0.0
10-206-01078,BIHAR,Sitamarhi,Nanpur,0,0,,221,10,1078,,73315.01223618646,135892566.9983101,0.0,0.0,100,0.0
10-220-01283,BIHAR,Vaishali,Mahnar,0,0,,224,10,1283,,81638.1139853176,126474580.44313861,0.0,0.0,89,0.0
10-206-01079,BIHAR,Sitamarhi,Bokhara,0,0,,221,10,1079,,81978.13188098712,108574895.39827529,0.0,0.0,79,0.0
10-207-01080,BIHAR,Madhubani,Madhwapur,0,0,,206,10,1080,,88808.76172423853,137557654.90878707,0.0,0.0,103,0.0
10-207-01081,BIHAR,Madhubani,Harlakhi,0,0,,206,10,1081,,90217.76640094945,187441757.00046396,0.0,0.0,138,0.0
10-207-01082,BIHAR,Madhubani,Basopatti,0,0,,206,10,1082,,97634.90682970545,164238774.4639331,0.0,0.0,122,0.0
10-207-01089,BIHAR,Madhubani,Khajauli,0,0,,206,10,1089,,91171.28062794723,150968724.81279027,0.0,0.0,108,0.0
10-207-01083,BIHAR,Madhubani,Jainagar,0,0,,206,10,1083,,81489.61423509955,161880108.8306139,0.0,0.0,115,0.0
10-207-01090,BIHAR,Madhubani,Kaluahi,0,0,,206,10,1090,,62305.281593423286,101560283.08963235,0.0,0.0,75,0.0
10-207-01084,BIHAR,Madhubani,Ladania,0,0,,206,10,1084,,97928.14946240213,232665607.5684243,0.0,0.0,164,0.0
10-207-01085,BIHAR,Madhubani,Laukaha,0,0,,206,10,1085,,102032.19667129294,266340932.00179368,0.0,0.0,197,0.0
10-207-01086,BIHAR,Madhubani,Laukahi,0,0,,206,10,1086,,109679.24973352649,329223432.564553,0.0,0.0,237,0.0
10-207-01087,BIHAR,Madhubani,Phulparas,0,0,,206,10,1087,,117974.41186319289,199352334.8677591,0.0,0.0,140,0.0
10-207-01088,BIHAR,Madhubani,Babubarhi,0,0,,206,10,1088,,118996.04641992833,237192379.86086744,0.0,0.0,174,0.0
10-207-01091,BIHAR,Madhubani,Benipatti,0,0,,206,10,1091,,128414.2409747215,328987645.9449377,0.0,0.0,231,0.0
10-207-01092,BIHAR,Madhubani,Bisfi,0,0,,206,10,1092,,99754.46134559005,226192948.413646,0.0,0.0,165,0.0
10-207-01093,BIHAR,Madhubani,Madhubani,0,0,,206,10,1093,,109764.71764889831,200359220.56727448,0.0,0.0,142,0.0
10-207-01094,BIHAR,Madhubani,Pandaul,0,0,,206,10,1094,,102372.75527307783,208327489.63825428,0.0,0.0,148,0.0
10-207-01096,BIHAR,Madhubani,Andhratharhi,0,0,,206,10,1096,,97300.5167595078,186769445.10608673,0.0,0.0,134,0.0
10-207-01097,BIHAR,Madhubani,Jhanjharpur,0,0,,206,10,1097,,125261.96837896874,181284371.95402232,0.0,0.0,132,0.0
10-207-01098,BIHAR,Madhubani,Ghoghardiha,0,0,,206,10,1098,,114215.40677637524,211228851.4219488,0.0,0.0,159,0.0
10-207-01099,BIHAR,Madhubani,Lakhnaur,0,0,,206,10,1099,,72956.74167609161,146945623.14022,0.0,0.0,110,0.0
10-207-01100,BIHAR,Madhubani,Madhepur,0,0,,206,10,1100,,144505.38034518834,300452948.5687113,0.0,0.0,212,0.0
10-208-01101,BIHAR,Supaul,Nirmali,0,0,,223,10,1101,,123310.21889922836,162734364.67066902,0.0,0.0,118,0.0
10-208-01102,BIHAR,Supaul,Basantpur,0,0,,223,10,1102,,136288.63693043106,319456339.75100917,0.0,0.0,228,0.0
10-208-01103,BIHAR,Supaul,Chhatapur,0,0,,223,10,1103,,142271.17176584958,398825687.2446475,0.0,0.0,285,0.0
10-208-01104,BIHAR,Supaul,Pratapganj,0,0,,223,10,1104,,71155.69013184242,133032565.19323792,0.0,0.0,97,0.0
10-208-01105,BIHAR,Supaul,Raghopur,0,0,,223,10,1105,,111831.20983491397,255841046.48838165,0.0,0.0,187,0.0
10-221-01285,BIHAR,Samastipur,Warisnagar,0,0,,217,10,1285,,90241.30323013186,163846086.5162723,0.0,0.0,120,0.0
10-208-01106,BIHAR,Supaul,Saraigarh Bhaptiyahi,0,0,,223,10,1106,,105489.5116383213,257042943.27229512,0.0,0.0,189,0.0
10-208-01107,BIHAR,Supaul,Kishanpur,0,0,,223,10,1107,,125516.73810076228,248613546.3002807,0.0,0.0,177,0.0
10-208-01108,BIHAR,Supaul,Marauna,0,0,,223,10,1108,,114969.59778192453,206419565.01179272,0.0,0.0,149,0.0
10-208-01109,BIHAR,Supaul,Supaul,0,0,,223,10,1109,,122628.008173687,390920691.5720901,0.0,0.0,287,0.0
10-208-01110,BIHAR,Supaul,Pipra,0,0,,223,10,1110,,113516.78657800167,247320462.25611627,0.0,0.0,181,0.0
10-221-01287,BIHAR,Samastipur,Khanpur,0,0,,217,10,1287,,89337.20668890505,173313349.37261373,0.0,0.0,127,0.0
10-208-01111,BIHAR,Supaul,Tribeniganj,0,0,,223,10,1111,,136684.8917573132,402291551.99740016,0.0,0.0,290,0.0
10-209-01112,BIHAR,Araria,Narpatganj,0,0,,188,10,1112,,196352.82868709194,482872068.7863751,0.0,0.0,351,0.0
10-209-01113,BIHAR,Araria,Forbesganj,0,0,,188,10,1113,,165874.55860340688,546946456.996027,0.0,0.0,392,0.0
10-209-01114,BIHAR,Araria,Bhargama,0,0,,188,10,1114,,140909.75235341018,280499778.1128878,0.0,0.0,206,0.0
10-209-01115,BIHAR,Araria,Raniganj,0,0,,188,10,1115,,160625.61646677545,576910744.770993,0.0,0.0,418,0.0
10-209-01116,BIHAR,Araria,Araria,0,0,,188,10,1116,,192057.15187743204,506918787.2643526,0.0,0.0,371,0.0
10-209-01117,BIHAR,Araria,Kursakatta,0,0,,188,10,1117,,96566.38525637137,201032230.408231,0.0,0.0,147,0.0
10-209-01118,BIHAR,Araria,Sikti,0,0,,188,10,1118,,116798.35346995249,237753016.2819182,0.0,0.0,177,0.0
10-209-01119,BIHAR,Araria,Palasi,0,0,,188,10,1119,,132578.70192307016,306240761.34804773,0.0,0.0,222,0.0
10-209-01120,BIHAR,Araria,Jokihat,0,0,,188,10,1120,,155370.9524619173,341005127.7602247,0.0,0.0,246,0.0
10-210-01121,BIHAR,Kishanganj,Terhagachh,0,0,,203,10,1121,,121953.02658094271,245208326.38245347,0.0,0.0,175,0.0
10-210-01122,BIHAR,Kishanganj,Dighalbank,0,0,,203,10,1122,,147432.83262190674,314385668.4331173,0.0,0.0,224,0.0
10-211-01129,BIHAR,Purnia,Barhara,0,0,,214,10,1129,,111073.17449432175,288009141.38478667,0.0,0.0,212,0.0
10-211-01130,BIHAR,Purnia,Bhawanipur,0,0,,214,10,1130,,116656.34435182877,201938838.4795833,0.0,0.0,147,0.0
10-211-01131,BIHAR,Purnia,Rupauli,0,0,,214,10,1131,,113946.660566684,308195114.8462847,0.0,0.0,227,0.0
10-211-01132,BIHAR,Purnia,Dhamdaha,0,0,,214,10,1132,,135370.01293426772,446856166.039676,0.0,0.0,326,0.0
10-211-01133,BIHAR,Purnia,Krityanand Nagar,0,0,,214,10,1133,,149407.41850079046,364443041.21247435,0.0,0.0,274,0.0
10-211-01134,BIHAR,Purnia,Purnia East,0,0,,214,10,1134,,127662.13358515713,309272824.56310594,0.0,0.0,228,0.0
10-211-01135,BIHAR,Purnia,Kasba,0,0,,214,10,1135,,130095.64608516233,215123054.3424731,0.0,0.0,154,0.0
10-211-01136,BIHAR,Purnia,Srinagar,0,0,,214,10,1136,,106220.57404900706,172405807.6412187,0.0,0.0,122,0.0
10-211-01137,BIHAR,Purnia,Jalalgarh,0,0,,214,10,1137,,87146.39992638786,142107808.6772385,0.0,0.0,102,0.0
10-211-01138,BIHAR,Purnia,Amour,0,0,,214,10,1138,,141371.93624621196,307011870.96961224,0.0,0.0,225,0.0
10-211-01139,BIHAR,Purnia,Baisa,0,0,,214,10,1139,,132173.35304950457,275191667.549805,0.0,0.0,197,0.0
10-211-01140,BIHAR,Purnia,Baisi,0,0,,214,10,1140,,118169.54825440844,253873549.02719215,0.0,0.0,187,0.0
10-211-01141,BIHAR,Purnia,Dagarua,0,0,,214,10,1141,,129309.28146976323,257465778.6329552,0.0,0.0,180,0.0
10-212-01142,BIHAR,Katihar,Falka,0,0,,201,10,1142,,100518.70580952488,208374539.8829749,0.0,0.0,150,0.0
10-212-01143,BIHAR,Katihar,Korha,0,0,,201,10,1143,,137118.64195203967,368801327.90483874,0.0,0.0,273,0.0
10-212-01144,BIHAR,Katihar,Hasanganj,0,0,,201,10,1144,,78227.29832785497,86155111.41022065,0.0,0.0,62,0.0
10-212-01145,BIHAR,Katihar,Kadwa,0,0,,201,10,1145,,157692.68144088247,420129854.10490626,0.0,0.0,307,0.0
10-212-01146,BIHAR,Katihar,Balrampur,0,0,,201,10,1146,,141815.18317465586,216253207.31133217,0.0,0.0,151,0.0
10-212-01147,BIHAR,Katihar,Barsoi,0,0,,201,10,1147,,172308.8160052511,357713388.6445612,0.0,0.0,261,0.0
10-212-01148,BIHAR,Katihar,Azamnagar,0,0,,201,10,1148,,141791.77759222616,349759708.1212404,0.0,0.0,253,0.0
10-221-01290,BIHAR,Samastipur,Tajpur,0,0,,217,10,1290,,57166.77792153786,83856612.1105223,0.0,0.0,61,0.0
10-212-01149,BIHAR,Katihar,Pranpur,0,0,,201,10,1149,,111803.70370561493,191475637.62126103,0.0,0.0,141,0.0
10-212-01150,BIHAR,Katihar,Dandkhora,0,0,,201,10,1150,,70987.07501110679,111201189.06340708,0.0,0.0,81,0.0
10-212-01151,BIHAR,Katihar,Katihar,0,0,,201,10,1151,,76845.81968857624,136830037.77828172,0.0,0.0,100,0.0
10-212-01152,BIHAR,Katihar,Mansahi,0,0,,201,10,1152,,73279.06289841712,97405011.1871763,0.0,0.0,73,0.0
10-212-01155,BIHAR,Katihar,Kursela,0,0,,201,10,1155,,80348.39413748268,153683091.52761996,0.0,0.0,117,0.0
10-212-01153,BIHAR,Katihar,Barari,0,0,,201,10,1153,,107333.93297446336,407446973.1478653,0.0,0.0,292,0.0
10-212-01154,BIHAR,Katihar,Sameli,0,0,,201,10,1154,,75105.36277909,118027198.2496544,0.0,0.0,81,0.0
10-212-01156,BIHAR,Katihar,Manihari,0,0,,201,10,1156,,130162.81635074862,303859830.4099729,0.0,0.0,221,0.0
10-212-01157,BIHAR,Katihar,Amdabad,0,0,,201,10,1157,,103742.71814675455,228302986.79665467,0.0,0.0,164,0.0
10-213-01158,BIHAR,Madhepura,Gamharia,0,0,,205,10,1158,,80141.00377515821,125479849.27382244,0.0,0.0,89,0.0
10-213-01160,BIHAR,Madhepura,Ghailarh,0,0,,205,10,1160,,78865.70647224285,116219722.2388165,0.0,0.0,83,0.0
10-213-01159,BIHAR,Madhepura,Singheshwar,0,0,,205,10,1159,,111627.30849980874,111167268.35246354,0.0,0.0,78,0.0
10-216-01210,BIHAR,Muzaffarpur,Bandra,0,0,,208,10,1210,,74293.85759884378,142020443.31484023,0.0,0.0,103,0.0
10-213-01161,BIHAR,Madhepura,Madhepura,0,0,,205,10,1161,,115084.47931226583,237801277.85767865,0.0,0.0,175,0.0
10-213-01162,BIHAR,Madhepura,Shankarpur,0,0,,205,10,1162,,63984.56408470212,128790837.874554,0.0,0.0,94,0.0
10-213-01163,BIHAR,Madhepura,Kumarkhand,0,0,,205,10,1163,,118191.24796123093,316976886.68211347,0.0,0.0,230,0.0
10-213-01164,BIHAR,Madhepura,Murliganj,0,0,,205,10,1164,,94211.11378994165,247086114.21145928,0.0,0.0,179,0.0
10-221-01293,BIHAR,Samastipur,Mohanpur,0,0,,217,10,1293,,74468.46489139357,163000016.77407515,0.0,0.0,120,0.0
10-213-01165,BIHAR,Madhepura,Gwalpara,0,0,,205,10,1165,,78037.2495556277,147267353.58482873,0.0,0.0,109,0.0
10-214-01172,BIHAR,Saharsa,Satar Kataiya,0,0,,216,10,1172,,77878.75925155886,177382280.64763528,0.0,0.0,130,0.0
10-213-01166,BIHAR,Madhepura,Bihariganj,0,0,,205,10,1166,,79669.40805645821,133818744.70956944,0.0,0.0,98,0.0
10-216-01211,BIHAR,Muzaffarpur,Dholi (Moraul),0,0,,208,10,1211,,63030.361633940505,73298422.6275262,0.0,0.0,50,0.0
10-213-01167,BIHAR,Madhepura,Kishanganj,0,0,,205,10,1167,,99817.47531025465,188055937.5971522,0.0,0.0,133,0.0
10-216-01212,BIHAR,Muzaffarpur,Musahri,0,0,,208,10,1212,,211487.75457487197,365415439.5943066,0.0,0.0,267,0.0
10-213-01168,BIHAR,Madhepura,Puraini,0,0,,205,10,1168,,63416.842365887525,103114850.3546553,0.0,0.0,76,0.0
10-214-01174,BIHAR,Saharsa,Kahara,0,0,,216,10,1174,,81070.16203244023,176788302.3737116,0.0,0.0,128,0.0
10-213-01169,BIHAR,Madhepura,Alamnagar,0,0,,205,10,1169,,94357.42058114092,211989804.11375904,0.0,0.0,151,0.0
10-213-01170,BIHAR,Madhepura,Chausa,0,0,,205,10,1170,,87285.75133964,172516848.53860697,0.0,0.0,124,0.0
10-214-01171,BIHAR,Saharsa,Nauhatta,0,0,,216,10,1171,,93228.84620468391,212763144.21707585,0.0,0.0,151,0.0
10-217-01227,BIHAR,Gopalganj,Sidhwalia,0,0,,197,10,1227,,69457.48217743407,152022198.31601515,0.0,0.0,109,0.0
10-214-01173,BIHAR,Saharsa,Mahishi,0,0,,216,10,1173,,106372.46434789852,273075178.2794974,0.0,0.0,195,0.0
10-214-01175,BIHAR,Saharsa,Saur Bazar,0,0,,216,10,1175,,88121.22998090234,233228921.9025612,0.0,0.0,171,0.0
10-214-01176,BIHAR,Saharsa,Patarghat,0,0,,216,10,1176,,67497.21582029684,149681422.04156074,0.0,0.0,105,0.0
10-214-01177,BIHAR,Saharsa,Sonbarsa,0,0,,216,10,1177,,90185.02153799882,263952116.041209,0.0,0.0,193,0.0
10-216-01199,BIHAR,Muzaffarpur,Sahebganj,0,0,,208,10,1199,,80060.99972290538,253055918.70266867,0.0,0.0,189,0.0
10-214-01178,BIHAR,Saharsa,Simri Bakhtiarpur,0,0,,216,10,1178,,119116.35548129058,266466354.66217396,0.0,0.0,194,0.0
10-214-01179,BIHAR,Saharsa,Salkhua,0,0,,216,10,1179,,82412.26684571667,221182533.93573853,0.0,0.0,163,0.0
10-214-01180,BIHAR,Saharsa,Banma Itahri,0,0,,216,10,1180,,54286.501575749484,92822449.4552088,0.0,0.0,68,0.0
10-215-01181,BIHAR,Darbhanga,Jale,0,0,,195,10,1181,,112473.57051363293,234172285.01568127,0.0,0.0,171,0.0
10-215-01182,BIHAR,Darbhanga,Singhwara,0,0,,195,10,1182,,121368.62688362494,223279889.67870736,0.0,0.0,162,0.0
10-215-01183,BIHAR,Darbhanga,Keotiranway,0,0,,195,10,1183,,89515.08566239705,180205403.4644349,0.0,0.0,131,0.0
10-215-01184,BIHAR,Darbhanga,Darbhanga,0,0,,195,10,1184,,131883.04966973627,240721362.1475316,0.0,0.0,174,0.0
10-215-01185,BIHAR,Darbhanga,Manigachhi,0,0,,195,10,1185,,96856.01003306538,158887287.31255177,0.0,0.0,114,0.0
10-215-01186,BIHAR,Darbhanga,Tardih,0,0,,195,10,1186,,96398.42232606321,109520018.96976715,0.0,0.0,79,0.0
10-215-01187,BIHAR,Darbhanga,Alinagar,0,0,,195,10,1187,,105560.56246873255,146523357.5416611,0.0,0.0,105,0.0
10-215-01188,BIHAR,Darbhanga,Benipur,0,0,,195,10,1188,,118482.30854716274,204643530.87647069,0.0,0.0,150,0.0
10-215-01189,BIHAR,Darbhanga,Bahadurpur,0,0,,195,10,1189,,155637.00049509996,221161760.4253616,0.0,0.0,158,0.0
10-215-01190,BIHAR,Darbhanga,Hanumannagar,0,0,,195,10,1190,,114393.83215098479,181536916.32106537,0.0,0.0,130,0.0
10-215-01191,BIHAR,Darbhanga,Hayaghat,0,0,,195,10,1191,,66118.49929402806,108810529.75916524,0.0,0.0,77,0.0
10-215-01192,BIHAR,Darbhanga,Baheri,0,0,,195,10,1192,,128629.1579498372,271307286.95794886,0.0,0.0,195,0.0
10-215-01193,BIHAR,Darbhanga,Biraul,0,0,,195,10,1193,,135706.32971678255,230203939.26841983,0.0,0.0,167,0.0
10-215-01194,BIHAR,Darbhanga,Ghanshyampur,0,0,,195,10,1194,,76766.91373126305,103945643.9979024,0.0,0.0,78,0.0
10-215-01195,BIHAR,Darbhanga,Kiratpur,0,0,,195,10,1195,,78793.19278562842,78915927.53877336,0.0,0.0,60,0.0
10-215-01196,BIHAR,Darbhanga,Gora Bauram,0,0,,195,10,1196,,99804.03366816713,145653476.81698695,0.0,0.0,104,0.0
10-215-01197,BIHAR,Darbhanga,Kusheshwar Asthan,0,0,,195,10,1197,,87220.16498537568,144130520.9401011,0.0,0.0,107,0.0
10-215-01198,BIHAR,Darbhanga,Kusheshwar Asthan Purbi,0,0,,195,10,1198,,91858.86035222423,150084285.43545517,0.0,0.0,112,0.0
10-216-01200,BIHAR,Muzaffarpur,Baruraj (Motipur),0,0,,208,10,1200,,125110.13599018812,365259305.4740948,0.0,0.0,263,0.0
10-216-01201,BIHAR,Muzaffarpur,Paroo,0,0,,208,10,1201,,136934.87791145188,413033977.3448192,0.0,0.0,295,0.0
10-216-01202,BIHAR,Muzaffarpur,Saraiya,0,0,,208,10,1202,,155820.80051537574,301402655.1404849,0.0,0.0,218,0.0
10-216-01203,BIHAR,Muzaffarpur,Marwan,0,0,,208,10,1203,,84959.92762229654,138736310.53842777,0.0,0.0,101,0.0
10-216-01204,BIHAR,Muzaffarpur,Kanti,0,0,,208,10,1204,,97122.90469976026,124757584.36625764,0.0,0.0,91,0.0
10-216-01205,BIHAR,Muzaffarpur,Minapur,0,0,,208,10,1205,,166218.11946715685,316124209.98756105,0.0,0.0,228,0.0
10-216-01206,BIHAR,Muzaffarpur,Bochaha,0,0,,208,10,1206,,126044.68100944142,233148755.94160384,0.0,0.0,167,0.0
10-216-01207,BIHAR,Muzaffarpur,Aurai,0,0,,208,10,1207,,101267.16719990574,247748190.77792475,0.0,0.0,177,0.0
10-216-01208,BIHAR,Muzaffarpur,Katra,0,0,,208,10,1208,,118891.9342746819,235108975.17115793,0.0,0.0,171,0.0
10-216-01209,BIHAR,Muzaffarpur,Gaighat,0,0,,208,10,1209,,111008.49869520529,259762671.68662548,0.0,0.0,191,0.0
10-216-01213,BIHAR,Muzaffarpur,Kurhani,0,0,,208,10,1213,,108106.10574110712,256354911.2077163,0.0,0.0,187,0.0
10-216-01214,BIHAR,Muzaffarpur,Sakra,0,0,,208,10,1214,,105121.4777371614,236360031.18726787,0.0,0.0,175,0.0
10-217-01215,BIHAR,Gopalganj,Katiya,0,0,,197,10,1215,,94755.55253264701,158441587.458013,8.557716018676759e-05,6.723919728960311e-05,112,0.007530790096435548
10-217-01216,BIHAR,Gopalganj,Bijaipur,0,0,,197,10,1216,,81309.59717969262,163112176.36717936,8.557716018676759e-05,8.557716018676759e-05,120,0.01026925922241211
10-217-01217,BIHAR,Gopalganj,Bhorey,0,0,,197,10,1217,,78790.65552761848,196013266.46535653,8.557716018676759e-05,4.4571437597274786e-05,144,0.006418287014007569
10-217-01218,BIHAR,Gopalganj,Pach Deuri,0,0,,197,10,1218,,53698.212932643866,118295317.11973979,0.0,0.0,85,0.0
10-217-01219,BIHAR,Gopalganj,Kuchaikote,0,0,,197,10,1219,,101077.28158428885,316078491.04748106,0.0,0.0,226,0.0
10-217-01220,BIHAR,Gopalganj,Phulwaria,0,0,,197,10,1220,,81339.22200232239,118763292.85091434,0.0,0.0,89,0.0
10-217-01221,BIHAR,Gopalganj,Hathua,0,0,,197,10,1221,,91546.96202775641,183613061.83342972,0.00011676746978759766,7.723202726108821e-05,127,0.009808467462158204
10-217-01222,BIHAR,Gopalganj,Uchkagaon,0,0,,197,10,1222,,80102.93001981139,142235093.67043933,0.00011676746978759766,7.711059325596073e-06,106,0.0008173722885131836
10-217-01223,BIHAR,Gopalganj,Thawe,0,0,,197,10,1223,,57244.55575246375,89300191.60424533,0.00011676746978759766,1.8244917154312134e-06,64,0.00011676746978759766
10-217-01224,BIHAR,Gopalganj,Gopalganj,0,0,,197,10,1224,,110313.13172782106,244420793.60160467,0.0,0.0,182,0.0
10-218-01232,BIHAR,Siwan,Goriakothi,0,0,,222,10,1232,,73201.39147651673,174963939.23516312,0.0,0.0,127,0.0
10-217-01225,BIHAR,Gopalganj,Manjha,0,0,,197,10,1225,,80242.78538873792,179389027.9828925,0.0,0.0,131,0.0
10-217-01226,BIHAR,Gopalganj,Barauli,0,0,,197,10,1226,,105754.79057670098,232227972.12586737,0.0,0.0,170,0.0
10-217-01228,BIHAR,Gopalganj,Baikunthpur,0,0,,197,10,1228,,97825.58906166903,256614409.24172768,0.0,0.0,185,0.0
10-218-01229,BIHAR,Siwan,Nautan,0,0,,222,10,1229,,58324.35348563096,81827813.66620097,0.00011676746978759766,0.00011676746978759766,58,0.006772513247680664
10-218-01230,BIHAR,Siwan,Siwan,0,0,,222,10,1230,,92599.06904644772,168879532.28230655,0.00011676746978759766,0.00010687192150051312,118,0.012610886737060548
10-218-01235,BIHAR,Siwan,Bhagwanpur Hat,0,0,,222,10,1235,,86430.4184146014,189582799.91524476,7.668223247528076e-05,1.2224703727943311e-05,138,0.001687009114456177
10-218-01231,BIHAR,Siwan,Barharia,0,0,,222,10,1231,,90315.6629531122,219606934.01516393,0.00011676746978759766,2.189390058517456e-06,160,0.000350302409362793
10-218-01233,BIHAR,Siwan,Lakri Nabiganj,0,0,,222,10,1233,,79648.98713303795,120773104.6039552,0.0,0.0,88,0.0
10-218-01234,BIHAR,Siwan,Basantpur,0,0,,222,10,1234,,57871.378293950496,76675463.02480637,0.0,0.0,56,0.0
10-218-01236,BIHAR,Siwan,Maharajganj,0,0,,222,10,1236,,119387.58843212528,142817377.5161484,7.668223247528076e-05,2.9035020063455823e-05,103,0.0029906070665359497
10-218-01237,BIHAR,Siwan,Pachrukhi,0,0,,222,10,1237,,99183.2392802834,160709761.40986398,0.00011676746978759766,4.990062811435797e-06,117,0.0005838373489379883
10-218-01238,BIHAR,Siwan,Hussainganj,0,0,,222,10,1238,,68784.84800107122,105975934.30464326,0.00012290724479675294,0.00010447583927051442,74,0.007731212106018067
10-218-01239,BIHAR,Siwan,Ziradei,0,0,,222,10,1239,,98825.50869312549,152221780.48504183,0.00012290724479675294,0.00011682278307596844,111,0.012967328921432496
10-218-01240,BIHAR,Siwan,Mairwa,0,0,,222,10,1240,,65279.2242200428,88898123.37504825,0.00011676746978759766,0.00011625207298972391,66,0.007672636817321778
10-218-01242,BIHAR,Siwan,Darauli,0,0,,222,10,1242,,90305.00161970501,214758375.6239279,0.00012290724479675294,0.00011774855043915778,155,0.018251025318069457
10-218-01241,BIHAR,Siwan,Guthani,0,0,,222,10,1241,,78778.78773845347,115110806.99004474,0.00011676746978759766,0.00010625840337241568,82,0.008713189076538086
10-219-01248,BIHAR,Saran,Mashrakh,0,0,,218,10,1248,,82075.7710341599,165898243.02109933,0.0,0.0,121,0.0
10-218-01243,BIHAR,Siwan,Andar,0,0,,222,10,1243,,83358.60866933218,125625010.62434034,0.00012290724479675294,0.0001222015235313328,87,0.010631532547225953
10-219-01249,BIHAR,Saran,Panapur,0,0,,218,10,1249,,75875.09329534958,182360909.7404776,0.0,0.0,128,0.0
10-218-01244,BIHAR,Siwan,Raghunathpur,0,0,,222,10,1244,,87824.68008836384,193566358.3438411,0.00012290724479675294,0.00012290724479675294,143,0.01757573600593567
10-219-01250,BIHAR,Saran,Taraiya,0,0,,218,10,1250,,53629.0613522338,97307015.09151264,0.0,0.0,74,0.0
10-218-01245,BIHAR,Siwan,Hasanpura,0,0,,222,10,1245,,82786.09108287447,121956119.03175904,0.00012290724479675294,9.457833581946363e-05,87,0.008228315216293336
10-219-01251,BIHAR,Saran,Ishupur,0,0,,218,10,1251,,62425.60798229613,109300191.56908256,0.0,0.0,76,0.0
10-218-01246,BIHAR,Siwan,Daraundha,0,0,,222,10,1246,,105400.53795370483,157911066.26165873,7.668223247528076e-05,6.668020215241806e-05,115,0.007668223247528076
10-219-01256,BIHAR,Saran,Jalalpur,0,0,,218,10,1256,,65042.73641147566,147549697.72689733,0.00011461341571807861,3.805295240114321e-05,106,0.00403361295452118
10-218-01247,BIHAR,Siwan,Siswan,0,0,,222,10,1247,,98184.39847010886,155554872.77293277,0.00012290724479675294,9.042480370598871e-05,111,0.010037153211364747
10-219-01259,BIHAR,Saran,Nagra,0,0,,218,10,1259,,43289.948409307304,65110006.46242106,9.655474548339844e-05,4.108712573761636e-05,47,0.001931094909667969
10-219-01252,BIHAR,Saran,Baniapur,0,0,,218,10,1252,,89199.8841803021,219417775.87250236,7.668223247528076e-05,1.8817725760805094e-06,163,0.00030672892990112304
10-219-01253,BIHAR,Saran,Lahladpur,0,0,,218,10,1253,,49287.19248841685,70233795.44130237,7.668223247528076e-05,4.140840553665161e-05,50,0.0020704202768325806
10-219-01254,BIHAR,Saran,Ekma,0,0,,218,10,1254,,99716.17236158185,176114988.01319405,7.668223247528076e-05,7.668223247528077e-05,128,0.00981532575683594
10-219-01255,BIHAR,Saran,Manjhi,0,0,,218,10,1255,,127085.43562979231,244607530.98349065,0.00011461341571807861,8.468537190437318e-05,180,0.015243366942787172
10-219-01257,BIHAR,Saran,Revelganj,0,0,,218,10,1257,,84877.1419542779,179359801.45379385,0.00011461341571807861,9.799943910217284e-05,125,0.012249929887771606
10-219-01258,BIHAR,Saran,Chapra,0,0,,218,10,1258,,119729.94798472138,239470568.44351175,9.655474548339844e-05,9.052007389068603e-05,176,0.01593153300476074
10-219-01260,BIHAR,Saran,Marhaura,0,0,,218,10,1260,,87240.95030017926,190752130.05196184,9.655474548339844e-05,2.8191166564495895e-06,137,0.00038621898193359376
10-219-01261,BIHAR,Saran,Amnour,0,0,,218,10,1261,,94922.90618840617,160109081.4065653,9.655474548339844e-05,1.6365211098881091e-06,118,0.00019310949096679688
10-219-01263,BIHAR,Saran,Parsa,0,0,,218,10,1263,,85595.91054800974,122749042.93573296,0.0,0.0,88,0.0
10-219-01266,BIHAR,Saran,Dighwara,0,0,,218,10,1266,,81943.45164265168,101347015.6655549,0.0,0.0,72,0.0
10-219-01264,BIHAR,Saran,Dariapur,0,0,,218,10,1264,,115477.27251924115,281302380.67878103,0.0,0.0,202,0.0
10-219-01265,BIHAR,Saran,Garkha,0,0,,218,10,1265,,90147.74693968748,213336409.9887166,9.655474548339844e-05,4.9531330475249844e-05,154,0.007627824893188476
10-220-01269,BIHAR,Vaishali,Paterhi Belsar,0,0,,224,10,1269,,56227.36197278124,93522597.26160131,0.0,0.0,69,0.0
10-219-01267,BIHAR,Saran,Sonepur,0,0,,218,10,1267,,70412.64000247594,214865144.18564072,0.0,0.0,162,0.0
10-220-01268,BIHAR,Vaishali,Vaishali,0,0,,224,10,1268,,72706.90824879723,158663399.21103516,0.0,0.0,114,0.0
10-220-01270,BIHAR,Vaishali,Lalganj,0,0,,224,10,1270,,89595.71916906572,184177988.41986412,0.0,0.0,133,0.0
10-221-01294,BIHAR,Samastipur,Mohiuddinagar,0,0,,217,10,1294,,80607.53716768604,178536106.2701614,0.0,0.0,130,0.0
10-220-01271,BIHAR,Vaishali,Bhagwanpur,0,0,,224,10,1271,,98965.72708266653,142473218.81446454,0.0,0.0,102,0.0
10-220-01272,BIHAR,Vaishali,Goraul,0,0,,224,10,1272,,101989.77906286377,122446101.92943335,0.0,0.0,87,0.0
10-220-01273,BIHAR,Vaishali,Chehra Kalan,0,0,,224,10,1273,,63204.34388206024,89818122.94593617,0.0,0.0,66,0.0
10-220-01277,BIHAR,Vaishali,Raja Pakar,0,0,,224,10,1277,,58946.08844196175,93673217.82917874,0.0,0.0,72,0.0
10-220-01274,BIHAR,Vaishali,Patepur,0,0,,224,10,1274,,118180.33822078991,317029999.71255994,0.0,0.0,234,0.0
10-220-01275,BIHAR,Vaishali,Mahua,0,0,,224,10,1275,,86273.82517515696,171155586.12447235,0.0,0.0,125,0.0
10-220-01276,BIHAR,Vaishali,Jandaha,0,0,,224,10,1276,,99044.76663725945,179891527.10359335,0.0,0.0,128,0.0
10-220-01278,BIHAR,Vaishali,Hajipur,0,0,,224,10,1278,,80048.24731377292,194916759.16986817,0.0,0.0,140,0.0
10-220-01280,BIHAR,Vaishali,Bidupur,0,0,,224,10,1280,,88122.3198685409,139375575.9420912,0.0,0.0,99,0.0
10-220-01279,BIHAR,Vaishali,Raghopur,0,0,,224,10,1279,,128641.49950069311,338499790.0832371,0.0,0.0,246,0.0
10-220-01281,BIHAR,Vaishali,Desri,0,0,,224,10,1281,,50183.809114488824,56627949.53624974,0.0,0.0,43,0.0
10-221-01284,BIHAR,Samastipur,Kalyanpur,0,0,,217,10,1284,,147387.26660455638,294821482.9966942,0.0,0.0,214,0.0
10-221-01286,BIHAR,Samastipur,Shivaji Nagar,0,0,,217,10,1286,,96209.25031894707,172333979.18990555,0.0,0.0,130,0.0
10-221-01288,BIHAR,Samastipur,Samastipur,0,0,,217,10,1288,,112474.97484539819,170577777.20953664,0.0,0.0,123,0.0
10-221-01289,BIHAR,Samastipur,Pusa,0,0,,217,10,1289,,64081.7615729533,95008289.7510354,0.0,0.0,65,0.0
10-221-01291,BIHAR,Samastipur,Morwa,0,0,,217,10,1291,,104551.97847793197,152111293.7773472,0.0,0.0,106,0.0
10-221-01292,BIHAR,Samastipur,Patori,0,0,,217,10,1292,,69422.25062895294,130638318.44440164,0.0,0.0,93,0.0
10-221-01295,BIHAR,Samastipur,Sarairanjan,0,0,,217,10,1295,,96463.23467310029,185572344.2706523,0.0,0.0,145,0.0
10-221-01296,BIHAR,Samastipur,Vidyapati Nagar,0,0,,217,10,1296,,62930.2690484309,106322816.42401849,0.0,0.0,75,0.0
10-221-01297,BIHAR,Samastipur,Dalsinghsarai,0,0,,217,10,1297,,80515.23552986495,118201268.21451648,0.0,0.0,89,0.0
10-221-01298,BIHAR,Samastipur,Ujiarpur,0,0,,217,10,1298,,81756.09445970641,209497824.1015558,0.0,0.0,149,0.0
10-221-01300,BIHAR,Samastipur,Rosera,0,0,,217,10,1300,,84599.34785899956,138535375.895554,0.0,0.0,97,0.0
10-221-01299,BIHAR,Samastipur,Bibhutpur,0,0,,217,10,1299,,96600.53522783429,258332531.194082,0.0,0.0,187,0.0
10-221-01301,BIHAR,Samastipur,Singhia,0,0,,217,10,1301,,76055.88015393679,178639507.67998633,0.0,0.0,128,0.0
10-222-01307,BIHAR,Begusarai,Cheria Bariarpur,0,0,,191,10,1307,,80422.0696045629,127840547.1243011,0.0,0.0,89,0.0
10-221-01302,BIHAR,Samastipur,Hasanpur,0,0,,217,10,1302,,122795.93417076243,188091095.39019313,0.0,0.0,138,0.0
10-221-01303,BIHAR,Samastipur,Bithan,0,0,,217,10,1303,,72838.55780104545,149849875.79630712,0.0,0.0,109,0.0
10-222-01304,BIHAR,Begusarai,Khudabandpur,0,0,,191,10,1304,,49522.71992212785,59617610.47663844,0.0,0.0,39,0.0
10-222-01305,BIHAR,Begusarai,Chhorahi,0,0,,191,10,1305,,96201.09768359947,128309829.49376953,0.0,0.0,94,0.0
10-222-01306,BIHAR,Begusarai,Garhpura,0,0,,191,10,1306,,69581.28073662621,88651595.91159394,0.0,0.0,68,0.0
10-222-01308,BIHAR,Begusarai,Bhagwanpur,0,0,,191,10,1308,,102620.52088176137,147276258.21886113,0.0,0.0,106,0.0
10-223-01324,BIHAR,Khagaria,Mansi,0,0,,202,10,1324,,70720.37786012898,86151878.56106131,0.0,0.0,69,0.0
10-222-01309,BIHAR,Begusarai,Mansurchak,0,0,,191,10,1309,,55538.61039021854,42158333.283958256,0.0,0.0,31,0.0
10-224-01333,BIHAR,Bhagalpur,Rangra Chowk,0,0,,192,10,1333,,56200.86409227388,97946271.45940188,0.0,0.0,71,0.0
10-222-01310,BIHAR,Begusarai,Bachhwara,0,0,,191,10,1310,,112893.55520851951,186501763.14040864,0.0,0.0,138,0.0
10-222-01311,BIHAR,Begusarai,Teghra,0,0,,191,10,1311,,93442.93751421869,180050069.66821858,0.0,0.0,129,0.0
10-222-01312,BIHAR,Begusarai,Barauni,0,0,,191,10,1312,,90573.71511882372,141812926.41245717,0.0,0.0,102,0.0
10-222-01313,BIHAR,Begusarai,Birpur,0,0,,191,10,1313,,69057.86510087451,64693086.30641256,0.0,0.0,53,0.0
10-222-01314,BIHAR,Begusarai,Begusarai,0,0,,191,10,1314,,114572.02827886646,273941103.5239774,0.0,0.0,200,0.0
10-222-01315,BIHAR,Begusarai,Naokothi,0,0,,191,10,1315,,61794.845266753924,91575422.87048158,0.0,0.0,64,0.0
10-222-01316,BIHAR,Begusarai,Bakhri,0,0,,191,10,1316,,74902.13049058078,94921186.04856166,0.0,0.0,66,0.0
10-222-01317,BIHAR,Begusarai,Dandari,0,0,,191,10,1317,,77075.31892237118,85364223.36403492,0.0,0.0,65,0.0
10-222-01318,BIHAR,Begusarai,Sahebpur Kamal,0,0,,191,10,1318,,97820.3506924087,179327758.1582562,0.0,0.0,131,0.0
10-222-01319,BIHAR,Begusarai,Balia,0,0,,191,10,1319,,95726.56851828664,181873531.04775092,0.0,0.0,133,0.0
10-222-01320,BIHAR,Begusarai,Matihani,0,0,,191,10,1320,,104199.58891726227,214311339.790948,0.0,0.0,157,0.0
10-222-01321,BIHAR,Begusarai,Shamho Akha Kurha,0,0,,191,10,1321,,47884.70174269599,82130306.58899558,0.0,0.0,58,0.0
10-223-01322,BIHAR,Khagaria,Alauli,0,0,,202,10,1322,,117176.16085281859,337532903.06560946,0.0,0.0,244,0.0
10-223-01323,BIHAR,Khagaria,Khagaria,0,0,,202,10,1323,,164255.4907534744,325761754.1557925,0.0,0.0,229,0.0
10-223-01325,BIHAR,Khagaria,Chautham,0,0,,202,10,1325,,88833.5659059585,205164632.7891582,0.0,0.0,148,0.0
10-228-01376,BIHAR,Sheikhpura,Chewara,0,0,,219,10,1376,,77279.14911837938,141385828.1075451,0.0004947029565429687,0.0004892210516238908,103,0.05038976831726075
10-223-01326,BIHAR,Khagaria,Beldaur,0,0,,202,10,1326,,101449.44415348554,276820454.1841197,0.0,0.0,203,0.0
10-223-01327,BIHAR,Khagaria,Gogri,0,0,,202,10,1327,,109725.85953588395,321971045.3784509,0.0,0.0,231,0.0
10-223-01328,BIHAR,Khagaria,Parbatta,0,0,,202,10,1328,,89952.53209418767,286770838.53234714,0.0,0.0,215,0.0
10-224-01329,BIHAR,Bhagalpur,Narayanpur,0,0,,192,10,1329,,96964.50839109154,173637043.38008544,0.0,0.0,125,0.0
10-224-01330,BIHAR,Bhagalpur,Bihpur,0,0,,192,10,1330,,98960.16392998041,189427956.2070791,0.0,0.0,141,0.0
10-234-01472,BIHAR,Rohtas,Akorhi Gola,0,0,,215,10,1472,,71741.57946050014,124356844.03544964,0.00014896991632461549,0.00014896991632461549,94,0.014003172134513856
10-224-01331,BIHAR,Bhagalpur,Kharik,0,0,,192,10,1331,,103106.05203500649,169292223.68779984,0.0,0.0,125,0.0
10-224-01332,BIHAR,Bhagalpur,Naugachhia,0,0,,192,10,1332,,91833.23423872421,134223697.96961665,0.0,0.0,95,0.0
10-224-01335,BIHAR,Bhagalpur,Pirpainti,0,0,,192,10,1335,,138631.2255747686,411429376.6216011,0.0,0.0,294,0.0
10-224-01336,BIHAR,Bhagalpur,Kahalgaon,0,0,,192,10,1336,,128722.99744742387,352186242.20537144,0.0,0.0,255,0.0
10-224-01337,BIHAR,Bhagalpur,Ismailpur,0,0,,192,10,1337,,66332.03197363381,102752037.41138108,0.0,0.0,75,0.0
10-224-01338,BIHAR,Bhagalpur,Sabour,0,0,,192,10,1338,,85492.0541239663,141198925.34276122,0.0,0.0,102,0.0
10-226-01359,BIHAR,Munger,Dharhara,0,0,,207,10,1359,,105188.90103685112,355220468.750446,0.0,0.0,262,0.0
10-224-01339,BIHAR,Bhagalpur,Nathnagar,0,0,,192,10,1339,,105259.93673308079,163498377.60317266,0.0,0.0,117,0.0
10-226-01360,BIHAR,Munger,Kharagpur,0,0,,207,10,1360,,169586.30903503796,398589433.5102216,0.0,0.0,291,0.0
10-224-01340,BIHAR,Bhagalpur,Sultanganj,0,0,,192,10,1340,,139861.1879796442,266407467.3450057,0.0,0.0,198,0.0
10-224-01341,BIHAR,Bhagalpur,Shahkund,0,0,,192,10,1341,,93276.90256650816,208798734.37786233,0.0,0.0,153,0.0
10-224-01342,BIHAR,Bhagalpur,Goradih,0,0,,192,10,1342,,106918.08891287447,178026414.43832883,0.0,0.0,128,0.0
10-224-01343,BIHAR,Bhagalpur,Jagdishpur,0,0,,192,10,1343,,107045.71303668506,127447147.46016994,0.0,0.0,95,0.0
10-224-01344,BIHAR,Bhagalpur,Sonhaula,0,0,,192,10,1344,,84463.86530366821,214425428.57327408,0.0,0.0,160,0.0
10-225-01345,BIHAR,Banka,Shambhuganj,0,0,,190,10,1345,,85765.27415008907,217970788.89652416,0.0,0.0,157,0.0
10-225-01346,BIHAR,Banka,Amarpur,0,0,,190,10,1346,,98000.87839154692,234663534.19316816,0.0,0.0,176,0.0
10-225-01347,BIHAR,Banka,Rajaun,0,0,,190,10,1347,,86718.04358754268,242814641.5593075,0.0,0.0,179,0.0
10-226-01363,BIHAR,Munger,Tetiha Bambor,0,0,,207,10,1363,,73286.15332623897,95190725.80042528,0.0,0.0,70,0.0
10-225-01348,BIHAR,Banka,Dhuraiya,0,0,,190,10,1348,,106681.6377356153,285703540.38620996,0.0,0.0,208,0.0
10-225-01349,BIHAR,Banka,Barahat,0,0,,190,10,1349,,122910.23058217819,181202001.14064544,0.0,0.0,129,0.0
10-225-01350,BIHAR,Banka,Banka,0,0,,190,10,1350,,137083.07375503817,365153241.48788345,0.0,0.0,275,0.0
10-225-01351,BIHAR,Banka,Phulidumar,0,0,,190,10,1351,,117105.67306472127,248400685.45023423,0.0,0.0,176,0.0
10-225-01352,BIHAR,Banka,Belhar,0,0,,190,10,1352,,118426.40149548957,290570448.277483,0.0008839379335403443,9.087212400882044e-05,214,0.019446634537887576
10-225-01353,BIHAR,Banka,Chanan,0,0,,190,10,1353,,169565.08902723462,550876204.0147796,0.0008839379335403443,0.0004327183969724859,403,0.1743855139799118
10-225-01354,BIHAR,Banka,Katoria,0,0,,190,10,1354,,180268.89530762268,687665367.2781417,0.000637113245048523,5.4573445293000966e-05,502,0.027395869537086486
10-225-01355,BIHAR,Banka,Bausi,0,0,,190,10,1355,,109314.78149810205,385846183.7170387,0.0,0.0,284,0.0
10-226-01356,BIHAR,Munger,Munger,0,0,,207,10,1356,,162390.1628928388,306519605.49277806,0.0,0.0,227,0.0
10-226-01357,BIHAR,Munger,Bariarpur,0,0,,207,10,1357,,122433.4478606843,198040113.63802013,0.0,0.0,143,0.0
10-226-01358,BIHAR,Munger,Jamalpur,0,0,,207,10,1358,,72817.19566814511,112971204.64248075,0.0,0.0,79,0.0
10-226-01361,BIHAR,Munger,Asarganj,0,0,,207,10,1361,,61173.52838786665,72491453.98190036,0.0,0.0,52,0.0
10-226-01362,BIHAR,Munger,Tarapur,0,0,,207,10,1362,,54416.57713098438,86962445.68425661,0.0,0.0,62,0.0
10-226-01364,BIHAR,Munger,Sangrampur,0,0,,207,10,1364,,71205.18318302365,105786037.21986651,0.0,0.0,80,0.0
10-227-01366,BIHAR,Lakhisarai,Pipariya,0,0,,204,10,1366,,87968.2901826016,106258171.87143916,0.0,0.0,76,0.0
10-227-01365,BIHAR,Lakhisarai,Barahiya,0,0,,204,10,1365,,95965.48426593257,248505135.43154767,0.0,0.0,179,0.0
10-227-01367,BIHAR,Lakhisarai,Surajgarha,0,0,,204,10,1367,,140312.1609931406,462726462.37366486,0.0006215924948883057,8.226959491168753e-05,340,0.02797166226997376
10-227-01368,BIHAR,Lakhisarai,Lakhisarai,0,0,,204,10,1368,,117670.76745524361,181316338.94823277,0.0006215924948883057,5.445473004964958e-05,133,0.007242479096603394
10-227-01369,BIHAR,Lakhisarai,Chanan*,0,0,,204,10,1369,,86014.87070350182,177670731.10250506,0.0006215924948883057,0.0005050439020967484,128,0.06464561946838379
10-228-01375,BIHAR,Sheikhpura,Ghat Kusumbha,0,0,,219,10,1375,,80592.24583619394,99088070.68237934,0.0,0.0,70,0.0
10-227-01370,BIHAR,Lakhisarai,Ramgarh Chowk,0,0,,204,10,1370,,98990.57354622113,128567389.13844268,0.0006215924948883057,0.0004680058166236066,94,0.04399254676261902
10-227-01371,BIHAR,Lakhisarai,Halsi,0,0,,204,10,1371,,82594.8188222393,191441208.6304817,0.0006215924948883057,0.0004946104768152031,139,0.06875085627731324
10-228-01372,BIHAR,Sheikhpura,Barbigha,0,0,,219,10,1372,,83879.7675047183,115941853.486741,0.0,0.0,81,0.0
10-228-01373,BIHAR,Sheikhpura,Shekhopur Sarai,0,0,,219,10,1373,,59774.96229914819,65955650.61796794,0.0004947029565429687,0.00019184291967942982,45,0.008632931385574341
10-228-01374,BIHAR,Sheikhpura,Sheikhpura,0,0,,219,10,1374,,119718.3677454689,225551054.81458032,0.0004947029565429687,0.00011869437273810892,170,0.020178043365478515
10-228-01377,BIHAR,Sheikhpura,Ariari,0,0,,219,10,1377,,87552.5859976097,183445963.63454768,0.0004947029565429687,0.0004946179785601762,137,0.06776266306274413
10-229-01378,BIHAR,Nalanda,Karai Parsurai,0,0,,209,10,1378,,58523.47447411047,82148146.79064696,0.00022133606712341312,9.960123020553592e-05,60,0.005976073812332155
10-229-01379,BIHAR,Nalanda,Nagar Nausa,0,0,,209,10,1379,,82570.35159490984,108015836.82811198,0.0003914477359008789,0.00011364021532249454,80,0.009091217225799563
10-229-01380,BIHAR,Nalanda,Harnaut,0,0,,209,10,1380,,124869.90123154312,224385440.0517296,0.0003914477359008789,0.00013615573422639266,161,0.02192107321044922
10-229-01381,BIHAR,Nalanda,Chandi,0,0,,209,10,1381,,70527.81459673235,147156102.481168,0.0003914477359008789,0.00035912636321181547,109,0.03914477359008789
10-229-01382,BIHAR,Nalanda,Rahui,0,0,,209,10,1382,,77076.6108369453,152249665.90613127,0.0003914477359008789,0.0003769496716082538,108,0.04071056453369141
10-229-01383,BIHAR,Nalanda,Bind,0,0,,209,10,1383,,70364.80140905235,88091657.81671415,0.0,0.0,66,0.0
10-229-01384,BIHAR,Nalanda,Sarmera,0,0,,209,10,1384,,91044.34634338948,167201876.42476654,0.0,0.0,123,0.0
10-229-01385,BIHAR,Nalanda,Asthawan,0,0,,209,10,1385,,92263.18064708126,171325630.7179731,0.0004947029565429687,7.450450870117189e-05,125,0.009313063587646485
10-229-01387,BIHAR,Nalanda,Noorsarai,0,0,,209,10,1387,,78528.62700534344,151514769.88009417,0.0003914477359008789,0.0003914477359008789,114,0.044625041892700196
10-229-01386,BIHAR,Nalanda,Bihar,0,0,,209,10,1386,,98561.8371020671,215840179.0991975,0.0003914477359008789,0.0003741192330486775,160,0.0598590772877884
10-229-01390,BIHAR,Nalanda,Hilsa,0,0,,209,10,1390,,93433.88804652911,175765721.10991755,0.00022133606712341312,0.00022133606712341315,131,0.028995024793167123
10-229-01391,BIHAR,Nalanda,Ekangarsarai,0,0,,209,10,1391,,87121.32234693572,166605847.460251,0.00022133606712341312,0.00022133606712341312,122,0.0270030001890564
10-229-01392,BIHAR,Nalanda,Islampur,0,0,,209,10,1392,,109868.69145522316,273834151.4326934,0.00022133606712341312,0.0001688330273799307,194,0.032753607311706553
10-229-01393,BIHAR,Nalanda,Ben,0,0,,209,10,1393,,66947.54721379357,127526149.56798536,0.0003914477359008789,0.00028053383580552767,94,0.026370180565719603
10-230-01398,BIHAR,Patna,Maner,0,0,,212,10,1398,,96133.56350709034,213315300.3597084,0.00018138669330596924,4.338190641155491e-05,154,0.006680813587379456
10-229-01394,BIHAR,Nalanda,Rajgir,0,0,,209,10,1394,,88740.45664753366,198129288.77271983,0.0003588420404434204,0.00026349012374384873,147,0.038733048190345766
10-229-01395,BIHAR,Nalanda,Silao,0,0,,209,10,1395,,79220.42929786978,154752836.13944647,0.0003914477359008789,0.0003645623378920974,114,0.0415601065196991
10-229-01396,BIHAR,Nalanda,Giriak,0,0,,209,10,1396,,88347.46773236175,99576022.5731765,0.0003588420404434204,0.0003588420404434204,73,0.02619546895236969
10-229-01397,BIHAR,Nalanda,Katrisarai,0,0,,209,10,1397,,38918.76300208476,48673462.28309288,0.0004947029565429687,0.0003928072694683075,36,0.01414106170085907
10-230-01399,BIHAR,Patna,Dinapur-Cum-Khagaul,0,0,,212,10,1399,,78598.21354533077,184765788.04152673,0.00018138669330596924,5.3744205423990886e-05,135,0.0072554677322387694
10-234-01474,BIHAR,Rohtas,Tilouthu,0,0,,215,10,1474,,73885.57639601533,193504401.97342023,0.00012287393745422364,5.488854751423426e-05,140,0.007684396651992797
10-230-01400,BIHAR,Patna,Patna Rural,0,0,,212,10,1400,,87518.10425735511,179850223.48881748,0.00018138669330596924,3.1846518672040396e-05,131,0.004171893946037292
10-230-01401,BIHAR,Patna,Sampatchak,0,0,,212,10,1401,,53219.7118618291,78902366.60372826,0.00018138669330596924,6.364445379156815e-06,57,0.00036277338661193847
10-230-01406,BIHAR,Patna,Dulhin Bazar,0,0,,212,10,1406,,77792.54009458271,136539622.4680228,0.00018138669330596924,0.0001551794972024783,99,0.01536277022304535
10-230-01402,BIHAR,Patna,Phulwari,0,0,,212,10,1402,,70659.26045014715,135940825.49713776,0.00018138669330596924,0.0001738289144182205,96,0.01668757578414917
10-230-01413,BIHAR,Patna,Khusrupur,0,0,,212,10,1413,,46143.60198551767,78201544.387751,0.0,0.0,58,0.0
10-230-01403,BIHAR,Patna,Bihta,0,0,,212,10,1403,,116564.9809665079,244879174.98088208,0.00018138669330596924,0.00016490909515359898,182,0.030013455317955014
10-230-01415,BIHAR,Patna,Athmalgola,0,0,,212,10,1415,,47997.69261940102,62827293.65665197,0.0,0.0,47,0.0
10-230-01404,BIHAR,Patna,Naubatpur,0,0,,212,10,1404,,105087.74367689912,205320191.59612688,0.00018138669330596924,0.00018138669330596924,153,0.027752164075813292
10-230-01405,BIHAR,Patna,Bikram,0,0,,212,10,1405,,86626.03512108007,186422313.04867813,0.00018138669330596924,0.00016353972263670314,137,0.02240494200122833
10-234-01475,BIHAR,Rohtas,Rohtas,0,0,,215,10,1475,,88257.59288547112,389741138.17794544,8.288503219604493e-05,6.047267231298817e-05,288,0.017416129626140593
10-230-01407,BIHAR,Patna,Paliganj,0,0,,212,10,1407,,129476.3041410336,293354152.7667747,0.0001609998193359375,0.0001381392671440695,214,0.02956180316883087
10-230-01408,BIHAR,Patna,Masaurhi,0,0,,212,10,1408,,108866.13277400887,248716954.87290823,0.00018138669330596924,0.00016787179932583582,178,0.029881180279998778
10-230-01409,BIHAR,Patna,Dhanarua,0,0,,212,10,1409,,95102.40821522896,225577653.19725513,0.00022133606712341312,0.00014659828693623926,163,0.023895520770607
10-230-01410,BIHAR,Patna,Punpun,0,0,,212,10,1410,,82554.93388622913,161116560.78819045,0.00018138669330596924,0.00012297402935997913,118,0.014510935464477537
10-230-01411,BIHAR,Patna,Fatwah,0,0,,212,10,1411,,97950.27190535897,155697451.47083917,0.0,0.0,115,0.0
10-230-01412,BIHAR,Patna,Daniawan,0,0,,212,10,1412,,69689.77872311571,79566220.36857046,0.0,0.0,56,0.0
10-230-01414,BIHAR,Patna,Bakhtiarpur,0,0,,212,10,1414,,120205.01587822943,168153072.20481881,0.0,0.0,120,0.0
10-230-01416,BIHAR,Patna,Belchhi,0,0,,212,10,1416,,88573.78025963024,87443681.0926542,0.0,0.0,70,0.0
10-230-01417,BIHAR,Patna,Barh,0,0,,212,10,1417,,95365.9771693495,147280816.515725,0.0,0.0,104,0.0
10-230-01419,BIHAR,Patna,Ghoswari,0,0,,212,10,1419,,66454.95033385535,164897376.1169027,0.0,0.0,126,0.0
10-230-01418,BIHAR,Patna,Pandarak,0,0,,212,10,1418,,106894.44852036482,252509471.6555304,0.0,0.0,180,0.0
10-232-01438,BIHAR,Buxar,Chaugain,0,0,,194,10,1438,,52625.33924401454,66025696.44875917,0.00012631348052978517,0.00012631348052978517,49,0.0061893605459594735
10-232-01439,BIHAR,Buxar,Kesath,0,0,,194,10,1439,,34661.84662025829,38236018.49691825,0.00012631348052978517,0.00012631348052978517,29,0.00366309093536377
10-230-01420,BIHAR,Patna,Mokameh,0,0,,212,10,1420,,127700.39840194934,244519830.48183808,0.0,0.0,181,0.0
10-231-01421,BIHAR,Bhojpur,Shahpur,0,0,,193,10,1421,,110658.91431619873,211766871.4500774,0.0001937284982299805,0.0001216382401908972,156,0.018975565469779965
10-234-01460,BIHAR,Rohtas,Suryapura,0,0,,215,10,1460,,56159.7630280001,69765063.31452103,0.0001688708514404297,0.0001688708514404297,47,0.007936930017700196
10-231-01422,BIHAR,Bhojpur,Arrah,0,0,,193,10,1422,,120924.06747051864,221925641.7145924,0.0001937284982299805,0.0001584678623161076,159,0.025196390108261107
10-231-01423,BIHAR,Bhojpur,Barhara,0,0,,193,10,1423,,128817.96875565937,258494738.36324885,0.00011461341571807861,0.0001022276261853922,191,0.01952547660140991
10-231-01424,BIHAR,Bhojpur,Koilwar,0,0,,193,10,1424,,94779.33453556667,208456312.66749656,0.00015643735675811767,0.0001435766617192518,149,0.021392922596168516
10-231-01425,BIHAR,Bhojpur,Sandesh,0,0,,193,10,1425,,60697.76797134289,164599530.19806212,0.00015643735675811767,0.0001531675519729873,118,0.0180737711328125
10-231-01426,BIHAR,Bhojpur,Udwant Nagar,0,0,,193,10,1426,,92445.60417460876,217797556.82002312,0.0001937284982299805,0.00017890469043992322,161,0.028803655160827637
10-234-01461,BIHAR,Rohtas,Bikramganj,0,0,,215,10,1461,,88556.32896667719,168723569.68103397,0.0001688708514404297,0.0001688708514404297,129,0.02178433983581543
10-231-01427,BIHAR,Bhojpur,Behea,0,0,,193,10,1427,,114516.77527652554,206091349.70539597,0.0001937284982299805,0.00017013084645258587,150,0.02551962696788788
10-231-01428,BIHAR,Bhojpur,Jagdishpur,0,0,,193,10,1428,,109726.00219208181,318463526.4488765,0.0001937284982299805,0.00018692786047952217,228,0.042619552189331056
10-231-01429,BIHAR,Bhojpur,Piro,0,0,,193,10,1429,,100703.96274410955,268205354.86689487,0.0001937284982299805,0.00016274177853698734,200,0.03254835570739747
10-234-01462,BIHAR,Rohtas,Karakat,0,0,,215,10,1462,,102232.22868007293,251121712.10833624,0.0001688708514404297,0.00016331089183384723,176,0.02874271696275711
10-231-01430,BIHAR,Bhojpur,Charpokhari,0,0,,193,10,1430,,88834.1327790213,135855258.49695313,0.0001937284982299805,0.00017518421280710323,95,0.016642500216674808
10-231-01431,BIHAR,Bhojpur,Garhani,0,0,,193,10,1431,,93054.52180151101,137128723.85739592,0.0001937284982299805,0.00019066510373902555,103,0.01963850568511963
10-231-01432,BIHAR,Bhojpur,Agiaon,0,0,,193,10,1432,,87534.07309197474,191419206.17039648,0.0001937284982299805,0.00015563649233920967,139,0.021633472435150146
10-231-01433,BIHAR,Bhojpur,Tarari,0,0,,193,10,1433,,95157.98131215997,247108515.4982669,0.0001688708514404297,0.00016758856159447278,177,0.029663175402221683
10-231-01434,BIHAR,Bhojpur,Sahar,0,0,,193,10,1434,,61748.81499939302,157154129.14318892,0.0001674343621826172,0.00016216756342504778,117,0.01897360492073059
10-232-01435,BIHAR,Buxar,Simri,0,0,,194,10,1435,,87047.69219699135,222195796.247413,0.00012631348052978517,9.92348577322611e-05,164,0.01627451666809082
10-232-01436,BIHAR,Buxar,Chakki,0,0,,194,10,1436,,73799.54032015939,80420668.23199363,0.00012631348052978517,8.868316226482391e-05,64,0.00567572238494873
10-232-01437,BIHAR,Buxar,Barhampur,0,0,,194,10,1437,,133928.15369382405,240152233.65370417,0.00012631348052978517,0.00011825414045940246,173,0.020457966299476625
10-232-01440,BIHAR,Buxar,Dumraon,0,0,,194,10,1440,,115797.88145848007,238641355.07175583,0.00012631348052978517,0.00011982450863132817,169,0.020250341958694462
10-232-01441,BIHAR,Buxar,Buxar,0,0,,194,10,1441,,90996.21871903203,211591033.38394436,0.00010481080894470217,0.00010475878095444601,157,0.016447128609848025
10-232-01442,BIHAR,Buxar,Chausa,0,0,,194,10,1442,,99103.08457070828,138502720.57991108,0.0001610053207397461,0.00013577737106323245,107,0.014528178703765871
10-232-01443,BIHAR,Buxar,Rajpur,0,0,,194,10,1443,,121142.9666413415,336933113.12217736,0.00016832959991455078,0.00015356788331977688,245,0.037624131413345335
10-232-01444,BIHAR,Buxar,Itarhi,0,0,,194,10,1444,,109439.3274763228,293713382.2816445,0.00016832959991455078,0.0001054186442649878,209,0.02203249665138245
10-232-01445,BIHAR,Buxar,Nawanagar,0,0,,194,10,1445,,126567.10382889764,229774401.79100823,0.0001688708514404297,0.0001316969915920461,169,0.02225679157905579
10-233-01446,BIHAR,Kaimur (Bhabua),Ramgarh,0,0,,200,10,1446,,124781.0721120257,206666195.02442607,0.00016032063766479495,0.00014713333531360753,151,0.022217133632354738
10-233-01447,BIHAR,Kaimur (Bhabua),Nuaon,0,0,,200,10,1447,,121732.74643995032,235834986.4758632,0.00016832959991455078,0.00016086106993290418,171,0.027507242958526613
10-233-01448,BIHAR,Kaimur (Bhabua),Kudra,0,0,,200,10,1448,,132624.50147962422,255577893.54332253,0.00016032063766479495,0.0001432393726754567,189,0.027072241435661316
10-233-01449,BIHAR,Kaimur (Bhabua),Mohania,0,0,,200,10,1449,,142323.6809133636,349176573.6513165,0.00016032063766479495,0.00014899515670970085,256,0.038142760117683416
10-233-01450,BIHAR,Kaimur (Bhabua),Durgawati,0,0,,200,10,1450,,108544.41183902678,212580801.4059764,0.00011795292160034182,0.0001179529216003418,154,0.018164749926452638
10-233-01451,BIHAR,Kaimur (Bhabua),Chand,0,0,,200,10,1451,,97099.60209928264,257974481.1925409,0.00013406186393737793,0.00011996368854137178,188,0.022553173445777893
10-233-01452,BIHAR,Kaimur (Bhabua),Chainpur,0,0,,200,10,1452,,170712.34536647963,555311526.8488017,0.00016126342712402344,0.00011965347057380021,407,0.048698962523536685
10-233-01453,BIHAR,Kaimur (Bhabua),Bhabua,0,0,,200,10,1453,,143727.89821118704,407618990.38615096,0.00016032063766479495,0.00012734071254020515,301,0.03832955447460175
10-233-01454,BIHAR,Kaimur (Bhabua),Rampur,0,0,,200,10,1454,,126612.15498309073,210660395.23746365,0.00013123632160186768,0.0001156600672966362,149,0.017233350027198793
10-233-01455,BIHAR,Kaimur (Bhabua),Bhagwanpur,0,0,,200,10,1455,,134815.05705103654,292151198.96788174,0.00013123632160186768,0.0001243452866918555,211,0.026236855491981508
10-233-01456,BIHAR,Kaimur (Bhabua),Adhaura,0,0,,200,10,1456,,271357.2345421078,1135984955.9859164,0.00013123632160186768,9.25785202751755e-05,833,0.0771179073892212
10-234-01457,BIHAR,Rohtas,Kochas,0,0,,215,10,1457,,90248.48407846906,187033418.62218276,0.00016832959991455078,0.00016584196770061147,132,0.021891139736480714
10-234-01458,BIHAR,Rohtas,Dinara,0,0,,215,10,1458,,157118.7651045217,464648316.8452498,0.0001688708514404297,0.000168456579744669,341,0.05744369369293213
10-234-01459,BIHAR,Rohtas,Dawath,0,0,,215,10,1459,,78120.6651060775,129910427.66035384,0.0001688708514404297,0.0001688708514404297,94,0.01587386003540039
10-234-01466,BIHAR,Rohtas,Nokha,0,0,,215,10,1466,,82152.91978314315,208772248.59610957,0.00016832959991455078,0.00013391389397144317,148,0.019819256307773588
10-235-01476,BIHAR,Aurangabad,Daudnagar,0,0,,189,10,1476,,91010.07504965532,238139281.75712803,0.00014896991632461549,0.00013901456088340149,174,0.02418853359371186
10-234-01467,BIHAR,Rohtas,Kargahar,0,0,,215,10,1467,,128509.87472624176,406135690.59563094,0.00016832959991455078,0.00013977749380266345,296,0.04137413816558838
10-234-01468,BIHAR,Rohtas,Chenari,0,0,,215,10,1468,,121720.69626398994,292642418.8385522,0.00013123632160186768,0.0001073591166662172,215,0.023082210083236698
10-234-01469,BIHAR,Rohtas,Nauhatta,0,0,,215,10,1469,,175494.75594492842,478591449.404211,8.288503219604493e-05,7.613548190784993e-05,354,0.026951960595378875
10-234-01470,BIHAR,Rohtas,Sheosagar,0,0,,215,10,1470,,135463.8765525897,406503956.12222886,0.00013123632160186768,0.00010012850908247092,295,0.02953791017932892
10-234-01471,BIHAR,Rohtas,Sasaram,0,0,,215,10,1471,,135810.11950728856,394273130.8742507,0.00014896991632461549,0.00010513865867634477,290,0.030490211016139985
10-234-01473,BIHAR,Rohtas,Dehri,0,0,,215,10,1473,,97323.52013589225,199371136.99043605,0.00014896991632461549,0.00013371055074034067,145,0.019388029857349397
10-235-01477,BIHAR,Aurangabad,Haspura,0,0,,189,10,1477,,88845.10694940752,164519986.5205008,0.0001375736541748047,0.00013647379163883935,121,0.016513328788299562
10-235-01478,BIHAR,Aurangabad,Goh,0,0,,189,10,1478,,122286.20877621078,374665187.3660463,0.0001375736541748047,8.962449994143319e-05,272,0.02437786398406983
10-236-01491,BIHAR,Gaya,Neem Chak Bathani,0,0,,196,10,1491,,79540.44278654993,146770773.7769567,0.0001327657218170166,0.0001327657218170166,103,0.01367486934715271
10-235-01479,BIHAR,Aurangabad,Rafiganj,0,0,,189,10,1479,,167069.30684925965,465687847.79432577,0.0001375736541748047,0.00010067386102939283,341,0.034329786611022955
10-235-01480,BIHAR,Aurangabad,Obra,0,0,,189,10,1480,,130720.05569071589,327203821.09876627,0.00014896991632461549,0.00013538889024710356,237,0.032087166988563544
10-236-01494,BIHAR,Gaya,Manpur,0,0,,196,10,1494,,77081.78707553667,161226183.41058797,0.0001431247225189209,0.00011631968483634617,115,0.01337676375617981
10-235-01481,BIHAR,Aurangabad,Aurangabad,0,0,,189,10,1481,,125502.68609205673,344679798.38062614,8.65626171875e-05,8.577360221862793e-05,256,0.02195804216796875
10-237-01511,BIHAR,Nawada,Nardiganj,0,0,,210,10,1511,,60262.24041371029,129808165.4472442,0.0003588420404434204,0.0003588420404434205,95,0.034089993842124945
10-235-01482,BIHAR,Aurangabad,Barun,0,0,,189,10,1482,,117269.30390529483,381782699.30215496,0.00014896991632461549,0.00010425894806248802,280,0.029192505457496645
10-235-01483,BIHAR,Aurangabad,Nabinagar,0,0,,189,10,1483,,173491.30877801325,657546828.2218357,8.3080068359375e-05,7.221532063888961e-05,483,0.03487999986858368
10-235-01484,BIHAR,Aurangabad,Kutumba,0,0,,189,10,1484,,110495.73757590447,319048251.76106954,8.3080068359375e-05,8.194346733692953e-05,229,0.018765054020156862
10-235-01485,BIHAR,Aurangabad,Deo,0,0,,189,10,1485,,158578.88849021672,336990745.1586724,9.47062417602539e-05,8.796133670122974e-05,251,0.022078295512008666
10-235-01486,BIHAR,Aurangabad,Madanpur,0,0,,189,10,1486,,153529.37367368402,418713952.50229967,9.602937545776367e-05,8.991492293570806e-05,309,0.02778371118713379
10-236-01487,BIHAR,Gaya,Konch,0,0,,196,10,1487,,154041.56172387034,319288521.7326548,9.602937545776367e-05,7.835879626701619e-05,232,0.018179240733947756
10-236-01488,BIHAR,Gaya,Tikari,0,0,,196,10,1488,,122221.36853604284,290576655.12704176,0.0001431247225189209,9.585202341412187e-05,218,0.020895741104278567
10-236-01489,BIHAR,Gaya,Belaganj,0,0,,196,10,1489,,113473.13279109563,240372540.95814112,0.0001431247225189209,0.0001431247225189209,180,0.02576245005340576
10-236-01490,BIHAR,Gaya,Khizirsarai,0,0,,196,10,1490,,103698.13096672995,223124430.97950032,0.0001431247225189209,0.0001376997167381518,165,0.022720453261795046
10-236-01492,BIHAR,Gaya,Muhra,0,0,,196,10,1492,,93681.45756176667,181269438.2139707,0.0003588420404434204,0.00014988596559382196,134,0.020084719389572143
10-236-01493,BIHAR,Gaya,Atri,0,0,,196,10,1493,,103075.15367958385,161340647.62451813,0.0003588420404434204,0.00015036959959943756,119,0.017893982352333068
10-236-01495,BIHAR,Gaya,Gaya Town C.D.Block,0,0,,196,10,1495,,91678.58033080616,224144813.6021213,0.0001431247225189209,0.00011910462381635394,161,0.019175844434432984
10-236-01496,BIHAR,Gaya,Paraiya,0,0,,196,10,1496,,75593.31264449215,167300846.5298876,0.00011510127403259278,0.00010429386484018963,120,0.012515263780822756
10-236-01497,BIHAR,Gaya,Guraru,0,0,,196,10,1497,,81292.54933661391,199646285.7542363,9.602937545776367e-05,9.602937545776369e-05,147,0.014116318192291262
10-237-01512,BIHAR,Nawada,Nawada,0,0,,210,10,1512,,86822.75137888109,219317998.1072041,0.0004154605046081543,0.00036208768488598487,157,0.05684776652709962
10-236-01498,BIHAR,Gaya,Gurua,0,0,,196,10,1498,,117859.62964526065,238015237.1519128,0.00011510127403259278,9.538025724157434e-05,173,0.01650078450279236
10-236-01499,BIHAR,Gaya,Amas,0,0,,196,10,1499,,100546.69423332924,128484051.44985774,9.602937545776367e-05,9.123082395935058e-05,95,0.008666928276138306
10-237-01517,BIHAR,Nawada,Roh,0,0,,210,10,1517,,77804.52626079548,192537548.9783989,0.0005143984234619141,0.0004977122255280282,144,0.07167056047603607
10-236-01500,BIHAR,Gaya,Banke Bazar,0,0,,196,10,1500,,85166.97220092022,256240042.68049288,9.47062417602539e-05,9.16937173277332e-05,186,0.017055031422958375
10-236-01501,BIHAR,Gaya,Imamganj,0,0,,196,10,1501,,136271.57775821586,316917295.57645696,0.00017421413345336916,0.00011074923151439204,239,0.026469066331939697
10-236-01502,BIHAR,Gaya,Dumaria,0,0,,196,10,1502,,119690.94596035974,390676703.928496,0.00017421413345336916,9.563905395052727e-05,285,0.02725713037590027
10-236-01503,BIHAR,Gaya,Sherghati,0,0,,196,10,1503,,100322.2973073121,167902109.12194017,0.0002578428874206543,0.0001053334379987019,123,0.012956012873840333
10-238-01531,BIHAR,Jamui,Gidhaur,0,0,,198,10,1531,,55211.5633940527,100392309.18230554,0.0006943234339904786,0.0006545638539479574,75,0.049092289046096804
10-236-01504,BIHAR,Gaya,Dobhi,0,0,,196,10,1504,,103572.88994215836,218837778.49499393,0.0002578428874206543,0.0002277104041195508,161,0.03666137506324768
10-236-01505,BIHAR,Gaya,Bodh Gaya,0,0,,196,10,1505,,120948.91182130505,306843965.9119923,0.0002578428874206543,0.00012672712993356457,230,0.02914723988471985
10-236-01506,BIHAR,Gaya,Tan Kuppa,0,0,,196,10,1506,,108147.94853451202,190099968.23000297,0.0002961564933013916,0.00018181650668813224,134,0.02436341189620972
10-240-01542,BIHAR,Arwal,Arwal,0,0,,611,10,1542,,73924.8054791393,147787869.27798152,0.0001674343621826172,0.00014342191784711984,104,0.014915879456100463
10-236-01507,BIHAR,Gaya,Wazirganj,0,0,,196,10,1507,,105472.06999302967,323030583.61833626,0.00021649117767333985,0.00020746919472225641,236,0.048962729954452514
10-236-01508,BIHAR,Gaya,Fatehpur,0,0,,196,10,1508,,155359.44599717355,408449805.62920874,0.0005896246479797363,0.0002697984940041994,304,0.08201874217727662
10-240-01543,BIHAR,Arwal,Kaler,0,0,,611,10,1543,,67777.19153730445,176075758.749563,0.0001674343621826172,0.0001624195867919922,131,0.02127696586975098
10-236-01509,BIHAR,Gaya,Mohanpur,0,0,,196,10,1509,,119906.24818546322,418796109.2883684,0.0002961564933013916,0.0002570217422918439,303,0.0778775879144287
10-240-01544,BIHAR,Arwal,Karpi,0,0,,611,10,1544,,158139.92638461498,234985661.7206014,0.0001674343621826172,0.00013151226087925046,172,0.02262010887123108
10-236-01510,BIHAR,Gaya,Barachatti,0,0,,196,10,1510,,138753.78132836288,366328956.31361085,0.0002961564933013916,0.00026118662029751865,275,0.07182632058181763
10-237-01513,BIHAR,Nawada,Warisaliganj,0,0,,210,10,1513,,109792.76918459819,202861050.3008767,0.0004947029565429687,0.00044387064099551867,147,0.06524898422634125
10-237-01514,BIHAR,Nawada,Kashi Chak,0,0,,210,10,1514,,73948.94452619922,98983451.20841853,0.0004947029565429687,0.0004947029565429687,72,0.03561861287109375
10-237-01515,BIHAR,Nawada,Pakribarawan,0,0,,210,10,1515,,104545.76938151139,251834567.85717744,0.0004947029565429687,0.0004947029565429687,184,0.09102534400390624
10-237-01516,BIHAR,Nawada,Kawakol,0,0,,210,10,1516,,121170.20018263235,362955647.76482904,0.0005144254211425782,0.0005119576479827193,266,0.13618073436340333
10-237-01518,BIHAR,Nawada,Gobindpur,0,0,,210,10,1518,,73133.35659787485,188189390.13263756,0.0005143984234619141,0.00048754384548732214,140,0.0682561383682251
10-237-01519,BIHAR,Nawada,Akbarpur,0,0,,210,10,1519,,91268.2921062847,249541236.96202633,0.0004154605046081543,0.00041546050460815424,184,0.07644473284790038
10-237-01520,BIHAR,Nawada,Hisua,0,0,,210,10,1520,,85113.4923130193,144090762.99664384,0.0004154605046081543,0.0003256536368439747,104,0.03386797823177337
10-237-01521,BIHAR,Nawada,Narhat,0,0,,210,10,1521,,62856.50481924386,99624005.77002536,0.0004154605046081543,0.0004154605046081543,69,0.028666774817962645
10-237-01522,BIHAR,Nawada,Meskaur,0,0,,210,10,1522,,75185.00287586387,145604023.18435815,0.0004154605046081543,0.00027333955679757256,112,0.030614030361328124
10-237-01523,BIHAR,Nawada,Sirdala,0,0,,210,10,1523,,111278.51695598938,301894539.186342,0.0005896246479797363,0.0003751659522583288,218,0.08178617759231567
10-237-01524,BIHAR,Nawada,Rajauli,0,0,,210,10,1524,,132370.86211000624,450216393.36794454,0.0005896246479797363,0.0004915575896332428,333,0.16368867734786988
10-238-01525,BIHAR,Jamui,Islamnagar Aliganj,0,0,,198,10,1525,,96153.77396855215,213408239.47295904,0.0005144254211425782,0.000490759942556528,156,0.07655855103881837
10-238-01526,BIHAR,Jamui,Sikandra,0,0,,198,10,1526,,86788.2538333537,223096734.30010977,0.0006943234339904786,0.000498602588212755,162,0.08077361929046631
10-238-01527,BIHAR,Jamui,Jamui,0,0,,198,10,1527,,90084.78430112793,212157753.6648698,0.0006215924948883057,0.0006198801009506718,155,0.09608141564735413
10-238-01528,BIHAR,Jamui,Barhat,0,0,,198,10,1528,,114104.37581341481,270298087.1382075,0.0006215924948883057,0.0005174678637648839,197,0.10194116916168214
10-238-01529,BIHAR,Jamui,Lakshmipur,0,0,,198,10,1529,,112147.89260238525,307635253.00857943,0.0006215924948883057,0.00016575799863688154,225,0.03729554969329835
10-238-01530,BIHAR,Jamui,Jhajha,0,0,,198,10,1530,,147664.43327942316,507112726.974952,0.0008839379335403443,0.0008019720093475549,370,0.2967296434585953
10-238-01532,BIHAR,Jamui,Khaira,0,0,,198,10,1532,,142747.05687020053,513762691.7981683,0.0006943234339904786,0.0006185179836957208,377,0.23318127985328674
10-238-01533,BIHAR,Jamui,Sono,0,0,,198,10,1533,,117724.39892386932,474283005.7300444,0.0008839379335403443,0.0007175361298799926,349,0.2504201093281174
10-238-01534,BIHAR,Jamui,Chakai,0,0,,198,10,1534,,243956.2217086091,956725034.6798706,0.0008839379335403443,0.000679229525983647,700,0.47546066818855287
10-239-01535,BIHAR,Jehanabad,Ratni Faridpur,0,0,,199,10,1535,,82762.53932271499,155018952.20303965,0.0001609998193359375,0.00014044033101065118,114,0.016010197735214234
10-239-01536,BIHAR,Jehanabad,Jehanabad,0,0,,199,10,1536,,97254.09844747804,201426556.69272655,0.0001609998193359375,0.00016099981933593747,148,0.023827973261718746
10-239-01537,BIHAR,Jehanabad,Kako,0,0,,199,10,1537,,83599.3529020472,162373941.78194478,0.0001609998193359375,0.0001609998193359375,118,0.018997978681640625
10-239-01538,BIHAR,Jehanabad,Modanganj,0,0,,199,10,1538,,66522.90037500951,97205276.85869928,0.00022133606712341312,0.00020472173802251403,69,0.014125799923553468
10-239-01539,BIHAR,Jehanabad,Ghoshi,0,0,,199,10,1539,,82931.95174196921,112225161.55433495,0.00022133606712341312,0.00016261616606471052,83,0.013497141783370973
10-239-01540,BIHAR,Jehanabad,Makhdumpur,0,0,,199,10,1540,,128831.72570768485,301471679.33572614,0.0001609998193359375,0.00014510169175213934,217,0.031487067110214234
10-239-01541,BIHAR,Jehanabad,Hulasganj,0,0,,199,10,1541,,87179.53907708311,119677697.18988888,0.00022133606712341312,0.0001580881996120877,90,0.014227937965087893
10-240-01545,BIHAR,Arwal,Sonbhadra Banshi Suryapur,0,0,,611,10,1545,,62692.97791397586,116643000.97724338,0.00013500196983337403,8.644642835961767e-05,83,0.0071750535538482665
10-240-01546,BIHAR,Arwal,Kurtha,0,0,,611,10,1546,,71585.17106640573,106433073.5354984,0.00013500196983337403,0.00010219684209774704,78,0.007971353683624269
10-224-01334,BIHAR,Bhagalpur,Gopalpur,0,0,,192,10,1334,,95407.9186210158,208941966.91883087,0.0,0.0,153,0.0
10-210-01127,BIHAR,Kishanganj,Kishanganj,0,0,,203,10,1127,,125268.33771117091,207105687.55921903,0.0,0.0,152,0.0
10-206-01064,BIHAR,Sitamarhi,Suppi,0,0,,221,10,1064,,71084.15120823232,92250451.53846286,0.0,0.0,66,0.0
10-234-01463,BIHAR,Rohtas,Nasriganj,0,0,,215,10,1463,,90034.07903274363,167356919.18355417,0.000573471628189087,0.0005592858407435342,126,0.0704700159336853
10-234-01464,BIHAR,Rohtas,Rajpur,0,0,,215,10,1464,,68660.48684625747,85633596.4997788,0.0005616946369552613,0.0005616946369552613,63,0.03538676212818146
10-234-01465,BIHAR,Rohtas,Sanjhauli,0,0,,215,10,1465,,56591.722358052,83833486.39015438,0.0006069895201873779,0.0005983619233812604,63,0.037696801173019406
10-203-01023,BIHAR,Pashchim Champaran,Thakrahan,0,0,,211,10,1023,,79847.09402015881,199004696.79409248,0.0,0.0,145,0.0
10-204-01054,BIHAR,Purbi Champaran,Phenhara,0,0,,213,10,1054,,44565.43736457999,67645025.94776015,0.0,0.0,51,0.0
10-219-01262,BIHAR,Saran,Maker,0,0,,218,10,1262,,62357.8736467211,96585777.9808088,0.0,0.0,71,0.0
10-220-01282,BIHAR,Vaishali,Sahdai Buzurg,0,0,,224,10,1282,,74546.65030748869,114161677.3631406,0.0,0.0,84,0.0
10-229-01388,BIHAR,Nalanda,Tharthari,0,0,,209,10,1388,,71853.42144919158,77411758.12428828,0.0003884276580810547,0.0003754549464896873,54,0.020274567110443113
10-229-01389,BIHAR,Nalanda,Parbalpur,0,0,,209,10,1389,,54466.2339431045,76043839.88376136,0.0003884276580810547,0.0003660894429683685,56,0.020501008806228637
10-203-01022,BIHAR,Pashchim Champaran,Bhitaha,0,0,,211,10,1022,,72626.86760213553,166969906.7472905,0.0,0.0,117,0.0
10-203-01013,BIHAR,Pashchim Champaran,Sidhaw,0,0,,211,10,1013,,195582.3602130639,1085337194.6715722,0.0,0.0,781,0.0
10-203-01014,BIHAR,Pashchim Champaran,Ramnagar,0,0,,211,10,1014,,230865.78384139363,866139404.2451236,0.0,0.0,621,0.0
10-203-01015,BIHAR,Pashchim Champaran,Gaunaha,0,0,,211,10,1015,,136504.94021895694,605322845.3823951,0.0,0.0,441,0.0
10-203-01016,BIHAR,Pashchim Champaran,Mainatanr,0,0,,211,10,1016,,115419.13930249632,312998546.4010918,0.0,0.0,221,0.0
10-203-01017,BIHAR,Pashchim Champaran,Narkatiaganj,0,0,,211,10,1017,,149144.20649331805,441857686.2127825,0.0,0.0,314,0.0
10-203-01018,BIHAR,Pashchim Champaran,Lauriya,0,0,,211,10,1018,,120853.32018665274,255440417.54612216,0.0,0.0,183,0.0
10-203-01019,BIHAR,Pashchim Champaran,Bagaha,0,0,,211,10,1019,,135587.24079810514,491292931.53180623,0.0,0.0,352,0.0
10-203-01021,BIHAR,Pashchim Champaran,Madhubani,0,0,,211,10,1021,,144670.82201821523,386116138.1353823,0.0,0.0,276,0.0
10-203-01024,BIHAR,Pashchim Champaran,Jogapatti,0,0,,211,10,1024,,88530.23644360513,258722436.3759333,0.0,0.0,186,0.0
10-203-01029,BIHAR,Pashchim Champaran,Bairia,0,0,,211,10,1029,,105039.82861382668,288505226.87341565,0.0,0.0,208,0.0
10-203-01025,BIHAR,Pashchim Champaran,Chanpatia,0,0,,211,10,1025,,113543.7602983494,310017349.34780717,0.0,0.0,226,0.0
10-206-01071,BIHAR,Sitamarhi,Parsauni,0,0,,221,10,1071,,63729.135625112256,74724139.64418457,0.0,0.0,55,0.0
10-203-01026,BIHAR,Pashchim Champaran,Sikta,0,0,,211,10,1026,,93443.22825707054,255004178.86147365,0.0,0.0,183,0.0
10-203-01027,BIHAR,Pashchim Champaran,Majhaulia,0,0,,211,10,1027,,123374.4030721297,371511179.15939575,0.0,0.0,265,0.0
10-203-01028,BIHAR,Pashchim Champaran,Bettiah,0,0,,211,10,1028,,53968.26030594324,83182055.35378212,0.0,0.0,59,0.0
10-203-01030,BIHAR,Pashchim Champaran,Nautan,0,0,,211,10,1030,,122656.63983711715,245738630.13883996,0.0,0.0,171,0.0
10-204-01031,BIHAR,Purbi Champaran,Raxaul,0,0,,213,10,1031,,98709.78801801558,166685360.13968688,0.0,0.0,124,0.0
10-206-01072,BIHAR,Sitamarhi,Belsand,0,0,,221,10,1072,,66235.5873217276,97354060.86547032,0.0,0.0,70,0.0
10-206-01073,BIHAR,Sitamarhi,Runisaidpur,0,0,,221,10,1073,,152472.54206325076,334873257.0825382,0.0,0.0,243,0.0
10-204-01032,BIHAR,Purbi Champaran,Adapur,0,0,,213,10,1032,,94532.37688292323,199608924.7111849,0.0,0.0,148,0.0
10-206-01074,BIHAR,Sitamarhi,Dumra,0,0,,221,10,1074,,111649.34177378344,241159212.36062923,0.0,0.0,178,0.0
10-204-01033,BIHAR,Purbi Champaran,Ramgarhwa,0,0,,213,10,1033,,90718.26831189607,213035907.5226096,0.0,0.0,154,0.0
10-204-01034,BIHAR,Purbi Champaran,Sugauli,0,0,,213,10,1034,,84892.41923436844,209336830.19001696,0.0,0.0,149,0.0
10-204-01038,BIHAR,Purbi Champaran,Ghorasahan,0,0,,213,10,1038,,75335.10865687576,144368243.47105,0.0,0.0,104,0.0
10-204-01035,BIHAR,Purbi Champaran,Banjaria,0,0,,213,10,1035,,102381.40449613356,176960195.87167916,0.0,0.0,124,0.0
10-204-01047,BIHAR,Purbi Champaran,Kesaria,0,0,,213,10,1047,,87546.8206889307,229535442.11688668,0.0,0.0,168,0.0
10-204-01036,BIHAR,Purbi Champaran,Narkatia,0,0,,213,10,1036,,105607.09704406632,168338010.30978012,0.0,0.0,120,0.0
10-204-01037,BIHAR,Purbi Champaran,Bankatwa,0,0,,213,10,1037,,99233.37216886049,115311013.90225838,0.0,0.0,82,0.0
10-204-01039,BIHAR,Purbi Champaran,Dhaka,0,0,,213,10,1039,,97673.73467814895,202386545.86227983,0.0,0.0,145,0.0
10-204-01048,BIHAR,Purbi Champaran,Kalyanpur,0,0,,213,10,1048,,109413.20044555076,313300912.50613195,0.0,0.0,230,0.0
10-204-01040,BIHAR,Purbi Champaran,Chiraia,0,0,,213,10,1040,,110764.71696779084,272984575.32652414,0.0,0.0,199,0.0
10-204-01041,BIHAR,Purbi Champaran,Motihari,0,0,,213,10,1041,,181544.26702654368,319814691.13850176,0.0,0.0,241,0.0
10-204-01049,BIHAR,Purbi Champaran,Kotwa,0,0,,213,10,1049,,78879.98205471091,178282937.71225017,0.0,0.0,126,0.0
10-204-01042,BIHAR,Purbi Champaran,Turkaulia,0,0,,213,10,1042,,99475.78497366334,174748315.94966665,0.0,0.0,130,0.0
10-204-01050,BIHAR,Purbi Champaran,Piprakothi,0,0,,213,10,1050,,58369.33889310607,62223774.49301849,0.0,0.0,45,0.0
10-204-01043,BIHAR,Purbi Champaran,Harsidhi,0,0,,213,10,1043,,133904.34238337883,240218359.62130272,0.0,0.0,173,0.0
10-204-01044,BIHAR,Purbi Champaran,Paharpur,0,0,,213,10,1044,,108730.62076802726,192061375.0173064,0.0,0.0,144,0.0
10-204-01045,BIHAR,Purbi Champaran,Areraj,0,0,,213,10,1045,,93331.67353690567,242725576.26244012,0.0,0.0,174,0.0
10-204-01046,BIHAR,Purbi Champaran,Sangrampur,0,0,,213,10,1046,,78133.67961210197,187659878.02718252,0.0,0.0,133,0.0
10-204-01051,BIHAR,Purbi Champaran,Chakia(Pipra),0,0,,213,10,1051,,129110.66914194856,212940547.80779588,0.0,0.0,145,0.0
10-204-01052,BIHAR,Purbi Champaran,Pakri Dayal,0,0,,213,10,1052,,90143.40730437863,148110040.62869397,0.0,0.0,106,0.0
10-204-01053,BIHAR,Purbi Champaran,Patahi,0,0,,213,10,1053,,85994.51677214028,144960443.14880535,0.0,0.0,100,0.0
10-204-01055,BIHAR,Purbi Champaran,Madhuban,0,0,,213,10,1055,,112681.00006095257,152424272.44650427,0.0,0.0,114,0.0
10-204-01056,BIHAR,Purbi Champaran,Tetaria,0,0,,213,10,1056,,82320.72754353678,104458405.63845472,0.0,0.0,74,0.0
10-205-01058,BIHAR,Sheohar,Purnahiya,0,0,,220,10,1058,,57294.126150412616,80859097.14068061,0.0,0.0,59,0.0
10-204-01057,BIHAR,Purbi Champaran,Mehsi,0,0,,213,10,1057,,125063.78039343117,149773808.08158112,0.0,0.0,108,0.0
10-205-01059,BIHAR,Sheohar,Piprarhi,0,0,,220,10,1059,,105870.45511307275,104265216.9562483,0.0,0.0,77,0.0
10-205-01060,BIHAR,Sheohar,Sheohar,0,0,,220,10,1060,,81007.5322908237,115638983.35873616,0.0,0.0,83,0.0
10-205-01061,BIHAR,Sheohar,Dumri Katsari,0,0,,220,10,1061,,65038.65439014734,84655470.24819931,0.0,0.0,59,0.0
10-205-01062,BIHAR,Sheohar,Tariani Chowk,0,0,,220,10,1062,,97491.22869259815,171878914.60720828,0.0,0.0,126,0.0
10-206-01063,BIHAR,Sitamarhi,Bairgania,0,0,,221,10,1063,,59598.621146511534,94417571.99630062,0.0,0.0,70,0.0
10-206-01065,BIHAR,Sitamarhi,Majorganj,0,0,,221,10,1065,,62808.55729710282,95411217.42446172,0.0,0.0,68,0.0
10-206-01066,BIHAR,Sitamarhi,Sonbarsa,0,0,,221,10,1066,,92820.94699371175,224104085.6083578,0.0,0.0,155,0.0
10-206-01067,BIHAR,Sitamarhi,Parihar,0,0,,221,10,1067,,86838.20299610356,272812569.4060281,0.0,0.0,197,0.0
10-207-01095,BIHAR,Madhubani,Rajnagar,0,0,,206,10,1095,,78809.12744912357,223111125.2667772,0.0,0.0,158,0.0
10-206-01068,BIHAR,Sitamarhi,Sursand,0,0,,221,10,1068,,91215.71647520129,181412871.1123928,0.0,0.0,134,0.0
10-206-01069,BIHAR,Sitamarhi,Bathnaha,0,0,,221,10,1069,,120764.04051803834,251403523.12922087,0.0,0.0,185,0.0
10-206-01070,BIHAR,Sitamarhi,Riga,0,0,,221,10,1070,,129433.73210860479,163724219.02092636,0.0,0.0,114,0.0
10-210-01123,BIHAR,Kishanganj,Thakurganj,0,0,,203,10,1123,,224971.2940646554,491161543.46963537,0.0,0.0,353,0.0
10-210-01124,BIHAR,Kishanganj,Pothia,0,0,,203,10,1124,,167388.9118766352,443844792.4531903,0.0,0.0,321,0.0
10-210-01125,BIHAR,Kishanganj,Bahadurganj,0,0,,203,10,1125,,155296.13881782343,347494200.8377232,0.0,0.0,251,0.0
10-210-01126,BIHAR,Kishanganj,Kochadhamin,0,0,,203,10,1126,,139640.52665725534,360840233.8364798,0.0,0.0,258,0.0
10-211-01128,BIHAR,Purnia,Banmankhi,0,0,,214,10,1128,,142815.61519736593,459936087.34673214,0.0,0.0,333,0.0
10-206-01075,BIHAR,Sitamarhi,Bajpatti,0,0,,221,10,1075,,90407.29439213518,174303329.1783474,0.0,0.0,125,0.0
10-206-01076,BIHAR,Sitamarhi,Charaut,0,0,,221,10,1076,,85128.15752493152,91349700.81924292,0.0,0.0,62,0.0
10-206-01077,BIHAR,Sitamarhi,Pupri,0,0,,221,10,1077,,73992.24203369493,115338203.66308306,0.0,0.0,82,0.0
10-206-01078,BIHAR,Sitamarhi,Nanpur,0,0,,221,10,1078,,73315.01223618646,135892566.9983101,0.0,0.0,100,0.0
10-220-01283,BIHAR,Vaishali,Mahnar,0,0,,224,10,1283,,81638.1139853176,126474580.44313861,0.0,0.0,89,0.0
10-206-01079,BIHAR,Sitamarhi,Bokhara,0,0,,221,10,1079,,81978.13188098712,108574895.39827529,0.0,0.0,79,0.0
10-207-01080,BIHAR,Madhubani,Madhwapur,0,0,,206,10,1080,,88808.76172423853,137557654.90878707,0.0,0.0,103,0.0
10-207-01081,BIHAR,Madhubani,Harlakhi,0,0,,206,10,1081,,90217.76640094945,187441757.00046396,0.0,0.0,138,0.0
10-207-01082,BIHAR,Madhubani,Basopatti,0,0,,206,10,1082,,97634.90682970545,164238774.4639331,0.0,0.0,122,0.0
10-207-01089,BIHAR,Madhubani,Khajauli,0,0,,206,10,1089,,91171.28062794723,150968724.81279027,0.0,0.0,108,0.0
10-207-01083,BIHAR,Madhubani,Jainagar,0,0,,206,10,1083,,81489.61423509955,161880108.8306139,0.0,0.0,115,0.0
10-207-01090,BIHAR,Madhubani,Kaluahi,0,0,,206,10,1090,,62305.281593423286,101560283.08963235,0.0,0.0,75,0.0
10-207-01084,BIHAR,Madhubani,Ladania,0,0,,206,10,1084,,97928.14946240213,232665607.5684243,0.0,0.0,164,0.0
10-207-01085,BIHAR,Madhubani,Laukaha,0,0,,206,10,1085,,102032.19667129294,266340932.00179368,0.0,0.0,197,0.0
10-207-01086,BIHAR,Madhubani,Laukahi,0,0,,206,10,1086,,109679.24973352649,329223432.564553,0.0,0.0,237,0.0
10-207-01087,BIHAR,Madhubani,Phulparas,0,0,,206,10,1087,,117974.41186319289,199352334.8677591,0.0,0.0,140,0.0
10-207-01088,BIHAR,Madhubani,Babubarhi,0,0,,206,10,1088,,118996.04641992833,237192379.86086744,0.0,0.0,174,0.0
10-207-01091,BIHAR,Madhubani,Benipatti,0,0,,206,10,1091,,128414.2409747215,328987645.9449377,0.0,0.0,231,0.0
10-207-01092,BIHAR,Madhubani,Bisfi,0,0,,206,10,1092,,99754.46134559005,226192948.413646,0.0,0.0,165,0.0
10-207-01093,BIHAR,Madhubani,Madhubani,0,0,,206,10,1093,,109764.71764889831,200359220.56727448,0.0,0.0,142,0.0
10-207-01094,BIHAR,Madhubani,Pandaul,0,0,,206,10,1094,,102372.75527307783,208327489.63825428,0.0,0.0,148,0.0
10-207-01096,BIHAR,Madhubani,Andhratharhi,0,0,,206,10,1096,,97300.5167595078,186769445.10608673,0.0,0.0,134,0.0
10-207-01097,BIHAR,Madhubani,Jhanjharpur,0,0,,206,10,1097,,125261.96837896874,181284371.95402232,0.0,0.0,132,0.0
10-207-01098,BIHAR,Madhubani,Ghoghardiha,0,0,,206,10,1098,,114215.40677637524,211228851.4219488,0.0,0.0,159,0.0
10-207-01099,BIHAR,Madhubani,Lakhnaur,0,0,,206,10,1099,,72956.74167609161,146945623.14022,0.0,0.0,110,0.0
10-207-01100,BIHAR,Madhubani,Madhepur,0,0,,206,10,1100,,144505.38034518834,300452948.5687113,0.0,0.0,212,0.0
10-208-01101,BIHAR,Supaul,Nirmali,0,0,,223,10,1101,,123310.21889922836,162734364.67066902,0.0,0.0,118,0.0
10-208-01102,BIHAR,Supaul,Basantpur,0,0,,223,10,1102,,136288.63693043106,319456339.75100917,0.0,0.0,228,0.0
10-208-01103,BIHAR,Supaul,Chhatapur,0,0,,223,10,1103,,142271.17176584958,398825687.2446475,0.0,0.0,285,0.0
10-208-01104,BIHAR,Supaul,Pratapganj,0,0,,223,10,1104,,71155.69013184242,133032565.19323792,0.0,0.0,97,0.0
10-208-01105,BIHAR,Supaul,Raghopur,0,0,,223,10,1105,,111831.20983491397,255841046.48838165,0.0,0.0,187,0.0
10-221-01285,BIHAR,Samastipur,Warisnagar,0,0,,217,10,1285,,90241.30323013186,163846086.5162723,0.0,0.0,120,0.0
10-208-01106,BIHAR,Supaul,Saraigarh Bhaptiyahi,0,0,,223,10,1106,,105489.5116383213,257042943.27229512,0.0,0.0,189,0.0
10-208-01107,BIHAR,Supaul,Kishanpur,0,0,,223,10,1107,,125516.73810076228,248613546.3002807,0.0,0.0,177,0.0
10-208-01108,BIHAR,Supaul,Marauna,0,0,,223,10,1108,,114969.59778192453,206419565.01179272,0.0,0.0,149,0.0
10-208-01109,BIHAR,Supaul,Supaul,0,0,,223,10,1109,,122628.008173687,390920691.5720901,0.0,0.0,287,0.0
10-208-01110,BIHAR,Supaul,Pipra,0,0,,223,10,1110,,113516.78657800167,247320462.25611627,0.0,0.0,181,0.0
10-221-01287,BIHAR,Samastipur,Khanpur,0,0,,217,10,1287,,89337.20668890505,173313349.37261373,0.0,0.0,127,0.0
10-208-01111,BIHAR,Supaul,Tribeniganj,0,0,,223,10,1111,,136684.8917573132,402291551.99740016,0.0,0.0,290,0.0
10-209-01112,BIHAR,Araria,Narpatganj,0,0,,188,10,1112,,196352.82868709194,482872068.7863751,0.0,0.0,351,0.0
10-209-01113,BIHAR,Araria,Forbesganj,0,0,,188,10,1113,,165874.55860340688,546946456.996027,0.0,0.0,392,0.0
10-209-01114,BIHAR,Araria,Bhargama,0,0,,188,10,1114,,140909.75235341018,280499778.1128878,0.0,0.0,206,0.0
10-209-01115,BIHAR,Araria,Raniganj,0,0,,188,10,1115,,160625.61646677545,576910744.770993,0.0,0.0,418,0.0
10-209-01116,BIHAR,Araria,Araria,0,0,,188,10,1116,,192057.15187743204,506918787.2643526,0.0,0.0,371,0.0
10-209-01117,BIHAR,Araria,Kursakatta,0,0,,188,10,1117,,96566.38525637137,201032230.408231,0.0,0.0,147,0.0
10-209-01118,BIHAR,Araria,Sikti,0,0,,188,10,1118,,116798.35346995249,237753016.2819182,0.0,0.0,177,0.0
10-209-01119,BIHAR,Araria,Palasi,0,0,,188,10,1119,,132578.70192307016,306240761.34804773,0.0,0.0,222,0.0
10-209-01120,BIHAR,Araria,Jokihat,0,0,,188,10,1120,,155370.9524619173,341005127.7602247,0.0,0.0,246,0.0
10-210-01121,BIHAR,Kishanganj,Terhagachh,0,0,,203,10,1121,,121953.02658094271,245208326.38245347,0.0,0.0,175,0.0
10-210-01122,BIHAR,Kishanganj,Dighalbank,0,0,,203,10,1122,,147432.83262190674,314385668.4331173,0.0,0.0,224,0.0
10-211-01129,BIHAR,Purnia,Barhara,0,0,,214,10,1129,,111073.17449432175,288009141.38478667,0.0,0.0,212,0.0
10-211-01130,BIHAR,Purnia,Bhawanipur,0,0,,214,10,1130,,116656.34435182877,201938838.4795833,0.0,0.0,147,0.0
10-211-01131,BIHAR,Purnia,Rupauli,0,0,,214,10,1131,,113946.660566684,308195114.8462847,0.0,0.0,227,0.0
10-211-01132,BIHAR,Purnia,Dhamdaha,0,0,,214,10,1132,,135370.01293426772,446856166.039676,0.0,0.0,326,0.0
10-211-01133,BIHAR,Purnia,Krityanand Nagar,0,0,,214,10,1133,,149407.41850079046,364443041.21247435,0.0,0.0,274,0.0
10-211-01134,BIHAR,Purnia,Purnia East,0,0,,214,10,1134,,127662.13358515713,309272824.56310594,0.0,0.0,228,0.0
10-211-01135,BIHAR,Purnia,Kasba,0,0,,214,10,1135,,130095.64608516233,215123054.3424731,0.0,0.0,154,0.0
10-211-01136,BIHAR,Purnia,Srinagar,0,0,,214,10,1136,,106220.57404900706,172405807.6412187,0.0,0.0,122,0.0
10-211-01137,BIHAR,Purnia,Jalalgarh,0,0,,214,10,1137,,87146.39992638786,142107808.6772385,0.0,0.0,102,0.0
10-211-01138,BIHAR,Purnia,Amour,0,0,,214,10,1138,,141371.93624621196,307011870.96961224,0.0,0.0,225,0.0
10-211-01139,BIHAR,Purnia,Baisa,0,0,,214,10,1139,,132173.35304950457,275191667.549805,0.0,0.0,197,0.0
10-211-01140,BIHAR,Purnia,Baisi,0,0,,214,10,1140,,118169.54825440844,253873549.02719215,0.0,0.0,187,0.0
10-211-01141,BIHAR,Purnia,Dagarua,0,0,,214,10,1141,,129309.28146976323,257465778.6329552,0.0,0.0,180,0.0
10-212-01142,BIHAR,Katihar,Falka,0,0,,201,10,1142,,100518.70580952488,208374539.8829749,0.0,0.0,150,0.0
10-212-01143,BIHAR,Katihar,Korha,0,0,,201,10,1143,,137118.64195203967,368801327.90483874,0.0,0.0,273,0.0
10-212-01144,BIHAR,Katihar,Hasanganj,0,0,,201,10,1144,,78227.29832785497,86155111.41022065,0.0,0.0,62,0.0
10-212-01145,BIHAR,Katihar,Kadwa,0,0,,201,10,1145,,157692.68144088247,420129854.10490626,0.0,0.0,307,0.0
10-212-01146,BIHAR,Katihar,Balrampur,0,0,,201,10,1146,,141815.18317465586,216253207.31133217,0.0,0.0,151,0.0
10-212-01147,BIHAR,Katihar,Barsoi,0,0,,201,10,1147,,172308.8160052511,357713388.6445612,0.0,0.0,261,0.0
10-212-01148,BIHAR,Katihar,Azamnagar,0,0,,201,10,1148,,141791.77759222616,349759708.1212404,0.0,0.0,253,0.0
10-221-01290,BIHAR,Samastipur,Tajpur,0,0,,217,10,1290,,57166.77792153786,83856612.1105223,0.0,0.0,61,0.0
10-212-01149,BIHAR,Katihar,Pranpur,0,0,,201,10,1149,,111803.70370561493,191475637.62126103,0.0,0.0,141,0.0
10-212-01150,BIHAR,Katihar,Dandkhora,0,0,,201,10,1150,,70987.07501110679,111201189.06340708,0.0,0.0,81,0.0
10-212-01151,BIHAR,Katihar,Katihar,0,0,,201,10,1151,,76845.81968857624,136830037.77828172,0.0,0.0,100,0.0
10-212-01152,BIHAR,Katihar,Mansahi,0,0,,201,10,1152,,73279.06289841712,97405011.1871763,0.0,0.0,73,0.0
10-212-01155,BIHAR,Katihar,Kursela,0,0,,201,10,1155,,80348.39413748268,153683091.52761996,0.0,0.0,117,0.0
10-212-01153,BIHAR,Katihar,Barari,0,0,,201,10,1153,,107333.93297446336,407446973.1478653,0.0,0.0,292,0.0
10-212-01154,BIHAR,Katihar,Sameli,0,0,,201,10,1154,,75105.36277909,118027198.2496544,0.0,0.0,81,0.0
10-212-01156,BIHAR,Katihar,Manihari,0,0,,201,10,1156,,130162.81635074862,303859830.4099729,0.0,0.0,221,0.0
10-212-01157,BIHAR,Katihar,Amdabad,0,0,,201,10,1157,,103742.71814675455,228302986.79665467,0.0,0.0,164,0.0
10-213-01158,BIHAR,Madhepura,Gamharia,0,0,,205,10,1158,,80141.00377515821,125479849.27382244,0.0,0.0,89,0.0
10-213-01160,BIHAR,Madhepura,Ghailarh,0,0,,205,10,1160,,78865.70647224285,116219722.2388165,0.0,0.0,83,0.0
10-213-01159,BIHAR,Madhepura,Singheshwar,0,0,,205,10,1159,,111627.30849980874,111167268.35246354,0.0,0.0,78,0.0
10-216-01210,BIHAR,Muzaffarpur,Bandra,0,0,,208,10,1210,,74293.85759884378,142020443.31484023,0.0,0.0,103,0.0
10-213-01161,BIHAR,Madhepura,Madhepura,0,0,,205,10,1161,,115084.47931226583,237801277.85767865,0.0,0.0,175,0.0
10-213-01162,BIHAR,Madhepura,Shankarpur,0,0,,205,10,1162,,63984.56408470212,128790837.874554,0.0,0.0,94,0.0
10-213-01163,BIHAR,Madhepura,Kumarkhand,0,0,,205,10,1163,,118191.24796123093,316976886.68211347,0.0,0.0,230,0.0
10-213-01164,BIHAR,Madhepura,Murliganj,0,0,,205,10,1164,,94211.11378994165,247086114.21145928,0.0,0.0,179,0.0
10-221-01293,BIHAR,Samastipur,Mohanpur,0,0,,217,10,1293,,74468.46489139357,163000016.77407515,0.0,0.0,120,0.0
10-213-01165,BIHAR,Madhepura,Gwalpara,0,0,,205,10,1165,,78037.2495556277,147267353.58482873,0.0,0.0,109,0.0
10-214-01172,BIHAR,Saharsa,Satar Kataiya,0,0,,216,10,1172,,77878.75925155886,177382280.64763528,0.0,0.0,130,0.0
10-213-01166,BIHAR,Madhepura,Bihariganj,0,0,,205,10,1166,,79669.40805645821,133818744.70956944,0.0,0.0,98,0.0
10-216-01211,BIHAR,Muzaffarpur,Dholi (Moraul),0,0,,208,10,1211,,63030.361633940505,73298422.6275262,0.0,0.0,50,0.0
10-213-01167,BIHAR,Madhepura,Kishanganj,0,0,,205,10,1167,,99817.47531025465,188055937.5971522,0.0,0.0,133,0.0
10-216-01212,BIHAR,Muzaffarpur,Musahri,0,0,,208,10,1212,,211487.75457487197,365415439.5943066,0.0,0.0,267,0.0
10-213-01168,BIHAR,Madhepura,Puraini,0,0,,205,10,1168,,63416.842365887525,103114850.3546553,0.0,0.0,76,0.0
10-214-01174,BIHAR,Saharsa,Kahara,0,0,,216,10,1174,,81070.16203244023,176788302.3737116,0.0,0.0,128,0.0
10-213-01169,BIHAR,Madhepura,Alamnagar,0,0,,205,10,1169,,94357.42058114092,211989804.11375904,0.0,0.0,151,0.0
10-213-01170,BIHAR,Madhepura,Chausa,0,0,,205,10,1170,,87285.75133964,172516848.53860697,0.0,0.0,124,0.0
10-214-01171,BIHAR,Saharsa,Nauhatta,0,0,,216,10,1171,,93228.84620468391,212763144.21707585,0.0,0.0,151,0.0
10-217-01227,BIHAR,Gopalganj,Sidhwalia,0,0,,197,10,1227,,69457.48217743407,152022198.31601515,0.0,0.0,109,0.0
10-214-01173,BIHAR,Saharsa,Mahishi,0,0,,216,10,1173,,106372.46434789852,273075178.2794974,0.0,0.0,195,0.0
10-214-01175,BIHAR,Saharsa,Saur Bazar,0,0,,216,10,1175,,88121.22998090234,233228921.9025612,0.0,0.0,171,0.0
10-214-01176,BIHAR,Saharsa,Patarghat,0,0,,216,10,1176,,67497.21582029684,149681422.04156074,0.0,0.0,105,0.0
10-214-01177,BIHAR,Saharsa,Sonbarsa,0,0,,216,10,1177,,90185.02153799882,263952116.041209,0.0,0.0,193,0.0
10-216-01199,BIHAR,Muzaffarpur,Sahebganj,0,0,,208,10,1199,,80060.99972290538,253055918.70266867,0.0,0.0,189,0.0
10-214-01178,BIHAR,Saharsa,Simri Bakhtiarpur,0,0,,216,10,1178,,119116.35548129058,266466354.66217396,0.0,0.0,194,0.0
10-214-01179,BIHAR,Saharsa,Salkhua,0,0,,216,10,1179,,82412.26684571667,221182533.93573853,0.0,0.0,163,0.0
10-214-01180,BIHAR,Saharsa,Banma Itahri,0,0,,216,10,1180,,54286.501575749484,92822449.4552088,0.0,0.0,68,0.0
10-215-01181,BIHAR,Darbhanga,Jale,0,0,,195,10,1181,,112473.57051363293,234172285.01568127,0.0,0.0,171,0.0
10-215-01182,BIHAR,Darbhanga,Singhwara,0,0,,195,10,1182,,121368.62688362494,223279889.67870736,0.0,0.0,162,0.0
10-215-01183,BIHAR,Darbhanga,Keotiranway,0,0,,195,10,1183,,89515.08566239705,180205403.4644349,0.0,0.0,131,0.0
10-215-01184,BIHAR,Darbhanga,Darbhanga,0,0,,195,10,1184,,131883.04966973627,240721362.1475316,0.0,0.0,174,0.0
10-215-01185,BIHAR,Darbhanga,Manigachhi,0,0,,195,10,1185,,96856.01003306538,158887287.31255177,0.0,0.0,114,0.0
10-215-01186,BIHAR,Darbhanga,Tardih,0,0,,195,10,1186,,96398.42232606321,109520018.96976715,0.0,0.0,79,0.0
10-215-01187,BIHAR,Darbhanga,Alinagar,0,0,,195,10,1187,,105560.56246873255,146523357.5416611,0.0,0.0,105,0.0
10-215-01188,BIHAR,Darbhanga,Benipur,0,0,,195,10,1188,,118482.30854716274,204643530.87647069,0.0,0.0,150,0.0
10-215-01189,BIHAR,Darbhanga,Bahadurpur,0,0,,195,10,1189,,155637.00049509996,221161760.4253616,0.0,0.0,158,0.0
10-215-01190,BIHAR,Darbhanga,Hanumannagar,0,0,,195,10,1190,,114393.83215098479,181536916.32106537,0.0,0.0,130,0.0
10-215-01191,BIHAR,Darbhanga,Hayaghat,0,0,,195,10,1191,,66118.49929402806,108810529.75916524,0.0,0.0,77,0.0
10-215-01192,BIHAR,Darbhanga,Baheri,0,0,,195,10,1192,,128629.1579498372,271307286.95794886,0.0,0.0,195,0.0
10-215-01193,BIHAR,Darbhanga,Biraul,0,0,,195,10,1193,,135706.32971678255,230203939.26841983,0.0,0.0,167,0.0
10-215-01194,BIHAR,Darbhanga,Ghanshyampur,0,0,,195,10,1194,,76766.91373126305,103945643.9979024,0.0,0.0,78,0.0
10-215-01195,BIHAR,Darbhanga,Kiratpur,0,0,,195,10,1195,,78793.19278562842,78915927.53877336,0.0,0.0,60,0.0
10-215-01196,BIHAR,Darbhanga,Gora Bauram,0,0,,195,10,1196,,99804.03366816713,145653476.81698695,0.0,0.0,104,0.0
10-215-01197,BIHAR,Darbhanga,Kusheshwar Asthan,0,0,,195,10,1197,,87220.16498537568,144130520.9401011,0.0,0.0,107,0.0
10-215-01198,BIHAR,Darbhanga,Kusheshwar Asthan Purbi,0,0,,195,10,1198,,91858.86035222423,150084285.43545517,0.0,0.0,112,0.0
10-216-01200,BIHAR,Muzaffarpur,Baruraj (Motipur),0,0,,208,10,1200,,125110.13599018812,365259305.4740948,0.0,0.0,263,0.0
10-216-01201,BIHAR,Muzaffarpur,Paroo,0,0,,208,10,1201,,136934.87791145188,413033977.3448192,0.0,0.0,295,0.0
10-216-01202,BIHAR,Muzaffarpur,Saraiya,0,0,,208,10,1202,,155820.80051537574,301402655.1404849,0.0,0.0,218,0.0
10-216-01203,BIHAR,Muzaffarpur,Marwan,0,0,,208,10,1203,,84959.92762229654,138736310.53842777,0.0,0.0,101,0.0
10-216-01204,BIHAR,Muzaffarpur,Kanti,0,0,,208,10,1204,,97122.90469976026,124757584.36625764,0.0,0.0,91,0.0
10-216-01205,BIHAR,Muzaffarpur,Minapur,0,0,,208,10,1205,,166218.11946715685,316124209.98756105,0.0,0.0,228,0.0
10-216-01206,BIHAR,Muzaffarpur,Bochaha,0,0,,208,10,1206,,126044.68100944142,233148755.94160384,0.0,0.0,167,0.0
10-216-01207,BIHAR,Muzaffarpur,Aurai,0,0,,208,10,1207,,101267.16719990574,247748190.77792475,0.0,0.0,177,0.0
10-216-01208,BIHAR,Muzaffarpur,Katra,0,0,,208,10,1208,,118891.9342746819,235108975.17115793,0.0,0.0,171,0.0
10-216-01209,BIHAR,Muzaffarpur,Gaighat,0,0,,208,10,1209,,111008.49869520529,259762671.68662548,0.0,0.0,191,0.0
10-216-01213,BIHAR,Muzaffarpur,Kurhani,0,0,,208,10,1213,,108106.10574110712,256354911.2077163,0.0,0.0,187,0.0
10-216-01214,BIHAR,Muzaffarpur,Sakra,0,0,,208,10,1214,,105121.4777371614,236360031.18726787,0.0,0.0,175,0.0
10-217-01215,BIHAR,Gopalganj,Katiya,0,0,,197,10,1215,,94755.55253264701,158441587.458013,0.0002903707926940918,0.00022814847997392932,112,0.025552629757080083
10-217-01216,BIHAR,Gopalganj,Bijaipur,0,0,,197,10,1216,,81309.59717969262,163112176.36717936,0.0002903707926940918,0.0002903707926940918,120,0.03484449512329102
10-217-01217,BIHAR,Gopalganj,Bhorey,0,0,,197,10,1217,,78790.65552761848,196013266.46535653,0.0002903707926940918,0.00015123478786150616,144,0.021777809452056887
10-217-01218,BIHAR,Gopalganj,Pach Deuri,0,0,,197,10,1218,,53698.212932643866,118295317.11973979,0.0,0.0,85,0.0
10-217-01219,BIHAR,Gopalganj,Kuchaikote,0,0,,197,10,1219,,101077.28158428885,316078491.04748106,0.0,0.0,226,0.0
10-217-01220,BIHAR,Gopalganj,Phulwaria,0,0,,197,10,1220,,81339.22200232239,118763292.85091434,0.0,0.0,89,0.0
10-217-01221,BIHAR,Gopalganj,Hathua,0,0,,197,10,1221,,91546.96202775641,183613061.83342972,0.00039106781677246096,0.00025865902841643083,127,0.032849696608886716
10-217-01222,BIHAR,Gopalganj,Uchkagaon,0,0,,197,10,1222,,80102.93001981139,142235093.67043933,0.00039106781677246096,2.5825233183087044e-05,106,0.0027374747174072267
10-217-01223,BIHAR,Gopalganj,Thawe,0,0,,197,10,1223,,57244.55575246375,89300191.60424533,0.00039106781677246096,6.1104346370697025e-06,64,0.00039106781677246096
10-217-01224,BIHAR,Gopalganj,Gopalganj,0,0,,197,10,1224,,110313.13172782106,244420793.60160467,0.0,0.0,182,0.0
10-218-01232,BIHAR,Siwan,Goriakothi,0,0,,222,10,1232,,73201.39147651673,174963939.23516312,0.0,0.0,127,0.0
10-217-01225,BIHAR,Gopalganj,Manjha,0,0,,197,10,1225,,80242.78538873792,179389027.9828925,0.0,0.0,131,0.0
10-217-01226,BIHAR,Gopalganj,Barauli,0,0,,197,10,1226,,105754.79057670098,232227972.12586737,0.0,0.0,170,0.0
10-217-01228,BIHAR,Gopalganj,Baikunthpur,0,0,,197,10,1228,,97825.58906166903,256614409.24172768,0.0,0.0,185,0.0
10-218-01229,BIHAR,Siwan,Nautan,0,0,,222,10,1229,,58324.35348563096,81827813.66620097,0.00039106781677246096,0.00039106781677246096,58,0.022681933372802734
10-218-01230,BIHAR,Siwan,Siwan,0,0,,222,10,1230,,92599.06904644772,168879532.28230655,0.00039106781677246096,0.00035792647636801513,118,0.042235324211425784
10-218-01235,BIHAR,Siwan,Bhagwanpur Hat,0,0,,222,10,1235,,86430.4184146014,189582799.91524476,0.0003912744648742676,6.23770886031441e-05,138,0.008608038227233886
10-218-01231,BIHAR,Siwan,Barharia,0,0,,222,10,1231,,90315.6629531122,219606934.01516393,0.00039106781677246096,7.332521564483643e-06,160,0.0011732034503173828
10-218-01233,BIHAR,Siwan,Lakri Nabiganj,0,0,,222,10,1233,,79648.98713303795,120773104.6039552,0.0,0.0,88,0.0
10-218-01234,BIHAR,Siwan,Basantpur,0,0,,222,10,1234,,57871.378293950496,76675463.02480637,0.0,0.0,56,0.0
10-218-01236,BIHAR,Siwan,Maharajganj,0,0,,222,10,1236,,119387.58843212528,142817377.5161484,0.0003912744648742676,0.00014815246728248967,103,0.015259704130096436
10-218-01237,BIHAR,Siwan,Pachrukhi,0,0,,222,10,1237,,99183.2392802834,160709761.40986398,0.00039106781677246096,1.671229986207098e-05,117,0.0019553390838623046
10-218-01238,BIHAR,Siwan,Hussainganj,0,0,,222,10,1238,,68784.84800107122,105975934.30464326,0.00041080451980590824,0.0003498570637718407,74,0.025889422719116213
10-218-01239,BIHAR,Siwan,Ziradei,0,0,,222,10,1239,,98825.50869312549,152221780.48504183,0.00041080451980590824,0.00039124562490789743,111,0.04342826436477661
10-218-01240,BIHAR,Siwan,Mairwa,0,0,,222,10,1240,,65279.2242200428,88898123.37504825,0.00040043401130676273,0.0003914935528876564,66,0.025838574490585325
10-218-01242,BIHAR,Siwan,Darauli,0,0,,222,10,1242,,90305.00161970501,214758375.6239279,0.0005712929716491699,0.00042579237250592637,155,0.06599781773841859
10-218-01241,BIHAR,Siwan,Guthani,0,0,,222,10,1241,,78778.78773845347,115110806.99004474,0.00040043401130676273,0.0003997486799993748,82,0.032779391759948734
10-219-01248,BIHAR,Saran,Mashrakh,0,0,,218,10,1248,,82075.7710341599,165898243.02109933,0.0,0.0,121,0.0
10-218-01243,BIHAR,Siwan,Andar,0,0,,222,10,1243,,83358.60866933218,125625010.62434034,0.00041080451980590824,0.0004085359332503396,87,0.03554262619277954
10-219-01249,BIHAR,Saran,Panapur,0,0,,218,10,1249,,75875.09329534958,182360909.7404776,0.0,0.0,128,0.0
10-218-01244,BIHAR,Siwan,Raghunathpur,0,0,,222,10,1244,,87824.68008836384,193566358.3438411,0.00041080451980590824,0.00041080451980590824,143,0.05874504633224488
10-219-01250,BIHAR,Saran,Taraiya,0,0,,218,10,1250,,53629.0613522338,97307015.09151264,0.0,0.0,74,0.0
10-218-01245,BIHAR,Siwan,Hasanpura,0,0,,222,10,1245,,82786.09108287447,121956119.03175904,0.00041080451980590824,0.00039058553502049946,87,0.03398094154678345
10-219-01251,BIHAR,Saran,Ishupur,0,0,,218,10,1251,,62425.60798229613,109300191.56908256,0.0,0.0,76,0.0
10-218-01246,BIHAR,Siwan,Daraundha,0,0,,222,10,1246,,105400.53795370483,157911066.26165873,0.0003912744648742676,0.0003402386651080588,115,0.03912744648742676
10-219-01256,BIHAR,Saran,Jalalpur,0,0,,218,10,1256,,65042.73641147566,147549697.72689733,0.0004949566799163818,0.00010887031412124637,106,0.011540253296852114
10-218-01247,BIHAR,Siwan,Siswan,0,0,,222,10,1247,,98184.39847010886,155554872.77293277,0.00041080451980590824,0.00039708069742151216,111,0.04407595741378785
10-219-01259,BIHAR,Saran,Nagra,0,0,,218,10,1259,,43289.948409307304,65110006.46242106,0.0002631473765945435,0.00011197760706150788,47,0.00526294753189087
10-219-01252,BIHAR,Saran,Baniapur,0,0,,218,10,1252,,89199.8841803021,219417775.87250236,0.0003912744648742676,9.601827358877733e-06,163,0.0015650978594970704
10-219-01253,BIHAR,Saran,Lahladpur,0,0,,218,10,1253,,49287.19248841685,70233795.44130237,0.0003912744648742676,0.00021128821103210448,50,0.010564410551605225
10-219-01254,BIHAR,Saran,Ekma,0,0,,218,10,1254,,99716.17236158185,176114988.01319405,0.0003912744648742676,0.0003912744648742676,128,0.05008313150390625
10-219-01255,BIHAR,Saran,Manjhi,0,0,,218,10,1255,,127085.43562979231,244607530.98349065,0.0004949566799163818,0.0004121412100787693,180,0.07418541781417848
10-219-01257,BIHAR,Saran,Revelganj,0,0,,218,10,1257,,84877.1419542779,179359801.45379385,0.0004949566799163818,0.0002816921208602905,125,0.03521151510753632
10-219-01258,BIHAR,Saran,Chapra,0,0,,218,10,1258,,119729.94798472138,239470568.44351175,0.0002631473765945435,0.0002467006655573846,176,0.04341931713809968
10-219-01260,BIHAR,Saran,Marhaura,0,0,,218,10,1260,,87240.95030017926,190752130.05196184,0.0002631473765945435,7.683135083052365e-06,137,0.001052589506378174
10-219-01261,BIHAR,Saran,Amnour,0,0,,218,10,1261,,94922.90618840617,160109081.4065653,0.0002631473765945435,4.460125027026161e-06,118,0.000526294753189087
10-219-01263,BIHAR,Saran,Parsa,0,0,,218,10,1263,,85595.91054800974,122749042.93573296,0.0,0.0,88,0.0
10-219-01266,BIHAR,Saran,Dighwara,0,0,,218,10,1266,,81943.45164265168,101347015.6655549,0.0,0.0,72,0.0
10-219-01264,BIHAR,Saran,Dariapur,0,0,,218,10,1264,,115477.27251924115,281302380.67878103,0.0,0.0,202,0.0
10-219-01265,BIHAR,Saran,Garkha,0,0,,218,10,1265,,90147.74693968748,213336409.9887166,0.0002631473765945435,0.00013499118669460348,154,0.020788642750968936
10-220-01269,BIHAR,Vaishali,Paterhi Belsar,0,0,,224,10,1269,,56227.36197278124,93522597.26160131,0.0,0.0,69,0.0
10-219-01267,BIHAR,Saran,Sonepur,0,0,,218,10,1267,,70412.64000247594,214865144.18564072,0.0,0.0,162,0.0
10-220-01268,BIHAR,Vaishali,Vaishali,0,0,,224,10,1268,,72706.90824879723,158663399.21103516,0.0,0.0,114,0.0
10-220-01270,BIHAR,Vaishali,Lalganj,0,0,,224,10,1270,,89595.71916906572,184177988.41986412,0.0,0.0,133,0.0
10-221-01294,BIHAR,Samastipur,Mohiuddinagar,0,0,,217,10,1294,,80607.53716768604,178536106.2701614,0.0,0.0,130,0.0
10-220-01271,BIHAR,Vaishali,Bhagwanpur,0,0,,224,10,1271,,98965.72708266653,142473218.81446454,0.0,0.0,102,0.0
10-220-01272,BIHAR,Vaishali,Goraul,0,0,,224,10,1272,,101989.77906286377,122446101.92943335,0.0,0.0,87,0.0
10-220-01273,BIHAR,Vaishali,Chehra Kalan,0,0,,224,10,1273,,63204.34388206024,89818122.94593617,0.0,0.0,66,0.0
10-220-01277,BIHAR,Vaishali,Raja Pakar,0,0,,224,10,1277,,58946.08844196175,93673217.82917874,0.0,0.0,72,0.0
10-220-01274,BIHAR,Vaishali,Patepur,0,0,,224,10,1274,,118180.33822078991,317029999.71255994,0.0,0.0,234,0.0
10-220-01275,BIHAR,Vaishali,Mahua,0,0,,224,10,1275,,86273.82517515696,171155586.12447235,0.0,0.0,125,0.0
10-220-01276,BIHAR,Vaishali,Jandaha,0,0,,224,10,1276,,99044.76663725945,179891527.10359335,0.0,0.0,128,0.0
10-220-01278,BIHAR,Vaishali,Hajipur,0,0,,224,10,1278,,80048.24731377292,194916759.16986817,0.0,0.0,140,0.0
10-220-01280,BIHAR,Vaishali,Bidupur,0,0,,224,10,1280,,88122.3198685409,139375575.9420912,0.0,0.0,99,0.0
10-220-01279,BIHAR,Vaishali,Raghopur,0,0,,224,10,1279,,128641.49950069311,338499790.0832371,0.0,0.0,246,0.0
10-220-01281,BIHAR,Vaishali,Desri,0,0,,224,10,1281,,50183.809114488824,56627949.53624974,0.0,0.0,43,0.0
10-221-01284,BIHAR,Samastipur,Kalyanpur,0,0,,217,10,1284,,147387.26660455638,294821482.9966942,0.0,0.0,214,0.0
10-221-01286,BIHAR,Samastipur,Shivaji Nagar,0,0,,217,10,1286,,96209.25031894707,172333979.18990555,0.0,0.0,130,0.0
10-221-01288,BIHAR,Samastipur,Samastipur,0,0,,217,10,1288,,112474.97484539819,170577777.20953664,0.0,0.0,123,0.0
10-221-01289,BIHAR,Samastipur,Pusa,0,0,,217,10,1289,,64081.7615729533,95008289.7510354,0.0,0.0,65,0.0
10-221-01291,BIHAR,Samastipur,Morwa,0,0,,217,10,1291,,104551.97847793197,152111293.7773472,0.0,0.0,106,0.0
10-221-01292,BIHAR,Samastipur,Patori,0,0,,217,10,1292,,69422.25062895294,130638318.44440164,0.0,0.0,93,0.0
10-221-01295,BIHAR,Samastipur,Sarairanjan,0,0,,217,10,1295,,96463.23467310029,185572344.2706523,0.0,0.0,145,0.0
10-221-01296,BIHAR,Samastipur,Vidyapati Nagar,0,0,,217,10,1296,,62930.2690484309,106322816.42401849,0.0,0.0,75,0.0
10-221-01297,BIHAR,Samastipur,Dalsinghsarai,0,0,,217,10,1297,,80515.23552986495,118201268.21451648,0.0,0.0,89,0.0
10-221-01298,BIHAR,Samastipur,Ujiarpur,0,0,,217,10,1298,,81756.09445970641,209497824.1015558,0.0,0.0,149,0.0
10-221-01300,BIHAR,Samastipur,Rosera,0,0,,217,10,1300,,84599.34785899956,138535375.895554,0.0,0.0,97,0.0
10-221-01299,BIHAR,Samastipur,Bibhutpur,0,0,,217,10,1299,,96600.53522783429,258332531.194082,0.0,0.0,187,0.0
10-221-01301,BIHAR,Samastipur,Singhia,0,0,,217,10,1301,,76055.88015393679,178639507.67998633,0.0,0.0,128,0.0
10-222-01307,BIHAR,Begusarai,Cheria Bariarpur,0,0,,191,10,1307,,80422.0696045629,127840547.1243011,0.0,0.0,89,0.0
10-221-01302,BIHAR,Samastipur,Hasanpur,0,0,,217,10,1302,,122795.93417076243,188091095.39019313,0.0,0.0,138,0.0
10-221-01303,BIHAR,Samastipur,Bithan,0,0,,217,10,1303,,72838.55780104545,149849875.79630712,0.0,0.0,109,0.0
10-222-01304,BIHAR,Begusarai,Khudabandpur,0,0,,191,10,1304,,49522.71992212785,59617610.47663844,0.0,0.0,39,0.0
10-222-01305,BIHAR,Begusarai,Chhorahi,0,0,,191,10,1305,,96201.09768359947,128309829.49376953,0.0,0.0,94,0.0
10-222-01306,BIHAR,Begusarai,Garhpura,0,0,,191,10,1306,,69581.28073662621,88651595.91159394,0.0,0.0,68,0.0
10-222-01308,BIHAR,Begusarai,Bhagwanpur,0,0,,191,10,1308,,102620.52088176137,147276258.21886113,0.0,0.0,106,0.0
10-223-01324,BIHAR,Khagaria,Mansi,0,0,,202,10,1324,,70720.37786012898,86151878.56106131,0.0,0.0,69,0.0
10-222-01309,BIHAR,Begusarai,Mansurchak,0,0,,191,10,1309,,55538.61039021854,42158333.283958256,0.0,0.0,31,0.0
10-224-01333,BIHAR,Bhagalpur,Rangra Chowk,0,0,,192,10,1333,,56200.86409227388,97946271.45940188,0.0,0.0,71,0.0
10-222-01310,BIHAR,Begusarai,Bachhwara,0,0,,191,10,1310,,112893.55520851951,186501763.14040864,0.0,0.0,138,0.0
10-222-01311,BIHAR,Begusarai,Teghra,0,0,,191,10,1311,,93442.93751421869,180050069.66821858,0.0,0.0,129,0.0
10-222-01312,BIHAR,Begusarai,Barauni,0,0,,191,10,1312,,90573.71511882372,141812926.41245717,0.0,0.0,102,0.0
10-222-01313,BIHAR,Begusarai,Birpur,0,0,,191,10,1313,,69057.86510087451,64693086.30641256,0.0,0.0,53,0.0
10-222-01314,BIHAR,Begusarai,Begusarai,0,0,,191,10,1314,,114572.02827886646,273941103.5239774,0.0,0.0,200,0.0
10-222-01315,BIHAR,Begusarai,Naokothi,0,0,,191,10,1315,,61794.845266753924,91575422.87048158,0.0,0.0,64,0.0
10-222-01316,BIHAR,Begusarai,Bakhri,0,0,,191,10,1316,,74902.13049058078,94921186.04856166,0.0,0.0,66,0.0
10-222-01317,BIHAR,Begusarai,Dandari,0,0,,191,10,1317,,77075.31892237118,85364223.36403492,0.0,0.0,65,0.0
10-222-01318,BIHAR,Begusarai,Sahebpur Kamal,0,0,,191,10,1318,,97820.3506924087,179327758.1582562,0.0,0.0,131,0.0
10-222-01319,BIHAR,Begusarai,Balia,0,0,,191,10,1319,,95726.56851828664,181873531.04775092,0.0,0.0,133,0.0
10-222-01320,BIHAR,Begusarai,Matihani,0,0,,191,10,1320,,104199.58891726227,214311339.790948,0.0,0.0,157,0.0
10-222-01321,BIHAR,Begusarai,Shamho Akha Kurha,0,0,,191,10,1321,,47884.70174269599,82130306.58899558,0.0,0.0,58,0.0
10-223-01322,BIHAR,Khagaria,Alauli,0,0,,202,10,1322,,117176.16085281859,337532903.06560946,0.0,0.0,244,0.0
10-223-01323,BIHAR,Khagaria,Khagaria,0,0,,202,10,1323,,164255.4907534744,325761754.1557925,0.0,0.0,229,0.0
10-223-01325,BIHAR,Khagaria,Chautham,0,0,,202,10,1325,,88833.5659059585,205164632.7891582,0.0,0.0,148,0.0
10-228-01376,BIHAR,Sheikhpura,Chewara,0,0,,219,10,1376,,77279.14911837938,141385828.1075451,0.00029070464427948,0.00028409720670866735,103,0.029262012290992737
10-223-01326,BIHAR,Khagaria,Beldaur,0,0,,202,10,1326,,101449.44415348554,276820454.1841197,0.0,0.0,203,0.0
10-223-01327,BIHAR,Khagaria,Gogri,0,0,,202,10,1327,,109725.85953588395,321971045.3784509,0.0,0.0,231,0.0
10-223-01328,BIHAR,Khagaria,Parbatta,0,0,,202,10,1328,,89952.53209418767,286770838.53234714,0.0,0.0,215,0.0
10-224-01329,BIHAR,Bhagalpur,Narayanpur,0,0,,192,10,1329,,96964.50839109154,173637043.38008544,0.0,0.0,125,0.0
10-224-01330,BIHAR,Bhagalpur,Bihpur,0,0,,192,10,1330,,98960.16392998041,189427956.2070791,0.0,0.0,141,0.0
10-234-01472,BIHAR,Rohtas,Akorhi Gola,0,0,,215,10,1472,,71741.57946050014,124356844.03544964,0.0005616946369552613,0.0005616946369552613,94,0.05279929587379456
10-224-01331,BIHAR,Bhagalpur,Kharik,0,0,,192,10,1331,,103106.05203500649,169292223.68779984,0.0,0.0,125,0.0
10-224-01332,BIHAR,Bhagalpur,Naugachhia,0,0,,192,10,1332,,91833.23423872421,134223697.96961665,0.0,0.0,95,0.0
10-224-01335,BIHAR,Bhagalpur,Pirpainti,0,0,,192,10,1335,,138631.2255747686,411429376.6216011,0.0,0.0,294,0.0
10-224-01336,BIHAR,Bhagalpur,Kahalgaon,0,0,,192,10,1336,,128722.99744742387,352186242.20537144,0.0,0.0,255,0.0
10-224-01337,BIHAR,Bhagalpur,Ismailpur,0,0,,192,10,1337,,66332.03197363381,102752037.41138108,0.0,0.0,75,0.0
10-224-01338,BIHAR,Bhagalpur,Sabour,0,0,,192,10,1338,,85492.0541239663,141198925.34276122,0.0,0.0,102,0.0
10-226-01359,BIHAR,Munger,Dharhara,0,0,,207,10,1359,,105188.90103685112,355220468.750446,0.0,0.0,262,0.0
10-224-01339,BIHAR,Bhagalpur,Nathnagar,0,0,,192,10,1339,,105259.93673308079,163498377.60317266,0.0,0.0,117,0.0
10-226-01360,BIHAR,Munger,Kharagpur,0,0,,207,10,1360,,169586.30903503796,398589433.5102216,0.0,0.0,291,0.0
10-224-01340,BIHAR,Bhagalpur,Sultanganj,0,0,,192,10,1340,,139861.1879796442,266407467.3450057,0.0,0.0,198,0.0
10-224-01341,BIHAR,Bhagalpur,Shahkund,0,0,,192,10,1341,,93276.90256650816,208798734.37786233,0.0,0.0,153,0.0
10-224-01342,BIHAR,Bhagalpur,Goradih,0,0,,192,10,1342,,106918.08891287447,178026414.43832883,0.0,0.0,128,0.0
10-224-01343,BIHAR,Bhagalpur,Jagdishpur,0,0,,192,10,1343,,107045.71303668506,127447147.46016994,0.0,0.0,95,0.0
10-224-01344,BIHAR,Bhagalpur,Sonhaula,0,0,,192,10,1344,,84463.86530366821,214425428.57327408,0.0,0.0,160,0.0
10-225-01345,BIHAR,Banka,Shambhuganj,0,0,,190,10,1345,,85765.27415008907,217970788.89652416,0.0,0.0,157,0.0
10-225-01346,BIHAR,Banka,Amarpur,0,0,,190,10,1346,,98000.87839154692,234663534.19316816,0.0,0.0,176,0.0
10-225-01347,BIHAR,Banka,Rajaun,0,0,,190,10,1347,,86718.04358754268,242814641.5593075,0.0,0.0,179,0.0
10-226-01363,BIHAR,Munger,Tetiha Bambor,0,0,,207,10,1363,,73286.15332623897,95190725.80042528,0.0,0.0,70,0.0
10-225-01348,BIHAR,Banka,Dhuraiya,0,0,,190,10,1348,,106681.6377356153,285703540.38620996,0.0,0.0,208,0.0
10-225-01349,BIHAR,Banka,Barahat,0,0,,190,10,1349,,122910.23058217819,181202001.14064544,0.0,0.0,129,0.0
10-225-01350,BIHAR,Banka,Banka,0,0,,190,10,1350,,137083.07375503817,365153241.48788345,0.0,0.0,275,0.0
10-225-01351,BIHAR,Banka,Phulidumar,0,0,,190,10,1351,,117105.67306472127,248400685.45023423,0.0,0.0,176,0.0
10-225-01352,BIHAR,Banka,Belhar,0,0,,190,10,1352,,118426.40149548957,290570448.277483,0.00041452509246826173,4.261472913225121e-05,214,0.009119552034301759
10-225-01353,BIHAR,Banka,Chanan,0,0,,190,10,1353,,169565.08902723462,550876204.0147796,0.0005425131647491455,0.0002344166265530267,403,0.09446990050086976
10-225-01354,BIHAR,Banka,Katoria,0,0,,190,10,1354,,180268.89530762268,687665367.2781417,0.0004929761801147461,4.2227043316601764e-05,502,0.021197975744934084
10-225-01355,BIHAR,Banka,Bausi,0,0,,190,10,1355,,109314.78149810205,385846183.7170387,0.0,0.0,284,0.0
10-226-01356,BIHAR,Munger,Munger,0,0,,207,10,1356,,162390.1628928388,306519605.49277806,0.0,0.0,227,0.0
10-226-01357,BIHAR,Munger,Bariarpur,0,0,,207,10,1357,,122433.4478606843,198040113.63802013,0.0,0.0,143,0.0
10-226-01358,BIHAR,Munger,Jamalpur,0,0,,207,10,1358,,72817.19566814511,112971204.64248075,0.0,0.0,79,0.0
10-226-01361,BIHAR,Munger,Asarganj,0,0,,207,10,1361,,61173.52838786665,72491453.98190036,0.0,0.0,52,0.0
10-226-01362,BIHAR,Munger,Tarapur,0,0,,207,10,1362,,54416.57713098438,86962445.68425661,0.0,0.0,62,0.0
10-226-01364,BIHAR,Munger,Sangrampur,0,0,,207,10,1364,,71205.18318302365,105786037.21986651,0.0,0.0,80,0.0
10-227-01366,BIHAR,Lakhisarai,Pipariya,0,0,,204,10,1366,,87968.2901826016,106258171.87143916,0.0,0.0,76,0.0
10-227-01365,BIHAR,Lakhisarai,Barahiya,0,0,,204,10,1365,,95965.48426593257,248505135.43154767,0.0,0.0,179,0.0
10-227-01367,BIHAR,Lakhisarai,Surajgarha,0,0,,204,10,1367,,140312.1609931406,462726462.37366486,0.00032244890144348147,4.2677060485166664e-05,340,0.014510200564956666
10-227-01368,BIHAR,Lakhisarai,Lakhisarai,0,0,,204,10,1368,,117670.76745524361,181316338.94823277,0.00032244890144348147,3.1316524747403946e-05,133,0.004165097791404725
10-227-01369,BIHAR,Lakhisarai,Chanan*,0,0,,204,10,1369,,86014.87070350182,177670731.10250506,0.00032244890144348147,0.0002619897324228287,128,0.03353468575012207
10-228-01375,BIHAR,Sheikhpura,Ghat Kusumbha,0,0,,219,10,1375,,80592.24583619394,99088070.68237934,0.0,0.0,70,0.0
10-227-01370,BIHAR,Lakhisarai,Ramgarh Chowk,0,0,,204,10,1370,,98990.57354622113,128567389.13844268,0.00032244890144348147,0.00027277117958636997,94,0.025640490881118777
10-227-01371,BIHAR,Lakhisarai,Halsi,0,0,,204,10,1371,,82594.8188222393,191441208.6304817,0.00032244890144348147,0.00029207489998440094,139,0.04059841109783173
10-228-01372,BIHAR,Sheikhpura,Barbigha,0,0,,219,10,1372,,83879.7675047183,115941853.486741,0.0,0.0,81,0.0
10-228-01373,BIHAR,Sheikhpura,Shekhopur Sarai,0,0,,219,10,1373,,59774.96229914819,65955650.61796794,0.000291256309967041,7.597653501383463e-05,45,0.0034189440756225587
10-228-01374,BIHAR,Sheikhpura,Sheikhpura,0,0,,219,10,1374,,119718.3677454689,225551054.81458032,0.00029070464427948,5.47650224387225e-05,170,0.009310053814582825
10-228-01377,BIHAR,Sheikhpura,Ariari,0,0,,219,10,1377,,87552.5859976097,183445963.63454768,0.00029070464427948,0.00017893284449584294,137,0.024513799695930483
10-229-01378,BIHAR,Nalanda,Karai Parsurai,0,0,,209,10,1378,,58523.47447411047,82148146.79064696,0.0003634088571548462,0.0001635339857196808,60,0.009812039143180847
10-229-01379,BIHAR,Nalanda,Nagar Nausa,0,0,,209,10,1379,,82570.35159490984,108015836.82811198,0.0003884276580810547,0.00017387014719486238,80,0.01390961177558899
10-229-01380,BIHAR,Nalanda,Harnaut,0,0,,209,10,1380,,124869.90123154312,224385440.0517296,0.0003884276580810547,0.00013510527237601904,161,0.021751948852539064
10-229-01381,BIHAR,Nalanda,Chandi,0,0,,209,10,1381,,70527.81459673235,147156102.481168,0.0003884276580810547,0.0003563556496156465,109,0.03884276580810547
10-229-01382,BIHAR,Nalanda,Rahui,0,0,,209,10,1382,,77076.6108369453,152249665.90613127,0.0003884276580810547,0.00037404144852249717,108,0.04039647644042969
10-229-01383,BIHAR,Nalanda,Bind,0,0,,209,10,1383,,70364.80140905235,88091657.81671415,0.0,0.0,66,0.0
10-229-01384,BIHAR,Nalanda,Sarmera,0,0,,209,10,1384,,91044.34634338948,167201876.42476654,0.0,0.0,123,0.0
10-229-01385,BIHAR,Nalanda,Asthawan,0,0,,209,10,1385,,92263.18064708126,171325630.7179731,0.0003884276580810547,6.640307247650147e-05,125,0.008300384059562684
10-229-01387,BIHAR,Nalanda,Noorsarai,0,0,,209,10,1387,,78528.62700534344,151514769.88009417,0.0003884276580810547,0.0003884276580810547,114,0.04428075302124024
10-229-01386,BIHAR,Nalanda,Bihar,0,0,,209,10,1386,,98561.8371020671,215840179.0991975,0.0003884276580810547,0.00036596644886875153,160,0.058554631819000245
10-229-01390,BIHAR,Nalanda,Hilsa,0,0,,209,10,1390,,93433.88804652911,175765721.10991755,0.0003634088571548462,0.0003634088571548462,131,0.047606560287284855
10-229-01391,BIHAR,Nalanda,Ekangarsarai,0,0,,209,10,1391,,87121.32234693572,166605847.460251,0.0003634088571548462,0.0003634088571548462,122,0.044335880572891236
10-229-01392,BIHAR,Nalanda,Islampur,0,0,,209,10,1392,,109868.69145522316,273834151.4326934,0.0005438928633117676,0.00047039679894889753,194,0.09125697899608612
10-229-01393,BIHAR,Nalanda,Ben,0,0,,209,10,1393,,66947.54721379357,127526149.56798536,0.0005438928633117676,0.0003993431749254592,94,0.03753825844299316
10-230-01398,BIHAR,Patna,Maner,0,0,,212,10,1398,,96133.56350709034,213315300.3597084,0.0002996188233947754,8.076407146552942e-05,154,0.01243766700569153
10-229-01394,BIHAR,Nalanda,Rajgir,0,0,,209,10,1394,,88740.45664753366,198129288.77271983,0.0005438928633117676,0.0003978105025342046,147,0.058478143872528074
10-229-01395,BIHAR,Nalanda,Silao,0,0,,209,10,1395,,79220.42929786978,154752836.13944647,0.0003884276580810547,0.0003083039148993241,114,0.035146646298522946
10-229-01396,BIHAR,Nalanda,Giriak,0,0,,209,10,1396,,88347.46773236175,99576022.5731765,0.000291256309967041,0.000291256309967041,73,0.021261710627593994
10-229-01397,BIHAR,Nalanda,Katrisarai,0,0,,209,10,1397,,38918.76300208476,48673462.28309288,0.000291256309967041,0.0002627614739704132,36,0.009459413062934874
10-230-01399,BIHAR,Patna,Dinapur-Cum-Khagaul,0,0,,212,10,1399,,78598.21354533077,184765788.04152673,0.0002121813442230225,6.286854643645111e-05,135,0.0084872537689209
10-234-01474,BIHAR,Rohtas,Tilouthu,0,0,,215,10,1474,,73885.57639601533,193504401.97342023,0.000545651362953186,0.0005441513516187668,140,0.07618118922662734
10-230-01400,BIHAR,Patna,Patna Rural,0,0,,212,10,1400,,87518.10425735511,179850223.48881748,0.0002121813442230225,3.7253213107858905e-05,131,0.004880170917129517
10-230-01401,BIHAR,Patna,Sampatchak,0,0,,212,10,1401,,53219.7118618291,78902366.60372826,0.0002121813442230225,7.444959446421841e-06,57,0.000424362688446045
10-230-01406,BIHAR,Patna,Dulhin Bazar,0,0,,212,10,1406,,77792.54009458271,136539622.4680228,0.00041083323820114136,0.000318448283601048,99,0.031526380076503754
10-230-01402,BIHAR,Patna,Phulwari,0,0,,212,10,1402,,70659.26045014715,135940825.49713776,0.0002121813442230225,0.00020334045488039655,96,0.019520683668518068
10-230-01413,BIHAR,Patna,Khusrupur,0,0,,212,10,1413,,46143.60198551767,78201544.387751,0.0,0.0,58,0.0
10-230-01403,BIHAR,Patna,Bihta,0,0,,212,10,1403,,116564.9809665079,244879174.98088208,0.0002996188233947754,0.0002658682717285575,182,0.04838802545459747
10-230-01415,BIHAR,Patna,Athmalgola,0,0,,212,10,1415,,47997.69261940102,62827293.65665197,0.0,0.0,47,0.0
10-230-01404,BIHAR,Patna,Naubatpur,0,0,,212,10,1404,,105087.74367689912,205320191.59612688,0.0002121813442230225,0.00021218134422302246,153,0.03246374566612244
10-230-01405,BIHAR,Patna,Bikram,0,0,,212,10,1405,,86626.03512108007,186422313.04867813,0.0002996188233947754,0.00027472786217069974,137,0.037637717117385866
10-234-01475,BIHAR,Rohtas,Rohtas,0,0,,215,10,1475,,88257.59288547112,389741138.17794544,0.0007743241371917725,0.0005702081266242265,288,0.16421994046777724
10-230-01407,BIHAR,Patna,Paliganj,0,0,,212,10,1407,,129476.3041410336,293354152.7667747,0.00041083323820114136,0.00039775523772819023,214,0.08511962087383271
10-230-01408,BIHAR,Patna,Masaurhi,0,0,,212,10,1408,,108866.13277400887,248716954.87290823,0.00030333413074493413,0.0002726084723667617,178,0.04852430808128358
10-230-01409,BIHAR,Patna,Dhanarua,0,0,,212,10,1409,,95102.40821522896,225577653.19725513,0.0003634088571548462,0.0002374738321791105,163,0.03870823464519501
10-230-01410,BIHAR,Patna,Punpun,0,0,,212,10,1410,,82554.93388622913,161116560.78819045,0.0002121813442230225,0.00014385175879526947,118,0.0169745075378418
10-230-01411,BIHAR,Patna,Fatwah,0,0,,212,10,1411,,97950.27190535897,155697451.47083917,0.0,0.0,115,0.0
10-230-01412,BIHAR,Patna,Daniawan,0,0,,212,10,1412,,69689.77872311571,79566220.36857046,0.0,0.0,56,0.0
10-230-01414,BIHAR,Patna,Bakhtiarpur,0,0,,212,10,1414,,120205.01587822943,168153072.20481881,0.0,0.0,120,0.0
10-230-01416,BIHAR,Patna,Belchhi,0,0,,212,10,1416,,88573.78025963024,87443681.0926542,0.0,0.0,70,0.0
10-230-01417,BIHAR,Patna,Barh,0,0,,212,10,1417,,95365.9771693495,147280816.515725,0.0,0.0,104,0.0
10-230-01419,BIHAR,Patna,Ghoswari,0,0,,212,10,1419,,66454.95033385535,164897376.1169027,0.0,0.0,126,0.0
10-230-01418,BIHAR,Patna,Pandarak,0,0,,212,10,1418,,106894.44852036482,252509471.6555304,0.0,0.0,180,0.0
10-232-01438,BIHAR,Buxar,Chaugain,0,0,,194,10,1438,,52625.33924401454,66025696.44875917,0.000588078974609375,0.000588078974609375,49,0.028815869755859376
10-232-01439,BIHAR,Buxar,Kesath,0,0,,194,10,1439,,34661.84662025829,38236018.49691825,0.000588078974609375,0.000588078974609375,29,0.017054290263671876
10-230-01420,BIHAR,Patna,Mokameh,0,0,,212,10,1420,,127700.39840194934,244519830.48183808,0.0,0.0,181,0.0
10-231-01421,BIHAR,Bhojpur,Shahpur,0,0,,193,10,1421,,110658.91431619873,211766871.4500774,0.0005487397158432007,0.0005022490205009168,156,0.07835084719814302
10-234-01460,BIHAR,Rohtas,Suryapura,0,0,,215,10,1460,,56159.7630280001,69765063.31452103,0.0006069895201873779,0.0006069895201873779,47,0.028528507448806764
10-231-01422,BIHAR,Bhojpur,Arrah,0,0,,193,10,1422,,120924.06747051864,221925641.7145924,0.0005487397158432007,0.0004066310532775015,159,0.06465433747112274
10-231-01423,BIHAR,Bhojpur,Barhara,0,0,,193,10,1423,,128817.96875565937,258494738.36324885,0.0004949566799163818,0.00033596705303072305,191,0.0641697071288681
10-231-01424,BIHAR,Bhojpur,Koilwar,0,0,,193,10,1424,,94779.33453556667,208456312.66749656,0.0002996188233947754,0.00029178602945110143,149,0.043476118388214115
10-231-01425,BIHAR,Bhojpur,Sandesh,0,0,,193,10,1425,,60697.76797134289,164599530.19806212,0.00041083323820114136,0.0003165837341279498,118,0.03735688062709808
10-231-01426,BIHAR,Bhojpur,Udwant Nagar,0,0,,193,10,1426,,92445.60417460876,217797556.82002312,0.0005487397158432007,0.00044971029275811243,161,0.0724033571340561
10-234-01461,BIHAR,Rohtas,Bikramganj,0,0,,215,10,1461,,88556.32896667719,168723569.68103397,0.0006069895201873779,0.0006069895201873779,129,0.07830164810417176
10-231-01427,BIHAR,Bhojpur,Behea,0,0,,193,10,1427,,114516.77527652554,206091349.70539597,0.000588078974609375,0.0005580375424062093,150,0.0837056313609314
10-231-01428,BIHAR,Bhojpur,Jagdishpur,0,0,,193,10,1428,,109726.00219208181,318463526.4488765,0.000588078974609375,0.0005527081498415429,228,0.12601745816387178
10-231-01429,BIHAR,Bhojpur,Piro,0,0,,193,10,1429,,100703.96274410955,268205354.86689487,0.0006069895201873779,0.0005885880490543366,200,0.11771760981086732
10-234-01462,BIHAR,Rohtas,Karakat,0,0,,215,10,1462,,102232.22868007293,251121712.10833624,0.0006069895201873779,0.0005882119871796262,176,0.10352530974361421
10-231-01430,BIHAR,Bhojpur,Charpokhari,0,0,,193,10,1430,,88834.1327790213,135855258.49695313,0.000573471628189087,0.0005661822224450363,95,0.05378731113227845
10-231-01431,BIHAR,Bhojpur,Garhani,0,0,,193,10,1431,,93054.52180151101,137128723.85739592,0.000573471628189087,0.0005516211036893235,103,0.05681697368000032
10-231-01432,BIHAR,Bhojpur,Agiaon,0,0,,193,10,1432,,87534.07309197474,191419206.17039648,0.000573471628189087,0.00047134229872051764,139,0.06551657952215195
10-231-01433,BIHAR,Bhojpur,Tarari,0,0,,193,10,1433,,95157.98131215997,247108515.4982669,0.0006069895201873779,0.0005770695939968131,177,0.10214131813743592
10-231-01434,BIHAR,Bhojpur,Sahar,0,0,,193,10,1434,,61748.81499939302,157154129.14318892,0.000573471628189087,0.0005470602657124121,117,0.06400605108835221
10-232-01435,BIHAR,Buxar,Simri,0,0,,194,10,1435,,87047.69219699135,222195796.247413,0.0006818447717285156,0.0005616706892906747,164,0.09211399304367066
10-232-01436,BIHAR,Buxar,Chakki,0,0,,194,10,1436,,73799.54032015939,80420668.23199363,0.000588078974609375,0.0005056946424841881,64,0.03236445711898804
10-232-01437,BIHAR,Buxar,Barhampur,0,0,,194,10,1437,,133928.15369382405,240152233.65370417,0.000588078974609375,0.0005700443868498168,173,0.09861767892501831
10-232-01440,BIHAR,Buxar,Dumraon,0,0,,194,10,1440,,115797.88145848007,238641355.07175583,0.0006818447717285156,0.0006163751619056837,169,0.10416740236206054
10-232-01441,BIHAR,Buxar,Buxar,0,0,,194,10,1441,,90996.21871903203,211591033.38394436,0.0006818447717285156,0.0006808303315073973,157,0.10689036204666137
10-232-01442,BIHAR,Buxar,Chausa,0,0,,194,10,1442,,99103.08457070828,138502720.57991108,0.0006914699217224122,0.000649332247412851,107,0.06947855047317505
10-232-01443,BIHAR,Buxar,Rajpur,0,0,,194,10,1443,,121142.9666413415,336933113.12217736,0.0006914699217224122,0.0006801176374717247,245,0.16662882118057254
10-232-01444,BIHAR,Buxar,Itarhi,0,0,,194,10,1444,,109439.3274763228,293713382.2816445,0.0006818447717285156,0.0006818399400094136,209,0.14250454746196745
10-232-01445,BIHAR,Buxar,Nawanagar,0,0,,194,10,1445,,126567.10382889764,229774401.79100823,0.0006818447717285156,0.0005994029993631713,169,0.10129910689237595
10-233-01446,BIHAR,Kaimur (Bhabua),Ramgarh,0,0,,200,10,1446,,124781.0721120257,206666195.02442607,0.0007106935716629029,0.0006974534419025648,151,0.10531546972728728
10-233-01447,BIHAR,Kaimur (Bhabua),Nuaon,0,0,,200,10,1447,,121732.74643995032,235834986.4758632,0.0006914699217224122,0.0006832708963126468,171,0.11683932326946259
10-233-01448,BIHAR,Kaimur (Bhabua),Kudra,0,0,,200,10,1448,,132624.50147962422,255577893.54332253,0.0006914699217224122,0.0006580654797024198,189,0.12437437566375734
10-233-01449,BIHAR,Kaimur (Bhabua),Mohania,0,0,,200,10,1449,,142323.6809133636,349176573.6513165,0.0007106935716629029,0.0006952400314004719,256,0.1779814480385208
10-233-01450,BIHAR,Kaimur (Bhabua),Durgawati,0,0,,200,10,1450,,108544.41183902678,212580801.4059764,0.0007106935716629029,0.0007106935716629029,154,0.10944681003608704
10-233-01451,BIHAR,Kaimur (Bhabua),Chand,0,0,,200,10,1451,,97099.60209928264,257974481.1925409,0.0007106935716629029,0.0006633421846393829,188,0.12470833071220398
10-233-01452,BIHAR,Kaimur (Bhabua),Chainpur,0,0,,200,10,1452,,170712.34536647963,555311526.8488017,0.0008029674193572998,0.0006689381512835455,407,0.272257827572403
10-233-01453,BIHAR,Kaimur (Bhabua),Bhabua,0,0,,200,10,1453,,143727.89821118704,407618990.38615096,0.0007106935716629029,0.0006563936191179902,301,0.19757447935451505
10-233-01454,BIHAR,Kaimur (Bhabua),Rampur,0,0,,200,10,1454,,126612.15498309073,210660395.23746365,0.0006345920880126953,0.0006226550099950189,149,0.09277559648925782
10-233-01455,BIHAR,Kaimur (Bhabua),Bhagwanpur,0,0,,200,10,1455,,134815.05705103654,292151198.96788174,0.0006723155891418457,0.0006579957875449738,211,0.13883711117198946
10-233-01456,BIHAR,Kaimur (Bhabua),Adhaura,0,0,,200,10,1456,,271357.2345421078,1135984955.9859164,0.0009905516538238526,0.0006872946894763612,833,0.5725164763338089
10-234-01457,BIHAR,Rohtas,Kochas,0,0,,215,10,1457,,90248.48407846906,187033418.62218276,0.0006914699217224122,0.0006844863165538963,132,0.0903521937851143
10-234-01458,BIHAR,Rohtas,Dinara,0,0,,215,10,1458,,157118.7651045217,464648316.8452498,0.000681339857082367,0.0006638969627961526,341,0.22638886431348804
10-234-01459,BIHAR,Rohtas,Dawath,0,0,,215,10,1459,,78120.6651060775,129910427.66035384,0.0006069895201873779,0.0006069895201873779,94,0.05705701489761352
10-234-01466,BIHAR,Rohtas,Nokha,0,0,,215,10,1466,,82152.91978314315,208772248.59610957,0.000681339857082367,0.0005582503066110611,148,0.08262104537843705
10-235-01476,BIHAR,Aurangabad,Daudnagar,0,0,,189,10,1476,,91010.07504965532,238139281.75712803,0.0005616946369552613,0.0005489082320715368,174,0.0955100323804474
10-234-01467,BIHAR,Rohtas,Kargahar,0,0,,215,10,1467,,128509.87472624176,406135690.59563094,0.0006914699217224122,0.0006048337261579487,296,0.17903078294275282
10-234-01468,BIHAR,Rohtas,Chenari,0,0,,215,10,1468,,121720.69626398994,292642418.8385522,0.0006345920880126953,0.0006158634837245498,215,0.1324106490007782
10-234-01469,BIHAR,Rohtas,Nauhatta,0,0,,215,10,1469,,175494.75594492842,478591449.404211,0.0009905516538238526,0.0007245529752187676,354,0.2564917532274437
10-234-01470,BIHAR,Rohtas,Sheosagar,0,0,,215,10,1470,,135463.8765525897,406503956.12222886,0.0006345920880126953,0.0005534908418731688,295,0.16327979835258483
10-234-01471,BIHAR,Rohtas,Sasaram,0,0,,215,10,1471,,135810.11950728856,394273130.8742507,0.0005616946369552613,0.0005393890619121421,290,0.1564228279545212
10-234-01473,BIHAR,Rohtas,Dehri,0,0,,215,10,1473,,97323.52013589225,199371136.99043605,0.0005616946369552613,0.0005475213132695165,145,0.0793905904240799
10-235-01477,BIHAR,Aurangabad,Haspura,0,0,,189,10,1477,,88845.10694940752,164519986.5205008,0.0005470575682067872,0.0005459229519183577,121,0.06605667718212128
10-235-01478,BIHAR,Aurangabad,Goh,0,0,,189,10,1478,,122286.20877621078,374665187.3660463,0.0005470575682067872,0.0004975933036913591,272,0.1353453786040497
10-236-01491,BIHAR,Gaya,Neem Chak Bathani,0,0,,196,10,1491,,79540.44278654993,146770773.7769567,0.0005438928633117676,0.0005438928633117675,103,0.056020964921112054
10-235-01479,BIHAR,Aurangabad,Rafiganj,0,0,,189,10,1479,,167069.30684925965,465687847.79432577,0.0005886038326454162,0.000573581357185554,341,0.1955912428002739
10-235-01480,BIHAR,Aurangabad,Obra,0,0,,189,10,1480,,130720.05569071589,327203821.09876627,0.0005745570825958252,0.0005507502080711334,237,0.1305277993128586
10-236-01494,BIHAR,Gaya,Manpur,0,0,,196,10,1494,,77081.78707553667,161226183.41058797,0.0005841696369171144,0.0005805620023943031,115,0.06676463027534486
10-235-01481,BIHAR,Aurangabad,Aurangabad,0,0,,189,10,1481,,125502.68609205673,344679798.38062614,0.0005745570825958252,0.0005536459344740211,256,0.1417333592253494
10-237-01511,BIHAR,Nawada,Nardiganj,0,0,,210,10,1511,,60262.24041371029,129808165.4472442,0.000291256309967041,0.00029125630996704096,95,0.027669349446868892
10-235-01482,BIHAR,Aurangabad,Barun,0,0,,189,10,1482,,117269.30390529483,381782699.30215496,0.0005616946369552613,0.00050779229128497,280,0.14218184155979158
10-235-01483,BIHAR,Aurangabad,Nabinagar,0,0,,189,10,1483,,173491.30877801325,657546828.2218357,0.0006520595001029969,0.0005397227599825967,483,0.2606860930715942
10-235-01484,BIHAR,Aurangabad,Kutumba,0,0,,189,10,1484,,110495.73757590447,319048251.76106954,0.0005560170664215088,0.0005192993763264819,229,0.11891955717876435
10-235-01485,BIHAR,Aurangabad,Deo,0,0,,189,10,1485,,158578.88849021672,336990745.1586724,0.0006897220740509034,0.0005973786537132415,251,0.1499420420820236
10-235-01486,BIHAR,Aurangabad,Madanpur,0,0,,189,10,1486,,153529.37367368402,418713952.50229967,0.0006897220740509034,0.0006095549636072942,309,0.1883524837546539
10-236-01487,BIHAR,Gaya,Konch,0,0,,196,10,1487,,154041.56172387034,319288521.7326548,0.0005886038326454162,0.0005107105128965706,232,0.11848483899200439
10-236-01488,BIHAR,Gaya,Tikari,0,0,,196,10,1488,,122221.36853604284,290576655.12704176,0.0005886038326454162,0.0004929587440754077,218,0.10746500620843888
10-236-01489,BIHAR,Gaya,Belaganj,0,0,,196,10,1489,,113473.13279109563,240372540.95814112,0.0005011940428924561,0.0005011940428924561,180,0.0902149277206421
10-236-01490,BIHAR,Gaya,Khizirsarai,0,0,,196,10,1490,,103698.13096672995,223124430.97950032,0.0005841696369171144,0.0005231610467834473,165,0.0863215727192688
10-236-01492,BIHAR,Gaya,Muhra,0,0,,196,10,1492,,93681.45756176667,181269438.2139707,0.0006171140696716309,0.0005521435605746597,134,0.07398723711700439
10-236-01493,BIHAR,Gaya,Atri,0,0,,196,10,1493,,103075.15367958385,161340647.62451813,0.0006171140696716309,0.0005538305995409027,119,0.06590584134536742
10-236-01495,BIHAR,Gaya,Gaya Town C.D.Block,0,0,,196,10,1495,,91678.58033080616,224144813.6021213,0.0005841696369171144,0.0005723159806278775,161,0.09214287288108827
10-236-01496,BIHAR,Gaya,Paraiya,0,0,,196,10,1496,,75593.31264449215,167300846.5298876,0.0005886038326454162,0.0005866823478298188,120,0.07040188173957826
10-236-01497,BIHAR,Gaya,Guraru,0,0,,196,10,1497,,81292.54933661391,199646285.7542363,0.0005886038326454162,0.0005886038326454162,147,0.08652476339887619
10-237-01512,BIHAR,Nawada,Nawada,0,0,,210,10,1512,,86822.75137888109,219317998.1072041,0.000291256309967041,0.0002894674257464317,157,0.04544638584218978
10-236-01498,BIHAR,Gaya,Gurua,0,0,,196,10,1498,,117859.62964526065,238015237.1519128,0.0006446236033630371,0.0005963497303419168,173,0.10316850334915159
10-236-01499,BIHAR,Gaya,Amas,0,0,,196,10,1499,,100546.69423332924,128484051.44985774,0.0006897220740509034,0.0006378364758224487,95,0.06059446520313263
10-237-01517,BIHAR,Nawada,Roh,0,0,,210,10,1517,,77804.52626079548,192537548.9783989,0.0003341724701690674,0.0002906315716294448,144,0.04185094631464005
10-236-01500,BIHAR,Gaya,Banke Bazar,0,0,,196,10,1500,,85166.97220092022,256240042.68049288,0.0006897220740509034,0.0006569893130677747,186,0.12220001223060609
10-236-01501,BIHAR,Gaya,Imamganj,0,0,,196,10,1501,,136271.57775821586,316917295.57645696,0.0006897220740509034,0.0006785202020752081,239,0.16216632829597474
10-236-01502,BIHAR,Gaya,Dumaria,0,0,,196,10,1502,,119690.94596035974,390676703.928496,0.0006897220740509034,0.0006599806800261381,285,0.18809449380744936
10-236-01503,BIHAR,Gaya,Sherghati,0,0,,196,10,1503,,100322.2973073121,167902109.12194017,0.0008287044749450684,0.0006521942521203824,123,0.08021989301080704
10-238-01531,BIHAR,Jamui,Gidhaur,0,0,,198,10,1531,,55211.5633940527,100392309.18230554,0.0003979882363510132,0.0003566933999348958,75,0.026752004995117186
10-236-01504,BIHAR,Gaya,Dobhi,0,0,,196,10,1504,,103572.88994215836,218837778.49499393,0.0008287044749450684,0.0007955470508712864,161,0.12808307519027712
10-236-01505,BIHAR,Gaya,Bodh Gaya,0,0,,196,10,1505,,120948.91182130505,306843965.9119923,0.0008287044749450684,0.0006044088991518437,230,0.13901404680492405
10-236-01506,BIHAR,Gaya,Tan Kuppa,0,0,,196,10,1506,,108147.94853451202,190099968.23000297,0.0008287044749450684,0.0006037062719390641,134,0.08089664043983459
10-240-01542,BIHAR,Arwal,Arwal,0,0,,611,10,1542,,73924.8054791393,147787869.27798152,0.000573471628189087,0.00045305666637108876,104,0.04711789330259323
10-236-01507,BIHAR,Gaya,Wazirganj,0,0,,196,10,1507,,105472.06999302967,323030583.61833626,0.0006171140696716309,0.000614182573536695,236,0.14494708735466003
10-236-01508,BIHAR,Gaya,Fatehpur,0,0,,196,10,1508,,155359.44599717355,408449805.62920874,0.0006171140696716309,0.000496213590282139,304,0.15084893144577027
10-240-01543,BIHAR,Arwal,Kaler,0,0,,611,10,1543,,67777.19153730445,176075758.749563,0.000573471628189087,0.000569035679184426,131,0.07454367397315981
10-236-01509,BIHAR,Gaya,Mohanpur,0,0,,196,10,1509,,119906.24818546322,418796109.2883684,0.0008287044749450684,0.0006549568521171041,303,0.19845192619148255
10-240-01544,BIHAR,Arwal,Karpi,0,0,,611,10,1544,,158139.92638461498,234985661.7206014,0.000573471628189087,0.000428926390644007,172,0.0737753391907692
10-236-01510,BIHAR,Gaya,Barachatti,0,0,,196,10,1510,,138753.78132836288,366328956.31361085,0.0008287044749450684,0.0007926224467978738,275,0.21797117286941528
10-237-01513,BIHAR,Nawada,Warisaliganj,0,0,,210,10,1513,,109792.76918459819,202861050.3008767,0.000291256309967041,0.00021992229876459862,147,0.032328577918395995
10-237-01514,BIHAR,Nawada,Kashi Chak,0,0,,210,10,1514,,73948.94452619922,98983451.20841853,0.0001772769659805298,0.0001772769659805298,72,0.012763941550598146
10-237-01515,BIHAR,Nawada,Pakribarawan,0,0,,210,10,1515,,104545.76938151139,251834567.85717744,0.0001772769659805298,0.00017727696598052978,184,0.03261896174041748
10-237-01516,BIHAR,Nawada,Kawakol,0,0,,210,10,1516,,121170.20018263235,362955647.76482904,0.0004017847303962708,0.000357418349700225,266,0.09507328102025986
10-237-01518,BIHAR,Nawada,Gobindpur,0,0,,210,10,1518,,73133.35659787485,188189390.13263756,0.0003341724701690674,0.00031405357330458513,140,0.043967500262641915
10-237-01519,BIHAR,Nawada,Akbarpur,0,0,,210,10,1519,,91268.2921062847,249541236.96202633,0.00026005021856307986,0.00026005021856307986,184,0.04784924021560669
10-237-01520,BIHAR,Nawada,Hisua,0,0,,210,10,1520,,85113.4923130193,144090762.99664384,0.0006171140696716309,0.00039896321439394586,104,0.04149217429697037
10-237-01521,BIHAR,Nawada,Narhat,0,0,,210,10,1521,,62856.50481924386,99624005.77002536,0.00026005021856307986,0.00026005021856307986,69,0.01794346508085251
10-237-01522,BIHAR,Nawada,Meskaur,0,0,,210,10,1522,,75185.00287586387,145604023.18435815,0.0006171140696716309,0.0005150958264977591,112,0.05769073256774902
10-237-01523,BIHAR,Nawada,Sirdala,0,0,,210,10,1523,,111278.51695598938,301894539.186342,0.0006171140696716309,0.0004160908192799945,218,0.0907077986030388
10-237-01524,BIHAR,Nawada,Rajauli,0,0,,210,10,1524,,132370.86211000624,450216393.36794454,0.0005329469436645508,0.00038792901613046455,333,0.1291803623714447
10-238-01525,BIHAR,Jamui,Islamnagar Aliganj,0,0,,198,10,1525,,96153.77396855215,213408239.47295904,0.0004017847303962708,0.0002775265432379796,156,0.04329414074512482
10-238-01526,BIHAR,Jamui,Sikandra,0,0,,198,10,1526,,86788.2538333537,223096734.30010977,0.0004017847303962708,0.0002963394688839383,162,0.048006993959198004
10-238-01527,BIHAR,Jamui,Jamui,0,0,,198,10,1527,,90084.78430112793,212157753.6648698,0.00032244890144348147,0.0003220392981252363,155,0.04991609120941162
10-238-01528,BIHAR,Jamui,Barhat,0,0,,198,10,1528,,114104.37581341481,270298087.1382075,0.00032244890144348147,0.0002684346184605632,197,0.05288161983673095
10-238-01529,BIHAR,Jamui,Lakshmipur,0,0,,198,10,1529,,112147.89260238525,307635253.00857943,0.00032244890144348147,8.598637371826171e-05,225,0.019346934086608886
10-238-01530,BIHAR,Jamui,Jhajha,0,0,,198,10,1530,,147664.43327942316,507112726.974952,0.00041452509246826173,0.0003871259244469307,370,0.14323659204536437
10-238-01532,BIHAR,Jamui,Khaira,0,0,,198,10,1532,,142747.05687020053,513762691.7981683,0.0004017847303962708,0.0003912906414686653,377,0.14751657183368683
10-238-01533,BIHAR,Jamui,Sono,0,0,,198,10,1533,,117724.39892386932,474283005.7300444,0.0004961796198272706,0.0004013406654954708,349,0.14006789225791932
10-238-01534,BIHAR,Jamui,Chakai,0,0,,198,10,1534,,243956.2217086091,956725034.6798706,0.0005425131647491455,0.0005019038381415504,700,0.35133268669908524
10-239-01535,BIHAR,Jehanabad,Ratni Faridpur,0,0,,199,10,1535,,82762.53932271499,155018952.20303965,0.0005011940428924561,0.0003828381113151082,114,0.043643544689922334
10-239-01536,BIHAR,Jehanabad,Jehanabad,0,0,,199,10,1536,,97254.09844747804,201426556.69272655,0.00030333413074493413,0.0003033341307449341,148,0.044893451350250246
10-239-01537,BIHAR,Jehanabad,Kako,0,0,,199,10,1537,,83599.3529020472,162373941.78194478,0.00030333413074493413,0.00030333413074493413,118,0.03579342742790223
10-239-01538,BIHAR,Jehanabad,Modanganj,0,0,,199,10,1538,,66522.90037500951,97205276.85869928,0.0003634088571548462,0.00034686654118689937,69,0.023933791341896056
10-239-01539,BIHAR,Jehanabad,Ghoshi,0,0,,199,10,1539,,82931.95174196921,112225161.55433495,0.0005011940428924561,0.00039068682734477955,83,0.032427006669616704
10-239-01540,BIHAR,Jehanabad,Makhdumpur,0,0,,199,10,1540,,128831.72570768485,301471679.33572614,0.0005011940428924561,0.0004793109189683062,217,0.10401046941612245
10-239-01541,BIHAR,Jehanabad,Hulasganj,0,0,,199,10,1541,,87179.53907708311,119677697.18988888,0.0005438928633117676,0.0004791199933725993,90,0.04312079940353394
10-240-01545,BIHAR,Arwal,Sonbhadra Banshi Suryapur,0,0,,611,10,1545,,62692.97791397586,116643000.97724338,0.00047841328275680545,0.0004621289346711033,83,0.038356701577701574
10-240-01546,BIHAR,Arwal,Kurtha,0,0,,611,10,1546,,71585.17106640573,106433073.5354984,0.00047841328275680545,0.00044548967130661016,78,0.03474819436191559
10-224-01334,BIHAR,Bhagalpur,Gopalpur,0,0,,192,10,1334,,95407.9186210158,208941966.91883087,0.0,0.0,153,0.0
10-210-01127,BIHAR,Kishanganj,Kishanganj,0,0,,203,10,1127,,125268.33771117091,207105687.55921903,0.0,0.0,152,0.0
10-206-01064,BIHAR,Sitamarhi,Suppi,0,0,,221,10,1064,,71084.15120823232,92250451.53846286,0.0,0.0,66,0.0
10-234-01463,BIHAR,Rohtas,Nasriganj,0,0,,215,10,1463,,90034.07903274363,167356919.18355417,0.0005730027855682374,0.0005699579850660053,126,0.07181470611831667
10-234-01464,BIHAR,Rohtas,Rajpur,0,0,,215,10,1464,,68660.48684625747,85633596.4997788,0.0005730027855682374,0.0005730027855682374,63,0.036099175490798954
10-234-01465,BIHAR,Rohtas,Sanjhauli,0,0,,215,10,1465,,56591.722358052,83833486.39015438,0.0005730027855682374,0.0005627707573372978,63,0.03545455771224976
10-203-01023,BIHAR,Pashchim Champaran,Thakrahan,0,0,,211,10,1023,,79847.09402015881,199004696.79409248,0.0,0.0,145,0.0
10-204-01054,BIHAR,Purbi Champaran,Phenhara,0,0,,213,10,1054,,44565.43736457999,67645025.94776015,0.0,0.0,51,0.0
10-219-01262,BIHAR,Saran,Maker,0,0,,218,10,1262,,62357.8736467211,96585777.9808088,0.0,0.0,71,0.0
10-220-01282,BIHAR,Vaishali,Sahdai Buzurg,0,0,,224,10,1282,,74546.65030748869,114161677.3631406,0.0,0.0,84,0.0
10-229-01388,BIHAR,Nalanda,Tharthari,0,0,,209,10,1388,,71853.42144919158,77411758.12428828,0.0003596554613876343,0.0003391118735744335,54,0.01831204117301941
10-229-01389,BIHAR,Nalanda,Parbalpur,0,0,,209,10,1389,,54466.2339431045,76043839.88376136,0.0003596554613876343,0.000324280660943985,56,0.01815971701286316
10-203-01022,BIHAR,Pashchim Champaran,Bhitaha,0,0,,211,10,1022,,72626.86760213553,166969906.7472905,0.0,0.0,117,0.0
10-203-01013,BIHAR,Pashchim Champaran,Sidhaw,0,0,,211,10,1013,,195582.3602130639,1085337194.6715722,0.0,0.0,781,0.0
10-203-01014,BIHAR,Pashchim Champaran,Ramnagar,0,0,,211,10,1014,,230865.78384139363,866139404.2451236,0.0,0.0,621,0.0
10-203-01015,BIHAR,Pashchim Champaran,Gaunaha,0,0,,211,10,1015,,136504.94021895694,605322845.3823951,0.0,0.0,441,0.0
10-203-01016,BIHAR,Pashchim Champaran,Mainatanr,0,0,,211,10,1016,,115419.13930249632,312998546.4010918,0.0,0.0,221,0.0
10-203-01017,BIHAR,Pashchim Champaran,Narkatiaganj,0,0,,211,10,1017,,149144.20649331805,441857686.2127825,0.0,0.0,314,0.0
10-203-01018,BIHAR,Pashchim Champaran,Lauriya,0,0,,211,10,1018,,120853.32018665274,255440417.54612216,0.0,0.0,183,0.0
10-203-01019,BIHAR,Pashchim Champaran,Bagaha,0,0,,211,10,1019,,135587.24079810514,491292931.53180623,0.0,0.0,352,0.0
10-203-01021,BIHAR,Pashchim Champaran,Madhubani,0,0,,211,10,1021,,144670.82201821523,386116138.1353823,0.0,0.0,276,0.0
10-203-01024,BIHAR,Pashchim Champaran,Jogapatti,0,0,,211,10,1024,,88530.23644360513,258722436.3759333,0.0,0.0,186,0.0
10-203-01029,BIHAR,Pashchim Champaran,Bairia,0,0,,211,10,1029,,105039.82861382668,288505226.87341565,0.0,0.0,208,0.0
10-203-01025,BIHAR,Pashchim Champaran,Chanpatia,0,0,,211,10,1025,,113543.7602983494,310017349.34780717,0.0,0.0,226,0.0
10-206-01071,BIHAR,Sitamarhi,Parsauni,0,0,,221,10,1071,,63729.135625112256,74724139.64418457,0.0,0.0,55,0.0
10-203-01026,BIHAR,Pashchim Champaran,Sikta,0,0,,211,10,1026,,93443.22825707054,255004178.86147365,0.0,0.0,183,0.0
10-203-01027,BIHAR,Pashchim Champaran,Majhaulia,0,0,,211,10,1027,,123374.4030721297,371511179.15939575,0.0,0.0,265,0.0
10-203-01028,BIHAR,Pashchim Champaran,Bettiah,0,0,,211,10,1028,,53968.26030594324,83182055.35378212,0.0,0.0,59,0.0
10-203-01030,BIHAR,Pashchim Champaran,Nautan,0,0,,211,10,1030,,122656.63983711715,245738630.13883996,0.0,0.0,171,0.0
10-204-01031,BIHAR,Purbi Champaran,Raxaul,0,0,,213,10,1031,,98709.78801801558,166685360.13968688,0.0,0.0,124,0.0
10-206-01072,BIHAR,Sitamarhi,Belsand,0,0,,221,10,1072,,66235.5873217276,97354060.86547032,0.0,0.0,70,0.0
10-206-01073,BIHAR,Sitamarhi,Runisaidpur,0,0,,221,10,1073,,152472.54206325076,334873257.0825382,0.0,0.0,243,0.0
10-204-01032,BIHAR,Purbi Champaran,Adapur,0,0,,213,10,1032,,94532.37688292323,199608924.7111849,0.0,0.0,148,0.0
10-206-01074,BIHAR,Sitamarhi,Dumra,0,0,,221,10,1074,,111649.34177378344,241159212.36062923,0.0,0.0,178,0.0
10-204-01033,BIHAR,Purbi Champaran,Ramgarhwa,0,0,,213,10,1033,,90718.26831189607,213035907.5226096,0.0,0.0,154,0.0
10-204-01034,BIHAR,Purbi Champaran,Sugauli,0,0,,213,10,1034,,84892.41923436844,209336830.19001696,0.0,0.0,149,0.0
10-204-01038,BIHAR,Purbi Champaran,Ghorasahan,0,0,,213,10,1038,,75335.10865687576,144368243.47105,0.0,0.0,104,0.0
10-204-01035,BIHAR,Purbi Champaran,Banjaria,0,0,,213,10,1035,,102381.40449613356,176960195.87167916,0.0,0.0,124,0.0
10-204-01047,BIHAR,Purbi Champaran,Kesaria,0,0,,213,10,1047,,87546.8206889307,229535442.11688668,0.0,0.0,168,0.0
10-204-01036,BIHAR,Purbi Champaran,Narkatia,0,0,,213,10,1036,,105607.09704406632,168338010.30978012,0.0,0.0,120,0.0
10-204-01037,BIHAR,Purbi Champaran,Bankatwa,0,0,,213,10,1037,,99233.37216886049,115311013.90225838,0.0,0.0,82,0.0
10-204-01039,BIHAR,Purbi Champaran,Dhaka,0,0,,213,10,1039,,97673.73467814895,202386545.86227983,0.0,0.0,145,0.0
10-204-01048,BIHAR,Purbi Champaran,Kalyanpur,0,0,,213,10,1048,,109413.20044555076,313300912.50613195,0.0,0.0,230,0.0
10-204-01040,BIHAR,Purbi Champaran,Chiraia,0,0,,213,10,1040,,110764.71696779084,272984575.32652414,0.0,0.0,199,0.0
10-204-01041,BIHAR,Purbi Champaran,Motihari,0,0,,213,10,1041,,181544.26702654368,319814691.13850176,0.0,0.0,241,0.0
10-204-01049,BIHAR,Purbi Champaran,Kotwa,0,0,,213,10,1049,,78879.98205471091,178282937.71225017,0.0,0.0,126,0.0
10-204-01042,BIHAR,Purbi Champaran,Turkaulia,0,0,,213,10,1042,,99475.78497366334,174748315.94966665,0.0,0.0,130,0.0
10-204-01050,BIHAR,Purbi Champaran,Piprakothi,0,0,,213,10,1050,,58369.33889310607,62223774.49301849,0.0,0.0,45,0.0
10-204-01043,BIHAR,Purbi Champaran,Harsidhi,0,0,,213,10,1043,,133904.34238337883,240218359.62130272,0.0,0.0,173,0.0
10-204-01044,BIHAR,Purbi Champaran,Paharpur,0,0,,213,10,1044,,108730.62076802726,192061375.0173064,0.0,0.0,144,0.0
10-204-01045,BIHAR,Purbi Champaran,Areraj,0,0,,213,10,1045,,93331.67353690567,242725576.26244012,0.0,0.0,174,0.0
10-204-01046,BIHAR,Purbi Champaran,Sangrampur,0,0,,213,10,1046,,78133.67961210197,187659878.02718252,0.0,0.0,133,0.0
10-204-01051,BIHAR,Purbi Champaran,Chakia(Pipra),0,0,,213,10,1051,,129110.66914194856,212940547.80779588,0.0,0.0,145,0.0
10-204-01052,BIHAR,Purbi Champaran,Pakri Dayal,0,0,,213,10,1052,,90143.40730437863,148110040.62869397,0.0,0.0,106,0.0
10-204-01053,BIHAR,Purbi Champaran,Patahi,0,0,,213,10,1053,,85994.51677214028,144960443.14880535,0.0,0.0,100,0.0
10-204-01055,BIHAR,Purbi Champaran,Madhuban,0,0,,213,10,1055,,112681.00006095257,152424272.44650427,0.0,0.0,114,0.0
10-204-01056,BIHAR,Purbi Champaran,Tetaria,0,0,,213,10,1056,,82320.72754353678,104458405.63845472,0.0,0.0,74,0.0
10-205-01058,BIHAR,Sheohar,Purnahiya,0,0,,220,10,1058,,57294.126150412616,80859097.14068061,0.0,0.0,59,0.0
10-204-01057,BIHAR,Purbi Champaran,Mehsi,0,0,,213,10,1057,,125063.78039343117,149773808.08158112,0.0,0.0,108,0.0
10-205-01059,BIHAR,Sheohar,Piprarhi,0,0,,220,10,1059,,105870.45511307275,104265216.9562483,0.0,0.0,77,0.0
10-205-01060,BIHAR,Sheohar,Sheohar,0,0,,220,10,1060,,81007.5322908237,115638983.35873616,0.0,0.0,83,0.0
10-205-01061,BIHAR,Sheohar,Dumri Katsari,0,0,,220,10,1061,,65038.65439014734,84655470.24819931,0.0,0.0,59,0.0
10-205-01062,BIHAR,Sheohar,Tariani Chowk,0,0,,220,10,1062,,97491.22869259815,171878914.60720828,0.0,0.0,126,0.0
10-206-01063,BIHAR,Sitamarhi,Bairgania,0,0,,221,10,1063,,59598.621146511534,94417571.99630062,0.0,0.0,70,0.0
10-206-01065,BIHAR,Sitamarhi,Majorganj,0,0,,221,10,1065,,62808.55729710282,95411217.42446172,0.0,0.0,68,0.0
10-206-01066,BIHAR,Sitamarhi,Sonbarsa,0,0,,221,10,1066,,92820.94699371175,224104085.6083578,0.0,0.0,155,0.0
10-206-01067,BIHAR,Sitamarhi,Parihar,0,0,,221,10,1067,,86838.20299610356,272812569.4060281,0.0,0.0,197,0.0
10-207-01095,BIHAR,Madhubani,Rajnagar,0,0,,206,10,1095,,78809.12744912357,223111125.2667772,0.0,0.0,158,0.0
10-206-01068,BIHAR,Sitamarhi,Sursand,0,0,,221,10,1068,,91215.71647520129,181412871.1123928,0.0,0.0,134,0.0
10-206-01069,BIHAR,Sitamarhi,Bathnaha,0,0,,221,10,1069,,120764.04051803834,251403523.12922087,0.0,0.0,185,0.0
10-206-01070,BIHAR,Sitamarhi,Riga,0,0,,221,10,1070,,129433.73210860479,163724219.02092636,0.0,0.0,114,0.0
10-210-01123,BIHAR,Kishanganj,Thakurganj,0,0,,203,10,1123,,224971.2940646554,491161543.46963537,0.0,0.0,353,0.0
10-210-01124,BIHAR,Kishanganj,Pothia,0,0,,203,10,1124,,167388.9118766352,443844792.4531903,0.0,0.0,321,0.0
10-210-01125,BIHAR,Kishanganj,Bahadurganj,0,0,,203,10,1125,,155296.13881782343,347494200.8377232,0.0,0.0,251,0.0
10-210-01126,BIHAR,Kishanganj,Kochadhamin,0,0,,203,10,1126,,139640.52665725534,360840233.8364798,0.0,0.0,258,0.0
10-211-01128,BIHAR,Purnia,Banmankhi,0,0,,214,10,1128,,142815.61519736593,459936087.34673214,0.0,0.0,333,0.0
10-206-01075,BIHAR,Sitamarhi,Bajpatti,0,0,,221,10,1075,,90407.29439213518,174303329.1783474,0.0,0.0,125,0.0
10-206-01076,BIHAR,Sitamarhi,Charaut,0,0,,221,10,1076,,85128.15752493152,91349700.81924292,0.0,0.0,62,0.0
10-206-01077,BIHAR,Sitamarhi,Pupri,0,0,,221,10,1077,,73992.24203369493,115338203.66308306,0.0,0.0,82,0.0
10-206-01078,BIHAR,Sitamarhi,Nanpur,0,0,,221,10,1078,,73315.01223618646,135892566.9983101,0.0,0.0,100,0.0
10-220-01283,BIHAR,Vaishali,Mahnar,0,0,,224,10,1283,,81638.1139853176,126474580.44313861,0.0,0.0,89,0.0
10-206-01079,BIHAR,Sitamarhi,Bokhara,0,0,,221,10,1079,,81978.13188098712,108574895.39827529,0.0,0.0,79,0.0
10-207-01080,BIHAR,Madhubani,Madhwapur,0,0,,206,10,1080,,88808.76172423853,137557654.90878707,0.0,0.0,103,0.0
10-207-01081,BIHAR,Madhubani,Harlakhi,0,0,,206,10,1081,,90217.76640094945,187441757.00046396,0.0,0.0,138,0.0
10-207-01082,BIHAR,Madhubani,Basopatti,0,0,,206,10,1082,,97634.90682970545,164238774.4639331,0.0,0.0,122,0.0
10-207-01089,BIHAR,Madhubani,Khajauli,0,0,,206,10,1089,,91171.28062794723,150968724.81279027,0.0,0.0,108,0.0
10-207-01083,BIHAR,Madhubani,Jainagar,0,0,,206,10,1083,,81489.61423509955,161880108.8306139,0.0,0.0,115,0.0
10-207-01090,BIHAR,Madhubani,Kaluahi,0,0,,206,10,1090,,62305.281593423286,101560283.08963235,0.0,0.0,75,0.0
10-207-01084,BIHAR,Madhubani,Ladania,0,0,,206,10,1084,,97928.14946240213,232665607.5684243,0.0,0.0,164,0.0
10-207-01085,BIHAR,Madhubani,Laukaha,0,0,,206,10,1085,,102032.19667129294,266340932.00179368,0.0,0.0,197,0.0
10-207-01086,BIHAR,Madhubani,Laukahi,0,0,,206,10,1086,,109679.24973352649,329223432.564553,0.0,0.0,237,0.0
10-207-01087,BIHAR,Madhubani,Phulparas,0,0,,206,10,1087,,117974.41186319289,199352334.8677591,0.0,0.0,140,0.0
10-207-01088,BIHAR,Madhubani,Babubarhi,0,0,,206,10,1088,,118996.04641992833,237192379.86086744,0.0,0.0,174,0.0
10-207-01091,BIHAR,Madhubani,Benipatti,0,0,,206,10,1091,,128414.2409747215,328987645.9449377,0.0,0.0,231,0.0
10-207-01092,BIHAR,Madhubani,Bisfi,0,0,,206,10,1092,,99754.46134559005,226192948.413646,0.0,0.0,165,0.0
10-207-01093,BIHAR,Madhubani,Madhubani,0,0,,206,10,1093,,109764.71764889831,200359220.56727448,0.0,0.0,142,0.0
10-207-01094,BIHAR,Madhubani,Pandaul,0,0,,206,10,1094,,102372.75527307783,208327489.63825428,0.0,0.0,148,0.0
10-207-01096,BIHAR,Madhubani,Andhratharhi,0,0,,206,10,1096,,97300.5167595078,186769445.10608673,0.0,0.0,134,0.0
10-207-01097,BIHAR,Madhubani,Jhanjharpur,0,0,,206,10,1097,,125261.96837896874,181284371.95402232,0.0,0.0,132,0.0
10-207-01098,BIHAR,Madhubani,Ghoghardiha,0,0,,206,10,1098,,114215.40677637524,211228851.4219488,0.0,0.0,159,0.0
10-207-01099,BIHAR,Madhubani,Lakhnaur,0,0,,206,10,1099,,72956.74167609161,146945623.14022,0.0,0.0,110,0.0
10-207-01100,BIHAR,Madhubani,Madhepur,0,0,,206,10,1100,,144505.38034518834,300452948.5687113,0.0,0.0,212,0.0
10-208-01101,BIHAR,Supaul,Nirmali,0,0,,223,10,1101,,123310.21889922836,162734364.67066902,0.0,0.0,118,0.0
10-208-01102,BIHAR,Supaul,Basantpur,0,0,,223,10,1102,,136288.63693043106,319456339.75100917,0.0,0.0,228,0.0
10-208-01103,BIHAR,Supaul,Chhatapur,0,0,,223,10,1103,,142271.17176584958,398825687.2446475,0.0,0.0,285,0.0
10-208-01104,BIHAR,Supaul,Pratapganj,0,0,,223,10,1104,,71155.69013184242,133032565.19323792,0.0,0.0,97,0.0
10-208-01105,BIHAR,Supaul,Raghopur,0,0,,223,10,1105,,111831.20983491397,255841046.48838165,0.0,0.0,187,0.0
10-221-01285,BIHAR,Samastipur,Warisnagar,0,0,,217,10,1285,,90241.30323013186,163846086.5162723,0.0,0.0,120,0.0
10-208-01106,BIHAR,Supaul,Saraigarh Bhaptiyahi,0,0,,223,10,1106,,105489.5116383213,257042943.27229512,0.0,0.0,189,0.0
10-208-01107,BIHAR,Supaul,Kishanpur,0,0,,223,10,1107,,125516.73810076228,248613546.3002807,0.0,0.0,177,0.0
10-208-01108,BIHAR,Supaul,Marauna,0,0,,223,10,1108,,114969.59778192453,206419565.01179272,0.0,0.0,149,0.0
10-208-01109,BIHAR,Supaul,Supaul,0,0,,223,10,1109,,122628.008173687,390920691.5720901,0.0,0.0,287,0.0
10-208-01110,BIHAR,Supaul,Pipra,0,0,,223,10,1110,,113516.78657800167,247320462.25611627,0.0,0.0,181,0.0
10-221-01287,BIHAR,Samastipur,Khanpur,0,0,,217,10,1287,,89337.20668890505,173313349.37261373,0.0,0.0,127,0.0
10-208-01111,BIHAR,Supaul,Tribeniganj,0,0,,223,10,1111,,136684.8917573132,402291551.99740016,0.0,0.0,290,0.0
10-209-01112,BIHAR,Araria,Narpatganj,0,0,,188,10,1112,,196352.82868709194,482872068.7863751,0.0,0.0,351,0.0
10-209-01113,BIHAR,Araria,Forbesganj,0,0,,188,10,1113,,165874.55860340688,546946456.996027,0.0,0.0,392,0.0
10-209-01114,BIHAR,Araria,Bhargama,0,0,,188,10,1114,,140909.75235341018,280499778.1128878,0.0,0.0,206,0.0
10-209-01115,BIHAR,Araria,Raniganj,0,0,,188,10,1115,,160625.61646677545,576910744.770993,0.0,0.0,418,0.0
10-209-01116,BIHAR,Araria,Araria,0,0,,188,10,1116,,192057.15187743204,506918787.2643526,0.0,0.0,371,0.0
10-209-01117,BIHAR,Araria,Kursakatta,0,0,,188,10,1117,,96566.38525637137,201032230.408231,0.0,0.0,147,0.0
10-209-01118,BIHAR,Araria,Sikti,0,0,,188,10,1118,,116798.35346995249,237753016.2819182,0.0,0.0,177,0.0
10-209-01119,BIHAR,Araria,Palasi,0,0,,188,10,1119,,132578.70192307016,306240761.34804773,0.0,0.0,222,0.0
10-209-01120,BIHAR,Araria,Jokihat,0,0,,188,10,1120,,155370.9524619173,341005127.7602247,0.0,0.0,246,0.0
10-210-01121,BIHAR,Kishanganj,Terhagachh,0,0,,203,10,1121,,121953.02658094271,245208326.38245347,0.0,0.0,175,0.0
10-210-01122,BIHAR,Kishanganj,Dighalbank,0,0,,203,10,1122,,147432.83262190674,314385668.4331173,0.0,0.0,224,0.0
10-211-01129,BIHAR,Purnia,Barhara,0,0,,214,10,1129,,111073.17449432175,288009141.38478667,0.0,0.0,212,0.0
10-211-01130,BIHAR,Purnia,Bhawanipur,0,0,,214,10,1130,,116656.34435182877,201938838.4795833,0.0,0.0,147,0.0
10-211-01131,BIHAR,Purnia,Rupauli,0,0,,214,10,1131,,113946.660566684,308195114.8462847,0.0,0.0,227,0.0
10-211-01132,BIHAR,Purnia,Dhamdaha,0,0,,214,10,1132,,135370.01293426772,446856166.039676,0.0,0.0,326,0.0
10-211-01133,BIHAR,Purnia,Krityanand Nagar,0,0,,214,10,1133,,149407.41850079046,364443041.21247435,0.0,0.0,274,0.0
10-211-01134,BIHAR,Purnia,Purnia East,0,0,,214,10,1134,,127662.13358515713,309272824.56310594,0.0,0.0,228,0.0
10-211-01135,BIHAR,Purnia,Kasba,0,0,,214,10,1135,,130095.64608516233,215123054.3424731,0.0,0.0,154,0.0
10-211-01136,BIHAR,Purnia,Srinagar,0,0,,214,10,1136,,106220.57404900706,172405807.6412187,0.0,0.0,122,0.0
10-211-01137,BIHAR,Purnia,Jalalgarh,0,0,,214,10,1137,,87146.39992638786,142107808.6772385,0.0,0.0,102,0.0
10-211-01138,BIHAR,Purnia,Amour,0,0,,214,10,1138,,141371.93624621196,307011870.96961224,0.0,0.0,225,0.0
10-211-01139,BIHAR,Purnia,Baisa,0,0,,214,10,1139,,132173.35304950457,275191667.549805,0.0,0.0,197,0.0
10-211-01140,BIHAR,Purnia,Baisi,0,0,,214,10,1140,,118169.54825440844,253873549.02719215,0.0,0.0,187,0.0
10-211-01141,BIHAR,Purnia,Dagarua,0,0,,214,10,1141,,129309.28146976323,257465778.6329552,0.0,0.0,180,0.0
10-212-01142,BIHAR,Katihar,Falka,0,0,,201,10,1142,,100518.70580952488,208374539.8829749,0.0,0.0,150,0.0
10-212-01143,BIHAR,Katihar,Korha,0,0,,201,10,1143,,137118.64195203967,368801327.90483874,0.0,0.0,273,0.0
10-212-01144,BIHAR,Katihar,Hasanganj,0,0,,201,10,1144,,78227.29832785497,86155111.41022065,0.0,0.0,62,0.0
10-212-01145,BIHAR,Katihar,Kadwa,0,0,,201,10,1145,,157692.68144088247,420129854.10490626,0.0,0.0,307,0.0
10-212-01146,BIHAR,Katihar,Balrampur,0,0,,201,10,1146,,141815.18317465586,216253207.31133217,0.0,0.0,151,0.0
10-212-01147,BIHAR,Katihar,Barsoi,0,0,,201,10,1147,,172308.8160052511,357713388.6445612,0.0,0.0,261,0.0
10-212-01148,BIHAR,Katihar,Azamnagar,0,0,,201,10,1148,,141791.77759222616,349759708.1212404,0.0,0.0,253,0.0
10-221-01290,BIHAR,Samastipur,Tajpur,0,0,,217,10,1290,,57166.77792153786,83856612.1105223,0.0,0.0,61,0.0
10-212-01149,BIHAR,Katihar,Pranpur,0,0,,201,10,1149,,111803.70370561493,191475637.62126103,0.0,0.0,141,0.0
10-212-01150,BIHAR,Katihar,Dandkhora,0,0,,201,10,1150,,70987.07501110679,111201189.06340708,0.0,0.0,81,0.0
10-212-01151,BIHAR,Katihar,Katihar,0,0,,201,10,1151,,76845.81968857624,136830037.77828172,0.0,0.0,100,0.0
10-212-01152,BIHAR,Katihar,Mansahi,0,0,,201,10,1152,,73279.06289841712,97405011.1871763,0.0,0.0,73,0.0
10-212-01155,BIHAR,Katihar,Kursela,0,0,,201,10,1155,,80348.39413748268,153683091.52761996,0.0,0.0,117,0.0
10-212-01153,BIHAR,Katihar,Barari,0,0,,201,10,1153,,107333.93297446336,407446973.1478653,0.0,0.0,292,0.0
10-212-01154,BIHAR,Katihar,Sameli,0,0,,201,10,1154,,75105.36277909,118027198.2496544,0.0,0.0,81,0.0
10-212-01156,BIHAR,Katihar,Manihari,0,0,,201,10,1156,,130162.81635074862,303859830.4099729,0.0,0.0,221,0.0
10-212-01157,BIHAR,Katihar,Amdabad,0,0,,201,10,1157,,103742.71814675455,228302986.79665467,0.0,0.0,164,0.0
10-213-01158,BIHAR,Madhepura,Gamharia,0,0,,205,10,1158,,80141.00377515821,125479849.27382244,0.0,0.0,89,0.0
10-213-01160,BIHAR,Madhepura,Ghailarh,0,0,,205,10,1160,,78865.70647224285,116219722.2388165,0.0,0.0,83,0.0
10-213-01159,BIHAR,Madhepura,Singheshwar,0,0,,205,10,1159,,111627.30849980874,111167268.35246354,0.0,0.0,78,0.0
10-216-01210,BIHAR,Muzaffarpur,Bandra,0,0,,208,10,1210,,74293.85759884378,142020443.31484023,0.0,0.0,103,0.0
10-213-01161,BIHAR,Madhepura,Madhepura,0,0,,205,10,1161,,115084.47931226583,237801277.85767865,0.0,0.0,175,0.0
10-213-01162,BIHAR,Madhepura,Shankarpur,0,0,,205,10,1162,,63984.56408470212,128790837.874554,0.0,0.0,94,0.0
10-213-01163,BIHAR,Madhepura,Kumarkhand,0,0,,205,10,1163,,118191.24796123093,316976886.68211347,0.0,0.0,230,0.0
10-213-01164,BIHAR,Madhepura,Murliganj,0,0,,205,10,1164,,94211.11378994165,247086114.21145928,0.0,0.0,179,0.0
10-221-01293,BIHAR,Samastipur,Mohanpur,0,0,,217,10,1293,,74468.46489139357,163000016.77407515,0.0,0.0,120,0.0
10-213-01165,BIHAR,Madhepura,Gwalpara,0,0,,205,10,1165,,78037.2495556277,147267353.58482873,0.0,0.0,109,0.0
10-214-01172,BIHAR,Saharsa,Satar Kataiya,0,0,,216,10,1172,,77878.75925155886,177382280.64763528,0.0,0.0,130,0.0
10-213-01166,BIHAR,Madhepura,Bihariganj,0,0,,205,10,1166,,79669.40805645821,133818744.70956944,0.0,0.0,98,0.0
10-216-01211,BIHAR,Muzaffarpur,Dholi (Moraul),0,0,,208,10,1211,,63030.361633940505,73298422.6275262,0.0,0.0,50,0.0
10-213-01167,BIHAR,Madhepura,Kishanganj,0,0,,205,10,1167,,99817.47531025465,188055937.5971522,0.0,0.0,133,0.0
10-216-01212,BIHAR,Muzaffarpur,Musahri,0,0,,208,10,1212,,211487.75457487197,365415439.5943066,0.0,0.0,267,0.0
10-213-01168,BIHAR,Madhepura,Puraini,0,0,,205,10,1168,,63416.842365887525,103114850.3546553,0.0,0.0,76,0.0
10-214-01174,BIHAR,Saharsa,Kahara,0,0,,216,10,1174,,81070.16203244023,176788302.3737116,0.0,0.0,128,0.0
10-213-01169,BIHAR,Madhepura,Alamnagar,0,0,,205,10,1169,,94357.42058114092,211989804.11375904,0.0,0.0,151,0.0
10-213-01170,BIHAR,Madhepura,Chausa,0,0,,205,10,1170,,87285.75133964,172516848.53860697,0.0,0.0,124,0.0
10-214-01171,BIHAR,Saharsa,Nauhatta,0,0,,216,10,1171,,93228.84620468391,212763144.21707585,0.0,0.0,151,0.0
10-217-01227,BIHAR,Gopalganj,Sidhwalia,0,0,,197,10,1227,,69457.48217743407,152022198.31601515,0.0,0.0,109,0.0
10-214-01173,BIHAR,Saharsa,Mahishi,0,0,,216,10,1173,,106372.46434789852,273075178.2794974,0.0,0.0,195,0.0
10-214-01175,BIHAR,Saharsa,Saur Bazar,0,0,,216,10,1175,,88121.22998090234,233228921.9025612,0.0,0.0,171,0.0
10-214-01176,BIHAR,Saharsa,Patarghat,0,0,,216,10,1176,,67497.21582029684,149681422.04156074,0.0,0.0,105,0.0
10-214-01177,BIHAR,Saharsa,Sonbarsa,0,0,,216,10,1177,,90185.02153799882,263952116.041209,0.0,0.0,193,0.0
10-216-01199,BIHAR,Muzaffarpur,Sahebganj,0,0,,208,10,1199,,80060.99972290538,253055918.70266867,0.0,0.0,189,0.0
10-214-01178,BIHAR,Saharsa,Simri Bakhtiarpur,0,0,,216,10,1178,,119116.35548129058,266466354.66217396,0.0,0.0,194,0.0
10-214-01179,BIHAR,Saharsa,Salkhua,0,0,,216,10,1179,,82412.26684571667,221182533.93573853,0.0,0.0,163,0.0
10-214-01180,BIHAR,Saharsa,Banma Itahri,0,0,,216,10,1180,,54286.501575749484,92822449.4552088,0.0,0.0,68,0.0
10-215-01181,BIHAR,Darbhanga,Jale,0,0,,195,10,1181,,112473.57051363293,234172285.01568127,0.0,0.0,171,0.0
10-215-01182,BIHAR,Darbhanga,Singhwara,0,0,,195,10,1182,,121368.62688362494,223279889.67870736,0.0,0.0,162,0.0
10-215-01183,BIHAR,Darbhanga,Keotiranway,0,0,,195,10,1183,,89515.08566239705,180205403.4644349,0.0,0.0,131,0.0
10-215-01184,BIHAR,Darbhanga,Darbhanga,0,0,,195,10,1184,,131883.04966973627,240721362.1475316,0.0,0.0,174,0.0
10-215-01185,BIHAR,Darbhanga,Manigachhi,0,0,,195,10,1185,,96856.01003306538,158887287.31255177,0.0,0.0,114,0.0
10-215-01186,BIHAR,Darbhanga,Tardih,0,0,,195,10,1186,,96398.42232606321,109520018.96976715,0.0,0.0,79,0.0
10-215-01187,BIHAR,Darbhanga,Alinagar,0,0,,195,10,1187,,105560.56246873255,146523357.5416611,0.0,0.0,105,0.0
10-215-01188,BIHAR,Darbhanga,Benipur,0,0,,195,10,1188,,118482.30854716274,204643530.87647069,0.0,0.0,150,0.0
10-215-01189,BIHAR,Darbhanga,Bahadurpur,0,0,,195,10,1189,,155637.00049509996,221161760.4253616,0.0,0.0,158,0.0
10-215-01190,BIHAR,Darbhanga,Hanumannagar,0,0,,195,10,1190,,114393.83215098479,181536916.32106537,0.0,0.0,130,0.0
10-215-01191,BIHAR,Darbhanga,Hayaghat,0,0,,195,10,1191,,66118.49929402806,108810529.75916524,0.0,0.0,77,0.0
10-215-01192,BIHAR,Darbhanga,Baheri,0,0,,195,10,1192,,128629.1579498372,271307286.95794886,0.0,0.0,195,0.0
10-215-01193,BIHAR,Darbhanga,Biraul,0,0,,195,10,1193,,135706.32971678255,230203939.26841983,0.0,0.0,167,0.0
10-215-01194,BIHAR,Darbhanga,Ghanshyampur,0,0,,195,10,1194,,76766.91373126305,103945643.9979024,0.0,0.0,78,0.0
10-215-01195,BIHAR,Darbhanga,Kiratpur,0,0,,195,10,1195,,78793.19278562842,78915927.53877336,0.0,0.0,60,0.0
10-215-01196,BIHAR,Darbhanga,Gora Bauram,0,0,,195,10,1196,,99804.03366816713,145653476.81698695,0.0,0.0,104,0.0
10-215-01197,BIHAR,Darbhanga,Kusheshwar Asthan,0,0,,195,10,1197,,87220.16498537568,144130520.9401011,0.0,0.0,107,0.0
10-215-01198,BIHAR,Darbhanga,Kusheshwar Asthan Purbi,0,0,,195,10,1198,,91858.86035222423,150084285.43545517,0.0,0.0,112,0.0
10-216-01200,BIHAR,Muzaffarpur,Baruraj (Motipur),0,0,,208,10,1200,,125110.13599018812,365259305.4740948,0.0,0.0,263,0.0
10-216-01201,BIHAR,Muzaffarpur,Paroo,0,0,,208,10,1201,,136934.87791145188,413033977.3448192,0.0,0.0,295,0.0
10-216-01202,BIHAR,Muzaffarpur,Saraiya,0,0,,208,10,1202,,155820.80051537574,301402655.1404849,0.0,0.0,218,0.0
10-216-01203,BIHAR,Muzaffarpur,Marwan,0,0,,208,10,1203,,84959.92762229654,138736310.53842777,0.0,0.0,101,0.0
10-216-01204,BIHAR,Muzaffarpur,Kanti,0,0,,208,10,1204,,97122.90469976026,124757584.36625764,0.0,0.0,91,0.0
10-216-01205,BIHAR,Muzaffarpur,Minapur,0,0,,208,10,1205,,166218.11946715685,316124209.98756105,0.0,0.0,228,0.0
10-216-01206,BIHAR,Muzaffarpur,Bochaha,0,0,,208,10,1206,,126044.68100944142,233148755.94160384,0.0,0.0,167,0.0
10-216-01207,BIHAR,Muzaffarpur,Aurai,0,0,,208,10,1207,,101267.16719990574,247748190.77792475,0.0,0.0,177,0.0
10-216-01208,BIHAR,Muzaffarpur,Katra,0,0,,208,10,1208,,118891.9342746819,235108975.17115793,0.0,0.0,171,0.0
10-216-01209,BIHAR,Muzaffarpur,Gaighat,0,0,,208,10,1209,,111008.49869520529,259762671.68662548,0.0,0.0,191,0.0
10-216-01213,BIHAR,Muzaffarpur,Kurhani,0,0,,208,10,1213,,108106.10574110712,256354911.2077163,0.0,0.0,187,0.0
10-216-01214,BIHAR,Muzaffarpur,Sakra,0,0,,208,10,1214,,105121.4777371614,236360031.18726787,0.0,0.0,175,0.0
10-217-01215,BIHAR,Gopalganj,Katiya,0,0,,197,10,1215,,94755.55253264701,158441587.458013,0.00031698653156280517,0.0002490608462279183,112,0.027894814777526852
10-217-01216,BIHAR,Gopalganj,Bijaipur,0,0,,197,10,1216,,81309.59717969262,163112176.36717936,0.00031698653156280517,0.0003169865315628051,120,0.038038383787536614
10-217-01217,BIHAR,Gopalganj,Bhorey,0,0,,197,10,1217,,78790.65552761848,196013266.46535653,0.00031698653156280517,0.0001650971518556277,144,0.023773989867210386
10-217-01218,BIHAR,Gopalganj,Pach Deuri,0,0,,197,10,1218,,53698.212932643866,118295317.11973979,0.0,0.0,85,0.0
10-217-01219,BIHAR,Gopalganj,Kuchaikote,0,0,,197,10,1219,,101077.28158428885,316078491.04748106,0.0,0.0,226,0.0
10-217-01220,BIHAR,Gopalganj,Phulwaria,0,0,,197,10,1220,,81339.22200232239,118763292.85091434,0.0,0.0,89,0.0
10-217-01221,BIHAR,Gopalganj,Hathua,0,0,,197,10,1221,,91546.96202775641,183613061.83342972,0.00030451538791656497,0.00020141175263772802,127,0.025579292584991458
10-217-01222,BIHAR,Gopalganj,Uchkagaon,0,0,,197,10,1222,,80102.93001981139,142235093.67043933,0.00030451538791656497,2.0109506749207117e-05,106,0.0021316077154159545
10-217-01223,BIHAR,Gopalganj,Thawe,0,0,,197,10,1223,,57244.55575246375,89300191.60424533,0.00030451538791656497,4.758052936196328e-06,64,0.00030451538791656497
10-217-01224,BIHAR,Gopalganj,Gopalganj,0,0,,197,10,1224,,110313.13172782106,244420793.60160467,0.0,0.0,182,0.0
10-218-01232,BIHAR,Siwan,Goriakothi,0,0,,222,10,1232,,73201.39147651673,174963939.23516312,0.0,0.0,127,0.0
10-217-01225,BIHAR,Gopalganj,Manjha,0,0,,197,10,1225,,80242.78538873792,179389027.9828925,0.0,0.0,131,0.0
10-217-01226,BIHAR,Gopalganj,Barauli,0,0,,197,10,1226,,105754.79057670098,232227972.12586737,0.0,0.0,170,0.0
10-217-01228,BIHAR,Gopalganj,Baikunthpur,0,0,,197,10,1228,,97825.58906166903,256614409.24172768,0.0,0.0,185,0.0
10-218-01229,BIHAR,Siwan,Nautan,0,0,,222,10,1229,,58324.35348563096,81827813.66620097,0.00030451538791656497,0.00030451538791656497,58,0.017661892499160767
10-218-01230,BIHAR,Siwan,Siwan,0,0,,222,10,1230,,92599.06904644772,168879532.28230655,0.00030451538791656497,0.00027870899911007637,118,0.03288766189498901
10-218-01235,BIHAR,Siwan,Bhagwanpur Hat,0,0,,222,10,1235,,86430.4184146014,189582799.91524476,0.000158667204284668,2.5294771697555763e-05,138,0.0034906784942626955
10-218-01231,BIHAR,Siwan,Barharia,0,0,,222,10,1231,,90315.6629531122,219606934.01516393,0.00030451538791656497,5.709663523435593e-06,160,0.0009135461637496949
10-218-01233,BIHAR,Siwan,Lakri Nabiganj,0,0,,222,10,1233,,79648.98713303795,120773104.6039552,0.0,0.0,88,0.0
10-218-01234,BIHAR,Siwan,Basantpur,0,0,,222,10,1234,,57871.378293950496,76675463.02480637,0.0,0.0,56,0.0
10-218-01236,BIHAR,Siwan,Maharajganj,0,0,,222,10,1236,,119387.58843212528,142817377.5161484,0.000158667204284668,6.0077873467010215e-05,103,0.006188020967102052
10-218-01237,BIHAR,Siwan,Pachrukhi,0,0,,222,10,1237,,99183.2392802834,160709761.40986398,0.00030451538791656497,1.301347811609252e-05,117,0.0015225769395828248
10-218-01238,BIHAR,Siwan,Hussainganj,0,0,,222,10,1238,,68784.84800107122,105975934.30464326,0.00030451538791656497,0.0002684598118519139,74,0.01986602607704163
10-218-01239,BIHAR,Siwan,Ziradei,0,0,,222,10,1239,,98825.50869312549,152221780.48504183,0.00030451538791656497,0.0003039928889853675,111,0.0337432106773758
10-218-01240,BIHAR,Siwan,Mairwa,0,0,,222,10,1240,,65279.2242200428,88898123.37504825,0.00035017131332397465,0.0003065906572532654,66,0.020234983378715515
10-218-01242,BIHAR,Siwan,Darauli,0,0,,222,10,1242,,90305.00161970501,214758375.6239279,0.0004981902574157715,0.0003178812693008915,155,0.04927159674163818
10-218-01241,BIHAR,Siwan,Guthani,0,0,,222,10,1241,,78778.78773845347,115110806.99004474,0.00035017131332397465,0.00034683063585513977,82,0.02844011214012146
10-219-01248,BIHAR,Saran,Mashrakh,0,0,,218,10,1248,,82075.7710341599,165898243.02109933,0.0,0.0,121,0.0
10-218-01243,BIHAR,Siwan,Andar,0,0,,222,10,1243,,83358.60866933218,125625010.62434034,0.00030451538791656497,0.00025318437222754815,87,0.02202704038379669
10-219-01249,BIHAR,Saran,Panapur,0,0,,218,10,1249,,75875.09329534958,182360909.7404776,0.0,0.0,128,0.0
10-218-01244,BIHAR,Siwan,Raghunathpur,0,0,,222,10,1244,,87824.68008836384,193566358.3438411,0.0002465180065536499,0.00024651800655364986,143,0.03525207493717193
10-219-01250,BIHAR,Saran,Taraiya,0,0,,218,10,1250,,53629.0613522338,97307015.09151264,0.0,0.0,74,0.0
10-218-01245,BIHAR,Siwan,Hasanpura,0,0,,222,10,1245,,82786.09108287447,121956119.03175904,0.0002465180065536499,0.00019238151779481737,87,0.01673719204814911
10-219-01251,BIHAR,Saran,Ishupur,0,0,,218,10,1251,,62425.60798229613,109300191.56908256,0.0,0.0,76,0.0
10-218-01246,BIHAR,Siwan,Daraundha,0,0,,222,10,1246,,105400.53795370483,157911066.26165873,0.000158667204284668,0.0001379714819866678,115,0.015866720428466798
10-219-01256,BIHAR,Saran,Jalalpur,0,0,,218,10,1256,,65042.73641147566,147549697.72689733,0.00036942940364837645,0.00010064499392473476,106,0.010668369356021884
10-218-01247,BIHAR,Siwan,Siswan,0,0,,222,10,1247,,98184.39847010886,155554872.77293277,0.0002465180065536499,0.00018478501036463558,111,0.02051113615047455
10-219-01259,BIHAR,Saran,Nagra,0,0,,218,10,1259,,43289.948409307304,65110006.46242106,0.0002559386036872864,0.00010891004412224955,47,0.005118772073745729
10-219-01252,BIHAR,Saran,Baniapur,0,0,,218,10,1252,,89199.8841803021,219417775.87250236,0.000158667204284668,3.893673724777129e-06,163,0.000634668817138672
10-219-01253,BIHAR,Saran,Lahladpur,0,0,,218,10,1253,,49287.19248841685,70233795.44130237,0.000158667204284668,8.568029031372073e-05,50,0.0042840145156860365
10-219-01254,BIHAR,Saran,Ekma,0,0,,218,10,1254,,99716.17236158185,176114988.01319405,0.000158667204284668,0.000158667204284668,128,0.020309402148437503
10-219-01255,BIHAR,Saran,Manjhi,0,0,,218,10,1255,,127085.43562979231,244607530.98349065,0.00036942940364837645,0.00020462176411946618,180,0.03683191754150391
10-219-01257,BIHAR,Saran,Revelganj,0,0,,218,10,1257,,84877.1419542779,179359801.45379385,0.00036942940364837645,0.00026501786768417363,125,0.0331272334605217
10-219-01258,BIHAR,Saran,Chapra,0,0,,218,10,1258,,119729.94798472138,239470568.44351175,0.0002559386036872864,0.00023994244095683096,176,0.04222986960840225
10-219-01260,BIHAR,Saran,Marhaura,0,0,,218,10,1260,,87240.95030017926,190752130.05196184,0.0002559386036872864,7.472659961672595e-06,137,0.0010237544147491456
10-219-01261,BIHAR,Saran,Amnour,0,0,,218,10,1261,,94922.90618840617,160109081.4065653,0.0002559386036872864,4.3379424353777355e-06,118,0.0005118772073745728
10-219-01263,BIHAR,Saran,Parsa,0,0,,218,10,1263,,85595.91054800974,122749042.93573296,0.0,0.0,88,0.0
10-219-01266,BIHAR,Saran,Dighwara,0,0,,218,10,1266,,81943.45164265168,101347015.6655549,0.0,0.0,72,0.0
10-219-01264,BIHAR,Saran,Dariapur,0,0,,218,10,1264,,115477.27251924115,281302380.67878103,0.0,0.0,202,0.0
10-219-01265,BIHAR,Saran,Garkha,0,0,,218,10,1265,,90147.74693968748,213336409.9887166,0.0002559386036872864,0.00013129317981360795,154,0.020219149691295624
10-220-01269,BIHAR,Vaishali,Paterhi Belsar,0,0,,224,10,1269,,56227.36197278124,93522597.26160131,0.0,0.0,69,0.0
10-219-01267,BIHAR,Saran,Sonepur,0,0,,218,10,1267,,70412.64000247594,214865144.18564072,0.0,0.0,162,0.0
10-220-01268,BIHAR,Vaishali,Vaishali,0,0,,224,10,1268,,72706.90824879723,158663399.21103516,0.0,0.0,114,0.0
10-220-01270,BIHAR,Vaishali,Lalganj,0,0,,224,10,1270,,89595.71916906572,184177988.41986412,0.0,0.0,133,0.0
10-221-01294,BIHAR,Samastipur,Mohiuddinagar,0,0,,217,10,1294,,80607.53716768604,178536106.2701614,0.0,0.0,130,0.0
10-220-01271,BIHAR,Vaishali,Bhagwanpur,0,0,,224,10,1271,,98965.72708266653,142473218.81446454,0.0,0.0,102,0.0
10-220-01272,BIHAR,Vaishali,Goraul,0,0,,224,10,1272,,101989.77906286377,122446101.92943335,0.0,0.0,87,0.0
10-220-01273,BIHAR,Vaishali,Chehra Kalan,0,0,,224,10,1273,,63204.34388206024,89818122.94593617,0.0,0.0,66,0.0
10-220-01277,BIHAR,Vaishali,Raja Pakar,0,0,,224,10,1277,,58946.08844196175,93673217.82917874,0.0,0.0,72,0.0
10-220-01274,BIHAR,Vaishali,Patepur,0,0,,224,10,1274,,118180.33822078991,317029999.71255994,0.0,0.0,234,0.0
10-220-01275,BIHAR,Vaishali,Mahua,0,0,,224,10,1275,,86273.82517515696,171155586.12447235,0.0,0.0,125,0.0
10-220-01276,BIHAR,Vaishali,Jandaha,0,0,,224,10,1276,,99044.76663725945,179891527.10359335,0.0,0.0,128,0.0
10-220-01278,BIHAR,Vaishali,Hajipur,0,0,,224,10,1278,,80048.24731377292,194916759.16986817,0.0,0.0,140,0.0
10-220-01280,BIHAR,Vaishali,Bidupur,0,0,,224,10,1280,,88122.3198685409,139375575.9420912,0.0,0.0,99,0.0
10-220-01279,BIHAR,Vaishali,Raghopur,0,0,,224,10,1279,,128641.49950069311,338499790.0832371,0.0,0.0,246,0.0
10-220-01281,BIHAR,Vaishali,Desri,0,0,,224,10,1281,,50183.809114488824,56627949.53624974,0.0,0.0,43,0.0
10-221-01284,BIHAR,Samastipur,Kalyanpur,0,0,,217,10,1284,,147387.26660455638,294821482.9966942,0.0,0.0,214,0.0
10-221-01286,BIHAR,Samastipur,Shivaji Nagar,0,0,,217,10,1286,,96209.25031894707,172333979.18990555,0.0,0.0,130,0.0
10-221-01288,BIHAR,Samastipur,Samastipur,0,0,,217,10,1288,,112474.97484539819,170577777.20953664,0.0,0.0,123,0.0
10-221-01289,BIHAR,Samastipur,Pusa,0,0,,217,10,1289,,64081.7615729533,95008289.7510354,0.0,0.0,65,0.0
10-221-01291,BIHAR,Samastipur,Morwa,0,0,,217,10,1291,,104551.97847793197,152111293.7773472,0.0,0.0,106,0.0
10-221-01292,BIHAR,Samastipur,Patori,0,0,,217,10,1292,,69422.25062895294,130638318.44440164,0.0,0.0,93,0.0
10-221-01295,BIHAR,Samastipur,Sarairanjan,0,0,,217,10,1295,,96463.23467310029,185572344.2706523,0.0,0.0,145,0.0
10-221-01296,BIHAR,Samastipur,Vidyapati Nagar,0,0,,217,10,1296,,62930.2690484309,106322816.42401849,0.0,0.0,75,0.0
10-221-01297,BIHAR,Samastipur,Dalsinghsarai,0,0,,217,10,1297,,80515.23552986495,118201268.21451648,0.0,0.0,89,0.0
10-221-01298,BIHAR,Samastipur,Ujiarpur,0,0,,217,10,1298,,81756.09445970641,209497824.1015558,0.0,0.0,149,0.0
10-221-01300,BIHAR,Samastipur,Rosera,0,0,,217,10,1300,,84599.34785899956,138535375.895554,0.0,0.0,97,0.0
10-221-01299,BIHAR,Samastipur,Bibhutpur,0,0,,217,10,1299,,96600.53522783429,258332531.194082,0.0,0.0,187,0.0
10-221-01301,BIHAR,Samastipur,Singhia,0,0,,217,10,1301,,76055.88015393679,178639507.67998633,0.0,0.0,128,0.0
10-222-01307,BIHAR,Begusarai,Cheria Bariarpur,0,0,,191,10,1307,,80422.0696045629,127840547.1243011,0.0,0.0,89,0.0
10-221-01302,BIHAR,Samastipur,Hasanpur,0,0,,217,10,1302,,122795.93417076243,188091095.39019313,0.0,0.0,138,0.0
10-221-01303,BIHAR,Samastipur,Bithan,0,0,,217,10,1303,,72838.55780104545,149849875.79630712,0.0,0.0,109,0.0
10-222-01304,BIHAR,Begusarai,Khudabandpur,0,0,,191,10,1304,,49522.71992212785,59617610.47663844,0.0,0.0,39,0.0
10-222-01305,BIHAR,Begusarai,Chhorahi,0,0,,191,10,1305,,96201.09768359947,128309829.49376953,0.0,0.0,94,0.0
10-222-01306,BIHAR,Begusarai,Garhpura,0,0,,191,10,1306,,69581.28073662621,88651595.91159394,0.0,0.0,68,0.0
10-222-01308,BIHAR,Begusarai,Bhagwanpur,0,0,,191,10,1308,,102620.52088176137,147276258.21886113,0.0,0.0,106,0.0
10-223-01324,BIHAR,Khagaria,Mansi,0,0,,202,10,1324,,70720.37786012898,86151878.56106131,0.0,0.0,69,0.0
10-222-01309,BIHAR,Begusarai,Mansurchak,0,0,,191,10,1309,,55538.61039021854,42158333.283958256,0.0,0.0,31,0.0
10-224-01333,BIHAR,Bhagalpur,Rangra Chowk,0,0,,192,10,1333,,56200.86409227388,97946271.45940188,0.0,0.0,71,0.0
10-222-01310,BIHAR,Begusarai,Bachhwara,0,0,,191,10,1310,,112893.55520851951,186501763.14040864,0.0,0.0,138,0.0
10-222-01311,BIHAR,Begusarai,Teghra,0,0,,191,10,1311,,93442.93751421869,180050069.66821858,0.0,0.0,129,0.0
10-222-01312,BIHAR,Begusarai,Barauni,0,0,,191,10,1312,,90573.71511882372,141812926.41245717,0.0,0.0,102,0.0
10-222-01313,BIHAR,Begusarai,Birpur,0,0,,191,10,1313,,69057.86510087451,64693086.30641256,0.0,0.0,53,0.0
10-222-01314,BIHAR,Begusarai,Begusarai,0,0,,191,10,1314,,114572.02827886646,273941103.5239774,0.0,0.0,200,0.0
10-222-01315,BIHAR,Begusarai,Naokothi,0,0,,191,10,1315,,61794.845266753924,91575422.87048158,0.0,0.0,64,0.0
10-222-01316,BIHAR,Begusarai,Bakhri,0,0,,191,10,1316,,74902.13049058078,94921186.04856166,0.0,0.0,66,0.0
10-222-01317,BIHAR,Begusarai,Dandari,0,0,,191,10,1317,,77075.31892237118,85364223.36403492,0.0,0.0,65,0.0
10-222-01318,BIHAR,Begusarai,Sahebpur Kamal,0,0,,191,10,1318,,97820.3506924087,179327758.1582562,0.0,0.0,131,0.0
10-222-01319,BIHAR,Begusarai,Balia,0,0,,191,10,1319,,95726.56851828664,181873531.04775092,0.0,0.0,133,0.0
10-222-01320,BIHAR,Begusarai,Matihani,0,0,,191,10,1320,,104199.58891726227,214311339.790948,0.0,0.0,157,0.0
10-222-01321,BIHAR,Begusarai,Shamho Akha Kurha,0,0,,191,10,1321,,47884.70174269599,82130306.58899558,0.0,0.0,58,0.0
10-223-01322,BIHAR,Khagaria,Alauli,0,0,,202,10,1322,,117176.16085281859,337532903.06560946,0.0,0.0,244,0.0
10-223-01323,BIHAR,Khagaria,Khagaria,0,0,,202,10,1323,,164255.4907534744,325761754.1557925,0.0,0.0,229,0.0
10-223-01325,BIHAR,Khagaria,Chautham,0,0,,202,10,1325,,88833.5659059585,205164632.7891582,0.0,0.0,148,0.0
10-228-01376,BIHAR,Sheikhpura,Chewara,0,0,,219,10,1376,,77279.14911837938,141385828.1075451,0.000261845474357605,0.00026022699021978286,103,0.026803379992637634
10-223-01326,BIHAR,Khagaria,Beldaur,0,0,,202,10,1326,,101449.44415348554,276820454.1841197,0.0,0.0,203,0.0
10-223-01327,BIHAR,Khagaria,Gogri,0,0,,202,10,1327,,109725.85953588395,321971045.3784509,0.0,0.0,231,0.0
10-223-01328,BIHAR,Khagaria,Parbatta,0,0,,202,10,1328,,89952.53209418767,286770838.53234714,0.0,0.0,215,0.0
10-224-01329,BIHAR,Bhagalpur,Narayanpur,0,0,,192,10,1329,,96964.50839109154,173637043.38008544,0.0,0.0,125,0.0
10-224-01330,BIHAR,Bhagalpur,Bihpur,0,0,,192,10,1330,,98960.16392998041,189427956.2070791,0.0,0.0,141,0.0
10-234-01472,BIHAR,Rohtas,Akorhi Gola,0,0,,215,10,1472,,71741.57946050014,124356844.03544964,0.0005730027855682374,0.0005730027855682374,94,0.05386226184341432
10-224-01331,BIHAR,Bhagalpur,Kharik,0,0,,192,10,1331,,103106.05203500649,169292223.68779984,0.0,0.0,125,0.0
10-224-01332,BIHAR,Bhagalpur,Naugachhia,0,0,,192,10,1332,,91833.23423872421,134223697.96961665,0.0,0.0,95,0.0
10-224-01335,BIHAR,Bhagalpur,Pirpainti,0,0,,192,10,1335,,138631.2255747686,411429376.6216011,0.0,0.0,294,0.0
10-224-01336,BIHAR,Bhagalpur,Kahalgaon,0,0,,192,10,1336,,128722.99744742387,352186242.20537144,0.0,0.0,255,0.0
10-224-01337,BIHAR,Bhagalpur,Ismailpur,0,0,,192,10,1337,,66332.03197363381,102752037.41138108,0.0,0.0,75,0.0
10-224-01338,BIHAR,Bhagalpur,Sabour,0,0,,192,10,1338,,85492.0541239663,141198925.34276122,0.0,0.0,102,0.0
10-226-01359,BIHAR,Munger,Dharhara,0,0,,207,10,1359,,105188.90103685112,355220468.750446,0.0,0.0,262,0.0
10-224-01339,BIHAR,Bhagalpur,Nathnagar,0,0,,192,10,1339,,105259.93673308079,163498377.60317266,0.0,0.0,117,0.0
10-226-01360,BIHAR,Munger,Kharagpur,0,0,,207,10,1360,,169586.30903503796,398589433.5102216,0.0,0.0,291,0.0
10-224-01340,BIHAR,Bhagalpur,Sultanganj,0,0,,192,10,1340,,139861.1879796442,266407467.3450057,0.0,0.0,198,0.0
10-224-01341,BIHAR,Bhagalpur,Shahkund,0,0,,192,10,1341,,93276.90256650816,208798734.37786233,0.0,0.0,153,0.0
10-224-01342,BIHAR,Bhagalpur,Goradih,0,0,,192,10,1342,,106918.08891287447,178026414.43832883,0.0,0.0,128,0.0
10-224-01343,BIHAR,Bhagalpur,Jagdishpur,0,0,,192,10,1343,,107045.71303668506,127447147.46016994,0.0,0.0,95,0.0
10-224-01344,BIHAR,Bhagalpur,Sonhaula,0,0,,192,10,1344,,84463.86530366821,214425428.57327408,0.0,0.0,160,0.0
10-225-01345,BIHAR,Banka,Shambhuganj,0,0,,190,10,1345,,85765.27415008907,217970788.89652416,0.0,0.0,157,0.0
10-225-01346,BIHAR,Banka,Amarpur,0,0,,190,10,1346,,98000.87839154692,234663534.19316816,0.0,0.0,176,0.0
10-225-01347,BIHAR,Banka,Rajaun,0,0,,190,10,1347,,86718.04358754268,242814641.5593075,0.0,0.0,179,0.0
10-226-01363,BIHAR,Munger,Tetiha Bambor,0,0,,207,10,1363,,73286.15332623897,95190725.80042528,0.0,0.0,70,0.0
10-225-01348,BIHAR,Banka,Dhuraiya,0,0,,190,10,1348,,106681.6377356153,285703540.38620996,0.0,0.0,208,0.0
10-225-01349,BIHAR,Banka,Barahat,0,0,,190,10,1349,,122910.23058217819,181202001.14064544,0.0,0.0,129,0.0
10-225-01350,BIHAR,Banka,Banka,0,0,,190,10,1350,,137083.07375503817,365153241.48788345,0.0,0.0,275,0.0
10-225-01351,BIHAR,Banka,Phulidumar,0,0,,190,10,1351,,117105.67306472127,248400685.45023423,0.0,0.0,176,0.0
10-225-01352,BIHAR,Banka,Belhar,0,0,,190,10,1352,,118426.40149548957,290570448.277483,0.0005125976393127442,5.269695357420735e-05,214,0.011277148064880373
10-225-01353,BIHAR,Banka,Chanan,0,0,,190,10,1353,,169565.08902723462,550876204.0147796,0.0005125976393127442,0.00025251147654322775,403,0.10176212504692078
10-225-01354,BIHAR,Banka,Katoria,0,0,,190,10,1354,,180268.89530762268,687665367.2781417,0.00037993636222839354,3.254434975263132e-05,502,0.016337263575820923
10-225-01355,BIHAR,Banka,Bausi,0,0,,190,10,1355,,109314.78149810205,385846183.7170387,0.0,0.0,284,0.0
10-226-01356,BIHAR,Munger,Munger,0,0,,207,10,1356,,162390.1628928388,306519605.49277806,0.0,0.0,227,0.0
10-226-01357,BIHAR,Munger,Bariarpur,0,0,,207,10,1357,,122433.4478606843,198040113.63802013,0.0,0.0,143,0.0
10-226-01358,BIHAR,Munger,Jamalpur,0,0,,207,10,1358,,72817.19566814511,112971204.64248075,0.0,0.0,79,0.0
10-226-01361,BIHAR,Munger,Asarganj,0,0,,207,10,1361,,61173.52838786665,72491453.98190036,0.0,0.0,52,0.0
10-226-01362,BIHAR,Munger,Tarapur,0,0,,207,10,1362,,54416.57713098438,86962445.68425661,0.0,0.0,62,0.0
10-226-01364,BIHAR,Munger,Sangrampur,0,0,,207,10,1364,,71205.18318302365,105786037.21986651,0.0,0.0,80,0.0
10-227-01366,BIHAR,Lakhisarai,Pipariya,0,0,,204,10,1366,,87968.2901826016,106258171.87143916,0.0,0.0,76,0.0
10-227-01365,BIHAR,Lakhisarai,Barahiya,0,0,,204,10,1365,,95965.48426593257,248505135.43154767,0.0,0.0,179,0.0
10-227-01367,BIHAR,Lakhisarai,Surajgarha,0,0,,204,10,1367,,140312.1609931406,462726462.37366486,0.00031723913932800294,4.198753314635333e-05,340,0.014275761269760132
10-227-01368,BIHAR,Lakhisarai,Lakhisarai,0,0,,204,10,1368,,117670.76745524361,181316338.94823277,0.00031723913932800294,2.881216267607266e-05,133,0.0038320176359176636
10-227-01369,BIHAR,Lakhisarai,Chanan*,0,0,,204,10,1369,,86014.87070350182,177670731.10250506,0.00031723913932800294,0.0002577568007040024,128,0.032992870490112305
10-228-01375,BIHAR,Sheikhpura,Ghat Kusumbha,0,0,,219,10,1375,,80592.24583619394,99088070.68237934,0.0,0.0,70,0.0
10-227-01370,BIHAR,Lakhisarai,Ramgarh Chowk,0,0,,204,10,1370,,98990.57354622113,128567389.13844268,0.00031723913932800294,0.0002488285806785746,94,0.02338988658378601
10-227-01371,BIHAR,Lakhisarai,Halsi,0,0,,204,10,1371,,82594.8188222393,191441208.6304817,0.00031723913932800294,0.0002642365678095646,139,0.036728882925529484
10-228-01372,BIHAR,Sheikhpura,Barbigha,0,0,,219,10,1372,,83879.7675047183,115941853.486741,0.0,0.0,81,0.0
10-228-01373,BIHAR,Sheikhpura,Shekhopur Sarai,0,0,,219,10,1373,,59774.96229914819,65955650.61796794,0.000383235908203125,0.00010025457250976565,45,0.004511455762939454
10-228-01374,BIHAR,Sheikhpura,Sheikhpura,0,0,,219,10,1374,,119718.3677454689,225551054.81458032,0.000261845474357605,5.939195859751982e-05,170,0.010096632961578368
10-228-01377,BIHAR,Sheikhpura,Ariari,0,0,,219,10,1377,,87552.5859976097,183445963.63454768,0.000261845474357605,0.00023446710217218334,137,0.03212199299758912
10-229-01378,BIHAR,Nalanda,Karai Parsurai,0,0,,209,10,1378,,58523.47447411047,82148146.79064696,0.00032003568489074707,0.0001440160582008362,60,0.008640963492050171
10-229-01379,BIHAR,Nalanda,Nagar Nausa,0,0,,209,10,1379,,82570.35159490984,108015836.82811198,0.0003596554613876343,0.0001539979391479492,80,0.012319835131835936
10-229-01380,BIHAR,Nalanda,Harnaut,0,0,,209,10,1380,,124869.90123154312,224385440.0517296,0.0003596554613876343,0.00012509755178700323,161,0.02014070583770752
10-229-01381,BIHAR,Nalanda,Chandi,0,0,,209,10,1381,,70527.81459673235,147156102.481168,0.0003596554613876343,0.0003299591388877379,109,0.03596554613876343
10-229-01382,BIHAR,Nalanda,Rahui,0,0,,209,10,1382,,77076.6108369453,152249665.90613127,0.0003596554613876343,0.00034633488874364786,108,0.037404167984313966
10-229-01383,BIHAR,Nalanda,Bind,0,0,,209,10,1383,,70364.80140905235,88091657.81671415,0.0,0.0,66,0.0
10-229-01384,BIHAR,Nalanda,Sarmera,0,0,,209,10,1384,,91044.34634338948,167201876.42476654,0.0,0.0,123,0.0
10-229-01385,BIHAR,Nalanda,Asthawan,0,0,,209,10,1385,,92263.18064708126,171325630.7179731,0.0003596554613876343,6.31623497418213e-05,125,0.007895293717727661
10-229-01387,BIHAR,Nalanda,Noorsarai,0,0,,209,10,1387,,78528.62700534344,151514769.88009417,0.0003596554613876343,0.0003596554613876343,114,0.041000722598190306
10-229-01386,BIHAR,Nalanda,Bihar,0,0,,209,10,1386,,98561.8371020671,215840179.0991975,0.000383235908203125,0.0003480842928893566,160,0.05569348686229706
10-229-01390,BIHAR,Nalanda,Hilsa,0,0,,209,10,1390,,93433.88804652911,175765721.10991755,0.00032003568489074707,0.0003200356848907472,131,0.04192467472068788
10-229-01391,BIHAR,Nalanda,Ekangarsarai,0,0,,209,10,1391,,87121.32234693572,166605847.460251,0.00032003568489074707,0.0003200356848907471,122,0.03904435355667115
10-229-01392,BIHAR,Nalanda,Islampur,0,0,,209,10,1392,,109868.69145522316,273834151.4326934,0.00033156037395477297,0.00032686733046993766,194,0.0634122621111679
10-229-01393,BIHAR,Nalanda,Ben,0,0,,209,10,1393,,66947.54721379357,127526149.56798536,0.000383235908203125,0.0003432965257117089,94,0.03226987341690064
10-230-01398,BIHAR,Patna,Maner,0,0,,212,10,1398,,96133.56350709034,213315300.3597084,0.0002849947024917603,7.96657139280245e-05,154,0.012268519944915773
10-229-01394,BIHAR,Nalanda,Rajgir,0,0,,209,10,1394,,88740.45664753366,198129288.77271983,0.000383235908203125,0.00036144078491470445,147,0.05313179538246155
10-229-01395,BIHAR,Nalanda,Silao,0,0,,209,10,1395,,79220.42929786978,154752836.13944647,0.000383235908203125,0.0003790989877091793,114,0.04321728459884644
10-229-01396,BIHAR,Nalanda,Giriak,0,0,,209,10,1396,,88347.46773236175,99576022.5731765,0.000383235908203125,0.000383235908203125,73,0.027976221298828124
10-229-01397,BIHAR,Nalanda,Katrisarai,0,0,,209,10,1397,,38918.76300208476,48673462.28309288,0.000383235908203125,0.00034594230531692513,36,0.012453922991409305
10-230-01399,BIHAR,Patna,Dinapur-Cum-Khagaul,0,0,,212,10,1399,,78598.21354533077,184765788.04152673,0.00021526835659027102,6.378321676748772e-05,135,0.008610734263610842
10-234-01474,BIHAR,Rohtas,Tilouthu,0,0,,215,10,1474,,73885.57639601533,193504401.97342023,0.0009503172231292724,0.0007716526464347839,140,0.10803137050086975
10-230-01400,BIHAR,Patna,Patna Rural,0,0,,212,10,1400,,87518.10425735511,179850223.48881748,0.00021526835659027102,3.7795207645620106e-05,131,0.004951172201576234
10-230-01401,BIHAR,Patna,Sampatchak,0,0,,212,10,1401,,53219.7118618291,78902366.60372826,0.00021526835659027102,7.553275669834071e-06,57,0.00043053671318054205
10-230-01406,BIHAR,Patna,Dulhin Bazar,0,0,,212,10,1406,,77792.54009458271,136539622.4680228,0.0004425453555297851,0.0003203052158837366,99,0.03171021637248993
10-230-01402,BIHAR,Patna,Phulwari,0,0,,212,10,1402,,70659.26045014715,135940825.49713776,0.00021526835659027102,0.00020629884173234308,96,0.019804688806304937
10-230-01413,BIHAR,Patna,Khusrupur,0,0,,212,10,1413,,46143.60198551767,78201544.387751,0.0,0.0,58,0.0
10-230-01403,BIHAR,Patna,Bihta,0,0,,212,10,1403,,116564.9809665079,244879174.98088208,0.0002849947024917603,0.0002580810422521109,182,0.046970749689884184
10-230-01415,BIHAR,Patna,Athmalgola,0,0,,212,10,1415,,47997.69261940102,62827293.65665197,0.0,0.0,47,0.0
10-230-01404,BIHAR,Patna,Naubatpur,0,0,,212,10,1404,,105087.74367689912,205320191.59612688,0.00021526835659027102,0.00021526835659027105,153,0.03293605855831147
10-230-01405,BIHAR,Patna,Bikram,0,0,,212,10,1405,,86626.03512108007,186422313.04867813,0.0002849947024917603,0.00026514559672418303,137,0.036324946751213075
10-234-01475,BIHAR,Rohtas,Rohtas,0,0,,215,10,1475,,88257.59288547112,389741138.17794544,0.0008748004278945924,0.0007581700234686003,288,0.21835296675895688
10-230-01407,BIHAR,Patna,Paliganj,0,0,,212,10,1407,,129476.3041410336,293354152.7667747,0.0004425453555297851,0.0004245111743825395,214,0.09084539131786346
10-230-01408,BIHAR,Patna,Masaurhi,0,0,,212,10,1408,,108866.13277400887,248716954.87290823,0.00029447479103088383,0.00026777599290483457,178,0.04766412673706055
10-230-01409,BIHAR,Patna,Dhanarua,0,0,,212,10,1409,,95102.40821522896,225577653.19725513,0.00032003568489074707,0.00022478051818496613,163,0.03663922446414948
10-230-01410,BIHAR,Patna,Punpun,0,0,,212,10,1410,,82554.93388622913,161116560.78819045,0.00021526835659027102,0.00014594464853577699,118,0.017221468527221683
10-230-01411,BIHAR,Patna,Fatwah,0,0,,212,10,1411,,97950.27190535897,155697451.47083917,0.0,0.0,115,0.0
10-230-01412,BIHAR,Patna,Daniawan,0,0,,212,10,1412,,69689.77872311571,79566220.36857046,0.0,0.0,56,0.0
10-230-01414,BIHAR,Patna,Bakhtiarpur,0,0,,212,10,1414,,120205.01587822943,168153072.20481881,0.0,0.0,120,0.0
10-230-01416,BIHAR,Patna,Belchhi,0,0,,212,10,1416,,88573.78025963024,87443681.0926542,0.0,0.0,70,0.0
10-230-01417,BIHAR,Patna,Barh,0,0,,212,10,1417,,95365.9771693495,147280816.515725,0.0,0.0,104,0.0
10-230-01419,BIHAR,Patna,Ghoswari,0,0,,212,10,1419,,66454.95033385535,164897376.1169027,0.0,0.0,126,0.0
10-230-01418,BIHAR,Patna,Pandarak,0,0,,212,10,1418,,106894.44852036482,252509471.6555304,0.0,0.0,180,0.0
10-232-01438,BIHAR,Buxar,Chaugain,0,0,,194,10,1438,,52625.33924401454,66025696.44875917,0.0005968131127166748,0.0005968131127166749,49,0.02924384252311707
10-232-01439,BIHAR,Buxar,Kesath,0,0,,194,10,1439,,34661.84662025829,38236018.49691825,0.0005968131127166748,0.0005968131127166747,29,0.017307580268783568
10-230-01420,BIHAR,Patna,Mokameh,0,0,,212,10,1420,,127700.39840194934,244519830.48183808,0.0,0.0,181,0.0
10-231-01421,BIHAR,Bhojpur,Shahpur,0,0,,193,10,1421,,110658.91431619873,211766871.4500774,0.00048104542795181275,0.0003986962683145817,156,0.06219661785707474
10-234-01460,BIHAR,Rohtas,Suryapura,0,0,,215,10,1460,,56159.7630280001,69765063.31452103,0.000560363221282959,0.000560363221282959,47,0.026337071400299072
10-231-01422,BIHAR,Bhojpur,Arrah,0,0,,193,10,1422,,120924.06747051864,221925641.7145924,0.00046117194074630737,0.00035081602951589623,159,0.0557797486930275
10-231-01423,BIHAR,Bhojpur,Barhara,0,0,,193,10,1423,,128817.96875565937,258494738.36324885,0.00036942940364837645,0.00029159016388448746,191,0.0556937213019371
10-231-01424,BIHAR,Bhojpur,Koilwar,0,0,,193,10,1424,,94779.33453556667,208456312.66749656,0.0002849947024917603,0.0002787544665069068,149,0.04153441550952912
10-231-01425,BIHAR,Bhojpur,Sandesh,0,0,,193,10,1425,,60697.76797134289,164599530.19806212,0.0004425453555297851,0.00030902785295518784,118,0.03646528664871217
10-231-01426,BIHAR,Bhojpur,Udwant Nagar,0,0,,193,10,1426,,92445.60417460876,217797556.82002312,0.00046117194074630737,0.00039113875286872344,161,0.06297333921186447
10-234-01461,BIHAR,Rohtas,Bikramganj,0,0,,215,10,1461,,88556.32896667719,168723569.68103397,0.000560363221282959,0.000560363221282959,129,0.07228685554550171
10-231-01427,BIHAR,Bhojpur,Behea,0,0,,193,10,1427,,114516.77527652554,206091349.70539597,0.0005968131127166748,0.0004995226368597667,150,0.074928395528965
10-231-01428,BIHAR,Bhojpur,Jagdishpur,0,0,,193,10,1428,,109726.00219208181,318463526.4488765,0.0005968131127166748,0.00047485504142752866,228,0.10826694944547653
10-231-01429,BIHAR,Bhojpur,Piro,0,0,,193,10,1429,,100703.96274410955,268205354.86689487,0.0005968131127166748,0.0005556549496961593,200,0.11113098993923187
10-234-01462,BIHAR,Rohtas,Karakat,0,0,,215,10,1462,,102232.22868007293,251121712.10833624,0.0005730027855682374,0.0005627333868958735,176,0.09904107609367373
10-231-01430,BIHAR,Bhojpur,Charpokhari,0,0,,193,10,1430,,88834.1327790213,135855258.49695313,0.000555925633468628,0.0005279982292978388,95,0.05015983178329468
10-231-01431,BIHAR,Bhojpur,Garhani,0,0,,193,10,1431,,93054.52180151101,137128723.85739592,0.000555925633468628,0.00047221120591783985,103,0.048637754209537504
10-231-01432,BIHAR,Bhojpur,Agiaon,0,0,,193,10,1432,,87534.07309197474,191419206.17039648,0.000555925633468628,0.00046711649642107304,139,0.06492919300252915
10-231-01433,BIHAR,Bhojpur,Tarari,0,0,,193,10,1433,,95157.98131215997,247108515.4982669,0.000560363221282959,0.0005564019847029347,177,0.09848315129241944
10-231-01434,BIHAR,Bhojpur,Sahar,0,0,,193,10,1434,,61748.81499939302,157154129.14318892,0.000555925633468628,0.0005375134515811235,117,0.06288907383499145
10-232-01435,BIHAR,Buxar,Simri,0,0,,194,10,1435,,87047.69219699135,222195796.247413,0.0005968131127166748,0.0005364365907487637,164,0.08797560088279724
10-232-01436,BIHAR,Buxar,Chakki,0,0,,194,10,1436,,73799.54032015939,80420668.23199363,0.0005968131127166748,0.0004991341286963225,64,0.03194458423656464
10-232-01437,BIHAR,Buxar,Barhampur,0,0,,194,10,1437,,133928.15369382405,240152233.65370417,0.0005968131127166748,0.0005747542575907846,173,0.09943248656320572
10-232-01440,BIHAR,Buxar,Dumraon,0,0,,194,10,1440,,115797.88145848007,238641355.07175583,0.0005968131127166748,0.0005888647813031801,169,0.09951814804023743
10-232-01441,BIHAR,Buxar,Buxar,0,0,,194,10,1441,,90996.21871903203,211591033.38394436,0.000570474524307251,0.0005703827720768437,157,0.08955009521606445
10-232-01442,BIHAR,Buxar,Chausa,0,0,,194,10,1442,,99103.08457070828,138502720.57991108,0.0006755535076904297,0.0005672884363220786,107,0.060699862686462415
10-232-01443,BIHAR,Buxar,Rajpur,0,0,,194,10,1443,,121142.9666413415,336933113.12217736,0.0006755535076904297,0.0006264868477255374,245,0.15348927769275666
10-232-01444,BIHAR,Buxar,Itarhi,0,0,,194,10,1444,,109439.3274763228,293713382.2816445,0.0006417973682785034,0.0005711570395605644,209,0.11937182126815796
10-232-01445,BIHAR,Buxar,Nawanagar,0,0,,194,10,1445,,126567.10382889764,229774401.79100823,0.0006417973682785034,0.0005916847055791822,169,0.09999471524288178
10-233-01446,BIHAR,Kaimur (Bhabua),Ramgarh,0,0,,200,10,1446,,124781.0721120257,206666195.02442607,0.0006868516651725769,0.0006790701527345417,151,0.10253959306291581
10-233-01447,BIHAR,Kaimur (Bhabua),Nuaon,0,0,,200,10,1447,,121732.74643995032,235834986.4758632,0.0006755535076904297,0.0006612851572431597,171,0.11307976188858032
10-233-01448,BIHAR,Kaimur (Bhabua),Kudra,0,0,,200,10,1448,,132624.50147962422,255577893.54332253,0.0008692502266693115,0.0007893118982018363,189,0.14917994876014706
10-233-01449,BIHAR,Kaimur (Bhabua),Mohania,0,0,,200,10,1449,,142323.6809133636,349176573.6513165,0.0008692502266693115,0.0006822053195311874,256,0.17464456179998397
10-233-01450,BIHAR,Kaimur (Bhabua),Durgawati,0,0,,200,10,1450,,108544.41183902678,212580801.4059764,0.0006868516651725769,0.0006868516651725769,154,0.10577515643657684
10-233-01451,BIHAR,Kaimur (Bhabua),Chand,0,0,,200,10,1451,,97099.60209928264,257974481.1925409,0.0007648134977722169,0.0007152904066571785,188,0.13447459645154955
10-233-01452,BIHAR,Kaimur (Bhabua),Chainpur,0,0,,200,10,1452,,170712.34536647963,555311526.8488017,0.0008742115517807008,0.0007821766924668766,407,0.3183459138340188
10-233-01453,BIHAR,Kaimur (Bhabua),Bhabua,0,0,,200,10,1453,,143727.89821118704,407618990.38615096,0.0008692502266693115,0.0008061065974588489,301,0.2426380858351135
10-233-01454,BIHAR,Kaimur (Bhabua),Rampur,0,0,,200,10,1454,,126612.15498309073,210660395.23746365,0.0008748004278945924,0.0008710382109566503,149,0.1297846934325409
10-233-01455,BIHAR,Kaimur (Bhabua),Bhagwanpur,0,0,,200,10,1455,,134815.05705103654,292151198.96788174,0.0008742115517807008,0.0007977160444941229,211,0.16831808538825993
10-233-01456,BIHAR,Kaimur (Bhabua),Adhaura,0,0,,200,10,1456,,271357.2345421078,1135984955.9859164,0.0008748004278945924,0.0008434754638441987,833,0.7026150613822175
10-234-01457,BIHAR,Rohtas,Kochas,0,0,,215,10,1457,,90248.48407846906,187033418.62218276,0.0006755535076904297,0.0006522822297625108,132,0.08610125432865143
10-234-01458,BIHAR,Rohtas,Dinara,0,0,,215,10,1458,,157118.7651045217,464648316.8452498,0.0006417973682785034,0.0006226925830596074,341,0.21233817082332612
10-234-01459,BIHAR,Rohtas,Dawath,0,0,,215,10,1459,,78120.6651060775,129910427.66035384,0.000560363221282959,0.000560363221282959,94,0.052674142800598144
10-234-01466,BIHAR,Rohtas,Nokha,0,0,,215,10,1466,,82152.91978314315,208772248.59610957,0.0009503172231292724,0.000830748209805102,148,0.1229507350511551
10-235-01476,BIHAR,Aurangabad,Daudnagar,0,0,,189,10,1476,,91010.07504965532,238139281.75712803,0.0005730027855682374,0.0005690563344994909,174,0.09901580220291141
10-234-01467,BIHAR,Rohtas,Kargahar,0,0,,215,10,1467,,128509.87472624176,406135690.59563094,0.0009503172231292724,0.000829766869480159,296,0.24561099336612707
10-234-01468,BIHAR,Rohtas,Chenari,0,0,,215,10,1468,,121720.69626398994,292642418.8385522,0.0009503172231292724,0.0008723636607453103,215,0.18755818706024172
10-234-01469,BIHAR,Rohtas,Nauhatta,0,0,,215,10,1469,,175494.75594492842,478591449.404211,0.0008748004278945924,0.0007150559964350255,354,0.253129822737999
10-234-01470,BIHAR,Rohtas,Sheosagar,0,0,,215,10,1470,,135463.8765525897,406503956.12222886,0.0009503172231292724,0.0008893284418743587,295,0.2623518903529358
10-234-01471,BIHAR,Rohtas,Sasaram,0,0,,215,10,1471,,135810.11950728856,394273130.8742507,0.0009503172231292724,0.000886919915053795,290,0.25720677536560055
10-234-01473,BIHAR,Rohtas,Dehri,0,0,,215,10,1473,,97323.52013589225,199371136.99043605,0.0009503172231292724,0.0006656484363466461,145,0.09651902327026368
10-235-01477,BIHAR,Aurangabad,Haspura,0,0,,189,10,1477,,88845.10694940752,164519986.5205008,0.000645728911895752,0.0005697618942336407,121,0.06894118920227052
10-235-01478,BIHAR,Aurangabad,Goh,0,0,,189,10,1478,,122286.20877621078,374665187.3660463,0.000645728911895752,0.0006241460926168105,272,0.16976773719177246
10-236-01491,BIHAR,Gaya,Neem Chak Bathani,0,0,,196,10,1491,,79540.44278654993,146770773.7769567,0.00033156037395477297,0.0003315603739547729,103,0.03415071851734161
10-235-01479,BIHAR,Aurangabad,Rafiganj,0,0,,189,10,1479,,167069.30684925965,465687847.79432577,0.000645728911895752,0.0005047588099998745,341,0.17212275420995718
10-235-01480,BIHAR,Aurangabad,Obra,0,0,,189,10,1480,,130720.05569071589,327203821.09876627,0.0008249988208770752,0.000569165322524445,237,0.13489218143829348
10-236-01494,BIHAR,Gaya,Manpur,0,0,,196,10,1494,,77081.78707553667,161226183.41058797,0.00033301367996215825,0.00033104814633576774,115,0.03807053682861329
10-235-01481,BIHAR,Aurangabad,Aurangabad,0,0,,189,10,1481,,125502.68609205673,344679798.38062614,0.0008249988208770752,0.0004942354754897952,256,0.12652428172538757
10-237-01511,BIHAR,Nawada,Nardiganj,0,0,,210,10,1511,,60262.24041371029,129808165.4472442,0.000383235908203125,0.000383235908203125,95,0.03640741127929688
10-235-01482,BIHAR,Aurangabad,Barun,0,0,,189,10,1482,,117269.30390529483,381782699.30215496,0.0008249988208770752,0.0007440000952420916,280,0.20832002666778565
10-235-01483,BIHAR,Aurangabad,Nabinagar,0,0,,189,10,1483,,173491.30877801325,657546828.2218357,0.0008249988208770752,0.000759957508411447,483,0.36705947656272886
10-235-01484,BIHAR,Aurangabad,Kutumba,0,0,,189,10,1484,,110495.73757590447,319048251.76106954,0.0008249988208770752,0.0008172560366867932,229,0.18715163240127564
10-235-01485,BIHAR,Aurangabad,Deo,0,0,,189,10,1485,,158578.88849021672,336990745.1586724,0.0008249988208770752,0.0005613242770169931,251,0.14089239353126526
10-235-01486,BIHAR,Aurangabad,Madanpur,0,0,,189,10,1486,,153529.37367368402,418713952.50229967,0.0005832392903327942,0.0004369706265536558,309,0.13502392360507964
10-236-01487,BIHAR,Gaya,Konch,0,0,,196,10,1487,,154041.56172387034,319288521.7326548,0.000645728911895752,0.0006274129883341955,232,0.14555981329353335
10-236-01488,BIHAR,Gaya,Tikari,0,0,,196,10,1488,,122221.36853604284,290576655.12704176,0.000645728911895752,0.0005217488478627336,218,0.11374124883407594
10-236-01489,BIHAR,Gaya,Belaganj,0,0,,196,10,1489,,113473.13279109563,240372540.95814112,0.0002878064065551758,0.0002878064065551758,180,0.051805153179931646
10-236-01490,BIHAR,Gaya,Khizirsarai,0,0,,196,10,1490,,103698.13096672995,223124430.97950032,0.00033301367996215825,0.0003098335938653657,165,0.05112254298778535
10-236-01492,BIHAR,Gaya,Muhra,0,0,,196,10,1492,,93681.45756176667,181269438.2139707,0.00045279282985687255,0.0003522354866289736,134,0.047199555208282465
10-236-01493,BIHAR,Gaya,Atri,0,0,,196,10,1493,,103075.15367958385,161340647.62451813,0.00045279282985687255,0.00035222568800277065,119,0.04191485687232971
10-236-01495,BIHAR,Gaya,Gaya Town C.D.Block,0,0,,196,10,1495,,91678.58033080616,224144813.6021213,0.00033301367996215825,0.0003265554980468751,161,0.05257543518554689
10-236-01496,BIHAR,Gaya,Paraiya,0,0,,196,10,1496,,75593.31264449215,167300846.5298876,0.0005832392903327942,0.00047480819250551864,120,0.05697698310066224
10-236-01497,BIHAR,Gaya,Guraru,0,0,,196,10,1497,,81292.54933661391,199646285.7542363,0.0005832392903327942,0.0005832392903327942,147,0.08573617567892075
10-237-01512,BIHAR,Nawada,Nawada,0,0,,210,10,1512,,86822.75137888109,219317998.1072041,0.000383235908203125,0.00037967594142938123,157,0.05960912280441285
10-236-01498,BIHAR,Gaya,Gurua,0,0,,196,10,1498,,117859.62964526065,238015237.1519128,0.0005832392903327942,0.0005563373274544072,173,0.09624635764961245
10-236-01499,BIHAR,Gaya,Amas,0,0,,196,10,1499,,100546.69423332924,128484051.44985774,0.0005832392903327942,0.0004252844899000871,95,0.04040202654050827
10-237-01517,BIHAR,Nawada,Roh,0,0,,210,10,1517,,77804.52626079548,192537548.9783989,0.0005062255277633668,0.00042458269239293206,144,0.06113990770458222
10-236-01500,BIHAR,Gaya,Banke Bazar,0,0,,196,10,1500,,85166.97220092022,256240042.68049288,0.00046729681587219236,0.0004182687539608248,186,0.07779798823671341
10-236-01501,BIHAR,Gaya,Imamganj,0,0,,196,10,1501,,136271.57775821586,316917295.57645696,0.0007192259326171876,0.0005103920607040916,239,0.12198370250827789
10-236-01502,BIHAR,Gaya,Dumaria,0,0,,196,10,1502,,119690.94596035974,390676703.928496,0.0008095805810546876,0.0005529330169618842,285,0.15758590983413698
10-236-01503,BIHAR,Gaya,Sherghati,0,0,,196,10,1503,,100322.2973073121,167902109.12194017,0.0005832392903327942,0.00041523017194174165,123,0.051073311148834226
10-238-01531,BIHAR,Jamui,Gidhaur,0,0,,198,10,1531,,55211.5633940527,100392309.18230554,0.0003384643527984619,0.00032686123610127765,75,0.024514592707595824
10-236-01504,BIHAR,Gaya,Dobhi,0,0,,196,10,1504,,103572.88994215836,218837778.49499393,0.00039974704168319703,0.00037672705127111874,161,0.06065305525465012
10-236-01505,BIHAR,Gaya,Bodh Gaya,0,0,,196,10,1505,,120948.91182130505,306843965.9119923,0.0005832392903327942,0.00033838287237532245,230,0.07782806064632417
10-236-01506,BIHAR,Gaya,Tan Kuppa,0,0,,196,10,1506,,108147.94853451202,190099968.23000297,0.0005467070872879028,0.000409884755424101,134,0.05492455722682953
10-240-01542,BIHAR,Arwal,Arwal,0,0,,611,10,1542,,73924.8054791393,147787869.27798152,0.000555925633468628,0.00047198061999467695,104,0.049085984479446405
10-236-01507,BIHAR,Gaya,Wazirganj,0,0,,196,10,1507,,105472.06999302967,323030583.61833626,0.00045279282985687255,0.000442134515671326,236,0.10434374569843294
10-236-01508,BIHAR,Gaya,Fatehpur,0,0,,196,10,1508,,155359.44599717355,408449805.62920874,0.0005467070872879028,0.000505965274010332,304,0.15381344329914093
10-240-01543,BIHAR,Arwal,Kaler,0,0,,611,10,1543,,67777.19153730445,176075758.749563,0.0005684851376342774,0.0005580348631758365,131,0.07310256707603457
10-236-01509,BIHAR,Gaya,Mohanpur,0,0,,196,10,1509,,119906.24818546322,418796109.2883684,0.0005467070872879028,0.0004306820004694218,303,0.1304966461422348
10-240-01544,BIHAR,Arwal,Karpi,0,0,,611,10,1544,,158139.92638461498,234985661.7206014,0.000645728911895752,0.0004678411485964753,172,0.08046867755859374
10-236-01510,BIHAR,Gaya,Barachatti,0,0,,196,10,1510,,138753.78132836288,366328956.31361085,0.0005467070872879028,0.00038694562548301003,275,0.10641004700782776
10-237-01513,BIHAR,Nawada,Warisaliganj,0,0,,210,10,1513,,109792.76918459819,202861050.3008767,0.000383235908203125,0.0002898750519982163,147,0.042611632643737796
10-237-01514,BIHAR,Nawada,Kashi Chak,0,0,,210,10,1514,,73948.94452619922,98983451.20841853,0.0002340614966583252,0.0002340614966583252,72,0.016852427759399415
10-237-01515,BIHAR,Nawada,Pakribarawan,0,0,,210,10,1515,,104545.76938151139,251834567.85717744,0.0002340614966583252,0.0002340614966583252,184,0.04306731538513184
10-237-01516,BIHAR,Nawada,Kawakol,0,0,,210,10,1516,,121170.20018263235,362955647.76482904,0.0005062255277633668,0.00046146875470641854,266,0.12275068875190734
10-237-01518,BIHAR,Nawada,Gobindpur,0,0,,210,10,1518,,73133.35659787485,188189390.13263756,0.0005062255277633668,0.0004559864708889553,140,0.06383810592445374
10-237-01519,BIHAR,Nawada,Akbarpur,0,0,,210,10,1519,,91268.2921062847,249541236.96202633,0.00032113426559448243,0.00032113426559448243,184,0.059088704869384764
10-237-01520,BIHAR,Nawada,Hisua,0,0,,210,10,1520,,85113.4923130193,144090762.99664384,0.00045279282985687255,0.00037609492151113654,104,0.0391138718371582
10-237-01521,BIHAR,Nawada,Narhat,0,0,,210,10,1521,,62856.50481924386,99624005.77002536,0.00032113426559448243,0.00032113426559448243,69,0.02215826432601929
10-237-01522,BIHAR,Nawada,Meskaur,0,0,,210,10,1522,,75185.00287586387,145604023.18435815,0.00045279282985687255,0.0004151760972104754,112,0.046499722887573244
10-237-01523,BIHAR,Nawada,Sirdala,0,0,,210,10,1523,,111278.51695598938,301894539.186342,0.0005467070872879028,0.00038923086701944334,218,0.08485232901023865
10-237-01524,BIHAR,Nawada,Rajauli,0,0,,210,10,1524,,132370.86211000624,450216393.36794454,0.0005062255277633668,0.000326108455321395,333,0.10859411562202453
10-238-01525,BIHAR,Jamui,Islamnagar Aliganj,0,0,,198,10,1525,,96153.77396855215,213408239.47295904,0.00048542559978485107,0.0002661702518433791,156,0.04152255928756714
10-238-01526,BIHAR,Jamui,Sikandra,0,0,,198,10,1526,,86788.2538333537,223096734.30010977,0.00048542559978485107,0.00027104737298941904,162,0.04390967442428589
10-238-01527,BIHAR,Jamui,Jamui,0,0,,198,10,1527,,90084.78430112793,212157753.6648698,0.00031723913932800294,0.000316524382360643,155,0.04906127926589966
10-238-01528,BIHAR,Jamui,Barhat,0,0,,198,10,1528,,114104.37581341481,270298087.1382075,0.00031723913932800294,0.00026409755761315983,197,0.052027218849792486
10-238-01529,BIHAR,Jamui,Lakshmipur,0,0,,198,10,1529,,112147.89260238525,307635253.00857943,0.00031723913932800294,8.459710382080077e-05,225,0.019034348359680174
10-238-01530,BIHAR,Jamui,Jhajha,0,0,,198,10,1530,,147664.43327942316,507112726.974952,0.0005125976393127442,0.0004552355565839202,370,0.16843715593605046
10-238-01532,BIHAR,Jamui,Khaira,0,0,,198,10,1532,,142747.05687020053,513762691.7981683,0.00048542559978485107,0.0003890006123898453,377,0.14665323087097168
10-238-01533,BIHAR,Jamui,Sono,0,0,,198,10,1533,,117724.39892386932,474283005.7300444,0.0005125976393127442,0.00036233355589290067,349,0.12645441100662233
10-238-01534,BIHAR,Jamui,Chakai,0,0,,198,10,1534,,243956.2217086091,956725034.6798706,0.0005125976393127442,0.0004167364367234366,700,0.29171550570640564
10-239-01535,BIHAR,Jehanabad,Ratni Faridpur,0,0,,199,10,1535,,82762.53932271499,155018952.20303965,0.000645728911895752,0.0003812857040411966,114,0.04346657026069641
10-239-01536,BIHAR,Jehanabad,Jehanabad,0,0,,199,10,1536,,97254.09844747804,201426556.69272655,0.00029447479103088383,0.00029447479103088383,148,0.04358226907257081
10-239-01537,BIHAR,Jehanabad,Kako,0,0,,199,10,1537,,83599.3529020472,162373941.78194478,0.00029447479103088383,0.0002944747910308839,118,0.0347480253416443
10-239-01538,BIHAR,Jehanabad,Modanganj,0,0,,199,10,1538,,66522.90037500951,97205276.85869928,0.00032003568489074707,0.0003129971778858573,69,0.02159680527412415
10-239-01539,BIHAR,Jehanabad,Ghoshi,0,0,,199,10,1539,,82931.95174196921,112225161.55433495,0.00032003568489074707,0.00029551905655642594,83,0.024528081694183353
10-239-01540,BIHAR,Jehanabad,Makhdumpur,0,0,,199,10,1540,,128831.72570768485,301471679.33572614,0.00029447479103088383,0.0002885439237322126,217,0.06261403144989014
10-239-01541,BIHAR,Jehanabad,Hulasganj,0,0,,199,10,1541,,87179.53907708311,119677697.18988888,0.00033156037395477297,0.00031688572054926553,90,0.0285197148494339
10-240-01545,BIHAR,Arwal,Sonbhadra Banshi Suryapur,0,0,,611,10,1545,,62692.97791397586,116643000.97724338,0.000645728911895752,0.000596769018795519,83,0.04953182856002808
10-240-01546,BIHAR,Arwal,Kurtha,0,0,,611,10,1546,,71585.17106640573,106433073.5354984,0.000645728911895752,0.0005467420511020758,78,0.042645879985961914
10-224-01334,BIHAR,Bhagalpur,Gopalpur,0,0,,192,10,1334,,95407.9186210158,208941966.91883087,0.0,0.0,153,0.0
10-210-01127,BIHAR,Kishanganj,Kishanganj,0,0,,203,10,1127,,125268.33771117091,207105687.55921903,0.0,0.0,152,0.0
10-206-01064,BIHAR,Sitamarhi,Suppi,0,0,,221,10,1064,,71084.15120823232,92250451.53846286,0.0,0.0,66,0.0
10-234-01463,BIHAR,Rohtas,Nasriganj,0,0,,215,10,1463,,90034.07903274363,167356919.18355417,0.0007367650501251222,0.0007087220696730841,126,0.0892989807788086
10-234-01464,BIHAR,Rohtas,Rajpur,0,0,,215,10,1464,,68660.48684625747,85633596.4997788,0.0007367650501251222,0.0007367650501251222,63,0.0464161981578827
10-234-01465,BIHAR,Rohtas,Sanjhauli,0,0,,215,10,1465,,56591.722358052,83833486.39015438,0.0007367650501251222,0.0006065965251595635,63,0.0382155810850525
10-203-01023,BIHAR,Pashchim Champaran,Thakrahan,0,0,,211,10,1023,,79847.09402015881,199004696.79409248,0.0,0.0,145,0.0
10-204-01054,BIHAR,Purbi Champaran,Phenhara,0,0,,213,10,1054,,44565.43736457999,67645025.94776015,0.0,0.0,51,0.0
10-219-01262,BIHAR,Saran,Maker,0,0,,218,10,1262,,62357.8736467211,96585777.9808088,0.0,0.0,71,0.0
10-220-01282,BIHAR,Vaishali,Sahdai Buzurg,0,0,,224,10,1282,,74546.65030748869,114161677.3631406,0.0,0.0,84,0.0
10-229-01388,BIHAR,Nalanda,Tharthari,0,0,,209,10,1388,,71853.42144919158,77411758.12428828,0.0008312776692962646,0.0007404197927489105,54,0.03998266880844117
10-229-01389,BIHAR,Nalanda,Parbalpur,0,0,,209,10,1389,,54466.2339431045,76043839.88376136,0.0008312776692962646,0.0006748259686088561,56,0.03779025424209594
10-203-01022,BIHAR,Pashchim Champaran,Bhitaha,0,0,,211,10,1022,,72626.86760213553,166969906.7472905,0.0,0.0,117,0.0
10-203-01013,BIHAR,Pashchim Champaran,Sidhaw,0,0,,211,10,1013,,195582.3602130639,1085337194.6715722,0.0,0.0,781,0.0
10-203-01014,BIHAR,Pashchim Champaran,Ramnagar,0,0,,211,10,1014,,230865.78384139363,866139404.2451236,0.0,0.0,621,0.0
10-203-01015,BIHAR,Pashchim Champaran,Gaunaha,0,0,,211,10,1015,,136504.94021895694,605322845.3823951,0.0,0.0,441,0.0
10-203-01016,BIHAR,Pashchim Champaran,Mainatanr,0,0,,211,10,1016,,115419.13930249632,312998546.4010918,0.0,0.0,221,0.0
10-203-01017,BIHAR,Pashchim Champaran,Narkatiaganj,0,0,,211,10,1017,,149144.20649331805,441857686.2127825,0.0,0.0,314,0.0
10-203-01018,BIHAR,Pashchim Champaran,Lauriya,0,0,,211,10,1018,,120853.32018665274,255440417.54612216,0.0,0.0,183,0.0
10-203-01019,BIHAR,Pashchim Champaran,Bagaha,0,0,,211,10,1019,,135587.24079810514,491292931.53180623,0.0,0.0,352,0.0
10-203-01021,BIHAR,Pashchim Champaran,Madhubani,0,0,,211,10,1021,,144670.82201821523,386116138.1353823,0.0,0.0,276,0.0
10-203-01024,BIHAR,Pashchim Champaran,Jogapatti,0,0,,211,10,1024,,88530.23644360513,258722436.3759333,0.0,0.0,186,0.0
10-203-01029,BIHAR,Pashchim Champaran,Bairia,0,0,,211,10,1029,,105039.82861382668,288505226.87341565,0.0,0.0,208,0.0
10-203-01025,BIHAR,Pashchim Champaran,Chanpatia,0,0,,211,10,1025,,113543.7602983494,310017349.34780717,0.0,0.0,226,0.0
10-206-01071,BIHAR,Sitamarhi,Parsauni,0,0,,221,10,1071,,63729.135625112256,74724139.64418457,0.0,0.0,55,0.0
10-203-01026,BIHAR,Pashchim Champaran,Sikta,0,0,,211,10,1026,,93443.22825707054,255004178.86147365,0.0,0.0,183,0.0
10-203-01027,BIHAR,Pashchim Champaran,Majhaulia,0,0,,211,10,1027,,123374.4030721297,371511179.15939575,0.0,0.0,265,0.0
10-203-01028,BIHAR,Pashchim Champaran,Bettiah,0,0,,211,10,1028,,53968.26030594324,83182055.35378212,0.0,0.0,59,0.0
10-203-01030,BIHAR,Pashchim Champaran,Nautan,0,0,,211,10,1030,,122656.63983711715,245738630.13883996,0.0,0.0,171,0.0
10-204-01031,BIHAR,Purbi Champaran,Raxaul,0,0,,213,10,1031,,98709.78801801558,166685360.13968688,0.0,0.0,124,0.0
10-206-01072,BIHAR,Sitamarhi,Belsand,0,0,,221,10,1072,,66235.5873217276,97354060.86547032,0.0,0.0,70,0.0
10-206-01073,BIHAR,Sitamarhi,Runisaidpur,0,0,,221,10,1073,,152472.54206325076,334873257.0825382,0.0,0.0,243,0.0
10-204-01032,BIHAR,Purbi Champaran,Adapur,0,0,,213,10,1032,,94532.37688292323,199608924.7111849,0.0,0.0,148,0.0
10-206-01074,BIHAR,Sitamarhi,Dumra,0,0,,221,10,1074,,111649.34177378344,241159212.36062923,0.0,0.0,178,0.0
10-204-01033,BIHAR,Purbi Champaran,Ramgarhwa,0,0,,213,10,1033,,90718.26831189607,213035907.5226096,0.0,0.0,154,0.0
10-204-01034,BIHAR,Purbi Champaran,Sugauli,0,0,,213,10,1034,,84892.41923436844,209336830.19001696,0.0,0.0,149,0.0
10-204-01038,BIHAR,Purbi Champaran,Ghorasahan,0,0,,213,10,1038,,75335.10865687576,144368243.47105,0.0,0.0,104,0.0
10-204-01035,BIHAR,Purbi Champaran,Banjaria,0,0,,213,10,1035,,102381.40449613356,176960195.87167916,0.0,0.0,124,0.0
10-204-01047,BIHAR,Purbi Champaran,Kesaria,0,0,,213,10,1047,,87546.8206889307,229535442.11688668,0.0,0.0,168,0.0
10-204-01036,BIHAR,Purbi Champaran,Narkatia,0,0,,213,10,1036,,105607.09704406632,168338010.30978012,0.0,0.0,120,0.0
10-204-01037,BIHAR,Purbi Champaran,Bankatwa,0,0,,213,10,1037,,99233.37216886049,115311013.90225838,0.0,0.0,82,0.0
10-204-01039,BIHAR,Purbi Champaran,Dhaka,0,0,,213,10,1039,,97673.73467814895,202386545.86227983,0.0,0.0,145,0.0
10-204-01048,BIHAR,Purbi Champaran,Kalyanpur,0,0,,213,10,1048,,109413.20044555076,313300912.50613195,0.0,0.0,230,0.0
10-204-01040,BIHAR,Purbi Champaran,Chiraia,0,0,,213,10,1040,,110764.71696779084,272984575.32652414,0.0,0.0,199,0.0
10-204-01041,BIHAR,Purbi Champaran,Motihari,0,0,,213,10,1041,,181544.26702654368,319814691.13850176,0.0,0.0,241,0.0
10-204-01049,BIHAR,Purbi Champaran,Kotwa,0,0,,213,10,1049,,78879.98205471091,178282937.71225017,0.0,0.0,126,0.0
10-204-01042,BIHAR,Purbi Champaran,Turkaulia,0,0,,213,10,1042,,99475.78497366334,174748315.94966665,0.0,0.0,130,0.0
10-204-01050,BIHAR,Purbi Champaran,Piprakothi,0,0,,213,10,1050,,58369.33889310607,62223774.49301849,0.0,0.0,45,0.0
10-204-01043,BIHAR,Purbi Champaran,Harsidhi,0,0,,213,10,1043,,133904.34238337883,240218359.62130272,0.0,0.0,173,0.0
10-204-01044,BIHAR,Purbi Champaran,Paharpur,0,0,,213,10,1044,,108730.62076802726,192061375.0173064,0.0,0.0,144,0.0
10-204-01045,BIHAR,Purbi Champaran,Areraj,0,0,,213,10,1045,,93331.67353690567,242725576.26244012,0.0,0.0,174,0.0
10-204-01046,BIHAR,Purbi Champaran,Sangrampur,0,0,,213,10,1046,,78133.67961210197,187659878.02718252,0.0,0.0,133,0.0
10-204-01051,BIHAR,Purbi Champaran,Chakia(Pipra),0,0,,213,10,1051,,129110.66914194856,212940547.80779588,0.0,0.0,145,0.0
10-204-01052,BIHAR,Purbi Champaran,Pakri Dayal,0,0,,213,10,1052,,90143.40730437863,148110040.62869397,0.0,0.0,106,0.0
10-204-01053,BIHAR,Purbi Champaran,Patahi,0,0,,213,10,1053,,85994.51677214028,144960443.14880535,0.0,0.0,100,0.0
10-204-01055,BIHAR,Purbi Champaran,Madhuban,0,0,,213,10,1055,,112681.00006095257,152424272.44650427,0.0,0.0,114,0.0
10-204-01056,BIHAR,Purbi Champaran,Tetaria,0,0,,213,10,1056,,82320.72754353678,104458405.63845472,0.0,0.0,74,0.0
10-205-01058,BIHAR,Sheohar,Purnahiya,0,0,,220,10,1058,,57294.126150412616,80859097.14068061,0.0,0.0,59,0.0
10-204-01057,BIHAR,Purbi Champaran,Mehsi,0,0,,213,10,1057,,125063.78039343117,149773808.08158112,0.0,0.0,108,0.0
10-205-01059,BIHAR,Sheohar,Piprarhi,0,0,,220,10,1059,,105870.45511307275,104265216.9562483,0.0,0.0,77,0.0
10-205-01060,BIHAR,Sheohar,Sheohar,0,0,,220,10,1060,,81007.5322908237,115638983.35873616,0.0,0.0,83,0.0
10-205-01061,BIHAR,Sheohar,Dumri Katsari,0,0,,220,10,1061,,65038.65439014734,84655470.24819931,0.0,0.0,59,0.0
10-205-01062,BIHAR,Sheohar,Tariani Chowk,0,0,,220,10,1062,,97491.22869259815,171878914.60720828,0.0,0.0,126,0.0
10-206-01063,BIHAR,Sitamarhi,Bairgania,0,0,,221,10,1063,,59598.621146511534,94417571.99630062,0.0,0.0,70,0.0
10-206-01065,BIHAR,Sitamarhi,Majorganj,0,0,,221,10,1065,,62808.55729710282,95411217.42446172,0.0,0.0,68,0.0
10-206-01066,BIHAR,Sitamarhi,Sonbarsa,0,0,,221,10,1066,,92820.94699371175,224104085.6083578,0.0,0.0,155,0.0
10-206-01067,BIHAR,Sitamarhi,Parihar,0,0,,221,10,1067,,86838.20299610356,272812569.4060281,0.0,0.0,197,0.0
10-207-01095,BIHAR,Madhubani,Rajnagar,0,0,,206,10,1095,,78809.12744912357,223111125.2667772,0.0,0.0,158,0.0
10-206-01068,BIHAR,Sitamarhi,Sursand,0,0,,221,10,1068,,91215.71647520129,181412871.1123928,0.0,0.0,134,0.0
10-206-01069,BIHAR,Sitamarhi,Bathnaha,0,0,,221,10,1069,,120764.04051803834,251403523.12922087,0.0,0.0,185,0.0
10-206-01070,BIHAR,Sitamarhi,Riga,0,0,,221,10,1070,,129433.73210860479,163724219.02092636,0.0,0.0,114,0.0
10-210-01123,BIHAR,Kishanganj,Thakurganj,0,0,,203,10,1123,,224971.2940646554,491161543.46963537,0.0,0.0,353,0.0
10-210-01124,BIHAR,Kishanganj,Pothia,0,0,,203,10,1124,,167388.9118766352,443844792.4531903,0.0,0.0,321,0.0
10-210-01125,BIHAR,Kishanganj,Bahadurganj,0,0,,203,10,1125,,155296.13881782343,347494200.8377232,0.0,0.0,251,0.0
10-210-01126,BIHAR,Kishanganj,Kochadhamin,0,0,,203,10,1126,,139640.52665725534,360840233.8364798,0.0,0.0,258,0.0
10-211-01128,BIHAR,Purnia,Banmankhi,0,0,,214,10,1128,,142815.61519736593,459936087.34673214,0.0,0.0,333,0.0
10-206-01075,BIHAR,Sitamarhi,Bajpatti,0,0,,221,10,1075,,90407.29439213518,174303329.1783474,0.0,0.0,125,0.0
10-206-01076,BIHAR,Sitamarhi,Charaut,0,0,,221,10,1076,,85128.15752493152,91349700.81924292,0.0,0.0,62,0.0
10-206-01077,BIHAR,Sitamarhi,Pupri,0,0,,221,10,1077,,73992.24203369493,115338203.66308306,0.0,0.0,82,0.0
10-206-01078,BIHAR,Sitamarhi,Nanpur,0,0,,221,10,1078,,73315.01223618646,135892566.9983101,0.0,0.0,100,0.0
10-220-01283,BIHAR,Vaishali,Mahnar,0,0,,224,10,1283,,81638.1139853176,126474580.44313861,0.0,0.0,89,0.0
10-206-01079,BIHAR,Sitamarhi,Bokhara,0,0,,221,10,1079,,81978.13188098712,108574895.39827529,0.0,0.0,79,0.0
10-207-01080,BIHAR,Madhubani,Madhwapur,0,0,,206,10,1080,,88808.76172423853,137557654.90878707,0.0,0.0,103,0.0
10-207-01081,BIHAR,Madhubani,Harlakhi,0,0,,206,10,1081,,90217.76640094945,187441757.00046396,0.0,0.0,138,0.0
10-207-01082,BIHAR,Madhubani,Basopatti,0,0,,206,10,1082,,97634.90682970545,164238774.4639331,0.0,0.0,122,0.0
10-207-01089,BIHAR,Madhubani,Khajauli,0,0,,206,10,1089,,91171.28062794723,150968724.81279027,0.0,0.0,108,0.0
10-207-01083,BIHAR,Madhubani,Jainagar,0,0,,206,10,1083,,81489.61423509955,161880108.8306139,0.0,0.0,115,0.0
10-207-01090,BIHAR,Madhubani,Kaluahi,0,0,,206,10,1090,,62305.281593423286,101560283.08963235,0.0,0.0,75,0.0
10-207-01084,BIHAR,Madhubani,Ladania,0,0,,206,10,1084,,97928.14946240213,232665607.5684243,0.0,0.0,164,0.0
10-207-01085,BIHAR,Madhubani,Laukaha,0,0,,206,10,1085,,102032.19667129294,266340932.00179368,0.0,0.0,197,0.0
10-207-01086,BIHAR,Madhubani,Laukahi,0,0,,206,10,1086,,109679.24973352649,329223432.564553,0.0,0.0,237,0.0
10-207-01087,BIHAR,Madhubani,Phulparas,0,0,,206,10,1087,,117974.41186319289,199352334.8677591,0.0,0.0,140,0.0
10-207-01088,BIHAR,Madhubani,Babubarhi,0,0,,206,10,1088,,118996.04641992833,237192379.86086744,0.0,0.0,174,0.0
10-207-01091,BIHAR,Madhubani,Benipatti,0,0,,206,10,1091,,128414.2409747215,328987645.9449377,0.0,0.0,231,0.0
10-207-01092,BIHAR,Madhubani,Bisfi,0,0,,206,10,1092,,99754.46134559005,226192948.413646,0.0,0.0,165,0.0
10-207-01093,BIHAR,Madhubani,Madhubani,0,0,,206,10,1093,,109764.71764889831,200359220.56727448,0.0,0.0,142,0.0
10-207-01094,BIHAR,Madhubani,Pandaul,0,0,,206,10,1094,,102372.75527307783,208327489.63825428,0.0,0.0,148,0.0
10-207-01096,BIHAR,Madhubani,Andhratharhi,0,0,,206,10,1096,,97300.5167595078,186769445.10608673,0.0,0.0,134,0.0
10-207-01097,BIHAR,Madhubani,Jhanjharpur,0,0,,206,10,1097,,125261.96837896874,181284371.95402232,0.0,0.0,132,0.0
10-207-01098,BIHAR,Madhubani,Ghoghardiha,0,0,,206,10,1098,,114215.40677637524,211228851.4219488,0.0,0.0,159,0.0
10-207-01099,BIHAR,Madhubani,Lakhnaur,0,0,,206,10,1099,,72956.74167609161,146945623.14022,0.0,0.0,110,0.0
10-207-01100,BIHAR,Madhubani,Madhepur,0,0,,206,10,1100,,144505.38034518834,300452948.5687113,0.0,0.0,212,0.0
10-208-01101,BIHAR,Supaul,Nirmali,0,0,,223,10,1101,,123310.21889922836,162734364.67066902,0.0,0.0,118,0.0
10-208-01102,BIHAR,Supaul,Basantpur,0,0,,223,10,1102,,136288.63693043106,319456339.75100917,0.0,0.0,228,0.0
10-208-01103,BIHAR,Supaul,Chhatapur,0,0,,223,10,1103,,142271.17176584958,398825687.2446475,0.0,0.0,285,0.0
10-208-01104,BIHAR,Supaul,Pratapganj,0,0,,223,10,1104,,71155.69013184242,133032565.19323792,0.0,0.0,97,0.0
10-208-01105,BIHAR,Supaul,Raghopur,0,0,,223,10,1105,,111831.20983491397,255841046.48838165,0.0,0.0,187,0.0
10-221-01285,BIHAR,Samastipur,Warisnagar,0,0,,217,10,1285,,90241.30323013186,163846086.5162723,0.0,0.0,120,0.0
10-208-01106,BIHAR,Supaul,Saraigarh Bhaptiyahi,0,0,,223,10,1106,,105489.5116383213,257042943.27229512,0.0,0.0,189,0.0
10-208-01107,BIHAR,Supaul,Kishanpur,0,0,,223,10,1107,,125516.73810076228,248613546.3002807,0.0,0.0,177,0.0
10-208-01108,BIHAR,Supaul,Marauna,0,0,,223,10,1108,,114969.59778192453,206419565.01179272,0.0,0.0,149,0.0
10-208-01109,BIHAR,Supaul,Supaul,0,0,,223,10,1109,,122628.008173687,390920691.5720901,0.0,0.0,287,0.0
10-208-01110,BIHAR,Supaul,Pipra,0,0,,223,10,1110,,113516.78657800167,247320462.25611627,0.0,0.0,181,0.0
10-221-01287,BIHAR,Samastipur,Khanpur,0,0,,217,10,1287,,89337.20668890505,173313349.37261373,0.0,0.0,127,0.0
10-208-01111,BIHAR,Supaul,Tribeniganj,0,0,,223,10,1111,,136684.8917573132,402291551.99740016,0.0,0.0,290,0.0
10-209-01112,BIHAR,Araria,Narpatganj,0,0,,188,10,1112,,196352.82868709194,482872068.7863751,0.0,0.0,351,0.0
10-209-01113,BIHAR,Araria,Forbesganj,0,0,,188,10,1113,,165874.55860340688,546946456.996027,0.0,0.0,392,0.0
10-209-01114,BIHAR,Araria,Bhargama,0,0,,188,10,1114,,140909.75235341018,280499778.1128878,0.0,0.0,206,0.0
10-209-01115,BIHAR,Araria,Raniganj,0,0,,188,10,1115,,160625.61646677545,576910744.770993,0.0,0.0,418,0.0
10-209-01116,BIHAR,Araria,Araria,0,0,,188,10,1116,,192057.15187743204,506918787.2643526,0.0,0.0,371,0.0
10-209-01117,BIHAR,Araria,Kursakatta,0,0,,188,10,1117,,96566.38525637137,201032230.408231,0.0,0.0,147,0.0
10-209-01118,BIHAR,Araria,Sikti,0,0,,188,10,1118,,116798.35346995249,237753016.2819182,0.0,0.0,177,0.0
10-209-01119,BIHAR,Araria,Palasi,0,0,,188,10,1119,,132578.70192307016,306240761.34804773,0.0,0.0,222,0.0
10-209-01120,BIHAR,Araria,Jokihat,0,0,,188,10,1120,,155370.9524619173,341005127.7602247,0.0,0.0,246,0.0
10-210-01121,BIHAR,Kishanganj,Terhagachh,0,0,,203,10,1121,,121953.02658094271,245208326.38245347,0.0,0.0,175,0.0
10-210-01122,BIHAR,Kishanganj,Dighalbank,0,0,,203,10,1122,,147432.83262190674,314385668.4331173,0.0,0.0,224,0.0
10-211-01129,BIHAR,Purnia,Barhara,0,0,,214,10,1129,,111073.17449432175,288009141.38478667,0.0,0.0,212,0.0
10-211-01130,BIHAR,Purnia,Bhawanipur,0,0,,214,10,1130,,116656.34435182877,201938838.4795833,0.0,0.0,147,0.0
10-211-01131,BIHAR,Purnia,Rupauli,0,0,,214,10,1131,,113946.660566684,308195114.8462847,0.0,0.0,227,0.0
10-211-01132,BIHAR,Purnia,Dhamdaha,0,0,,214,10,1132,,135370.01293426772,446856166.039676,0.0,0.0,326,0.0
10-211-01133,BIHAR,Purnia,Krityanand Nagar,0,0,,214,10,1133,,149407.41850079046,364443041.21247435,0.0,0.0,274,0.0
10-211-01134,BIHAR,Purnia,Purnia East,0,0,,214,10,1134,,127662.13358515713,309272824.56310594,0.0,0.0,228,0.0
10-211-01135,BIHAR,Purnia,Kasba,0,0,,214,10,1135,,130095.64608516233,215123054.3424731,0.0,0.0,154,0.0
10-211-01136,BIHAR,Purnia,Srinagar,0,0,,214,10,1136,,106220.57404900706,172405807.6412187,0.0,0.0,122,0.0
10-211-01137,BIHAR,Purnia,Jalalgarh,0,0,,214,10,1137,,87146.39992638786,142107808.6772385,0.0,0.0,102,0.0
10-211-01138,BIHAR,Purnia,Amour,0,0,,214,10,1138,,141371.93624621196,307011870.96961224,0.0,0.0,225,0.0
10-211-01139,BIHAR,Purnia,Baisa,0,0,,214,10,1139,,132173.35304950457,275191667.549805,0.0,0.0,197,0.0
10-211-01140,BIHAR,Purnia,Baisi,0,0,,214,10,1140,,118169.54825440844,253873549.02719215,0.0,0.0,187,0.0
10-211-01141,BIHAR,Purnia,Dagarua,0,0,,214,10,1141,,129309.28146976323,257465778.6329552,0.0,0.0,180,0.0
10-212-01142,BIHAR,Katihar,Falka,0,0,,201,10,1142,,100518.70580952488,208374539.8829749,0.0,0.0,150,0.0
10-212-01143,BIHAR,Katihar,Korha,0,0,,201,10,1143,,137118.64195203967,368801327.90483874,0.0,0.0,273,0.0
10-212-01144,BIHAR,Katihar,Hasanganj,0,0,,201,10,1144,,78227.29832785497,86155111.41022065,0.0,0.0,62,0.0
10-212-01145,BIHAR,Katihar,Kadwa,0,0,,201,10,1145,,157692.68144088247,420129854.10490626,0.0,0.0,307,0.0
10-212-01146,BIHAR,Katihar,Balrampur,0,0,,201,10,1146,,141815.18317465586,216253207.31133217,0.0,0.0,151,0.0
10-212-01147,BIHAR,Katihar,Barsoi,0,0,,201,10,1147,,172308.8160052511,357713388.6445612,0.0,0.0,261,0.0
10-212-01148,BIHAR,Katihar,Azamnagar,0,0,,201,10,1148,,141791.77759222616,349759708.1212404,0.0,0.0,253,0.0
10-221-01290,BIHAR,Samastipur,Tajpur,0,0,,217,10,1290,,57166.77792153786,83856612.1105223,0.0,0.0,61,0.0
10-212-01149,BIHAR,Katihar,Pranpur,0,0,,201,10,1149,,111803.70370561493,191475637.62126103,0.0,0.0,141,0.0
10-212-01150,BIHAR,Katihar,Dandkhora,0,0,,201,10,1150,,70987.07501110679,111201189.06340708,0.0,0.0,81,0.0
10-212-01151,BIHAR,Katihar,Katihar,0,0,,201,10,1151,,76845.81968857624,136830037.77828172,0.0,0.0,100,0.0
10-212-01152,BIHAR,Katihar,Mansahi,0,0,,201,10,1152,,73279.06289841712,97405011.1871763,0.0,0.0,73,0.0
10-212-01155,BIHAR,Katihar,Kursela,0,0,,201,10,1155,,80348.39413748268,153683091.52761996,0.0,0.0,117,0.0
10-212-01153,BIHAR,Katihar,Barari,0,0,,201,10,1153,,107333.93297446336,407446973.1478653,0.0,0.0,292,0.0
10-212-01154,BIHAR,Katihar,Sameli,0,0,,201,10,1154,,75105.36277909,118027198.2496544,0.0,0.0,81,0.0
10-212-01156,BIHAR,Katihar,Manihari,0,0,,201,10,1156,,130162.81635074862,303859830.4099729,0.0,0.0,221,0.0
10-212-01157,BIHAR,Katihar,Amdabad,0,0,,201,10,1157,,103742.71814675455,228302986.79665467,0.0,0.0,164,0.0
10-213-01158,BIHAR,Madhepura,Gamharia,0,0,,205,10,1158,,80141.00377515821,125479849.27382244,0.0,0.0,89,0.0
10-213-01160,BIHAR,Madhepura,Ghailarh,0,0,,205,10,1160,,78865.70647224285,116219722.2388165,0.0,0.0,83,0.0
10-213-01159,BIHAR,Madhepura,Singheshwar,0,0,,205,10,1159,,111627.30849980874,111167268.35246354,0.0,0.0,78,0.0
10-216-01210,BIHAR,Muzaffarpur,Bandra,0,0,,208,10,1210,,74293.85759884378,142020443.31484023,0.0,0.0,103,0.0
10-213-01161,BIHAR,Madhepura,Madhepura,0,0,,205,10,1161,,115084.47931226583,237801277.85767865,0.0,0.0,175,0.0
10-213-01162,BIHAR,Madhepura,Shankarpur,0,0,,205,10,1162,,63984.56408470212,128790837.874554,0.0,0.0,94,0.0
10-213-01163,BIHAR,Madhepura,Kumarkhand,0,0,,205,10,1163,,118191.24796123093,316976886.68211347,0.0,0.0,230,0.0
10-213-01164,BIHAR,Madhepura,Murliganj,0,0,,205,10,1164,,94211.11378994165,247086114.21145928,0.0,0.0,179,0.0
10-221-01293,BIHAR,Samastipur,Mohanpur,0,0,,217,10,1293,,74468.46489139357,163000016.77407515,0.0,0.0,120,0.0
10-213-01165,BIHAR,Madhepura,Gwalpara,0,0,,205,10,1165,,78037.2495556277,147267353.58482873,0.0,0.0,109,0.0
10-214-01172,BIHAR,Saharsa,Satar Kataiya,0,0,,216,10,1172,,77878.75925155886,177382280.64763528,0.0,0.0,130,0.0
10-213-01166,BIHAR,Madhepura,Bihariganj,0,0,,205,10,1166,,79669.40805645821,133818744.70956944,0.0,0.0,98,0.0
10-216-01211,BIHAR,Muzaffarpur,Dholi (Moraul),0,0,,208,10,1211,,63030.361633940505,73298422.6275262,0.0,0.0,50,0.0
10-213-01167,BIHAR,Madhepura,Kishanganj,0,0,,205,10,1167,,99817.47531025465,188055937.5971522,0.0,0.0,133,0.0
10-216-01212,BIHAR,Muzaffarpur,Musahri,0,0,,208,10,1212,,211487.75457487197,365415439.5943066,0.0,0.0,267,0.0
10-213-01168,BIHAR,Madhepura,Puraini,0,0,,205,10,1168,,63416.842365887525,103114850.3546553,0.0,0.0,76,0.0
10-214-01174,BIHAR,Saharsa,Kahara,0,0,,216,10,1174,,81070.16203244023,176788302.3737116,0.0,0.0,128,0.0
10-213-01169,BIHAR,Madhepura,Alamnagar,0,0,,205,10,1169,,94357.42058114092,211989804.11375904,0.0,0.0,151,0.0
10-213-01170,BIHAR,Madhepura,Chausa,0,0,,205,10,1170,,87285.75133964,172516848.53860697,0.0,0.0,124,0.0
10-214-01171,BIHAR,Saharsa,Nauhatta,0,0,,216,10,1171,,93228.84620468391,212763144.21707585,0.0,0.0,151,0.0
10-217-01227,BIHAR,Gopalganj,Sidhwalia,0,0,,197,10,1227,,69457.48217743407,152022198.31601515,0.0,0.0,109,0.0
10-214-01173,BIHAR,Saharsa,Mahishi,0,0,,216,10,1173,,106372.46434789852,273075178.2794974,0.0,0.0,195,0.0
10-214-01175,BIHAR,Saharsa,Saur Bazar,0,0,,216,10,1175,,88121.22998090234,233228921.9025612,0.0,0.0,171,0.0
10-214-01176,BIHAR,Saharsa,Patarghat,0,0,,216,10,1176,,67497.21582029684,149681422.04156074,0.0,0.0,105,0.0
10-214-01177,BIHAR,Saharsa,Sonbarsa,0,0,,216,10,1177,,90185.02153799882,263952116.041209,0.0,0.0,193,0.0
10-216-01199,BIHAR,Muzaffarpur,Sahebganj,0,0,,208,10,1199,,80060.99972290538,253055918.70266867,0.0,0.0,189,0.0
10-214-01178,BIHAR,Saharsa,Simri Bakhtiarpur,0,0,,216,10,1178,,119116.35548129058,266466354.66217396,0.0,0.0,194,0.0
10-214-01179,BIHAR,Saharsa,Salkhua,0,0,,216,10,1179,,82412.26684571667,221182533.93573853,0.0,0.0,163,0.0
10-214-01180,BIHAR,Saharsa,Banma Itahri,0,0,,216,10,1180,,54286.501575749484,92822449.4552088,0.0,0.0,68,0.0
10-215-01181,BIHAR,Darbhanga,Jale,0,0,,195,10,1181,,112473.57051363293,234172285.01568127,0.0,0.0,171,0.0
10-215-01182,BIHAR,Darbhanga,Singhwara,0,0,,195,10,1182,,121368.62688362494,223279889.67870736,0.0,0.0,162,0.0
10-215-01183,BIHAR,Darbhanga,Keotiranway,0,0,,195,10,1183,,89515.08566239705,180205403.4644349,0.0,0.0,131,0.0
10-215-01184,BIHAR,Darbhanga,Darbhanga,0,0,,195,10,1184,,131883.04966973627,240721362.1475316,0.0,0.0,174,0.0
10-215-01185,BIHAR,Darbhanga,Manigachhi,0,0,,195,10,1185,,96856.01003306538,158887287.31255177,0.0,0.0,114,0.0
10-215-01186,BIHAR,Darbhanga,Tardih,0,0,,195,10,1186,,96398.42232606321,109520018.96976715,0.0,0.0,79,0.0
10-215-01187,BIHAR,Darbhanga,Alinagar,0,0,,195,10,1187,,105560.56246873255,146523357.5416611,0.0,0.0,105,0.0
10-215-01188,BIHAR,Darbhanga,Benipur,0,0,,195,10,1188,,118482.30854716274,204643530.87647069,0.0,0.0,150,0.0
10-215-01189,BIHAR,Darbhanga,Bahadurpur,0,0,,195,10,1189,,155637.00049509996,221161760.4253616,0.0,0.0,158,0.0
10-215-01190,BIHAR,Darbhanga,Hanumannagar,0,0,,195,10,1190,,114393.83215098479,181536916.32106537,0.0,0.0,130,0.0
10-215-01191,BIHAR,Darbhanga,Hayaghat,0,0,,195,10,1191,,66118.49929402806,108810529.75916524,0.0,0.0,77,0.0
10-215-01192,BIHAR,Darbhanga,Baheri,0,0,,195,10,1192,,128629.1579498372,271307286.95794886,0.0,0.0,195,0.0
10-215-01193,BIHAR,Darbhanga,Biraul,0,0,,195,10,1193,,135706.32971678255,230203939.26841983,0.0,0.0,167,0.0
10-215-01194,BIHAR,Darbhanga,Ghanshyampur,0,0,,195,10,1194,,76766.91373126305,103945643.9979024,0.0,0.0,78,0.0
10-215-01195,BIHAR,Darbhanga,Kiratpur,0,0,,195,10,1195,,78793.19278562842,78915927.53877336,0.0,0.0,60,0.0
10-215-01196,BIHAR,Darbhanga,Gora Bauram,0,0,,195,10,1196,,99804.03366816713,145653476.81698695,0.0,0.0,104,0.0
10-215-01197,BIHAR,Darbhanga,Kusheshwar Asthan,0,0,,195,10,1197,,87220.16498537568,144130520.9401011,0.0,0.0,107,0.0
10-215-01198,BIHAR,Darbhanga,Kusheshwar Asthan Purbi,0,0,,195,10,1198,,91858.86035222423,150084285.43545517,0.0,0.0,112,0.0
10-216-01200,BIHAR,Muzaffarpur,Baruraj (Motipur),0,0,,208,10,1200,,125110.13599018812,365259305.4740948,0.0,0.0,263,0.0
10-216-01201,BIHAR,Muzaffarpur,Paroo,0,0,,208,10,1201,,136934.87791145188,413033977.3448192,0.0,0.0,295,0.0
10-216-01202,BIHAR,Muzaffarpur,Saraiya,0,0,,208,10,1202,,155820.80051537574,301402655.1404849,0.0,0.0,218,0.0
10-216-01203,BIHAR,Muzaffarpur,Marwan,0,0,,208,10,1203,,84959.92762229654,138736310.53842777,0.0,0.0,101,0.0
10-216-01204,BIHAR,Muzaffarpur,Kanti,0,0,,208,10,1204,,97122.90469976026,124757584.36625764,0.0,0.0,91,0.0
10-216-01205,BIHAR,Muzaffarpur,Minapur,0,0,,208,10,1205,,166218.11946715685,316124209.98756105,0.0,0.0,228,0.0
10-216-01206,BIHAR,Muzaffarpur,Bochaha,0,0,,208,10,1206,,126044.68100944142,233148755.94160384,0.0,0.0,167,0.0
10-216-01207,BIHAR,Muzaffarpur,Aurai,0,0,,208,10,1207,,101267.16719990574,247748190.77792475,0.0,0.0,177,0.0
10-216-01208,BIHAR,Muzaffarpur,Katra,0,0,,208,10,1208,,118891.9342746819,235108975.17115793,0.0,0.0,171,0.0
10-216-01209,BIHAR,Muzaffarpur,Gaighat,0,0,,208,10,1209,,111008.49869520529,259762671.68662548,0.0,0.0,191,0.0
10-216-01213,BIHAR,Muzaffarpur,Kurhani,0,0,,208,10,1213,,108106.10574110712,256354911.2077163,0.0,0.0,187,0.0
10-216-01214,BIHAR,Muzaffarpur,Sakra,0,0,,208,10,1214,,105121.4777371614,236360031.18726787,0.0,0.0,175,0.0
10-217-01215,BIHAR,Gopalganj,Katiya,0,0,,197,10,1215,,94755.55253264701,158441587.458013,0.00029177182529449466,0.00022924929130281726,112,0.025675920625915533
10-217-01216,BIHAR,Gopalganj,Bijaipur,0,0,,197,10,1216,,81309.59717969262,163112176.36717936,0.00029177182529449466,0.0002917718252944947,120,0.035012619035339365
10-217-01217,BIHAR,Gopalganj,Bhorey,0,0,,197,10,1217,,78790.65552761848,196013266.46535653,0.00029177182529449466,0.00015196449234088267,144,0.021882886897087103
10-217-01218,BIHAR,Gopalganj,Pach Deuri,0,0,,197,10,1218,,53698.212932643866,118295317.11973979,0.0,0.0,85,0.0
10-217-01219,BIHAR,Gopalganj,Kuchaikote,0,0,,197,10,1219,,101077.28158428885,316078491.04748106,0.0,0.0,226,0.0
10-217-01220,BIHAR,Gopalganj,Phulwaria,0,0,,197,10,1220,,81339.22200232239,118763292.85091434,0.0,0.0,89,0.0
10-217-01221,BIHAR,Gopalganj,Hathua,0,0,,197,10,1221,,91546.96202775641,183613061.83342972,0.0004091278797531128,0.0002706042669233187,127,0.03436674189926148
10-217-01222,BIHAR,Gopalganj,Uchkagaon,0,0,,197,10,1222,,80102.93001981139,142235093.67043933,0.0004091278797531128,2.7017878851620658e-05,106,0.0028638951582717898
10-217-01223,BIHAR,Gopalganj,Thawe,0,0,,197,10,1223,,57244.55575246375,89300191.60424533,0.0004091278797531128,6.392623121142388e-06,64,0.0004091278797531128
10-217-01224,BIHAR,Gopalganj,Gopalganj,0,0,,197,10,1224,,110313.13172782106,244420793.60160467,0.0,0.0,182,0.0
10-218-01232,BIHAR,Siwan,Goriakothi,0,0,,222,10,1232,,73201.39147651673,174963939.23516312,0.0,0.0,127,0.0
10-217-01225,BIHAR,Gopalganj,Manjha,0,0,,197,10,1225,,80242.78538873792,179389027.9828925,0.0,0.0,131,0.0
10-217-01226,BIHAR,Gopalganj,Barauli,0,0,,197,10,1226,,105754.79057670098,232227972.12586737,0.0,0.0,170,0.0
10-217-01228,BIHAR,Gopalganj,Baikunthpur,0,0,,197,10,1228,,97825.58906166903,256614409.24172768,0.0,0.0,185,0.0
10-218-01229,BIHAR,Siwan,Nautan,0,0,,222,10,1229,,58324.35348563096,81827813.66620097,0.0004091278797531128,0.0004091278797531128,58,0.023729417025680544
10-218-01230,BIHAR,Siwan,Siwan,0,0,,222,10,1230,,92599.06904644772,168879532.28230655,0.0004091278797531128,0.0003744560255367473,118,0.044185811013336185
10-218-01235,BIHAR,Siwan,Bhagwanpur Hat,0,0,,222,10,1235,,86430.4184146014,189582799.91524476,0.0003439534359359741,5.4833156453561086e-05,138,0.00756697559059143
10-218-01231,BIHAR,Siwan,Barharia,0,0,,222,10,1231,,90315.6629531122,219606934.01516393,0.0004091278797531128,7.671147745370866e-06,160,0.0012273836392593385
10-218-01233,BIHAR,Siwan,Lakri Nabiganj,0,0,,222,10,1233,,79648.98713303795,120773104.6039552,0.0,0.0,88,0.0
10-218-01234,BIHAR,Siwan,Basantpur,0,0,,222,10,1234,,57871.378293950496,76675463.02480637,0.0,0.0,56,0.0
10-218-01236,BIHAR,Siwan,Maharajganj,0,0,,222,10,1236,,119387.58843212528,142817377.5161484,0.0003439534359359741,0.000130234796131097,103,0.01341418400150299
10-218-01237,BIHAR,Siwan,Pachrukhi,0,0,,222,10,1237,,99183.2392802834,160709761.40986398,0.0004091278797531128,1.74840974253467e-05,117,0.002045639398765564
10-218-01238,BIHAR,Siwan,Hussainganj,0,0,,222,10,1238,,68784.84800107122,105975934.30464326,0.00041922143791198733,0.0003654434364370398,74,0.027042814296340943
10-218-01239,BIHAR,Siwan,Ziradei,0,0,,222,10,1239,,98825.50869312549,152221780.48504183,0.00041922143791198733,0.0004092188127094991,111,0.0454232882107544
10-218-01240,BIHAR,Siwan,Mairwa,0,0,,222,10,1240,,65279.2242200428,88898123.37504825,0.0004091278797531128,0.00040715150118914516,66,0.02687199907848358
10-218-01242,BIHAR,Siwan,Darauli,0,0,,222,10,1242,,90305.00161970501,214758375.6239279,0.0004965554760742188,0.00041780502932370095,155,0.06475977954517365
10-218-01241,BIHAR,Siwan,Guthani,0,0,,222,10,1241,,78778.78773845347,115110806.99004474,0.0004091278797531128,0.0003688290387902609,82,0.030243981180801394
10-219-01248,BIHAR,Saran,Mashrakh,0,0,,218,10,1248,,82075.7710341599,165898243.02109933,0.0,0.0,121,0.0
10-218-01243,BIHAR,Siwan,Andar,0,0,,222,10,1243,,83358.60866933218,125625010.62434034,0.00041922143791198733,0.00041806125881326613,87,0.036371329516754154
10-219-01249,BIHAR,Saran,Panapur,0,0,,218,10,1249,,75875.09329534958,182360909.7404776,0.0,0.0,128,0.0
10-218-01244,BIHAR,Siwan,Raghunathpur,0,0,,222,10,1244,,87824.68008836384,193566358.3438411,0.00041922143791198733,0.0004192214379119873,143,0.05994866562141418
10-219-01250,BIHAR,Saran,Taraiya,0,0,,218,10,1250,,53629.0613522338,97307015.09151264,0.0,0.0,74,0.0
10-218-01245,BIHAR,Siwan,Hasanpura,0,0,,222,10,1245,,82786.09108287447,121956119.03175904,0.00041922143791198733,0.0003680569899732217,87,0.032020958127670286
10-219-01251,BIHAR,Saran,Ishupur,0,0,,218,10,1251,,62425.60798229613,109300191.56908256,0.0,0.0,76,0.0
10-218-01246,BIHAR,Siwan,Daraundha,0,0,,222,10,1246,,105400.53795370483,157911066.26165873,0.0003439534359359741,0.00029908994429215136,115,0.03439534359359741
10-219-01256,BIHAR,Saran,Jalalpur,0,0,,218,10,1256,,65042.73641147566,147549697.72689733,0.0003942415623855591,0.0001289832535727519,106,0.013672224878711703
10-218-01247,BIHAR,Siwan,Siswan,0,0,,222,10,1247,,98184.39847010886,155554872.77293277,0.00041922143791198733,0.0003663304094964104,111,0.04066267545410156
10-219-01259,BIHAR,Saran,Nagra,0,0,,218,10,1259,,43289.948409307304,65110006.46242106,0.0003228224729347229,0.0001373712650786055,47,0.006456449458694459
10-219-01252,BIHAR,Saran,Baniapur,0,0,,218,10,1252,,89199.8841803021,219417775.87250236,0.0003439534359359741,8.440575114993229e-06,163,0.0013758137437438964
10-219-01253,BIHAR,Saran,Lahladpur,0,0,,218,10,1253,,49287.19248841685,70233795.44130237,0.0003439534359359741,0.000185734855405426,50,0.0092867427702713
10-219-01254,BIHAR,Saran,Ekma,0,0,,218,10,1254,,99716.17236158185,176114988.01319405,0.0003439534359359741,0.0003439534359359741,128,0.044026039799804684
10-219-01255,BIHAR,Saran,Manjhi,0,0,,218,10,1255,,127085.43562979231,244607530.98349065,0.0003942415623855591,0.00035321772272512645,180,0.06357919009052276
10-219-01257,BIHAR,Saran,Revelganj,0,0,,218,10,1257,,84877.1419542779,179359801.45379385,0.0003942415623855591,0.0003285360000907899,125,0.041067000011348734
10-219-01258,BIHAR,Saran,Chapra,0,0,,218,10,1258,,119729.94798472138,239470568.44351175,0.0003228224729347229,0.0003026460683763027,176,0.05326570803422928
10-219-01260,BIHAR,Saran,Marhaura,0,0,,218,10,1260,,87240.95030017926,190752130.05196184,0.0003228224729347229,9.425473662327677e-06,137,0.0012912898917388916
10-219-01261,BIHAR,Saran,Amnour,0,0,,218,10,1261,,94922.90618840617,160109081.4065653,0.0003228224729347229,5.4715673378766595e-06,118,0.0006456449458694458
10-219-01263,BIHAR,Saran,Parsa,0,0,,218,10,1263,,85595.91054800974,122749042.93573296,0.0,0.0,88,0.0
10-219-01266,BIHAR,Saran,Dighwara,0,0,,218,10,1266,,81943.45164265168,101347015.6655549,0.0,0.0,72,0.0
10-219-01264,BIHAR,Saran,Dariapur,0,0,,218,10,1264,,115477.27251924115,281302380.67878103,0.0,0.0,202,0.0
10-219-01265,BIHAR,Saran,Garkha,0,0,,218,10,1265,,90147.74693968748,213336409.9887166,0.0003228224729347229,0.00016560373611586437,154,0.02550297536184311
10-220-01269,BIHAR,Vaishali,Paterhi Belsar,0,0,,224,10,1269,,56227.36197278124,93522597.26160131,0.0,0.0,69,0.0
10-219-01267,BIHAR,Saran,Sonepur,0,0,,218,10,1267,,70412.64000247594,214865144.18564072,0.0,0.0,162,0.0
10-220-01268,BIHAR,Vaishali,Vaishali,0,0,,224,10,1268,,72706.90824879723,158663399.21103516,0.0,0.0,114,0.0
10-220-01270,BIHAR,Vaishali,Lalganj,0,0,,224,10,1270,,89595.71916906572,184177988.41986412,0.0,0.0,133,0.0
10-221-01294,BIHAR,Samastipur,Mohiuddinagar,0,0,,217,10,1294,,80607.53716768604,178536106.2701614,0.0,0.0,130,0.0
10-220-01271,BIHAR,Vaishali,Bhagwanpur,0,0,,224,10,1271,,98965.72708266653,142473218.81446454,0.0,0.0,102,0.0
10-220-01272,BIHAR,Vaishali,Goraul,0,0,,224,10,1272,,101989.77906286377,122446101.92943335,0.0,0.0,87,0.0
10-220-01273,BIHAR,Vaishali,Chehra Kalan,0,0,,224,10,1273,,63204.34388206024,89818122.94593617,0.0,0.0,66,0.0
10-220-01277,BIHAR,Vaishali,Raja Pakar,0,0,,224,10,1277,,58946.08844196175,93673217.82917874,0.0,0.0,72,0.0
10-220-01274,BIHAR,Vaishali,Patepur,0,0,,224,10,1274,,118180.33822078991,317029999.71255994,0.0,0.0,234,0.0
10-220-01275,BIHAR,Vaishali,Mahua,0,0,,224,10,1275,,86273.82517515696,171155586.12447235,0.0,0.0,125,0.0
10-220-01276,BIHAR,Vaishali,Jandaha,0,0,,224,10,1276,,99044.76663725945,179891527.10359335,0.0,0.0,128,0.0
10-220-01278,BIHAR,Vaishali,Hajipur,0,0,,224,10,1278,,80048.24731377292,194916759.16986817,0.0,0.0,140,0.0
10-220-01280,BIHAR,Vaishali,Bidupur,0,0,,224,10,1280,,88122.3198685409,139375575.9420912,0.0,0.0,99,0.0
10-220-01279,BIHAR,Vaishali,Raghopur,0,0,,224,10,1279,,128641.49950069311,338499790.0832371,0.0,0.0,246,0.0
10-220-01281,BIHAR,Vaishali,Desri,0,0,,224,10,1281,,50183.809114488824,56627949.53624974,0.0,0.0,43,0.0
10-221-01284,BIHAR,Samastipur,Kalyanpur,0,0,,217,10,1284,,147387.26660455638,294821482.9966942,0.0,0.0,214,0.0
10-221-01286,BIHAR,Samastipur,Shivaji Nagar,0,0,,217,10,1286,,96209.25031894707,172333979.18990555,0.0,0.0,130,0.0
10-221-01288,BIHAR,Samastipur,Samastipur,0,0,,217,10,1288,,112474.97484539819,170577777.20953664,0.0,0.0,123,0.0
10-221-01289,BIHAR,Samastipur,Pusa,0,0,,217,10,1289,,64081.7615729533,95008289.7510354,0.0,0.0,65,0.0
10-221-01291,BIHAR,Samastipur,Morwa,0,0,,217,10,1291,,104551.97847793197,152111293.7773472,0.0,0.0,106,0.0
10-221-01292,BIHAR,Samastipur,Patori,0,0,,217,10,1292,,69422.25062895294,130638318.44440164,0.0,0.0,93,0.0
10-221-01295,BIHAR,Samastipur,Sarairanjan,0,0,,217,10,1295,,96463.23467310029,185572344.2706523,0.0,0.0,145,0.0
10-221-01296,BIHAR,Samastipur,Vidyapati Nagar,0,0,,217,10,1296,,62930.2690484309,106322816.42401849,0.0,0.0,75,0.0
10-221-01297,BIHAR,Samastipur,Dalsinghsarai,0,0,,217,10,1297,,80515.23552986495,118201268.21451648,0.0,0.0,89,0.0
10-221-01298,BIHAR,Samastipur,Ujiarpur,0,0,,217,10,1298,,81756.09445970641,209497824.1015558,0.0,0.0,149,0.0
10-221-01300,BIHAR,Samastipur,Rosera,0,0,,217,10,1300,,84599.34785899956,138535375.895554,0.0,0.0,97,0.0
10-221-01299,BIHAR,Samastipur,Bibhutpur,0,0,,217,10,1299,,96600.53522783429,258332531.194082,0.0,0.0,187,0.0
10-221-01301,BIHAR,Samastipur,Singhia,0,0,,217,10,1301,,76055.88015393679,178639507.67998633,0.0,0.0,128,0.0
10-222-01307,BIHAR,Begusarai,Cheria Bariarpur,0,0,,191,10,1307,,80422.0696045629,127840547.1243011,0.0,0.0,89,0.0
10-221-01302,BIHAR,Samastipur,Hasanpur,0,0,,217,10,1302,,122795.93417076243,188091095.39019313,0.0,0.0,138,0.0
10-221-01303,BIHAR,Samastipur,Bithan,0,0,,217,10,1303,,72838.55780104545,149849875.79630712,0.0,0.0,109,0.0
10-222-01304,BIHAR,Begusarai,Khudabandpur,0,0,,191,10,1304,,49522.71992212785,59617610.47663844,0.0,0.0,39,0.0
10-222-01305,BIHAR,Begusarai,Chhorahi,0,0,,191,10,1305,,96201.09768359947,128309829.49376953,0.0,0.0,94,0.0
10-222-01306,BIHAR,Begusarai,Garhpura,0,0,,191,10,1306,,69581.28073662621,88651595.91159394,0.0,0.0,68,0.0
10-222-01308,BIHAR,Begusarai,Bhagwanpur,0,0,,191,10,1308,,102620.52088176137,147276258.21886113,0.0,0.0,106,0.0
10-223-01324,BIHAR,Khagaria,Mansi,0,0,,202,10,1324,,70720.37786012898,86151878.56106131,0.0,0.0,69,0.0
10-222-01309,BIHAR,Begusarai,Mansurchak,0,0,,191,10,1309,,55538.61039021854,42158333.283958256,0.0,0.0,31,0.0
10-224-01333,BIHAR,Bhagalpur,Rangra Chowk,0,0,,192,10,1333,,56200.86409227388,97946271.45940188,0.0,0.0,71,0.0
10-222-01310,BIHAR,Begusarai,Bachhwara,0,0,,191,10,1310,,112893.55520851951,186501763.14040864,0.0,0.0,138,0.0
10-222-01311,BIHAR,Begusarai,Teghra,0,0,,191,10,1311,,93442.93751421869,180050069.66821858,0.0,0.0,129,0.0
10-222-01312,BIHAR,Begusarai,Barauni,0,0,,191,10,1312,,90573.71511882372,141812926.41245717,0.0,0.0,102,0.0
10-222-01313,BIHAR,Begusarai,Birpur,0,0,,191,10,1313,,69057.86510087451,64693086.30641256,0.0,0.0,53,0.0
10-222-01314,BIHAR,Begusarai,Begusarai,0,0,,191,10,1314,,114572.02827886646,273941103.5239774,0.0,0.0,200,0.0
10-222-01315,BIHAR,Begusarai,Naokothi,0,0,,191,10,1315,,61794.845266753924,91575422.87048158,0.0,0.0,64,0.0
10-222-01316,BIHAR,Begusarai,Bakhri,0,0,,191,10,1316,,74902.13049058078,94921186.04856166,0.0,0.0,66,0.0
10-222-01317,BIHAR,Begusarai,Dandari,0,0,,191,10,1317,,77075.31892237118,85364223.36403492,0.0,0.0,65,0.0
10-222-01318,BIHAR,Begusarai,Sahebpur Kamal,0,0,,191,10,1318,,97820.3506924087,179327758.1582562,0.0,0.0,131,0.0
10-222-01319,BIHAR,Begusarai,Balia,0,0,,191,10,1319,,95726.56851828664,181873531.04775092,0.0,0.0,133,0.0
10-222-01320,BIHAR,Begusarai,Matihani,0,0,,191,10,1320,,104199.58891726227,214311339.790948,0.0,0.0,157,0.0
10-222-01321,BIHAR,Begusarai,Shamho Akha Kurha,0,0,,191,10,1321,,47884.70174269599,82130306.58899558,0.0,0.0,58,0.0
10-223-01322,BIHAR,Khagaria,Alauli,0,0,,202,10,1322,,117176.16085281859,337532903.06560946,0.0,0.0,244,0.0
10-223-01323,BIHAR,Khagaria,Khagaria,0,0,,202,10,1323,,164255.4907534744,325761754.1557925,0.0,0.0,229,0.0
10-223-01325,BIHAR,Khagaria,Chautham,0,0,,202,10,1325,,88833.5659059585,205164632.7891582,0.0,0.0,148,0.0
10-228-01376,BIHAR,Sheikhpura,Chewara,0,0,,219,10,1376,,77279.14911837938,141385828.1075451,0.0014482379395103456,0.0011947744353564735,103,0.12306176684171677
10-223-01326,BIHAR,Khagaria,Beldaur,0,0,,202,10,1326,,101449.44415348554,276820454.1841197,0.0,0.0,203,0.0
10-223-01327,BIHAR,Khagaria,Gogri,0,0,,202,10,1327,,109725.85953588395,321971045.3784509,0.0,0.0,231,0.0
10-223-01328,BIHAR,Khagaria,Parbatta,0,0,,202,10,1328,,89952.53209418767,286770838.53234714,0.0,0.0,215,0.0
10-224-01329,BIHAR,Bhagalpur,Narayanpur,0,0,,192,10,1329,,96964.50839109154,173637043.38008544,0.0,0.0,125,0.0
10-224-01330,BIHAR,Bhagalpur,Bihpur,0,0,,192,10,1330,,98960.16392998041,189427956.2070791,0.0,0.0,141,0.0
10-234-01472,BIHAR,Rohtas,Akorhi Gola,0,0,,215,10,1472,,71741.57946050014,124356844.03544964,0.0007367650501251222,0.0007367650501251222,94,0.06925591471176148
10-224-01331,BIHAR,Bhagalpur,Kharik,0,0,,192,10,1331,,103106.05203500649,169292223.68779984,0.0,0.0,125,0.0
10-224-01332,BIHAR,Bhagalpur,Naugachhia,0,0,,192,10,1332,,91833.23423872421,134223697.96961665,0.0,0.0,95,0.0
10-224-01335,BIHAR,Bhagalpur,Pirpainti,0,0,,192,10,1335,,138631.2255747686,411429376.6216011,0.0,0.0,294,0.0
10-224-01336,BIHAR,Bhagalpur,Kahalgaon,0,0,,192,10,1336,,128722.99744742387,352186242.20537144,0.0,0.0,255,0.0
10-224-01337,BIHAR,Bhagalpur,Ismailpur,0,0,,192,10,1337,,66332.03197363381,102752037.41138108,0.0,0.0,75,0.0
10-224-01338,BIHAR,Bhagalpur,Sabour,0,0,,192,10,1338,,85492.0541239663,141198925.34276122,0.0,0.0,102,0.0
10-226-01359,BIHAR,Munger,Dharhara,0,0,,207,10,1359,,105188.90103685112,355220468.750446,0.0,0.0,262,0.0
10-224-01339,BIHAR,Bhagalpur,Nathnagar,0,0,,192,10,1339,,105259.93673308079,163498377.60317266,0.0,0.0,117,0.0
10-226-01360,BIHAR,Munger,Kharagpur,0,0,,207,10,1360,,169586.30903503796,398589433.5102216,0.0,0.0,291,0.0
10-224-01340,BIHAR,Bhagalpur,Sultanganj,0,0,,192,10,1340,,139861.1879796442,266407467.3450057,0.0,0.0,198,0.0
10-224-01341,BIHAR,Bhagalpur,Shahkund,0,0,,192,10,1341,,93276.90256650816,208798734.37786233,0.0,0.0,153,0.0
10-224-01342,BIHAR,Bhagalpur,Goradih,0,0,,192,10,1342,,106918.08891287447,178026414.43832883,0.0,0.0,128,0.0
10-224-01343,BIHAR,Bhagalpur,Jagdishpur,0,0,,192,10,1343,,107045.71303668506,127447147.46016994,0.0,0.0,95,0.0
10-224-01344,BIHAR,Bhagalpur,Sonhaula,0,0,,192,10,1344,,84463.86530366821,214425428.57327408,0.0,0.0,160,0.0
10-225-01345,BIHAR,Banka,Shambhuganj,0,0,,190,10,1345,,85765.27415008907,217970788.89652416,0.0,0.0,157,0.0
10-225-01346,BIHAR,Banka,Amarpur,0,0,,190,10,1346,,98000.87839154692,234663534.19316816,0.0,0.0,176,0.0
10-225-01347,BIHAR,Banka,Rajaun,0,0,,190,10,1347,,86718.04358754268,242814641.5593075,0.0,0.0,179,0.0
10-226-01363,BIHAR,Munger,Tetiha Bambor,0,0,,207,10,1363,,73286.15332623897,95190725.80042528,0.0,0.0,70,0.0
10-225-01348,BIHAR,Banka,Dhuraiya,0,0,,190,10,1348,,106681.6377356153,285703540.38620996,0.0,0.0,208,0.0
10-225-01349,BIHAR,Banka,Barahat,0,0,,190,10,1349,,122910.23058217819,181202001.14064544,0.0,0.0,129,0.0
10-225-01350,BIHAR,Banka,Banka,0,0,,190,10,1350,,137083.07375503817,365153241.48788345,0.0,0.0,275,0.0
10-225-01351,BIHAR,Banka,Phulidumar,0,0,,190,10,1351,,117105.67306472127,248400685.45023423,0.0,0.0,176,0.0
10-225-01352,BIHAR,Banka,Belhar,0,0,,190,10,1352,,118426.40149548957,290570448.277483,0.0016426800102615356,0.00016887364591473733,214,0.03613896022575379
10-225-01353,BIHAR,Banka,Chanan,0,0,,190,10,1353,,169565.08902723462,550876204.0147796,0.0016436357716369632,0.0008764422208715018,403,0.35320621501121524
10-225-01354,BIHAR,Banka,Katoria,0,0,,190,10,1354,,180268.89530762268,687665367.2781417,0.0016436357716369632,0.00014078951828762833,502,0.07067633818038942
10-225-01355,BIHAR,Banka,Bausi,0,0,,190,10,1355,,109314.78149810205,385846183.7170387,0.0,0.0,284,0.0
10-226-01356,BIHAR,Munger,Munger,0,0,,207,10,1356,,162390.1628928388,306519605.49277806,0.0,0.0,227,0.0
10-226-01357,BIHAR,Munger,Bariarpur,0,0,,207,10,1357,,122433.4478606843,198040113.63802013,0.0,0.0,143,0.0
10-226-01358,BIHAR,Munger,Jamalpur,0,0,,207,10,1358,,72817.19566814511,112971204.64248075,0.0,0.0,79,0.0
10-226-01361,BIHAR,Munger,Asarganj,0,0,,207,10,1361,,61173.52838786665,72491453.98190036,0.0,0.0,52,0.0
10-226-01362,BIHAR,Munger,Tarapur,0,0,,207,10,1362,,54416.57713098438,86962445.68425661,0.0,0.0,62,0.0
10-226-01364,BIHAR,Munger,Sangrampur,0,0,,207,10,1364,,71205.18318302365,105786037.21986651,0.0,0.0,80,0.0
10-227-01366,BIHAR,Lakhisarai,Pipariya,0,0,,204,10,1366,,87968.2901826016,106258171.87143916,0.0,0.0,76,0.0
10-227-01365,BIHAR,Lakhisarai,Barahiya,0,0,,204,10,1365,,95965.48426593257,248505135.43154767,0.0,0.0,179,0.0
10-227-01367,BIHAR,Lakhisarai,Surajgarha,0,0,,204,10,1367,,140312.1609931406,462726462.37366486,0.0014341901892471315,0.00018981928975329683,340,0.06453855851612092
10-227-01368,BIHAR,Lakhisarai,Lakhisarai,0,0,,204,10,1368,,117670.76745524361,181316338.94823277,0.0014341901892471315,0.00012986939588575434,133,0.01727262965280533
10-227-01369,BIHAR,Lakhisarai,Chanan*,0,0,,204,10,1369,,86014.87070350182,177670731.10250506,0.0014341901892471315,0.0011652795287632944,128,0.14915577968170168
10-228-01375,BIHAR,Sheikhpura,Ghat Kusumbha,0,0,,219,10,1375,,80592.24583619394,99088070.68237934,0.0,0.0,70,0.0
10-227-01370,BIHAR,Lakhisarai,Ramgarh Chowk,0,0,,204,10,1370,,98990.57354622113,128567389.13844268,0.0014341901892471315,0.0011211426531564429,94,0.10538740939670563
10-227-01371,BIHAR,Lakhisarai,Halsi,0,0,,204,10,1371,,82594.8188222393,191441208.6304817,0.0014341901892471315,0.0011901075283216572,139,0.16542494643671035
10-228-01372,BIHAR,Sheikhpura,Barbigha,0,0,,219,10,1372,,83879.7675047183,115941853.486741,0.0,0.0,81,0.0
10-228-01373,BIHAR,Sheikhpura,Shekhopur Sarai,0,0,,219,10,1373,,59774.96229914819,65955650.61796794,0.0014482379395103456,0.0005627608750356039,45,0.025324239376602175
10-228-01374,BIHAR,Sheikhpura,Sheikhpura,0,0,,219,10,1374,,119718.3677454689,225551054.81458032,0.0014482379395103456,0.0003207835626883788,170,0.054533205657024394
10-228-01377,BIHAR,Sheikhpura,Ariari,0,0,,219,10,1377,,87552.5859976097,183445963.63454768,0.0014482379395103456,0.0014443088641957473,137,0.1978703143948174
10-229-01378,BIHAR,Nalanda,Karai Parsurai,0,0,,209,10,1378,,58523.47447411047,82148146.79064696,0.0006560517645263672,0.0002952232940368652,60,0.017713397642211914
10-229-01379,BIHAR,Nalanda,Nagar Nausa,0,0,,209,10,1379,,82570.35159490984,108015836.82811198,0.0008312776692962646,0.0003203858833885193,80,0.025630870671081545
10-229-01380,BIHAR,Nalanda,Harnaut,0,0,,209,10,1380,,124869.90123154312,224385440.0517296,0.0008312776692962646,0.00028914005888565727,161,0.04655154948059082
10-229-01381,BIHAR,Nalanda,Chandi,0,0,,209,10,1381,,70527.81459673235,147156102.481168,0.0008312776692962646,0.0007626400635745546,109,0.08312776692962645
10-229-01382,BIHAR,Nalanda,Rahui,0,0,,209,10,1382,,77076.6108369453,152249665.90613127,0.0008312776692962646,0.000800489607470477,108,0.08645287760681152
10-229-01383,BIHAR,Nalanda,Bind,0,0,,209,10,1383,,70364.80140905235,88091657.81671415,0.0,0.0,66,0.0
10-229-01384,BIHAR,Nalanda,Sarmera,0,0,,209,10,1384,,91044.34634338948,167201876.42476654,0.0,0.0,123,0.0
10-229-01385,BIHAR,Nalanda,Asthawan,0,0,,209,10,1385,,92263.18064708126,171325630.7179731,0.0014482379395103456,0.0001677621376356506,125,0.020970267204456328
10-229-01387,BIHAR,Nalanda,Noorsarai,0,0,,209,10,1387,,78528.62700534344,151514769.88009417,0.0008312776692962646,0.0008312776692962645,114,0.09476565429977415
10-229-01386,BIHAR,Nalanda,Bihar,0,0,,209,10,1386,,98561.8371020671,215840179.0991975,0.0010762161722183228,0.0008200060100600718,160,0.13120096160961148
10-229-01390,BIHAR,Nalanda,Hilsa,0,0,,209,10,1390,,93433.88804652911,175765721.10991755,0.0006560517645263672,0.0006560517645263673,131,0.08594278115295412
10-229-01391,BIHAR,Nalanda,Ekangarsarai,0,0,,209,10,1391,,87121.32234693572,166605847.460251,0.0006560517645263672,0.0006560517645263673,122,0.0800383152722168
10-229-01392,BIHAR,Nalanda,Islampur,0,0,,209,10,1392,,109868.69145522316,273834151.4326934,0.0007584587745666505,0.0007167569508904526,194,0.1390508484727478
10-229-01393,BIHAR,Nalanda,Ben,0,0,,209,10,1393,,66947.54721379357,127526149.56798536,0.0010762161722183228,0.0007837395413329753,94,0.07367151688529967
10-230-01398,BIHAR,Patna,Maner,0,0,,212,10,1398,,96133.56350709034,213315300.3597084,0.00045679258644104007,0.00012497486841969678,154,0.019246129736633304
10-229-01394,BIHAR,Nalanda,Rajgir,0,0,,209,10,1394,,88740.45664753366,198129288.77271983,0.0010762161722183228,0.0009421960453176174,147,0.13850281866168976
10-229-01395,BIHAR,Nalanda,Silao,0,0,,209,10,1395,,79220.42929786978,154752836.13944647,0.0010762161722183228,0.0010332445050390143,114,0.11778987357444763
10-229-01396,BIHAR,Nalanda,Giriak,0,0,,209,10,1396,,88347.46773236175,99576022.5731765,0.0010762161722183228,0.0010762161722183228,73,0.07856378057193757
10-229-01397,BIHAR,Nalanda,Katrisarai,0,0,,209,10,1397,,38918.76300208476,48673462.28309288,0.0014482379395103456,0.0011692216140413287,36,0.04209197810548783
10-230-01399,BIHAR,Patna,Dinapur-Cum-Khagaul,0,0,,212,10,1399,,78598.21354533077,184765788.04152673,0.00045679258644104007,0.00013534595153808594,135,0.018271703457641602
10-234-01474,BIHAR,Rohtas,Tilouthu,0,0,,215,10,1474,,73885.57639601533,193504401.97342023,0.0011638145083618164,0.0010993498059201922,140,0.15390897282882693
10-230-01400,BIHAR,Patna,Patna Rural,0,0,,212,10,1400,,87518.10425735511,179850223.48881748,0.00045679258644104007,8.020022510033527e-05,131,0.010506229488143922
10-230-01401,BIHAR,Patna,Sampatchak,0,0,,212,10,1401,,53219.7118618291,78902366.60372826,0.00045679258644104007,1.602781005056281e-05,57,0.0009135851728820801
10-230-01406,BIHAR,Patna,Dulhin Bazar,0,0,,212,10,1406,,77792.54009458271,136539622.4680228,0.0005610811559295654,0.00048251547842045027,99,0.04776903236362458
10-230-01402,BIHAR,Patna,Phulwari,0,0,,212,10,1402,,70659.26045014715,135940825.49713776,0.00045679258644104007,0.0004377595620059967,96,0.04202491795257569
10-230-01413,BIHAR,Patna,Khusrupur,0,0,,212,10,1413,,46143.60198551767,78201544.387751,0.0,0.0,58,0.0
10-230-01403,BIHAR,Patna,Bihta,0,0,,212,10,1403,,116564.9809665079,244879174.98088208,0.00045679258644104007,0.0004357339343847547,182,0.07930357605802535
10-230-01415,BIHAR,Patna,Athmalgola,0,0,,212,10,1415,,47997.69261940102,62827293.65665197,0.0,0.0,47,0.0
10-230-01404,BIHAR,Patna,Naubatpur,0,0,,212,10,1404,,105087.74367689912,205320191.59612688,0.00045679258644104007,0.00045679258644104007,153,0.06988926572547913
10-230-01405,BIHAR,Patna,Bikram,0,0,,212,10,1405,,86626.03512108007,186422313.04867813,0.00045679258644104007,0.0004344823737864251,137,0.05952408520874024
10-234-01475,BIHAR,Rohtas,Rohtas,0,0,,215,10,1475,,88257.59288547112,389741138.17794544,0.0016494562124633792,0.0012088681915220284,288,0.3481540391583442
10-230-01407,BIHAR,Patna,Paliganj,0,0,,212,10,1407,,129476.3041410336,293354152.7667747,0.0005610811559295654,0.0005524419112918534,214,0.11822256901645661
10-230-01408,BIHAR,Patna,Masaurhi,0,0,,212,10,1408,,108866.13277400887,248716954.87290823,0.0004925483152770997,0.00048049582241101223,178,0.08552825638916017
10-230-01409,BIHAR,Patna,Dhanarua,0,0,,212,10,1409,,95102.40821522896,225577653.19725513,0.0006560517645263672,0.00042370842334911137,163,0.06906447300590515
10-230-01410,BIHAR,Patna,Punpun,0,0,,212,10,1410,,82554.93388622913,161116560.78819045,0.00045679258644104007,0.0003096898891125695,118,0.036543406915283204
10-230-01411,BIHAR,Patna,Fatwah,0,0,,212,10,1411,,97950.27190535897,155697451.47083917,0.0,0.0,115,0.0
10-230-01412,BIHAR,Patna,Daniawan,0,0,,212,10,1412,,69689.77872311571,79566220.36857046,0.0,0.0,56,0.0
10-230-01414,BIHAR,Patna,Bakhtiarpur,0,0,,212,10,1414,,120205.01587822943,168153072.20481881,0.0,0.0,120,0.0
10-230-01416,BIHAR,Patna,Belchhi,0,0,,212,10,1416,,88573.78025963024,87443681.0926542,0.0,0.0,70,0.0
10-230-01417,BIHAR,Patna,Barh,0,0,,212,10,1417,,95365.9771693495,147280816.515725,0.0,0.0,104,0.0
10-230-01419,BIHAR,Patna,Ghoswari,0,0,,212,10,1419,,66454.95033385535,164897376.1169027,0.0,0.0,126,0.0
10-230-01418,BIHAR,Patna,Pandarak,0,0,,212,10,1418,,106894.44852036482,252509471.6555304,0.0,0.0,180,0.0
10-232-01438,BIHAR,Buxar,Chaugain,0,0,,194,10,1438,,52625.33924401454,66025696.44875917,0.00045209283584594733,0.00045209283584594733,49,0.02215254895645142
10-232-01439,BIHAR,Buxar,Kesath,0,0,,194,10,1439,,34661.84662025829,38236018.49691825,0.00045209283584594733,0.00045209283584594733,29,0.013110692239532472
10-230-01420,BIHAR,Patna,Mokameh,0,0,,212,10,1420,,127700.39840194934,244519830.48183808,0.0,0.0,181,0.0
10-231-01421,BIHAR,Bhojpur,Shahpur,0,0,,193,10,1421,,110658.91431619873,211766871.4500774,0.00048079775888442994,0.00041252473917557643,156,0.06435385931138993
10-234-01460,BIHAR,Rohtas,Suryapura,0,0,,215,10,1460,,56159.7630280001,69765063.31452103,0.0005759686369323731,0.0005759686369323731,47,0.027070525935821536
10-231-01422,BIHAR,Bhojpur,Arrah,0,0,,193,10,1422,,120924.06747051864,221925641.7145924,0.00048079775888442994,0.0004339124467805346,159,0.068992079038105
10-231-01423,BIHAR,Bhojpur,Barhara,0,0,,193,10,1423,,128817.96875565937,258494738.36324885,0.0003942415623855591,0.0003452577889925773,191,0.06594423769758226
10-231-01424,BIHAR,Bhojpur,Koilwar,0,0,,193,10,1424,,94779.33453556667,208456312.66749656,0.000425603819770813,0.0004035299734704447,149,0.06012596604709625
10-231-01425,BIHAR,Bhojpur,Sandesh,0,0,,193,10,1425,,60697.76797134289,164599530.19806212,0.0005610811559295654,0.00044626985410011426,118,0.052659842783813485
10-231-01426,BIHAR,Bhojpur,Udwant Nagar,0,0,,193,10,1426,,92445.60417460876,217797556.82002312,0.00048079775888442994,0.0004588573110380232,161,0.07387602707712174
10-234-01461,BIHAR,Rohtas,Bikramganj,0,0,,215,10,1461,,88556.32896667719,168723569.68103397,0.0005759686369323731,0.000575968636932373,129,0.07429995416427612
10-231-01427,BIHAR,Bhojpur,Behea,0,0,,193,10,1427,,114516.77527652554,206091349.70539597,0.00048079775888442994,0.0004696984757754008,150,0.07045477136631012
10-231-01428,BIHAR,Bhojpur,Jagdishpur,0,0,,193,10,1428,,109726.00219208181,318463526.4488765,0.00048079775888442994,0.0004779020868235304,228,0.10896167579576493
10-231-01429,BIHAR,Bhojpur,Piro,0,0,,193,10,1429,,100703.96274410955,268205354.86689487,0.0005759686369323731,0.0005383813604406357,200,0.10767627208812713
10-234-01462,BIHAR,Rohtas,Karakat,0,0,,215,10,1462,,102232.22868007293,251121712.10833624,0.0007367650501251222,0.0006158346833857624,176,0.10838690427589417
10-231-01430,BIHAR,Bhojpur,Charpokhari,0,0,,193,10,1430,,88834.1327790213,135855258.49695313,0.000566404066772461,0.0005411727339212519,95,0.05141140972251893
10-231-01431,BIHAR,Bhojpur,Garhani,0,0,,193,10,1431,,93054.52180151101,137128723.85739592,0.000566404066772461,0.000490771309317987,103,0.05054944485975266
10-231-01432,BIHAR,Bhojpur,Agiaon,0,0,,193,10,1432,,87534.07309197474,191419206.17039648,0.000566404066772461,0.0005380584081758183,139,0.07479011873643875
10-231-01433,BIHAR,Bhojpur,Tarari,0,0,,193,10,1433,,95157.98131215997,247108515.4982669,0.0005759686369323731,0.0005674307720438641,177,0.10043524665176394
10-231-01434,BIHAR,Bhojpur,Sahar,0,0,,193,10,1434,,61748.81499939302,157154129.14318892,0.000566404066772461,0.0005655396624475465,117,0.06616814050636294
10-232-01435,BIHAR,Buxar,Simri,0,0,,194,10,1435,,87047.69219699135,222195796.247413,0.0004654008386230469,0.00044522423252431364,164,0.07301677413398744
10-232-01436,BIHAR,Buxar,Chakki,0,0,,194,10,1436,,73799.54032015939,80420668.23199363,0.00045209283584594733,0.0004363168218946457,64,0.027924276601257327
10-232-01437,BIHAR,Buxar,Barhampur,0,0,,194,10,1437,,133928.15369382405,240152233.65370417,0.00045209283584594733,0.0004484080167016267,173,0.07757458688938142
10-232-01440,BIHAR,Buxar,Dumraon,0,0,,194,10,1440,,115797.88145848007,238641355.07175583,0.00045209283584594733,0.00044315318050813394,169,0.07489288750587464
10-232-01441,BIHAR,Buxar,Buxar,0,0,,194,10,1441,,90996.21871903203,211591033.38394436,0.0004654008386230469,0.0004232896204847592,157,0.0664564704161072
10-232-01442,BIHAR,Buxar,Chausa,0,0,,194,10,1442,,99103.08457070828,138502720.57991108,0.0006992512309265137,0.0005067180621494756,107,0.054218832649993894
10-232-01443,BIHAR,Buxar,Rajpur,0,0,,194,10,1443,,121142.9666413415,336933113.12217736,0.0006992512309265137,0.0005679289197398595,245,0.13914258533626556
10-232-01444,BIHAR,Buxar,Itarhi,0,0,,194,10,1444,,109439.3274763228,293713382.2816445,0.0005971961393737793,0.0004241412995176908,209,0.08864553159919739
10-232-01445,BIHAR,Buxar,Nawanagar,0,0,,194,10,1445,,126567.10382889764,229774401.79100823,0.0005971961393737793,0.00047058351596493707,169,0.07952861419807436
10-233-01446,BIHAR,Kaimur (Bhabua),Ramgarh,0,0,,200,10,1446,,124781.0721120257,206666195.02442607,0.0008042494072532656,0.0007319327824984166,151,0.1105218501572609
10-233-01447,BIHAR,Kaimur (Bhabua),Nuaon,0,0,,200,10,1447,,121732.74643995032,235834986.4758632,0.0006992512309265137,0.000679532128807648,171,0.1161999940261078
10-233-01448,BIHAR,Kaimur (Bhabua),Kudra,0,0,,200,10,1448,,132624.50147962422,255577893.54332253,0.0008948384708023072,0.0008141199273615035,189,0.15386866627132417
10-233-01449,BIHAR,Kaimur (Bhabua),Mohania,0,0,,200,10,1449,,142323.6809133636,349176573.6513165,0.0008948384708023072,0.0007297309874133022,256,0.18681113277780537
10-233-01450,BIHAR,Kaimur (Bhabua),Durgawati,0,0,,200,10,1450,,108544.41183902678,212580801.4059764,0.0008042494072532656,0.0008042494072532656,154,0.1238544087170029
10-233-01451,BIHAR,Kaimur (Bhabua),Chand,0,0,,200,10,1451,,97099.60209928264,257974481.1925409,0.0009619621627044678,0.0008807013392419005,188,0.1655718517774773
10-233-01452,BIHAR,Kaimur (Bhabua),Chainpur,0,0,,200,10,1452,,170712.34536647963,555311526.8488017,0.0012377068944168092,0.0010154738441649584,407,0.4132978545751381
10-233-01453,BIHAR,Kaimur (Bhabua),Bhabua,0,0,,200,10,1453,,143727.89821118704,407618990.38615096,0.0009619621627044678,0.000901424540240519,301,0.27132878661239623
10-233-01454,BIHAR,Kaimur (Bhabua),Rampur,0,0,,200,10,1454,,126612.15498309073,210660395.23746365,0.0013269023264312744,0.0010340268269780819,149,0.1540699972197342
10-233-01455,BIHAR,Kaimur (Bhabua),Bhagwanpur,0,0,,200,10,1455,,134815.05705103654,292151198.96788174,0.0012377068944168092,0.0009572158146978443,211,0.20197253690124514
10-233-01456,BIHAR,Kaimur (Bhabua),Adhaura,0,0,,200,10,1456,,271357.2345421078,1135984955.9859164,0.0016494562124633792,0.0013017340851520206,833,1.084344492931633
10-234-01457,BIHAR,Rohtas,Kochas,0,0,,215,10,1457,,90248.48407846906,187033418.62218276,0.0006992512309265137,0.000628895069325765,132,0.08301414915100098
10-234-01458,BIHAR,Rohtas,Dinara,0,0,,215,10,1458,,157118.7651045217,464648316.8452498,0.0005971961393737793,0.0005922160801499891,341,0.20194568333114626
10-234-01459,BIHAR,Rohtas,Dawath,0,0,,215,10,1459,,78120.6651060775,129910427.66035384,0.0005759686369323731,0.0005759686369323731,94,0.05414105187164307
10-234-01466,BIHAR,Rohtas,Nokha,0,0,,215,10,1466,,82152.91978314315,208772248.59610957,0.0007367650501251222,0.0007014828983183166,148,0.10381946895111085
10-235-01476,BIHAR,Aurangabad,Daudnagar,0,0,,189,10,1476,,91010.07504965532,238139281.75712803,0.0007367650501251222,0.0007054160937596465,174,0.12274240031417849
10-234-01467,BIHAR,Rohtas,Kargahar,0,0,,215,10,1467,,128509.87472624176,406135690.59563094,0.0008948384708023072,0.0007077800441409447,296,0.20950289306571962
10-234-01468,BIHAR,Rohtas,Chenari,0,0,,215,10,1468,,121720.69626398994,292642418.8385522,0.0013269023264312744,0.0011069855543363704,215,0.23800189418231965
10-234-01469,BIHAR,Rohtas,Nauhatta,0,0,,215,10,1469,,175494.75594492842,478591449.404211,0.0016494562124633792,0.001521958499534575,354,0.5387733088352396
10-234-01470,BIHAR,Rohtas,Sheosagar,0,0,,215,10,1470,,135463.8765525897,406503956.12222886,0.0013269023264312744,0.000911689520332595,295,0.2689484084981155
10-234-01471,BIHAR,Rohtas,Sasaram,0,0,,215,10,1471,,135810.11950728856,394273130.8742507,0.0011037195839691163,0.0008153130435379292,290,0.2364407826259995
10-234-01473,BIHAR,Rohtas,Dehri,0,0,,215,10,1473,,97323.52013589225,199371136.99043605,0.0011638145083618164,0.0007982212175590253,145,0.11574207654605866
10-235-01477,BIHAR,Aurangabad,Haspura,0,0,,189,10,1477,,88845.10694940752,164519986.5205008,0.0007627498694992065,0.0007019014080299819,121,0.08493007037162781
10-235-01478,BIHAR,Aurangabad,Goh,0,0,,189,10,1478,,122286.20877621078,374665187.3660463,0.0007627498694992065,0.0007454623493660197,272,0.20276575902755736
10-236-01491,BIHAR,Gaya,Neem Chak Bathani,0,0,,196,10,1491,,79540.44278654993,146770773.7769567,0.0007584587745666505,0.0007584587745666505,103,0.078121253780365
10-235-01479,BIHAR,Aurangabad,Rafiganj,0,0,,189,10,1479,,167069.30684925965,465687847.79432577,0.0011063751294708253,0.0009148153840637207,341,0.3119520459657288
10-235-01480,BIHAR,Aurangabad,Obra,0,0,,189,10,1480,,130720.05569071589,327203821.09876627,0.0011638145083618164,0.0007589921894669031,237,0.17988114890365603
10-236-01494,BIHAR,Gaya,Manpur,0,0,,196,10,1494,,77081.78707553667,161226183.41058797,0.0008209874588394165,0.000818572774746107,115,0.09413586909580231
10-235-01481,BIHAR,Aurangabad,Aurangabad,0,0,,189,10,1481,,125502.68609205673,344679798.38062614,0.0011638145083618164,0.0011193887387508155,256,0.2865635171202088
10-237-01511,BIHAR,Nawada,Nardiganj,0,0,,210,10,1511,,60262.24041371029,129808165.4472442,0.0010762161722183228,0.0010762161722183226,95,0.10224053636074065
10-235-01482,BIHAR,Aurangabad,Barun,0,0,,189,10,1482,,117269.30390529483,381782699.30215496,0.0011638145083618164,0.0010265486110714503,280,0.2874336111000061
10-235-01483,BIHAR,Aurangabad,Nabinagar,0,0,,189,10,1483,,173491.30877801325,657546828.2218357,0.001610311480808258,0.0012496179130273824,483,0.6035654519922257
10-235-01484,BIHAR,Aurangabad,Kutumba,0,0,,189,10,1484,,110495.73757590447,319048251.76106954,0.0013335629880523682,0.0012490593780754122,229,0.2860345975792694
10-235-01485,BIHAR,Aurangabad,Deo,0,0,,189,10,1485,,158578.88849021672,336990745.1586724,0.0013335629880523682,0.0011613147993463158,251,0.2914900146359253
10-235-01486,BIHAR,Aurangabad,Madanpur,0,0,,189,10,1486,,153529.37367368402,418713952.50229967,0.0011292940297317506,0.0010842750389746015,309,0.3350409870431519
10-236-01487,BIHAR,Gaya,Konch,0,0,,196,10,1487,,154041.56172387034,319288521.7326548,0.0008285117236328125,0.0007820248957107806,232,0.1814297758049011
10-236-01488,BIHAR,Gaya,Tikari,0,0,,196,10,1488,,122221.36853604284,290576655.12704176,0.0008285117236328125,0.0007678753195526402,218,0.16739681966247558
10-236-01489,BIHAR,Gaya,Belaganj,0,0,,196,10,1489,,113473.13279109563,240372540.95814112,0.0007654497246932984,0.0007654497246932983,180,0.1377809504447937
10-236-01490,BIHAR,Gaya,Khizirsarai,0,0,,196,10,1490,,103698.13096672995,223124430.97950032,0.0008209874588394165,0.0007626909883783514,165,0.12584401308242799
10-236-01492,BIHAR,Gaya,Muhra,0,0,,196,10,1492,,93681.45756176667,181269438.2139707,0.0014213126826477052,0.0008720281833210277,134,0.1168517765650177
10-236-01493,BIHAR,Gaya,Atri,0,0,,196,10,1493,,103075.15367958385,161340647.62451813,0.0014213126826477052,0.0008850768119174092,119,0.10532414061817169
10-236-01495,BIHAR,Gaya,Gaya Town C.D.Block,0,0,,196,10,1495,,91678.58033080616,224144813.6021213,0.0008209874588394165,0.0008130534968185424,161,0.13090161298778533
10-236-01496,BIHAR,Gaya,Paraiya,0,0,,196,10,1496,,75593.31264449215,167300846.5298876,0.0008285117236328125,0.0008252512088890076,120,0.09903014506668091
10-236-01497,BIHAR,Gaya,Guraru,0,0,,196,10,1497,,81292.54933661391,199646285.7542363,0.0008285117236328125,0.0008285117236328124,147,0.12179122337402343
10-237-01512,BIHAR,Nawada,Nawada,0,0,,210,10,1512,,86822.75137888109,219317998.1072041,0.001478654168739319,0.0010992858662864054,157,0.17258788100696565
10-236-01498,BIHAR,Gaya,Gurua,0,0,,196,10,1498,,117859.62964526065,238015237.1519128,0.0010975443882369996,0.0008657906813536628,173,0.14978178787418367
10-236-01499,BIHAR,Gaya,Amas,0,0,,196,10,1499,,100546.69423332924,128484051.44985774,0.0011292940297317506,0.0010728837073532907,95,0.10192395219856262
10-237-01517,BIHAR,Nawada,Roh,0,0,,210,10,1517,,77804.52626079548,192537548.9783989,0.001931895927886963,0.0017623133184956183,144,0.25377311786336904
10-236-01500,BIHAR,Gaya,Banke Bazar,0,0,,196,10,1500,,85166.97220092022,256240042.68049288,0.0011292940297317506,0.0011062499350984636,186,0.20576248792831422
10-236-01501,BIHAR,Gaya,Imamganj,0,0,,196,10,1501,,136271.57775821586,316917295.57645696,0.0014707390378189088,0.0011962093543908985,239,0.28589403569942473
10-236-01502,BIHAR,Gaya,Dumaria,0,0,,196,10,1502,,119690.94596035974,390676703.928496,0.0014707390378189088,0.0011897874913836027,285,0.33908943504432676
10-236-01503,BIHAR,Gaya,Sherghati,0,0,,196,10,1503,,100322.2973073121,167902109.12194017,0.00121979904876709,0.0010723041539057291,123,0.1318934109304047
10-238-01531,BIHAR,Jamui,Gidhaur,0,0,,198,10,1531,,55211.5633940527,100392309.18230554,0.0017811764015197755,0.001591490605477397,75,0.11936179541080477
10-236-01504,BIHAR,Gaya,Dobhi,0,0,,196,10,1504,,103572.88994215836,218837778.49499393,0.00121979904876709,0.001197778022957322,161,0.19284226169612886
10-236-01505,BIHAR,Gaya,Bodh Gaya,0,0,,196,10,1505,,120948.91182130505,306843965.9119923,0.00121979904876709,0.000853998192483819,230,0.19641958427127837
10-236-01506,BIHAR,Gaya,Tan Kuppa,0,0,,196,10,1506,,108147.94853451202,190099968.23000297,0.0015331877254867554,0.001201287771410017,134,0.16097256136894228
10-240-01542,BIHAR,Arwal,Arwal,0,0,,611,10,1542,,73924.8054791393,147787869.27798152,0.000566404066772461,0.0005624630654753171,104,0.058496158809432985
10-236-01507,BIHAR,Gaya,Wazirganj,0,0,,196,10,1507,,105472.06999302967,323030583.61833626,0.0014213126826477052,0.0013678939127325608,236,0.32282296340488437
10-236-01508,BIHAR,Gaya,Fatehpur,0,0,,196,10,1508,,155359.44599717355,408449805.62920874,0.0015331877254867554,0.001483038044452291,304,0.45084356551349647
10-240-01543,BIHAR,Arwal,Kaler,0,0,,611,10,1543,,67777.19153730445,176075758.749563,0.0007008787448120118,0.0005889876004890268,131,0.07715737566406251
10-236-01509,BIHAR,Gaya,Mohanpur,0,0,,196,10,1509,,119906.24818546322,418796109.2883684,0.0015331877254867554,0.001291733723601036,303,0.3913953182511139
10-240-01544,BIHAR,Arwal,Karpi,0,0,,611,10,1544,,158139.92638461498,234985661.7206014,0.0007627498694992065,0.0005862321181632197,172,0.10083192432407379
10-236-01510,BIHAR,Gaya,Barachatti,0,0,,196,10,1510,,138753.78132836288,366328956.31361085,0.0015331877254867554,0.0012471493332808063,275,0.34296606665222173
10-237-01513,BIHAR,Nawada,Warisaliganj,0,0,,210,10,1513,,109792.76918459819,202861050.3008767,0.0014482379395103456,0.0013090461218160513,147,0.19242977990695953
10-237-01514,BIHAR,Nawada,Kashi Chak,0,0,,210,10,1514,,73948.94452619922,98983451.20841853,0.0014482379395103456,0.0014482379395103456,72,0.10427313164474489
10-237-01515,BIHAR,Nawada,Pakribarawan,0,0,,210,10,1515,,104545.76938151139,251834567.85717744,0.0014482379395103456,0.0014482379395103458,184,0.26647578086990364
10-237-01516,BIHAR,Nawada,Kawakol,0,0,,210,10,1516,,121170.20018263235,362955647.76482904,0.001931895927886963,0.0016728454885600388,266,0.4449768999569703
10-237-01518,BIHAR,Nawada,Gobindpur,0,0,,210,10,1518,,73133.35659787485,188189390.13263756,0.001931895927886963,0.0018088731646897453,140,0.25324224305656434
10-237-01519,BIHAR,Nawada,Akbarpur,0,0,,210,10,1519,,91268.2921062847,249541236.96202633,0.001478654168739319,0.0014786541687393192,184,0.2720723670480347
10-237-01520,BIHAR,Nawada,Hisua,0,0,,210,10,1520,,85113.4923130193,144090762.99664384,0.001478654168739319,0.0013589486406150235,104,0.14133065862396244
10-237-01521,BIHAR,Nawada,Narhat,0,0,,210,10,1521,,62856.50481924386,99624005.77002536,0.001478654168739319,0.0014786541687393192,69,0.10202713764301302
10-237-01522,BIHAR,Nawada,Meskaur,0,0,,210,10,1522,,75185.00287586387,145604023.18435815,0.001478654168739319,0.0014376959643881662,112,0.16102194801147462
10-237-01523,BIHAR,Nawada,Sirdala,0,0,,210,10,1523,,111278.51695598938,301894539.186342,0.0015331877254867554,0.0014211889476814623,218,0.30981919059455876
10-237-01524,BIHAR,Nawada,Rajauli,0,0,,210,10,1524,,132370.86211000624,450216393.36794454,0.001931895927886963,0.0013572666907946842,333,0.4519698080346298
10-238-01525,BIHAR,Jamui,Islamnagar Aliganj,0,0,,198,10,1525,,96153.77396855215,213408239.47295904,0.0016026267794799808,0.001236792324122649,156,0.19293960256313325
10-238-01526,BIHAR,Jamui,Sikandra,0,0,,198,10,1526,,86788.2538333537,223096734.30010977,0.0017811764015197755,0.0012095841416238857,162,0.19595263094306947
10-238-01527,BIHAR,Jamui,Jamui,0,0,,198,10,1527,,90084.78430112793,212157753.6648698,0.0014341901892471315,0.0014308986549402057,155,0.22178929151573187
10-238-01528,BIHAR,Jamui,Barhat,0,0,,198,10,1528,,114104.37581341481,270298087.1382075,0.0014341901892471315,0.0011939451321651248,197,0.2352071910365296
10-238-01529,BIHAR,Jamui,Lakshmipur,0,0,,198,10,1529,,112147.89260238525,307635253.00857943,0.0014341901892471315,0.00038245071713256844,225,0.0860514113548279
10-238-01530,BIHAR,Jamui,Jhajha,0,0,,198,10,1530,,147664.43327942316,507112726.974952,0.0017811764015197755,0.0015654052747580036,370,0.5791999516604613
10-238-01532,BIHAR,Jamui,Khaira,0,0,,198,10,1532,,142747.05687020053,513762691.7981683,0.0017811764015197755,0.0016763512318490226,377,0.6319844144070815
10-238-01533,BIHAR,Jamui,Sono,0,0,,198,10,1533,,117724.39892386932,474283005.7300444,0.001975026282043457,0.0017647468001815447,349,0.6158966332633591
10-238-01534,BIHAR,Jamui,Chakai,0,0,,198,10,1534,,243956.2217086091,956725034.6798706,0.001975026282043457,0.001737783097598648,700,1.2164481683190536
10-239-01535,BIHAR,Jehanabad,Ratni Faridpur,0,0,,199,10,1535,,82762.53932271499,155018952.20303965,0.0007654497246932984,0.0005779502378028736,114,0.06588632710952759
10-239-01536,BIHAR,Jehanabad,Jehanabad,0,0,,199,10,1536,,97254.09844747804,201426556.69272655,0.0004925483152770997,0.0004925483152770997,148,0.07289715066101075
10-239-01537,BIHAR,Jehanabad,Kako,0,0,,199,10,1537,,83599.3529020472,162373941.78194478,0.0004925483152770997,0.0004925483152770997,118,0.058120701202697765
10-239-01538,BIHAR,Jehanabad,Modanganj,0,0,,199,10,1538,,66522.90037500951,97205276.85869928,0.0006560517645263672,0.0006110290756026558,69,0.04216100621658325
10-239-01539,BIHAR,Jehanabad,Ghoshi,0,0,,199,10,1539,,82931.95174196921,112225161.55433495,0.0007654497246932984,0.0006246903381894584,83,0.05184929806972505
10-239-01540,BIHAR,Jehanabad,Makhdumpur,0,0,,199,10,1540,,128831.72570768485,301471679.33572614,0.0007654497246932984,0.000735267080333903,217,0.15955295643245695
10-239-01541,BIHAR,Jehanabad,Hulasganj,0,0,,199,10,1541,,87179.53907708311,119677697.18988888,0.0007654497246932984,0.0007232389289512635,90,0.06509150360561372
10-240-01545,BIHAR,Arwal,Sonbhadra Banshi Suryapur,0,0,,611,10,1545,,62692.97791397586,116643000.97724338,0.0007627498694992065,0.000714154998759534,83,0.05927486489704132
10-240-01546,BIHAR,Arwal,Kurtha,0,0,,611,10,1546,,71585.17106640573,106433073.5354984,0.0007627498694992065,0.000664501009042202,78,0.05183107870529175
10-224-01334,BIHAR,Bhagalpur,Gopalpur,0,0,,192,10,1334,,95407.9186210158,208941966.91883087,0.0,0.0,153,0.0
10-210-01127,BIHAR,Kishanganj,Kishanganj,0,0,,203,10,1127,,125268.33771117091,207105687.55921903,0.0,0.0,152,0.0
10-206-01064,BIHAR,Sitamarhi,Suppi,0,0,,221,10,1064,,71084.15120823232,92250451.53846286,0.0,0.0,66,0.0
10-234-01463,BIHAR,Rohtas,Nasriganj,0,0,,215,10,1463,,90034.07903274363,167356919.18355417,0.0004891728410339356,0.0004456369939047193,126,0.05615026123199463
10-234-01464,BIHAR,Rohtas,Rajpur,0,0,,215,10,1464,,68660.48684625747,85633596.4997788,0.0004414807612609864,0.0004414807612609864,63,0.027813287959442143
10-234-01465,BIHAR,Rohtas,Sanjhauli,0,0,,215,10,1465,,56591.722358052,83833486.39015438,0.0005037833459472657,0.0004919161869594029,63,0.030990719778442387
10-203-01023,BIHAR,Pashchim Champaran,Thakrahan,0,0,,211,10,1023,,79847.09402015881,199004696.79409248,0.0,0.0,145,0.0
10-204-01054,BIHAR,Purbi Champaran,Phenhara,0,0,,213,10,1054,,44565.43736457999,67645025.94776015,0.0,0.0,51,0.0
10-219-01262,BIHAR,Saran,Maker,0,0,,218,10,1262,,62357.8736467211,96585777.9808088,0.0,0.0,71,0.0
10-220-01282,BIHAR,Vaishali,Sahdai Buzurg,0,0,,224,10,1282,,74546.65030748869,114161677.3631406,0.0,0.0,84,0.0
10-229-01388,BIHAR,Nalanda,Tharthari,0,0,,209,10,1388,,71853.42144919158,77411758.12428828,0.00027648502662658693,0.0002452706839356599,54,0.013244616932525636
10-229-01389,BIHAR,Nalanda,Parbalpur,0,0,,209,10,1389,,54466.2339431045,76043839.88376136,0.00027648502662658693,0.00026953897784096856,56,0.01509418275909424
10-203-01022,BIHAR,Pashchim Champaran,Bhitaha,0,0,,211,10,1022,,72626.86760213553,166969906.7472905,0.0,0.0,117,0.0
10-203-01013,BIHAR,Pashchim Champaran,Sidhaw,0,0,,211,10,1013,,195582.3602130639,1085337194.6715722,0.0,0.0,781,0.0
10-203-01014,BIHAR,Pashchim Champaran,Ramnagar,0,0,,211,10,1014,,230865.78384139363,866139404.2451236,0.0,0.0,621,0.0
10-203-01015,BIHAR,Pashchim Champaran,Gaunaha,0,0,,211,10,1015,,136504.94021895694,605322845.3823951,0.0,0.0,441,0.0
10-203-01016,BIHAR,Pashchim Champaran,Mainatanr,0,0,,211,10,1016,,115419.13930249632,312998546.4010918,0.0,0.0,221,0.0
10-203-01017,BIHAR,Pashchim Champaran,Narkatiaganj,0,0,,211,10,1017,,149144.20649331805,441857686.2127825,0.0,0.0,314,0.0
10-203-01018,BIHAR,Pashchim Champaran,Lauriya,0,0,,211,10,1018,,120853.32018665274,255440417.54612216,0.0,0.0,183,0.0
10-203-01019,BIHAR,Pashchim Champaran,Bagaha,0,0,,211,10,1019,,135587.24079810514,491292931.53180623,0.0,0.0,352,0.0
10-203-01021,BIHAR,Pashchim Champaran,Madhubani,0,0,,211,10,1021,,144670.82201821523,386116138.1353823,0.0,0.0,276,0.0
10-203-01024,BIHAR,Pashchim Champaran,Jogapatti,0,0,,211,10,1024,,88530.23644360513,258722436.3759333,0.0,0.0,186,0.0
10-203-01029,BIHAR,Pashchim Champaran,Bairia,0,0,,211,10,1029,,105039.82861382668,288505226.87341565,0.0,0.0,208,0.0
10-203-01025,BIHAR,Pashchim Champaran,Chanpatia,0,0,,211,10,1025,,113543.7602983494,310017349.34780717,0.0,0.0,226,0.0
10-206-01071,BIHAR,Sitamarhi,Parsauni,0,0,,221,10,1071,,63729.135625112256,74724139.64418457,0.0,0.0,55,0.0
10-203-01026,BIHAR,Pashchim Champaran,Sikta,0,0,,211,10,1026,,93443.22825707054,255004178.86147365,0.0,0.0,183,0.0
10-203-01027,BIHAR,Pashchim Champaran,Majhaulia,0,0,,211,10,1027,,123374.4030721297,371511179.15939575,0.0,0.0,265,0.0
10-203-01028,BIHAR,Pashchim Champaran,Bettiah,0,0,,211,10,1028,,53968.26030594324,83182055.35378212,0.0,0.0,59,0.0
10-203-01030,BIHAR,Pashchim Champaran,Nautan,0,0,,211,10,1030,,122656.63983711715,245738630.13883996,0.0,0.0,171,0.0
10-204-01031,BIHAR,Purbi Champaran,Raxaul,0,0,,213,10,1031,,98709.78801801558,166685360.13968688,0.0,0.0,124,0.0
10-206-01072,BIHAR,Sitamarhi,Belsand,0,0,,221,10,1072,,66235.5873217276,97354060.86547032,0.0,0.0,70,0.0
10-206-01073,BIHAR,Sitamarhi,Runisaidpur,0,0,,221,10,1073,,152472.54206325076,334873257.0825382,0.0,0.0,243,0.0
10-204-01032,BIHAR,Purbi Champaran,Adapur,0,0,,213,10,1032,,94532.37688292323,199608924.7111849,0.0,0.0,148,0.0
10-206-01074,BIHAR,Sitamarhi,Dumra,0,0,,221,10,1074,,111649.34177378344,241159212.36062923,0.0,0.0,178,0.0
10-204-01033,BIHAR,Purbi Champaran,Ramgarhwa,0,0,,213,10,1033,,90718.26831189607,213035907.5226096,0.0,0.0,154,0.0
10-204-01034,BIHAR,Purbi Champaran,Sugauli,0,0,,213,10,1034,,84892.41923436844,209336830.19001696,0.0,0.0,149,0.0
10-204-01038,BIHAR,Purbi Champaran,Ghorasahan,0,0,,213,10,1038,,75335.10865687576,144368243.47105,0.0,0.0,104,0.0
10-204-01035,BIHAR,Purbi Champaran,Banjaria,0,0,,213,10,1035,,102381.40449613356,176960195.87167916,0.0,0.0,124,0.0
10-204-01047,BIHAR,Purbi Champaran,Kesaria,0,0,,213,10,1047,,87546.8206889307,229535442.11688668,0.0,0.0,168,0.0
10-204-01036,BIHAR,Purbi Champaran,Narkatia,0,0,,213,10,1036,,105607.09704406632,168338010.30978012,0.0,0.0,120,0.0
10-204-01037,BIHAR,Purbi Champaran,Bankatwa,0,0,,213,10,1037,,99233.37216886049,115311013.90225838,0.0,0.0,82,0.0
10-204-01039,BIHAR,Purbi Champaran,Dhaka,0,0,,213,10,1039,,97673.73467814895,202386545.86227983,0.0,0.0,145,0.0
10-204-01048,BIHAR,Purbi Champaran,Kalyanpur,0,0,,213,10,1048,,109413.20044555076,313300912.50613195,0.0,0.0,230,0.0
10-204-01040,BIHAR,Purbi Champaran,Chiraia,0,0,,213,10,1040,,110764.71696779084,272984575.32652414,0.0,0.0,199,0.0
10-204-01041,BIHAR,Purbi Champaran,Motihari,0,0,,213,10,1041,,181544.26702654368,319814691.13850176,0.0,0.0,241,0.0
10-204-01049,BIHAR,Purbi Champaran,Kotwa,0,0,,213,10,1049,,78879.98205471091,178282937.71225017,0.0,0.0,126,0.0
10-204-01042,BIHAR,Purbi Champaran,Turkaulia,0,0,,213,10,1042,,99475.78497366334,174748315.94966665,0.0,0.0,130,0.0
10-204-01050,BIHAR,Purbi Champaran,Piprakothi,0,0,,213,10,1050,,58369.33889310607,62223774.49301849,0.0,0.0,45,0.0
10-204-01043,BIHAR,Purbi Champaran,Harsidhi,0,0,,213,10,1043,,133904.34238337883,240218359.62130272,0.0,0.0,173,0.0
10-204-01044,BIHAR,Purbi Champaran,Paharpur,0,0,,213,10,1044,,108730.62076802726,192061375.0173064,0.0,0.0,144,0.0
10-204-01045,BIHAR,Purbi Champaran,Areraj,0,0,,213,10,1045,,93331.67353690567,242725576.26244012,0.0,0.0,174,0.0
10-204-01046,BIHAR,Purbi Champaran,Sangrampur,0,0,,213,10,1046,,78133.67961210197,187659878.02718252,0.0,0.0,133,0.0
10-204-01051,BIHAR,Purbi Champaran,Chakia(Pipra),0,0,,213,10,1051,,129110.66914194856,212940547.80779588,0.0,0.0,145,0.0
10-204-01052,BIHAR,Purbi Champaran,Pakri Dayal,0,0,,213,10,1052,,90143.40730437863,148110040.62869397,0.0,0.0,106,0.0
10-204-01053,BIHAR,Purbi Champaran,Patahi,0,0,,213,10,1053,,85994.51677214028,144960443.14880535,0.0,0.0,100,0.0
10-204-01055,BIHAR,Purbi Champaran,Madhuban,0,0,,213,10,1055,,112681.00006095257,152424272.44650427,0.0,0.0,114,0.0
10-204-01056,BIHAR,Purbi Champaran,Tetaria,0,0,,213,10,1056,,82320.72754353678,104458405.63845472,0.0,0.0,74,0.0
10-205-01058,BIHAR,Sheohar,Purnahiya,0,0,,220,10,1058,,57294.126150412616,80859097.14068061,0.0,0.0,59,0.0
10-204-01057,BIHAR,Purbi Champaran,Mehsi,0,0,,213,10,1057,,125063.78039343117,149773808.08158112,0.0,0.0,108,0.0
10-205-01059,BIHAR,Sheohar,Piprarhi,0,0,,220,10,1059,,105870.45511307275,104265216.9562483,0.0,0.0,77,0.0
10-205-01060,BIHAR,Sheohar,Sheohar,0,0,,220,10,1060,,81007.5322908237,115638983.35873616,0.0,0.0,83,0.0
10-205-01061,BIHAR,Sheohar,Dumri Katsari,0,0,,220,10,1061,,65038.65439014734,84655470.24819931,0.0,0.0,59,0.0
10-205-01062,BIHAR,Sheohar,Tariani Chowk,0,0,,220,10,1062,,97491.22869259815,171878914.60720828,0.0,0.0,126,0.0
10-206-01063,BIHAR,Sitamarhi,Bairgania,0,0,,221,10,1063,,59598.621146511534,94417571.99630062,0.0,0.0,70,0.0
10-206-01065,BIHAR,Sitamarhi,Majorganj,0,0,,221,10,1065,,62808.55729710282,95411217.42446172,0.0,0.0,68,0.0
10-206-01066,BIHAR,Sitamarhi,Sonbarsa,0,0,,221,10,1066,,92820.94699371175,224104085.6083578,0.0,0.0,155,0.0
10-206-01067,BIHAR,Sitamarhi,Parihar,0,0,,221,10,1067,,86838.20299610356,272812569.4060281,0.0,0.0,197,0.0
10-207-01095,BIHAR,Madhubani,Rajnagar,0,0,,206,10,1095,,78809.12744912357,223111125.2667772,0.0,0.0,158,0.0
10-206-01068,BIHAR,Sitamarhi,Sursand,0,0,,221,10,1068,,91215.71647520129,181412871.1123928,0.0,0.0,134,0.0
10-206-01069,BIHAR,Sitamarhi,Bathnaha,0,0,,221,10,1069,,120764.04051803834,251403523.12922087,0.0,0.0,185,0.0
10-206-01070,BIHAR,Sitamarhi,Riga,0,0,,221,10,1070,,129433.73210860479,163724219.02092636,0.0,0.0,114,0.0
10-210-01123,BIHAR,Kishanganj,Thakurganj,0,0,,203,10,1123,,224971.2940646554,491161543.46963537,0.0,0.0,353,0.0
10-210-01124,BIHAR,Kishanganj,Pothia,0,0,,203,10,1124,,167388.9118766352,443844792.4531903,0.0,0.0,321,0.0
10-210-01125,BIHAR,Kishanganj,Bahadurganj,0,0,,203,10,1125,,155296.13881782343,347494200.8377232,0.0,0.0,251,0.0
10-210-01126,BIHAR,Kishanganj,Kochadhamin,0,0,,203,10,1126,,139640.52665725534,360840233.8364798,0.0,0.0,258,0.0
10-211-01128,BIHAR,Purnia,Banmankhi,0,0,,214,10,1128,,142815.61519736593,459936087.34673214,0.0,0.0,333,0.0
10-206-01075,BIHAR,Sitamarhi,Bajpatti,0,0,,221,10,1075,,90407.29439213518,174303329.1783474,0.0,0.0,125,0.0
10-206-01076,BIHAR,Sitamarhi,Charaut,0,0,,221,10,1076,,85128.15752493152,91349700.81924292,0.0,0.0,62,0.0
10-206-01077,BIHAR,Sitamarhi,Pupri,0,0,,221,10,1077,,73992.24203369493,115338203.66308306,0.0,0.0,82,0.0
10-206-01078,BIHAR,Sitamarhi,Nanpur,0,0,,221,10,1078,,73315.01223618646,135892566.9983101,0.0,0.0,100,0.0
10-220-01283,BIHAR,Vaishali,Mahnar,0,0,,224,10,1283,,81638.1139853176,126474580.44313861,0.0,0.0,89,0.0
10-206-01079,BIHAR,Sitamarhi,Bokhara,0,0,,221,10,1079,,81978.13188098712,108574895.39827529,0.0,0.0,79,0.0
10-207-01080,BIHAR,Madhubani,Madhwapur,0,0,,206,10,1080,,88808.76172423853,137557654.90878707,0.0,0.0,103,0.0
10-207-01081,BIHAR,Madhubani,Harlakhi,0,0,,206,10,1081,,90217.76640094945,187441757.00046396,0.0,0.0,138,0.0
10-207-01082,BIHAR,Madhubani,Basopatti,0,0,,206,10,1082,,97634.90682970545,164238774.4639331,0.0,0.0,122,0.0
10-207-01089,BIHAR,Madhubani,Khajauli,0,0,,206,10,1089,,91171.28062794723,150968724.81279027,0.0,0.0,108,0.0
10-207-01083,BIHAR,Madhubani,Jainagar,0,0,,206,10,1083,,81489.61423509955,161880108.8306139,0.0,0.0,115,0.0
10-207-01090,BIHAR,Madhubani,Kaluahi,0,0,,206,10,1090,,62305.281593423286,101560283.08963235,0.0,0.0,75,0.0
10-207-01084,BIHAR,Madhubani,Ladania,0,0,,206,10,1084,,97928.14946240213,232665607.5684243,0.0,0.0,164,0.0
10-207-01085,BIHAR,Madhubani,Laukaha,0,0,,206,10,1085,,102032.19667129294,266340932.00179368,0.0,0.0,197,0.0
10-207-01086,BIHAR,Madhubani,Laukahi,0,0,,206,10,1086,,109679.24973352649,329223432.564553,0.0,0.0,237,0.0
10-207-01087,BIHAR,Madhubani,Phulparas,0,0,,206,10,1087,,117974.41186319289,199352334.8677591,0.0,0.0,140,0.0
10-207-01088,BIHAR,Madhubani,Babubarhi,0,0,,206,10,1088,,118996.04641992833,237192379.86086744,0.0,0.0,174,0.0
10-207-01091,BIHAR,Madhubani,Benipatti,0,0,,206,10,1091,,128414.2409747215,328987645.9449377,0.0,0.0,231,0.0
10-207-01092,BIHAR,Madhubani,Bisfi,0,0,,206,10,1092,,99754.46134559005,226192948.413646,0.0,0.0,165,0.0
10-207-01093,BIHAR,Madhubani,Madhubani,0,0,,206,10,1093,,109764.71764889831,200359220.56727448,0.0,0.0,142,0.0
10-207-01094,BIHAR,Madhubani,Pandaul,0,0,,206,10,1094,,102372.75527307783,208327489.63825428,0.0,0.0,148,0.0
10-207-01096,BIHAR,Madhubani,Andhratharhi,0,0,,206,10,1096,,97300.5167595078,186769445.10608673,0.0,0.0,134,0.0
10-207-01097,BIHAR,Madhubani,Jhanjharpur,0,0,,206,10,1097,,125261.96837896874,181284371.95402232,0.0,0.0,132,0.0
10-207-01098,BIHAR,Madhubani,Ghoghardiha,0,0,,206,10,1098,,114215.40677637524,211228851.4219488,0.0,0.0,159,0.0
10-207-01099,BIHAR,Madhubani,Lakhnaur,0,0,,206,10,1099,,72956.74167609161,146945623.14022,0.0,0.0,110,0.0
10-207-01100,BIHAR,Madhubani,Madhepur,0,0,,206,10,1100,,144505.38034518834,300452948.5687113,0.0,0.0,212,0.0
10-208-01101,BIHAR,Supaul,Nirmali,0,0,,223,10,1101,,123310.21889922836,162734364.67066902,0.0,0.0,118,0.0
10-208-01102,BIHAR,Supaul,Basantpur,0,0,,223,10,1102,,136288.63693043106,319456339.75100917,0.0,0.0,228,0.0
10-208-01103,BIHAR,Supaul,Chhatapur,0,0,,223,10,1103,,142271.17176584958,398825687.2446475,0.0,0.0,285,0.0
10-208-01104,BIHAR,Supaul,Pratapganj,0,0,,223,10,1104,,71155.69013184242,133032565.19323792,0.0,0.0,97,0.0
10-208-01105,BIHAR,Supaul,Raghopur,0,0,,223,10,1105,,111831.20983491397,255841046.48838165,0.0,0.0,187,0.0
10-221-01285,BIHAR,Samastipur,Warisnagar,0,0,,217,10,1285,,90241.30323013186,163846086.5162723,0.0,0.0,120,0.0
10-208-01106,BIHAR,Supaul,Saraigarh Bhaptiyahi,0,0,,223,10,1106,,105489.5116383213,257042943.27229512,0.0,0.0,189,0.0
10-208-01107,BIHAR,Supaul,Kishanpur,0,0,,223,10,1107,,125516.73810076228,248613546.3002807,0.0,0.0,177,0.0
10-208-01108,BIHAR,Supaul,Marauna,0,0,,223,10,1108,,114969.59778192453,206419565.01179272,0.0,0.0,149,0.0
10-208-01109,BIHAR,Supaul,Supaul,0,0,,223,10,1109,,122628.008173687,390920691.5720901,0.0,0.0,287,0.0
10-208-01110,BIHAR,Supaul,Pipra,0,0,,223,10,1110,,113516.78657800167,247320462.25611627,0.0,0.0,181,0.0
10-221-01287,BIHAR,Samastipur,Khanpur,0,0,,217,10,1287,,89337.20668890505,173313349.37261373,0.0,0.0,127,0.0
10-208-01111,BIHAR,Supaul,Tribeniganj,0,0,,223,10,1111,,136684.8917573132,402291551.99740016,0.0,0.0,290,0.0
10-209-01112,BIHAR,Araria,Narpatganj,0,0,,188,10,1112,,196352.82868709194,482872068.7863751,0.0,0.0,351,0.0
10-209-01113,BIHAR,Araria,Forbesganj,0,0,,188,10,1113,,165874.55860340688,546946456.996027,0.0,0.0,392,0.0
10-209-01114,BIHAR,Araria,Bhargama,0,0,,188,10,1114,,140909.75235341018,280499778.1128878,0.0,0.0,206,0.0
10-209-01115,BIHAR,Araria,Raniganj,0,0,,188,10,1115,,160625.61646677545,576910744.770993,0.0,0.0,418,0.0
10-209-01116,BIHAR,Araria,Araria,0,0,,188,10,1116,,192057.15187743204,506918787.2643526,0.0,0.0,371,0.0
10-209-01117,BIHAR,Araria,Kursakatta,0,0,,188,10,1117,,96566.38525637137,201032230.408231,0.0,0.0,147,0.0
10-209-01118,BIHAR,Araria,Sikti,0,0,,188,10,1118,,116798.35346995249,237753016.2819182,0.0,0.0,177,0.0
10-209-01119,BIHAR,Araria,Palasi,0,0,,188,10,1119,,132578.70192307016,306240761.34804773,0.0,0.0,222,0.0
10-209-01120,BIHAR,Araria,Jokihat,0,0,,188,10,1120,,155370.9524619173,341005127.7602247,0.0,0.0,246,0.0
10-210-01121,BIHAR,Kishanganj,Terhagachh,0,0,,203,10,1121,,121953.02658094271,245208326.38245347,0.0,0.0,175,0.0
10-210-01122,BIHAR,Kishanganj,Dighalbank,0,0,,203,10,1122,,147432.83262190674,314385668.4331173,0.0,0.0,224,0.0
10-211-01129,BIHAR,Purnia,Barhara,0,0,,214,10,1129,,111073.17449432175,288009141.38478667,0.0,0.0,212,0.0
10-211-01130,BIHAR,Purnia,Bhawanipur,0,0,,214,10,1130,,116656.34435182877,201938838.4795833,0.0,0.0,147,0.0
10-211-01131,BIHAR,Purnia,Rupauli,0,0,,214,10,1131,,113946.660566684,308195114.8462847,0.0,0.0,227,0.0
10-211-01132,BIHAR,Purnia,Dhamdaha,0,0,,214,10,1132,,135370.01293426772,446856166.039676,0.0,0.0,326,0.0
10-211-01133,BIHAR,Purnia,Krityanand Nagar,0,0,,214,10,1133,,149407.41850079046,364443041.21247435,0.0,0.0,274,0.0
10-211-01134,BIHAR,Purnia,Purnia East,0,0,,214,10,1134,,127662.13358515713,309272824.56310594,0.0,0.0,228,0.0
10-211-01135,BIHAR,Purnia,Kasba,0,0,,214,10,1135,,130095.64608516233,215123054.3424731,0.0,0.0,154,0.0
10-211-01136,BIHAR,Purnia,Srinagar,0,0,,214,10,1136,,106220.57404900706,172405807.6412187,0.0,0.0,122,0.0
10-211-01137,BIHAR,Purnia,Jalalgarh,0,0,,214,10,1137,,87146.39992638786,142107808.6772385,0.0,0.0,102,0.0
10-211-01138,BIHAR,Purnia,Amour,0,0,,214,10,1138,,141371.93624621196,307011870.96961224,0.0,0.0,225,0.0
10-211-01139,BIHAR,Purnia,Baisa,0,0,,214,10,1139,,132173.35304950457,275191667.549805,0.0,0.0,197,0.0
10-211-01140,BIHAR,Purnia,Baisi,0,0,,214,10,1140,,118169.54825440844,253873549.02719215,0.0,0.0,187,0.0
10-211-01141,BIHAR,Purnia,Dagarua,0,0,,214,10,1141,,129309.28146976323,257465778.6329552,0.0,0.0,180,0.0
10-212-01142,BIHAR,Katihar,Falka,0,0,,201,10,1142,,100518.70580952488,208374539.8829749,0.0,0.0,150,0.0
10-212-01143,BIHAR,Katihar,Korha,0,0,,201,10,1143,,137118.64195203967,368801327.90483874,0.0,0.0,273,0.0
10-212-01144,BIHAR,Katihar,Hasanganj,0,0,,201,10,1144,,78227.29832785497,86155111.41022065,0.0,0.0,62,0.0
10-212-01145,BIHAR,Katihar,Kadwa,0,0,,201,10,1145,,157692.68144088247,420129854.10490626,0.0,0.0,307,0.0
10-212-01146,BIHAR,Katihar,Balrampur,0,0,,201,10,1146,,141815.18317465586,216253207.31133217,0.0,0.0,151,0.0
10-212-01147,BIHAR,Katihar,Barsoi,0,0,,201,10,1147,,172308.8160052511,357713388.6445612,0.0,0.0,261,0.0
10-212-01148,BIHAR,Katihar,Azamnagar,0,0,,201,10,1148,,141791.77759222616,349759708.1212404,0.0,0.0,253,0.0
10-221-01290,BIHAR,Samastipur,Tajpur,0,0,,217,10,1290,,57166.77792153786,83856612.1105223,0.0,0.0,61,0.0
10-212-01149,BIHAR,Katihar,Pranpur,0,0,,201,10,1149,,111803.70370561493,191475637.62126103,0.0,0.0,141,0.0
10-212-01150,BIHAR,Katihar,Dandkhora,0,0,,201,10,1150,,70987.07501110679,111201189.06340708,0.0,0.0,81,0.0
10-212-01151,BIHAR,Katihar,Katihar,0,0,,201,10,1151,,76845.81968857624,136830037.77828172,0.0,0.0,100,0.0
10-212-01152,BIHAR,Katihar,Mansahi,0,0,,201,10,1152,,73279.06289841712,97405011.1871763,0.0,0.0,73,0.0
10-212-01155,BIHAR,Katihar,Kursela,0,0,,201,10,1155,,80348.39413748268,153683091.52761996,0.0,0.0,117,0.0
10-212-01153,BIHAR,Katihar,Barari,0,0,,201,10,1153,,107333.93297446336,407446973.1478653,0.0,0.0,292,0.0
10-212-01154,BIHAR,Katihar,Sameli,0,0,,201,10,1154,,75105.36277909,118027198.2496544,0.0,0.0,81,0.0
10-212-01156,BIHAR,Katihar,Manihari,0,0,,201,10,1156,,130162.81635074862,303859830.4099729,0.0,0.0,221,0.0
10-212-01157,BIHAR,Katihar,Amdabad,0,0,,201,10,1157,,103742.71814675455,228302986.79665467,0.0,0.0,164,0.0
10-213-01158,BIHAR,Madhepura,Gamharia,0,0,,205,10,1158,,80141.00377515821,125479849.27382244,0.0,0.0,89,0.0
10-213-01160,BIHAR,Madhepura,Ghailarh,0,0,,205,10,1160,,78865.70647224285,116219722.2388165,0.0,0.0,83,0.0
10-213-01159,BIHAR,Madhepura,Singheshwar,0,0,,205,10,1159,,111627.30849980874,111167268.35246354,0.0,0.0,78,0.0
10-216-01210,BIHAR,Muzaffarpur,Bandra,0,0,,208,10,1210,,74293.85759884378,142020443.31484023,0.0,0.0,103,0.0
10-213-01161,BIHAR,Madhepura,Madhepura,0,0,,205,10,1161,,115084.47931226583,237801277.85767865,0.0,0.0,175,0.0
10-213-01162,BIHAR,Madhepura,Shankarpur,0,0,,205,10,1162,,63984.56408470212,128790837.874554,0.0,0.0,94,0.0
10-213-01163,BIHAR,Madhepura,Kumarkhand,0,0,,205,10,1163,,118191.24796123093,316976886.68211347,0.0,0.0,230,0.0
10-213-01164,BIHAR,Madhepura,Murliganj,0,0,,205,10,1164,,94211.11378994165,247086114.21145928,0.0,0.0,179,0.0
10-221-01293,BIHAR,Samastipur,Mohanpur,0,0,,217,10,1293,,74468.46489139357,163000016.77407515,0.0,0.0,120,0.0
10-213-01165,BIHAR,Madhepura,Gwalpara,0,0,,205,10,1165,,78037.2495556277,147267353.58482873,0.0,0.0,109,0.0
10-214-01172,BIHAR,Saharsa,Satar Kataiya,0,0,,216,10,1172,,77878.75925155886,177382280.64763528,0.0,0.0,130,0.0
10-213-01166,BIHAR,Madhepura,Bihariganj,0,0,,205,10,1166,,79669.40805645821,133818744.70956944,0.0,0.0,98,0.0
10-216-01211,BIHAR,Muzaffarpur,Dholi (Moraul),0,0,,208,10,1211,,63030.361633940505,73298422.6275262,0.0,0.0,50,0.0
10-213-01167,BIHAR,Madhepura,Kishanganj,0,0,,205,10,1167,,99817.47531025465,188055937.5971522,0.0,0.0,133,0.0
10-216-01212,BIHAR,Muzaffarpur,Musahri,0,0,,208,10,1212,,211487.75457487197,365415439.5943066,0.0,0.0,267,0.0
10-213-01168,BIHAR,Madhepura,Puraini,0,0,,205,10,1168,,63416.842365887525,103114850.3546553,0.0,0.0,76,0.0
10-214-01174,BIHAR,Saharsa,Kahara,0,0,,216,10,1174,,81070.16203244023,176788302.3737116,0.0,0.0,128,0.0
10-213-01169,BIHAR,Madhepura,Alamnagar,0,0,,205,10,1169,,94357.42058114092,211989804.11375904,0.0,0.0,151,0.0
10-213-01170,BIHAR,Madhepura,Chausa,0,0,,205,10,1170,,87285.75133964,172516848.53860697,0.0,0.0,124,0.0
10-214-01171,BIHAR,Saharsa,Nauhatta,0,0,,216,10,1171,,93228.84620468391,212763144.21707585,0.0,0.0,151,0.0
10-217-01227,BIHAR,Gopalganj,Sidhwalia,0,0,,197,10,1227,,69457.48217743407,152022198.31601515,0.0,0.0,109,0.0
10-214-01173,BIHAR,Saharsa,Mahishi,0,0,,216,10,1173,,106372.46434789852,273075178.2794974,0.0,0.0,195,0.0
10-214-01175,BIHAR,Saharsa,Saur Bazar,0,0,,216,10,1175,,88121.22998090234,233228921.9025612,0.0,0.0,171,0.0
10-214-01176,BIHAR,Saharsa,Patarghat,0,0,,216,10,1176,,67497.21582029684,149681422.04156074,0.0,0.0,105,0.0
10-214-01177,BIHAR,Saharsa,Sonbarsa,0,0,,216,10,1177,,90185.02153799882,263952116.041209,0.0,0.0,193,0.0
10-216-01199,BIHAR,Muzaffarpur,Sahebganj,0,0,,208,10,1199,,80060.99972290538,253055918.70266867,0.0,0.0,189,0.0
10-214-01178,BIHAR,Saharsa,Simri Bakhtiarpur,0,0,,216,10,1178,,119116.35548129058,266466354.66217396,0.0,0.0,194,0.0
10-214-01179,BIHAR,Saharsa,Salkhua,0,0,,216,10,1179,,82412.26684571667,221182533.93573853,0.0,0.0,163,0.0
10-214-01180,BIHAR,Saharsa,Banma Itahri,0,0,,216,10,1180,,54286.501575749484,92822449.4552088,0.0,0.0,68,0.0
10-215-01181,BIHAR,Darbhanga,Jale,0,0,,195,10,1181,,112473.57051363293,234172285.01568127,0.0,0.0,171,0.0
10-215-01182,BIHAR,Darbhanga,Singhwara,0,0,,195,10,1182,,121368.62688362494,223279889.67870736,0.0,0.0,162,0.0
10-215-01183,BIHAR,Darbhanga,Keotiranway,0,0,,195,10,1183,,89515.08566239705,180205403.4644349,0.0,0.0,131,0.0
10-215-01184,BIHAR,Darbhanga,Darbhanga,0,0,,195,10,1184,,131883.04966973627,240721362.1475316,0.0,0.0,174,0.0
10-215-01185,BIHAR,Darbhanga,Manigachhi,0,0,,195,10,1185,,96856.01003306538,158887287.31255177,0.0,0.0,114,0.0
10-215-01186,BIHAR,Darbhanga,Tardih,0,0,,195,10,1186,,96398.42232606321,109520018.96976715,0.0,0.0,79,0.0
10-215-01187,BIHAR,Darbhanga,Alinagar,0,0,,195,10,1187,,105560.56246873255,146523357.5416611,0.0,0.0,105,0.0
10-215-01188,BIHAR,Darbhanga,Benipur,0,0,,195,10,1188,,118482.30854716274,204643530.87647069,0.0,0.0,150,0.0
10-215-01189,BIHAR,Darbhanga,Bahadurpur,0,0,,195,10,1189,,155637.00049509996,221161760.4253616,0.0,0.0,158,0.0
10-215-01190,BIHAR,Darbhanga,Hanumannagar,0,0,,195,10,1190,,114393.83215098479,181536916.32106537,0.0,0.0,130,0.0
10-215-01191,BIHAR,Darbhanga,Hayaghat,0,0,,195,10,1191,,66118.49929402806,108810529.75916524,0.0,0.0,77,0.0
10-215-01192,BIHAR,Darbhanga,Baheri,0,0,,195,10,1192,,128629.1579498372,271307286.95794886,0.0,0.0,195,0.0
10-215-01193,BIHAR,Darbhanga,Biraul,0,0,,195,10,1193,,135706.32971678255,230203939.26841983,0.0,0.0,167,0.0
10-215-01194,BIHAR,Darbhanga,Ghanshyampur,0,0,,195,10,1194,,76766.91373126305,103945643.9979024,0.0,0.0,78,0.0
10-215-01195,BIHAR,Darbhanga,Kiratpur,0,0,,195,10,1195,,78793.19278562842,78915927.53877336,0.0,0.0,60,0.0
10-215-01196,BIHAR,Darbhanga,Gora Bauram,0,0,,195,10,1196,,99804.03366816713,145653476.81698695,0.0,0.0,104,0.0
10-215-01197,BIHAR,Darbhanga,Kusheshwar Asthan,0,0,,195,10,1197,,87220.16498537568,144130520.9401011,0.0,0.0,107,0.0
10-215-01198,BIHAR,Darbhanga,Kusheshwar Asthan Purbi,0,0,,195,10,1198,,91858.86035222423,150084285.43545517,0.0,0.0,112,0.0
10-216-01200,BIHAR,Muzaffarpur,Baruraj (Motipur),0,0,,208,10,1200,,125110.13599018812,365259305.4740948,0.0,0.0,263,0.0
10-216-01201,BIHAR,Muzaffarpur,Paroo,0,0,,208,10,1201,,136934.87791145188,413033977.3448192,0.0,0.0,295,0.0
10-216-01202,BIHAR,Muzaffarpur,Saraiya,0,0,,208,10,1202,,155820.80051537574,301402655.1404849,0.0,0.0,218,0.0
10-216-01203,BIHAR,Muzaffarpur,Marwan,0,0,,208,10,1203,,84959.92762229654,138736310.53842777,0.0,0.0,101,0.0
10-216-01204,BIHAR,Muzaffarpur,Kanti,0,0,,208,10,1204,,97122.90469976026,124757584.36625764,0.0,0.0,91,0.0
10-216-01205,BIHAR,Muzaffarpur,Minapur,0,0,,208,10,1205,,166218.11946715685,316124209.98756105,0.0,0.0,228,0.0
10-216-01206,BIHAR,Muzaffarpur,Bochaha,0,0,,208,10,1206,,126044.68100944142,233148755.94160384,0.0,0.0,167,0.0
10-216-01207,BIHAR,Muzaffarpur,Aurai,0,0,,208,10,1207,,101267.16719990574,247748190.77792475,0.0,0.0,177,0.0
10-216-01208,BIHAR,Muzaffarpur,Katra,0,0,,208,10,1208,,118891.9342746819,235108975.17115793,0.0,0.0,171,0.0
10-216-01209,BIHAR,Muzaffarpur,Gaighat,0,0,,208,10,1209,,111008.49869520529,259762671.68662548,0.0,0.0,191,0.0
10-216-01213,BIHAR,Muzaffarpur,Kurhani,0,0,,208,10,1213,,108106.10574110712,256354911.2077163,0.0,0.0,187,0.0
10-216-01214,BIHAR,Muzaffarpur,Sakra,0,0,,208,10,1214,,105121.4777371614,236360031.18726787,0.0,0.0,175,0.0
10-217-01215,BIHAR,Gopalganj,Katiya,0,0,,197,10,1215,,94755.55253264701,158441587.458013,0.0003688285778808594,0.00028979388262067527,112,0.03245691485351563
10-217-01216,BIHAR,Gopalganj,Bijaipur,0,0,,197,10,1216,,81309.59717969262,163112176.36717936,0.0003688285778808594,0.0003688285778808594,120,0.04425942934570313
10-217-01217,BIHAR,Gopalganj,Bhorey,0,0,,197,10,1217,,78790.65552761848,196013266.46535653,0.0003688285778808594,0.00019209821764628094,144,0.027662143341064455
10-217-01218,BIHAR,Gopalganj,Pach Deuri,0,0,,197,10,1218,,53698.212932643866,118295317.11973979,0.0,0.0,85,0.0
10-217-01219,BIHAR,Gopalganj,Kuchaikote,0,0,,197,10,1219,,101077.28158428885,316078491.04748106,0.0,0.0,226,0.0
10-217-01220,BIHAR,Gopalganj,Phulwaria,0,0,,197,10,1220,,81339.22200232239,118763292.85091434,0.0,0.0,89,0.0
10-217-01221,BIHAR,Gopalganj,Hathua,0,0,,197,10,1221,,91546.96202775641,183613061.83342972,0.00028964764358520507,0.00019157796898548998,127,0.024330402061157226
10-217-01222,BIHAR,Gopalganj,Uchkagaon,0,0,,197,10,1222,,80102.93001981139,142235093.67043933,0.00028964764358520507,1.912767457638147e-05,106,0.002027533505096436
10-217-01223,BIHAR,Gopalganj,Thawe,0,0,,197,10,1223,,57244.55575246375,89300191.60424533,0.00028964764358520507,4.525744431018829e-06,64,0.00028964764358520507
10-217-01224,BIHAR,Gopalganj,Gopalganj,0,0,,197,10,1224,,110313.13172782106,244420793.60160467,0.0,0.0,182,0.0
10-218-01232,BIHAR,Siwan,Goriakothi,0,0,,222,10,1232,,73201.39147651673,174963939.23516312,0.0,0.0,127,0.0
10-217-01225,BIHAR,Gopalganj,Manjha,0,0,,197,10,1225,,80242.78538873792,179389027.9828925,0.0,0.0,131,0.0
10-217-01226,BIHAR,Gopalganj,Barauli,0,0,,197,10,1226,,105754.79057670098,232227972.12586737,0.0,0.0,170,0.0
10-217-01228,BIHAR,Gopalganj,Baikunthpur,0,0,,197,10,1228,,97825.58906166903,256614409.24172768,0.0,0.0,185,0.0
10-218-01229,BIHAR,Siwan,Nautan,0,0,,222,10,1229,,58324.35348563096,81827813.66620097,0.00028964764358520507,0.0002896476435852051,58,0.016799563327941896
10-218-01230,BIHAR,Siwan,Siwan,0,0,,222,10,1230,,92599.06904644772,168879532.28230655,0.00028964764358520507,0.0002651012331118826,118,0.03128194550720215
10-218-01235,BIHAR,Siwan,Bhagwanpur Hat,0,0,,222,10,1235,,86430.4184146014,189582799.91524476,0.0005968402189254761,9.51484406982643e-05,138,0.013130484816360474
10-218-01231,BIHAR,Siwan,Barharia,0,0,,222,10,1231,,90315.6629531122,219606934.01516393,0.00028964764358520507,5.430893317222595e-06,160,0.0008689429307556152
10-218-01233,BIHAR,Siwan,Lakri Nabiganj,0,0,,222,10,1233,,79648.98713303795,120773104.6039552,0.0,0.0,88,0.0
10-218-01234,BIHAR,Siwan,Basantpur,0,0,,222,10,1234,,57871.378293950496,76675463.02480637,0.0,0.0,56,0.0
10-218-01236,BIHAR,Siwan,Maharajganj,0,0,,222,10,1236,,119387.58843212528,142817377.5161484,0.0005968402189254761,0.00022598804405916083,103,0.023276768538093566
10-218-01237,BIHAR,Siwan,Pachrukhi,0,0,,222,10,1237,,99183.2392802834,160709761.40986398,0.00028964764358520507,1.2378104426718167e-05,117,0.0014482382179260254
10-218-01238,BIHAR,Siwan,Hussainganj,0,0,,222,10,1238,,68784.84800107122,105975934.30464326,0.0004057394615936279,0.0002646096182250977,74,0.019581111748657228
10-218-01239,BIHAR,Siwan,Ziradei,0,0,,222,10,1239,,98825.50869312549,152221780.48504183,0.0004057394615936279,0.0002906935158195152,111,0.032266980255966186
10-218-01240,BIHAR,Siwan,Mairwa,0,0,,222,10,1240,,65279.2242200428,88898123.37504825,0.0003142858790588379,0.0002907675633794611,66,0.019190659183044433
10-218-01242,BIHAR,Siwan,Darauli,0,0,,222,10,1242,,90305.00161970501,214758375.6239279,0.0004057394615936279,0.000344702437066355,155,0.05342887774528503
10-218-01241,BIHAR,Siwan,Guthani,0,0,,222,10,1241,,78778.78773845347,115110806.99004474,0.0003142858790588379,0.000312483081341255,82,0.02562361266998291
10-219-01248,BIHAR,Saran,Mashrakh,0,0,,218,10,1248,,82075.7710341599,165898243.02109933,0.0,0.0,121,0.0
10-218-01243,BIHAR,Siwan,Andar,0,0,,222,10,1243,,83358.60866933218,125625010.62434034,0.0004057394615936279,0.00039239557446622294,87,0.0341384149785614
10-219-01249,BIHAR,Saran,Panapur,0,0,,218,10,1249,,75875.09329534958,182360909.7404776,0.0,0.0,128,0.0
10-218-01244,BIHAR,Siwan,Raghunathpur,0,0,,222,10,1244,,87824.68008836384,193566358.3438411,0.0004057394615936279,0.00040573946159362797,143,0.0580207430078888
10-219-01250,BIHAR,Saran,Taraiya,0,0,,218,10,1250,,53629.0613522338,97307015.09151264,0.0,0.0,74,0.0
10-218-01245,BIHAR,Siwan,Hasanpura,0,0,,222,10,1245,,82786.09108287447,121956119.03175904,0.0005968402189254761,0.0005018470182458286,87,0.043660690587387085
10-219-01251,BIHAR,Saran,Ishupur,0,0,,218,10,1251,,62425.60798229613,109300191.56908256,0.0,0.0,76,0.0
10-218-01246,BIHAR,Siwan,Daraundha,0,0,,222,10,1246,,105400.53795370483,157911066.26165873,0.0005968402189254761,0.0005189914947178052,115,0.05968402189254761
10-219-01256,BIHAR,Saran,Jalalpur,0,0,,218,10,1256,,65042.73641147566,147549697.72689733,0.0005968402189254761,0.00017292870093165704,106,0.018330442298755648
10-218-01247,BIHAR,Siwan,Siswan,0,0,,222,10,1247,,98184.39847010886,155554872.77293277,0.0005968402189254761,0.0005400264802592511,111,0.059942939308776866
10-219-01259,BIHAR,Saran,Nagra,0,0,,218,10,1259,,43289.948409307304,65110006.46242106,0.0004263390760612488,0.00018142088343031863,47,0.008526781521224975
10-219-01252,BIHAR,Saran,Baniapur,0,0,,218,10,1252,,89199.8841803021,219417775.87250236,0.0005968402189254761,1.464638574050248e-05,163,0.0023873608757019045
10-219-01253,BIHAR,Saran,Lahladpur,0,0,,218,10,1253,,49287.19248841685,70233795.44130237,0.0005968402189254761,0.0003222937182197571,50,0.016114685910987855
10-219-01254,BIHAR,Saran,Ekma,0,0,,218,10,1254,,99716.17236158185,176114988.01319405,0.0005968402189254761,0.000596840218925476,128,0.07639554802246093
10-219-01255,BIHAR,Saran,Manjhi,0,0,,218,10,1255,,127085.43562979231,244607530.98349065,0.0005968402189254761,0.0005741239233960046,180,0.10334230621128082
10-219-01257,BIHAR,Saran,Revelganj,0,0,,218,10,1257,,84877.1419542779,179359801.45379385,0.0005095378945159912,0.00043299498153762816,125,0.05412437269220352
10-219-01258,BIHAR,Saran,Chapra,0,0,,218,10,1258,,119729.94798472138,239470568.44351175,0.0004263390760612488,0.00039969288380742063,176,0.07034594755010604
10-219-01260,BIHAR,Saran,Marhaura,0,0,,218,10,1260,,87240.95030017926,190752130.05196184,0.0004263390760612488,1.2447856235364928e-05,137,0.0017053563042449952
10-219-01261,BIHAR,Saran,Amnour,0,0,,218,10,1261,,94922.90618840617,160109081.4065653,0.0004263390760612488,7.2260860349364204e-06,118,0.0008526781521224976
10-219-01263,BIHAR,Saran,Parsa,0,0,,218,10,1263,,85595.91054800974,122749042.93573296,0.0,0.0,88,0.0
10-219-01266,BIHAR,Saran,Dighwara,0,0,,218,10,1266,,81943.45164265168,101347015.6655549,0.0,0.0,72,0.0
10-219-01264,BIHAR,Saran,Dariapur,0,0,,218,10,1264,,115477.27251924115,281302380.67878103,0.0,0.0,202,0.0
10-219-01265,BIHAR,Saran,Garkha,0,0,,218,10,1265,,90147.74693968748,213336409.9887166,0.0004263390760612488,0.00021870640914830296,154,0.033680787008838656
10-220-01269,BIHAR,Vaishali,Paterhi Belsar,0,0,,224,10,1269,,56227.36197278124,93522597.26160131,0.0,0.0,69,0.0
10-219-01267,BIHAR,Saran,Sonepur,0,0,,218,10,1267,,70412.64000247594,214865144.18564072,0.0,0.0,162,0.0
10-220-01268,BIHAR,Vaishali,Vaishali,0,0,,224,10,1268,,72706.90824879723,158663399.21103516,0.0,0.0,114,0.0
10-220-01270,BIHAR,Vaishali,Lalganj,0,0,,224,10,1270,,89595.71916906572,184177988.41986412,0.0,0.0,133,0.0
10-221-01294,BIHAR,Samastipur,Mohiuddinagar,0,0,,217,10,1294,,80607.53716768604,178536106.2701614,0.0,0.0,130,0.0
10-220-01271,BIHAR,Vaishali,Bhagwanpur,0,0,,224,10,1271,,98965.72708266653,142473218.81446454,0.0,0.0,102,0.0
10-220-01272,BIHAR,Vaishali,Goraul,0,0,,224,10,1272,,101989.77906286377,122446101.92943335,0.0,0.0,87,0.0
10-220-01273,BIHAR,Vaishali,Chehra Kalan,0,0,,224,10,1273,,63204.34388206024,89818122.94593617,0.0,0.0,66,0.0
10-220-01277,BIHAR,Vaishali,Raja Pakar,0,0,,224,10,1277,,58946.08844196175,93673217.82917874,0.0,0.0,72,0.0
10-220-01274,BIHAR,Vaishali,Patepur,0,0,,224,10,1274,,118180.33822078991,317029999.71255994,0.0,0.0,234,0.0
10-220-01275,BIHAR,Vaishali,Mahua,0,0,,224,10,1275,,86273.82517515696,171155586.12447235,0.0,0.0,125,0.0
10-220-01276,BIHAR,Vaishali,Jandaha,0,0,,224,10,1276,,99044.76663725945,179891527.10359335,0.0,0.0,128,0.0
10-220-01278,BIHAR,Vaishali,Hajipur,0,0,,224,10,1278,,80048.24731377292,194916759.16986817,0.0,0.0,140,0.0
10-220-01280,BIHAR,Vaishali,Bidupur,0,0,,224,10,1280,,88122.3198685409,139375575.9420912,0.0,0.0,99,0.0
10-220-01279,BIHAR,Vaishali,Raghopur,0,0,,224,10,1279,,128641.49950069311,338499790.0832371,0.0,0.0,246,0.0
10-220-01281,BIHAR,Vaishali,Desri,0,0,,224,10,1281,,50183.809114488824,56627949.53624974,0.0,0.0,43,0.0
10-221-01284,BIHAR,Samastipur,Kalyanpur,0,0,,217,10,1284,,147387.26660455638,294821482.9966942,0.0,0.0,214,0.0
10-221-01286,BIHAR,Samastipur,Shivaji Nagar,0,0,,217,10,1286,,96209.25031894707,172333979.18990555,0.0,0.0,130,0.0
10-221-01288,BIHAR,Samastipur,Samastipur,0,0,,217,10,1288,,112474.97484539819,170577777.20953664,0.0,0.0,123,0.0
10-221-01289,BIHAR,Samastipur,Pusa,0,0,,217,10,1289,,64081.7615729533,95008289.7510354,0.0,0.0,65,0.0
10-221-01291,BIHAR,Samastipur,Morwa,0,0,,217,10,1291,,104551.97847793197,152111293.7773472,0.0,0.0,106,0.0
10-221-01292,BIHAR,Samastipur,Patori,0,0,,217,10,1292,,69422.25062895294,130638318.44440164,0.0,0.0,93,0.0
10-221-01295,BIHAR,Samastipur,Sarairanjan,0,0,,217,10,1295,,96463.23467310029,185572344.2706523,0.0,0.0,145,0.0
10-221-01296,BIHAR,Samastipur,Vidyapati Nagar,0,0,,217,10,1296,,62930.2690484309,106322816.42401849,0.0,0.0,75,0.0
10-221-01297,BIHAR,Samastipur,Dalsinghsarai,0,0,,217,10,1297,,80515.23552986495,118201268.21451648,0.0,0.0,89,0.0
10-221-01298,BIHAR,Samastipur,Ujiarpur,0,0,,217,10,1298,,81756.09445970641,209497824.1015558,0.0,0.0,149,0.0
10-221-01300,BIHAR,Samastipur,Rosera,0,0,,217,10,1300,,84599.34785899956,138535375.895554,0.0,0.0,97,0.0
10-221-01299,BIHAR,Samastipur,Bibhutpur,0,0,,217,10,1299,,96600.53522783429,258332531.194082,0.0,0.0,187,0.0
10-221-01301,BIHAR,Samastipur,Singhia,0,0,,217,10,1301,,76055.88015393679,178639507.67998633,0.0,0.0,128,0.0
10-222-01307,BIHAR,Begusarai,Cheria Bariarpur,0,0,,191,10,1307,,80422.0696045629,127840547.1243011,0.0,0.0,89,0.0
10-221-01302,BIHAR,Samastipur,Hasanpur,0,0,,217,10,1302,,122795.93417076243,188091095.39019313,0.0,0.0,138,0.0
10-221-01303,BIHAR,Samastipur,Bithan,0,0,,217,10,1303,,72838.55780104545,149849875.79630712,0.0,0.0,109,0.0
10-222-01304,BIHAR,Begusarai,Khudabandpur,0,0,,191,10,1304,,49522.71992212785,59617610.47663844,0.0,0.0,39,0.0
10-222-01305,BIHAR,Begusarai,Chhorahi,0,0,,191,10,1305,,96201.09768359947,128309829.49376953,0.0,0.0,94,0.0
10-222-01306,BIHAR,Begusarai,Garhpura,0,0,,191,10,1306,,69581.28073662621,88651595.91159394,0.0,0.0,68,0.0
10-222-01308,BIHAR,Begusarai,Bhagwanpur,0,0,,191,10,1308,,102620.52088176137,147276258.21886113,0.0,0.0,106,0.0
10-223-01324,BIHAR,Khagaria,Mansi,0,0,,202,10,1324,,70720.37786012898,86151878.56106131,0.0,0.0,69,0.0
10-222-01309,BIHAR,Begusarai,Mansurchak,0,0,,191,10,1309,,55538.61039021854,42158333.283958256,0.0,0.0,31,0.0
10-224-01333,BIHAR,Bhagalpur,Rangra Chowk,0,0,,192,10,1333,,56200.86409227388,97946271.45940188,0.0,0.0,71,0.0
10-222-01310,BIHAR,Begusarai,Bachhwara,0,0,,191,10,1310,,112893.55520851951,186501763.14040864,0.0,0.0,138,0.0
10-222-01311,BIHAR,Begusarai,Teghra,0,0,,191,10,1311,,93442.93751421869,180050069.66821858,0.0,0.0,129,0.0
10-222-01312,BIHAR,Begusarai,Barauni,0,0,,191,10,1312,,90573.71511882372,141812926.41245717,0.0,0.0,102,0.0
10-222-01313,BIHAR,Begusarai,Birpur,0,0,,191,10,1313,,69057.86510087451,64693086.30641256,0.0,0.0,53,0.0
10-222-01314,BIHAR,Begusarai,Begusarai,0,0,,191,10,1314,,114572.02827886646,273941103.5239774,0.0,0.0,200,0.0
10-222-01315,BIHAR,Begusarai,Naokothi,0,0,,191,10,1315,,61794.845266753924,91575422.87048158,0.0,0.0,64,0.0
10-222-01316,BIHAR,Begusarai,Bakhri,0,0,,191,10,1316,,74902.13049058078,94921186.04856166,0.0,0.0,66,0.0
10-222-01317,BIHAR,Begusarai,Dandari,0,0,,191,10,1317,,77075.31892237118,85364223.36403492,0.0,0.0,65,0.0
10-222-01318,BIHAR,Begusarai,Sahebpur Kamal,0,0,,191,10,1318,,97820.3506924087,179327758.1582562,0.0,0.0,131,0.0
10-222-01319,BIHAR,Begusarai,Balia,0,0,,191,10,1319,,95726.56851828664,181873531.04775092,0.0,0.0,133,0.0
10-222-01320,BIHAR,Begusarai,Matihani,0,0,,191,10,1320,,104199.58891726227,214311339.790948,0.0,0.0,157,0.0
10-222-01321,BIHAR,Begusarai,Shamho Akha Kurha,0,0,,191,10,1321,,47884.70174269599,82130306.58899558,0.0,0.0,58,0.0
10-223-01322,BIHAR,Khagaria,Alauli,0,0,,202,10,1322,,117176.16085281859,337532903.06560946,0.0,0.0,244,0.0
10-223-01323,BIHAR,Khagaria,Khagaria,0,0,,202,10,1323,,164255.4907534744,325761754.1557925,0.0,0.0,229,0.0
10-223-01325,BIHAR,Khagaria,Chautham,0,0,,202,10,1325,,88833.5659059585,205164632.7891582,0.0,0.0,148,0.0
10-228-01376,BIHAR,Sheikhpura,Chewara,0,0,,219,10,1376,,77279.14911837938,141385828.1075451,0.00039314153606414794,0.0003781235716977166,103,0.03894672788486481
10-223-01326,BIHAR,Khagaria,Beldaur,0,0,,202,10,1326,,101449.44415348554,276820454.1841197,0.0,0.0,203,0.0
10-223-01327,BIHAR,Khagaria,Gogri,0,0,,202,10,1327,,109725.85953588395,321971045.3784509,0.0,0.0,231,0.0
10-223-01328,BIHAR,Khagaria,Parbatta,0,0,,202,10,1328,,89952.53209418767,286770838.53234714,0.0,0.0,215,0.0
10-224-01329,BIHAR,Bhagalpur,Narayanpur,0,0,,192,10,1329,,96964.50839109154,173637043.38008544,0.0,0.0,125,0.0
10-224-01330,BIHAR,Bhagalpur,Bihpur,0,0,,192,10,1330,,98960.16392998041,189427956.2070791,0.0,0.0,141,0.0
10-234-01472,BIHAR,Rohtas,Akorhi Gola,0,0,,215,10,1472,,71741.57946050014,124356844.03544964,0.0004414807612609864,0.0004414807612609863,94,0.04149919155853271
10-224-01331,BIHAR,Bhagalpur,Kharik,0,0,,192,10,1331,,103106.05203500649,169292223.68779984,0.0,0.0,125,0.0
10-224-01332,BIHAR,Bhagalpur,Naugachhia,0,0,,192,10,1332,,91833.23423872421,134223697.96961665,0.0,0.0,95,0.0
10-224-01335,BIHAR,Bhagalpur,Pirpainti,0,0,,192,10,1335,,138631.2255747686,411429376.6216011,0.0,0.0,294,0.0
10-224-01336,BIHAR,Bhagalpur,Kahalgaon,0,0,,192,10,1336,,128722.99744742387,352186242.20537144,0.0,0.0,255,0.0
10-224-01337,BIHAR,Bhagalpur,Ismailpur,0,0,,192,10,1337,,66332.03197363381,102752037.41138108,0.0,0.0,75,0.0
10-224-01338,BIHAR,Bhagalpur,Sabour,0,0,,192,10,1338,,85492.0541239663,141198925.34276122,0.0,0.0,102,0.0
10-226-01359,BIHAR,Munger,Dharhara,0,0,,207,10,1359,,105188.90103685112,355220468.750446,0.0,0.0,262,0.0
10-224-01339,BIHAR,Bhagalpur,Nathnagar,0,0,,192,10,1339,,105259.93673308079,163498377.60317266,0.0,0.0,117,0.0
10-226-01360,BIHAR,Munger,Kharagpur,0,0,,207,10,1360,,169586.30903503796,398589433.5102216,0.0,0.0,291,0.0
10-224-01340,BIHAR,Bhagalpur,Sultanganj,0,0,,192,10,1340,,139861.1879796442,266407467.3450057,0.0,0.0,198,0.0
10-224-01341,BIHAR,Bhagalpur,Shahkund,0,0,,192,10,1341,,93276.90256650816,208798734.37786233,0.0,0.0,153,0.0
10-224-01342,BIHAR,Bhagalpur,Goradih,0,0,,192,10,1342,,106918.08891287447,178026414.43832883,0.0,0.0,128,0.0
10-224-01343,BIHAR,Bhagalpur,Jagdishpur,0,0,,192,10,1343,,107045.71303668506,127447147.46016994,0.0,0.0,95,0.0
10-224-01344,BIHAR,Bhagalpur,Sonhaula,0,0,,192,10,1344,,84463.86530366821,214425428.57327408,0.0,0.0,160,0.0
10-225-01345,BIHAR,Banka,Shambhuganj,0,0,,190,10,1345,,85765.27415008907,217970788.89652416,0.0,0.0,157,0.0
10-225-01346,BIHAR,Banka,Amarpur,0,0,,190,10,1346,,98000.87839154692,234663534.19316816,0.0,0.0,176,0.0
10-225-01347,BIHAR,Banka,Rajaun,0,0,,190,10,1347,,86718.04358754268,242814641.5593075,0.0,0.0,179,0.0
10-226-01363,BIHAR,Munger,Tetiha Bambor,0,0,,207,10,1363,,73286.15332623897,95190725.80042528,0.0,0.0,70,0.0
10-225-01348,BIHAR,Banka,Dhuraiya,0,0,,190,10,1348,,106681.6377356153,285703540.38620996,0.0,0.0,208,0.0
10-225-01349,BIHAR,Banka,Barahat,0,0,,190,10,1349,,122910.23058217819,181202001.14064544,0.0,0.0,129,0.0
10-225-01350,BIHAR,Banka,Banka,0,0,,190,10,1350,,137083.07375503817,365153241.48788345,0.0,0.0,275,0.0
10-225-01351,BIHAR,Banka,Phulidumar,0,0,,190,10,1351,,117105.67306472127,248400685.45023423,0.0,0.0,176,0.0
10-225-01352,BIHAR,Banka,Belhar,0,0,,190,10,1352,,118426.40149548957,290570448.277483,0.0003934759806442261,4.045080174847184e-05,214,0.008656471574172974
10-225-01353,BIHAR,Banka,Chanan,0,0,,190,10,1353,,169565.08902723462,550876204.0147796,0.00042078697124481204,0.00020564227428341623,403,0.08287383653621674
10-225-01354,BIHAR,Banka,Katoria,0,0,,190,10,1354,,180268.89530762268,687665367.2781417,0.00036247507638931275,3.104866192179372e-05,502,0.015586428284740448
10-225-01355,BIHAR,Banka,Bausi,0,0,,190,10,1355,,109314.78149810205,385846183.7170387,0.0,0.0,284,0.0
10-226-01356,BIHAR,Munger,Munger,0,0,,207,10,1356,,162390.1628928388,306519605.49277806,0.0,0.0,227,0.0
10-226-01357,BIHAR,Munger,Bariarpur,0,0,,207,10,1357,,122433.4478606843,198040113.63802013,0.0,0.0,143,0.0
10-226-01358,BIHAR,Munger,Jamalpur,0,0,,207,10,1358,,72817.19566814511,112971204.64248075,0.0,0.0,79,0.0
10-226-01361,BIHAR,Munger,Asarganj,0,0,,207,10,1361,,61173.52838786665,72491453.98190036,0.0,0.0,52,0.0
10-226-01362,BIHAR,Munger,Tarapur,0,0,,207,10,1362,,54416.57713098438,86962445.68425661,0.0,0.0,62,0.0
10-226-01364,BIHAR,Munger,Sangrampur,0,0,,207,10,1364,,71205.18318302365,105786037.21986651,0.0,0.0,80,0.0
10-227-01366,BIHAR,Lakhisarai,Pipariya,0,0,,204,10,1366,,87968.2901826016,106258171.87143916,0.0,0.0,76,0.0
10-227-01365,BIHAR,Lakhisarai,Barahiya,0,0,,204,10,1365,,95965.48426593257,248505135.43154767,0.0,0.0,179,0.0
10-227-01367,BIHAR,Lakhisarai,Surajgarha,0,0,,204,10,1367,,140312.1609931406,462726462.37366486,0.00035540731826782233,4.703920388838824e-05,340,0.015993329322052004
10-227-01368,BIHAR,Lakhisarai,Lakhisarai,0,0,,204,10,1368,,117670.76745524361,181316338.94823277,0.00039314153606414794,4.053217181585785e-05,133,0.005390778851509094
10-227-01369,BIHAR,Lakhisarai,Chanan*,0,0,,204,10,1369,,86014.87070350182,177670731.10250506,0.00035540731826782233,0.0002887684460926057,128,0.03696236109985353
10-228-01375,BIHAR,Sheikhpura,Ghat Kusumbha,0,0,,219,10,1375,,80592.24583619394,99088070.68237934,0.0,0.0,70,0.0
10-227-01370,BIHAR,Lakhisarai,Ramgarh Chowk,0,0,,204,10,1370,,98990.57354622113,128567389.13844268,0.00039314153606414794,0.00035944933235980094,94,0.03378823724182129
10-227-01371,BIHAR,Lakhisarai,Halsi,0,0,,204,10,1371,,82594.8188222393,191441208.6304817,0.00039314153606414794,0.00039151272090747207,139,0.054420268206138614
10-228-01372,BIHAR,Sheikhpura,Barbigha,0,0,,219,10,1372,,83879.7675047183,115941853.486741,0.0,0.0,81,0.0
10-228-01373,BIHAR,Sheikhpura,Shekhopur Sarai,0,0,,219,10,1373,,59774.96229914819,65955650.61796794,0.00014936838525772097,5.475704744211833e-05,45,0.002464067134895325
10-228-01374,BIHAR,Sheikhpura,Sheikhpura,0,0,,219,10,1374,,119718.3677454689,225551054.81458032,0.00039314153606414794,5.993652969382791e-05,170,0.010189210047950745
10-228-01377,BIHAR,Sheikhpura,Ariari,0,0,,219,10,1377,,87552.5859976097,183445963.63454768,0.00039314153606414794,0.000139096773880172,137,0.019056258021583564
10-229-01378,BIHAR,Nalanda,Karai Parsurai,0,0,,209,10,1378,,58523.47447411047,82148146.79064696,0.00027648502662658693,0.00012441826198196412,60,0.007465095718917847
10-229-01379,BIHAR,Nalanda,Nagar Nausa,0,0,,209,10,1379,,82570.35159490984,108015836.82811198,0.00027648502662658693,0.0001280888982143402,80,0.010247111857147216
10-229-01380,BIHAR,Nalanda,Harnaut,0,0,,209,10,1380,,124869.90123154312,224385440.0517296,0.00021165523796081543,7.36192132037619e-05,161,0.011852693325805665
10-229-01381,BIHAR,Nalanda,Chandi,0,0,,209,10,1381,,70527.81459673235,147156102.481168,0.00021165523796081543,0.00019417911739524348,109,0.02116552379608154
10-229-01382,BIHAR,Nalanda,Rahui,0,0,,209,10,1382,,77076.6108369453,152249665.90613127,0.00021165523796081543,0.0002038161550733778,108,0.022012144747924803
10-229-01383,BIHAR,Nalanda,Bind,0,0,,209,10,1383,,70364.80140905235,88091657.81671415,0.0,0.0,66,0.0
10-229-01384,BIHAR,Nalanda,Sarmera,0,0,,209,10,1384,,91044.34634338948,167201876.42476654,0.0,0.0,123,0.0
10-229-01385,BIHAR,Nalanda,Asthawan,0,0,,209,10,1385,,92263.18064708126,171325630.7179731,0.00021165523796081543,3.7112833620300305e-05,125,0.004639104202537538
10-229-01387,BIHAR,Nalanda,Noorsarai,0,0,,209,10,1387,,78528.62700534344,151514769.88009417,0.00021165523796081543,0.0002116552379608154,114,0.024128697127532957
10-229-01386,BIHAR,Nalanda,Bihar,0,0,,209,10,1386,,98561.8371020671,215840179.0991975,0.00021165523796081543,0.0001986573597551584,160,0.03178517756082534
10-229-01390,BIHAR,Nalanda,Hilsa,0,0,,209,10,1390,,93433.88804652911,175765721.10991755,0.00027648502662658693,0.00027648502662658693,131,0.03621953848808289
10-229-01391,BIHAR,Nalanda,Ekangarsarai,0,0,,209,10,1391,,87121.32234693572,166605847.460251,0.00027648502662658693,0.000276485026626587,122,0.03373117324844361
10-229-01392,BIHAR,Nalanda,Islampur,0,0,,209,10,1392,,109868.69145522316,273834151.4326934,0.00028898187385559086,0.000283892951530378,194,0.05507523259689333
10-229-01393,BIHAR,Nalanda,Ben,0,0,,209,10,1393,,66947.54721379357,127526149.56798536,0.00028898187385559086,0.0002419059204754931,94,0.022739156524696352
10-230-01398,BIHAR,Patna,Maner,0,0,,212,10,1398,,96133.56350709034,213315300.3597084,0.0004263390760612488,0.00013209045771536888,154,0.020341930488166807
10-229-01394,BIHAR,Nalanda,Rajgir,0,0,,209,10,1394,,88740.45664753366,198129288.77271983,0.00028898187385559086,0.00020825298589083617,147,0.030613188925952918
10-229-01395,BIHAR,Nalanda,Silao,0,0,,209,10,1395,,79220.42929786978,154752836.13944647,0.00021165523796081543,0.0001602959032758077,114,0.018273732973442078
10-229-01396,BIHAR,Nalanda,Giriak,0,0,,209,10,1396,,88347.46773236175,99576022.5731765,0.00014936838525772097,0.00014936838525772097,73,0.010903892123813631
10-229-01397,BIHAR,Nalanda,Katrisarai,0,0,,209,10,1397,,38918.76300208476,48673462.28309288,0.00014936838525772097,0.00014585957588672638,36,0.00525094473192215
10-230-01399,BIHAR,Patna,Dinapur-Cum-Khagaul,0,0,,212,10,1399,,78598.21354533077,184765788.04152673,0.0003585531723022461,0.0001062379769784433,135,0.014342126892089845
10-234-01474,BIHAR,Rohtas,Tilouthu,0,0,,215,10,1474,,73885.57639601533,193504401.97342023,0.0007202250333213806,0.0006151599579627173,140,0.08612239411478043
10-230-01400,BIHAR,Patna,Patna Rural,0,0,,212,10,1400,,87518.10425735511,179850223.48881748,0.0003585531723022461,6.29520836866539e-05,131,0.00824672296295166
10-230-01401,BIHAR,Patna,Sampatchak,0,0,,212,10,1401,,53219.7118618291,78902366.60372826,0.0003585531723022461,1.2580813063236705e-05,57,0.0007171063446044922
10-230-01406,BIHAR,Patna,Dulhin Bazar,0,0,,212,10,1406,,77792.54009458271,136539622.4680228,0.0005254693448638915,0.00043042504274580214,99,0.04261207923183441
10-230-01402,BIHAR,Patna,Phulwari,0,0,,212,10,1402,,70659.26045014715,135940825.49713776,0.0003585531723022461,0.0003436134567896525,96,0.032986891851806636
10-230-01413,BIHAR,Patna,Khusrupur,0,0,,212,10,1413,,46143.60198551767,78201544.387751,0.0,0.0,58,0.0
10-230-01403,BIHAR,Patna,Bihta,0,0,,212,10,1403,,116564.9809665079,244879174.98088208,0.0004263390760612488,0.0003730528008149744,182,0.06789560974832534
10-230-01415,BIHAR,Patna,Athmalgola,0,0,,212,10,1415,,47997.69261940102,62827293.65665197,0.0,0.0,47,0.0
10-230-01404,BIHAR,Patna,Naubatpur,0,0,,212,10,1404,,105087.74367689912,205320191.59612688,0.0003585531723022461,0.00035855317230224605,153,0.05485863536224365
10-230-01405,BIHAR,Patna,Bikram,0,0,,212,10,1405,,86626.03512108007,186422313.04867813,0.00038069476028442385,0.000374391680493877,137,0.05129166022766114
10-234-01475,BIHAR,Rohtas,Rohtas,0,0,,215,10,1475,,88257.59288547112,389741138.17794544,0.0006153631261444092,0.0005971420272588728,288,0.1719769038505554
10-230-01407,BIHAR,Patna,Paliganj,0,0,,212,10,1407,,129476.3041410336,293354152.7667747,0.0005254693448638915,0.0005146066790199279,214,0.11012582931026457
10-230-01408,BIHAR,Patna,Masaurhi,0,0,,212,10,1408,,108866.13277400887,248716954.87290823,0.00043827590862274173,0.0004114030761551589,178,0.07322974755561829
10-230-01409,BIHAR,Patna,Dhanarua,0,0,,212,10,1409,,95102.40821522896,225577653.19725513,0.00043827590862274173,0.0002956868975860502,163,0.04819696430652619
10-230-01410,BIHAR,Patna,Punpun,0,0,,212,10,1410,,82554.93388622913,161116560.78819045,0.0003585531723022461,0.00024308689647609903,118,0.028684253784179686
10-230-01411,BIHAR,Patna,Fatwah,0,0,,212,10,1411,,97950.27190535897,155697451.47083917,0.0,0.0,115,0.0
10-230-01412,BIHAR,Patna,Daniawan,0,0,,212,10,1412,,69689.77872311571,79566220.36857046,0.0,0.0,56,0.0
10-230-01414,BIHAR,Patna,Bakhtiarpur,0,0,,212,10,1414,,120205.01587822943,168153072.20481881,0.0,0.0,120,0.0
10-230-01416,BIHAR,Patna,Belchhi,0,0,,212,10,1416,,88573.78025963024,87443681.0926542,0.0,0.0,70,0.0
10-230-01417,BIHAR,Patna,Barh,0,0,,212,10,1417,,95365.9771693495,147280816.515725,0.0,0.0,104,0.0
10-230-01419,BIHAR,Patna,Ghoswari,0,0,,212,10,1419,,66454.95033385535,164897376.1169027,0.0,0.0,126,0.0
10-230-01418,BIHAR,Patna,Pandarak,0,0,,212,10,1418,,106894.44852036482,252509471.6555304,0.0,0.0,180,0.0
10-232-01438,BIHAR,Buxar,Chaugain,0,0,,194,10,1438,,52625.33924401454,66025696.44875917,0.0004564660848236084,0.0004564660848236084,49,0.022366838156356813
10-232-01439,BIHAR,Buxar,Kesath,0,0,,194,10,1439,,34661.84662025829,38236018.49691825,0.0004564660848236084,0.00045646608482360836,29,0.013237516459884642
10-230-01420,BIHAR,Patna,Mokameh,0,0,,212,10,1420,,127700.39840194934,244519830.48183808,0.0,0.0,181,0.0
10-231-01421,BIHAR,Bhojpur,Shahpur,0,0,,193,10,1421,,110658.91431619873,211766871.4500774,0.0005095378945159912,0.0004975777117725518,156,0.07762212303651808
10-234-01460,BIHAR,Rohtas,Suryapura,0,0,,215,10,1460,,56159.7630280001,69765063.31452103,0.0005037833459472657,0.0005037833459472657,47,0.023677817259521484
10-231-01422,BIHAR,Bhojpur,Arrah,0,0,,193,10,1422,,120924.06747051864,221925641.7145924,0.0005095378945159912,0.00043037985549099043,159,0.06843039702306748
10-231-01423,BIHAR,Bhojpur,Barhara,0,0,,193,10,1423,,128817.96875565937,258494738.36324885,0.0005095378945159912,0.00045247483054964953,191,0.08642269263498306
10-231-01424,BIHAR,Bhojpur,Koilwar,0,0,,193,10,1424,,94779.33453556667,208456312.66749656,0.0004263390760612488,0.00039049756635729907,149,0.05818413738723756
10-231-01425,BIHAR,Bhojpur,Sandesh,0,0,,193,10,1425,,60697.76797134289,164599530.19806212,0.0005254693448638915,0.0004027790189490884,118,0.04752792423599243
10-231-01426,BIHAR,Bhojpur,Udwant Nagar,0,0,,193,10,1426,,92445.60417460876,217797556.82002312,0.00046822837545394897,0.0004334324042064359,161,0.06978261707723618
10-234-01461,BIHAR,Rohtas,Bikramganj,0,0,,215,10,1461,,88556.32896667719,168723569.68103397,0.0005037833459472657,0.0005037833459472657,129,0.06498805162719727
10-231-01427,BIHAR,Bhojpur,Behea,0,0,,193,10,1427,,114516.77527652554,206091349.70539597,0.0005095378945159912,0.0004655980574167888,150,0.06983970861251831
10-231-01428,BIHAR,Bhojpur,Jagdishpur,0,0,,193,10,1428,,109726.00219208181,318463526.4488765,0.00046822837545394897,0.0004670418285921163,228,0.10648553691900252
10-231-01429,BIHAR,Bhojpur,Piro,0,0,,193,10,1429,,100703.96274410955,268205354.86689487,0.0005037833459472657,0.0004868292732645035,200,0.09736585465290071
10-234-01462,BIHAR,Rohtas,Karakat,0,0,,215,10,1462,,102232.22868007293,251121712.10833624,0.0005037833459472657,0.00048448563463297757,176,0.08526947169540405
10-231-01430,BIHAR,Bhojpur,Charpokhari,0,0,,193,10,1430,,88834.1327790213,135855258.49695313,0.0004891728410339356,0.00048299973538930795,95,0.04588497486198426
10-231-01431,BIHAR,Bhojpur,Garhani,0,0,,193,10,1431,,93054.52180151101,137128723.85739592,0.0004891728410339356,0.0004706685073661804,103,0.048478856258716584
10-231-01432,BIHAR,Bhojpur,Agiaon,0,0,,193,10,1432,,87534.07309197474,191419206.17039648,0.0005254693448638915,0.0004875284108513208,139,0.06776644910833358
10-231-01433,BIHAR,Bhojpur,Tarari,0,0,,193,10,1433,,95157.98131215997,247108515.4982669,0.0005037833459472657,0.0004907412003184174,177,0.08686119245635987
10-231-01434,BIHAR,Bhojpur,Sahar,0,0,,193,10,1434,,61748.81499939302,157154129.14318892,0.0005254693448638915,0.0004950671450746977,117,0.057922855973739626
10-232-01435,BIHAR,Buxar,Simri,0,0,,194,10,1435,,87047.69219699135,222195796.247413,0.0004679165504455566,0.00044714954294065146,164,0.07333252504226684
10-232-01436,BIHAR,Buxar,Chakki,0,0,,194,10,1436,,73799.54032015939,80420668.23199363,0.0004679165504455566,0.00046612741519212725,64,0.029832154572296144
10-232-01437,BIHAR,Buxar,Barhampur,0,0,,194,10,1437,,133928.15369382405,240152233.65370417,0.0005095378945159912,0.0004588246758292313,173,0.07937666891845702
10-232-01440,BIHAR,Buxar,Dumraon,0,0,,194,10,1440,,115797.88145848007,238641355.07175583,0.0004564660848236084,0.0004549135749559572,169,0.07688039416755676
10-232-01441,BIHAR,Buxar,Buxar,0,0,,194,10,1441,,90996.21871903203,211591033.38394436,0.0004513214933013916,0.00045034984767403574,157,0.07070492608482361
10-232-01442,BIHAR,Buxar,Chausa,0,0,,194,10,1442,,99103.08457070828,138502720.57991108,0.000484131551322937,0.000458417559877556,107,0.049050678906898494
10-232-01443,BIHAR,Buxar,Rajpur,0,0,,194,10,1443,,121142.9666413415,336933113.12217736,0.0005436322337722779,0.0005151196879003097,245,0.12620432353557587
10-232-01444,BIHAR,Buxar,Itarhi,0,0,,194,10,1444,,109439.3274763228,293713382.2816445,0.0005436322337722779,0.00045220484966953416,209,0.09451081358093263
10-232-01445,BIHAR,Buxar,Nawanagar,0,0,,194,10,1445,,126567.10382889764,229774401.79100823,0.0005436322337722779,0.0004648697533604096,169,0.07856298831790923
10-233-01446,BIHAR,Kaimur (Bhabua),Ramgarh,0,0,,200,10,1446,,124781.0721120257,206666195.02442607,0.000484131551322937,0.00043056417745400736,151,0.06501519079555511
10-233-01447,BIHAR,Kaimur (Bhabua),Nuaon,0,0,,200,10,1447,,121732.74643995032,235834986.4758632,0.0005436322337722779,0.00048539963035159635,171,0.08300333679012298
10-233-01448,BIHAR,Kaimur (Bhabua),Kudra,0,0,,200,10,1448,,132624.50147962422,255577893.54332253,0.000484131551322937,0.0004782884251137386,189,0.0903965123464966
10-233-01449,BIHAR,Kaimur (Bhabua),Mohania,0,0,,200,10,1449,,142323.6809133636,349176573.6513165,0.000484131551322937,0.00044024011061325667,256,0.11270146831699371
10-233-01450,BIHAR,Kaimur (Bhabua),Durgawati,0,0,,200,10,1450,,108544.41183902678,212580801.4059764,0.00031203211612701416,0.00031203211612701416,154,0.04805294588356018
10-233-01451,BIHAR,Kaimur (Bhabua),Chand,0,0,,200,10,1451,,97099.60209928264,257974481.1925409,0.0005088906457519531,0.0003700381309241437,188,0.06956716861373902
10-233-01452,BIHAR,Kaimur (Bhabua),Chainpur,0,0,,200,10,1452,,170712.34536647963,555311526.8488017,0.00048190407314300534,0.00039969582969843603,407,0.16267620268726346
10-233-01453,BIHAR,Kaimur (Bhabua),Bhabua,0,0,,200,10,1453,,143727.89821118704,407618990.38615096,0.000484131551322937,0.0004200707333240953,301,0.12644129073055269
10-233-01454,BIHAR,Kaimur (Bhabua),Rampur,0,0,,200,10,1454,,126612.15498309073,210660395.23746365,0.000539934706993103,0.0004953643814337815,149,0.07380929283363344
10-233-01455,BIHAR,Kaimur (Bhabua),Bhagwanpur,0,0,,200,10,1455,,134815.05705103654,292151198.96788174,0.00048190407314300534,0.0004074520888954994,211,0.08597239075695037
10-233-01456,BIHAR,Kaimur (Bhabua),Adhaura,0,0,,200,10,1456,,271357.2345421078,1135984955.9859164,0.0005695753933715821,0.0004944680411707683,833,0.41189187829525
10-234-01457,BIHAR,Rohtas,Kochas,0,0,,215,10,1457,,90248.48407846906,187033418.62218276,0.0005436322337722779,0.000525150961193316,132,0.0693199268775177
10-234-01458,BIHAR,Rohtas,Dinara,0,0,,215,10,1458,,157118.7651045217,464648316.8452498,0.0005436322337722779,0.000534283521086058,341,0.18219068069034577
10-234-01459,BIHAR,Rohtas,Dawath,0,0,,215,10,1459,,78120.6651060775,129910427.66035384,0.0005037833459472657,0.0005037833459472657,94,0.04735563451904297
10-234-01466,BIHAR,Rohtas,Nokha,0,0,,215,10,1466,,82152.91978314315,208772248.59610957,0.0005436322337722779,0.00045478219848967894,148,0.06730776537647248
10-235-01476,BIHAR,Aurangabad,Daudnagar,0,0,,189,10,1476,,91010.07504965532,238139281.75712803,0.0004414807612609864,0.0004375496229412912,174,0.07613363439178467
10-234-01467,BIHAR,Rohtas,Kargahar,0,0,,215,10,1467,,128509.87472624176,406135690.59563094,0.0005436322337722779,0.00047907345151746594,296,0.14180574164916993
10-234-01468,BIHAR,Rohtas,Chenari,0,0,,215,10,1468,,121720.69626398994,292642418.8385522,0.000539934706993103,0.0005064587509006234,215,0.10888863144363402
10-234-01469,BIHAR,Rohtas,Nauhatta,0,0,,215,10,1469,,175494.75594492842,478591449.404211,0.0005784638482284546,0.0005435139229216278,354,0.19240392871425627
10-234-01470,BIHAR,Rohtas,Sheosagar,0,0,,215,10,1470,,135463.8765525897,406503956.12222886,0.0006153631261444092,0.0005024406847011759,295,0.1482200019868469
10-234-01471,BIHAR,Rohtas,Sasaram,0,0,,215,10,1471,,135810.11950728856,394273130.8742507,0.0006153631261444092,0.0004898902042686199,290,0.14206815923789978
10-234-01473,BIHAR,Rohtas,Dehri,0,0,,215,10,1473,,97323.52013589225,199371136.99043605,0.0007202250333213806,0.0004824223549223275,145,0.06995124146373749
10-235-01477,BIHAR,Aurangabad,Haspura,0,0,,189,10,1477,,88845.10694940752,164519986.5205008,0.0005999389292907715,0.00043967416779825514,121,0.05320057430358887
10-235-01478,BIHAR,Aurangabad,Goh,0,0,,189,10,1478,,122286.20877621078,374665187.3660463,0.0005999389292907715,0.000554406466775782,272,0.1507985589630127
10-236-01491,BIHAR,Gaya,Neem Chak Bathani,0,0,,196,10,1491,,79540.44278654993,146770773.7769567,0.00028898187385559086,0.00028898187385559086,103,0.02976513300712586
10-235-01479,BIHAR,Aurangabad,Rafiganj,0,0,,189,10,1479,,167069.30684925965,465687847.79432577,0.0005999389292907715,0.00044358903098942607,341,0.1512638595673943
10-235-01480,BIHAR,Aurangabad,Obra,0,0,,189,10,1480,,130720.05569071589,327203821.09876627,0.0007202250333213806,0.0004518272544299098,237,0.10708305929988862
10-236-01494,BIHAR,Gaya,Manpur,0,0,,196,10,1494,,77081.78707553667,161226183.41058797,0.00029991515121459964,0.00025258541345347534,115,0.029047322547149666
10-235-01481,BIHAR,Aurangabad,Aurangabad,0,0,,189,10,1481,,125502.68609205673,344679798.38062614,0.0007202250333213806,0.0005182265592579545,256,0.13266599917003635
10-237-01511,BIHAR,Nawada,Nardiganj,0,0,,210,10,1511,,60262.24041371029,129808165.4472442,0.00014936838525772097,0.000149368385257721,95,0.014189996599483494
10-235-01482,BIHAR,Aurangabad,Barun,0,0,,189,10,1482,,117269.30390529483,381782699.30215496,0.0007202250333213806,0.000630628660159111,280,0.1765760248445511
10-235-01483,BIHAR,Aurangabad,Nabinagar,0,0,,189,10,1483,,173491.30877801325,657546828.2218357,0.0007202250333213806,0.0006163863758812978,483,0.2977146195506668
10-235-01484,BIHAR,Aurangabad,Kutumba,0,0,,189,10,1484,,110495.73757590447,319048251.76106954,0.0007202250333213806,0.000569778853771926,229,0.13047935751377107
10-235-01485,BIHAR,Aurangabad,Deo,0,0,,189,10,1485,,158578.88849021672,336990745.1586724,0.0007202250333213806,0.00046880204451739556,251,0.11766931317386628
10-235-01486,BIHAR,Aurangabad,Madanpur,0,0,,189,10,1486,,153529.37367368402,418713952.50229967,0.00045905528907775884,0.0004333689151793546,309,0.13391099479042057
10-236-01487,BIHAR,Gaya,Konch,0,0,,196,10,1487,,154041.56172387034,319288521.7326548,0.0005999389292907715,0.0005495831866622794,232,0.1275032993056488
10-236-01488,BIHAR,Gaya,Tikari,0,0,,196,10,1488,,122221.36853604284,290576655.12704176,0.0005999389292907715,0.0004888262387147956,218,0.10656412003982543
10-236-01489,BIHAR,Gaya,Belaganj,0,0,,196,10,1489,,113473.13279109563,240372540.95814112,0.00029991515121459964,0.00029991515121459964,180,0.05398472721862793
10-236-01490,BIHAR,Gaya,Khizirsarai,0,0,,196,10,1490,,103698.13096672995,223124430.97950032,0.00029991515121459964,0.00029394813518408575,165,0.04850144230537415
10-236-01492,BIHAR,Gaya,Muhra,0,0,,196,10,1492,,93681.45756176667,181269438.2139707,0.00028898187385559086,0.0002806866070320358,134,0.037612005342292795
10-236-01493,BIHAR,Gaya,Atri,0,0,,196,10,1493,,103075.15367958385,161340647.62451813,0.00029991515121459964,0.0002807176030501999,119,0.033405394762973786
10-236-01495,BIHAR,Gaya,Gaya Town C.D.Block,0,0,,196,10,1495,,91678.58033080616,224144813.6021213,0.00029991515121459964,0.00025750278880528043,161,0.04145794899765015
10-236-01496,BIHAR,Gaya,Paraiya,0,0,,196,10,1496,,75593.31264449215,167300846.5298876,0.0004281369838523865,0.0003511323842690787,120,0.04213588611228944
10-236-01497,BIHAR,Gaya,Guraru,0,0,,196,10,1497,,81292.54933661391,199646285.7542363,0.0004281369838523865,0.0004281369838523865,147,0.06293613662630082
10-237-01512,BIHAR,Nawada,Nawada,0,0,,210,10,1512,,86822.75137888109,219317998.1072041,0.0004596626183319092,0.0001671559527587891,157,0.02624348458312989
10-236-01498,BIHAR,Gaya,Gurua,0,0,,196,10,1498,,117859.62964526065,238015237.1519128,0.0004281369838523865,0.000424792556809001,173,0.07348911232795717
10-236-01499,BIHAR,Gaya,Amas,0,0,,196,10,1499,,100546.69423332924,128484051.44985774,0.00045905528907775884,0.00041389892077074557,95,0.03932039747322083
10-237-01517,BIHAR,Nawada,Roh,0,0,,210,10,1517,,77804.52626079548,192537548.9783989,0.0004596626183319092,0.00021756847263402414,144,0.031329860059299476
10-236-01500,BIHAR,Gaya,Banke Bazar,0,0,,196,10,1500,,85166.97220092022,256240042.68049288,0.00041143352733612063,0.0004033242677337893,186,0.07501831379848481
10-236-01501,BIHAR,Gaya,Imamganj,0,0,,196,10,1501,,136271.57775821586,316917295.57645696,0.00041143352733612063,0.00038388822221572437,239,0.09174928510955813
10-236-01502,BIHAR,Gaya,Dumaria,0,0,,196,10,1502,,119690.94596035974,390676703.928496,0.0004206409018707276,0.0003896480252083227,285,0.11104968718437197
10-236-01503,BIHAR,Gaya,Sherghati,0,0,,196,10,1503,,100322.2973073121,167902109.12194017,0.0004281369838523865,0.0004061542762912968,123,0.049956975983829505
10-238-01531,BIHAR,Jamui,Gidhaur,0,0,,198,10,1531,,55211.5633940527,100392309.18230554,0.00035540731826782233,0.0003369563118743897,75,0.025271723390579228
10-236-01504,BIHAR,Gaya,Dobhi,0,0,,196,10,1504,,103572.88994215836,218837778.49499393,0.00041143352733612063,0.0003799917490948506,161,0.06117867160427094
10-236-01505,BIHAR,Gaya,Bodh Gaya,0,0,,196,10,1505,,120948.91182130505,306843965.9119923,0.0004281369838523865,0.00026211126303880123,230,0.06028559049892428
10-236-01506,BIHAR,Gaya,Tan Kuppa,0,0,,196,10,1506,,108147.94853451202,190099968.23000297,0.0003730840856933594,0.00025373177986600504,134,0.034000058502044676
10-240-01542,BIHAR,Arwal,Arwal,0,0,,611,10,1542,,73924.8054791393,147787869.27798152,0.0005254693448638915,0.0005160462140618837,104,0.053668806262435906
10-236-01507,BIHAR,Gaya,Wazirganj,0,0,,196,10,1507,,105472.06999302967,323030583.61833626,0.0002511482930755615,0.00025108473859205085,236,0.059255998307724
10-236-01508,BIHAR,Gaya,Fatehpur,0,0,,196,10,1508,,155359.44599717355,408449805.62920874,0.00029691928649902343,0.0002786507912238648,304,0.08470984053205491
10-240-01543,BIHAR,Arwal,Kaler,0,0,,611,10,1543,,67777.19153730445,176075758.749563,0.0004891728410339356,0.00048040773897243817,131,0.0629334138053894
10-236-01509,BIHAR,Gaya,Mohanpur,0,0,,196,10,1509,,119906.24818546322,418796109.2883684,0.0003730840856933594,0.00033313651521537957,303,0.10094036411026001
10-240-01544,BIHAR,Arwal,Karpi,0,0,,611,10,1544,,158139.92638461498,234985661.7206014,0.0005999389292907715,0.0005220928441894885,172,0.08979996920059204
10-236-01510,BIHAR,Gaya,Barachatti,0,0,,196,10,1510,,138753.78132836288,366328956.31361085,0.0003730840856933594,0.00036643697594549004,275,0.10077016838500977
10-237-01513,BIHAR,Nawada,Warisaliganj,0,0,,210,10,1513,,109792.76918459819,202861050.3008767,0.00014936838525772097,0.00014058442710448288,147,0.020665910784358983
10-237-01514,BIHAR,Nawada,Kashi Chak,0,0,,210,10,1514,,73948.94452619922,98983451.20841853,0.0001353331477737427,0.0001353331477737427,72,0.009743986639709474
10-237-01515,BIHAR,Nawada,Pakribarawan,0,0,,210,10,1515,,104545.76938151139,251834567.85717744,0.0001353331477737427,0.00013533314777374272,184,0.02490129919036866
10-237-01516,BIHAR,Nawada,Kawakol,0,0,,210,10,1516,,121170.20018263235,362955647.76482904,0.00039314153606414794,0.000192280781720312,266,0.051146687937603
10-237-01518,BIHAR,Nawada,Gobindpur,0,0,,210,10,1518,,73133.35659787485,188189390.13263756,0.0004596626183319092,0.0002815245898513794,140,0.03941344257919312
10-237-01519,BIHAR,Nawada,Akbarpur,0,0,,210,10,1519,,91268.2921062847,249541236.96202633,0.0004596626183319092,0.00045966261833190917,184,0.08457792177307129
10-237-01520,BIHAR,Nawada,Hisua,0,0,,210,10,1520,,85113.4923130193,144090762.99664384,0.0004596626183319092,0.00033056255036445763,104,0.034378505237903596
10-237-01521,BIHAR,Nawada,Narhat,0,0,,210,10,1521,,62856.50481924386,99624005.77002536,0.0004596626183319092,0.0004596626183319092,69,0.031716720664901735
10-237-01522,BIHAR,Nawada,Meskaur,0,0,,210,10,1522,,75185.00287586387,145604023.18435815,0.0004596626183319092,0.00031072381457737517,112,0.034801067232666016
10-237-01523,BIHAR,Nawada,Sirdala,0,0,,210,10,1523,,111278.51695598938,301894539.186342,0.0004596626183319092,0.00035199689098821873,218,0.07673532223543168
10-237-01524,BIHAR,Nawada,Rajauli,0,0,,210,10,1524,,132370.86211000624,450216393.36794454,0.0004596626183319092,0.00035242342362349456,333,0.1173570000666237
10-238-01525,BIHAR,Jamui,Islamnagar Aliganj,0,0,,198,10,1525,,96153.77396855215,213408239.47295904,0.00039314153606414794,0.0003455295854883927,156,0.053902615336189265
10-238-01526,BIHAR,Jamui,Sikandra,0,0,,198,10,1526,,86788.2538333537,223096734.30010977,0.00039314153606414794,0.0003852066451753216,162,0.0624034765184021
10-238-01527,BIHAR,Jamui,Jamui,0,0,,198,10,1527,,90084.78430112793,212157753.6648698,0.00039314153606414794,0.00035589421140067815,155,0.055163602767105115
10-238-01528,BIHAR,Jamui,Barhat,0,0,,198,10,1528,,114104.37581341481,270298087.1382075,0.00035540731826782233,0.0002958720822128064,197,0.05828680019592286
10-238-01529,BIHAR,Jamui,Lakshmipur,0,0,,198,10,1529,,112147.89260238525,307635253.00857943,0.00035540731826782233,9.477528487141929e-05,225,0.02132443909606934
10-238-01530,BIHAR,Jamui,Jhajha,0,0,,198,10,1530,,147664.43327942316,507112726.974952,0.0003934759806442261,0.00035805536633104896,370,0.13248048554248812
10-238-01532,BIHAR,Jamui,Khaira,0,0,,198,10,1532,,142747.05687020053,513762691.7981683,0.00039314153606414794,0.00027255903203574674,377,0.10275475507747651
10-238-01533,BIHAR,Jamui,Sono,0,0,,198,10,1533,,117724.39892386932,474283005.7300444,0.0003934759806442261,0.0003247089675980926,349,0.11332342969173431
10-238-01534,BIHAR,Jamui,Chakai,0,0,,198,10,1534,,243956.2217086091,956725034.6798706,0.00042078697124481204,0.00036730180292028706,700,0.25711126204420093
10-239-01535,BIHAR,Jehanabad,Ratni Faridpur,0,0,,199,10,1535,,82762.53932271499,155018952.20303965,0.0005999389292907715,0.00046813073018157696,114,0.05336690324069977
10-239-01536,BIHAR,Jehanabad,Jehanabad,0,0,,199,10,1536,,97254.09844747804,201426556.69272655,0.00043827590862274173,0.0004382759086227418,148,0.06486483447616578
10-239-01537,BIHAR,Jehanabad,Kako,0,0,,199,10,1537,,83599.3529020472,162373941.78194478,0.00043827590862274173,0.0004382759086227418,118,0.05171655721748353
10-239-01538,BIHAR,Jehanabad,Modanganj,0,0,,199,10,1538,,66522.90037500951,97205276.85869928,0.00043827590862274173,0.00032103613906031076,69,0.022151493595161442
10-239-01539,BIHAR,Jehanabad,Ghoshi,0,0,,199,10,1539,,82931.95174196921,112225161.55433495,0.00043827590862274173,0.00035987355225620504,83,0.02986950483726502
10-239-01540,BIHAR,Jehanabad,Makhdumpur,0,0,,199,10,1540,,128831.72570768485,301471679.33572614,0.00043827590862274173,0.00031521772346250476,217,0.06840224599136353
10-239-01541,BIHAR,Jehanabad,Hulasganj,0,0,,199,10,1541,,87179.53907708311,119677697.18988888,0.00043827590862274173,0.00029511347746192086,90,0.026560212971572877
10-240-01545,BIHAR,Arwal,Sonbhadra Banshi Suryapur,0,0,,611,10,1545,,62692.97791397586,116643000.97724338,0.0005999389292907715,0.0005819944511156196,83,0.04830553944259643
10-240-01546,BIHAR,Arwal,Kurtha,0,0,,611,10,1546,,71585.17106640573,106433073.5354984,0.0005999389292907715,0.0005636588753392146,78,0.04396539227645874
10-224-01334,BIHAR,Bhagalpur,Gopalpur,0,0,,192,10,1334,,95407.9186210158,208941966.91883087,0.0,0.0,153,0.0
10-210-01127,BIHAR,Kishanganj,Kishanganj,0,0,,203,10,1127,,125268.33771117091,207105687.55921903,0.0,0.0,152,0.0
10-206-01064,BIHAR,Sitamarhi,Suppi,0,0,,221,10,1064,,71084.15120823232,92250451.53846286,0.0,0.0,66,0.0
10-234-01463,BIHAR,Rohtas,Nasriganj,0,0,,215,10,1463,,90034.07903274363,167356919.18355417,0.0008410098870086671,0.0006892206995997354,126,0.08684180814956666
10-234-01464,BIHAR,Rohtas,Rajpur,0,0,,215,10,1464,,68660.48684625747,85633596.4997788,0.0006823085333251954,0.0006823085333251954,63,0.04298543759948731
10-234-01465,BIHAR,Rohtas,Sanjhauli,0,0,,215,10,1465,,56591.722358052,83833486.39015438,0.0008401356030273439,0.0008100733040364584,63,0.05103461815429688
10-203-01023,BIHAR,Pashchim Champaran,Thakrahan,0,0,,211,10,1023,,79847.09402015881,199004696.79409248,0.0,0.0,145,0.0
10-204-01054,BIHAR,Purbi Champaran,Phenhara,0,0,,213,10,1054,,44565.43736457999,67645025.94776015,0.0,0.0,51,0.0
10-219-01262,BIHAR,Saran,Maker,0,0,,218,10,1262,,62357.8736467211,96585777.9808088,0.0,0.0,71,0.0
10-220-01282,BIHAR,Vaishali,Sahdai Buzurg,0,0,,224,10,1282,,74546.65030748869,114161677.3631406,0.0,0.0,84,0.0
10-229-01388,BIHAR,Nalanda,Tharthari,0,0,,209,10,1388,,71853.42144919158,77411758.12428828,0.000663686570892334,0.0006496105187140571,54,0.03507896801055908
10-229-01389,BIHAR,Nalanda,Parbalpur,0,0,,209,10,1389,,54466.2339431045,76043839.88376136,0.000663686570892334,0.0006394484708404541,56,0.03580911436706543
10-203-01022,BIHAR,Pashchim Champaran,Bhitaha,0,0,,211,10,1022,,72626.86760213553,166969906.7472905,0.0,0.0,117,0.0
10-203-01013,BIHAR,Pashchim Champaran,Sidhaw,0,0,,211,10,1013,,195582.3602130639,1085337194.6715722,0.0,0.0,781,0.0
10-203-01014,BIHAR,Pashchim Champaran,Ramnagar,0,0,,211,10,1014,,230865.78384139363,866139404.2451236,0.0,0.0,621,0.0
10-203-01015,BIHAR,Pashchim Champaran,Gaunaha,0,0,,211,10,1015,,136504.94021895694,605322845.3823951,0.0,0.0,441,0.0
10-203-01016,BIHAR,Pashchim Champaran,Mainatanr,0,0,,211,10,1016,,115419.13930249632,312998546.4010918,0.0,0.0,221,0.0
10-203-01017,BIHAR,Pashchim Champaran,Narkatiaganj,0,0,,211,10,1017,,149144.20649331805,441857686.2127825,0.0,0.0,314,0.0
10-203-01018,BIHAR,Pashchim Champaran,Lauriya,0,0,,211,10,1018,,120853.32018665274,255440417.54612216,0.0,0.0,183,0.0
10-203-01019,BIHAR,Pashchim Champaran,Bagaha,0,0,,211,10,1019,,135587.24079810514,491292931.53180623,0.0,0.0,352,0.0
10-203-01021,BIHAR,Pashchim Champaran,Madhubani,0,0,,211,10,1021,,144670.82201821523,386116138.1353823,0.0,0.0,276,0.0
10-203-01024,BIHAR,Pashchim Champaran,Jogapatti,0,0,,211,10,1024,,88530.23644360513,258722436.3759333,0.0,0.0,186,0.0
10-203-01029,BIHAR,Pashchim Champaran,Bairia,0,0,,211,10,1029,,105039.82861382668,288505226.87341565,0.0,0.0,208,0.0
10-203-01025,BIHAR,Pashchim Champaran,Chanpatia,0,0,,211,10,1025,,113543.7602983494,310017349.34780717,0.0,0.0,226,0.0
10-206-01071,BIHAR,Sitamarhi,Parsauni,0,0,,221,10,1071,,63729.135625112256,74724139.64418457,0.0,0.0,55,0.0
10-203-01026,BIHAR,Pashchim Champaran,Sikta,0,0,,211,10,1026,,93443.22825707054,255004178.86147365,0.0,0.0,183,0.0
10-203-01027,BIHAR,Pashchim Champaran,Majhaulia,0,0,,211,10,1027,,123374.4030721297,371511179.15939575,0.0,0.0,265,0.0
10-203-01028,BIHAR,Pashchim Champaran,Bettiah,0,0,,211,10,1028,,53968.26030594324,83182055.35378212,0.0,0.0,59,0.0
10-203-01030,BIHAR,Pashchim Champaran,Nautan,0,0,,211,10,1030,,122656.63983711715,245738630.13883996,0.0,0.0,171,0.0
10-204-01031,BIHAR,Purbi Champaran,Raxaul,0,0,,213,10,1031,,98709.78801801558,166685360.13968688,0.0,0.0,124,0.0
10-206-01072,BIHAR,Sitamarhi,Belsand,0,0,,221,10,1072,,66235.5873217276,97354060.86547032,0.0,0.0,70,0.0
10-206-01073,BIHAR,Sitamarhi,Runisaidpur,0,0,,221,10,1073,,152472.54206325076,334873257.0825382,0.0,0.0,243,0.0
10-204-01032,BIHAR,Purbi Champaran,Adapur,0,0,,213,10,1032,,94532.37688292323,199608924.7111849,0.0,0.0,148,0.0
10-206-01074,BIHAR,Sitamarhi,Dumra,0,0,,221,10,1074,,111649.34177378344,241159212.36062923,0.0,0.0,178,0.0
10-204-01033,BIHAR,Purbi Champaran,Ramgarhwa,0,0,,213,10,1033,,90718.26831189607,213035907.5226096,0.0,0.0,154,0.0
10-204-01034,BIHAR,Purbi Champaran,Sugauli,0,0,,213,10,1034,,84892.41923436844,209336830.19001696,0.0,0.0,149,0.0
10-204-01038,BIHAR,Purbi Champaran,Ghorasahan,0,0,,213,10,1038,,75335.10865687576,144368243.47105,0.0,0.0,104,0.0
10-204-01035,BIHAR,Purbi Champaran,Banjaria,0,0,,213,10,1035,,102381.40449613356,176960195.87167916,0.0,0.0,124,0.0
10-204-01047,BIHAR,Purbi Champaran,Kesaria,0,0,,213,10,1047,,87546.8206889307,229535442.11688668,0.0,0.0,168,0.0
10-204-01036,BIHAR,Purbi Champaran,Narkatia,0,0,,213,10,1036,,105607.09704406632,168338010.30978012,0.0,0.0,120,0.0
10-204-01037,BIHAR,Purbi Champaran,Bankatwa,0,0,,213,10,1037,,99233.37216886049,115311013.90225838,0.0,0.0,82,0.0
10-204-01039,BIHAR,Purbi Champaran,Dhaka,0,0,,213,10,1039,,97673.73467814895,202386545.86227983,0.0,0.0,145,0.0
10-204-01048,BIHAR,Purbi Champaran,Kalyanpur,0,0,,213,10,1048,,109413.20044555076,313300912.50613195,0.0,0.0,230,0.0
10-204-01040,BIHAR,Purbi Champaran,Chiraia,0,0,,213,10,1040,,110764.71696779084,272984575.32652414,0.0,0.0,199,0.0
10-204-01041,BIHAR,Purbi Champaran,Motihari,0,0,,213,10,1041,,181544.26702654368,319814691.13850176,0.0,0.0,241,0.0
10-204-01049,BIHAR,Purbi Champaran,Kotwa,0,0,,213,10,1049,,78879.98205471091,178282937.71225017,0.0,0.0,126,0.0
10-204-01042,BIHAR,Purbi Champaran,Turkaulia,0,0,,213,10,1042,,99475.78497366334,174748315.94966665,0.0,0.0,130,0.0
10-204-01050,BIHAR,Purbi Champaran,Piprakothi,0,0,,213,10,1050,,58369.33889310607,62223774.49301849,0.0,0.0,45,0.0
10-204-01043,BIHAR,Purbi Champaran,Harsidhi,0,0,,213,10,1043,,133904.34238337883,240218359.62130272,0.0,0.0,173,0.0
10-204-01044,BIHAR,Purbi Champaran,Paharpur,0,0,,213,10,1044,,108730.62076802726,192061375.0173064,0.0,0.0,144,0.0
10-204-01045,BIHAR,Purbi Champaran,Areraj,0,0,,213,10,1045,,93331.67353690567,242725576.26244012,0.0,0.0,174,0.0
10-204-01046,BIHAR,Purbi Champaran,Sangrampur,0,0,,213,10,1046,,78133.67961210197,187659878.02718252,0.0,0.0,133,0.0
10-204-01051,BIHAR,Purbi Champaran,Chakia(Pipra),0,0,,213,10,1051,,129110.66914194856,212940547.80779588,0.0,0.0,145,0.0
10-204-01052,BIHAR,Purbi Champaran,Pakri Dayal,0,0,,213,10,1052,,90143.40730437863,148110040.62869397,0.0,0.0,106,0.0
10-204-01053,BIHAR,Purbi Champaran,Patahi,0,0,,213,10,1053,,85994.51677214028,144960443.14880535,0.0,0.0,100,0.0
10-204-01055,BIHAR,Purbi Champaran,Madhuban,0,0,,213,10,1055,,112681.00006095257,152424272.44650427,0.0,0.0,114,0.0
10-204-01056,BIHAR,Purbi Champaran,Tetaria,0,0,,213,10,1056,,82320.72754353678,104458405.63845472,0.0,0.0,74,0.0
10-205-01058,BIHAR,Sheohar,Purnahiya,0,0,,220,10,1058,,57294.126150412616,80859097.14068061,0.0,0.0,59,0.0
10-204-01057,BIHAR,Purbi Champaran,Mehsi,0,0,,213,10,1057,,125063.78039343117,149773808.08158112,0.0,0.0,108,0.0
10-205-01059,BIHAR,Sheohar,Piprarhi,0,0,,220,10,1059,,105870.45511307275,104265216.9562483,0.0,0.0,77,0.0
10-205-01060,BIHAR,Sheohar,Sheohar,0,0,,220,10,1060,,81007.5322908237,115638983.35873616,0.0,0.0,83,0.0
10-205-01061,BIHAR,Sheohar,Dumri Katsari,0,0,,220,10,1061,,65038.65439014734,84655470.24819931,0.0,0.0,59,0.0
10-205-01062,BIHAR,Sheohar,Tariani Chowk,0,0,,220,10,1062,,97491.22869259815,171878914.60720828,0.0,0.0,126,0.0
10-206-01063,BIHAR,Sitamarhi,Bairgania,0,0,,221,10,1063,,59598.621146511534,94417571.99630062,0.0,0.0,70,0.0
10-206-01065,BIHAR,Sitamarhi,Majorganj,0,0,,221,10,1065,,62808.55729710282,95411217.42446172,0.0,0.0,68,0.0
10-206-01066,BIHAR,Sitamarhi,Sonbarsa,0,0,,221,10,1066,,92820.94699371175,224104085.6083578,0.0,0.0,155,0.0
10-206-01067,BIHAR,Sitamarhi,Parihar,0,0,,221,10,1067,,86838.20299610356,272812569.4060281,0.0,0.0,197,0.0
10-207-01095,BIHAR,Madhubani,Rajnagar,0,0,,206,10,1095,,78809.12744912357,223111125.2667772,0.0,0.0,158,0.0
10-206-01068,BIHAR,Sitamarhi,Sursand,0,0,,221,10,1068,,91215.71647520129,181412871.1123928,0.0,0.0,134,0.0
10-206-01069,BIHAR,Sitamarhi,Bathnaha,0,0,,221,10,1069,,120764.04051803834,251403523.12922087,0.0,0.0,185,0.0
10-206-01070,BIHAR,Sitamarhi,Riga,0,0,,221,10,1070,,129433.73210860479,163724219.02092636,0.0,0.0,114,0.0
10-210-01123,BIHAR,Kishanganj,Thakurganj,0,0,,203,10,1123,,224971.2940646554,491161543.46963537,0.0,0.0,353,0.0
10-210-01124,BIHAR,Kishanganj,Pothia,0,0,,203,10,1124,,167388.9118766352,443844792.4531903,0.0,0.0,321,0.0
10-210-01125,BIHAR,Kishanganj,Bahadurganj,0,0,,203,10,1125,,155296.13881782343,347494200.8377232,0.0,0.0,251,0.0
10-210-01126,BIHAR,Kishanganj,Kochadhamin,0,0,,203,10,1126,,139640.52665725534,360840233.8364798,0.0,0.0,258,0.0
10-211-01128,BIHAR,Purnia,Banmankhi,0,0,,214,10,1128,,142815.61519736593,459936087.34673214,0.0,0.0,333,0.0
10-206-01075,BIHAR,Sitamarhi,Bajpatti,0,0,,221,10,1075,,90407.29439213518,174303329.1783474,0.0,0.0,125,0.0
10-206-01076,BIHAR,Sitamarhi,Charaut,0,0,,221,10,1076,,85128.15752493152,91349700.81924292,0.0,0.0,62,0.0
10-206-01077,BIHAR,Sitamarhi,Pupri,0,0,,221,10,1077,,73992.24203369493,115338203.66308306,0.0,0.0,82,0.0
10-206-01078,BIHAR,Sitamarhi,Nanpur,0,0,,221,10,1078,,73315.01223618646,135892566.9983101,0.0,0.0,100,0.0
10-220-01283,BIHAR,Vaishali,Mahnar,0,0,,224,10,1283,,81638.1139853176,126474580.44313861,0.0,0.0,89,0.0
10-206-01079,BIHAR,Sitamarhi,Bokhara,0,0,,221,10,1079,,81978.13188098712,108574895.39827529,0.0,0.0,79,0.0
10-207-01080,BIHAR,Madhubani,Madhwapur,0,0,,206,10,1080,,88808.76172423853,137557654.90878707,0.0,0.0,103,0.0
10-207-01081,BIHAR,Madhubani,Harlakhi,0,0,,206,10,1081,,90217.76640094945,187441757.00046396,0.0,0.0,138,0.0
10-207-01082,BIHAR,Madhubani,Basopatti,0,0,,206,10,1082,,97634.90682970545,164238774.4639331,0.0,0.0,122,0.0
10-207-01089,BIHAR,Madhubani,Khajauli,0,0,,206,10,1089,,91171.28062794723,150968724.81279027,0.0,0.0,108,0.0
10-207-01083,BIHAR,Madhubani,Jainagar,0,0,,206,10,1083,,81489.61423509955,161880108.8306139,0.0,0.0,115,0.0
10-207-01090,BIHAR,Madhubani,Kaluahi,0,0,,206,10,1090,,62305.281593423286,101560283.08963235,0.0,0.0,75,0.0
10-207-01084,BIHAR,Madhubani,Ladania,0,0,,206,10,1084,,97928.14946240213,232665607.5684243,0.0,0.0,164,0.0
10-207-01085,BIHAR,Madhubani,Laukaha,0,0,,206,10,1085,,102032.19667129294,266340932.00179368,0.0,0.0,197,0.0
10-207-01086,BIHAR,Madhubani,Laukahi,0,0,,206,10,1086,,109679.24973352649,329223432.564553,0.0,0.0,237,0.0
10-207-01087,BIHAR,Madhubani,Phulparas,0,0,,206,10,1087,,117974.41186319289,199352334.8677591,0.0,0.0,140,0.0
10-207-01088,BIHAR,Madhubani,Babubarhi,0,0,,206,10,1088,,118996.04641992833,237192379.86086744,0.0,0.0,174,0.0
10-207-01091,BIHAR,Madhubani,Benipatti,0,0,,206,10,1091,,128414.2409747215,328987645.9449377,0.0,0.0,231,0.0
10-207-01092,BIHAR,Madhubani,Bisfi,0,0,,206,10,1092,,99754.46134559005,226192948.413646,0.0,0.0,165,0.0
10-207-01093,BIHAR,Madhubani,Madhubani,0,0,,206,10,1093,,109764.71764889831,200359220.56727448,0.0,0.0,142,0.0
10-207-01094,BIHAR,Madhubani,Pandaul,0,0,,206,10,1094,,102372.75527307783,208327489.63825428,0.0,0.0,148,0.0
10-207-01096,BIHAR,Madhubani,Andhratharhi,0,0,,206,10,1096,,97300.5167595078,186769445.10608673,0.0,0.0,134,0.0
10-207-01097,BIHAR,Madhubani,Jhanjharpur,0,0,,206,10,1097,,125261.96837896874,181284371.95402232,0.0,0.0,132,0.0
10-207-01098,BIHAR,Madhubani,Ghoghardiha,0,0,,206,10,1098,,114215.40677637524,211228851.4219488,0.0,0.0,159,0.0
10-207-01099,BIHAR,Madhubani,Lakhnaur,0,0,,206,10,1099,,72956.74167609161,146945623.14022,0.0,0.0,110,0.0
10-207-01100,BIHAR,Madhubani,Madhepur,0,0,,206,10,1100,,144505.38034518834,300452948.5687113,0.0,0.0,212,0.0
10-208-01101,BIHAR,Supaul,Nirmali,0,0,,223,10,1101,,123310.21889922836,162734364.67066902,0.0,0.0,118,0.0
10-208-01102,BIHAR,Supaul,Basantpur,0,0,,223,10,1102,,136288.63693043106,319456339.75100917,0.0,0.0,228,0.0
10-208-01103,BIHAR,Supaul,Chhatapur,0,0,,223,10,1103,,142271.17176584958,398825687.2446475,0.0,0.0,285,0.0
10-208-01104,BIHAR,Supaul,Pratapganj,0,0,,223,10,1104,,71155.69013184242,133032565.19323792,0.0,0.0,97,0.0
10-208-01105,BIHAR,Supaul,Raghopur,0,0,,223,10,1105,,111831.20983491397,255841046.48838165,0.0,0.0,187,0.0
10-221-01285,BIHAR,Samastipur,Warisnagar,0,0,,217,10,1285,,90241.30323013186,163846086.5162723,0.0,0.0,120,0.0
10-208-01106,BIHAR,Supaul,Saraigarh Bhaptiyahi,0,0,,223,10,1106,,105489.5116383213,257042943.27229512,0.0,0.0,189,0.0
10-208-01107,BIHAR,Supaul,Kishanpur,0,0,,223,10,1107,,125516.73810076228,248613546.3002807,0.0,0.0,177,0.0
10-208-01108,BIHAR,Supaul,Marauna,0,0,,223,10,1108,,114969.59778192453,206419565.01179272,0.0,0.0,149,0.0
10-208-01109,BIHAR,Supaul,Supaul,0,0,,223,10,1109,,122628.008173687,390920691.5720901,0.0,0.0,287,0.0
10-208-01110,BIHAR,Supaul,Pipra,0,0,,223,10,1110,,113516.78657800167,247320462.25611627,0.0,0.0,181,0.0
10-221-01287,BIHAR,Samastipur,Khanpur,0,0,,217,10,1287,,89337.20668890505,173313349.37261373,0.0,0.0,127,0.0
10-208-01111,BIHAR,Supaul,Tribeniganj,0,0,,223,10,1111,,136684.8917573132,402291551.99740016,0.0,0.0,290,0.0
10-209-01112,BIHAR,Araria,Narpatganj,0,0,,188,10,1112,,196352.82868709194,482872068.7863751,0.0,0.0,351,0.0
10-209-01113,BIHAR,Araria,Forbesganj,0,0,,188,10,1113,,165874.55860340688,546946456.996027,0.0,0.0,392,0.0
10-209-01114,BIHAR,Araria,Bhargama,0,0,,188,10,1114,,140909.75235341018,280499778.1128878,0.0,0.0,206,0.0
10-209-01115,BIHAR,Araria,Raniganj,0,0,,188,10,1115,,160625.61646677545,576910744.770993,0.0,0.0,418,0.0
10-209-01116,BIHAR,Araria,Araria,0,0,,188,10,1116,,192057.15187743204,506918787.2643526,0.0,0.0,371,0.0
10-209-01117,BIHAR,Araria,Kursakatta,0,0,,188,10,1117,,96566.38525637137,201032230.408231,0.0,0.0,147,0.0
10-209-01118,BIHAR,Araria,Sikti,0,0,,188,10,1118,,116798.35346995249,237753016.2819182,0.0,0.0,177,0.0
10-209-01119,BIHAR,Araria,Palasi,0,0,,188,10,1119,,132578.70192307016,306240761.34804773,0.0,0.0,222,0.0
10-209-01120,BIHAR,Araria,Jokihat,0,0,,188,10,1120,,155370.9524619173,341005127.7602247,0.0,0.0,246,0.0
10-210-01121,BIHAR,Kishanganj,Terhagachh,0,0,,203,10,1121,,121953.02658094271,245208326.38245347,0.0,0.0,175,0.0
10-210-01122,BIHAR,Kishanganj,Dighalbank,0,0,,203,10,1122,,147432.83262190674,314385668.4331173,0.0,0.0,224,0.0
10-211-01129,BIHAR,Purnia,Barhara,0,0,,214,10,1129,,111073.17449432175,288009141.38478667,0.0,0.0,212,0.0
10-211-01130,BIHAR,Purnia,Bhawanipur,0,0,,214,10,1130,,116656.34435182877,201938838.4795833,0.0,0.0,147,0.0
10-211-01131,BIHAR,Purnia,Rupauli,0,0,,214,10,1131,,113946.660566684,308195114.8462847,0.0,0.0,227,0.0
10-211-01132,BIHAR,Purnia,Dhamdaha,0,0,,214,10,1132,,135370.01293426772,446856166.039676,0.0,0.0,326,0.0
10-211-01133,BIHAR,Purnia,Krityanand Nagar,0,0,,214,10,1133,,149407.41850079046,364443041.21247435,0.0,0.0,274,0.0
10-211-01134,BIHAR,Purnia,Purnia East,0,0,,214,10,1134,,127662.13358515713,309272824.56310594,0.0,0.0,228,0.0
10-211-01135,BIHAR,Purnia,Kasba,0,0,,214,10,1135,,130095.64608516233,215123054.3424731,0.0,0.0,154,0.0
10-211-01136,BIHAR,Purnia,Srinagar,0,0,,214,10,1136,,106220.57404900706,172405807.6412187,0.0,0.0,122,0.0
10-211-01137,BIHAR,Purnia,Jalalgarh,0,0,,214,10,1137,,87146.39992638786,142107808.6772385,0.0,0.0,102,0.0
10-211-01138,BIHAR,Purnia,Amour,0,0,,214,10,1138,,141371.93624621196,307011870.96961224,0.0,0.0,225,0.0
10-211-01139,BIHAR,Purnia,Baisa,0,0,,214,10,1139,,132173.35304950457,275191667.549805,0.0,0.0,197,0.0
10-211-01140,BIHAR,Purnia,Baisi,0,0,,214,10,1140,,118169.54825440844,253873549.02719215,0.0,0.0,187,0.0
10-211-01141,BIHAR,Purnia,Dagarua,0,0,,214,10,1141,,129309.28146976323,257465778.6329552,0.0,0.0,180,0.0
10-212-01142,BIHAR,Katihar,Falka,0,0,,201,10,1142,,100518.70580952488,208374539.8829749,0.0,0.0,150,0.0
10-212-01143,BIHAR,Katihar,Korha,0,0,,201,10,1143,,137118.64195203967,368801327.90483874,0.0,0.0,273,0.0
10-212-01144,BIHAR,Katihar,Hasanganj,0,0,,201,10,1144,,78227.29832785497,86155111.41022065,0.0,0.0,62,0.0
10-212-01145,BIHAR,Katihar,Kadwa,0,0,,201,10,1145,,157692.68144088247,420129854.10490626,0.0,0.0,307,0.0
10-212-01146,BIHAR,Katihar,Balrampur,0,0,,201,10,1146,,141815.18317465586,216253207.31133217,0.0,0.0,151,0.0
10-212-01147,BIHAR,Katihar,Barsoi,0,0,,201,10,1147,,172308.8160052511,357713388.6445612,0.0,0.0,261,0.0
10-212-01148,BIHAR,Katihar,Azamnagar,0,0,,201,10,1148,,141791.77759222616,349759708.1212404,0.0,0.0,253,0.0
10-221-01290,BIHAR,Samastipur,Tajpur,0,0,,217,10,1290,,57166.77792153786,83856612.1105223,0.0,0.0,61,0.0
10-212-01149,BIHAR,Katihar,Pranpur,0,0,,201,10,1149,,111803.70370561493,191475637.62126103,0.0,0.0,141,0.0
10-212-01150,BIHAR,Katihar,Dandkhora,0,0,,201,10,1150,,70987.07501110679,111201189.06340708,0.0,0.0,81,0.0
10-212-01151,BIHAR,Katihar,Katihar,0,0,,201,10,1151,,76845.81968857624,136830037.77828172,0.0,0.0,100,0.0
10-212-01152,BIHAR,Katihar,Mansahi,0,0,,201,10,1152,,73279.06289841712,97405011.1871763,0.0,0.0,73,0.0
10-212-01155,BIHAR,Katihar,Kursela,0,0,,201,10,1155,,80348.39413748268,153683091.52761996,0.0,0.0,117,0.0
10-212-01153,BIHAR,Katihar,Barari,0,0,,201,10,1153,,107333.93297446336,407446973.1478653,0.0,0.0,292,0.0
10-212-01154,BIHAR,Katihar,Sameli,0,0,,201,10,1154,,75105.36277909,118027198.2496544,0.0,0.0,81,0.0
10-212-01156,BIHAR,Katihar,Manihari,0,0,,201,10,1156,,130162.81635074862,303859830.4099729,0.0,0.0,221,0.0
10-212-01157,BIHAR,Katihar,Amdabad,0,0,,201,10,1157,,103742.71814675455,228302986.79665467,0.0,0.0,164,0.0
10-213-01158,BIHAR,Madhepura,Gamharia,0,0,,205,10,1158,,80141.00377515821,125479849.27382244,0.0,0.0,89,0.0
10-213-01160,BIHAR,Madhepura,Ghailarh,0,0,,205,10,1160,,78865.70647224285,116219722.2388165,0.0,0.0,83,0.0
10-213-01159,BIHAR,Madhepura,Singheshwar,0,0,,205,10,1159,,111627.30849980874,111167268.35246354,0.0,0.0,78,0.0
10-216-01210,BIHAR,Muzaffarpur,Bandra,0,0,,208,10,1210,,74293.85759884378,142020443.31484023,0.0,0.0,103,0.0
10-213-01161,BIHAR,Madhepura,Madhepura,0,0,,205,10,1161,,115084.47931226583,237801277.85767865,0.0,0.0,175,0.0
10-213-01162,BIHAR,Madhepura,Shankarpur,0,0,,205,10,1162,,63984.56408470212,128790837.874554,0.0,0.0,94,0.0
10-213-01163,BIHAR,Madhepura,Kumarkhand,0,0,,205,10,1163,,118191.24796123093,316976886.68211347,0.0,0.0,230,0.0
10-213-01164,BIHAR,Madhepura,Murliganj,0,0,,205,10,1164,,94211.11378994165,247086114.21145928,0.0,0.0,179,0.0
10-221-01293,BIHAR,Samastipur,Mohanpur,0,0,,217,10,1293,,74468.46489139357,163000016.77407515,0.0,0.0,120,0.0
10-213-01165,BIHAR,Madhepura,Gwalpara,0,0,,205,10,1165,,78037.2495556277,147267353.58482873,0.0,0.0,109,0.0
10-214-01172,BIHAR,Saharsa,Satar Kataiya,0,0,,216,10,1172,,77878.75925155886,177382280.64763528,0.0,0.0,130,0.0
10-213-01166,BIHAR,Madhepura,Bihariganj,0,0,,205,10,1166,,79669.40805645821,133818744.70956944,0.0,0.0,98,0.0
10-216-01211,BIHAR,Muzaffarpur,Dholi (Moraul),0,0,,208,10,1211,,63030.361633940505,73298422.6275262,0.0,0.0,50,0.0
10-213-01167,BIHAR,Madhepura,Kishanganj,0,0,,205,10,1167,,99817.47531025465,188055937.5971522,0.0,0.0,133,0.0
10-216-01212,BIHAR,Muzaffarpur,Musahri,0,0,,208,10,1212,,211487.75457487197,365415439.5943066,0.0,0.0,267,0.0
10-213-01168,BIHAR,Madhepura,Puraini,0,0,,205,10,1168,,63416.842365887525,103114850.3546553,0.0,0.0,76,0.0
10-214-01174,BIHAR,Saharsa,Kahara,0,0,,216,10,1174,,81070.16203244023,176788302.3737116,0.0,0.0,128,0.0
10-213-01169,BIHAR,Madhepura,Alamnagar,0,0,,205,10,1169,,94357.42058114092,211989804.11375904,0.0,0.0,151,0.0
10-213-01170,BIHAR,Madhepura,Chausa,0,0,,205,10,1170,,87285.75133964,172516848.53860697,0.0,0.0,124,0.0
10-214-01171,BIHAR,Saharsa,Nauhatta,0,0,,216,10,1171,,93228.84620468391,212763144.21707585,0.0,0.0,151,0.0
10-217-01227,BIHAR,Gopalganj,Sidhwalia,0,0,,197,10,1227,,69457.48217743407,152022198.31601515,0.0,0.0,109,0.0
10-214-01173,BIHAR,Saharsa,Mahishi,0,0,,216,10,1173,,106372.46434789852,273075178.2794974,0.0,0.0,195,0.0
10-214-01175,BIHAR,Saharsa,Saur Bazar,0,0,,216,10,1175,,88121.22998090234,233228921.9025612,0.0,0.0,171,0.0
10-214-01176,BIHAR,Saharsa,Patarghat,0,0,,216,10,1176,,67497.21582029684,149681422.04156074,0.0,0.0,105,0.0
10-214-01177,BIHAR,Saharsa,Sonbarsa,0,0,,216,10,1177,,90185.02153799882,263952116.041209,0.0,0.0,193,0.0
10-216-01199,BIHAR,Muzaffarpur,Sahebganj,0,0,,208,10,1199,,80060.99972290538,253055918.70266867,0.0,0.0,189,0.0
10-214-01178,BIHAR,Saharsa,Simri Bakhtiarpur,0,0,,216,10,1178,,119116.35548129058,266466354.66217396,0.0,0.0,194,0.0
10-214-01179,BIHAR,Saharsa,Salkhua,0,0,,216,10,1179,,82412.26684571667,221182533.93573853,0.0,0.0,163,0.0
10-214-01180,BIHAR,Saharsa,Banma Itahri,0,0,,216,10,1180,,54286.501575749484,92822449.4552088,0.0,0.0,68,0.0
10-215-01181,BIHAR,Darbhanga,Jale,0,0,,195,10,1181,,112473.57051363293,234172285.01568127,0.0,0.0,171,0.0
10-215-01182,BIHAR,Darbhanga,Singhwara,0,0,,195,10,1182,,121368.62688362494,223279889.67870736,0.0,0.0,162,0.0
10-215-01183,BIHAR,Darbhanga,Keotiranway,0,0,,195,10,1183,,89515.08566239705,180205403.4644349,0.0,0.0,131,0.0
10-215-01184,BIHAR,Darbhanga,Darbhanga,0,0,,195,10,1184,,131883.04966973627,240721362.1475316,0.0,0.0,174,0.0
10-215-01185,BIHAR,Darbhanga,Manigachhi,0,0,,195,10,1185,,96856.01003306538,158887287.31255177,0.0,0.0,114,0.0
10-215-01186,BIHAR,Darbhanga,Tardih,0,0,,195,10,1186,,96398.42232606321,109520018.96976715,0.0,0.0,79,0.0
10-215-01187,BIHAR,Darbhanga,Alinagar,0,0,,195,10,1187,,105560.56246873255,146523357.5416611,0.0,0.0,105,0.0
10-215-01188,BIHAR,Darbhanga,Benipur,0,0,,195,10,1188,,118482.30854716274,204643530.87647069,0.0,0.0,150,0.0
10-215-01189,BIHAR,Darbhanga,Bahadurpur,0,0,,195,10,1189,,155637.00049509996,221161760.4253616,0.0,0.0,158,0.0
10-215-01190,BIHAR,Darbhanga,Hanumannagar,0,0,,195,10,1190,,114393.83215098479,181536916.32106537,0.0,0.0,130,0.0
10-215-01191,BIHAR,Darbhanga,Hayaghat,0,0,,195,10,1191,,66118.49929402806,108810529.75916524,0.0,0.0,77,0.0
10-215-01192,BIHAR,Darbhanga,Baheri,0,0,,195,10,1192,,128629.1579498372,271307286.95794886,0.0,0.0,195,0.0
10-215-01193,BIHAR,Darbhanga,Biraul,0,0,,195,10,1193,,135706.32971678255,230203939.26841983,0.0,0.0,167,0.0
10-215-01194,BIHAR,Darbhanga,Ghanshyampur,0,0,,195,10,1194,,76766.91373126305,103945643.9979024,0.0,0.0,78,0.0
10-215-01195,BIHAR,Darbhanga,Kiratpur,0,0,,195,10,1195,,78793.19278562842,78915927.53877336,0.0,0.0,60,0.0
10-215-01196,BIHAR,Darbhanga,Gora Bauram,0,0,,195,10,1196,,99804.03366816713,145653476.81698695,0.0,0.0,104,0.0
10-215-01197,BIHAR,Darbhanga,Kusheshwar Asthan,0,0,,195,10,1197,,87220.16498537568,144130520.9401011,0.0,0.0,107,0.0
10-215-01198,BIHAR,Darbhanga,Kusheshwar Asthan Purbi,0,0,,195,10,1198,,91858.86035222423,150084285.43545517,0.0,0.0,112,0.0
10-216-01200,BIHAR,Muzaffarpur,Baruraj (Motipur),0,0,,208,10,1200,,125110.13599018812,365259305.4740948,0.0,0.0,263,0.0
10-216-01201,BIHAR,Muzaffarpur,Paroo,0,0,,208,10,1201,,136934.87791145188,413033977.3448192,0.0,0.0,295,0.0
10-216-01202,BIHAR,Muzaffarpur,Saraiya,0,0,,208,10,1202,,155820.80051537574,301402655.1404849,0.0,0.0,218,0.0
10-216-01203,BIHAR,Muzaffarpur,Marwan,0,0,,208,10,1203,,84959.92762229654,138736310.53842777,0.0,0.0,101,0.0
10-216-01204,BIHAR,Muzaffarpur,Kanti,0,0,,208,10,1204,,97122.90469976026,124757584.36625764,0.0,0.0,91,0.0
10-216-01205,BIHAR,Muzaffarpur,Minapur,0,0,,208,10,1205,,166218.11946715685,316124209.98756105,0.0,0.0,228,0.0
10-216-01206,BIHAR,Muzaffarpur,Bochaha,0,0,,208,10,1206,,126044.68100944142,233148755.94160384,0.0,0.0,167,0.0
10-216-01207,BIHAR,Muzaffarpur,Aurai,0,0,,208,10,1207,,101267.16719990574,247748190.77792475,0.0,0.0,177,0.0
10-216-01208,BIHAR,Muzaffarpur,Katra,0,0,,208,10,1208,,118891.9342746819,235108975.17115793,0.0,0.0,171,0.0
10-216-01209,BIHAR,Muzaffarpur,Gaighat,0,0,,208,10,1209,,111008.49869520529,259762671.68662548,0.0,0.0,191,0.0
10-216-01213,BIHAR,Muzaffarpur,Kurhani,0,0,,208,10,1213,,108106.10574110712,256354911.2077163,0.0,0.0,187,0.0
10-216-01214,BIHAR,Muzaffarpur,Sakra,0,0,,208,10,1214,,105121.4777371614,236360031.18726787,0.0,0.0,175,0.0
10-217-01215,BIHAR,Gopalganj,Katiya,0,0,,197,10,1215,,94755.55253264701,158441587.458013,0.0005630235345458985,0.00044237563428606313,112,0.04954607104003907
10-217-01216,BIHAR,Gopalganj,Bijaipur,0,0,,197,10,1216,,81309.59717969262,163112176.36717936,0.0005630235345458985,0.0005630235345458985,120,0.06756282414550782
10-217-01217,BIHAR,Gopalganj,Bhorey,0,0,,197,10,1217,,78790.65552761848,196013266.46535653,0.0005630235345458985,0.0002932414242426555,144,0.04222676509094239
10-217-01218,BIHAR,Gopalganj,Pach Deuri,0,0,,197,10,1218,,53698.212932643866,118295317.11973979,0.0,0.0,85,0.0
10-217-01219,BIHAR,Gopalganj,Kuchaikote,0,0,,197,10,1219,,101077.28158428885,316078491.04748106,0.0,0.0,226,0.0
10-217-01220,BIHAR,Gopalganj,Phulwaria,0,0,,197,10,1220,,81339.22200232239,118763292.85091434,0.0,0.0,89,0.0
10-217-01221,BIHAR,Gopalganj,Hathua,0,0,,197,10,1221,,91546.96202775641,183613061.83342972,0.0007405029954528809,0.0004897815088034803,127,0.06220225161804199
10-217-01222,BIHAR,Gopalganj,Uchkagaon,0,0,,197,10,1222,,80102.93001981139,142235093.67043933,0.0007405029954528809,4.890114120915251e-05,106,0.005183520968170166
10-217-01223,BIHAR,Gopalganj,Thawe,0,0,,197,10,1223,,57244.55575246375,89300191.60424533,0.0007405029954528809,1.1570359303951264e-05,64,0.0007405029954528809
10-217-01224,BIHAR,Gopalganj,Gopalganj,0,0,,197,10,1224,,110313.13172782106,244420793.60160467,0.0,0.0,182,0.0
10-218-01232,BIHAR,Siwan,Goriakothi,0,0,,222,10,1232,,73201.39147651673,174963939.23516312,0.0,0.0,127,0.0
10-217-01225,BIHAR,Gopalganj,Manjha,0,0,,197,10,1225,,80242.78538873792,179389027.9828925,0.0,0.0,131,0.0
10-217-01226,BIHAR,Gopalganj,Barauli,0,0,,197,10,1226,,105754.79057670098,232227972.12586737,0.0,0.0,170,0.0
10-217-01228,BIHAR,Gopalganj,Baikunthpur,0,0,,197,10,1228,,97825.58906166903,256614409.24172768,0.0,0.0,185,0.0
10-218-01229,BIHAR,Siwan,Nautan,0,0,,222,10,1229,,58324.35348563096,81827813.66620097,0.0007405029954528809,0.000740502995452881,58,0.042949173736267096
10-218-01230,BIHAR,Siwan,Siwan,0,0,,222,10,1230,,92599.06904644772,168879532.28230655,0.0007405029954528809,0.0006777485043128064,118,0.07997432350891115
10-218-01235,BIHAR,Siwan,Bhagwanpur Hat,0,0,,222,10,1235,,86430.4184146014,189582799.91524476,0.0008819899388504028,0.00014060709170078884,138,0.01940377865470886
10-218-01231,BIHAR,Siwan,Barharia,0,0,,222,10,1231,,90315.6629531122,219606934.01516393,0.0007405029954528809,1.3884431164741518e-05,160,0.002221508986358643
10-218-01233,BIHAR,Siwan,Lakri Nabiganj,0,0,,222,10,1233,,79648.98713303795,120773104.6039552,0.0,0.0,88,0.0
10-218-01234,BIHAR,Siwan,Basantpur,0,0,,222,10,1234,,57871.378293950496,76675463.02480637,0.0,0.0,56,0.0
10-218-01236,BIHAR,Siwan,Maharajganj,0,0,,222,10,1236,,119387.58843212528,142817377.5161484,0.0008819899388504028,0.0003339573554870457,103,0.03439760761516571
10-218-01237,BIHAR,Siwan,Pachrukhi,0,0,,222,10,1237,,99183.2392802834,160709761.40986398,0.0007405029954528809,3.164542715610602e-05,117,0.0037025149772644044
10-218-01238,BIHAR,Siwan,Hussainganj,0,0,,222,10,1238,,68784.84800107122,105975934.30464326,0.00078442346824646,0.0006628226971765467,74,0.04904887959106446
10-218-01239,BIHAR,Siwan,Ziradei,0,0,,222,10,1239,,98825.50869312549,152221780.48504183,0.00078442346824646,0.0007408986753879583,111,0.08223975296806336
10-218-01240,BIHAR,Siwan,Mairwa,0,0,,222,10,1240,,65279.2242200428,88898123.37504825,0.0007405029954528809,0.0007371411120328037,66,0.04865131339416504
10-218-01242,BIHAR,Siwan,Darauli,0,0,,222,10,1242,,90305.00161970501,214758375.6239279,0.00078442346824646,0.0007431298574135073,155,0.11518512789909363
10-218-01241,BIHAR,Siwan,Guthani,0,0,,222,10,1241,,78778.78773845347,115110806.99004474,0.0007405029954528809,0.0006719533725459402,82,0.05510017654876709
10-219-01248,BIHAR,Saran,Mashrakh,0,0,,218,10,1248,,82075.7710341599,165898243.02109933,0.0,0.0,121,0.0
10-218-01243,BIHAR,Siwan,Andar,0,0,,222,10,1243,,83358.60866933218,125625010.62434034,0.00078442346824646,0.0007793751380403015,87,0.06780563700950623
10-219-01249,BIHAR,Saran,Panapur,0,0,,218,10,1249,,75875.09329534958,182360909.7404776,0.0,0.0,128,0.0
10-218-01244,BIHAR,Siwan,Raghunathpur,0,0,,222,10,1244,,87824.68008836384,193566358.3438411,0.00078442346824646,0.0007844234682464599,143,0.11217255595924376
10-219-01250,BIHAR,Saran,Taraiya,0,0,,218,10,1250,,53629.0613522338,97307015.09151264,0.0,0.0,74,0.0
10-218-01245,BIHAR,Siwan,Hasanpura,0,0,,222,10,1245,,82786.09108287447,121956119.03175904,0.0008819899388504028,0.0008202205217234293,87,0.07135918538993835
10-219-01251,BIHAR,Saran,Ishupur,0,0,,218,10,1251,,62425.60798229613,109300191.56908256,0.0,0.0,76,0.0
10-218-01246,BIHAR,Siwan,Daraundha,0,0,,222,10,1246,,105400.53795370483,157911066.26165873,0.0008819899388504028,0.0007669477729133936,115,0.08819899388504027
10-219-01256,BIHAR,Saran,Jalalpur,0,0,,218,10,1256,,65042.73641147566,147549697.72689733,0.0009603375548553467,0.0003788061601728763,106,0.040153452978324886
10-218-01247,BIHAR,Siwan,Siswan,0,0,,222,10,1247,,98184.39847010886,155554872.77293277,0.0008819899388504028,0.0008529836908330144,111,0.0946811896824646
10-219-01259,BIHAR,Saran,Nagra,0,0,,218,10,1259,,43289.948409307304,65110006.46242106,0.0009603375548553467,0.00040865427866184967,47,0.019206751097106935
10-219-01252,BIHAR,Saran,Baniapur,0,0,,218,10,1252,,89199.8841803021,219417775.87250236,0.0008819899388504028,2.1643924879764486e-05,163,0.0035279597554016113
10-219-01253,BIHAR,Saran,Lahladpur,0,0,,218,10,1253,,49287.19248841685,70233795.44130237,0.0008819899388504028,0.0004762745669792175,50,0.023813728348960873
10-219-01254,BIHAR,Saran,Ekma,0,0,,218,10,1254,,99716.17236158185,176114988.01319405,0.0008819899388504028,0.0008819899388504028,128,0.11289471217285156
10-219-01255,BIHAR,Saran,Manjhi,0,0,,218,10,1255,,127085.43562979231,244607530.98349065,0.0009363084612655641,0.0008891607775046031,180,0.16004893995082856
10-219-01257,BIHAR,Saran,Revelganj,0,0,,218,10,1257,,84877.1419542779,179359801.45379385,0.0009603375548553467,0.0009584152273681642,125,0.11980190342102053
10-219-01258,BIHAR,Saran,Chapra,0,0,,218,10,1258,,119729.94798472138,239470568.44351175,0.0009603375548553467,0.0009003164576768877,176,0.15845569655113223
10-219-01260,BIHAR,Saran,Marhaura,0,0,,218,10,1260,,87240.95030017926,190752130.05196184,0.0009603375548553467,2.8039052696506474e-05,137,0.0038413502194213868
10-219-01261,BIHAR,Saran,Amnour,0,0,,218,10,1261,,94922.90618840617,160109081.4065653,0.0009603375548553467,1.6276907709412657e-05,118,0.0019206751097106934
10-219-01263,BIHAR,Saran,Parsa,0,0,,218,10,1263,,85595.91054800974,122749042.93573296,0.0,0.0,88,0.0
10-219-01266,BIHAR,Saran,Dighwara,0,0,,218,10,1266,,81943.45164265168,101347015.6655549,0.0,0.0,72,0.0
10-219-01264,BIHAR,Saran,Dariapur,0,0,,218,10,1264,,115477.27251924115,281302380.67878103,0.0,0.0,202,0.0
10-219-01265,BIHAR,Saran,Garkha,0,0,,218,10,1265,,90147.74693968748,213336409.9887166,0.0009603375548553467,0.0004926406937244961,154,0.07586666683357239
10-220-01269,BIHAR,Vaishali,Paterhi Belsar,0,0,,224,10,1269,,56227.36197278124,93522597.26160131,0.0,0.0,69,0.0
10-219-01267,BIHAR,Saran,Sonepur,0,0,,218,10,1267,,70412.64000247594,214865144.18564072,0.0,0.0,162,0.0
10-220-01268,BIHAR,Vaishali,Vaishali,0,0,,224,10,1268,,72706.90824879723,158663399.21103516,0.0,0.0,114,0.0
10-220-01270,BIHAR,Vaishali,Lalganj,0,0,,224,10,1270,,89595.71916906572,184177988.41986412,0.0,0.0,133,0.0
10-221-01294,BIHAR,Samastipur,Mohiuddinagar,0,0,,217,10,1294,,80607.53716768604,178536106.2701614,0.0,0.0,130,0.0
10-220-01271,BIHAR,Vaishali,Bhagwanpur,0,0,,224,10,1271,,98965.72708266653,142473218.81446454,0.0,0.0,102,0.0
10-220-01272,BIHAR,Vaishali,Goraul,0,0,,224,10,1272,,101989.77906286377,122446101.92943335,0.0,0.0,87,0.0
10-220-01273,BIHAR,Vaishali,Chehra Kalan,0,0,,224,10,1273,,63204.34388206024,89818122.94593617,0.0,0.0,66,0.0
10-220-01277,BIHAR,Vaishali,Raja Pakar,0,0,,224,10,1277,,58946.08844196175,93673217.82917874,0.0,0.0,72,0.0
10-220-01274,BIHAR,Vaishali,Patepur,0,0,,224,10,1274,,118180.33822078991,317029999.71255994,0.0,0.0,234,0.0
10-220-01275,BIHAR,Vaishali,Mahua,0,0,,224,10,1275,,86273.82517515696,171155586.12447235,0.0,0.0,125,0.0
10-220-01276,BIHAR,Vaishali,Jandaha,0,0,,224,10,1276,,99044.76663725945,179891527.10359335,0.0,0.0,128,0.0
10-220-01278,BIHAR,Vaishali,Hajipur,0,0,,224,10,1278,,80048.24731377292,194916759.16986817,0.0,0.0,140,0.0
10-220-01280,BIHAR,Vaishali,Bidupur,0,0,,224,10,1280,,88122.3198685409,139375575.9420912,0.0,0.0,99,0.0
10-220-01279,BIHAR,Vaishali,Raghopur,0,0,,224,10,1279,,128641.49950069311,338499790.0832371,0.0,0.0,246,0.0
10-220-01281,BIHAR,Vaishali,Desri,0,0,,224,10,1281,,50183.809114488824,56627949.53624974,0.0,0.0,43,0.0
10-221-01284,BIHAR,Samastipur,Kalyanpur,0,0,,217,10,1284,,147387.26660455638,294821482.9966942,0.0,0.0,214,0.0
10-221-01286,BIHAR,Samastipur,Shivaji Nagar,0,0,,217,10,1286,,96209.25031894707,172333979.18990555,0.0,0.0,130,0.0
10-221-01288,BIHAR,Samastipur,Samastipur,0,0,,217,10,1288,,112474.97484539819,170577777.20953664,0.0,0.0,123,0.0
10-221-01289,BIHAR,Samastipur,Pusa,0,0,,217,10,1289,,64081.7615729533,95008289.7510354,0.0,0.0,65,0.0
10-221-01291,BIHAR,Samastipur,Morwa,0,0,,217,10,1291,,104551.97847793197,152111293.7773472,0.0,0.0,106,0.0
10-221-01292,BIHAR,Samastipur,Patori,0,0,,217,10,1292,,69422.25062895294,130638318.44440164,0.0,0.0,93,0.0
10-221-01295,BIHAR,Samastipur,Sarairanjan,0,0,,217,10,1295,,96463.23467310029,185572344.2706523,0.0,0.0,145,0.0
10-221-01296,BIHAR,Samastipur,Vidyapati Nagar,0,0,,217,10,1296,,62930.2690484309,106322816.42401849,0.0,0.0,75,0.0
10-221-01297,BIHAR,Samastipur,Dalsinghsarai,0,0,,217,10,1297,,80515.23552986495,118201268.21451648,0.0,0.0,89,0.0
10-221-01298,BIHAR,Samastipur,Ujiarpur,0,0,,217,10,1298,,81756.09445970641,209497824.1015558,0.0,0.0,149,0.0
10-221-01300,BIHAR,Samastipur,Rosera,0,0,,217,10,1300,,84599.34785899956,138535375.895554,0.0,0.0,97,0.0
10-221-01299,BIHAR,Samastipur,Bibhutpur,0,0,,217,10,1299,,96600.53522783429,258332531.194082,0.0,0.0,187,0.0
10-221-01301,BIHAR,Samastipur,Singhia,0,0,,217,10,1301,,76055.88015393679,178639507.67998633,0.0,0.0,128,0.0
10-222-01307,BIHAR,Begusarai,Cheria Bariarpur,0,0,,191,10,1307,,80422.0696045629,127840547.1243011,0.0,0.0,89,0.0
10-221-01302,BIHAR,Samastipur,Hasanpur,0,0,,217,10,1302,,122795.93417076243,188091095.39019313,0.0,0.0,138,0.0
10-221-01303,BIHAR,Samastipur,Bithan,0,0,,217,10,1303,,72838.55780104545,149849875.79630712,0.0,0.0,109,0.0
10-222-01304,BIHAR,Begusarai,Khudabandpur,0,0,,191,10,1304,,49522.71992212785,59617610.47663844,0.0,0.0,39,0.0
10-222-01305,BIHAR,Begusarai,Chhorahi,0,0,,191,10,1305,,96201.09768359947,128309829.49376953,0.0,0.0,94,0.0
10-222-01306,BIHAR,Begusarai,Garhpura,0,0,,191,10,1306,,69581.28073662621,88651595.91159394,0.0,0.0,68,0.0
10-222-01308,BIHAR,Begusarai,Bhagwanpur,0,0,,191,10,1308,,102620.52088176137,147276258.21886113,0.0,0.0,106,0.0
10-223-01324,BIHAR,Khagaria,Mansi,0,0,,202,10,1324,,70720.37786012898,86151878.56106131,0.0,0.0,69,0.0
10-222-01309,BIHAR,Begusarai,Mansurchak,0,0,,191,10,1309,,55538.61039021854,42158333.283958256,0.0,0.0,31,0.0
10-224-01333,BIHAR,Bhagalpur,Rangra Chowk,0,0,,192,10,1333,,56200.86409227388,97946271.45940188,0.0,0.0,71,0.0
10-222-01310,BIHAR,Begusarai,Bachhwara,0,0,,191,10,1310,,112893.55520851951,186501763.14040864,0.0,0.0,138,0.0
10-222-01311,BIHAR,Begusarai,Teghra,0,0,,191,10,1311,,93442.93751421869,180050069.66821858,0.0,0.0,129,0.0
10-222-01312,BIHAR,Begusarai,Barauni,0,0,,191,10,1312,,90573.71511882372,141812926.41245717,0.0,0.0,102,0.0
10-222-01313,BIHAR,Begusarai,Birpur,0,0,,191,10,1313,,69057.86510087451,64693086.30641256,0.0,0.0,53,0.0
10-222-01314,BIHAR,Begusarai,Begusarai,0,0,,191,10,1314,,114572.02827886646,273941103.5239774,0.0,0.0,200,0.0
10-222-01315,BIHAR,Begusarai,Naokothi,0,0,,191,10,1315,,61794.845266753924,91575422.87048158,0.0,0.0,64,0.0
10-222-01316,BIHAR,Begusarai,Bakhri,0,0,,191,10,1316,,74902.13049058078,94921186.04856166,0.0,0.0,66,0.0
10-222-01317,BIHAR,Begusarai,Dandari,0,0,,191,10,1317,,77075.31892237118,85364223.36403492,0.0,0.0,65,0.0
10-222-01318,BIHAR,Begusarai,Sahebpur Kamal,0,0,,191,10,1318,,97820.3506924087,179327758.1582562,0.0,0.0,131,0.0
10-222-01319,BIHAR,Begusarai,Balia,0,0,,191,10,1319,,95726.56851828664,181873531.04775092,0.0,0.0,133,0.0
10-222-01320,BIHAR,Begusarai,Matihani,0,0,,191,10,1320,,104199.58891726227,214311339.790948,0.0,0.0,157,0.0
10-222-01321,BIHAR,Begusarai,Shamho Akha Kurha,0,0,,191,10,1321,,47884.70174269599,82130306.58899558,0.0,0.0,58,0.0
10-223-01322,BIHAR,Khagaria,Alauli,0,0,,202,10,1322,,117176.16085281859,337532903.06560946,0.0,0.0,244,0.0
10-223-01323,BIHAR,Khagaria,Khagaria,0,0,,202,10,1323,,164255.4907534744,325761754.1557925,0.0,0.0,229,0.0
10-223-01325,BIHAR,Khagaria,Chautham,0,0,,202,10,1325,,88833.5659059585,205164632.7891582,0.0,0.0,148,0.0
10-228-01376,BIHAR,Sheikhpura,Chewara,0,0,,219,10,1376,,77279.14911837938,141385828.1075451,0.0007235898604583741,0.0007208636115783396,103,0.07424895199256898
10-223-01326,BIHAR,Khagaria,Beldaur,0,0,,202,10,1326,,101449.44415348554,276820454.1841197,0.0,0.0,203,0.0
10-223-01327,BIHAR,Khagaria,Gogri,0,0,,202,10,1327,,109725.85953588395,321971045.3784509,0.0,0.0,231,0.0
10-223-01328,BIHAR,Khagaria,Parbatta,0,0,,202,10,1328,,89952.53209418767,286770838.53234714,0.0,0.0,215,0.0
10-224-01329,BIHAR,Bhagalpur,Narayanpur,0,0,,192,10,1329,,96964.50839109154,173637043.38008544,0.0,0.0,125,0.0
10-224-01330,BIHAR,Bhagalpur,Bihpur,0,0,,192,10,1330,,98960.16392998041,189427956.2070791,0.0,0.0,141,0.0
10-234-01472,BIHAR,Rohtas,Akorhi Gola,0,0,,215,10,1472,,71741.57946050014,124356844.03544964,0.0006823085333251954,0.0006823085333251953,94,0.06413700213256836
10-224-01331,BIHAR,Bhagalpur,Kharik,0,0,,192,10,1331,,103106.05203500649,169292223.68779984,0.0,0.0,125,0.0
10-224-01332,BIHAR,Bhagalpur,Naugachhia,0,0,,192,10,1332,,91833.23423872421,134223697.96961665,0.0,0.0,95,0.0
10-224-01335,BIHAR,Bhagalpur,Pirpainti,0,0,,192,10,1335,,138631.2255747686,411429376.6216011,0.0,0.0,294,0.0
10-224-01336,BIHAR,Bhagalpur,Kahalgaon,0,0,,192,10,1336,,128722.99744742387,352186242.20537144,0.0,0.0,255,0.0
10-224-01337,BIHAR,Bhagalpur,Ismailpur,0,0,,192,10,1337,,66332.03197363381,102752037.41138108,0.0,0.0,75,0.0
10-224-01338,BIHAR,Bhagalpur,Sabour,0,0,,192,10,1338,,85492.0541239663,141198925.34276122,0.0,0.0,102,0.0
10-226-01359,BIHAR,Munger,Dharhara,0,0,,207,10,1359,,105188.90103685112,355220468.750446,0.0,0.0,262,0.0
10-224-01339,BIHAR,Bhagalpur,Nathnagar,0,0,,192,10,1339,,105259.93673308079,163498377.60317266,0.0,0.0,117,0.0
10-226-01360,BIHAR,Munger,Kharagpur,0,0,,207,10,1360,,169586.30903503796,398589433.5102216,0.0,0.0,291,0.0
10-224-01340,BIHAR,Bhagalpur,Sultanganj,0,0,,192,10,1340,,139861.1879796442,266407467.3450057,0.0,0.0,198,0.0
10-224-01341,BIHAR,Bhagalpur,Shahkund,0,0,,192,10,1341,,93276.90256650816,208798734.37786233,0.0,0.0,153,0.0
10-224-01342,BIHAR,Bhagalpur,Goradih,0,0,,192,10,1342,,106918.08891287447,178026414.43832883,0.0,0.0,128,0.0
10-224-01343,BIHAR,Bhagalpur,Jagdishpur,0,0,,192,10,1343,,107045.71303668506,127447147.46016994,0.0,0.0,95,0.0
10-224-01344,BIHAR,Bhagalpur,Sonhaula,0,0,,192,10,1344,,84463.86530366821,214425428.57327408,0.0,0.0,160,0.0
10-225-01345,BIHAR,Banka,Shambhuganj,0,0,,190,10,1345,,85765.27415008907,217970788.89652416,0.0,0.0,157,0.0
10-225-01346,BIHAR,Banka,Amarpur,0,0,,190,10,1346,,98000.87839154692,234663534.19316816,0.0,0.0,176,0.0
10-225-01347,BIHAR,Banka,Rajaun,0,0,,190,10,1347,,86718.04358754268,242814641.5593075,0.0,0.0,179,0.0
10-226-01363,BIHAR,Munger,Tetiha Bambor,0,0,,207,10,1363,,73286.15332623897,95190725.80042528,0.0,0.0,70,0.0
10-225-01348,BIHAR,Banka,Dhuraiya,0,0,,190,10,1348,,106681.6377356153,285703540.38620996,0.0,0.0,208,0.0
10-225-01349,BIHAR,Banka,Barahat,0,0,,190,10,1349,,122910.23058217819,181202001.14064544,0.0,0.0,129,0.0
10-225-01350,BIHAR,Banka,Banka,0,0,,190,10,1350,,137083.07375503817,365153241.48788345,0.0,0.0,275,0.0
10-225-01351,BIHAR,Banka,Phulidumar,0,0,,190,10,1351,,117105.67306472127,248400685.45023423,0.0,0.0,176,0.0
10-225-01352,BIHAR,Banka,Belhar,0,0,,190,10,1352,,118426.40149548957,290570448.277483,0.0007335075185012817,7.540731498611307e-05,214,0.016137165407028198
10-225-01353,BIHAR,Banka,Chanan,0,0,,190,10,1353,,169565.08902723462,550876204.0147796,0.0008284004168701172,0.00040475994756334173,403,0.16311825886802672
10-225-01354,BIHAR,Banka,Katoria,0,0,,190,10,1354,,180268.89530762268,687665367.2781417,0.0008284004168701172,7.095860144504989e-05,502,0.03562121792541504
10-225-01355,BIHAR,Banka,Bausi,0,0,,190,10,1355,,109314.78149810205,385846183.7170387,0.0,0.0,284,0.0
10-226-01356,BIHAR,Munger,Munger,0,0,,207,10,1356,,162390.1628928388,306519605.49277806,0.0,0.0,227,0.0
10-226-01357,BIHAR,Munger,Bariarpur,0,0,,207,10,1357,,122433.4478606843,198040113.63802013,0.0,0.0,143,0.0
10-226-01358,BIHAR,Munger,Jamalpur,0,0,,207,10,1358,,72817.19566814511,112971204.64248075,0.0,0.0,79,0.0
10-226-01361,BIHAR,Munger,Asarganj,0,0,,207,10,1361,,61173.52838786665,72491453.98190036,0.0,0.0,52,0.0
10-226-01362,BIHAR,Munger,Tarapur,0,0,,207,10,1362,,54416.57713098438,86962445.68425661,0.0,0.0,62,0.0
10-226-01364,BIHAR,Munger,Sangrampur,0,0,,207,10,1364,,71205.18318302365,105786037.21986651,0.0,0.0,80,0.0
10-227-01366,BIHAR,Lakhisarai,Pipariya,0,0,,204,10,1366,,87968.2901826016,106258171.87143916,0.0,0.0,76,0.0
10-227-01365,BIHAR,Lakhisarai,Barahiya,0,0,,204,10,1365,,95965.48426593257,248505135.43154767,0.0,0.0,179,0.0
10-227-01367,BIHAR,Lakhisarai,Surajgarha,0,0,,204,10,1367,,140312.1609931406,462726462.37366486,0.0007419105353546143,9.819404144399307e-05,340,0.03338597409095764
10-227-01368,BIHAR,Lakhisarai,Lakhisarai,0,0,,204,10,1368,,117670.76745524361,181316338.94823277,0.0007419105353546143,7.658060203839067e-05,133,0.01018522007110596
10-227-01369,BIHAR,Lakhisarai,Chanan*,0,0,,204,10,1369,,86014.87070350182,177670731.10250506,0.0007419105353546143,0.0006028023099756241,128,0.07715869567687988
10-228-01375,BIHAR,Sheikhpura,Ghat Kusumbha,0,0,,219,10,1375,,80592.24583619394,99088070.68237934,0.0,0.0,70,0.0
10-227-01370,BIHAR,Lakhisarai,Ramgarh Chowk,0,0,,204,10,1370,,98990.57354622113,128567389.13844268,0.0007419105353546143,0.0006718494179120979,94,0.0631538452837372
10-227-01371,BIHAR,Lakhisarai,Halsi,0,0,,204,10,1371,,82594.8188222393,191441208.6304817,0.0007419105353546143,0.0007243806809574924,139,0.10068891465309145
10-228-01372,BIHAR,Sheikhpura,Barbigha,0,0,,219,10,1372,,83879.7675047183,115941853.486741,0.0,0.0,81,0.0
10-228-01373,BIHAR,Sheikhpura,Shekhopur Sarai,0,0,,219,10,1373,,59774.96229914819,65955650.61796794,0.0007348017782592774,0.0002732940362548828,45,0.012298231631469727
10-228-01374,BIHAR,Sheikhpura,Sheikhpura,0,0,,219,10,1374,,119718.3677454689,225551054.81458032,0.0007235898604583741,0.0001681810020352532,170,0.028590770345993045
10-228-01377,BIHAR,Sheikhpura,Ariari,0,0,,219,10,1377,,87552.5859976097,183445963.63454768,0.0007235898604583741,0.0006774724752066954,137,0.09281372910331727
10-229-01378,BIHAR,Nalanda,Karai Parsurai,0,0,,209,10,1378,,58523.47447411047,82148146.79064696,0.0006365398988342285,0.00028644295447540283,60,0.01718657726852417
10-229-01379,BIHAR,Nalanda,Nagar Nausa,0,0,,209,10,1379,,82570.35159490984,108015836.82811198,0.000663686570892334,0.00030371378554916375,80,0.024297102843933098
10-229-01380,BIHAR,Nalanda,Harnaut,0,0,,209,10,1380,,124869.90123154312,224385440.0517296,0.000663686570892334,0.00023084750291907271,161,0.037166447969970706
10-229-01381,BIHAR,Nalanda,Chandi,0,0,,209,10,1381,,70527.81459673235,147156102.481168,0.000663686570892334,0.0006088867622865449,109,0.0663686570892334
10-229-01382,BIHAR,Nalanda,Rahui,0,0,,209,10,1382,,77076.6108369453,152249665.90613127,0.000663686570892334,0.0006391055867852106,108,0.06902340337280274
10-229-01383,BIHAR,Nalanda,Bind,0,0,,209,10,1383,,70364.80140905235,88091657.81671415,0.0,0.0,66,0.0
10-229-01384,BIHAR,Nalanda,Sarmera,0,0,,209,10,1384,,91044.34634338948,167201876.42476654,0.0,0.0,123,0.0
10-229-01385,BIHAR,Nalanda,Asthawan,0,0,,209,10,1385,,92263.18064708126,171325630.7179731,0.0006767892546844482,0.0001224327934552002,125,0.015304099181900026
10-229-01387,BIHAR,Nalanda,Noorsarai,0,0,,209,10,1387,,78528.62700534344,151514769.88009417,0.000663686570892334,0.000663686570892334,114,0.07566026908172607
10-229-01386,BIHAR,Nalanda,Bihar,0,0,,209,10,1386,,98561.8371020671,215840179.0991975,0.0007348017782592774,0.0006445764350824356,160,0.1031322296131897
10-229-01390,BIHAR,Nalanda,Hilsa,0,0,,209,10,1390,,93433.88804652911,175765721.10991755,0.0006365398988342285,0.0006365398988342284,131,0.08338672674728392
10-229-01391,BIHAR,Nalanda,Ekangarsarai,0,0,,209,10,1391,,87121.32234693572,166605847.460251,0.0006365398988342285,0.0006365398988342285,122,0.07765786765777588
10-229-01392,BIHAR,Nalanda,Islampur,0,0,,209,10,1392,,109868.69145522316,273834151.4326934,0.0006365398988342285,0.0005578918789295315,194,0.1082310245123291
10-229-01393,BIHAR,Nalanda,Ben,0,0,,209,10,1393,,66947.54721379357,127526149.56798536,0.0007348017782592774,0.0006314062969451255,94,0.0593521919128418
10-230-01398,BIHAR,Patna,Maner,0,0,,212,10,1398,,96133.56350709034,213315300.3597084,0.0010722398686218264,0.00028857160496699344,154,0.04444002716491699
10-229-01394,BIHAR,Nalanda,Rajgir,0,0,,209,10,1394,,88740.45664753366,198129288.77271983,0.0007348017782592774,0.0006373994958745216,147,0.09369772589355468
10-229-01395,BIHAR,Nalanda,Silao,0,0,,209,10,1395,,79220.42929786978,154752836.13944647,0.0007348017782592774,0.0007223254260896383,114,0.08234509857421876
10-229-01396,BIHAR,Nalanda,Giriak,0,0,,209,10,1396,,88347.46773236175,99576022.5731765,0.0007348017782592774,0.0007348017782592774,73,0.05364052981292725
10-229-01397,BIHAR,Nalanda,Katrisarai,0,0,,209,10,1397,,38918.76300208476,48673462.28309288,0.0007348017782592774,0.0007202986473655701,36,0.025930751305160524
10-230-01399,BIHAR,Patna,Dinapur-Cum-Khagaul,0,0,,212,10,1399,,78598.21354533077,184765788.04152673,0.0007278830325317383,0.00021566904667607065,135,0.029115321301269537
10-234-01474,BIHAR,Rohtas,Tilouthu,0,0,,215,10,1474,,73885.57639601533,193504401.97342023,0.0005561462841796876,0.0005259277245270866,140,0.07362988143379212
10-230-01400,BIHAR,Patna,Patna Rural,0,0,,212,10,1400,,87518.10425735511,179850223.48881748,0.0007278830325317383,0.00012779625762007619,131,0.01674130974822998
10-230-01401,BIHAR,Patna,Sampatchak,0,0,,212,10,1401,,53219.7118618291,78902366.60372826,0.0007278830325317383,2.5539755527429414e-05,57,0.0014557660650634766
10-230-01406,BIHAR,Patna,Dulhin Bazar,0,0,,212,10,1406,,77792.54009458271,136539622.4680228,0.0010722398686218264,0.0008161879600309123,99,0.08080260804306032
10-230-01402,BIHAR,Patna,Phulwari,0,0,,212,10,1402,,70659.26045014715,135940825.49713776,0.0007278830325317383,0.0006975545728429158,96,0.06696523899291991
10-230-01413,BIHAR,Patna,Khusrupur,0,0,,212,10,1413,,46143.60198551767,78201544.387751,0.0,0.0,58,0.0
10-230-01403,BIHAR,Patna,Bihta,0,0,,212,10,1403,,116564.9809665079,244879174.98088208,0.0010722398686218264,0.0009398424585585543,182,0.1710513274576569
10-230-01415,BIHAR,Patna,Athmalgola,0,0,,212,10,1415,,47997.69261940102,62827293.65665197,0.0,0.0,47,0.0
10-230-01404,BIHAR,Patna,Naubatpur,0,0,,212,10,1404,,105087.74367689912,205320191.59612688,0.0007278830325317383,0.0007278830325317383,153,0.11136610397735595
10-230-01405,BIHAR,Patna,Bikram,0,0,,212,10,1405,,86626.03512108007,186422313.04867813,0.0010722398686218264,0.0009742112802458158,137,0.13346694539367676
10-234-01475,BIHAR,Rohtas,Rohtas,0,0,,215,10,1475,,88257.59288547112,389741138.17794544,0.0005254255477142334,0.00045489284046252573,288,0.1310091380532074
10-230-01407,BIHAR,Patna,Paliganj,0,0,,212,10,1407,,129476.3041410336,293354152.7667747,0.0010722398686218264,0.0006869284728668785,214,0.147002693193512
10-230-01408,BIHAR,Patna,Masaurhi,0,0,,212,10,1408,,108866.13277400887,248716954.87290823,0.0007278830325317383,0.0006595010167051166,178,0.11739118097351076
10-230-01409,BIHAR,Patna,Dhanarua,0,0,,212,10,1409,,95102.40821522896,225577653.19725513,0.0007278830325317383,0.0005218880720248544,163,0.08506775574005127
10-230-01410,BIHAR,Patna,Punpun,0,0,,212,10,1410,,82554.93388622913,161116560.78819045,0.0007278830325317383,0.0004934800220554158,118,0.05823064260253906
10-230-01411,BIHAR,Patna,Fatwah,0,0,,212,10,1411,,97950.27190535897,155697451.47083917,0.0,0.0,115,0.0
10-230-01412,BIHAR,Patna,Daniawan,0,0,,212,10,1412,,69689.77872311571,79566220.36857046,0.0,0.0,56,0.0
10-230-01414,BIHAR,Patna,Bakhtiarpur,0,0,,212,10,1414,,120205.01587822943,168153072.20481881,0.0,0.0,120,0.0
10-230-01416,BIHAR,Patna,Belchhi,0,0,,212,10,1416,,88573.78025963024,87443681.0926542,0.0,0.0,70,0.0
10-230-01417,BIHAR,Patna,Barh,0,0,,212,10,1417,,95365.9771693495,147280816.515725,0.0,0.0,104,0.0
10-230-01419,BIHAR,Patna,Ghoswari,0,0,,212,10,1419,,66454.95033385535,164897376.1169027,0.0,0.0,126,0.0
10-230-01418,BIHAR,Patna,Pandarak,0,0,,212,10,1418,,106894.44852036482,252509471.6555304,0.0,0.0,180,0.0
10-232-01438,BIHAR,Buxar,Chaugain,0,0,,194,10,1438,,52625.33924401454,66025696.44875917,0.001089035050201416,0.001089035050201416,49,0.05336271745986938
10-232-01439,BIHAR,Buxar,Kesath,0,0,,194,10,1439,,34661.84662025829,38236018.49691825,0.001089035050201416,0.001089035050201416,29,0.031582016455841064
10-230-01420,BIHAR,Patna,Mokameh,0,0,,212,10,1420,,127700.39840194934,244519830.48183808,0.0,0.0,181,0.0
10-231-01421,BIHAR,Bhojpur,Shahpur,0,0,,193,10,1421,,110658.91431619873,211766871.4500774,0.0012348352423095705,0.0009926293040644818,156,0.15485017143405916
10-234-01460,BIHAR,Rohtas,Suryapura,0,0,,215,10,1460,,56159.7630280001,69765063.31452103,0.0008401356030273439,0.0008401356030273439,47,0.039486373342285164
10-231-01422,BIHAR,Bhojpur,Arrah,0,0,,193,10,1422,,120924.06747051864,221925641.7145924,0.0012348352423095705,0.001092376154376576,159,0.17368780854587557
10-231-01423,BIHAR,Bhojpur,Barhara,0,0,,193,10,1423,,128817.96875565937,258494738.36324885,0.0009603375548553467,0.0009527891484920643,191,0.1819827273619843
10-231-01424,BIHAR,Bhojpur,Koilwar,0,0,,193,10,1424,,94779.33453556667,208456312.66749656,0.0010722398686218264,0.0010482071569404346,149,0.15618286638412476
10-231-01425,BIHAR,Bhojpur,Sandesh,0,0,,193,10,1425,,60697.76797134289,164599530.19806212,0.0010722398686218264,0.0010144125930786135,118,0.11970068598327638
10-231-01426,BIHAR,Bhojpur,Udwant Nagar,0,0,,193,10,1426,,92445.60417460876,217797556.82002312,0.0012348352423095705,0.0011702010564958087,161,0.18840237009582522
10-234-01461,BIHAR,Rohtas,Bikramganj,0,0,,215,10,1461,,88556.32896667719,168723569.68103397,0.0008401356030273439,0.0008401356030273439,129,0.10837749279052736
10-231-01427,BIHAR,Bhojpur,Behea,0,0,,193,10,1427,,114516.77527652554,206091349.70539597,0.0012348352423095705,0.0011818715106366477,150,0.17728072659549715
10-231-01428,BIHAR,Bhojpur,Jagdishpur,0,0,,193,10,1428,,109726.00219208181,318463526.4488765,0.0012348352423095705,0.0012201273281933968,228,0.2781890308280945
10-231-01429,BIHAR,Bhojpur,Piro,0,0,,193,10,1429,,100703.96274410955,268205354.86689487,0.0012348352423095705,0.0009335466523586275,200,0.1867093304717255
10-234-01462,BIHAR,Rohtas,Karakat,0,0,,215,10,1462,,102232.22868007293,251121712.10833624,0.0008410098870086671,0.0007988243179676749,176,0.1405930799623108
10-231-01430,BIHAR,Bhojpur,Charpokhari,0,0,,193,10,1430,,88834.1327790213,135855258.49695313,0.0012348352423095705,0.0009570847285710388,95,0.09092304921424868
10-231-01431,BIHAR,Bhojpur,Garhani,0,0,,193,10,1431,,93054.52180151101,137128723.85739592,0.0012348352423095705,0.0011889526766434458,103,0.1224621256942749
10-231-01432,BIHAR,Bhojpur,Agiaon,0,0,,193,10,1432,,87534.07309197474,191419206.17039648,0.0012348352423095705,0.0008492801950440991,139,0.11804994711112977
10-231-01433,BIHAR,Bhojpur,Tarari,0,0,,193,10,1433,,95157.98131215997,247108515.4982669,0.0008410098870086671,0.0008409160373157566,177,0.14884213860488893
10-231-01434,BIHAR,Bhojpur,Sahar,0,0,,193,10,1434,,61748.81499939302,157154129.14318892,0.0008410098870086671,0.0008169984444368804,117,0.095588817999115
10-232-01435,BIHAR,Buxar,Simri,0,0,,194,10,1435,,87047.69219699135,222195796.247413,0.001089035050201416,0.0009667081458268513,164,0.15854013591560362
10-232-01436,BIHAR,Buxar,Chakki,0,0,,194,10,1436,,73799.54032015939,80420668.23199363,0.001089035050201416,0.0010338058811855315,64,0.06616357639587402
10-232-01437,BIHAR,Buxar,Barhampur,0,0,,194,10,1437,,133928.15369382405,240152233.65370417,0.001089035050201416,0.001076422985640289,173,0.18622117651577
10-232-01440,BIHAR,Buxar,Dumraon,0,0,,194,10,1440,,115797.88145848007,238641355.07175583,0.001089035050201416,0.0010158059489932994,169,0.17167120537986758
10-232-01441,BIHAR,Buxar,Buxar,0,0,,194,10,1441,,90996.21871903203,211591033.38394436,0.0008463739109039307,0.0008451014187563755,157,0.13268092274475096
10-232-01442,BIHAR,Buxar,Chausa,0,0,,194,10,1442,,99103.08457070828,138502720.57991108,0.0008463739109039307,0.0007489547351330908,107,0.08013815665924072
10-232-01443,BIHAR,Buxar,Rajpur,0,0,,194,10,1443,,121142.9666413415,336933113.12217736,0.0008463739109039307,0.0006761178646020695,245,0.165648876827507
10-232-01444,BIHAR,Buxar,Itarhi,0,0,,194,10,1444,,109439.3274763228,293713382.2816445,0.0008463739109039307,0.0008443409444821735,209,0.17646725739677427
10-232-01445,BIHAR,Buxar,Nawanagar,0,0,,194,10,1445,,126567.10382889764,229774401.79100823,0.001089035050201416,0.0010273747482963428,169,0.17362633246208192
10-233-01446,BIHAR,Kaimur (Bhabua),Ramgarh,0,0,,200,10,1446,,124781.0721120257,206666195.02442607,0.0005778638641357422,0.0005487534501289217,151,0.08286177096946717
10-233-01447,BIHAR,Kaimur (Bhabua),Nuaon,0,0,,200,10,1447,,121732.74643995032,235834986.4758632,0.0006746181668472289,0.0005913271858068098,171,0.10111694877296448
10-233-01448,BIHAR,Kaimur (Bhabua),Kudra,0,0,,200,10,1448,,132624.50147962422,255577893.54332253,0.0005778638641357422,0.0005094763222382561,189,0.09629102490303039
10-233-01449,BIHAR,Kaimur (Bhabua),Mohania,0,0,,200,10,1449,,142323.6809133636,349176573.6513165,0.0005778638641357422,0.0005518430054426192,256,0.14127180939331052
10-233-01450,BIHAR,Kaimur (Bhabua),Durgawati,0,0,,200,10,1450,,108544.41183902678,212580801.4059764,0.00048433891700744633,0.0004843389170074464,154,0.07458819321914674
10-233-01451,BIHAR,Kaimur (Bhabua),Chand,0,0,,200,10,1451,,97099.60209928264,257974481.1925409,0.00048433891700744633,0.0004508890398327848,188,0.08476713948856354
10-233-01452,BIHAR,Kaimur (Bhabua),Chainpur,0,0,,200,10,1452,,170712.34536647963,555311526.8488017,0.00048433891700744633,0.0003980568691764476,407,0.16200914575481418
10-233-01453,BIHAR,Kaimur (Bhabua),Bhabua,0,0,,200,10,1453,,143727.89821118704,407618990.38615096,0.0005778638641357422,0.0004508721500223103,301,0.1357125171567154
10-233-01454,BIHAR,Kaimur (Bhabua),Rampur,0,0,,200,10,1454,,126612.15498309073,210660395.23746365,0.00046142021171569823,0.00040802694921045495,149,0.06079601543235778
10-233-01455,BIHAR,Kaimur (Bhabua),Bhagwanpur,0,0,,200,10,1455,,134815.05705103654,292151198.96788174,0.00046142021171569823,0.00042221513263521616,211,0.0890873929860306
10-233-01456,BIHAR,Kaimur (Bhabua),Adhaura,0,0,,200,10,1456,,271357.2345421078,1135984955.9859164,0.00046142021171569823,0.0003040220741923631,833,0.25325038780223846
10-234-01457,BIHAR,Rohtas,Kochas,0,0,,215,10,1457,,90248.48407846906,187033418.62218276,0.0006339289198303222,0.0006165147737433694,132,0.08137995013412476
10-234-01458,BIHAR,Rohtas,Dinara,0,0,,215,10,1458,,157118.7651045217,464648316.8452498,0.0008401356030273439,0.0006823058543046968,341,0.2326662963179016
10-234-01459,BIHAR,Rohtas,Dawath,0,0,,215,10,1459,,78120.6651060775,129910427.66035384,0.0008401356030273439,0.0008401356030273439,94,0.07897274668457033
10-234-01466,BIHAR,Rohtas,Nokha,0,0,,215,10,1466,,82152.91978314315,208772248.59610957,0.0006823085333251954,0.0005656328485715711,148,0.08371366158859253
10-235-01476,BIHAR,Aurangabad,Daudnagar,0,0,,189,10,1476,,91010.07504965532,238139281.75712803,0.0006823085333251954,0.000645430898241065,174,0.11230497629394531
10-234-01467,BIHAR,Rohtas,Kargahar,0,0,,215,10,1467,,128509.87472624176,406135690.59563094,0.0006339289198303222,0.0005435453634751809,296,0.16088942758865354
10-234-01468,BIHAR,Rohtas,Chenari,0,0,,215,10,1468,,121720.69626398994,292642418.8385522,0.0005144968199157715,0.00037995262345850745,215,0.0816898140435791
10-234-01469,BIHAR,Rohtas,Nauhatta,0,0,,215,10,1469,,175494.75594492842,478591449.404211,0.00029567862602233885,0.00027652103988453497,354,0.09788844811912538
10-234-01470,BIHAR,Rohtas,Sheosagar,0,0,,215,10,1470,,135463.8765525897,406503956.12222886,0.0005254255477142334,0.000479984715315738,295,0.1415954910181427
10-234-01471,BIHAR,Rohtas,Sasaram,0,0,,215,10,1471,,135810.11950728856,394273130.8742507,0.0006823085333251954,0.0005238015427288185,290,0.1519024473913574
10-234-01473,BIHAR,Rohtas,Dehri,0,0,,215,10,1473,,97323.52013589225,199371136.99043605,0.0006823085333251954,0.0006369334892267687,145,0.09235535593788147
10-235-01477,BIHAR,Aurangabad,Haspura,0,0,,189,10,1477,,88845.10694940752,164519986.5205008,0.0006400933457946777,0.0006368018709242639,121,0.07705302638183593
10-235-01478,BIHAR,Aurangabad,Goh,0,0,,189,10,1478,,122286.20877621078,374665187.3660463,0.0006400933457946777,0.0004965995626573002,272,0.13507508104278565
10-236-01491,BIHAR,Gaya,Neem Chak Bathani,0,0,,196,10,1491,,79540.44278654993,146770773.7769567,0.0005038641087341309,0.0005038641087341308,103,0.051898003199615475
10-235-01479,BIHAR,Aurangabad,Rafiganj,0,0,,189,10,1479,,167069.30684925965,465687847.79432577,0.0006400933457946777,0.0005801909095308858,341,0.19784510015003204
10-235-01480,BIHAR,Aurangabad,Obra,0,0,,189,10,1480,,130720.05569071589,327203821.09876627,0.0006823085333251954,0.0006490416861509172,237,0.15382287961776736
10-236-01494,BIHAR,Gaya,Manpur,0,0,,196,10,1494,,77081.78707553667,161226183.41058797,0.0005161722152709961,0.0005057538252888555,115,0.05816168990821839
10-235-01481,BIHAR,Aurangabad,Aurangabad,0,0,,189,10,1481,,125502.68609205673,344679798.38062614,0.0006298623085021972,0.0006131610217416286,256,0.1569692215658569
10-237-01511,BIHAR,Nawada,Nardiganj,0,0,,210,10,1511,,60262.24041371029,129808165.4472442,0.0007348017782592774,0.0007348017782592774,95,0.06980616893463136
10-235-01482,BIHAR,Aurangabad,Barun,0,0,,189,10,1482,,117269.30390529483,381782699.30215496,0.0006823085333251954,0.0005966984356907437,280,0.16707556199340823
10-235-01483,BIHAR,Aurangabad,Nabinagar,0,0,,189,10,1483,,173491.30877801325,657546828.2218357,0.0005561462841796876,0.00047153576742421026,483,0.22775177566589355
10-235-01484,BIHAR,Aurangabad,Kutumba,0,0,,189,10,1484,,110495.73757590447,319048251.76106954,0.0005561462841796876,0.0004584578132176295,229,0.10498683922683716
10-235-01485,BIHAR,Aurangabad,Deo,0,0,,189,10,1485,,158578.88849021672,336990745.1586724,0.0006298623085021972,0.000511825912111442,251,0.12846830393997194
10-235-01486,BIHAR,Aurangabad,Madanpur,0,0,,189,10,1486,,153529.37367368402,418713952.50229967,0.0006298623085021972,0.0005657159850614973,309,0.17480623938400267
10-236-01487,BIHAR,Gaya,Konch,0,0,,196,10,1487,,154041.56172387034,319288521.7326548,0.0004958580890274048,0.00045705019439631493,232,0.10603564509994506
10-236-01488,BIHAR,Gaya,Tikari,0,0,,196,10,1488,,122221.36853604284,290576655.12704176,0.0005161722152709961,0.0004685000819430219,218,0.10213301786357878
10-236-01489,BIHAR,Gaya,Belaganj,0,0,,196,10,1489,,113473.13279109563,240372540.95814112,0.0005161722152709961,0.000516172215270996,180,0.09291099874877928
10-236-01490,BIHAR,Gaya,Khizirsarai,0,0,,196,10,1490,,103698.13096672995,223124430.97950032,0.0005161722152709961,0.0005099980302054666,165,0.08414967498390198
10-236-01492,BIHAR,Gaya,Muhra,0,0,,196,10,1492,,93681.45756176667,181269438.2139707,0.0007348017782592774,0.0004804034633596619,134,0.0643740640901947
10-236-01493,BIHAR,Gaya,Atri,0,0,,196,10,1493,,103075.15367958385,161340647.62451813,0.0007348017782592774,0.0004761499641649262,119,0.05666184573562622
10-236-01495,BIHAR,Gaya,Gaya Town C.D.Block,0,0,,196,10,1495,,91678.58033080616,224144813.6021213,0.0005161722152709961,0.0005068362554168701,161,0.0816006371221161
10-236-01496,BIHAR,Gaya,Paraiya,0,0,,196,10,1496,,75593.31264449215,167300846.5298876,0.0005052802621078492,0.0004999410306955974,120,0.059992923683471686
10-236-01497,BIHAR,Gaya,Guraru,0,0,,196,10,1497,,81292.54933661391,199646285.7542363,0.0004958580890274048,0.0004958580890274047,147,0.07289113908702849
10-237-01512,BIHAR,Nawada,Nawada,0,0,,210,10,1512,,86822.75137888109,219317998.1072041,0.0007348017782592774,0.0007258245484695922,157,0.11395445410972597
10-236-01498,BIHAR,Gaya,Gurua,0,0,,196,10,1498,,117859.62964526065,238015237.1519128,0.0005052802621078492,0.00047599197916615207,173,0.08234661239574431
10-236-01499,BIHAR,Gaya,Amas,0,0,,196,10,1499,,100546.69423332924,128484051.44985774,0.0006298623085021972,0.00039778192565636893,95,0.03778928293735505
10-237-01517,BIHAR,Nawada,Roh,0,0,,210,10,1517,,77804.52626079548,192537548.9783989,0.0010820934974670412,0.0009364855548180477,144,0.13485391989379886
10-236-01500,BIHAR,Gaya,Banke Bazar,0,0,,196,10,1500,,85166.97220092022,256240042.68049288,0.0004572725427246094,0.00038105663341583753,186,0.07087653381534578
10-236-01501,BIHAR,Gaya,Imamganj,0,0,,196,10,1501,,136271.57775821586,316917295.57645696,0.0004572725427246094,0.000420467184308104,239,0.10049165704963685
10-236-01502,BIHAR,Gaya,Dumaria,0,0,,196,10,1502,,119690.94596035974,390676703.928496,0.0004572725427246094,0.00043166478584476947,285,0.12302446396575929
10-236-01503,BIHAR,Gaya,Sherghati,0,0,,196,10,1503,,100322.2973073121,167902109.12194017,0.0005052802621078492,0.0003765032213713483,123,0.046309896228675845
10-238-01531,BIHAR,Jamui,Gidhaur,0,0,,198,10,1531,,55211.5633940527,100392309.18230554,0.000775740587348938,0.000757246825592041,75,0.05679351191940307
10-236-01504,BIHAR,Gaya,Dobhi,0,0,,196,10,1504,,103572.88994215836,218837778.49499393,0.000417829649810791,0.00040601968022008857,161,0.06536916851543426
10-236-01505,BIHAR,Gaya,Bodh Gaya,0,0,,196,10,1505,,120948.91182130505,306843965.9119923,0.0005052802621078492,0.0004979741491521753,230,0.11453405430500033
10-236-01506,BIHAR,Gaya,Tan Kuppa,0,0,,196,10,1506,,108147.94853451202,190099968.23000297,0.0005052802621078492,0.00040003885089005993,134,0.053605206019268034
10-240-01542,BIHAR,Arwal,Arwal,0,0,,611,10,1542,,73924.8054791393,147787869.27798152,0.0008410098870086671,0.0007315366652833499,104,0.07607981318946838
10-236-01507,BIHAR,Gaya,Wazirganj,0,0,,196,10,1507,,105472.06999302967,323030583.61833626,0.0005052802621078492,0.00035468265105392983,236,0.08370510564872743
10-236-01508,BIHAR,Gaya,Fatehpur,0,0,,196,10,1508,,155359.44599717355,408449805.62920874,0.000447154708480835,0.0003008896239359755,304,0.09147044567653656
10-240-01543,BIHAR,Arwal,Kaler,0,0,,611,10,1543,,67777.19153730445,176075758.749563,0.0008410098870086671,0.0008072681777971575,131,0.10575213129142763
10-236-01509,BIHAR,Gaya,Mohanpur,0,0,,196,10,1509,,119906.24818546322,418796109.2883684,0.0005052802621078492,0.0003739525806868273,303,0.11330763194810867
10-240-01544,BIHAR,Arwal,Karpi,0,0,,611,10,1544,,158139.92638461498,234985661.7206014,0.0008410098870086671,0.0006741137395765616,172,0.11594756320716859
10-236-01510,BIHAR,Gaya,Barachatti,0,0,,196,10,1510,,138753.78132836288,366328956.31361085,0.000417829649810791,0.0004050143936900746,275,0.11137895826477051
10-237-01513,BIHAR,Nawada,Warisaliganj,0,0,,210,10,1513,,109792.76918459819,202861050.3008767,0.0007348017782592774,0.0006984946206478197,147,0.1026787092352295
10-237-01514,BIHAR,Nawada,Kashi Chak,0,0,,210,10,1514,,73948.94452619922,98983451.20841853,0.0006767892546844482,0.0006767892546844481,72,0.04872882633728027
10-237-01515,BIHAR,Nawada,Pakribarawan,0,0,,210,10,1515,,104545.76938151139,251834567.85717744,0.0006767892546844482,0.0006767892546844484,184,0.1245292228619385
10-237-01516,BIHAR,Nawada,Kawakol,0,0,,210,10,1516,,121170.20018263235,362955647.76482904,0.0010820934974670412,0.0008081780647363879,266,0.21497536521987917
10-237-01518,BIHAR,Nawada,Gobindpur,0,0,,210,10,1518,,73133.35659787485,188189390.13263756,0.0010820934974670412,0.0009453221316779002,140,0.13234509843490602
10-237-01519,BIHAR,Nawada,Akbarpur,0,0,,210,10,1519,,91268.2921062847,249541236.96202633,0.0005781989919281007,0.0005781989919281007,184,0.10638861451477052
10-237-01520,BIHAR,Nawada,Hisua,0,0,,210,10,1520,,85113.4923130193,144090762.99664384,0.0007348017782592774,0.0005200515623844588,104,0.05408536248798371
10-237-01521,BIHAR,Nawada,Narhat,0,0,,210,10,1521,,62856.50481924386,99624005.77002536,0.0005781989919281007,0.0005781989919281007,69,0.03989573044303894
10-237-01522,BIHAR,Nawada,Meskaur,0,0,,210,10,1522,,75185.00287586387,145604023.18435815,0.0005781989919281007,0.0004080376526587351,112,0.04570021709777833
10-237-01523,BIHAR,Nawada,Sirdala,0,0,,210,10,1523,,111278.51695598938,301894539.186342,0.0005781989919281007,0.00044678474182496385,218,0.09739907371784212
10-237-01524,BIHAR,Nawada,Rajauli,0,0,,210,10,1524,,132370.86211000624,450216393.36794454,0.0010820934974670412,0.0005502092452684467,333,0.18321967867439273
10-238-01525,BIHAR,Jamui,Islamnagar Aliganj,0,0,,198,10,1525,,96153.77396855215,213408239.47295904,0.0007235898604583741,0.0007156454775971633,156,0.11164069450515748
10-238-01526,BIHAR,Jamui,Sikandra,0,0,,198,10,1526,,86788.2538333537,223096734.30010977,0.000775740587348938,0.0007246606056915096,162,0.11739501812202455
10-238-01527,BIHAR,Jamui,Jamui,0,0,,198,10,1527,,90084.78430112793,212157753.6648698,0.0007419105353546143,0.0007416741395495014,155,0.11495949163017272
10-238-01528,BIHAR,Jamui,Barhat,0,0,,198,10,1528,,114104.37581341481,270298087.1382075,0.0007419105353546143,0.0006176311055743997,197,0.12167332779815673
10-238-01529,BIHAR,Jamui,Lakshmipur,0,0,,198,10,1529,,112147.89260238525,307635253.00857943,0.0007419105353546143,0.00019784280942789713,225,0.044514632121276855
10-238-01530,BIHAR,Jamui,Jhajha,0,0,,198,10,1530,,147664.43327942316,507112726.974952,0.000775740587348938,0.0006963083008399138,370,0.2576340713107681
10-238-01532,BIHAR,Jamui,Khaira,0,0,,198,10,1532,,142747.05687020053,513762691.7981683,0.000775740587348938,0.000745858388535477,377,0.2811886124778748
10-238-01533,BIHAR,Jamui,Sono,0,0,,198,10,1533,,117724.39892386932,474283005.7300444,0.000775740587348938,0.0007676525246603235,349,0.2679107311064529
10-238-01534,BIHAR,Jamui,Chakai,0,0,,198,10,1534,,243956.2217086091,956725034.6798706,0.000775740587348938,0.0006606319770705632,700,0.46244238394939424
10-239-01535,BIHAR,Jehanabad,Ratni Faridpur,0,0,,199,10,1535,,82762.53932271499,155018952.20303965,0.0006931499511718751,0.0006154610790533769,114,0.07016256301208497
10-239-01536,BIHAR,Jehanabad,Jehanabad,0,0,,199,10,1536,,97254.09844747804,201426556.69272655,0.0006247305001831055,0.0006247305001831055,148,0.09246011402709962
10-239-01537,BIHAR,Jehanabad,Kako,0,0,,199,10,1537,,83599.3529020472,162373941.78194478,0.0006247305001831055,0.0006247305001831055,118,0.07371819902160645
10-239-01538,BIHAR,Jehanabad,Modanganj,0,0,,199,10,1538,,66522.90037500951,97205276.85869928,0.0006365398988342285,0.0006332880354375425,69,0.04369687444519044
10-239-01539,BIHAR,Jehanabad,Ghoshi,0,0,,199,10,1539,,82931.95174196921,112225161.55433495,0.0006365398988342285,0.0005832761553844774,83,0.048411920896911625
10-239-01540,BIHAR,Jehanabad,Makhdumpur,0,0,,199,10,1540,,128831.72570768485,301471679.33572614,0.0006247305001831055,0.0005281786615285566,217,0.11461476955169678
10-239-01541,BIHAR,Jehanabad,Hulasganj,0,0,,199,10,1541,,87179.53907708311,119677697.18988888,0.0006365398988342285,0.0005445396996815999,90,0.04900857297134399
10-240-01545,BIHAR,Arwal,Sonbhadra Banshi Suryapur,0,0,,611,10,1545,,62692.97791397586,116643000.97724338,0.0006931499511718751,0.0005017279920472294,83,0.04164342333992004
10-240-01546,BIHAR,Arwal,Kurtha,0,0,,611,10,1546,,71585.17106640573,106433073.5354984,0.0006931499511718751,0.0005638213178194487,78,0.04397806278991699
10-224-01334,BIHAR,Bhagalpur,Gopalpur,0,0,,192,10,1334,,95407.9186210158,208941966.91883087,0.0,0.0,153,0.0
10-210-01127,BIHAR,Kishanganj,Kishanganj,0,0,,203,10,1127,,125268.33771117091,207105687.55921903,0.0,0.0,152,0.0
10-206-01064,BIHAR,Sitamarhi,Suppi,0,0,,221,10,1064,,71084.15120823232,92250451.53846286,0.0,0.0,66,0.0
10-234-01463,BIHAR,Rohtas,Nasriganj,0,0,,215,10,1463,,90034.07903274363,167356919.18355417,1.2800867652893066e-05,1.2428982696533202e-05,126,0.0015660518197631835
10-234-01464,BIHAR,Rohtas,Rajpur,0,0,,215,10,1464,,68660.48684625747,85633596.4997788,1.2800867652893066e-05,1.2800867652893066e-05,63,0.0008064546621322631
10-234-01465,BIHAR,Rohtas,Sanjhauli,0,0,,215,10,1465,,56591.722358052,83833486.39015438,1.2800867652893066e-05,1.0389193656558083e-05,63,0.0006545192003631592
10-203-01023,BIHAR,Pashchim Champaran,Thakrahan,0,0,,211,10,1023,,79847.09402015881,199004696.79409248,0.0,0.0,145,0.0
10-204-01054,BIHAR,Purbi Champaran,Phenhara,0,0,,213,10,1054,,44565.43736457999,67645025.94776015,0.0,0.0,51,0.0
10-219-01262,BIHAR,Saran,Maker,0,0,,218,10,1262,,62357.8736467211,96585777.9808088,0.0,0.0,71,0.0
10-220-01282,BIHAR,Vaishali,Sahdai Buzurg,0,0,,224,10,1282,,74546.65030748869,114161677.3631406,0.0,0.0,84,0.0
10-229-01388,BIHAR,Nalanda,Tharthari,0,0,,209,10,1388,,71853.42144919158,77411758.12428828,1.532781677246094e-05,1.364910204569499e-05,54,0.0007370515104675294
10-229-01389,BIHAR,Nalanda,Parbalpur,0,0,,209,10,1389,,54466.2339431045,76043839.88376136,1.532781677246094e-05,1.4954256627219064e-05,56,0.0008374383711242676
10-203-01022,BIHAR,Pashchim Champaran,Bhitaha,0,0,,211,10,1022,,72626.86760213553,166969906.7472905,0.0,0.0,117,0.0
10-203-01013,BIHAR,Pashchim Champaran,Sidhaw,0,0,,211,10,1013,,195582.3602130639,1085337194.6715722,0.0,0.0,781,0.0
10-203-01014,BIHAR,Pashchim Champaran,Ramnagar,0,0,,211,10,1014,,230865.78384139363,866139404.2451236,0.0,0.0,621,0.0
10-203-01015,BIHAR,Pashchim Champaran,Gaunaha,0,0,,211,10,1015,,136504.94021895694,605322845.3823951,0.0,0.0,441,0.0
10-203-01016,BIHAR,Pashchim Champaran,Mainatanr,0,0,,211,10,1016,,115419.13930249632,312998546.4010918,0.0,0.0,221,0.0
10-203-01017,BIHAR,Pashchim Champaran,Narkatiaganj,0,0,,211,10,1017,,149144.20649331805,441857686.2127825,0.0,0.0,314,0.0
10-203-01018,BIHAR,Pashchim Champaran,Lauriya,0,0,,211,10,1018,,120853.32018665274,255440417.54612216,0.0,0.0,183,0.0
10-203-01019,BIHAR,Pashchim Champaran,Bagaha,0,0,,211,10,1019,,135587.24079810514,491292931.53180623,0.0,0.0,352,0.0
10-203-01021,BIHAR,Pashchim Champaran,Madhubani,0,0,,211,10,1021,,144670.82201821523,386116138.1353823,0.0,0.0,276,0.0
10-203-01024,BIHAR,Pashchim Champaran,Jogapatti,0,0,,211,10,1024,,88530.23644360513,258722436.3759333,0.0,0.0,186,0.0
10-203-01029,BIHAR,Pashchim Champaran,Bairia,0,0,,211,10,1029,,105039.82861382668,288505226.87341565,0.0,0.0,208,0.0
10-203-01025,BIHAR,Pashchim Champaran,Chanpatia,0,0,,211,10,1025,,113543.7602983494,310017349.34780717,0.0,0.0,226,0.0
10-206-01071,BIHAR,Sitamarhi,Parsauni,0,0,,221,10,1071,,63729.135625112256,74724139.64418457,0.0,0.0,55,0.0
10-203-01026,BIHAR,Pashchim Champaran,Sikta,0,0,,211,10,1026,,93443.22825707054,255004178.86147365,0.0,0.0,183,0.0
10-203-01027,BIHAR,Pashchim Champaran,Majhaulia,0,0,,211,10,1027,,123374.4030721297,371511179.15939575,0.0,0.0,265,0.0
10-203-01028,BIHAR,Pashchim Champaran,Bettiah,0,0,,211,10,1028,,53968.26030594324,83182055.35378212,0.0,0.0,59,0.0
10-203-01030,BIHAR,Pashchim Champaran,Nautan,0,0,,211,10,1030,,122656.63983711715,245738630.13883996,0.0,0.0,171,0.0
10-204-01031,BIHAR,Purbi Champaran,Raxaul,0,0,,213,10,1031,,98709.78801801558,166685360.13968688,0.0,0.0,124,0.0
10-206-01072,BIHAR,Sitamarhi,Belsand,0,0,,221,10,1072,,66235.5873217276,97354060.86547032,0.0,0.0,70,0.0
10-206-01073,BIHAR,Sitamarhi,Runisaidpur,0,0,,221,10,1073,,152472.54206325076,334873257.0825382,0.0,0.0,243,0.0
10-204-01032,BIHAR,Purbi Champaran,Adapur,0,0,,213,10,1032,,94532.37688292323,199608924.7111849,0.0,0.0,148,0.0
10-206-01074,BIHAR,Sitamarhi,Dumra,0,0,,221,10,1074,,111649.34177378344,241159212.36062923,0.0,0.0,178,0.0
10-204-01033,BIHAR,Purbi Champaran,Ramgarhwa,0,0,,213,10,1033,,90718.26831189607,213035907.5226096,0.0,0.0,154,0.0
10-204-01034,BIHAR,Purbi Champaran,Sugauli,0,0,,213,10,1034,,84892.41923436844,209336830.19001696,0.0,0.0,149,0.0
10-204-01038,BIHAR,Purbi Champaran,Ghorasahan,0,0,,213,10,1038,,75335.10865687576,144368243.47105,0.0,0.0,104,0.0
10-204-01035,BIHAR,Purbi Champaran,Banjaria,0,0,,213,10,1035,,102381.40449613356,176960195.87167916,0.0,0.0,124,0.0
10-204-01047,BIHAR,Purbi Champaran,Kesaria,0,0,,213,10,1047,,87546.8206889307,229535442.11688668,0.0,0.0,168,0.0
10-204-01036,BIHAR,Purbi Champaran,Narkatia,0,0,,213,10,1036,,105607.09704406632,168338010.30978012,0.0,0.0,120,0.0
10-204-01037,BIHAR,Purbi Champaran,Bankatwa,0,0,,213,10,1037,,99233.37216886049,115311013.90225838,0.0,0.0,82,0.0
10-204-01039,BIHAR,Purbi Champaran,Dhaka,0,0,,213,10,1039,,97673.73467814895,202386545.86227983,0.0,0.0,145,0.0
10-204-01048,BIHAR,Purbi Champaran,Kalyanpur,0,0,,213,10,1048,,109413.20044555076,313300912.50613195,0.0,0.0,230,0.0
10-204-01040,BIHAR,Purbi Champaran,Chiraia,0,0,,213,10,1040,,110764.71696779084,272984575.32652414,0.0,0.0,199,0.0
10-204-01041,BIHAR,Purbi Champaran,Motihari,0,0,,213,10,1041,,181544.26702654368,319814691.13850176,0.0,0.0,241,0.0
10-204-01049,BIHAR,Purbi Champaran,Kotwa,0,0,,213,10,1049,,78879.98205471091,178282937.71225017,0.0,0.0,126,0.0
10-204-01042,BIHAR,Purbi Champaran,Turkaulia,0,0,,213,10,1042,,99475.78497366334,174748315.94966665,0.0,0.0,130,0.0
10-204-01050,BIHAR,Purbi Champaran,Piprakothi,0,0,,213,10,1050,,58369.33889310607,62223774.49301849,0.0,0.0,45,0.0
10-204-01043,BIHAR,Purbi Champaran,Harsidhi,0,0,,213,10,1043,,133904.34238337883,240218359.62130272,0.0,0.0,173,0.0
10-204-01044,BIHAR,Purbi Champaran,Paharpur,0,0,,213,10,1044,,108730.62076802726,192061375.0173064,0.0,0.0,144,0.0
10-204-01045,BIHAR,Purbi Champaran,Areraj,0,0,,213,10,1045,,93331.67353690567,242725576.26244012,0.0,0.0,174,0.0
10-204-01046,BIHAR,Purbi Champaran,Sangrampur,0,0,,213,10,1046,,78133.67961210197,187659878.02718252,0.0,0.0,133,0.0
10-204-01051,BIHAR,Purbi Champaran,Chakia(Pipra),0,0,,213,10,1051,,129110.66914194856,212940547.80779588,0.0,0.0,145,0.0
10-204-01052,BIHAR,Purbi Champaran,Pakri Dayal,0,0,,213,10,1052,,90143.40730437863,148110040.62869397,0.0,0.0,106,0.0
10-204-01053,BIHAR,Purbi Champaran,Patahi,0,0,,213,10,1053,,85994.51677214028,144960443.14880535,0.0,0.0,100,0.0
10-204-01055,BIHAR,Purbi Champaran,Madhuban,0,0,,213,10,1055,,112681.00006095257,152424272.44650427,0.0,0.0,114,0.0
10-204-01056,BIHAR,Purbi Champaran,Tetaria,0,0,,213,10,1056,,82320.72754353678,104458405.63845472,0.0,0.0,74,0.0
10-205-01058,BIHAR,Sheohar,Purnahiya,0,0,,220,10,1058,,57294.126150412616,80859097.14068061,0.0,0.0,59,0.0
10-204-01057,BIHAR,Purbi Champaran,Mehsi,0,0,,213,10,1057,,125063.78039343117,149773808.08158112,0.0,0.0,108,0.0
10-205-01059,BIHAR,Sheohar,Piprarhi,0,0,,220,10,1059,,105870.45511307275,104265216.9562483,0.0,0.0,77,0.0
10-205-01060,BIHAR,Sheohar,Sheohar,0,0,,220,10,1060,,81007.5322908237,115638983.35873616,0.0,0.0,83,0.0
10-205-01061,BIHAR,Sheohar,Dumri Katsari,0,0,,220,10,1061,,65038.65439014734,84655470.24819931,0.0,0.0,59,0.0
10-205-01062,BIHAR,Sheohar,Tariani Chowk,0,0,,220,10,1062,,97491.22869259815,171878914.60720828,0.0,0.0,126,0.0
10-206-01063,BIHAR,Sitamarhi,Bairgania,0,0,,221,10,1063,,59598.621146511534,94417571.99630062,0.0,0.0,70,0.0
10-206-01065,BIHAR,Sitamarhi,Majorganj,0,0,,221,10,1065,,62808.55729710282,95411217.42446172,0.0,0.0,68,0.0
10-206-01066,BIHAR,Sitamarhi,Sonbarsa,0,0,,221,10,1066,,92820.94699371175,224104085.6083578,0.0,0.0,155,0.0
10-206-01067,BIHAR,Sitamarhi,Parihar,0,0,,221,10,1067,,86838.20299610356,272812569.4060281,0.0,0.0,197,0.0
10-207-01095,BIHAR,Madhubani,Rajnagar,0,0,,206,10,1095,,78809.12744912357,223111125.2667772,0.0,0.0,158,0.0
10-206-01068,BIHAR,Sitamarhi,Sursand,0,0,,221,10,1068,,91215.71647520129,181412871.1123928,0.0,0.0,134,0.0
10-206-01069,BIHAR,Sitamarhi,Bathnaha,0,0,,221,10,1069,,120764.04051803834,251403523.12922087,0.0,0.0,185,0.0
10-206-01070,BIHAR,Sitamarhi,Riga,0,0,,221,10,1070,,129433.73210860479,163724219.02092636,0.0,0.0,114,0.0
10-210-01123,BIHAR,Kishanganj,Thakurganj,0,0,,203,10,1123,,224971.2940646554,491161543.46963537,0.0,0.0,353,0.0
10-210-01124,BIHAR,Kishanganj,Pothia,0,0,,203,10,1124,,167388.9118766352,443844792.4531903,0.0,0.0,321,0.0
10-210-01125,BIHAR,Kishanganj,Bahadurganj,0,0,,203,10,1125,,155296.13881782343,347494200.8377232,0.0,0.0,251,0.0
10-210-01126,BIHAR,Kishanganj,Kochadhamin,0,0,,203,10,1126,,139640.52665725534,360840233.8364798,0.0,0.0,258,0.0
10-211-01128,BIHAR,Purnia,Banmankhi,0,0,,214,10,1128,,142815.61519736593,459936087.34673214,0.0,0.0,333,0.0
10-206-01075,BIHAR,Sitamarhi,Bajpatti,0,0,,221,10,1075,,90407.29439213518,174303329.1783474,0.0,0.0,125,0.0
10-206-01076,BIHAR,Sitamarhi,Charaut,0,0,,221,10,1076,,85128.15752493152,91349700.81924292,0.0,0.0,62,0.0
10-206-01077,BIHAR,Sitamarhi,Pupri,0,0,,221,10,1077,,73992.24203369493,115338203.66308306,0.0,0.0,82,0.0
10-206-01078,BIHAR,Sitamarhi,Nanpur,0,0,,221,10,1078,,73315.01223618646,135892566.9983101,0.0,0.0,100,0.0
10-220-01283,BIHAR,Vaishali,Mahnar,0,0,,224,10,1283,,81638.1139853176,126474580.44313861,0.0,0.0,89,0.0
10-206-01079,BIHAR,Sitamarhi,Bokhara,0,0,,221,10,1079,,81978.13188098712,108574895.39827529,0.0,0.0,79,0.0
10-207-01080,BIHAR,Madhubani,Madhwapur,0,0,,206,10,1080,,88808.76172423853,137557654.90878707,0.0,0.0,103,0.0
10-207-01081,BIHAR,Madhubani,Harlakhi,0,0,,206,10,1081,,90217.76640094945,187441757.00046396,0.0,0.0,138,0.0
10-207-01082,BIHAR,Madhubani,Basopatti,0,0,,206,10,1082,,97634.90682970545,164238774.4639331,0.0,0.0,122,0.0
10-207-01089,BIHAR,Madhubani,Khajauli,0,0,,206,10,1089,,91171.28062794723,150968724.81279027,0.0,0.0,108,0.0
10-207-01083,BIHAR,Madhubani,Jainagar,0,0,,206,10,1083,,81489.61423509955,161880108.8306139,0.0,0.0,115,0.0
10-207-01090,BIHAR,Madhubani,Kaluahi,0,0,,206,10,1090,,62305.281593423286,101560283.08963235,0.0,0.0,75,0.0
10-207-01084,BIHAR,Madhubani,Ladania,0,0,,206,10,1084,,97928.14946240213,232665607.5684243,0.0,0.0,164,0.0
10-207-01085,BIHAR,Madhubani,Laukaha,0,0,,206,10,1085,,102032.19667129294,266340932.00179368,0.0,0.0,197,0.0
10-207-01086,BIHAR,Madhubani,Laukahi,0,0,,206,10,1086,,109679.24973352649,329223432.564553,0.0,0.0,237,0.0
10-207-01087,BIHAR,Madhubani,Phulparas,0,0,,206,10,1087,,117974.41186319289,199352334.8677591,0.0,0.0,140,0.0
10-207-01088,BIHAR,Madhubani,Babubarhi,0,0,,206,10,1088,,118996.04641992833,237192379.86086744,0.0,0.0,174,0.0
10-207-01091,BIHAR,Madhubani,Benipatti,0,0,,206,10,1091,,128414.2409747215,328987645.9449377,0.0,0.0,231,0.0
10-207-01092,BIHAR,Madhubani,Bisfi,0,0,,206,10,1092,,99754.46134559005,226192948.413646,0.0,0.0,165,0.0
10-207-01093,BIHAR,Madhubani,Madhubani,0,0,,206,10,1093,,109764.71764889831,200359220.56727448,0.0,0.0,142,0.0
10-207-01094,BIHAR,Madhubani,Pandaul,0,0,,206,10,1094,,102372.75527307783,208327489.63825428,0.0,0.0,148,0.0
10-207-01096,BIHAR,Madhubani,Andhratharhi,0,0,,206,10,1096,,97300.5167595078,186769445.10608673,0.0,0.0,134,0.0
10-207-01097,BIHAR,Madhubani,Jhanjharpur,0,0,,206,10,1097,,125261.96837896874,181284371.95402232,0.0,0.0,132,0.0
10-207-01098,BIHAR,Madhubani,Ghoghardiha,0,0,,206,10,1098,,114215.40677637524,211228851.4219488,0.0,0.0,159,0.0
10-207-01099,BIHAR,Madhubani,Lakhnaur,0,0,,206,10,1099,,72956.74167609161,146945623.14022,0.0,0.0,110,0.0
10-207-01100,BIHAR,Madhubani,Madhepur,0,0,,206,10,1100,,144505.38034518834,300452948.5687113,0.0,0.0,212,0.0
10-208-01101,BIHAR,Supaul,Nirmali,0,0,,223,10,1101,,123310.21889922836,162734364.67066902,0.0,0.0,118,0.0
10-208-01102,BIHAR,Supaul,Basantpur,0,0,,223,10,1102,,136288.63693043106,319456339.75100917,0.0,0.0,228,0.0
10-208-01103,BIHAR,Supaul,Chhatapur,0,0,,223,10,1103,,142271.17176584958,398825687.2446475,0.0,0.0,285,0.0
10-208-01104,BIHAR,Supaul,Pratapganj,0,0,,223,10,1104,,71155.69013184242,133032565.19323792,0.0,0.0,97,0.0
10-208-01105,BIHAR,Supaul,Raghopur,0,0,,223,10,1105,,111831.20983491397,255841046.48838165,0.0,0.0,187,0.0
10-221-01285,BIHAR,Samastipur,Warisnagar,0,0,,217,10,1285,,90241.30323013186,163846086.5162723,0.0,0.0,120,0.0
10-208-01106,BIHAR,Supaul,Saraigarh Bhaptiyahi,0,0,,223,10,1106,,105489.5116383213,257042943.27229512,0.0,0.0,189,0.0
10-208-01107,BIHAR,Supaul,Kishanpur,0,0,,223,10,1107,,125516.73810076228,248613546.3002807,0.0,0.0,177,0.0
10-208-01108,BIHAR,Supaul,Marauna,0,0,,223,10,1108,,114969.59778192453,206419565.01179272,0.0,0.0,149,0.0
10-208-01109,BIHAR,Supaul,Supaul,0,0,,223,10,1109,,122628.008173687,390920691.5720901,0.0,0.0,287,0.0
10-208-01110,BIHAR,Supaul,Pipra,0,0,,223,10,1110,,113516.78657800167,247320462.25611627,0.0,0.0,181,0.0
10-221-01287,BIHAR,Samastipur,Khanpur,0,0,,217,10,1287,,89337.20668890505,173313349.37261373,0.0,0.0,127,0.0
10-208-01111,BIHAR,Supaul,Tribeniganj,0,0,,223,10,1111,,136684.8917573132,402291551.99740016,0.0,0.0,290,0.0
10-209-01112,BIHAR,Araria,Narpatganj,0,0,,188,10,1112,,196352.82868709194,482872068.7863751,0.0,0.0,351,0.0
10-209-01113,BIHAR,Araria,Forbesganj,0,0,,188,10,1113,,165874.55860340688,546946456.996027,0.0,0.0,392,0.0
10-209-01114,BIHAR,Araria,Bhargama,0,0,,188,10,1114,,140909.75235341018,280499778.1128878,0.0,0.0,206,0.0
10-209-01115,BIHAR,Araria,Raniganj,0,0,,188,10,1115,,160625.61646677545,576910744.770993,0.0,0.0,418,0.0
10-209-01116,BIHAR,Araria,Araria,0,0,,188,10,1116,,192057.15187743204,506918787.2643526,0.0,0.0,371,0.0
10-209-01117,BIHAR,Araria,Kursakatta,0,0,,188,10,1117,,96566.38525637137,201032230.408231,0.0,0.0,147,0.0
10-209-01118,BIHAR,Araria,Sikti,0,0,,188,10,1118,,116798.35346995249,237753016.2819182,0.0,0.0,177,0.0
10-209-01119,BIHAR,Araria,Palasi,0,0,,188,10,1119,,132578.70192307016,306240761.34804773,0.0,0.0,222,0.0
10-209-01120,BIHAR,Araria,Jokihat,0,0,,188,10,1120,,155370.9524619173,341005127.7602247,0.0,0.0,246,0.0
10-210-01121,BIHAR,Kishanganj,Terhagachh,0,0,,203,10,1121,,121953.02658094271,245208326.38245347,0.0,0.0,175,0.0
10-210-01122,BIHAR,Kishanganj,Dighalbank,0,0,,203,10,1122,,147432.83262190674,314385668.4331173,0.0,0.0,224,0.0
10-211-01129,BIHAR,Purnia,Barhara,0,0,,214,10,1129,,111073.17449432175,288009141.38478667,0.0,0.0,212,0.0
10-211-01130,BIHAR,Purnia,Bhawanipur,0,0,,214,10,1130,,116656.34435182877,201938838.4795833,0.0,0.0,147,0.0
10-211-01131,BIHAR,Purnia,Rupauli,0,0,,214,10,1131,,113946.660566684,308195114.8462847,0.0,0.0,227,0.0
10-211-01132,BIHAR,Purnia,Dhamdaha,0,0,,214,10,1132,,135370.01293426772,446856166.039676,0.0,0.0,326,0.0
10-211-01133,BIHAR,Purnia,Krityanand Nagar,0,0,,214,10,1133,,149407.41850079046,364443041.21247435,0.0,0.0,274,0.0
10-211-01134,BIHAR,Purnia,Purnia East,0,0,,214,10,1134,,127662.13358515713,309272824.56310594,0.0,0.0,228,0.0
10-211-01135,BIHAR,Purnia,Kasba,0,0,,214,10,1135,,130095.64608516233,215123054.3424731,0.0,0.0,154,0.0
10-211-01136,BIHAR,Purnia,Srinagar,0,0,,214,10,1136,,106220.57404900706,172405807.6412187,0.0,0.0,122,0.0
10-211-01137,BIHAR,Purnia,Jalalgarh,0,0,,214,10,1137,,87146.39992638786,142107808.6772385,0.0,0.0,102,0.0
10-211-01138,BIHAR,Purnia,Amour,0,0,,214,10,1138,,141371.93624621196,307011870.96961224,0.0,0.0,225,0.0
10-211-01139,BIHAR,Purnia,Baisa,0,0,,214,10,1139,,132173.35304950457,275191667.549805,0.0,0.0,197,0.0
10-211-01140,BIHAR,Purnia,Baisi,0,0,,214,10,1140,,118169.54825440844,253873549.02719215,0.0,0.0,187,0.0
10-211-01141,BIHAR,Purnia,Dagarua,0,0,,214,10,1141,,129309.28146976323,257465778.6329552,0.0,0.0,180,0.0
10-212-01142,BIHAR,Katihar,Falka,0,0,,201,10,1142,,100518.70580952488,208374539.8829749,0.0,0.0,150,0.0
10-212-01143,BIHAR,Katihar,Korha,0,0,,201,10,1143,,137118.64195203967,368801327.90483874,0.0,0.0,273,0.0
10-212-01144,BIHAR,Katihar,Hasanganj,0,0,,201,10,1144,,78227.29832785497,86155111.41022065,0.0,0.0,62,0.0
10-212-01145,BIHAR,Katihar,Kadwa,0,0,,201,10,1145,,157692.68144088247,420129854.10490626,0.0,0.0,307,0.0
10-212-01146,BIHAR,Katihar,Balrampur,0,0,,201,10,1146,,141815.18317465586,216253207.31133217,0.0,0.0,151,0.0
10-212-01147,BIHAR,Katihar,Barsoi,0,0,,201,10,1147,,172308.8160052511,357713388.6445612,0.0,0.0,261,0.0
10-212-01148,BIHAR,Katihar,Azamnagar,0,0,,201,10,1148,,141791.77759222616,349759708.1212404,0.0,0.0,253,0.0
10-221-01290,BIHAR,Samastipur,Tajpur,0,0,,217,10,1290,,57166.77792153786,83856612.1105223,0.0,0.0,61,0.0
10-212-01149,BIHAR,Katihar,Pranpur,0,0,,201,10,1149,,111803.70370561493,191475637.62126103,0.0,0.0,141,0.0
10-212-01150,BIHAR,Katihar,Dandkhora,0,0,,201,10,1150,,70987.07501110679,111201189.06340708,0.0,0.0,81,0.0
10-212-01151,BIHAR,Katihar,Katihar,0,0,,201,10,1151,,76845.81968857624,136830037.77828172,0.0,0.0,100,0.0
10-212-01152,BIHAR,Katihar,Mansahi,0,0,,201,10,1152,,73279.06289841712,97405011.1871763,0.0,0.0,73,0.0
10-212-01155,BIHAR,Katihar,Kursela,0,0,,201,10,1155,,80348.39413748268,153683091.52761996,0.0,0.0,117,0.0
10-212-01153,BIHAR,Katihar,Barari,0,0,,201,10,1153,,107333.93297446336,407446973.1478653,0.0,0.0,292,0.0
10-212-01154,BIHAR,Katihar,Sameli,0,0,,201,10,1154,,75105.36277909,118027198.2496544,0.0,0.0,81,0.0
10-212-01156,BIHAR,Katihar,Manihari,0,0,,201,10,1156,,130162.81635074862,303859830.4099729,0.0,0.0,221,0.0
10-212-01157,BIHAR,Katihar,Amdabad,0,0,,201,10,1157,,103742.71814675455,228302986.79665467,0.0,0.0,164,0.0
10-213-01158,BIHAR,Madhepura,Gamharia,0,0,,205,10,1158,,80141.00377515821,125479849.27382244,0.0,0.0,89,0.0
10-213-01160,BIHAR,Madhepura,Ghailarh,0,0,,205,10,1160,,78865.70647224285,116219722.2388165,0.0,0.0,83,0.0
10-213-01159,BIHAR,Madhepura,Singheshwar,0,0,,205,10,1159,,111627.30849980874,111167268.35246354,0.0,0.0,78,0.0
10-216-01210,BIHAR,Muzaffarpur,Bandra,0,0,,208,10,1210,,74293.85759884378,142020443.31484023,0.0,0.0,103,0.0
10-213-01161,BIHAR,Madhepura,Madhepura,0,0,,205,10,1161,,115084.47931226583,237801277.85767865,0.0,0.0,175,0.0
10-213-01162,BIHAR,Madhepura,Shankarpur,0,0,,205,10,1162,,63984.56408470212,128790837.874554,0.0,0.0,94,0.0
10-213-01163,BIHAR,Madhepura,Kumarkhand,0,0,,205,10,1163,,118191.24796123093,316976886.68211347,0.0,0.0,230,0.0
10-213-01164,BIHAR,Madhepura,Murliganj,0,0,,205,10,1164,,94211.11378994165,247086114.21145928,0.0,0.0,179,0.0
10-221-01293,BIHAR,Samastipur,Mohanpur,0,0,,217,10,1293,,74468.46489139357,163000016.77407515,0.0,0.0,120,0.0
10-213-01165,BIHAR,Madhepura,Gwalpara,0,0,,205,10,1165,,78037.2495556277,147267353.58482873,0.0,0.0,109,0.0
10-214-01172,BIHAR,Saharsa,Satar Kataiya,0,0,,216,10,1172,,77878.75925155886,177382280.64763528,0.0,0.0,130,0.0
10-213-01166,BIHAR,Madhepura,Bihariganj,0,0,,205,10,1166,,79669.40805645821,133818744.70956944,0.0,0.0,98,0.0
10-216-01211,BIHAR,Muzaffarpur,Dholi (Moraul),0,0,,208,10,1211,,63030.361633940505,73298422.6275262,0.0,0.0,50,0.0
10-213-01167,BIHAR,Madhepura,Kishanganj,0,0,,205,10,1167,,99817.47531025465,188055937.5971522,0.0,0.0,133,0.0
10-216-01212,BIHAR,Muzaffarpur,Musahri,0,0,,208,10,1212,,211487.75457487197,365415439.5943066,0.0,0.0,267,0.0
10-213-01168,BIHAR,Madhepura,Puraini,0,0,,205,10,1168,,63416.842365887525,103114850.3546553,0.0,0.0,76,0.0
10-214-01174,BIHAR,Saharsa,Kahara,0,0,,216,10,1174,,81070.16203244023,176788302.3737116,0.0,0.0,128,0.0
10-213-01169,BIHAR,Madhepura,Alamnagar,0,0,,205,10,1169,,94357.42058114092,211989804.11375904,0.0,0.0,151,0.0
10-213-01170,BIHAR,Madhepura,Chausa,0,0,,205,10,1170,,87285.75133964,172516848.53860697,0.0,0.0,124,0.0
10-214-01171,BIHAR,Saharsa,Nauhatta,0,0,,216,10,1171,,93228.84620468391,212763144.21707585,0.0,0.0,151,0.0
10-217-01227,BIHAR,Gopalganj,Sidhwalia,0,0,,197,10,1227,,69457.48217743407,152022198.31601515,0.0,0.0,109,0.0
10-214-01173,BIHAR,Saharsa,Mahishi,0,0,,216,10,1173,,106372.46434789852,273075178.2794974,0.0,0.0,195,0.0
10-214-01175,BIHAR,Saharsa,Saur Bazar,0,0,,216,10,1175,,88121.22998090234,233228921.9025612,0.0,0.0,171,0.0
10-214-01176,BIHAR,Saharsa,Patarghat,0,0,,216,10,1176,,67497.21582029684,149681422.04156074,0.0,0.0,105,0.0
10-214-01177,BIHAR,Saharsa,Sonbarsa,0,0,,216,10,1177,,90185.02153799882,263952116.041209,0.0,0.0,193,0.0
10-216-01199,BIHAR,Muzaffarpur,Sahebganj,0,0,,208,10,1199,,80060.99972290538,253055918.70266867,0.0,0.0,189,0.0
10-214-01178,BIHAR,Saharsa,Simri Bakhtiarpur,0,0,,216,10,1178,,119116.35548129058,266466354.66217396,0.0,0.0,194,0.0
10-214-01179,BIHAR,Saharsa,Salkhua,0,0,,216,10,1179,,82412.26684571667,221182533.93573853,0.0,0.0,163,0.0
10-214-01180,BIHAR,Saharsa,Banma Itahri,0,0,,216,10,1180,,54286.501575749484,92822449.4552088,0.0,0.0,68,0.0
10-215-01181,BIHAR,Darbhanga,Jale,0,0,,195,10,1181,,112473.57051363293,234172285.01568127,0.0,0.0,171,0.0
10-215-01182,BIHAR,Darbhanga,Singhwara,0,0,,195,10,1182,,121368.62688362494,223279889.67870736,0.0,0.0,162,0.0
10-215-01183,BIHAR,Darbhanga,Keotiranway,0,0,,195,10,1183,,89515.08566239705,180205403.4644349,0.0,0.0,131,0.0
10-215-01184,BIHAR,Darbhanga,Darbhanga,0,0,,195,10,1184,,131883.04966973627,240721362.1475316,0.0,0.0,174,0.0
10-215-01185,BIHAR,Darbhanga,Manigachhi,0,0,,195,10,1185,,96856.01003306538,158887287.31255177,0.0,0.0,114,0.0
10-215-01186,BIHAR,Darbhanga,Tardih,0,0,,195,10,1186,,96398.42232606321,109520018.96976715,0.0,0.0,79,0.0
10-215-01187,BIHAR,Darbhanga,Alinagar,0,0,,195,10,1187,,105560.56246873255,146523357.5416611,0.0,0.0,105,0.0
10-215-01188,BIHAR,Darbhanga,Benipur,0,0,,195,10,1188,,118482.30854716274,204643530.87647069,0.0,0.0,150,0.0
10-215-01189,BIHAR,Darbhanga,Bahadurpur,0,0,,195,10,1189,,155637.00049509996,221161760.4253616,0.0,0.0,158,0.0
10-215-01190,BIHAR,Darbhanga,Hanumannagar,0,0,,195,10,1190,,114393.83215098479,181536916.32106537,0.0,0.0,130,0.0
10-215-01191,BIHAR,Darbhanga,Hayaghat,0,0,,195,10,1191,,66118.49929402806,108810529.75916524,0.0,0.0,77,0.0
10-215-01192,BIHAR,Darbhanga,Baheri,0,0,,195,10,1192,,128629.1579498372,271307286.95794886,0.0,0.0,195,0.0
10-215-01193,BIHAR,Darbhanga,Biraul,0,0,,195,10,1193,,135706.32971678255,230203939.26841983,0.0,0.0,167,0.0
10-215-01194,BIHAR,Darbhanga,Ghanshyampur,0,0,,195,10,1194,,76766.91373126305,103945643.9979024,0.0,0.0,78,0.0
10-215-01195,BIHAR,Darbhanga,Kiratpur,0,0,,195,10,1195,,78793.19278562842,78915927.53877336,0.0,0.0,60,0.0
10-215-01196,BIHAR,Darbhanga,Gora Bauram,0,0,,195,10,1196,,99804.03366816713,145653476.81698695,0.0,0.0,104,0.0
10-215-01197,BIHAR,Darbhanga,Kusheshwar Asthan,0,0,,195,10,1197,,87220.16498537568,144130520.9401011,0.0,0.0,107,0.0
10-215-01198,BIHAR,Darbhanga,Kusheshwar Asthan Purbi,0,0,,195,10,1198,,91858.86035222423,150084285.43545517,0.0,0.0,112,0.0
10-216-01200,BIHAR,Muzaffarpur,Baruraj (Motipur),0,0,,208,10,1200,,125110.13599018812,365259305.4740948,0.0,0.0,263,0.0
10-216-01201,BIHAR,Muzaffarpur,Paroo,0,0,,208,10,1201,,136934.87791145188,413033977.3448192,0.0,0.0,295,0.0
10-216-01202,BIHAR,Muzaffarpur,Saraiya,0,0,,208,10,1202,,155820.80051537574,301402655.1404849,0.0,0.0,218,0.0
10-216-01203,BIHAR,Muzaffarpur,Marwan,0,0,,208,10,1203,,84959.92762229654,138736310.53842777,0.0,0.0,101,0.0
10-216-01204,BIHAR,Muzaffarpur,Kanti,0,0,,208,10,1204,,97122.90469976026,124757584.36625764,0.0,0.0,91,0.0
10-216-01205,BIHAR,Muzaffarpur,Minapur,0,0,,208,10,1205,,166218.11946715685,316124209.98756105,0.0,0.0,228,0.0
10-216-01206,BIHAR,Muzaffarpur,Bochaha,0,0,,208,10,1206,,126044.68100944142,233148755.94160384,0.0,0.0,167,0.0
10-216-01207,BIHAR,Muzaffarpur,Aurai,0,0,,208,10,1207,,101267.16719990574,247748190.77792475,0.0,0.0,177,0.0
10-216-01208,BIHAR,Muzaffarpur,Katra,0,0,,208,10,1208,,118891.9342746819,235108975.17115793,0.0,0.0,171,0.0
10-216-01209,BIHAR,Muzaffarpur,Gaighat,0,0,,208,10,1209,,111008.49869520529,259762671.68662548,0.0,0.0,191,0.0
10-216-01213,BIHAR,Muzaffarpur,Kurhani,0,0,,208,10,1213,,108106.10574110712,256354911.2077163,0.0,0.0,187,0.0
10-216-01214,BIHAR,Muzaffarpur,Sakra,0,0,,208,10,1214,,105121.4777371614,236360031.18726787,0.0,0.0,175,0.0
10-217-01215,BIHAR,Gopalganj,Katiya,0,0,,197,10,1215,,94755.55253264701,158441587.458013,0.00020193850887298583,0.00015866597125734598,112,0.01777058878082275
10-217-01216,BIHAR,Gopalganj,Bijaipur,0,0,,197,10,1216,,81309.59717969262,163112176.36717936,0.00020193850887298583,0.00020193850887298583,120,0.0242326210647583
10-217-01217,BIHAR,Gopalganj,Bhorey,0,0,,197,10,1217,,78790.65552761848,196013266.46535653,0.00020193850887298583,0.00010517630670468012,144,0.015145388165473938
10-217-01218,BIHAR,Gopalganj,Pach Deuri,0,0,,197,10,1218,,53698.212932643866,118295317.11973979,0.0,0.0,85,0.0
10-217-01219,BIHAR,Gopalganj,Kuchaikote,0,0,,197,10,1219,,101077.28158428885,316078491.04748106,0.0,0.0,226,0.0
10-217-01220,BIHAR,Gopalganj,Phulwaria,0,0,,197,10,1220,,81339.22200232239,118763292.85091434,0.0,0.0,89,0.0
10-217-01221,BIHAR,Gopalganj,Hathua,0,0,,197,10,1221,,91546.96202775641,183613061.83342972,0.0001552073504638672,0.00010265683022806964,127,0.013037417438964844
10-217-01222,BIHAR,Gopalganj,Uchkagaon,0,0,,197,10,1222,,80102.93001981139,142235093.67043933,0.0001552073504638672,1.0249542011764814e-05,106,0.0010864514532470703
10-217-01223,BIHAR,Gopalganj,Thawe,0,0,,197,10,1223,,57244.55575246375,89300191.60424533,0.0001552073504638672,2.425114850997925e-06,64,0.0001552073504638672
10-217-01224,BIHAR,Gopalganj,Gopalganj,0,0,,197,10,1224,,110313.13172782106,244420793.60160467,0.0,0.0,182,0.0
10-218-01232,BIHAR,Siwan,Goriakothi,0,0,,222,10,1232,,73201.39147651673,174963939.23516312,0.0,0.0,127,0.0
10-217-01225,BIHAR,Gopalganj,Manjha,0,0,,197,10,1225,,80242.78538873792,179389027.9828925,0.0,0.0,131,0.0
10-217-01226,BIHAR,Gopalganj,Barauli,0,0,,197,10,1226,,105754.79057670098,232227972.12586737,0.0,0.0,170,0.0
10-217-01228,BIHAR,Gopalganj,Baikunthpur,0,0,,197,10,1228,,97825.58906166903,256614409.24172768,0.0,0.0,185,0.0
10-218-01229,BIHAR,Siwan,Nautan,0,0,,222,10,1229,,58324.35348563096,81827813.66620097,0.0001552073504638672,0.0001552073504638672,58,0.009002026326904297
10-218-01230,BIHAR,Siwan,Siwan,0,0,,222,10,1230,,92599.06904644772,168879532.28230655,0.0001552073504638672,0.00014205418517031912,118,0.016762393850097656
10-218-01235,BIHAR,Siwan,Bhagwanpur Hat,0,0,,222,10,1235,,86430.4184146014,189582799.91524476,8.00507192993164e-05,1.2761708873804064e-05,138,0.0017611158245849608
10-218-01231,BIHAR,Siwan,Barharia,0,0,,222,10,1231,,90315.6629531122,219606934.01516393,0.0001552073504638672,2.9101378211975096e-06,160,0.00046562205139160154
10-218-01233,BIHAR,Siwan,Lakri Nabiganj,0,0,,222,10,1233,,79648.98713303795,120773104.6039552,0.0,0.0,88,0.0
10-218-01234,BIHAR,Siwan,Basantpur,0,0,,222,10,1234,,57871.378293950496,76675463.02480637,0.0,0.0,56,0.0
10-218-01236,BIHAR,Siwan,Maharajganj,0,0,,222,10,1236,,119387.58843212528,142817377.5161484,8.00507192993164e-05,3.0310466530809118e-05,103,0.0031219780526733393
10-218-01237,BIHAR,Siwan,Pachrukhi,0,0,,222,10,1237,,99183.2392802834,160709761.40986398,0.0001552073504638672,6.632792754866119e-06,117,0.000776036752319336
10-218-01238,BIHAR,Siwan,Hussainganj,0,0,,222,10,1238,,68784.84800107122,105975934.30464326,0.0001552073504638672,0.000136378918803447,74,0.010092039991455078
10-218-01239,BIHAR,Siwan,Ziradei,0,0,,222,10,1239,,98825.50869312549,152221780.48504183,0.0001552073504638672,0.0001548658073576506,111,0.017190104616699217
10-218-01240,BIHAR,Siwan,Mairwa,0,0,,222,10,1240,,65279.2242200428,88898123.37504825,0.00017369404052734375,0.00015604765455766155,66,0.010299145200805663
10-218-01242,BIHAR,Siwan,Darauli,0,0,,222,10,1242,,90305.00161970501,214758375.6239279,0.00017369404052734375,0.0001289580470718876,155,0.01998849729614258
10-218-01241,BIHAR,Siwan,Guthani,0,0,,222,10,1241,,78778.78773845347,115110806.99004474,0.00017369404052734375,0.00017234135588855277,82,0.014131991182861327
10-219-01248,BIHAR,Saran,Mashrakh,0,0,,218,10,1248,,82075.7710341599,165898243.02109933,0.0,0.0,121,0.0
10-218-01243,BIHAR,Siwan,Andar,0,0,,222,10,1243,,83358.60866933218,125625010.62434034,0.0001552073504638672,0.00012165368461521194,87,0.01058387056152344
10-219-01249,BIHAR,Saran,Panapur,0,0,,218,10,1249,,75875.09329534958,182360909.7404776,0.0,0.0,128,0.0
10-218-01244,BIHAR,Siwan,Raghunathpur,0,0,,222,10,1244,,87824.68008836384,193566358.3438411,0.00011729606567382813,0.00011729606567382815,143,0.016773337391357425
10-219-01250,BIHAR,Saran,Taraiya,0,0,,218,10,1250,,53629.0613522338,97307015.09151264,0.0,0.0,74,0.0
10-218-01245,BIHAR,Siwan,Hasanpura,0,0,,222,10,1245,,82786.09108287447,121956119.03175904,0.00011729606567382813,9.405044777354976e-05,87,0.008182388956298829
10-219-01251,BIHAR,Saran,Ishupur,0,0,,218,10,1251,,62425.60798229613,109300191.56908256,0.0,0.0,76,0.0
10-218-01246,BIHAR,Siwan,Daraundha,0,0,,222,10,1246,,105400.53795370483,157911066.26165873,8.00507192993164e-05,6.960932112984036e-05,115,0.008005071929931641
10-219-01256,BIHAR,Saran,Jalalpur,0,0,,218,10,1256,,65042.73641147566,147549697.72689733,8.00507192993164e-05,1.5164630429249895e-05,106,0.0016074508255004888
10-218-01247,BIHAR,Siwan,Siswan,0,0,,222,10,1247,,98184.39847010886,155554872.77293277,0.00011729606567382813,9.112366011336045e-05,111,0.01011472627258301
10-219-01259,BIHAR,Saran,Nagra,0,0,,218,10,1259,,43289.948409307304,65110006.46242106,3.5152990417480476e-05,1.4958719326587436e-05,47,0.0007030598083496095
10-219-01252,BIHAR,Saran,Baniapur,0,0,,218,10,1252,,89199.8841803021,219417775.87250236,8.00507192993164e-05,1.9644348294310773e-06,163,0.0003202028771972656
10-219-01253,BIHAR,Saran,Lahladpur,0,0,,218,10,1253,,49287.19248841685,70233795.44130237,8.00507192993164e-05,4.3227388421630856e-05,50,0.0021613694210815427
10-219-01254,BIHAR,Saran,Ekma,0,0,,218,10,1254,,99716.17236158185,176114988.01319405,8.00507192993164e-05,8.00507192993164e-05,128,0.0102464920703125
10-219-01255,BIHAR,Saran,Manjhi,0,0,,218,10,1255,,127085.43562979231,244607530.98349065,8.00507192993164e-05,7.879089115227594e-05,180,0.01418236040740967
10-219-01257,BIHAR,Saran,Revelganj,0,0,,218,10,1257,,84877.1419542779,179359801.45379385,7.63827606201172e-05,3.845137203369141e-05,125,0.004806421504211427
10-219-01258,BIHAR,Saran,Chapra,0,0,,218,10,1258,,119729.94798472138,239470568.44351175,3.5152990417480476e-05,3.295592851638795e-05,176,0.005800243418884279
10-219-01260,BIHAR,Saran,Marhaura,0,0,,218,10,1260,,87240.95030017926,190752130.05196184,3.5152990417480476e-05,1.0263646837220576e-06,137,0.0001406119616699219
10-219-01261,BIHAR,Saran,Amnour,0,0,,218,10,1261,,94922.90618840617,160109081.4065653,3.5152990417480476e-05,5.958133969064488e-07,118,7.030598083496095e-05
10-219-01263,BIHAR,Saran,Parsa,0,0,,218,10,1263,,85595.91054800974,122749042.93573296,0.0,0.0,88,0.0
10-219-01266,BIHAR,Saran,Dighwara,0,0,,218,10,1266,,81943.45164265168,101347015.6655549,0.0,0.0,72,0.0
10-219-01264,BIHAR,Saran,Dariapur,0,0,,218,10,1264,,115477.27251924115,281302380.67878103,0.0,0.0,202,0.0
10-219-01265,BIHAR,Saran,Garkha,0,0,,218,10,1265,,90147.74693968748,213336409.9887166,3.5152990417480476e-05,1.80330275518244e-05,154,0.0027770862429809576
10-220-01269,BIHAR,Vaishali,Paterhi Belsar,0,0,,224,10,1269,,56227.36197278124,93522597.26160131,0.0,0.0,69,0.0
10-219-01267,BIHAR,Saran,Sonepur,0,0,,218,10,1267,,70412.64000247594,214865144.18564072,0.0,0.0,162,0.0
10-220-01268,BIHAR,Vaishali,Vaishali,0,0,,224,10,1268,,72706.90824879723,158663399.21103516,0.0,0.0,114,0.0
10-220-01270,BIHAR,Vaishali,Lalganj,0,0,,224,10,1270,,89595.71916906572,184177988.41986412,0.0,0.0,133,0.0
10-221-01294,BIHAR,Samastipur,Mohiuddinagar,0,0,,217,10,1294,,80607.53716768604,178536106.2701614,0.0,0.0,130,0.0
10-220-01271,BIHAR,Vaishali,Bhagwanpur,0,0,,224,10,1271,,98965.72708266653,142473218.81446454,0.0,0.0,102,0.0
10-220-01272,BIHAR,Vaishali,Goraul,0,0,,224,10,1272,,101989.77906286377,122446101.92943335,0.0,0.0,87,0.0
10-220-01273,BIHAR,Vaishali,Chehra Kalan,0,0,,224,10,1273,,63204.34388206024,89818122.94593617,0.0,0.0,66,0.0
10-220-01277,BIHAR,Vaishali,Raja Pakar,0,0,,224,10,1277,,58946.08844196175,93673217.82917874,0.0,0.0,72,0.0
10-220-01274,BIHAR,Vaishali,Patepur,0,0,,224,10,1274,,118180.33822078991,317029999.71255994,0.0,0.0,234,0.0
10-220-01275,BIHAR,Vaishali,Mahua,0,0,,224,10,1275,,86273.82517515696,171155586.12447235,0.0,0.0,125,0.0
10-220-01276,BIHAR,Vaishali,Jandaha,0,0,,224,10,1276,,99044.76663725945,179891527.10359335,0.0,0.0,128,0.0
10-220-01278,BIHAR,Vaishali,Hajipur,0,0,,224,10,1278,,80048.24731377292,194916759.16986817,0.0,0.0,140,0.0
10-220-01280,BIHAR,Vaishali,Bidupur,0,0,,224,10,1280,,88122.3198685409,139375575.9420912,0.0,0.0,99,0.0
10-220-01279,BIHAR,Vaishali,Raghopur,0,0,,224,10,1279,,128641.49950069311,338499790.0832371,0.0,0.0,246,0.0
10-220-01281,BIHAR,Vaishali,Desri,0,0,,224,10,1281,,50183.809114488824,56627949.53624974,0.0,0.0,43,0.0
10-221-01284,BIHAR,Samastipur,Kalyanpur,0,0,,217,10,1284,,147387.26660455638,294821482.9966942,0.0,0.0,214,0.0
10-221-01286,BIHAR,Samastipur,Shivaji Nagar,0,0,,217,10,1286,,96209.25031894707,172333979.18990555,0.0,0.0,130,0.0
10-221-01288,BIHAR,Samastipur,Samastipur,0,0,,217,10,1288,,112474.97484539819,170577777.20953664,0.0,0.0,123,0.0
10-221-01289,BIHAR,Samastipur,Pusa,0,0,,217,10,1289,,64081.7615729533,95008289.7510354,0.0,0.0,65,0.0
10-221-01291,BIHAR,Samastipur,Morwa,0,0,,217,10,1291,,104551.97847793197,152111293.7773472,0.0,0.0,106,0.0
10-221-01292,BIHAR,Samastipur,Patori,0,0,,217,10,1292,,69422.25062895294,130638318.44440164,0.0,0.0,93,0.0
10-221-01295,BIHAR,Samastipur,Sarairanjan,0,0,,217,10,1295,,96463.23467310029,185572344.2706523,0.0,0.0,145,0.0
10-221-01296,BIHAR,Samastipur,Vidyapati Nagar,0,0,,217,10,1296,,62930.2690484309,106322816.42401849,0.0,0.0,75,0.0
10-221-01297,BIHAR,Samastipur,Dalsinghsarai,0,0,,217,10,1297,,80515.23552986495,118201268.21451648,0.0,0.0,89,0.0
10-221-01298,BIHAR,Samastipur,Ujiarpur,0,0,,217,10,1298,,81756.09445970641,209497824.1015558,0.0,0.0,149,0.0
10-221-01300,BIHAR,Samastipur,Rosera,0,0,,217,10,1300,,84599.34785899956,138535375.895554,0.0,0.0,97,0.0
10-221-01299,BIHAR,Samastipur,Bibhutpur,0,0,,217,10,1299,,96600.53522783429,258332531.194082,0.0,0.0,187,0.0
10-221-01301,BIHAR,Samastipur,Singhia,0,0,,217,10,1301,,76055.88015393679,178639507.67998633,0.0,0.0,128,0.0
10-222-01307,BIHAR,Begusarai,Cheria Bariarpur,0,0,,191,10,1307,,80422.0696045629,127840547.1243011,0.0,0.0,89,0.0
10-221-01302,BIHAR,Samastipur,Hasanpur,0,0,,217,10,1302,,122795.93417076243,188091095.39019313,0.0,0.0,138,0.0
10-221-01303,BIHAR,Samastipur,Bithan,0,0,,217,10,1303,,72838.55780104545,149849875.79630712,0.0,0.0,109,0.0
10-222-01304,BIHAR,Begusarai,Khudabandpur,0,0,,191,10,1304,,49522.71992212785,59617610.47663844,0.0,0.0,39,0.0
10-222-01305,BIHAR,Begusarai,Chhorahi,0,0,,191,10,1305,,96201.09768359947,128309829.49376953,0.0,0.0,94,0.0
10-222-01306,BIHAR,Begusarai,Garhpura,0,0,,191,10,1306,,69581.28073662621,88651595.91159394,0.0,0.0,68,0.0
10-222-01308,BIHAR,Begusarai,Bhagwanpur,0,0,,191,10,1308,,102620.52088176137,147276258.21886113,0.0,0.0,106,0.0
10-223-01324,BIHAR,Khagaria,Mansi,0,0,,202,10,1324,,70720.37786012898,86151878.56106131,0.0,0.0,69,0.0
10-222-01309,BIHAR,Begusarai,Mansurchak,0,0,,191,10,1309,,55538.61039021854,42158333.283958256,0.0,0.0,31,0.0
10-224-01333,BIHAR,Bhagalpur,Rangra Chowk,0,0,,192,10,1333,,56200.86409227388,97946271.45940188,0.0,0.0,71,0.0
10-222-01310,BIHAR,Begusarai,Bachhwara,0,0,,191,10,1310,,112893.55520851951,186501763.14040864,0.0,0.0,138,0.0
10-222-01311,BIHAR,Begusarai,Teghra,0,0,,191,10,1311,,93442.93751421869,180050069.66821858,0.0,0.0,129,0.0
10-222-01312,BIHAR,Begusarai,Barauni,0,0,,191,10,1312,,90573.71511882372,141812926.41245717,0.0,0.0,102,0.0
10-222-01313,BIHAR,Begusarai,Birpur,0,0,,191,10,1313,,69057.86510087451,64693086.30641256,0.0,0.0,53,0.0
10-222-01314,BIHAR,Begusarai,Begusarai,0,0,,191,10,1314,,114572.02827886646,273941103.5239774,0.0,0.0,200,0.0
10-222-01315,BIHAR,Begusarai,Naokothi,0,0,,191,10,1315,,61794.845266753924,91575422.87048158,0.0,0.0,64,0.0
10-222-01316,BIHAR,Begusarai,Bakhri,0,0,,191,10,1316,,74902.13049058078,94921186.04856166,0.0,0.0,66,0.0
10-222-01317,BIHAR,Begusarai,Dandari,0,0,,191,10,1317,,77075.31892237118,85364223.36403492,0.0,0.0,65,0.0
10-222-01318,BIHAR,Begusarai,Sahebpur Kamal,0,0,,191,10,1318,,97820.3506924087,179327758.1582562,0.0,0.0,131,0.0
10-222-01319,BIHAR,Begusarai,Balia,0,0,,191,10,1319,,95726.56851828664,181873531.04775092,0.0,0.0,133,0.0
10-222-01320,BIHAR,Begusarai,Matihani,0,0,,191,10,1320,,104199.58891726227,214311339.790948,0.0,0.0,157,0.0
10-222-01321,BIHAR,Begusarai,Shamho Akha Kurha,0,0,,191,10,1321,,47884.70174269599,82130306.58899558,0.0,0.0,58,0.0
10-223-01322,BIHAR,Khagaria,Alauli,0,0,,202,10,1322,,117176.16085281859,337532903.06560946,0.0,0.0,244,0.0
10-223-01323,BIHAR,Khagaria,Khagaria,0,0,,202,10,1323,,164255.4907534744,325761754.1557925,0.0,0.0,229,0.0
10-223-01325,BIHAR,Khagaria,Chautham,0,0,,202,10,1325,,88833.5659059585,205164632.7891582,0.0,0.0,148,0.0
10-228-01376,BIHAR,Sheikhpura,Chewara,0,0,,219,10,1376,,77279.14911837938,141385828.1075451,3.2116513671875e-05,3.054112747933101e-05,103,0.003145736130371094
10-223-01326,BIHAR,Khagaria,Beldaur,0,0,,202,10,1326,,101449.44415348554,276820454.1841197,0.0,0.0,203,0.0
10-223-01327,BIHAR,Khagaria,Gogri,0,0,,202,10,1327,,109725.85953588395,321971045.3784509,0.0,0.0,231,0.0
10-223-01328,BIHAR,Khagaria,Parbatta,0,0,,202,10,1328,,89952.53209418767,286770838.53234714,0.0,0.0,215,0.0
10-224-01329,BIHAR,Bhagalpur,Narayanpur,0,0,,192,10,1329,,96964.50839109154,173637043.38008544,0.0,0.0,125,0.0
10-224-01330,BIHAR,Bhagalpur,Bihpur,0,0,,192,10,1330,,98960.16392998041,189427956.2070791,0.0,0.0,141,0.0
10-234-01472,BIHAR,Rohtas,Akorhi Gola,0,0,,215,10,1472,,71741.57946050014,124356844.03544964,1.2800867652893066e-05,1.2800867652893065e-05,94,0.0012032815593719481
10-224-01331,BIHAR,Bhagalpur,Kharik,0,0,,192,10,1331,,103106.05203500649,169292223.68779984,0.0,0.0,125,0.0
10-224-01332,BIHAR,Bhagalpur,Naugachhia,0,0,,192,10,1332,,91833.23423872421,134223697.96961665,0.0,0.0,95,0.0
10-224-01335,BIHAR,Bhagalpur,Pirpainti,0,0,,192,10,1335,,138631.2255747686,411429376.6216011,0.0,0.0,294,0.0
10-224-01336,BIHAR,Bhagalpur,Kahalgaon,0,0,,192,10,1336,,128722.99744742387,352186242.20537144,0.0,0.0,255,0.0
10-224-01337,BIHAR,Bhagalpur,Ismailpur,0,0,,192,10,1337,,66332.03197363381,102752037.41138108,0.0,0.0,75,0.0
10-224-01338,BIHAR,Bhagalpur,Sabour,0,0,,192,10,1338,,85492.0541239663,141198925.34276122,0.0,0.0,102,0.0
10-226-01359,BIHAR,Munger,Dharhara,0,0,,207,10,1359,,105188.90103685112,355220468.750446,0.0,0.0,262,0.0
10-224-01339,BIHAR,Bhagalpur,Nathnagar,0,0,,192,10,1339,,105259.93673308079,163498377.60317266,0.0,0.0,117,0.0
10-226-01360,BIHAR,Munger,Kharagpur,0,0,,207,10,1360,,169586.30903503796,398589433.5102216,0.0,0.0,291,0.0
10-224-01340,BIHAR,Bhagalpur,Sultanganj,0,0,,192,10,1340,,139861.1879796442,266407467.3450057,0.0,0.0,198,0.0
10-224-01341,BIHAR,Bhagalpur,Shahkund,0,0,,192,10,1341,,93276.90256650816,208798734.37786233,0.0,0.0,153,0.0
10-224-01342,BIHAR,Bhagalpur,Goradih,0,0,,192,10,1342,,106918.08891287447,178026414.43832883,0.0,0.0,128,0.0
10-224-01343,BIHAR,Bhagalpur,Jagdishpur,0,0,,192,10,1343,,107045.71303668506,127447147.46016994,0.0,0.0,95,0.0
10-224-01344,BIHAR,Bhagalpur,Sonhaula,0,0,,192,10,1344,,84463.86530366821,214425428.57327408,0.0,0.0,160,0.0
10-225-01345,BIHAR,Banka,Shambhuganj,0,0,,190,10,1345,,85765.27415008907,217970788.89652416,0.0,0.0,157,0.0
10-225-01346,BIHAR,Banka,Amarpur,0,0,,190,10,1346,,98000.87839154692,234663534.19316816,0.0,0.0,176,0.0
10-225-01347,BIHAR,Banka,Rajaun,0,0,,190,10,1347,,86718.04358754268,242814641.5593075,0.0,0.0,179,0.0
10-226-01363,BIHAR,Munger,Tetiha Bambor,0,0,,207,10,1363,,73286.15332623897,95190725.80042528,0.0,0.0,70,0.0
10-225-01348,BIHAR,Banka,Dhuraiya,0,0,,190,10,1348,,106681.6377356153,285703540.38620996,0.0,0.0,208,0.0
10-225-01349,BIHAR,Banka,Barahat,0,0,,190,10,1349,,122910.23058217819,181202001.14064544,0.0,0.0,129,0.0
10-225-01350,BIHAR,Banka,Banka,0,0,,190,10,1350,,137083.07375503817,365153241.48788345,0.0,0.0,275,0.0
10-225-01351,BIHAR,Banka,Phulidumar,0,0,,190,10,1351,,117105.67306472127,248400685.45023423,0.0,0.0,176,0.0
10-225-01352,BIHAR,Banka,Belhar,0,0,,190,10,1352,,118426.40149548957,290570448.277483,1.5918142166137697e-05,1.6364445217524735e-06,214,0.00035019912765502933
10-225-01353,BIHAR,Banka,Chanan,0,0,,190,10,1353,,169565.08902723462,550876204.0147796,4.012371402740479e-05,1.0842979128721632e-05,403,0.0043697205888748175
10-225-01354,BIHAR,Banka,Katoria,0,0,,190,10,1354,,180268.89530762268,687665367.2781417,2.9689678230285644e-05,2.543139768729647e-06,502,0.0012766561639022827
10-225-01355,BIHAR,Banka,Bausi,0,0,,190,10,1355,,109314.78149810205,385846183.7170387,0.0,0.0,284,0.0
10-226-01356,BIHAR,Munger,Munger,0,0,,207,10,1356,,162390.1628928388,306519605.49277806,0.0,0.0,227,0.0
10-226-01357,BIHAR,Munger,Bariarpur,0,0,,207,10,1357,,122433.4478606843,198040113.63802013,0.0,0.0,143,0.0
10-226-01358,BIHAR,Munger,Jamalpur,0,0,,207,10,1358,,72817.19566814511,112971204.64248075,0.0,0.0,79,0.0
10-226-01361,BIHAR,Munger,Asarganj,0,0,,207,10,1361,,61173.52838786665,72491453.98190036,0.0,0.0,52,0.0
10-226-01362,BIHAR,Munger,Tarapur,0,0,,207,10,1362,,54416.57713098438,86962445.68425661,0.0,0.0,62,0.0
10-226-01364,BIHAR,Munger,Sangrampur,0,0,,207,10,1364,,71205.18318302365,105786037.21986651,0.0,0.0,80,0.0
10-227-01366,BIHAR,Lakhisarai,Pipariya,0,0,,204,10,1366,,87968.2901826016,106258171.87143916,0.0,0.0,76,0.0
10-227-01365,BIHAR,Lakhisarai,Barahiya,0,0,,204,10,1365,,95965.48426593257,248505135.43154767,0.0,0.0,179,0.0
10-227-01367,BIHAR,Lakhisarai,Surajgarha,0,0,,204,10,1367,,140312.1609931406,462726462.37366486,1.3699100036621096e-05,1.8131161813174978e-06,340,0.0006164595016479493
10-227-01368,BIHAR,Lakhisarai,Lakhisarai,0,0,,204,10,1368,,117670.76745524361,181316338.94823277,3.2116513671875e-05,2.965255266920964e-06,133,0.00039437895050048824
10-227-01369,BIHAR,Lakhisarai,Chanan*,0,0,,204,10,1369,,86014.87070350182,177670731.10250506,1.3699100036621096e-05,1.113051877975464e-05,128,0.001424706403808594
10-228-01375,BIHAR,Sheikhpura,Ghat Kusumbha,0,0,,219,10,1375,,80592.24583619394,99088070.68237934,0.0,0.0,70,0.0
10-227-01370,BIHAR,Lakhisarai,Ramgarh Chowk,0,0,,204,10,1370,,98990.57354622113,128567389.13844268,3.2116513671875e-05,2.7569629143248217e-05,94,0.0025915451394653323
10-227-01371,BIHAR,Lakhisarai,Halsi,0,0,,204,10,1371,,82594.8188222393,191441208.6304817,3.2116513671875e-05,3.1321517399849656e-05,139,0.004353690918579102
10-228-01372,BIHAR,Sheikhpura,Barbigha,0,0,,219,10,1372,,83879.7675047183,115941853.486741,0.0,0.0,81,0.0
10-228-01373,BIHAR,Sheikhpura,Shekhopur Sarai,0,0,,219,10,1373,,59774.96229914819,65955650.61796794,5.072384033203125e-06,1.8364893493652348e-06,45,8.264202072143557e-05
10-228-01374,BIHAR,Sheikhpura,Sheikhpura,0,0,,219,10,1374,,119718.3677454689,225551054.81458032,3.2116513671875e-05,4.086835757984835e-06,170,0.0006947620788574219
10-228-01377,BIHAR,Sheikhpura,Ariari,0,0,,219,10,1377,,87552.5859976097,183445963.63454768,3.2116513671875e-05,5.467188845446511e-06,137,0.000749004871826172
10-229-01378,BIHAR,Nalanda,Karai Parsurai,0,0,,209,10,1378,,58523.47447411047,82148146.79064696,1.532781677246094e-05,6.8975175476074216e-06,60,0.0004138510528564453
10-229-01379,BIHAR,Nalanda,Nagar Nausa,0,0,,209,10,1379,,82570.35159490984,108015836.82811198,1.532781677246094e-05,7.106384899139405e-06,80,0.0005685107919311524
10-229-01380,BIHAR,Nalanda,Harnaut,0,0,,209,10,1380,,124869.90123154312,224385440.0517296,1.1841255416870118e-05,4.1186975363026495e-06,161,0.0006631103033447266
10-229-01381,BIHAR,Nalanda,Chandi,0,0,,209,10,1381,,70527.81459673235,147156102.481168,1.1841255416870118e-05,1.0863537079697354e-05,109,0.0011841255416870115
10-229-01382,BIHAR,Nalanda,Rahui,0,0,,209,10,1382,,77076.6108369453,152249665.90613127,1.1841255416870118e-05,1.1402690401430484e-05,108,0.0012314905633544922
10-229-01383,BIHAR,Nalanda,Bind,0,0,,209,10,1383,,70364.80140905235,88091657.81671415,0.0,0.0,66,0.0
10-229-01384,BIHAR,Nalanda,Sarmera,0,0,,209,10,1384,,91044.34634338948,167201876.42476654,0.0,0.0,123,0.0
10-229-01385,BIHAR,Nalanda,Asthawan,0,0,,209,10,1385,,92263.18064708126,171325630.7179731,1.1841255416870118e-05,2.0163380834960935e-06,125,0.0002520422604370117
10-229-01387,BIHAR,Nalanda,Noorsarai,0,0,,209,10,1387,,78528.62700534344,151514769.88009417,1.1841255416870118e-05,1.1841255416870118e-05,114,0.0013499031175231934
10-229-01386,BIHAR,Nalanda,Bihar,0,0,,209,10,1386,,98561.8371020671,215840179.0991975,1.1841255416870118e-05,1.0495388806343079e-05,160,0.0016792622090148926
10-229-01390,BIHAR,Nalanda,Hilsa,0,0,,209,10,1390,,93433.88804652911,175765721.10991755,1.532781677246094e-05,1.5327816772460942e-05,131,0.0020079439971923832
10-229-01391,BIHAR,Nalanda,Ekangarsarai,0,0,,209,10,1391,,87121.32234693572,166605847.460251,1.532781677246094e-05,1.532781677246094e-05,122,0.0018699936462402344
10-229-01392,BIHAR,Nalanda,Islampur,0,0,,209,10,1392,,109868.69145522316,273834151.4326934,1.532781677246094e-05,8.546415352575558e-06,194,0.001658004578399658
10-229-01393,BIHAR,Nalanda,Ben,0,0,,209,10,1393,,66947.54721379357,127526149.56798536,1.532781677246094e-05,1.0324406121436586e-05,94,0.0009704941754150392
10-230-01398,BIHAR,Patna,Maner,0,0,,212,10,1398,,96133.56350709034,213315300.3597084,4.7604611511230474e-05,1.3197205975024733e-05,154,0.002032369720153809
10-229-01394,BIHAR,Nalanda,Rajgir,0,0,,209,10,1394,,88740.45664753366,198129288.77271983,3.887887420654297e-06,2.0688010759418513e-06,147,0.0003041137581634521
10-229-01395,BIHAR,Nalanda,Silao,0,0,,209,10,1395,,79220.42929786978,154752836.13944647,1.1841255416870118e-05,2.6891867480361673e-06,114,0.00030656728927612307
10-229-01396,BIHAR,Nalanda,Giriak,0,0,,209,10,1396,,88347.46773236175,99576022.5731765,7.419380950927735e-07,7.419380950927735e-07,73,5.416148094177246e-05
10-229-01397,BIHAR,Nalanda,Katrisarai,0,0,,209,10,1397,,38918.76300208476,48673462.28309288,5.072384033203125e-06,1.8245495796203612e-06,36,6.5683784866333e-05
10-230-01399,BIHAR,Patna,Dinapur-Cum-Khagaul,0,0,,212,10,1399,,78598.21354533077,184765788.04152673,4.7604611511230474e-05,1.4105070077401623e-05,135,0.001904184460449219
10-234-01474,BIHAR,Rohtas,Tilouthu,0,0,,215,10,1474,,73885.57639601533,193504401.97342023,1.373121337890625e-05,1.3473935505458289e-05,140,0.0018863509707641604
10-230-01400,BIHAR,Patna,Patna Rural,0,0,,212,10,1400,,87518.10425735511,179850223.48881748,4.7604611511230474e-05,8.358061563040465e-06,131,0.0010949060647583008
10-230-01401,BIHAR,Patna,Sampatchak,0,0,,212,10,1401,,53219.7118618291,78902366.60372826,4.7604611511230474e-05,1.6703372460080868e-06,57,9.520922302246095e-05
10-230-01406,BIHAR,Patna,Dulhin Bazar,0,0,,212,10,1406,,77792.54009458271,136539622.4680228,6.31822787475586e-05,4.4576751488579645e-05,99,0.004413098397369385
10-230-01402,BIHAR,Patna,Phulwari,0,0,,212,10,1402,,70659.26045014715,135940825.49713776,4.7604611511230474e-05,4.5621086031595865e-05,96,0.004379624259033203
10-230-01413,BIHAR,Patna,Khusrupur,0,0,,212,10,1413,,46143.60198551767,78201544.387751,0.0,0.0,58,0.0
10-230-01403,BIHAR,Patna,Bihta,0,0,,212,10,1403,,116564.9809665079,244879174.98088208,4.7604611511230474e-05,3.4152926813481925e-05,182,0.0062158326800537105
10-230-01415,BIHAR,Patna,Athmalgola,0,0,,212,10,1415,,47997.69261940102,62827293.65665197,0.0,0.0,47,0.0
10-230-01404,BIHAR,Patna,Naubatpur,0,0,,212,10,1404,,105087.74367689912,205320191.59612688,4.7604611511230474e-05,4.760461151123047e-05,153,0.007283505561218262
10-230-01405,BIHAR,Patna,Bikram,0,0,,212,10,1405,,86626.03512108007,186422313.04867813,4.7604611511230474e-05,3.1926876165014116e-05,137,0.004373982034606934
10-234-01475,BIHAR,Rohtas,Rohtas,0,0,,215,10,1475,,88257.59288547112,389741138.17794544,1.373121337890625e-05,9.647182801034717e-06,288,0.0027783886466979987
10-230-01407,BIHAR,Patna,Paliganj,0,0,,212,10,1407,,129476.3041410336,293354152.7667747,6.31822787475586e-05,5.287002781662986e-05,214,0.01131418595275879
10-230-01408,BIHAR,Patna,Masaurhi,0,0,,212,10,1408,,108866.13277400887,248716954.87290823,6.31822787475586e-05,5.7931379679133394e-05,178,0.010311785582885744
10-230-01409,BIHAR,Patna,Dhanarua,0,0,,212,10,1409,,95102.40821522896,225577653.19725513,6.31822787475586e-05,3.608075867073668e-05,163,0.005881163663330078
10-230-01410,BIHAR,Patna,Punpun,0,0,,212,10,1410,,82554.93388622913,161116560.78819045,4.7604611511230474e-05,3.227431288896981e-05,118,0.0038083689208984377
10-230-01411,BIHAR,Patna,Fatwah,0,0,,212,10,1411,,97950.27190535897,155697451.47083917,0.0,0.0,115,0.0
10-230-01412,BIHAR,Patna,Daniawan,0,0,,212,10,1412,,69689.77872311571,79566220.36857046,0.0,0.0,56,0.0
10-230-01414,BIHAR,Patna,Bakhtiarpur,0,0,,212,10,1414,,120205.01587822943,168153072.20481881,0.0,0.0,120,0.0
10-230-01416,BIHAR,Patna,Belchhi,0,0,,212,10,1416,,88573.78025963024,87443681.0926542,0.0,0.0,70,0.0
10-230-01417,BIHAR,Patna,Barh,0,0,,212,10,1417,,95365.9771693495,147280816.515725,0.0,0.0,104,0.0
10-230-01419,BIHAR,Patna,Ghoswari,0,0,,212,10,1419,,66454.95033385535,164897376.1169027,0.0,0.0,126,0.0
10-230-01418,BIHAR,Patna,Pandarak,0,0,,212,10,1418,,106894.44852036482,252509471.6555304,0.0,0.0,180,0.0
10-232-01438,BIHAR,Buxar,Chaugain,0,0,,194,10,1438,,52625.33924401454,66025696.44875917,7.93997886657715e-06,7.93997886657715e-06,49,0.00038905896446228034
10-232-01439,BIHAR,Buxar,Kesath,0,0,,194,10,1439,,34661.84662025829,38236018.49691825,7.93997886657715e-06,7.93997886657715e-06,29,0.00023025938713073734
10-230-01420,BIHAR,Patna,Mokameh,0,0,,212,10,1420,,127700.39840194934,244519830.48183808,0.0,0.0,181,0.0
10-231-01421,BIHAR,Bhojpur,Shahpur,0,0,,193,10,1421,,110658.91431619873,211766871.4500774,7.63827606201172e-05,6.290382242862995e-05,156,0.009812996298866273
10-234-01460,BIHAR,Rohtas,Suryapura,0,0,,215,10,1460,,56159.7630280001,69765063.31452103,9.821740951538087e-06,9.821740951538087e-06,47,0.0004616218247222901
10-231-01422,BIHAR,Bhojpur,Arrah,0,0,,193,10,1422,,120924.06747051864,221925641.7145924,7.63827606201172e-05,3.432770405751354e-05,159,0.005458104945144654
10-231-01423,BIHAR,Bhojpur,Barhara,0,0,,193,10,1423,,128817.96875565937,258494738.36324885,7.63827606201172e-05,4.8104750690560074e-05,191,0.009188007381896974
10-231-01424,BIHAR,Bhojpur,Koilwar,0,0,,193,10,1424,,94779.33453556667,208456312.66749656,3.5152990417480476e-05,2.7720574830330463e-05,149,0.004130365649719239
10-231-01425,BIHAR,Bhojpur,Sandesh,0,0,,193,10,1425,,60697.76797134289,164599530.19806212,5.164330429077149e-05,2.964709506535934e-05,118,0.0034983572177124025
10-231-01426,BIHAR,Bhojpur,Udwant Nagar,0,0,,193,10,1426,,92445.60417460876,217797556.82002312,2.5687777404785155e-05,2.4053187071758768e-05,161,0.0038725631185531615
10-234-01461,BIHAR,Rohtas,Bikramganj,0,0,,215,10,1461,,88556.32896667719,168723569.68103397,9.821740951538087e-06,9.821740951538087e-06,129,0.0012670045827484133
10-231-01427,BIHAR,Bhojpur,Behea,0,0,,193,10,1427,,114516.77527652554,206091349.70539597,7.63827606201172e-05,1.9905989482625328e-05,150,0.002985898422393799
10-231-01428,BIHAR,Bhojpur,Jagdishpur,0,0,,193,10,1428,,109726.00219208181,318463526.4488765,2.2974694480895996e-05,2.145803457243401e-05,228,0.004892431882514954
10-231-01429,BIHAR,Bhojpur,Piro,0,0,,193,10,1429,,100703.96274410955,268205354.86689487,2.2974694480895996e-05,1.1124943889617918e-05,200,0.002224988777923584
10-234-01462,BIHAR,Rohtas,Karakat,0,0,,215,10,1462,,102232.22868007293,251121712.10833624,1.2800867652893066e-05,1.079140253608877e-05,176,0.0018992868463516236
10-231-01430,BIHAR,Bhojpur,Charpokhari,0,0,,193,10,1430,,88834.1327790213,135855258.49695313,2.2974694480895996e-05,1.4368344710500618e-05,95,0.0013649927474975586
10-231-01431,BIHAR,Bhojpur,Garhani,0,0,,193,10,1431,,93054.52180151101,137128723.85739592,2.2974694480895996e-05,2.1552981868484643e-05,103,0.0022199571324539183
10-231-01432,BIHAR,Bhojpur,Agiaon,0,0,,193,10,1432,,87534.07309197474,191419206.17039648,5.164330429077149e-05,3.0016768362745112e-05,139,0.00417233080242157
10-231-01433,BIHAR,Bhojpur,Tarari,0,0,,193,10,1433,,95157.98131215997,247108515.4982669,1.0771661224365235e-05,1.0669692381519383e-05,177,0.0018885355515289308
10-231-01434,BIHAR,Bhojpur,Sahar,0,0,,193,10,1434,,61748.81499939302,157154129.14318892,5.164330429077149e-05,1.740893659412352e-05,117,0.0020368455815124517
10-232-01435,BIHAR,Buxar,Simri,0,0,,194,10,1435,,87047.69219699135,222195796.247413,3.6640540771484377e-05,2.2028838543775605e-05,164,0.003612729521179199
10-232-01436,BIHAR,Buxar,Chakki,0,0,,194,10,1436,,73799.54032015939,80420668.23199363,3.6640540771484377e-05,3.215607797384262e-05,64,0.0020579889903259278
10-232-01437,BIHAR,Buxar,Barhampur,0,0,,194,10,1437,,133928.15369382405,240152233.65370417,7.63827606201172e-05,1.3478477137130121e-05,173,0.002331776544723511
10-232-01440,BIHAR,Buxar,Dumraon,0,0,,194,10,1440,,115797.88145848007,238641355.07175583,2.0636715240478518e-05,1.1771538364026676e-05,169,0.0019893899835205084
10-232-01441,BIHAR,Buxar,Buxar,0,0,,194,10,1441,,90996.21871903203,211591033.38394436,2.0636715240478518e-05,2.0442790541922213e-05,157,0.0032095181150817876
10-232-01442,BIHAR,Buxar,Chausa,0,0,,194,10,1442,,99103.08457070828,138502720.57991108,2.0636715240478518e-05,1.2945259298164153e-05,107,0.0013851427449035644
10-232-01443,BIHAR,Buxar,Rajpur,0,0,,194,10,1443,,121142.9666413415,336933113.12217736,2.0636715240478518e-05,9.06446836027807e-06,245,0.002220794748268127
10-232-01444,BIHAR,Buxar,Itarhi,0,0,,194,10,1444,,109439.3274763228,293713382.2816445,2.0636715240478518e-05,2.0495332760605518e-05,209,0.004283524546966553
10-232-01445,BIHAR,Buxar,Nawanagar,0,0,,194,10,1445,,126567.10382889764,229774401.79100823,2.0636715240478518e-05,8.94988538798496e-06,169,0.0015125306305694584
10-233-01446,BIHAR,Kaimur (Bhabua),Ramgarh,0,0,,200,10,1446,,124781.0721120257,206666195.02442607,5.581115264892578e-06,3.8439469374094575e-06,151,0.0005804359875488281
10-233-01447,BIHAR,Kaimur (Bhabua),Nuaon,0,0,,200,10,1447,,121732.74643995032,235834986.4758632,6.747090492248535e-06,5.720289898699487e-06,171,0.0009781695726776122
10-233-01448,BIHAR,Kaimur (Bhabua),Kudra,0,0,,200,10,1448,,132624.50147962422,255577893.54332253,5.714638061523438e-06,5.659533415294829e-06,189,0.0010696518154907227
10-233-01449,BIHAR,Kaimur (Bhabua),Mohania,0,0,,200,10,1449,,142323.6809133636,349176573.6513165,5.714638061523438e-06,4.166643084287644e-06,256,0.0010666606295776369
10-233-01450,BIHAR,Kaimur (Bhabua),Durgawati,0,0,,200,10,1450,,108544.41183902678,212580801.4059764,0.0,0.0,154,0.0
10-233-01451,BIHAR,Kaimur (Bhabua),Chand,0,0,,200,10,1451,,97099.60209928264,257974481.1925409,0.0,0.0,188,0.0
10-233-01452,BIHAR,Kaimur (Bhabua),Chainpur,0,0,,200,10,1452,,170712.34536647963,555311526.8488017,0.0,0.0,407,0.0
10-233-01453,BIHAR,Kaimur (Bhabua),Bhabua,0,0,,200,10,1453,,143727.89821118704,407618990.38615096,5.714638061523438e-06,3.035019777621146e-06,301,0.0009135409530639649
10-233-01454,BIHAR,Kaimur (Bhabua),Rampur,0,0,,200,10,1454,,126612.15498309073,210660395.23746365,5.714638061523438e-06,3.873680833650116e-06,149,0.0005771784442138672
10-233-01455,BIHAR,Kaimur (Bhabua),Bhagwanpur,0,0,,200,10,1455,,134815.05705103654,292151198.96788174,5.714638061523438e-06,1.5166811916839455e-06,211,0.0003200197314453125
10-233-01456,BIHAR,Kaimur (Bhabua),Adhaura,0,0,,200,10,1456,,271357.2345421078,1135984955.9859164,5.714638061523438e-06,1.7150774494368062e-07,833,0.00014286595153808595
10-234-01457,BIHAR,Rohtas,Kochas,0,0,,215,10,1457,,90248.48407846906,187033418.62218276,5.86224609375e-06,5.7749251544836795e-06,132,0.0007622901203918457
10-234-01458,BIHAR,Rohtas,Dinara,0,0,,215,10,1458,,157118.7651045217,464648316.8452498,9.821740951538087e-06,6.791159843377704e-06,341,0.002315785506591797
10-234-01459,BIHAR,Rohtas,Dawath,0,0,,215,10,1459,,78120.6651060775,129910427.66035384,9.821740951538087e-06,9.821740951538087e-06,94,0.0009232436494445802
10-234-01466,BIHAR,Rohtas,Nokha,0,0,,215,10,1466,,82152.91978314315,208772248.59610957,1.2800867652893066e-05,4.415225653004002e-06,148,0.0006534533966445922
10-235-01476,BIHAR,Aurangabad,Daudnagar,0,0,,189,10,1476,,91010.07504965532,238139281.75712803,1.2800867652893066e-05,1.2297241682293772e-05,174,0.0021397200527191163
10-234-01467,BIHAR,Rohtas,Kargahar,0,0,,215,10,1467,,128509.87472624176,406135690.59563094,5.86224609375e-06,3.6434380902470774e-06,296,0.0010784576747131349
10-234-01468,BIHAR,Rohtas,Chenari,0,0,,215,10,1468,,121720.69626398994,292642418.8385522,5.714638061523438e-06,2.8768436556084214e-06,215,0.0006185213859558106
10-234-01469,BIHAR,Rohtas,Nauhatta,0,0,,215,10,1469,,175494.75594492842,478591449.404211,9.741203308105468e-07,1.128218462238204e-07,354,3.993893356323242e-05
10-234-01470,BIHAR,Rohtas,Sheosagar,0,0,,215,10,1470,,135463.8765525897,406503956.12222886,1.373121337890625e-05,4.4077025767180885e-06,295,0.001300272260131836
10-234-01471,BIHAR,Rohtas,Sasaram,0,0,,215,10,1471,,135810.11950728856,394273130.8742507,1.373121337890625e-05,5.1078611217367236e-06,290,0.0014812797253036499
10-234-01473,BIHAR,Rohtas,Dehri,0,0,,215,10,1473,,97323.52013589225,199371136.99043605,1.373121337890625e-05,1.0823661829718228e-05,145,0.001569430965309143
10-235-01477,BIHAR,Aurangabad,Haspura,0,0,,189,10,1477,,88845.10694940752,164519986.5205008,1.2224348449707031e-05,1.2042917784383474e-05,121,0.0014571930519104003
10-235-01478,BIHAR,Aurangabad,Goh,0,0,,189,10,1478,,122286.20877621078,374665187.3660463,1.2224348449707031e-05,4.314771871005788e-06,272,0.0011736179489135743
10-236-01491,BIHAR,Gaya,Neem Chak Bathani,0,0,,196,10,1491,,79540.44278654993,146770773.7769567,3.887887420654297e-06,3.887887420654297e-06,103,0.00040045240432739256
10-235-01479,BIHAR,Aurangabad,Rafiganj,0,0,,189,10,1479,,167069.30684925965,465687847.79432577,1.2224348449707031e-05,2.5525640068166063e-06,341,0.0008704243263244627
10-235-01480,BIHAR,Aurangabad,Obra,0,0,,189,10,1480,,130720.05569071589,327203821.09876627,1.2800867652893066e-05,1.1484615993902151e-05,237,0.00272185399055481
10-236-01494,BIHAR,Gaya,Manpur,0,0,,196,10,1494,,77081.78707553667,161226183.41058797,6.012463073730469e-06,9.671489284349525e-07,115,0.00011122212677001954
10-235-01481,BIHAR,Aurangabad,Aurangabad,0,0,,189,10,1481,,125502.68609205673,344679798.38062614,9.985404663085938e-06,2.262318243980408e-06,256,0.0005791534704589845
10-237-01511,BIHAR,Nawada,Nardiganj,0,0,,210,10,1511,,60262.24041371029,129808165.4472442,7.419380950927735e-07,7.419380950927734e-07,95,7.048411903381347e-05
10-235-01482,BIHAR,Aurangabad,Barun,0,0,,189,10,1482,,117269.30390529483,381782699.30215496,1.2800867652893066e-05,1.0890374909809658e-05,280,0.0030493049747467044
10-235-01483,BIHAR,Aurangabad,Nabinagar,0,0,,189,10,1483,,173491.30877801325,657546828.2218357,1.373121337890625e-05,8.341605640987926e-06,483,0.004028995524597168
10-235-01484,BIHAR,Aurangabad,Kutumba,0,0,,189,10,1484,,110495.73757590447,319048251.76106954,9.985404663085938e-06,6.570380952660173e-06,229,0.0015046172381591796
10-235-01485,BIHAR,Aurangabad,Deo,0,0,,189,10,1485,,158578.88849021672,336990745.1586724,9.985404663085938e-06,2.1911321632415653e-06,251,0.0005499741729736329
10-235-01486,BIHAR,Aurangabad,Madanpur,0,0,,189,10,1486,,153529.37367368402,418713952.50229967,0.0,0.0,309,0.0
10-236-01487,BIHAR,Gaya,Konch,0,0,,196,10,1487,,154041.56172387034,319288521.7326548,1.2477931976318361e-06,8.820607086707807e-07,232,0.00020463808441162113
10-236-01488,BIHAR,Gaya,Tikari,0,0,,196,10,1488,,122221.36853604284,290576655.12704176,6.012463073730469e-06,2.671854522775073e-06,218,0.0005824642859649659
10-236-01489,BIHAR,Gaya,Belaganj,0,0,,196,10,1489,,113473.13279109563,240372540.95814112,6.012463073730469e-06,6.0124630737304675e-06,180,0.0010822433532714842
10-236-01490,BIHAR,Gaya,Khizirsarai,0,0,,196,10,1490,,103698.13096672995,223124430.97950032,6.012463073730469e-06,4.905554460930102e-06,165,0.0008094164860534669
10-236-01492,BIHAR,Gaya,Muhra,0,0,,196,10,1492,,93681.45756176667,181269438.2139707,1.1588109130859375e-05,5.105148457769138e-06,134,0.0006840898933410645
10-236-01493,BIHAR,Gaya,Atri,0,0,,196,10,1493,,103075.15367958385,161340647.62451813,1.1588109130859375e-05,5.339200364441431e-06,119,0.0006353648433685303
10-236-01495,BIHAR,Gaya,Gaya Town C.D.Block,0,0,,196,10,1495,,91678.58033080616,224144813.6021213,6.012463073730469e-06,1.491337411063058e-06,161,0.00024010532318115236
10-236-01496,BIHAR,Gaya,Paraiya,0,0,,196,10,1496,,75593.31264449215,167300846.5298876,7.378164672851563e-07,3.1972046915690106e-07,120,3.836645629882813e-05
10-236-01497,BIHAR,Gaya,Guraru,0,0,,196,10,1497,,81292.54933661391,199646285.7542363,0.0,0.0,147,0.0
10-237-01512,BIHAR,Nawada,Nawada,0,0,,210,10,1512,,86822.75137888109,219317998.1072041,5.368367309570312e-06,1.0071474131201482e-06,157,0.00015812214385986327
10-236-01498,BIHAR,Gaya,Gurua,0,0,,196,10,1498,,117859.62964526065,238015237.1519128,7.378164672851563e-07,4.264835071012464e-09,173,7.378164672851563e-07
10-236-01499,BIHAR,Gaya,Amas,0,0,,196,10,1499,,100546.69423332924,128484051.44985774,0.0,0.0,95,0.0
10-237-01517,BIHAR,Nawada,Roh,0,0,,210,10,1517,,77804.52626079548,192537548.9783989,5.368367309570312e-06,3.7051926194296944e-06,144,0.000533547737197876
10-236-01500,BIHAR,Gaya,Banke Bazar,0,0,,196,10,1500,,85166.97220092022,256240042.68049288,0.0,0.0,186,0.0
10-236-01501,BIHAR,Gaya,Imamganj,0,0,,196,10,1501,,136271.57775821586,316917295.57645696,1.6764430236816407e-06,3.507202978413475e-07,239,8.382215118408204e-05
10-236-01502,BIHAR,Gaya,Dumaria,0,0,,196,10,1502,,119690.94596035974,390676703.928496,3.1850531005859375e-06,7.64064706902755e-07,285,0.00021775844146728517
10-236-01503,BIHAR,Gaya,Sherghati,0,0,,196,10,1503,,100322.2973073121,167902109.12194017,1.2020380401611328e-06,1.157221935241203e-07,123,1.4233829803466797e-05
10-238-01531,BIHAR,Jamui,Gidhaur,0,0,,198,10,1531,,55211.5633940527,100392309.18230554,1.3699100036621096e-05,7.95961616719564e-06,75,0.000596971212539673
10-236-01504,BIHAR,Gaya,Dobhi,0,0,,196,10,1504,,103572.88994215836,218837778.49499393,1.2020380401611328e-06,9.855218714364566e-07,161,0.0001586690213012695
10-236-01505,BIHAR,Gaya,Bodh Gaya,0,0,,196,10,1505,,120948.91182130505,306843965.9119923,1.2020380401611328e-06,7.697494105463443e-07,230,0.0001770423644256592
10-236-01506,BIHAR,Gaya,Tan Kuppa,0,0,,196,10,1506,,108147.94853451202,190099968.23000297,1.1588109130859375e-05,7.329692586642593e-06,134,0.0009821788066101075
10-240-01542,BIHAR,Arwal,Arwal,0,0,,611,10,1542,,73924.8054791393,147787869.27798152,5.164330429077149e-05,4.103239695622372e-05,104,0.0042673692834472665
10-236-01507,BIHAR,Gaya,Wazirganj,0,0,,196,10,1507,,105472.06999302967,323030583.61833626,1.1588109130859375e-05,1.0622616987066753e-05,236,0.0025069376089477536
10-236-01508,BIHAR,Gaya,Fatehpur,0,0,,196,10,1508,,155359.44599717355,408449805.62920874,1.1588109130859375e-05,7.814056362854806e-06,304,0.002375473134307861
10-240-01543,BIHAR,Arwal,Kaler,0,0,,611,10,1543,,67777.19153730445,176075758.749563,1.2224348449707031e-05,1.101562396449897e-05,131,0.001443046739349365
10-236-01509,BIHAR,Gaya,Mohanpur,0,0,,196,10,1509,,119906.24818546322,418796109.2883684,5.5243310546875e-06,2.7094277095479938e-06,303,0.0008209565959930421
10-240-01544,BIHAR,Arwal,Karpi,0,0,,611,10,1544,,158139.92638461498,234985661.7206014,5.164330429077149e-05,4.4507384257205705e-05,172,0.007655270092239381
10-236-01510,BIHAR,Gaya,Barachatti,0,0,,196,10,1510,,138753.78132836288,366328956.31361085,5.5243310546875e-06,1.5792563396107065e-06,275,0.0004342954933929443
10-237-01513,BIHAR,Nawada,Warisaliganj,0,0,,210,10,1513,,109792.76918459819,202861050.3008767,5.072384033203125e-06,3.4521491583999327e-06,147,0.0005074659262847901
10-237-01514,BIHAR,Nawada,Kashi Chak,0,0,,210,10,1514,,73948.94452619922,98983451.20841853,5.072384033203125e-06,5.072384033203124e-06,72,0.000365211650390625
10-237-01515,BIHAR,Nawada,Pakribarawan,0,0,,210,10,1515,,104545.76938151139,251834567.85717744,5.072384033203125e-06,5.072384033203125e-06,184,0.000933318662109375
10-237-01516,BIHAR,Nawada,Kawakol,0,0,,210,10,1516,,121170.20018263235,362955647.76482904,3.2116513671875e-05,1.8898952248938999e-06,266,0.0005027121298217773
10-237-01518,BIHAR,Nawada,Gobindpur,0,0,,210,10,1518,,73133.35659787485,188189390.13263756,5.368367309570312e-06,3.712973114013672e-06,140,0.0005198162359619141
10-237-01519,BIHAR,Nawada,Akbarpur,0,0,,210,10,1519,,91268.2921062847,249541236.96202633,5.368367309570312e-06,5.368367309570313e-06,184,0.0009877795849609376
10-237-01520,BIHAR,Nawada,Hisua,0,0,,210,10,1520,,85113.4923130193,144090762.99664384,1.1588109130859375e-05,6.634129498555111e-06,104,0.0006899494678497315
10-237-01521,BIHAR,Nawada,Narhat,0,0,,210,10,1521,,62856.50481924386,99624005.77002536,5.368367309570312e-06,5.368367309570312e-06,69,0.00037041734436035154
10-237-01522,BIHAR,Nawada,Meskaur,0,0,,210,10,1522,,75185.00287586387,145604023.18435815,1.1588109130859375e-05,9.811040039062499e-06,112,0.001098836484375
10-237-01523,BIHAR,Nawada,Sirdala,0,0,,210,10,1523,,111278.51695598938,301894539.186342,1.1588109130859375e-05,6.084973944567759e-06,218,0.0013265243199157715
10-237-01524,BIHAR,Nawada,Rajauli,0,0,,210,10,1524,,132370.86211000624,450216393.36794454,5.368367309570312e-06,2.8176262378406236e-06,333,0.0009382695372009277
10-238-01525,BIHAR,Jamui,Islamnagar Aliganj,0,0,,198,10,1525,,96153.77396855215,213408239.47295904,3.2116513671875e-05,2.6720627817007215e-05,156,0.004168417939453125
10-238-01526,BIHAR,Jamui,Sikandra,0,0,,198,10,1526,,86788.2538333537,223096734.30010977,3.2116513671875e-05,3.0030331922460487e-05,162,0.004864913771438599
10-238-01527,BIHAR,Jamui,Jamui,0,0,,198,10,1527,,90084.78430112793,212157753.6648698,3.2116513671875e-05,1.3936744083527596e-05,155,0.0021601953329467775
10-238-01528,BIHAR,Jamui,Barhat,0,0,,198,10,1528,,114104.37581341481,270298087.1382075,1.3699100036621096e-05,1.1404326934039897e-05,197,0.0022466524060058596
10-238-01529,BIHAR,Jamui,Lakshmipur,0,0,,198,10,1529,,112147.89260238525,307635253.00857943,1.3699100036621096e-05,3.6530933430989583e-06,225,0.0008219460021972656
10-238-01530,BIHAR,Jamui,Jhajha,0,0,,198,10,1530,,147664.43327942316,507112726.974952,1.5918142166137697e-05,1.2713602719487373e-05,370,0.004704033006210328
10-238-01532,BIHAR,Jamui,Khaira,0,0,,198,10,1532,,142747.05687020053,513762691.7981683,3.2116513671875e-05,2.291718113947294e-06,377,0.0008639777289581299
10-238-01533,BIHAR,Jamui,Sono,0,0,,198,10,1533,,117724.39892386932,474283005.7300444,2.4255948181152345e-05,3.3084288912447953e-06,349,0.0011546416830444336
10-238-01534,BIHAR,Jamui,Chakai,0,0,,198,10,1534,,243956.2217086091,956725034.6798706,4.012371402740479e-05,2.9928041210338048e-05,700,0.020949628847236633
10-239-01535,BIHAR,Jehanabad,Ratni Faridpur,0,0,,199,10,1535,,82762.53932271499,155018952.20303965,6.31822787475586e-05,4.5694460766440945e-05,114,0.005209168527374268
10-239-01536,BIHAR,Jehanabad,Jehanabad,0,0,,199,10,1536,,97254.09844747804,201426556.69272655,6.31822787475586e-05,6.318227874755861e-05,148,0.009350977254638675
10-239-01537,BIHAR,Jehanabad,Kako,0,0,,199,10,1537,,83599.3529020472,162373941.78194478,6.31822787475586e-05,6.31822787475586e-05,118,0.007455508892211915
10-239-01538,BIHAR,Jehanabad,Modanganj,0,0,,199,10,1538,,66522.90037500951,97205276.85869928,6.31822787475586e-05,2.850513238879218e-05,69,0.0019668541348266603
10-239-01539,BIHAR,Jehanabad,Ghoshi,0,0,,199,10,1539,,82931.95174196921,112225161.55433495,6.31822787475586e-05,3.353339367602246e-05,83,0.0027832716751098638
10-239-01540,BIHAR,Jehanabad,Makhdumpur,0,0,,199,10,1540,,128831.72570768485,301471679.33572614,6.31822787475586e-05,1.2335391996181505e-05,217,0.0026767800631713867
10-239-01541,BIHAR,Jehanabad,Hulasganj,0,0,,199,10,1541,,87179.53907708311,119677697.18988888,6.31822787475586e-05,9.815355195787218e-06,90,0.0008833819676208496
10-240-01545,BIHAR,Arwal,Sonbhadra Banshi Suryapur,0,0,,611,10,1545,,62692.97791397586,116643000.97724338,5.164330429077149e-05,1.339128984658115e-05,83,0.0011114770572662354
10-240-01546,BIHAR,Arwal,Kurtha,0,0,,611,10,1546,,71585.17106640573,106433073.5354984,5.164330429077149e-05,2.579945244813577e-05,78,0.00201235729095459
10-224-01334,BIHAR,Bhagalpur,Gopalpur,0,0,,192,10,1334,,95407.9186210158,208941966.91883087,0.0,0.0,153,0.0
10-210-01127,BIHAR,Kishanganj,Kishanganj,0,0,,203,10,1127,,125268.33771117091,207105687.55921903,0.0,0.0,152,0.0
10-206-01064,BIHAR,Sitamarhi,Suppi,0,0,,221,10,1064,,71084.15120823232,92250451.53846286,0.0,0.0,66,0.0
10-234-01463,BIHAR,Rohtas,Nasriganj,0,0,,215,10,1463,,90034.07903274363,167356919.18355417,0.0,0.0,126,0.0
10-234-01464,BIHAR,Rohtas,Rajpur,0,0,,215,10,1464,,68660.48684625747,85633596.4997788,0.0,0.0,63,0.0
10-234-01465,BIHAR,Rohtas,Sanjhauli,0,0,,215,10,1465,,56591.722358052,83833486.39015438,0.0,0.0,63,0.0
10-203-01023,BIHAR,Pashchim Champaran,Thakrahan,0,0,,211,10,1023,,79847.09402015881,199004696.79409248,0.0,0.0,145,0.0
10-204-01054,BIHAR,Purbi Champaran,Phenhara,0,0,,213,10,1054,,44565.43736457999,67645025.94776015,0.0,0.0,51,0.0
10-219-01262,BIHAR,Saran,Maker,0,0,,218,10,1262,,62357.8736467211,96585777.9808088,0.0,0.0,71,0.0
10-220-01282,BIHAR,Vaishali,Sahdai Buzurg,0,0,,224,10,1282,,74546.65030748869,114161677.3631406,0.0,0.0,84,0.0
10-229-01388,BIHAR,Nalanda,Tharthari,0,0,,209,10,1388,,71853.42144919158,77411758.12428828,0.0,0.0,54,0.0
10-229-01389,BIHAR,Nalanda,Parbalpur,0,0,,209,10,1389,,54466.2339431045,76043839.88376136,0.0,0.0,56,0.0
10-203-01022,BIHAR,Pashchim Champaran,Bhitaha,0,0,,211,10,1022,,72626.86760213553,166969906.7472905,0.0,0.0,117,0.0
10-203-01013,BIHAR,Pashchim Champaran,Sidhaw,0,0,,211,10,1013,,195582.3602130639,1085337194.6715722,0.0,0.0,781,0.0
10-203-01014,BIHAR,Pashchim Champaran,Ramnagar,0,0,,211,10,1014,,230865.78384139363,866139404.2451236,0.0,0.0,621,0.0
10-203-01015,BIHAR,Pashchim Champaran,Gaunaha,0,0,,211,10,1015,,136504.94021895694,605322845.3823951,0.0,0.0,441,0.0
10-203-01016,BIHAR,Pashchim Champaran,Mainatanr,0,0,,211,10,1016,,115419.13930249632,312998546.4010918,0.0,0.0,221,0.0
10-203-01017,BIHAR,Pashchim Champaran,Narkatiaganj,0,0,,211,10,1017,,149144.20649331805,441857686.2127825,0.0,0.0,314,0.0
10-203-01018,BIHAR,Pashchim Champaran,Lauriya,0,0,,211,10,1018,,120853.32018665274,255440417.54612216,0.0,0.0,183,0.0
10-203-01019,BIHAR,Pashchim Champaran,Bagaha,0,0,,211,10,1019,,135587.24079810514,491292931.53180623,0.0,0.0,352,0.0
10-203-01021,BIHAR,Pashchim Champaran,Madhubani,0,0,,211,10,1021,,144670.82201821523,386116138.1353823,0.0,0.0,276,0.0
10-203-01024,BIHAR,Pashchim Champaran,Jogapatti,0,0,,211,10,1024,,88530.23644360513,258722436.3759333,0.0,0.0,186,0.0
10-203-01029,BIHAR,Pashchim Champaran,Bairia,0,0,,211,10,1029,,105039.82861382668,288505226.87341565,0.0,0.0,208,0.0
10-203-01025,BIHAR,Pashchim Champaran,Chanpatia,0,0,,211,10,1025,,113543.7602983494,310017349.34780717,0.0,0.0,226,0.0
10-206-01071,BIHAR,Sitamarhi,Parsauni,0,0,,221,10,1071,,63729.135625112256,74724139.64418457,0.0,0.0,55,0.0
10-203-01026,BIHAR,Pashchim Champaran,Sikta,0,0,,211,10,1026,,93443.22825707054,255004178.86147365,0.0,0.0,183,0.0
10-203-01027,BIHAR,Pashchim Champaran,Majhaulia,0,0,,211,10,1027,,123374.4030721297,371511179.15939575,0.0,0.0,265,0.0
10-203-01028,BIHAR,Pashchim Champaran,Bettiah,0,0,,211,10,1028,,53968.26030594324,83182055.35378212,0.0,0.0,59,0.0
10-203-01030,BIHAR,Pashchim Champaran,Nautan,0,0,,211,10,1030,,122656.63983711715,245738630.13883996,0.0,0.0,171,0.0
10-204-01031,BIHAR,Purbi Champaran,Raxaul,0,0,,213,10,1031,,98709.78801801558,166685360.13968688,0.0,0.0,124,0.0
10-206-01072,BIHAR,Sitamarhi,Belsand,0,0,,221,10,1072,,66235.5873217276,97354060.86547032,0.0,0.0,70,0.0
10-206-01073,BIHAR,Sitamarhi,Runisaidpur,0,0,,221,10,1073,,152472.54206325076,334873257.0825382,0.0,0.0,243,0.0
10-204-01032,BIHAR,Purbi Champaran,Adapur,0,0,,213,10,1032,,94532.37688292323,199608924.7111849,0.0,0.0,148,0.0
10-206-01074,BIHAR,Sitamarhi,Dumra,0,0,,221,10,1074,,111649.34177378344,241159212.36062923,0.0,0.0,178,0.0
10-204-01033,BIHAR,Purbi Champaran,Ramgarhwa,0,0,,213,10,1033,,90718.26831189607,213035907.5226096,0.0,0.0,154,0.0
10-204-01034,BIHAR,Purbi Champaran,Sugauli,0,0,,213,10,1034,,84892.41923436844,209336830.19001696,0.0,0.0,149,0.0
10-204-01038,BIHAR,Purbi Champaran,Ghorasahan,0,0,,213,10,1038,,75335.10865687576,144368243.47105,0.0,0.0,104,0.0
10-204-01035,BIHAR,Purbi Champaran,Banjaria,0,0,,213,10,1035,,102381.40449613356,176960195.87167916,0.0,0.0,124,0.0
10-204-01047,BIHAR,Purbi Champaran,Kesaria,0,0,,213,10,1047,,87546.8206889307,229535442.11688668,0.0,0.0,168,0.0
10-204-01036,BIHAR,Purbi Champaran,Narkatia,0,0,,213,10,1036,,105607.09704406632,168338010.30978012,0.0,0.0,120,0.0
10-204-01037,BIHAR,Purbi Champaran,Bankatwa,0,0,,213,10,1037,,99233.37216886049,115311013.90225838,0.0,0.0,82,0.0
10-204-01039,BIHAR,Purbi Champaran,Dhaka,0,0,,213,10,1039,,97673.73467814895,202386545.86227983,0.0,0.0,145,0.0
10-204-01048,BIHAR,Purbi Champaran,Kalyanpur,0,0,,213,10,1048,,109413.20044555076,313300912.50613195,0.0,0.0,230,0.0
10-204-01040,BIHAR,Purbi Champaran,Chiraia,0,0,,213,10,1040,,110764.71696779084,272984575.32652414,0.0,0.0,199,0.0
10-204-01041,BIHAR,Purbi Champaran,Motihari,0,0,,213,10,1041,,181544.26702654368,319814691.13850176,0.0,0.0,241,0.0
10-204-01049,BIHAR,Purbi Champaran,Kotwa,0,0,,213,10,1049,,78879.98205471091,178282937.71225017,0.0,0.0,126,0.0
10-204-01042,BIHAR,Purbi Champaran,Turkaulia,0,0,,213,10,1042,,99475.78497366334,174748315.94966665,0.0,0.0,130,0.0
10-204-01050,BIHAR,Purbi Champaran,Piprakothi,0,0,,213,10,1050,,58369.33889310607,62223774.49301849,0.0,0.0,45,0.0
10-204-01043,BIHAR,Purbi Champaran,Harsidhi,0,0,,213,10,1043,,133904.34238337883,240218359.62130272,0.0,0.0,173,0.0
10-204-01044,BIHAR,Purbi Champaran,Paharpur,0,0,,213,10,1044,,108730.62076802726,192061375.0173064,0.0,0.0,144,0.0
10-204-01045,BIHAR,Purbi Champaran,Areraj,0,0,,213,10,1045,,93331.67353690567,242725576.26244012,0.0,0.0,174,0.0
10-204-01046,BIHAR,Purbi Champaran,Sangrampur,0,0,,213,10,1046,,78133.67961210197,187659878.02718252,0.0,0.0,133,0.0
10-204-01051,BIHAR,Purbi Champaran,Chakia(Pipra),0,0,,213,10,1051,,129110.66914194856,212940547.80779588,0.0,0.0,145,0.0
10-204-01052,BIHAR,Purbi Champaran,Pakri Dayal,0,0,,213,10,1052,,90143.40730437863,148110040.62869397,0.0,0.0,106,0.0
10-204-01053,BIHAR,Purbi Champaran,Patahi,0,0,,213,10,1053,,85994.51677214028,144960443.14880535,0.0,0.0,100,0.0
10-204-01055,BIHAR,Purbi Champaran,Madhuban,0,0,,213,10,1055,,112681.00006095257,152424272.44650427,0.0,0.0,114,0.0
10-204-01056,BIHAR,Purbi Champaran,Tetaria,0,0,,213,10,1056,,82320.72754353678,104458405.63845472,0.0,0.0,74,0.0
10-205-01058,BIHAR,Sheohar,Purnahiya,0,0,,220,10,1058,,57294.126150412616,80859097.14068061,0.0,0.0,59,0.0
10-204-01057,BIHAR,Purbi Champaran,Mehsi,0,0,,213,10,1057,,125063.78039343117,149773808.08158112,0.0,0.0,108,0.0
10-205-01059,BIHAR,Sheohar,Piprarhi,0,0,,220,10,1059,,105870.45511307275,104265216.9562483,0.0,0.0,77,0.0
10-205-01060,BIHAR,Sheohar,Sheohar,0,0,,220,10,1060,,81007.5322908237,115638983.35873616,0.0,0.0,83,0.0
10-205-01061,BIHAR,Sheohar,Dumri Katsari,0,0,,220,10,1061,,65038.65439014734,84655470.24819931,0.0,0.0,59,0.0
10-205-01062,BIHAR,Sheohar,Tariani Chowk,0,0,,220,10,1062,,97491.22869259815,171878914.60720828,0.0,0.0,126,0.0
10-206-01063,BIHAR,Sitamarhi,Bairgania,0,0,,221,10,1063,,59598.621146511534,94417571.99630062,0.0,0.0,70,0.0
10-206-01065,BIHAR,Sitamarhi,Majorganj,0,0,,221,10,1065,,62808.55729710282,95411217.42446172,0.0,0.0,68,0.0
10-206-01066,BIHAR,Sitamarhi,Sonbarsa,0,0,,221,10,1066,,92820.94699371175,224104085.6083578,0.0,0.0,155,0.0
10-206-01067,BIHAR,Sitamarhi,Parihar,0,0,,221,10,1067,,86838.20299610356,272812569.4060281,0.0,0.0,197,0.0
10-207-01095,BIHAR,Madhubani,Rajnagar,0,0,,206,10,1095,,78809.12744912357,223111125.2667772,0.0,0.0,158,0.0
10-206-01068,BIHAR,Sitamarhi,Sursand,0,0,,221,10,1068,,91215.71647520129,181412871.1123928,0.0,0.0,134,0.0
10-206-01069,BIHAR,Sitamarhi,Bathnaha,0,0,,221,10,1069,,120764.04051803834,251403523.12922087,0.0,0.0,185,0.0
10-206-01070,BIHAR,Sitamarhi,Riga,0,0,,221,10,1070,,129433.73210860479,163724219.02092636,0.0,0.0,114,0.0
10-210-01123,BIHAR,Kishanganj,Thakurganj,0,0,,203,10,1123,,224971.2940646554,491161543.46963537,0.0,0.0,353,0.0
10-210-01124,BIHAR,Kishanganj,Pothia,0,0,,203,10,1124,,167388.9118766352,443844792.4531903,0.0,0.0,321,0.0
10-210-01125,BIHAR,Kishanganj,Bahadurganj,0,0,,203,10,1125,,155296.13881782343,347494200.8377232,0.0,0.0,251,0.0
10-210-01126,BIHAR,Kishanganj,Kochadhamin,0,0,,203,10,1126,,139640.52665725534,360840233.8364798,0.0,0.0,258,0.0
10-211-01128,BIHAR,Purnia,Banmankhi,0,0,,214,10,1128,,142815.61519736593,459936087.34673214,0.0,0.0,333,0.0
10-206-01075,BIHAR,Sitamarhi,Bajpatti,0,0,,221,10,1075,,90407.29439213518,174303329.1783474,0.0,0.0,125,0.0
10-206-01076,BIHAR,Sitamarhi,Charaut,0,0,,221,10,1076,,85128.15752493152,91349700.81924292,0.0,0.0,62,0.0
10-206-01077,BIHAR,Sitamarhi,Pupri,0,0,,221,10,1077,,73992.24203369493,115338203.66308306,0.0,0.0,82,0.0
10-206-01078,BIHAR,Sitamarhi,Nanpur,0,0,,221,10,1078,,73315.01223618646,135892566.9983101,0.0,0.0,100,0.0
10-220-01283,BIHAR,Vaishali,Mahnar,0,0,,224,10,1283,,81638.1139853176,126474580.44313861,0.0,0.0,89,0.0
10-206-01079,BIHAR,Sitamarhi,Bokhara,0,0,,221,10,1079,,81978.13188098712,108574895.39827529,0.0,0.0,79,0.0
10-207-01080,BIHAR,Madhubani,Madhwapur,0,0,,206,10,1080,,88808.76172423853,137557654.90878707,0.0,0.0,103,0.0
10-207-01081,BIHAR,Madhubani,Harlakhi,0,0,,206,10,1081,,90217.76640094945,187441757.00046396,0.0,0.0,138,0.0
10-207-01082,BIHAR,Madhubani,Basopatti,0,0,,206,10,1082,,97634.90682970545,164238774.4639331,0.0,0.0,122,0.0
10-207-01089,BIHAR,Madhubani,Khajauli,0,0,,206,10,1089,,91171.28062794723,150968724.81279027,0.0,0.0,108,0.0
10-207-01083,BIHAR,Madhubani,Jainagar,0,0,,206,10,1083,,81489.61423509955,161880108.8306139,0.0,0.0,115,0.0
10-207-01090,BIHAR,Madhubani,Kaluahi,0,0,,206,10,1090,,62305.281593423286,101560283.08963235,0.0,0.0,75,0.0
10-207-01084,BIHAR,Madhubani,Ladania,0,0,,206,10,1084,,97928.14946240213,232665607.5684243,0.0,0.0,164,0.0
10-207-01085,BIHAR,Madhubani,Laukaha,0,0,,206,10,1085,,102032.19667129294,266340932.00179368,0.0,0.0,197,0.0
10-207-01086,BIHAR,Madhubani,Laukahi,0,0,,206,10,1086,,109679.24973352649,329223432.564553,0.0,0.0,237,0.0
10-207-01087,BIHAR,Madhubani,Phulparas,0,0,,206,10,1087,,117974.41186319289,199352334.8677591,0.0,0.0,140,0.0
10-207-01088,BIHAR,Madhubani,Babubarhi,0,0,,206,10,1088,,118996.04641992833,237192379.86086744,0.0,0.0,174,0.0
10-207-01091,BIHAR,Madhubani,Benipatti,0,0,,206,10,1091,,128414.2409747215,328987645.9449377,0.0,0.0,231,0.0
10-207-01092,BIHAR,Madhubani,Bisfi,0,0,,206,10,1092,,99754.46134559005,226192948.413646,0.0,0.0,165,0.0
10-207-01093,BIHAR,Madhubani,Madhubani,0,0,,206,10,1093,,109764.71764889831,200359220.56727448,0.0,0.0,142,0.0
10-207-01094,BIHAR,Madhubani,Pandaul,0,0,,206,10,1094,,102372.75527307783,208327489.63825428,0.0,0.0,148,0.0
10-207-01096,BIHAR,Madhubani,Andhratharhi,0,0,,206,10,1096,,97300.5167595078,186769445.10608673,0.0,0.0,134,0.0
10-207-01097,BIHAR,Madhubani,Jhanjharpur,0,0,,206,10,1097,,125261.96837896874,181284371.95402232,0.0,0.0,132,0.0
10-207-01098,BIHAR,Madhubani,Ghoghardiha,0,0,,206,10,1098,,114215.40677637524,211228851.4219488,0.0,0.0,159,0.0
10-207-01099,BIHAR,Madhubani,Lakhnaur,0,0,,206,10,1099,,72956.74167609161,146945623.14022,0.0,0.0,110,0.0
10-207-01100,BIHAR,Madhubani,Madhepur,0,0,,206,10,1100,,144505.38034518834,300452948.5687113,0.0,0.0,212,0.0
10-208-01101,BIHAR,Supaul,Nirmali,0,0,,223,10,1101,,123310.21889922836,162734364.67066902,0.0,0.0,118,0.0
10-208-01102,BIHAR,Supaul,Basantpur,0,0,,223,10,1102,,136288.63693043106,319456339.75100917,0.0,0.0,228,0.0
10-208-01103,BIHAR,Supaul,Chhatapur,0,0,,223,10,1103,,142271.17176584958,398825687.2446475,0.0,0.0,285,0.0
10-208-01104,BIHAR,Supaul,Pratapganj,0,0,,223,10,1104,,71155.69013184242,133032565.19323792,0.0,0.0,97,0.0
10-208-01105,BIHAR,Supaul,Raghopur,0,0,,223,10,1105,,111831.20983491397,255841046.48838165,0.0,0.0,187,0.0
10-221-01285,BIHAR,Samastipur,Warisnagar,0,0,,217,10,1285,,90241.30323013186,163846086.5162723,0.0,0.0,120,0.0
10-208-01106,BIHAR,Supaul,Saraigarh Bhaptiyahi,0,0,,223,10,1106,,105489.5116383213,257042943.27229512,0.0,0.0,189,0.0
10-208-01107,BIHAR,Supaul,Kishanpur,0,0,,223,10,1107,,125516.73810076228,248613546.3002807,0.0,0.0,177,0.0
10-208-01108,BIHAR,Supaul,Marauna,0,0,,223,10,1108,,114969.59778192453,206419565.01179272,0.0,0.0,149,0.0
10-208-01109,BIHAR,Supaul,Supaul,0,0,,223,10,1109,,122628.008173687,390920691.5720901,0.0,0.0,287,0.0
10-208-01110,BIHAR,Supaul,Pipra,0,0,,223,10,1110,,113516.78657800167,247320462.25611627,0.0,0.0,181,0.0
10-221-01287,BIHAR,Samastipur,Khanpur,0,0,,217,10,1287,,89337.20668890505,173313349.37261373,0.0,0.0,127,0.0
10-208-01111,BIHAR,Supaul,Tribeniganj,0,0,,223,10,1111,,136684.8917573132,402291551.99740016,0.0,0.0,290,0.0
10-209-01112,BIHAR,Araria,Narpatganj,0,0,,188,10,1112,,196352.82868709194,482872068.7863751,0.0,0.0,351,0.0
10-209-01113,BIHAR,Araria,Forbesganj,0,0,,188,10,1113,,165874.55860340688,546946456.996027,0.0,0.0,392,0.0
10-209-01114,BIHAR,Araria,Bhargama,0,0,,188,10,1114,,140909.75235341018,280499778.1128878,0.0,0.0,206,0.0
10-209-01115,BIHAR,Araria,Raniganj,0,0,,188,10,1115,,160625.61646677545,576910744.770993,0.0,0.0,418,0.0
10-209-01116,BIHAR,Araria,Araria,0,0,,188,10,1116,,192057.15187743204,506918787.2643526,0.0,0.0,371,0.0
10-209-01117,BIHAR,Araria,Kursakatta,0,0,,188,10,1117,,96566.38525637137,201032230.408231,0.0,0.0,147,0.0
10-209-01118,BIHAR,Araria,Sikti,0,0,,188,10,1118,,116798.35346995249,237753016.2819182,0.0,0.0,177,0.0
10-209-01119,BIHAR,Araria,Palasi,0,0,,188,10,1119,,132578.70192307016,306240761.34804773,0.0,0.0,222,0.0
10-209-01120,BIHAR,Araria,Jokihat,0,0,,188,10,1120,,155370.9524619173,341005127.7602247,0.0,0.0,246,0.0
10-210-01121,BIHAR,Kishanganj,Terhagachh,0,0,,203,10,1121,,121953.02658094271,245208326.38245347,0.0,0.0,175,0.0
10-210-01122,BIHAR,Kishanganj,Dighalbank,0,0,,203,10,1122,,147432.83262190674,314385668.4331173,0.0,0.0,224,0.0
10-211-01129,BIHAR,Purnia,Barhara,0,0,,214,10,1129,,111073.17449432175,288009141.38478667,0.0,0.0,212,0.0
10-211-01130,BIHAR,Purnia,Bhawanipur,0,0,,214,10,1130,,116656.34435182877,201938838.4795833,0.0,0.0,147,0.0
10-211-01131,BIHAR,Purnia,Rupauli,0,0,,214,10,1131,,113946.660566684,308195114.8462847,0.0,0.0,227,0.0
10-211-01132,BIHAR,Purnia,Dhamdaha,0,0,,214,10,1132,,135370.01293426772,446856166.039676,0.0,0.0,326,0.0
10-211-01133,BIHAR,Purnia,Krityanand Nagar,0,0,,214,10,1133,,149407.41850079046,364443041.21247435,0.0,0.0,274,0.0
10-211-01134,BIHAR,Purnia,Purnia East,0,0,,214,10,1134,,127662.13358515713,309272824.56310594,0.0,0.0,228,0.0
10-211-01135,BIHAR,Purnia,Kasba,0,0,,214,10,1135,,130095.64608516233,215123054.3424731,0.0,0.0,154,0.0
10-211-01136,BIHAR,Purnia,Srinagar,0,0,,214,10,1136,,106220.57404900706,172405807.6412187,0.0,0.0,122,0.0
10-211-01137,BIHAR,Purnia,Jalalgarh,0,0,,214,10,1137,,87146.39992638786,142107808.6772385,0.0,0.0,102,0.0
10-211-01138,BIHAR,Purnia,Amour,0,0,,214,10,1138,,141371.93624621196,307011870.96961224,0.0,0.0,225,0.0
10-211-01139,BIHAR,Purnia,Baisa,0,0,,214,10,1139,,132173.35304950457,275191667.549805,0.0,0.0,197,0.0
10-211-01140,BIHAR,Purnia,Baisi,0,0,,214,10,1140,,118169.54825440844,253873549.02719215,0.0,0.0,187,0.0
10-211-01141,BIHAR,Purnia,Dagarua,0,0,,214,10,1141,,129309.28146976323,257465778.6329552,0.0,0.0,180,0.0
10-212-01142,BIHAR,Katihar,Falka,0,0,,201,10,1142,,100518.70580952488,208374539.8829749,0.0,0.0,150,0.0
10-212-01143,BIHAR,Katihar,Korha,0,0,,201,10,1143,,137118.64195203967,368801327.90483874,0.0,0.0,273,0.0
10-212-01144,BIHAR,Katihar,Hasanganj,0,0,,201,10,1144,,78227.29832785497,86155111.41022065,0.0,0.0,62,0.0
10-212-01145,BIHAR,Katihar,Kadwa,0,0,,201,10,1145,,157692.68144088247,420129854.10490626,0.0,0.0,307,0.0
10-212-01146,BIHAR,Katihar,Balrampur,0,0,,201,10,1146,,141815.18317465586,216253207.31133217,0.0,0.0,151,0.0
10-212-01147,BIHAR,Katihar,Barsoi,0,0,,201,10,1147,,172308.8160052511,357713388.6445612,0.0,0.0,261,0.0
10-212-01148,BIHAR,Katihar,Azamnagar,0,0,,201,10,1148,,141791.77759222616,349759708.1212404,0.0,0.0,253,0.0
10-221-01290,BIHAR,Samastipur,Tajpur,0,0,,217,10,1290,,57166.77792153786,83856612.1105223,0.0,0.0,61,0.0
10-212-01149,BIHAR,Katihar,Pranpur,0,0,,201,10,1149,,111803.70370561493,191475637.62126103,0.0,0.0,141,0.0
10-212-01150,BIHAR,Katihar,Dandkhora,0,0,,201,10,1150,,70987.07501110679,111201189.06340708,0.0,0.0,81,0.0
10-212-01151,BIHAR,Katihar,Katihar,0,0,,201,10,1151,,76845.81968857624,136830037.77828172,0.0,0.0,100,0.0
10-212-01152,BIHAR,Katihar,Mansahi,0,0,,201,10,1152,,73279.06289841712,97405011.1871763,0.0,0.0,73,0.0
10-212-01155,BIHAR,Katihar,Kursela,0,0,,201,10,1155,,80348.39413748268,153683091.52761996,0.0,0.0,117,0.0
10-212-01153,BIHAR,Katihar,Barari,0,0,,201,10,1153,,107333.93297446336,407446973.1478653,0.0,0.0,292,0.0
10-212-01154,BIHAR,Katihar,Sameli,0,0,,201,10,1154,,75105.36277909,118027198.2496544,0.0,0.0,81,0.0
10-212-01156,BIHAR,Katihar,Manihari,0,0,,201,10,1156,,130162.81635074862,303859830.4099729,0.0,0.0,221,0.0
10-212-01157,BIHAR,Katihar,Amdabad,0,0,,201,10,1157,,103742.71814675455,228302986.79665467,0.0,0.0,164,0.0
10-213-01158,BIHAR,Madhepura,Gamharia,0,0,,205,10,1158,,80141.00377515821,125479849.27382244,0.0,0.0,89,0.0
10-213-01160,BIHAR,Madhepura,Ghailarh,0,0,,205,10,1160,,78865.70647224285,116219722.2388165,0.0,0.0,83,0.0
10-213-01159,BIHAR,Madhepura,Singheshwar,0,0,,205,10,1159,,111627.30849980874,111167268.35246354,0.0,0.0,78,0.0
10-216-01210,BIHAR,Muzaffarpur,Bandra,0,0,,208,10,1210,,74293.85759884378,142020443.31484023,0.0,0.0,103,0.0
10-213-01161,BIHAR,Madhepura,Madhepura,0,0,,205,10,1161,,115084.47931226583,237801277.85767865,0.0,0.0,175,0.0
10-213-01162,BIHAR,Madhepura,Shankarpur,0,0,,205,10,1162,,63984.56408470212,128790837.874554,0.0,0.0,94,0.0
10-213-01163,BIHAR,Madhepura,Kumarkhand,0,0,,205,10,1163,,118191.24796123093,316976886.68211347,0.0,0.0,230,0.0
10-213-01164,BIHAR,Madhepura,Murliganj,0,0,,205,10,1164,,94211.11378994165,247086114.21145928,0.0,0.0,179,0.0
10-221-01293,BIHAR,Samastipur,Mohanpur,0,0,,217,10,1293,,74468.46489139357,163000016.77407515,0.0,0.0,120,0.0
10-213-01165,BIHAR,Madhepura,Gwalpara,0,0,,205,10,1165,,78037.2495556277,147267353.58482873,0.0,0.0,109,0.0
10-214-01172,BIHAR,Saharsa,Satar Kataiya,0,0,,216,10,1172,,77878.75925155886,177382280.64763528,0.0,0.0,130,0.0
10-213-01166,BIHAR,Madhepura,Bihariganj,0,0,,205,10,1166,,79669.40805645821,133818744.70956944,0.0,0.0,98,0.0
10-216-01211,BIHAR,Muzaffarpur,Dholi (Moraul),0,0,,208,10,1211,,63030.361633940505,73298422.6275262,0.0,0.0,50,0.0
10-213-01167,BIHAR,Madhepura,Kishanganj,0,0,,205,10,1167,,99817.47531025465,188055937.5971522,0.0,0.0,133,0.0
10-216-01212,BIHAR,Muzaffarpur,Musahri,0,0,,208,10,1212,,211487.75457487197,365415439.5943066,0.0,0.0,267,0.0
10-213-01168,BIHAR,Madhepura,Puraini,0,0,,205,10,1168,,63416.842365887525,103114850.3546553,0.0,0.0,76,0.0
10-214-01174,BIHAR,Saharsa,Kahara,0,0,,216,10,1174,,81070.16203244023,176788302.3737116,0.0,0.0,128,0.0
10-213-01169,BIHAR,Madhepura,Alamnagar,0,0,,205,10,1169,,94357.42058114092,211989804.11375904,0.0,0.0,151,0.0
10-213-01170,BIHAR,Madhepura,Chausa,0,0,,205,10,1170,,87285.75133964,172516848.53860697,0.0,0.0,124,0.0
10-214-01171,BIHAR,Saharsa,Nauhatta,0,0,,216,10,1171,,93228.84620468391,212763144.21707585,0.0,0.0,151,0.0
10-217-01227,BIHAR,Gopalganj,Sidhwalia,0,0,,197,10,1227,,69457.48217743407,152022198.31601515,0.0,0.0,109,0.0
10-214-01173,BIHAR,Saharsa,Mahishi,0,0,,216,10,1173,,106372.46434789852,273075178.2794974,0.0,0.0,195,0.0
10-214-01175,BIHAR,Saharsa,Saur Bazar,0,0,,216,10,1175,,88121.22998090234,233228921.9025612,0.0,0.0,171,0.0
10-214-01176,BIHAR,Saharsa,Patarghat,0,0,,216,10,1176,,67497.21582029684,149681422.04156074,0.0,0.0,105,0.0
10-214-01177,BIHAR,Saharsa,Sonbarsa,0,0,,216,10,1177,,90185.02153799882,263952116.041209,0.0,0.0,193,0.0
10-216-01199,BIHAR,Muzaffarpur,Sahebganj,0,0,,208,10,1199,,80060.99972290538,253055918.70266867,0.0,0.0,189,0.0
10-214-01178,BIHAR,Saharsa,Simri Bakhtiarpur,0,0,,216,10,1178,,119116.35548129058,266466354.66217396,0.0,0.0,194,0.0
10-214-01179,BIHAR,Saharsa,Salkhua,0,0,,216,10,1179,,82412.26684571667,221182533.93573853,0.0,0.0,163,0.0
10-214-01180,BIHAR,Saharsa,Banma Itahri,0,0,,216,10,1180,,54286.501575749484,92822449.4552088,0.0,0.0,68,0.0
10-215-01181,BIHAR,Darbhanga,Jale,0,0,,195,10,1181,,112473.57051363293,234172285.01568127,0.0,0.0,171,0.0
10-215-01182,BIHAR,Darbhanga,Singhwara,0,0,,195,10,1182,,121368.62688362494,223279889.67870736,0.0,0.0,162,0.0
10-215-01183,BIHAR,Darbhanga,Keotiranway,0,0,,195,10,1183,,89515.08566239705,180205403.4644349,0.0,0.0,131,0.0
10-215-01184,BIHAR,Darbhanga,Darbhanga,0,0,,195,10,1184,,131883.04966973627,240721362.1475316,0.0,0.0,174,0.0
10-215-01185,BIHAR,Darbhanga,Manigachhi,0,0,,195,10,1185,,96856.01003306538,158887287.31255177,0.0,0.0,114,0.0
10-215-01186,BIHAR,Darbhanga,Tardih,0,0,,195,10,1186,,96398.42232606321,109520018.96976715,0.0,0.0,79,0.0
10-215-01187,BIHAR,Darbhanga,Alinagar,0,0,,195,10,1187,,105560.56246873255,146523357.5416611,0.0,0.0,105,0.0
10-215-01188,BIHAR,Darbhanga,Benipur,0,0,,195,10,1188,,118482.30854716274,204643530.87647069,0.0,0.0,150,0.0
10-215-01189,BIHAR,Darbhanga,Bahadurpur,0,0,,195,10,1189,,155637.00049509996,221161760.4253616,0.0,0.0,158,0.0
10-215-01190,BIHAR,Darbhanga,Hanumannagar,0,0,,195,10,1190,,114393.83215098479,181536916.32106537,0.0,0.0,130,0.0
10-215-01191,BIHAR,Darbhanga,Hayaghat,0,0,,195,10,1191,,66118.49929402806,108810529.75916524,0.0,0.0,77,0.0
10-215-01192,BIHAR,Darbhanga,Baheri,0,0,,195,10,1192,,128629.1579498372,271307286.95794886,0.0,0.0,195,0.0
10-215-01193,BIHAR,Darbhanga,Biraul,0,0,,195,10,1193,,135706.32971678255,230203939.26841983,0.0,0.0,167,0.0
10-215-01194,BIHAR,Darbhanga,Ghanshyampur,0,0,,195,10,1194,,76766.91373126305,103945643.9979024,0.0,0.0,78,0.0
10-215-01195,BIHAR,Darbhanga,Kiratpur,0,0,,195,10,1195,,78793.19278562842,78915927.53877336,0.0,0.0,60,0.0
10-215-01196,BIHAR,Darbhanga,Gora Bauram,0,0,,195,10,1196,,99804.03366816713,145653476.81698695,0.0,0.0,104,0.0
10-215-01197,BIHAR,Darbhanga,Kusheshwar Asthan,0,0,,195,10,1197,,87220.16498537568,144130520.9401011,0.0,0.0,107,0.0
10-215-01198,BIHAR,Darbhanga,Kusheshwar Asthan Purbi,0,0,,195,10,1198,,91858.86035222423,150084285.43545517,0.0,0.0,112,0.0
10-216-01200,BIHAR,Muzaffarpur,Baruraj (Motipur),0,0,,208,10,1200,,125110.13599018812,365259305.4740948,0.0,0.0,263,0.0
10-216-01201,BIHAR,Muzaffarpur,Paroo,0,0,,208,10,1201,,136934.87791145188,413033977.3448192,0.0,0.0,295,0.0
10-216-01202,BIHAR,Muzaffarpur,Saraiya,0,0,,208,10,1202,,155820.80051537574,301402655.1404849,0.0,0.0,218,0.0
10-216-01203,BIHAR,Muzaffarpur,Marwan,0,0,,208,10,1203,,84959.92762229654,138736310.53842777,0.0,0.0,101,0.0
10-216-01204,BIHAR,Muzaffarpur,Kanti,0,0,,208,10,1204,,97122.90469976026,124757584.36625764,0.0,0.0,91,0.0
10-216-01205,BIHAR,Muzaffarpur,Minapur,0,0,,208,10,1205,,166218.11946715685,316124209.98756105,0.0,0.0,228,0.0
10-216-01206,BIHAR,Muzaffarpur,Bochaha,0,0,,208,10,1206,,126044.68100944142,233148755.94160384,0.0,0.0,167,0.0
10-216-01207,BIHAR,Muzaffarpur,Aurai,0,0,,208,10,1207,,101267.16719990574,247748190.77792475,0.0,0.0,177,0.0
10-216-01208,BIHAR,Muzaffarpur,Katra,0,0,,208,10,1208,,118891.9342746819,235108975.17115793,0.0,0.0,171,0.0
10-216-01209,BIHAR,Muzaffarpur,Gaighat,0,0,,208,10,1209,,111008.49869520529,259762671.68662548,0.0,0.0,191,0.0
10-216-01213,BIHAR,Muzaffarpur,Kurhani,0,0,,208,10,1213,,108106.10574110712,256354911.2077163,0.0,0.0,187,0.0
10-216-01214,BIHAR,Muzaffarpur,Sakra,0,0,,208,10,1214,,105121.4777371614,236360031.18726787,0.0,0.0,175,0.0
10-217-01215,BIHAR,Gopalganj,Katiya,0,0,,197,10,1215,,94755.55253264701,158441587.458013,0.0,0.0,112,0.0
10-217-01216,BIHAR,Gopalganj,Bijaipur,0,0,,197,10,1216,,81309.59717969262,163112176.36717936,0.0,0.0,120,0.0
10-217-01217,BIHAR,Gopalganj,Bhorey,0,0,,197,10,1217,,78790.65552761848,196013266.46535653,0.0,0.0,144,0.0
10-217-01218,BIHAR,Gopalganj,Pach Deuri,0,0,,197,10,1218,,53698.212932643866,118295317.11973979,0.0,0.0,85,0.0
10-217-01219,BIHAR,Gopalganj,Kuchaikote,0,0,,197,10,1219,,101077.28158428885,316078491.04748106,0.0,0.0,226,0.0
10-217-01220,BIHAR,Gopalganj,Phulwaria,0,0,,197,10,1220,,81339.22200232239,118763292.85091434,0.0,0.0,89,0.0
10-217-01221,BIHAR,Gopalganj,Hathua,0,0,,197,10,1221,,91546.96202775641,183613061.83342972,2.9857571411132815e-06,1.974831494909572e-06,127,0.00025080359985351567
10-217-01222,BIHAR,Gopalganj,Uchkagaon,0,0,,197,10,1222,,80102.93001981139,142235093.67043933,2.9857571411132815e-06,1.971726413942733e-07,106,2.090029998779297e-05
10-217-01223,BIHAR,Gopalganj,Thawe,0,0,,197,10,1223,,57244.55575246375,89300191.60424533,2.9857571411132815e-06,4.665245532989502e-08,64,2.9857571411132815e-06
10-217-01224,BIHAR,Gopalganj,Gopalganj,0,0,,197,10,1224,,110313.13172782106,244420793.60160467,0.0,0.0,182,0.0
10-218-01232,BIHAR,Siwan,Goriakothi,0,0,,222,10,1232,,73201.39147651673,174963939.23516312,0.0,0.0,127,0.0
10-217-01225,BIHAR,Gopalganj,Manjha,0,0,,197,10,1225,,80242.78538873792,179389027.9828925,0.0,0.0,131,0.0
10-217-01226,BIHAR,Gopalganj,Barauli,0,0,,197,10,1226,,105754.79057670098,232227972.12586737,0.0,0.0,170,0.0
10-217-01228,BIHAR,Gopalganj,Baikunthpur,0,0,,197,10,1228,,97825.58906166903,256614409.24172768,0.0,0.0,185,0.0
10-218-01229,BIHAR,Siwan,Nautan,0,0,,222,10,1229,,58324.35348563096,81827813.66620097,2.9857571411132815e-06,2.9857571411132815e-06,58,0.00017317391418457032
10-218-01230,BIHAR,Siwan,Siwan,0,0,,222,10,1230,,92599.06904644772,168879532.28230655,2.9857571411132815e-06,2.73272687491724e-06,118,0.00032246177124023434
10-218-01235,BIHAR,Siwan,Bhagwanpur Hat,0,0,,222,10,1235,,86430.4184146014,189582799.91524476,6.431053924560547e-07,1.0252404807270439e-07,138,1.4148318634033205e-05
10-218-01231,BIHAR,Siwan,Barharia,0,0,,222,10,1231,,90315.6629531122,219606934.01516393,2.9857571411132815e-06,5.5982946395874025e-08,160,8.957271423339844e-06
10-218-01233,BIHAR,Siwan,Lakri Nabiganj,0,0,,222,10,1233,,79648.98713303795,120773104.6039552,0.0,0.0,88,0.0
10-218-01234,BIHAR,Siwan,Basantpur,0,0,,222,10,1234,,57871.378293950496,76675463.02480637,0.0,0.0,56,0.0
10-218-01236,BIHAR,Siwan,Maharajganj,0,0,,222,10,1236,,119387.58843212528,142817377.5161484,6.431053924560547e-07,2.435059252988945e-07,103,2.5081110305786135e-05
10-218-01237,BIHAR,Siwan,Pachrukhi,0,0,,222,10,1237,,99183.2392802834,160709761.40986398,2.9857571411132815e-06,1.275964590219351e-07,117,1.4928785705566408e-05
10-218-01238,BIHAR,Siwan,Hussainganj,0,0,,222,10,1238,,68784.84800107122,105975934.30464326,4.546808471679687e-06,2.7473537383208403e-06,74,0.00020330417663574218
10-218-01239,BIHAR,Siwan,Ziradei,0,0,,222,10,1239,,98825.50869312549,152221780.48504183,4.546808471679687e-06,2.9998206666138798e-06,111,0.0003329800939941407
10-218-01240,BIHAR,Siwan,Mairwa,0,0,,222,10,1240,,65279.2242200428,88898123.37504825,2.9857571411132815e-06,2.850040907426314e-06,66,0.00018810269989013673
10-218-01242,BIHAR,Siwan,Darauli,0,0,,222,10,1242,,90305.00161970501,214758375.6239279,4.546808471679687e-06,2.7920322600333924e-06,155,0.0004327650003051758
10-218-01241,BIHAR,Siwan,Guthani,0,0,,222,10,1241,,78778.78773845347,115110806.99004474,2.9857571411132815e-06,2.1847003471560595e-07,82,1.7914542846679688e-05
10-219-01248,BIHAR,Saran,Mashrakh,0,0,,218,10,1248,,82075.7710341599,165898243.02109933,0.0,0.0,121,0.0
10-218-01243,BIHAR,Siwan,Andar,0,0,,222,10,1243,,83358.60866933218,125625010.62434034,4.546808471679687e-06,4.36737728425826e-06,87,0.00037996182373046866
10-219-01249,BIHAR,Saran,Panapur,0,0,,218,10,1249,,75875.09329534958,182360909.7404776,0.0,0.0,128,0.0
10-218-01244,BIHAR,Siwan,Raghunathpur,0,0,,222,10,1244,,87824.68008836384,193566358.3438411,4.546808471679687e-06,4.546808471679687e-06,143,0.0006501936114501952
10-219-01250,BIHAR,Saran,Taraiya,0,0,,218,10,1250,,53629.0613522338,97307015.09151264,0.0,0.0,74,0.0
10-218-01245,BIHAR,Siwan,Hasanpura,0,0,,222,10,1245,,82786.09108287447,121956119.03175904,4.546808471679687e-06,2.2885169228740118e-06,87,0.00019910097229003902
10-219-01251,BIHAR,Saran,Ishupur,0,0,,218,10,1251,,62425.60798229613,109300191.56908256,0.0,0.0,76,0.0
10-218-01246,BIHAR,Siwan,Daraundha,0,0,,222,10,1246,,105400.53795370483,157911066.26165873,6.431053924560547e-07,5.592220803965693e-07,115,6.431053924560547e-05
10-219-01256,BIHAR,Saran,Jalalpur,0,0,,218,10,1256,,65042.73641147566,147549697.72689733,6.431053924560547e-07,1.2134064008604806e-08,106,1.2862107849121094e-06
10-218-01247,BIHAR,Siwan,Siswan,0,0,,222,10,1247,,98184.39847010886,155554872.77293277,4.546808471679687e-06,1.8036657673603776e-06,111,0.00020020690017700192
10-219-01259,BIHAR,Saran,Nagra,0,0,,218,10,1259,,43289.948409307304,65110006.46242106,0.0,0.0,47,0.0
10-219-01252,BIHAR,Saran,Baniapur,0,0,,218,10,1252,,89199.8841803021,219417775.87250236,6.431053924560547e-07,1.578172742223447e-08,163,2.572421569824219e-06
10-219-01253,BIHAR,Saran,Lahladpur,0,0,,218,10,1253,,49287.19248841685,70233795.44130237,6.431053924560547e-07,3.472769119262696e-07,50,1.736384559631348e-05
10-219-01254,BIHAR,Saran,Ekma,0,0,,218,10,1254,,99716.17236158185,176114988.01319405,6.431053924560547e-07,6.431053924560547e-07,128,8.2317490234375e-05
10-219-01255,BIHAR,Saran,Manjhi,0,0,,218,10,1255,,127085.43562979231,244607530.98349065,6.431053924560547e-07,4.966202752855089e-07,180,8.93916495513916e-05
10-219-01257,BIHAR,Saran,Revelganj,0,0,,218,10,1257,,84877.1419542779,179359801.45379385,0.0,0.0,125,0.0
10-219-01258,BIHAR,Saran,Chapra,0,0,,218,10,1258,,119729.94798472138,239470568.44351175,0.0,0.0,176,0.0
10-219-01260,BIHAR,Saran,Marhaura,0,0,,218,10,1260,,87240.95030017926,190752130.05196184,0.0,0.0,137,0.0
10-219-01261,BIHAR,Saran,Amnour,0,0,,218,10,1261,,94922.90618840617,160109081.4065653,0.0,0.0,118,0.0
10-219-01263,BIHAR,Saran,Parsa,0,0,,218,10,1263,,85595.91054800974,122749042.93573296,0.0,0.0,88,0.0
10-219-01266,BIHAR,Saran,Dighwara,0,0,,218,10,1266,,81943.45164265168,101347015.6655549,0.0,0.0,72,0.0
10-219-01264,BIHAR,Saran,Dariapur,0,0,,218,10,1264,,115477.27251924115,281302380.67878103,0.0,0.0,202,0.0
10-219-01265,BIHAR,Saran,Garkha,0,0,,218,10,1265,,90147.74693968748,213336409.9887166,0.0,0.0,154,0.0
10-220-01269,BIHAR,Vaishali,Paterhi Belsar,0,0,,224,10,1269,,56227.36197278124,93522597.26160131,0.0,0.0,69,0.0
10-219-01267,BIHAR,Saran,Sonepur,0,0,,218,10,1267,,70412.64000247594,214865144.18564072,0.0,0.0,162,0.0
10-220-01268,BIHAR,Vaishali,Vaishali,0,0,,224,10,1268,,72706.90824879723,158663399.21103516,0.0,0.0,114,0.0
10-220-01270,BIHAR,Vaishali,Lalganj,0,0,,224,10,1270,,89595.71916906572,184177988.41986412,0.0,0.0,133,0.0
10-221-01294,BIHAR,Samastipur,Mohiuddinagar,0,0,,217,10,1294,,80607.53716768604,178536106.2701614,0.0,0.0,130,0.0
10-220-01271,BIHAR,Vaishali,Bhagwanpur,0,0,,224,10,1271,,98965.72708266653,142473218.81446454,0.0,0.0,102,0.0
10-220-01272,BIHAR,Vaishali,Goraul,0,0,,224,10,1272,,101989.77906286377,122446101.92943335,0.0,0.0,87,0.0
10-220-01273,BIHAR,Vaishali,Chehra Kalan,0,0,,224,10,1273,,63204.34388206024,89818122.94593617,0.0,0.0,66,0.0
10-220-01277,BIHAR,Vaishali,Raja Pakar,0,0,,224,10,1277,,58946.08844196175,93673217.82917874,0.0,0.0,72,0.0
10-220-01274,BIHAR,Vaishali,Patepur,0,0,,224,10,1274,,118180.33822078991,317029999.71255994,0.0,0.0,234,0.0
10-220-01275,BIHAR,Vaishali,Mahua,0,0,,224,10,1275,,86273.82517515696,171155586.12447235,0.0,0.0,125,0.0
10-220-01276,BIHAR,Vaishali,Jandaha,0,0,,224,10,1276,,99044.76663725945,179891527.10359335,0.0,0.0,128,0.0
10-220-01278,BIHAR,Vaishali,Hajipur,0,0,,224,10,1278,,80048.24731377292,194916759.16986817,0.0,0.0,140,0.0
10-220-01280,BIHAR,Vaishali,Bidupur,0,0,,224,10,1280,,88122.3198685409,139375575.9420912,0.0,0.0,99,0.0
10-220-01279,BIHAR,Vaishali,Raghopur,0,0,,224,10,1279,,128641.49950069311,338499790.0832371,0.0,0.0,246,0.0
10-220-01281,BIHAR,Vaishali,Desri,0,0,,224,10,1281,,50183.809114488824,56627949.53624974,0.0,0.0,43,0.0
10-221-01284,BIHAR,Samastipur,Kalyanpur,0,0,,217,10,1284,,147387.26660455638,294821482.9966942,0.0,0.0,214,0.0
10-221-01286,BIHAR,Samastipur,Shivaji Nagar,0,0,,217,10,1286,,96209.25031894707,172333979.18990555,0.0,0.0,130,0.0
10-221-01288,BIHAR,Samastipur,Samastipur,0,0,,217,10,1288,,112474.97484539819,170577777.20953664,0.0,0.0,123,0.0
10-221-01289,BIHAR,Samastipur,Pusa,0,0,,217,10,1289,,64081.7615729533,95008289.7510354,0.0,0.0,65,0.0
10-221-01291,BIHAR,Samastipur,Morwa,0,0,,217,10,1291,,104551.97847793197,152111293.7773472,0.0,0.0,106,0.0
10-221-01292,BIHAR,Samastipur,Patori,0,0,,217,10,1292,,69422.25062895294,130638318.44440164,0.0,0.0,93,0.0
10-221-01295,BIHAR,Samastipur,Sarairanjan,0,0,,217,10,1295,,96463.23467310029,185572344.2706523,0.0,0.0,145,0.0
10-221-01296,BIHAR,Samastipur,Vidyapati Nagar,0,0,,217,10,1296,,62930.2690484309,106322816.42401849,0.0,0.0,75,0.0
10-221-01297,BIHAR,Samastipur,Dalsinghsarai,0,0,,217,10,1297,,80515.23552986495,118201268.21451648,0.0,0.0,89,0.0
10-221-01298,BIHAR,Samastipur,Ujiarpur,0,0,,217,10,1298,,81756.09445970641,209497824.1015558,0.0,0.0,149,0.0
10-221-01300,BIHAR,Samastipur,Rosera,0,0,,217,10,1300,,84599.34785899956,138535375.895554,0.0,0.0,97,0.0
10-221-01299,BIHAR,Samastipur,Bibhutpur,0,0,,217,10,1299,,96600.53522783429,258332531.194082,0.0,0.0,187,0.0
10-221-01301,BIHAR,Samastipur,Singhia,0,0,,217,10,1301,,76055.88015393679,178639507.67998633,0.0,0.0,128,0.0
10-222-01307,BIHAR,Begusarai,Cheria Bariarpur,0,0,,191,10,1307,,80422.0696045629,127840547.1243011,0.0,0.0,89,0.0
10-221-01302,BIHAR,Samastipur,Hasanpur,0,0,,217,10,1302,,122795.93417076243,188091095.39019313,0.0,0.0,138,0.0
10-221-01303,BIHAR,Samastipur,Bithan,0,0,,217,10,1303,,72838.55780104545,149849875.79630712,0.0,0.0,109,0.0
10-222-01304,BIHAR,Begusarai,Khudabandpur,0,0,,191,10,1304,,49522.71992212785,59617610.47663844,0.0,0.0,39,0.0
10-222-01305,BIHAR,Begusarai,Chhorahi,0,0,,191,10,1305,,96201.09768359947,128309829.49376953,0.0,0.0,94,0.0
10-222-01306,BIHAR,Begusarai,Garhpura,0,0,,191,10,1306,,69581.28073662621,88651595.91159394,0.0,0.0,68,0.0
10-222-01308,BIHAR,Begusarai,Bhagwanpur,0,0,,191,10,1308,,102620.52088176137,147276258.21886113,0.0,0.0,106,0.0
10-223-01324,BIHAR,Khagaria,Mansi,0,0,,202,10,1324,,70720.37786012898,86151878.56106131,0.0,0.0,69,0.0
10-222-01309,BIHAR,Begusarai,Mansurchak,0,0,,191,10,1309,,55538.61039021854,42158333.283958256,0.0,0.0,31,0.0
10-224-01333,BIHAR,Bhagalpur,Rangra Chowk,0,0,,192,10,1333,,56200.86409227388,97946271.45940188,0.0,0.0,71,0.0
10-222-01310,BIHAR,Begusarai,Bachhwara,0,0,,191,10,1310,,112893.55520851951,186501763.14040864,0.0,0.0,138,0.0
10-222-01311,BIHAR,Begusarai,Teghra,0,0,,191,10,1311,,93442.93751421869,180050069.66821858,0.0,0.0,129,0.0
10-222-01312,BIHAR,Begusarai,Barauni,0,0,,191,10,1312,,90573.71511882372,141812926.41245717,0.0,0.0,102,0.0
10-222-01313,BIHAR,Begusarai,Birpur,0,0,,191,10,1313,,69057.86510087451,64693086.30641256,0.0,0.0,53,0.0
10-222-01314,BIHAR,Begusarai,Begusarai,0,0,,191,10,1314,,114572.02827886646,273941103.5239774,0.0,0.0,200,0.0
10-222-01315,BIHAR,Begusarai,Naokothi,0,0,,191,10,1315,,61794.845266753924,91575422.87048158,0.0,0.0,64,0.0
10-222-01316,BIHAR,Begusarai,Bakhri,0,0,,191,10,1316,,74902.13049058078,94921186.04856166,0.0,0.0,66,0.0
10-222-01317,BIHAR,Begusarai,Dandari,0,0,,191,10,1317,,77075.31892237118,85364223.36403492,0.0,0.0,65,0.0
10-222-01318,BIHAR,Begusarai,Sahebpur Kamal,0,0,,191,10,1318,,97820.3506924087,179327758.1582562,0.0,0.0,131,0.0
10-222-01319,BIHAR,Begusarai,Balia,0,0,,191,10,1319,,95726.56851828664,181873531.04775092,0.0,0.0,133,0.0
10-222-01320,BIHAR,Begusarai,Matihani,0,0,,191,10,1320,,104199.58891726227,214311339.790948,0.0,0.0,157,0.0
10-222-01321,BIHAR,Begusarai,Shamho Akha Kurha,0,0,,191,10,1321,,47884.70174269599,82130306.58899558,0.0,0.0,58,0.0
10-223-01322,BIHAR,Khagaria,Alauli,0,0,,202,10,1322,,117176.16085281859,337532903.06560946,0.0,0.0,244,0.0
10-223-01323,BIHAR,Khagaria,Khagaria,0,0,,202,10,1323,,164255.4907534744,325761754.1557925,0.0,0.0,229,0.0
10-223-01325,BIHAR,Khagaria,Chautham,0,0,,202,10,1325,,88833.5659059585,205164632.7891582,0.0,0.0,148,0.0
10-228-01376,BIHAR,Sheikhpura,Chewara,0,0,,219,10,1376,,77279.14911837938,141385828.1075451,0.0,0.0,103,0.0
10-223-01326,BIHAR,Khagaria,Beldaur,0,0,,202,10,1326,,101449.44415348554,276820454.1841197,0.0,0.0,203,0.0
10-223-01327,BIHAR,Khagaria,Gogri,0,0,,202,10,1327,,109725.85953588395,321971045.3784509,0.0,0.0,231,0.0
10-223-01328,BIHAR,Khagaria,Parbatta,0,0,,202,10,1328,,89952.53209418767,286770838.53234714,0.0,0.0,215,0.0
10-224-01329,BIHAR,Bhagalpur,Narayanpur,0,0,,192,10,1329,,96964.50839109154,173637043.38008544,0.0,0.0,125,0.0
10-224-01330,BIHAR,Bhagalpur,Bihpur,0,0,,192,10,1330,,98960.16392998041,189427956.2070791,0.0,0.0,141,0.0
10-234-01472,BIHAR,Rohtas,Akorhi Gola,0,0,,215,10,1472,,71741.57946050014,124356844.03544964,0.0,0.0,94,0.0
10-224-01331,BIHAR,Bhagalpur,Kharik,0,0,,192,10,1331,,103106.05203500649,169292223.68779984,0.0,0.0,125,0.0
10-224-01332,BIHAR,Bhagalpur,Naugachhia,0,0,,192,10,1332,,91833.23423872421,134223697.96961665,0.0,0.0,95,0.0
10-224-01335,BIHAR,Bhagalpur,Pirpainti,0,0,,192,10,1335,,138631.2255747686,411429376.6216011,0.0,0.0,294,0.0
10-224-01336,BIHAR,Bhagalpur,Kahalgaon,0,0,,192,10,1336,,128722.99744742387,352186242.20537144,0.0,0.0,255,0.0
10-224-01337,BIHAR,Bhagalpur,Ismailpur,0,0,,192,10,1337,,66332.03197363381,102752037.41138108,0.0,0.0,75,0.0
10-224-01338,BIHAR,Bhagalpur,Sabour,0,0,,192,10,1338,,85492.0541239663,141198925.34276122,0.0,0.0,102,0.0
10-226-01359,BIHAR,Munger,Dharhara,0,0,,207,10,1359,,105188.90103685112,355220468.750446,0.0,0.0,262,0.0
10-224-01339,BIHAR,Bhagalpur,Nathnagar,0,0,,192,10,1339,,105259.93673308079,163498377.60317266,0.0,0.0,117,0.0
10-226-01360,BIHAR,Munger,Kharagpur,0,0,,207,10,1360,,169586.30903503796,398589433.5102216,0.0,0.0,291,0.0
10-224-01340,BIHAR,Bhagalpur,Sultanganj,0,0,,192,10,1340,,139861.1879796442,266407467.3450057,0.0,0.0,198,0.0
10-224-01341,BIHAR,Bhagalpur,Shahkund,0,0,,192,10,1341,,93276.90256650816,208798734.37786233,0.0,0.0,153,0.0
10-224-01342,BIHAR,Bhagalpur,Goradih,0,0,,192,10,1342,,106918.08891287447,178026414.43832883,0.0,0.0,128,0.0
10-224-01343,BIHAR,Bhagalpur,Jagdishpur,0,0,,192,10,1343,,107045.71303668506,127447147.46016994,0.0,0.0,95,0.0
10-224-01344,BIHAR,Bhagalpur,Sonhaula,0,0,,192,10,1344,,84463.86530366821,214425428.57327408,0.0,0.0,160,0.0
10-225-01345,BIHAR,Banka,Shambhuganj,0,0,,190,10,1345,,85765.27415008907,217970788.89652416,0.0,0.0,157,0.0
10-225-01346,BIHAR,Banka,Amarpur,0,0,,190,10,1346,,98000.87839154692,234663534.19316816,0.0,0.0,176,0.0
10-225-01347,BIHAR,Banka,Rajaun,0,0,,190,10,1347,,86718.04358754268,242814641.5593075,0.0,0.0,179,0.0
10-226-01363,BIHAR,Munger,Tetiha Bambor,0,0,,207,10,1363,,73286.15332623897,95190725.80042528,0.0,0.0,70,0.0
10-225-01348,BIHAR,Banka,Dhuraiya,0,0,,190,10,1348,,106681.6377356153,285703540.38620996,0.0,0.0,208,0.0
10-225-01349,BIHAR,Banka,Barahat,0,0,,190,10,1349,,122910.23058217819,181202001.14064544,0.0,0.0,129,0.0
10-225-01350,BIHAR,Banka,Banka,0,0,,190,10,1350,,137083.07375503817,365153241.48788345,0.0,0.0,275,0.0
10-225-01351,BIHAR,Banka,Phulidumar,0,0,,190,10,1351,,117105.67306472127,248400685.45023423,0.0,0.0,176,0.0
10-225-01352,BIHAR,Banka,Belhar,0,0,,190,10,1352,,118426.40149548957,290570448.277483,0.0,0.0,214,0.0
10-225-01353,BIHAR,Banka,Chanan,0,0,,190,10,1353,,169565.08902723462,550876204.0147796,0.0,0.0,403,0.0
10-225-01354,BIHAR,Banka,Katoria,0,0,,190,10,1354,,180268.89530762268,687665367.2781417,0.0,0.0,502,0.0
10-225-01355,BIHAR,Banka,Bausi,0,0,,190,10,1355,,109314.78149810205,385846183.7170387,0.0,0.0,284,0.0
10-226-01356,BIHAR,Munger,Munger,0,0,,207,10,1356,,162390.1628928388,306519605.49277806,0.0,0.0,227,0.0
10-226-01357,BIHAR,Munger,Bariarpur,0,0,,207,10,1357,,122433.4478606843,198040113.63802013,0.0,0.0,143,0.0
10-226-01358,BIHAR,Munger,Jamalpur,0,0,,207,10,1358,,72817.19566814511,112971204.64248075,0.0,0.0,79,0.0
10-226-01361,BIHAR,Munger,Asarganj,0,0,,207,10,1361,,61173.52838786665,72491453.98190036,0.0,0.0,52,0.0
10-226-01362,BIHAR,Munger,Tarapur,0,0,,207,10,1362,,54416.57713098438,86962445.68425661,0.0,0.0,62,0.0
10-226-01364,BIHAR,Munger,Sangrampur,0,0,,207,10,1364,,71205.18318302365,105786037.21986651,0.0,0.0,80,0.0
10-227-01366,BIHAR,Lakhisarai,Pipariya,0,0,,204,10,1366,,87968.2901826016,106258171.87143916,0.0,0.0,76,0.0
10-227-01365,BIHAR,Lakhisarai,Barahiya,0,0,,204,10,1365,,95965.48426593257,248505135.43154767,0.0,0.0,179,0.0
10-227-01367,BIHAR,Lakhisarai,Surajgarha,0,0,,204,10,1367,,140312.1609931406,462726462.37366486,0.0,0.0,340,0.0
10-227-01368,BIHAR,Lakhisarai,Lakhisarai,0,0,,204,10,1368,,117670.76745524361,181316338.94823277,0.0,0.0,133,0.0
10-227-01369,BIHAR,Lakhisarai,Chanan*,0,0,,204,10,1369,,86014.87070350182,177670731.10250506,0.0,0.0,128,0.0
10-228-01375,BIHAR,Sheikhpura,Ghat Kusumbha,0,0,,219,10,1375,,80592.24583619394,99088070.68237934,0.0,0.0,70,0.0
10-227-01370,BIHAR,Lakhisarai,Ramgarh Chowk,0,0,,204,10,1370,,98990.57354622113,128567389.13844268,0.0,0.0,94,0.0
10-227-01371,BIHAR,Lakhisarai,Halsi,0,0,,204,10,1371,,82594.8188222393,191441208.6304817,0.0,0.0,139,0.0
10-228-01372,BIHAR,Sheikhpura,Barbigha,0,0,,219,10,1372,,83879.7675047183,115941853.486741,0.0,0.0,81,0.0
10-228-01373,BIHAR,Sheikhpura,Shekhopur Sarai,0,0,,219,10,1373,,59774.96229914819,65955650.61796794,0.0,0.0,45,0.0
10-228-01374,BIHAR,Sheikhpura,Sheikhpura,0,0,,219,10,1374,,119718.3677454689,225551054.81458032,0.0,0.0,170,0.0
10-228-01377,BIHAR,Sheikhpura,Ariari,0,0,,219,10,1377,,87552.5859976097,183445963.63454768,0.0,0.0,137,0.0
10-229-01378,BIHAR,Nalanda,Karai Parsurai,0,0,,209,10,1378,,58523.47447411047,82148146.79064696,0.0,0.0,60,0.0
10-229-01379,BIHAR,Nalanda,Nagar Nausa,0,0,,209,10,1379,,82570.35159490984,108015836.82811198,0.0,0.0,80,0.0
10-229-01380,BIHAR,Nalanda,Harnaut,0,0,,209,10,1380,,124869.90123154312,224385440.0517296,0.0,0.0,161,0.0
10-229-01381,BIHAR,Nalanda,Chandi,0,0,,209,10,1381,,70527.81459673235,147156102.481168,0.0,0.0,109,0.0
10-229-01382,BIHAR,Nalanda,Rahui,0,0,,209,10,1382,,77076.6108369453,152249665.90613127,0.0,0.0,108,0.0
10-229-01383,BIHAR,Nalanda,Bind,0,0,,209,10,1383,,70364.80140905235,88091657.81671415,0.0,0.0,66,0.0
10-229-01384,BIHAR,Nalanda,Sarmera,0,0,,209,10,1384,,91044.34634338948,167201876.42476654,0.0,0.0,123,0.0
10-229-01385,BIHAR,Nalanda,Asthawan,0,0,,209,10,1385,,92263.18064708126,171325630.7179731,0.0,0.0,125,0.0
10-229-01387,BIHAR,Nalanda,Noorsarai,0,0,,209,10,1387,,78528.62700534344,151514769.88009417,0.0,0.0,114,0.0
10-229-01386,BIHAR,Nalanda,Bihar,0,0,,209,10,1386,,98561.8371020671,215840179.0991975,0.0,0.0,160,0.0
10-229-01390,BIHAR,Nalanda,Hilsa,0,0,,209,10,1390,,93433.88804652911,175765721.10991755,0.0,0.0,131,0.0
10-229-01391,BIHAR,Nalanda,Ekangarsarai,0,0,,209,10,1391,,87121.32234693572,166605847.460251,0.0,0.0,122,0.0
10-229-01392,BIHAR,Nalanda,Islampur,0,0,,209,10,1392,,109868.69145522316,273834151.4326934,0.0,0.0,194,0.0
10-229-01393,BIHAR,Nalanda,Ben,0,0,,209,10,1393,,66947.54721379357,127526149.56798536,0.0,0.0,94,0.0
10-230-01398,BIHAR,Patna,Maner,0,0,,212,10,1398,,96133.56350709034,213315300.3597084,0.0,0.0,154,0.0
10-229-01394,BIHAR,Nalanda,Rajgir,0,0,,209,10,1394,,88740.45664753366,198129288.77271983,0.0,0.0,147,0.0
10-229-01395,BIHAR,Nalanda,Silao,0,0,,209,10,1395,,79220.42929786978,154752836.13944647,0.0,0.0,114,0.0
10-229-01396,BIHAR,Nalanda,Giriak,0,0,,209,10,1396,,88347.46773236175,99576022.5731765,0.0,0.0,73,0.0
10-229-01397,BIHAR,Nalanda,Katrisarai,0,0,,209,10,1397,,38918.76300208476,48673462.28309288,0.0,0.0,36,0.0
10-230-01399,BIHAR,Patna,Dinapur-Cum-Khagaul,0,0,,212,10,1399,,78598.21354533077,184765788.04152673,0.0,0.0,135,0.0
10-234-01474,BIHAR,Rohtas,Tilouthu,0,0,,215,10,1474,,73885.57639601533,193504401.97342023,0.0,0.0,140,0.0
10-230-01400,BIHAR,Patna,Patna Rural,0,0,,212,10,1400,,87518.10425735511,179850223.48881748,0.0,0.0,131,0.0
10-230-01401,BIHAR,Patna,Sampatchak,0,0,,212,10,1401,,53219.7118618291,78902366.60372826,0.0,0.0,57,0.0
10-230-01406,BIHAR,Patna,Dulhin Bazar,0,0,,212,10,1406,,77792.54009458271,136539622.4680228,0.0,0.0,99,0.0
10-230-01402,BIHAR,Patna,Phulwari,0,0,,212,10,1402,,70659.26045014715,135940825.49713776,0.0,0.0,96,0.0
10-230-01413,BIHAR,Patna,Khusrupur,0,0,,212,10,1413,,46143.60198551767,78201544.387751,0.0,0.0,58,0.0
10-230-01403,BIHAR,Patna,Bihta,0,0,,212,10,1403,,116564.9809665079,244879174.98088208,0.0,0.0,182,0.0
10-230-01415,BIHAR,Patna,Athmalgola,0,0,,212,10,1415,,47997.69261940102,62827293.65665197,0.0,0.0,47,0.0
10-230-01404,BIHAR,Patna,Naubatpur,0,0,,212,10,1404,,105087.74367689912,205320191.59612688,0.0,0.0,153,0.0
10-230-01405,BIHAR,Patna,Bikram,0,0,,212,10,1405,,86626.03512108007,186422313.04867813,0.0,0.0,137,0.0
10-234-01475,BIHAR,Rohtas,Rohtas,0,0,,215,10,1475,,88257.59288547112,389741138.17794544,0.0,0.0,288,0.0
10-230-01407,BIHAR,Patna,Paliganj,0,0,,212,10,1407,,129476.3041410336,293354152.7667747,0.0,0.0,214,0.0
10-230-01408,BIHAR,Patna,Masaurhi,0,0,,212,10,1408,,108866.13277400887,248716954.87290823,0.0,0.0,178,0.0
10-230-01409,BIHAR,Patna,Dhanarua,0,0,,212,10,1409,,95102.40821522896,225577653.19725513,0.0,0.0,163,0.0
10-230-01410,BIHAR,Patna,Punpun,0,0,,212,10,1410,,82554.93388622913,161116560.78819045,0.0,0.0,118,0.0
10-230-01411,BIHAR,Patna,Fatwah,0,0,,212,10,1411,,97950.27190535897,155697451.47083917,0.0,0.0,115,0.0
10-230-01412,BIHAR,Patna,Daniawan,0,0,,212,10,1412,,69689.77872311571,79566220.36857046,0.0,0.0,56,0.0
10-230-01414,BIHAR,Patna,Bakhtiarpur,0,0,,212,10,1414,,120205.01587822943,168153072.20481881,0.0,0.0,120,0.0
10-230-01416,BIHAR,Patna,Belchhi,0,0,,212,10,1416,,88573.78025963024,87443681.0926542,0.0,0.0,70,0.0
10-230-01417,BIHAR,Patna,Barh,0,0,,212,10,1417,,95365.9771693495,147280816.515725,0.0,0.0,104,0.0
10-230-01419,BIHAR,Patna,Ghoswari,0,0,,212,10,1419,,66454.95033385535,164897376.1169027,0.0,0.0,126,0.0
10-230-01418,BIHAR,Patna,Pandarak,0,0,,212,10,1418,,106894.44852036482,252509471.6555304,0.0,0.0,180,0.0
10-232-01438,BIHAR,Buxar,Chaugain,0,0,,194,10,1438,,52625.33924401454,66025696.44875917,0.0,0.0,49,0.0
10-232-01439,BIHAR,Buxar,Kesath,0,0,,194,10,1439,,34661.84662025829,38236018.49691825,0.0,0.0,29,0.0
10-230-01420,BIHAR,Patna,Mokameh,0,0,,212,10,1420,,127700.39840194934,244519830.48183808,0.0,0.0,181,0.0
10-231-01421,BIHAR,Bhojpur,Shahpur,0,0,,193,10,1421,,110658.91431619873,211766871.4500774,0.0,0.0,156,0.0
10-234-01460,BIHAR,Rohtas,Suryapura,0,0,,215,10,1460,,56159.7630280001,69765063.31452103,0.0,0.0,47,0.0
10-231-01422,BIHAR,Bhojpur,Arrah,0,0,,193,10,1422,,120924.06747051864,221925641.7145924,0.0,0.0,159,0.0
10-231-01423,BIHAR,Bhojpur,Barhara,0,0,,193,10,1423,,128817.96875565937,258494738.36324885,0.0,0.0,191,0.0
10-231-01424,BIHAR,Bhojpur,Koilwar,0,0,,193,10,1424,,94779.33453556667,208456312.66749656,0.0,0.0,149,0.0
10-231-01425,BIHAR,Bhojpur,Sandesh,0,0,,193,10,1425,,60697.76797134289,164599530.19806212,0.0,0.0,118,0.0
10-231-01426,BIHAR,Bhojpur,Udwant Nagar,0,0,,193,10,1426,,92445.60417460876,217797556.82002312,0.0,0.0,161,0.0
10-234-01461,BIHAR,Rohtas,Bikramganj,0,0,,215,10,1461,,88556.32896667719,168723569.68103397,0.0,0.0,129,0.0
10-231-01427,BIHAR,Bhojpur,Behea,0,0,,193,10,1427,,114516.77527652554,206091349.70539597,0.0,0.0,150,0.0
10-231-01428,BIHAR,Bhojpur,Jagdishpur,0,0,,193,10,1428,,109726.00219208181,318463526.4488765,0.0,0.0,228,0.0
10-231-01429,BIHAR,Bhojpur,Piro,0,0,,193,10,1429,,100703.96274410955,268205354.86689487,0.0,0.0,200,0.0
10-234-01462,BIHAR,Rohtas,Karakat,0,0,,215,10,1462,,102232.22868007293,251121712.10833624,0.0,0.0,176,0.0
10-231-01430,BIHAR,Bhojpur,Charpokhari,0,0,,193,10,1430,,88834.1327790213,135855258.49695313,0.0,0.0,95,0.0
10-231-01431,BIHAR,Bhojpur,Garhani,0,0,,193,10,1431,,93054.52180151101,137128723.85739592,0.0,0.0,103,0.0
10-231-01432,BIHAR,Bhojpur,Agiaon,0,0,,193,10,1432,,87534.07309197474,191419206.17039648,0.0,0.0,139,0.0
10-231-01433,BIHAR,Bhojpur,Tarari,0,0,,193,10,1433,,95157.98131215997,247108515.4982669,0.0,0.0,177,0.0
10-231-01434,BIHAR,Bhojpur,Sahar,0,0,,193,10,1434,,61748.81499939302,157154129.14318892,0.0,0.0,117,0.0
10-232-01435,BIHAR,Buxar,Simri,0,0,,194,10,1435,,87047.69219699135,222195796.247413,0.0,0.0,164,0.0
10-232-01436,BIHAR,Buxar,Chakki,0,0,,194,10,1436,,73799.54032015939,80420668.23199363,0.0,0.0,64,0.0
10-232-01437,BIHAR,Buxar,Barhampur,0,0,,194,10,1437,,133928.15369382405,240152233.65370417,0.0,0.0,173,0.0
10-232-01440,BIHAR,Buxar,Dumraon,0,0,,194,10,1440,,115797.88145848007,238641355.07175583,0.0,0.0,169,0.0
10-232-01441,BIHAR,Buxar,Buxar,0,0,,194,10,1441,,90996.21871903203,211591033.38394436,0.0,0.0,157,0.0
10-232-01442,BIHAR,Buxar,Chausa,0,0,,194,10,1442,,99103.08457070828,138502720.57991108,0.0,0.0,107,0.0
10-232-01443,BIHAR,Buxar,Rajpur,0,0,,194,10,1443,,121142.9666413415,336933113.12217736,0.0,0.0,245,0.0
10-232-01444,BIHAR,Buxar,Itarhi,0,0,,194,10,1444,,109439.3274763228,293713382.2816445,0.0,0.0,209,0.0
10-232-01445,BIHAR,Buxar,Nawanagar,0,0,,194,10,1445,,126567.10382889764,229774401.79100823,0.0,0.0,169,0.0
10-233-01446,BIHAR,Kaimur (Bhabua),Ramgarh,0,0,,200,10,1446,,124781.0721120257,206666195.02442607,0.0,0.0,151,0.0
10-233-01447,BIHAR,Kaimur (Bhabua),Nuaon,0,0,,200,10,1447,,121732.74643995032,235834986.4758632,0.0,0.0,171,0.0
10-233-01448,BIHAR,Kaimur (Bhabua),Kudra,0,0,,200,10,1448,,132624.50147962422,255577893.54332253,0.0,0.0,189,0.0
10-233-01449,BIHAR,Kaimur (Bhabua),Mohania,0,0,,200,10,1449,,142323.6809133636,349176573.6513165,0.0,0.0,256,0.0
10-233-01450,BIHAR,Kaimur (Bhabua),Durgawati,0,0,,200,10,1450,,108544.41183902678,212580801.4059764,0.0,0.0,154,0.0
10-233-01451,BIHAR,Kaimur (Bhabua),Chand,0,0,,200,10,1451,,97099.60209928264,257974481.1925409,0.0,0.0,188,0.0
10-233-01452,BIHAR,Kaimur (Bhabua),Chainpur,0,0,,200,10,1452,,170712.34536647963,555311526.8488017,0.0,0.0,407,0.0
10-233-01453,BIHAR,Kaimur (Bhabua),Bhabua,0,0,,200,10,1453,,143727.89821118704,407618990.38615096,0.0,0.0,301,0.0
10-233-01454,BIHAR,Kaimur (Bhabua),Rampur,0,0,,200,10,1454,,126612.15498309073,210660395.23746365,0.0,0.0,149,0.0
10-233-01455,BIHAR,Kaimur (Bhabua),Bhagwanpur,0,0,,200,10,1455,,134815.05705103654,292151198.96788174,0.0,0.0,211,0.0
10-233-01456,BIHAR,Kaimur (Bhabua),Adhaura,0,0,,200,10,1456,,271357.2345421078,1135984955.9859164,0.0,0.0,833,0.0
10-234-01457,BIHAR,Rohtas,Kochas,0,0,,215,10,1457,,90248.48407846906,187033418.62218276,0.0,0.0,132,0.0
10-234-01458,BIHAR,Rohtas,Dinara,0,0,,215,10,1458,,157118.7651045217,464648316.8452498,0.0,0.0,341,0.0
10-234-01459,BIHAR,Rohtas,Dawath,0,0,,215,10,1459,,78120.6651060775,129910427.66035384,0.0,0.0,94,0.0
10-234-01466,BIHAR,Rohtas,Nokha,0,0,,215,10,1466,,82152.91978314315,208772248.59610957,0.0,0.0,148,0.0
10-235-01476,BIHAR,Aurangabad,Daudnagar,0,0,,189,10,1476,,91010.07504965532,238139281.75712803,0.0,0.0,174,0.0
10-234-01467,BIHAR,Rohtas,Kargahar,0,0,,215,10,1467,,128509.87472624176,406135690.59563094,0.0,0.0,296,0.0
10-234-01468,BIHAR,Rohtas,Chenari,0,0,,215,10,1468,,121720.69626398994,292642418.8385522,0.0,0.0,215,0.0
10-234-01469,BIHAR,Rohtas,Nauhatta,0,0,,215,10,1469,,175494.75594492842,478591449.404211,0.0,0.0,354,0.0
10-234-01470,BIHAR,Rohtas,Sheosagar,0,0,,215,10,1470,,135463.8765525897,406503956.12222886,0.0,0.0,295,0.0
10-234-01471,BIHAR,Rohtas,Sasaram,0,0,,215,10,1471,,135810.11950728856,394273130.8742507,0.0,0.0,290,0.0
10-234-01473,BIHAR,Rohtas,Dehri,0,0,,215,10,1473,,97323.52013589225,199371136.99043605,0.0,0.0,145,0.0
10-235-01477,BIHAR,Aurangabad,Haspura,0,0,,189,10,1477,,88845.10694940752,164519986.5205008,0.0,0.0,121,0.0
10-235-01478,BIHAR,Aurangabad,Goh,0,0,,189,10,1478,,122286.20877621078,374665187.3660463,0.0,0.0,272,0.0
10-236-01491,BIHAR,Gaya,Neem Chak Bathani,0,0,,196,10,1491,,79540.44278654993,146770773.7769567,0.0,0.0,103,0.0
10-235-01479,BIHAR,Aurangabad,Rafiganj,0,0,,189,10,1479,,167069.30684925965,465687847.79432577,0.0,0.0,341,0.0
10-235-01480,BIHAR,Aurangabad,Obra,0,0,,189,10,1480,,130720.05569071589,327203821.09876627,0.0,0.0,237,0.0
10-236-01494,BIHAR,Gaya,Manpur,0,0,,196,10,1494,,77081.78707553667,161226183.41058797,0.0,0.0,115,0.0
10-235-01481,BIHAR,Aurangabad,Aurangabad,0,0,,189,10,1481,,125502.68609205673,344679798.38062614,0.0,0.0,256,0.0
10-237-01511,BIHAR,Nawada,Nardiganj,0,0,,210,10,1511,,60262.24041371029,129808165.4472442,0.0,0.0,95,0.0
10-235-01482,BIHAR,Aurangabad,Barun,0,0,,189,10,1482,,117269.30390529483,381782699.30215496,0.0,0.0,280,0.0
10-235-01483,BIHAR,Aurangabad,Nabinagar,0,0,,189,10,1483,,173491.30877801325,657546828.2218357,0.0,0.0,483,0.0
10-235-01484,BIHAR,Aurangabad,Kutumba,0,0,,189,10,1484,,110495.73757590447,319048251.76106954,0.0,0.0,229,0.0
10-235-01485,BIHAR,Aurangabad,Deo,0,0,,189,10,1485,,158578.88849021672,336990745.1586724,0.0,0.0,251,0.0
10-235-01486,BIHAR,Aurangabad,Madanpur,0,0,,189,10,1486,,153529.37367368402,418713952.50229967,0.0,0.0,309,0.0
10-236-01487,BIHAR,Gaya,Konch,0,0,,196,10,1487,,154041.56172387034,319288521.7326548,0.0,0.0,232,0.0
10-236-01488,BIHAR,Gaya,Tikari,0,0,,196,10,1488,,122221.36853604284,290576655.12704176,0.0,0.0,218,0.0
10-236-01489,BIHAR,Gaya,Belaganj,0,0,,196,10,1489,,113473.13279109563,240372540.95814112,0.0,0.0,180,0.0
10-236-01490,BIHAR,Gaya,Khizirsarai,0,0,,196,10,1490,,103698.13096672995,223124430.97950032,0.0,0.0,165,0.0
10-236-01492,BIHAR,Gaya,Muhra,0,0,,196,10,1492,,93681.45756176667,181269438.2139707,0.0,0.0,134,0.0
10-236-01493,BIHAR,Gaya,Atri,0,0,,196,10,1493,,103075.15367958385,161340647.62451813,0.0,0.0,119,0.0
10-236-01495,BIHAR,Gaya,Gaya Town C.D.Block,0,0,,196,10,1495,,91678.58033080616,224144813.6021213,0.0,0.0,161,0.0
10-236-01496,BIHAR,Gaya,Paraiya,0,0,,196,10,1496,,75593.31264449215,167300846.5298876,0.0,0.0,120,0.0
10-236-01497,BIHAR,Gaya,Guraru,0,0,,196,10,1497,,81292.54933661391,199646285.7542363,0.0,0.0,147,0.0
10-237-01512,BIHAR,Nawada,Nawada,0,0,,210,10,1512,,86822.75137888109,219317998.1072041,0.0,0.0,157,0.0
10-236-01498,BIHAR,Gaya,Gurua,0,0,,196,10,1498,,117859.62964526065,238015237.1519128,0.0,0.0,173,0.0
10-236-01499,BIHAR,Gaya,Amas,0,0,,196,10,1499,,100546.69423332924,128484051.44985774,0.0,0.0,95,0.0
10-237-01517,BIHAR,Nawada,Roh,0,0,,210,10,1517,,77804.52626079548,192537548.9783989,0.0,0.0,144,0.0
10-236-01500,BIHAR,Gaya,Banke Bazar,0,0,,196,10,1500,,85166.97220092022,256240042.68049288,0.0,0.0,186,0.0
10-236-01501,BIHAR,Gaya,Imamganj,0,0,,196,10,1501,,136271.57775821586,316917295.57645696,0.0,0.0,239,0.0
10-236-01502,BIHAR,Gaya,Dumaria,0,0,,196,10,1502,,119690.94596035974,390676703.928496,0.0,0.0,285,0.0
10-236-01503,BIHAR,Gaya,Sherghati,0,0,,196,10,1503,,100322.2973073121,167902109.12194017,0.0,0.0,123,0.0
10-238-01531,BIHAR,Jamui,Gidhaur,0,0,,198,10,1531,,55211.5633940527,100392309.18230554,0.0,0.0,75,0.0
10-236-01504,BIHAR,Gaya,Dobhi,0,0,,196,10,1504,,103572.88994215836,218837778.49499393,0.0,0.0,161,0.0
10-236-01505,BIHAR,Gaya,Bodh Gaya,0,0,,196,10,1505,,120948.91182130505,306843965.9119923,0.0,0.0,230,0.0
10-236-01506,BIHAR,Gaya,Tan Kuppa,0,0,,196,10,1506,,108147.94853451202,190099968.23000297,0.0,0.0,134,0.0
10-240-01542,BIHAR,Arwal,Arwal,0,0,,611,10,1542,,73924.8054791393,147787869.27798152,0.0,0.0,104,0.0
10-236-01507,BIHAR,Gaya,Wazirganj,0,0,,196,10,1507,,105472.06999302967,323030583.61833626,0.0,0.0,236,0.0
10-236-01508,BIHAR,Gaya,Fatehpur,0,0,,196,10,1508,,155359.44599717355,408449805.62920874,0.0,0.0,304,0.0
10-240-01543,BIHAR,Arwal,Kaler,0,0,,611,10,1543,,67777.19153730445,176075758.749563,0.0,0.0,131,0.0
10-236-01509,BIHAR,Gaya,Mohanpur,0,0,,196,10,1509,,119906.24818546322,418796109.2883684,0.0,0.0,303,0.0
10-240-01544,BIHAR,Arwal,Karpi,0,0,,611,10,1544,,158139.92638461498,234985661.7206014,0.0,0.0,172,0.0
10-236-01510,BIHAR,Gaya,Barachatti,0,0,,196,10,1510,,138753.78132836288,366328956.31361085,0.0,0.0,275,0.0
10-237-01513,BIHAR,Nawada,Warisaliganj,0,0,,210,10,1513,,109792.76918459819,202861050.3008767,0.0,0.0,147,0.0
10-237-01514,BIHAR,Nawada,Kashi Chak,0,0,,210,10,1514,,73948.94452619922,98983451.20841853,0.0,0.0,72,0.0
10-237-01515,BIHAR,Nawada,Pakribarawan,0,0,,210,10,1515,,104545.76938151139,251834567.85717744,0.0,0.0,184,0.0
10-237-01516,BIHAR,Nawada,Kawakol,0,0,,210,10,1516,,121170.20018263235,362955647.76482904,0.0,0.0,266,0.0
10-237-01518,BIHAR,Nawada,Gobindpur,0,0,,210,10,1518,,73133.35659787485,188189390.13263756,0.0,0.0,140,0.0
10-237-01519,BIHAR,Nawada,Akbarpur,0,0,,210,10,1519,,91268.2921062847,249541236.96202633,0.0,0.0,184,0.0
10-237-01520,BIHAR,Nawada,Hisua,0,0,,210,10,1520,,85113.4923130193,144090762.99664384,0.0,0.0,104,0.0
10-237-01521,BIHAR,Nawada,Narhat,0,0,,210,10,1521,,62856.50481924386,99624005.77002536,0.0,0.0,69,0.0
10-237-01522,BIHAR,Nawada,Meskaur,0,0,,210,10,1522,,75185.00287586387,145604023.18435815,0.0,0.0,112,0.0
10-237-01523,BIHAR,Nawada,Sirdala,0,0,,210,10,1523,,111278.51695598938,301894539.186342,0.0,0.0,218,0.0
10-237-01524,BIHAR,Nawada,Rajauli,0,0,,210,10,1524,,132370.86211000624,450216393.36794454,0.0,0.0,333,0.0
10-238-01525,BIHAR,Jamui,Islamnagar Aliganj,0,0,,198,10,1525,,96153.77396855215,213408239.47295904,0.0,0.0,156,0.0
10-238-01526,BIHAR,Jamui,Sikandra,0,0,,198,10,1526,,86788.2538333537,223096734.30010977,0.0,0.0,162,0.0
10-238-01527,BIHAR,Jamui,Jamui,0,0,,198,10,1527,,90084.78430112793,212157753.6648698,0.0,0.0,155,0.0
10-238-01528,BIHAR,Jamui,Barhat,0,0,,198,10,1528,,114104.37581341481,270298087.1382075,0.0,0.0,197,0.0
10-238-01529,BIHAR,Jamui,Lakshmipur,0,0,,198,10,1529,,112147.89260238525,307635253.00857943,0.0,0.0,225,0.0
10-238-01530,BIHAR,Jamui,Jhajha,0,0,,198,10,1530,,147664.43327942316,507112726.974952,0.0,0.0,370,0.0
10-238-01532,BIHAR,Jamui,Khaira,0,0,,198,10,1532,,142747.05687020053,513762691.7981683,0.0,0.0,377,0.0
10-238-01533,BIHAR,Jamui,Sono,0,0,,198,10,1533,,117724.39892386932,474283005.7300444,0.0,0.0,349,0.0
10-238-01534,BIHAR,Jamui,Chakai,0,0,,198,10,1534,,243956.2217086091,956725034.6798706,0.0,0.0,700,0.0
10-239-01535,BIHAR,Jehanabad,Ratni Faridpur,0,0,,199,10,1535,,82762.53932271499,155018952.20303965,0.0,0.0,114,0.0
10-239-01536,BIHAR,Jehanabad,Jehanabad,0,0,,199,10,1536,,97254.09844747804,201426556.69272655,0.0,0.0,148,0.0
10-239-01537,BIHAR,Jehanabad,Kako,0,0,,199,10,1537,,83599.3529020472,162373941.78194478,0.0,0.0,118,0.0
10-239-01538,BIHAR,Jehanabad,Modanganj,0,0,,199,10,1538,,66522.90037500951,97205276.85869928,0.0,0.0,69,0.0
10-239-01539,BIHAR,Jehanabad,Ghoshi,0,0,,199,10,1539,,82931.95174196921,112225161.55433495,0.0,0.0,83,0.0
10-239-01540,BIHAR,Jehanabad,Makhdumpur,0,0,,199,10,1540,,128831.72570768485,301471679.33572614,0.0,0.0,217,0.0
10-239-01541,BIHAR,Jehanabad,Hulasganj,0,0,,199,10,1541,,87179.53907708311,119677697.18988888,0.0,0.0,90,0.0
10-240-01545,BIHAR,Arwal,Sonbhadra Banshi Suryapur,0,0,,611,10,1545,,62692.97791397586,116643000.97724338,0.0,0.0,83,0.0
10-240-01546,BIHAR,Arwal,Kurtha,0,0,,611,10,1546,,71585.17106640573,106433073.5354984,0.0,0.0,78,0.0
10-224-01334,BIHAR,Bhagalpur,Gopalpur,0,0,,192,10,1334,,95407.9186210158,208941966.91883087,0.0,0.0,153,0.0
10-210-01127,BIHAR,Kishanganj,Kishanganj,0,0,,203,10,1127,,125268.33771117091,207105687.55921903,0.0,0.0,152,0.0
