object_idid,stname,dtname,sdtname,st_area_sh,st_length_,remarks,dist_lgd,state_lgd,subdt_lgd,ac_no,st_length(shape),st_area(shape),max,mean,count,sum
10-206-01064,BIHAR,Sitamarhi,Suppi,0,0,,221,10,1064,,71084.15120823232,92250451.53846286,0.0,0.0,66,0.0
10-234-01463,BIHAR,Rohtas,Nasriganj,0,0,,215,10,1463,,90034.07903274363,167356919.18355417,1.002412841796875e-05,7.116757928757441e-06,126,0.0008967114990234375
10-234-01464,BIHAR,Rohtas,Rajpur,0,0,,215,10,1464,,68660.48684625747,85633596.4997788,6.199259643554688e-06,6.1992596435546875e-06,63,0.0003905533575439453
10-234-01465,BIHAR,Rohtas,Sanjhauli,0,0,,215,10,1465,,56591.722358052,83833486.39015438,7.6522412109375e-06,7.375482817150298e-06,63,0.0004646554174804688
10-203-01023,BIHAR,Pashchim Champaran,Thakrahan,0,0,,211,10,1023,,79847.09402015881,199004696.79409248,0.0,0.0,145,0.0
10-204-01054,BIHAR,Purbi Champaran,Phenhara,0,0,,213,10,1054,,44565.43736457999,67645025.94776015,0.0,0.0,51,0.0
10-219-01262,BIHAR,Saran,Maker,0,0,,218,10,1262,,62357.8736467211,96585777.9808088,0.0,0.0,71,0.0
10-220-01282,BIHAR,Vaishali,Sahdai Buzurg,0,0,,224,10,1282,,74546.65030748869,114161677.3631406,0.0,0.0,84,0.0
10-229-01388,BIHAR,Nalanda,Tharthari,0,0,,209,10,1388,,71853.42144919158,77411758.12428828,0.0,0.0,54,0.0
10-229-01389,BIHAR,Nalanda,Parbalpur,0,0,,209,10,1389,,54466.2339431045,76043839.88376136,0.0,0.0,56,0.0
10-203-01022,BIHAR,Pashchim Champaran,Bhitaha,0,0,,211,10,1022,,72626.86760213553,166969906.7472905,0.0,0.0,117,0.0
10-203-01013,BIHAR,Pashchim Champaran,Sidhaw,0,0,,211,10,1013,,195582.3602130639,1085337194.6715722,0.0,0.0,781,0.0
10-203-01014,BIHAR,Pashchim Champaran,Ramnagar,0,0,,211,10,1014,,230865.78384139363,866139404.2451236,0.0,0.0,621,0.0
10-203-01015,BIHAR,Pashchim Champaran,Gaunaha,0,0,,211,10,1015,,136504.94021895694,605322845.3823951,0.0,0.0,441,0.0
10-203-01016,BIHAR,Pashchim Champaran,Mainatanr,0,0,,211,10,1016,,115419.13930249632,312998546.4010918,0.0,0.0,221,0.0
10-203-01017,BIHAR,Pashchim Champaran,Narkatiaganj,0,0,,211,10,1017,,149144.20649331805,441857686.2127825,0.0,0.0,314,0.0
10-203-01018,BIHAR,Pashchim Champaran,Lauriya,0,0,,211,10,1018,,120853.32018665274,255440417.54612216,0.0,0.0,183,0.0
10-203-01019,BIHAR,Pashchim Champaran,Bagaha,0,0,,211,10,1019,,135587.24079810514,491292931.53180623,0.0,0.0,352,0.0
10-203-01021,BIHAR,Pashchim Champaran,Madhubani,0,0,,211,10,1021,,144670.82201821523,386116138.1353823,0.0,0.0,276,0.0
10-203-01024,BIHAR,Pashchim Champaran,Jogapatti,0,0,,211,10,1024,,88530.23644360513,258722436.3759333,0.0,0.0,186,0.0
10-203-01029,BIHAR,Pashchim Champaran,Bairia,0,0,,211,10,1029,,105039.82861382668,288505226.87341565,0.0,0.0,208,0.0
10-203-01025,BIHAR,Pashchim Champaran,Chanpatia,0,0,,211,10,1025,,113543.7602983494,310017349.34780717,0.0,0.0,226,0.0
10-206-01071,BIHAR,Sitamarhi,Parsauni,0,0,,221,10,1071,,63729.135625112256,74724139.64418457,0.0,0.0,55,0.0
10-203-01026,BIHAR,Pashchim Champaran,Sikta,0,0,,211,10,1026,,93443.22825707054,255004178.86147365,0.0,0.0,183,0.0
10-203-01027,BIHAR,Pashchim Champaran,Majhaulia,0,0,,211,10,1027,,123374.4030721297,371511179.15939575,0.0,0.0,265,0.0
10-203-01028,BIHAR,Pashchim Champaran,Bettiah,0,0,,211,10,1028,,53968.26030594324,83182055.35378212,0.0,0.0,59,0.0
10-203-01030,BIHAR,Pashchim Champaran,Nautan,0,0,,211,10,1030,,122656.63983711715,245738630.13883996,0.0,0.0,171,0.0
10-204-01031,BIHAR,Purbi Champaran,Raxaul,0,0,,213,10,1031,,98709.78801801558,166685360.13968688,0.0,0.0,124,0.0
10-206-01072,BIHAR,Sitamarhi,Belsand,0,0,,221,10,1072,,66235.5873217276,97354060.86547032,0.0,0.0,70,0.0
10-206-01073,BIHAR,Sitamarhi,Runisaidpur,0,0,,221,10,1073,,152472.54206325076,334873257.0825382,0.0,0.0,243,0.0
10-204-01032,BIHAR,Purbi Champaran,Adapur,0,0,,213,10,1032,,94532.37688292323,199608924.7111849,0.0,0.0,148,0.0
10-206-01074,BIHAR,Sitamarhi,Dumra,0,0,,221,10,1074,,111649.34177378344,241159212.36062923,0.0,0.0,178,0.0
10-204-01033,BIHAR,Purbi Champaran,Ramgarhwa,0,0,,213,10,1033,,90718.26831189607,213035907.5226096,0.0,0.0,154,0.0
10-204-01034,BIHAR,Purbi Champaran,Sugauli,0,0,,213,10,1034,,84892.41923436844,209336830.19001696,0.0,0.0,149,0.0
10-204-01038,BIHAR,Purbi Champaran,Ghorasahan,0,0,,213,10,1038,,75335.10865687576,144368243.47105,0.0,0.0,104,0.0
10-204-01035,BIHAR,Purbi Champaran,Banjaria,0,0,,213,10,1035,,102381.40449613356,176960195.87167916,0.0,0.0,124,0.0
10-204-01047,BIHAR,Purbi Champaran,Kesaria,0,0,,213,10,1047,,87546.8206889307,229535442.11688668,0.0,0.0,168,0.0
10-204-01036,BIHAR,Purbi Champaran,Narkatia,0,0,,213,10,1036,,105607.09704406632,168338010.30978012,0.0,0.0,120,0.0
10-204-01037,BIHAR,Purbi Champaran,Bankatwa,0,0,,213,10,1037,,99233.37216886049,115311013.90225838,0.0,0.0,82,0.0
10-204-01039,BIHAR,Purbi Champaran,Dhaka,0,0,,213,10,1039,,97673.73467814895,202386545.86227983,0.0,0.0,145,0.0
10-204-01048,BIHAR,Purbi Champaran,Kalyanpur,0,0,,213,10,1048,,109413.20044555076,313300912.50613195,0.0,0.0,230,0.0
10-204-01040,BIHAR,Purbi Champaran,Chiraia,0,0,,213,10,1040,,110764.71696779084,272984575.32652414,0.0,0.0,199,0.0
10-204-01041,BIHAR,Purbi Champaran,Motihari,0,0,,213,10,1041,,181544.26702654368,319814691.13850176,0.0,0.0,241,0.0
10-204-01049,BIHAR,Purbi Champaran,Kotwa,0,0,,213,10,1049,,78879.98205471091,178282937.71225017,0.0,0.0,126,0.0
10-204-01042,BIHAR,Purbi Champaran,Turkaulia,0,0,,213,10,1042,,99475.78497366334,174748315.94966665,0.0,0.0,130,0.0
10-204-01050,BIHAR,Purbi Champaran,Piprakothi,0,0,,213,10,1050,,58369.33889310607,62223774.49301849,0.0,0.0,45,0.0
10-204-01043,BIHAR,Purbi Champaran,Harsidhi,0,0,,213,10,1043,,133904.34238337883,240218359.62130272,0.0,0.0,173,0.0
10-204-01044,BIHAR,Purbi Champaran,Paharpur,0,0,,213,10,1044,,108730.62076802726,192061375.0173064,0.0,0.0,144,0.0
10-204-01045,BIHAR,Purbi Champaran,Areraj,0,0,,213,10,1045,,93331.67353690567,242725576.26244012,0.0,0.0,174,0.0
10-204-01046,BIHAR,Purbi Champaran,Sangrampur,0,0,,213,10,1046,,78133.67961210197,187659878.02718252,0.0,0.0,133,0.0
10-204-01051,BIHAR,Purbi Champaran,Chakia(Pipra),0,0,,213,10,1051,,129110.66914194856,212940547.80779588,0.0,0.0,145,0.0
10-204-01052,BIHAR,Purbi Champaran,Pakri Dayal,0,0,,213,10,1052,,90143.40730437863,148110040.62869397,0.0,0.0,106,0.0
10-204-01053,BIHAR,Purbi Champaran,Patahi,0,0,,213,10,1053,,85994.51677214028,144960443.14880535,0.0,0.0,100,0.0
10-204-01055,BIHAR,Purbi Champaran,Madhuban,0,0,,213,10,1055,,112681.00006095257,152424272.44650427,0.0,0.0,114,0.0
10-204-01056,BIHAR,Purbi Champaran,Tetaria,0,0,,213,10,1056,,82320.72754353678,104458405.63845472,0.0,0.0,74,0.0
10-205-01058,BIHAR,Sheohar,Purnahiya,0,0,,220,10,1058,,57294.126150412616,80859097.14068061,0.0,0.0,59,0.0
10-204-01057,BIHAR,Purbi Champaran,Mehsi,0,0,,213,10,1057,,125063.78039343117,149773808.08158112,0.0,0.0,108,0.0
10-205-01059,BIHAR,Sheohar,Piprarhi,0,0,,220,10,1059,,105870.45511307275,104265216.9562483,0.0,0.0,77,0.0
10-205-01060,BIHAR,Sheohar,Sheohar,0,0,,220,10,1060,,81007.5322908237,115638983.35873616,0.0,0.0,83,0.0
10-205-01061,BIHAR,Sheohar,Dumri Katsari,0,0,,220,10,1061,,65038.65439014734,84655470.24819931,0.0,0.0,59,0.0
10-205-01062,BIHAR,Sheohar,Tariani Chowk,0,0,,220,10,1062,,97491.22869259815,171878914.60720828,0.0,0.0,126,0.0
10-206-01063,BIHAR,Sitamarhi,Bairgania,0,0,,221,10,1063,,59598.621146511534,94417571.99630062,0.0,0.0,70,0.0
10-206-01065,BIHAR,Sitamarhi,Majorganj,0,0,,221,10,1065,,62808.55729710282,95411217.42446172,0.0,0.0,68,0.0
10-206-01066,BIHAR,Sitamarhi,Sonbarsa,0,0,,221,10,1066,,92820.94699371175,224104085.6083578,0.0,0.0,155,0.0
10-206-01067,BIHAR,Sitamarhi,Parihar,0,0,,221,10,1067,,86838.20299610356,272812569.4060281,0.0,0.0,197,0.0
10-207-01095,BIHAR,Madhubani,Rajnagar,0,0,,206,10,1095,,78809.12744912357,223111125.2667772,0.0,0.0,158,0.0
10-206-01068,BIHAR,Sitamarhi,Sursand,0,0,,221,10,1068,,91215.71647520129,181412871.1123928,0.0,0.0,134,0.0
10-206-01069,BIHAR,Sitamarhi,Bathnaha,0,0,,221,10,1069,,120764.04051803834,251403523.12922087,0.0,0.0,185,0.0
10-206-01070,BIHAR,Sitamarhi,Riga,0,0,,221,10,1070,,129433.73210860479,163724219.02092636,0.0,0.0,114,0.0
10-210-01123,BIHAR,Kishanganj,Thakurganj,0,0,,203,10,1123,,224971.2940646554,491161543.46963537,0.0,0.0,353,0.0
10-210-01124,BIHAR,Kishanganj,Pothia,0,0,,203,10,1124,,167388.9118766352,443844792.4531903,0.0,0.0,321,0.0
10-210-01125,BIHAR,Kishanganj,Bahadurganj,0,0,,203,10,1125,,155296.13881782343,347494200.8377232,0.0,0.0,251,0.0
10-210-01126,BIHAR,Kishanganj,Kochadhamin,0,0,,203,10,1126,,139640.52665725534,360840233.8364798,0.0,0.0,258,0.0
10-211-01128,BIHAR,Purnia,Banmankhi,0,0,,214,10,1128,,142815.61519736593,459936087.34673214,0.0,0.0,333,0.0
10-206-01075,BIHAR,Sitamarhi,Bajpatti,0,0,,221,10,1075,,90407.29439213518,174303329.1783474,0.0,0.0,125,0.0
10-206-01076,BIHAR,Sitamarhi,Charaut,0,0,,221,10,1076,,85128.15752493152,91349700.81924292,0.0,0.0,62,0.0
10-206-01077,BIHAR,Sitamarhi,Pupri,0,0,,221,10,1077,,73992.24203369493,115338203.66308306,0.0,0.0,82,0.0
10-206-01078,BIHAR,Sitamarhi,Nanpur,0,0,,221,10,1078,,73315.01223618646,135892566.9983101,0.0,0.0,100,0.0
10-220-01283,BIHAR,Vaishali,Mahnar,0,0,,224,10,1283,,81638.1139853176,126474580.44313861,0.0,0.0,89,0.0
10-206-01079,BIHAR,Sitamarhi,Bokhara,0,0,,221,10,1079,,81978.13188098712,108574895.39827529,0.0,0.0,79,0.0
10-207-01080,BIHAR,Madhubani,Madhwapur,0,0,,206,10,1080,,88808.76172423853,137557654.90878707,0.0,0.0,103,0.0
10-207-01081,BIHAR,Madhubani,Harlakhi,0,0,,206,10,1081,,90217.76640094945,187441757.00046396,0.0,0.0,138,0.0
10-207-01082,BIHAR,Madhubani,Basopatti,0,0,,206,10,1082,,97634.90682970545,164238774.4639331,0.0,0.0,122,0.0
10-207-01089,BIHAR,Madhubani,Khajauli,0,0,,206,10,1089,,91171.28062794723,150968724.81279027,0.0,0.0,108,0.0
10-207-01083,BIHAR,Madhubani,Jainagar,0,0,,206,10,1083,,81489.61423509955,161880108.8306139,0.0,0.0,115,0.0
10-207-01090,BIHAR,Madhubani,Kaluahi,0,0,,206,10,1090,,62305.281593423286,101560283.08963235,0.0,0.0,75,0.0
10-207-01084,BIHAR,Madhubani,Ladania,0,0,,206,10,1084,,97928.14946240213,232665607.5684243,0.0,0.0,164,0.0
10-207-01085,BIHAR,Madhubani,Laukaha,0,0,,206,10,1085,,102032.19667129294,266340932.00179368,0.0,0.0,197,0.0
10-207-01086,BIHAR,Madhubani,Laukahi,0,0,,206,10,1086,,109679.24973352649,329223432.564553,0.0,0.0,237,0.0
10-207-01087,BIHAR,Madhubani,Phulparas,0,0,,206,10,1087,,117974.41186319289,199352334.8677591,0.0,0.0,140,0.0
10-207-01088,BIHAR,Madhubani,Babubarhi,0,0,,206,10,1088,,118996.04641992833,237192379.86086744,0.0,0.0,174,0.0
10-207-01091,BIHAR,Madhubani,Benipatti,0,0,,206,10,1091,,128414.2409747215,328987645.9449377,0.0,0.0,231,0.0
10-207-01092,BIHAR,Madhubani,Bisfi,0,0,,206,10,1092,,99754.46134559005,226192948.413646,0.0,0.0,165,0.0
10-207-01093,BIHAR,Madhubani,Madhubani,0,0,,206,10,1093,,109764.71764889831,200359220.56727448,0.0,0.0,142,0.0
10-207-01094,BIHAR,Madhubani,Pandaul,0,0,,206,10,1094,,102372.75527307783,208327489.63825428,0.0,0.0,148,0.0
10-207-01096,BIHAR,Madhubani,Andhratharhi,0,0,,206,10,1096,,97300.5167595078,186769445.10608673,0.0,0.0,134,0.0
10-207-01097,BIHAR,Madhubani,Jhanjharpur,0,0,,206,10,1097,,125261.96837896874,181284371.95402232,0.0,0.0,132,0.0
10-207-01098,BIHAR,Madhubani,Ghoghardiha,0,0,,206,10,1098,,114215.40677637524,211228851.4219488,0.0,0.0,159,0.0
10-207-01099,BIHAR,Madhubani,Lakhnaur,0,0,,206,10,1099,,72956.74167609161,146945623.14022,0.0,0.0,110,0.0
10-207-01100,BIHAR,Madhubani,Madhepur,0,0,,206,10,1100,,144505.38034518834,300452948.5687113,0.0,0.0,212,0.0
10-208-01101,BIHAR,Supaul,Nirmali,0,0,,223,10,1101,,123310.21889922836,162734364.67066902,0.0,0.0,118,0.0
10-208-01102,BIHAR,Supaul,Basantpur,0,0,,223,10,1102,,136288.63693043106,319456339.75100917,0.0,0.0,228,0.0
10-208-01103,BIHAR,Supaul,Chhatapur,0,0,,223,10,1103,,142271.17176584958,398825687.2446475,0.0,0.0,285,0.0
10-208-01104,BIHAR,Supaul,Pratapganj,0,0,,223,10,1104,,71155.69013184242,133032565.19323792,0.0,0.0,97,0.0
10-208-01105,BIHAR,Supaul,Raghopur,0,0,,223,10,1105,,111831.20983491397,255841046.48838165,0.0,0.0,187,0.0
10-221-01285,BIHAR,Samastipur,Warisnagar,0,0,,217,10,1285,,90241.30323013186,163846086.5162723,0.0,0.0,120,0.0
10-208-01106,BIHAR,Supaul,Saraigarh Bhaptiyahi,0,0,,223,10,1106,,105489.5116383213,257042943.27229512,0.0,0.0,189,0.0
10-208-01107,BIHAR,Supaul,Kishanpur,0,0,,223,10,1107,,125516.73810076228,248613546.3002807,0.0,0.0,177,0.0
10-208-01108,BIHAR,Supaul,Marauna,0,0,,223,10,1108,,114969.59778192453,206419565.01179272,0.0,0.0,149,0.0
10-208-01109,BIHAR,Supaul,Supaul,0,0,,223,10,1109,,122628.008173687,390920691.5720901,0.0,0.0,287,0.0
10-208-01110,BIHAR,Supaul,Pipra,0,0,,223,10,1110,,113516.78657800167,247320462.25611627,0.0,0.0,181,0.0
10-221-01287,BIHAR,Samastipur,Khanpur,0,0,,217,10,1287,,89337.20668890505,173313349.37261373,0.0,0.0,127,0.0
10-208-01111,BIHAR,Supaul,Tribeniganj,0,0,,223,10,1111,,136684.8917573132,402291551.99740016,0.0,0.0,290,0.0
10-209-01112,BIHAR,Araria,Narpatganj,0,0,,188,10,1112,,196352.82868709194,482872068.7863751,0.0,0.0,351,0.0
10-209-01113,BIHAR,Araria,Forbesganj,0,0,,188,10,1113,,165874.55860340688,546946456.996027,0.0,0.0,392,0.0
10-209-01114,BIHAR,Araria,Bhargama,0,0,,188,10,1114,,140909.75235341018,280499778.1128878,0.0,0.0,206,0.0
10-209-01115,BIHAR,Araria,Raniganj,0,0,,188,10,1115,,160625.61646677545,576910744.770993,0.0,0.0,418,0.0
10-209-01116,BIHAR,Araria,Araria,0,0,,188,10,1116,,192057.15187743204,506918787.2643526,0.0,0.0,371,0.0
10-209-01117,BIHAR,Araria,Kursakatta,0,0,,188,10,1117,,96566.38525637137,201032230.408231,0.0,0.0,147,0.0
10-209-01118,BIHAR,Araria,Sikti,0,0,,188,10,1118,,116798.35346995249,237753016.2819182,0.0,0.0,177,0.0
10-209-01119,BIHAR,Araria,Palasi,0,0,,188,10,1119,,132578.70192307016,306240761.34804773,0.0,0.0,222,0.0
10-209-01120,BIHAR,Araria,Jokihat,0,0,,188,10,1120,,155370.9524619173,341005127.7602247,0.0,0.0,246,0.0
10-210-01121,BIHAR,Kishanganj,Terhagachh,0,0,,203,10,1121,,121953.02658094271,245208326.38245347,0.0,0.0,175,0.0
10-210-01122,BIHAR,Kishanganj,Dighalbank,0,0,,203,10,1122,,147432.83262190674,314385668.4331173,0.0,0.0,224,0.0
10-211-01129,BIHAR,Purnia,Barhara,0,0,,214,10,1129,,111073.17449432175,288009141.38478667,0.0,0.0,212,0.0
10-211-01130,BIHAR,Purnia,Bhawanipur,0,0,,214,10,1130,,116656.34435182877,201938838.4795833,0.0,0.0,147,0.0
10-211-01131,BIHAR,Purnia,Rupauli,0,0,,214,10,1131,,113946.660566684,308195114.8462847,0.0,0.0,227,0.0
10-211-01132,BIHAR,Purnia,Dhamdaha,0,0,,214,10,1132,,135370.01293426772,446856166.039676,0.0,0.0,326,0.0
10-211-01133,BIHAR,Purnia,Krityanand Nagar,0,0,,214,10,1133,,149407.41850079046,364443041.21247435,0.0,0.0,274,0.0
10-211-01134,BIHAR,Purnia,Purnia East,0,0,,214,10,1134,,127662.13358515713,309272824.56310594,0.0,0.0,228,0.0
10-211-01135,BIHAR,Purnia,Kasba,0,0,,214,10,1135,,130095.64608516233,215123054.3424731,0.0,0.0,154,0.0
10-211-01136,BIHAR,Purnia,Srinagar,0,0,,214,10,1136,,106220.57404900706,172405807.6412187,0.0,0.0,122,0.0
10-211-01137,BIHAR,Purnia,Jalalgarh,0,0,,214,10,1137,,87146.39992638786,142107808.6772385,0.0,0.0,102,0.0
10-211-01138,BIHAR,Purnia,Amour,0,0,,214,10,1138,,141371.93624621196,307011870.96961224,0.0,0.0,225,0.0
10-211-01139,BIHAR,Purnia,Baisa,0,0,,214,10,1139,,132173.35304950457,275191667.549805,0.0,0.0,197,0.0
10-211-01140,BIHAR,Purnia,Baisi,0,0,,214,10,1140,,118169.54825440844,253873549.02719215,0.0,0.0,187,0.0
10-211-01141,BIHAR,Purnia,Dagarua,0,0,,214,10,1141,,129309.28146976323,257465778.6329552,0.0,0.0,180,0.0
10-212-01142,BIHAR,Katihar,Falka,0,0,,201,10,1142,,100518.70580952488,208374539.8829749,0.0,0.0,150,0.0
10-212-01143,BIHAR,Katihar,Korha,0,0,,201,10,1143,,137118.64195203967,368801327.90483874,0.0,0.0,273,0.0
10-212-01144,BIHAR,Katihar,Hasanganj,0,0,,201,10,1144,,78227.29832785497,86155111.41022065,0.0,0.0,62,0.0
10-212-01145,BIHAR,Katihar,Kadwa,0,0,,201,10,1145,,157692.68144088247,420129854.10490626,0.0,0.0,307,0.0
10-212-01146,BIHAR,Katihar,Balrampur,0,0,,201,10,1146,,141815.18317465586,216253207.31133217,0.0,0.0,151,0.0
10-212-01147,BIHAR,Katihar,Barsoi,0,0,,201,10,1147,,172308.8160052511,357713388.6445612,0.0,0.0,261,0.0
10-212-01148,BIHAR,Katihar,Azamnagar,0,0,,201,10,1148,,141791.77759222616,349759708.1212404,0.0,0.0,253,0.0
10-221-01290,BIHAR,Samastipur,Tajpur,0,0,,217,10,1290,,57166.77792153786,83856612.1105223,0.0,0.0,61,0.0
10-212-01149,BIHAR,Katihar,Pranpur,0,0,,201,10,1149,,111803.70370561493,191475637.62126103,0.0,0.0,141,0.0
10-212-01150,BIHAR,Katihar,Dandkhora,0,0,,201,10,1150,,70987.07501110679,111201189.06340708,0.0,0.0,81,0.0
10-212-01151,BIHAR,Katihar,Katihar,0,0,,201,10,1151,,76845.81968857624,136830037.77828172,0.0,0.0,100,0.0
10-212-01152,BIHAR,Katihar,Mansahi,0,0,,201,10,1152,,73279.06289841712,97405011.1871763,0.0,0.0,73,0.0
10-212-01155,BIHAR,Katihar,Kursela,0,0,,201,10,1155,,80348.39413748268,153683091.52761996,0.0,0.0,117,0.0
10-212-01153,BIHAR,Katihar,Barari,0,0,,201,10,1153,,107333.93297446336,407446973.1478653,0.0,0.0,292,0.0
10-212-01154,BIHAR,Katihar,Sameli,0,0,,201,10,1154,,75105.36277909,118027198.2496544,0.0,0.0,81,0.0
10-212-01156,BIHAR,Katihar,Manihari,0,0,,201,10,1156,,130162.81635074862,303859830.4099729,0.0,0.0,221,0.0
10-212-01157,BIHAR,Katihar,Amdabad,0,0,,201,10,1157,,103742.71814675455,228302986.79665467,0.0,0.0,164,0.0
10-213-01158,BIHAR,Madhepura,Gamharia,0,0,,205,10,1158,,80141.00377515821,125479849.27382244,0.0,0.0,89,0.0
10-213-01160,BIHAR,Madhepura,Ghailarh,0,0,,205,10,1160,,78865.70647224285,116219722.2388165,0.0,0.0,83,0.0
10-213-01159,BIHAR,Madhepura,Singheshwar,0,0,,205,10,1159,,111627.30849980874,111167268.35246354,0.0,0.0,78,0.0
10-216-01210,BIHAR,Muzaffarpur,Bandra,0,0,,208,10,1210,,74293.85759884378,142020443.31484023,0.0,0.0,103,0.0
10-213-01161,BIHAR,Madhepura,Madhepura,0,0,,205,10,1161,,115084.47931226583,237801277.85767865,0.0,0.0,175,0.0
10-213-01162,BIHAR,Madhepura,Shankarpur,0,0,,205,10,1162,,63984.56408470212,128790837.874554,0.0,0.0,94,0.0
10-213-01163,BIHAR,Madhepura,Kumarkhand,0,0,,205,10,1163,,118191.24796123093,316976886.68211347,0.0,0.0,230,0.0
10-213-01164,BIHAR,Madhepura,Murliganj,0,0,,205,10,1164,,94211.11378994165,247086114.21145928,0.0,0.0,179,0.0
10-221-01293,BIHAR,Samastipur,Mohanpur,0,0,,217,10,1293,,74468.46489139357,163000016.77407515,0.0,0.0,120,0.0
10-213-01165,BIHAR,Madhepura,Gwalpara,0,0,,205,10,1165,,78037.2495556277,147267353.58482873,0.0,0.0,109,0.0
10-214-01172,BIHAR,Saharsa,Satar Kataiya,0,0,,216,10,1172,,77878.75925155886,177382280.64763528,0.0,0.0,130,0.0
10-213-01166,BIHAR,Madhepura,Bihariganj,0,0,,205,10,1166,,79669.40805645821,133818744.70956944,0.0,0.0,98,0.0
10-216-01211,BIHAR,Muzaffarpur,Dholi (Moraul),0,0,,208,10,1211,,63030.361633940505,73298422.6275262,0.0,0.0,50,0.0
10-213-01167,BIHAR,Madhepura,Kishanganj,0,0,,205,10,1167,,99817.47531025465,188055937.5971522,0.0,0.0,133,0.0
10-216-01212,BIHAR,Muzaffarpur,Musahri,0,0,,208,10,1212,,211487.75457487197,365415439.5943066,0.0,0.0,267,0.0
10-213-01168,BIHAR,Madhepura,Puraini,0,0,,205,10,1168,,63416.842365887525,103114850.3546553,0.0,0.0,76,0.0
10-214-01174,BIHAR,Saharsa,Kahara,0,0,,216,10,1174,,81070.16203244023,176788302.3737116,0.0,0.0,128,0.0
10-213-01169,BIHAR,Madhepura,Alamnagar,0,0,,205,10,1169,,94357.42058114092,211989804.11375904,0.0,0.0,151,0.0
10-213-01170,BIHAR,Madhepura,Chausa,0,0,,205,10,1170,,87285.75133964,172516848.53860697,0.0,0.0,124,0.0
10-214-01171,BIHAR,Saharsa,Nauhatta,0,0,,216,10,1171,,93228.84620468391,212763144.21707585,0.0,0.0,151,0.0
10-217-01227,BIHAR,Gopalganj,Sidhwalia,0,0,,197,10,1227,,69457.48217743407,152022198.31601515,0.0,0.0,109,0.0
10-214-01173,BIHAR,Saharsa,Mahishi,0,0,,216,10,1173,,106372.46434789852,273075178.2794974,0.0,0.0,195,0.0
10-214-01175,BIHAR,Saharsa,Saur Bazar,0,0,,216,10,1175,,88121.22998090234,233228921.9025612,0.0,0.0,171,0.0
10-214-01176,BIHAR,Saharsa,Patarghat,0,0,,216,10,1176,,67497.21582029684,149681422.04156074,0.0,0.0,105,0.0
10-214-01177,BIHAR,Saharsa,Sonbarsa,0,0,,216,10,1177,,90185.02153799882,263952116.041209,0.0,0.0,193,0.0
10-216-01199,BIHAR,Muzaffarpur,Sahebganj,0,0,,208,10,1199,,80060.99972290538,253055918.70266867,0.0,0.0,189,0.0
10-214-01178,BIHAR,Saharsa,Simri Bakhtiarpur,0,0,,216,10,1178,,119116.35548129058,266466354.66217396,0.0,0.0,194,0.0
10-214-01179,BIHAR,Saharsa,Salkhua,0,0,,216,10,1179,,82412.26684571667,221182533.93573853,0.0,0.0,163,0.0
10-214-01180,BIHAR,Saharsa,Banma Itahri,0,0,,216,10,1180,,54286.501575749484,92822449.4552088,0.0,0.0,68,0.0
10-215-01181,BIHAR,Darbhanga,Jale,0,0,,195,10,1181,,112473.57051363293,234172285.01568127,0.0,0.0,171,0.0
10-215-01182,BIHAR,Darbhanga,Singhwara,0,0,,195,10,1182,,121368.62688362494,223279889.67870736,0.0,0.0,162,0.0
10-215-01183,BIHAR,Darbhanga,Keotiranway,0,0,,195,10,1183,,89515.08566239705,180205403.4644349,0.0,0.0,131,0.0
10-215-01184,BIHAR,Darbhanga,Darbhanga,0,0,,195,10,1184,,131883.04966973627,240721362.1475316,0.0,0.0,174,0.0
10-215-01185,BIHAR,Darbhanga,Manigachhi,0,0,,195,10,1185,,96856.01003306538,158887287.31255177,0.0,0.0,114,0.0
10-215-01186,BIHAR,Darbhanga,Tardih,0,0,,195,10,1186,,96398.42232606321,109520018.96976715,0.0,0.0,79,0.0
10-215-01187,BIHAR,Darbhanga,Alinagar,0,0,,195,10,1187,,105560.56246873255,146523357.5416611,0.0,0.0,105,0.0
10-215-01188,BIHAR,Darbhanga,Benipur,0,0,,195,10,1188,,118482.30854716274,204643530.87647069,0.0,0.0,150,0.0
10-215-01189,BIHAR,Darbhanga,Bahadurpur,0,0,,195,10,1189,,155637.00049509996,221161760.4253616,0.0,0.0,158,0.0
10-215-01190,BIHAR,Darbhanga,Hanumannagar,0,0,,195,10,1190,,114393.83215098479,181536916.32106537,0.0,0.0,130,0.0
10-215-01191,BIHAR,Darbhanga,Hayaghat,0,0,,195,10,1191,,66118.49929402806,108810529.75916524,0.0,0.0,77,0.0
10-215-01192,BIHAR,Darbhanga,Baheri,0,0,,195,10,1192,,128629.1579498372,271307286.95794886,0.0,0.0,195,0.0
10-215-01193,BIHAR,Darbhanga,Biraul,0,0,,195,10,1193,,135706.32971678255,230203939.26841983,0.0,0.0,167,0.0
10-215-01194,BIHAR,Darbhanga,Ghanshyampur,0,0,,195,10,1194,,76766.91373126305,103945643.9979024,0.0,0.0,78,0.0
10-215-01195,BIHAR,Darbhanga,Kiratpur,0,0,,195,10,1195,,78793.19278562842,78915927.53877336,0.0,0.0,60,0.0
10-215-01196,BIHAR,Darbhanga,Gora Bauram,0,0,,195,10,1196,,99804.03366816713,145653476.81698695,0.0,0.0,104,0.0
10-215-01197,BIHAR,Darbhanga,Kusheshwar Asthan,0,0,,195,10,1197,,87220.16498537568,144130520.9401011,0.0,0.0,107,0.0
10-215-01198,BIHAR,Darbhanga,Kusheshwar Asthan Purbi,0,0,,195,10,1198,,91858.86035222423,150084285.43545517,0.0,0.0,112,0.0
10-216-01200,BIHAR,Muzaffarpur,Baruraj (Motipur),0,0,,208,10,1200,,125110.13599018812,365259305.4740948,0.0,0.0,263,0.0
10-216-01201,BIHAR,Muzaffarpur,Paroo,0,0,,208,10,1201,,136934.87791145188,413033977.3448192,0.0,0.0,295,0.0
10-216-01202,BIHAR,Muzaffarpur,Saraiya,0,0,,208,10,1202,,155820.80051537574,301402655.1404849,0.0,0.0,218,0.0
10-216-01203,BIHAR,Muzaffarpur,Marwan,0,0,,208,10,1203,,84959.92762229654,138736310.53842777,0.0,0.0,101,0.0
10-216-01204,BIHAR,Muzaffarpur,Kanti,0,0,,208,10,1204,,97122.90469976026,124757584.36625764,0.0,0.0,91,0.0
10-216-01205,BIHAR,Muzaffarpur,Minapur,0,0,,208,10,1205,,166218.11946715685,316124209.98756105,0.0,0.0,228,0.0
10-216-01206,BIHAR,Muzaffarpur,Bochaha,0,0,,208,10,1206,,126044.68100944142,233148755.94160384,0.0,0.0,167,0.0
10-216-01207,BIHAR,Muzaffarpur,Aurai,0,0,,208,10,1207,,101267.16719990574,247748190.77792475,0.0,0.0,177,0.0
10-216-01208,BIHAR,Muzaffarpur,Katra,0,0,,208,10,1208,,118891.9342746819,235108975.17115793,0.0,0.0,171,0.0
10-216-01209,BIHAR,Muzaffarpur,Gaighat,0,0,,208,10,1209,,111008.49869520529,259762671.68662548,0.0,0.0,191,0.0
10-216-01213,BIHAR,Muzaffarpur,Kurhani,0,0,,208,10,1213,,108106.10574110712,256354911.2077163,0.0,0.0,187,0.0
10-216-01214,BIHAR,Muzaffarpur,Sakra,0,0,,208,10,1214,,105121.4777371614,236360031.18726787,0.0,0.0,175,0.0
10-217-01215,BIHAR,Gopalganj,Katiya,0,0,,197,10,1215,,94755.55253264701,158441587.458013,1.1506880187988282e-05,9.041120147705079e-06,112,0.0010126054565429688
10-217-01216,BIHAR,Gopalganj,Bijaipur,0,0,,197,10,1216,,81309.59717969262,163112176.36717936,1.1506880187988282e-05,1.1506880187988282e-05,120,0.0013808256225585939
10-217-01217,BIHAR,Gopalganj,Bhorey,0,0,,197,10,1217,,78790.65552761848,196013266.46535653,1.1506880187988282e-05,5.99316676457723e-06,144,0.0008630160140991212
10-217-01218,BIHAR,Gopalganj,Pach Deuri,0,0,,197,10,1218,,53698.212932643866,118295317.11973979,0.0,0.0,85,0.0
10-217-01219,BIHAR,Gopalganj,Kuchaikote,0,0,,197,10,1219,,101077.28158428885,316078491.04748106,0.0,0.0,226,0.0
10-217-01220,BIHAR,Gopalganj,Phulwaria,0,0,,197,10,1220,,81339.22200232239,118763292.85091434,0.0,0.0,89,0.0
10-217-01221,BIHAR,Gopalganj,Hathua,0,0,,197,10,1221,,91546.96202775641,183613061.83342972,4.4439272079467774e-05,2.939290436752199e-05,127,0.003732898854675293
10-217-01222,BIHAR,Gopalganj,Uchkagaon,0,0,,197,10,1222,,80102.93001981139,142235093.67043933,4.4439272079467774e-05,2.9346689109082494e-06,106,0.00031107490455627444
10-217-01223,BIHAR,Gopalganj,Thawe,0,0,,197,10,1223,,57244.55575246375,89300191.60424533,4.4439272079467774e-05,6.94363626241684e-07,64,4.4439272079467774e-05
10-217-01224,BIHAR,Gopalganj,Gopalganj,0,0,,197,10,1224,,110313.13172782106,244420793.60160467,0.0,0.0,182,0.0
10-218-01232,BIHAR,Siwan,Goriakothi,0,0,,222,10,1232,,73201.39147651673,174963939.23516312,0.0,0.0,127,0.0
10-217-01225,BIHAR,Gopalganj,Manjha,0,0,,197,10,1225,,80242.78538873792,179389027.9828925,0.0,0.0,131,0.0
10-217-01226,BIHAR,Gopalganj,Barauli,0,0,,197,10,1226,,105754.79057670098,232227972.12586737,0.0,0.0,170,0.0
10-217-01228,BIHAR,Gopalganj,Baikunthpur,0,0,,197,10,1228,,97825.58906166903,256614409.24172768,0.0,0.0,185,0.0
10-218-01229,BIHAR,Siwan,Nautan,0,0,,222,10,1229,,58324.35348563096,81827813.66620097,4.4439272079467774e-05,4.4439272079467774e-05,58,0.002577477780609131
10-218-01230,BIHAR,Siwan,Siwan,0,0,,222,10,1230,,92599.06904644772,168879532.28230655,4.4439272079467774e-05,4.0673232072733225e-05,118,0.00479944138458252
10-218-01235,BIHAR,Siwan,Bhagwanpur Hat,0,0,,222,10,1235,,86430.4184146014,189582799.91524476,3.0198894042968748e-05,4.8143164416326985e-06,138,0.0006643756689453124
10-218-01231,BIHAR,Siwan,Barharia,0,0,,222,10,1231,,90315.6629531122,219606934.01516393,4.4439272079467774e-05,8.332363514900208e-07,160,0.00013331781623840332
10-218-01233,BIHAR,Siwan,Lakri Nabiganj,0,0,,222,10,1233,,79648.98713303795,120773104.6039552,0.0,0.0,88,0.0
10-218-01234,BIHAR,Siwan,Basantpur,0,0,,222,10,1234,,57871.378293950496,76675463.02480637,0.0,0.0,56,0.0
10-218-01236,BIHAR,Siwan,Maharajganj,0,0,,222,10,1236,,119387.58843212528,142817377.5161484,3.0198894042968748e-05,1.1434532695881371e-05,103,0.0011777568676757811
10-218-01237,BIHAR,Siwan,Pachrukhi,0,0,,222,10,1237,,99183.2392802834,160709761.40986398,4.4439272079467774e-05,1.8991141914302467e-06,117,0.00022219636039733887
10-218-01238,BIHAR,Siwan,Hussainganj,0,0,,222,10,1238,,68784.84800107122,105975934.30464326,5.20152685546875e-05,4.004453977223989e-05,74,0.002963295943145752
10-218-01239,BIHAR,Siwan,Ziradei,0,0,,222,10,1239,,98825.50869312549,152221780.48504183,5.20152685546875e-05,4.450752429996526e-05,111,0.0049403351972961435
10-218-01240,BIHAR,Siwan,Mairwa,0,0,,222,10,1240,,65279.2242200428,88898123.37504825,4.4439272079467774e-05,4.3158097183921124e-05,66,0.002848434414138794
10-218-01242,BIHAR,Siwan,Darauli,0,0,,222,10,1242,,90305.00161970501,214758375.6239279,5.21989892578125e-05,4.351462486660865e-05,155,0.006744766854324341
10-218-01241,BIHAR,Siwan,Guthani,0,0,,222,10,1241,,78778.78773845347,115110806.99004474,4.4439272079467774e-05,1.831580347758968e-05,82,0.0015018958851623538
10-219-01248,BIHAR,Saran,Mashrakh,0,0,,218,10,1248,,82075.7710341599,165898243.02109933,0.0,0.0,121,0.0
10-218-01243,BIHAR,Siwan,Andar,0,0,,222,10,1243,,83358.60866933218,125625010.62434034,5.20152685546875e-05,5.11444643621335e-05,87,0.0044495683995056145
10-219-01249,BIHAR,Saran,Panapur,0,0,,218,10,1249,,75875.09329534958,182360909.7404776,0.0,0.0,128,0.0
10-218-01244,BIHAR,Siwan,Raghunathpur,0,0,,222,10,1244,,87824.68008836384,193566358.3438411,5.20152685546875e-05,5.20152685546875e-05,143,0.007438183403320312
10-219-01250,BIHAR,Saran,Taraiya,0,0,,218,10,1250,,53629.0613522338,97307015.09151264,0.0,0.0,74,0.0
10-218-01245,BIHAR,Siwan,Hasanpura,0,0,,222,10,1245,,82786.09108287447,121956119.03175904,5.20152685546875e-05,3.878289483432112e-05,87,0.003374111850585937
10-219-01251,BIHAR,Saran,Ishupur,0,0,,218,10,1251,,62425.60798229613,109300191.56908256,0.0,0.0,76,0.0
10-218-01246,BIHAR,Siwan,Daraundha,0,0,,222,10,1246,,105400.53795370483,157911066.26165873,3.0198894042968748e-05,2.6259907863451087e-05,115,0.003019889404296875
10-219-01256,BIHAR,Saran,Jalalpur,0,0,,218,10,1256,,65042.73641147566,147549697.72689733,3.0198894042968748e-05,5.827134762170179e-07,106,6.17676284790039e-05
10-218-01247,BIHAR,Siwan,Siswan,0,0,,222,10,1247,,98184.39847010886,155554872.77293277,5.20152685546875e-05,3.6684843222128376e-05,111,0.00407201759765625
10-219-01259,BIHAR,Saran,Nagra,0,0,,218,10,1259,,43289.948409307304,65110006.46242106,0.0,0.0,47,0.0
10-219-01252,BIHAR,Saran,Baniapur,0,0,,218,10,1252,,89199.8841803021,219417775.87250236,3.0198894042968748e-05,7.41077154428681e-07,163,0.00012079557617187499
10-219-01253,BIHAR,Saran,Lahladpur,0,0,,218,10,1253,,49287.19248841685,70233795.44130237,3.0198894042968748e-05,1.6307402783203124e-05,50,0.0008153701391601562
10-219-01254,BIHAR,Saran,Ekma,0,0,,218,10,1254,,99716.17236158185,176114988.01319405,3.0198894042968748e-05,3.0198894042968745e-05,128,0.0038654584374999993
10-219-01255,BIHAR,Saran,Manjhi,0,0,,218,10,1255,,127085.43562979231,244607530.98349065,3.0198894042968748e-05,2.3624666042751736e-05,180,0.0042524398876953124
10-219-01257,BIHAR,Saran,Revelganj,0,0,,218,10,1257,,84877.1419542779,179359801.45379385,1.3698403930664062e-06,1.095872314453125e-07,125,1.3698403930664063e-05
10-219-01258,BIHAR,Saran,Chapra,0,0,,218,10,1258,,119729.94798472138,239470568.44351175,0.0,0.0,176,0.0
10-219-01260,BIHAR,Saran,Marhaura,0,0,,218,10,1260,,87240.95030017926,190752130.05196184,0.0,0.0,137,0.0
10-219-01261,BIHAR,Saran,Amnour,0,0,,218,10,1261,,94922.90618840617,160109081.4065653,0.0,0.0,118,0.0
10-219-01263,BIHAR,Saran,Parsa,0,0,,218,10,1263,,85595.91054800974,122749042.93573296,0.0,0.0,88,0.0
10-219-01266,BIHAR,Saran,Dighwara,0,0,,218,10,1266,,81943.45164265168,101347015.6655549,0.0,0.0,72,0.0
10-219-01264,BIHAR,Saran,Dariapur,0,0,,218,10,1264,,115477.27251924115,281302380.67878103,0.0,0.0,202,0.0
10-219-01265,BIHAR,Saran,Garkha,0,0,,218,10,1265,,90147.74693968748,213336409.9887166,0.0,0.0,154,0.0
10-220-01269,BIHAR,Vaishali,Paterhi Belsar,0,0,,224,10,1269,,56227.36197278124,93522597.26160131,0.0,0.0,69,0.0
10-219-01267,BIHAR,Saran,Sonepur,0,0,,218,10,1267,,70412.64000247594,214865144.18564072,0.0,0.0,162,0.0
10-220-01268,BIHAR,Vaishali,Vaishali,0,0,,224,10,1268,,72706.90824879723,158663399.21103516,0.0,0.0,114,0.0
10-220-01270,BIHAR,Vaishali,Lalganj,0,0,,224,10,1270,,89595.71916906572,184177988.41986412,0.0,0.0,133,0.0
10-221-01294,BIHAR,Samastipur,Mohiuddinagar,0,0,,217,10,1294,,80607.53716768604,178536106.2701614,0.0,0.0,130,0.0
10-220-01271,BIHAR,Vaishali,Bhagwanpur,0,0,,224,10,1271,,98965.72708266653,142473218.81446454,0.0,0.0,102,0.0
10-220-01272,BIHAR,Vaishali,Goraul,0,0,,224,10,1272,,101989.77906286377,122446101.92943335,0.0,0.0,87,0.0
10-220-01273,BIHAR,Vaishali,Chehra Kalan,0,0,,224,10,1273,,63204.34388206024,89818122.94593617,0.0,0.0,66,0.0
10-220-01277,BIHAR,Vaishali,Raja Pakar,0,0,,224,10,1277,,58946.08844196175,93673217.82917874,0.0,0.0,72,0.0
10-220-01274,BIHAR,Vaishali,Patepur,0,0,,224,10,1274,,118180.33822078991,317029999.71255994,0.0,0.0,234,0.0
10-220-01275,BIHAR,Vaishali,Mahua,0,0,,224,10,1275,,86273.82517515696,171155586.12447235,0.0,0.0,125,0.0
10-220-01276,BIHAR,Vaishali,Jandaha,0,0,,224,10,1276,,99044.76663725945,179891527.10359335,0.0,0.0,128,0.0
10-220-01278,BIHAR,Vaishali,Hajipur,0,0,,224,10,1278,,80048.24731377292,194916759.16986817,0.0,0.0,140,0.0
10-220-01280,BIHAR,Vaishali,Bidupur,0,0,,224,10,1280,,88122.3198685409,139375575.9420912,0.0,0.0,99,0.0
10-220-01279,BIHAR,Vaishali,Raghopur,0,0,,224,10,1279,,128641.49950069311,338499790.0832371,0.0,0.0,246,0.0
10-220-01281,BIHAR,Vaishali,Desri,0,0,,224,10,1281,,50183.809114488824,56627949.53624974,0.0,0.0,43,0.0
10-221-01284,BIHAR,Samastipur,Kalyanpur,0,0,,217,10,1284,,147387.26660455638,294821482.9966942,0.0,0.0,214,0.0
10-221-01286,BIHAR,Samastipur,Shivaji Nagar,0,0,,217,10,1286,,96209.25031894707,172333979.18990555,0.0,0.0,130,0.0
10-221-01288,BIHAR,Samastipur,Samastipur,0,0,,217,10,1288,,112474.97484539819,170577777.20953664,0.0,0.0,123,0.0
10-221-01289,BIHAR,Samastipur,Pusa,0,0,,217,10,1289,,64081.7615729533,95008289.7510354,0.0,0.0,65,0.0
10-221-01291,BIHAR,Samastipur,Morwa,0,0,,217,10,1291,,104551.97847793197,152111293.7773472,0.0,0.0,106,0.0
10-221-01292,BIHAR,Samastipur,Patori,0,0,,217,10,1292,,69422.25062895294,130638318.44440164,0.0,0.0,93,0.0
10-221-01295,BIHAR,Samastipur,Sarairanjan,0,0,,217,10,1295,,96463.23467310029,185572344.2706523,0.0,0.0,145,0.0
10-221-01296,BIHAR,Samastipur,Vidyapati Nagar,0,0,,217,10,1296,,62930.2690484309,106322816.42401849,0.0,0.0,75,0.0
10-221-01297,BIHAR,Samastipur,Dalsinghsarai,0,0,,217,10,1297,,80515.23552986495,118201268.21451648,0.0,0.0,89,0.0
10-221-01298,BIHAR,Samastipur,Ujiarpur,0,0,,217,10,1298,,81756.09445970641,209497824.1015558,0.0,0.0,149,0.0
10-221-01300,BIHAR,Samastipur,Rosera,0,0,,217,10,1300,,84599.34785899956,138535375.895554,0.0,0.0,97,0.0
10-221-01299,BIHAR,Samastipur,Bibhutpur,0,0,,217,10,1299,,96600.53522783429,258332531.194082,0.0,0.0,187,0.0
10-221-01301,BIHAR,Samastipur,Singhia,0,0,,217,10,1301,,76055.88015393679,178639507.67998633,0.0,0.0,128,0.0
10-222-01307,BIHAR,Begusarai,Cheria Bariarpur,0,0,,191,10,1307,,80422.0696045629,127840547.1243011,0.0,0.0,89,0.0
10-221-01302,BIHAR,Samastipur,Hasanpur,0,0,,217,10,1302,,122795.93417076243,188091095.39019313,0.0,0.0,138,0.0
10-221-01303,BIHAR,Samastipur,Bithan,0,0,,217,10,1303,,72838.55780104545,149849875.79630712,0.0,0.0,109,0.0
10-222-01304,BIHAR,Begusarai,Khudabandpur,0,0,,191,10,1304,,49522.71992212785,59617610.47663844,0.0,0.0,39,0.0
10-222-01305,BIHAR,Begusarai,Chhorahi,0,0,,191,10,1305,,96201.09768359947,128309829.49376953,0.0,0.0,94,0.0
10-222-01306,BIHAR,Begusarai,Garhpura,0,0,,191,10,1306,,69581.28073662621,88651595.91159394,0.0,0.0,68,0.0
10-222-01308,BIHAR,Begusarai,Bhagwanpur,0,0,,191,10,1308,,102620.52088176137,147276258.21886113,0.0,0.0,106,0.0
10-223-01324,BIHAR,Khagaria,Mansi,0,0,,202,10,1324,,70720.37786012898,86151878.56106131,0.0,0.0,69,0.0
10-222-01309,BIHAR,Begusarai,Mansurchak,0,0,,191,10,1309,,55538.61039021854,42158333.283958256,0.0,0.0,31,0.0
10-224-01333,BIHAR,Bhagalpur,Rangra Chowk,0,0,,192,10,1333,,56200.86409227388,97946271.45940188,0.0,0.0,71,0.0
10-222-01310,BIHAR,Begusarai,Bachhwara,0,0,,191,10,1310,,112893.55520851951,186501763.14040864,0.0,0.0,138,0.0
10-222-01311,BIHAR,Begusarai,Teghra,0,0,,191,10,1311,,93442.93751421869,180050069.66821858,0.0,0.0,129,0.0
10-222-01312,BIHAR,Begusarai,Barauni,0,0,,191,10,1312,,90573.71511882372,141812926.41245717,0.0,0.0,102,0.0
10-222-01313,BIHAR,Begusarai,Birpur,0,0,,191,10,1313,,69057.86510087451,64693086.30641256,0.0,0.0,53,0.0
10-222-01314,BIHAR,Begusarai,Begusarai,0,0,,191,10,1314,,114572.02827886646,273941103.5239774,0.0,0.0,200,0.0
10-222-01315,BIHAR,Begusarai,Naokothi,0,0,,191,10,1315,,61794.845266753924,91575422.87048158,0.0,0.0,64,0.0
10-222-01316,BIHAR,Begusarai,Bakhri,0,0,,191,10,1316,,74902.13049058078,94921186.04856166,0.0,0.0,66,0.0
10-222-01317,BIHAR,Begusarai,Dandari,0,0,,191,10,1317,,77075.31892237118,85364223.36403492,0.0,0.0,65,0.0
10-222-01318,BIHAR,Begusarai,Sahebpur Kamal,0,0,,191,10,1318,,97820.3506924087,179327758.1582562,0.0,0.0,131,0.0
10-222-01319,BIHAR,Begusarai,Balia,0,0,,191,10,1319,,95726.56851828664,181873531.04775092,0.0,0.0,133,0.0
10-222-01320,BIHAR,Begusarai,Matihani,0,0,,191,10,1320,,104199.58891726227,214311339.790948,0.0,0.0,157,0.0
10-222-01321,BIHAR,Begusarai,Shamho Akha Kurha,0,0,,191,10,1321,,47884.70174269599,82130306.58899558,0.0,0.0,58,0.0
10-223-01322,BIHAR,Khagaria,Alauli,0,0,,202,10,1322,,117176.16085281859,337532903.06560946,0.0,0.0,244,0.0
10-223-01323,BIHAR,Khagaria,Khagaria,0,0,,202,10,1323,,164255.4907534744,325761754.1557925,0.0,0.0,229,0.0
10-223-01325,BIHAR,Khagaria,Chautham,0,0,,202,10,1325,,88833.5659059585,205164632.7891582,0.0,0.0,148,0.0
10-228-01376,BIHAR,Sheikhpura,Chewara,0,0,,219,10,1376,,77279.14911837938,141385828.1075451,0.0,0.0,103,0.0
10-223-01326,BIHAR,Khagaria,Beldaur,0,0,,202,10,1326,,101449.44415348554,276820454.1841197,0.0,0.0,203,0.0
10-223-01327,BIHAR,Khagaria,Gogri,0,0,,202,10,1327,,109725.85953588395,321971045.3784509,0.0,0.0,231,0.0
10-223-01328,BIHAR,Khagaria,Parbatta,0,0,,202,10,1328,,89952.53209418767,286770838.53234714,0.0,0.0,215,0.0
10-224-01329,BIHAR,Bhagalpur,Narayanpur,0,0,,192,10,1329,,96964.50839109154,173637043.38008544,0.0,0.0,125,0.0
10-224-01330,BIHAR,Bhagalpur,Bihpur,0,0,,192,10,1330,,98960.16392998041,189427956.2070791,0.0,0.0,141,0.0
10-234-01472,BIHAR,Rohtas,Akorhi Gola,0,0,,215,10,1472,,71741.57946050014,124356844.03544964,6.199259643554688e-06,6.199259643554688e-06,94,0.0005827304064941407
10-224-01331,BIHAR,Bhagalpur,Kharik,0,0,,192,10,1331,,103106.05203500649,169292223.68779984,0.0,0.0,125,0.0
10-224-01332,BIHAR,Bhagalpur,Naugachhia,0,0,,192,10,1332,,91833.23423872421,134223697.96961665,0.0,0.0,95,0.0
10-224-01335,BIHAR,Bhagalpur,Pirpainti,0,0,,192,10,1335,,138631.2255747686,411429376.6216011,0.0,0.0,294,0.0
10-224-01336,BIHAR,Bhagalpur,Kahalgaon,0,0,,192,10,1336,,128722.99744742387,352186242.20537144,0.0,0.0,255,0.0
10-224-01337,BIHAR,Bhagalpur,Ismailpur,0,0,,192,10,1337,,66332.03197363381,102752037.41138108,0.0,0.0,75,0.0
10-224-01338,BIHAR,Bhagalpur,Sabour,0,0,,192,10,1338,,85492.0541239663,141198925.34276122,0.0,0.0,102,0.0
10-226-01359,BIHAR,Munger,Dharhara,0,0,,207,10,1359,,105188.90103685112,355220468.750446,0.0,0.0,262,0.0
10-224-01339,BIHAR,Bhagalpur,Nathnagar,0,0,,192,10,1339,,105259.93673308079,163498377.60317266,0.0,0.0,117,0.0
10-226-01360,BIHAR,Munger,Kharagpur,0,0,,207,10,1360,,169586.30903503796,398589433.5102216,0.0,0.0,291,0.0
10-224-01340,BIHAR,Bhagalpur,Sultanganj,0,0,,192,10,1340,,139861.1879796442,266407467.3450057,0.0,0.0,198,0.0
10-224-01341,BIHAR,Bhagalpur,Shahkund,0,0,,192,10,1341,,93276.90256650816,208798734.37786233,0.0,0.0,153,0.0
10-224-01342,BIHAR,Bhagalpur,Goradih,0,0,,192,10,1342,,106918.08891287447,178026414.43832883,0.0,0.0,128,0.0
10-224-01343,BIHAR,Bhagalpur,Jagdishpur,0,0,,192,10,1343,,107045.71303668506,127447147.46016994,0.0,0.0,95,0.0
10-224-01344,BIHAR,Bhagalpur,Sonhaula,0,0,,192,10,1344,,84463.86530366821,214425428.57327408,0.0,0.0,160,0.0
10-225-01345,BIHAR,Banka,Shambhuganj,0,0,,190,10,1345,,85765.27415008907,217970788.89652416,0.0,0.0,157,0.0
10-225-01346,BIHAR,Banka,Amarpur,0,0,,190,10,1346,,98000.87839154692,234663534.19316816,0.0,0.0,176,0.0
10-225-01347,BIHAR,Banka,Rajaun,0,0,,190,10,1347,,86718.04358754268,242814641.5593075,0.0,0.0,179,0.0
10-226-01363,BIHAR,Munger,Tetiha Bambor,0,0,,207,10,1363,,73286.15332623897,95190725.80042528,0.0,0.0,70,0.0
10-225-01348,BIHAR,Banka,Dhuraiya,0,0,,190,10,1348,,106681.6377356153,285703540.38620996,0.0,0.0,208,0.0
10-225-01349,BIHAR,Banka,Barahat,0,0,,190,10,1349,,122910.23058217819,181202001.14064544,0.0,0.0,129,0.0
10-225-01350,BIHAR,Banka,Banka,0,0,,190,10,1350,,137083.07375503817,365153241.48788345,0.0,0.0,275,0.0
10-225-01351,BIHAR,Banka,Phulidumar,0,0,,190,10,1351,,117105.67306472127,248400685.45023423,0.0,0.0,176,0.0
10-225-01352,BIHAR,Banka,Belhar,0,0,,190,10,1352,,118426.40149548957,290570448.277483,0.0,0.0,214,0.0
10-225-01353,BIHAR,Banka,Chanan,0,0,,190,10,1353,,169565.08902723462,550876204.0147796,0.0,0.0,403,0.0
10-225-01354,BIHAR,Banka,Katoria,0,0,,190,10,1354,,180268.89530762268,687665367.2781417,0.0,0.0,502,0.0
10-225-01355,BIHAR,Banka,Bausi,0,0,,190,10,1355,,109314.78149810205,385846183.7170387,0.0,0.0,284,0.0
10-226-01356,BIHAR,Munger,Munger,0,0,,207,10,1356,,162390.1628928388,306519605.49277806,0.0,0.0,227,0.0
10-226-01357,BIHAR,Munger,Bariarpur,0,0,,207,10,1357,,122433.4478606843,198040113.63802013,0.0,0.0,143,0.0
10-226-01358,BIHAR,Munger,Jamalpur,0,0,,207,10,1358,,72817.19566814511,112971204.64248075,0.0,0.0,79,0.0
10-226-01361,BIHAR,Munger,Asarganj,0,0,,207,10,1361,,61173.52838786665,72491453.98190036,0.0,0.0,52,0.0
10-226-01362,BIHAR,Munger,Tarapur,0,0,,207,10,1362,,54416.57713098438,86962445.68425661,0.0,0.0,62,0.0
10-226-01364,BIHAR,Munger,Sangrampur,0,0,,207,10,1364,,71205.18318302365,105786037.21986651,0.0,0.0,80,0.0
10-227-01366,BIHAR,Lakhisarai,Pipariya,0,0,,204,10,1366,,87968.2901826016,106258171.87143916,0.0,0.0,76,0.0
10-227-01365,BIHAR,Lakhisarai,Barahiya,0,0,,204,10,1365,,95965.48426593257,248505135.43154767,0.0,0.0,179,0.0
10-227-01367,BIHAR,Lakhisarai,Surajgarha,0,0,,204,10,1367,,140312.1609931406,462726462.37366486,0.0,0.0,340,0.0
10-227-01368,BIHAR,Lakhisarai,Lakhisarai,0,0,,204,10,1368,,117670.76745524361,181316338.94823277,0.0,0.0,133,0.0
10-227-01369,BIHAR,Lakhisarai,Chanan*,0,0,,204,10,1369,,86014.87070350182,177670731.10250506,0.0,0.0,128,0.0
10-228-01375,BIHAR,Sheikhpura,Ghat Kusumbha,0,0,,219,10,1375,,80592.24583619394,99088070.68237934,0.0,0.0,70,0.0
10-227-01370,BIHAR,Lakhisarai,Ramgarh Chowk,0,0,,204,10,1370,,98990.57354622113,128567389.13844268,0.0,0.0,94,0.0
10-227-01371,BIHAR,Lakhisarai,Halsi,0,0,,204,10,1371,,82594.8188222393,191441208.6304817,0.0,0.0,139,0.0
10-228-01372,BIHAR,Sheikhpura,Barbigha,0,0,,219,10,1372,,83879.7675047183,115941853.486741,0.0,0.0,81,0.0
10-228-01373,BIHAR,Sheikhpura,Shekhopur Sarai,0,0,,219,10,1373,,59774.96229914819,65955650.61796794,0.0,0.0,45,0.0
10-228-01374,BIHAR,Sheikhpura,Sheikhpura,0,0,,219,10,1374,,119718.3677454689,225551054.81458032,0.0,0.0,170,0.0
10-228-01377,BIHAR,Sheikhpura,Ariari,0,0,,219,10,1377,,87552.5859976097,183445963.63454768,0.0,0.0,137,0.0
10-229-01378,BIHAR,Nalanda,Karai Parsurai,0,0,,209,10,1378,,58523.47447411047,82148146.79064696,0.0,0.0,60,0.0
10-229-01379,BIHAR,Nalanda,Nagar Nausa,0,0,,209,10,1379,,82570.35159490984,108015836.82811198,0.0,0.0,80,0.0
10-229-01380,BIHAR,Nalanda,Harnaut,0,0,,209,10,1380,,124869.90123154312,224385440.0517296,0.0,0.0,161,0.0
10-229-01381,BIHAR,Nalanda,Chandi,0,0,,209,10,1381,,70527.81459673235,147156102.481168,0.0,0.0,109,0.0
10-229-01382,BIHAR,Nalanda,Rahui,0,0,,209,10,1382,,77076.6108369453,152249665.90613127,0.0,0.0,108,0.0
10-229-01383,BIHAR,Nalanda,Bind,0,0,,209,10,1383,,70364.80140905235,88091657.81671415,0.0,0.0,66,0.0
10-229-01384,BIHAR,Nalanda,Sarmera,0,0,,209,10,1384,,91044.34634338948,167201876.42476654,0.0,0.0,123,0.0
10-229-01385,BIHAR,Nalanda,Asthawan,0,0,,209,10,1385,,92263.18064708126,171325630.7179731,0.0,0.0,125,0.0
10-229-01387,BIHAR,Nalanda,Noorsarai,0,0,,209,10,1387,,78528.62700534344,151514769.88009417,0.0,0.0,114,0.0
10-229-01386,BIHAR,Nalanda,Bihar,0,0,,209,10,1386,,98561.8371020671,215840179.0991975,0.0,0.0,160,0.0
10-229-01390,BIHAR,Nalanda,Hilsa,0,0,,209,10,1390,,93433.88804652911,175765721.10991755,0.0,0.0,131,0.0
10-229-01391,BIHAR,Nalanda,Ekangarsarai,0,0,,209,10,1391,,87121.32234693572,166605847.460251,0.0,0.0,122,0.0
10-229-01392,BIHAR,Nalanda,Islampur,0,0,,209,10,1392,,109868.69145522316,273834151.4326934,0.0,0.0,194,0.0
10-229-01393,BIHAR,Nalanda,Ben,0,0,,209,10,1393,,66947.54721379357,127526149.56798536,0.0,0.0,94,0.0
10-230-01398,BIHAR,Patna,Maner,0,0,,212,10,1398,,96133.56350709034,213315300.3597084,0.0,0.0,154,0.0
10-229-01394,BIHAR,Nalanda,Rajgir,0,0,,209,10,1394,,88740.45664753366,198129288.77271983,0.0,0.0,147,0.0
10-229-01395,BIHAR,Nalanda,Silao,0,0,,209,10,1395,,79220.42929786978,154752836.13944647,0.0,0.0,114,0.0
10-229-01396,BIHAR,Nalanda,Giriak,0,0,,209,10,1396,,88347.46773236175,99576022.5731765,0.0,0.0,73,0.0
10-229-01397,BIHAR,Nalanda,Katrisarai,0,0,,209,10,1397,,38918.76300208476,48673462.28309288,0.0,0.0,36,0.0
10-230-01399,BIHAR,Patna,Dinapur-Cum-Khagaul,0,0,,212,10,1399,,78598.21354533077,184765788.04152673,0.0,0.0,135,0.0
10-234-01474,BIHAR,Rohtas,Tilouthu,0,0,,215,10,1474,,73885.57639601533,193504401.97342023,0.0,0.0,140,0.0
10-230-01400,BIHAR,Patna,Patna Rural,0,0,,212,10,1400,,87518.10425735511,179850223.48881748,0.0,0.0,131,0.0
10-230-01401,BIHAR,Patna,Sampatchak,0,0,,212,10,1401,,53219.7118618291,78902366.60372826,0.0,0.0,57,0.0
10-230-01406,BIHAR,Patna,Dulhin Bazar,0,0,,212,10,1406,,77792.54009458271,136539622.4680228,0.0,0.0,99,0.0
10-230-01402,BIHAR,Patna,Phulwari,0,0,,212,10,1402,,70659.26045014715,135940825.49713776,0.0,0.0,96,0.0
10-230-01413,BIHAR,Patna,Khusrupur,0,0,,212,10,1413,,46143.60198551767,78201544.387751,0.0,0.0,58,0.0
10-230-01403,BIHAR,Patna,Bihta,0,0,,212,10,1403,,116564.9809665079,244879174.98088208,0.0,0.0,182,0.0
10-230-01415,BIHAR,Patna,Athmalgola,0,0,,212,10,1415,,47997.69261940102,62827293.65665197,0.0,0.0,47,0.0
10-230-01404,BIHAR,Patna,Naubatpur,0,0,,212,10,1404,,105087.74367689912,205320191.59612688,0.0,0.0,153,0.0
10-230-01405,BIHAR,Patna,Bikram,0,0,,212,10,1405,,86626.03512108007,186422313.04867813,0.0,0.0,137,0.0
10-234-01475,BIHAR,Rohtas,Rohtas,0,0,,215,10,1475,,88257.59288547112,389741138.17794544,0.0,0.0,288,0.0
10-230-01407,BIHAR,Patna,Paliganj,0,0,,212,10,1407,,129476.3041410336,293354152.7667747,0.0,0.0,214,0.0
10-230-01408,BIHAR,Patna,Masaurhi,0,0,,212,10,1408,,108866.13277400887,248716954.87290823,0.0,0.0,178,0.0
10-230-01409,BIHAR,Patna,Dhanarua,0,0,,212,10,1409,,95102.40821522896,225577653.19725513,0.0,0.0,163,0.0
10-230-01410,BIHAR,Patna,Punpun,0,0,,212,10,1410,,82554.93388622913,161116560.78819045,0.0,0.0,118,0.0
10-230-01411,BIHAR,Patna,Fatwah,0,0,,212,10,1411,,97950.27190535897,155697451.47083917,0.0,0.0,115,0.0
10-230-01412,BIHAR,Patna,Daniawan,0,0,,212,10,1412,,69689.77872311571,79566220.36857046,0.0,0.0,56,0.0
10-230-01414,BIHAR,Patna,Bakhtiarpur,0,0,,212,10,1414,,120205.01587822943,168153072.20481881,0.0,0.0,120,0.0
10-230-01416,BIHAR,Patna,Belchhi,0,0,,212,10,1416,,88573.78025963024,87443681.0926542,0.0,0.0,70,0.0
10-230-01417,BIHAR,Patna,Barh,0,0,,212,10,1417,,95365.9771693495,147280816.515725,0.0,0.0,104,0.0
10-230-01419,BIHAR,Patna,Ghoswari,0,0,,212,10,1419,,66454.95033385535,164897376.1169027,0.0,0.0,126,0.0
10-230-01418,BIHAR,Patna,Pandarak,0,0,,212,10,1418,,106894.44852036482,252509471.6555304,0.0,0.0,180,0.0
10-232-01438,BIHAR,Buxar,Chaugain,0,0,,194,10,1438,,52625.33924401454,66025696.44875917,4.2341262817382816e-07,4.2341262817382816e-07,49,2.074721878051758e-05
10-232-01439,BIHAR,Buxar,Kesath,0,0,,194,10,1439,,34661.84662025829,38236018.49691825,4.2341262817382816e-07,4.2341262817382816e-07,29,1.2278966217041016e-05
10-230-01420,BIHAR,Patna,Mokameh,0,0,,212,10,1420,,127700.39840194934,244519830.48183808,0.0,0.0,181,0.0
10-231-01421,BIHAR,Bhojpur,Shahpur,0,0,,193,10,1421,,110658.91431619873,211766871.4500774,2.599869995117188e-06,1.3413424584804435e-06,156,0.0002092494235229492
10-234-01460,BIHAR,Rohtas,Suryapura,0,0,,215,10,1460,,56159.7630280001,69765063.31452103,7.6522412109375e-06,7.652241210937502e-06,47,0.0003596553369140626
10-231-01422,BIHAR,Bhojpur,Arrah,0,0,,193,10,1422,,120924.06747051864,221925641.7145924,1.3698403930664062e-06,2.49845103137898e-07,159,3.9725371398925784e-05
10-231-01423,BIHAR,Bhojpur,Barhara,0,0,,193,10,1423,,128817.96875565937,258494738.36324885,1.3698403930664062e-06,4.303163538428501e-07,191,8.219042358398437e-05
10-231-01424,BIHAR,Bhojpur,Koilwar,0,0,,193,10,1424,,94779.33453556667,208456312.66749656,0.0,0.0,149,0.0
10-231-01425,BIHAR,Bhojpur,Sandesh,0,0,,193,10,1425,,60697.76797134289,164599530.19806212,0.0,0.0,118,0.0
10-231-01426,BIHAR,Bhojpur,Udwant Nagar,0,0,,193,10,1426,,92445.60417460876,217797556.82002312,0.0,0.0,161,0.0
10-234-01461,BIHAR,Rohtas,Bikramganj,0,0,,215,10,1461,,88556.32896667719,168723569.68103397,7.6522412109375e-06,7.652241210937502e-06,129,0.0009871391162109377
10-231-01427,BIHAR,Bhojpur,Behea,0,0,,193,10,1427,,114516.77527652554,206091349.70539597,2.599869995117188e-06,2.0359524536132812e-07,150,3.053928680419922e-05
10-231-01428,BIHAR,Bhojpur,Jagdishpur,0,0,,193,10,1428,,109726.00219208181,318463526.4488765,4.2341262817382816e-07,4.271267740350021e-08,228,9.738490447998048e-06
10-231-01429,BIHAR,Bhojpur,Piro,0,0,,193,10,1429,,100703.96274410955,268205354.86689487,1.002412841796875e-05,5.945841326904296e-06,200,0.0011891682653808592
10-234-01462,BIHAR,Rohtas,Karakat,0,0,,215,10,1462,,102232.22868007293,251121712.10833624,1.002412841796875e-05,7.768661987998268e-06,176,0.0013672845098876953
10-231-01430,BIHAR,Bhojpur,Charpokhari,0,0,,193,10,1430,,88834.1327790213,135855258.49695313,1.002412841796875e-05,7.069648463199013e-06,95,0.0006716166040039062
10-231-01431,BIHAR,Bhojpur,Garhani,0,0,,193,10,1431,,93054.52180151101,137128723.85739592,1.002412841796875e-05,1.1678596215109223e-06,103,0.000120289541015625
10-231-01432,BIHAR,Bhojpur,Agiaon,0,0,,193,10,1432,,87534.07309197474,191419206.17039648,1.002412841796875e-05,3.822149684549236e-06,139,0.0005312788061523438
10-231-01433,BIHAR,Bhojpur,Tarari,0,0,,193,10,1433,,95157.98131215997,247108515.4982669,1.002412841796875e-05,9.769519056762006e-06,177,0.001729204873046875
10-231-01434,BIHAR,Bhojpur,Sahar,0,0,,193,10,1434,,61748.81499939302,157154129.14318892,1.002412841796875e-05,8.396278503939636e-06,117,0.0009823645849609374
10-232-01435,BIHAR,Buxar,Simri,0,0,,194,10,1435,,87047.69219699135,222195796.247413,3.721255615234375e-05,1.0772661910638577e-05,164,0.0017667165533447266
10-232-01436,BIHAR,Buxar,Chakki,0,0,,194,10,1436,,73799.54032015939,80420668.23199363,2.599869995117188e-06,2.259798531532288e-06,64,0.00014462710601806643
10-232-01437,BIHAR,Buxar,Barhampur,0,0,,194,10,1437,,133928.15369382405,240152233.65370417,2.599869995117188e-06,8.18884339966526e-07,173,0.00014166699081420898
10-232-01440,BIHAR,Buxar,Dumraon,0,0,,194,10,1440,,115797.88145848007,238641355.07175583,3.3522369384765626e-06,1.3072590176734698e-06,169,0.0002209267739868164
10-232-01441,BIHAR,Buxar,Buxar,0,0,,194,10,1441,,90996.21871903203,211591033.38394436,3.721255615234375e-05,3.999249407531349e-06,157,0.0006278821569824218
10-232-01442,BIHAR,Buxar,Chausa,0,0,,194,10,1442,,99103.08457070828,138502720.57991108,7.514784545898438e-06,5.4686151066004676e-06,107,0.0005851418164062501
10-232-01443,BIHAR,Buxar,Rajpur,0,0,,194,10,1443,,121142.9666413415,336933113.12217736,7.514784545898438e-06,2.308567332987883e-06,245,0.0005655989965820314
10-232-01444,BIHAR,Buxar,Itarhi,0,0,,194,10,1444,,109439.3274763228,293713382.2816445,3.3522369384765626e-06,3.3377526621841353e-06,209,0.0006975903063964842
10-232-01445,BIHAR,Buxar,Nawanagar,0,0,,194,10,1445,,126567.10382889764,229774401.79100823,7.6522412109375e-06,1.5969474413267958e-06,169,0.0002698841175842285
10-233-01446,BIHAR,Kaimur (Bhabua),Ramgarh,0,0,,200,10,1446,,124781.0721120257,206666195.02442607,1.1355029296875001e-06,7.820682429635762e-07,151,0.00011809230468750001
10-233-01447,BIHAR,Kaimur (Bhabua),Nuaon,0,0,,200,10,1447,,121732.74643995032,235834986.4758632,7.514784545898438e-06,1.848124803688094e-06,171,0.0003160293414306641
10-233-01448,BIHAR,Kaimur (Bhabua),Kudra,0,0,,200,10,1448,,132624.50147962422,255577893.54332253,1.1355029296875001e-06,4.686202566964285e-07,189,8.856922851562499e-05
10-233-01449,BIHAR,Kaimur (Bhabua),Mohania,0,0,,200,10,1449,,142323.6809133636,349176573.6513165,1.1355029296875001e-06,8.250138473510743e-07,256,0.00021120354492187502
10-233-01450,BIHAR,Kaimur (Bhabua),Durgawati,0,0,,200,10,1450,,108544.41183902678,212580801.4059764,0.0,0.0,154,0.0
10-233-01451,BIHAR,Kaimur (Bhabua),Chand,0,0,,200,10,1451,,97099.60209928264,257974481.1925409,0.0,0.0,188,0.0
10-233-01452,BIHAR,Kaimur (Bhabua),Chainpur,0,0,,200,10,1452,,170712.34536647963,555311526.8488017,3.233322906494141e-07,1.588856465107686e-09,407,6.466645812988282e-07
10-233-01453,BIHAR,Kaimur (Bhabua),Bhabua,0,0,,200,10,1453,,143727.89821118704,407618990.38615096,1.1355029296875001e-06,2.2634609894102993e-08,301,6.813017578125001e-06
10-233-01454,BIHAR,Kaimur (Bhabua),Rampur,0,0,,200,10,1454,,126612.15498309073,210660395.23746365,0.0,0.0,149,0.0
10-233-01455,BIHAR,Kaimur (Bhabua),Bhagwanpur,0,0,,200,10,1455,,134815.05705103654,292151198.96788174,0.0,0.0,211,0.0
10-233-01456,BIHAR,Kaimur (Bhabua),Adhaura,0,0,,200,10,1456,,271357.2345421078,1135984955.9859164,6.722891235351563e-07,6.214437276375394e-08,833,5.176626251220703e-05
10-234-01457,BIHAR,Rohtas,Kochas,0,0,,215,10,1457,,90248.48407846906,187033418.62218276,1.8386300659179687e-06,1.6202345160282022e-06,132,0.00021387095611572268
10-234-01458,BIHAR,Rohtas,Dinara,0,0,,215,10,1458,,157118.7651045217,464648316.8452498,7.6522412109375e-06,3.2025271087378003e-06,341,0.00109206174407959
10-234-01459,BIHAR,Rohtas,Dawath,0,0,,215,10,1459,,78120.6651060775,129910427.66035384,7.6522412109375e-06,7.652241210937502e-06,94,0.0007193106738281252
10-234-01466,BIHAR,Rohtas,Nokha,0,0,,215,10,1466,,82152.91978314315,208772248.59610957,6.199259643554688e-06,1.5934613470129066e-06,148,0.00023583227935791018
10-235-01476,BIHAR,Aurangabad,Daudnagar,0,0,,189,10,1476,,91010.07504965532,238139281.75712803,8.138529052734375e-06,7.89333406996453e-06,174,0.0013734401281738282
10-234-01467,BIHAR,Rohtas,Kargahar,0,0,,215,10,1467,,128509.87472624176,406135690.59563094,1.8386300659179687e-06,5.942917375306826e-07,296,0.00017591035430908206
10-234-01468,BIHAR,Rohtas,Chenari,0,0,,215,10,1468,,121720.69626398994,292642418.8385522,0.0,0.0,215,0.0
10-234-01469,BIHAR,Rohtas,Nauhatta,0,0,,215,10,1469,,175494.75594492842,478591449.404211,6.722891235351563e-07,5.697365453687765e-08,354,2.016867370605469e-05
10-234-01470,BIHAR,Rohtas,Sheosagar,0,0,,215,10,1470,,135463.8765525897,406503956.12222886,0.0,0.0,295,0.0
10-234-01471,BIHAR,Rohtas,Sasaram,0,0,,215,10,1471,,135810.11950728856,394273130.8742507,6.199259643554688e-06,2.351443313072468e-07,290,6.819185607910157e-05
10-234-01473,BIHAR,Rohtas,Dehri,0,0,,215,10,1473,,97323.52013589225,199371136.99043605,6.199259643554688e-06,4.318104993096713e-06,145,0.0006261252239990235
10-235-01477,BIHAR,Aurangabad,Haspura,0,0,,189,10,1477,,88845.10694940752,164519986.5205008,8.138529052734375e-06,8.004007911366864e-06,121,0.0009684849572753906
10-235-01478,BIHAR,Aurangabad,Goh,0,0,,189,10,1478,,122286.20877621078,374665187.3660463,8.138529052734375e-06,2.274000764734605e-06,272,0.0006185282080078125
10-236-01491,BIHAR,Gaya,Neem Chak Bathani,0,0,,196,10,1491,,79540.44278654993,146770773.7769567,0.0,0.0,103,0.0
10-235-01479,BIHAR,Aurangabad,Rafiganj,0,0,,189,10,1479,,167069.30684925965,465687847.79432577,8.138529052734375e-06,1.6945324420649284e-06,341,0.0005778355627441406
10-235-01480,BIHAR,Aurangabad,Obra,0,0,,189,10,1480,,130720.05569071589,327203821.09876627,8.138529052734375e-06,6.640184362226398e-06,237,0.0015737236938476562
10-236-01494,BIHAR,Gaya,Manpur,0,0,,196,10,1494,,77081.78707553667,161226183.41058797,0.0,0.0,115,0.0
10-235-01481,BIHAR,Aurangabad,Aurangabad,0,0,,189,10,1481,,125502.68609205673,344679798.38062614,0.0,0.0,256,0.0
10-237-01511,BIHAR,Nawada,Nardiganj,0,0,,210,10,1511,,60262.24041371029,129808165.4472442,0.0,0.0,95,0.0
10-235-01482,BIHAR,Aurangabad,Barun,0,0,,189,10,1482,,117269.30390529483,381782699.30215496,6.199259643554688e-06,1.992619171142578e-06,280,0.0005579333679199219
10-235-01483,BIHAR,Aurangabad,Nabinagar,0,0,,189,10,1483,,173491.30877801325,657546828.2218357,0.0,0.0,483,0.0
10-235-01484,BIHAR,Aurangabad,Kutumba,0,0,,189,10,1484,,110495.73757590447,319048251.76106954,0.0,0.0,229,0.0
10-235-01485,BIHAR,Aurangabad,Deo,0,0,,189,10,1485,,158578.88849021672,336990745.1586724,0.0,0.0,251,0.0
10-235-01486,BIHAR,Aurangabad,Madanpur,0,0,,189,10,1486,,153529.37367368402,418713952.50229967,0.0,0.0,309,0.0
10-236-01487,BIHAR,Gaya,Konch,0,0,,196,10,1487,,154041.56172387034,319288521.7326548,0.0,0.0,232,0.0
10-236-01488,BIHAR,Gaya,Tikari,0,0,,196,10,1488,,122221.36853604284,290576655.12704176,0.0,0.0,218,0.0
10-236-01489,BIHAR,Gaya,Belaganj,0,0,,196,10,1489,,113473.13279109563,240372540.95814112,0.0,0.0,180,0.0
10-236-01490,BIHAR,Gaya,Khizirsarai,0,0,,196,10,1490,,103698.13096672995,223124430.97950032,0.0,0.0,165,0.0
10-236-01492,BIHAR,Gaya,Muhra,0,0,,196,10,1492,,93681.45756176667,181269438.2139707,0.0,0.0,134,0.0
10-236-01493,BIHAR,Gaya,Atri,0,0,,196,10,1493,,103075.15367958385,161340647.62451813,0.0,0.0,119,0.0
10-236-01495,BIHAR,Gaya,Gaya Town C.D.Block,0,0,,196,10,1495,,91678.58033080616,224144813.6021213,0.0,0.0,161,0.0
10-236-01496,BIHAR,Gaya,Paraiya,0,0,,196,10,1496,,75593.31264449215,167300846.5298876,0.0,0.0,120,0.0
10-236-01497,BIHAR,Gaya,Guraru,0,0,,196,10,1497,,81292.54933661391,199646285.7542363,0.0,0.0,147,0.0
10-237-01512,BIHAR,Nawada,Nawada,0,0,,210,10,1512,,86822.75137888109,219317998.1072041,0.0,0.0,157,0.0
10-236-01498,BIHAR,Gaya,Gurua,0,0,,196,10,1498,,117859.62964526065,238015237.1519128,0.0,0.0,173,0.0
10-236-01499,BIHAR,Gaya,Amas,0,0,,196,10,1499,,100546.69423332924,128484051.44985774,0.0,0.0,95,0.0
10-237-01517,BIHAR,Nawada,Roh,0,0,,210,10,1517,,77804.52626079548,192537548.9783989,0.0,0.0,144,0.0
10-236-01500,BIHAR,Gaya,Banke Bazar,0,0,,196,10,1500,,85166.97220092022,256240042.68049288,0.0,0.0,186,0.0
10-236-01501,BIHAR,Gaya,Imamganj,0,0,,196,10,1501,,136271.57775821586,316917295.57645696,5.867550659179688e-06,1.2275210584057924e-06,239,0.0002933775329589844
10-236-01502,BIHAR,Gaya,Dumaria,0,0,,196,10,1502,,119690.94596035974,390676703.928496,5.867550659179688e-06,2.8823055869654605e-07,285,8.214570922851563e-05
10-236-01503,BIHAR,Gaya,Sherghati,0,0,,196,10,1503,,100322.2973073121,167902109.12194017,0.0,0.0,123,0.0
10-238-01531,BIHAR,Jamui,Gidhaur,0,0,,198,10,1531,,55211.5633940527,100392309.18230554,0.0,0.0,75,0.0
10-236-01504,BIHAR,Gaya,Dobhi,0,0,,196,10,1504,,103572.88994215836,218837778.49499393,0.0,0.0,161,0.0
10-236-01505,BIHAR,Gaya,Bodh Gaya,0,0,,196,10,1505,,120948.91182130505,306843965.9119923,0.0,0.0,230,0.0
10-236-01506,BIHAR,Gaya,Tan Kuppa,0,0,,196,10,1506,,108147.94853451202,190099968.23000297,0.0,0.0,134,0.0
10-240-01542,BIHAR,Arwal,Arwal,0,0,,611,10,1542,,73924.8054791393,147787869.27798152,1.002412841796875e-05,2.602417954664964e-06,104,0.00027065146728515627
10-236-01507,BIHAR,Gaya,Wazirganj,0,0,,196,10,1507,,105472.06999302967,323030583.61833626,0.0,0.0,236,0.0
10-236-01508,BIHAR,Gaya,Fatehpur,0,0,,196,10,1508,,155359.44599717355,408449805.62920874,0.0,0.0,304,0.0
10-240-01543,BIHAR,Arwal,Kaler,0,0,,611,10,1543,,67777.19153730445,176075758.749563,1.002412841796875e-05,9.707462875715649e-06,131,0.00127167763671875
10-236-01509,BIHAR,Gaya,Mohanpur,0,0,,196,10,1509,,119906.24818546322,418796109.2883684,0.0,0.0,303,0.0
10-240-01544,BIHAR,Arwal,Karpi,0,0,,611,10,1544,,158139.92638461498,234985661.7206014,1.002412841796875e-05,8.263150734125181e-07,172,0.0001421261926269531
10-236-01510,BIHAR,Gaya,Barachatti,0,0,,196,10,1510,,138753.78132836288,366328956.31361085,0.0,0.0,275,0.0
10-237-01513,BIHAR,Nawada,Warisaliganj,0,0,,210,10,1513,,109792.76918459819,202861050.3008767,0.0,0.0,147,0.0
10-237-01514,BIHAR,Nawada,Kashi Chak,0,0,,210,10,1514,,73948.94452619922,98983451.20841853,0.0,0.0,72,0.0
10-237-01515,BIHAR,Nawada,Pakribarawan,0,0,,210,10,1515,,104545.76938151139,251834567.85717744,0.0,0.0,184,0.0
10-237-01516,BIHAR,Nawada,Kawakol,0,0,,210,10,1516,,121170.20018263235,362955647.76482904,0.0,0.0,266,0.0
10-237-01518,BIHAR,Nawada,Gobindpur,0,0,,210,10,1518,,73133.35659787485,188189390.13263756,0.0,0.0,140,0.0
10-237-01519,BIHAR,Nawada,Akbarpur,0,0,,210,10,1519,,91268.2921062847,249541236.96202633,0.0,0.0,184,0.0
10-237-01520,BIHAR,Nawada,Hisua,0,0,,210,10,1520,,85113.4923130193,144090762.99664384,0.0,0.0,104,0.0
10-237-01521,BIHAR,Nawada,Narhat,0,0,,210,10,1521,,62856.50481924386,99624005.77002536,0.0,0.0,69,0.0
10-237-01522,BIHAR,Nawada,Meskaur,0,0,,210,10,1522,,75185.00287586387,145604023.18435815,0.0,0.0,112,0.0
10-237-01523,BIHAR,Nawada,Sirdala,0,0,,210,10,1523,,111278.51695598938,301894539.186342,0.0,0.0,218,0.0
10-237-01524,BIHAR,Nawada,Rajauli,0,0,,210,10,1524,,132370.86211000624,450216393.36794454,0.0,0.0,333,0.0
10-238-01525,BIHAR,Jamui,Islamnagar Aliganj,0,0,,198,10,1525,,96153.77396855215,213408239.47295904,0.0,0.0,156,0.0
10-238-01526,BIHAR,Jamui,Sikandra,0,0,,198,10,1526,,86788.2538333537,223096734.30010977,0.0,0.0,162,0.0
10-238-01527,BIHAR,Jamui,Jamui,0,0,,198,10,1527,,90084.78430112793,212157753.6648698,0.0,0.0,155,0.0
10-238-01528,BIHAR,Jamui,Barhat,0,0,,198,10,1528,,114104.37581341481,270298087.1382075,0.0,0.0,197,0.0
10-238-01529,BIHAR,Jamui,Lakshmipur,0,0,,198,10,1529,,112147.89260238525,307635253.00857943,0.0,0.0,225,0.0
10-238-01530,BIHAR,Jamui,Jhajha,0,0,,198,10,1530,,147664.43327942316,507112726.974952,0.0,0.0,370,0.0
10-238-01532,BIHAR,Jamui,Khaira,0,0,,198,10,1532,,142747.05687020053,513762691.7981683,0.0,0.0,377,0.0
10-238-01533,BIHAR,Jamui,Sono,0,0,,198,10,1533,,117724.39892386932,474283005.7300444,0.0,0.0,349,0.0
10-238-01534,BIHAR,Jamui,Chakai,0,0,,198,10,1534,,243956.2217086091,956725034.6798706,0.0,0.0,700,0.0
10-239-01535,BIHAR,Jehanabad,Ratni Faridpur,0,0,,199,10,1535,,82762.53932271499,155018952.20303965,0.0,0.0,114,0.0
10-239-01536,BIHAR,Jehanabad,Jehanabad,0,0,,199,10,1536,,97254.09844747804,201426556.69272655,0.0,0.0,148,0.0
10-239-01537,BIHAR,Jehanabad,Kako,0,0,,199,10,1537,,83599.3529020472,162373941.78194478,0.0,0.0,118,0.0
10-239-01538,BIHAR,Jehanabad,Modanganj,0,0,,199,10,1538,,66522.90037500951,97205276.85869928,0.0,0.0,69,0.0
10-239-01539,BIHAR,Jehanabad,Ghoshi,0,0,,199,10,1539,,82931.95174196921,112225161.55433495,0.0,0.0,83,0.0
10-239-01540,BIHAR,Jehanabad,Makhdumpur,0,0,,199,10,1540,,128831.72570768485,301471679.33572614,0.0,0.0,217,0.0
10-239-01541,BIHAR,Jehanabad,Hulasganj,0,0,,199,10,1541,,87179.53907708311,119677697.18988888,0.0,0.0,90,0.0
10-240-01545,BIHAR,Arwal,Sonbhadra Banshi Suryapur,0,0,,611,10,1545,,62692.97791397586,116643000.97724338,0.0,0.0,83,0.0
10-240-01546,BIHAR,Arwal,Kurtha,0,0,,611,10,1546,,71585.17106640573,106433073.5354984,0.0,0.0,78,0.0
10-224-01334,BIHAR,Bhagalpur,Gopalpur,0,0,,192,10,1334,,95407.9186210158,208941966.91883087,0.0,0.0,153,0.0
10-210-01127,BIHAR,Kishanganj,Kishanganj,0,0,,203,10,1127,,125268.33771117091,207105687.55921903,0.0,0.0,152,0.0
10-206-01064,BIHAR,Sitamarhi,Suppi,0,0,,221,10,1064,,71084.15120823232,92250451.53846286,0.0,0.0,66,0.0
10-234-01463,BIHAR,Rohtas,Nasriganj,0,0,,215,10,1463,,90034.07903274363,167356919.18355417,2.6727197265625002e-06,2.1653708612351195e-06,126,0.00027283672851562504
10-234-01464,BIHAR,Rohtas,Rajpur,0,0,,215,10,1464,,68660.48684625747,85633596.4997788,2.6727197265625002e-06,2.6727197265625002e-06,63,0.0001683813427734375
10-234-01465,BIHAR,Rohtas,Sanjhauli,0,0,,215,10,1465,,56591.722358052,83833486.39015438,2.6727197265625002e-06,1.0733314332507907e-06,63,6.761988029479981e-05
10-203-01023,BIHAR,Pashchim Champaran,Thakrahan,0,0,,211,10,1023,,79847.09402015881,199004696.79409248,0.0,0.0,145,0.0
10-204-01054,BIHAR,Purbi Champaran,Phenhara,0,0,,213,10,1054,,44565.43736457999,67645025.94776015,0.0,0.0,51,0.0
10-219-01262,BIHAR,Saran,Maker,0,0,,218,10,1262,,62357.8736467211,96585777.9808088,0.0,0.0,71,0.0
10-220-01282,BIHAR,Vaishali,Sahdai Buzurg,0,0,,224,10,1282,,74546.65030748869,114161677.3631406,0.0,0.0,84,0.0
10-229-01388,BIHAR,Nalanda,Tharthari,0,0,,209,10,1388,,71853.42144919158,77411758.12428828,0.0,0.0,54,0.0
10-229-01389,BIHAR,Nalanda,Parbalpur,0,0,,209,10,1389,,54466.2339431045,76043839.88376136,0.0,0.0,56,0.0
10-203-01022,BIHAR,Pashchim Champaran,Bhitaha,0,0,,211,10,1022,,72626.86760213553,166969906.7472905,0.0,0.0,117,0.0
10-203-01013,BIHAR,Pashchim Champaran,Sidhaw,0,0,,211,10,1013,,195582.3602130639,1085337194.6715722,0.0,0.0,781,0.0
10-203-01014,BIHAR,Pashchim Champaran,Ramnagar,0,0,,211,10,1014,,230865.78384139363,866139404.2451236,0.0,0.0,621,0.0
10-203-01015,BIHAR,Pashchim Champaran,Gaunaha,0,0,,211,10,1015,,136504.94021895694,605322845.3823951,0.0,0.0,441,0.0
10-203-01016,BIHAR,Pashchim Champaran,Mainatanr,0,0,,211,10,1016,,115419.13930249632,312998546.4010918,0.0,0.0,221,0.0
10-203-01017,BIHAR,Pashchim Champaran,Narkatiaganj,0,0,,211,10,1017,,149144.20649331805,441857686.2127825,0.0,0.0,314,0.0
10-203-01018,BIHAR,Pashchim Champaran,Lauriya,0,0,,211,10,1018,,120853.32018665274,255440417.54612216,0.0,0.0,183,0.0
10-203-01019,BIHAR,Pashchim Champaran,Bagaha,0,0,,211,10,1019,,135587.24079810514,491292931.53180623,0.0,0.0,352,0.0
10-203-01021,BIHAR,Pashchim Champaran,Madhubani,0,0,,211,10,1021,,144670.82201821523,386116138.1353823,0.0,0.0,276,0.0
10-203-01024,BIHAR,Pashchim Champaran,Jogapatti,0,0,,211,10,1024,,88530.23644360513,258722436.3759333,0.0,0.0,186,0.0
10-203-01029,BIHAR,Pashchim Champaran,Bairia,0,0,,211,10,1029,,105039.82861382668,288505226.87341565,0.0,0.0,208,0.0
10-203-01025,BIHAR,Pashchim Champaran,Chanpatia,0,0,,211,10,1025,,113543.7602983494,310017349.34780717,0.0,0.0,226,0.0
10-206-01071,BIHAR,Sitamarhi,Parsauni,0,0,,221,10,1071,,63729.135625112256,74724139.64418457,0.0,0.0,55,0.0
10-203-01026,BIHAR,Pashchim Champaran,Sikta,0,0,,211,10,1026,,93443.22825707054,255004178.86147365,0.0,0.0,183,0.0
10-203-01027,BIHAR,Pashchim Champaran,Majhaulia,0,0,,211,10,1027,,123374.4030721297,371511179.15939575,0.0,0.0,265,0.0
10-203-01028,BIHAR,Pashchim Champaran,Bettiah,0,0,,211,10,1028,,53968.26030594324,83182055.35378212,0.0,0.0,59,0.0
10-203-01030,BIHAR,Pashchim Champaran,Nautan,0,0,,211,10,1030,,122656.63983711715,245738630.13883996,0.0,0.0,171,0.0
10-204-01031,BIHAR,Purbi Champaran,Raxaul,0,0,,213,10,1031,,98709.78801801558,166685360.13968688,0.0,0.0,124,0.0
10-206-01072,BIHAR,Sitamarhi,Belsand,0,0,,221,10,1072,,66235.5873217276,97354060.86547032,0.0,0.0,70,0.0
10-206-01073,BIHAR,Sitamarhi,Runisaidpur,0,0,,221,10,1073,,152472.54206325076,334873257.0825382,0.0,0.0,243,0.0
10-204-01032,BIHAR,Purbi Champaran,Adapur,0,0,,213,10,1032,,94532.37688292323,199608924.7111849,0.0,0.0,148,0.0
10-206-01074,BIHAR,Sitamarhi,Dumra,0,0,,221,10,1074,,111649.34177378344,241159212.36062923,0.0,0.0,178,0.0
10-204-01033,BIHAR,Purbi Champaran,Ramgarhwa,0,0,,213,10,1033,,90718.26831189607,213035907.5226096,0.0,0.0,154,0.0
10-204-01034,BIHAR,Purbi Champaran,Sugauli,0,0,,213,10,1034,,84892.41923436844,209336830.19001696,0.0,0.0,149,0.0
10-204-01038,BIHAR,Purbi Champaran,Ghorasahan,0,0,,213,10,1038,,75335.10865687576,144368243.47105,0.0,0.0,104,0.0
10-204-01035,BIHAR,Purbi Champaran,Banjaria,0,0,,213,10,1035,,102381.40449613356,176960195.87167916,0.0,0.0,124,0.0
10-204-01047,BIHAR,Purbi Champaran,Kesaria,0,0,,213,10,1047,,87546.8206889307,229535442.11688668,0.0,0.0,168,0.0
10-204-01036,BIHAR,Purbi Champaran,Narkatia,0,0,,213,10,1036,,105607.09704406632,168338010.30978012,0.0,0.0,120,0.0
10-204-01037,BIHAR,Purbi Champaran,Bankatwa,0,0,,213,10,1037,,99233.37216886049,115311013.90225838,0.0,0.0,82,0.0
10-204-01039,BIHAR,Purbi Champaran,Dhaka,0,0,,213,10,1039,,97673.73467814895,202386545.86227983,0.0,0.0,145,0.0
10-204-01048,BIHAR,Purbi Champaran,Kalyanpur,0,0,,213,10,1048,,109413.20044555076,313300912.50613195,0.0,0.0,230,0.0
10-204-01040,BIHAR,Purbi Champaran,Chiraia,0,0,,213,10,1040,,110764.71696779084,272984575.32652414,0.0,0.0,199,0.0
10-204-01041,BIHAR,Purbi Champaran,Motihari,0,0,,213,10,1041,,181544.26702654368,319814691.13850176,0.0,0.0,241,0.0
10-204-01049,BIHAR,Purbi Champaran,Kotwa,0,0,,213,10,1049,,78879.98205471091,178282937.71225017,0.0,0.0,126,0.0
10-204-01042,BIHAR,Purbi Champaran,Turkaulia,0,0,,213,10,1042,,99475.78497366334,174748315.94966665,0.0,0.0,130,0.0
10-204-01050,BIHAR,Purbi Champaran,Piprakothi,0,0,,213,10,1050,,58369.33889310607,62223774.49301849,0.0,0.0,45,0.0
10-204-01043,BIHAR,Purbi Champaran,Harsidhi,0,0,,213,10,1043,,133904.34238337883,240218359.62130272,0.0,0.0,173,0.0
10-204-01044,BIHAR,Purbi Champaran,Paharpur,0,0,,213,10,1044,,108730.62076802726,192061375.0173064,0.0,0.0,144,0.0
10-204-01045,BIHAR,Purbi Champaran,Areraj,0,0,,213,10,1045,,93331.67353690567,242725576.26244012,0.0,0.0,174,0.0
10-204-01046,BIHAR,Purbi Champaran,Sangrampur,0,0,,213,10,1046,,78133.67961210197,187659878.02718252,0.0,0.0,133,0.0
10-204-01051,BIHAR,Purbi Champaran,Chakia(Pipra),0,0,,213,10,1051,,129110.66914194856,212940547.80779588,0.0,0.0,145,0.0
10-204-01052,BIHAR,Purbi Champaran,Pakri Dayal,0,0,,213,10,1052,,90143.40730437863,148110040.62869397,0.0,0.0,106,0.0
10-204-01053,BIHAR,Purbi Champaran,Patahi,0,0,,213,10,1053,,85994.51677214028,144960443.14880535,0.0,0.0,100,0.0
10-204-01055,BIHAR,Purbi Champaran,Madhuban,0,0,,213,10,1055,,112681.00006095257,152424272.44650427,0.0,0.0,114,0.0
10-204-01056,BIHAR,Purbi Champaran,Tetaria,0,0,,213,10,1056,,82320.72754353678,104458405.63845472,0.0,0.0,74,0.0
10-205-01058,BIHAR,Sheohar,Purnahiya,0,0,,220,10,1058,,57294.126150412616,80859097.14068061,0.0,0.0,59,0.0
10-204-01057,BIHAR,Purbi Champaran,Mehsi,0,0,,213,10,1057,,125063.78039343117,149773808.08158112,0.0,0.0,108,0.0
10-205-01059,BIHAR,Sheohar,Piprarhi,0,0,,220,10,1059,,105870.45511307275,104265216.9562483,0.0,0.0,77,0.0
10-205-01060,BIHAR,Sheohar,Sheohar,0,0,,220,10,1060,,81007.5322908237,115638983.35873616,0.0,0.0,83,0.0
10-205-01061,BIHAR,Sheohar,Dumri Katsari,0,0,,220,10,1061,,65038.65439014734,84655470.24819931,0.0,0.0,59,0.0
10-205-01062,BIHAR,Sheohar,Tariani Chowk,0,0,,220,10,1062,,97491.22869259815,171878914.60720828,0.0,0.0,126,0.0
10-206-01063,BIHAR,Sitamarhi,Bairgania,0,0,,221,10,1063,,59598.621146511534,94417571.99630062,0.0,0.0,70,0.0
10-206-01065,BIHAR,Sitamarhi,Majorganj,0,0,,221,10,1065,,62808.55729710282,95411217.42446172,0.0,0.0,68,0.0
10-206-01066,BIHAR,Sitamarhi,Sonbarsa,0,0,,221,10,1066,,92820.94699371175,224104085.6083578,0.0,0.0,155,0.0
10-206-01067,BIHAR,Sitamarhi,Parihar,0,0,,221,10,1067,,86838.20299610356,272812569.4060281,0.0,0.0,197,0.0
10-207-01095,BIHAR,Madhubani,Rajnagar,0,0,,206,10,1095,,78809.12744912357,223111125.2667772,0.0,0.0,158,0.0
10-206-01068,BIHAR,Sitamarhi,Sursand,0,0,,221,10,1068,,91215.71647520129,181412871.1123928,0.0,0.0,134,0.0
10-206-01069,BIHAR,Sitamarhi,Bathnaha,0,0,,221,10,1069,,120764.04051803834,251403523.12922087,0.0,0.0,185,0.0
10-206-01070,BIHAR,Sitamarhi,Riga,0,0,,221,10,1070,,129433.73210860479,163724219.02092636,0.0,0.0,114,0.0
10-210-01123,BIHAR,Kishanganj,Thakurganj,0,0,,203,10,1123,,224971.2940646554,491161543.46963537,0.0,0.0,353,0.0
10-210-01124,BIHAR,Kishanganj,Pothia,0,0,,203,10,1124,,167388.9118766352,443844792.4531903,0.0,0.0,321,0.0
10-210-01125,BIHAR,Kishanganj,Bahadurganj,0,0,,203,10,1125,,155296.13881782343,347494200.8377232,0.0,0.0,251,0.0
10-210-01126,BIHAR,Kishanganj,Kochadhamin,0,0,,203,10,1126,,139640.52665725534,360840233.8364798,0.0,0.0,258,0.0
10-211-01128,BIHAR,Purnia,Banmankhi,0,0,,214,10,1128,,142815.61519736593,459936087.34673214,0.0,0.0,333,0.0
10-206-01075,BIHAR,Sitamarhi,Bajpatti,0,0,,221,10,1075,,90407.29439213518,174303329.1783474,0.0,0.0,125,0.0
10-206-01076,BIHAR,Sitamarhi,Charaut,0,0,,221,10,1076,,85128.15752493152,91349700.81924292,0.0,0.0,62,0.0
10-206-01077,BIHAR,Sitamarhi,Pupri,0,0,,221,10,1077,,73992.24203369493,115338203.66308306,0.0,0.0,82,0.0
10-206-01078,BIHAR,Sitamarhi,Nanpur,0,0,,221,10,1078,,73315.01223618646,135892566.9983101,0.0,0.0,100,0.0
10-220-01283,BIHAR,Vaishali,Mahnar,0,0,,224,10,1283,,81638.1139853176,126474580.44313861,0.0,0.0,89,0.0
10-206-01079,BIHAR,Sitamarhi,Bokhara,0,0,,221,10,1079,,81978.13188098712,108574895.39827529,0.0,0.0,79,0.0
10-207-01080,BIHAR,Madhubani,Madhwapur,0,0,,206,10,1080,,88808.76172423853,137557654.90878707,0.0,0.0,103,0.0
10-207-01081,BIHAR,Madhubani,Harlakhi,0,0,,206,10,1081,,90217.76640094945,187441757.00046396,0.0,0.0,138,0.0
10-207-01082,BIHAR,Madhubani,Basopatti,0,0,,206,10,1082,,97634.90682970545,164238774.4639331,0.0,0.0,122,0.0
10-207-01089,BIHAR,Madhubani,Khajauli,0,0,,206,10,1089,,91171.28062794723,150968724.81279027,0.0,0.0,108,0.0
10-207-01083,BIHAR,Madhubani,Jainagar,0,0,,206,10,1083,,81489.61423509955,161880108.8306139,0.0,0.0,115,0.0
10-207-01090,BIHAR,Madhubani,Kaluahi,0,0,,206,10,1090,,62305.281593423286,101560283.08963235,0.0,0.0,75,0.0
10-207-01084,BIHAR,Madhubani,Ladania,0,0,,206,10,1084,,97928.14946240213,232665607.5684243,0.0,0.0,164,0.0
10-207-01085,BIHAR,Madhubani,Laukaha,0,0,,206,10,1085,,102032.19667129294,266340932.00179368,0.0,0.0,197,0.0
10-207-01086,BIHAR,Madhubani,Laukahi,0,0,,206,10,1086,,109679.24973352649,329223432.564553,0.0,0.0,237,0.0
10-207-01087,BIHAR,Madhubani,Phulparas,0,0,,206,10,1087,,117974.41186319289,199352334.8677591,0.0,0.0,140,0.0
10-207-01088,BIHAR,Madhubani,Babubarhi,0,0,,206,10,1088,,118996.04641992833,237192379.86086744,0.0,0.0,174,0.0
10-207-01091,BIHAR,Madhubani,Benipatti,0,0,,206,10,1091,,128414.2409747215,328987645.9449377,0.0,0.0,231,0.0
10-207-01092,BIHAR,Madhubani,Bisfi,0,0,,206,10,1092,,99754.46134559005,226192948.413646,0.0,0.0,165,0.0
10-207-01093,BIHAR,Madhubani,Madhubani,0,0,,206,10,1093,,109764.71764889831,200359220.56727448,0.0,0.0,142,0.0
10-207-01094,BIHAR,Madhubani,Pandaul,0,0,,206,10,1094,,102372.75527307783,208327489.63825428,0.0,0.0,148,0.0
10-207-01096,BIHAR,Madhubani,Andhratharhi,0,0,,206,10,1096,,97300.5167595078,186769445.10608673,0.0,0.0,134,0.0
10-207-01097,BIHAR,Madhubani,Jhanjharpur,0,0,,206,10,1097,,125261.96837896874,181284371.95402232,0.0,0.0,132,0.0
10-207-01098,BIHAR,Madhubani,Ghoghardiha,0,0,,206,10,1098,,114215.40677637524,211228851.4219488,0.0,0.0,159,0.0
10-207-01099,BIHAR,Madhubani,Lakhnaur,0,0,,206,10,1099,,72956.74167609161,146945623.14022,0.0,0.0,110,0.0
10-207-01100,BIHAR,Madhubani,Madhepur,0,0,,206,10,1100,,144505.38034518834,300452948.5687113,0.0,0.0,212,0.0
10-208-01101,BIHAR,Supaul,Nirmali,0,0,,223,10,1101,,123310.21889922836,162734364.67066902,0.0,0.0,118,0.0
10-208-01102,BIHAR,Supaul,Basantpur,0,0,,223,10,1102,,136288.63693043106,319456339.75100917,0.0,0.0,228,0.0
10-208-01103,BIHAR,Supaul,Chhatapur,0,0,,223,10,1103,,142271.17176584958,398825687.2446475,0.0,0.0,285,0.0
10-208-01104,BIHAR,Supaul,Pratapganj,0,0,,223,10,1104,,71155.69013184242,133032565.19323792,0.0,0.0,97,0.0
10-208-01105,BIHAR,Supaul,Raghopur,0,0,,223,10,1105,,111831.20983491397,255841046.48838165,0.0,0.0,187,0.0
10-221-01285,BIHAR,Samastipur,Warisnagar,0,0,,217,10,1285,,90241.30323013186,163846086.5162723,0.0,0.0,120,0.0
10-208-01106,BIHAR,Supaul,Saraigarh Bhaptiyahi,0,0,,223,10,1106,,105489.5116383213,257042943.27229512,0.0,0.0,189,0.0
10-208-01107,BIHAR,Supaul,Kishanpur,0,0,,223,10,1107,,125516.73810076228,248613546.3002807,0.0,0.0,177,0.0
10-208-01108,BIHAR,Supaul,Marauna,0,0,,223,10,1108,,114969.59778192453,206419565.01179272,0.0,0.0,149,0.0
10-208-01109,BIHAR,Supaul,Supaul,0,0,,223,10,1109,,122628.008173687,390920691.5720901,0.0,0.0,287,0.0
10-208-01110,BIHAR,Supaul,Pipra,0,0,,223,10,1110,,113516.78657800167,247320462.25611627,0.0,0.0,181,0.0
10-221-01287,BIHAR,Samastipur,Khanpur,0,0,,217,10,1287,,89337.20668890505,173313349.37261373,0.0,0.0,127,0.0
10-208-01111,BIHAR,Supaul,Tribeniganj,0,0,,223,10,1111,,136684.8917573132,402291551.99740016,0.0,0.0,290,0.0
10-209-01112,BIHAR,Araria,Narpatganj,0,0,,188,10,1112,,196352.82868709194,482872068.7863751,0.0,0.0,351,0.0
10-209-01113,BIHAR,Araria,Forbesganj,0,0,,188,10,1113,,165874.55860340688,546946456.996027,0.0,0.0,392,0.0
10-209-01114,BIHAR,Araria,Bhargama,0,0,,188,10,1114,,140909.75235341018,280499778.1128878,0.0,0.0,206,0.0
10-209-01115,BIHAR,Araria,Raniganj,0,0,,188,10,1115,,160625.61646677545,576910744.770993,0.0,0.0,418,0.0
10-209-01116,BIHAR,Araria,Araria,0,0,,188,10,1116,,192057.15187743204,506918787.2643526,0.0,0.0,371,0.0
10-209-01117,BIHAR,Araria,Kursakatta,0,0,,188,10,1117,,96566.38525637137,201032230.408231,0.0,0.0,147,0.0
10-209-01118,BIHAR,Araria,Sikti,0,0,,188,10,1118,,116798.35346995249,237753016.2819182,0.0,0.0,177,0.0
10-209-01119,BIHAR,Araria,Palasi,0,0,,188,10,1119,,132578.70192307016,306240761.34804773,0.0,0.0,222,0.0
10-209-01120,BIHAR,Araria,Jokihat,0,0,,188,10,1120,,155370.9524619173,341005127.7602247,0.0,0.0,246,0.0
10-210-01121,BIHAR,Kishanganj,Terhagachh,0,0,,203,10,1121,,121953.02658094271,245208326.38245347,0.0,0.0,175,0.0
10-210-01122,BIHAR,Kishanganj,Dighalbank,0,0,,203,10,1122,,147432.83262190674,314385668.4331173,0.0,0.0,224,0.0
10-211-01129,BIHAR,Purnia,Barhara,0,0,,214,10,1129,,111073.17449432175,288009141.38478667,0.0,0.0,212,0.0
10-211-01130,BIHAR,Purnia,Bhawanipur,0,0,,214,10,1130,,116656.34435182877,201938838.4795833,0.0,0.0,147,0.0
10-211-01131,BIHAR,Purnia,Rupauli,0,0,,214,10,1131,,113946.660566684,308195114.8462847,0.0,0.0,227,0.0
10-211-01132,BIHAR,Purnia,Dhamdaha,0,0,,214,10,1132,,135370.01293426772,446856166.039676,0.0,0.0,326,0.0
10-211-01133,BIHAR,Purnia,Krityanand Nagar,0,0,,214,10,1133,,149407.41850079046,364443041.21247435,0.0,0.0,274,0.0
10-211-01134,BIHAR,Purnia,Purnia East,0,0,,214,10,1134,,127662.13358515713,309272824.56310594,0.0,0.0,228,0.0
10-211-01135,BIHAR,Purnia,Kasba,0,0,,214,10,1135,,130095.64608516233,215123054.3424731,0.0,0.0,154,0.0
10-211-01136,BIHAR,Purnia,Srinagar,0,0,,214,10,1136,,106220.57404900706,172405807.6412187,0.0,0.0,122,0.0
10-211-01137,BIHAR,Purnia,Jalalgarh,0,0,,214,10,1137,,87146.39992638786,142107808.6772385,0.0,0.0,102,0.0
10-211-01138,BIHAR,Purnia,Amour,0,0,,214,10,1138,,141371.93624621196,307011870.96961224,0.0,0.0,225,0.0
10-211-01139,BIHAR,Purnia,Baisa,0,0,,214,10,1139,,132173.35304950457,275191667.549805,0.0,0.0,197,0.0
10-211-01140,BIHAR,Purnia,Baisi,0,0,,214,10,1140,,118169.54825440844,253873549.02719215,0.0,0.0,187,0.0
10-211-01141,BIHAR,Purnia,Dagarua,0,0,,214,10,1141,,129309.28146976323,257465778.6329552,0.0,0.0,180,0.0
10-212-01142,BIHAR,Katihar,Falka,0,0,,201,10,1142,,100518.70580952488,208374539.8829749,0.0,0.0,150,0.0
10-212-01143,BIHAR,Katihar,Korha,0,0,,201,10,1143,,137118.64195203967,368801327.90483874,0.0,0.0,273,0.0
10-212-01144,BIHAR,Katihar,Hasanganj,0,0,,201,10,1144,,78227.29832785497,86155111.41022065,0.0,0.0,62,0.0
10-212-01145,BIHAR,Katihar,Kadwa,0,0,,201,10,1145,,157692.68144088247,420129854.10490626,0.0,0.0,307,0.0
10-212-01146,BIHAR,Katihar,Balrampur,0,0,,201,10,1146,,141815.18317465586,216253207.31133217,0.0,0.0,151,0.0
10-212-01147,BIHAR,Katihar,Barsoi,0,0,,201,10,1147,,172308.8160052511,357713388.6445612,0.0,0.0,261,0.0
10-212-01148,BIHAR,Katihar,Azamnagar,0,0,,201,10,1148,,141791.77759222616,349759708.1212404,0.0,0.0,253,0.0
10-221-01290,BIHAR,Samastipur,Tajpur,0,0,,217,10,1290,,57166.77792153786,83856612.1105223,0.0,0.0,61,0.0
10-212-01149,BIHAR,Katihar,Pranpur,0,0,,201,10,1149,,111803.70370561493,191475637.62126103,0.0,0.0,141,0.0
10-212-01150,BIHAR,Katihar,Dandkhora,0,0,,201,10,1150,,70987.07501110679,111201189.06340708,0.0,0.0,81,0.0
10-212-01151,BIHAR,Katihar,Katihar,0,0,,201,10,1151,,76845.81968857624,136830037.77828172,0.0,0.0,100,0.0
10-212-01152,BIHAR,Katihar,Mansahi,0,0,,201,10,1152,,73279.06289841712,97405011.1871763,0.0,0.0,73,0.0
10-212-01155,BIHAR,Katihar,Kursela,0,0,,201,10,1155,,80348.39413748268,153683091.52761996,0.0,0.0,117,0.0
10-212-01153,BIHAR,Katihar,Barari,0,0,,201,10,1153,,107333.93297446336,407446973.1478653,0.0,0.0,292,0.0
10-212-01154,BIHAR,Katihar,Sameli,0,0,,201,10,1154,,75105.36277909,118027198.2496544,0.0,0.0,81,0.0
10-212-01156,BIHAR,Katihar,Manihari,0,0,,201,10,1156,,130162.81635074862,303859830.4099729,0.0,0.0,221,0.0
10-212-01157,BIHAR,Katihar,Amdabad,0,0,,201,10,1157,,103742.71814675455,228302986.79665467,0.0,0.0,164,0.0
10-213-01158,BIHAR,Madhepura,Gamharia,0,0,,205,10,1158,,80141.00377515821,125479849.27382244,0.0,0.0,89,0.0
10-213-01160,BIHAR,Madhepura,Ghailarh,0,0,,205,10,1160,,78865.70647224285,116219722.2388165,0.0,0.0,83,0.0
10-213-01159,BIHAR,Madhepura,Singheshwar,0,0,,205,10,1159,,111627.30849980874,111167268.35246354,0.0,0.0,78,0.0
10-216-01210,BIHAR,Muzaffarpur,Bandra,0,0,,208,10,1210,,74293.85759884378,142020443.31484023,0.0,0.0,103,0.0
10-213-01161,BIHAR,Madhepura,Madhepura,0,0,,205,10,1161,,115084.47931226583,237801277.85767865,0.0,0.0,175,0.0
10-213-01162,BIHAR,Madhepura,Shankarpur,0,0,,205,10,1162,,63984.56408470212,128790837.874554,0.0,0.0,94,0.0
10-213-01163,BIHAR,Madhepura,Kumarkhand,0,0,,205,10,1163,,118191.24796123093,316976886.68211347,0.0,0.0,230,0.0
10-213-01164,BIHAR,Madhepura,Murliganj,0,0,,205,10,1164,,94211.11378994165,247086114.21145928,0.0,0.0,179,0.0
10-221-01293,BIHAR,Samastipur,Mohanpur,0,0,,217,10,1293,,74468.46489139357,163000016.77407515,0.0,0.0,120,0.0
10-213-01165,BIHAR,Madhepura,Gwalpara,0,0,,205,10,1165,,78037.2495556277,147267353.58482873,0.0,0.0,109,0.0
10-214-01172,BIHAR,Saharsa,Satar Kataiya,0,0,,216,10,1172,,77878.75925155886,177382280.64763528,0.0,0.0,130,0.0
10-213-01166,BIHAR,Madhepura,Bihariganj,0,0,,205,10,1166,,79669.40805645821,133818744.70956944,0.0,0.0,98,0.0
10-216-01211,BIHAR,Muzaffarpur,Dholi (Moraul),0,0,,208,10,1211,,63030.361633940505,73298422.6275262,0.0,0.0,50,0.0
10-213-01167,BIHAR,Madhepura,Kishanganj,0,0,,205,10,1167,,99817.47531025465,188055937.5971522,0.0,0.0,133,0.0
10-216-01212,BIHAR,Muzaffarpur,Musahri,0,0,,208,10,1212,,211487.75457487197,365415439.5943066,0.0,0.0,267,0.0
10-213-01168,BIHAR,Madhepura,Puraini,0,0,,205,10,1168,,63416.842365887525,103114850.3546553,0.0,0.0,76,0.0
10-214-01174,BIHAR,Saharsa,Kahara,0,0,,216,10,1174,,81070.16203244023,176788302.3737116,0.0,0.0,128,0.0
10-213-01169,BIHAR,Madhepura,Alamnagar,0,0,,205,10,1169,,94357.42058114092,211989804.11375904,0.0,0.0,151,0.0
10-213-01170,BIHAR,Madhepura,Chausa,0,0,,205,10,1170,,87285.75133964,172516848.53860697,0.0,0.0,124,0.0
10-214-01171,BIHAR,Saharsa,Nauhatta,0,0,,216,10,1171,,93228.84620468391,212763144.21707585,0.0,0.0,151,0.0
10-217-01227,BIHAR,Gopalganj,Sidhwalia,0,0,,197,10,1227,,69457.48217743407,152022198.31601515,0.0,0.0,109,0.0
10-214-01173,BIHAR,Saharsa,Mahishi,0,0,,216,10,1173,,106372.46434789852,273075178.2794974,0.0,0.0,195,0.0
10-214-01175,BIHAR,Saharsa,Saur Bazar,0,0,,216,10,1175,,88121.22998090234,233228921.9025612,0.0,0.0,171,0.0
10-214-01176,BIHAR,Saharsa,Patarghat,0,0,,216,10,1176,,67497.21582029684,149681422.04156074,0.0,0.0,105,0.0
10-214-01177,BIHAR,Saharsa,Sonbarsa,0,0,,216,10,1177,,90185.02153799882,263952116.041209,0.0,0.0,193,0.0
10-216-01199,BIHAR,Muzaffarpur,Sahebganj,0,0,,208,10,1199,,80060.99972290538,253055918.70266867,0.0,0.0,189,0.0
10-214-01178,BIHAR,Saharsa,Simri Bakhtiarpur,0,0,,216,10,1178,,119116.35548129058,266466354.66217396,0.0,0.0,194,0.0
10-214-01179,BIHAR,Saharsa,Salkhua,0,0,,216,10,1179,,82412.26684571667,221182533.93573853,0.0,0.0,163,0.0
10-214-01180,BIHAR,Saharsa,Banma Itahri,0,0,,216,10,1180,,54286.501575749484,92822449.4552088,0.0,0.0,68,0.0
10-215-01181,BIHAR,Darbhanga,Jale,0,0,,195,10,1181,,112473.57051363293,234172285.01568127,0.0,0.0,171,0.0
10-215-01182,BIHAR,Darbhanga,Singhwara,0,0,,195,10,1182,,121368.62688362494,223279889.67870736,0.0,0.0,162,0.0
10-215-01183,BIHAR,Darbhanga,Keotiranway,0,0,,195,10,1183,,89515.08566239705,180205403.4644349,0.0,0.0,131,0.0
10-215-01184,BIHAR,Darbhanga,Darbhanga,0,0,,195,10,1184,,131883.04966973627,240721362.1475316,0.0,0.0,174,0.0
10-215-01185,BIHAR,Darbhanga,Manigachhi,0,0,,195,10,1185,,96856.01003306538,158887287.31255177,0.0,0.0,114,0.0
10-215-01186,BIHAR,Darbhanga,Tardih,0,0,,195,10,1186,,96398.42232606321,109520018.96976715,0.0,0.0,79,0.0
10-215-01187,BIHAR,Darbhanga,Alinagar,0,0,,195,10,1187,,105560.56246873255,146523357.5416611,0.0,0.0,105,0.0
10-215-01188,BIHAR,Darbhanga,Benipur,0,0,,195,10,1188,,118482.30854716274,204643530.87647069,0.0,0.0,150,0.0
10-215-01189,BIHAR,Darbhanga,Bahadurpur,0,0,,195,10,1189,,155637.00049509996,221161760.4253616,0.0,0.0,158,0.0
10-215-01190,BIHAR,Darbhanga,Hanumannagar,0,0,,195,10,1190,,114393.83215098479,181536916.32106537,0.0,0.0,130,0.0
10-215-01191,BIHAR,Darbhanga,Hayaghat,0,0,,195,10,1191,,66118.49929402806,108810529.75916524,0.0,0.0,77,0.0
10-215-01192,BIHAR,Darbhanga,Baheri,0,0,,195,10,1192,,128629.1579498372,271307286.95794886,0.0,0.0,195,0.0
10-215-01193,BIHAR,Darbhanga,Biraul,0,0,,195,10,1193,,135706.32971678255,230203939.26841983,0.0,0.0,167,0.0
10-215-01194,BIHAR,Darbhanga,Ghanshyampur,0,0,,195,10,1194,,76766.91373126305,103945643.9979024,0.0,0.0,78,0.0
10-215-01195,BIHAR,Darbhanga,Kiratpur,0,0,,195,10,1195,,78793.19278562842,78915927.53877336,0.0,0.0,60,0.0
10-215-01196,BIHAR,Darbhanga,Gora Bauram,0,0,,195,10,1196,,99804.03366816713,145653476.81698695,0.0,0.0,104,0.0
10-215-01197,BIHAR,Darbhanga,Kusheshwar Asthan,0,0,,195,10,1197,,87220.16498537568,144130520.9401011,0.0,0.0,107,0.0
10-215-01198,BIHAR,Darbhanga,Kusheshwar Asthan Purbi,0,0,,195,10,1198,,91858.86035222423,150084285.43545517,0.0,0.0,112,0.0
10-216-01200,BIHAR,Muzaffarpur,Baruraj (Motipur),0,0,,208,10,1200,,125110.13599018812,365259305.4740948,0.0,0.0,263,0.0
10-216-01201,BIHAR,Muzaffarpur,Paroo,0,0,,208,10,1201,,136934.87791145188,413033977.3448192,0.0,0.0,295,0.0
10-216-01202,BIHAR,Muzaffarpur,Saraiya,0,0,,208,10,1202,,155820.80051537574,301402655.1404849,0.0,0.0,218,0.0
10-216-01203,BIHAR,Muzaffarpur,Marwan,0,0,,208,10,1203,,84959.92762229654,138736310.53842777,0.0,0.0,101,0.0
10-216-01204,BIHAR,Muzaffarpur,Kanti,0,0,,208,10,1204,,97122.90469976026,124757584.36625764,0.0,0.0,91,0.0
10-216-01205,BIHAR,Muzaffarpur,Minapur,0,0,,208,10,1205,,166218.11946715685,316124209.98756105,0.0,0.0,228,0.0
10-216-01206,BIHAR,Muzaffarpur,Bochaha,0,0,,208,10,1206,,126044.68100944142,233148755.94160384,0.0,0.0,167,0.0
10-216-01207,BIHAR,Muzaffarpur,Aurai,0,0,,208,10,1207,,101267.16719990574,247748190.77792475,0.0,0.0,177,0.0
10-216-01208,BIHAR,Muzaffarpur,Katra,0,0,,208,10,1208,,118891.9342746819,235108975.17115793,0.0,0.0,171,0.0
10-216-01209,BIHAR,Muzaffarpur,Gaighat,0,0,,208,10,1209,,111008.49869520529,259762671.68662548,0.0,0.0,191,0.0
10-216-01213,BIHAR,Muzaffarpur,Kurhani,0,0,,208,10,1213,,108106.10574110712,256354911.2077163,0.0,0.0,187,0.0
10-216-01214,BIHAR,Muzaffarpur,Sakra,0,0,,208,10,1214,,105121.4777371614,236360031.18726787,0.0,0.0,175,0.0
10-217-01215,BIHAR,Gopalganj,Katiya,0,0,,197,10,1215,,94755.55253264701,158441587.458013,0.0,0.0,112,0.0
10-217-01216,BIHAR,Gopalganj,Bijaipur,0,0,,197,10,1216,,81309.59717969262,163112176.36717936,0.0,0.0,120,0.0
10-217-01217,BIHAR,Gopalganj,Bhorey,0,0,,197,10,1217,,78790.65552761848,196013266.46535653,0.0,0.0,144,0.0
10-217-01218,BIHAR,Gopalganj,Pach Deuri,0,0,,197,10,1218,,53698.212932643866,118295317.11973979,0.0,0.0,85,0.0
10-217-01219,BIHAR,Gopalganj,Kuchaikote,0,0,,197,10,1219,,101077.28158428885,316078491.04748106,0.0,0.0,226,0.0
10-217-01220,BIHAR,Gopalganj,Phulwaria,0,0,,197,10,1220,,81339.22200232239,118763292.85091434,0.0,0.0,89,0.0
10-217-01221,BIHAR,Gopalganj,Hathua,0,0,,197,10,1221,,91546.96202775641,183613061.83342972,0.0,0.0,127,0.0
10-217-01222,BIHAR,Gopalganj,Uchkagaon,0,0,,197,10,1222,,80102.93001981139,142235093.67043933,0.0,0.0,106,0.0
10-217-01223,BIHAR,Gopalganj,Thawe,0,0,,197,10,1223,,57244.55575246375,89300191.60424533,0.0,0.0,64,0.0
10-217-01224,BIHAR,Gopalganj,Gopalganj,0,0,,197,10,1224,,110313.13172782106,244420793.60160467,0.0,0.0,182,0.0
10-218-01232,BIHAR,Siwan,Goriakothi,0,0,,222,10,1232,,73201.39147651673,174963939.23516312,0.0,0.0,127,0.0
10-217-01225,BIHAR,Gopalganj,Manjha,0,0,,197,10,1225,,80242.78538873792,179389027.9828925,0.0,0.0,131,0.0
10-217-01226,BIHAR,Gopalganj,Barauli,0,0,,197,10,1226,,105754.79057670098,232227972.12586737,0.0,0.0,170,0.0
10-217-01228,BIHAR,Gopalganj,Baikunthpur,0,0,,197,10,1228,,97825.58906166903,256614409.24172768,0.0,0.0,185,0.0
10-218-01229,BIHAR,Siwan,Nautan,0,0,,222,10,1229,,58324.35348563096,81827813.66620097,0.0,0.0,58,0.0
10-218-01230,BIHAR,Siwan,Siwan,0,0,,222,10,1230,,92599.06904644772,168879532.28230655,0.0,0.0,118,0.0
10-218-01235,BIHAR,Siwan,Bhagwanpur Hat,0,0,,222,10,1235,,86430.4184146014,189582799.91524476,0.0,0.0,138,0.0
10-218-01231,BIHAR,Siwan,Barharia,0,0,,222,10,1231,,90315.6629531122,219606934.01516393,0.0,0.0,160,0.0
10-218-01233,BIHAR,Siwan,Lakri Nabiganj,0,0,,222,10,1233,,79648.98713303795,120773104.6039552,0.0,0.0,88,0.0
10-218-01234,BIHAR,Siwan,Basantpur,0,0,,222,10,1234,,57871.378293950496,76675463.02480637,0.0,0.0,56,0.0
10-218-01236,BIHAR,Siwan,Maharajganj,0,0,,222,10,1236,,119387.58843212528,142817377.5161484,0.0,0.0,103,0.0
10-218-01237,BIHAR,Siwan,Pachrukhi,0,0,,222,10,1237,,99183.2392802834,160709761.40986398,0.0,0.0,117,0.0
10-218-01238,BIHAR,Siwan,Hussainganj,0,0,,222,10,1238,,68784.84800107122,105975934.30464326,0.0,0.0,74,0.0
10-218-01239,BIHAR,Siwan,Ziradei,0,0,,222,10,1239,,98825.50869312549,152221780.48504183,0.0,0.0,111,0.0
10-218-01240,BIHAR,Siwan,Mairwa,0,0,,222,10,1240,,65279.2242200428,88898123.37504825,0.0,0.0,66,0.0
10-218-01242,BIHAR,Siwan,Darauli,0,0,,222,10,1242,,90305.00161970501,214758375.6239279,0.0,0.0,155,0.0
10-218-01241,BIHAR,Siwan,Guthani,0,0,,222,10,1241,,78778.78773845347,115110806.99004474,0.0,0.0,82,0.0
10-219-01248,BIHAR,Saran,Mashrakh,0,0,,218,10,1248,,82075.7710341599,165898243.02109933,0.0,0.0,121,0.0
10-218-01243,BIHAR,Siwan,Andar,0,0,,222,10,1243,,83358.60866933218,125625010.62434034,0.0,0.0,87,0.0
10-219-01249,BIHAR,Saran,Panapur,0,0,,218,10,1249,,75875.09329534958,182360909.7404776,0.0,0.0,128,0.0
10-218-01244,BIHAR,Siwan,Raghunathpur,0,0,,222,10,1244,,87824.68008836384,193566358.3438411,0.0,0.0,143,0.0
10-219-01250,BIHAR,Saran,Taraiya,0,0,,218,10,1250,,53629.0613522338,97307015.09151264,0.0,0.0,74,0.0
10-218-01245,BIHAR,Siwan,Hasanpura,0,0,,222,10,1245,,82786.09108287447,121956119.03175904,0.0,0.0,87,0.0
10-219-01251,BIHAR,Saran,Ishupur,0,0,,218,10,1251,,62425.60798229613,109300191.56908256,0.0,0.0,76,0.0
10-218-01246,BIHAR,Siwan,Daraundha,0,0,,222,10,1246,,105400.53795370483,157911066.26165873,0.0,0.0,115,0.0
10-219-01256,BIHAR,Saran,Jalalpur,0,0,,218,10,1256,,65042.73641147566,147549697.72689733,0.0,0.0,106,0.0
10-218-01247,BIHAR,Siwan,Siswan,0,0,,222,10,1247,,98184.39847010886,155554872.77293277,0.0,0.0,111,0.0
10-219-01259,BIHAR,Saran,Nagra,0,0,,218,10,1259,,43289.948409307304,65110006.46242106,0.0,0.0,47,0.0
10-219-01252,BIHAR,Saran,Baniapur,0,0,,218,10,1252,,89199.8841803021,219417775.87250236,0.0,0.0,163,0.0
10-219-01253,BIHAR,Saran,Lahladpur,0,0,,218,10,1253,,49287.19248841685,70233795.44130237,0.0,0.0,50,0.0
10-219-01254,BIHAR,Saran,Ekma,0,0,,218,10,1254,,99716.17236158185,176114988.01319405,0.0,0.0,128,0.0
10-219-01255,BIHAR,Saran,Manjhi,0,0,,218,10,1255,,127085.43562979231,244607530.98349065,0.0,0.0,180,0.0
10-219-01257,BIHAR,Saran,Revelganj,0,0,,218,10,1257,,84877.1419542779,179359801.45379385,0.0,0.0,125,0.0
10-219-01258,BIHAR,Saran,Chapra,0,0,,218,10,1258,,119729.94798472138,239470568.44351175,0.0,0.0,176,0.0
10-219-01260,BIHAR,Saran,Marhaura,0,0,,218,10,1260,,87240.95030017926,190752130.05196184,0.0,0.0,137,0.0
10-219-01261,BIHAR,Saran,Amnour,0,0,,218,10,1261,,94922.90618840617,160109081.4065653,0.0,0.0,118,0.0
10-219-01263,BIHAR,Saran,Parsa,0,0,,218,10,1263,,85595.91054800974,122749042.93573296,0.0,0.0,88,0.0
10-219-01266,BIHAR,Saran,Dighwara,0,0,,218,10,1266,,81943.45164265168,101347015.6655549,0.0,0.0,72,0.0
10-219-01264,BIHAR,Saran,Dariapur,0,0,,218,10,1264,,115477.27251924115,281302380.67878103,0.0,0.0,202,0.0
10-219-01265,BIHAR,Saran,Garkha,0,0,,218,10,1265,,90147.74693968748,213336409.9887166,0.0,0.0,154,0.0
10-220-01269,BIHAR,Vaishali,Paterhi Belsar,0,0,,224,10,1269,,56227.36197278124,93522597.26160131,0.0,0.0,69,0.0
10-219-01267,BIHAR,Saran,Sonepur,0,0,,218,10,1267,,70412.64000247594,214865144.18564072,0.0,0.0,162,0.0
10-220-01268,BIHAR,Vaishali,Vaishali,0,0,,224,10,1268,,72706.90824879723,158663399.21103516,0.0,0.0,114,0.0
10-220-01270,BIHAR,Vaishali,Lalganj,0,0,,224,10,1270,,89595.71916906572,184177988.41986412,0.0,0.0,133,0.0
10-221-01294,BIHAR,Samastipur,Mohiuddinagar,0,0,,217,10,1294,,80607.53716768604,178536106.2701614,0.0,0.0,130,0.0
10-220-01271,BIHAR,Vaishali,Bhagwanpur,0,0,,224,10,1271,,98965.72708266653,142473218.81446454,0.0,0.0,102,0.0
10-220-01272,BIHAR,Vaishali,Goraul,0,0,,224,10,1272,,101989.77906286377,122446101.92943335,0.0,0.0,87,0.0
10-220-01273,BIHAR,Vaishali,Chehra Kalan,0,0,,224,10,1273,,63204.34388206024,89818122.94593617,0.0,0.0,66,0.0
10-220-01277,BIHAR,Vaishali,Raja Pakar,0,0,,224,10,1277,,58946.08844196175,93673217.82917874,0.0,0.0,72,0.0
10-220-01274,BIHAR,Vaishali,Patepur,0,0,,224,10,1274,,118180.33822078991,317029999.71255994,0.0,0.0,234,0.0
10-220-01275,BIHAR,Vaishali,Mahua,0,0,,224,10,1275,,86273.82517515696,171155586.12447235,0.0,0.0,125,0.0
10-220-01276,BIHAR,Vaishali,Jandaha,0,0,,224,10,1276,,99044.76663725945,179891527.10359335,0.0,0.0,128,0.0
10-220-01278,BIHAR,Vaishali,Hajipur,0,0,,224,10,1278,,80048.24731377292,194916759.16986817,0.0,0.0,140,0.0
10-220-01280,BIHAR,Vaishali,Bidupur,0,0,,224,10,1280,,88122.3198685409,139375575.9420912,0.0,0.0,99,0.0
10-220-01279,BIHAR,Vaishali,Raghopur,0,0,,224,10,1279,,128641.49950069311,338499790.0832371,0.0,0.0,246,0.0
10-220-01281,BIHAR,Vaishali,Desri,0,0,,224,10,1281,,50183.809114488824,56627949.53624974,0.0,0.0,43,0.0
10-221-01284,BIHAR,Samastipur,Kalyanpur,0,0,,217,10,1284,,147387.26660455638,294821482.9966942,0.0,0.0,214,0.0
10-221-01286,BIHAR,Samastipur,Shivaji Nagar,0,0,,217,10,1286,,96209.25031894707,172333979.18990555,0.0,0.0,130,0.0
10-221-01288,BIHAR,Samastipur,Samastipur,0,0,,217,10,1288,,112474.97484539819,170577777.20953664,0.0,0.0,123,0.0
10-221-01289,BIHAR,Samastipur,Pusa,0,0,,217,10,1289,,64081.7615729533,95008289.7510354,0.0,0.0,65,0.0
10-221-01291,BIHAR,Samastipur,Morwa,0,0,,217,10,1291,,104551.97847793197,152111293.7773472,0.0,0.0,106,0.0
10-221-01292,BIHAR,Samastipur,Patori,0,0,,217,10,1292,,69422.25062895294,130638318.44440164,0.0,0.0,93,0.0
10-221-01295,BIHAR,Samastipur,Sarairanjan,0,0,,217,10,1295,,96463.23467310029,185572344.2706523,0.0,0.0,145,0.0
10-221-01296,BIHAR,Samastipur,Vidyapati Nagar,0,0,,217,10,1296,,62930.2690484309,106322816.42401849,0.0,0.0,75,0.0
10-221-01297,BIHAR,Samastipur,Dalsinghsarai,0,0,,217,10,1297,,80515.23552986495,118201268.21451648,0.0,0.0,89,0.0
10-221-01298,BIHAR,Samastipur,Ujiarpur,0,0,,217,10,1298,,81756.09445970641,209497824.1015558,0.0,0.0,149,0.0
10-221-01300,BIHAR,Samastipur,Rosera,0,0,,217,10,1300,,84599.34785899956,138535375.895554,0.0,0.0,97,0.0
10-221-01299,BIHAR,Samastipur,Bibhutpur,0,0,,217,10,1299,,96600.53522783429,258332531.194082,0.0,0.0,187,0.0
10-221-01301,BIHAR,Samastipur,Singhia,0,0,,217,10,1301,,76055.88015393679,178639507.67998633,0.0,0.0,128,0.0
10-222-01307,BIHAR,Begusarai,Cheria Bariarpur,0,0,,191,10,1307,,80422.0696045629,127840547.1243011,0.0,0.0,89,0.0
10-221-01302,BIHAR,Samastipur,Hasanpur,0,0,,217,10,1302,,122795.93417076243,188091095.39019313,0.0,0.0,138,0.0
10-221-01303,BIHAR,Samastipur,Bithan,0,0,,217,10,1303,,72838.55780104545,149849875.79630712,0.0,0.0,109,0.0
10-222-01304,BIHAR,Begusarai,Khudabandpur,0,0,,191,10,1304,,49522.71992212785,59617610.47663844,0.0,0.0,39,0.0
10-222-01305,BIHAR,Begusarai,Chhorahi,0,0,,191,10,1305,,96201.09768359947,128309829.49376953,0.0,0.0,94,0.0
10-222-01306,BIHAR,Begusarai,Garhpura,0,0,,191,10,1306,,69581.28073662621,88651595.91159394,0.0,0.0,68,0.0
10-222-01308,BIHAR,Begusarai,Bhagwanpur,0,0,,191,10,1308,,102620.52088176137,147276258.21886113,0.0,0.0,106,0.0
10-223-01324,BIHAR,Khagaria,Mansi,0,0,,202,10,1324,,70720.37786012898,86151878.56106131,0.0,0.0,69,0.0
10-222-01309,BIHAR,Begusarai,Mansurchak,0,0,,191,10,1309,,55538.61039021854,42158333.283958256,0.0,0.0,31,0.0
10-224-01333,BIHAR,Bhagalpur,Rangra Chowk,0,0,,192,10,1333,,56200.86409227388,97946271.45940188,0.0,0.0,71,0.0
10-222-01310,BIHAR,Begusarai,Bachhwara,0,0,,191,10,1310,,112893.55520851951,186501763.14040864,0.0,0.0,138,0.0
10-222-01311,BIHAR,Begusarai,Teghra,0,0,,191,10,1311,,93442.93751421869,180050069.66821858,0.0,0.0,129,0.0
10-222-01312,BIHAR,Begusarai,Barauni,0,0,,191,10,1312,,90573.71511882372,141812926.41245717,0.0,0.0,102,0.0
10-222-01313,BIHAR,Begusarai,Birpur,0,0,,191,10,1313,,69057.86510087451,64693086.30641256,0.0,0.0,53,0.0
10-222-01314,BIHAR,Begusarai,Begusarai,0,0,,191,10,1314,,114572.02827886646,273941103.5239774,0.0,0.0,200,0.0
10-222-01315,BIHAR,Begusarai,Naokothi,0,0,,191,10,1315,,61794.845266753924,91575422.87048158,0.0,0.0,64,0.0
10-222-01316,BIHAR,Begusarai,Bakhri,0,0,,191,10,1316,,74902.13049058078,94921186.04856166,0.0,0.0,66,0.0
10-222-01317,BIHAR,Begusarai,Dandari,0,0,,191,10,1317,,77075.31892237118,85364223.36403492,0.0,0.0,65,0.0
10-222-01318,BIHAR,Begusarai,Sahebpur Kamal,0,0,,191,10,1318,,97820.3506924087,179327758.1582562,0.0,0.0,131,0.0
10-222-01319,BIHAR,Begusarai,Balia,0,0,,191,10,1319,,95726.56851828664,181873531.04775092,0.0,0.0,133,0.0
10-222-01320,BIHAR,Begusarai,Matihani,0,0,,191,10,1320,,104199.58891726227,214311339.790948,0.0,0.0,157,0.0
10-222-01321,BIHAR,Begusarai,Shamho Akha Kurha,0,0,,191,10,1321,,47884.70174269599,82130306.58899558,0.0,0.0,58,0.0
10-223-01322,BIHAR,Khagaria,Alauli,0,0,,202,10,1322,,117176.16085281859,337532903.06560946,0.0,0.0,244,0.0
10-223-01323,BIHAR,Khagaria,Khagaria,0,0,,202,10,1323,,164255.4907534744,325761754.1557925,0.0,0.0,229,0.0
10-223-01325,BIHAR,Khagaria,Chautham,0,0,,202,10,1325,,88833.5659059585,205164632.7891582,0.0,0.0,148,0.0
10-228-01376,BIHAR,Sheikhpura,Chewara,0,0,,219,10,1376,,77279.14911837938,141385828.1075451,0.0,0.0,103,0.0
10-223-01326,BIHAR,Khagaria,Beldaur,0,0,,202,10,1326,,101449.44415348554,276820454.1841197,0.0,0.0,203,0.0
10-223-01327,BIHAR,Khagaria,Gogri,0,0,,202,10,1327,,109725.85953588395,321971045.3784509,0.0,0.0,231,0.0
10-223-01328,BIHAR,Khagaria,Parbatta,0,0,,202,10,1328,,89952.53209418767,286770838.53234714,0.0,0.0,215,0.0
10-224-01329,BIHAR,Bhagalpur,Narayanpur,0,0,,192,10,1329,,96964.50839109154,173637043.38008544,0.0,0.0,125,0.0
10-224-01330,BIHAR,Bhagalpur,Bihpur,0,0,,192,10,1330,,98960.16392998041,189427956.2070791,0.0,0.0,141,0.0
10-234-01472,BIHAR,Rohtas,Akorhi Gola,0,0,,215,10,1472,,71741.57946050014,124356844.03544964,2.6727197265625002e-06,2.6727197265625002e-06,94,0.000251235654296875
10-224-01331,BIHAR,Bhagalpur,Kharik,0,0,,192,10,1331,,103106.05203500649,169292223.68779984,0.0,0.0,125,0.0
10-224-01332,BIHAR,Bhagalpur,Naugachhia,0,0,,192,10,1332,,91833.23423872421,134223697.96961665,0.0,0.0,95,0.0
10-224-01335,BIHAR,Bhagalpur,Pirpainti,0,0,,192,10,1335,,138631.2255747686,411429376.6216011,0.0,0.0,294,0.0
10-224-01336,BIHAR,Bhagalpur,Kahalgaon,0,0,,192,10,1336,,128722.99744742387,352186242.20537144,0.0,0.0,255,0.0
10-224-01337,BIHAR,Bhagalpur,Ismailpur,0,0,,192,10,1337,,66332.03197363381,102752037.41138108,0.0,0.0,75,0.0
10-224-01338,BIHAR,Bhagalpur,Sabour,0,0,,192,10,1338,,85492.0541239663,141198925.34276122,0.0,0.0,102,0.0
10-226-01359,BIHAR,Munger,Dharhara,0,0,,207,10,1359,,105188.90103685112,355220468.750446,0.0,0.0,262,0.0
10-224-01339,BIHAR,Bhagalpur,Nathnagar,0,0,,192,10,1339,,105259.93673308079,163498377.60317266,0.0,0.0,117,0.0
10-226-01360,BIHAR,Munger,Kharagpur,0,0,,207,10,1360,,169586.30903503796,398589433.5102216,0.0,0.0,291,0.0
10-224-01340,BIHAR,Bhagalpur,Sultanganj,0,0,,192,10,1340,,139861.1879796442,266407467.3450057,0.0,0.0,198,0.0
10-224-01341,BIHAR,Bhagalpur,Shahkund,0,0,,192,10,1341,,93276.90256650816,208798734.37786233,0.0,0.0,153,0.0
10-224-01342,BIHAR,Bhagalpur,Goradih,0,0,,192,10,1342,,106918.08891287447,178026414.43832883,0.0,0.0,128,0.0
10-224-01343,BIHAR,Bhagalpur,Jagdishpur,0,0,,192,10,1343,,107045.71303668506,127447147.46016994,0.0,0.0,95,0.0
10-224-01344,BIHAR,Bhagalpur,Sonhaula,0,0,,192,10,1344,,84463.86530366821,214425428.57327408,0.0,0.0,160,0.0
10-225-01345,BIHAR,Banka,Shambhuganj,0,0,,190,10,1345,,85765.27415008907,217970788.89652416,0.0,0.0,157,0.0
10-225-01346,BIHAR,Banka,Amarpur,0,0,,190,10,1346,,98000.87839154692,234663534.19316816,0.0,0.0,176,0.0
10-225-01347,BIHAR,Banka,Rajaun,0,0,,190,10,1347,,86718.04358754268,242814641.5593075,0.0,0.0,179,0.0
10-226-01363,BIHAR,Munger,Tetiha Bambor,0,0,,207,10,1363,,73286.15332623897,95190725.80042528,0.0,0.0,70,0.0
10-225-01348,BIHAR,Banka,Dhuraiya,0,0,,190,10,1348,,106681.6377356153,285703540.38620996,0.0,0.0,208,0.0
10-225-01349,BIHAR,Banka,Barahat,0,0,,190,10,1349,,122910.23058217819,181202001.14064544,0.0,0.0,129,0.0
10-225-01350,BIHAR,Banka,Banka,0,0,,190,10,1350,,137083.07375503817,365153241.48788345,0.0,0.0,275,0.0
10-225-01351,BIHAR,Banka,Phulidumar,0,0,,190,10,1351,,117105.67306472127,248400685.45023423,0.0,0.0,176,0.0
10-225-01352,BIHAR,Banka,Belhar,0,0,,190,10,1352,,118426.40149548957,290570448.277483,7.845176696777345e-07,8.065134921920635e-08,214,1.725938873291016e-05
10-225-01353,BIHAR,Banka,Chanan,0,0,,190,10,1353,,169565.08902723462,550876204.0147796,2.510467529296875e-06,5.905698298224741e-07,403,0.00023799964141845705
10-225-01354,BIHAR,Banka,Katoria,0,0,,190,10,1354,,180268.89530762268,687665367.2781417,1.796160888671875e-06,1.5385441875077814e-07,502,7.723491821289062e-05
10-225-01355,BIHAR,Banka,Bausi,0,0,,190,10,1355,,109314.78149810205,385846183.7170387,0.0,0.0,284,0.0
10-226-01356,BIHAR,Munger,Munger,0,0,,207,10,1356,,162390.1628928388,306519605.49277806,0.0,0.0,227,0.0
10-226-01357,BIHAR,Munger,Bariarpur,0,0,,207,10,1357,,122433.4478606843,198040113.63802013,0.0,0.0,143,0.0
10-226-01358,BIHAR,Munger,Jamalpur,0,0,,207,10,1358,,72817.19566814511,112971204.64248075,0.0,0.0,79,0.0
10-226-01361,BIHAR,Munger,Asarganj,0,0,,207,10,1361,,61173.52838786665,72491453.98190036,0.0,0.0,52,0.0
10-226-01362,BIHAR,Munger,Tarapur,0,0,,207,10,1362,,54416.57713098438,86962445.68425661,0.0,0.0,62,0.0
10-226-01364,BIHAR,Munger,Sangrampur,0,0,,207,10,1364,,71205.18318302365,105786037.21986651,0.0,0.0,80,0.0
10-227-01366,BIHAR,Lakhisarai,Pipariya,0,0,,204,10,1366,,87968.2901826016,106258171.87143916,0.0,0.0,76,0.0
10-227-01365,BIHAR,Lakhisarai,Barahiya,0,0,,204,10,1365,,95965.48426593257,248505135.43154767,0.0,0.0,179,0.0
10-227-01367,BIHAR,Lakhisarai,Surajgarha,0,0,,204,10,1367,,140312.1609931406,462726462.37366486,0.0,0.0,340,0.0
10-227-01368,BIHAR,Lakhisarai,Lakhisarai,0,0,,204,10,1368,,117670.76745524361,181316338.94823277,0.0,0.0,133,0.0
10-227-01369,BIHAR,Lakhisarai,Chanan*,0,0,,204,10,1369,,86014.87070350182,177670731.10250506,0.0,0.0,128,0.0
10-228-01375,BIHAR,Sheikhpura,Ghat Kusumbha,0,0,,219,10,1375,,80592.24583619394,99088070.68237934,0.0,0.0,70,0.0
10-227-01370,BIHAR,Lakhisarai,Ramgarh Chowk,0,0,,204,10,1370,,98990.57354622113,128567389.13844268,0.0,0.0,94,0.0
10-227-01371,BIHAR,Lakhisarai,Halsi,0,0,,204,10,1371,,82594.8188222393,191441208.6304817,0.0,0.0,139,0.0
10-228-01372,BIHAR,Sheikhpura,Barbigha,0,0,,219,10,1372,,83879.7675047183,115941853.486741,0.0,0.0,81,0.0
10-228-01373,BIHAR,Sheikhpura,Shekhopur Sarai,0,0,,219,10,1373,,59774.96229914819,65955650.61796794,0.0,0.0,45,0.0
10-228-01374,BIHAR,Sheikhpura,Sheikhpura,0,0,,219,10,1374,,119718.3677454689,225551054.81458032,0.0,0.0,170,0.0
10-228-01377,BIHAR,Sheikhpura,Ariari,0,0,,219,10,1377,,87552.5859976097,183445963.63454768,0.0,0.0,137,0.0
10-229-01378,BIHAR,Nalanda,Karai Parsurai,0,0,,209,10,1378,,58523.47447411047,82148146.79064696,0.0,0.0,60,0.0
10-229-01379,BIHAR,Nalanda,Nagar Nausa,0,0,,209,10,1379,,82570.35159490984,108015836.82811198,0.0,0.0,80,0.0
10-229-01380,BIHAR,Nalanda,Harnaut,0,0,,209,10,1380,,124869.90123154312,224385440.0517296,0.0,0.0,161,0.0
10-229-01381,BIHAR,Nalanda,Chandi,0,0,,209,10,1381,,70527.81459673235,147156102.481168,0.0,0.0,109,0.0
10-229-01382,BIHAR,Nalanda,Rahui,0,0,,209,10,1382,,77076.6108369453,152249665.90613127,0.0,0.0,108,0.0
10-229-01383,BIHAR,Nalanda,Bind,0,0,,209,10,1383,,70364.80140905235,88091657.81671415,0.0,0.0,66,0.0
10-229-01384,BIHAR,Nalanda,Sarmera,0,0,,209,10,1384,,91044.34634338948,167201876.42476654,0.0,0.0,123,0.0
10-229-01385,BIHAR,Nalanda,Asthawan,0,0,,209,10,1385,,92263.18064708126,171325630.7179731,0.0,0.0,125,0.0
10-229-01387,BIHAR,Nalanda,Noorsarai,0,0,,209,10,1387,,78528.62700534344,151514769.88009417,0.0,0.0,114,0.0
10-229-01386,BIHAR,Nalanda,Bihar,0,0,,209,10,1386,,98561.8371020671,215840179.0991975,0.0,0.0,160,0.0
10-229-01390,BIHAR,Nalanda,Hilsa,0,0,,209,10,1390,,93433.88804652911,175765721.10991755,0.0,0.0,131,0.0
10-229-01391,BIHAR,Nalanda,Ekangarsarai,0,0,,209,10,1391,,87121.32234693572,166605847.460251,0.0,0.0,122,0.0
10-229-01392,BIHAR,Nalanda,Islampur,0,0,,209,10,1392,,109868.69145522316,273834151.4326934,0.0,0.0,194,0.0
10-229-01393,BIHAR,Nalanda,Ben,0,0,,209,10,1393,,66947.54721379357,127526149.56798536,0.0,0.0,94,0.0
10-230-01398,BIHAR,Patna,Maner,0,0,,212,10,1398,,96133.56350709034,213315300.3597084,0.0,0.0,154,0.0
10-229-01394,BIHAR,Nalanda,Rajgir,0,0,,209,10,1394,,88740.45664753366,198129288.77271983,0.0,0.0,147,0.0
10-229-01395,BIHAR,Nalanda,Silao,0,0,,209,10,1395,,79220.42929786978,154752836.13944647,0.0,0.0,114,0.0
10-229-01396,BIHAR,Nalanda,Giriak,0,0,,209,10,1396,,88347.46773236175,99576022.5731765,0.0,0.0,73,0.0
10-229-01397,BIHAR,Nalanda,Katrisarai,0,0,,209,10,1397,,38918.76300208476,48673462.28309288,0.0,0.0,36,0.0
10-230-01399,BIHAR,Patna,Dinapur-Cum-Khagaul,0,0,,212,10,1399,,78598.21354533077,184765788.04152673,0.0,0.0,135,0.0
10-234-01474,BIHAR,Rohtas,Tilouthu,0,0,,215,10,1474,,73885.57639601533,193504401.97342023,8.102872924804688e-06,8.171195771353587e-07,140,0.00011439674079895021
10-230-01400,BIHAR,Patna,Patna Rural,0,0,,212,10,1400,,87518.10425735511,179850223.48881748,0.0,0.0,131,0.0
10-230-01401,BIHAR,Patna,Sampatchak,0,0,,212,10,1401,,53219.7118618291,78902366.60372826,0.0,0.0,57,0.0
10-230-01406,BIHAR,Patna,Dulhin Bazar,0,0,,212,10,1406,,77792.54009458271,136539622.4680228,0.0,0.0,99,0.0
10-230-01402,BIHAR,Patna,Phulwari,0,0,,212,10,1402,,70659.26045014715,135940825.49713776,0.0,0.0,96,0.0
10-230-01413,BIHAR,Patna,Khusrupur,0,0,,212,10,1413,,46143.60198551767,78201544.387751,0.0,0.0,58,0.0
10-230-01403,BIHAR,Patna,Bihta,0,0,,212,10,1403,,116564.9809665079,244879174.98088208,0.0,0.0,182,0.0
10-230-01415,BIHAR,Patna,Athmalgola,0,0,,212,10,1415,,47997.69261940102,62827293.65665197,0.0,0.0,47,0.0
10-230-01404,BIHAR,Patna,Naubatpur,0,0,,212,10,1404,,105087.74367689912,205320191.59612688,0.0,0.0,153,0.0
10-230-01405,BIHAR,Patna,Bikram,0,0,,212,10,1405,,86626.03512108007,186422313.04867813,0.0,0.0,137,0.0
10-234-01475,BIHAR,Rohtas,Rohtas,0,0,,215,10,1475,,88257.59288547112,389741138.17794544,1.5518062744140625e-05,2.914270763397217e-06,288,0.0008393099798583985
10-230-01407,BIHAR,Patna,Paliganj,0,0,,212,10,1407,,129476.3041410336,293354152.7667747,0.0,0.0,214,0.0
10-230-01408,BIHAR,Patna,Masaurhi,0,0,,212,10,1408,,108866.13277400887,248716954.87290823,0.0,0.0,178,0.0
10-230-01409,BIHAR,Patna,Dhanarua,0,0,,212,10,1409,,95102.40821522896,225577653.19725513,0.0,0.0,163,0.0
10-230-01410,BIHAR,Patna,Punpun,0,0,,212,10,1410,,82554.93388622913,161116560.78819045,0.0,0.0,118,0.0
10-230-01411,BIHAR,Patna,Fatwah,0,0,,212,10,1411,,97950.27190535897,155697451.47083917,0.0,0.0,115,0.0
10-230-01412,BIHAR,Patna,Daniawan,0,0,,212,10,1412,,69689.77872311571,79566220.36857046,0.0,0.0,56,0.0
10-230-01414,BIHAR,Patna,Bakhtiarpur,0,0,,212,10,1414,,120205.01587822943,168153072.20481881,0.0,0.0,120,0.0
10-230-01416,BIHAR,Patna,Belchhi,0,0,,212,10,1416,,88573.78025963024,87443681.0926542,0.0,0.0,70,0.0
10-230-01417,BIHAR,Patna,Barh,0,0,,212,10,1417,,95365.9771693495,147280816.515725,0.0,0.0,104,0.0
10-230-01419,BIHAR,Patna,Ghoswari,0,0,,212,10,1419,,66454.95033385535,164897376.1169027,0.0,0.0,126,0.0
10-230-01418,BIHAR,Patna,Pandarak,0,0,,212,10,1418,,106894.44852036482,252509471.6555304,0.0,0.0,180,0.0
10-232-01438,BIHAR,Buxar,Chaugain,0,0,,194,10,1438,,52625.33924401454,66025696.44875917,0.0,0.0,49,0.0
10-232-01439,BIHAR,Buxar,Kesath,0,0,,194,10,1439,,34661.84662025829,38236018.49691825,0.0,0.0,29,0.0
10-230-01420,BIHAR,Patna,Mokameh,0,0,,212,10,1420,,127700.39840194934,244519830.48183808,0.0,0.0,181,0.0
10-231-01421,BIHAR,Bhojpur,Shahpur,0,0,,193,10,1421,,110658.91431619873,211766871.4500774,0.0,0.0,156,0.0
10-234-01460,BIHAR,Rohtas,Suryapura,0,0,,215,10,1460,,56159.7630280001,69765063.31452103,6.970047760009767e-07,6.970047760009767e-07,47,3.27592244720459e-05
10-231-01422,BIHAR,Bhojpur,Arrah,0,0,,193,10,1422,,120924.06747051864,221925641.7145924,0.0,0.0,159,0.0
10-231-01423,BIHAR,Bhojpur,Barhara,0,0,,193,10,1423,,128817.96875565937,258494738.36324885,0.0,0.0,191,0.0
10-231-01424,BIHAR,Bhojpur,Koilwar,0,0,,193,10,1424,,94779.33453556667,208456312.66749656,0.0,0.0,149,0.0
10-231-01425,BIHAR,Bhojpur,Sandesh,0,0,,193,10,1425,,60697.76797134289,164599530.19806212,0.0,0.0,118,0.0
10-231-01426,BIHAR,Bhojpur,Udwant Nagar,0,0,,193,10,1426,,92445.60417460876,217797556.82002312,0.0,0.0,161,0.0
10-234-01461,BIHAR,Rohtas,Bikramganj,0,0,,215,10,1461,,88556.32896667719,168723569.68103397,6.970047760009767e-07,6.970047760009765e-07,129,8.991361610412597e-05
10-231-01427,BIHAR,Bhojpur,Behea,0,0,,193,10,1427,,114516.77527652554,206091349.70539597,0.0,0.0,150,0.0
10-231-01428,BIHAR,Bhojpur,Jagdishpur,0,0,,193,10,1428,,109726.00219208181,318463526.4488765,0.0,0.0,228,0.0
10-231-01429,BIHAR,Bhojpur,Piro,0,0,,193,10,1429,,100703.96274410955,268205354.86689487,6.970047760009767e-07,3.101671253204346e-07,200,6.203342506408692e-05
10-234-01462,BIHAR,Rohtas,Karakat,0,0,,215,10,1462,,102232.22868007293,251121712.10833624,2.6727197265625002e-06,1.0661090061881327e-06,176,0.00018763518508911134
10-231-01430,BIHAR,Bhojpur,Charpokhari,0,0,,193,10,1430,,88834.1327790213,135855258.49695313,0.0,0.0,95,0.0
10-231-01431,BIHAR,Bhojpur,Garhani,0,0,,193,10,1431,,93054.52180151101,137128723.85739592,0.0,0.0,103,0.0
10-231-01432,BIHAR,Bhojpur,Agiaon,0,0,,193,10,1432,,87534.07309197474,191419206.17039648,0.0,0.0,139,0.0
10-231-01433,BIHAR,Bhojpur,Tarari,0,0,,193,10,1433,,95157.98131215997,247108515.4982669,6.970047760009767e-07,7.481972171761898e-08,177,1.3243090744018558e-05
10-231-01434,BIHAR,Bhojpur,Sahar,0,0,,193,10,1434,,61748.81499939302,157154129.14318892,0.0,0.0,117,0.0
10-232-01435,BIHAR,Buxar,Simri,0,0,,194,10,1435,,87047.69219699135,222195796.247413,6.981584930419922e-07,4.6827703801597037e-08,164,7.679743423461914e-06
10-232-01436,BIHAR,Buxar,Chakki,0,0,,194,10,1436,,73799.54032015939,80420668.23199363,0.0,0.0,64,0.0
10-232-01437,BIHAR,Buxar,Barhampur,0,0,,194,10,1437,,133928.15369382405,240152233.65370417,0.0,0.0,173,0.0
10-232-01440,BIHAR,Buxar,Dumraon,0,0,,194,10,1440,,115797.88145848007,238641355.07175583,6.981584930419922e-07,2.106868825156308e-07,169,3.560608314514161e-05
10-232-01441,BIHAR,Buxar,Buxar,0,0,,194,10,1441,,90996.21871903203,211591033.38394436,6.981584930419922e-07,6.848178848946931e-07,157,0.00010751640792846682
10-232-01442,BIHAR,Buxar,Chausa,0,0,,194,10,1442,,99103.08457070828,138502720.57991108,3.2304619140625e-05,1.275808024468823e-05,107,0.0013651145861816405
10-232-01443,BIHAR,Buxar,Rajpur,0,0,,194,10,1443,,121142.9666413415,336933113.12217736,3.2304619140625e-05,1.7796443719046458e-05,245,0.004360128711166382
10-232-01444,BIHAR,Buxar,Itarhi,0,0,,194,10,1444,,109439.3274763228,293713382.2816445,2.1135549316406252e-05,8.93731610968923e-07,209,0.0001867899066925049
10-232-01445,BIHAR,Buxar,Nawanagar,0,0,,194,10,1445,,126567.10382889764,229774401.79100823,2.1135549316406252e-05,7.614887282693174e-07,169,0.00012869159507751464
10-233-01446,BIHAR,Kaimur (Bhabua),Ramgarh,0,0,,200,10,1446,,124781.0721120257,206666195.02442607,3.2304619140625e-05,2.2249539010761592e-05,151,0.0033596803906250005
10-233-01447,BIHAR,Kaimur (Bhabua),Nuaon,0,0,,200,10,1447,,121732.74643995032,235834986.4758632,3.2304619140625e-05,3.057181514985381e-05,171,0.005227780390625001
10-233-01448,BIHAR,Kaimur (Bhabua),Kudra,0,0,,200,10,1448,,132624.50147962422,255577893.54332253,4.48639599609375e-05,3.968073993985615e-05,189,0.007499659848632812
10-233-01449,BIHAR,Kaimur (Bhabua),Mohania,0,0,,200,10,1449,,142323.6809133636,349176573.6513165,4.48639599609375e-05,2.434757406234741e-05,256,0.006232978959960937
10-233-01450,BIHAR,Kaimur (Bhabua),Durgawati,0,0,,200,10,1450,,108544.41183902678,212580801.4059764,0.0,0.0,154,0.0
10-233-01451,BIHAR,Kaimur (Bhabua),Chand,0,0,,200,10,1451,,97099.60209928264,257974481.1925409,4.222618713378906e-06,1.2261074885916202e-06,188,0.0002305082078552246
10-233-01452,BIHAR,Kaimur (Bhabua),Chainpur,0,0,,200,10,1452,,170712.34536647963,555311526.8488017,7.208751220703126e-06,1.6927595154483431e-06,407,0.0006889531227874757
10-233-01453,BIHAR,Kaimur (Bhabua),Bhabua,0,0,,200,10,1453,,143727.89821118704,407618990.38615096,4.48639599609375e-05,2.3937412448515525e-05,301,0.007205161147003173
10-233-01454,BIHAR,Kaimur (Bhabua),Rampur,0,0,,200,10,1454,,126612.15498309073,210660395.23746365,4.48639599609375e-05,3.131353492685612e-05,149,0.004665716704101562
10-233-01455,BIHAR,Kaimur (Bhabua),Bhagwanpur,0,0,,200,10,1455,,134815.05705103654,292151198.96788174,4.48639599609375e-05,1.2760498450401268e-05,211,0.0026924651730346675
10-233-01456,BIHAR,Kaimur (Bhabua),Adhaura,0,0,,200,10,1456,,271357.2345421078,1135984955.9859164,4.48639599609375e-05,4.880572589952119e-06,833,0.004065516967430115
10-234-01457,BIHAR,Rohtas,Kochas,0,0,,215,10,1457,,90248.48407846906,187033418.62218276,3.2304619140625e-05,2.4604730095140865e-05,132,0.003247824372558594
10-234-01458,BIHAR,Rohtas,Dinara,0,0,,215,10,1458,,157118.7651045217,464648316.8452498,2.1135549316406252e-05,1.6340582855314105e-05,341,0.00557213875366211
10-234-01459,BIHAR,Rohtas,Dawath,0,0,,215,10,1459,,78120.6651060775,129910427.66035384,6.970047760009767e-07,6.970047760009767e-07,94,6.55184489440918e-05
10-234-01466,BIHAR,Rohtas,Nokha,0,0,,215,10,1466,,82152.91978314315,208772248.59610957,2.1135549316406252e-05,8.389092135042758e-06,148,0.0012415856359863282
10-235-01476,BIHAR,Aurangabad,Daudnagar,0,0,,189,10,1476,,91010.07504965532,238139281.75712803,2.6727197265625002e-06,1.949085047930137e-06,174,0.0003391407983398438
10-234-01467,BIHAR,Rohtas,Kargahar,0,0,,215,10,1467,,128509.87472624176,406135690.59563094,4.48639599609375e-05,1.975003765621701e-05,296,0.005846011146240235
10-234-01468,BIHAR,Rohtas,Chenari,0,0,,215,10,1468,,121720.69626398994,292642418.8385522,4.48639599609375e-05,2.3955050545625906e-05,215,0.0051503358673095695
10-234-01469,BIHAR,Rohtas,Nauhatta,0,0,,215,10,1469,,175494.75594492842,478591449.404211,1.5518062744140625e-05,7.861686267960545e-06,354,0.002783036938858033
10-234-01470,BIHAR,Rohtas,Sheosagar,0,0,,215,10,1470,,135463.8765525897,406503956.12222886,4.48639599609375e-05,7.591574483580509e-06,295,0.0022395144726562503
10-234-01471,BIHAR,Rohtas,Sasaram,0,0,,215,10,1471,,135810.11950728856,394273130.8742507,8.102872924804688e-06,5.90994219023606e-06,290,0.0017138832351684574
10-234-01473,BIHAR,Rohtas,Dehri,0,0,,215,10,1473,,97323.52013589225,199371136.99043605,8.102872924804688e-06,3.126247564907732e-06,145,0.0004533058969116212
10-235-01477,BIHAR,Aurangabad,Haspura,0,0,,189,10,1477,,88845.10694940752,164519986.5205008,1.8443484497070315e-06,1.8138633513647665e-06,121,0.00021947746551513676
10-235-01478,BIHAR,Aurangabad,Goh,0,0,,189,10,1478,,122286.20877621078,374665187.3660463,1.8443484497070315e-06,5.153326550651999e-07,272,0.00014017048217773438
10-236-01491,BIHAR,Gaya,Neem Chak Bathani,0,0,,196,10,1491,,79540.44278654993,146770773.7769567,0.0,0.0,103,0.0
10-235-01479,BIHAR,Aurangabad,Rafiganj,0,0,,189,10,1479,,167069.30684925965,465687847.79432577,1.8443484497070315e-06,3.840139000856283e-07,341,0.00013094873992919924
10-235-01480,BIHAR,Aurangabad,Obra,0,0,,189,10,1480,,130720.05569071589,327203821.09876627,2.6727197265625002e-06,1.9232212134252625e-06,237,0.0004558034275817872
10-236-01494,BIHAR,Gaya,Manpur,0,0,,196,10,1494,,77081.78707553667,161226183.41058797,0.0,0.0,115,0.0
10-235-01481,BIHAR,Aurangabad,Aurangabad,0,0,,189,10,1481,,125502.68609205673,344679798.38062614,5.346430206298828e-07,1.2113005936145784e-07,256,3.100929519653321e-05
10-237-01511,BIHAR,Nawada,Nardiganj,0,0,,210,10,1511,,60262.24041371029,129808165.4472442,0.0,0.0,95,0.0
10-235-01482,BIHAR,Aurangabad,Barun,0,0,,189,10,1482,,117269.30390529483,381782699.30215496,2.6727197265625002e-06,1.2218819618225099e-06,280,0.0003421269493103028
10-235-01483,BIHAR,Aurangabad,Nabinagar,0,0,,189,10,1483,,173491.30877801325,657546828.2218357,1.5518062744140625e-05,3.1159494871530476e-06,483,0.001505003602294922
10-235-01484,BIHAR,Aurangabad,Kutumba,0,0,,189,10,1484,,110495.73757590447,319048251.76106954,1.1765031433105468e-06,8.569745232861114e-07,229,0.00019624716583251952
10-235-01485,BIHAR,Aurangabad,Deo,0,0,,189,10,1485,,158578.88849021672,336990745.1586724,1.1765031433105468e-06,2.816399830366036e-07,251,7.06916357421875e-05
10-235-01486,BIHAR,Aurangabad,Madanpur,0,0,,189,10,1486,,153529.37367368402,418713952.50229967,0.0,0.0,309,0.0
10-236-01487,BIHAR,Gaya,Konch,0,0,,196,10,1487,,154041.56172387034,319288521.7326548,0.0,0.0,232,0.0
10-236-01488,BIHAR,Gaya,Tikari,0,0,,196,10,1488,,122221.36853604284,290576655.12704176,0.0,0.0,218,0.0
10-236-01489,BIHAR,Gaya,Belaganj,0,0,,196,10,1489,,113473.13279109563,240372540.95814112,0.0,0.0,180,0.0
10-236-01490,BIHAR,Gaya,Khizirsarai,0,0,,196,10,1490,,103698.13096672995,223124430.97950032,0.0,0.0,165,0.0
10-236-01492,BIHAR,Gaya,Muhra,0,0,,196,10,1492,,93681.45756176667,181269438.2139707,0.0,0.0,134,0.0
10-236-01493,BIHAR,Gaya,Atri,0,0,,196,10,1493,,103075.15367958385,161340647.62451813,0.0,0.0,119,0.0
10-236-01495,BIHAR,Gaya,Gaya Town C.D.Block,0,0,,196,10,1495,,91678.58033080616,224144813.6021213,0.0,0.0,161,0.0
10-236-01496,BIHAR,Gaya,Paraiya,0,0,,196,10,1496,,75593.31264449215,167300846.5298876,0.0,0.0,120,0.0
10-236-01497,BIHAR,Gaya,Guraru,0,0,,196,10,1497,,81292.54933661391,199646285.7542363,0.0,0.0,147,0.0
10-237-01512,BIHAR,Nawada,Nawada,0,0,,210,10,1512,,86822.75137888109,219317998.1072041,0.0,0.0,157,0.0
10-236-01498,BIHAR,Gaya,Gurua,0,0,,196,10,1498,,117859.62964526065,238015237.1519128,0.0,0.0,173,0.0
10-236-01499,BIHAR,Gaya,Amas,0,0,,196,10,1499,,100546.69423332924,128484051.44985774,0.0,0.0,95,0.0
10-237-01517,BIHAR,Nawada,Roh,0,0,,210,10,1517,,77804.52626079548,192537548.9783989,0.0,0.0,144,0.0
10-236-01500,BIHAR,Gaya,Banke Bazar,0,0,,196,10,1500,,85166.97220092022,256240042.68049288,0.0,0.0,186,0.0
10-236-01501,BIHAR,Gaya,Imamganj,0,0,,196,10,1501,,136271.57775821586,316917295.57645696,5.364617462158203e-06,1.1223049084012976e-06,239,0.00026823087310791013
10-236-01502,BIHAR,Gaya,Dumaria,0,0,,196,10,1502,,119690.94596035974,390676703.928496,5.364617462158203e-06,5.153380217970463e-07,285,0.00014687133621215818
10-236-01503,BIHAR,Gaya,Sherghati,0,0,,196,10,1503,,100322.2973073121,167902109.12194017,0.0,0.0,123,0.0
10-238-01531,BIHAR,Jamui,Gidhaur,0,0,,198,10,1531,,55211.5633940527,100392309.18230554,0.0,0.0,75,0.0
10-236-01504,BIHAR,Gaya,Dobhi,0,0,,196,10,1504,,103572.88994215836,218837778.49499393,0.0,0.0,161,0.0
10-236-01505,BIHAR,Gaya,Bodh Gaya,0,0,,196,10,1505,,120948.91182130505,306843965.9119923,0.0,0.0,230,0.0
10-236-01506,BIHAR,Gaya,Tan Kuppa,0,0,,196,10,1506,,108147.94853451202,190099968.23000297,0.0,0.0,134,0.0
10-240-01542,BIHAR,Arwal,Arwal,0,0,,611,10,1542,,73924.8054791393,147787869.27798152,0.0,0.0,104,0.0
10-236-01507,BIHAR,Gaya,Wazirganj,0,0,,196,10,1507,,105472.06999302967,323030583.61833626,0.0,0.0,236,0.0
10-236-01508,BIHAR,Gaya,Fatehpur,0,0,,196,10,1508,,155359.44599717355,408449805.62920874,0.0,0.0,304,0.0
10-240-01543,BIHAR,Arwal,Kaler,0,0,,611,10,1543,,67777.19153730445,176075758.749563,1.8443484497070315e-06,3.0973790758438693e-07,131,4.057566589355469e-05
10-236-01509,BIHAR,Gaya,Mohanpur,0,0,,196,10,1509,,119906.24818546322,418796109.2883684,0.0,0.0,303,0.0
10-240-01544,BIHAR,Arwal,Karpi,0,0,,611,10,1544,,158139.92638461498,234985661.7206014,1.8443484497070315e-06,1.6084434154421787e-07,172,2.7665226745605473e-05
10-236-01510,BIHAR,Gaya,Barachatti,0,0,,196,10,1510,,138753.78132836288,366328956.31361085,0.0,0.0,275,0.0
10-237-01513,BIHAR,Nawada,Warisaliganj,0,0,,210,10,1513,,109792.76918459819,202861050.3008767,0.0,0.0,147,0.0
10-237-01514,BIHAR,Nawada,Kashi Chak,0,0,,210,10,1514,,73948.94452619922,98983451.20841853,0.0,0.0,72,0.0
10-237-01515,BIHAR,Nawada,Pakribarawan,0,0,,210,10,1515,,104545.76938151139,251834567.85717744,0.0,0.0,184,0.0
10-237-01516,BIHAR,Nawada,Kawakol,0,0,,210,10,1516,,121170.20018263235,362955647.76482904,0.0,0.0,266,0.0
10-237-01518,BIHAR,Nawada,Gobindpur,0,0,,210,10,1518,,73133.35659787485,188189390.13263756,0.0,0.0,140,0.0
10-237-01519,BIHAR,Nawada,Akbarpur,0,0,,210,10,1519,,91268.2921062847,249541236.96202633,0.0,0.0,184,0.0
10-237-01520,BIHAR,Nawada,Hisua,0,0,,210,10,1520,,85113.4923130193,144090762.99664384,0.0,0.0,104,0.0
10-237-01521,BIHAR,Nawada,Narhat,0,0,,210,10,1521,,62856.50481924386,99624005.77002536,0.0,0.0,69,0.0
10-237-01522,BIHAR,Nawada,Meskaur,0,0,,210,10,1522,,75185.00287586387,145604023.18435815,0.0,0.0,112,0.0
10-237-01523,BIHAR,Nawada,Sirdala,0,0,,210,10,1523,,111278.51695598938,301894539.186342,0.0,0.0,218,0.0
10-237-01524,BIHAR,Nawada,Rajauli,0,0,,210,10,1524,,132370.86211000624,450216393.36794454,0.0,0.0,333,0.0
10-238-01525,BIHAR,Jamui,Islamnagar Aliganj,0,0,,198,10,1525,,96153.77396855215,213408239.47295904,0.0,0.0,156,0.0
10-238-01526,BIHAR,Jamui,Sikandra,0,0,,198,10,1526,,86788.2538333537,223096734.30010977,0.0,0.0,162,0.0
10-238-01527,BIHAR,Jamui,Jamui,0,0,,198,10,1527,,90084.78430112793,212157753.6648698,0.0,0.0,155,0.0
10-238-01528,BIHAR,Jamui,Barhat,0,0,,198,10,1528,,114104.37581341481,270298087.1382075,0.0,0.0,197,0.0
10-238-01529,BIHAR,Jamui,Lakshmipur,0,0,,198,10,1529,,112147.89260238525,307635253.00857943,0.0,0.0,225,0.0
10-238-01530,BIHAR,Jamui,Jhajha,0,0,,198,10,1530,,147664.43327942316,507112726.974952,7.845176696777345e-07,6.170125456114074e-07,370,0.00022829464187622072
10-238-01532,BIHAR,Jamui,Khaira,0,0,,198,10,1532,,142747.05687020053,513762691.7981683,0.0,0.0,377,0.0
10-238-01533,BIHAR,Jamui,Sono,0,0,,198,10,1533,,117724.39892386932,474283005.7300444,1.8135289001464845e-06,1.2643680823908156e-07,349,4.412644607543946e-05
10-238-01534,BIHAR,Jamui,Chakai,0,0,,198,10,1534,,243956.2217086091,956725034.6798706,2.510467529296875e-06,1.916412075369699e-06,700,0.001341488452758789
10-239-01535,BIHAR,Jehanabad,Ratni Faridpur,0,0,,199,10,1535,,82762.53932271499,155018952.20303965,0.0,0.0,114,0.0
10-239-01536,BIHAR,Jehanabad,Jehanabad,0,0,,199,10,1536,,97254.09844747804,201426556.69272655,0.0,0.0,148,0.0
10-239-01537,BIHAR,Jehanabad,Kako,0,0,,199,10,1537,,83599.3529020472,162373941.78194478,0.0,0.0,118,0.0
10-239-01538,BIHAR,Jehanabad,Modanganj,0,0,,199,10,1538,,66522.90037500951,97205276.85869928,0.0,0.0,69,0.0
10-239-01539,BIHAR,Jehanabad,Ghoshi,0,0,,199,10,1539,,82931.95174196921,112225161.55433495,0.0,0.0,83,0.0
10-239-01540,BIHAR,Jehanabad,Makhdumpur,0,0,,199,10,1540,,128831.72570768485,301471679.33572614,0.0,0.0,217,0.0
10-239-01541,BIHAR,Jehanabad,Hulasganj,0,0,,199,10,1541,,87179.53907708311,119677697.18988888,0.0,0.0,90,0.0
10-240-01545,BIHAR,Arwal,Sonbhadra Banshi Suryapur,0,0,,611,10,1545,,62692.97791397586,116643000.97724338,0.0,0.0,83,0.0
10-240-01546,BIHAR,Arwal,Kurtha,0,0,,611,10,1546,,71585.17106640573,106433073.5354984,0.0,0.0,78,0.0
10-224-01334,BIHAR,Bhagalpur,Gopalpur,0,0,,192,10,1334,,95407.9186210158,208941966.91883087,0.0,0.0,153,0.0
10-210-01127,BIHAR,Kishanganj,Kishanganj,0,0,,203,10,1127,,125268.33771117091,207105687.55921903,0.0,0.0,152,0.0
10-206-01064,BIHAR,Sitamarhi,Suppi,0,0,,221,10,1064,,71084.15120823232,92250451.53846286,0.0,0.0,66,0.0
10-234-01463,BIHAR,Rohtas,Nasriganj,0,0,,215,10,1463,,90034.07903274363,167356919.18355417,3.5324026489257817e-06,5.57161356608073e-07,126,7.02023309326172e-05
10-234-01464,BIHAR,Rohtas,Rajpur,0,0,,215,10,1464,,68660.48684625747,85633596.4997788,0.0,0.0,63,0.0
10-234-01465,BIHAR,Rohtas,Sanjhauli,0,0,,215,10,1465,,56591.722358052,83833486.39015438,3.69700439453125e-06,2.9928130812872025e-06,63,0.00018854722412109376
10-203-01023,BIHAR,Pashchim Champaran,Thakrahan,0,0,,211,10,1023,,79847.09402015881,199004696.79409248,0.0,0.0,145,0.0
10-204-01054,BIHAR,Purbi Champaran,Phenhara,0,0,,213,10,1054,,44565.43736457999,67645025.94776015,0.0,0.0,51,0.0
10-219-01262,BIHAR,Saran,Maker,0,0,,218,10,1262,,62357.8736467211,96585777.9808088,0.0,0.0,71,0.0
10-220-01282,BIHAR,Vaishali,Sahdai Buzurg,0,0,,224,10,1282,,74546.65030748869,114161677.3631406,0.0,0.0,84,0.0
10-229-01388,BIHAR,Nalanda,Tharthari,0,0,,209,10,1388,,71853.42144919158,77411758.12428828,0.0,0.0,54,0.0
10-229-01389,BIHAR,Nalanda,Parbalpur,0,0,,209,10,1389,,54466.2339431045,76043839.88376136,0.0,0.0,56,0.0
10-203-01022,BIHAR,Pashchim Champaran,Bhitaha,0,0,,211,10,1022,,72626.86760213553,166969906.7472905,0.0,0.0,117,0.0
10-203-01013,BIHAR,Pashchim Champaran,Sidhaw,0,0,,211,10,1013,,195582.3602130639,1085337194.6715722,0.0,0.0,781,0.0
10-203-01014,BIHAR,Pashchim Champaran,Ramnagar,0,0,,211,10,1014,,230865.78384139363,866139404.2451236,0.0,0.0,621,0.0
10-203-01015,BIHAR,Pashchim Champaran,Gaunaha,0,0,,211,10,1015,,136504.94021895694,605322845.3823951,0.0,0.0,441,0.0
10-203-01016,BIHAR,Pashchim Champaran,Mainatanr,0,0,,211,10,1016,,115419.13930249632,312998546.4010918,0.0,0.0,221,0.0
10-203-01017,BIHAR,Pashchim Champaran,Narkatiaganj,0,0,,211,10,1017,,149144.20649331805,441857686.2127825,0.0,0.0,314,0.0
10-203-01018,BIHAR,Pashchim Champaran,Lauriya,0,0,,211,10,1018,,120853.32018665274,255440417.54612216,0.0,0.0,183,0.0
10-203-01019,BIHAR,Pashchim Champaran,Bagaha,0,0,,211,10,1019,,135587.24079810514,491292931.53180623,0.0,0.0,352,0.0
10-203-01021,BIHAR,Pashchim Champaran,Madhubani,0,0,,211,10,1021,,144670.82201821523,386116138.1353823,0.0,0.0,276,0.0
10-203-01024,BIHAR,Pashchim Champaran,Jogapatti,0,0,,211,10,1024,,88530.23644360513,258722436.3759333,0.0,0.0,186,0.0
10-203-01029,BIHAR,Pashchim Champaran,Bairia,0,0,,211,10,1029,,105039.82861382668,288505226.87341565,0.0,0.0,208,0.0
10-203-01025,BIHAR,Pashchim Champaran,Chanpatia,0,0,,211,10,1025,,113543.7602983494,310017349.34780717,0.0,0.0,226,0.0
10-206-01071,BIHAR,Sitamarhi,Parsauni,0,0,,221,10,1071,,63729.135625112256,74724139.64418457,0.0,0.0,55,0.0
10-203-01026,BIHAR,Pashchim Champaran,Sikta,0,0,,211,10,1026,,93443.22825707054,255004178.86147365,0.0,0.0,183,0.0
10-203-01027,BIHAR,Pashchim Champaran,Majhaulia,0,0,,211,10,1027,,123374.4030721297,371511179.15939575,0.0,0.0,265,0.0
10-203-01028,BIHAR,Pashchim Champaran,Bettiah,0,0,,211,10,1028,,53968.26030594324,83182055.35378212,0.0,0.0,59,0.0
10-203-01030,BIHAR,Pashchim Champaran,Nautan,0,0,,211,10,1030,,122656.63983711715,245738630.13883996,0.0,0.0,171,0.0
10-204-01031,BIHAR,Purbi Champaran,Raxaul,0,0,,213,10,1031,,98709.78801801558,166685360.13968688,0.0,0.0,124,0.0
10-206-01072,BIHAR,Sitamarhi,Belsand,0,0,,221,10,1072,,66235.5873217276,97354060.86547032,0.0,0.0,70,0.0
10-206-01073,BIHAR,Sitamarhi,Runisaidpur,0,0,,221,10,1073,,152472.54206325076,334873257.0825382,0.0,0.0,243,0.0
10-204-01032,BIHAR,Purbi Champaran,Adapur,0,0,,213,10,1032,,94532.37688292323,199608924.7111849,0.0,0.0,148,0.0
10-206-01074,BIHAR,Sitamarhi,Dumra,0,0,,221,10,1074,,111649.34177378344,241159212.36062923,0.0,0.0,178,0.0
10-204-01033,BIHAR,Purbi Champaran,Ramgarhwa,0,0,,213,10,1033,,90718.26831189607,213035907.5226096,0.0,0.0,154,0.0
10-204-01034,BIHAR,Purbi Champaran,Sugauli,0,0,,213,10,1034,,84892.41923436844,209336830.19001696,0.0,0.0,149,0.0
10-204-01038,BIHAR,Purbi Champaran,Ghorasahan,0,0,,213,10,1038,,75335.10865687576,144368243.47105,0.0,0.0,104,0.0
10-204-01035,BIHAR,Purbi Champaran,Banjaria,0,0,,213,10,1035,,102381.40449613356,176960195.87167916,0.0,0.0,124,0.0
10-204-01047,BIHAR,Purbi Champaran,Kesaria,0,0,,213,10,1047,,87546.8206889307,229535442.11688668,0.0,0.0,168,0.0
10-204-01036,BIHAR,Purbi Champaran,Narkatia,0,0,,213,10,1036,,105607.09704406632,168338010.30978012,0.0,0.0,120,0.0
10-204-01037,BIHAR,Purbi Champaran,Bankatwa,0,0,,213,10,1037,,99233.37216886049,115311013.90225838,0.0,0.0,82,0.0
10-204-01039,BIHAR,Purbi Champaran,Dhaka,0,0,,213,10,1039,,97673.73467814895,202386545.86227983,0.0,0.0,145,0.0
10-204-01048,BIHAR,Purbi Champaran,Kalyanpur,0,0,,213,10,1048,,109413.20044555076,313300912.50613195,0.0,0.0,230,0.0
10-204-01040,BIHAR,Purbi Champaran,Chiraia,0,0,,213,10,1040,,110764.71696779084,272984575.32652414,0.0,0.0,199,0.0
10-204-01041,BIHAR,Purbi Champaran,Motihari,0,0,,213,10,1041,,181544.26702654368,319814691.13850176,0.0,0.0,241,0.0
10-204-01049,BIHAR,Purbi Champaran,Kotwa,0,0,,213,10,1049,,78879.98205471091,178282937.71225017,0.0,0.0,126,0.0
10-204-01042,BIHAR,Purbi Champaran,Turkaulia,0,0,,213,10,1042,,99475.78497366334,174748315.94966665,0.0,0.0,130,0.0
10-204-01050,BIHAR,Purbi Champaran,Piprakothi,0,0,,213,10,1050,,58369.33889310607,62223774.49301849,0.0,0.0,45,0.0
10-204-01043,BIHAR,Purbi Champaran,Harsidhi,0,0,,213,10,1043,,133904.34238337883,240218359.62130272,0.0,0.0,173,0.0
10-204-01044,BIHAR,Purbi Champaran,Paharpur,0,0,,213,10,1044,,108730.62076802726,192061375.0173064,0.0,0.0,144,0.0
10-204-01045,BIHAR,Purbi Champaran,Areraj,0,0,,213,10,1045,,93331.67353690567,242725576.26244012,0.0,0.0,174,0.0
10-204-01046,BIHAR,Purbi Champaran,Sangrampur,0,0,,213,10,1046,,78133.67961210197,187659878.02718252,0.0,0.0,133,0.0
10-204-01051,BIHAR,Purbi Champaran,Chakia(Pipra),0,0,,213,10,1051,,129110.66914194856,212940547.80779588,0.0,0.0,145,0.0
10-204-01052,BIHAR,Purbi Champaran,Pakri Dayal,0,0,,213,10,1052,,90143.40730437863,148110040.62869397,0.0,0.0,106,0.0
10-204-01053,BIHAR,Purbi Champaran,Patahi,0,0,,213,10,1053,,85994.51677214028,144960443.14880535,0.0,0.0,100,0.0
10-204-01055,BIHAR,Purbi Champaran,Madhuban,0,0,,213,10,1055,,112681.00006095257,152424272.44650427,0.0,0.0,114,0.0
10-204-01056,BIHAR,Purbi Champaran,Tetaria,0,0,,213,10,1056,,82320.72754353678,104458405.63845472,0.0,0.0,74,0.0
10-205-01058,BIHAR,Sheohar,Purnahiya,0,0,,220,10,1058,,57294.126150412616,80859097.14068061,0.0,0.0,59,0.0
10-204-01057,BIHAR,Purbi Champaran,Mehsi,0,0,,213,10,1057,,125063.78039343117,149773808.08158112,0.0,0.0,108,0.0
10-205-01059,BIHAR,Sheohar,Piprarhi,0,0,,220,10,1059,,105870.45511307275,104265216.9562483,0.0,0.0,77,0.0
10-205-01060,BIHAR,Sheohar,Sheohar,0,0,,220,10,1060,,81007.5322908237,115638983.35873616,0.0,0.0,83,0.0
10-205-01061,BIHAR,Sheohar,Dumri Katsari,0,0,,220,10,1061,,65038.65439014734,84655470.24819931,0.0,0.0,59,0.0
10-205-01062,BIHAR,Sheohar,Tariani Chowk,0,0,,220,10,1062,,97491.22869259815,171878914.60720828,0.0,0.0,126,0.0
10-206-01063,BIHAR,Sitamarhi,Bairgania,0,0,,221,10,1063,,59598.621146511534,94417571.99630062,0.0,0.0,70,0.0
10-206-01065,BIHAR,Sitamarhi,Majorganj,0,0,,221,10,1065,,62808.55729710282,95411217.42446172,0.0,0.0,68,0.0
10-206-01066,BIHAR,Sitamarhi,Sonbarsa,0,0,,221,10,1066,,92820.94699371175,224104085.6083578,0.0,0.0,155,0.0
10-206-01067,BIHAR,Sitamarhi,Parihar,0,0,,221,10,1067,,86838.20299610356,272812569.4060281,0.0,0.0,197,0.0
10-207-01095,BIHAR,Madhubani,Rajnagar,0,0,,206,10,1095,,78809.12744912357,223111125.2667772,0.0,0.0,158,0.0
10-206-01068,BIHAR,Sitamarhi,Sursand,0,0,,221,10,1068,,91215.71647520129,181412871.1123928,0.0,0.0,134,0.0
10-206-01069,BIHAR,Sitamarhi,Bathnaha,0,0,,221,10,1069,,120764.04051803834,251403523.12922087,0.0,0.0,185,0.0
10-206-01070,BIHAR,Sitamarhi,Riga,0,0,,221,10,1070,,129433.73210860479,163724219.02092636,0.0,0.0,114,0.0
10-210-01123,BIHAR,Kishanganj,Thakurganj,0,0,,203,10,1123,,224971.2940646554,491161543.46963537,0.0,0.0,353,0.0
10-210-01124,BIHAR,Kishanganj,Pothia,0,0,,203,10,1124,,167388.9118766352,443844792.4531903,0.0,0.0,321,0.0
10-210-01125,BIHAR,Kishanganj,Bahadurganj,0,0,,203,10,1125,,155296.13881782343,347494200.8377232,0.0,0.0,251,0.0
10-210-01126,BIHAR,Kishanganj,Kochadhamin,0,0,,203,10,1126,,139640.52665725534,360840233.8364798,0.0,0.0,258,0.0
10-211-01128,BIHAR,Purnia,Banmankhi,0,0,,214,10,1128,,142815.61519736593,459936087.34673214,0.0,0.0,333,0.0
10-206-01075,BIHAR,Sitamarhi,Bajpatti,0,0,,221,10,1075,,90407.29439213518,174303329.1783474,0.0,0.0,125,0.0
10-206-01076,BIHAR,Sitamarhi,Charaut,0,0,,221,10,1076,,85128.15752493152,91349700.81924292,0.0,0.0,62,0.0
10-206-01077,BIHAR,Sitamarhi,Pupri,0,0,,221,10,1077,,73992.24203369493,115338203.66308306,0.0,0.0,82,0.0
10-206-01078,BIHAR,Sitamarhi,Nanpur,0,0,,221,10,1078,,73315.01223618646,135892566.9983101,0.0,0.0,100,0.0
10-220-01283,BIHAR,Vaishali,Mahnar,0,0,,224,10,1283,,81638.1139853176,126474580.44313861,0.0,0.0,89,0.0
10-206-01079,BIHAR,Sitamarhi,Bokhara,0,0,,221,10,1079,,81978.13188098712,108574895.39827529,0.0,0.0,79,0.0
10-207-01080,BIHAR,Madhubani,Madhwapur,0,0,,206,10,1080,,88808.76172423853,137557654.90878707,0.0,0.0,103,0.0
10-207-01081,BIHAR,Madhubani,Harlakhi,0,0,,206,10,1081,,90217.76640094945,187441757.00046396,0.0,0.0,138,0.0
10-207-01082,BIHAR,Madhubani,Basopatti,0,0,,206,10,1082,,97634.90682970545,164238774.4639331,0.0,0.0,122,0.0
10-207-01089,BIHAR,Madhubani,Khajauli,0,0,,206,10,1089,,91171.28062794723,150968724.81279027,0.0,0.0,108,0.0
10-207-01083,BIHAR,Madhubani,Jainagar,0,0,,206,10,1083,,81489.61423509955,161880108.8306139,0.0,0.0,115,0.0
10-207-01090,BIHAR,Madhubani,Kaluahi,0,0,,206,10,1090,,62305.281593423286,101560283.08963235,0.0,0.0,75,0.0
10-207-01084,BIHAR,Madhubani,Ladania,0,0,,206,10,1084,,97928.14946240213,232665607.5684243,0.0,0.0,164,0.0
10-207-01085,BIHAR,Madhubani,Laukaha,0,0,,206,10,1085,,102032.19667129294,266340932.00179368,0.0,0.0,197,0.0
10-207-01086,BIHAR,Madhubani,Laukahi,0,0,,206,10,1086,,109679.24973352649,329223432.564553,0.0,0.0,237,0.0
10-207-01087,BIHAR,Madhubani,Phulparas,0,0,,206,10,1087,,117974.41186319289,199352334.8677591,0.0,0.0,140,0.0
10-207-01088,BIHAR,Madhubani,Babubarhi,0,0,,206,10,1088,,118996.04641992833,237192379.86086744,0.0,0.0,174,0.0
10-207-01091,BIHAR,Madhubani,Benipatti,0,0,,206,10,1091,,128414.2409747215,328987645.9449377,0.0,0.0,231,0.0
10-207-01092,BIHAR,Madhubani,Bisfi,0,0,,206,10,1092,,99754.46134559005,226192948.413646,0.0,0.0,165,0.0
10-207-01093,BIHAR,Madhubani,Madhubani,0,0,,206,10,1093,,109764.71764889831,200359220.56727448,0.0,0.0,142,0.0
10-207-01094,BIHAR,Madhubani,Pandaul,0,0,,206,10,1094,,102372.75527307783,208327489.63825428,0.0,0.0,148,0.0
10-207-01096,BIHAR,Madhubani,Andhratharhi,0,0,,206,10,1096,,97300.5167595078,186769445.10608673,0.0,0.0,134,0.0
10-207-01097,BIHAR,Madhubani,Jhanjharpur,0,0,,206,10,1097,,125261.96837896874,181284371.95402232,0.0,0.0,132,0.0
10-207-01098,BIHAR,Madhubani,Ghoghardiha,0,0,,206,10,1098,,114215.40677637524,211228851.4219488,0.0,0.0,159,0.0
10-207-01099,BIHAR,Madhubani,Lakhnaur,0,0,,206,10,1099,,72956.74167609161,146945623.14022,0.0,0.0,110,0.0
10-207-01100,BIHAR,Madhubani,Madhepur,0,0,,206,10,1100,,144505.38034518834,300452948.5687113,0.0,0.0,212,0.0
10-208-01101,BIHAR,Supaul,Nirmali,0,0,,223,10,1101,,123310.21889922836,162734364.67066902,0.0,0.0,118,0.0
10-208-01102,BIHAR,Supaul,Basantpur,0,0,,223,10,1102,,136288.63693043106,319456339.75100917,0.0,0.0,228,0.0
10-208-01103,BIHAR,Supaul,Chhatapur,0,0,,223,10,1103,,142271.17176584958,398825687.2446475,0.0,0.0,285,0.0
10-208-01104,BIHAR,Supaul,Pratapganj,0,0,,223,10,1104,,71155.69013184242,133032565.19323792,0.0,0.0,97,0.0
10-208-01105,BIHAR,Supaul,Raghopur,0,0,,223,10,1105,,111831.20983491397,255841046.48838165,0.0,0.0,187,0.0
10-221-01285,BIHAR,Samastipur,Warisnagar,0,0,,217,10,1285,,90241.30323013186,163846086.5162723,0.0,0.0,120,0.0
10-208-01106,BIHAR,Supaul,Saraigarh Bhaptiyahi,0,0,,223,10,1106,,105489.5116383213,257042943.27229512,0.0,0.0,189,0.0
10-208-01107,BIHAR,Supaul,Kishanpur,0,0,,223,10,1107,,125516.73810076228,248613546.3002807,0.0,0.0,177,0.0
10-208-01108,BIHAR,Supaul,Marauna,0,0,,223,10,1108,,114969.59778192453,206419565.01179272,0.0,0.0,149,0.0
10-208-01109,BIHAR,Supaul,Supaul,0,0,,223,10,1109,,122628.008173687,390920691.5720901,0.0,0.0,287,0.0
10-208-01110,BIHAR,Supaul,Pipra,0,0,,223,10,1110,,113516.78657800167,247320462.25611627,0.0,0.0,181,0.0
10-221-01287,BIHAR,Samastipur,Khanpur,0,0,,217,10,1287,,89337.20668890505,173313349.37261373,0.0,0.0,127,0.0
10-208-01111,BIHAR,Supaul,Tribeniganj,0,0,,223,10,1111,,136684.8917573132,402291551.99740016,0.0,0.0,290,0.0
10-209-01112,BIHAR,Araria,Narpatganj,0,0,,188,10,1112,,196352.82868709194,482872068.7863751,0.0,0.0,351,0.0
10-209-01113,BIHAR,Araria,Forbesganj,0,0,,188,10,1113,,165874.55860340688,546946456.996027,0.0,0.0,392,0.0
10-209-01114,BIHAR,Araria,Bhargama,0,0,,188,10,1114,,140909.75235341018,280499778.1128878,0.0,0.0,206,0.0
10-209-01115,BIHAR,Araria,Raniganj,0,0,,188,10,1115,,160625.61646677545,576910744.770993,0.0,0.0,418,0.0
10-209-01116,BIHAR,Araria,Araria,0,0,,188,10,1116,,192057.15187743204,506918787.2643526,0.0,0.0,371,0.0
10-209-01117,BIHAR,Araria,Kursakatta,0,0,,188,10,1117,,96566.38525637137,201032230.408231,0.0,0.0,147,0.0
10-209-01118,BIHAR,Araria,Sikti,0,0,,188,10,1118,,116798.35346995249,237753016.2819182,0.0,0.0,177,0.0
10-209-01119,BIHAR,Araria,Palasi,0,0,,188,10,1119,,132578.70192307016,306240761.34804773,0.0,0.0,222,0.0
10-209-01120,BIHAR,Araria,Jokihat,0,0,,188,10,1120,,155370.9524619173,341005127.7602247,0.0,0.0,246,0.0
10-210-01121,BIHAR,Kishanganj,Terhagachh,0,0,,203,10,1121,,121953.02658094271,245208326.38245347,0.0,0.0,175,0.0
10-210-01122,BIHAR,Kishanganj,Dighalbank,0,0,,203,10,1122,,147432.83262190674,314385668.4331173,0.0,0.0,224,0.0
10-211-01129,BIHAR,Purnia,Barhara,0,0,,214,10,1129,,111073.17449432175,288009141.38478667,0.0,0.0,212,0.0
10-211-01130,BIHAR,Purnia,Bhawanipur,0,0,,214,10,1130,,116656.34435182877,201938838.4795833,0.0,0.0,147,0.0
10-211-01131,BIHAR,Purnia,Rupauli,0,0,,214,10,1131,,113946.660566684,308195114.8462847,0.0,0.0,227,0.0
10-211-01132,BIHAR,Purnia,Dhamdaha,0,0,,214,10,1132,,135370.01293426772,446856166.039676,0.0,0.0,326,0.0
10-211-01133,BIHAR,Purnia,Krityanand Nagar,0,0,,214,10,1133,,149407.41850079046,364443041.21247435,0.0,0.0,274,0.0
10-211-01134,BIHAR,Purnia,Purnia East,0,0,,214,10,1134,,127662.13358515713,309272824.56310594,0.0,0.0,228,0.0
10-211-01135,BIHAR,Purnia,Kasba,0,0,,214,10,1135,,130095.64608516233,215123054.3424731,0.0,0.0,154,0.0
10-211-01136,BIHAR,Purnia,Srinagar,0,0,,214,10,1136,,106220.57404900706,172405807.6412187,0.0,0.0,122,0.0
10-211-01137,BIHAR,Purnia,Jalalgarh,0,0,,214,10,1137,,87146.39992638786,142107808.6772385,0.0,0.0,102,0.0
10-211-01138,BIHAR,Purnia,Amour,0,0,,214,10,1138,,141371.93624621196,307011870.96961224,0.0,0.0,225,0.0
10-211-01139,BIHAR,Purnia,Baisa,0,0,,214,10,1139,,132173.35304950457,275191667.549805,0.0,0.0,197,0.0
10-211-01140,BIHAR,Purnia,Baisi,0,0,,214,10,1140,,118169.54825440844,253873549.02719215,0.0,0.0,187,0.0
10-211-01141,BIHAR,Purnia,Dagarua,0,0,,214,10,1141,,129309.28146976323,257465778.6329552,0.0,0.0,180,0.0
10-212-01142,BIHAR,Katihar,Falka,0,0,,201,10,1142,,100518.70580952488,208374539.8829749,0.0,0.0,150,0.0
10-212-01143,BIHAR,Katihar,Korha,0,0,,201,10,1143,,137118.64195203967,368801327.90483874,0.0,0.0,273,0.0
10-212-01144,BIHAR,Katihar,Hasanganj,0,0,,201,10,1144,,78227.29832785497,86155111.41022065,0.0,0.0,62,0.0
10-212-01145,BIHAR,Katihar,Kadwa,0,0,,201,10,1145,,157692.68144088247,420129854.10490626,0.0,0.0,307,0.0
10-212-01146,BIHAR,Katihar,Balrampur,0,0,,201,10,1146,,141815.18317465586,216253207.31133217,0.0,0.0,151,0.0
10-212-01147,BIHAR,Katihar,Barsoi,0,0,,201,10,1147,,172308.8160052511,357713388.6445612,0.0,0.0,261,0.0
10-212-01148,BIHAR,Katihar,Azamnagar,0,0,,201,10,1148,,141791.77759222616,349759708.1212404,0.0,0.0,253,0.0
10-221-01290,BIHAR,Samastipur,Tajpur,0,0,,217,10,1290,,57166.77792153786,83856612.1105223,0.0,0.0,61,0.0
10-212-01149,BIHAR,Katihar,Pranpur,0,0,,201,10,1149,,111803.70370561493,191475637.62126103,0.0,0.0,141,0.0
10-212-01150,BIHAR,Katihar,Dandkhora,0,0,,201,10,1150,,70987.07501110679,111201189.06340708,0.0,0.0,81,0.0
10-212-01151,BIHAR,Katihar,Katihar,0,0,,201,10,1151,,76845.81968857624,136830037.77828172,0.0,0.0,100,0.0
10-212-01152,BIHAR,Katihar,Mansahi,0,0,,201,10,1152,,73279.06289841712,97405011.1871763,0.0,0.0,73,0.0
10-212-01155,BIHAR,Katihar,Kursela,0,0,,201,10,1155,,80348.39413748268,153683091.52761996,0.0,0.0,117,0.0
10-212-01153,BIHAR,Katihar,Barari,0,0,,201,10,1153,,107333.93297446336,407446973.1478653,0.0,0.0,292,0.0
10-212-01154,BIHAR,Katihar,Sameli,0,0,,201,10,1154,,75105.36277909,118027198.2496544,0.0,0.0,81,0.0
10-212-01156,BIHAR,Katihar,Manihari,0,0,,201,10,1156,,130162.81635074862,303859830.4099729,0.0,0.0,221,0.0
10-212-01157,BIHAR,Katihar,Amdabad,0,0,,201,10,1157,,103742.71814675455,228302986.79665467,0.0,0.0,164,0.0
10-213-01158,BIHAR,Madhepura,Gamharia,0,0,,205,10,1158,,80141.00377515821,125479849.27382244,0.0,0.0,89,0.0
10-213-01160,BIHAR,Madhepura,Ghailarh,0,0,,205,10,1160,,78865.70647224285,116219722.2388165,0.0,0.0,83,0.0
10-213-01159,BIHAR,Madhepura,Singheshwar,0,0,,205,10,1159,,111627.30849980874,111167268.35246354,0.0,0.0,78,0.0
10-216-01210,BIHAR,Muzaffarpur,Bandra,0,0,,208,10,1210,,74293.85759884378,142020443.31484023,0.0,0.0,103,0.0
10-213-01161,BIHAR,Madhepura,Madhepura,0,0,,205,10,1161,,115084.47931226583,237801277.85767865,0.0,0.0,175,0.0
10-213-01162,BIHAR,Madhepura,Shankarpur,0,0,,205,10,1162,,63984.56408470212,128790837.874554,0.0,0.0,94,0.0
10-213-01163,BIHAR,Madhepura,Kumarkhand,0,0,,205,10,1163,,118191.24796123093,316976886.68211347,0.0,0.0,230,0.0
10-213-01164,BIHAR,Madhepura,Murliganj,0,0,,205,10,1164,,94211.11378994165,247086114.21145928,0.0,0.0,179,0.0
10-221-01293,BIHAR,Samastipur,Mohanpur,0,0,,217,10,1293,,74468.46489139357,163000016.77407515,0.0,0.0,120,0.0
10-213-01165,BIHAR,Madhepura,Gwalpara,0,0,,205,10,1165,,78037.2495556277,147267353.58482873,0.0,0.0,109,0.0
10-214-01172,BIHAR,Saharsa,Satar Kataiya,0,0,,216,10,1172,,77878.75925155886,177382280.64763528,0.0,0.0,130,0.0
10-213-01166,BIHAR,Madhepura,Bihariganj,0,0,,205,10,1166,,79669.40805645821,133818744.70956944,0.0,0.0,98,0.0
10-216-01211,BIHAR,Muzaffarpur,Dholi (Moraul),0,0,,208,10,1211,,63030.361633940505,73298422.6275262,0.0,0.0,50,0.0
10-213-01167,BIHAR,Madhepura,Kishanganj,0,0,,205,10,1167,,99817.47531025465,188055937.5971522,0.0,0.0,133,0.0
10-216-01212,BIHAR,Muzaffarpur,Musahri,0,0,,208,10,1212,,211487.75457487197,365415439.5943066,0.0,0.0,267,0.0
10-213-01168,BIHAR,Madhepura,Puraini,0,0,,205,10,1168,,63416.842365887525,103114850.3546553,0.0,0.0,76,0.0
10-214-01174,BIHAR,Saharsa,Kahara,0,0,,216,10,1174,,81070.16203244023,176788302.3737116,0.0,0.0,128,0.0
10-213-01169,BIHAR,Madhepura,Alamnagar,0,0,,205,10,1169,,94357.42058114092,211989804.11375904,0.0,0.0,151,0.0
10-213-01170,BIHAR,Madhepura,Chausa,0,0,,205,10,1170,,87285.75133964,172516848.53860697,0.0,0.0,124,0.0
10-214-01171,BIHAR,Saharsa,Nauhatta,0,0,,216,10,1171,,93228.84620468391,212763144.21707585,0.0,0.0,151,0.0
10-217-01227,BIHAR,Gopalganj,Sidhwalia,0,0,,197,10,1227,,69457.48217743407,152022198.31601515,0.0,0.0,109,0.0
10-214-01173,BIHAR,Saharsa,Mahishi,0,0,,216,10,1173,,106372.46434789852,273075178.2794974,0.0,0.0,195,0.0
10-214-01175,BIHAR,Saharsa,Saur Bazar,0,0,,216,10,1175,,88121.22998090234,233228921.9025612,0.0,0.0,171,0.0
10-214-01176,BIHAR,Saharsa,Patarghat,0,0,,216,10,1176,,67497.21582029684,149681422.04156074,0.0,0.0,105,0.0
10-214-01177,BIHAR,Saharsa,Sonbarsa,0,0,,216,10,1177,,90185.02153799882,263952116.041209,0.0,0.0,193,0.0
10-216-01199,BIHAR,Muzaffarpur,Sahebganj,0,0,,208,10,1199,,80060.99972290538,253055918.70266867,0.0,0.0,189,0.0
10-214-01178,BIHAR,Saharsa,Simri Bakhtiarpur,0,0,,216,10,1178,,119116.35548129058,266466354.66217396,0.0,0.0,194,0.0
10-214-01179,BIHAR,Saharsa,Salkhua,0,0,,216,10,1179,,82412.26684571667,221182533.93573853,0.0,0.0,163,0.0
10-214-01180,BIHAR,Saharsa,Banma Itahri,0,0,,216,10,1180,,54286.501575749484,92822449.4552088,0.0,0.0,68,0.0
10-215-01181,BIHAR,Darbhanga,Jale,0,0,,195,10,1181,,112473.57051363293,234172285.01568127,0.0,0.0,171,0.0
10-215-01182,BIHAR,Darbhanga,Singhwara,0,0,,195,10,1182,,121368.62688362494,223279889.67870736,0.0,0.0,162,0.0
10-215-01183,BIHAR,Darbhanga,Keotiranway,0,0,,195,10,1183,,89515.08566239705,180205403.4644349,0.0,0.0,131,0.0
10-215-01184,BIHAR,Darbhanga,Darbhanga,0,0,,195,10,1184,,131883.04966973627,240721362.1475316,0.0,0.0,174,0.0
10-215-01185,BIHAR,Darbhanga,Manigachhi,0,0,,195,10,1185,,96856.01003306538,158887287.31255177,0.0,0.0,114,0.0
10-215-01186,BIHAR,Darbhanga,Tardih,0,0,,195,10,1186,,96398.42232606321,109520018.96976715,0.0,0.0,79,0.0
10-215-01187,BIHAR,Darbhanga,Alinagar,0,0,,195,10,1187,,105560.56246873255,146523357.5416611,0.0,0.0,105,0.0
10-215-01188,BIHAR,Darbhanga,Benipur,0,0,,195,10,1188,,118482.30854716274,204643530.87647069,0.0,0.0,150,0.0
10-215-01189,BIHAR,Darbhanga,Bahadurpur,0,0,,195,10,1189,,155637.00049509996,221161760.4253616,0.0,0.0,158,0.0
10-215-01190,BIHAR,Darbhanga,Hanumannagar,0,0,,195,10,1190,,114393.83215098479,181536916.32106537,0.0,0.0,130,0.0
10-215-01191,BIHAR,Darbhanga,Hayaghat,0,0,,195,10,1191,,66118.49929402806,108810529.75916524,0.0,0.0,77,0.0
10-215-01192,BIHAR,Darbhanga,Baheri,0,0,,195,10,1192,,128629.1579498372,271307286.95794886,0.0,0.0,195,0.0
10-215-01193,BIHAR,Darbhanga,Biraul,0,0,,195,10,1193,,135706.32971678255,230203939.26841983,0.0,0.0,167,0.0
10-215-01194,BIHAR,Darbhanga,Ghanshyampur,0,0,,195,10,1194,,76766.91373126305,103945643.9979024,0.0,0.0,78,0.0
10-215-01195,BIHAR,Darbhanga,Kiratpur,0,0,,195,10,1195,,78793.19278562842,78915927.53877336,0.0,0.0,60,0.0
10-215-01196,BIHAR,Darbhanga,Gora Bauram,0,0,,195,10,1196,,99804.03366816713,145653476.81698695,0.0,0.0,104,0.0
10-215-01197,BIHAR,Darbhanga,Kusheshwar Asthan,0,0,,195,10,1197,,87220.16498537568,144130520.9401011,0.0,0.0,107,0.0
10-215-01198,BIHAR,Darbhanga,Kusheshwar Asthan Purbi,0,0,,195,10,1198,,91858.86035222423,150084285.43545517,0.0,0.0,112,0.0
10-216-01200,BIHAR,Muzaffarpur,Baruraj (Motipur),0,0,,208,10,1200,,125110.13599018812,365259305.4740948,0.0,0.0,263,0.0
10-216-01201,BIHAR,Muzaffarpur,Paroo,0,0,,208,10,1201,,136934.87791145188,413033977.3448192,0.0,0.0,295,0.0
10-216-01202,BIHAR,Muzaffarpur,Saraiya,0,0,,208,10,1202,,155820.80051537574,301402655.1404849,0.0,0.0,218,0.0
10-216-01203,BIHAR,Muzaffarpur,Marwan,0,0,,208,10,1203,,84959.92762229654,138736310.53842777,0.0,0.0,101,0.0
10-216-01204,BIHAR,Muzaffarpur,Kanti,0,0,,208,10,1204,,97122.90469976026,124757584.36625764,0.0,0.0,91,0.0
10-216-01205,BIHAR,Muzaffarpur,Minapur,0,0,,208,10,1205,,166218.11946715685,316124209.98756105,0.0,0.0,228,0.0
10-216-01206,BIHAR,Muzaffarpur,Bochaha,0,0,,208,10,1206,,126044.68100944142,233148755.94160384,0.0,0.0,167,0.0
10-216-01207,BIHAR,Muzaffarpur,Aurai,0,0,,208,10,1207,,101267.16719990574,247748190.77792475,0.0,0.0,177,0.0
10-216-01208,BIHAR,Muzaffarpur,Katra,0,0,,208,10,1208,,118891.9342746819,235108975.17115793,0.0,0.0,171,0.0
10-216-01209,BIHAR,Muzaffarpur,Gaighat,0,0,,208,10,1209,,111008.49869520529,259762671.68662548,0.0,0.0,191,0.0
10-216-01213,BIHAR,Muzaffarpur,Kurhani,0,0,,208,10,1213,,108106.10574110712,256354911.2077163,0.0,0.0,187,0.0
10-216-01214,BIHAR,Muzaffarpur,Sakra,0,0,,208,10,1214,,105121.4777371614,236360031.18726787,0.0,0.0,175,0.0
10-217-01215,BIHAR,Gopalganj,Katiya,0,0,,197,10,1215,,94755.55253264701,158441587.458013,0.0,0.0,112,0.0
10-217-01216,BIHAR,Gopalganj,Bijaipur,0,0,,197,10,1216,,81309.59717969262,163112176.36717936,0.0,0.0,120,0.0
10-217-01217,BIHAR,Gopalganj,Bhorey,0,0,,197,10,1217,,78790.65552761848,196013266.46535653,0.0,0.0,144,0.0
10-217-01218,BIHAR,Gopalganj,Pach Deuri,0,0,,197,10,1218,,53698.212932643866,118295317.11973979,0.0,0.0,85,0.0
10-217-01219,BIHAR,Gopalganj,Kuchaikote,0,0,,197,10,1219,,101077.28158428885,316078491.04748106,0.0,0.0,226,0.0
10-217-01220,BIHAR,Gopalganj,Phulwaria,0,0,,197,10,1220,,81339.22200232239,118763292.85091434,0.0,0.0,89,0.0
10-217-01221,BIHAR,Gopalganj,Hathua,0,0,,197,10,1221,,91546.96202775641,183613061.83342972,0.0,0.0,127,0.0
10-217-01222,BIHAR,Gopalganj,Uchkagaon,0,0,,197,10,1222,,80102.93001981139,142235093.67043933,0.0,0.0,106,0.0
10-217-01223,BIHAR,Gopalganj,Thawe,0,0,,197,10,1223,,57244.55575246375,89300191.60424533,0.0,0.0,64,0.0
10-217-01224,BIHAR,Gopalganj,Gopalganj,0,0,,197,10,1224,,110313.13172782106,244420793.60160467,0.0,0.0,182,0.0
10-218-01232,BIHAR,Siwan,Goriakothi,0,0,,222,10,1232,,73201.39147651673,174963939.23516312,0.0,0.0,127,0.0
10-217-01225,BIHAR,Gopalganj,Manjha,0,0,,197,10,1225,,80242.78538873792,179389027.9828925,0.0,0.0,131,0.0
10-217-01226,BIHAR,Gopalganj,Barauli,0,0,,197,10,1226,,105754.79057670098,232227972.12586737,0.0,0.0,170,0.0
10-217-01228,BIHAR,Gopalganj,Baikunthpur,0,0,,197,10,1228,,97825.58906166903,256614409.24172768,0.0,0.0,185,0.0
10-218-01229,BIHAR,Siwan,Nautan,0,0,,222,10,1229,,58324.35348563096,81827813.66620097,0.0,0.0,58,0.0
10-218-01230,BIHAR,Siwan,Siwan,0,0,,222,10,1230,,92599.06904644772,168879532.28230655,0.0,0.0,118,0.0
10-218-01235,BIHAR,Siwan,Bhagwanpur Hat,0,0,,222,10,1235,,86430.4184146014,189582799.91524476,0.0,0.0,138,0.0
10-218-01231,BIHAR,Siwan,Barharia,0,0,,222,10,1231,,90315.6629531122,219606934.01516393,0.0,0.0,160,0.0
10-218-01233,BIHAR,Siwan,Lakri Nabiganj,0,0,,222,10,1233,,79648.98713303795,120773104.6039552,0.0,0.0,88,0.0
10-218-01234,BIHAR,Siwan,Basantpur,0,0,,222,10,1234,,57871.378293950496,76675463.02480637,0.0,0.0,56,0.0
10-218-01236,BIHAR,Siwan,Maharajganj,0,0,,222,10,1236,,119387.58843212528,142817377.5161484,0.0,0.0,103,0.0
10-218-01237,BIHAR,Siwan,Pachrukhi,0,0,,222,10,1237,,99183.2392802834,160709761.40986398,0.0,0.0,117,0.0
10-218-01238,BIHAR,Siwan,Hussainganj,0,0,,222,10,1238,,68784.84800107122,105975934.30464326,0.0,0.0,74,0.0
10-218-01239,BIHAR,Siwan,Ziradei,0,0,,222,10,1239,,98825.50869312549,152221780.48504183,0.0,0.0,111,0.0
10-218-01240,BIHAR,Siwan,Mairwa,0,0,,222,10,1240,,65279.2242200428,88898123.37504825,0.0,0.0,66,0.0
10-218-01242,BIHAR,Siwan,Darauli,0,0,,222,10,1242,,90305.00161970501,214758375.6239279,0.0,0.0,155,0.0
10-218-01241,BIHAR,Siwan,Guthani,0,0,,222,10,1241,,78778.78773845347,115110806.99004474,0.0,0.0,82,0.0
10-219-01248,BIHAR,Saran,Mashrakh,0,0,,218,10,1248,,82075.7710341599,165898243.02109933,0.0,0.0,121,0.0
10-218-01243,BIHAR,Siwan,Andar,0,0,,222,10,1243,,83358.60866933218,125625010.62434034,0.0,0.0,87,0.0
10-219-01249,BIHAR,Saran,Panapur,0,0,,218,10,1249,,75875.09329534958,182360909.7404776,0.0,0.0,128,0.0
10-218-01244,BIHAR,Siwan,Raghunathpur,0,0,,222,10,1244,,87824.68008836384,193566358.3438411,0.0,0.0,143,0.0
10-219-01250,BIHAR,Saran,Taraiya,0,0,,218,10,1250,,53629.0613522338,97307015.09151264,0.0,0.0,74,0.0
10-218-01245,BIHAR,Siwan,Hasanpura,0,0,,222,10,1245,,82786.09108287447,121956119.03175904,0.0,0.0,87,0.0
10-219-01251,BIHAR,Saran,Ishupur,0,0,,218,10,1251,,62425.60798229613,109300191.56908256,0.0,0.0,76,0.0
10-218-01246,BIHAR,Siwan,Daraundha,0,0,,222,10,1246,,105400.53795370483,157911066.26165873,0.0,0.0,115,0.0
10-219-01256,BIHAR,Saran,Jalalpur,0,0,,218,10,1256,,65042.73641147566,147549697.72689733,3.611731872558594e-06,3.353919363921543e-07,106,3.555154525756836e-05
10-218-01247,BIHAR,Siwan,Siswan,0,0,,222,10,1247,,98184.39847010886,155554872.77293277,0.0,0.0,111,0.0
10-219-01259,BIHAR,Saran,Nagra,0,0,,218,10,1259,,43289.948409307304,65110006.46242106,8.189695739746094e-07,3.484976910530253e-07,47,1.637939147949219e-05
10-219-01252,BIHAR,Saran,Baniapur,0,0,,218,10,1252,,89199.8841803021,219417775.87250236,0.0,0.0,163,0.0
10-219-01253,BIHAR,Saran,Lahladpur,0,0,,218,10,1253,,49287.19248841685,70233795.44130237,0.0,0.0,50,0.0
10-219-01254,BIHAR,Saran,Ekma,0,0,,218,10,1254,,99716.17236158185,176114988.01319405,0.0,0.0,128,0.0
10-219-01255,BIHAR,Saran,Manjhi,0,0,,218,10,1255,,127085.43562979231,244607530.98349065,3.611731872558594e-06,8.026070827907988e-07,180,0.00014446927490234377
10-219-01257,BIHAR,Saran,Revelganj,0,0,,218,10,1257,,84877.1419542779,179359801.45379385,3.611731872558594e-06,1.042390557861328e-06,125,0.00013029881973266602
10-219-01258,BIHAR,Saran,Chapra,0,0,,218,10,1258,,119729.94798472138,239470568.44351175,8.189695739746094e-07,7.677839756011964e-07,176,0.00013512997970581056
10-219-01260,BIHAR,Saran,Marhaura,0,0,,218,10,1260,,87240.95030017926,190752130.05196184,8.189695739746094e-07,2.3911520408017794e-08,137,3.2758782958984377e-06
10-219-01261,BIHAR,Saran,Amnour,0,0,,218,10,1261,,94922.90618840617,160109081.4065653,8.189695739746094e-07,1.3880840236857787e-08,118,1.6379391479492188e-06
10-219-01263,BIHAR,Saran,Parsa,0,0,,218,10,1263,,85595.91054800974,122749042.93573296,0.0,0.0,88,0.0
10-219-01266,BIHAR,Saran,Dighwara,0,0,,218,10,1266,,81943.45164265168,101347015.6655549,0.0,0.0,72,0.0
10-219-01264,BIHAR,Saran,Dariapur,0,0,,218,10,1264,,115477.27251924115,281302380.67878103,0.0,0.0,202,0.0
10-219-01265,BIHAR,Saran,Garkha,0,0,,218,10,1265,,90147.74693968748,213336409.9887166,8.189695739746094e-07,4.2012075548048147e-07,154,6.469859634399415e-05
10-220-01269,BIHAR,Vaishali,Paterhi Belsar,0,0,,224,10,1269,,56227.36197278124,93522597.26160131,0.0,0.0,69,0.0
10-219-01267,BIHAR,Saran,Sonepur,0,0,,218,10,1267,,70412.64000247594,214865144.18564072,0.0,0.0,162,0.0
10-220-01268,BIHAR,Vaishali,Vaishali,0,0,,224,10,1268,,72706.90824879723,158663399.21103516,0.0,0.0,114,0.0
10-220-01270,BIHAR,Vaishali,Lalganj,0,0,,224,10,1270,,89595.71916906572,184177988.41986412,0.0,0.0,133,0.0
10-221-01294,BIHAR,Samastipur,Mohiuddinagar,0,0,,217,10,1294,,80607.53716768604,178536106.2701614,0.0,0.0,130,0.0
10-220-01271,BIHAR,Vaishali,Bhagwanpur,0,0,,224,10,1271,,98965.72708266653,142473218.81446454,0.0,0.0,102,0.0
10-220-01272,BIHAR,Vaishali,Goraul,0,0,,224,10,1272,,101989.77906286377,122446101.92943335,0.0,0.0,87,0.0
10-220-01273,BIHAR,Vaishali,Chehra Kalan,0,0,,224,10,1273,,63204.34388206024,89818122.94593617,0.0,0.0,66,0.0
10-220-01277,BIHAR,Vaishali,Raja Pakar,0,0,,224,10,1277,,58946.08844196175,93673217.82917874,0.0,0.0,72,0.0
10-220-01274,BIHAR,Vaishali,Patepur,0,0,,224,10,1274,,118180.33822078991,317029999.71255994,0.0,0.0,234,0.0
10-220-01275,BIHAR,Vaishali,Mahua,0,0,,224,10,1275,,86273.82517515696,171155586.12447235,0.0,0.0,125,0.0
10-220-01276,BIHAR,Vaishali,Jandaha,0,0,,224,10,1276,,99044.76663725945,179891527.10359335,0.0,0.0,128,0.0
10-220-01278,BIHAR,Vaishali,Hajipur,0,0,,224,10,1278,,80048.24731377292,194916759.16986817,0.0,0.0,140,0.0
10-220-01280,BIHAR,Vaishali,Bidupur,0,0,,224,10,1280,,88122.3198685409,139375575.9420912,0.0,0.0,99,0.0
10-220-01279,BIHAR,Vaishali,Raghopur,0,0,,224,10,1279,,128641.49950069311,338499790.0832371,0.0,0.0,246,0.0
10-220-01281,BIHAR,Vaishali,Desri,0,0,,224,10,1281,,50183.809114488824,56627949.53624974,0.0,0.0,43,0.0
10-221-01284,BIHAR,Samastipur,Kalyanpur,0,0,,217,10,1284,,147387.26660455638,294821482.9966942,0.0,0.0,214,0.0
10-221-01286,BIHAR,Samastipur,Shivaji Nagar,0,0,,217,10,1286,,96209.25031894707,172333979.18990555,0.0,0.0,130,0.0
10-221-01288,BIHAR,Samastipur,Samastipur,0,0,,217,10,1288,,112474.97484539819,170577777.20953664,0.0,0.0,123,0.0
10-221-01289,BIHAR,Samastipur,Pusa,0,0,,217,10,1289,,64081.7615729533,95008289.7510354,0.0,0.0,65,0.0
10-221-01291,BIHAR,Samastipur,Morwa,0,0,,217,10,1291,,104551.97847793197,152111293.7773472,0.0,0.0,106,0.0
10-221-01292,BIHAR,Samastipur,Patori,0,0,,217,10,1292,,69422.25062895294,130638318.44440164,0.0,0.0,93,0.0
10-221-01295,BIHAR,Samastipur,Sarairanjan,0,0,,217,10,1295,,96463.23467310029,185572344.2706523,0.0,0.0,145,0.0
10-221-01296,BIHAR,Samastipur,Vidyapati Nagar,0,0,,217,10,1296,,62930.2690484309,106322816.42401849,0.0,0.0,75,0.0
10-221-01297,BIHAR,Samastipur,Dalsinghsarai,0,0,,217,10,1297,,80515.23552986495,118201268.21451648,0.0,0.0,89,0.0
10-221-01298,BIHAR,Samastipur,Ujiarpur,0,0,,217,10,1298,,81756.09445970641,209497824.1015558,0.0,0.0,149,0.0
10-221-01300,BIHAR,Samastipur,Rosera,0,0,,217,10,1300,,84599.34785899956,138535375.895554,0.0,0.0,97,0.0
10-221-01299,BIHAR,Samastipur,Bibhutpur,0,0,,217,10,1299,,96600.53522783429,258332531.194082,0.0,0.0,187,0.0
10-221-01301,BIHAR,Samastipur,Singhia,0,0,,217,10,1301,,76055.88015393679,178639507.67998633,0.0,0.0,128,0.0
10-222-01307,BIHAR,Begusarai,Cheria Bariarpur,0,0,,191,10,1307,,80422.0696045629,127840547.1243011,0.0,0.0,89,0.0
10-221-01302,BIHAR,Samastipur,Hasanpur,0,0,,217,10,1302,,122795.93417076243,188091095.39019313,0.0,0.0,138,0.0
10-221-01303,BIHAR,Samastipur,Bithan,0,0,,217,10,1303,,72838.55780104545,149849875.79630712,0.0,0.0,109,0.0
10-222-01304,BIHAR,Begusarai,Khudabandpur,0,0,,191,10,1304,,49522.71992212785,59617610.47663844,0.0,0.0,39,0.0
10-222-01305,BIHAR,Begusarai,Chhorahi,0,0,,191,10,1305,,96201.09768359947,128309829.49376953,0.0,0.0,94,0.0
10-222-01306,BIHAR,Begusarai,Garhpura,0,0,,191,10,1306,,69581.28073662621,88651595.91159394,0.0,0.0,68,0.0
10-222-01308,BIHAR,Begusarai,Bhagwanpur,0,0,,191,10,1308,,102620.52088176137,147276258.21886113,0.0,0.0,106,0.0
10-223-01324,BIHAR,Khagaria,Mansi,0,0,,202,10,1324,,70720.37786012898,86151878.56106131,0.0,0.0,69,0.0
10-222-01309,BIHAR,Begusarai,Mansurchak,0,0,,191,10,1309,,55538.61039021854,42158333.283958256,0.0,0.0,31,0.0
10-224-01333,BIHAR,Bhagalpur,Rangra Chowk,0,0,,192,10,1333,,56200.86409227388,97946271.45940188,0.0,0.0,71,0.0
10-222-01310,BIHAR,Begusarai,Bachhwara,0,0,,191,10,1310,,112893.55520851951,186501763.14040864,0.0,0.0,138,0.0
10-222-01311,BIHAR,Begusarai,Teghra,0,0,,191,10,1311,,93442.93751421869,180050069.66821858,0.0,0.0,129,0.0
10-222-01312,BIHAR,Begusarai,Barauni,0,0,,191,10,1312,,90573.71511882372,141812926.41245717,0.0,0.0,102,0.0
10-222-01313,BIHAR,Begusarai,Birpur,0,0,,191,10,1313,,69057.86510087451,64693086.30641256,0.0,0.0,53,0.0
10-222-01314,BIHAR,Begusarai,Begusarai,0,0,,191,10,1314,,114572.02827886646,273941103.5239774,0.0,0.0,200,0.0
10-222-01315,BIHAR,Begusarai,Naokothi,0,0,,191,10,1315,,61794.845266753924,91575422.87048158,0.0,0.0,64,0.0
10-222-01316,BIHAR,Begusarai,Bakhri,0,0,,191,10,1316,,74902.13049058078,94921186.04856166,0.0,0.0,66,0.0
10-222-01317,BIHAR,Begusarai,Dandari,0,0,,191,10,1317,,77075.31892237118,85364223.36403492,0.0,0.0,65,0.0
10-222-01318,BIHAR,Begusarai,Sahebpur Kamal,0,0,,191,10,1318,,97820.3506924087,179327758.1582562,0.0,0.0,131,0.0
10-222-01319,BIHAR,Begusarai,Balia,0,0,,191,10,1319,,95726.56851828664,181873531.04775092,0.0,0.0,133,0.0
10-222-01320,BIHAR,Begusarai,Matihani,0,0,,191,10,1320,,104199.58891726227,214311339.790948,0.0,0.0,157,0.0
10-222-01321,BIHAR,Begusarai,Shamho Akha Kurha,0,0,,191,10,1321,,47884.70174269599,82130306.58899558,0.0,0.0,58,0.0
10-223-01322,BIHAR,Khagaria,Alauli,0,0,,202,10,1322,,117176.16085281859,337532903.06560946,0.0,0.0,244,0.0
10-223-01323,BIHAR,Khagaria,Khagaria,0,0,,202,10,1323,,164255.4907534744,325761754.1557925,0.0,0.0,229,0.0
10-223-01325,BIHAR,Khagaria,Chautham,0,0,,202,10,1325,,88833.5659059585,205164632.7891582,0.0,0.0,148,0.0
10-228-01376,BIHAR,Sheikhpura,Chewara,0,0,,219,10,1376,,77279.14911837938,141385828.1075451,0.0,0.0,103,0.0
10-223-01326,BIHAR,Khagaria,Beldaur,0,0,,202,10,1326,,101449.44415348554,276820454.1841197,0.0,0.0,203,0.0
10-223-01327,BIHAR,Khagaria,Gogri,0,0,,202,10,1327,,109725.85953588395,321971045.3784509,0.0,0.0,231,0.0
10-223-01328,BIHAR,Khagaria,Parbatta,0,0,,202,10,1328,,89952.53209418767,286770838.53234714,0.0,0.0,215,0.0
10-224-01329,BIHAR,Bhagalpur,Narayanpur,0,0,,192,10,1329,,96964.50839109154,173637043.38008544,0.0,0.0,125,0.0
10-224-01330,BIHAR,Bhagalpur,Bihpur,0,0,,192,10,1330,,98960.16392998041,189427956.2070791,0.0,0.0,141,0.0
10-234-01472,BIHAR,Rohtas,Akorhi Gola,0,0,,215,10,1472,,71741.57946050014,124356844.03544964,0.0,0.0,94,0.0
10-224-01331,BIHAR,Bhagalpur,Kharik,0,0,,192,10,1331,,103106.05203500649,169292223.68779984,0.0,0.0,125,0.0
10-224-01332,BIHAR,Bhagalpur,Naugachhia,0,0,,192,10,1332,,91833.23423872421,134223697.96961665,0.0,0.0,95,0.0
10-224-01335,BIHAR,Bhagalpur,Pirpainti,0,0,,192,10,1335,,138631.2255747686,411429376.6216011,0.0,0.0,294,0.0
10-224-01336,BIHAR,Bhagalpur,Kahalgaon,0,0,,192,10,1336,,128722.99744742387,352186242.20537144,0.0,0.0,255,0.0
10-224-01337,BIHAR,Bhagalpur,Ismailpur,0,0,,192,10,1337,,66332.03197363381,102752037.41138108,0.0,0.0,75,0.0
10-224-01338,BIHAR,Bhagalpur,Sabour,0,0,,192,10,1338,,85492.0541239663,141198925.34276122,0.0,0.0,102,0.0
10-226-01359,BIHAR,Munger,Dharhara,0,0,,207,10,1359,,105188.90103685112,355220468.750446,0.0,0.0,262,0.0
10-224-01339,BIHAR,Bhagalpur,Nathnagar,0,0,,192,10,1339,,105259.93673308079,163498377.60317266,0.0,0.0,117,0.0
10-226-01360,BIHAR,Munger,Kharagpur,0,0,,207,10,1360,,169586.30903503796,398589433.5102216,0.0,0.0,291,0.0
10-224-01340,BIHAR,Bhagalpur,Sultanganj,0,0,,192,10,1340,,139861.1879796442,266407467.3450057,0.0,0.0,198,0.0
10-224-01341,BIHAR,Bhagalpur,Shahkund,0,0,,192,10,1341,,93276.90256650816,208798734.37786233,0.0,0.0,153,0.0
10-224-01342,BIHAR,Bhagalpur,Goradih,0,0,,192,10,1342,,106918.08891287447,178026414.43832883,0.0,0.0,128,0.0
10-224-01343,BIHAR,Bhagalpur,Jagdishpur,0,0,,192,10,1343,,107045.71303668506,127447147.46016994,0.0,0.0,95,0.0
10-224-01344,BIHAR,Bhagalpur,Sonhaula,0,0,,192,10,1344,,84463.86530366821,214425428.57327408,0.0,0.0,160,0.0
10-225-01345,BIHAR,Banka,Shambhuganj,0,0,,190,10,1345,,85765.27415008907,217970788.89652416,0.0,0.0,157,0.0
10-225-01346,BIHAR,Banka,Amarpur,0,0,,190,10,1346,,98000.87839154692,234663534.19316816,0.0,0.0,176,0.0
10-225-01347,BIHAR,Banka,Rajaun,0,0,,190,10,1347,,86718.04358754268,242814641.5593075,0.0,0.0,179,0.0
10-226-01363,BIHAR,Munger,Tetiha Bambor,0,0,,207,10,1363,,73286.15332623897,95190725.80042528,0.0,0.0,70,0.0
10-225-01348,BIHAR,Banka,Dhuraiya,0,0,,190,10,1348,,106681.6377356153,285703540.38620996,0.0,0.0,208,0.0
10-225-01349,BIHAR,Banka,Barahat,0,0,,190,10,1349,,122910.23058217819,181202001.14064544,0.0,0.0,129,0.0
10-225-01350,BIHAR,Banka,Banka,0,0,,190,10,1350,,137083.07375503817,365153241.48788345,0.0,0.0,275,0.0
10-225-01351,BIHAR,Banka,Phulidumar,0,0,,190,10,1351,,117105.67306472127,248400685.45023423,0.0,0.0,176,0.0
10-225-01352,BIHAR,Banka,Belhar,0,0,,190,10,1352,,118426.40149548957,290570448.277483,4.613389587402344e-06,4.742736959011756e-07,214,0.00010149457092285157
10-225-01353,BIHAR,Banka,Chanan,0,0,,190,10,1353,,169565.08902723462,550876204.0147796,4.613389587402344e-06,1.717142526328416e-06,403,0.0006920084381103516
10-225-01354,BIHAR,Banka,Katoria,0,0,,190,10,1354,,180268.89530762268,687665367.2781417,0.0,0.0,502,0.0
10-225-01355,BIHAR,Banka,Bausi,0,0,,190,10,1355,,109314.78149810205,385846183.7170387,0.0,0.0,284,0.0
10-226-01356,BIHAR,Munger,Munger,0,0,,207,10,1356,,162390.1628928388,306519605.49277806,0.0,0.0,227,0.0
10-226-01357,BIHAR,Munger,Bariarpur,0,0,,207,10,1357,,122433.4478606843,198040113.63802013,0.0,0.0,143,0.0
10-226-01358,BIHAR,Munger,Jamalpur,0,0,,207,10,1358,,72817.19566814511,112971204.64248075,0.0,0.0,79,0.0
10-226-01361,BIHAR,Munger,Asarganj,0,0,,207,10,1361,,61173.52838786665,72491453.98190036,0.0,0.0,52,0.0
10-226-01362,BIHAR,Munger,Tarapur,0,0,,207,10,1362,,54416.57713098438,86962445.68425661,0.0,0.0,62,0.0
10-226-01364,BIHAR,Munger,Sangrampur,0,0,,207,10,1364,,71205.18318302365,105786037.21986651,0.0,0.0,80,0.0
10-227-01366,BIHAR,Lakhisarai,Pipariya,0,0,,204,10,1366,,87968.2901826016,106258171.87143916,0.0,0.0,76,0.0
10-227-01365,BIHAR,Lakhisarai,Barahiya,0,0,,204,10,1365,,95965.48426593257,248505135.43154767,0.0,0.0,179,0.0
10-227-01367,BIHAR,Lakhisarai,Surajgarha,0,0,,204,10,1367,,140312.1609931406,462726462.37366486,5.469700317382813e-06,7.2393092435949e-07,340,0.0002461365142822266
10-227-01368,BIHAR,Lakhisarai,Lakhisarai,0,0,,204,10,1368,,117670.76745524361,181316338.94823277,5.469700317382813e-06,1.2337669888833414e-07,133,1.640910095214844e-05
10-227-01369,BIHAR,Lakhisarai,Chanan*,0,0,,204,10,1369,,86014.87070350182,177670731.10250506,5.469700317382813e-06,4.444131507873535e-06,128,0.0005688488330078125
10-228-01375,BIHAR,Sheikhpura,Ghat Kusumbha,0,0,,219,10,1375,,80592.24583619394,99088070.68237934,0.0,0.0,70,0.0
10-227-01370,BIHAR,Lakhisarai,Ramgarh Chowk,0,0,,204,10,1370,,98990.57354622113,128567389.13844268,5.469700317382813e-06,6.400713137362866e-07,94,6.016670349121094e-05
10-227-01371,BIHAR,Lakhisarai,Halsi,0,0,,204,10,1371,,82594.8188222393,191441208.6304817,5.469700317382813e-06,2.3610217197335885e-07,139,3.281820190429688e-05
10-228-01372,BIHAR,Sheikhpura,Barbigha,0,0,,219,10,1372,,83879.7675047183,115941853.486741,0.0,0.0,81,0.0
10-228-01373,BIHAR,Sheikhpura,Shekhopur Sarai,0,0,,219,10,1373,,59774.96229914819,65955650.61796794,3.554833221435547e-07,1.5799258761935763e-08,45,7.109666442871094e-07
10-228-01374,BIHAR,Sheikhpura,Sheikhpura,0,0,,219,10,1374,,119718.3677454689,225551054.81458032,0.0,0.0,170,0.0
10-228-01377,BIHAR,Sheikhpura,Ariari,0,0,,219,10,1377,,87552.5859976097,183445963.63454768,0.0,0.0,137,0.0
10-229-01378,BIHAR,Nalanda,Karai Parsurai,0,0,,209,10,1378,,58523.47447411047,82148146.79064696,0.0,0.0,60,0.0
10-229-01379,BIHAR,Nalanda,Nagar Nausa,0,0,,209,10,1379,,82570.35159490984,108015836.82811198,0.0,0.0,80,0.0
10-229-01380,BIHAR,Nalanda,Harnaut,0,0,,209,10,1380,,124869.90123154312,224385440.0517296,0.0,0.0,161,0.0
10-229-01381,BIHAR,Nalanda,Chandi,0,0,,209,10,1381,,70527.81459673235,147156102.481168,0.0,0.0,109,0.0
10-229-01382,BIHAR,Nalanda,Rahui,0,0,,209,10,1382,,77076.6108369453,152249665.90613127,0.0,0.0,108,0.0
10-229-01383,BIHAR,Nalanda,Bind,0,0,,209,10,1383,,70364.80140905235,88091657.81671415,0.0,0.0,66,0.0
10-229-01384,BIHAR,Nalanda,Sarmera,0,0,,209,10,1384,,91044.34634338948,167201876.42476654,0.0,0.0,123,0.0
10-229-01385,BIHAR,Nalanda,Asthawan,0,0,,209,10,1385,,92263.18064708126,171325630.7179731,0.0,0.0,125,0.0
10-229-01387,BIHAR,Nalanda,Noorsarai,0,0,,209,10,1387,,78528.62700534344,151514769.88009417,0.0,0.0,114,0.0
10-229-01386,BIHAR,Nalanda,Bihar,0,0,,209,10,1386,,98561.8371020671,215840179.0991975,3.554833221435547e-07,2.8883019924163818e-08,160,4.621283187866211e-06
10-229-01390,BIHAR,Nalanda,Hilsa,0,0,,209,10,1390,,93433.88804652911,175765721.10991755,0.0,0.0,131,0.0
10-229-01391,BIHAR,Nalanda,Ekangarsarai,0,0,,209,10,1391,,87121.32234693572,166605847.460251,0.0,0.0,122,0.0
10-229-01392,BIHAR,Nalanda,Islampur,0,0,,209,10,1392,,109868.69145522316,273834151.4326934,0.0,0.0,194,0.0
10-229-01393,BIHAR,Nalanda,Ben,0,0,,209,10,1393,,66947.54721379357,127526149.56798536,3.554833221435547e-07,3.781737469612284e-08,94,3.554833221435547e-06
10-230-01398,BIHAR,Patna,Maner,0,0,,212,10,1398,,96133.56350709034,213315300.3597084,1.7780809020996095e-06,1.7108550728141488e-07,154,2.6347168121337893e-05
10-229-01394,BIHAR,Nalanda,Rajgir,0,0,,209,10,1394,,88740.45664753366,198129288.77271983,3.554833221435547e-07,2.0555158083130712e-07,147,3.0216082382202145e-05
10-229-01395,BIHAR,Nalanda,Silao,0,0,,209,10,1395,,79220.42929786978,154752836.13944647,3.554833221435547e-07,2.931178270306504e-07,114,3.341543228149415e-05
10-229-01396,BIHAR,Nalanda,Giriak,0,0,,209,10,1396,,88347.46773236175,99576022.5731765,3.554833221435547e-07,3.554833221435547e-07,73,2.5950282516479494e-05
10-229-01397,BIHAR,Nalanda,Katrisarai,0,0,,209,10,1397,,38918.76300208476,48673462.28309288,3.554833221435547e-07,2.6661249160766606e-07,36,9.598049697875977e-06
10-230-01399,BIHAR,Patna,Dinapur-Cum-Khagaul,0,0,,212,10,1399,,78598.21354533077,184765788.04152673,0.0,0.0,135,0.0
10-234-01474,BIHAR,Rohtas,Tilouthu,0,0,,215,10,1474,,73885.57639601533,193504401.97342023,4.886030197143554e-07,6.980043138776506e-09,140,9.772060394287108e-07
10-230-01400,BIHAR,Patna,Patna Rural,0,0,,212,10,1400,,87518.10425735511,179850223.48881748,0.0,0.0,131,0.0
10-230-01401,BIHAR,Patna,Sampatchak,0,0,,212,10,1401,,53219.7118618291,78902366.60372826,0.0,0.0,57,0.0
10-230-01406,BIHAR,Patna,Dulhin Bazar,0,0,,212,10,1406,,77792.54009458271,136539622.4680228,2.4729040527343754e-06,1.3030428383567116e-06,99,0.00012900124099731445
10-230-01402,BIHAR,Patna,Phulwari,0,0,,212,10,1402,,70659.26045014715,135940825.49713776,0.0,0.0,96,0.0
10-230-01413,BIHAR,Patna,Khusrupur,0,0,,212,10,1413,,46143.60198551767,78201544.387751,0.0,0.0,58,0.0
10-230-01403,BIHAR,Patna,Bihta,0,0,,212,10,1403,,116564.9809665079,244879174.98088208,1.7780809020996095e-06,1.088163779960884e-06,182,0.00019804580795288086
10-230-01415,BIHAR,Patna,Athmalgola,0,0,,212,10,1415,,47997.69261940102,62827293.65665197,0.0,0.0,47,0.0
10-230-01404,BIHAR,Patna,Naubatpur,0,0,,212,10,1404,,105087.74367689912,205320191.59612688,0.0,0.0,153,0.0
10-230-01405,BIHAR,Patna,Bikram,0,0,,212,10,1405,,86626.03512108007,186422313.04867813,1.7780809020996095e-06,1.271911886173443e-06,137,0.00017425192840576172
10-234-01475,BIHAR,Rohtas,Rohtas,0,0,,215,10,1475,,88257.59288547112,389741138.17794544,0.0,0.0,288,0.0
10-230-01407,BIHAR,Patna,Paliganj,0,0,,212,10,1407,,129476.3041410336,293354152.7667747,2.4729040527343754e-06,2.1807665552157116e-06,214,0.00046668404281616227
10-230-01408,BIHAR,Patna,Masaurhi,0,0,,212,10,1408,,108866.13277400887,248716954.87290823,0.0,0.0,178,0.0
10-230-01409,BIHAR,Patna,Dhanarua,0,0,,212,10,1409,,95102.40821522896,225577653.19725513,0.0,0.0,163,0.0
10-230-01410,BIHAR,Patna,Punpun,0,0,,212,10,1410,,82554.93388622913,161116560.78819045,0.0,0.0,118,0.0
10-230-01411,BIHAR,Patna,Fatwah,0,0,,212,10,1411,,97950.27190535897,155697451.47083917,0.0,0.0,115,0.0
10-230-01412,BIHAR,Patna,Daniawan,0,0,,212,10,1412,,69689.77872311571,79566220.36857046,0.0,0.0,56,0.0
10-230-01414,BIHAR,Patna,Bakhtiarpur,0,0,,212,10,1414,,120205.01587822943,168153072.20481881,0.0,0.0,120,0.0
10-230-01416,BIHAR,Patna,Belchhi,0,0,,212,10,1416,,88573.78025963024,87443681.0926542,0.0,0.0,70,0.0
10-230-01417,BIHAR,Patna,Barh,0,0,,212,10,1417,,95365.9771693495,147280816.515725,0.0,0.0,104,0.0
10-230-01419,BIHAR,Patna,Ghoswari,0,0,,212,10,1419,,66454.95033385535,164897376.1169027,0.0,0.0,126,0.0
10-230-01418,BIHAR,Patna,Pandarak,0,0,,212,10,1418,,106894.44852036482,252509471.6555304,0.0,0.0,180,0.0
10-232-01438,BIHAR,Buxar,Chaugain,0,0,,194,10,1438,,52625.33924401454,66025696.44875917,4.951733703613281e-06,4.951733703613281e-06,49,0.00024263495147705077
10-232-01439,BIHAR,Buxar,Kesath,0,0,,194,10,1439,,34661.84662025829,38236018.49691825,4.951733703613281e-06,4.951733703613281e-06,29,0.00014360027740478514
10-230-01420,BIHAR,Patna,Mokameh,0,0,,212,10,1420,,127700.39840194934,244519830.48183808,0.0,0.0,181,0.0
10-231-01421,BIHAR,Bhojpur,Shahpur,0,0,,193,10,1421,,110658.91431619873,211766871.4500774,5.866714477539063e-06,3.6679191471980166e-06,156,0.0005721953869628906
10-234-01460,BIHAR,Rohtas,Suryapura,0,0,,215,10,1460,,56159.7630280001,69765063.31452103,3.69700439453125e-06,3.69700439453125e-06,47,0.00017375920654296876
10-231-01422,BIHAR,Bhojpur,Arrah,0,0,,193,10,1422,,120924.06747051864,221925641.7145924,5.866714477539063e-06,3.2772990695785433e-06,159,0.0005210905520629884
10-231-01423,BIHAR,Bhojpur,Barhara,0,0,,193,10,1423,,128817.96875565937,258494738.36324885,3.611731872558594e-06,1.6962771023255992e-06,191,0.00032398892654418945
10-231-01424,BIHAR,Bhojpur,Koilwar,0,0,,193,10,1424,,94779.33453556667,208456312.66749656,1.7780809020996095e-06,1.572097261160012e-06,149,0.0002342424919128418
10-231-01425,BIHAR,Bhojpur,Sandesh,0,0,,193,10,1425,,60697.76797134289,164599530.19806212,2.4729040527343754e-06,1.8840708742303363e-06,118,0.00022232036315917968
10-231-01426,BIHAR,Bhojpur,Udwant Nagar,0,0,,193,10,1426,,92445.60417460876,217797556.82002312,5.866714477539063e-06,4.241419143202883e-06,161,0.0006828684820556642
10-234-01461,BIHAR,Rohtas,Bikramganj,0,0,,215,10,1461,,88556.32896667719,168723569.68103397,3.69700439453125e-06,3.6970043945312506e-06,129,0.00047691356689453135
10-231-01427,BIHAR,Bhojpur,Behea,0,0,,193,10,1427,,114516.77527652554,206091349.70539597,5.866714477539063e-06,5.468939553833008e-06,150,0.0008203409330749512
10-231-01428,BIHAR,Bhojpur,Jagdishpur,0,0,,193,10,1428,,109726.00219208181,318463526.4488765,5.866714477539063e-06,5.774413785432514e-06,228,0.0013165663430786132
10-231-01429,BIHAR,Bhojpur,Piro,0,0,,193,10,1429,,100703.96274410955,268205354.86689487,5.866714477539063e-06,4.146290937805176e-06,200,0.0008292581875610352
10-234-01462,BIHAR,Rohtas,Karakat,0,0,,215,10,1462,,102232.22868007293,251121712.10833624,3.69700439453125e-06,2.7007574155113913e-06,176,0.0004753333051300049
10-231-01430,BIHAR,Bhojpur,Charpokhari,0,0,,193,10,1430,,88834.1327790213,135855258.49695313,5.866714477539063e-06,4.220410345780222e-06,95,0.0004009389828491211
10-231-01431,BIHAR,Bhojpur,Garhani,0,0,,193,10,1431,,93054.52180151101,137128723.85739592,5.866714477539063e-06,5.594755817894797e-06,103,0.000576259849243164
10-231-01432,BIHAR,Bhojpur,Agiaon,0,0,,193,10,1432,,87534.07309197474,191419206.17039648,5.866714477539063e-06,3.1043151635917835e-06,139,0.0004314998077392579
10-231-01433,BIHAR,Bhojpur,Tarari,0,0,,193,10,1433,,95157.98131215997,247108515.4982669,3.69700439453125e-06,3.5500717628608323e-06,177,0.0006283627020263673
10-231-01434,BIHAR,Bhojpur,Sahar,0,0,,193,10,1434,,61748.81499939302,157154129.14318892,3.5324026489257817e-06,3.360347321339143e-06,117,0.0003931606365966797
10-232-01435,BIHAR,Buxar,Simri,0,0,,194,10,1435,,87047.69219699135,222195796.247413,8.4450927734375e-06,3.2651782040479707e-06,164,0.0005354892254638672
10-232-01436,BIHAR,Buxar,Chakki,0,0,,194,10,1436,,73799.54032015939,80420668.23199363,4.951733703613281e-06,2.168147788047791e-06,64,0.00013876145843505863
10-232-01437,BIHAR,Buxar,Barhampur,0,0,,194,10,1437,,133928.15369382405,240152233.65370417,4.951733703613281e-06,4.3528261297148775e-06,173,0.0007530389204406738
10-232-01440,BIHAR,Buxar,Dumraon,0,0,,194,10,1440,,115797.88145848007,238641355.07175583,8.4450927734375e-06,6.005942653678577e-06,169,0.0010150043084716795
10-232-01441,BIHAR,Buxar,Buxar,0,0,,194,10,1441,,90996.21871903203,211591033.38394436,8.4450927734375e-06,8.342226325357035e-06,157,0.0013097295330810545
10-232-01442,BIHAR,Buxar,Chausa,0,0,,194,10,1442,,99103.08457070828,138502720.57991108,3.443814880371094e-05,2.1875829941223717e-05,107,0.0023407138037109376
10-232-01443,BIHAR,Buxar,Rajpur,0,0,,194,10,1443,,121142.9666413415,336933113.12217736,3.443814880371094e-05,5.809494118203923e-06,245,0.0014233260589599612
10-232-01444,BIHAR,Buxar,Itarhi,0,0,,194,10,1444,,109439.3274763228,293713382.2816445,8.4450927734375e-06,8.400974640914697e-06,209,0.0017558036999511715
10-232-01445,BIHAR,Buxar,Nawanagar,0,0,,194,10,1445,,126567.10382889764,229774401.79100823,8.4450927734375e-06,4.982727644880848e-06,169,0.0008420809719848633
10-233-01446,BIHAR,Kaimur (Bhabua),Ramgarh,0,0,,200,10,1446,,124781.0721120257,206666195.02442607,2.2710058593750002e-06,1.6569043688742533e-06,151,0.00025019255970001224
10-233-01447,BIHAR,Kaimur (Bhabua),Nuaon,0,0,,200,10,1447,,121732.74643995032,235834986.4758632,3.443814880371094e-05,5.748467810558297e-06,171,0.0009829879956054688
10-233-01448,BIHAR,Kaimur (Bhabua),Kudra,0,0,,200,10,1448,,132624.50147962422,255577893.54332253,2.2710058593750002e-06,1.1587457886953201e-06,189,0.0002190029540634155
10-233-01449,BIHAR,Kaimur (Bhabua),Mohania,0,0,,200,10,1449,,142323.6809133636,349176573.6513165,2.2710058593750002e-06,1.7330686533451084e-06,256,0.00044366557525634775
10-233-01450,BIHAR,Kaimur (Bhabua),Durgawati,0,0,,200,10,1450,,108544.41183902678,212580801.4059764,2.980414962768555e-07,2.9804149627685543e-07,154,4.589839042663574e-05
10-233-01451,BIHAR,Kaimur (Bhabua),Chand,0,0,,200,10,1451,,97099.60209928264,257974481.1925409,2.980414962768555e-07,1.1255822465774861e-07,188,2.1160946235656738e-05
10-233-01452,BIHAR,Kaimur (Bhabua),Chainpur,0,0,,200,10,1452,,170712.34536647963,555311526.8488017,1.0508299255371095e-06,1.1754381615641079e-08,407,4.784033317565919e-06
10-233-01453,BIHAR,Kaimur (Bhabua),Bhabua,0,0,,200,10,1453,,143727.89821118704,407618990.38615096,2.2710058593750002e-06,2.7784043245537337e-07,301,8.362997016906738e-05
10-233-01454,BIHAR,Kaimur (Bhabua),Rampur,0,0,,200,10,1454,,126612.15498309073,210660395.23746365,3.7715763092041014e-07,2.556571860601438e-07,149,3.809292072296143e-05
10-233-01455,BIHAR,Kaimur (Bhabua),Bhagwanpur,0,0,,200,10,1455,,134815.05705103654,292151198.96788174,3.7715763092041014e-07,1.0009870773243113e-07,211,2.112082733154297e-05
10-233-01456,BIHAR,Kaimur (Bhabua),Adhaura,0,0,,200,10,1456,,271357.2345421078,1135984955.9859164,3.957017822265625e-06,3.7709401331028023e-07,833,0.0003141193130874634
10-234-01457,BIHAR,Rohtas,Kochas,0,0,,215,10,1457,,90248.48407846906,187033418.62218276,3.834747924804688e-06,3.3490401620575875e-06,132,0.00044207330139160153
10-234-01458,BIHAR,Rohtas,Dinara,0,0,,215,10,1458,,157118.7651045217,464648316.8452498,3.834747924804688e-06,3.802432727086579e-06,341,0.0012966295599365235
10-234-01459,BIHAR,Rohtas,Dawath,0,0,,215,10,1459,,78120.6651060775,129910427.66035384,3.69700439453125e-06,3.69700439453125e-06,94,0.00034751841308593753
10-234-01466,BIHAR,Rohtas,Nokha,0,0,,215,10,1466,,82152.91978314315,208772248.59610957,3.834747924804688e-06,7.640122341465306e-07,148,0.00011307381065368653
10-235-01476,BIHAR,Aurangabad,Daudnagar,0,0,,189,10,1476,,91010.07504965532,238139281.75712803,6.483966827392579e-07,5.664154929676276e-07,174,9.855629577636721e-05
10-234-01467,BIHAR,Rohtas,Kargahar,0,0,,215,10,1467,,128509.87472624176,406135690.59563094,3.834747924804688e-06,1.5261737815753835e-06,296,0.0004517474393463135
10-234-01468,BIHAR,Rohtas,Chenari,0,0,,215,10,1468,,121720.69626398994,292642418.8385522,4.886030197143554e-07,1.9172849841450538e-07,215,4.1221627159118655e-05
10-234-01469,BIHAR,Rohtas,Nauhatta,0,0,,215,10,1469,,175494.75594492842,478591449.404211,3.957017822265625e-06,3.353404934123411e-07,354,0.00011871053466796876
10-234-01470,BIHAR,Rohtas,Sheosagar,0,0,,215,10,1470,,135463.8765525897,406503956.12222886,4.886030197143554e-07,2.867395351862503e-07,295,8.458816287994384e-05
10-234-01471,BIHAR,Rohtas,Sasaram,0,0,,215,10,1471,,135810.11950728856,394273130.8742507,4.886030197143554e-07,3.3865243780201874e-07,290,9.820920696258544e-05
10-234-01473,BIHAR,Rohtas,Dehri,0,0,,215,10,1473,,97323.52013589225,199371136.99043605,4.886030197143554e-07,7.07631959586308e-08,145,1.0260663414001465e-05
10-235-01477,BIHAR,Aurangabad,Haspura,0,0,,189,10,1477,,88845.10694940752,164519986.5205008,8.60079345703125e-06,7.798412575209437e-07,121,9.436079216003418e-05
10-235-01478,BIHAR,Aurangabad,Goh,0,0,,189,10,1478,,122286.20877621078,374665187.3660463,8.60079345703125e-06,6.378800240684958e-06,272,0.0017350336654663086
10-236-01491,BIHAR,Gaya,Neem Chak Bathani,0,0,,196,10,1491,,79540.44278654993,146770773.7769567,0.0,0.0,103,0.0
10-235-01479,BIHAR,Aurangabad,Rafiganj,0,0,,189,10,1479,,167069.30684925965,465687847.79432577,4.6721435546875e-05,3.486975303112936e-05,341,0.011890585783615112
10-235-01480,BIHAR,Aurangabad,Obra,0,0,,189,10,1480,,130720.05569071589,327203821.09876627,4.6721435546875e-05,3.529001326098221e-06,237,0.0008363733142852784
10-236-01494,BIHAR,Gaya,Manpur,0,0,,196,10,1494,,77081.78707553667,161226183.41058797,1.54129150390625e-05,1.4742788298233695e-05,115,0.001695420654296875
10-235-01481,BIHAR,Aurangabad,Aurangabad,0,0,,189,10,1481,,125502.68609205673,344679798.38062614,4.6721435546875e-05,3.613611030578613e-05,256,0.00925084423828125
10-237-01511,BIHAR,Nawada,Nardiganj,0,0,,210,10,1511,,60262.24041371029,129808165.4472442,3.554833221435547e-07,3.554833221435547e-07,95,3.37709156036377e-05
10-235-01482,BIHAR,Aurangabad,Barun,0,0,,189,10,1482,,117269.30390529483,381782699.30215496,0.0,0.0,280,0.0
10-235-01483,BIHAR,Aurangabad,Nabinagar,0,0,,189,10,1483,,173491.30877801325,657546828.2218357,0.0,0.0,483,0.0
10-235-01484,BIHAR,Aurangabad,Kutumba,0,0,,189,10,1484,,110495.73757590447,319048251.76106954,0.0,0.0,229,0.0
10-235-01485,BIHAR,Aurangabad,Deo,0,0,,189,10,1485,,158578.88849021672,336990745.1586724,4.6721435546875e-05,1.991304508528387e-05,251,0.004998174316406251
10-235-01486,BIHAR,Aurangabad,Madanpur,0,0,,189,10,1486,,153529.37367368402,418713952.50229967,4.6721435546875e-05,3.693767802513147e-05,309,0.011413742509765625
10-236-01487,BIHAR,Gaya,Konch,0,0,,196,10,1487,,154041.56172387034,319288521.7326548,4.1341616210937504e-05,1.819724150558998e-05,232,0.0042217600292968754
10-236-01488,BIHAR,Gaya,Tikari,0,0,,196,10,1488,,122221.36853604284,290576655.12704176,4.1341616210937504e-05,7.33821308100989e-06,218,0.001599730451660156
10-236-01489,BIHAR,Gaya,Belaganj,0,0,,196,10,1489,,113473.13279109563,240372540.95814112,0.0,0.0,180,0.0
10-236-01490,BIHAR,Gaya,Khizirsarai,0,0,,196,10,1490,,103698.13096672995,223124430.97950032,1.54129150390625e-05,1.8682321259469697e-07,165,3.0825830078125e-05
10-236-01492,BIHAR,Gaya,Muhra,0,0,,196,10,1492,,93681.45756176667,181269438.2139707,2.3900503082275394e-05,3.929268913838402e-06,134,0.0005265220344543458
10-236-01493,BIHAR,Gaya,Atri,0,0,,196,10,1493,,103075.15367958385,161340647.62451813,2.3900503082275394e-05,4.680608245464935e-06,119,0.0005569923812103273
10-236-01495,BIHAR,Gaya,Gaya Town C.D.Block,0,0,,196,10,1495,,91678.58033080616,224144813.6021213,1.54129150390625e-05,1.3211070033482144e-05,161,0.002126982275390625
10-236-01496,BIHAR,Gaya,Paraiya,0,0,,196,10,1496,,75593.31264449215,167300846.5298876,4.1341616210937504e-05,3.0105845703125e-05,120,0.003612701484375
10-236-01497,BIHAR,Gaya,Guraru,0,0,,196,10,1497,,81292.54933661391,199646285.7542363,4.1341616210937504e-05,4.1341616210937504e-05,147,0.006077217583007813
10-237-01512,BIHAR,Nawada,Nawada,0,0,,210,10,1512,,86822.75137888109,219317998.1072041,7.277279281616212e-06,7.522741733235159e-07,157,0.00011810704521179199
10-236-01498,BIHAR,Gaya,Gurua,0,0,,196,10,1498,,117859.62964526065,238015237.1519128,4.1341616210937504e-05,3.62641112152276e-05,173,0.0062736912402343754
10-236-01499,BIHAR,Gaya,Amas,0,0,,196,10,1499,,100546.69423332924,128484051.44985774,4.6721435546875e-05,1.3447883499948602e-05,95,0.0012775489324951172
10-237-01517,BIHAR,Nawada,Roh,0,0,,210,10,1517,,77804.52626079548,192537548.9783989,7.277279281616212e-06,3.7283873494466145e-06,144,0.0005368877783203125
10-236-01500,BIHAR,Gaya,Banke Bazar,0,0,,196,10,1500,,85166.97220092022,256240042.68049288,1.5043359375e-05,8.350168880339593e-06,186,0.0015531314117431642
10-236-01501,BIHAR,Gaya,Imamganj,0,0,,196,10,1501,,136271.57775821586,316917295.57645696,2.598486633300781e-05,1.6020499783440117e-05,239,0.0038288994482421875
10-236-01502,BIHAR,Gaya,Dumaria,0,0,,196,10,1502,,119690.94596035974,390676703.928496,2.598486633300781e-05,1.236103016635828e-05,285,0.00352289359741211
10-236-01503,BIHAR,Gaya,Sherghati,0,0,,196,10,1503,,100322.2973073121,167902109.12194017,4.1341616210937504e-05,1.1650430198607408e-05,123,0.0014330029144287112
10-238-01531,BIHAR,Jamui,Gidhaur,0,0,,198,10,1531,,55211.5633940527,100392309.18230554,1.9465622558593752e-05,1.1814518400065105e-05,75,0.0008860888800048829
10-236-01504,BIHAR,Gaya,Dobhi,0,0,,196,10,1504,,103572.88994215836,218837778.49499393,2.8462502441406253e-05,2.4384332916070216e-05,161,0.003925877599487305
10-236-01505,BIHAR,Gaya,Bodh Gaya,0,0,,196,10,1505,,120948.91182130505,306843965.9119923,4.1341616210937504e-05,1.6716391399881114e-05,230,0.0038447700219726563
10-236-01506,BIHAR,Gaya,Tan Kuppa,0,0,,196,10,1506,,108147.94853451202,190099968.23000297,4.641126617431641e-05,2.1368894678372057e-05,134,0.002863431886901856
10-240-01542,BIHAR,Arwal,Arwal,0,0,,611,10,1542,,73924.8054791393,147787869.27798152,3.5324026489257817e-06,2.7479661882840673e-06,104,0.000285788483581543
10-236-01507,BIHAR,Gaya,Wazirganj,0,0,,196,10,1507,,105472.06999302967,323030583.61833626,2.3900503082275394e-05,2.3145251603853907e-05,236,0.005462279378509522
10-236-01508,BIHAR,Gaya,Fatehpur,0,0,,196,10,1508,,155359.44599717355,408449805.62920874,4.641126617431641e-05,3.7249538211697034e-05,304,0.011323859616355899
10-240-01543,BIHAR,Arwal,Kaler,0,0,,611,10,1543,,67777.19153730445,176075758.749563,3.5324026489257817e-06,3.048065769108197e-06,131,0.0003992966157531738
10-236-01509,BIHAR,Gaya,Mohanpur,0,0,,196,10,1509,,119906.24818546322,418796109.2883684,4.641126617431641e-05,3.358421213584372e-05,303,0.010176016277160646
10-240-01544,BIHAR,Arwal,Karpi,0,0,,611,10,1544,,158139.92638461498,234985661.7206014,8.60079345703125e-06,2.7180096927908968e-06,172,0.00046749766716003424
10-236-01510,BIHAR,Gaya,Barachatti,0,0,,196,10,1510,,138753.78132836288,366328956.31361085,4.641126617431641e-05,3.002894000355114e-05,275,0.008257958500976563
10-237-01513,BIHAR,Nawada,Warisaliganj,0,0,,210,10,1513,,109792.76918459819,202861050.3008767,3.554833221435547e-07,1.3300396406731637e-07,147,1.955158271789551e-05
10-237-01514,BIHAR,Nawada,Kashi Chak,0,0,,210,10,1514,,73948.94452619922,98983451.20841853,0.0,0.0,72,0.0
10-237-01515,BIHAR,Nawada,Pakribarawan,0,0,,210,10,1515,,104545.76938151139,251834567.85717744,0.0,0.0,184,0.0
10-237-01516,BIHAR,Nawada,Kawakol,0,0,,210,10,1516,,121170.20018263235,362955647.76482904,4.644386291503907e-06,1.309507413018019e-06,266,0.00034832897186279306
10-237-01518,BIHAR,Nawada,Gobindpur,0,0,,210,10,1518,,73133.35659787485,188189390.13263756,7.277279281616212e-06,5.359028674534389e-06,140,0.0007502640144348145
10-237-01519,BIHAR,Nawada,Akbarpur,0,0,,210,10,1519,,91268.2921062847,249541236.96202633,7.277279281616212e-06,7.277279281616212e-06,184,0.001339019387817383
10-237-01520,BIHAR,Nawada,Hisua,0,0,,210,10,1520,,85113.4923130193,144090762.99664384,2.3900503082275394e-05,1.1390316832615781e-05,104,0.0011845929505920412
10-237-01521,BIHAR,Nawada,Narhat,0,0,,210,10,1521,,62856.50481924386,99624005.77002536,7.277279281616212e-06,7.277279281616212e-06,69,0.0005021322704315186
10-237-01522,BIHAR,Nawada,Meskaur,0,0,,210,10,1522,,75185.00287586387,145604023.18435815,2.3900503082275394e-05,1.9151010567801344e-05,112,0.0021449131835937505
10-237-01523,BIHAR,Nawada,Sirdala,0,0,,210,10,1523,,111278.51695598938,301894539.186342,4.641126617431641e-05,2.0930936309219506e-05,218,0.004562944115409852
10-237-01524,BIHAR,Nawada,Rajauli,0,0,,210,10,1524,,132370.86211000624,450216393.36794454,2.513436763763428e-05,1.5307175575806218e-05,333,0.00509728946674347
10-238-01525,BIHAR,Jamui,Islamnagar Aliganj,0,0,,198,10,1525,,96153.77396855215,213408239.47295904,0.0,0.0,156,0.0
10-238-01526,BIHAR,Jamui,Sikandra,0,0,,198,10,1526,,86788.2538333537,223096734.30010977,1.9465622558593752e-05,5.104249855324074e-07,162,8.268884765625e-05
10-238-01527,BIHAR,Jamui,Jamui,0,0,,198,10,1527,,90084.78430112793,212157753.6648698,5.469700317382813e-06,5.3991235390940025e-06,155,0.0008368641485595703
10-238-01528,BIHAR,Jamui,Barhat,0,0,,198,10,1528,,114104.37581341481,270298087.1382075,5.469700317382813e-06,4.553456101780616e-06,197,0.0008970308520507813
10-238-01529,BIHAR,Jamui,Lakshmipur,0,0,,198,10,1529,,112147.89260238525,307635253.00857943,5.469700317382813e-06,1.4585867513020835e-06,225,0.0003281820190429688
10-238-01530,BIHAR,Jamui,Jhajha,0,0,,198,10,1530,,147664.43327942316,507112726.974952,1.9465622558593752e-05,6.589299820358689e-06,370,0.002438040933532715
10-238-01532,BIHAR,Jamui,Khaira,0,0,,198,10,1532,,142747.05687020053,513762691.7981683,1.9465622558593752e-05,1.0850602297188434e-05,377,0.00409067706604004
10-238-01533,BIHAR,Jamui,Sono,0,0,,198,10,1533,,117724.39892386932,474283005.7300444,1.9465622558593752e-05,1.724236341853538e-05,349,0.006017584833068848
10-238-01534,BIHAR,Jamui,Chakai,0,0,,198,10,1534,,243956.2217086091,956725034.6798706,1.9465622558593752e-05,1.647771034894671e-06,700,0.0011534397244262696
10-239-01535,BIHAR,Jehanabad,Ratni Faridpur,0,0,,199,10,1535,,82762.53932271499,155018952.20303965,8.60079345703125e-06,1.751340171412418e-06,114,0.00019965277954101565
10-239-01536,BIHAR,Jehanabad,Jehanabad,0,0,,199,10,1536,,97254.09844747804,201426556.69272655,0.0,0.0,148,0.0
10-239-01537,BIHAR,Jehanabad,Kako,0,0,,199,10,1537,,83599.3529020472,162373941.78194478,0.0,0.0,118,0.0
10-239-01538,BIHAR,Jehanabad,Modanganj,0,0,,199,10,1538,,66522.90037500951,97205276.85869928,0.0,0.0,69,0.0
10-239-01539,BIHAR,Jehanabad,Ghoshi,0,0,,199,10,1539,,82931.95174196921,112225161.55433495,0.0,0.0,83,0.0
10-239-01540,BIHAR,Jehanabad,Makhdumpur,0,0,,199,10,1540,,128831.72570768485,301471679.33572614,0.0,0.0,217,0.0
10-239-01541,BIHAR,Jehanabad,Hulasganj,0,0,,199,10,1541,,87179.53907708311,119677697.18988888,0.0,0.0,90,0.0
10-240-01545,BIHAR,Arwal,Sonbhadra Banshi Suryapur,0,0,,611,10,1545,,62692.97791397586,116643000.97724338,8.60079345703125e-06,7.1241936005741714e-06,83,0.0005913080688476562
10-240-01546,BIHAR,Arwal,Kurtha,0,0,,611,10,1546,,71585.17106640573,106433073.5354984,8.60079345703125e-06,5.615411439553286e-06,78,0.00043800209228515635
10-224-01334,BIHAR,Bhagalpur,Gopalpur,0,0,,192,10,1334,,95407.9186210158,208941966.91883087,0.0,0.0,153,0.0
10-210-01127,BIHAR,Kishanganj,Kishanganj,0,0,,203,10,1127,,125268.33771117091,207105687.55921903,0.0,0.0,152,0.0
10-206-01064,BIHAR,Sitamarhi,Suppi,0,0,,221,10,1064,,71084.15120823232,92250451.53846286,0.0,0.0,66,0.0
10-234-01463,BIHAR,Rohtas,Nasriganj,0,0,,215,10,1463,,90034.07903274363,167356919.18355417,0.0001011873681640625,9.630190112401568e-05,126,0.012134039541625976
10-234-01464,BIHAR,Rohtas,Rajpur,0,0,,215,10,1464,,68660.48684625747,85633596.4997788,0.0001011873681640625,0.0001011873681640625,63,0.0063748041943359375
10-234-01465,BIHAR,Rohtas,Sanjhauli,0,0,,215,10,1465,,56591.722358052,83833486.39015438,0.0001011873681640625,8.243101833525158e-05,63,0.0051931541551208495
10-203-01023,BIHAR,Pashchim Champaran,Thakrahan,0,0,,211,10,1023,,79847.09402015881,199004696.79409248,0.0,0.0,145,0.0
10-204-01054,BIHAR,Purbi Champaran,Phenhara,0,0,,213,10,1054,,44565.43736457999,67645025.94776015,0.0,0.0,51,0.0
10-219-01262,BIHAR,Saran,Maker,0,0,,218,10,1262,,62357.8736467211,96585777.9808088,0.0,0.0,71,0.0
10-220-01282,BIHAR,Vaishali,Sahdai Buzurg,0,0,,224,10,1282,,74546.65030748869,114161677.3631406,0.0,0.0,84,0.0
10-229-01388,BIHAR,Nalanda,Tharthari,0,0,,209,10,1388,,71853.42144919158,77411758.12428828,7.100808105468749e-05,4.919813829210069e-05,54,0.0026566994677734374
10-229-01389,BIHAR,Nalanda,Parbalpur,0,0,,209,10,1389,,54466.2339431045,76043839.88376136,7.100808105468749e-05,3.3452694920131134e-05,56,0.0018733509155273436
10-203-01022,BIHAR,Pashchim Champaran,Bhitaha,0,0,,211,10,1022,,72626.86760213553,166969906.7472905,0.0,0.0,117,0.0
10-203-01013,BIHAR,Pashchim Champaran,Sidhaw,0,0,,211,10,1013,,195582.3602130639,1085337194.6715722,0.0,0.0,781,0.0
10-203-01014,BIHAR,Pashchim Champaran,Ramnagar,0,0,,211,10,1014,,230865.78384139363,866139404.2451236,0.0,0.0,621,0.0
10-203-01015,BIHAR,Pashchim Champaran,Gaunaha,0,0,,211,10,1015,,136504.94021895694,605322845.3823951,0.0,0.0,441,0.0
10-203-01016,BIHAR,Pashchim Champaran,Mainatanr,0,0,,211,10,1016,,115419.13930249632,312998546.4010918,0.0,0.0,221,0.0
10-203-01017,BIHAR,Pashchim Champaran,Narkatiaganj,0,0,,211,10,1017,,149144.20649331805,441857686.2127825,0.0,0.0,314,0.0
10-203-01018,BIHAR,Pashchim Champaran,Lauriya,0,0,,211,10,1018,,120853.32018665274,255440417.54612216,0.0,0.0,183,0.0
10-203-01019,BIHAR,Pashchim Champaran,Bagaha,0,0,,211,10,1019,,135587.24079810514,491292931.53180623,0.0,0.0,352,0.0
10-203-01021,BIHAR,Pashchim Champaran,Madhubani,0,0,,211,10,1021,,144670.82201821523,386116138.1353823,0.0,0.0,276,0.0
10-203-01024,BIHAR,Pashchim Champaran,Jogapatti,0,0,,211,10,1024,,88530.23644360513,258722436.3759333,0.0,0.0,186,0.0
10-203-01029,BIHAR,Pashchim Champaran,Bairia,0,0,,211,10,1029,,105039.82861382668,288505226.87341565,0.0,0.0,208,0.0
10-203-01025,BIHAR,Pashchim Champaran,Chanpatia,0,0,,211,10,1025,,113543.7602983494,310017349.34780717,0.0,0.0,226,0.0
10-206-01071,BIHAR,Sitamarhi,Parsauni,0,0,,221,10,1071,,63729.135625112256,74724139.64418457,0.0,0.0,55,0.0
10-203-01026,BIHAR,Pashchim Champaran,Sikta,0,0,,211,10,1026,,93443.22825707054,255004178.86147365,0.0,0.0,183,0.0
10-203-01027,BIHAR,Pashchim Champaran,Majhaulia,0,0,,211,10,1027,,123374.4030721297,371511179.15939575,0.0,0.0,265,0.0
10-203-01028,BIHAR,Pashchim Champaran,Bettiah,0,0,,211,10,1028,,53968.26030594324,83182055.35378212,0.0,0.0,59,0.0
10-203-01030,BIHAR,Pashchim Champaran,Nautan,0,0,,211,10,1030,,122656.63983711715,245738630.13883996,0.0,0.0,171,0.0
10-204-01031,BIHAR,Purbi Champaran,Raxaul,0,0,,213,10,1031,,98709.78801801558,166685360.13968688,0.0,0.0,124,0.0
10-206-01072,BIHAR,Sitamarhi,Belsand,0,0,,221,10,1072,,66235.5873217276,97354060.86547032,0.0,0.0,70,0.0
10-206-01073,BIHAR,Sitamarhi,Runisaidpur,0,0,,221,10,1073,,152472.54206325076,334873257.0825382,0.0,0.0,243,0.0
10-204-01032,BIHAR,Purbi Champaran,Adapur,0,0,,213,10,1032,,94532.37688292323,199608924.7111849,0.0,0.0,148,0.0
10-206-01074,BIHAR,Sitamarhi,Dumra,0,0,,221,10,1074,,111649.34177378344,241159212.36062923,0.0,0.0,178,0.0
10-204-01033,BIHAR,Purbi Champaran,Ramgarhwa,0,0,,213,10,1033,,90718.26831189607,213035907.5226096,0.0,0.0,154,0.0
10-204-01034,BIHAR,Purbi Champaran,Sugauli,0,0,,213,10,1034,,84892.41923436844,209336830.19001696,0.0,0.0,149,0.0
10-204-01038,BIHAR,Purbi Champaran,Ghorasahan,0,0,,213,10,1038,,75335.10865687576,144368243.47105,0.0,0.0,104,0.0
10-204-01035,BIHAR,Purbi Champaran,Banjaria,0,0,,213,10,1035,,102381.40449613356,176960195.87167916,0.0,0.0,124,0.0
10-204-01047,BIHAR,Purbi Champaran,Kesaria,0,0,,213,10,1047,,87546.8206889307,229535442.11688668,0.0,0.0,168,0.0
10-204-01036,BIHAR,Purbi Champaran,Narkatia,0,0,,213,10,1036,,105607.09704406632,168338010.30978012,0.0,0.0,120,0.0
10-204-01037,BIHAR,Purbi Champaran,Bankatwa,0,0,,213,10,1037,,99233.37216886049,115311013.90225838,0.0,0.0,82,0.0
10-204-01039,BIHAR,Purbi Champaran,Dhaka,0,0,,213,10,1039,,97673.73467814895,202386545.86227983,0.0,0.0,145,0.0
10-204-01048,BIHAR,Purbi Champaran,Kalyanpur,0,0,,213,10,1048,,109413.20044555076,313300912.50613195,0.0,0.0,230,0.0
10-204-01040,BIHAR,Purbi Champaran,Chiraia,0,0,,213,10,1040,,110764.71696779084,272984575.32652414,0.0,0.0,199,0.0
10-204-01041,BIHAR,Purbi Champaran,Motihari,0,0,,213,10,1041,,181544.26702654368,319814691.13850176,0.0,0.0,241,0.0
10-204-01049,BIHAR,Purbi Champaran,Kotwa,0,0,,213,10,1049,,78879.98205471091,178282937.71225017,0.0,0.0,126,0.0
10-204-01042,BIHAR,Purbi Champaran,Turkaulia,0,0,,213,10,1042,,99475.78497366334,174748315.94966665,0.0,0.0,130,0.0
10-204-01050,BIHAR,Purbi Champaran,Piprakothi,0,0,,213,10,1050,,58369.33889310607,62223774.49301849,0.0,0.0,45,0.0
10-204-01043,BIHAR,Purbi Champaran,Harsidhi,0,0,,213,10,1043,,133904.34238337883,240218359.62130272,0.0,0.0,173,0.0
10-204-01044,BIHAR,Purbi Champaran,Paharpur,0,0,,213,10,1044,,108730.62076802726,192061375.0173064,0.0,0.0,144,0.0
10-204-01045,BIHAR,Purbi Champaran,Areraj,0,0,,213,10,1045,,93331.67353690567,242725576.26244012,0.0,0.0,174,0.0
10-204-01046,BIHAR,Purbi Champaran,Sangrampur,0,0,,213,10,1046,,78133.67961210197,187659878.02718252,0.0,0.0,133,0.0
10-204-01051,BIHAR,Purbi Champaran,Chakia(Pipra),0,0,,213,10,1051,,129110.66914194856,212940547.80779588,0.0,0.0,145,0.0
10-204-01052,BIHAR,Purbi Champaran,Pakri Dayal,0,0,,213,10,1052,,90143.40730437863,148110040.62869397,0.0,0.0,106,0.0
10-204-01053,BIHAR,Purbi Champaran,Patahi,0,0,,213,10,1053,,85994.51677214028,144960443.14880535,0.0,0.0,100,0.0
10-204-01055,BIHAR,Purbi Champaran,Madhuban,0,0,,213,10,1055,,112681.00006095257,152424272.44650427,0.0,0.0,114,0.0
10-204-01056,BIHAR,Purbi Champaran,Tetaria,0,0,,213,10,1056,,82320.72754353678,104458405.63845472,0.0,0.0,74,0.0
10-205-01058,BIHAR,Sheohar,Purnahiya,0,0,,220,10,1058,,57294.126150412616,80859097.14068061,0.0,0.0,59,0.0
10-204-01057,BIHAR,Purbi Champaran,Mehsi,0,0,,213,10,1057,,125063.78039343117,149773808.08158112,0.0,0.0,108,0.0
10-205-01059,BIHAR,Sheohar,Piprarhi,0,0,,220,10,1059,,105870.45511307275,104265216.9562483,0.0,0.0,77,0.0
10-205-01060,BIHAR,Sheohar,Sheohar,0,0,,220,10,1060,,81007.5322908237,115638983.35873616,0.0,0.0,83,0.0
10-205-01061,BIHAR,Sheohar,Dumri Katsari,0,0,,220,10,1061,,65038.65439014734,84655470.24819931,0.0,0.0,59,0.0
10-205-01062,BIHAR,Sheohar,Tariani Chowk,0,0,,220,10,1062,,97491.22869259815,171878914.60720828,0.0,0.0,126,0.0
10-206-01063,BIHAR,Sitamarhi,Bairgania,0,0,,221,10,1063,,59598.621146511534,94417571.99630062,0.0,0.0,70,0.0
10-206-01065,BIHAR,Sitamarhi,Majorganj,0,0,,221,10,1065,,62808.55729710282,95411217.42446172,0.0,0.0,68,0.0
10-206-01066,BIHAR,Sitamarhi,Sonbarsa,0,0,,221,10,1066,,92820.94699371175,224104085.6083578,0.0,0.0,155,0.0
10-206-01067,BIHAR,Sitamarhi,Parihar,0,0,,221,10,1067,,86838.20299610356,272812569.4060281,0.0,0.0,197,0.0
10-207-01095,BIHAR,Madhubani,Rajnagar,0,0,,206,10,1095,,78809.12744912357,223111125.2667772,0.0,0.0,158,0.0
10-206-01068,BIHAR,Sitamarhi,Sursand,0,0,,221,10,1068,,91215.71647520129,181412871.1123928,0.0,0.0,134,0.0
10-206-01069,BIHAR,Sitamarhi,Bathnaha,0,0,,221,10,1069,,120764.04051803834,251403523.12922087,0.0,0.0,185,0.0
10-206-01070,BIHAR,Sitamarhi,Riga,0,0,,221,10,1070,,129433.73210860479,163724219.02092636,0.0,0.0,114,0.0
10-210-01123,BIHAR,Kishanganj,Thakurganj,0,0,,203,10,1123,,224971.2940646554,491161543.46963537,0.0,0.0,353,0.0
10-210-01124,BIHAR,Kishanganj,Pothia,0,0,,203,10,1124,,167388.9118766352,443844792.4531903,0.0,0.0,321,0.0
10-210-01125,BIHAR,Kishanganj,Bahadurganj,0,0,,203,10,1125,,155296.13881782343,347494200.8377232,0.0,0.0,251,0.0
10-210-01126,BIHAR,Kishanganj,Kochadhamin,0,0,,203,10,1126,,139640.52665725534,360840233.8364798,0.0,0.0,258,0.0
10-211-01128,BIHAR,Purnia,Banmankhi,0,0,,214,10,1128,,142815.61519736593,459936087.34673214,0.0,0.0,333,0.0
10-206-01075,BIHAR,Sitamarhi,Bajpatti,0,0,,221,10,1075,,90407.29439213518,174303329.1783474,0.0,0.0,125,0.0
10-206-01076,BIHAR,Sitamarhi,Charaut,0,0,,221,10,1076,,85128.15752493152,91349700.81924292,0.0,0.0,62,0.0
10-206-01077,BIHAR,Sitamarhi,Pupri,0,0,,221,10,1077,,73992.24203369493,115338203.66308306,0.0,0.0,82,0.0
10-206-01078,BIHAR,Sitamarhi,Nanpur,0,0,,221,10,1078,,73315.01223618646,135892566.9983101,0.0,0.0,100,0.0
10-220-01283,BIHAR,Vaishali,Mahnar,0,0,,224,10,1283,,81638.1139853176,126474580.44313861,0.0,0.0,89,0.0
10-206-01079,BIHAR,Sitamarhi,Bokhara,0,0,,221,10,1079,,81978.13188098712,108574895.39827529,0.0,0.0,79,0.0
10-207-01080,BIHAR,Madhubani,Madhwapur,0,0,,206,10,1080,,88808.76172423853,137557654.90878707,0.0,0.0,103,0.0
10-207-01081,BIHAR,Madhubani,Harlakhi,0,0,,206,10,1081,,90217.76640094945,187441757.00046396,0.0,0.0,138,0.0
10-207-01082,BIHAR,Madhubani,Basopatti,0,0,,206,10,1082,,97634.90682970545,164238774.4639331,0.0,0.0,122,0.0
10-207-01089,BIHAR,Madhubani,Khajauli,0,0,,206,10,1089,,91171.28062794723,150968724.81279027,0.0,0.0,108,0.0
10-207-01083,BIHAR,Madhubani,Jainagar,0,0,,206,10,1083,,81489.61423509955,161880108.8306139,0.0,0.0,115,0.0
10-207-01090,BIHAR,Madhubani,Kaluahi,0,0,,206,10,1090,,62305.281593423286,101560283.08963235,0.0,0.0,75,0.0
10-207-01084,BIHAR,Madhubani,Ladania,0,0,,206,10,1084,,97928.14946240213,232665607.5684243,0.0,0.0,164,0.0
10-207-01085,BIHAR,Madhubani,Laukaha,0,0,,206,10,1085,,102032.19667129294,266340932.00179368,0.0,0.0,197,0.0
10-207-01086,BIHAR,Madhubani,Laukahi,0,0,,206,10,1086,,109679.24973352649,329223432.564553,0.0,0.0,237,0.0
10-207-01087,BIHAR,Madhubani,Phulparas,0,0,,206,10,1087,,117974.41186319289,199352334.8677591,0.0,0.0,140,0.0
10-207-01088,BIHAR,Madhubani,Babubarhi,0,0,,206,10,1088,,118996.04641992833,237192379.86086744,0.0,0.0,174,0.0
10-207-01091,BIHAR,Madhubani,Benipatti,0,0,,206,10,1091,,128414.2409747215,328987645.9449377,0.0,0.0,231,0.0
10-207-01092,BIHAR,Madhubani,Bisfi,0,0,,206,10,1092,,99754.46134559005,226192948.413646,0.0,0.0,165,0.0
10-207-01093,BIHAR,Madhubani,Madhubani,0,0,,206,10,1093,,109764.71764889831,200359220.56727448,0.0,0.0,142,0.0
10-207-01094,BIHAR,Madhubani,Pandaul,0,0,,206,10,1094,,102372.75527307783,208327489.63825428,0.0,0.0,148,0.0
10-207-01096,BIHAR,Madhubani,Andhratharhi,0,0,,206,10,1096,,97300.5167595078,186769445.10608673,0.0,0.0,134,0.0
10-207-01097,BIHAR,Madhubani,Jhanjharpur,0,0,,206,10,1097,,125261.96837896874,181284371.95402232,0.0,0.0,132,0.0
10-207-01098,BIHAR,Madhubani,Ghoghardiha,0,0,,206,10,1098,,114215.40677637524,211228851.4219488,0.0,0.0,159,0.0
10-207-01099,BIHAR,Madhubani,Lakhnaur,0,0,,206,10,1099,,72956.74167609161,146945623.14022,0.0,0.0,110,0.0
10-207-01100,BIHAR,Madhubani,Madhepur,0,0,,206,10,1100,,144505.38034518834,300452948.5687113,0.0,0.0,212,0.0
10-208-01101,BIHAR,Supaul,Nirmali,0,0,,223,10,1101,,123310.21889922836,162734364.67066902,0.0,0.0,118,0.0
10-208-01102,BIHAR,Supaul,Basantpur,0,0,,223,10,1102,,136288.63693043106,319456339.75100917,0.0,0.0,228,0.0
10-208-01103,BIHAR,Supaul,Chhatapur,0,0,,223,10,1103,,142271.17176584958,398825687.2446475,0.0,0.0,285,0.0
10-208-01104,BIHAR,Supaul,Pratapganj,0,0,,223,10,1104,,71155.69013184242,133032565.19323792,0.0,0.0,97,0.0
10-208-01105,BIHAR,Supaul,Raghopur,0,0,,223,10,1105,,111831.20983491397,255841046.48838165,0.0,0.0,187,0.0
10-221-01285,BIHAR,Samastipur,Warisnagar,0,0,,217,10,1285,,90241.30323013186,163846086.5162723,0.0,0.0,120,0.0
10-208-01106,BIHAR,Supaul,Saraigarh Bhaptiyahi,0,0,,223,10,1106,,105489.5116383213,257042943.27229512,0.0,0.0,189,0.0
10-208-01107,BIHAR,Supaul,Kishanpur,0,0,,223,10,1107,,125516.73810076228,248613546.3002807,0.0,0.0,177,0.0
10-208-01108,BIHAR,Supaul,Marauna,0,0,,223,10,1108,,114969.59778192453,206419565.01179272,0.0,0.0,149,0.0
10-208-01109,BIHAR,Supaul,Supaul,0,0,,223,10,1109,,122628.008173687,390920691.5720901,0.0,0.0,287,0.0
10-208-01110,BIHAR,Supaul,Pipra,0,0,,223,10,1110,,113516.78657800167,247320462.25611627,0.0,0.0,181,0.0
10-221-01287,BIHAR,Samastipur,Khanpur,0,0,,217,10,1287,,89337.20668890505,173313349.37261373,0.0,0.0,127,0.0
10-208-01111,BIHAR,Supaul,Tribeniganj,0,0,,223,10,1111,,136684.8917573132,402291551.99740016,0.0,0.0,290,0.0
10-209-01112,BIHAR,Araria,Narpatganj,0,0,,188,10,1112,,196352.82868709194,482872068.7863751,0.0,0.0,351,0.0
10-209-01113,BIHAR,Araria,Forbesganj,0,0,,188,10,1113,,165874.55860340688,546946456.996027,0.0,0.0,392,0.0
10-209-01114,BIHAR,Araria,Bhargama,0,0,,188,10,1114,,140909.75235341018,280499778.1128878,0.0,0.0,206,0.0
10-209-01115,BIHAR,Araria,Raniganj,0,0,,188,10,1115,,160625.61646677545,576910744.770993,0.0,0.0,418,0.0
10-209-01116,BIHAR,Araria,Araria,0,0,,188,10,1116,,192057.15187743204,506918787.2643526,0.0,0.0,371,0.0
10-209-01117,BIHAR,Araria,Kursakatta,0,0,,188,10,1117,,96566.38525637137,201032230.408231,0.0,0.0,147,0.0
10-209-01118,BIHAR,Araria,Sikti,0,0,,188,10,1118,,116798.35346995249,237753016.2819182,0.0,0.0,177,0.0
10-209-01119,BIHAR,Araria,Palasi,0,0,,188,10,1119,,132578.70192307016,306240761.34804773,0.0,0.0,222,0.0
10-209-01120,BIHAR,Araria,Jokihat,0,0,,188,10,1120,,155370.9524619173,341005127.7602247,0.0,0.0,246,0.0
10-210-01121,BIHAR,Kishanganj,Terhagachh,0,0,,203,10,1121,,121953.02658094271,245208326.38245347,0.0,0.0,175,0.0
10-210-01122,BIHAR,Kishanganj,Dighalbank,0,0,,203,10,1122,,147432.83262190674,314385668.4331173,0.0,0.0,224,0.0
10-211-01129,BIHAR,Purnia,Barhara,0,0,,214,10,1129,,111073.17449432175,288009141.38478667,0.0,0.0,212,0.0
10-211-01130,BIHAR,Purnia,Bhawanipur,0,0,,214,10,1130,,116656.34435182877,201938838.4795833,0.0,0.0,147,0.0
10-211-01131,BIHAR,Purnia,Rupauli,0,0,,214,10,1131,,113946.660566684,308195114.8462847,0.0,0.0,227,0.0
10-211-01132,BIHAR,Purnia,Dhamdaha,0,0,,214,10,1132,,135370.01293426772,446856166.039676,0.0,0.0,326,0.0
10-211-01133,BIHAR,Purnia,Krityanand Nagar,0,0,,214,10,1133,,149407.41850079046,364443041.21247435,0.0,0.0,274,0.0
10-211-01134,BIHAR,Purnia,Purnia East,0,0,,214,10,1134,,127662.13358515713,309272824.56310594,0.0,0.0,228,0.0
10-211-01135,BIHAR,Purnia,Kasba,0,0,,214,10,1135,,130095.64608516233,215123054.3424731,0.0,0.0,154,0.0
10-211-01136,BIHAR,Purnia,Srinagar,0,0,,214,10,1136,,106220.57404900706,172405807.6412187,0.0,0.0,122,0.0
10-211-01137,BIHAR,Purnia,Jalalgarh,0,0,,214,10,1137,,87146.39992638786,142107808.6772385,0.0,0.0,102,0.0
10-211-01138,BIHAR,Purnia,Amour,0,0,,214,10,1138,,141371.93624621196,307011870.96961224,0.0,0.0,225,0.0
10-211-01139,BIHAR,Purnia,Baisa,0,0,,214,10,1139,,132173.35304950457,275191667.549805,0.0,0.0,197,0.0
10-211-01140,BIHAR,Purnia,Baisi,0,0,,214,10,1140,,118169.54825440844,253873549.02719215,0.0,0.0,187,0.0
10-211-01141,BIHAR,Purnia,Dagarua,0,0,,214,10,1141,,129309.28146976323,257465778.6329552,0.0,0.0,180,0.0
10-212-01142,BIHAR,Katihar,Falka,0,0,,201,10,1142,,100518.70580952488,208374539.8829749,0.0,0.0,150,0.0
10-212-01143,BIHAR,Katihar,Korha,0,0,,201,10,1143,,137118.64195203967,368801327.90483874,0.0,0.0,273,0.0
10-212-01144,BIHAR,Katihar,Hasanganj,0,0,,201,10,1144,,78227.29832785497,86155111.41022065,0.0,0.0,62,0.0
10-212-01145,BIHAR,Katihar,Kadwa,0,0,,201,10,1145,,157692.68144088247,420129854.10490626,0.0,0.0,307,0.0
10-212-01146,BIHAR,Katihar,Balrampur,0,0,,201,10,1146,,141815.18317465586,216253207.31133217,0.0,0.0,151,0.0
10-212-01147,BIHAR,Katihar,Barsoi,0,0,,201,10,1147,,172308.8160052511,357713388.6445612,0.0,0.0,261,0.0
10-212-01148,BIHAR,Katihar,Azamnagar,0,0,,201,10,1148,,141791.77759222616,349759708.1212404,0.0,0.0,253,0.0
10-221-01290,BIHAR,Samastipur,Tajpur,0,0,,217,10,1290,,57166.77792153786,83856612.1105223,0.0,0.0,61,0.0
10-212-01149,BIHAR,Katihar,Pranpur,0,0,,201,10,1149,,111803.70370561493,191475637.62126103,0.0,0.0,141,0.0
10-212-01150,BIHAR,Katihar,Dandkhora,0,0,,201,10,1150,,70987.07501110679,111201189.06340708,0.0,0.0,81,0.0
10-212-01151,BIHAR,Katihar,Katihar,0,0,,201,10,1151,,76845.81968857624,136830037.77828172,0.0,0.0,100,0.0
10-212-01152,BIHAR,Katihar,Mansahi,0,0,,201,10,1152,,73279.06289841712,97405011.1871763,0.0,0.0,73,0.0
10-212-01155,BIHAR,Katihar,Kursela,0,0,,201,10,1155,,80348.39413748268,153683091.52761996,0.0,0.0,117,0.0
10-212-01153,BIHAR,Katihar,Barari,0,0,,201,10,1153,,107333.93297446336,407446973.1478653,0.0,0.0,292,0.0
10-212-01154,BIHAR,Katihar,Sameli,0,0,,201,10,1154,,75105.36277909,118027198.2496544,0.0,0.0,81,0.0
10-212-01156,BIHAR,Katihar,Manihari,0,0,,201,10,1156,,130162.81635074862,303859830.4099729,0.0,0.0,221,0.0
10-212-01157,BIHAR,Katihar,Amdabad,0,0,,201,10,1157,,103742.71814675455,228302986.79665467,0.0,0.0,164,0.0
10-213-01158,BIHAR,Madhepura,Gamharia,0,0,,205,10,1158,,80141.00377515821,125479849.27382244,0.0,0.0,89,0.0
10-213-01160,BIHAR,Madhepura,Ghailarh,0,0,,205,10,1160,,78865.70647224285,116219722.2388165,0.0,0.0,83,0.0
10-213-01159,BIHAR,Madhepura,Singheshwar,0,0,,205,10,1159,,111627.30849980874,111167268.35246354,0.0,0.0,78,0.0
10-216-01210,BIHAR,Muzaffarpur,Bandra,0,0,,208,10,1210,,74293.85759884378,142020443.31484023,0.0,0.0,103,0.0
10-213-01161,BIHAR,Madhepura,Madhepura,0,0,,205,10,1161,,115084.47931226583,237801277.85767865,0.0,0.0,175,0.0
10-213-01162,BIHAR,Madhepura,Shankarpur,0,0,,205,10,1162,,63984.56408470212,128790837.874554,0.0,0.0,94,0.0
10-213-01163,BIHAR,Madhepura,Kumarkhand,0,0,,205,10,1163,,118191.24796123093,316976886.68211347,0.0,0.0,230,0.0
10-213-01164,BIHAR,Madhepura,Murliganj,0,0,,205,10,1164,,94211.11378994165,247086114.21145928,0.0,0.0,179,0.0
10-221-01293,BIHAR,Samastipur,Mohanpur,0,0,,217,10,1293,,74468.46489139357,163000016.77407515,0.0,0.0,120,0.0
10-213-01165,BIHAR,Madhepura,Gwalpara,0,0,,205,10,1165,,78037.2495556277,147267353.58482873,0.0,0.0,109,0.0
10-214-01172,BIHAR,Saharsa,Satar Kataiya,0,0,,216,10,1172,,77878.75925155886,177382280.64763528,0.0,0.0,130,0.0
10-213-01166,BIHAR,Madhepura,Bihariganj,0,0,,205,10,1166,,79669.40805645821,133818744.70956944,0.0,0.0,98,0.0
10-216-01211,BIHAR,Muzaffarpur,Dholi (Moraul),0,0,,208,10,1211,,63030.361633940505,73298422.6275262,0.0,0.0,50,0.0
10-213-01167,BIHAR,Madhepura,Kishanganj,0,0,,205,10,1167,,99817.47531025465,188055937.5971522,0.0,0.0,133,0.0
10-216-01212,BIHAR,Muzaffarpur,Musahri,0,0,,208,10,1212,,211487.75457487197,365415439.5943066,0.0,0.0,267,0.0
10-213-01168,BIHAR,Madhepura,Puraini,0,0,,205,10,1168,,63416.842365887525,103114850.3546553,0.0,0.0,76,0.0
10-214-01174,BIHAR,Saharsa,Kahara,0,0,,216,10,1174,,81070.16203244023,176788302.3737116,0.0,0.0,128,0.0
10-213-01169,BIHAR,Madhepura,Alamnagar,0,0,,205,10,1169,,94357.42058114092,211989804.11375904,0.0,0.0,151,0.0
10-213-01170,BIHAR,Madhepura,Chausa,0,0,,205,10,1170,,87285.75133964,172516848.53860697,0.0,0.0,124,0.0
10-214-01171,BIHAR,Saharsa,Nauhatta,0,0,,216,10,1171,,93228.84620468391,212763144.21707585,0.0,0.0,151,0.0
10-217-01227,BIHAR,Gopalganj,Sidhwalia,0,0,,197,10,1227,,69457.48217743407,152022198.31601515,0.0,0.0,109,0.0
10-214-01173,BIHAR,Saharsa,Mahishi,0,0,,216,10,1173,,106372.46434789852,273075178.2794974,0.0,0.0,195,0.0
10-214-01175,BIHAR,Saharsa,Saur Bazar,0,0,,216,10,1175,,88121.22998090234,233228921.9025612,0.0,0.0,171,0.0
10-214-01176,BIHAR,Saharsa,Patarghat,0,0,,216,10,1176,,67497.21582029684,149681422.04156074,0.0,0.0,105,0.0
10-214-01177,BIHAR,Saharsa,Sonbarsa,0,0,,216,10,1177,,90185.02153799882,263952116.041209,0.0,0.0,193,0.0
10-216-01199,BIHAR,Muzaffarpur,Sahebganj,0,0,,208,10,1199,,80060.99972290538,253055918.70266867,0.0,0.0,189,0.0
10-214-01178,BIHAR,Saharsa,Simri Bakhtiarpur,0,0,,216,10,1178,,119116.35548129058,266466354.66217396,0.0,0.0,194,0.0
10-214-01179,BIHAR,Saharsa,Salkhua,0,0,,216,10,1179,,82412.26684571667,221182533.93573853,0.0,0.0,163,0.0
10-214-01180,BIHAR,Saharsa,Banma Itahri,0,0,,216,10,1180,,54286.501575749484,92822449.4552088,0.0,0.0,68,0.0
10-215-01181,BIHAR,Darbhanga,Jale,0,0,,195,10,1181,,112473.57051363293,234172285.01568127,0.0,0.0,171,0.0
10-215-01182,BIHAR,Darbhanga,Singhwara,0,0,,195,10,1182,,121368.62688362494,223279889.67870736,0.0,0.0,162,0.0
10-215-01183,BIHAR,Darbhanga,Keotiranway,0,0,,195,10,1183,,89515.08566239705,180205403.4644349,0.0,0.0,131,0.0
10-215-01184,BIHAR,Darbhanga,Darbhanga,0,0,,195,10,1184,,131883.04966973627,240721362.1475316,0.0,0.0,174,0.0
10-215-01185,BIHAR,Darbhanga,Manigachhi,0,0,,195,10,1185,,96856.01003306538,158887287.31255177,0.0,0.0,114,0.0
10-215-01186,BIHAR,Darbhanga,Tardih,0,0,,195,10,1186,,96398.42232606321,109520018.96976715,0.0,0.0,79,0.0
10-215-01187,BIHAR,Darbhanga,Alinagar,0,0,,195,10,1187,,105560.56246873255,146523357.5416611,0.0,0.0,105,0.0
10-215-01188,BIHAR,Darbhanga,Benipur,0,0,,195,10,1188,,118482.30854716274,204643530.87647069,0.0,0.0,150,0.0
10-215-01189,BIHAR,Darbhanga,Bahadurpur,0,0,,195,10,1189,,155637.00049509996,221161760.4253616,0.0,0.0,158,0.0
10-215-01190,BIHAR,Darbhanga,Hanumannagar,0,0,,195,10,1190,,114393.83215098479,181536916.32106537,0.0,0.0,130,0.0
10-215-01191,BIHAR,Darbhanga,Hayaghat,0,0,,195,10,1191,,66118.49929402806,108810529.75916524,0.0,0.0,77,0.0
10-215-01192,BIHAR,Darbhanga,Baheri,0,0,,195,10,1192,,128629.1579498372,271307286.95794886,0.0,0.0,195,0.0
10-215-01193,BIHAR,Darbhanga,Biraul,0,0,,195,10,1193,,135706.32971678255,230203939.26841983,0.0,0.0,167,0.0
10-215-01194,BIHAR,Darbhanga,Ghanshyampur,0,0,,195,10,1194,,76766.91373126305,103945643.9979024,0.0,0.0,78,0.0
10-215-01195,BIHAR,Darbhanga,Kiratpur,0,0,,195,10,1195,,78793.19278562842,78915927.53877336,0.0,0.0,60,0.0
10-215-01196,BIHAR,Darbhanga,Gora Bauram,0,0,,195,10,1196,,99804.03366816713,145653476.81698695,0.0,0.0,104,0.0
10-215-01197,BIHAR,Darbhanga,Kusheshwar Asthan,0,0,,195,10,1197,,87220.16498537568,144130520.9401011,0.0,0.0,107,0.0
10-215-01198,BIHAR,Darbhanga,Kusheshwar Asthan Purbi,0,0,,195,10,1198,,91858.86035222423,150084285.43545517,0.0,0.0,112,0.0
10-216-01200,BIHAR,Muzaffarpur,Baruraj (Motipur),0,0,,208,10,1200,,125110.13599018812,365259305.4740948,0.0,0.0,263,0.0
10-216-01201,BIHAR,Muzaffarpur,Paroo,0,0,,208,10,1201,,136934.87791145188,413033977.3448192,0.0,0.0,295,0.0
10-216-01202,BIHAR,Muzaffarpur,Saraiya,0,0,,208,10,1202,,155820.80051537574,301402655.1404849,0.0,0.0,218,0.0
10-216-01203,BIHAR,Muzaffarpur,Marwan,0,0,,208,10,1203,,84959.92762229654,138736310.53842777,0.0,0.0,101,0.0
10-216-01204,BIHAR,Muzaffarpur,Kanti,0,0,,208,10,1204,,97122.90469976026,124757584.36625764,0.0,0.0,91,0.0
10-216-01205,BIHAR,Muzaffarpur,Minapur,0,0,,208,10,1205,,166218.11946715685,316124209.98756105,0.0,0.0,228,0.0
10-216-01206,BIHAR,Muzaffarpur,Bochaha,0,0,,208,10,1206,,126044.68100944142,233148755.94160384,0.0,0.0,167,0.0
10-216-01207,BIHAR,Muzaffarpur,Aurai,0,0,,208,10,1207,,101267.16719990574,247748190.77792475,0.0,0.0,177,0.0
10-216-01208,BIHAR,Muzaffarpur,Katra,0,0,,208,10,1208,,118891.9342746819,235108975.17115793,0.0,0.0,171,0.0
10-216-01209,BIHAR,Muzaffarpur,Gaighat,0,0,,208,10,1209,,111008.49869520529,259762671.68662548,0.0,0.0,191,0.0
10-216-01213,BIHAR,Muzaffarpur,Kurhani,0,0,,208,10,1213,,108106.10574110712,256354911.2077163,0.0,0.0,187,0.0
10-216-01214,BIHAR,Muzaffarpur,Sakra,0,0,,208,10,1214,,105121.4777371614,236360031.18726787,0.0,0.0,175,0.0
10-217-01215,BIHAR,Gopalganj,Katiya,0,0,,197,10,1215,,94755.55253264701,158441587.458013,1.4636842803955081e-05,1.1500376488821848e-05,112,0.001288042166748047
10-217-01216,BIHAR,Gopalganj,Bijaipur,0,0,,197,10,1216,,81309.59717969262,163112176.36717936,1.4636842803955081e-05,1.4636842803955081e-05,120,0.0017564211364746098
10-217-01217,BIHAR,Gopalganj,Bhorey,0,0,,197,10,1217,,78790.65552761848,196013266.46535653,1.4636842803955081e-05,7.623355627059938e-06,144,0.001097763210296631
10-217-01218,BIHAR,Gopalganj,Pach Deuri,0,0,,197,10,1218,,53698.212932643866,118295317.11973979,0.0,0.0,85,0.0
10-217-01219,BIHAR,Gopalganj,Kuchaikote,0,0,,197,10,1219,,101077.28158428885,316078491.04748106,0.0,0.0,226,0.0
10-217-01220,BIHAR,Gopalganj,Phulwaria,0,0,,197,10,1220,,81339.22200232239,118763292.85091434,0.0,0.0,89,0.0
10-217-01221,BIHAR,Gopalganj,Hathua,0,0,,197,10,1221,,91546.96202775641,183613061.83342972,2.858553100585938e-05,1.8906965389702266e-05,127,0.002401184604492188
10-217-01222,BIHAR,Gopalganj,Uchkagaon,0,0,,197,10,1222,,80102.93001981139,142235093.67043933,2.858553100585938e-05,1.887723745669959e-06,106,0.00020009871704101566
10-217-01223,BIHAR,Gopalganj,Thawe,0,0,,197,10,1223,,57244.55575246375,89300191.60424533,2.858553100585938e-05,4.466489219665528e-07,64,2.858553100585938e-05
10-217-01224,BIHAR,Gopalganj,Gopalganj,0,0,,197,10,1224,,110313.13172782106,244420793.60160467,0.0,0.0,182,0.0
10-218-01232,BIHAR,Siwan,Goriakothi,0,0,,222,10,1232,,73201.39147651673,174963939.23516312,0.0,0.0,127,0.0
10-217-01225,BIHAR,Gopalganj,Manjha,0,0,,197,10,1225,,80242.78538873792,179389027.9828925,0.0,0.0,131,0.0
10-217-01226,BIHAR,Gopalganj,Barauli,0,0,,197,10,1226,,105754.79057670098,232227972.12586737,0.0,0.0,170,0.0
10-217-01228,BIHAR,Gopalganj,Baikunthpur,0,0,,197,10,1228,,97825.58906166903,256614409.24172768,0.0,0.0,185,0.0
10-218-01229,BIHAR,Siwan,Nautan,0,0,,222,10,1229,,58324.35348563096,81827813.66620097,2.858553100585938e-05,2.858553100585938e-05,58,0.0016579607983398439
10-218-01230,BIHAR,Siwan,Siwan,0,0,,222,10,1230,,92599.06904644772,168879532.28230655,2.858553100585938e-05,2.6163028378244175e-05,118,0.0030872373486328128
10-218-01235,BIHAR,Siwan,Bhagwanpur Hat,0,0,,222,10,1235,,86430.4184146014,189582799.91524476,3.320039653778076e-05,5.292816839356353e-06,138,0.0007304087238311767
10-218-01231,BIHAR,Siwan,Barharia,0,0,,222,10,1231,,90315.6629531122,219606934.01516393,2.858553100585938e-05,5.359787063598634e-07,160,8.575659301757814e-05
10-218-01233,BIHAR,Siwan,Lakri Nabiganj,0,0,,222,10,1233,,79648.98713303795,120773104.6039552,0.0,0.0,88,0.0
10-218-01234,BIHAR,Siwan,Basantpur,0,0,,222,10,1234,,57871.378293950496,76675463.02480637,0.0,0.0,56,0.0
10-218-01236,BIHAR,Siwan,Maharajganj,0,0,,222,10,1236,,119387.58843212528,142817377.5161484,3.320039653778076e-05,1.2571023931781065e-05,103,0.0012948154649734497
10-218-01237,BIHAR,Siwan,Pachrukhi,0,0,,222,10,1237,,99183.2392802834,160709761.40986398,2.858553100585938e-05,1.2216038891392896e-06,117,0.00014292765502929688
10-218-01238,BIHAR,Siwan,Hussainganj,0,0,,222,10,1238,,68784.84800107122,105975934.30464326,3.673265075683594e-05,2.5935588180954396e-05,74,0.0019192335253906253
10-218-01239,BIHAR,Siwan,Ziradei,0,0,,222,10,1239,,98825.50869312549,152221780.48504183,3.673265075683594e-05,2.86589284810934e-05,111,0.0031811410614013672
10-218-01240,BIHAR,Siwan,Mairwa,0,0,,222,10,1240,,65279.2242200428,88898123.37504825,2.894722133636475e-05,2.86019714754278e-05,66,0.001887730117378235
10-218-01242,BIHAR,Siwan,Darauli,0,0,,222,10,1242,,90305.00161970501,214758375.6239279,0.00023433796157836917,6.095326763054632e-05,155,0.00944775648273468
10-218-01241,BIHAR,Siwan,Guthani,0,0,,222,10,1241,,78778.78773845347,115110806.99004474,2.894722133636475e-05,2.8920756190230206e-05,82,0.002371502007598877
10-219-01248,BIHAR,Saran,Mashrakh,0,0,,218,10,1248,,82075.7710341599,165898243.02109933,0.0,0.0,121,0.0
10-218-01243,BIHAR,Siwan,Andar,0,0,,222,10,1243,,83358.60866933218,125625010.62434034,3.673265075683594e-05,3.579620021074668e-05,87,0.003114269418334961
10-219-01249,BIHAR,Saran,Panapur,0,0,,218,10,1249,,75875.09329534958,182360909.7404776,0.0,0.0,128,0.0
10-218-01244,BIHAR,Siwan,Raghunathpur,0,0,,222,10,1244,,87824.68008836384,193566358.3438411,3.673265075683594e-05,3.673265075683593e-05,143,0.005252769058227538
10-219-01250,BIHAR,Saran,Taraiya,0,0,,218,10,1250,,53629.0613522338,97307015.09151264,0.0,0.0,74,0.0
10-218-01245,BIHAR,Siwan,Hasanpura,0,0,,222,10,1245,,82786.09108287447,121956119.03175904,3.673265075683594e-05,3.3939392089843755e-05,87,0.0029527271118164064
10-219-01251,BIHAR,Saran,Ishupur,0,0,,218,10,1251,,62425.60798229613,109300191.56908256,0.0,0.0,76,0.0
10-218-01246,BIHAR,Siwan,Daraundha,0,0,,222,10,1246,,105400.53795370483,157911066.26165873,3.320039653778076e-05,2.8869910032852837e-05,115,0.0033200396537780763
10-219-01256,BIHAR,Saran,Jalalpur,0,0,,218,10,1256,,65042.73641147566,147549697.72689733,3.320039653778076e-05,2.7322704457337003e-06,106,0.0002896206672477722
10-218-01247,BIHAR,Siwan,Siswan,0,0,,222,10,1247,,98184.39847010886,155554872.77293277,3.673265075683594e-05,3.4250526170472846e-05,111,0.0038018084049224856
10-219-01259,BIHAR,Saran,Nagra,0,0,,218,10,1259,,43289.948409307304,65110006.46242106,5.469050235748292e-06,2.327255419467358e-06,47,0.00010938100471496583
10-219-01252,BIHAR,Saran,Baniapur,0,0,,218,10,1252,,89199.8841803021,219417775.87250236,3.320039653778076e-05,8.14733657368853e-07,163,0.00013280158615112305
10-219-01253,BIHAR,Saran,Lahladpur,0,0,,218,10,1253,,49287.19248841685,70233795.44130237,3.320039653778076e-05,1.792821413040161e-05,50,0.0008964107065200805
10-219-01254,BIHAR,Saran,Ekma,0,0,,218,10,1254,,99716.17236158185,176114988.01319405,3.320039653778076e-05,3.320039653778076e-05,128,0.0042496507568359375
10-219-01255,BIHAR,Saran,Manjhi,0,0,,218,10,1255,,127085.43562979231,244607530.98349065,3.320039653778076e-05,2.784406509929233e-05,180,0.00501193171787262
10-219-01257,BIHAR,Saran,Revelganj,0,0,,218,10,1257,,84877.1419542779,179359801.45379385,9.926914978027344e-06,5.825679415130616e-06,125,0.000728209926891327
10-219-01258,BIHAR,Saran,Chapra,0,0,,218,10,1258,,119729.94798472138,239470568.44351175,5.469050235748292e-06,5.127234596014023e-06,176,0.0009023932888984681
10-219-01260,BIHAR,Saran,Marhaura,0,0,,218,10,1260,,87240.95030017926,190752130.05196184,5.469050235748292e-06,1.5968029885396473e-07,137,2.1876200942993167e-05
10-219-01261,BIHAR,Saran,Amnour,0,0,,218,10,1261,,94922.90618840617,160109081.4065653,5.469050235748292e-06,9.269576670759817e-08,118,1.0938100471496583e-05
10-219-01263,BIHAR,Saran,Parsa,0,0,,218,10,1263,,85595.91054800974,122749042.93573296,0.0,0.0,88,0.0
10-219-01266,BIHAR,Saran,Dighwara,0,0,,218,10,1266,,81943.45164265168,101347015.6655549,0.0,0.0,72,0.0
10-219-01264,BIHAR,Saran,Dariapur,0,0,,218,10,1264,,115477.27251924115,281302380.67878103,0.0,0.0,202,0.0
10-219-01265,BIHAR,Saran,Garkha,0,0,,218,10,1265,,90147.74693968748,213336409.9887166,5.469050235748292e-06,2.805551744312435e-06,154,0.000432054968624115
10-220-01269,BIHAR,Vaishali,Paterhi Belsar,0,0,,224,10,1269,,56227.36197278124,93522597.26160131,0.0,0.0,69,0.0
10-219-01267,BIHAR,Saran,Sonepur,0,0,,218,10,1267,,70412.64000247594,214865144.18564072,0.0,0.0,162,0.0
10-220-01268,BIHAR,Vaishali,Vaishali,0,0,,224,10,1268,,72706.90824879723,158663399.21103516,0.0,0.0,114,0.0
10-220-01270,BIHAR,Vaishali,Lalganj,0,0,,224,10,1270,,89595.71916906572,184177988.41986412,0.0,0.0,133,0.0
10-221-01294,BIHAR,Samastipur,Mohiuddinagar,0,0,,217,10,1294,,80607.53716768604,178536106.2701614,0.0,0.0,130,0.0
10-220-01271,BIHAR,Vaishali,Bhagwanpur,0,0,,224,10,1271,,98965.72708266653,142473218.81446454,0.0,0.0,102,0.0
10-220-01272,BIHAR,Vaishali,Goraul,0,0,,224,10,1272,,101989.77906286377,122446101.92943335,0.0,0.0,87,0.0
10-220-01273,BIHAR,Vaishali,Chehra Kalan,0,0,,224,10,1273,,63204.34388206024,89818122.94593617,0.0,0.0,66,0.0
10-220-01277,BIHAR,Vaishali,Raja Pakar,0,0,,224,10,1277,,58946.08844196175,93673217.82917874,0.0,0.0,72,0.0
10-220-01274,BIHAR,Vaishali,Patepur,0,0,,224,10,1274,,118180.33822078991,317029999.71255994,0.0,0.0,234,0.0
10-220-01275,BIHAR,Vaishali,Mahua,0,0,,224,10,1275,,86273.82517515696,171155586.12447235,0.0,0.0,125,0.0
10-220-01276,BIHAR,Vaishali,Jandaha,0,0,,224,10,1276,,99044.76663725945,179891527.10359335,0.0,0.0,128,0.0
10-220-01278,BIHAR,Vaishali,Hajipur,0,0,,224,10,1278,,80048.24731377292,194916759.16986817,0.0,0.0,140,0.0
10-220-01280,BIHAR,Vaishali,Bidupur,0,0,,224,10,1280,,88122.3198685409,139375575.9420912,0.0,0.0,99,0.0
10-220-01279,BIHAR,Vaishali,Raghopur,0,0,,224,10,1279,,128641.49950069311,338499790.0832371,0.0,0.0,246,0.0
10-220-01281,BIHAR,Vaishali,Desri,0,0,,224,10,1281,,50183.809114488824,56627949.53624974,0.0,0.0,43,0.0
10-221-01284,BIHAR,Samastipur,Kalyanpur,0,0,,217,10,1284,,147387.26660455638,294821482.9966942,0.0,0.0,214,0.0
10-221-01286,BIHAR,Samastipur,Shivaji Nagar,0,0,,217,10,1286,,96209.25031894707,172333979.18990555,0.0,0.0,130,0.0
10-221-01288,BIHAR,Samastipur,Samastipur,0,0,,217,10,1288,,112474.97484539819,170577777.20953664,0.0,0.0,123,0.0
10-221-01289,BIHAR,Samastipur,Pusa,0,0,,217,10,1289,,64081.7615729533,95008289.7510354,0.0,0.0,65,0.0
10-221-01291,BIHAR,Samastipur,Morwa,0,0,,217,10,1291,,104551.97847793197,152111293.7773472,0.0,0.0,106,0.0
10-221-01292,BIHAR,Samastipur,Patori,0,0,,217,10,1292,,69422.25062895294,130638318.44440164,0.0,0.0,93,0.0
10-221-01295,BIHAR,Samastipur,Sarairanjan,0,0,,217,10,1295,,96463.23467310029,185572344.2706523,0.0,0.0,145,0.0
10-221-01296,BIHAR,Samastipur,Vidyapati Nagar,0,0,,217,10,1296,,62930.2690484309,106322816.42401849,0.0,0.0,75,0.0
10-221-01297,BIHAR,Samastipur,Dalsinghsarai,0,0,,217,10,1297,,80515.23552986495,118201268.21451648,0.0,0.0,89,0.0
10-221-01298,BIHAR,Samastipur,Ujiarpur,0,0,,217,10,1298,,81756.09445970641,209497824.1015558,0.0,0.0,149,0.0
10-221-01300,BIHAR,Samastipur,Rosera,0,0,,217,10,1300,,84599.34785899956,138535375.895554,0.0,0.0,97,0.0
10-221-01299,BIHAR,Samastipur,Bibhutpur,0,0,,217,10,1299,,96600.53522783429,258332531.194082,0.0,0.0,187,0.0
10-221-01301,BIHAR,Samastipur,Singhia,0,0,,217,10,1301,,76055.88015393679,178639507.67998633,0.0,0.0,128,0.0
10-222-01307,BIHAR,Begusarai,Cheria Bariarpur,0,0,,191,10,1307,,80422.0696045629,127840547.1243011,0.0,0.0,89,0.0
10-221-01302,BIHAR,Samastipur,Hasanpur,0,0,,217,10,1302,,122795.93417076243,188091095.39019313,0.0,0.0,138,0.0
10-221-01303,BIHAR,Samastipur,Bithan,0,0,,217,10,1303,,72838.55780104545,149849875.79630712,0.0,0.0,109,0.0
10-222-01304,BIHAR,Begusarai,Khudabandpur,0,0,,191,10,1304,,49522.71992212785,59617610.47663844,0.0,0.0,39,0.0
10-222-01305,BIHAR,Begusarai,Chhorahi,0,0,,191,10,1305,,96201.09768359947,128309829.49376953,0.0,0.0,94,0.0
10-222-01306,BIHAR,Begusarai,Garhpura,0,0,,191,10,1306,,69581.28073662621,88651595.91159394,0.0,0.0,68,0.0
10-222-01308,BIHAR,Begusarai,Bhagwanpur,0,0,,191,10,1308,,102620.52088176137,147276258.21886113,0.0,0.0,106,0.0
10-223-01324,BIHAR,Khagaria,Mansi,0,0,,202,10,1324,,70720.37786012898,86151878.56106131,0.0,0.0,69,0.0
10-222-01309,BIHAR,Begusarai,Mansurchak,0,0,,191,10,1309,,55538.61039021854,42158333.283958256,0.0,0.0,31,0.0
10-224-01333,BIHAR,Bhagalpur,Rangra Chowk,0,0,,192,10,1333,,56200.86409227388,97946271.45940188,0.0,0.0,71,0.0
10-222-01310,BIHAR,Begusarai,Bachhwara,0,0,,191,10,1310,,112893.55520851951,186501763.14040864,0.0,0.0,138,0.0
10-222-01311,BIHAR,Begusarai,Teghra,0,0,,191,10,1311,,93442.93751421869,180050069.66821858,0.0,0.0,129,0.0
10-222-01312,BIHAR,Begusarai,Barauni,0,0,,191,10,1312,,90573.71511882372,141812926.41245717,0.0,0.0,102,0.0
10-222-01313,BIHAR,Begusarai,Birpur,0,0,,191,10,1313,,69057.86510087451,64693086.30641256,0.0,0.0,53,0.0
10-222-01314,BIHAR,Begusarai,Begusarai,0,0,,191,10,1314,,114572.02827886646,273941103.5239774,0.0,0.0,200,0.0
10-222-01315,BIHAR,Begusarai,Naokothi,0,0,,191,10,1315,,61794.845266753924,91575422.87048158,0.0,0.0,64,0.0
10-222-01316,BIHAR,Begusarai,Bakhri,0,0,,191,10,1316,,74902.13049058078,94921186.04856166,0.0,0.0,66,0.0
10-222-01317,BIHAR,Begusarai,Dandari,0,0,,191,10,1317,,77075.31892237118,85364223.36403492,0.0,0.0,65,0.0
10-222-01318,BIHAR,Begusarai,Sahebpur Kamal,0,0,,191,10,1318,,97820.3506924087,179327758.1582562,0.0,0.0,131,0.0
10-222-01319,BIHAR,Begusarai,Balia,0,0,,191,10,1319,,95726.56851828664,181873531.04775092,0.0,0.0,133,0.0
10-222-01320,BIHAR,Begusarai,Matihani,0,0,,191,10,1320,,104199.58891726227,214311339.790948,0.0,0.0,157,0.0
10-222-01321,BIHAR,Begusarai,Shamho Akha Kurha,0,0,,191,10,1321,,47884.70174269599,82130306.58899558,0.0,0.0,58,0.0
10-223-01322,BIHAR,Khagaria,Alauli,0,0,,202,10,1322,,117176.16085281859,337532903.06560946,0.0,0.0,244,0.0
10-223-01323,BIHAR,Khagaria,Khagaria,0,0,,202,10,1323,,164255.4907534744,325761754.1557925,0.0,0.0,229,0.0
10-223-01325,BIHAR,Khagaria,Chautham,0,0,,202,10,1325,,88833.5659059585,205164632.7891582,0.0,0.0,148,0.0
10-228-01376,BIHAR,Sheikhpura,Chewara,0,0,,219,10,1376,,77279.14911837938,141385828.1075451,1.0488346862792969e-06,9.8773752008827e-07,103,0.00010173696456909181
10-223-01326,BIHAR,Khagaria,Beldaur,0,0,,202,10,1326,,101449.44415348554,276820454.1841197,0.0,0.0,203,0.0
10-223-01327,BIHAR,Khagaria,Gogri,0,0,,202,10,1327,,109725.85953588395,321971045.3784509,0.0,0.0,231,0.0
10-223-01328,BIHAR,Khagaria,Parbatta,0,0,,202,10,1328,,89952.53209418767,286770838.53234714,0.0,0.0,215,0.0
10-224-01329,BIHAR,Bhagalpur,Narayanpur,0,0,,192,10,1329,,96964.50839109154,173637043.38008544,0.0,0.0,125,0.0
10-224-01330,BIHAR,Bhagalpur,Bihpur,0,0,,192,10,1330,,98960.16392998041,189427956.2070791,0.0,0.0,141,0.0
10-234-01472,BIHAR,Rohtas,Akorhi Gola,0,0,,215,10,1472,,71741.57946050014,124356844.03544964,0.0001011873681640625,0.00010118736816406251,94,0.009511612607421876
10-224-01331,BIHAR,Bhagalpur,Kharik,0,0,,192,10,1331,,103106.05203500649,169292223.68779984,0.0,0.0,125,0.0
10-224-01332,BIHAR,Bhagalpur,Naugachhia,0,0,,192,10,1332,,91833.23423872421,134223697.96961665,0.0,0.0,95,0.0
10-224-01335,BIHAR,Bhagalpur,Pirpainti,0,0,,192,10,1335,,138631.2255747686,411429376.6216011,0.0,0.0,294,0.0
10-224-01336,BIHAR,Bhagalpur,Kahalgaon,0,0,,192,10,1336,,128722.99744742387,352186242.20537144,0.0,0.0,255,0.0
10-224-01337,BIHAR,Bhagalpur,Ismailpur,0,0,,192,10,1337,,66332.03197363381,102752037.41138108,0.0,0.0,75,0.0
10-224-01338,BIHAR,Bhagalpur,Sabour,0,0,,192,10,1338,,85492.0541239663,141198925.34276122,0.0,0.0,102,0.0
10-226-01359,BIHAR,Munger,Dharhara,0,0,,207,10,1359,,105188.90103685112,355220468.750446,0.0,0.0,262,0.0
10-224-01339,BIHAR,Bhagalpur,Nathnagar,0,0,,192,10,1339,,105259.93673308079,163498377.60317266,0.0,0.0,117,0.0
10-226-01360,BIHAR,Munger,Kharagpur,0,0,,207,10,1360,,169586.30903503796,398589433.5102216,0.0,0.0,291,0.0
10-224-01340,BIHAR,Bhagalpur,Sultanganj,0,0,,192,10,1340,,139861.1879796442,266407467.3450057,0.0,0.0,198,0.0
10-224-01341,BIHAR,Bhagalpur,Shahkund,0,0,,192,10,1341,,93276.90256650816,208798734.37786233,0.0,0.0,153,0.0
10-224-01342,BIHAR,Bhagalpur,Goradih,0,0,,192,10,1342,,106918.08891287447,178026414.43832883,0.0,0.0,128,0.0
10-224-01343,BIHAR,Bhagalpur,Jagdishpur,0,0,,192,10,1343,,107045.71303668506,127447147.46016994,0.0,0.0,95,0.0
10-224-01344,BIHAR,Bhagalpur,Sonhaula,0,0,,192,10,1344,,84463.86530366821,214425428.57327408,0.0,0.0,160,0.0
10-225-01345,BIHAR,Banka,Shambhuganj,0,0,,190,10,1345,,85765.27415008907,217970788.89652416,0.0,0.0,157,0.0
10-225-01346,BIHAR,Banka,Amarpur,0,0,,190,10,1346,,98000.87839154692,234663534.19316816,0.0,0.0,176,0.0
10-225-01347,BIHAR,Banka,Rajaun,0,0,,190,10,1347,,86718.04358754268,242814641.5593075,0.0,0.0,179,0.0
10-226-01363,BIHAR,Munger,Tetiha Bambor,0,0,,207,10,1363,,73286.15332623897,95190725.80042528,0.0,0.0,70,0.0
10-225-01348,BIHAR,Banka,Dhuraiya,0,0,,190,10,1348,,106681.6377356153,285703540.38620996,0.0,0.0,208,0.0
10-225-01349,BIHAR,Banka,Barahat,0,0,,190,10,1349,,122910.23058217819,181202001.14064544,0.0,0.0,129,0.0
10-225-01350,BIHAR,Banka,Banka,0,0,,190,10,1350,,137083.07375503817,365153241.48788345,0.0,0.0,275,0.0
10-225-01351,BIHAR,Banka,Phulidumar,0,0,,190,10,1351,,117105.67306472127,248400685.45023423,0.0,0.0,176,0.0
10-225-01352,BIHAR,Banka,Belhar,0,0,,190,10,1352,,118426.40149548957,290570448.277483,8.27343557357788e-05,8.505401056949223e-06,214,0.0018201558261871336
10-225-01353,BIHAR,Banka,Chanan,0,0,,190,10,1353,,169565.08902723462,550876204.0147796,0.00011501640785217286,4.78950067808847e-05,403,0.019301687732696533
10-225-01354,BIHAR,Banka,Katoria,0,0,,190,10,1354,,180268.89530762268,687665367.2781417,0.00010527420555114746,9.01751163087518e-06,502,0.00452679083869934
10-225-01355,BIHAR,Banka,Bausi,0,0,,190,10,1355,,109314.78149810205,385846183.7170387,0.0,0.0,284,0.0
10-226-01356,BIHAR,Munger,Munger,0,0,,207,10,1356,,162390.1628928388,306519605.49277806,0.0,0.0,227,0.0
10-226-01357,BIHAR,Munger,Bariarpur,0,0,,207,10,1357,,122433.4478606843,198040113.63802013,0.0,0.0,143,0.0
10-226-01358,BIHAR,Munger,Jamalpur,0,0,,207,10,1358,,72817.19566814511,112971204.64248075,0.0,0.0,79,0.0
10-226-01361,BIHAR,Munger,Asarganj,0,0,,207,10,1361,,61173.52838786665,72491453.98190036,0.0,0.0,52,0.0
10-226-01362,BIHAR,Munger,Tarapur,0,0,,207,10,1362,,54416.57713098438,86962445.68425661,0.0,0.0,62,0.0
10-226-01364,BIHAR,Munger,Sangrampur,0,0,,207,10,1364,,71205.18318302365,105786037.21986651,0.0,0.0,80,0.0
10-227-01366,BIHAR,Lakhisarai,Pipariya,0,0,,204,10,1366,,87968.2901826016,106258171.87143916,0.0,0.0,76,0.0
10-227-01365,BIHAR,Lakhisarai,Barahiya,0,0,,204,10,1365,,95965.48426593257,248505135.43154767,0.0,0.0,179,0.0
10-227-01367,BIHAR,Lakhisarai,Surajgarha,0,0,,204,10,1367,,140312.1609931406,462726462.37366486,3.893803268432617e-05,5.153563149396111e-06,340,0.0017522114707946776
10-227-01368,BIHAR,Lakhisarai,Lakhisarai,0,0,,204,10,1368,,117670.76745524361,181316338.94823277,3.893803268432617e-05,9.650472150530132e-07,133,0.00012835127960205076
10-227-01369,BIHAR,Lakhisarai,Chanan*,0,0,,204,10,1369,,86014.87070350182,177670731.10250506,3.893803268432617e-05,3.1637151556015014e-05,128,0.004049555399169922
10-228-01375,BIHAR,Sheikhpura,Ghat Kusumbha,0,0,,219,10,1375,,80592.24583619394,99088070.68237934,0.0,0.0,70,0.0
10-227-01370,BIHAR,Lakhisarai,Ramgarh Chowk,0,0,,204,10,1370,,98990.57354622113,128567389.13844268,3.893803268432617e-05,5.404572294519303e-06,94,0.0005080297956848145
10-227-01371,BIHAR,Lakhisarai,Halsi,0,0,,204,10,1371,,82594.8188222393,191441208.6304817,3.893803268432617e-05,2.684339635835277e-06,139,0.00037312320938110355
10-228-01372,BIHAR,Sheikhpura,Barbigha,0,0,,219,10,1372,,83879.7675047183,115941853.486741,0.0,0.0,81,0.0
10-228-01373,BIHAR,Sheikhpura,Shekhopur Sarai,0,0,,219,10,1373,,59774.96229914819,65955650.61796794,3.9847640228271485e-06,1.7710062323676215e-07,45,7.969528045654297e-06
10-228-01374,BIHAR,Sheikhpura,Sheikhpura,0,0,,219,10,1374,,119718.3677454689,225551054.81458032,1.0488346862792969e-06,1.1105308442957262e-07,170,1.8879024353027346e-05
10-228-01377,BIHAR,Sheikhpura,Ariari,0,0,,219,10,1377,,87552.5859976097,183445963.63454768,1.0488346862792969e-06,1.531145527415032e-08,137,2.0976693725585938e-06
10-229-01378,BIHAR,Nalanda,Karai Parsurai,0,0,,209,10,1378,,58523.47447411047,82148146.79064696,2.8946048583984373e-05,1.3025721862792968e-05,60,0.0007815433117675781
10-229-01379,BIHAR,Nalanda,Nagar Nausa,0,0,,209,10,1379,,82570.35159490984,108015836.82811198,7.100808105468749e-05,1.5852474700927733e-05,80,0.0012681979760742186
10-229-01380,BIHAR,Nalanda,Harnaut,0,0,,209,10,1380,,124869.90123154312,224385440.0517296,7.100808105468749e-05,2.4698462975543475e-05,161,0.0039764525390625
10-229-01381,BIHAR,Nalanda,Chandi,0,0,,209,10,1381,,70527.81459673235,147156102.481168,7.100808105468749e-05,6.514502849053899e-05,109,0.007100808105468749
10-229-01382,BIHAR,Nalanda,Rahui,0,0,,209,10,1382,,77076.6108369453,152249665.90613127,7.100808105468749e-05,6.837815212673611e-05,108,0.007384840429687499
10-229-01383,BIHAR,Nalanda,Bind,0,0,,209,10,1383,,70364.80140905235,88091657.81671415,0.0,0.0,66,0.0
10-229-01384,BIHAR,Nalanda,Sarmera,0,0,,209,10,1384,,91044.34634338948,167201876.42476654,0.0,0.0,123,0.0
10-229-01385,BIHAR,Nalanda,Asthawan,0,0,,209,10,1385,,92263.18064708126,171325630.7179731,7.100808105468749e-05,1.1361292968749998e-05,125,0.0014201616210937499
10-229-01387,BIHAR,Nalanda,Noorsarai,0,0,,209,10,1387,,78528.62700534344,151514769.88009417,7.100808105468749e-05,7.100808105468749e-05,114,0.008094921240234374
10-229-01386,BIHAR,Nalanda,Bihar,0,0,,209,10,1386,,98561.8371020671,215840179.0991975,7.100808105468749e-05,6.289963350629806e-05,160,0.010063941361007689
10-229-01390,BIHAR,Nalanda,Hilsa,0,0,,209,10,1390,,93433.88804652911,175765721.10991755,2.8946048583984373e-05,2.8946048583984377e-05,131,0.0037919323645019534
10-229-01391,BIHAR,Nalanda,Ekangarsarai,0,0,,209,10,1391,,87121.32234693572,166605847.460251,2.8946048583984373e-05,2.894604858398437e-05,122,0.003531417927246093
10-229-01392,BIHAR,Nalanda,Islampur,0,0,,209,10,1392,,109868.69145522316,273834151.4326934,2.8946048583984373e-05,1.1787308443993636e-05,194,0.002286737838134765
10-229-01393,BIHAR,Nalanda,Ben,0,0,,209,10,1393,,66947.54721379357,127526149.56798536,7.100808105468749e-05,3.596165905079943e-05,94,0.0033803959507751466
10-230-01398,BIHAR,Patna,Maner,0,0,,212,10,1398,,96133.56350709034,213315300.3597084,2.918675750732422e-05,5.00858689419635e-06,154,0.0007713223817062379
10-229-01394,BIHAR,Nalanda,Rajgir,0,0,,209,10,1394,,88740.45664753366,198129288.77271983,3.9847640228271485e-06,2.304115251294609e-06,147,0.00033870494194030755
10-229-01395,BIHAR,Nalanda,Silao,0,0,,209,10,1395,,79220.42929786978,154752836.13944647,7.100808105468749e-05,1.5743240695083346e-05,114,0.0017947294392395014
10-229-01396,BIHAR,Nalanda,Giriak,0,0,,209,10,1396,,88347.46773236175,99576022.5731765,3.9847640228271485e-06,3.9847640228271485e-06,73,0.00029088777366638186
10-229-01397,BIHAR,Nalanda,Katrisarai,0,0,,209,10,1397,,38918.76300208476,48673462.28309288,3.9847640228271485e-06,2.988573017120361e-06,36,0.000107588628616333
10-230-01399,BIHAR,Patna,Dinapur-Cum-Khagaul,0,0,,212,10,1399,,78598.21354533077,184765788.04152673,2.918675750732422e-05,8.647928150318288e-06,135,0.0011674703002929688
10-234-01474,BIHAR,Rohtas,Tilouthu,0,0,,215,10,1474,,73885.57639601533,193504401.97342023,9.566542316436768e-05,4.289099107197353e-05,140,0.006004738750076294
10-230-01400,BIHAR,Patna,Patna Rural,0,0,,212,10,1400,,87518.10425735511,179850223.48881748,2.918675750732422e-05,5.1243925394538705e-06,131,0.000671295422668457
10-230-01401,BIHAR,Patna,Sampatchak,0,0,,212,10,1401,,53219.7118618291,78902366.60372826,2.918675750732422e-05,1.0240967546429551e-06,57,5.837351501464844e-05
10-230-01406,BIHAR,Patna,Dulhin Bazar,0,0,,212,10,1406,,77792.54009458271,136539622.4680228,2.918675750732422e-05,1.9910599164288457e-05,99,0.0019711493172645572
10-230-01402,BIHAR,Patna,Phulwari,0,0,,212,10,1402,,70659.26045014715,135940825.49713776,2.918675750732422e-05,2.7970642611185715e-05,96,0.0026851816906738285
10-230-01413,BIHAR,Patna,Khusrupur,0,0,,212,10,1413,,46143.60198551767,78201544.387751,0.0,0.0,58,0.0
10-230-01403,BIHAR,Patna,Bihta,0,0,,212,10,1403,,116564.9809665079,244879174.98088208,2.918675750732422e-05,2.536825885887985e-05,182,0.004617023112316133
10-230-01415,BIHAR,Patna,Athmalgola,0,0,,212,10,1415,,47997.69261940102,62827293.65665197,0.0,0.0,47,0.0
10-230-01404,BIHAR,Patna,Naubatpur,0,0,,212,10,1404,,105087.74367689912,205320191.59612688,2.918675750732422e-05,2.918675750732422e-05,153,0.0044655738986206055
10-230-01405,BIHAR,Patna,Bikram,0,0,,212,10,1405,,86626.03512108007,186422313.04867813,2.918675750732422e-05,2.513010614993799e-05,137,0.0034428245425415045
10-234-01475,BIHAR,Rohtas,Rohtas,0,0,,215,10,1475,,88257.59288547112,389741138.17794544,0.00010171279365539552,4.7952169004281365e-05,288,0.013810224673233033
10-230-01407,BIHAR,Patna,Paliganj,0,0,,212,10,1407,,129476.3041410336,293354152.7667747,2.351572448730469e-05,1.3286350451674419e-05,214,0.0028432789966583256
10-230-01408,BIHAR,Patna,Masaurhi,0,0,,212,10,1408,,108866.13277400887,248716954.87290823,2.918675750732422e-05,2.1263488899831023e-05,178,0.003784901024169922
10-230-01409,BIHAR,Patna,Dhanarua,0,0,,212,10,1409,,95102.40821522896,225577653.19725513,2.918675750732422e-05,1.8895463992627853e-05,163,0.00307996063079834
10-230-01410,BIHAR,Patna,Punpun,0,0,,212,10,1410,,82554.93388622913,161116560.78819045,2.918675750732422e-05,1.97876322083554e-05,118,0.0023349406005859375
10-230-01411,BIHAR,Patna,Fatwah,0,0,,212,10,1411,,97950.27190535897,155697451.47083917,0.0,0.0,115,0.0
10-230-01412,BIHAR,Patna,Daniawan,0,0,,212,10,1412,,69689.77872311571,79566220.36857046,0.0,0.0,56,0.0
10-230-01414,BIHAR,Patna,Bakhtiarpur,0,0,,212,10,1414,,120205.01587822943,168153072.20481881,0.0,0.0,120,0.0
10-230-01416,BIHAR,Patna,Belchhi,0,0,,212,10,1416,,88573.78025963024,87443681.0926542,0.0,0.0,70,0.0
10-230-01417,BIHAR,Patna,Barh,0,0,,212,10,1417,,95365.9771693495,147280816.515725,0.0,0.0,104,0.0
10-230-01419,BIHAR,Patna,Ghoswari,0,0,,212,10,1419,,66454.95033385535,164897376.1169027,0.0,0.0,126,0.0
10-230-01418,BIHAR,Patna,Pandarak,0,0,,212,10,1418,,106894.44852036482,252509471.6555304,0.0,0.0,180,0.0
10-232-01438,BIHAR,Buxar,Chaugain,0,0,,194,10,1438,,52625.33924401454,66025696.44875917,5.236555835723877e-05,5.236555835723877e-05,49,0.0025659123595047
10-232-01439,BIHAR,Buxar,Kesath,0,0,,194,10,1439,,34661.84662025829,38236018.49691825,5.236555835723877e-05,5.236555835723878e-05,29,0.0015186011923599245
10-230-01420,BIHAR,Patna,Mokameh,0,0,,212,10,1420,,127700.39840194934,244519830.48183808,0.0,0.0,181,0.0
10-231-01421,BIHAR,Bhojpur,Shahpur,0,0,,193,10,1421,,110658.91431619873,211766871.4500774,3.160700996398926e-05,1.4695660575475451e-05,156,0.0022925230497741703
10-234-01460,BIHAR,Rohtas,Suryapura,0,0,,215,10,1460,,56159.7630280001,69765063.31452103,7.801775955200195e-05,7.801775955200195e-05,47,0.0036668346989440917
10-231-01422,BIHAR,Bhojpur,Arrah,0,0,,193,10,1422,,120924.06747051864,221925641.7145924,3.160700996398926e-05,2.303763413135361e-05,159,0.0036629838268852242
10-231-01423,BIHAR,Bhojpur,Barhara,0,0,,193,10,1423,,128817.96875565937,258494738.36324885,9.926914978027344e-06,6.869426594579408e-06,191,0.001312060479564667
10-231-01424,BIHAR,Bhojpur,Koilwar,0,0,,193,10,1424,,94779.33453556667,208456312.66749656,2.351572448730469e-05,1.9639928674889894e-05,149,0.002926349372558594
10-231-01425,BIHAR,Bhojpur,Sandesh,0,0,,193,10,1425,,60697.76797134289,164599530.19806212,2.351572448730469e-05,2.1866919426029015e-05,118,0.002580296492271424
10-231-01426,BIHAR,Bhojpur,Udwant Nagar,0,0,,193,10,1426,,92445.60417460876,217797556.82002312,3.160700996398926e-05,2.8390598345928317e-05,161,0.004570886333694459
10-234-01461,BIHAR,Rohtas,Bikramganj,0,0,,215,10,1461,,88556.32896667719,168723569.68103397,7.801775955200195e-05,7.801775955200195e-05,129,0.010064290982208252
10-231-01427,BIHAR,Bhojpur,Behea,0,0,,193,10,1427,,114516.77527652554,206091349.70539597,5.236555835723877e-05,3.705196411310832e-05,150,0.005557794616966248
10-231-01428,BIHAR,Bhojpur,Jagdishpur,0,0,,193,10,1428,,109726.00219208181,318463526.4488765,5.236555835723877e-05,3.370107405629075e-05,228,0.007683844884834291
10-231-01429,BIHAR,Bhojpur,Piro,0,0,,193,10,1429,,100703.96274410955,268205354.86689487,7.801775955200195e-05,6.69983704711914e-05,200,0.01339967409423828
10-234-01462,BIHAR,Rohtas,Karakat,0,0,,215,10,1462,,102232.22868007293,251121712.10833624,0.0001011873681640625,8.337535093307495e-05,176,0.014674061764221192
10-231-01430,BIHAR,Bhojpur,Charpokhari,0,0,,193,10,1430,,88834.1327790213,135855258.49695313,7.481871307373048e-05,6.208263215717518e-05,95,0.005897850054931641
10-231-01431,BIHAR,Bhojpur,Garhani,0,0,,193,10,1431,,93054.52180151101,137128723.85739592,7.481871307373048e-05,3.664138314182319e-05,103,0.0037740624636077883
10-231-01432,BIHAR,Bhojpur,Agiaon,0,0,,193,10,1432,,87534.07309197474,191419206.17039648,7.481871307373048e-05,3.955715816648744e-05,139,0.0054984449851417545
10-231-01433,BIHAR,Bhojpur,Tarari,0,0,,193,10,1433,,95157.98131215997,247108515.4982669,7.801775955200195e-05,7.516211354314945e-05,177,0.013303694097137452
10-231-01434,BIHAR,Bhojpur,Sahar,0,0,,193,10,1434,,61748.81499939302,157154129.14318892,7.481871307373048e-05,6.473217791516557e-05,117,0.007573664816074372
10-232-01435,BIHAR,Buxar,Simri,0,0,,194,10,1435,,87047.69219699135,222195796.247413,0.00025327872863769533,0.00010001027601567711,164,0.016401685266571046
10-232-01436,BIHAR,Buxar,Chakki,0,0,,194,10,1436,,73799.54032015939,80420668.23199363,5.236555835723877e-05,2.5965080094337466e-05,64,0.0016617651260375978
10-232-01437,BIHAR,Buxar,Barhampur,0,0,,194,10,1437,,133928.15369382405,240152233.65370417,5.236555835723877e-05,4.651346719730797e-05,173,0.008046829825134279
10-232-01440,BIHAR,Buxar,Dumraon,0,0,,194,10,1440,,115797.88145848007,238641355.07175583,0.00021865051528930667,0.00010254622583377997,169,0.017330312165908815
10-232-01441,BIHAR,Buxar,Buxar,0,0,,194,10,1441,,90996.21871903203,211591033.38394436,0.00025327872863769533,0.00021931220089468984,157,0.03443201554046631
10-232-01442,BIHAR,Buxar,Chausa,0,0,,194,10,1442,,99103.08457070828,138502720.57991108,0.00021865051528930667,0.00016865112976074219,107,0.018045670884399415
10-232-01443,BIHAR,Buxar,Rajpur,0,0,,194,10,1443,,121142.9666413415,336933113.12217736,0.00021865051528930667,9.370320301258322e-05,245,0.022957284738082888
10-232-01444,BIHAR,Buxar,Itarhi,0,0,,194,10,1444,,109439.3274763228,293713382.2816445,0.00021865051528930667,0.00021707644350115764,209,0.04536897669174195
10-232-01445,BIHAR,Buxar,Nawanagar,0,0,,194,10,1445,,126567.10382889764,229774401.79100823,0.00021865051528930667,6.6581269764872e-05,169,0.011252234590263368
10-233-01446,BIHAR,Kaimur (Bhabua),Ramgarh,0,0,,200,10,1446,,124781.0721120257,206666195.02442607,0.000112300009765625,8.052021484375e-05,151,0.012158552441406251
10-233-01447,BIHAR,Kaimur (Bhabua),Nuaon,0,0,,200,10,1447,,121732.74643995032,235834986.4758632,0.00013128520668029785,7.231201947574726e-05,171,0.012365355330352781
10-233-01448,BIHAR,Kaimur (Bhabua),Kudra,0,0,,200,10,1448,,132624.50147962422,255577893.54332253,6.615819213867187e-05,6.275241813811045e-05,189,0.011860207028102875
10-233-01449,BIHAR,Kaimur (Bhabua),Mohania,0,0,,200,10,1449,,142323.6809133636,349176573.6513165,0.000112300009765625,7.776062589950861e-05,256,0.019906720230274205
10-233-01450,BIHAR,Kaimur (Bhabua),Durgawati,0,0,,200,10,1450,,108544.41183902678,212580801.4059764,0.000112300009765625,0.00011230000976562499,154,0.01729420150390625
10-233-01451,BIHAR,Kaimur (Bhabua),Chand,0,0,,200,10,1451,,97099.60209928264,257974481.1925409,0.000112300009765625,7.458215131110333e-05,188,0.014021444446487428
10-233-01452,BIHAR,Kaimur (Bhabua),Chainpur,0,0,,200,10,1452,,170712.34536647963,555311526.8488017,0.000112300009765625,6.03310009193889e-05,407,0.024554717374191282
10-233-01453,BIHAR,Kaimur (Bhabua),Bhabua,0,0,,200,10,1453,,143727.89821118704,407618990.38615096,0.000112300009765625,7.216065802906835e-05,301,0.021720358066749573
10-233-01454,BIHAR,Kaimur (Bhabua),Rampur,0,0,,200,10,1454,,126612.15498309073,210660395.23746365,6.035917154312134e-05,5.199623992420683e-05,149,0.007747439748706818
10-233-01455,BIHAR,Kaimur (Bhabua),Bhagwanpur,0,0,,200,10,1455,,134815.05705103654,292151198.96788174,7.46148129272461e-05,6.812813020389792e-05,211,0.014375035473022461
10-233-01456,BIHAR,Kaimur (Bhabua),Adhaura,0,0,,200,10,1456,,271357.2345421078,1135984955.9859164,7.46148129272461e-05,3.1929699617754516e-05,833,0.02659743978158951
10-234-01457,BIHAR,Rohtas,Kochas,0,0,,215,10,1457,,90248.48407846906,187033418.62218276,6.615819213867187e-05,5.788672045158618e-05,132,0.007641047099609376
10-234-01458,BIHAR,Rohtas,Dinara,0,0,,215,10,1458,,157118.7651045217,464648316.8452498,7.801775955200195e-05,5.975713861817839e-05,341,0.02037718426879883
10-234-01459,BIHAR,Rohtas,Dawath,0,0,,215,10,1459,,78120.6651060775,129910427.66035384,7.801775955200195e-05,7.801775955200195e-05,94,0.0073336693978881835
10-234-01466,BIHAR,Rohtas,Nokha,0,0,,215,10,1466,,82152.91978314315,208772248.59610957,0.0001011873681640625,9.212915437698363e-05,148,0.013635114847793579
10-235-01476,BIHAR,Aurangabad,Daudnagar,0,0,,189,10,1476,,91010.07504965532,238139281.75712803,0.0001011873681640625,9.446072184244794e-05,174,0.01643616560058594
10-234-01467,BIHAR,Rohtas,Kargahar,0,0,,215,10,1467,,128509.87472624176,406135690.59563094,9.566542316436768e-05,7.617108977008511e-05,296,0.02254664257194519
10-234-01468,BIHAR,Rohtas,Chenari,0,0,,215,10,1468,,121720.69626398994,292642418.8385522,9.566542316436768e-05,4.772453569900159e-05,215,0.010260775175285342
10-234-01469,BIHAR,Rohtas,Nauhatta,0,0,,215,10,1469,,175494.75594492842,478591449.404211,0.00010171279365539552,5.7360791057651336e-05,354,0.020305720034408573
10-234-01470,BIHAR,Rohtas,Sheosagar,0,0,,215,10,1470,,135463.8765525897,406503956.12222886,9.566542316436768e-05,7.101892665468636e-05,295,0.020950583363132477
10-234-01471,BIHAR,Rohtas,Sasaram,0,0,,215,10,1471,,135810.11950728856,394273130.8742507,0.0001011873681640625,8.148422861730642e-05,290,0.02363042629901886
10-234-01473,BIHAR,Rohtas,Dehri,0,0,,215,10,1473,,97323.52013589225,199371136.99043605,0.0001011873681640625,9.082172572826518e-05,145,0.013169150230598451
10-235-01477,BIHAR,Aurangabad,Haspura,0,0,,189,10,1477,,88845.10694940752,164519986.5205008,9.348712829589845e-05,9.21329970632506e-05,121,0.011148092644653322
10-235-01478,BIHAR,Aurangabad,Goh,0,0,,189,10,1478,,122286.20877621078,374665187.3660463,9.348712829589845e-05,3.4452980660831235e-05,272,0.009371210739746096
10-236-01491,BIHAR,Gaya,Neem Chak Bathani,0,0,,196,10,1491,,79540.44278654993,146770773.7769567,0.0,0.0,103,0.0
10-235-01479,BIHAR,Aurangabad,Rafiganj,0,0,,189,10,1479,,167069.30684925965,465687847.79432577,9.348712829589845e-05,6.72137657275158e-05,341,0.022919894113082886
10-235-01480,BIHAR,Aurangabad,Obra,0,0,,189,10,1480,,130720.05569071589,327203821.09876627,0.0001011873681640625,9.044988264381635e-05,237,0.021436622186584476
10-236-01494,BIHAR,Gaya,Manpur,0,0,,196,10,1494,,77081.78707553667,161226183.41058797,3.881771057128906e-05,3.712998402471127e-05,115,0.0042699481628417964
10-235-01481,BIHAR,Aurangabad,Aurangabad,0,0,,189,10,1481,,125502.68609205673,344679798.38062614,4.598587379455567e-05,4.474856267750263e-05,256,0.011455632045440674
10-237-01511,BIHAR,Nawada,Nardiganj,0,0,,210,10,1511,,60262.24041371029,129808165.4472442,3.9847640228271485e-06,3.984764022827149e-06,95,0.0003785525821685792
10-235-01482,BIHAR,Aurangabad,Barun,0,0,,189,10,1482,,117269.30390529483,381782699.30215496,0.0001011873681640625,6.002337304796491e-05,280,0.016806544453430175
10-235-01483,BIHAR,Aurangabad,Nabinagar,0,0,,189,10,1483,,173491.30877801325,657546828.2218357,0.00010171279365539552,5.281496107634551e-05,483,0.02550962619987488
10-235-01484,BIHAR,Aurangabad,Kutumba,0,0,,189,10,1484,,110495.73757590447,319048251.76106954,5.1709666519165044e-05,4.614157397774109e-05,229,0.01056642044090271
10-235-01485,BIHAR,Aurangabad,Deo,0,0,,189,10,1485,,158578.88849021672,336990745.1586724,5.1709666519165044e-05,4.7414695300523974e-05,251,0.011901088520431518
10-235-01486,BIHAR,Aurangabad,Madanpur,0,0,,189,10,1486,,153529.37367368402,418713952.50229967,7.648951293945313e-05,5.0288291368947446e-05,309,0.015539082033004761
10-236-01487,BIHAR,Gaya,Konch,0,0,,196,10,1487,,154041.56172387034,319288521.7326548,7.648951293945313e-05,3.0592611336543645e-05,232,0.007097485830078126
10-236-01488,BIHAR,Gaya,Tikari,0,0,,196,10,1488,,122221.36853604284,290576655.12704176,7.648951293945313e-05,1.1213465847750323e-05,218,0.0024445355548095705
10-236-01489,BIHAR,Gaya,Belaganj,0,0,,196,10,1489,,113473.13279109563,240372540.95814112,0.0,0.0,180,0.0
10-236-01490,BIHAR,Gaya,Khizirsarai,0,0,,196,10,1490,,103698.13096672995,223124430.97950032,3.881771057128906e-05,4.705177038944129e-07,165,7.763542114257812e-05
10-236-01492,BIHAR,Gaya,Muhra,0,0,,196,10,1492,,93681.45756176667,181269438.2139707,2.9838489799499514e-05,4.958330624139132e-06,134,0.0006644163036346436
10-236-01493,BIHAR,Gaya,Atri,0,0,,196,10,1493,,103075.15367958385,161340647.62451813,3.881771057128906e-05,6.2022433676839875e-06,119,0.0007380669607543946
10-236-01495,BIHAR,Gaya,Gaya Town C.D.Block,0,0,,196,10,1495,,91678.58033080616,224144813.6021213,3.881771057128906e-05,3.32723233468192e-05,161,0.005356844058837891
10-236-01496,BIHAR,Gaya,Paraiya,0,0,,196,10,1496,,75593.31264449215,167300846.5298876,7.648951293945313e-05,6.0165065246582026e-05,120,0.007219807829589843
10-236-01497,BIHAR,Gaya,Guraru,0,0,,196,10,1497,,81292.54933661391,199646285.7542363,7.648951293945313e-05,7.648951293945314e-05,147,0.01124395840209961
10-237-01512,BIHAR,Nawada,Nawada,0,0,,210,10,1512,,86822.75137888109,219317998.1072041,1.5579854545593265e-05,4.649450740692723e-06,157,0.0007299637662887574
10-236-01498,BIHAR,Gaya,Gurua,0,0,,196,10,1498,,117859.62964526065,238015237.1519128,7.648951293945313e-05,6.778844947241634e-05,173,0.011727401758728027
10-236-01499,BIHAR,Gaya,Amas,0,0,,196,10,1499,,100546.69423332924,128484051.44985774,7.648951293945313e-05,2.7309405795850256e-05,95,0.0025943935506057745
10-237-01517,BIHAR,Nawada,Roh,0,0,,210,10,1517,,77804.52626079548,192537548.9783989,1.5579854545593265e-05,4.788989480601417e-06,144,0.0006896144852066041
10-236-01500,BIHAR,Gaya,Banke Bazar,0,0,,196,10,1500,,85166.97220092022,256240042.68049288,4.991176910400391e-05,2.4818634263930787e-05,186,0.004616265973091126
10-236-01501,BIHAR,Gaya,Imamganj,0,0,,196,10,1501,,136271.57775821586,316917295.57645696,4.991176910400391e-05,4.299728532703353e-05,239,0.010276351193161013
10-236-01502,BIHAR,Gaya,Dumaria,0,0,,196,10,1502,,119690.94596035974,390676703.928496,5.1709666519165044e-05,4.982786453220301e-05,285,0.014200941391677858
10-236-01503,BIHAR,Gaya,Sherghati,0,0,,196,10,1503,,100322.2973073121,167902109.12194017,7.648951293945313e-05,2.434889079117194e-05,123,0.0029949135673141484
10-238-01531,BIHAR,Jamui,Gidhaur,0,0,,198,10,1531,,55211.5633940527,100392309.18230554,6.597896850585938e-05,5.119659025675456e-05,75,0.0038397442692565923
10-236-01504,BIHAR,Gaya,Dobhi,0,0,,196,10,1504,,103572.88994215836,218837778.49499393,3.962132293701172e-05,3.524748936978926e-05,161,0.005674845788536071
10-236-01505,BIHAR,Gaya,Bodh Gaya,0,0,,196,10,1505,,120948.91182130505,306843965.9119923,7.648951293945313e-05,3.921167683078932e-05,230,0.009018685671081543
10-236-01506,BIHAR,Gaya,Tan Kuppa,0,0,,196,10,1506,,108147.94853451202,190099968.23000297,6.84937013244629e-05,3.413336381940699e-05,134,0.004573870751800537
10-240-01542,BIHAR,Arwal,Arwal,0,0,,611,10,1542,,73924.8054791393,147787869.27798152,7.481871307373048e-05,2.883207580474707e-05,104,0.002998535883693695
10-236-01507,BIHAR,Gaya,Wazirganj,0,0,,196,10,1507,,105472.06999302967,323030583.61833626,3.881771057128906e-05,3.0637488258006215e-05,236,0.0072304472288894665
10-236-01508,BIHAR,Gaya,Fatehpur,0,0,,196,10,1508,,155359.44599717355,408449805.62920874,6.84937013244629e-05,5.28591463820558e-05,304,0.016069180500144963
10-240-01543,BIHAR,Arwal,Kaler,0,0,,611,10,1543,,67777.19153730445,176075758.749563,9.348712829589845e-05,7.795386677516327e-05,131,0.010211956547546388
10-236-01509,BIHAR,Gaya,Mohanpur,0,0,,196,10,1509,,119906.24818546322,418796109.2883684,6.84937013244629e-05,4.9925538319502724e-05,303,0.015127438110809325
10-240-01544,BIHAR,Arwal,Karpi,0,0,,611,10,1544,,158139.92638461498,234985661.7206014,9.348712829589845e-05,2.0400702179309934e-05,172,0.0035089207748413087
10-236-01510,BIHAR,Gaya,Barachatti,0,0,,196,10,1510,,138753.78132836288,366328956.31361085,6.84937013244629e-05,4.2141094141734734e-05,275,0.011588800888977051
10-237-01513,BIHAR,Nawada,Warisaliganj,0,0,,210,10,1513,,109792.76918459819,202861050.3008767,3.9847640228271485e-06,1.490898103778865e-06,147,0.00021916202125549315
10-237-01514,BIHAR,Nawada,Kashi Chak,0,0,,210,10,1514,,73948.94452619922,98983451.20841853,0.0,0.0,72,0.0
10-237-01515,BIHAR,Nawada,Pakribarawan,0,0,,210,10,1515,,104545.76938151139,251834567.85717744,0.0,0.0,184,0.0
10-237-01516,BIHAR,Nawada,Kawakol,0,0,,210,10,1516,,121170.20018263235,362955647.76482904,2.6674117126464847e-05,1.737021181952685e-05,266,0.004620476343994141
10-237-01518,BIHAR,Nawada,Gobindpur,0,0,,210,10,1518,,73133.35659787485,188189390.13263756,1.5579854545593265e-05,7.872611088888988e-06,140,0.0011021655524444582
10-237-01519,BIHAR,Nawada,Akbarpur,0,0,,210,10,1519,,91268.2921062847,249541236.96202633,1.5579854545593265e-05,1.5579854545593265e-05,184,0.002866693236389161
10-237-01520,BIHAR,Nawada,Hisua,0,0,,210,10,1520,,85113.4923130193,144090762.99664384,2.9838489799499514e-05,1.7734050913590655e-05,104,0.001844341295013428
10-237-01521,BIHAR,Nawada,Narhat,0,0,,210,10,1521,,62856.50481924386,99624005.77002536,1.5579854545593265e-05,1.5579854545593265e-05,69,0.0010750099636459352
10-237-01522,BIHAR,Nawada,Meskaur,0,0,,210,10,1522,,75185.00287586387,145604023.18435815,2.9838489799499514e-05,2.5764594012669157e-05,112,0.0028856345294189455
10-237-01523,BIHAR,Nawada,Sirdala,0,0,,210,10,1523,,111278.51695598938,301894539.186342,6.84937013244629e-05,3.178911202684456e-05,218,0.006930026421852114
10-237-01524,BIHAR,Nawada,Rajauli,0,0,,210,10,1524,,132370.86211000624,450216393.36794454,8.770453552246094e-05,2.9935182113189248e-05,333,0.00996841564369202
10-238-01525,BIHAR,Jamui,Islamnagar Aliganj,0,0,,198,10,1525,,96153.77396855215,213408239.47295904,2.6674117126464847e-05,1.8730632899357726e-06,156,0.0002921978732299805
10-238-01526,BIHAR,Jamui,Sikandra,0,0,,198,10,1526,,86788.2538333537,223096734.30010977,6.597896850585938e-05,4.35423580593533e-06,162,0.0007053862005615235
10-238-01527,BIHAR,Jamui,Jamui,0,0,,198,10,1527,,90084.78430112793,212157753.6648698,3.893803268432617e-05,3.844913980693202e-05,155,0.005959616670074463
10-238-01528,BIHAR,Jamui,Barhat,0,0,,198,10,1528,,114104.37581341481,270298087.1382075,3.893803268432617e-05,3.241541807223092e-05,197,0.006385837360229491
10-238-01529,BIHAR,Jamui,Lakshmipur,0,0,,198,10,1529,,112147.89260238525,307635253.00857943,3.893803268432617e-05,1.0383475382486978e-05,225,0.00233628196105957
10-238-01530,BIHAR,Jamui,Jhajha,0,0,,198,10,1530,,147664.43327942316,507112726.974952,8.27343557357788e-05,7.516069672465969e-05,370,0.027809457788124086
10-238-01532,BIHAR,Jamui,Khaira,0,0,,198,10,1532,,142747.05687020053,513762691.7981683,6.597896850585938e-05,4.8133616517165615e-05,377,0.018146373426971438
10-238-01533,BIHAR,Jamui,Sono,0,0,,198,10,1533,,117724.39892386932,474283005.7300444,8.27343557357788e-05,6.830497027520122e-05,349,0.023838434626045228
10-238-01534,BIHAR,Jamui,Chakai,0,0,,198,10,1534,,243956.2217086091,956725034.6798706,0.00011501640785217286,9.549768466175624e-05,700,0.06684837926322937
10-239-01535,BIHAR,Jehanabad,Ratni Faridpur,0,0,,199,10,1535,,82762.53932271499,155018952.20303965,1.7234708251953126e-05,1.2972067807013528e-05,114,0.0014788157299995422
10-239-01536,BIHAR,Jehanabad,Jehanabad,0,0,,199,10,1536,,97254.09844747804,201426556.69272655,1.7234708251953126e-05,1.7234708251953123e-05,148,0.0025507368212890624
10-239-01537,BIHAR,Jehanabad,Kako,0,0,,199,10,1537,,83599.3529020472,162373941.78194478,1.7234708251953126e-05,1.7234708251953126e-05,118,0.002033695573730469
10-239-01538,BIHAR,Jehanabad,Modanganj,0,0,,199,10,1538,,66522.90037500951,97205276.85869928,2.8946048583984373e-05,2.5721186753425048e-05,69,0.0017747618859863283
10-239-01539,BIHAR,Jehanabad,Ghoshi,0,0,,199,10,1539,,82931.95174196921,112225161.55433495,2.8946048583984373e-05,1.207556019978351e-05,83,0.0010022714965820315
10-239-01540,BIHAR,Jehanabad,Makhdumpur,0,0,,199,10,1540,,128831.72570768485,301471679.33572614,1.7234708251953126e-05,1.906142848142281e-06,217,0.000413632998046875
10-239-01541,BIHAR,Jehanabad,Hulasganj,0,0,,199,10,1541,,87179.53907708311,119677697.18988888,2.8946048583984373e-05,7.841687798394097e-06,90,0.0007057519018554688
10-240-01545,BIHAR,Arwal,Sonbhadra Banshi Suryapur,0,0,,611,10,1545,,62692.97791397586,116643000.97724338,1.2706891307830812e-05,1.183802066940859e-05,83,0.000982555715560913
10-240-01546,BIHAR,Arwal,Kurtha,0,0,,611,10,1546,,71585.17106640573,106433073.5354984,1.2706891307830812e-05,1.2119864340073024e-05,78,0.0009453494185256958
10-224-01334,BIHAR,Bhagalpur,Gopalpur,0,0,,192,10,1334,,95407.9186210158,208941966.91883087,0.0,0.0,153,0.0
10-210-01127,BIHAR,Kishanganj,Kishanganj,0,0,,203,10,1127,,125268.33771117091,207105687.55921903,0.0,0.0,152,0.0
10-206-01064,BIHAR,Sitamarhi,Suppi,0,0,,221,10,1064,,71084.15120823232,92250451.53846286,0.0,0.0,66,0.0
10-234-01463,BIHAR,Rohtas,Nasriganj,0,0,,215,10,1463,,90034.07903274363,167356919.18355417,0.0002873170251464844,0.00027556992185562377,126,0.0347218101538086
10-234-01464,BIHAR,Rohtas,Rajpur,0,0,,215,10,1464,,68660.48684625747,85633596.4997788,0.0002873170251464844,0.0002873170251464844,63,0.018100972584228516
10-234-01465,BIHAR,Rohtas,Sanjhauli,0,0,,215,10,1465,,56591.722358052,83833486.39015438,0.0002873170251464844,0.00025370241257077167,63,0.015983251991958616
10-203-01023,BIHAR,Pashchim Champaran,Thakrahan,0,0,,211,10,1023,,79847.09402015881,199004696.79409248,0.0,0.0,145,0.0
10-204-01054,BIHAR,Purbi Champaran,Phenhara,0,0,,213,10,1054,,44565.43736457999,67645025.94776015,0.0,0.0,51,0.0
10-219-01262,BIHAR,Saran,Maker,0,0,,218,10,1262,,62357.8736467211,96585777.9808088,0.0,0.0,71,0.0
10-220-01282,BIHAR,Vaishali,Sahdai Buzurg,0,0,,224,10,1282,,74546.65030748869,114161677.3631406,0.0,0.0,84,0.0
10-229-01388,BIHAR,Nalanda,Tharthari,0,0,,209,10,1388,,71853.42144919158,77411758.12428828,0.0003399451762390137,0.000308928900547734,54,0.016682160629577638
10-229-01389,BIHAR,Nalanda,Parbalpur,0,0,,209,10,1389,,54466.2339431045,76043839.88376136,0.0003399451762390137,0.0002865370484542847,56,0.016046074713439943
10-203-01022,BIHAR,Pashchim Champaran,Bhitaha,0,0,,211,10,1022,,72626.86760213553,166969906.7472905,0.0,0.0,117,0.0
10-203-01013,BIHAR,Pashchim Champaran,Sidhaw,0,0,,211,10,1013,,195582.3602130639,1085337194.6715722,0.0,0.0,781,0.0
10-203-01014,BIHAR,Pashchim Champaran,Ramnagar,0,0,,211,10,1014,,230865.78384139363,866139404.2451236,0.0,0.0,621,0.0
10-203-01015,BIHAR,Pashchim Champaran,Gaunaha,0,0,,211,10,1015,,136504.94021895694,605322845.3823951,0.0,0.0,441,0.0
10-203-01016,BIHAR,Pashchim Champaran,Mainatanr,0,0,,211,10,1016,,115419.13930249632,312998546.4010918,0.0,0.0,221,0.0
10-203-01017,BIHAR,Pashchim Champaran,Narkatiaganj,0,0,,211,10,1017,,149144.20649331805,441857686.2127825,0.0,0.0,314,0.0
10-203-01018,BIHAR,Pashchim Champaran,Lauriya,0,0,,211,10,1018,,120853.32018665274,255440417.54612216,0.0,0.0,183,0.0
10-203-01019,BIHAR,Pashchim Champaran,Bagaha,0,0,,211,10,1019,,135587.24079810514,491292931.53180623,0.0,0.0,352,0.0
10-203-01021,BIHAR,Pashchim Champaran,Madhubani,0,0,,211,10,1021,,144670.82201821523,386116138.1353823,0.0,0.0,276,0.0
10-203-01024,BIHAR,Pashchim Champaran,Jogapatti,0,0,,211,10,1024,,88530.23644360513,258722436.3759333,0.0,0.0,186,0.0
10-203-01029,BIHAR,Pashchim Champaran,Bairia,0,0,,211,10,1029,,105039.82861382668,288505226.87341565,0.0,0.0,208,0.0
10-203-01025,BIHAR,Pashchim Champaran,Chanpatia,0,0,,211,10,1025,,113543.7602983494,310017349.34780717,0.0,0.0,226,0.0
10-206-01071,BIHAR,Sitamarhi,Parsauni,0,0,,221,10,1071,,63729.135625112256,74724139.64418457,0.0,0.0,55,0.0
10-203-01026,BIHAR,Pashchim Champaran,Sikta,0,0,,211,10,1026,,93443.22825707054,255004178.86147365,0.0,0.0,183,0.0
10-203-01027,BIHAR,Pashchim Champaran,Majhaulia,0,0,,211,10,1027,,123374.4030721297,371511179.15939575,0.0,0.0,265,0.0
10-203-01028,BIHAR,Pashchim Champaran,Bettiah,0,0,,211,10,1028,,53968.26030594324,83182055.35378212,0.0,0.0,59,0.0
10-203-01030,BIHAR,Pashchim Champaran,Nautan,0,0,,211,10,1030,,122656.63983711715,245738630.13883996,0.0,0.0,171,0.0
10-204-01031,BIHAR,Purbi Champaran,Raxaul,0,0,,213,10,1031,,98709.78801801558,166685360.13968688,0.0,0.0,124,0.0
10-206-01072,BIHAR,Sitamarhi,Belsand,0,0,,221,10,1072,,66235.5873217276,97354060.86547032,0.0,0.0,70,0.0
10-206-01073,BIHAR,Sitamarhi,Runisaidpur,0,0,,221,10,1073,,152472.54206325076,334873257.0825382,0.0,0.0,243,0.0
10-204-01032,BIHAR,Purbi Champaran,Adapur,0,0,,213,10,1032,,94532.37688292323,199608924.7111849,0.0,0.0,148,0.0
10-206-01074,BIHAR,Sitamarhi,Dumra,0,0,,221,10,1074,,111649.34177378344,241159212.36062923,0.0,0.0,178,0.0
10-204-01033,BIHAR,Purbi Champaran,Ramgarhwa,0,0,,213,10,1033,,90718.26831189607,213035907.5226096,0.0,0.0,154,0.0
10-204-01034,BIHAR,Purbi Champaran,Sugauli,0,0,,213,10,1034,,84892.41923436844,209336830.19001696,0.0,0.0,149,0.0
10-204-01038,BIHAR,Purbi Champaran,Ghorasahan,0,0,,213,10,1038,,75335.10865687576,144368243.47105,0.0,0.0,104,0.0
10-204-01035,BIHAR,Purbi Champaran,Banjaria,0,0,,213,10,1035,,102381.40449613356,176960195.87167916,0.0,0.0,124,0.0
10-204-01047,BIHAR,Purbi Champaran,Kesaria,0,0,,213,10,1047,,87546.8206889307,229535442.11688668,0.0,0.0,168,0.0
10-204-01036,BIHAR,Purbi Champaran,Narkatia,0,0,,213,10,1036,,105607.09704406632,168338010.30978012,0.0,0.0,120,0.0
10-204-01037,BIHAR,Purbi Champaran,Bankatwa,0,0,,213,10,1037,,99233.37216886049,115311013.90225838,0.0,0.0,82,0.0
10-204-01039,BIHAR,Purbi Champaran,Dhaka,0,0,,213,10,1039,,97673.73467814895,202386545.86227983,0.0,0.0,145,0.0
10-204-01048,BIHAR,Purbi Champaran,Kalyanpur,0,0,,213,10,1048,,109413.20044555076,313300912.50613195,0.0,0.0,230,0.0
10-204-01040,BIHAR,Purbi Champaran,Chiraia,0,0,,213,10,1040,,110764.71696779084,272984575.32652414,0.0,0.0,199,0.0
10-204-01041,BIHAR,Purbi Champaran,Motihari,0,0,,213,10,1041,,181544.26702654368,319814691.13850176,0.0,0.0,241,0.0
10-204-01049,BIHAR,Purbi Champaran,Kotwa,0,0,,213,10,1049,,78879.98205471091,178282937.71225017,0.0,0.0,126,0.0
10-204-01042,BIHAR,Purbi Champaran,Turkaulia,0,0,,213,10,1042,,99475.78497366334,174748315.94966665,0.0,0.0,130,0.0
10-204-01050,BIHAR,Purbi Champaran,Piprakothi,0,0,,213,10,1050,,58369.33889310607,62223774.49301849,0.0,0.0,45,0.0
10-204-01043,BIHAR,Purbi Champaran,Harsidhi,0,0,,213,10,1043,,133904.34238337883,240218359.62130272,0.0,0.0,173,0.0
10-204-01044,BIHAR,Purbi Champaran,Paharpur,0,0,,213,10,1044,,108730.62076802726,192061375.0173064,0.0,0.0,144,0.0
10-204-01045,BIHAR,Purbi Champaran,Areraj,0,0,,213,10,1045,,93331.67353690567,242725576.26244012,0.0,0.0,174,0.0
10-204-01046,BIHAR,Purbi Champaran,Sangrampur,0,0,,213,10,1046,,78133.67961210197,187659878.02718252,0.0,0.0,133,0.0
10-204-01051,BIHAR,Purbi Champaran,Chakia(Pipra),0,0,,213,10,1051,,129110.66914194856,212940547.80779588,0.0,0.0,145,0.0
10-204-01052,BIHAR,Purbi Champaran,Pakri Dayal,0,0,,213,10,1052,,90143.40730437863,148110040.62869397,0.0,0.0,106,0.0
10-204-01053,BIHAR,Purbi Champaran,Patahi,0,0,,213,10,1053,,85994.51677214028,144960443.14880535,0.0,0.0,100,0.0
10-204-01055,BIHAR,Purbi Champaran,Madhuban,0,0,,213,10,1055,,112681.00006095257,152424272.44650427,0.0,0.0,114,0.0
10-204-01056,BIHAR,Purbi Champaran,Tetaria,0,0,,213,10,1056,,82320.72754353678,104458405.63845472,0.0,0.0,74,0.0
10-205-01058,BIHAR,Sheohar,Purnahiya,0,0,,220,10,1058,,57294.126150412616,80859097.14068061,0.0,0.0,59,0.0
10-204-01057,BIHAR,Purbi Champaran,Mehsi,0,0,,213,10,1057,,125063.78039343117,149773808.08158112,0.0,0.0,108,0.0
10-205-01059,BIHAR,Sheohar,Piprarhi,0,0,,220,10,1059,,105870.45511307275,104265216.9562483,0.0,0.0,77,0.0
10-205-01060,BIHAR,Sheohar,Sheohar,0,0,,220,10,1060,,81007.5322908237,115638983.35873616,0.0,0.0,83,0.0
10-205-01061,BIHAR,Sheohar,Dumri Katsari,0,0,,220,10,1061,,65038.65439014734,84655470.24819931,0.0,0.0,59,0.0
10-205-01062,BIHAR,Sheohar,Tariani Chowk,0,0,,220,10,1062,,97491.22869259815,171878914.60720828,0.0,0.0,126,0.0
10-206-01063,BIHAR,Sitamarhi,Bairgania,0,0,,221,10,1063,,59598.621146511534,94417571.99630062,0.0,0.0,70,0.0
10-206-01065,BIHAR,Sitamarhi,Majorganj,0,0,,221,10,1065,,62808.55729710282,95411217.42446172,0.0,0.0,68,0.0
10-206-01066,BIHAR,Sitamarhi,Sonbarsa,0,0,,221,10,1066,,92820.94699371175,224104085.6083578,0.0,0.0,155,0.0
10-206-01067,BIHAR,Sitamarhi,Parihar,0,0,,221,10,1067,,86838.20299610356,272812569.4060281,0.0,0.0,197,0.0
10-207-01095,BIHAR,Madhubani,Rajnagar,0,0,,206,10,1095,,78809.12744912357,223111125.2667772,0.0,0.0,158,0.0
10-206-01068,BIHAR,Sitamarhi,Sursand,0,0,,221,10,1068,,91215.71647520129,181412871.1123928,0.0,0.0,134,0.0
10-206-01069,BIHAR,Sitamarhi,Bathnaha,0,0,,221,10,1069,,120764.04051803834,251403523.12922087,0.0,0.0,185,0.0
10-206-01070,BIHAR,Sitamarhi,Riga,0,0,,221,10,1070,,129433.73210860479,163724219.02092636,0.0,0.0,114,0.0
10-210-01123,BIHAR,Kishanganj,Thakurganj,0,0,,203,10,1123,,224971.2940646554,491161543.46963537,0.0,0.0,353,0.0
10-210-01124,BIHAR,Kishanganj,Pothia,0,0,,203,10,1124,,167388.9118766352,443844792.4531903,0.0,0.0,321,0.0
10-210-01125,BIHAR,Kishanganj,Bahadurganj,0,0,,203,10,1125,,155296.13881782343,347494200.8377232,0.0,0.0,251,0.0
10-210-01126,BIHAR,Kishanganj,Kochadhamin,0,0,,203,10,1126,,139640.52665725534,360840233.8364798,0.0,0.0,258,0.0
10-211-01128,BIHAR,Purnia,Banmankhi,0,0,,214,10,1128,,142815.61519736593,459936087.34673214,0.0,0.0,333,0.0
10-206-01075,BIHAR,Sitamarhi,Bajpatti,0,0,,221,10,1075,,90407.29439213518,174303329.1783474,0.0,0.0,125,0.0
10-206-01076,BIHAR,Sitamarhi,Charaut,0,0,,221,10,1076,,85128.15752493152,91349700.81924292,0.0,0.0,62,0.0
10-206-01077,BIHAR,Sitamarhi,Pupri,0,0,,221,10,1077,,73992.24203369493,115338203.66308306,0.0,0.0,82,0.0
10-206-01078,BIHAR,Sitamarhi,Nanpur,0,0,,221,10,1078,,73315.01223618646,135892566.9983101,0.0,0.0,100,0.0
10-220-01283,BIHAR,Vaishali,Mahnar,0,0,,224,10,1283,,81638.1139853176,126474580.44313861,0.0,0.0,89,0.0
10-206-01079,BIHAR,Sitamarhi,Bokhara,0,0,,221,10,1079,,81978.13188098712,108574895.39827529,0.0,0.0,79,0.0
10-207-01080,BIHAR,Madhubani,Madhwapur,0,0,,206,10,1080,,88808.76172423853,137557654.90878707,0.0,0.0,103,0.0
10-207-01081,BIHAR,Madhubani,Harlakhi,0,0,,206,10,1081,,90217.76640094945,187441757.00046396,0.0,0.0,138,0.0
10-207-01082,BIHAR,Madhubani,Basopatti,0,0,,206,10,1082,,97634.90682970545,164238774.4639331,0.0,0.0,122,0.0
10-207-01089,BIHAR,Madhubani,Khajauli,0,0,,206,10,1089,,91171.28062794723,150968724.81279027,0.0,0.0,108,0.0
10-207-01083,BIHAR,Madhubani,Jainagar,0,0,,206,10,1083,,81489.61423509955,161880108.8306139,0.0,0.0,115,0.0
10-207-01090,BIHAR,Madhubani,Kaluahi,0,0,,206,10,1090,,62305.281593423286,101560283.08963235,0.0,0.0,75,0.0
10-207-01084,BIHAR,Madhubani,Ladania,0,0,,206,10,1084,,97928.14946240213,232665607.5684243,0.0,0.0,164,0.0
10-207-01085,BIHAR,Madhubani,Laukaha,0,0,,206,10,1085,,102032.19667129294,266340932.00179368,0.0,0.0,197,0.0
10-207-01086,BIHAR,Madhubani,Laukahi,0,0,,206,10,1086,,109679.24973352649,329223432.564553,0.0,0.0,237,0.0
10-207-01087,BIHAR,Madhubani,Phulparas,0,0,,206,10,1087,,117974.41186319289,199352334.8677591,0.0,0.0,140,0.0
10-207-01088,BIHAR,Madhubani,Babubarhi,0,0,,206,10,1088,,118996.04641992833,237192379.86086744,0.0,0.0,174,0.0
10-207-01091,BIHAR,Madhubani,Benipatti,0,0,,206,10,1091,,128414.2409747215,328987645.9449377,0.0,0.0,231,0.0
10-207-01092,BIHAR,Madhubani,Bisfi,0,0,,206,10,1092,,99754.46134559005,226192948.413646,0.0,0.0,165,0.0
10-207-01093,BIHAR,Madhubani,Madhubani,0,0,,206,10,1093,,109764.71764889831,200359220.56727448,0.0,0.0,142,0.0
10-207-01094,BIHAR,Madhubani,Pandaul,0,0,,206,10,1094,,102372.75527307783,208327489.63825428,0.0,0.0,148,0.0
10-207-01096,BIHAR,Madhubani,Andhratharhi,0,0,,206,10,1096,,97300.5167595078,186769445.10608673,0.0,0.0,134,0.0
10-207-01097,BIHAR,Madhubani,Jhanjharpur,0,0,,206,10,1097,,125261.96837896874,181284371.95402232,0.0,0.0,132,0.0
10-207-01098,BIHAR,Madhubani,Ghoghardiha,0,0,,206,10,1098,,114215.40677637524,211228851.4219488,0.0,0.0,159,0.0
10-207-01099,BIHAR,Madhubani,Lakhnaur,0,0,,206,10,1099,,72956.74167609161,146945623.14022,0.0,0.0,110,0.0
10-207-01100,BIHAR,Madhubani,Madhepur,0,0,,206,10,1100,,144505.38034518834,300452948.5687113,0.0,0.0,212,0.0
10-208-01101,BIHAR,Supaul,Nirmali,0,0,,223,10,1101,,123310.21889922836,162734364.67066902,0.0,0.0,118,0.0
10-208-01102,BIHAR,Supaul,Basantpur,0,0,,223,10,1102,,136288.63693043106,319456339.75100917,0.0,0.0,228,0.0
10-208-01103,BIHAR,Supaul,Chhatapur,0,0,,223,10,1103,,142271.17176584958,398825687.2446475,0.0,0.0,285,0.0
10-208-01104,BIHAR,Supaul,Pratapganj,0,0,,223,10,1104,,71155.69013184242,133032565.19323792,0.0,0.0,97,0.0
10-208-01105,BIHAR,Supaul,Raghopur,0,0,,223,10,1105,,111831.20983491397,255841046.48838165,0.0,0.0,187,0.0
10-221-01285,BIHAR,Samastipur,Warisnagar,0,0,,217,10,1285,,90241.30323013186,163846086.5162723,0.0,0.0,120,0.0
10-208-01106,BIHAR,Supaul,Saraigarh Bhaptiyahi,0,0,,223,10,1106,,105489.5116383213,257042943.27229512,0.0,0.0,189,0.0
10-208-01107,BIHAR,Supaul,Kishanpur,0,0,,223,10,1107,,125516.73810076228,248613546.3002807,0.0,0.0,177,0.0
10-208-01108,BIHAR,Supaul,Marauna,0,0,,223,10,1108,,114969.59778192453,206419565.01179272,0.0,0.0,149,0.0
10-208-01109,BIHAR,Supaul,Supaul,0,0,,223,10,1109,,122628.008173687,390920691.5720901,0.0,0.0,287,0.0
10-208-01110,BIHAR,Supaul,Pipra,0,0,,223,10,1110,,113516.78657800167,247320462.25611627,0.0,0.0,181,0.0
10-221-01287,BIHAR,Samastipur,Khanpur,0,0,,217,10,1287,,89337.20668890505,173313349.37261373,0.0,0.0,127,0.0
10-208-01111,BIHAR,Supaul,Tribeniganj,0,0,,223,10,1111,,136684.8917573132,402291551.99740016,0.0,0.0,290,0.0
10-209-01112,BIHAR,Araria,Narpatganj,0,0,,188,10,1112,,196352.82868709194,482872068.7863751,0.0,0.0,351,0.0
10-209-01113,BIHAR,Araria,Forbesganj,0,0,,188,10,1113,,165874.55860340688,546946456.996027,0.0,0.0,392,0.0
10-209-01114,BIHAR,Araria,Bhargama,0,0,,188,10,1114,,140909.75235341018,280499778.1128878,0.0,0.0,206,0.0
10-209-01115,BIHAR,Araria,Raniganj,0,0,,188,10,1115,,160625.61646677545,576910744.770993,0.0,0.0,418,0.0
10-209-01116,BIHAR,Araria,Araria,0,0,,188,10,1116,,192057.15187743204,506918787.2643526,0.0,0.0,371,0.0
10-209-01117,BIHAR,Araria,Kursakatta,0,0,,188,10,1117,,96566.38525637137,201032230.408231,0.0,0.0,147,0.0
10-209-01118,BIHAR,Araria,Sikti,0,0,,188,10,1118,,116798.35346995249,237753016.2819182,0.0,0.0,177,0.0
10-209-01119,BIHAR,Araria,Palasi,0,0,,188,10,1119,,132578.70192307016,306240761.34804773,0.0,0.0,222,0.0
10-209-01120,BIHAR,Araria,Jokihat,0,0,,188,10,1120,,155370.9524619173,341005127.7602247,0.0,0.0,246,0.0
10-210-01121,BIHAR,Kishanganj,Terhagachh,0,0,,203,10,1121,,121953.02658094271,245208326.38245347,0.0,0.0,175,0.0
10-210-01122,BIHAR,Kishanganj,Dighalbank,0,0,,203,10,1122,,147432.83262190674,314385668.4331173,0.0,0.0,224,0.0
10-211-01129,BIHAR,Purnia,Barhara,0,0,,214,10,1129,,111073.17449432175,288009141.38478667,0.0,0.0,212,0.0
10-211-01130,BIHAR,Purnia,Bhawanipur,0,0,,214,10,1130,,116656.34435182877,201938838.4795833,0.0,0.0,147,0.0
10-211-01131,BIHAR,Purnia,Rupauli,0,0,,214,10,1131,,113946.660566684,308195114.8462847,0.0,0.0,227,0.0
10-211-01132,BIHAR,Purnia,Dhamdaha,0,0,,214,10,1132,,135370.01293426772,446856166.039676,0.0,0.0,326,0.0
10-211-01133,BIHAR,Purnia,Krityanand Nagar,0,0,,214,10,1133,,149407.41850079046,364443041.21247435,0.0,0.0,274,0.0
10-211-01134,BIHAR,Purnia,Purnia East,0,0,,214,10,1134,,127662.13358515713,309272824.56310594,0.0,0.0,228,0.0
10-211-01135,BIHAR,Purnia,Kasba,0,0,,214,10,1135,,130095.64608516233,215123054.3424731,0.0,0.0,154,0.0
10-211-01136,BIHAR,Purnia,Srinagar,0,0,,214,10,1136,,106220.57404900706,172405807.6412187,0.0,0.0,122,0.0
10-211-01137,BIHAR,Purnia,Jalalgarh,0,0,,214,10,1137,,87146.39992638786,142107808.6772385,0.0,0.0,102,0.0
10-211-01138,BIHAR,Purnia,Amour,0,0,,214,10,1138,,141371.93624621196,307011870.96961224,0.0,0.0,225,0.0
10-211-01139,BIHAR,Purnia,Baisa,0,0,,214,10,1139,,132173.35304950457,275191667.549805,0.0,0.0,197,0.0
10-211-01140,BIHAR,Purnia,Baisi,0,0,,214,10,1140,,118169.54825440844,253873549.02719215,0.0,0.0,187,0.0
10-211-01141,BIHAR,Purnia,Dagarua,0,0,,214,10,1141,,129309.28146976323,257465778.6329552,0.0,0.0,180,0.0
10-212-01142,BIHAR,Katihar,Falka,0,0,,201,10,1142,,100518.70580952488,208374539.8829749,0.0,0.0,150,0.0
10-212-01143,BIHAR,Katihar,Korha,0,0,,201,10,1143,,137118.64195203967,368801327.90483874,0.0,0.0,273,0.0
10-212-01144,BIHAR,Katihar,Hasanganj,0,0,,201,10,1144,,78227.29832785497,86155111.41022065,0.0,0.0,62,0.0
10-212-01145,BIHAR,Katihar,Kadwa,0,0,,201,10,1145,,157692.68144088247,420129854.10490626,0.0,0.0,307,0.0
10-212-01146,BIHAR,Katihar,Balrampur,0,0,,201,10,1146,,141815.18317465586,216253207.31133217,0.0,0.0,151,0.0
10-212-01147,BIHAR,Katihar,Barsoi,0,0,,201,10,1147,,172308.8160052511,357713388.6445612,0.0,0.0,261,0.0
10-212-01148,BIHAR,Katihar,Azamnagar,0,0,,201,10,1148,,141791.77759222616,349759708.1212404,0.0,0.0,253,0.0
10-221-01290,BIHAR,Samastipur,Tajpur,0,0,,217,10,1290,,57166.77792153786,83856612.1105223,0.0,0.0,61,0.0
10-212-01149,BIHAR,Katihar,Pranpur,0,0,,201,10,1149,,111803.70370561493,191475637.62126103,0.0,0.0,141,0.0
10-212-01150,BIHAR,Katihar,Dandkhora,0,0,,201,10,1150,,70987.07501110679,111201189.06340708,0.0,0.0,81,0.0
10-212-01151,BIHAR,Katihar,Katihar,0,0,,201,10,1151,,76845.81968857624,136830037.77828172,0.0,0.0,100,0.0
10-212-01152,BIHAR,Katihar,Mansahi,0,0,,201,10,1152,,73279.06289841712,97405011.1871763,0.0,0.0,73,0.0
10-212-01155,BIHAR,Katihar,Kursela,0,0,,201,10,1155,,80348.39413748268,153683091.52761996,0.0,0.0,117,0.0
10-212-01153,BIHAR,Katihar,Barari,0,0,,201,10,1153,,107333.93297446336,407446973.1478653,0.0,0.0,292,0.0
10-212-01154,BIHAR,Katihar,Sameli,0,0,,201,10,1154,,75105.36277909,118027198.2496544,0.0,0.0,81,0.0
10-212-01156,BIHAR,Katihar,Manihari,0,0,,201,10,1156,,130162.81635074862,303859830.4099729,0.0,0.0,221,0.0
10-212-01157,BIHAR,Katihar,Amdabad,0,0,,201,10,1157,,103742.71814675455,228302986.79665467,0.0,0.0,164,0.0
10-213-01158,BIHAR,Madhepura,Gamharia,0,0,,205,10,1158,,80141.00377515821,125479849.27382244,0.0,0.0,89,0.0
10-213-01160,BIHAR,Madhepura,Ghailarh,0,0,,205,10,1160,,78865.70647224285,116219722.2388165,0.0,0.0,83,0.0
10-213-01159,BIHAR,Madhepura,Singheshwar,0,0,,205,10,1159,,111627.30849980874,111167268.35246354,0.0,0.0,78,0.0
10-216-01210,BIHAR,Muzaffarpur,Bandra,0,0,,208,10,1210,,74293.85759884378,142020443.31484023,0.0,0.0,103,0.0
10-213-01161,BIHAR,Madhepura,Madhepura,0,0,,205,10,1161,,115084.47931226583,237801277.85767865,0.0,0.0,175,0.0
10-213-01162,BIHAR,Madhepura,Shankarpur,0,0,,205,10,1162,,63984.56408470212,128790837.874554,0.0,0.0,94,0.0
10-213-01163,BIHAR,Madhepura,Kumarkhand,0,0,,205,10,1163,,118191.24796123093,316976886.68211347,0.0,0.0,230,0.0
10-213-01164,BIHAR,Madhepura,Murliganj,0,0,,205,10,1164,,94211.11378994165,247086114.21145928,0.0,0.0,179,0.0
10-221-01293,BIHAR,Samastipur,Mohanpur,0,0,,217,10,1293,,74468.46489139357,163000016.77407515,0.0,0.0,120,0.0
10-213-01165,BIHAR,Madhepura,Gwalpara,0,0,,205,10,1165,,78037.2495556277,147267353.58482873,0.0,0.0,109,0.0
10-214-01172,BIHAR,Saharsa,Satar Kataiya,0,0,,216,10,1172,,77878.75925155886,177382280.64763528,0.0,0.0,130,0.0
10-213-01166,BIHAR,Madhepura,Bihariganj,0,0,,205,10,1166,,79669.40805645821,133818744.70956944,0.0,0.0,98,0.0
10-216-01211,BIHAR,Muzaffarpur,Dholi (Moraul),0,0,,208,10,1211,,63030.361633940505,73298422.6275262,0.0,0.0,50,0.0
10-213-01167,BIHAR,Madhepura,Kishanganj,0,0,,205,10,1167,,99817.47531025465,188055937.5971522,0.0,0.0,133,0.0
10-216-01212,BIHAR,Muzaffarpur,Musahri,0,0,,208,10,1212,,211487.75457487197,365415439.5943066,0.0,0.0,267,0.0
10-213-01168,BIHAR,Madhepura,Puraini,0,0,,205,10,1168,,63416.842365887525,103114850.3546553,0.0,0.0,76,0.0
10-214-01174,BIHAR,Saharsa,Kahara,0,0,,216,10,1174,,81070.16203244023,176788302.3737116,0.0,0.0,128,0.0
10-213-01169,BIHAR,Madhepura,Alamnagar,0,0,,205,10,1169,,94357.42058114092,211989804.11375904,0.0,0.0,151,0.0
10-213-01170,BIHAR,Madhepura,Chausa,0,0,,205,10,1170,,87285.75133964,172516848.53860697,0.0,0.0,124,0.0
10-214-01171,BIHAR,Saharsa,Nauhatta,0,0,,216,10,1171,,93228.84620468391,212763144.21707585,0.0,0.0,151,0.0
10-217-01227,BIHAR,Gopalganj,Sidhwalia,0,0,,197,10,1227,,69457.48217743407,152022198.31601515,0.0,0.0,109,0.0
10-214-01173,BIHAR,Saharsa,Mahishi,0,0,,216,10,1173,,106372.46434789852,273075178.2794974,0.0,0.0,195,0.0
10-214-01175,BIHAR,Saharsa,Saur Bazar,0,0,,216,10,1175,,88121.22998090234,233228921.9025612,0.0,0.0,171,0.0
10-214-01176,BIHAR,Saharsa,Patarghat,0,0,,216,10,1176,,67497.21582029684,149681422.04156074,0.0,0.0,105,0.0
10-214-01177,BIHAR,Saharsa,Sonbarsa,0,0,,216,10,1177,,90185.02153799882,263952116.041209,0.0,0.0,193,0.0
10-216-01199,BIHAR,Muzaffarpur,Sahebganj,0,0,,208,10,1199,,80060.99972290538,253055918.70266867,0.0,0.0,189,0.0
10-214-01178,BIHAR,Saharsa,Simri Bakhtiarpur,0,0,,216,10,1178,,119116.35548129058,266466354.66217396,0.0,0.0,194,0.0
10-214-01179,BIHAR,Saharsa,Salkhua,0,0,,216,10,1179,,82412.26684571667,221182533.93573853,0.0,0.0,163,0.0
10-214-01180,BIHAR,Saharsa,Banma Itahri,0,0,,216,10,1180,,54286.501575749484,92822449.4552088,0.0,0.0,68,0.0
10-215-01181,BIHAR,Darbhanga,Jale,0,0,,195,10,1181,,112473.57051363293,234172285.01568127,0.0,0.0,171,0.0
10-215-01182,BIHAR,Darbhanga,Singhwara,0,0,,195,10,1182,,121368.62688362494,223279889.67870736,0.0,0.0,162,0.0
10-215-01183,BIHAR,Darbhanga,Keotiranway,0,0,,195,10,1183,,89515.08566239705,180205403.4644349,0.0,0.0,131,0.0
10-215-01184,BIHAR,Darbhanga,Darbhanga,0,0,,195,10,1184,,131883.04966973627,240721362.1475316,0.0,0.0,174,0.0
10-215-01185,BIHAR,Darbhanga,Manigachhi,0,0,,195,10,1185,,96856.01003306538,158887287.31255177,0.0,0.0,114,0.0
10-215-01186,BIHAR,Darbhanga,Tardih,0,0,,195,10,1186,,96398.42232606321,109520018.96976715,0.0,0.0,79,0.0
10-215-01187,BIHAR,Darbhanga,Alinagar,0,0,,195,10,1187,,105560.56246873255,146523357.5416611,0.0,0.0,105,0.0
10-215-01188,BIHAR,Darbhanga,Benipur,0,0,,195,10,1188,,118482.30854716274,204643530.87647069,0.0,0.0,150,0.0
10-215-01189,BIHAR,Darbhanga,Bahadurpur,0,0,,195,10,1189,,155637.00049509996,221161760.4253616,0.0,0.0,158,0.0
10-215-01190,BIHAR,Darbhanga,Hanumannagar,0,0,,195,10,1190,,114393.83215098479,181536916.32106537,0.0,0.0,130,0.0
10-215-01191,BIHAR,Darbhanga,Hayaghat,0,0,,195,10,1191,,66118.49929402806,108810529.75916524,0.0,0.0,77,0.0
10-215-01192,BIHAR,Darbhanga,Baheri,0,0,,195,10,1192,,128629.1579498372,271307286.95794886,0.0,0.0,195,0.0
10-215-01193,BIHAR,Darbhanga,Biraul,0,0,,195,10,1193,,135706.32971678255,230203939.26841983,0.0,0.0,167,0.0
10-215-01194,BIHAR,Darbhanga,Ghanshyampur,0,0,,195,10,1194,,76766.91373126305,103945643.9979024,0.0,0.0,78,0.0
10-215-01195,BIHAR,Darbhanga,Kiratpur,0,0,,195,10,1195,,78793.19278562842,78915927.53877336,0.0,0.0,60,0.0
10-215-01196,BIHAR,Darbhanga,Gora Bauram,0,0,,195,10,1196,,99804.03366816713,145653476.81698695,0.0,0.0,104,0.0
10-215-01197,BIHAR,Darbhanga,Kusheshwar Asthan,0,0,,195,10,1197,,87220.16498537568,144130520.9401011,0.0,0.0,107,0.0
10-215-01198,BIHAR,Darbhanga,Kusheshwar Asthan Purbi,0,0,,195,10,1198,,91858.86035222423,150084285.43545517,0.0,0.0,112,0.0
10-216-01200,BIHAR,Muzaffarpur,Baruraj (Motipur),0,0,,208,10,1200,,125110.13599018812,365259305.4740948,0.0,0.0,263,0.0
10-216-01201,BIHAR,Muzaffarpur,Paroo,0,0,,208,10,1201,,136934.87791145188,413033977.3448192,0.0,0.0,295,0.0
10-216-01202,BIHAR,Muzaffarpur,Saraiya,0,0,,208,10,1202,,155820.80051537574,301402655.1404849,0.0,0.0,218,0.0
10-216-01203,BIHAR,Muzaffarpur,Marwan,0,0,,208,10,1203,,84959.92762229654,138736310.53842777,0.0,0.0,101,0.0
10-216-01204,BIHAR,Muzaffarpur,Kanti,0,0,,208,10,1204,,97122.90469976026,124757584.36625764,0.0,0.0,91,0.0
10-216-01205,BIHAR,Muzaffarpur,Minapur,0,0,,208,10,1205,,166218.11946715685,316124209.98756105,0.0,0.0,228,0.0
10-216-01206,BIHAR,Muzaffarpur,Bochaha,0,0,,208,10,1206,,126044.68100944142,233148755.94160384,0.0,0.0,167,0.0
10-216-01207,BIHAR,Muzaffarpur,Aurai,0,0,,208,10,1207,,101267.16719990574,247748190.77792475,0.0,0.0,177,0.0
10-216-01208,BIHAR,Muzaffarpur,Katra,0,0,,208,10,1208,,118891.9342746819,235108975.17115793,0.0,0.0,171,0.0
10-216-01209,BIHAR,Muzaffarpur,Gaighat,0,0,,208,10,1209,,111008.49869520529,259762671.68662548,0.0,0.0,191,0.0
10-216-01213,BIHAR,Muzaffarpur,Kurhani,0,0,,208,10,1213,,108106.10574110712,256354911.2077163,0.0,0.0,187,0.0
10-216-01214,BIHAR,Muzaffarpur,Sakra,0,0,,208,10,1214,,105121.4777371614,236360031.18726787,0.0,0.0,175,0.0
10-217-01215,BIHAR,Gopalganj,Katiya,0,0,,197,10,1215,,94755.55253264701,158441587.458013,0.0002189884955215454,0.0001720623893383571,112,0.019270987605895996
10-217-01216,BIHAR,Gopalganj,Bijaipur,0,0,,197,10,1216,,81309.59717969262,163112176.36717936,0.0002189884955215454,0.00021898849552154544,120,0.026278619462585452
10-217-01217,BIHAR,Gopalganj,Bhorey,0,0,,197,10,1217,,78790.65552761848,196013266.46535653,0.0002189884955215454,0.00011405650808413825,144,0.016424137164115907
10-217-01218,BIHAR,Gopalganj,Pach Deuri,0,0,,197,10,1218,,53698.212932643866,118295317.11973979,0.0,0.0,85,0.0
10-217-01219,BIHAR,Gopalganj,Kuchaikote,0,0,,197,10,1219,,101077.28158428885,316078491.04748106,0.0,0.0,226,0.0
10-217-01220,BIHAR,Gopalganj,Phulwaria,0,0,,197,10,1220,,81339.22200232239,118763292.85091434,0.0,0.0,89,0.0
10-217-01221,BIHAR,Gopalganj,Hathua,0,0,,197,10,1221,,91546.96202775641,183613061.83342972,0.00023333972137451174,0.0001543349338225117,127,0.019600536595458986
10-217-01222,BIHAR,Gopalganj,Uchkagaon,0,0,,197,10,1222,,80102.93001981139,142235093.67043933,0.00023333972137451174,1.5409226883222473e-05,106,0.0016333780496215822
10-217-01223,BIHAR,Gopalganj,Thawe,0,0,,197,10,1223,,57244.55575246375,89300191.60424533,0.00023333972137451174,3.645933146476746e-06,64,0.00023333972137451174
10-217-01224,BIHAR,Gopalganj,Gopalganj,0,0,,197,10,1224,,110313.13172782106,244420793.60160467,0.0,0.0,182,0.0
10-218-01232,BIHAR,Siwan,Goriakothi,0,0,,222,10,1232,,73201.39147651673,174963939.23516312,0.0,0.0,127,0.0
10-217-01225,BIHAR,Gopalganj,Manjha,0,0,,197,10,1225,,80242.78538873792,179389027.9828925,0.0,0.0,131,0.0
10-217-01226,BIHAR,Gopalganj,Barauli,0,0,,197,10,1226,,105754.79057670098,232227972.12586737,0.0,0.0,170,0.0
10-217-01228,BIHAR,Gopalganj,Baikunthpur,0,0,,197,10,1228,,97825.58906166903,256614409.24172768,0.0,0.0,185,0.0
10-218-01229,BIHAR,Siwan,Nautan,0,0,,222,10,1229,,58324.35348563096,81827813.66620097,0.00023333972137451174,0.00023333972137451177,58,0.013533703839721682
10-218-01230,BIHAR,Siwan,Siwan,0,0,,222,10,1230,,92599.06904644772,168879532.28230655,0.00023333972137451174,0.00021356516871565484,118,0.02520068990844727
10-218-01235,BIHAR,Siwan,Bhagwanpur Hat,0,0,,222,10,1235,,86430.4184146014,189582799.91524476,0.00017773596437454224,2.8334718958260355e-05,138,0.003910191216239929
10-218-01231,BIHAR,Siwan,Barharia,0,0,,222,10,1231,,90315.6629531122,219606934.01516393,0.00023333972137451174,4.375119775772095e-06,160,0.0007000191641235353
10-218-01233,BIHAR,Siwan,Lakri Nabiganj,0,0,,222,10,1233,,79648.98713303795,120773104.6039552,0.0,0.0,88,0.0
10-218-01234,BIHAR,Siwan,Basantpur,0,0,,222,10,1234,,57871.378293950496,76675463.02480637,0.0,0.0,56,0.0
10-218-01236,BIHAR,Siwan,Maharajganj,0,0,,222,10,1236,,119387.58843212528,142817377.5161484,0.00017773596437454224,6.729808359812764e-05,103,0.006931702610607147
10-218-01237,BIHAR,Siwan,Pachrukhi,0,0,,222,10,1237,,99183.2392802834,160709761.40986398,0.00023333972137451174,9.971782964722725e-06,117,0.0011666986068725588
10-218-01238,BIHAR,Siwan,Hussainganj,0,0,,222,10,1238,,68784.84800107122,105975934.30464326,0.00023333972137451174,0.0002051735243348818,74,0.015182840800781253
10-218-01239,BIHAR,Siwan,Ziradei,0,0,,222,10,1239,,98825.50869312549,152221780.48504183,0.00023333972137451174,0.00023284967450528537,111,0.025846313870086676
10-218-01240,BIHAR,Siwan,Mairwa,0,0,,222,10,1240,,65279.2242200428,88898123.37504825,0.0002568851621437073,0.00023440996868220244,66,0.015471057933025362
10-218-01242,BIHAR,Siwan,Darauli,0,0,,222,10,1242,,90305.00161970501,214758375.6239279,0.0002568851621437073,0.0002125951527196823,155,0.032952248671550756
10-218-01241,BIHAR,Siwan,Guthani,0,0,,222,10,1241,,78778.78773845347,115110806.99004474,0.0002568851621437073,0.000255162325014254,82,0.020923310651168828
10-219-01248,BIHAR,Saran,Mashrakh,0,0,,218,10,1248,,82075.7710341599,165898243.02109933,0.0,0.0,121,0.0
10-218-01243,BIHAR,Siwan,Andar,0,0,,222,10,1243,,83358.60866933218,125625010.62434034,0.00023333972137451174,0.00018519684101499362,87,0.016112125168304445
10-219-01249,BIHAR,Saran,Panapur,0,0,,218,10,1249,,75875.09329534958,182360909.7404776,0.0,0.0,128,0.0
10-218-01244,BIHAR,Siwan,Raghunathpur,0,0,,222,10,1244,,87824.68008836384,193566358.3438411,0.00017894451889038089,0.00017894451889038089,143,0.025589066201324468
10-219-01250,BIHAR,Saran,Taraiya,0,0,,218,10,1250,,53629.0613522338,97307015.09151264,0.0,0.0,74,0.0
10-218-01245,BIHAR,Siwan,Hasanpura,0,0,,222,10,1245,,82786.09108287447,121956119.03175904,0.00017894451889038089,0.00017416406309105886,87,0.01515227348892212
10-219-01251,BIHAR,Saran,Ishupur,0,0,,218,10,1251,,62425.60798229613,109300191.56908256,0.0,0.0,76,0.0
10-218-01246,BIHAR,Siwan,Daraundha,0,0,,222,10,1246,,105400.53795370483,157911066.26165873,0.00017773596437454224,0.00015455301249960195,115,0.017773596437454225
10-219-01256,BIHAR,Saran,Jalalpur,0,0,,218,10,1256,,65042.73641147566,147549697.72689733,0.00017773596437454224,6.703915003938493e-05,106,0.007106149904174804
10-218-01247,BIHAR,Siwan,Siswan,0,0,,222,10,1247,,98184.39847010886,155554872.77293277,0.00017894451889038089,0.00017809526436573752,111,0.019768574344596865
10-219-01259,BIHAR,Saran,Nagra,0,0,,218,10,1259,,43289.948409307304,65110006.46242106,0.00016916102031707764,7.19834129008841e-05,47,0.003383220406341553
10-219-01252,BIHAR,Saran,Baniapur,0,0,,218,10,1252,,89199.8841803021,219417775.87250236,0.00017773596437454224,4.361618757657478e-06,163,0.000710943857498169
10-219-01253,BIHAR,Saran,Lahladpur,0,0,,218,10,1253,,49287.19248841685,70233795.44130237,0.00017773596437454224,9.59774207622528e-05,50,0.00479887103811264
10-219-01254,BIHAR,Saran,Ekma,0,0,,218,10,1254,,99716.17236158185,176114988.01319405,0.00017773596437454224,0.00017773596437454224,128,0.022750203439941406
10-219-01255,BIHAR,Saran,Manjhi,0,0,,218,10,1255,,127085.43562979231,244607530.98349065,0.00017773596437454224,0.00017134014650249484,180,0.03084122637044907
10-219-01257,BIHAR,Saran,Revelganj,0,0,,218,10,1257,,84877.1419542779,179359801.45379385,0.00016916102031707764,0.0001678999933364868,125,0.02098749916706085
10-219-01258,BIHAR,Saran,Chapra,0,0,,218,10,1258,,119729.94798472138,239470568.44351175,0.00016916102031707764,0.00015858845654726026,176,0.027911568352317808
10-219-01260,BIHAR,Saran,Marhaura,0,0,,218,10,1260,,87240.95030017926,190752130.05196184,0.00016916102031707764,4.9390078924694205e-06,137,0.0006766440812683106
10-219-01261,BIHAR,Saran,Amnour,0,0,,218,10,1261,,94922.90618840617,160109081.4065653,0.00016916102031707764,2.867135937577587e-06,118,0.0003383220406341553
10-219-01263,BIHAR,Saran,Parsa,0,0,,218,10,1263,,85595.91054800974,122749042.93573296,0.0,0.0,88,0.0
10-219-01266,BIHAR,Saran,Dighwara,0,0,,218,10,1266,,81943.45164265168,101347015.6655549,0.0,0.0,72,0.0
10-219-01264,BIHAR,Saran,Dariapur,0,0,,218,10,1264,,115477.27251924115,281302380.67878103,0.0,0.0,202,0.0
10-219-01265,BIHAR,Saran,Garkha,0,0,,218,10,1265,,90147.74693968748,213336409.9887166,0.00016916102031707764,8.677740652629308e-05,154,0.013363720605049135
10-220-01269,BIHAR,Vaishali,Paterhi Belsar,0,0,,224,10,1269,,56227.36197278124,93522597.26160131,0.0,0.0,69,0.0
10-219-01267,BIHAR,Saran,Sonepur,0,0,,218,10,1267,,70412.64000247594,214865144.18564072,0.0,0.0,162,0.0
10-220-01268,BIHAR,Vaishali,Vaishali,0,0,,224,10,1268,,72706.90824879723,158663399.21103516,0.0,0.0,114,0.0
10-220-01270,BIHAR,Vaishali,Lalganj,0,0,,224,10,1270,,89595.71916906572,184177988.41986412,0.0,0.0,133,0.0
10-221-01294,BIHAR,Samastipur,Mohiuddinagar,0,0,,217,10,1294,,80607.53716768604,178536106.2701614,0.0,0.0,130,0.0
10-220-01271,BIHAR,Vaishali,Bhagwanpur,0,0,,224,10,1271,,98965.72708266653,142473218.81446454,0.0,0.0,102,0.0
10-220-01272,BIHAR,Vaishali,Goraul,0,0,,224,10,1272,,101989.77906286377,122446101.92943335,0.0,0.0,87,0.0
10-220-01273,BIHAR,Vaishali,Chehra Kalan,0,0,,224,10,1273,,63204.34388206024,89818122.94593617,0.0,0.0,66,0.0
10-220-01277,BIHAR,Vaishali,Raja Pakar,0,0,,224,10,1277,,58946.08844196175,93673217.82917874,0.0,0.0,72,0.0
10-220-01274,BIHAR,Vaishali,Patepur,0,0,,224,10,1274,,118180.33822078991,317029999.71255994,0.0,0.0,234,0.0
10-220-01275,BIHAR,Vaishali,Mahua,0,0,,224,10,1275,,86273.82517515696,171155586.12447235,0.0,0.0,125,0.0
10-220-01276,BIHAR,Vaishali,Jandaha,0,0,,224,10,1276,,99044.76663725945,179891527.10359335,0.0,0.0,128,0.0
10-220-01278,BIHAR,Vaishali,Hajipur,0,0,,224,10,1278,,80048.24731377292,194916759.16986817,0.0,0.0,140,0.0
10-220-01280,BIHAR,Vaishali,Bidupur,0,0,,224,10,1280,,88122.3198685409,139375575.9420912,0.0,0.0,99,0.0
10-220-01279,BIHAR,Vaishali,Raghopur,0,0,,224,10,1279,,128641.49950069311,338499790.0832371,0.0,0.0,246,0.0
10-220-01281,BIHAR,Vaishali,Desri,0,0,,224,10,1281,,50183.809114488824,56627949.53624974,0.0,0.0,43,0.0
10-221-01284,BIHAR,Samastipur,Kalyanpur,0,0,,217,10,1284,,147387.26660455638,294821482.9966942,0.0,0.0,214,0.0
10-221-01286,BIHAR,Samastipur,Shivaji Nagar,0,0,,217,10,1286,,96209.25031894707,172333979.18990555,0.0,0.0,130,0.0
10-221-01288,BIHAR,Samastipur,Samastipur,0,0,,217,10,1288,,112474.97484539819,170577777.20953664,0.0,0.0,123,0.0
10-221-01289,BIHAR,Samastipur,Pusa,0,0,,217,10,1289,,64081.7615729533,95008289.7510354,0.0,0.0,65,0.0
10-221-01291,BIHAR,Samastipur,Morwa,0,0,,217,10,1291,,104551.97847793197,152111293.7773472,0.0,0.0,106,0.0
10-221-01292,BIHAR,Samastipur,Patori,0,0,,217,10,1292,,69422.25062895294,130638318.44440164,0.0,0.0,93,0.0
10-221-01295,BIHAR,Samastipur,Sarairanjan,0,0,,217,10,1295,,96463.23467310029,185572344.2706523,0.0,0.0,145,0.0
10-221-01296,BIHAR,Samastipur,Vidyapati Nagar,0,0,,217,10,1296,,62930.2690484309,106322816.42401849,0.0,0.0,75,0.0
10-221-01297,BIHAR,Samastipur,Dalsinghsarai,0,0,,217,10,1297,,80515.23552986495,118201268.21451648,0.0,0.0,89,0.0
10-221-01298,BIHAR,Samastipur,Ujiarpur,0,0,,217,10,1298,,81756.09445970641,209497824.1015558,0.0,0.0,149,0.0
10-221-01300,BIHAR,Samastipur,Rosera,0,0,,217,10,1300,,84599.34785899956,138535375.895554,0.0,0.0,97,0.0
10-221-01299,BIHAR,Samastipur,Bibhutpur,0,0,,217,10,1299,,96600.53522783429,258332531.194082,0.0,0.0,187,0.0
10-221-01301,BIHAR,Samastipur,Singhia,0,0,,217,10,1301,,76055.88015393679,178639507.67998633,0.0,0.0,128,0.0
10-222-01307,BIHAR,Begusarai,Cheria Bariarpur,0,0,,191,10,1307,,80422.0696045629,127840547.1243011,0.0,0.0,89,0.0
10-221-01302,BIHAR,Samastipur,Hasanpur,0,0,,217,10,1302,,122795.93417076243,188091095.39019313,0.0,0.0,138,0.0
10-221-01303,BIHAR,Samastipur,Bithan,0,0,,217,10,1303,,72838.55780104545,149849875.79630712,0.0,0.0,109,0.0
10-222-01304,BIHAR,Begusarai,Khudabandpur,0,0,,191,10,1304,,49522.71992212785,59617610.47663844,0.0,0.0,39,0.0
10-222-01305,BIHAR,Begusarai,Chhorahi,0,0,,191,10,1305,,96201.09768359947,128309829.49376953,0.0,0.0,94,0.0
10-222-01306,BIHAR,Begusarai,Garhpura,0,0,,191,10,1306,,69581.28073662621,88651595.91159394,0.0,0.0,68,0.0
10-222-01308,BIHAR,Begusarai,Bhagwanpur,0,0,,191,10,1308,,102620.52088176137,147276258.21886113,0.0,0.0,106,0.0
10-223-01324,BIHAR,Khagaria,Mansi,0,0,,202,10,1324,,70720.37786012898,86151878.56106131,0.0,0.0,69,0.0
10-222-01309,BIHAR,Begusarai,Mansurchak,0,0,,191,10,1309,,55538.61039021854,42158333.283958256,0.0,0.0,31,0.0
10-224-01333,BIHAR,Bhagalpur,Rangra Chowk,0,0,,192,10,1333,,56200.86409227388,97946271.45940188,0.0,0.0,71,0.0
10-222-01310,BIHAR,Begusarai,Bachhwara,0,0,,191,10,1310,,112893.55520851951,186501763.14040864,0.0,0.0,138,0.0
10-222-01311,BIHAR,Begusarai,Teghra,0,0,,191,10,1311,,93442.93751421869,180050069.66821858,0.0,0.0,129,0.0
10-222-01312,BIHAR,Begusarai,Barauni,0,0,,191,10,1312,,90573.71511882372,141812926.41245717,0.0,0.0,102,0.0
10-222-01313,BIHAR,Begusarai,Birpur,0,0,,191,10,1313,,69057.86510087451,64693086.30641256,0.0,0.0,53,0.0
10-222-01314,BIHAR,Begusarai,Begusarai,0,0,,191,10,1314,,114572.02827886646,273941103.5239774,0.0,0.0,200,0.0
10-222-01315,BIHAR,Begusarai,Naokothi,0,0,,191,10,1315,,61794.845266753924,91575422.87048158,0.0,0.0,64,0.0
10-222-01316,BIHAR,Begusarai,Bakhri,0,0,,191,10,1316,,74902.13049058078,94921186.04856166,0.0,0.0,66,0.0
10-222-01317,BIHAR,Begusarai,Dandari,0,0,,191,10,1317,,77075.31892237118,85364223.36403492,0.0,0.0,65,0.0
10-222-01318,BIHAR,Begusarai,Sahebpur Kamal,0,0,,191,10,1318,,97820.3506924087,179327758.1582562,0.0,0.0,131,0.0
10-222-01319,BIHAR,Begusarai,Balia,0,0,,191,10,1319,,95726.56851828664,181873531.04775092,0.0,0.0,133,0.0
10-222-01320,BIHAR,Begusarai,Matihani,0,0,,191,10,1320,,104199.58891726227,214311339.790948,0.0,0.0,157,0.0
10-222-01321,BIHAR,Begusarai,Shamho Akha Kurha,0,0,,191,10,1321,,47884.70174269599,82130306.58899558,0.0,0.0,58,0.0
10-223-01322,BIHAR,Khagaria,Alauli,0,0,,202,10,1322,,117176.16085281859,337532903.06560946,0.0,0.0,244,0.0
10-223-01323,BIHAR,Khagaria,Khagaria,0,0,,202,10,1323,,164255.4907534744,325761754.1557925,0.0,0.0,229,0.0
10-223-01325,BIHAR,Khagaria,Chautham,0,0,,202,10,1325,,88833.5659059585,205164632.7891582,0.0,0.0,148,0.0
10-228-01376,BIHAR,Sheikhpura,Chewara,0,0,,219,10,1376,,77279.14911837938,141385828.1075451,0.0008425123384094239,0.0008145759124452166,103,0.0839013189818573
10-223-01326,BIHAR,Khagaria,Beldaur,0,0,,202,10,1326,,101449.44415348554,276820454.1841197,0.0,0.0,203,0.0
10-223-01327,BIHAR,Khagaria,Gogri,0,0,,202,10,1327,,109725.85953588395,321971045.3784509,0.0,0.0,231,0.0
10-223-01328,BIHAR,Khagaria,Parbatta,0,0,,202,10,1328,,89952.53209418767,286770838.53234714,0.0,0.0,215,0.0
10-224-01329,BIHAR,Bhagalpur,Narayanpur,0,0,,192,10,1329,,96964.50839109154,173637043.38008544,0.0,0.0,125,0.0
10-224-01330,BIHAR,Bhagalpur,Bihpur,0,0,,192,10,1330,,98960.16392998041,189427956.2070791,0.0,0.0,141,0.0
10-234-01472,BIHAR,Rohtas,Akorhi Gola,0,0,,215,10,1472,,71741.57946050014,124356844.03544964,0.0002873170251464844,0.0002873170251464844,94,0.027007800363769534
10-224-01331,BIHAR,Bhagalpur,Kharik,0,0,,192,10,1331,,103106.05203500649,169292223.68779984,0.0,0.0,125,0.0
10-224-01332,BIHAR,Bhagalpur,Naugachhia,0,0,,192,10,1332,,91833.23423872421,134223697.96961665,0.0,0.0,95,0.0
10-224-01335,BIHAR,Bhagalpur,Pirpainti,0,0,,192,10,1335,,138631.2255747686,411429376.6216011,0.0,0.0,294,0.0
10-224-01336,BIHAR,Bhagalpur,Kahalgaon,0,0,,192,10,1336,,128722.99744742387,352186242.20537144,0.0,0.0,255,0.0
10-224-01337,BIHAR,Bhagalpur,Ismailpur,0,0,,192,10,1337,,66332.03197363381,102752037.41138108,0.0,0.0,75,0.0
10-224-01338,BIHAR,Bhagalpur,Sabour,0,0,,192,10,1338,,85492.0541239663,141198925.34276122,0.0,0.0,102,0.0
10-226-01359,BIHAR,Munger,Dharhara,0,0,,207,10,1359,,105188.90103685112,355220468.750446,0.0,0.0,262,0.0
10-224-01339,BIHAR,Bhagalpur,Nathnagar,0,0,,192,10,1339,,105259.93673308079,163498377.60317266,0.0,0.0,117,0.0
10-226-01360,BIHAR,Munger,Kharagpur,0,0,,207,10,1360,,169586.30903503796,398589433.5102216,0.0,0.0,291,0.0
10-224-01340,BIHAR,Bhagalpur,Sultanganj,0,0,,192,10,1340,,139861.1879796442,266407467.3450057,0.0,0.0,198,0.0
10-224-01341,BIHAR,Bhagalpur,Shahkund,0,0,,192,10,1341,,93276.90256650816,208798734.37786233,0.0,0.0,153,0.0
10-224-01342,BIHAR,Bhagalpur,Goradih,0,0,,192,10,1342,,106918.08891287447,178026414.43832883,0.0,0.0,128,0.0
10-224-01343,BIHAR,Bhagalpur,Jagdishpur,0,0,,192,10,1343,,107045.71303668506,127447147.46016994,0.0,0.0,95,0.0
10-224-01344,BIHAR,Bhagalpur,Sonhaula,0,0,,192,10,1344,,84463.86530366821,214425428.57327408,0.0,0.0,160,0.0
10-225-01345,BIHAR,Banka,Shambhuganj,0,0,,190,10,1345,,85765.27415008907,217970788.89652416,0.0,0.0,157,0.0
10-225-01346,BIHAR,Banka,Amarpur,0,0,,190,10,1346,,98000.87839154692,234663534.19316816,0.0,0.0,176,0.0
10-225-01347,BIHAR,Banka,Rajaun,0,0,,190,10,1347,,86718.04358754268,242814641.5593075,0.0,0.0,179,0.0
10-226-01363,BIHAR,Munger,Tetiha Bambor,0,0,,207,10,1363,,73286.15332623897,95190725.80042528,0.0,0.0,70,0.0
10-225-01348,BIHAR,Banka,Dhuraiya,0,0,,190,10,1348,,106681.6377356153,285703540.38620996,0.0,0.0,208,0.0
10-225-01349,BIHAR,Banka,Barahat,0,0,,190,10,1349,,122910.23058217819,181202001.14064544,0.0,0.0,129,0.0
10-225-01350,BIHAR,Banka,Banka,0,0,,190,10,1350,,137083.07375503817,365153241.48788345,0.0,0.0,275,0.0
10-225-01351,BIHAR,Banka,Phulidumar,0,0,,190,10,1351,,117105.67306472127,248400685.45023423,0.0,0.0,176,0.0
10-225-01352,BIHAR,Banka,Belhar,0,0,,190,10,1352,,118426.40149548957,290570448.277483,0.001133258611946106,0.00011650322178885202,214,0.024931689462814332
10-225-01353,BIHAR,Banka,Chanan,0,0,,190,10,1353,,169565.08902723462,550876204.0147796,0.001133258611946106,0.0005914991070456305,403,0.23837414013938907
10-225-01354,BIHAR,Banka,Katoria,0,0,,190,10,1354,,180268.89530762268,687665367.2781417,0.001057668980407715,9.059714374010307e-05,502,0.04547976615753174
10-225-01355,BIHAR,Banka,Bausi,0,0,,190,10,1355,,109314.78149810205,385846183.7170387,0.0,0.0,284,0.0
10-226-01356,BIHAR,Munger,Munger,0,0,,207,10,1356,,162390.1628928388,306519605.49277806,0.0,0.0,227,0.0
10-226-01357,BIHAR,Munger,Bariarpur,0,0,,207,10,1357,,122433.4478606843,198040113.63802013,0.0,0.0,143,0.0
10-226-01358,BIHAR,Munger,Jamalpur,0,0,,207,10,1358,,72817.19566814511,112971204.64248075,0.0,0.0,79,0.0
10-226-01361,BIHAR,Munger,Asarganj,0,0,,207,10,1361,,61173.52838786665,72491453.98190036,0.0,0.0,52,0.0
10-226-01362,BIHAR,Munger,Tarapur,0,0,,207,10,1362,,54416.57713098438,86962445.68425661,0.0,0.0,62,0.0
10-226-01364,BIHAR,Munger,Sangrampur,0,0,,207,10,1364,,71205.18318302365,105786037.21986651,0.0,0.0,80,0.0
10-227-01366,BIHAR,Lakhisarai,Pipariya,0,0,,204,10,1366,,87968.2901826016,106258171.87143916,0.0,0.0,76,0.0
10-227-01365,BIHAR,Lakhisarai,Barahiya,0,0,,204,10,1365,,95965.48426593257,248505135.43154767,0.0,0.0,179,0.0
10-227-01367,BIHAR,Lakhisarai,Surajgarha,0,0,,204,10,1367,,140312.1609931406,462726462.37366486,0.0010446740519714356,0.00013826568334916061,340,0.04701033233871461
10-227-01368,BIHAR,Lakhisarai,Lakhisarai,0,0,,204,10,1368,,117670.76745524361,181316338.94823277,0.0010446740519714356,9.324554795802985e-05,133,0.01240165787841797
10-227-01369,BIHAR,Lakhisarai,Chanan*,0,0,,204,10,1369,,86014.87070350182,177670731.10250506,0.0010446740519714356,0.0008487976672267914,128,0.1086461014050293
10-228-01375,BIHAR,Sheikhpura,Ghat Kusumbha,0,0,,219,10,1375,,80592.24583619394,99088070.68237934,0.0,0.0,70,0.0
10-227-01370,BIHAR,Lakhisarai,Ramgarh Chowk,0,0,,204,10,1370,,98990.57354622113,128567389.13844268,0.0010446740519714356,0.000803429279689383,94,0.07552235229080201
10-227-01371,BIHAR,Lakhisarai,Halsi,0,0,,204,10,1371,,82594.8188222393,191441208.6304817,0.0010446740519714356,0.0008512387433113812,139,0.11832218532028199
10-228-01372,BIHAR,Sheikhpura,Barbigha,0,0,,219,10,1372,,83879.7675047183,115941853.486741,0.0,0.0,81,0.0
10-228-01373,BIHAR,Sheikhpura,Shekhopur Sarai,0,0,,219,10,1373,,59774.96229914819,65955650.61796794,0.0003629370260238648,0.000142466361553616,45,0.006410986269912721
10-228-01374,BIHAR,Sheikhpura,Sheikhpura,0,0,,219,10,1374,,119718.3677454689,225551054.81458032,0.0008425123384094239,0.00013831043347010892,170,0.02351277368991852
10-228-01377,BIHAR,Sheikhpura,Ariari,0,0,,219,10,1377,,87552.5859976097,183445963.63454768,0.0008425123384094239,0.00036993812547474886,137,0.050681523190040594
10-229-01378,BIHAR,Nalanda,Karai Parsurai,0,0,,209,10,1378,,58523.47447411047,82148146.79064696,0.0002801280731201172,0.00012605763290405274,60,0.007563457974243164
10-229-01379,BIHAR,Nalanda,Nagar Nausa,0,0,,209,10,1379,,82570.35159490984,108015836.82811198,0.0003399451762390137,0.00013605168988800048,80,0.010884135191040038
10-229-01380,BIHAR,Nalanda,Harnaut,0,0,,209,10,1380,,124869.90123154312,224385440.0517296,0.0003399451762390137,0.00011824180043096128,161,0.019036929869384767
10-229-01381,BIHAR,Nalanda,Chandi,0,0,,209,10,1381,,70527.81459673235,147156102.481168,0.0003399451762390137,0.0003118763084761594,109,0.03399451762390137
10-229-01382,BIHAR,Nalanda,Rahui,0,0,,209,10,1382,,77076.6108369453,152249665.90613127,0.0003399451762390137,0.00032735461415608723,108,0.03535429832885742
10-229-01383,BIHAR,Nalanda,Bind,0,0,,209,10,1383,,70364.80140905235,88091657.81671415,0.0,0.0,66,0.0
10-229-01384,BIHAR,Nalanda,Sarmera,0,0,,209,10,1384,,91044.34634338948,167201876.42476654,0.0,0.0,123,0.0
10-229-01385,BIHAR,Nalanda,Asthawan,0,0,,209,10,1385,,92263.18064708126,171325630.7179731,0.0003629370260238648,6.310171682281494e-05,125,0.007887714602851868
10-229-01387,BIHAR,Nalanda,Noorsarai,0,0,,209,10,1387,,78528.62700534344,151514769.88009417,0.0003399451762390137,0.0003399451762390137,114,0.03875375009124756
10-229-01386,BIHAR,Nalanda,Bihar,0,0,,209,10,1386,,98561.8371020671,215840179.0991975,0.0003399451762390137,0.000324113936860323,160,0.05185822989765168
10-229-01390,BIHAR,Nalanda,Hilsa,0,0,,209,10,1390,,93433.88804652911,175765721.10991755,0.0002801280731201172,0.00028012807312011726,131,0.03669677757873536
10-229-01391,BIHAR,Nalanda,Ekangarsarai,0,0,,209,10,1391,,87121.32234693572,166605847.460251,0.0002801280731201172,0.00028012807312011726,122,0.034175624920654304
10-229-01392,BIHAR,Nalanda,Islampur,0,0,,209,10,1392,,109868.69145522316,273834151.4326934,0.0002801280731201172,0.0002381284431536173,194,0.04619691797180176
10-229-01393,BIHAR,Nalanda,Ben,0,0,,209,10,1393,,66947.54721379357,127526149.56798536,0.0003399451762390137,0.0002905232023563791,94,0.027309181021499634
10-230-01398,BIHAR,Patna,Maner,0,0,,212,10,1398,,96133.56350709034,213315300.3597084,0.00033936977970123295,7.836852190488347e-05,154,0.012068752373352053
10-229-01394,BIHAR,Nalanda,Rajgir,0,0,,209,10,1394,,88740.45664753366,198129288.77271983,0.0003019969267654419,0.000262890362096514,147,0.03864488322818756
10-229-01395,BIHAR,Nalanda,Silao,0,0,,209,10,1395,,79220.42929786978,154752836.13944647,0.0003399451762390137,0.0003086545143923843,114,0.03518661464073181
10-229-01396,BIHAR,Nalanda,Giriak,0,0,,209,10,1396,,88347.46773236175,99576022.5731765,0.0003019969267654419,0.00030199692676544196,73,0.02204577565387726
10-229-01397,BIHAR,Nalanda,Katrisarai,0,0,,209,10,1397,,38918.76300208476,48673462.28309288,0.0003629370260238648,0.00031723195158004763,36,0.011420350256881715
10-230-01399,BIHAR,Patna,Dinapur-Cum-Khagaul,0,0,,212,10,1399,,78598.21354533077,184765788.04152673,0.00033936977970123295,0.00010055400880036532,135,0.013574791188049318
10-234-01474,BIHAR,Rohtas,Tilouthu,0,0,,215,10,1474,,73885.57639601533,193504401.97342023,0.00030359820892333987,0.00022893082045854842,140,0.03205031486419678
10-230-01400,BIHAR,Patna,Patna Rural,0,0,,212,10,1400,,87518.10425735511,179850223.48881748,0.00033936977970123295,5.958400712311723e-05,131,0.007805504933128357
10-230-01401,BIHAR,Patna,Sampatchak,0,0,,212,10,1401,,53219.7118618291,78902366.60372826,0.00033936977970123295,1.1907711568464314e-05,57,0.0006787395594024659
10-230-01406,BIHAR,Patna,Dulhin Bazar,0,0,,212,10,1406,,77792.54009458271,136539622.4680228,0.00033936977970123295,0.0002563320759237656,99,0.025376875516452794
10-230-01402,BIHAR,Patna,Phulwari,0,0,,212,10,1402,,70659.26045014715,135940825.49713776,0.00033936977970123295,0.0003252293722136816,96,0.031222019732513432
10-230-01413,BIHAR,Patna,Khusrupur,0,0,,212,10,1413,,46143.60198551767,78201544.387751,0.0,0.0,58,0.0
10-230-01403,BIHAR,Patna,Bihta,0,0,,212,10,1403,,116564.9809665079,244879174.98088208,0.00033936977970123295,0.00025627404692304,182,0.046641876539993285
10-230-01415,BIHAR,Patna,Athmalgola,0,0,,212,10,1415,,47997.69261940102,62827293.65665197,0.0,0.0,47,0.0
10-230-01404,BIHAR,Patna,Naubatpur,0,0,,212,10,1404,,105087.74367689912,205320191.59612688,0.00033936977970123295,0.0003393697797012329,153,0.051923576294288634
10-230-01405,BIHAR,Patna,Bikram,0,0,,212,10,1405,,86626.03512108007,186422313.04867813,0.00033936977970123295,0.00024434296387025036,137,0.0334749860502243
10-234-01475,BIHAR,Rohtas,Rohtas,0,0,,215,10,1475,,88257.59288547112,389741138.17794544,0.00031484655517578124,0.0002327432376119826,288,0.06703005243225099
10-230-01407,BIHAR,Patna,Paliganj,0,0,,212,10,1407,,129476.3041410336,293354152.7667747,0.0003063706935119629,0.0002433919497224327,214,0.0520858772406006
10-230-01408,BIHAR,Patna,Masaurhi,0,0,,212,10,1408,,108866.13277400887,248716954.87290823,0.00033936977970123295,0.00031749398099149216,178,0.056513928616485604
10-230-01409,BIHAR,Patna,Dhanarua,0,0,,212,10,1409,,95102.40821522896,225577653.19725513,0.00033936977970123295,0.0002449076099749138,163,0.039919940425910946
10-230-01410,BIHAR,Patna,Punpun,0,0,,212,10,1410,,82554.93388622913,161116560.78819045,0.00033936977970123295,0.0002300812065771071,118,0.027149582376098637
10-230-01411,BIHAR,Patna,Fatwah,0,0,,212,10,1411,,97950.27190535897,155697451.47083917,0.0,0.0,115,0.0
10-230-01412,BIHAR,Patna,Daniawan,0,0,,212,10,1412,,69689.77872311571,79566220.36857046,0.0,0.0,56,0.0
10-230-01414,BIHAR,Patna,Bakhtiarpur,0,0,,212,10,1414,,120205.01587822943,168153072.20481881,0.0,0.0,120,0.0
10-230-01416,BIHAR,Patna,Belchhi,0,0,,212,10,1416,,88573.78025963024,87443681.0926542,0.0,0.0,70,0.0
10-230-01417,BIHAR,Patna,Barh,0,0,,212,10,1417,,95365.9771693495,147280816.515725,0.0,0.0,104,0.0
10-230-01419,BIHAR,Patna,Ghoswari,0,0,,212,10,1419,,66454.95033385535,164897376.1169027,0.0,0.0,126,0.0
10-230-01418,BIHAR,Patna,Pandarak,0,0,,212,10,1418,,106894.44852036482,252509471.6555304,0.0,0.0,180,0.0
10-232-01438,BIHAR,Buxar,Chaugain,0,0,,194,10,1438,,52625.33924401454,66025696.44875917,0.0002035160903167725,0.0002035160903167725,49,0.009972288425521853
10-232-01439,BIHAR,Buxar,Kesath,0,0,,194,10,1439,,34661.84662025829,38236018.49691825,0.0002035160903167725,0.0002035160903167725,29,0.0059019666191864025
10-230-01420,BIHAR,Patna,Mokameh,0,0,,212,10,1420,,127700.39840194934,244519830.48183808,0.0,0.0,181,0.0
10-231-01421,BIHAR,Bhojpur,Shahpur,0,0,,193,10,1421,,110658.91431619873,211766871.4500774,0.00019326782066345216,0.00016084424297283857,156,0.025091701903762816
10-234-01460,BIHAR,Rohtas,Suryapura,0,0,,215,10,1460,,56159.7630280001,69765063.31452103,0.00024579309196472165,0.00024579309196472165,47,0.011552275322341918
10-231-01422,BIHAR,Bhojpur,Arrah,0,0,,193,10,1422,,120924.06747051864,221925641.7145924,0.00020652616981506347,0.00019229540802025947,159,0.030574969875221254
10-231-01423,BIHAR,Bhojpur,Barhara,0,0,,193,10,1423,,128817.96875565937,258494738.36324885,0.00016916102031707764,0.000164209343691721,191,0.03136398464511871
10-231-01424,BIHAR,Bhojpur,Koilwar,0,0,,193,10,1424,,94779.33453556667,208456312.66749656,0.00020652616981506347,0.00019850143972153633,149,0.029576714518508913
10-231-01425,BIHAR,Bhojpur,Sandesh,0,0,,193,10,1425,,60697.76797134289,164599530.19806212,0.00023521321134567264,0.00021090215920108863,118,0.024886454785728457
10-231-01426,BIHAR,Bhojpur,Udwant Nagar,0,0,,193,10,1426,,92445.60417460876,217797556.82002312,0.00020652616981506347,0.0001985382203262045,161,0.03196465347251892
10-234-01461,BIHAR,Rohtas,Bikramganj,0,0,,215,10,1461,,88556.32896667719,168723569.68103397,0.00024579309196472165,0.00024579309196472165,129,0.031707308863449093
10-231-01427,BIHAR,Bhojpur,Behea,0,0,,193,10,1427,,114516.77527652554,206091349.70539597,0.0002035160903167725,0.00019490154305903118,150,0.029235231458854677
10-231-01428,BIHAR,Bhojpur,Jagdishpur,0,0,,193,10,1428,,109726.00219208181,318463526.4488765,0.0002035160903167725,0.00019430163733900638,228,0.044300773313293455
10-231-01429,BIHAR,Bhojpur,Piro,0,0,,193,10,1429,,100703.96274410955,268205354.86689487,0.00024579309196472165,0.00022940405327186584,200,0.04588081065437317
10-234-01462,BIHAR,Rohtas,Karakat,0,0,,215,10,1462,,102232.22868007293,251121712.10833624,0.0002873170251464844,0.0002547083417610688,176,0.04482866814994811
10-231-01430,BIHAR,Bhojpur,Charpokhari,0,0,,193,10,1430,,88834.1327790213,135855258.49695313,0.00023699366943359378,0.00022410605084870994,95,0.021290074830627444
10-231-01431,BIHAR,Bhojpur,Garhani,0,0,,193,10,1431,,93054.52180151101,137128723.85739592,0.00023699366943359378,0.00019836209430657546,103,0.020431295713577272
10-231-01432,BIHAR,Bhojpur,Agiaon,0,0,,193,10,1432,,87534.07309197474,191419206.17039648,0.00023699366943359378,0.0002282542721531546,139,0.03172734382928849
10-231-01433,BIHAR,Bhojpur,Tarari,0,0,,193,10,1433,,95157.98131215997,247108515.4982669,0.00024579309196472165,0.00023793824021377136,177,0.04211506851783753
10-231-01434,BIHAR,Bhojpur,Sahar,0,0,,193,10,1434,,61748.81499939302,157154129.14318892,0.00023699366943359378,0.00023670453521418782,117,0.027694430620059975
10-232-01435,BIHAR,Buxar,Simri,0,0,,194,10,1435,,87047.69219699135,222195796.247413,0.0003661617306137085,0.00020721815844256707,164,0.033983777984581
10-232-01436,BIHAR,Buxar,Chakki,0,0,,194,10,1436,,73799.54032015939,80420668.23199363,0.0002035160903167725,0.00017060944612860683,64,0.010919004552230837
10-232-01437,BIHAR,Buxar,Barhampur,0,0,,194,10,1437,,133928.15369382405,240152233.65370417,0.0002035160903167725,0.00019623786840912923,173,0.03394915123477936
10-232-01440,BIHAR,Buxar,Dumraon,0,0,,194,10,1440,,115797.88145848007,238641355.07175583,0.0003661617306137085,0.0002525985024773863,169,0.042689146918678283
10-232-01441,BIHAR,Buxar,Buxar,0,0,,194,10,1441,,90996.21871903203,211591033.38394436,0.0003661617306137085,0.0003638116915495077,157,0.057118435573272716
10-232-01442,BIHAR,Buxar,Chausa,0,0,,194,10,1442,,99103.08457070828,138502720.57991108,0.0003661617306137085,0.00028099754836750923,107,0.030066737675323488
10-232-01443,BIHAR,Buxar,Rajpur,0,0,,194,10,1443,,121142.9666413415,336933113.12217736,0.0003661617306137085,0.0003099567945536399,245,0.07593941466564177
10-232-01444,BIHAR,Buxar,Itarhi,0,0,,194,10,1444,,109439.3274763228,293713382.2816445,0.0003661617306137085,0.0003655173246785215,209,0.076393120857811
10-232-01445,BIHAR,Buxar,Nawanagar,0,0,,194,10,1445,,126567.10382889764,229774401.79100823,0.0003661617306137085,0.00022242568901423165,169,0.03758994144340515
10-233-01446,BIHAR,Kaimur (Bhabua),Ramgarh,0,0,,200,10,1446,,124781.0721120257,206666195.02442607,0.0002981613737487793,0.00026505351599686976,151,0.04002308091552734
10-233-01447,BIHAR,Kaimur (Bhabua),Nuaon,0,0,,200,10,1447,,121732.74643995032,235834986.4758632,0.00029882131038665773,0.00028861247321636355,171,0.04935273291999817
10-233-01448,BIHAR,Kaimur (Bhabua),Kudra,0,0,,200,10,1448,,132624.50147962422,255577893.54332253,0.00030725960052490237,0.00030350477677602616,189,0.05736240281066895
10-233-01449,BIHAR,Kaimur (Bhabua),Mohania,0,0,,200,10,1449,,142323.6809133636,349176573.6513165,0.00030725960052490237,0.0002713316247010231,256,0.06946089592346191
10-233-01450,BIHAR,Kaimur (Bhabua),Durgawati,0,0,,200,10,1450,,108544.41183902678,212580801.4059764,0.0001917935754394531,0.0001917935754394531,154,0.02953621061767578
10-233-01451,BIHAR,Kaimur (Bhabua),Chand,0,0,,200,10,1451,,97099.60209928264,257974481.1925409,0.0001917935754394531,0.00016662529226445138,188,0.03132555494571686
10-233-01452,BIHAR,Kaimur (Bhabua),Chainpur,0,0,,200,10,1452,,170712.34536647963,555311526.8488017,0.0001917935754394531,0.0001692116077636794,407,0.06886912435981751
10-233-01453,BIHAR,Kaimur (Bhabua),Bhabua,0,0,,200,10,1453,,143727.89821118704,407618990.38615096,0.00030725960052490237,0.00024606900653661686,301,0.07406677096752168
10-233-01454,BIHAR,Kaimur (Bhabua),Rampur,0,0,,200,10,1454,,126612.15498309073,210660395.23746365,0.00030725960052490237,0.0002791634073408498,149,0.04159534769378662
10-233-01455,BIHAR,Kaimur (Bhabua),Bhagwanpur,0,0,,200,10,1455,,134815.05705103654,292151198.96788174,0.00030725960052490237,0.0002071893224376299,211,0.04371694703433991
10-233-01456,BIHAR,Kaimur (Bhabua),Adhaura,0,0,,200,10,1456,,271357.2345421078,1135984955.9859164,0.00031484655517578124,0.00020474906941586756,833,0.17055597482341767
10-234-01457,BIHAR,Rohtas,Kochas,0,0,,215,10,1457,,90248.48407846906,187033418.62218276,0.00029882131038665773,0.0002986163300673167,132,0.03941735556888581
10-234-01458,BIHAR,Rohtas,Dinara,0,0,,215,10,1458,,157118.7651045217,464648316.8452498,0.00029882131038665773,0.00028638067263371086,341,0.0976558093680954
10-234-01459,BIHAR,Rohtas,Dawath,0,0,,215,10,1459,,78120.6651060775,129910427.66035384,0.00024579309196472165,0.00024579309196472165,94,0.023104550644683836
10-234-01466,BIHAR,Rohtas,Nokha,0,0,,215,10,1466,,82152.91978314315,208772248.59610957,0.00030359820892333987,0.0002994192471682059,148,0.04431404858089447
10-235-01476,BIHAR,Aurangabad,Daudnagar,0,0,,189,10,1476,,91010.07504965532,238139281.75712803,0.0002873170251464844,0.0002661438173035369,174,0.046309024210815425
10-234-01467,BIHAR,Rohtas,Kargahar,0,0,,215,10,1467,,128509.87472624176,406135690.59563094,0.00030725960052490237,0.00030242110508132633,296,0.08951664710407259
10-234-01468,BIHAR,Rohtas,Chenari,0,0,,215,10,1468,,121720.69626398994,292642418.8385522,0.00030725960052490237,0.0002642434162278286,215,0.05681233448898315
10-234-01469,BIHAR,Rohtas,Nauhatta,0,0,,215,10,1469,,175494.75594492842,478591449.404211,0.00031484655517578124,0.00026890909962045274,354,0.09519382126564027
10-234-01470,BIHAR,Rohtas,Sheosagar,0,0,,215,10,1470,,135463.8765525897,406503956.12222886,0.00030725960052490237,0.00027212009293326687,295,0.08027542741531372
10-234-01471,BIHAR,Rohtas,Sasaram,0,0,,215,10,1471,,135810.11950728856,394273130.8742507,0.00030359820892333987,0.0002824167027366902,290,0.08190084379364015
10-234-01473,BIHAR,Rohtas,Dehri,0,0,,215,10,1473,,97323.52013589225,199371136.99043605,0.00030359820892333987,0.00028416251298365097,145,0.04120356438262939
10-235-01477,BIHAR,Aurangabad,Haspura,0,0,,189,10,1477,,88845.10694940752,164519986.5205008,0.00026307927406311036,0.0002623254846077911,121,0.031741383637542725
10-235-01478,BIHAR,Aurangabad,Goh,0,0,,189,10,1478,,122286.20877621078,374665187.3660463,0.00026307927406311036,0.00023021737935290614,272,0.06261912718399047
10-236-01491,BIHAR,Gaya,Neem Chak Bathani,0,0,,196,10,1491,,79540.44278654993,146770773.7769567,0.00020927652343750002,0.00020927652343750002,103,0.0215554819140625
10-235-01479,BIHAR,Aurangabad,Rafiganj,0,0,,189,10,1479,,167069.30684925965,465687847.79432577,0.0002734864178466797,0.00026205755523278916,341,0.0893616263343811
10-235-01480,BIHAR,Aurangabad,Obra,0,0,,189,10,1480,,130720.05569071589,327203821.09876627,0.0002873170251464844,0.0002697245126217226,237,0.06392470949134826
10-236-01494,BIHAR,Gaya,Manpur,0,0,,196,10,1494,,77081.78707553667,161226183.41058797,0.0003094331363677979,0.0003063953989161616,115,0.03523547087535858
10-235-01481,BIHAR,Aurangabad,Aurangabad,0,0,,189,10,1481,,125502.68609205673,344679798.38062614,0.0002596261032104492,0.00025339560010433196,256,0.06486927362670898
10-237-01511,BIHAR,Nawada,Nardiganj,0,0,,210,10,1511,,60262.24041371029,129808165.4472442,0.0003019969267654419,0.0003019969267654419,95,0.02868970804271698
10-235-01482,BIHAR,Aurangabad,Barun,0,0,,189,10,1482,,117269.30390529483,381782699.30215496,0.0002873170251464844,0.000268526756689889,280,0.07518749187316892
10-235-01483,BIHAR,Aurangabad,Nabinagar,0,0,,189,10,1483,,173491.30877801325,657546828.2218357,0.0002763606443023682,0.00024834131100119513,483,0.11994885321357726
10-235-01484,BIHAR,Aurangabad,Kutumba,0,0,,189,10,1484,,110495.73757590447,319048251.76106954,0.0002596261032104492,0.00024466113835797034,229,0.05602740068397521
10-235-01485,BIHAR,Aurangabad,Deo,0,0,,189,10,1485,,158578.88849021672,336990745.1586724,0.0002680198721313477,0.00025526479094820667,251,0.06407146252799988
10-235-01486,BIHAR,Aurangabad,Madanpur,0,0,,189,10,1486,,153529.37367368402,418713952.50229967,0.0002734864178466797,0.00025863119083441576,309,0.07991703796783448
10-236-01487,BIHAR,Gaya,Konch,0,0,,196,10,1487,,154041.56172387034,319288521.7326548,0.0002734864178466797,0.00023389214820796047,232,0.05426297838424683
10-236-01488,BIHAR,Gaya,Tikari,0,0,,196,10,1488,,122221.36853604284,290576655.12704176,0.0003094331363677979,0.000229373769808253,218,0.05000348181819916
10-236-01489,BIHAR,Gaya,Belaganj,0,0,,196,10,1489,,113473.13279109563,240372540.95814112,0.0002395651749801636,0.00023956517498016362,180,0.04312173149642945
10-236-01490,BIHAR,Gaya,Khizirsarai,0,0,,196,10,1490,,103698.13096672995,223124430.97950032,0.0003094331363677979,0.00022554308496694858,165,0.03721460901954651
10-236-01492,BIHAR,Gaya,Muhra,0,0,,196,10,1492,,93681.45756176667,181269438.2139707,0.00031932934909820556,0.00022872878441654036,134,0.030649657111816407
10-236-01493,BIHAR,Gaya,Atri,0,0,,196,10,1493,,103075.15367958385,161340647.62451813,0.00031932934909820556,0.00023361205035329866,119,0.02779983399204254
10-236-01495,BIHAR,Gaya,Gaya Town C.D.Block,0,0,,196,10,1495,,91678.58033080616,224144813.6021213,0.0003094331363677979,0.0002994519990267073,161,0.048211771843299875
10-236-01496,BIHAR,Gaya,Paraiya,0,0,,196,10,1496,,75593.31264449215,167300846.5298876,0.0003094331363677979,0.00028906332920583094,120,0.03468759950469971
10-236-01497,BIHAR,Gaya,Guraru,0,0,,196,10,1497,,81292.54933661391,199646285.7542363,0.0002734864178466797,0.0002734864178466797,147,0.04020250342346192
10-237-01512,BIHAR,Nawada,Nawada,0,0,,210,10,1512,,86822.75137888109,219317998.1072041,0.0005920190685653686,0.000318622399862253,157,0.05002371677837372
10-236-01498,BIHAR,Gaya,Gurua,0,0,,196,10,1498,,117859.62964526065,238015237.1519128,0.0003094331363677979,0.00026411472120384266,173,0.04569184676826478
10-236-01499,BIHAR,Gaya,Amas,0,0,,196,10,1499,,100546.69423332924,128484051.44985774,0.0002734864178466797,0.00022120005208667957,95,0.02101400494823456
10-237-01517,BIHAR,Nawada,Roh,0,0,,210,10,1517,,77804.52626079548,192537548.9783989,0.000723263331451416,0.0006200637292938763,144,0.08928917701831818
10-236-01500,BIHAR,Gaya,Banke Bazar,0,0,,196,10,1500,,85166.97220092022,256240042.68049288,0.0002680198721313477,0.00022186907150945358,186,0.04126764730075837
10-236-01501,BIHAR,Gaya,Imamganj,0,0,,196,10,1501,,136271.57775821586,316917295.57645696,0.0004490159093475342,0.0002968395091397593,239,0.07094464268440247
10-236-01502,BIHAR,Gaya,Dumaria,0,0,,196,10,1502,,119690.94596035974,390676703.928496,0.0004490159093475342,0.00026873614175495353,285,0.07658980040016175
10-236-01503,BIHAR,Gaya,Sherghati,0,0,,196,10,1503,,100322.2973073121,167902109.12194017,0.0003094331363677979,0.0002221186598828944,123,0.027320595165596012
10-238-01531,BIHAR,Jamui,Gidhaur,0,0,,198,10,1531,,55211.5633940527,100392309.18230554,0.0011610656798934937,0.0010974382566294354,75,0.08230786924720765
10-236-01504,BIHAR,Gaya,Dobhi,0,0,,196,10,1504,,103572.88994215836,218837778.49499393,0.0003006842837524414,0.00028334733458975085,161,0.04561892086894989
10-236-01505,BIHAR,Gaya,Bodh Gaya,0,0,,196,10,1505,,120948.91182130505,306843965.9119923,0.0003094331363677979,0.000308397824903737,230,0.0709314997278595
10-236-01506,BIHAR,Gaya,Tan Kuppa,0,0,,196,10,1506,,108147.94853451202,190099968.23000297,0.00037914088516235355,0.0003167713644244066,134,0.04244736283287048
10-240-01542,BIHAR,Arwal,Arwal,0,0,,611,10,1542,,73924.8054791393,147787869.27798152,0.00023699366943359378,0.00023567544565695987,104,0.024510246348323828
10-236-01507,BIHAR,Gaya,Wazirganj,0,0,,196,10,1507,,105472.06999302967,323030583.61833626,0.00031932934909820556,0.0003184487538976184,236,0.07515390591983795
10-236-01508,BIHAR,Gaya,Fatehpur,0,0,,196,10,1508,,155359.44599717355,408449805.62920874,0.0004134760368347168,0.00035629253965817006,304,0.1083129320560837
10-240-01543,BIHAR,Arwal,Kaler,0,0,,611,10,1543,,67777.19153730445,176075758.749563,0.00026307927406311036,0.00024137445799732936,131,0.031620053997650145
10-236-01509,BIHAR,Gaya,Mohanpur,0,0,,196,10,1509,,119906.24818546322,418796109.2883684,0.00037914088516235355,0.0003298030427780404,303,0.09993032196174623
10-240-01544,BIHAR,Arwal,Karpi,0,0,,611,10,1544,,158139.92638461498,234985661.7206014,0.00026307927406311036,0.0002365296745102905,172,0.040683104015769966
10-236-01510,BIHAR,Gaya,Barachatti,0,0,,196,10,1510,,138753.78132836288,366328956.31361085,0.00037914088516235355,0.0003075314053300338,275,0.0845711364657593
10-237-01513,BIHAR,Nawada,Warisaliganj,0,0,,210,10,1513,,109792.76918459819,202861050.3008767,0.0003629370260238648,0.0003401363086142508,147,0.05000003736629487
10-237-01514,BIHAR,Nawada,Kashi Chak,0,0,,210,10,1514,,73948.94452619922,98983451.20841853,0.0003629370260238648,0.0003629370260238648,72,0.026131465873718264
10-237-01515,BIHAR,Nawada,Pakribarawan,0,0,,210,10,1515,,104545.76938151139,251834567.85717744,0.0003629370260238648,0.00036293702602386473,184,0.06678041278839111
10-237-01516,BIHAR,Nawada,Kawakol,0,0,,210,10,1516,,121170.20018263235,362955647.76482904,0.0009323045329666139,0.0008120806642212546,266,0.2160134566828537
10-237-01518,BIHAR,Nawada,Gobindpur,0,0,,210,10,1518,,73133.35659787485,188189390.13263756,0.000723263331451416,0.0006876398886680601,140,0.09626958441352843
10-237-01519,BIHAR,Nawada,Akbarpur,0,0,,210,10,1519,,91268.2921062847,249541236.96202633,0.0005920190685653686,0.0005920190685653686,184,0.10893150861602782
10-237-01520,BIHAR,Nawada,Hisua,0,0,,210,10,1520,,85113.4923130193,144090762.99664384,0.0005920190685653686,0.0004344399405116301,104,0.04518175381320953
10-237-01521,BIHAR,Nawada,Narhat,0,0,,210,10,1521,,62856.50481924386,99624005.77002536,0.0005920190685653686,0.0005920190685653685,69,0.04084931573101043
10-237-01522,BIHAR,Nawada,Meskaur,0,0,,210,10,1522,,75185.00287586387,145604023.18435815,0.0005920190685653686,0.000397240697517395,112,0.04449095812194824
10-237-01523,BIHAR,Nawada,Sirdala,0,0,,210,10,1523,,111278.51695598938,301894539.186342,0.0005920190685653686,0.00046120144245445177,218,0.10054191445507049
10-237-01524,BIHAR,Nawada,Rajauli,0,0,,210,10,1524,,132370.86211000624,450216393.36794454,0.000723263331451416,0.0005215486108829167,333,0.17367568742401124
10-238-01525,BIHAR,Jamui,Islamnagar Aliganj,0,0,,198,10,1525,,96153.77396855215,213408239.47295904,0.0009323045329666139,0.0007721850670638452,156,0.12046087046195986
10-238-01526,BIHAR,Jamui,Sikandra,0,0,,198,10,1526,,86788.2538333537,223096734.30010977,0.0011610656798934937,0.00085864548143222,162,0.13910056799201964
10-238-01527,BIHAR,Jamui,Jamui,0,0,,198,10,1527,,90084.78430112793,212157753.6648698,0.0010446740519714356,0.0010420655137319257,155,0.1615201546284485
10-238-01528,BIHAR,Jamui,Barhat,0,0,,198,10,1528,,114104.37581341481,270298087.1382075,0.0010446740519714356,0.0008696778909812968,197,0.17132654452331547
10-238-01529,BIHAR,Jamui,Lakshmipur,0,0,,198,10,1529,,112147.89260238525,307635253.00857943,0.0010446740519714356,0.0002785797471923828,225,0.06268044311828613
10-238-01530,BIHAR,Jamui,Jhajha,0,0,,198,10,1530,,147664.43327942316,507112726.974952,0.0011610656798934937,0.001069844887033308,370,0.395842608202324
10-238-01532,BIHAR,Jamui,Khaira,0,0,,198,10,1532,,142747.05687020053,513762691.7981683,0.0011610656798934937,0.0010616152230830912,377,0.4002289391023254
10-238-01533,BIHAR,Jamui,Sono,0,0,,198,10,1533,,117724.39892386932,474283005.7300444,0.0011610656798934937,0.0011551608860600644,349,0.4031511492349625
10-238-01534,BIHAR,Jamui,Chakai,0,0,,198,10,1534,,243956.2217086091,956725034.6798706,0.0011610656798934937,0.0010139343505900793,700,0.7097540454130555
10-239-01535,BIHAR,Jehanabad,Ratni Faridpur,0,0,,199,10,1535,,82762.53932271499,155018952.20303965,0.0003063706935119629,0.0002644657177060111,114,0.03014909181848526
10-239-01536,BIHAR,Jehanabad,Jehanabad,0,0,,199,10,1536,,97254.09844747804,201426556.69272655,0.0003063706935119629,0.0003063706935119629,148,0.04534286263977051
10-239-01537,BIHAR,Jehanabad,Kako,0,0,,199,10,1537,,83599.3529020472,162373941.78194478,0.0003063706935119629,0.0003063706935119629,118,0.036151741834411624
10-239-01538,BIHAR,Jehanabad,Modanganj,0,0,,199,10,1538,,66522.90037500951,97205276.85869928,0.0003063706935119629,0.000287354301923669,69,0.01982744683273316
10-239-01539,BIHAR,Jehanabad,Ghoshi,0,0,,199,10,1539,,82931.95174196921,112225161.55433495,0.0003063706935119629,0.0002760153494607397,83,0.022909274005241394
10-239-01540,BIHAR,Jehanabad,Makhdumpur,0,0,,199,10,1540,,128831.72570768485,301471679.33572614,0.0003063706935119629,0.0002469538037578741,217,0.053588975415458685
10-239-01541,BIHAR,Jehanabad,Hulasganj,0,0,,199,10,1541,,87179.53907708311,119677697.18988888,0.0003063706935119629,0.0002379784396120707,90,0.021418059565086363
10-240-01545,BIHAR,Arwal,Sonbhadra Banshi Suryapur,0,0,,611,10,1545,,62692.97791397586,116643000.97724338,0.00023521321134567264,0.0002217492769149413,83,0.018405189983940126
10-240-01546,BIHAR,Arwal,Kurtha,0,0,,611,10,1546,,71585.17106640573,106433073.5354984,0.00023521321134567264,0.00022611669886906944,78,0.017637102511787416
10-224-01334,BIHAR,Bhagalpur,Gopalpur,0,0,,192,10,1334,,95407.9186210158,208941966.91883087,0.0,0.0,153,0.0
10-210-01127,BIHAR,Kishanganj,Kishanganj,0,0,,203,10,1127,,125268.33771117091,207105687.55921903,0.0,0.0,152,0.0
10-206-01064,BIHAR,Sitamarhi,Suppi,0,0,,221,10,1064,,71084.15120823232,92250451.53846286,0.0,0.0,66,0.0
10-234-01463,BIHAR,Rohtas,Nasriganj,0,0,,215,10,1463,,90034.07903274363,167356919.18355417,0.00021709306838989256,0.00019170032705882238,126,0.02415424120941162
10-234-01464,BIHAR,Rohtas,Rajpur,0,0,,215,10,1464,,68660.48684625747,85633596.4997788,0.0001870129376220703,0.0001870129376220703,63,0.01178181507019043
10-234-01465,BIHAR,Rohtas,Sanjhauli,0,0,,215,10,1465,,56591.722358052,83833486.39015438,0.00020919092895507814,0.00020496654965355282,63,0.012912892628173828
10-203-01023,BIHAR,Pashchim Champaran,Thakrahan,0,0,,211,10,1023,,79847.09402015881,199004696.79409248,0.0,0.0,145,0.0
10-204-01054,BIHAR,Purbi Champaran,Phenhara,0,0,,213,10,1054,,44565.43736457999,67645025.94776015,0.0,0.0,51,0.0
10-219-01262,BIHAR,Saran,Maker,0,0,,218,10,1262,,62357.8736467211,96585777.9808088,0.0,0.0,71,0.0
10-220-01282,BIHAR,Vaishali,Sahdai Buzurg,0,0,,224,10,1282,,74546.65030748869,114161677.3631406,0.0,0.0,84,0.0
10-229-01388,BIHAR,Nalanda,Tharthari,0,0,,209,10,1388,,71853.42144919158,77411758.12428828,0.0003492048402023316,0.0003352124660110474,54,0.01810147316459656
10-229-01389,BIHAR,Nalanda,Parbalpur,0,0,,209,10,1389,,54466.2339431045,76043839.88376136,0.0003492048402023316,0.0003251108285209111,56,0.01820620639717102
10-203-01022,BIHAR,Pashchim Champaran,Bhitaha,0,0,,211,10,1022,,72626.86760213553,166969906.7472905,0.0,0.0,117,0.0
10-203-01013,BIHAR,Pashchim Champaran,Sidhaw,0,0,,211,10,1013,,195582.3602130639,1085337194.6715722,0.0,0.0,781,0.0
10-203-01014,BIHAR,Pashchim Champaran,Ramnagar,0,0,,211,10,1014,,230865.78384139363,866139404.2451236,0.0,0.0,621,0.0
10-203-01015,BIHAR,Pashchim Champaran,Gaunaha,0,0,,211,10,1015,,136504.94021895694,605322845.3823951,0.0,0.0,441,0.0
10-203-01016,BIHAR,Pashchim Champaran,Mainatanr,0,0,,211,10,1016,,115419.13930249632,312998546.4010918,0.0,0.0,221,0.0
10-203-01017,BIHAR,Pashchim Champaran,Narkatiaganj,0,0,,211,10,1017,,149144.20649331805,441857686.2127825,0.0,0.0,314,0.0
10-203-01018,BIHAR,Pashchim Champaran,Lauriya,0,0,,211,10,1018,,120853.32018665274,255440417.54612216,0.0,0.0,183,0.0
10-203-01019,BIHAR,Pashchim Champaran,Bagaha,0,0,,211,10,1019,,135587.24079810514,491292931.53180623,0.0,0.0,352,0.0
10-203-01021,BIHAR,Pashchim Champaran,Madhubani,0,0,,211,10,1021,,144670.82201821523,386116138.1353823,0.0,0.0,276,0.0
10-203-01024,BIHAR,Pashchim Champaran,Jogapatti,0,0,,211,10,1024,,88530.23644360513,258722436.3759333,0.0,0.0,186,0.0
10-203-01029,BIHAR,Pashchim Champaran,Bairia,0,0,,211,10,1029,,105039.82861382668,288505226.87341565,0.0,0.0,208,0.0
10-203-01025,BIHAR,Pashchim Champaran,Chanpatia,0,0,,211,10,1025,,113543.7602983494,310017349.34780717,0.0,0.0,226,0.0
10-206-01071,BIHAR,Sitamarhi,Parsauni,0,0,,221,10,1071,,63729.135625112256,74724139.64418457,0.0,0.0,55,0.0
10-203-01026,BIHAR,Pashchim Champaran,Sikta,0,0,,211,10,1026,,93443.22825707054,255004178.86147365,0.0,0.0,183,0.0
10-203-01027,BIHAR,Pashchim Champaran,Majhaulia,0,0,,211,10,1027,,123374.4030721297,371511179.15939575,0.0,0.0,265,0.0
10-203-01028,BIHAR,Pashchim Champaran,Bettiah,0,0,,211,10,1028,,53968.26030594324,83182055.35378212,0.0,0.0,59,0.0
10-203-01030,BIHAR,Pashchim Champaran,Nautan,0,0,,211,10,1030,,122656.63983711715,245738630.13883996,0.0,0.0,171,0.0
10-204-01031,BIHAR,Purbi Champaran,Raxaul,0,0,,213,10,1031,,98709.78801801558,166685360.13968688,0.0,0.0,124,0.0
10-206-01072,BIHAR,Sitamarhi,Belsand,0,0,,221,10,1072,,66235.5873217276,97354060.86547032,0.0,0.0,70,0.0
10-206-01073,BIHAR,Sitamarhi,Runisaidpur,0,0,,221,10,1073,,152472.54206325076,334873257.0825382,0.0,0.0,243,0.0
10-204-01032,BIHAR,Purbi Champaran,Adapur,0,0,,213,10,1032,,94532.37688292323,199608924.7111849,0.0,0.0,148,0.0
10-206-01074,BIHAR,Sitamarhi,Dumra,0,0,,221,10,1074,,111649.34177378344,241159212.36062923,0.0,0.0,178,0.0
10-204-01033,BIHAR,Purbi Champaran,Ramgarhwa,0,0,,213,10,1033,,90718.26831189607,213035907.5226096,0.0,0.0,154,0.0
10-204-01034,BIHAR,Purbi Champaran,Sugauli,0,0,,213,10,1034,,84892.41923436844,209336830.19001696,0.0,0.0,149,0.0
10-204-01038,BIHAR,Purbi Champaran,Ghorasahan,0,0,,213,10,1038,,75335.10865687576,144368243.47105,0.0,0.0,104,0.0
10-204-01035,BIHAR,Purbi Champaran,Banjaria,0,0,,213,10,1035,,102381.40449613356,176960195.87167916,0.0,0.0,124,0.0
10-204-01047,BIHAR,Purbi Champaran,Kesaria,0,0,,213,10,1047,,87546.8206889307,229535442.11688668,0.0,0.0,168,0.0
10-204-01036,BIHAR,Purbi Champaran,Narkatia,0,0,,213,10,1036,,105607.09704406632,168338010.30978012,0.0,0.0,120,0.0
10-204-01037,BIHAR,Purbi Champaran,Bankatwa,0,0,,213,10,1037,,99233.37216886049,115311013.90225838,0.0,0.0,82,0.0
10-204-01039,BIHAR,Purbi Champaran,Dhaka,0,0,,213,10,1039,,97673.73467814895,202386545.86227983,0.0,0.0,145,0.0
10-204-01048,BIHAR,Purbi Champaran,Kalyanpur,0,0,,213,10,1048,,109413.20044555076,313300912.50613195,0.0,0.0,230,0.0
10-204-01040,BIHAR,Purbi Champaran,Chiraia,0,0,,213,10,1040,,110764.71696779084,272984575.32652414,0.0,0.0,199,0.0
10-204-01041,BIHAR,Purbi Champaran,Motihari,0,0,,213,10,1041,,181544.26702654368,319814691.13850176,0.0,0.0,241,0.0
10-204-01049,BIHAR,Purbi Champaran,Kotwa,0,0,,213,10,1049,,78879.98205471091,178282937.71225017,0.0,0.0,126,0.0
10-204-01042,BIHAR,Purbi Champaran,Turkaulia,0,0,,213,10,1042,,99475.78497366334,174748315.94966665,0.0,0.0,130,0.0
10-204-01050,BIHAR,Purbi Champaran,Piprakothi,0,0,,213,10,1050,,58369.33889310607,62223774.49301849,0.0,0.0,45,0.0
10-204-01043,BIHAR,Purbi Champaran,Harsidhi,0,0,,213,10,1043,,133904.34238337883,240218359.62130272,0.0,0.0,173,0.0
10-204-01044,BIHAR,Purbi Champaran,Paharpur,0,0,,213,10,1044,,108730.62076802726,192061375.0173064,0.0,0.0,144,0.0
10-204-01045,BIHAR,Purbi Champaran,Areraj,0,0,,213,10,1045,,93331.67353690567,242725576.26244012,0.0,0.0,174,0.0
10-204-01046,BIHAR,Purbi Champaran,Sangrampur,0,0,,213,10,1046,,78133.67961210197,187659878.02718252,0.0,0.0,133,0.0
10-204-01051,BIHAR,Purbi Champaran,Chakia(Pipra),0,0,,213,10,1051,,129110.66914194856,212940547.80779588,0.0,0.0,145,0.0
10-204-01052,BIHAR,Purbi Champaran,Pakri Dayal,0,0,,213,10,1052,,90143.40730437863,148110040.62869397,0.0,0.0,106,0.0
10-204-01053,BIHAR,Purbi Champaran,Patahi,0,0,,213,10,1053,,85994.51677214028,144960443.14880535,0.0,0.0,100,0.0
10-204-01055,BIHAR,Purbi Champaran,Madhuban,0,0,,213,10,1055,,112681.00006095257,152424272.44650427,0.0,0.0,114,0.0
10-204-01056,BIHAR,Purbi Champaran,Tetaria,0,0,,213,10,1056,,82320.72754353678,104458405.63845472,0.0,0.0,74,0.0
10-205-01058,BIHAR,Sheohar,Purnahiya,0,0,,220,10,1058,,57294.126150412616,80859097.14068061,0.0,0.0,59,0.0
10-204-01057,BIHAR,Purbi Champaran,Mehsi,0,0,,213,10,1057,,125063.78039343117,149773808.08158112,0.0,0.0,108,0.0
10-205-01059,BIHAR,Sheohar,Piprarhi,0,0,,220,10,1059,,105870.45511307275,104265216.9562483,0.0,0.0,77,0.0
10-205-01060,BIHAR,Sheohar,Sheohar,0,0,,220,10,1060,,81007.5322908237,115638983.35873616,0.0,0.0,83,0.0
10-205-01061,BIHAR,Sheohar,Dumri Katsari,0,0,,220,10,1061,,65038.65439014734,84655470.24819931,0.0,0.0,59,0.0
10-205-01062,BIHAR,Sheohar,Tariani Chowk,0,0,,220,10,1062,,97491.22869259815,171878914.60720828,0.0,0.0,126,0.0
10-206-01063,BIHAR,Sitamarhi,Bairgania,0,0,,221,10,1063,,59598.621146511534,94417571.99630062,0.0,0.0,70,0.0
10-206-01065,BIHAR,Sitamarhi,Majorganj,0,0,,221,10,1065,,62808.55729710282,95411217.42446172,0.0,0.0,68,0.0
10-206-01066,BIHAR,Sitamarhi,Sonbarsa,0,0,,221,10,1066,,92820.94699371175,224104085.6083578,0.0,0.0,155,0.0
10-206-01067,BIHAR,Sitamarhi,Parihar,0,0,,221,10,1067,,86838.20299610356,272812569.4060281,0.0,0.0,197,0.0
10-207-01095,BIHAR,Madhubani,Rajnagar,0,0,,206,10,1095,,78809.12744912357,223111125.2667772,0.0,0.0,158,0.0
10-206-01068,BIHAR,Sitamarhi,Sursand,0,0,,221,10,1068,,91215.71647520129,181412871.1123928,0.0,0.0,134,0.0
10-206-01069,BIHAR,Sitamarhi,Bathnaha,0,0,,221,10,1069,,120764.04051803834,251403523.12922087,0.0,0.0,185,0.0
10-206-01070,BIHAR,Sitamarhi,Riga,0,0,,221,10,1070,,129433.73210860479,163724219.02092636,0.0,0.0,114,0.0
10-210-01123,BIHAR,Kishanganj,Thakurganj,0,0,,203,10,1123,,224971.2940646554,491161543.46963537,0.0,0.0,353,0.0
10-210-01124,BIHAR,Kishanganj,Pothia,0,0,,203,10,1124,,167388.9118766352,443844792.4531903,0.0,0.0,321,0.0
10-210-01125,BIHAR,Kishanganj,Bahadurganj,0,0,,203,10,1125,,155296.13881782343,347494200.8377232,0.0,0.0,251,0.0
10-210-01126,BIHAR,Kishanganj,Kochadhamin,0,0,,203,10,1126,,139640.52665725534,360840233.8364798,0.0,0.0,258,0.0
10-211-01128,BIHAR,Purnia,Banmankhi,0,0,,214,10,1128,,142815.61519736593,459936087.34673214,0.0,0.0,333,0.0
10-206-01075,BIHAR,Sitamarhi,Bajpatti,0,0,,221,10,1075,,90407.29439213518,174303329.1783474,0.0,0.0,125,0.0
10-206-01076,BIHAR,Sitamarhi,Charaut,0,0,,221,10,1076,,85128.15752493152,91349700.81924292,0.0,0.0,62,0.0
10-206-01077,BIHAR,Sitamarhi,Pupri,0,0,,221,10,1077,,73992.24203369493,115338203.66308306,0.0,0.0,82,0.0
10-206-01078,BIHAR,Sitamarhi,Nanpur,0,0,,221,10,1078,,73315.01223618646,135892566.9983101,0.0,0.0,100,0.0
10-220-01283,BIHAR,Vaishali,Mahnar,0,0,,224,10,1283,,81638.1139853176,126474580.44313861,0.0,0.0,89,0.0
10-206-01079,BIHAR,Sitamarhi,Bokhara,0,0,,221,10,1079,,81978.13188098712,108574895.39827529,0.0,0.0,79,0.0
10-207-01080,BIHAR,Madhubani,Madhwapur,0,0,,206,10,1080,,88808.76172423853,137557654.90878707,0.0,0.0,103,0.0
10-207-01081,BIHAR,Madhubani,Harlakhi,0,0,,206,10,1081,,90217.76640094945,187441757.00046396,0.0,0.0,138,0.0
10-207-01082,BIHAR,Madhubani,Basopatti,0,0,,206,10,1082,,97634.90682970545,164238774.4639331,0.0,0.0,122,0.0
10-207-01089,BIHAR,Madhubani,Khajauli,0,0,,206,10,1089,,91171.28062794723,150968724.81279027,0.0,0.0,108,0.0
10-207-01083,BIHAR,Madhubani,Jainagar,0,0,,206,10,1083,,81489.61423509955,161880108.8306139,0.0,0.0,115,0.0
10-207-01090,BIHAR,Madhubani,Kaluahi,0,0,,206,10,1090,,62305.281593423286,101560283.08963235,0.0,0.0,75,0.0
10-207-01084,BIHAR,Madhubani,Ladania,0,0,,206,10,1084,,97928.14946240213,232665607.5684243,0.0,0.0,164,0.0
10-207-01085,BIHAR,Madhubani,Laukaha,0,0,,206,10,1085,,102032.19667129294,266340932.00179368,0.0,0.0,197,0.0
10-207-01086,BIHAR,Madhubani,Laukahi,0,0,,206,10,1086,,109679.24973352649,329223432.564553,0.0,0.0,237,0.0
10-207-01087,BIHAR,Madhubani,Phulparas,0,0,,206,10,1087,,117974.41186319289,199352334.8677591,0.0,0.0,140,0.0
10-207-01088,BIHAR,Madhubani,Babubarhi,0,0,,206,10,1088,,118996.04641992833,237192379.86086744,0.0,0.0,174,0.0
10-207-01091,BIHAR,Madhubani,Benipatti,0,0,,206,10,1091,,128414.2409747215,328987645.9449377,0.0,0.0,231,0.0
10-207-01092,BIHAR,Madhubani,Bisfi,0,0,,206,10,1092,,99754.46134559005,226192948.413646,0.0,0.0,165,0.0
10-207-01093,BIHAR,Madhubani,Madhubani,0,0,,206,10,1093,,109764.71764889831,200359220.56727448,0.0,0.0,142,0.0
10-207-01094,BIHAR,Madhubani,Pandaul,0,0,,206,10,1094,,102372.75527307783,208327489.63825428,0.0,0.0,148,0.0
10-207-01096,BIHAR,Madhubani,Andhratharhi,0,0,,206,10,1096,,97300.5167595078,186769445.10608673,0.0,0.0,134,0.0
10-207-01097,BIHAR,Madhubani,Jhanjharpur,0,0,,206,10,1097,,125261.96837896874,181284371.95402232,0.0,0.0,132,0.0
10-207-01098,BIHAR,Madhubani,Ghoghardiha,0,0,,206,10,1098,,114215.40677637524,211228851.4219488,0.0,0.0,159,0.0
10-207-01099,BIHAR,Madhubani,Lakhnaur,0,0,,206,10,1099,,72956.74167609161,146945623.14022,0.0,0.0,110,0.0
10-207-01100,BIHAR,Madhubani,Madhepur,0,0,,206,10,1100,,144505.38034518834,300452948.5687113,0.0,0.0,212,0.0
10-208-01101,BIHAR,Supaul,Nirmali,0,0,,223,10,1101,,123310.21889922836,162734364.67066902,0.0,0.0,118,0.0
10-208-01102,BIHAR,Supaul,Basantpur,0,0,,223,10,1102,,136288.63693043106,319456339.75100917,0.0,0.0,228,0.0
10-208-01103,BIHAR,Supaul,Chhatapur,0,0,,223,10,1103,,142271.17176584958,398825687.2446475,0.0,0.0,285,0.0
10-208-01104,BIHAR,Supaul,Pratapganj,0,0,,223,10,1104,,71155.69013184242,133032565.19323792,0.0,0.0,97,0.0
10-208-01105,BIHAR,Supaul,Raghopur,0,0,,223,10,1105,,111831.20983491397,255841046.48838165,0.0,0.0,187,0.0
10-221-01285,BIHAR,Samastipur,Warisnagar,0,0,,217,10,1285,,90241.30323013186,163846086.5162723,0.0,0.0,120,0.0
10-208-01106,BIHAR,Supaul,Saraigarh Bhaptiyahi,0,0,,223,10,1106,,105489.5116383213,257042943.27229512,0.0,0.0,189,0.0
10-208-01107,BIHAR,Supaul,Kishanpur,0,0,,223,10,1107,,125516.73810076228,248613546.3002807,0.0,0.0,177,0.0
10-208-01108,BIHAR,Supaul,Marauna,0,0,,223,10,1108,,114969.59778192453,206419565.01179272,0.0,0.0,149,0.0
10-208-01109,BIHAR,Supaul,Supaul,0,0,,223,10,1109,,122628.008173687,390920691.5720901,0.0,0.0,287,0.0
10-208-01110,BIHAR,Supaul,Pipra,0,0,,223,10,1110,,113516.78657800167,247320462.25611627,0.0,0.0,181,0.0
10-221-01287,BIHAR,Samastipur,Khanpur,0,0,,217,10,1287,,89337.20668890505,173313349.37261373,0.0,0.0,127,0.0
10-208-01111,BIHAR,Supaul,Tribeniganj,0,0,,223,10,1111,,136684.8917573132,402291551.99740016,0.0,0.0,290,0.0
10-209-01112,BIHAR,Araria,Narpatganj,0,0,,188,10,1112,,196352.82868709194,482872068.7863751,0.0,0.0,351,0.0
10-209-01113,BIHAR,Araria,Forbesganj,0,0,,188,10,1113,,165874.55860340688,546946456.996027,0.0,0.0,392,0.0
10-209-01114,BIHAR,Araria,Bhargama,0,0,,188,10,1114,,140909.75235341018,280499778.1128878,0.0,0.0,206,0.0
10-209-01115,BIHAR,Araria,Raniganj,0,0,,188,10,1115,,160625.61646677545,576910744.770993,0.0,0.0,418,0.0
10-209-01116,BIHAR,Araria,Araria,0,0,,188,10,1116,,192057.15187743204,506918787.2643526,0.0,0.0,371,0.0
10-209-01117,BIHAR,Araria,Kursakatta,0,0,,188,10,1117,,96566.38525637137,201032230.408231,0.0,0.0,147,0.0
10-209-01118,BIHAR,Araria,Sikti,0,0,,188,10,1118,,116798.35346995249,237753016.2819182,0.0,0.0,177,0.0
10-209-01119,BIHAR,Araria,Palasi,0,0,,188,10,1119,,132578.70192307016,306240761.34804773,0.0,0.0,222,0.0
10-209-01120,BIHAR,Araria,Jokihat,0,0,,188,10,1120,,155370.9524619173,341005127.7602247,0.0,0.0,246,0.0
10-210-01121,BIHAR,Kishanganj,Terhagachh,0,0,,203,10,1121,,121953.02658094271,245208326.38245347,0.0,0.0,175,0.0
10-210-01122,BIHAR,Kishanganj,Dighalbank,0,0,,203,10,1122,,147432.83262190674,314385668.4331173,0.0,0.0,224,0.0
10-211-01129,BIHAR,Purnia,Barhara,0,0,,214,10,1129,,111073.17449432175,288009141.38478667,0.0,0.0,212,0.0
10-211-01130,BIHAR,Purnia,Bhawanipur,0,0,,214,10,1130,,116656.34435182877,201938838.4795833,0.0,0.0,147,0.0
10-211-01131,BIHAR,Purnia,Rupauli,0,0,,214,10,1131,,113946.660566684,308195114.8462847,0.0,0.0,227,0.0
10-211-01132,BIHAR,Purnia,Dhamdaha,0,0,,214,10,1132,,135370.01293426772,446856166.039676,0.0,0.0,326,0.0
10-211-01133,BIHAR,Purnia,Krityanand Nagar,0,0,,214,10,1133,,149407.41850079046,364443041.21247435,0.0,0.0,274,0.0
10-211-01134,BIHAR,Purnia,Purnia East,0,0,,214,10,1134,,127662.13358515713,309272824.56310594,0.0,0.0,228,0.0
10-211-01135,BIHAR,Purnia,Kasba,0,0,,214,10,1135,,130095.64608516233,215123054.3424731,0.0,0.0,154,0.0
10-211-01136,BIHAR,Purnia,Srinagar,0,0,,214,10,1136,,106220.57404900706,172405807.6412187,0.0,0.0,122,0.0
10-211-01137,BIHAR,Purnia,Jalalgarh,0,0,,214,10,1137,,87146.39992638786,142107808.6772385,0.0,0.0,102,0.0
10-211-01138,BIHAR,Purnia,Amour,0,0,,214,10,1138,,141371.93624621196,307011870.96961224,0.0,0.0,225,0.0
10-211-01139,BIHAR,Purnia,Baisa,0,0,,214,10,1139,,132173.35304950457,275191667.549805,0.0,0.0,197,0.0
10-211-01140,BIHAR,Purnia,Baisi,0,0,,214,10,1140,,118169.54825440844,253873549.02719215,0.0,0.0,187,0.0
10-211-01141,BIHAR,Purnia,Dagarua,0,0,,214,10,1141,,129309.28146976323,257465778.6329552,0.0,0.0,180,0.0
10-212-01142,BIHAR,Katihar,Falka,0,0,,201,10,1142,,100518.70580952488,208374539.8829749,0.0,0.0,150,0.0
10-212-01143,BIHAR,Katihar,Korha,0,0,,201,10,1143,,137118.64195203967,368801327.90483874,0.0,0.0,273,0.0
10-212-01144,BIHAR,Katihar,Hasanganj,0,0,,201,10,1144,,78227.29832785497,86155111.41022065,0.0,0.0,62,0.0
10-212-01145,BIHAR,Katihar,Kadwa,0,0,,201,10,1145,,157692.68144088247,420129854.10490626,0.0,0.0,307,0.0
10-212-01146,BIHAR,Katihar,Balrampur,0,0,,201,10,1146,,141815.18317465586,216253207.31133217,0.0,0.0,151,0.0
10-212-01147,BIHAR,Katihar,Barsoi,0,0,,201,10,1147,,172308.8160052511,357713388.6445612,0.0,0.0,261,0.0
10-212-01148,BIHAR,Katihar,Azamnagar,0,0,,201,10,1148,,141791.77759222616,349759708.1212404,0.0,0.0,253,0.0
10-221-01290,BIHAR,Samastipur,Tajpur,0,0,,217,10,1290,,57166.77792153786,83856612.1105223,0.0,0.0,61,0.0
10-212-01149,BIHAR,Katihar,Pranpur,0,0,,201,10,1149,,111803.70370561493,191475637.62126103,0.0,0.0,141,0.0
10-212-01150,BIHAR,Katihar,Dandkhora,0,0,,201,10,1150,,70987.07501110679,111201189.06340708,0.0,0.0,81,0.0
10-212-01151,BIHAR,Katihar,Katihar,0,0,,201,10,1151,,76845.81968857624,136830037.77828172,0.0,0.0,100,0.0
10-212-01152,BIHAR,Katihar,Mansahi,0,0,,201,10,1152,,73279.06289841712,97405011.1871763,0.0,0.0,73,0.0
10-212-01155,BIHAR,Katihar,Kursela,0,0,,201,10,1155,,80348.39413748268,153683091.52761996,0.0,0.0,117,0.0
10-212-01153,BIHAR,Katihar,Barari,0,0,,201,10,1153,,107333.93297446336,407446973.1478653,0.0,0.0,292,0.0
10-212-01154,BIHAR,Katihar,Sameli,0,0,,201,10,1154,,75105.36277909,118027198.2496544,0.0,0.0,81,0.0
10-212-01156,BIHAR,Katihar,Manihari,0,0,,201,10,1156,,130162.81635074862,303859830.4099729,0.0,0.0,221,0.0
10-212-01157,BIHAR,Katihar,Amdabad,0,0,,201,10,1157,,103742.71814675455,228302986.79665467,0.0,0.0,164,0.0
10-213-01158,BIHAR,Madhepura,Gamharia,0,0,,205,10,1158,,80141.00377515821,125479849.27382244,0.0,0.0,89,0.0
10-213-01160,BIHAR,Madhepura,Ghailarh,0,0,,205,10,1160,,78865.70647224285,116219722.2388165,0.0,0.0,83,0.0
10-213-01159,BIHAR,Madhepura,Singheshwar,0,0,,205,10,1159,,111627.30849980874,111167268.35246354,0.0,0.0,78,0.0
10-216-01210,BIHAR,Muzaffarpur,Bandra,0,0,,208,10,1210,,74293.85759884378,142020443.31484023,0.0,0.0,103,0.0
10-213-01161,BIHAR,Madhepura,Madhepura,0,0,,205,10,1161,,115084.47931226583,237801277.85767865,0.0,0.0,175,0.0
10-213-01162,BIHAR,Madhepura,Shankarpur,0,0,,205,10,1162,,63984.56408470212,128790837.874554,0.0,0.0,94,0.0
10-213-01163,BIHAR,Madhepura,Kumarkhand,0,0,,205,10,1163,,118191.24796123093,316976886.68211347,0.0,0.0,230,0.0
10-213-01164,BIHAR,Madhepura,Murliganj,0,0,,205,10,1164,,94211.11378994165,247086114.21145928,0.0,0.0,179,0.0
10-221-01293,BIHAR,Samastipur,Mohanpur,0,0,,217,10,1293,,74468.46489139357,163000016.77407515,0.0,0.0,120,0.0
10-213-01165,BIHAR,Madhepura,Gwalpara,0,0,,205,10,1165,,78037.2495556277,147267353.58482873,0.0,0.0,109,0.0
10-214-01172,BIHAR,Saharsa,Satar Kataiya,0,0,,216,10,1172,,77878.75925155886,177382280.64763528,0.0,0.0,130,0.0
10-213-01166,BIHAR,Madhepura,Bihariganj,0,0,,205,10,1166,,79669.40805645821,133818744.70956944,0.0,0.0,98,0.0
10-216-01211,BIHAR,Muzaffarpur,Dholi (Moraul),0,0,,208,10,1211,,63030.361633940505,73298422.6275262,0.0,0.0,50,0.0
10-213-01167,BIHAR,Madhepura,Kishanganj,0,0,,205,10,1167,,99817.47531025465,188055937.5971522,0.0,0.0,133,0.0
10-216-01212,BIHAR,Muzaffarpur,Musahri,0,0,,208,10,1212,,211487.75457487197,365415439.5943066,0.0,0.0,267,0.0
10-213-01168,BIHAR,Madhepura,Puraini,0,0,,205,10,1168,,63416.842365887525,103114850.3546553,0.0,0.0,76,0.0
10-214-01174,BIHAR,Saharsa,Kahara,0,0,,216,10,1174,,81070.16203244023,176788302.3737116,0.0,0.0,128,0.0
10-213-01169,BIHAR,Madhepura,Alamnagar,0,0,,205,10,1169,,94357.42058114092,211989804.11375904,0.0,0.0,151,0.0
10-213-01170,BIHAR,Madhepura,Chausa,0,0,,205,10,1170,,87285.75133964,172516848.53860697,0.0,0.0,124,0.0
10-214-01171,BIHAR,Saharsa,Nauhatta,0,0,,216,10,1171,,93228.84620468391,212763144.21707585,0.0,0.0,151,0.0
10-217-01227,BIHAR,Gopalganj,Sidhwalia,0,0,,197,10,1227,,69457.48217743407,152022198.31601515,0.0,0.0,109,0.0
10-214-01173,BIHAR,Saharsa,Mahishi,0,0,,216,10,1173,,106372.46434789852,273075178.2794974,0.0,0.0,195,0.0
10-214-01175,BIHAR,Saharsa,Saur Bazar,0,0,,216,10,1175,,88121.22998090234,233228921.9025612,0.0,0.0,171,0.0
10-214-01176,BIHAR,Saharsa,Patarghat,0,0,,216,10,1176,,67497.21582029684,149681422.04156074,0.0,0.0,105,0.0
10-214-01177,BIHAR,Saharsa,Sonbarsa,0,0,,216,10,1177,,90185.02153799882,263952116.041209,0.0,0.0,193,0.0
10-216-01199,BIHAR,Muzaffarpur,Sahebganj,0,0,,208,10,1199,,80060.99972290538,253055918.70266867,0.0,0.0,189,0.0
10-214-01178,BIHAR,Saharsa,Simri Bakhtiarpur,0,0,,216,10,1178,,119116.35548129058,266466354.66217396,0.0,0.0,194,0.0
10-214-01179,BIHAR,Saharsa,Salkhua,0,0,,216,10,1179,,82412.26684571667,221182533.93573853,0.0,0.0,163,0.0
10-214-01180,BIHAR,Saharsa,Banma Itahri,0,0,,216,10,1180,,54286.501575749484,92822449.4552088,0.0,0.0,68,0.0
10-215-01181,BIHAR,Darbhanga,Jale,0,0,,195,10,1181,,112473.57051363293,234172285.01568127,0.0,0.0,171,0.0
10-215-01182,BIHAR,Darbhanga,Singhwara,0,0,,195,10,1182,,121368.62688362494,223279889.67870736,0.0,0.0,162,0.0
10-215-01183,BIHAR,Darbhanga,Keotiranway,0,0,,195,10,1183,,89515.08566239705,180205403.4644349,0.0,0.0,131,0.0
10-215-01184,BIHAR,Darbhanga,Darbhanga,0,0,,195,10,1184,,131883.04966973627,240721362.1475316,0.0,0.0,174,0.0
10-215-01185,BIHAR,Darbhanga,Manigachhi,0,0,,195,10,1185,,96856.01003306538,158887287.31255177,0.0,0.0,114,0.0
10-215-01186,BIHAR,Darbhanga,Tardih,0,0,,195,10,1186,,96398.42232606321,109520018.96976715,0.0,0.0,79,0.0
10-215-01187,BIHAR,Darbhanga,Alinagar,0,0,,195,10,1187,,105560.56246873255,146523357.5416611,0.0,0.0,105,0.0
10-215-01188,BIHAR,Darbhanga,Benipur,0,0,,195,10,1188,,118482.30854716274,204643530.87647069,0.0,0.0,150,0.0
10-215-01189,BIHAR,Darbhanga,Bahadurpur,0,0,,195,10,1189,,155637.00049509996,221161760.4253616,0.0,0.0,158,0.0
10-215-01190,BIHAR,Darbhanga,Hanumannagar,0,0,,195,10,1190,,114393.83215098479,181536916.32106537,0.0,0.0,130,0.0
10-215-01191,BIHAR,Darbhanga,Hayaghat,0,0,,195,10,1191,,66118.49929402806,108810529.75916524,0.0,0.0,77,0.0
10-215-01192,BIHAR,Darbhanga,Baheri,0,0,,195,10,1192,,128629.1579498372,271307286.95794886,0.0,0.0,195,0.0
10-215-01193,BIHAR,Darbhanga,Biraul,0,0,,195,10,1193,,135706.32971678255,230203939.26841983,0.0,0.0,167,0.0
10-215-01194,BIHAR,Darbhanga,Ghanshyampur,0,0,,195,10,1194,,76766.91373126305,103945643.9979024,0.0,0.0,78,0.0
10-215-01195,BIHAR,Darbhanga,Kiratpur,0,0,,195,10,1195,,78793.19278562842,78915927.53877336,0.0,0.0,60,0.0
10-215-01196,BIHAR,Darbhanga,Gora Bauram,0,0,,195,10,1196,,99804.03366816713,145653476.81698695,0.0,0.0,104,0.0
10-215-01197,BIHAR,Darbhanga,Kusheshwar Asthan,0,0,,195,10,1197,,87220.16498537568,144130520.9401011,0.0,0.0,107,0.0
10-215-01198,BIHAR,Darbhanga,Kusheshwar Asthan Purbi,0,0,,195,10,1198,,91858.86035222423,150084285.43545517,0.0,0.0,112,0.0
10-216-01200,BIHAR,Muzaffarpur,Baruraj (Motipur),0,0,,208,10,1200,,125110.13599018812,365259305.4740948,0.0,0.0,263,0.0
10-216-01201,BIHAR,Muzaffarpur,Paroo,0,0,,208,10,1201,,136934.87791145188,413033977.3448192,0.0,0.0,295,0.0
10-216-01202,BIHAR,Muzaffarpur,Saraiya,0,0,,208,10,1202,,155820.80051537574,301402655.1404849,0.0,0.0,218,0.0
10-216-01203,BIHAR,Muzaffarpur,Marwan,0,0,,208,10,1203,,84959.92762229654,138736310.53842777,0.0,0.0,101,0.0
10-216-01204,BIHAR,Muzaffarpur,Kanti,0,0,,208,10,1204,,97122.90469976026,124757584.36625764,0.0,0.0,91,0.0
10-216-01205,BIHAR,Muzaffarpur,Minapur,0,0,,208,10,1205,,166218.11946715685,316124209.98756105,0.0,0.0,228,0.0
10-216-01206,BIHAR,Muzaffarpur,Bochaha,0,0,,208,10,1206,,126044.68100944142,233148755.94160384,0.0,0.0,167,0.0
10-216-01207,BIHAR,Muzaffarpur,Aurai,0,0,,208,10,1207,,101267.16719990574,247748190.77792475,0.0,0.0,177,0.0
10-216-01208,BIHAR,Muzaffarpur,Katra,0,0,,208,10,1208,,118891.9342746819,235108975.17115793,0.0,0.0,171,0.0
10-216-01209,BIHAR,Muzaffarpur,Gaighat,0,0,,208,10,1209,,111008.49869520529,259762671.68662548,0.0,0.0,191,0.0
10-216-01213,BIHAR,Muzaffarpur,Kurhani,0,0,,208,10,1213,,108106.10574110712,256354911.2077163,0.0,0.0,187,0.0
10-216-01214,BIHAR,Muzaffarpur,Sakra,0,0,,208,10,1214,,105121.4777371614,236360031.18726787,0.0,0.0,175,0.0
10-217-01215,BIHAR,Gopalganj,Katiya,0,0,,197,10,1215,,94755.55253264701,158441587.458013,0.00014295205047607423,0.00011231946823120119,112,0.012579780441894534
10-217-01216,BIHAR,Gopalganj,Bijaipur,0,0,,197,10,1216,,81309.59717969262,163112176.36717936,0.00014295205047607423,0.00014295205047607426,120,0.01715424605712891
10-217-01217,BIHAR,Gopalganj,Bhorey,0,0,,197,10,1217,,78790.65552761848,196013266.46535653,0.00014295205047607423,7.445419295628866e-05,144,0.010721403785705567
10-217-01218,BIHAR,Gopalganj,Pach Deuri,0,0,,197,10,1218,,53698.212932643866,118295317.11973979,0.0,0.0,85,0.0
10-217-01219,BIHAR,Gopalganj,Kuchaikote,0,0,,197,10,1219,,101077.28158428885,316078491.04748106,0.0,0.0,226,0.0
10-217-01220,BIHAR,Gopalganj,Phulwaria,0,0,,197,10,1220,,81339.22200232239,118763292.85091434,0.0,0.0,89,0.0
10-217-01221,BIHAR,Gopalganj,Hathua,0,0,,197,10,1221,,91546.96202775641,183613061.83342972,0.00020036174613952639,0.00013252272973008047,127,0.01683038667572022
10-217-01222,BIHAR,Gopalganj,Uchkagaon,0,0,,197,10,1222,,80102.93001981139,142235093.67043933,0.00020036174613952639,1.323143606581778e-05,106,0.0014025322229766848
10-217-01223,BIHAR,Gopalganj,Thawe,0,0,,197,10,1223,,57244.55575246375,89300191.60424533,0.00020036174613952639,3.1306522834300998e-06,64,0.00020036174613952639
10-217-01224,BIHAR,Gopalganj,Gopalganj,0,0,,197,10,1224,,110313.13172782106,244420793.60160467,0.0,0.0,182,0.0
10-218-01232,BIHAR,Siwan,Goriakothi,0,0,,222,10,1232,,73201.39147651673,174963939.23516312,0.0,0.0,127,0.0
10-217-01225,BIHAR,Gopalganj,Manjha,0,0,,197,10,1225,,80242.78538873792,179389027.9828925,0.0,0.0,131,0.0
10-217-01226,BIHAR,Gopalganj,Barauli,0,0,,197,10,1226,,105754.79057670098,232227972.12586737,0.0,0.0,170,0.0
10-217-01228,BIHAR,Gopalganj,Baikunthpur,0,0,,197,10,1228,,97825.58906166903,256614409.24172768,0.0,0.0,185,0.0
10-218-01229,BIHAR,Siwan,Nautan,0,0,,222,10,1229,,58324.35348563096,81827813.66620097,0.00020036174613952639,0.0002003617461395264,58,0.011620981276092531
10-218-01230,BIHAR,Siwan,Siwan,0,0,,222,10,1230,,92599.06904644772,168879532.28230655,0.00020036174613952639,0.0001833819371446513,118,0.021639068583068855
10-218-01235,BIHAR,Siwan,Bhagwanpur Hat,0,0,,222,10,1235,,86430.4184146014,189582799.91524476,0.00021461527492523197,3.421402933590655e-05,138,0.004721536048355104
10-218-01231,BIHAR,Siwan,Barharia,0,0,,222,10,1231,,90315.6629531122,219606934.01516393,0.00020036174613952639,3.7567827401161196e-06,160,0.0006010852384185792
10-218-01233,BIHAR,Siwan,Lakri Nabiganj,0,0,,222,10,1233,,79648.98713303795,120773104.6039552,0.0,0.0,88,0.0
10-218-01234,BIHAR,Siwan,Basantpur,0,0,,222,10,1234,,57871.378293950496,76675463.02480637,0.0,0.0,56,0.0
10-218-01236,BIHAR,Siwan,Maharajganj,0,0,,222,10,1236,,119387.58843212528,142817377.5161484,0.00021461527492523197,8.12620943891655e-05,103,0.008369995722084047
10-218-01237,BIHAR,Siwan,Pachrukhi,0,0,,222,10,1237,,99183.2392802834,160709761.40986398,0.00020036174613952639,8.562467783740444e-06,117,0.001001808730697632
10-218-01238,BIHAR,Siwan,Hussainganj,0,0,,222,10,1238,,68784.84800107122,105975934.30464326,0.00020036174613952639,0.00017818011127575026,74,0.013185328234405519
10-218-01239,BIHAR,Siwan,Ziradei,0,0,,222,10,1239,,98825.50869312549,152221780.48504183,0.00020036174613952639,0.00020027492854762728,111,0.022230517068786627
10-218-01240,BIHAR,Siwan,Mairwa,0,0,,222,10,1240,,65279.2242200428,88898123.37504825,0.00023139102857589724,0.00020177216806845235,66,0.013316963092517856
10-218-01242,BIHAR,Siwan,Darauli,0,0,,222,10,1242,,90305.00161970501,214758375.6239279,0.00023139102857589724,0.00020290131184744065,155,0.0314497033363533
10-218-01241,BIHAR,Siwan,Guthani,0,0,,222,10,1241,,78778.78773845347,115110806.99004474,0.00023139102857589724,0.00022912059327567504,82,0.018787888648605353
10-219-01248,BIHAR,Saran,Mashrakh,0,0,,218,10,1248,,82075.7710341599,165898243.02109933,0.0,0.0,121,0.0
10-218-01243,BIHAR,Siwan,Andar,0,0,,222,10,1243,,83358.60866933218,125625010.62434034,0.00020036174613952639,0.00019183266616295126,87,0.01668944195617676
10-219-01249,BIHAR,Saran,Panapur,0,0,,218,10,1249,,75875.09329534958,182360909.7404776,0.0,0.0,128,0.0
10-218-01244,BIHAR,Siwan,Raghunathpur,0,0,,222,10,1244,,87824.68008836384,193566358.3438411,0.00019072499343872072,0.00019072499343872074,143,0.027273674061737065
10-219-01250,BIHAR,Saran,Taraiya,0,0,,218,10,1250,,53629.0613522338,97307015.09151264,0.0,0.0,74,0.0
10-218-01245,BIHAR,Siwan,Hasanpura,0,0,,222,10,1245,,82786.09108287447,121956119.03175904,0.00021461527492523197,0.0001995213557890092,87,0.0173583579536438
10-219-01251,BIHAR,Saran,Ishupur,0,0,,218,10,1251,,62425.60798229613,109300191.56908256,0.0,0.0,76,0.0
10-218-01246,BIHAR,Siwan,Daraundha,0,0,,222,10,1246,,105400.53795370483,157911066.26165873,0.00021461527492523197,0.0001866219781958539,115,0.021461527492523197
10-219-01256,BIHAR,Saran,Jalalpur,0,0,,218,10,1256,,65042.73641147566,147549697.72689733,0.0002554324244308472,0.00010042349283146407,106,0.010644890240135192
10-218-01247,BIHAR,Siwan,Siswan,0,0,,222,10,1247,,98184.39847010886,155554872.77293277,0.00021461527492523197,0.0002075127588076205,111,0.023033916227645876
10-219-01259,BIHAR,Saran,Nagra,0,0,,218,10,1259,,43289.948409307304,65110006.46242106,0.0002554324244308472,0.00010869464869397754,47,0.005108648488616944
10-219-01252,BIHAR,Saran,Baniapur,0,0,,218,10,1252,,89199.8841803021,219417775.87250236,0.00021461527492523197,5.266632513502625e-06,163,0.0008584610997009279
10-219-01253,BIHAR,Saran,Lahladpur,0,0,,218,10,1253,,49287.19248841685,70233795.44130237,0.00021461527492523197,0.00011589224845962528,50,0.005794612422981264
10-219-01254,BIHAR,Saran,Ekma,0,0,,218,10,1254,,99716.17236158185,176114988.01319405,0.00021461527492523197,0.00021461527492523197,128,0.027470755190429692
10-219-01255,BIHAR,Saran,Manjhi,0,0,,218,10,1255,,127085.43562979231,244607530.98349065,0.00025379513748168946,0.0002221296039659712,180,0.03998332871387482
10-219-01257,BIHAR,Saran,Revelganj,0,0,,218,10,1257,,84877.1419542779,179359801.45379385,0.0002554324244308472,0.0002553014414749145,125,0.031912680184364314
10-219-01258,BIHAR,Saran,Chapra,0,0,,218,10,1258,,119729.94798472138,239470568.44351175,0.0002554324244308472,0.00023946789790391923,176,0.04214635003108978
10-219-01260,BIHAR,Saran,Marhaura,0,0,,218,10,1260,,87240.95030017926,190752130.05196184,0.0002554324244308472,7.457881005280209e-06,137,0.0010217296977233887
10-219-01261,BIHAR,Saran,Amnour,0,0,,218,10,1261,,94922.90618840617,160109081.4065653,0.0002554324244308472,4.329363125946562e-06,118,0.0005108648488616943
10-219-01263,BIHAR,Saran,Parsa,0,0,,218,10,1263,,85595.91054800974,122749042.93573296,0.0,0.0,88,0.0
10-219-01266,BIHAR,Saran,Dighwara,0,0,,218,10,1266,,81943.45164265168,101347015.6655549,0.0,0.0,72,0.0
10-219-01264,BIHAR,Saran,Dariapur,0,0,,218,10,1264,,115477.27251924115,281302380.67878103,0.0,0.0,202,0.0
10-219-01265,BIHAR,Saran,Garkha,0,0,,218,10,1265,,90147.74693968748,213336409.9887166,0.0002554324244308472,0.0001310335164288112,154,0.020179161530036925
10-220-01269,BIHAR,Vaishali,Paterhi Belsar,0,0,,224,10,1269,,56227.36197278124,93522597.26160131,0.0,0.0,69,0.0
10-219-01267,BIHAR,Saran,Sonepur,0,0,,218,10,1267,,70412.64000247594,214865144.18564072,0.0,0.0,162,0.0
10-220-01268,BIHAR,Vaishali,Vaishali,0,0,,224,10,1268,,72706.90824879723,158663399.21103516,0.0,0.0,114,0.0
10-220-01270,BIHAR,Vaishali,Lalganj,0,0,,224,10,1270,,89595.71916906572,184177988.41986412,0.0,0.0,133,0.0
10-221-01294,BIHAR,Samastipur,Mohiuddinagar,0,0,,217,10,1294,,80607.53716768604,178536106.2701614,0.0,0.0,130,0.0
10-220-01271,BIHAR,Vaishali,Bhagwanpur,0,0,,224,10,1271,,98965.72708266653,142473218.81446454,0.0,0.0,102,0.0
10-220-01272,BIHAR,Vaishali,Goraul,0,0,,224,10,1272,,101989.77906286377,122446101.92943335,0.0,0.0,87,0.0
10-220-01273,BIHAR,Vaishali,Chehra Kalan,0,0,,224,10,1273,,63204.34388206024,89818122.94593617,0.0,0.0,66,0.0
10-220-01277,BIHAR,Vaishali,Raja Pakar,0,0,,224,10,1277,,58946.08844196175,93673217.82917874,0.0,0.0,72,0.0
10-220-01274,BIHAR,Vaishali,Patepur,0,0,,224,10,1274,,118180.33822078991,317029999.71255994,0.0,0.0,234,0.0
10-220-01275,BIHAR,Vaishali,Mahua,0,0,,224,10,1275,,86273.82517515696,171155586.12447235,0.0,0.0,125,0.0
10-220-01276,BIHAR,Vaishali,Jandaha,0,0,,224,10,1276,,99044.76663725945,179891527.10359335,0.0,0.0,128,0.0
10-220-01278,BIHAR,Vaishali,Hajipur,0,0,,224,10,1278,,80048.24731377292,194916759.16986817,0.0,0.0,140,0.0
10-220-01280,BIHAR,Vaishali,Bidupur,0,0,,224,10,1280,,88122.3198685409,139375575.9420912,0.0,0.0,99,0.0
10-220-01279,BIHAR,Vaishali,Raghopur,0,0,,224,10,1279,,128641.49950069311,338499790.0832371,0.0,0.0,246,0.0
10-220-01281,BIHAR,Vaishali,Desri,0,0,,224,10,1281,,50183.809114488824,56627949.53624974,0.0,0.0,43,0.0
10-221-01284,BIHAR,Samastipur,Kalyanpur,0,0,,217,10,1284,,147387.26660455638,294821482.9966942,0.0,0.0,214,0.0
10-221-01286,BIHAR,Samastipur,Shivaji Nagar,0,0,,217,10,1286,,96209.25031894707,172333979.18990555,0.0,0.0,130,0.0
10-221-01288,BIHAR,Samastipur,Samastipur,0,0,,217,10,1288,,112474.97484539819,170577777.20953664,0.0,0.0,123,0.0
10-221-01289,BIHAR,Samastipur,Pusa,0,0,,217,10,1289,,64081.7615729533,95008289.7510354,0.0,0.0,65,0.0
10-221-01291,BIHAR,Samastipur,Morwa,0,0,,217,10,1291,,104551.97847793197,152111293.7773472,0.0,0.0,106,0.0
10-221-01292,BIHAR,Samastipur,Patori,0,0,,217,10,1292,,69422.25062895294,130638318.44440164,0.0,0.0,93,0.0
10-221-01295,BIHAR,Samastipur,Sarairanjan,0,0,,217,10,1295,,96463.23467310029,185572344.2706523,0.0,0.0,145,0.0
10-221-01296,BIHAR,Samastipur,Vidyapati Nagar,0,0,,217,10,1296,,62930.2690484309,106322816.42401849,0.0,0.0,75,0.0
10-221-01297,BIHAR,Samastipur,Dalsinghsarai,0,0,,217,10,1297,,80515.23552986495,118201268.21451648,0.0,0.0,89,0.0
10-221-01298,BIHAR,Samastipur,Ujiarpur,0,0,,217,10,1298,,81756.09445970641,209497824.1015558,0.0,0.0,149,0.0
10-221-01300,BIHAR,Samastipur,Rosera,0,0,,217,10,1300,,84599.34785899956,138535375.895554,0.0,0.0,97,0.0
10-221-01299,BIHAR,Samastipur,Bibhutpur,0,0,,217,10,1299,,96600.53522783429,258332531.194082,0.0,0.0,187,0.0
10-221-01301,BIHAR,Samastipur,Singhia,0,0,,217,10,1301,,76055.88015393679,178639507.67998633,0.0,0.0,128,0.0
10-222-01307,BIHAR,Begusarai,Cheria Bariarpur,0,0,,191,10,1307,,80422.0696045629,127840547.1243011,0.0,0.0,89,0.0
10-221-01302,BIHAR,Samastipur,Hasanpur,0,0,,217,10,1302,,122795.93417076243,188091095.39019313,0.0,0.0,138,0.0
10-221-01303,BIHAR,Samastipur,Bithan,0,0,,217,10,1303,,72838.55780104545,149849875.79630712,0.0,0.0,109,0.0
10-222-01304,BIHAR,Begusarai,Khudabandpur,0,0,,191,10,1304,,49522.71992212785,59617610.47663844,0.0,0.0,39,0.0
10-222-01305,BIHAR,Begusarai,Chhorahi,0,0,,191,10,1305,,96201.09768359947,128309829.49376953,0.0,0.0,94,0.0
10-222-01306,BIHAR,Begusarai,Garhpura,0,0,,191,10,1306,,69581.28073662621,88651595.91159394,0.0,0.0,68,0.0
10-222-01308,BIHAR,Begusarai,Bhagwanpur,0,0,,191,10,1308,,102620.52088176137,147276258.21886113,0.0,0.0,106,0.0
10-223-01324,BIHAR,Khagaria,Mansi,0,0,,202,10,1324,,70720.37786012898,86151878.56106131,0.0,0.0,69,0.0
10-222-01309,BIHAR,Begusarai,Mansurchak,0,0,,191,10,1309,,55538.61039021854,42158333.283958256,0.0,0.0,31,0.0
10-224-01333,BIHAR,Bhagalpur,Rangra Chowk,0,0,,192,10,1333,,56200.86409227388,97946271.45940188,0.0,0.0,71,0.0
10-222-01310,BIHAR,Begusarai,Bachhwara,0,0,,191,10,1310,,112893.55520851951,186501763.14040864,0.0,0.0,138,0.0
10-222-01311,BIHAR,Begusarai,Teghra,0,0,,191,10,1311,,93442.93751421869,180050069.66821858,0.0,0.0,129,0.0
10-222-01312,BIHAR,Begusarai,Barauni,0,0,,191,10,1312,,90573.71511882372,141812926.41245717,0.0,0.0,102,0.0
10-222-01313,BIHAR,Begusarai,Birpur,0,0,,191,10,1313,,69057.86510087451,64693086.30641256,0.0,0.0,53,0.0
10-222-01314,BIHAR,Begusarai,Begusarai,0,0,,191,10,1314,,114572.02827886646,273941103.5239774,0.0,0.0,200,0.0
10-222-01315,BIHAR,Begusarai,Naokothi,0,0,,191,10,1315,,61794.845266753924,91575422.87048158,0.0,0.0,64,0.0
10-222-01316,BIHAR,Begusarai,Bakhri,0,0,,191,10,1316,,74902.13049058078,94921186.04856166,0.0,0.0,66,0.0
10-222-01317,BIHAR,Begusarai,Dandari,0,0,,191,10,1317,,77075.31892237118,85364223.36403492,0.0,0.0,65,0.0
10-222-01318,BIHAR,Begusarai,Sahebpur Kamal,0,0,,191,10,1318,,97820.3506924087,179327758.1582562,0.0,0.0,131,0.0
10-222-01319,BIHAR,Begusarai,Balia,0,0,,191,10,1319,,95726.56851828664,181873531.04775092,0.0,0.0,133,0.0
10-222-01320,BIHAR,Begusarai,Matihani,0,0,,191,10,1320,,104199.58891726227,214311339.790948,0.0,0.0,157,0.0
10-222-01321,BIHAR,Begusarai,Shamho Akha Kurha,0,0,,191,10,1321,,47884.70174269599,82130306.58899558,0.0,0.0,58,0.0
10-223-01322,BIHAR,Khagaria,Alauli,0,0,,202,10,1322,,117176.16085281859,337532903.06560946,0.0,0.0,244,0.0
10-223-01323,BIHAR,Khagaria,Khagaria,0,0,,202,10,1323,,164255.4907534744,325761754.1557925,0.0,0.0,229,0.0
10-223-01325,BIHAR,Khagaria,Chautham,0,0,,202,10,1325,,88833.5659059585,205164632.7891582,0.0,0.0,148,0.0
10-228-01376,BIHAR,Sheikhpura,Chewara,0,0,,219,10,1376,,77279.14911837938,141385828.1075451,0.0008507745277023316,0.0007553952343783332,103,0.07780570914096832
10-223-01326,BIHAR,Khagaria,Beldaur,0,0,,202,10,1326,,101449.44415348554,276820454.1841197,0.0,0.0,203,0.0
10-223-01327,BIHAR,Khagaria,Gogri,0,0,,202,10,1327,,109725.85953588395,321971045.3784509,0.0,0.0,231,0.0
10-223-01328,BIHAR,Khagaria,Parbatta,0,0,,202,10,1328,,89952.53209418767,286770838.53234714,0.0,0.0,215,0.0
10-224-01329,BIHAR,Bhagalpur,Narayanpur,0,0,,192,10,1329,,96964.50839109154,173637043.38008544,0.0,0.0,125,0.0
10-224-01330,BIHAR,Bhagalpur,Bihpur,0,0,,192,10,1330,,98960.16392998041,189427956.2070791,0.0,0.0,141,0.0
10-234-01472,BIHAR,Rohtas,Akorhi Gola,0,0,,215,10,1472,,71741.57946050014,124356844.03544964,0.0001870129376220703,0.00018701293762207034,94,0.01757921613647461
10-224-01331,BIHAR,Bhagalpur,Kharik,0,0,,192,10,1331,,103106.05203500649,169292223.68779984,0.0,0.0,125,0.0
10-224-01332,BIHAR,Bhagalpur,Naugachhia,0,0,,192,10,1332,,91833.23423872421,134223697.96961665,0.0,0.0,95,0.0
10-224-01335,BIHAR,Bhagalpur,Pirpainti,0,0,,192,10,1335,,138631.2255747686,411429376.6216011,0.0,0.0,294,0.0
10-224-01336,BIHAR,Bhagalpur,Kahalgaon,0,0,,192,10,1336,,128722.99744742387,352186242.20537144,0.0,0.0,255,0.0
10-224-01337,BIHAR,Bhagalpur,Ismailpur,0,0,,192,10,1337,,66332.03197363381,102752037.41138108,0.0,0.0,75,0.0
10-224-01338,BIHAR,Bhagalpur,Sabour,0,0,,192,10,1338,,85492.0541239663,141198925.34276122,0.0,0.0,102,0.0
10-226-01359,BIHAR,Munger,Dharhara,0,0,,207,10,1359,,105188.90103685112,355220468.750446,0.0,0.0,262,0.0
10-224-01339,BIHAR,Bhagalpur,Nathnagar,0,0,,192,10,1339,,105259.93673308079,163498377.60317266,0.0,0.0,117,0.0
10-226-01360,BIHAR,Munger,Kharagpur,0,0,,207,10,1360,,169586.30903503796,398589433.5102216,0.0,0.0,291,0.0
10-224-01340,BIHAR,Bhagalpur,Sultanganj,0,0,,192,10,1340,,139861.1879796442,266407467.3450057,0.0,0.0,198,0.0
10-224-01341,BIHAR,Bhagalpur,Shahkund,0,0,,192,10,1341,,93276.90256650816,208798734.37786233,0.0,0.0,153,0.0
10-224-01342,BIHAR,Bhagalpur,Goradih,0,0,,192,10,1342,,106918.08891287447,178026414.43832883,0.0,0.0,128,0.0
10-224-01343,BIHAR,Bhagalpur,Jagdishpur,0,0,,192,10,1343,,107045.71303668506,127447147.46016994,0.0,0.0,95,0.0
10-224-01344,BIHAR,Bhagalpur,Sonhaula,0,0,,192,10,1344,,84463.86530366821,214425428.57327408,0.0,0.0,160,0.0
10-225-01345,BIHAR,Banka,Shambhuganj,0,0,,190,10,1345,,85765.27415008907,217970788.89652416,0.0,0.0,157,0.0
10-225-01346,BIHAR,Banka,Amarpur,0,0,,190,10,1346,,98000.87839154692,234663534.19316816,0.0,0.0,176,0.0
10-225-01347,BIHAR,Banka,Rajaun,0,0,,190,10,1347,,86718.04358754268,242814641.5593075,0.0,0.0,179,0.0
10-226-01363,BIHAR,Munger,Tetiha Bambor,0,0,,207,10,1363,,73286.15332623897,95190725.80042528,0.0,0.0,70,0.0
10-225-01348,BIHAR,Banka,Dhuraiya,0,0,,190,10,1348,,106681.6377356153,285703540.38620996,0.0,0.0,208,0.0
10-225-01349,BIHAR,Banka,Barahat,0,0,,190,10,1349,,122910.23058217819,181202001.14064544,0.0,0.0,129,0.0
10-225-01350,BIHAR,Banka,Banka,0,0,,190,10,1350,,137083.07375503817,365153241.48788345,0.0,0.0,275,0.0
10-225-01351,BIHAR,Banka,Phulidumar,0,0,,190,10,1351,,117105.67306472127,248400685.45023423,0.0,0.0,176,0.0
10-225-01352,BIHAR,Banka,Belhar,0,0,,190,10,1352,,118426.40149548957,290570448.277483,0.0007283344052124023,7.4875499601275e-05,214,0.01602335691467285
10-225-01353,BIHAR,Banka,Chanan,0,0,,190,10,1353,,169565.08902723462,550876204.0147796,0.0007283344052124023,0.0003731336624003521,403,0.1503728659473419
10-225-01354,BIHAR,Banka,Katoria,0,0,,190,10,1354,,180268.89530762268,687665367.2781417,0.0006299667618560791,5.3961296334285656e-05,502,0.0270885707598114
10-225-01355,BIHAR,Banka,Bausi,0,0,,190,10,1355,,109314.78149810205,385846183.7170387,0.0,0.0,284,0.0
10-226-01356,BIHAR,Munger,Munger,0,0,,207,10,1356,,162390.1628928388,306519605.49277806,0.0,0.0,227,0.0
10-226-01357,BIHAR,Munger,Bariarpur,0,0,,207,10,1357,,122433.4478606843,198040113.63802013,0.0,0.0,143,0.0
10-226-01358,BIHAR,Munger,Jamalpur,0,0,,207,10,1358,,72817.19566814511,112971204.64248075,0.0,0.0,79,0.0
10-226-01361,BIHAR,Munger,Asarganj,0,0,,207,10,1361,,61173.52838786665,72491453.98190036,0.0,0.0,52,0.0
10-226-01362,BIHAR,Munger,Tarapur,0,0,,207,10,1362,,54416.57713098438,86962445.68425661,0.0,0.0,62,0.0
10-226-01364,BIHAR,Munger,Sangrampur,0,0,,207,10,1364,,71205.18318302365,105786037.21986651,0.0,0.0,80,0.0
10-227-01366,BIHAR,Lakhisarai,Pipariya,0,0,,204,10,1366,,87968.2901826016,106258171.87143916,0.0,0.0,76,0.0
10-227-01365,BIHAR,Lakhisarai,Barahiya,0,0,,204,10,1365,,95965.48426593257,248505135.43154767,0.0,0.0,179,0.0
10-227-01367,BIHAR,Lakhisarai,Surajgarha,0,0,,204,10,1367,,140312.1609931406,462726462.37366486,0.0006081456614685059,8.048986695906695e-05,340,0.027366554766082764
10-227-01368,BIHAR,Lakhisarai,Lakhisarai,0,0,,204,10,1368,,117670.76745524361,181316338.94823277,0.0007494954842758179,7.570591963488357e-05,133,0.010068887311439515
10-227-01369,BIHAR,Lakhisarai,Chanan*,0,0,,204,10,1369,,86014.87070350182,177670731.10250506,0.0006081456614685059,0.000494118349943161,128,0.06324714879272461
10-228-01375,BIHAR,Sheikhpura,Ghat Kusumbha,0,0,,219,10,1375,,80592.24583619394,99088070.68237934,0.0,0.0,70,0.0
10-227-01370,BIHAR,Lakhisarai,Ramgarh Chowk,0,0,,204,10,1370,,98990.57354622113,128567389.13844268,0.0007494954842758179,0.0006771410540544226,94,0.06365125908111573
10-227-01371,BIHAR,Lakhisarai,Halsi,0,0,,204,10,1371,,82594.8188222393,191441208.6304817,0.0007494954842758179,0.0007433940530755022,139,0.1033317733774948
10-228-01372,BIHAR,Sheikhpura,Barbigha,0,0,,219,10,1372,,83879.7675047183,115941853.486741,0.0,0.0,81,0.0
10-228-01373,BIHAR,Sheikhpura,Shekhopur Sarai,0,0,,219,10,1373,,59774.96229914819,65955650.61796794,0.0008507745277023316,0.0003303874606713189,45,0.01486743573020935
10-228-01374,BIHAR,Sheikhpura,Sheikhpura,0,0,,219,10,1374,,119718.3677454689,225551054.81458032,0.0008507745277023316,0.0001944631344359903,170,0.03305873285411835
10-228-01377,BIHAR,Sheikhpura,Ariari,0,0,,219,10,1377,,87552.5859976097,183445963.63454768,0.0008507745277023316,0.0008492960015209226,137,0.1163535522083664
10-229-01378,BIHAR,Nalanda,Karai Parsurai,0,0,,209,10,1378,,58523.47447411047,82148146.79064696,0.00032221954711914063,0.0001449987962036133,60,0.008699927772216797
10-229-01379,BIHAR,Nalanda,Nagar Nausa,0,0,,209,10,1379,,82570.35159490984,108015836.82811198,0.0003492048402023316,0.00015440354953575133,80,0.012352283962860106
10-229-01380,BIHAR,Nalanda,Harnaut,0,0,,209,10,1380,,124869.90123154312,224385440.0517296,0.0003492048402023316,0.00012146255311385447,161,0.01955547105133057
10-229-01381,BIHAR,Nalanda,Chandi,0,0,,209,10,1381,,70527.81459673235,147156102.481168,0.0003492048402023316,0.0003203714130296619,109,0.03492048402023315
10-229-01382,BIHAR,Nalanda,Rahui,0,0,,209,10,1382,,77076.6108369453,152249665.90613127,0.0003492048402023316,0.0003362713276022452,108,0.036317303381042484
10-229-01383,BIHAR,Nalanda,Bind,0,0,,209,10,1383,,70364.80140905235,88091657.81671415,0.0,0.0,66,0.0
10-229-01384,BIHAR,Nalanda,Sarmera,0,0,,209,10,1384,,91044.34634338948,167201876.42476654,0.0,0.0,123,0.0
10-229-01385,BIHAR,Nalanda,Asthawan,0,0,,209,10,1385,,92263.18064708126,171325630.7179731,0.0008507745277023316,7.6291363097229e-05,125,0.009536420387153625
10-229-01387,BIHAR,Nalanda,Noorsarai,0,0,,209,10,1387,,78528.62700534344,151514769.88009417,0.0003492048402023316,0.0003492048402023315,114,0.03980935178306579
10-229-01386,BIHAR,Nalanda,Bihar,0,0,,209,10,1386,,98561.8371020671,215840179.0991975,0.000627521643486023,0.00035872289896154405,160,0.057395663833847047
10-229-01390,BIHAR,Nalanda,Hilsa,0,0,,209,10,1390,,93433.88804652911,175765721.10991755,0.00032221954711914063,0.00032221954711914063,131,0.04221076067260742
10-229-01391,BIHAR,Nalanda,Ekangarsarai,0,0,,209,10,1391,,87121.32234693572,166605847.460251,0.00032221954711914063,0.00032221954711914063,122,0.03931078474853516
10-229-01392,BIHAR,Nalanda,Islampur,0,0,,209,10,1392,,109868.69145522316,273834151.4326934,0.0003339412786102295,0.00032916799619890977,194,0.0638585912625885
10-229-01393,BIHAR,Nalanda,Ben,0,0,,209,10,1393,,66947.54721379357,127526149.56798536,0.000627521643486023,0.0003667037183461291,94,0.034470149524536135
10-230-01398,BIHAR,Patna,Maner,0,0,,212,10,1398,,96133.56350709034,213315300.3597084,0.0003081280590820313,9.161024549855814e-05,154,0.014107977806777954
10-229-01394,BIHAR,Nalanda,Rajgir,0,0,,209,10,1394,,88740.45664753366,198129288.77271983,0.000627521643486023,0.000503698632449974,147,0.07404369897014618
10-229-01395,BIHAR,Nalanda,Silao,0,0,,209,10,1395,,79220.42929786978,154752836.13944647,0.000627521643486023,0.000578694134138007,114,0.06597113129173279
10-229-01396,BIHAR,Nalanda,Giriak,0,0,,209,10,1396,,88347.46773236175,99576022.5731765,0.000627521643486023,0.0006275216434860231,73,0.04580907997447968
10-229-01397,BIHAR,Nalanda,Katrisarai,0,0,,209,10,1397,,38918.76300208476,48673462.28309288,0.0008507745277023316,0.0006833348645401002,36,0.024600055123443605
10-230-01399,BIHAR,Patna,Dinapur-Cum-Khagaul,0,0,,212,10,1399,,78598.21354533077,184765788.04152673,0.0003081280590820313,9.129720269097222e-05,135,0.01232512236328125
10-234-01474,BIHAR,Rohtas,Tilouthu,0,0,,215,10,1474,,73885.57639601533,193504401.97342023,0.0004561594571685792,0.00030665650868388585,140,0.042931911215744016
10-230-01400,BIHAR,Patna,Patna Rural,0,0,,212,10,1400,,87518.10425735511,179850223.48881748,0.0003081280590820313,5.4098819533486405e-05,131,0.007086945358886719
10-230-01401,BIHAR,Patna,Sampatchak,0,0,,212,10,1401,,53219.7118618291,78902366.60372826,0.0003081280590820313,1.0811510844983553e-05,57,0.0006162561181640625
10-230-01406,BIHAR,Patna,Dulhin Bazar,0,0,,212,10,1406,,77792.54009458271,136539622.4680228,0.000324339428691864,0.0003069447956345298,99,0.030387534767818452
10-230-01402,BIHAR,Patna,Phulwari,0,0,,212,10,1402,,70659.26045014715,135940825.49713776,0.0003081280590820313,0.0002952893899536133,96,0.02834778143554688
10-230-01413,BIHAR,Patna,Khusrupur,0,0,,212,10,1413,,46143.60198551767,78201544.387751,0.0,0.0,58,0.0
10-230-01403,BIHAR,Patna,Bihta,0,0,,212,10,1403,,116564.9809665079,244879174.98088208,0.0003081280590820313,0.0002917360521607871,182,0.05309596149326325
10-230-01415,BIHAR,Patna,Athmalgola,0,0,,212,10,1415,,47997.69261940102,62827293.65665197,0.0,0.0,47,0.0
10-230-01404,BIHAR,Patna,Naubatpur,0,0,,212,10,1404,,105087.74367689912,205320191.59612688,0.0003081280590820313,0.00030812805908203133,153,0.04714359303955079
10-230-01405,BIHAR,Patna,Bikram,0,0,,212,10,1405,,86626.03512108007,186422313.04867813,0.0003081280590820313,0.0002897554433647211,137,0.03969649574096679
10-234-01475,BIHAR,Rohtas,Rohtas,0,0,,215,10,1475,,88257.59288547112,389741138.17794544,0.0003674751522827149,0.00030953678737812566,288,0.0891465947649002
10-230-01407,BIHAR,Patna,Paliganj,0,0,,212,10,1407,,129476.3041410336,293354152.7667747,0.000324339428691864,0.00032399754726712953,214,0.06933547511516572
10-230-01408,BIHAR,Patna,Masaurhi,0,0,,212,10,1408,,108866.13277400887,248716954.87290823,0.0003230887451553345,0.00031804581726545706,178,0.05661215547325135
10-230-01409,BIHAR,Patna,Dhanarua,0,0,,212,10,1409,,95102.40821522896,225577653.19725513,0.0003230887451553345,0.00025444665462821543,163,0.04147480470439911
10-230-01410,BIHAR,Patna,Punpun,0,0,,212,10,1410,,82554.93388622913,161116560.78819045,0.0003081280590820313,0.0002089003790386653,118,0.024650244726562503
10-230-01411,BIHAR,Patna,Fatwah,0,0,,212,10,1411,,97950.27190535897,155697451.47083917,0.0,0.0,115,0.0
10-230-01412,BIHAR,Patna,Daniawan,0,0,,212,10,1412,,69689.77872311571,79566220.36857046,0.0,0.0,56,0.0
10-230-01414,BIHAR,Patna,Bakhtiarpur,0,0,,212,10,1414,,120205.01587822943,168153072.20481881,0.0,0.0,120,0.0
10-230-01416,BIHAR,Patna,Belchhi,0,0,,212,10,1416,,88573.78025963024,87443681.0926542,0.0,0.0,70,0.0
10-230-01417,BIHAR,Patna,Barh,0,0,,212,10,1417,,95365.9771693495,147280816.515725,0.0,0.0,104,0.0
10-230-01419,BIHAR,Patna,Ghoswari,0,0,,212,10,1419,,66454.95033385535,164897376.1169027,0.0,0.0,126,0.0
10-230-01418,BIHAR,Patna,Pandarak,0,0,,212,10,1418,,106894.44852036482,252509471.6555304,0.0,0.0,180,0.0
10-232-01438,BIHAR,Buxar,Chaugain,0,0,,194,10,1438,,52625.33924401454,66025696.44875917,0.0002631040287017822,0.0002631040287017822,49,0.012892097406387328
10-232-01439,BIHAR,Buxar,Kesath,0,0,,194,10,1439,,34661.84662025829,38236018.49691825,0.0002631040287017822,0.0002631040287017822,29,0.007630016832351684
10-230-01420,BIHAR,Patna,Mokameh,0,0,,212,10,1420,,127700.39840194934,244519830.48183808,0.0,0.0,181,0.0
10-231-01421,BIHAR,Bhojpur,Shahpur,0,0,,193,10,1421,,110658.91431619873,211766871.4500774,0.0002730571784210205,0.00025371630805211194,156,0.03957974405612946
10-234-01460,BIHAR,Rohtas,Suryapura,0,0,,215,10,1460,,56159.7630280001,69765063.31452103,0.00020919092895507814,0.0002091909289550781,47,0.009831973660888671
10-231-01422,BIHAR,Bhojpur,Arrah,0,0,,193,10,1422,,120924.06747051864,221925641.7145924,0.00028244389221191406,0.00027399334425656297,159,0.04356494173679351
10-231-01423,BIHAR,Bhojpur,Barhara,0,0,,193,10,1423,,128817.96875565937,258494738.36324885,0.0002554324244308472,0.0002549180934520542,191,0.04868935584934235
10-231-01424,BIHAR,Bhojpur,Koilwar,0,0,,193,10,1424,,94779.33453556667,208456312.66749656,0.00028244389221191406,0.0002766427716146379,149,0.04121977297058105
10-231-01425,BIHAR,Bhojpur,Sandesh,0,0,,193,10,1425,,60697.76797134289,164599530.19806212,0.000324339428691864,0.00028883473675970296,118,0.03408249893764495
10-231-01426,BIHAR,Bhojpur,Udwant Nagar,0,0,,193,10,1426,,92445.60417460876,217797556.82002312,0.00028244389221191406,0.00027678854290932604,161,0.04456295540840149
10-234-01461,BIHAR,Rohtas,Bikramganj,0,0,,215,10,1461,,88556.32896667719,168723569.68103397,0.00020919092895507814,0.00020919092895507817,129,0.026985629835205083
10-231-01427,BIHAR,Bhojpur,Behea,0,0,,193,10,1427,,114516.77527652554,206091349.70539597,0.0002730571784210205,0.0002689531749876658,150,0.04034297624814987
10-231-01428,BIHAR,Bhojpur,Jagdishpur,0,0,,193,10,1428,,109726.00219208181,318463526.4488765,0.0002730571784210205,0.0002720531326160096,228,0.06202811423645019
10-231-01429,BIHAR,Bhojpur,Piro,0,0,,193,10,1429,,100703.96274410955,268205354.86689487,0.0002730571784210205,0.00022893486050720217,200,0.045786972101440435
10-234-01462,BIHAR,Rohtas,Karakat,0,0,,215,10,1462,,102232.22868007293,251121712.10833624,0.00021709306838989256,0.00020504084916548297,176,0.036087189453125
10-231-01430,BIHAR,Bhojpur,Charpokhari,0,0,,193,10,1430,,88834.1327790213,135855258.49695313,0.0002730571784210205,0.0002335877534516987,95,0.022190836577911377
10-231-01431,BIHAR,Bhojpur,Garhani,0,0,,193,10,1431,,93054.52180151101,137128723.85739592,0.0002730571784210205,0.0002665370879319571,103,0.02745332005699158
10-231-01432,BIHAR,Bhojpur,Agiaon,0,0,,193,10,1432,,87534.07309197474,191419206.17039648,0.000324339428691864,0.0002732254286475147,139,0.037978334582004544
10-231-01433,BIHAR,Bhojpur,Tarari,0,0,,193,10,1433,,95157.98131215997,247108515.4982669,0.00021709306838989256,0.000216244816134178,177,0.0382753324557495
10-231-01434,BIHAR,Bhojpur,Sahar,0,0,,193,10,1434,,61748.81499939302,157154129.14318892,0.000324339428691864,0.0002345091439944862,117,0.027437569847354883
10-232-01435,BIHAR,Buxar,Simri,0,0,,194,10,1435,,87047.69219699135,222195796.247413,0.0004917948741149903,0.0002754180665818656,164,0.04516856291942596
10-232-01436,BIHAR,Buxar,Chakki,0,0,,194,10,1436,,73799.54032015939,80420668.23199363,0.0002631040287017822,0.00023778692875087263,64,0.015218363440055848
10-232-01437,BIHAR,Buxar,Barhampur,0,0,,194,10,1437,,133928.15369382405,240152233.65370417,0.0002631040287017822,0.0002576735206276557,173,0.04457751906858444
10-232-01440,BIHAR,Buxar,Dumraon,0,0,,194,10,1440,,115797.88145848007,238641355.07175583,0.0004917948741149903,0.0003321172424063598,169,0.05612781396667481
10-232-01441,BIHAR,Buxar,Buxar,0,0,,194,10,1441,,90996.21871903203,211591033.38394436,0.0004917948741149903,0.0004882006395864791,157,0.07664750041507722
10-232-01442,BIHAR,Buxar,Chausa,0,0,,194,10,1442,,99103.08457070828,138502720.57991108,0.0004917948741149903,0.0003693423308420627,107,0.03951962940010071
10-232-01443,BIHAR,Buxar,Rajpur,0,0,,194,10,1443,,121142.9666413415,336933113.12217736,0.0004917948741149903,0.0003194519178016818,245,0.07826571986141205
10-232-01444,BIHAR,Buxar,Itarhi,0,0,,194,10,1444,,109439.3274763228,293713382.2816445,0.0004917948741149903,0.0004896450831662412,209,0.1023358223817444
10-232-01445,BIHAR,Buxar,Nawanagar,0,0,,194,10,1445,,126567.10382889764,229774401.79100823,0.0004917948741149903,0.0002710904166394296,169,0.0458142804120636
10-233-01446,BIHAR,Kaimur (Bhabua),Ramgarh,0,0,,200,10,1446,,124781.0721120257,206666195.02442607,0.0004036012099456787,0.00033668288411980437,151,0.050839115502090464
10-233-01447,BIHAR,Kaimur (Bhabua),Nuaon,0,0,,200,10,1447,,121732.74643995032,235834986.4758632,0.0003064409484100342,0.00030007030334204966,171,0.05131202187149049
10-233-01448,BIHAR,Kaimur (Bhabua),Kudra,0,0,,200,10,1448,,132624.50147962422,255577893.54332253,0.00037535807659149173,0.00034691608718327114,189,0.06556714047763824
10-233-01449,BIHAR,Kaimur (Bhabua),Mohania,0,0,,200,10,1449,,142323.6809133636,349176573.6513165,0.0004036012099456787,0.0003324565837253631,256,0.08510888543369295
10-233-01450,BIHAR,Kaimur (Bhabua),Durgawati,0,0,,200,10,1450,,108544.41183902678,212580801.4059764,0.0004036012099456787,0.00040360120994567875,154,0.06215458633163452
10-233-01451,BIHAR,Kaimur (Bhabua),Chand,0,0,,200,10,1451,,97099.60209928264,257974481.1925409,0.0004036012099456787,0.0003692093187291571,188,0.06941135192108154
10-233-01452,BIHAR,Kaimur (Bhabua),Chainpur,0,0,,200,10,1452,,170712.34536647963,555311526.8488017,0.0004036012099456787,0.00037940699137413534,407,0.1544186454892731
10-233-01453,BIHAR,Kaimur (Bhabua),Bhabua,0,0,,200,10,1453,,143727.89821118704,407618990.38615096,0.0004036012099456787,0.0003828037879654894,301,0.11522394017761231
10-233-01454,BIHAR,Kaimur (Bhabua),Rampur,0,0,,200,10,1454,,126612.15498309073,210660395.23746365,0.00037535807659149173,0.00037281861104235557,149,0.05554997304531098
10-233-01455,BIHAR,Kaimur (Bhabua),Bhagwanpur,0,0,,200,10,1455,,134815.05705103654,292151198.96788174,0.0003904564583587647,0.00038482733543323687,211,0.08119856777641297
10-233-01456,BIHAR,Kaimur (Bhabua),Adhaura,0,0,,200,10,1456,,271357.2345421078,1135984955.9859164,0.0003958343762969971,0.0003617183819887361,833,0.30131141219661717
10-234-01457,BIHAR,Rohtas,Kochas,0,0,,215,10,1457,,90248.48407846906,187033418.62218276,0.0003064409484100342,0.00027934829850110145,132,0.03687397540214539
10-234-01458,BIHAR,Rohtas,Dinara,0,0,,215,10,1458,,157118.7651045217,464648316.8452498,0.00026714171997070316,0.0002535462264773013,341,0.08645926322875976
10-234-01459,BIHAR,Rohtas,Dawath,0,0,,215,10,1459,,78120.6651060775,129910427.66035384,0.00020919092895507814,0.0002091909289550781,94,0.019663947321777342
10-234-01466,BIHAR,Rohtas,Nokha,0,0,,215,10,1466,,82152.91978314315,208772248.59610957,0.0004561594571685792,0.00037443556069966915,148,0.05541646298355103
10-235-01476,BIHAR,Aurangabad,Daudnagar,0,0,,189,10,1476,,91010.07504965532,238139281.75712803,0.00019230947631835937,0.00019163979901193204,174,0.033345325028076175
10-234-01467,BIHAR,Rohtas,Kargahar,0,0,,215,10,1467,,128509.87472624176,406135690.59563094,0.0004561594571685792,0.00037895247324015653,296,0.11216993207908633
10-234-01468,BIHAR,Rohtas,Chenari,0,0,,215,10,1468,,121720.69626398994,292642418.8385522,0.0004561594571685792,0.00037184743195822084,215,0.07994719787101748
10-234-01469,BIHAR,Rohtas,Nauhatta,0,0,,215,10,1469,,175494.75594492842,478591449.404211,0.0003958343762969971,0.0003348421387471991,354,0.11853411711650848
10-234-01470,BIHAR,Rohtas,Sheosagar,0,0,,215,10,1470,,135463.8765525897,406503956.12222886,0.0004561594571685792,0.00040051984873147746,295,0.11815335537578585
10-234-01471,BIHAR,Rohtas,Sasaram,0,0,,215,10,1471,,135810.11950728856,394273130.8742507,0.0004561594571685792,0.0004050057446665271,290,0.11745166595329287
10-234-01473,BIHAR,Rohtas,Dehri,0,0,,215,10,1473,,97323.52013589225,199371136.99043605,0.0004561594571685792,0.00024773967709034887,145,0.035922253178100584
10-235-01477,BIHAR,Aurangabad,Haspura,0,0,,189,10,1477,,88845.10694940752,164519986.5205008,0.00031911325271606443,0.00019440540650675117,121,0.023523054187316893
10-235-01478,BIHAR,Aurangabad,Goh,0,0,,189,10,1478,,122286.20877621078,374665187.3660463,0.00031911325271606443,0.0002836827857814115,272,0.07716171773254393
10-236-01491,BIHAR,Gaya,Neem Chak Bathani,0,0,,196,10,1491,,79540.44278654993,146770773.7769567,0.0003339412786102295,0.0003339412786102295,103,0.03439595169685364
10-235-01479,BIHAR,Aurangabad,Rafiganj,0,0,,189,10,1479,,167069.30684925965,465687847.79432577,0.0004753983683204651,0.0003585791771434549,341,0.12227549940591811
10-235-01480,BIHAR,Aurangabad,Obra,0,0,,189,10,1480,,130720.05569071589,327203821.09876627,0.0003356612271118164,0.00020613135415121472,237,0.04885313093383789
10-236-01494,BIHAR,Gaya,Manpur,0,0,,196,10,1494,,77081.78707553667,161226183.41058797,0.0003975130549621582,0.0003931473070957349,115,0.045211940316009516
10-235-01481,BIHAR,Aurangabad,Aurangabad,0,0,,189,10,1481,,125502.68609205673,344679798.38062614,0.0003356612271118164,0.00033431506952524186,256,0.08558465779846192
10-237-01511,BIHAR,Nawada,Nardiganj,0,0,,210,10,1511,,60262.24041371029,129808165.4472442,0.000627521643486023,0.000627521643486023,95,0.05961455613117218
10-235-01482,BIHAR,Aurangabad,Barun,0,0,,189,10,1482,,117269.30390529483,381782699.30215496,0.0003297195660400391,0.0002838495783342634,280,0.07947788193359376
10-235-01483,BIHAR,Aurangabad,Nabinagar,0,0,,189,10,1483,,173491.30877801325,657546828.2218357,0.0003297195660400391,0.00030814345112747287,483,0.1488332868945694
10-235-01484,BIHAR,Aurangabad,Kutumba,0,0,,189,10,1484,,110495.73757590447,319048251.76106954,0.0003297195660400391,0.0003236457463815015,229,0.07411487592136384
10-235-01485,BIHAR,Aurangabad,Deo,0,0,,189,10,1485,,158578.88849021672,336990745.1586724,0.0003356612271118164,0.0003205001073998379,251,0.08044552695735932
10-235-01486,BIHAR,Aurangabad,Madanpur,0,0,,189,10,1486,,153529.37367368402,418713952.50229967,0.0004753983683204651,0.00034101783909621747,309,0.1053745122807312
10-236-01487,BIHAR,Gaya,Konch,0,0,,196,10,1487,,154041.56172387034,319288521.7326548,0.0004753983683204651,0.000364920959013906,232,0.0846616624912262
10-236-01488,BIHAR,Gaya,Tikari,0,0,,196,10,1488,,122221.36853604284,290576655.12704176,0.0004753983683204651,0.00032049965835921266,218,0.06986892552230836
10-236-01489,BIHAR,Gaya,Belaganj,0,0,,196,10,1489,,113473.13279109563,240372540.95814112,0.00029710085403442387,0.00029710085403442387,180,0.0534781537261963
10-236-01490,BIHAR,Gaya,Khizirsarai,0,0,,196,10,1490,,103698.13096672995,223124430.97950032,0.0003975130549621582,0.00031640327095864033,165,0.05220653970817565
10-236-01492,BIHAR,Gaya,Muhra,0,0,,196,10,1492,,93681.45756176667,181269438.2139707,0.000627521643486023,0.000382020258584663,134,0.051190714650344846
10-236-01493,BIHAR,Gaya,Atri,0,0,,196,10,1493,,103075.15367958385,161340647.62451813,0.000627521643486023,0.0003848245051391986,119,0.045794116111564635
10-236-01495,BIHAR,Gaya,Gaya Town C.D.Block,0,0,,196,10,1495,,91678.58033080616,224144813.6021213,0.0003975130549621582,0.0003831684548296247,161,0.061690121227569575
10-236-01496,BIHAR,Gaya,Paraiya,0,0,,196,10,1496,,75593.31264449215,167300846.5298876,0.0004753983683204651,0.00044164806586519876,120,0.05299776790382385
10-236-01497,BIHAR,Gaya,Guraru,0,0,,196,10,1497,,81292.54933661391,199646285.7542363,0.0004753983683204651,0.0004753983683204651,147,0.06988356014310837
10-237-01512,BIHAR,Nawada,Nawada,0,0,,210,10,1512,,86822.75137888109,219317998.1072041,0.000736561642150879,0.0006337723440464287,157,0.09950225801528931
10-236-01498,BIHAR,Gaya,Gurua,0,0,,196,10,1498,,117859.62964526065,238015237.1519128,0.0004753983683204651,0.00047361941376393923,173,0.08193615858116149
10-236-01499,BIHAR,Gaya,Amas,0,0,,196,10,1499,,100546.69423332924,128484051.44985774,0.0004753983683204651,0.00044194235729378155,95,0.041984523942909246
10-237-01517,BIHAR,Nawada,Roh,0,0,,210,10,1517,,77804.52626079548,192537548.9783989,0.0009654302480316163,0.0009114534670527775,144,0.13124929925559997
10-236-01500,BIHAR,Gaya,Banke Bazar,0,0,,196,10,1500,,85166.97220092022,256240042.68049288,0.00046582029228210453,0.00042155110020791335,186,0.07840850463867188
10-236-01501,BIHAR,Gaya,Imamganj,0,0,,196,10,1501,,136271.57775821586,316917295.57645696,0.00046582029228210453,0.00034388941437310256,239,0.08218957003517151
10-236-01502,BIHAR,Gaya,Dumaria,0,0,,196,10,1502,,119690.94596035974,390676703.928496,0.00038349297332763673,0.0003110922081142225,285,0.08866127931255341
10-236-01503,BIHAR,Gaya,Sherghati,0,0,,196,10,1503,,100322.2973073121,167902109.12194017,0.0006603523337554932,0.0004809821922111512,123,0.059160809641971596
10-238-01531,BIHAR,Jamui,Gidhaur,0,0,,198,10,1531,,55211.5633940527,100392309.18230554,0.0006816972035217285,0.0006414890271993001,75,0.04811167703994751
10-236-01504,BIHAR,Gaya,Dobhi,0,0,,196,10,1504,,103572.88994215836,218837778.49499393,0.0006603523337554932,0.0006253124008192928,161,0.10067529653190614
10-236-01505,BIHAR,Gaya,Bodh Gaya,0,0,,196,10,1505,,120948.91182130505,306843965.9119923,0.0006603523337554932,0.0004199031285438538,230,0.09657771956508637
10-236-01506,BIHAR,Gaya,Tan Kuppa,0,0,,196,10,1506,,108147.94853451202,190099968.23000297,0.0006603523337554932,0.000524728125374068,134,0.07031356880012511
10-240-01542,BIHAR,Arwal,Arwal,0,0,,611,10,1542,,73924.8054791393,147787869.27798152,0.000324339428691864,0.0002964966236134676,104,0.03083564885580063
10-236-01507,BIHAR,Gaya,Wazirganj,0,0,,196,10,1507,,105472.06999302967,323030583.61833626,0.0006000968507385254,0.0005820703265380858,236,0.13736859706298826
10-236-01508,BIHAR,Gaya,Fatehpur,0,0,,196,10,1508,,155359.44599717355,408449805.62920874,0.0006937822618103028,0.0005437467742438066,304,0.1652990193701172
10-240-01543,BIHAR,Arwal,Kaler,0,0,,611,10,1543,,67777.19153730445,176075758.749563,0.00021709306838989256,0.00021293093842368084,131,0.027893952933502192
10-236-01509,BIHAR,Gaya,Mohanpur,0,0,,196,10,1509,,119906.24818546322,418796109.2883684,0.0006603523337554932,0.0005766132351815504,303,0.17471381026000976
10-240-01544,BIHAR,Arwal,Karpi,0,0,,611,10,1544,,158139.92638461498,234985661.7206014,0.000324339428691864,0.00031124390577360635,172,0.053533951793060294
10-236-01510,BIHAR,Gaya,Barachatti,0,0,,196,10,1510,,138753.78132836288,366328956.31361085,0.0006603523337554932,0.0006465608975117077,275,0.1778042468157196
10-237-01513,BIHAR,Nawada,Warisaliganj,0,0,,210,10,1513,,109792.76918459819,202861050.3008767,0.0008507745277023316,0.0007672445370091549,147,0.11278494694034577
10-237-01514,BIHAR,Nawada,Kashi Chak,0,0,,210,10,1514,,73948.94452619922,98983451.20841853,0.0008507745277023316,0.0008507745277023316,72,0.061255765994567876
10-237-01515,BIHAR,Nawada,Pakribarawan,0,0,,210,10,1515,,104545.76938151139,251834567.85717744,0.0008507745277023316,0.0008507745277023317,184,0.15654251309722902
10-237-01516,BIHAR,Nawada,Kawakol,0,0,,210,10,1516,,121170.20018263235,362955647.76482904,0.0009654302480316163,0.0006582302548384128,266,0.17508924778701782
10-237-01518,BIHAR,Nawada,Gobindpur,0,0,,210,10,1518,,73133.35659787485,188189390.13263756,0.0009654302480316163,0.0009033087692925589,140,0.12646322770095825
10-237-01519,BIHAR,Nawada,Akbarpur,0,0,,210,10,1519,,91268.2921062847,249541236.96202633,0.000736561642150879,0.000736561642150879,184,0.13552734215576173
10-237-01520,BIHAR,Nawada,Hisua,0,0,,210,10,1520,,85113.4923130193,144090762.99664384,0.000736561642150879,0.0006534553970120502,104,0.06795936128925323
10-237-01521,BIHAR,Nawada,Narhat,0,0,,210,10,1521,,62856.50481924386,99624005.77002536,0.000736561642150879,0.000736561642150879,69,0.05082275330841065
10-237-01522,BIHAR,Nawada,Meskaur,0,0,,210,10,1522,,75185.00287586387,145604023.18435815,0.000736561642150879,0.0006390867911420549,112,0.07157772060791015
10-237-01523,BIHAR,Nawada,Sirdala,0,0,,210,10,1523,,111278.51695598938,301894539.186342,0.000736561642150879,0.0006563119981958233,218,0.14307601560668948
10-237-01524,BIHAR,Nawada,Rajauli,0,0,,210,10,1524,,132370.86211000624,450216393.36794454,0.0009654302480316163,0.0007111325795051644,333,0.23680714897521976
10-238-01525,BIHAR,Jamui,Islamnagar Aliganj,0,0,,198,10,1525,,96153.77396855215,213408239.47295904,0.0008507745277023316,0.0007546009511580834,156,0.11771774838066101
10-238-01526,BIHAR,Jamui,Sikandra,0,0,,198,10,1526,,86788.2538333537,223096734.30010977,0.0007494954842758179,0.0007349529454916496,162,0.11906237716964722
10-238-01527,BIHAR,Jamui,Jamui,0,0,,198,10,1527,,90084.78430112793,212157753.6648698,0.0007494954842758179,0.0006099695301498906,155,0.09454527717323304
10-238-01528,BIHAR,Jamui,Barhat,0,0,,198,10,1528,,114104.37581341481,270298087.1382075,0.0006081456614685059,0.0005062735455879947,197,0.09973588848083496
10-238-01529,BIHAR,Jamui,Lakshmipur,0,0,,198,10,1529,,112147.89260238525,307635253.00857943,0.0006081456614685059,0.00016217217639160158,225,0.03648873968811035
10-238-01530,BIHAR,Jamui,Jhajha,0,0,,198,10,1530,,147664.43327942316,507112726.974952,0.0007283344052124023,0.0006776445972310659,370,0.2507285009754944
10-238-01532,BIHAR,Jamui,Khaira,0,0,,198,10,1532,,142747.05687020053,513762691.7981683,0.0007494954842758179,0.0006025935893909241,377,0.2271777832003784
10-238-01533,BIHAR,Jamui,Sono,0,0,,198,10,1533,,117724.39892386932,474283005.7300444,0.0007283344052124023,0.0006882387906522122,349,0.24019533793762207
10-238-01534,BIHAR,Jamui,Chakai,0,0,,198,10,1534,,243956.2217086091,956725034.6798706,0.0007283344052124023,0.0006867496808569772,700,0.48072477659988405
10-239-01535,BIHAR,Jehanabad,Ratni Faridpur,0,0,,199,10,1535,,82762.53932271499,155018952.20303965,0.000324339428691864,0.00031990664228656834,114,0.03646935722066879
10-239-01536,BIHAR,Jehanabad,Jehanabad,0,0,,199,10,1536,,97254.09844747804,201426556.69272655,0.0003230887451553345,0.00032308874515533454,148,0.04781713428298951
10-239-01537,BIHAR,Jehanabad,Kako,0,0,,199,10,1537,,83599.3529020472,162373941.78194478,0.0003230887451553345,0.00032308874515533454,118,0.038124471928329476
10-239-01538,BIHAR,Jehanabad,Modanganj,0,0,,199,10,1538,,66522.90037500951,97205276.85869928,0.0003230887451553345,0.0003224588915059186,69,0.022249663513908384
10-239-01539,BIHAR,Jehanabad,Ghoshi,0,0,,199,10,1539,,82931.95174196921,112225161.55433495,0.0003230887451553345,0.00031263054294540234,83,0.025948335064468392
10-239-01540,BIHAR,Jehanabad,Makhdumpur,0,0,,199,10,1540,,128831.72570768485,301471679.33572614,0.0003230887451553345,0.0002999750908404232,217,0.06509459471237183
10-239-01541,BIHAR,Jehanabad,Hulasganj,0,0,,199,10,1541,,87179.53907708311,119677697.18988888,0.0003339412786102295,0.0003219975325800578,90,0.0289797779322052
10-240-01545,BIHAR,Arwal,Sonbhadra Banshi Suryapur,0,0,,611,10,1545,,62692.97791397586,116643000.97724338,0.000324339428691864,0.0003203725722283053,83,0.02659092349494934
10-240-01546,BIHAR,Arwal,Kurtha,0,0,,611,10,1546,,71585.17106640573,106433073.5354984,0.000324339428691864,0.0003216593384478642,78,0.025089428398933408
10-224-01334,BIHAR,Bhagalpur,Gopalpur,0,0,,192,10,1334,,95407.9186210158,208941966.91883087,0.0,0.0,153,0.0
10-210-01127,BIHAR,Kishanganj,Kishanganj,0,0,,203,10,1127,,125268.33771117091,207105687.55921903,0.0,0.0,152,0.0
10-206-01064,BIHAR,Sitamarhi,Suppi,0,0,,221,10,1064,,71084.15120823232,92250451.53846286,0.0,0.0,66,0.0
10-234-01463,BIHAR,Rohtas,Nasriganj,0,0,,215,10,1463,,90034.07903274363,167356919.18355417,0.0006454293022155762,0.0006023776978871179,126,0.07589958993377685
10-234-01464,BIHAR,Rohtas,Rajpur,0,0,,215,10,1464,,68660.48684625747,85633596.4997788,0.0005966286117935181,0.0005966286117935181,63,0.037587602542991636
10-234-01465,BIHAR,Rohtas,Sanjhauli,0,0,,215,10,1465,,56591.722358052,83833486.39015438,0.0006307894451141359,0.0006242826197197323,63,0.03932980504234314
10-203-01023,BIHAR,Pashchim Champaran,Thakrahan,0,0,,211,10,1023,,79847.09402015881,199004696.79409248,0.0,0.0,145,0.0
10-204-01054,BIHAR,Purbi Champaran,Phenhara,0,0,,213,10,1054,,44565.43736457999,67645025.94776015,0.0,0.0,51,0.0
10-219-01262,BIHAR,Saran,Maker,0,0,,218,10,1262,,62357.8736467211,96585777.9808088,0.0,0.0,71,0.0
10-220-01282,BIHAR,Vaishali,Sahdai Buzurg,0,0,,224,10,1282,,74546.65030748869,114161677.3631406,0.0,0.0,84,0.0
10-229-01388,BIHAR,Nalanda,Tharthari,0,0,,209,10,1388,,71853.42144919158,77411758.12428828,0.0007557302935791016,0.0007304898330575448,54,0.03944645098510742
10-229-01389,BIHAR,Nalanda,Parbalpur,0,0,,209,10,1389,,54466.2339431045,76043839.88376136,0.0007557302935791016,0.0007122677658952986,56,0.03988699489013672
10-203-01022,BIHAR,Pashchim Champaran,Bhitaha,0,0,,211,10,1022,,72626.86760213553,166969906.7472905,0.0,0.0,117,0.0
10-203-01013,BIHAR,Pashchim Champaran,Sidhaw,0,0,,211,10,1013,,195582.3602130639,1085337194.6715722,0.0,0.0,781,0.0
10-203-01014,BIHAR,Pashchim Champaran,Ramnagar,0,0,,211,10,1014,,230865.78384139363,866139404.2451236,0.0,0.0,621,0.0
10-203-01015,BIHAR,Pashchim Champaran,Gaunaha,0,0,,211,10,1015,,136504.94021895694,605322845.3823951,0.0,0.0,441,0.0
10-203-01016,BIHAR,Pashchim Champaran,Mainatanr,0,0,,211,10,1016,,115419.13930249632,312998546.4010918,0.0,0.0,221,0.0
10-203-01017,BIHAR,Pashchim Champaran,Narkatiaganj,0,0,,211,10,1017,,149144.20649331805,441857686.2127825,0.0,0.0,314,0.0
10-203-01018,BIHAR,Pashchim Champaran,Lauriya,0,0,,211,10,1018,,120853.32018665274,255440417.54612216,0.0,0.0,183,0.0
10-203-01019,BIHAR,Pashchim Champaran,Bagaha,0,0,,211,10,1019,,135587.24079810514,491292931.53180623,0.0,0.0,352,0.0
10-203-01021,BIHAR,Pashchim Champaran,Madhubani,0,0,,211,10,1021,,144670.82201821523,386116138.1353823,0.0,0.0,276,0.0
10-203-01024,BIHAR,Pashchim Champaran,Jogapatti,0,0,,211,10,1024,,88530.23644360513,258722436.3759333,0.0,0.0,186,0.0
10-203-01029,BIHAR,Pashchim Champaran,Bairia,0,0,,211,10,1029,,105039.82861382668,288505226.87341565,0.0,0.0,208,0.0
10-203-01025,BIHAR,Pashchim Champaran,Chanpatia,0,0,,211,10,1025,,113543.7602983494,310017349.34780717,0.0,0.0,226,0.0
10-206-01071,BIHAR,Sitamarhi,Parsauni,0,0,,221,10,1071,,63729.135625112256,74724139.64418457,0.0,0.0,55,0.0
10-203-01026,BIHAR,Pashchim Champaran,Sikta,0,0,,211,10,1026,,93443.22825707054,255004178.86147365,0.0,0.0,183,0.0
10-203-01027,BIHAR,Pashchim Champaran,Majhaulia,0,0,,211,10,1027,,123374.4030721297,371511179.15939575,0.0,0.0,265,0.0
10-203-01028,BIHAR,Pashchim Champaran,Bettiah,0,0,,211,10,1028,,53968.26030594324,83182055.35378212,0.0,0.0,59,0.0
10-203-01030,BIHAR,Pashchim Champaran,Nautan,0,0,,211,10,1030,,122656.63983711715,245738630.13883996,0.0,0.0,171,0.0
10-204-01031,BIHAR,Purbi Champaran,Raxaul,0,0,,213,10,1031,,98709.78801801558,166685360.13968688,0.0,0.0,124,0.0
10-206-01072,BIHAR,Sitamarhi,Belsand,0,0,,221,10,1072,,66235.5873217276,97354060.86547032,0.0,0.0,70,0.0
10-206-01073,BIHAR,Sitamarhi,Runisaidpur,0,0,,221,10,1073,,152472.54206325076,334873257.0825382,0.0,0.0,243,0.0
10-204-01032,BIHAR,Purbi Champaran,Adapur,0,0,,213,10,1032,,94532.37688292323,199608924.7111849,0.0,0.0,148,0.0
10-206-01074,BIHAR,Sitamarhi,Dumra,0,0,,221,10,1074,,111649.34177378344,241159212.36062923,0.0,0.0,178,0.0
10-204-01033,BIHAR,Purbi Champaran,Ramgarhwa,0,0,,213,10,1033,,90718.26831189607,213035907.5226096,0.0,0.0,154,0.0
10-204-01034,BIHAR,Purbi Champaran,Sugauli,0,0,,213,10,1034,,84892.41923436844,209336830.19001696,0.0,0.0,149,0.0
10-204-01038,BIHAR,Purbi Champaran,Ghorasahan,0,0,,213,10,1038,,75335.10865687576,144368243.47105,0.0,0.0,104,0.0
10-204-01035,BIHAR,Purbi Champaran,Banjaria,0,0,,213,10,1035,,102381.40449613356,176960195.87167916,0.0,0.0,124,0.0
10-204-01047,BIHAR,Purbi Champaran,Kesaria,0,0,,213,10,1047,,87546.8206889307,229535442.11688668,0.0,0.0,168,0.0
10-204-01036,BIHAR,Purbi Champaran,Narkatia,0,0,,213,10,1036,,105607.09704406632,168338010.30978012,0.0,0.0,120,0.0
10-204-01037,BIHAR,Purbi Champaran,Bankatwa,0,0,,213,10,1037,,99233.37216886049,115311013.90225838,0.0,0.0,82,0.0
10-204-01039,BIHAR,Purbi Champaran,Dhaka,0,0,,213,10,1039,,97673.73467814895,202386545.86227983,0.0,0.0,145,0.0
10-204-01048,BIHAR,Purbi Champaran,Kalyanpur,0,0,,213,10,1048,,109413.20044555076,313300912.50613195,0.0,0.0,230,0.0
10-204-01040,BIHAR,Purbi Champaran,Chiraia,0,0,,213,10,1040,,110764.71696779084,272984575.32652414,0.0,0.0,199,0.0
10-204-01041,BIHAR,Purbi Champaran,Motihari,0,0,,213,10,1041,,181544.26702654368,319814691.13850176,0.0,0.0,241,0.0
10-204-01049,BIHAR,Purbi Champaran,Kotwa,0,0,,213,10,1049,,78879.98205471091,178282937.71225017,0.0,0.0,126,0.0
10-204-01042,BIHAR,Purbi Champaran,Turkaulia,0,0,,213,10,1042,,99475.78497366334,174748315.94966665,0.0,0.0,130,0.0
10-204-01050,BIHAR,Purbi Champaran,Piprakothi,0,0,,213,10,1050,,58369.33889310607,62223774.49301849,0.0,0.0,45,0.0
10-204-01043,BIHAR,Purbi Champaran,Harsidhi,0,0,,213,10,1043,,133904.34238337883,240218359.62130272,0.0,0.0,173,0.0
10-204-01044,BIHAR,Purbi Champaran,Paharpur,0,0,,213,10,1044,,108730.62076802726,192061375.0173064,0.0,0.0,144,0.0
10-204-01045,BIHAR,Purbi Champaran,Areraj,0,0,,213,10,1045,,93331.67353690567,242725576.26244012,0.0,0.0,174,0.0
10-204-01046,BIHAR,Purbi Champaran,Sangrampur,0,0,,213,10,1046,,78133.67961210197,187659878.02718252,0.0,0.0,133,0.0
10-204-01051,BIHAR,Purbi Champaran,Chakia(Pipra),0,0,,213,10,1051,,129110.66914194856,212940547.80779588,0.0,0.0,145,0.0
10-204-01052,BIHAR,Purbi Champaran,Pakri Dayal,0,0,,213,10,1052,,90143.40730437863,148110040.62869397,0.0,0.0,106,0.0
10-204-01053,BIHAR,Purbi Champaran,Patahi,0,0,,213,10,1053,,85994.51677214028,144960443.14880535,0.0,0.0,100,0.0
10-204-01055,BIHAR,Purbi Champaran,Madhuban,0,0,,213,10,1055,,112681.00006095257,152424272.44650427,0.0,0.0,114,0.0
10-204-01056,BIHAR,Purbi Champaran,Tetaria,0,0,,213,10,1056,,82320.72754353678,104458405.63845472,0.0,0.0,74,0.0
10-205-01058,BIHAR,Sheohar,Purnahiya,0,0,,220,10,1058,,57294.126150412616,80859097.14068061,0.0,0.0,59,0.0
10-204-01057,BIHAR,Purbi Champaran,Mehsi,0,0,,213,10,1057,,125063.78039343117,149773808.08158112,0.0,0.0,108,0.0
10-205-01059,BIHAR,Sheohar,Piprarhi,0,0,,220,10,1059,,105870.45511307275,104265216.9562483,0.0,0.0,77,0.0
10-205-01060,BIHAR,Sheohar,Sheohar,0,0,,220,10,1060,,81007.5322908237,115638983.35873616,0.0,0.0,83,0.0
10-205-01061,BIHAR,Sheohar,Dumri Katsari,0,0,,220,10,1061,,65038.65439014734,84655470.24819931,0.0,0.0,59,0.0
10-205-01062,BIHAR,Sheohar,Tariani Chowk,0,0,,220,10,1062,,97491.22869259815,171878914.60720828,0.0,0.0,126,0.0
10-206-01063,BIHAR,Sitamarhi,Bairgania,0,0,,221,10,1063,,59598.621146511534,94417571.99630062,0.0,0.0,70,0.0
10-206-01065,BIHAR,Sitamarhi,Majorganj,0,0,,221,10,1065,,62808.55729710282,95411217.42446172,0.0,0.0,68,0.0
10-206-01066,BIHAR,Sitamarhi,Sonbarsa,0,0,,221,10,1066,,92820.94699371175,224104085.6083578,0.0,0.0,155,0.0
10-206-01067,BIHAR,Sitamarhi,Parihar,0,0,,221,10,1067,,86838.20299610356,272812569.4060281,0.0,0.0,197,0.0
10-207-01095,BIHAR,Madhubani,Rajnagar,0,0,,206,10,1095,,78809.12744912357,223111125.2667772,0.0,0.0,158,0.0
10-206-01068,BIHAR,Sitamarhi,Sursand,0,0,,221,10,1068,,91215.71647520129,181412871.1123928,0.0,0.0,134,0.0
10-206-01069,BIHAR,Sitamarhi,Bathnaha,0,0,,221,10,1069,,120764.04051803834,251403523.12922087,0.0,0.0,185,0.0
10-206-01070,BIHAR,Sitamarhi,Riga,0,0,,221,10,1070,,129433.73210860479,163724219.02092636,0.0,0.0,114,0.0
10-210-01123,BIHAR,Kishanganj,Thakurganj,0,0,,203,10,1123,,224971.2940646554,491161543.46963537,0.0,0.0,353,0.0
10-210-01124,BIHAR,Kishanganj,Pothia,0,0,,203,10,1124,,167388.9118766352,443844792.4531903,0.0,0.0,321,0.0
10-210-01125,BIHAR,Kishanganj,Bahadurganj,0,0,,203,10,1125,,155296.13881782343,347494200.8377232,0.0,0.0,251,0.0
10-210-01126,BIHAR,Kishanganj,Kochadhamin,0,0,,203,10,1126,,139640.52665725534,360840233.8364798,0.0,0.0,258,0.0
10-211-01128,BIHAR,Purnia,Banmankhi,0,0,,214,10,1128,,142815.61519736593,459936087.34673214,0.0,0.0,333,0.0
10-206-01075,BIHAR,Sitamarhi,Bajpatti,0,0,,221,10,1075,,90407.29439213518,174303329.1783474,0.0,0.0,125,0.0
10-206-01076,BIHAR,Sitamarhi,Charaut,0,0,,221,10,1076,,85128.15752493152,91349700.81924292,0.0,0.0,62,0.0
10-206-01077,BIHAR,Sitamarhi,Pupri,0,0,,221,10,1077,,73992.24203369493,115338203.66308306,0.0,0.0,82,0.0
10-206-01078,BIHAR,Sitamarhi,Nanpur,0,0,,221,10,1078,,73315.01223618646,135892566.9983101,0.0,0.0,100,0.0
10-220-01283,BIHAR,Vaishali,Mahnar,0,0,,224,10,1283,,81638.1139853176,126474580.44313861,0.0,0.0,89,0.0
10-206-01079,BIHAR,Sitamarhi,Bokhara,0,0,,221,10,1079,,81978.13188098712,108574895.39827529,0.0,0.0,79,0.0
10-207-01080,BIHAR,Madhubani,Madhwapur,0,0,,206,10,1080,,88808.76172423853,137557654.90878707,0.0,0.0,103,0.0
10-207-01081,BIHAR,Madhubani,Harlakhi,0,0,,206,10,1081,,90217.76640094945,187441757.00046396,0.0,0.0,138,0.0
10-207-01082,BIHAR,Madhubani,Basopatti,0,0,,206,10,1082,,97634.90682970545,164238774.4639331,0.0,0.0,122,0.0
10-207-01089,BIHAR,Madhubani,Khajauli,0,0,,206,10,1089,,91171.28062794723,150968724.81279027,0.0,0.0,108,0.0
10-207-01083,BIHAR,Madhubani,Jainagar,0,0,,206,10,1083,,81489.61423509955,161880108.8306139,0.0,0.0,115,0.0
10-207-01090,BIHAR,Madhubani,Kaluahi,0,0,,206,10,1090,,62305.281593423286,101560283.08963235,0.0,0.0,75,0.0
10-207-01084,BIHAR,Madhubani,Ladania,0,0,,206,10,1084,,97928.14946240213,232665607.5684243,0.0,0.0,164,0.0
10-207-01085,BIHAR,Madhubani,Laukaha,0,0,,206,10,1085,,102032.19667129294,266340932.00179368,0.0,0.0,197,0.0
10-207-01086,BIHAR,Madhubani,Laukahi,0,0,,206,10,1086,,109679.24973352649,329223432.564553,0.0,0.0,237,0.0
10-207-01087,BIHAR,Madhubani,Phulparas,0,0,,206,10,1087,,117974.41186319289,199352334.8677591,0.0,0.0,140,0.0
10-207-01088,BIHAR,Madhubani,Babubarhi,0,0,,206,10,1088,,118996.04641992833,237192379.86086744,0.0,0.0,174,0.0
10-207-01091,BIHAR,Madhubani,Benipatti,0,0,,206,10,1091,,128414.2409747215,328987645.9449377,0.0,0.0,231,0.0
10-207-01092,BIHAR,Madhubani,Bisfi,0,0,,206,10,1092,,99754.46134559005,226192948.413646,0.0,0.0,165,0.0
10-207-01093,BIHAR,Madhubani,Madhubani,0,0,,206,10,1093,,109764.71764889831,200359220.56727448,0.0,0.0,142,0.0
10-207-01094,BIHAR,Madhubani,Pandaul,0,0,,206,10,1094,,102372.75527307783,208327489.63825428,0.0,0.0,148,0.0
10-207-01096,BIHAR,Madhubani,Andhratharhi,0,0,,206,10,1096,,97300.5167595078,186769445.10608673,0.0,0.0,134,0.0
10-207-01097,BIHAR,Madhubani,Jhanjharpur,0,0,,206,10,1097,,125261.96837896874,181284371.95402232,0.0,0.0,132,0.0
10-207-01098,BIHAR,Madhubani,Ghoghardiha,0,0,,206,10,1098,,114215.40677637524,211228851.4219488,0.0,0.0,159,0.0
10-207-01099,BIHAR,Madhubani,Lakhnaur,0,0,,206,10,1099,,72956.74167609161,146945623.14022,0.0,0.0,110,0.0
10-207-01100,BIHAR,Madhubani,Madhepur,0,0,,206,10,1100,,144505.38034518834,300452948.5687113,0.0,0.0,212,0.0
10-208-01101,BIHAR,Supaul,Nirmali,0,0,,223,10,1101,,123310.21889922836,162734364.67066902,0.0,0.0,118,0.0
10-208-01102,BIHAR,Supaul,Basantpur,0,0,,223,10,1102,,136288.63693043106,319456339.75100917,0.0,0.0,228,0.0
10-208-01103,BIHAR,Supaul,Chhatapur,0,0,,223,10,1103,,142271.17176584958,398825687.2446475,0.0,0.0,285,0.0
10-208-01104,BIHAR,Supaul,Pratapganj,0,0,,223,10,1104,,71155.69013184242,133032565.19323792,0.0,0.0,97,0.0
10-208-01105,BIHAR,Supaul,Raghopur,0,0,,223,10,1105,,111831.20983491397,255841046.48838165,0.0,0.0,187,0.0
10-221-01285,BIHAR,Samastipur,Warisnagar,0,0,,217,10,1285,,90241.30323013186,163846086.5162723,0.0,0.0,120,0.0
10-208-01106,BIHAR,Supaul,Saraigarh Bhaptiyahi,0,0,,223,10,1106,,105489.5116383213,257042943.27229512,0.0,0.0,189,0.0
10-208-01107,BIHAR,Supaul,Kishanpur,0,0,,223,10,1107,,125516.73810076228,248613546.3002807,0.0,0.0,177,0.0
10-208-01108,BIHAR,Supaul,Marauna,0,0,,223,10,1108,,114969.59778192453,206419565.01179272,0.0,0.0,149,0.0
10-208-01109,BIHAR,Supaul,Supaul,0,0,,223,10,1109,,122628.008173687,390920691.5720901,0.0,0.0,287,0.0
10-208-01110,BIHAR,Supaul,Pipra,0,0,,223,10,1110,,113516.78657800167,247320462.25611627,0.0,0.0,181,0.0
10-221-01287,BIHAR,Samastipur,Khanpur,0,0,,217,10,1287,,89337.20668890505,173313349.37261373,0.0,0.0,127,0.0
10-208-01111,BIHAR,Supaul,Tribeniganj,0,0,,223,10,1111,,136684.8917573132,402291551.99740016,0.0,0.0,290,0.0
10-209-01112,BIHAR,Araria,Narpatganj,0,0,,188,10,1112,,196352.82868709194,482872068.7863751,0.0,0.0,351,0.0
10-209-01113,BIHAR,Araria,Forbesganj,0,0,,188,10,1113,,165874.55860340688,546946456.996027,0.0,0.0,392,0.0
10-209-01114,BIHAR,Araria,Bhargama,0,0,,188,10,1114,,140909.75235341018,280499778.1128878,0.0,0.0,206,0.0
10-209-01115,BIHAR,Araria,Raniganj,0,0,,188,10,1115,,160625.61646677545,576910744.770993,0.0,0.0,418,0.0
10-209-01116,BIHAR,Araria,Araria,0,0,,188,10,1116,,192057.15187743204,506918787.2643526,0.0,0.0,371,0.0
10-209-01117,BIHAR,Araria,Kursakatta,0,0,,188,10,1117,,96566.38525637137,201032230.408231,0.0,0.0,147,0.0
10-209-01118,BIHAR,Araria,Sikti,0,0,,188,10,1118,,116798.35346995249,237753016.2819182,0.0,0.0,177,0.0
10-209-01119,BIHAR,Araria,Palasi,0,0,,188,10,1119,,132578.70192307016,306240761.34804773,0.0,0.0,222,0.0
10-209-01120,BIHAR,Araria,Jokihat,0,0,,188,10,1120,,155370.9524619173,341005127.7602247,0.0,0.0,246,0.0
10-210-01121,BIHAR,Kishanganj,Terhagachh,0,0,,203,10,1121,,121953.02658094271,245208326.38245347,0.0,0.0,175,0.0
10-210-01122,BIHAR,Kishanganj,Dighalbank,0,0,,203,10,1122,,147432.83262190674,314385668.4331173,0.0,0.0,224,0.0
10-211-01129,BIHAR,Purnia,Barhara,0,0,,214,10,1129,,111073.17449432175,288009141.38478667,0.0,0.0,212,0.0
10-211-01130,BIHAR,Purnia,Bhawanipur,0,0,,214,10,1130,,116656.34435182877,201938838.4795833,0.0,0.0,147,0.0
10-211-01131,BIHAR,Purnia,Rupauli,0,0,,214,10,1131,,113946.660566684,308195114.8462847,0.0,0.0,227,0.0
10-211-01132,BIHAR,Purnia,Dhamdaha,0,0,,214,10,1132,,135370.01293426772,446856166.039676,0.0,0.0,326,0.0
10-211-01133,BIHAR,Purnia,Krityanand Nagar,0,0,,214,10,1133,,149407.41850079046,364443041.21247435,0.0,0.0,274,0.0
10-211-01134,BIHAR,Purnia,Purnia East,0,0,,214,10,1134,,127662.13358515713,309272824.56310594,0.0,0.0,228,0.0
10-211-01135,BIHAR,Purnia,Kasba,0,0,,214,10,1135,,130095.64608516233,215123054.3424731,0.0,0.0,154,0.0
10-211-01136,BIHAR,Purnia,Srinagar,0,0,,214,10,1136,,106220.57404900706,172405807.6412187,0.0,0.0,122,0.0
10-211-01137,BIHAR,Purnia,Jalalgarh,0,0,,214,10,1137,,87146.39992638786,142107808.6772385,0.0,0.0,102,0.0
10-211-01138,BIHAR,Purnia,Amour,0,0,,214,10,1138,,141371.93624621196,307011870.96961224,0.0,0.0,225,0.0
10-211-01139,BIHAR,Purnia,Baisa,0,0,,214,10,1139,,132173.35304950457,275191667.549805,0.0,0.0,197,0.0
10-211-01140,BIHAR,Purnia,Baisi,0,0,,214,10,1140,,118169.54825440844,253873549.02719215,0.0,0.0,187,0.0
10-211-01141,BIHAR,Purnia,Dagarua,0,0,,214,10,1141,,129309.28146976323,257465778.6329552,0.0,0.0,180,0.0
10-212-01142,BIHAR,Katihar,Falka,0,0,,201,10,1142,,100518.70580952488,208374539.8829749,0.0,0.0,150,0.0
10-212-01143,BIHAR,Katihar,Korha,0,0,,201,10,1143,,137118.64195203967,368801327.90483874,0.0,0.0,273,0.0
10-212-01144,BIHAR,Katihar,Hasanganj,0,0,,201,10,1144,,78227.29832785497,86155111.41022065,0.0,0.0,62,0.0
10-212-01145,BIHAR,Katihar,Kadwa,0,0,,201,10,1145,,157692.68144088247,420129854.10490626,0.0,0.0,307,0.0
10-212-01146,BIHAR,Katihar,Balrampur,0,0,,201,10,1146,,141815.18317465586,216253207.31133217,0.0,0.0,151,0.0
10-212-01147,BIHAR,Katihar,Barsoi,0,0,,201,10,1147,,172308.8160052511,357713388.6445612,0.0,0.0,261,0.0
10-212-01148,BIHAR,Katihar,Azamnagar,0,0,,201,10,1148,,141791.77759222616,349759708.1212404,0.0,0.0,253,0.0
10-221-01290,BIHAR,Samastipur,Tajpur,0,0,,217,10,1290,,57166.77792153786,83856612.1105223,0.0,0.0,61,0.0
10-212-01149,BIHAR,Katihar,Pranpur,0,0,,201,10,1149,,111803.70370561493,191475637.62126103,0.0,0.0,141,0.0
10-212-01150,BIHAR,Katihar,Dandkhora,0,0,,201,10,1150,,70987.07501110679,111201189.06340708,0.0,0.0,81,0.0
10-212-01151,BIHAR,Katihar,Katihar,0,0,,201,10,1151,,76845.81968857624,136830037.77828172,0.0,0.0,100,0.0
10-212-01152,BIHAR,Katihar,Mansahi,0,0,,201,10,1152,,73279.06289841712,97405011.1871763,0.0,0.0,73,0.0
10-212-01155,BIHAR,Katihar,Kursela,0,0,,201,10,1155,,80348.39413748268,153683091.52761996,0.0,0.0,117,0.0
10-212-01153,BIHAR,Katihar,Barari,0,0,,201,10,1153,,107333.93297446336,407446973.1478653,0.0,0.0,292,0.0
10-212-01154,BIHAR,Katihar,Sameli,0,0,,201,10,1154,,75105.36277909,118027198.2496544,0.0,0.0,81,0.0
10-212-01156,BIHAR,Katihar,Manihari,0,0,,201,10,1156,,130162.81635074862,303859830.4099729,0.0,0.0,221,0.0
10-212-01157,BIHAR,Katihar,Amdabad,0,0,,201,10,1157,,103742.71814675455,228302986.79665467,0.0,0.0,164,0.0
10-213-01158,BIHAR,Madhepura,Gamharia,0,0,,205,10,1158,,80141.00377515821,125479849.27382244,0.0,0.0,89,0.0
10-213-01160,BIHAR,Madhepura,Ghailarh,0,0,,205,10,1160,,78865.70647224285,116219722.2388165,0.0,0.0,83,0.0
10-213-01159,BIHAR,Madhepura,Singheshwar,0,0,,205,10,1159,,111627.30849980874,111167268.35246354,0.0,0.0,78,0.0
10-216-01210,BIHAR,Muzaffarpur,Bandra,0,0,,208,10,1210,,74293.85759884378,142020443.31484023,0.0,0.0,103,0.0
10-213-01161,BIHAR,Madhepura,Madhepura,0,0,,205,10,1161,,115084.47931226583,237801277.85767865,0.0,0.0,175,0.0
10-213-01162,BIHAR,Madhepura,Shankarpur,0,0,,205,10,1162,,63984.56408470212,128790837.874554,0.0,0.0,94,0.0
10-213-01163,BIHAR,Madhepura,Kumarkhand,0,0,,205,10,1163,,118191.24796123093,316976886.68211347,0.0,0.0,230,0.0
10-213-01164,BIHAR,Madhepura,Murliganj,0,0,,205,10,1164,,94211.11378994165,247086114.21145928,0.0,0.0,179,0.0
10-221-01293,BIHAR,Samastipur,Mohanpur,0,0,,217,10,1293,,74468.46489139357,163000016.77407515,0.0,0.0,120,0.0
10-213-01165,BIHAR,Madhepura,Gwalpara,0,0,,205,10,1165,,78037.2495556277,147267353.58482873,0.0,0.0,109,0.0
10-214-01172,BIHAR,Saharsa,Satar Kataiya,0,0,,216,10,1172,,77878.75925155886,177382280.64763528,0.0,0.0,130,0.0
10-213-01166,BIHAR,Madhepura,Bihariganj,0,0,,205,10,1166,,79669.40805645821,133818744.70956944,0.0,0.0,98,0.0
10-216-01211,BIHAR,Muzaffarpur,Dholi (Moraul),0,0,,208,10,1211,,63030.361633940505,73298422.6275262,0.0,0.0,50,0.0
10-213-01167,BIHAR,Madhepura,Kishanganj,0,0,,205,10,1167,,99817.47531025465,188055937.5971522,0.0,0.0,133,0.0
10-216-01212,BIHAR,Muzaffarpur,Musahri,0,0,,208,10,1212,,211487.75457487197,365415439.5943066,0.0,0.0,267,0.0
10-213-01168,BIHAR,Madhepura,Puraini,0,0,,205,10,1168,,63416.842365887525,103114850.3546553,0.0,0.0,76,0.0
10-214-01174,BIHAR,Saharsa,Kahara,0,0,,216,10,1174,,81070.16203244023,176788302.3737116,0.0,0.0,128,0.0
10-213-01169,BIHAR,Madhepura,Alamnagar,0,0,,205,10,1169,,94357.42058114092,211989804.11375904,0.0,0.0,151,0.0
10-213-01170,BIHAR,Madhepura,Chausa,0,0,,205,10,1170,,87285.75133964,172516848.53860697,0.0,0.0,124,0.0
10-214-01171,BIHAR,Saharsa,Nauhatta,0,0,,216,10,1171,,93228.84620468391,212763144.21707585,0.0,0.0,151,0.0
10-217-01227,BIHAR,Gopalganj,Sidhwalia,0,0,,197,10,1227,,69457.48217743407,152022198.31601515,0.0,0.0,109,0.0
10-214-01173,BIHAR,Saharsa,Mahishi,0,0,,216,10,1173,,106372.46434789852,273075178.2794974,0.0,0.0,195,0.0
10-214-01175,BIHAR,Saharsa,Saur Bazar,0,0,,216,10,1175,,88121.22998090234,233228921.9025612,0.0,0.0,171,0.0
10-214-01176,BIHAR,Saharsa,Patarghat,0,0,,216,10,1176,,67497.21582029684,149681422.04156074,0.0,0.0,105,0.0
10-214-01177,BIHAR,Saharsa,Sonbarsa,0,0,,216,10,1177,,90185.02153799882,263952116.041209,0.0,0.0,193,0.0
10-216-01199,BIHAR,Muzaffarpur,Sahebganj,0,0,,208,10,1199,,80060.99972290538,253055918.70266867,0.0,0.0,189,0.0
10-214-01178,BIHAR,Saharsa,Simri Bakhtiarpur,0,0,,216,10,1178,,119116.35548129058,266466354.66217396,0.0,0.0,194,0.0
10-214-01179,BIHAR,Saharsa,Salkhua,0,0,,216,10,1179,,82412.26684571667,221182533.93573853,0.0,0.0,163,0.0
10-214-01180,BIHAR,Saharsa,Banma Itahri,0,0,,216,10,1180,,54286.501575749484,92822449.4552088,0.0,0.0,68,0.0
10-215-01181,BIHAR,Darbhanga,Jale,0,0,,195,10,1181,,112473.57051363293,234172285.01568127,0.0,0.0,171,0.0
10-215-01182,BIHAR,Darbhanga,Singhwara,0,0,,195,10,1182,,121368.62688362494,223279889.67870736,0.0,0.0,162,0.0
10-215-01183,BIHAR,Darbhanga,Keotiranway,0,0,,195,10,1183,,89515.08566239705,180205403.4644349,0.0,0.0,131,0.0
10-215-01184,BIHAR,Darbhanga,Darbhanga,0,0,,195,10,1184,,131883.04966973627,240721362.1475316,0.0,0.0,174,0.0
10-215-01185,BIHAR,Darbhanga,Manigachhi,0,0,,195,10,1185,,96856.01003306538,158887287.31255177,0.0,0.0,114,0.0
10-215-01186,BIHAR,Darbhanga,Tardih,0,0,,195,10,1186,,96398.42232606321,109520018.96976715,0.0,0.0,79,0.0
10-215-01187,BIHAR,Darbhanga,Alinagar,0,0,,195,10,1187,,105560.56246873255,146523357.5416611,0.0,0.0,105,0.0
10-215-01188,BIHAR,Darbhanga,Benipur,0,0,,195,10,1188,,118482.30854716274,204643530.87647069,0.0,0.0,150,0.0
10-215-01189,BIHAR,Darbhanga,Bahadurpur,0,0,,195,10,1189,,155637.00049509996,221161760.4253616,0.0,0.0,158,0.0
10-215-01190,BIHAR,Darbhanga,Hanumannagar,0,0,,195,10,1190,,114393.83215098479,181536916.32106537,0.0,0.0,130,0.0
10-215-01191,BIHAR,Darbhanga,Hayaghat,0,0,,195,10,1191,,66118.49929402806,108810529.75916524,0.0,0.0,77,0.0
10-215-01192,BIHAR,Darbhanga,Baheri,0,0,,195,10,1192,,128629.1579498372,271307286.95794886,0.0,0.0,195,0.0
10-215-01193,BIHAR,Darbhanga,Biraul,0,0,,195,10,1193,,135706.32971678255,230203939.26841983,0.0,0.0,167,0.0
10-215-01194,BIHAR,Darbhanga,Ghanshyampur,0,0,,195,10,1194,,76766.91373126305,103945643.9979024,0.0,0.0,78,0.0
10-215-01195,BIHAR,Darbhanga,Kiratpur,0,0,,195,10,1195,,78793.19278562842,78915927.53877336,0.0,0.0,60,0.0
10-215-01196,BIHAR,Darbhanga,Gora Bauram,0,0,,195,10,1196,,99804.03366816713,145653476.81698695,0.0,0.0,104,0.0
10-215-01197,BIHAR,Darbhanga,Kusheshwar Asthan,0,0,,195,10,1197,,87220.16498537568,144130520.9401011,0.0,0.0,107,0.0
10-215-01198,BIHAR,Darbhanga,Kusheshwar Asthan Purbi,0,0,,195,10,1198,,91858.86035222423,150084285.43545517,0.0,0.0,112,0.0
10-216-01200,BIHAR,Muzaffarpur,Baruraj (Motipur),0,0,,208,10,1200,,125110.13599018812,365259305.4740948,0.0,0.0,263,0.0
10-216-01201,BIHAR,Muzaffarpur,Paroo,0,0,,208,10,1201,,136934.87791145188,413033977.3448192,0.0,0.0,295,0.0
10-216-01202,BIHAR,Muzaffarpur,Saraiya,0,0,,208,10,1202,,155820.80051537574,301402655.1404849,0.0,0.0,218,0.0
10-216-01203,BIHAR,Muzaffarpur,Marwan,0,0,,208,10,1203,,84959.92762229654,138736310.53842777,0.0,0.0,101,0.0
10-216-01204,BIHAR,Muzaffarpur,Kanti,0,0,,208,10,1204,,97122.90469976026,124757584.36625764,0.0,0.0,91,0.0
10-216-01205,BIHAR,Muzaffarpur,Minapur,0,0,,208,10,1205,,166218.11946715685,316124209.98756105,0.0,0.0,228,0.0
10-216-01206,BIHAR,Muzaffarpur,Bochaha,0,0,,208,10,1206,,126044.68100944142,233148755.94160384,0.0,0.0,167,0.0
10-216-01207,BIHAR,Muzaffarpur,Aurai,0,0,,208,10,1207,,101267.16719990574,247748190.77792475,0.0,0.0,177,0.0
10-216-01208,BIHAR,Muzaffarpur,Katra,0,0,,208,10,1208,,118891.9342746819,235108975.17115793,0.0,0.0,171,0.0
10-216-01209,BIHAR,Muzaffarpur,Gaighat,0,0,,208,10,1209,,111008.49869520529,259762671.68662548,0.0,0.0,191,0.0
10-216-01213,BIHAR,Muzaffarpur,Kurhani,0,0,,208,10,1213,,108106.10574110712,256354911.2077163,0.0,0.0,187,0.0
10-216-01214,BIHAR,Muzaffarpur,Sakra,0,0,,208,10,1214,,105121.4777371614,236360031.18726787,0.0,0.0,175,0.0
10-217-01215,BIHAR,Gopalganj,Katiya,0,0,,197,10,1215,,94755.55253264701,158441587.458013,0.00073962501537323,0.0005811339406503949,112,0.06508700135284423
10-217-01216,BIHAR,Gopalganj,Bijaipur,0,0,,197,10,1216,,81309.59717969262,163112176.36717936,0.00073962501537323,0.00073962501537323,120,0.0887550018447876
10-217-01217,BIHAR,Gopalganj,Bhorey,0,0,,197,10,1217,,78790.65552761848,196013266.46535653,0.00073962501537323,0.00038522136217355725,144,0.05547187615299225
10-217-01218,BIHAR,Gopalganj,Pach Deuri,0,0,,197,10,1218,,53698.212932643866,118295317.11973979,0.0,0.0,85,0.0
10-217-01219,BIHAR,Gopalganj,Kuchaikote,0,0,,197,10,1219,,101077.28158428885,316078491.04748106,0.0,0.0,226,0.0
10-217-01220,BIHAR,Gopalganj,Phulwaria,0,0,,197,10,1220,,81339.22200232239,118763292.85091434,0.0,0.0,89,0.0
10-217-01221,BIHAR,Gopalganj,Hathua,0,0,,197,10,1221,,91546.96202775641,183613061.83342972,0.0005154817001342773,0.0003409485260730653,127,0.04330046281127929
10-217-01222,BIHAR,Gopalganj,Uchkagaon,0,0,,197,10,1222,,80102.93001981139,142235093.67043933,0.0005154817001342773,3.404124434849001e-05,106,0.003608371900939941
10-217-01223,BIHAR,Gopalganj,Thawe,0,0,,197,10,1223,,57244.55575246375,89300191.60424533,0.0005154817001342773,8.054401564598083e-06,64,0.0005154817001342773
10-217-01224,BIHAR,Gopalganj,Gopalganj,0,0,,197,10,1224,,110313.13172782106,244420793.60160467,0.0,0.0,182,0.0
10-218-01232,BIHAR,Siwan,Goriakothi,0,0,,222,10,1232,,73201.39147651673,174963939.23516312,0.0,0.0,127,0.0
10-217-01225,BIHAR,Gopalganj,Manjha,0,0,,197,10,1225,,80242.78538873792,179389027.9828925,0.0,0.0,131,0.0
10-217-01226,BIHAR,Gopalganj,Barauli,0,0,,197,10,1226,,105754.79057670098,232227972.12586737,0.0,0.0,170,0.0
10-217-01228,BIHAR,Gopalganj,Baikunthpur,0,0,,197,10,1228,,97825.58906166903,256614409.24172768,0.0,0.0,185,0.0
10-218-01229,BIHAR,Siwan,Nautan,0,0,,222,10,1229,,58324.35348563096,81827813.66620097,0.0005154817001342773,0.0005154817001342773,58,0.029897938607788083
10-218-01230,BIHAR,Siwan,Siwan,0,0,,222,10,1230,,92599.06904644772,168879532.28230655,0.0005154817001342773,0.00047179681029238936,118,0.05567202361450194
10-218-01235,BIHAR,Siwan,Bhagwanpur Hat,0,0,,222,10,1235,,86430.4184146014,189582799.91524476,0.0005912546733665467,9.425799140626106e-05,138,0.013007602814064026
10-218-01231,BIHAR,Siwan,Barharia,0,0,,222,10,1231,,90315.6629531122,219606934.01516393,0.0005154817001342773,9.665281877517699e-06,160,0.001546445100402832
10-218-01233,BIHAR,Siwan,Lakri Nabiganj,0,0,,222,10,1233,,79648.98713303795,120773104.6039552,0.0,0.0,88,0.0
10-218-01234,BIHAR,Siwan,Basantpur,0,0,,222,10,1234,,57871.378293950496,76675463.02480637,0.0,0.0,56,0.0
10-218-01236,BIHAR,Siwan,Maharajganj,0,0,,222,10,1236,,119387.58843212528,142817377.5161484,0.0005912546733665467,0.00022387312875043997,103,0.023058932261295316
10-218-01237,BIHAR,Siwan,Pachrukhi,0,0,,222,10,1237,,99183.2392802834,160709761.40986398,0.0005154817001342773,2.2029132484370824e-05,117,0.0025774085006713865
10-218-01238,BIHAR,Siwan,Hussainganj,0,0,,222,10,1238,,68784.84800107122,105975934.30464326,0.0005154817001342773,0.00045962097637279614,74,0.034011952251586916
10-218-01239,BIHAR,Siwan,Ziradei,0,0,,222,10,1239,,98825.50869312549,152221780.48504183,0.0005154817001342773,0.0005154595380683417,111,0.05721600872558594
10-218-01240,BIHAR,Siwan,Mairwa,0,0,,222,10,1240,,65279.2242200428,88898123.37504825,0.0006613187796211243,0.0005221106582927703,66,0.03445930344732284
10-218-01242,BIHAR,Siwan,Darauli,0,0,,222,10,1242,,90305.00161970501,214758375.6239279,0.0006613187796211243,0.0005226478846744416,155,0.08101042212453843
10-218-01241,BIHAR,Siwan,Guthani,0,0,,222,10,1241,,78778.78773845347,115110806.99004474,0.0006613187796211243,0.0006506477738050136,82,0.053353117452011115
10-219-01248,BIHAR,Saran,Mashrakh,0,0,,218,10,1248,,82075.7710341599,165898243.02109933,0.0,0.0,121,0.0
10-218-01243,BIHAR,Siwan,Andar,0,0,,222,10,1243,,83358.60866933218,125625010.62434034,0.0005154817001342773,0.0005133044682084007,87,0.04465748873413086
10-219-01249,BIHAR,Saran,Panapur,0,0,,218,10,1249,,75875.09329534958,182360909.7404776,0.0,0.0,128,0.0
10-218-01244,BIHAR,Siwan,Raghunathpur,0,0,,222,10,1244,,87824.68008836384,193566358.3438411,0.0005130217108154297,0.0005130217108154297,143,0.07336210464660645
10-219-01250,BIHAR,Saran,Taraiya,0,0,,218,10,1250,,53629.0613522338,97307015.09151264,0.0,0.0,74,0.0
10-218-01245,BIHAR,Siwan,Hasanpura,0,0,,222,10,1245,,82786.09108287447,121956119.03175904,0.0005912546733665467,0.0005443911220892546,87,0.04736202762176515
10-219-01251,BIHAR,Saran,Ishupur,0,0,,218,10,1251,,62425.60798229613,109300191.56908256,0.0,0.0,76,0.0
10-218-01246,BIHAR,Siwan,Daraundha,0,0,,222,10,1246,,105400.53795370483,157911066.26165873,0.0005912546733665467,0.0005141344985796058,115,0.05912546733665467
10-219-01256,BIHAR,Saran,Jalalpur,0,0,,218,10,1256,,65042.73641147566,147549697.72689733,0.0005912546733665467,0.00016018622413671243,106,0.016979739758491517
10-218-01247,BIHAR,Siwan,Siswan,0,0,,222,10,1247,,98184.39847010886,155554872.77293277,0.0005912546733665467,0.0005679962250405389,111,0.06304758097949982
10-219-01259,BIHAR,Saran,Nagra,0,0,,218,10,1259,,43289.948409307304,65110006.46242106,0.0003937108962249756,0.00016753655158509601,47,0.007874217924499513
10-219-01252,BIHAR,Saran,Baniapur,0,0,,218,10,1252,,89199.8841803021,219417775.87250236,0.0005912546733665467,1.4509317137829367e-05,163,0.002365018693466187
10-219-01253,BIHAR,Saran,Lahladpur,0,0,,218,10,1253,,49287.19248841685,70233795.44130237,0.0005912546733665467,0.00031927752361793517,50,0.015963876180896758
10-219-01254,BIHAR,Saran,Ekma,0,0,,218,10,1254,,99716.17236158185,176114988.01319405,0.0005912546733665467,0.0005912546733665467,128,0.07568059819091798
10-219-01255,BIHAR,Saran,Manjhi,0,0,,218,10,1255,,127085.43562979231,244607530.98349065,0.0005912546733665467,0.0005549145442073611,180,0.099884617957325
10-219-01257,BIHAR,Saran,Revelganj,0,0,,218,10,1257,,84877.1419542779,179359801.45379385,0.000442505458984375,0.00039761446124572756,125,0.04970180765571595
10-219-01258,BIHAR,Saran,Chapra,0,0,,218,10,1258,,119729.94798472138,239470568.44351175,0.0003937108962249756,0.00036910396521091463,176,0.06496229787712098
10-219-01260,BIHAR,Saran,Marhaura,0,0,,218,10,1260,,87240.95030017926,190752130.05196184,0.0003937108962249756,1.1495208648904397e-05,137,0.0015748435848999024
10-219-01261,BIHAR,Saran,Amnour,0,0,,218,10,1261,,94922.90618840617,160109081.4065653,0.0003937108962249756,6.673066037711451e-06,118,0.0007874217924499512
10-219-01263,BIHAR,Saran,Parsa,0,0,,218,10,1263,,85595.91054800974,122749042.93573296,0.0,0.0,88,0.0
10-219-01266,BIHAR,Saran,Dighwara,0,0,,218,10,1266,,81943.45164265168,101347015.6655549,0.0,0.0,72,0.0
10-219-01264,BIHAR,Saran,Dariapur,0,0,,218,10,1264,,115477.27251924115,281302380.67878103,0.0,0.0,202,0.0
10-219-01265,BIHAR,Saran,Garkha,0,0,,218,10,1265,,90147.74693968748,213336409.9887166,0.0003937108962249756,0.00020196857663489008,154,0.031103160801773073
10-220-01269,BIHAR,Vaishali,Paterhi Belsar,0,0,,224,10,1269,,56227.36197278124,93522597.26160131,0.0,0.0,69,0.0
10-219-01267,BIHAR,Saran,Sonepur,0,0,,218,10,1267,,70412.64000247594,214865144.18564072,0.0,0.0,162,0.0
10-220-01268,BIHAR,Vaishali,Vaishali,0,0,,224,10,1268,,72706.90824879723,158663399.21103516,0.0,0.0,114,0.0
10-220-01270,BIHAR,Vaishali,Lalganj,0,0,,224,10,1270,,89595.71916906572,184177988.41986412,0.0,0.0,133,0.0
10-221-01294,BIHAR,Samastipur,Mohiuddinagar,0,0,,217,10,1294,,80607.53716768604,178536106.2701614,0.0,0.0,130,0.0
10-220-01271,BIHAR,Vaishali,Bhagwanpur,0,0,,224,10,1271,,98965.72708266653,142473218.81446454,0.0,0.0,102,0.0
10-220-01272,BIHAR,Vaishali,Goraul,0,0,,224,10,1272,,101989.77906286377,122446101.92943335,0.0,0.0,87,0.0
10-220-01273,BIHAR,Vaishali,Chehra Kalan,0,0,,224,10,1273,,63204.34388206024,89818122.94593617,0.0,0.0,66,0.0
10-220-01277,BIHAR,Vaishali,Raja Pakar,0,0,,224,10,1277,,58946.08844196175,93673217.82917874,0.0,0.0,72,0.0
10-220-01274,BIHAR,Vaishali,Patepur,0,0,,224,10,1274,,118180.33822078991,317029999.71255994,0.0,0.0,234,0.0
10-220-01275,BIHAR,Vaishali,Mahua,0,0,,224,10,1275,,86273.82517515696,171155586.12447235,0.0,0.0,125,0.0
10-220-01276,BIHAR,Vaishali,Jandaha,0,0,,224,10,1276,,99044.76663725945,179891527.10359335,0.0,0.0,128,0.0
10-220-01278,BIHAR,Vaishali,Hajipur,0,0,,224,10,1278,,80048.24731377292,194916759.16986817,0.0,0.0,140,0.0
10-220-01280,BIHAR,Vaishali,Bidupur,0,0,,224,10,1280,,88122.3198685409,139375575.9420912,0.0,0.0,99,0.0
10-220-01279,BIHAR,Vaishali,Raghopur,0,0,,224,10,1279,,128641.49950069311,338499790.0832371,0.0,0.0,246,0.0
10-220-01281,BIHAR,Vaishali,Desri,0,0,,224,10,1281,,50183.809114488824,56627949.53624974,0.0,0.0,43,0.0
10-221-01284,BIHAR,Samastipur,Kalyanpur,0,0,,217,10,1284,,147387.26660455638,294821482.9966942,0.0,0.0,214,0.0
10-221-01286,BIHAR,Samastipur,Shivaji Nagar,0,0,,217,10,1286,,96209.25031894707,172333979.18990555,0.0,0.0,130,0.0
10-221-01288,BIHAR,Samastipur,Samastipur,0,0,,217,10,1288,,112474.97484539819,170577777.20953664,0.0,0.0,123,0.0
10-221-01289,BIHAR,Samastipur,Pusa,0,0,,217,10,1289,,64081.7615729533,95008289.7510354,0.0,0.0,65,0.0
10-221-01291,BIHAR,Samastipur,Morwa,0,0,,217,10,1291,,104551.97847793197,152111293.7773472,0.0,0.0,106,0.0
10-221-01292,BIHAR,Samastipur,Patori,0,0,,217,10,1292,,69422.25062895294,130638318.44440164,0.0,0.0,93,0.0
10-221-01295,BIHAR,Samastipur,Sarairanjan,0,0,,217,10,1295,,96463.23467310029,185572344.2706523,0.0,0.0,145,0.0
10-221-01296,BIHAR,Samastipur,Vidyapati Nagar,0,0,,217,10,1296,,62930.2690484309,106322816.42401849,0.0,0.0,75,0.0
10-221-01297,BIHAR,Samastipur,Dalsinghsarai,0,0,,217,10,1297,,80515.23552986495,118201268.21451648,0.0,0.0,89,0.0
10-221-01298,BIHAR,Samastipur,Ujiarpur,0,0,,217,10,1298,,81756.09445970641,209497824.1015558,0.0,0.0,149,0.0
10-221-01300,BIHAR,Samastipur,Rosera,0,0,,217,10,1300,,84599.34785899956,138535375.895554,0.0,0.0,97,0.0
10-221-01299,BIHAR,Samastipur,Bibhutpur,0,0,,217,10,1299,,96600.53522783429,258332531.194082,0.0,0.0,187,0.0
10-221-01301,BIHAR,Samastipur,Singhia,0,0,,217,10,1301,,76055.88015393679,178639507.67998633,0.0,0.0,128,0.0
10-222-01307,BIHAR,Begusarai,Cheria Bariarpur,0,0,,191,10,1307,,80422.0696045629,127840547.1243011,0.0,0.0,89,0.0
10-221-01302,BIHAR,Samastipur,Hasanpur,0,0,,217,10,1302,,122795.93417076243,188091095.39019313,0.0,0.0,138,0.0
10-221-01303,BIHAR,Samastipur,Bithan,0,0,,217,10,1303,,72838.55780104545,149849875.79630712,0.0,0.0,109,0.0
10-222-01304,BIHAR,Begusarai,Khudabandpur,0,0,,191,10,1304,,49522.71992212785,59617610.47663844,0.0,0.0,39,0.0
10-222-01305,BIHAR,Begusarai,Chhorahi,0,0,,191,10,1305,,96201.09768359947,128309829.49376953,0.0,0.0,94,0.0
10-222-01306,BIHAR,Begusarai,Garhpura,0,0,,191,10,1306,,69581.28073662621,88651595.91159394,0.0,0.0,68,0.0
10-222-01308,BIHAR,Begusarai,Bhagwanpur,0,0,,191,10,1308,,102620.52088176137,147276258.21886113,0.0,0.0,106,0.0
10-223-01324,BIHAR,Khagaria,Mansi,0,0,,202,10,1324,,70720.37786012898,86151878.56106131,0.0,0.0,69,0.0
10-222-01309,BIHAR,Begusarai,Mansurchak,0,0,,191,10,1309,,55538.61039021854,42158333.283958256,0.0,0.0,31,0.0
10-224-01333,BIHAR,Bhagalpur,Rangra Chowk,0,0,,192,10,1333,,56200.86409227388,97946271.45940188,0.0,0.0,71,0.0
10-222-01310,BIHAR,Begusarai,Bachhwara,0,0,,191,10,1310,,112893.55520851951,186501763.14040864,0.0,0.0,138,0.0
10-222-01311,BIHAR,Begusarai,Teghra,0,0,,191,10,1311,,93442.93751421869,180050069.66821858,0.0,0.0,129,0.0
10-222-01312,BIHAR,Begusarai,Barauni,0,0,,191,10,1312,,90573.71511882372,141812926.41245717,0.0,0.0,102,0.0
10-222-01313,BIHAR,Begusarai,Birpur,0,0,,191,10,1313,,69057.86510087451,64693086.30641256,0.0,0.0,53,0.0
10-222-01314,BIHAR,Begusarai,Begusarai,0,0,,191,10,1314,,114572.02827886646,273941103.5239774,0.0,0.0,200,0.0
10-222-01315,BIHAR,Begusarai,Naokothi,0,0,,191,10,1315,,61794.845266753924,91575422.87048158,0.0,0.0,64,0.0
10-222-01316,BIHAR,Begusarai,Bakhri,0,0,,191,10,1316,,74902.13049058078,94921186.04856166,0.0,0.0,66,0.0
10-222-01317,BIHAR,Begusarai,Dandari,0,0,,191,10,1317,,77075.31892237118,85364223.36403492,0.0,0.0,65,0.0
10-222-01318,BIHAR,Begusarai,Sahebpur Kamal,0,0,,191,10,1318,,97820.3506924087,179327758.1582562,0.0,0.0,131,0.0
10-222-01319,BIHAR,Begusarai,Balia,0,0,,191,10,1319,,95726.56851828664,181873531.04775092,0.0,0.0,133,0.0
10-222-01320,BIHAR,Begusarai,Matihani,0,0,,191,10,1320,,104199.58891726227,214311339.790948,0.0,0.0,157,0.0
10-222-01321,BIHAR,Begusarai,Shamho Akha Kurha,0,0,,191,10,1321,,47884.70174269599,82130306.58899558,0.0,0.0,58,0.0
10-223-01322,BIHAR,Khagaria,Alauli,0,0,,202,10,1322,,117176.16085281859,337532903.06560946,0.0,0.0,244,0.0
10-223-01323,BIHAR,Khagaria,Khagaria,0,0,,202,10,1323,,164255.4907534744,325761754.1557925,0.0,0.0,229,0.0
10-223-01325,BIHAR,Khagaria,Chautham,0,0,,202,10,1325,,88833.5659059585,205164632.7891582,0.0,0.0,148,0.0
10-228-01376,BIHAR,Sheikhpura,Chewara,0,0,,219,10,1376,,77279.14911837938,141385828.1075451,0.0004791472869110108,0.00047124453689945556,103,0.04853818730064392
10-223-01326,BIHAR,Khagaria,Beldaur,0,0,,202,10,1326,,101449.44415348554,276820454.1841197,0.0,0.0,203,0.0
10-223-01327,BIHAR,Khagaria,Gogri,0,0,,202,10,1327,,109725.85953588395,321971045.3784509,0.0,0.0,231,0.0
10-223-01328,BIHAR,Khagaria,Parbatta,0,0,,202,10,1328,,89952.53209418767,286770838.53234714,0.0,0.0,215,0.0
10-224-01329,BIHAR,Bhagalpur,Narayanpur,0,0,,192,10,1329,,96964.50839109154,173637043.38008544,0.0,0.0,125,0.0
10-224-01330,BIHAR,Bhagalpur,Bihpur,0,0,,192,10,1330,,98960.16392998041,189427956.2070791,0.0,0.0,141,0.0
10-234-01472,BIHAR,Rohtas,Akorhi Gola,0,0,,215,10,1472,,71741.57946050014,124356844.03544964,0.0005966286117935181,0.0005966286117935181,94,0.05608308950859069
10-224-01331,BIHAR,Bhagalpur,Kharik,0,0,,192,10,1331,,103106.05203500649,169292223.68779984,0.0,0.0,125,0.0
10-224-01332,BIHAR,Bhagalpur,Naugachhia,0,0,,192,10,1332,,91833.23423872421,134223697.96961665,0.0,0.0,95,0.0
10-224-01335,BIHAR,Bhagalpur,Pirpainti,0,0,,192,10,1335,,138631.2255747686,411429376.6216011,0.0,0.0,294,0.0
10-224-01336,BIHAR,Bhagalpur,Kahalgaon,0,0,,192,10,1336,,128722.99744742387,352186242.20537144,0.0,0.0,255,0.0
10-224-01337,BIHAR,Bhagalpur,Ismailpur,0,0,,192,10,1337,,66332.03197363381,102752037.41138108,0.0,0.0,75,0.0
10-224-01338,BIHAR,Bhagalpur,Sabour,0,0,,192,10,1338,,85492.0541239663,141198925.34276122,0.0,0.0,102,0.0
10-226-01359,BIHAR,Munger,Dharhara,0,0,,207,10,1359,,105188.90103685112,355220468.750446,0.0,0.0,262,0.0
10-224-01339,BIHAR,Bhagalpur,Nathnagar,0,0,,192,10,1339,,105259.93673308079,163498377.60317266,0.0,0.0,117,0.0
10-226-01360,BIHAR,Munger,Kharagpur,0,0,,207,10,1360,,169586.30903503796,398589433.5102216,0.0,0.0,291,0.0
10-224-01340,BIHAR,Bhagalpur,Sultanganj,0,0,,192,10,1340,,139861.1879796442,266407467.3450057,0.0,0.0,198,0.0
10-224-01341,BIHAR,Bhagalpur,Shahkund,0,0,,192,10,1341,,93276.90256650816,208798734.37786233,0.0,0.0,153,0.0
10-224-01342,BIHAR,Bhagalpur,Goradih,0,0,,192,10,1342,,106918.08891287447,178026414.43832883,0.0,0.0,128,0.0
10-224-01343,BIHAR,Bhagalpur,Jagdishpur,0,0,,192,10,1343,,107045.71303668506,127447147.46016994,0.0,0.0,95,0.0
10-224-01344,BIHAR,Bhagalpur,Sonhaula,0,0,,192,10,1344,,84463.86530366821,214425428.57327408,0.0,0.0,160,0.0
10-225-01345,BIHAR,Banka,Shambhuganj,0,0,,190,10,1345,,85765.27415008907,217970788.89652416,0.0,0.0,157,0.0
10-225-01346,BIHAR,Banka,Amarpur,0,0,,190,10,1346,,98000.87839154692,234663534.19316816,0.0,0.0,176,0.0
10-225-01347,BIHAR,Banka,Rajaun,0,0,,190,10,1347,,86718.04358754268,242814641.5593075,0.0,0.0,179,0.0
10-226-01363,BIHAR,Munger,Tetiha Bambor,0,0,,207,10,1363,,73286.15332623897,95190725.80042528,0.0,0.0,70,0.0
10-225-01348,BIHAR,Banka,Dhuraiya,0,0,,190,10,1348,,106681.6377356153,285703540.38620996,0.0,0.0,208,0.0
10-225-01349,BIHAR,Banka,Barahat,0,0,,190,10,1349,,122910.23058217819,181202001.14064544,0.0,0.0,129,0.0
10-225-01350,BIHAR,Banka,Banka,0,0,,190,10,1350,,137083.07375503817,365153241.48788345,0.0,0.0,275,0.0
10-225-01351,BIHAR,Banka,Phulidumar,0,0,,190,10,1351,,117105.67306472127,248400685.45023423,0.0,0.0,176,0.0
10-225-01352,BIHAR,Banka,Belhar,0,0,,190,10,1352,,118426.40149548957,290570448.277483,0.0006373117213821412,6.55180274318089e-05,214,0.014020857870407105
10-225-01353,BIHAR,Banka,Chanan,0,0,,190,10,1353,,169565.08902723462,550876204.0147796,0.0007337567265701295,0.0003440768551123646,403,0.13866297261028293
10-225-01354,BIHAR,Banka,Katoria,0,0,,190,10,1354,,180268.89530762268,687665367.2781417,0.0006566238461685181,5.62446720821639e-05,502,0.028234825385246277
10-225-01355,BIHAR,Banka,Bausi,0,0,,190,10,1355,,109314.78149810205,385846183.7170387,0.0,0.0,284,0.0
10-226-01356,BIHAR,Munger,Munger,0,0,,207,10,1356,,162390.1628928388,306519605.49277806,0.0,0.0,227,0.0
10-226-01357,BIHAR,Munger,Bariarpur,0,0,,207,10,1357,,122433.4478606843,198040113.63802013,0.0,0.0,143,0.0
10-226-01358,BIHAR,Munger,Jamalpur,0,0,,207,10,1358,,72817.19566814511,112971204.64248075,0.0,0.0,79,0.0
10-226-01361,BIHAR,Munger,Asarganj,0,0,,207,10,1361,,61173.52838786665,72491453.98190036,0.0,0.0,52,0.0
10-226-01362,BIHAR,Munger,Tarapur,0,0,,207,10,1362,,54416.57713098438,86962445.68425661,0.0,0.0,62,0.0
10-226-01364,BIHAR,Munger,Sangrampur,0,0,,207,10,1364,,71205.18318302365,105786037.21986651,0.0,0.0,80,0.0
10-227-01366,BIHAR,Lakhisarai,Pipariya,0,0,,204,10,1366,,87968.2901826016,106258171.87143916,0.0,0.0,76,0.0
10-227-01365,BIHAR,Lakhisarai,Barahiya,0,0,,204,10,1365,,95965.48426593257,248505135.43154767,0.0,0.0,179,0.0
10-227-01367,BIHAR,Lakhisarai,Surajgarha,0,0,,204,10,1367,,140312.1609931406,462726462.37366486,0.0005733534078979493,7.588500986884623e-05,340,0.025800903355407717
10-227-01368,BIHAR,Lakhisarai,Lakhisarai,0,0,,204,10,1368,,117670.76745524361,181316338.94823277,0.0005733534078979493,5.256150661439825e-05,133,0.006990680379714968
10-227-01369,BIHAR,Lakhisarai,Chanan*,0,0,,204,10,1369,,86014.87070350182,177670731.10250506,0.0005733534078979493,0.0004658496439170838,128,0.05962875442138672
10-228-01375,BIHAR,Sheikhpura,Ghat Kusumbha,0,0,,219,10,1375,,80592.24583619394,99088070.68237934,0.0,0.0,70,0.0
10-227-01370,BIHAR,Lakhisarai,Ramgarh Chowk,0,0,,204,10,1370,,98990.57354622113,128567389.13844268,0.0005733534078979493,0.00045449022651185386,94,0.042722081292114265
10-227-01371,BIHAR,Lakhisarai,Halsi,0,0,,204,10,1371,,82594.8188222393,191441208.6304817,0.0005733534078979493,0.00048321373817663405,139,0.06716670960655213
10-228-01372,BIHAR,Sheikhpura,Barbigha,0,0,,219,10,1372,,83879.7675047183,115941853.486741,0.0,0.0,81,0.0
10-228-01373,BIHAR,Sheikhpura,Shekhopur Sarai,0,0,,219,10,1373,,59774.96229914819,65955650.61796794,0.0008390209399032593,0.0001594172548268636,45,0.0071737764672088625
10-228-01374,BIHAR,Sheikhpura,Sheikhpura,0,0,,219,10,1374,,119718.3677454689,225551054.81458032,0.0004791472869110108,9.720452725758273e-05,170,0.016524769633789065
10-228-01377,BIHAR,Sheikhpura,Ariari,0,0,,219,10,1377,,87552.5859976097,183445963.63454768,0.0004791472869110108,0.00034546390624108983,137,0.0473285551550293
10-229-01378,BIHAR,Nalanda,Karai Parsurai,0,0,,209,10,1378,,58523.47447411047,82148146.79064696,0.0007070522625732422,0.00031817351815795897,60,0.019090411089477538
10-229-01379,BIHAR,Nalanda,Nagar Nausa,0,0,,209,10,1379,,82570.35159490984,108015836.82811198,0.0007557302935791016,0.00033828372627258297,80,0.02706269810180664
10-229-01380,BIHAR,Nalanda,Harnaut,0,0,,209,10,1380,,124869.90123154312,224385440.0517296,0.0007557302935791016,0.0002628627108101223,161,0.04232089644042969
10-229-01381,BIHAR,Nalanda,Chandi,0,0,,209,10,1381,,70527.81459673235,147156102.481168,0.0007557302935791016,0.0006933305445679831,109,0.07557302935791016
10-229-01382,BIHAR,Nalanda,Rahui,0,0,,209,10,1382,,77076.6108369453,152249665.90613127,0.0007557302935791016,0.0007277402827058015,108,0.07859595053222657
10-229-01383,BIHAR,Nalanda,Bind,0,0,,209,10,1383,,70364.80140905235,88091657.81671415,0.0,0.0,66,0.0
10-229-01384,BIHAR,Nalanda,Sarmera,0,0,,209,10,1384,,91044.34634338948,167201876.42476654,0.0,0.0,123,0.0
10-229-01385,BIHAR,Nalanda,Asthawan,0,0,,209,10,1385,,92263.18064708126,171325630.7179731,0.0007557302935791016,0.00012916044885375976,125,0.01614505610671997
10-229-01387,BIHAR,Nalanda,Noorsarai,0,0,,209,10,1387,,78528.62700534344,151514769.88009417,0.0007557302935791016,0.0007557302935791016,114,0.08615325346801758
10-229-01386,BIHAR,Nalanda,Bihar,0,0,,209,10,1386,,98561.8371020671,215840179.0991975,0.0008390209399032593,0.0007341577725837231,160,0.11746524361339569
10-229-01390,BIHAR,Nalanda,Hilsa,0,0,,209,10,1390,,93433.88804652911,175765721.10991755,0.0007070522625732422,0.0007070522625732422,131,0.09262384639709473
10-229-01391,BIHAR,Nalanda,Ekangarsarai,0,0,,209,10,1391,,87121.32234693572,166605847.460251,0.0007070522625732422,0.0007070522625732422,122,0.08626037603393555
10-229-01392,BIHAR,Nalanda,Islampur,0,0,,209,10,1392,,109868.69145522316,273834151.4326934,0.0007070522625732422,0.0007068422719833531,194,0.1371274007647705
10-229-01393,BIHAR,Nalanda,Ben,0,0,,209,10,1393,,66947.54721379357,127526149.56798536,0.0008390209399032593,0.0007386305968028942,94,0.06943127609947206
10-230-01398,BIHAR,Patna,Maner,0,0,,212,10,1398,,96133.56350709034,213315300.3597084,0.0007366716015625001,0.00017590525113081004,154,0.027089408674144746
10-229-01394,BIHAR,Nalanda,Rajgir,0,0,,209,10,1394,,88740.45664753366,198129288.77271983,0.0008390209399032593,0.0007832112719838149,147,0.1151320569816208
10-229-01395,BIHAR,Nalanda,Silao,0,0,,209,10,1395,,79220.42929786978,154752836.13944647,0.0008390209399032593,0.0008244085458113019,114,0.09398257422248842
10-229-01396,BIHAR,Nalanda,Giriak,0,0,,209,10,1396,,88347.46773236175,99576022.5731765,0.0008390209399032593,0.0008390209399032594,73,0.06124852861293793
10-229-01397,BIHAR,Nalanda,Katrisarai,0,0,,209,10,1397,,38918.76300208476,48673462.28309288,0.0008390209399032593,0.0007151365578556061,36,0.02574491608280182
10-230-01399,BIHAR,Patna,Dinapur-Cum-Khagaul,0,0,,212,10,1399,,78598.21354533077,184765788.04152673,0.0007366716015625001,0.00021827306712962966,135,0.029466864062500004
10-234-01474,BIHAR,Rohtas,Tilouthu,0,0,,215,10,1474,,73885.57639601533,193504401.97342023,0.0010075985623931884,0.0009280139962866648,140,0.12992195948013308
10-230-01400,BIHAR,Patna,Patna Rural,0,0,,212,10,1400,,87518.10425735511,179850223.48881748,0.0007366716015625001,0.0001293392888239504,131,0.0169434468359375
10-230-01401,BIHAR,Patna,Sampatchak,0,0,,212,10,1401,,53219.7118618291,78902366.60372826,0.0007366716015625001,2.5848126370614037e-05,57,0.0014733432031250001
10-230-01406,BIHAR,Patna,Dulhin Bazar,0,0,,212,10,1406,,77792.54009458271,136539622.4680228,0.0007445055383300781,0.0006608201932735635,99,0.06542119913408279
10-230-01402,BIHAR,Patna,Phulwari,0,0,,212,10,1402,,70659.26045014715,135940825.49713776,0.0007366716015625001,0.0007059769514973958,96,0.06777378734375
10-230-01413,BIHAR,Patna,Khusrupur,0,0,,212,10,1413,,46143.60198551767,78201544.387751,0.0,0.0,58,0.0
10-230-01403,BIHAR,Patna,Bihta,0,0,,212,10,1403,,116564.9809665079,244879174.98088208,0.0007366716015625001,0.0006149612438048897,182,0.11192294637248992
10-230-01415,BIHAR,Patna,Athmalgola,0,0,,212,10,1415,,47997.69261940102,62827293.65665197,0.0,0.0,47,0.0
10-230-01404,BIHAR,Patna,Naubatpur,0,0,,212,10,1404,,105087.74367689912,205320191.59612688,0.0007366716015625001,0.0007366716015625,153,0.11271075503906249
10-230-01405,BIHAR,Patna,Bikram,0,0,,212,10,1405,,86626.03512108007,186422313.04867813,0.0007366716015625001,0.0005993129092203961,137,0.08210586856319427
10-234-01475,BIHAR,Rohtas,Rohtas,0,0,,215,10,1475,,88257.59288547112,389741138.17794544,0.001013916138305664,0.0009077635031549137,288,0.26143588890861513
10-230-01407,BIHAR,Patna,Paliganj,0,0,,212,10,1407,,129476.3041410336,293354152.7667747,0.0007445055383300781,0.000705170512375787,214,0.1509064896484184
10-230-01408,BIHAR,Patna,Masaurhi,0,0,,212,10,1408,,108866.13277400887,248716954.87290823,0.0007445055383300781,0.0007418648854870741,178,0.1320519496166992
10-230-01409,BIHAR,Patna,Dhanarua,0,0,,212,10,1409,,95102.40821522896,225577653.19725513,0.0007445055383300781,0.0005834599729498179,163,0.09510397559082032
10-230-01410,BIHAR,Patna,Punpun,0,0,,212,10,1410,,82554.93388622913,161116560.78819045,0.0007366716015625001,0.000499438373940678,118,0.058933728125
10-230-01411,BIHAR,Patna,Fatwah,0,0,,212,10,1411,,97950.27190535897,155697451.47083917,0.0,0.0,115,0.0
10-230-01412,BIHAR,Patna,Daniawan,0,0,,212,10,1412,,69689.77872311571,79566220.36857046,0.0,0.0,56,0.0
10-230-01414,BIHAR,Patna,Bakhtiarpur,0,0,,212,10,1414,,120205.01587822943,168153072.20481881,0.0,0.0,120,0.0
10-230-01416,BIHAR,Patna,Belchhi,0,0,,212,10,1416,,88573.78025963024,87443681.0926542,0.0,0.0,70,0.0
10-230-01417,BIHAR,Patna,Barh,0,0,,212,10,1417,,95365.9771693495,147280816.515725,0.0,0.0,104,0.0
10-230-01419,BIHAR,Patna,Ghoswari,0,0,,212,10,1419,,66454.95033385535,164897376.1169027,0.0,0.0,126,0.0
10-230-01418,BIHAR,Patna,Pandarak,0,0,,212,10,1418,,106894.44852036482,252509471.6555304,0.0,0.0,180,0.0
10-232-01438,BIHAR,Buxar,Chaugain,0,0,,194,10,1438,,52625.33924401454,66025696.44875917,0.0006398365086746217,0.0006398365086746216,49,0.03135198892505646
10-232-01439,BIHAR,Buxar,Kesath,0,0,,194,10,1439,,34661.84662025829,38236018.49691825,0.0006398365086746217,0.0006398365086746218,29,0.01855525875156403
10-230-01420,BIHAR,Patna,Mokameh,0,0,,212,10,1420,,127700.39840194934,244519830.48183808,0.0,0.0,181,0.0
10-231-01421,BIHAR,Bhojpur,Shahpur,0,0,,193,10,1421,,110658.91431619873,211766871.4500774,0.0005991349691390991,0.00048677349702908436,156,0.07593666553653716
10-234-01460,BIHAR,Rohtas,Suryapura,0,0,,215,10,1460,,56159.7630280001,69765063.31452103,0.0006307894451141359,0.0006307894451141359,47,0.029647103920364383
10-231-01422,BIHAR,Bhojpur,Arrah,0,0,,193,10,1422,,120924.06747051864,221925641.7145924,0.0005929387073135376,0.0005371421495813094,159,0.0854056017834282
10-231-01423,BIHAR,Bhojpur,Barhara,0,0,,193,10,1423,,128817.96875565937,258494738.36324885,0.000442505458984375,0.0004090390311232163,191,0.07812645494453431
10-231-01424,BIHAR,Bhojpur,Koilwar,0,0,,193,10,1424,,94779.33453556667,208456312.66749656,0.0005446497561454773,0.0005122333566994634,149,0.07632277014822006
10-231-01425,BIHAR,Bhojpur,Sandesh,0,0,,193,10,1425,,60697.76797134289,164599530.19806212,0.0007007936246490479,0.0005684683123578863,118,0.06707926085823059
10-231-01426,BIHAR,Bhojpur,Udwant Nagar,0,0,,193,10,1426,,92445.60417460876,217797556.82002312,0.0005929387073135376,0.0005737430993957994,161,0.09237263900272369
10-234-01461,BIHAR,Rohtas,Bikramganj,0,0,,215,10,1461,,88556.32896667719,168723569.68103397,0.0006307894451141359,0.0006307894451141359,129,0.08137183841972352
10-231-01427,BIHAR,Bhojpur,Behea,0,0,,193,10,1427,,114516.77527652554,206091349.70539597,0.0006398365086746217,0.0006038106559827168,150,0.09057159839740753
10-231-01428,BIHAR,Bhojpur,Jagdishpur,0,0,,193,10,1428,,109726.00219208181,318463526.4488765,0.0006398365086746217,0.0005976696258718927,228,0.13626867469879153
10-231-01429,BIHAR,Bhojpur,Piro,0,0,,193,10,1429,,100703.96274410955,268205354.86689487,0.0006454293022155762,0.0006320220416580202,200,0.12640440833160405
10-234-01462,BIHAR,Rohtas,Karakat,0,0,,215,10,1462,,102232.22868007293,251121712.10833624,0.0006454293022155762,0.0006248628726558252,176,0.10997586558742524
10-231-01430,BIHAR,Bhojpur,Charpokhari,0,0,,193,10,1430,,88834.1327790213,135855258.49695313,0.0006454293022155762,0.0006299583900339227,95,0.059846047053222655
10-231-01431,BIHAR,Bhojpur,Garhani,0,0,,193,10,1431,,93054.52180151101,137128723.85739592,0.0006454293022155762,0.0005990541164283382,103,0.061702573992118835
10-231-01432,BIHAR,Bhojpur,Agiaon,0,0,,193,10,1432,,87534.07309197474,191419206.17039648,0.0007007936246490479,0.0006493762674735091,139,0.09026330117881776
10-231-01433,BIHAR,Bhojpur,Tarari,0,0,,193,10,1433,,95157.98131215997,247108515.4982669,0.0006454293022155762,0.0006438577921312408,177,0.11396282920722962
10-231-01434,BIHAR,Bhojpur,Sahar,0,0,,193,10,1434,,61748.81499939302,157154129.14318892,0.0007007936246490479,0.0006544200896193024,117,0.07656715048545838
10-232-01435,BIHAR,Buxar,Simri,0,0,,194,10,1435,,87047.69219699135,222195796.247413,0.000798374902420044,0.0005999323425241798,164,0.09838890417396548
10-232-01436,BIHAR,Buxar,Chakki,0,0,,194,10,1436,,73799.54032015939,80420668.23199363,0.0006398365086746217,0.0006054945846915245,64,0.03875165342025757
10-232-01437,BIHAR,Buxar,Barhampur,0,0,,194,10,1437,,133928.15369382405,240152233.65370417,0.0006398365086746217,0.0006314025273145556,173,0.10923263722541812
10-232-01440,BIHAR,Buxar,Dumraon,0,0,,194,10,1440,,115797.88145848007,238641355.07175583,0.000798374902420044,0.0006876794558995716,169,0.11621782804702761
10-232-01441,BIHAR,Buxar,Buxar,0,0,,194,10,1441,,90996.21871903203,211591033.38394436,0.000798374902420044,0.0007928485226420994,157,0.1244772180548096
10-232-01442,BIHAR,Buxar,Chausa,0,0,,194,10,1442,,99103.08457070828,138502720.57991108,0.000798374902420044,0.0007712448777835168,107,0.0825232019228363
10-232-01443,BIHAR,Buxar,Rajpur,0,0,,194,10,1443,,121142.9666413415,336933113.12217736,0.000798374902420044,0.0006838327338685018,245,0.16753901979778293
10-232-01444,BIHAR,Buxar,Itarhi,0,0,,194,10,1444,,109439.3274763228,293713382.2816445,0.000798374902420044,0.0007968330393810365,209,0.1665381052306366
10-232-01445,BIHAR,Buxar,Nawanagar,0,0,,194,10,1445,,126567.10382889764,229774401.79100823,0.000798374902420044,0.0006489013339037022,169,0.10966432542972568
10-233-01446,BIHAR,Kaimur (Bhabua),Ramgarh,0,0,,200,10,1446,,124781.0721120257,206666195.02442607,0.0008490719664001466,0.000758599303986,151,0.114548494901886
10-233-01447,BIHAR,Kaimur (Bhabua),Nuaon,0,0,,200,10,1447,,121732.74643995032,235834986.4758632,0.0007508583704757691,0.0007164962425642403,171,0.1225208574784851
10-233-01448,BIHAR,Kaimur (Bhabua),Kudra,0,0,,200,10,1448,,132624.50147962422,255577893.54332253,0.0007937675193023682,0.0007623797830866254,189,0.1440897790033722
10-233-01449,BIHAR,Kaimur (Bhabua),Mohania,0,0,,200,10,1449,,142323.6809133636,349176573.6513165,0.0008490719664001466,0.0007525510263064504,256,0.1926530627344513
10-233-01450,BIHAR,Kaimur (Bhabua),Durgawati,0,0,,200,10,1450,,108544.41183902678,212580801.4059764,0.0008490719664001466,0.0008490719664001465,154,0.13075708282562257
10-233-01451,BIHAR,Kaimur (Bhabua),Chand,0,0,,200,10,1451,,97099.60209928264,257974481.1925409,0.0008773454441070557,0.0008484572063671274,188,0.15950995479701996
10-233-01452,BIHAR,Kaimur (Bhabua),Chainpur,0,0,,200,10,1452,,170712.34536647963,555311526.8488017,0.0009228099044799805,0.0008846062512889365,407,0.36003474427459714
10-233-01453,BIHAR,Kaimur (Bhabua),Bhabua,0,0,,200,10,1453,,143727.89821118704,407618990.38615096,0.0008773454441070557,0.0008276453229350347,301,0.24912124220344545
10-233-01454,BIHAR,Kaimur (Bhabua),Rampur,0,0,,200,10,1454,,126612.15498309073,210660395.23746365,0.0009115776876449586,0.0008317197882986389,149,0.1239262484564972
10-233-01455,BIHAR,Kaimur (Bhabua),Bhagwanpur,0,0,,200,10,1455,,134815.05705103654,292151198.96788174,0.0009228099044799805,0.000857318338963296,211,0.18089416952125548
10-233-01456,BIHAR,Kaimur (Bhabua),Adhaura,0,0,,200,10,1456,,271357.2345421078,1135984955.9859164,0.0011378030113983154,0.0009433746680715133,833,0.7858310985035706
10-234-01457,BIHAR,Rohtas,Kochas,0,0,,215,10,1457,,90248.48407846906,187033418.62218276,0.000717712620010376,0.0006622423255394445,132,0.08741598697120667
10-234-01458,BIHAR,Rohtas,Dinara,0,0,,215,10,1458,,157118.7651045217,464648316.8452498,0.00063725021484375,0.0006357344917400284,341,0.21678546168334967
10-234-01459,BIHAR,Rohtas,Dawath,0,0,,215,10,1459,,78120.6651060775,129910427.66035384,0.0006307894451141359,0.0006307894451141359,94,0.059294207840728766
10-234-01466,BIHAR,Rohtas,Nokha,0,0,,215,10,1466,,82152.91978314315,208772248.59610957,0.0006998022761154176,0.0006696123033840592,148,0.09910262090084077
10-235-01476,BIHAR,Aurangabad,Daudnagar,0,0,,189,10,1476,,91010.07504965532,238139281.75712803,0.000597915336227417,0.0005977526469311768,174,0.10400896056602477
10-234-01467,BIHAR,Rohtas,Kargahar,0,0,,215,10,1467,,128509.87472624176,406135690.59563094,0.0007937675193023682,0.0006999789589454033,296,0.20719377184783938
10-234-01468,BIHAR,Rohtas,Chenari,0,0,,215,10,1468,,121720.69626398994,292642418.8385522,0.0009115776876449586,0.0008514136244238921,215,0.1830539292511368
10-234-01469,BIHAR,Rohtas,Nauhatta,0,0,,215,10,1469,,175494.75594492842,478591449.404211,0.0011378030113983154,0.0009633793546955734,354,0.341036291562233
10-234-01470,BIHAR,Rohtas,Sheosagar,0,0,,215,10,1470,,135463.8765525897,406503956.12222886,0.0009296263647460938,0.0007943324877965896,295,0.23432808389999393
10-234-01471,BIHAR,Rohtas,Sasaram,0,0,,215,10,1471,,135810.11950728856,394273130.8742507,0.0009296263647460938,0.0007577035471693895,290,0.21973402867912295
10-234-01473,BIHAR,Rohtas,Dehri,0,0,,215,10,1473,,97323.52013589225,199371136.99043605,0.0010075985623931884,0.0006740706450784617,145,0.09774024353637695
10-235-01477,BIHAR,Aurangabad,Haspura,0,0,,189,10,1477,,88845.10694940752,164519986.5205008,0.0007265699165725708,0.000600041858216593,121,0.07260506484420776
10-235-01478,BIHAR,Aurangabad,Goh,0,0,,189,10,1478,,122286.20877621078,374665187.3660463,0.0007265699165725708,0.0006906223132408367,272,0.18784926920150757
10-236-01491,BIHAR,Gaya,Neem Chak Bathani,0,0,,196,10,1491,,79540.44278654993,146770773.7769567,0.000706698017578125,0.000706698017578125,103,0.07278989581054687
10-235-01479,BIHAR,Aurangabad,Rafiganj,0,0,,189,10,1479,,167069.30684925965,465687847.79432577,0.0008864573474121094,0.0007206473304339099,341,0.24574073967796328
10-235-01480,BIHAR,Aurangabad,Obra,0,0,,189,10,1480,,130720.05569071589,327203821.09876627,0.0010075985623931884,0.0006169233968041013,237,0.146210845042572
10-236-01494,BIHAR,Gaya,Manpur,0,0,,196,10,1494,,77081.78707553667,161226183.41058797,0.0008156993861389161,0.0008126289034403927,115,0.09345232389564516
10-235-01481,BIHAR,Aurangabad,Aurangabad,0,0,,189,10,1481,,125502.68609205673,344679798.38062614,0.0010075985623931884,0.0007150634278047085,256,0.18305623751800537
10-237-01511,BIHAR,Nawada,Nardiganj,0,0,,210,10,1511,,60262.24041371029,129808165.4472442,0.0008390209399032593,0.0008390209399032593,95,0.07970698929080963
10-235-01482,BIHAR,Aurangabad,Barun,0,0,,189,10,1482,,117269.30390529483,381782699.30215496,0.0010075985623931884,0.0008755010782718658,280,0.2451403019161224
10-235-01483,BIHAR,Aurangabad,Nabinagar,0,0,,189,10,1483,,173491.30877801325,657546828.2218357,0.0010075985623931884,0.0008592757558614916,483,0.4150301900811004
10-235-01484,BIHAR,Aurangabad,Kutumba,0,0,,189,10,1484,,110495.73757590447,319048251.76106954,0.0010075985623931884,0.0007599464210770119,229,0.17402773042663572
10-235-01485,BIHAR,Aurangabad,Deo,0,0,,189,10,1485,,158578.88849021672,336990745.1586724,0.0010075985623931884,0.0006940805095085965,251,0.1742142078866577
10-235-01486,BIHAR,Aurangabad,Madanpur,0,0,,189,10,1486,,153529.37367368402,418713952.50229967,0.0008864573474121094,0.0006723974697972269,309,0.2077708181673431
10-236-01487,BIHAR,Gaya,Konch,0,0,,196,10,1487,,154041.56172387034,319288521.7326548,0.0008864573474121094,0.000773433473887608,232,0.17943656594192506
10-236-01488,BIHAR,Gaya,Tikari,0,0,,196,10,1488,,122221.36853604284,290576655.12704176,0.0008864573474121094,0.0007410725529198252,218,0.1615538165365219
10-236-01489,BIHAR,Gaya,Belaganj,0,0,,196,10,1489,,113473.13279109563,240372540.95814112,0.0007450782840728759,0.0007450782840728759,180,0.13411409113311767
10-236-01490,BIHAR,Gaya,Khizirsarai,0,0,,196,10,1490,,103698.13096672995,223124430.97950032,0.0008156993861389161,0.0007270930756974654,165,0.11997035749008178
10-236-01492,BIHAR,Gaya,Muhra,0,0,,196,10,1492,,93681.45756176667,181269438.2139707,0.0008390209399032593,0.0007012518022241165,134,0.09396774149803161
10-236-01493,BIHAR,Gaya,Atri,0,0,,196,10,1493,,103075.15367958385,161340647.62451813,0.0008390209399032593,0.0007032204424212158,119,0.08368323264812469
10-236-01495,BIHAR,Gaya,Gaya Town C.D.Block,0,0,,196,10,1495,,91678.58033080616,224144813.6021213,0.0008156993861389161,0.000805610657272339,161,0.12970331582084657
10-236-01496,BIHAR,Gaya,Paraiya,0,0,,196,10,1496,,75593.31264449215,167300846.5298876,0.0008864573474121094,0.0008557955641937257,120,0.10269546770324708
10-236-01497,BIHAR,Gaya,Guraru,0,0,,196,10,1497,,81292.54933661391,199646285.7542363,0.0008864573474121094,0.0008864573474121096,147,0.13030923006958012
10-237-01512,BIHAR,Nawada,Nawada,0,0,,210,10,1512,,86822.75137888109,219317998.1072041,0.0008390209399032593,0.0008333344507324318,157,0.13083350876499178
10-236-01498,BIHAR,Gaya,Gurua,0,0,,196,10,1498,,117859.62964526065,238015237.1519128,0.0009488749797821045,0.0008947074353635932,173,0.15478438631790162
10-236-01499,BIHAR,Gaya,Amas,0,0,,196,10,1499,,100546.69423332924,128484051.44985774,0.0009488749797821045,0.0008938286417613782,95,0.08491372096733094
10-237-01517,BIHAR,Nawada,Roh,0,0,,210,10,1517,,77804.52626079548,192537548.9783989,0.0010111356061553957,0.0008300527835570442,144,0.11952760083221436
10-236-01500,BIHAR,Gaya,Banke Bazar,0,0,,196,10,1500,,85166.97220092022,256240042.68049288,0.0009488749797821045,0.0008767102797649753,186,0.1630681120362854
10-236-01501,BIHAR,Gaya,Imamganj,0,0,,196,10,1501,,136271.57775821586,316917295.57645696,0.0009488749797821045,0.0007047226288847345,239,0.16842870830345155
10-236-01502,BIHAR,Gaya,Dumaria,0,0,,196,10,1502,,119690.94596035974,390676703.928496,0.0006856860738372803,0.0006447135536627519,285,0.18374336279388429
10-236-01503,BIHAR,Gaya,Sherghati,0,0,,196,10,1503,,100322.2973073121,167902109.12194017,0.0009488749797821045,0.0009382159254424553,123,0.11540055882942199
10-238-01531,BIHAR,Jamui,Gidhaur,0,0,,198,10,1531,,55211.5633940527,100392309.18230554,0.0007023350829696656,0.0006318251005971274,75,0.047386882544784556
10-236-01504,BIHAR,Gaya,Dobhi,0,0,,196,10,1504,,103572.88994215836,218837778.49499393,0.0009488749797821045,0.0009406673934287312,161,0.15144745034202572
10-236-01505,BIHAR,Gaya,Bodh Gaya,0,0,,196,10,1505,,120948.91182130505,306843965.9119923,0.0009388642115783691,0.0008264891583384639,230,0.1900925064178467
10-236-01506,BIHAR,Gaya,Tan Kuppa,0,0,,196,10,1506,,108147.94853451202,190099968.23000297,0.0009388642115783691,0.0007191882393213529,134,0.09637122406906129
10-240-01542,BIHAR,Arwal,Arwal,0,0,,611,10,1542,,73924.8054791393,147787869.27798152,0.0007007936246490479,0.0006864201947865119,104,0.07138770025779724
10-236-01507,BIHAR,Gaya,Wazirganj,0,0,,196,10,1507,,105472.06999302967,323030583.61833626,0.0008156993861389161,0.0006752177231494451,236,0.15935138266326906
10-236-01508,BIHAR,Gaya,Fatehpur,0,0,,196,10,1508,,155359.44599717355,408449805.62920874,0.000661496258392334,0.0005847863067901763,304,0.1777750372642136
10-240-01543,BIHAR,Arwal,Kaler,0,0,,611,10,1543,,67777.19153730445,176075758.749563,0.0006454293022155762,0.0006374498575458089,131,0.08350593133850097
10-236-01509,BIHAR,Gaya,Mohanpur,0,0,,196,10,1509,,119906.24818546322,418796109.2883684,0.0009388642115783691,0.0007809217527252297,303,0.2366192910757446
10-240-01544,BIHAR,Arwal,Karpi,0,0,,611,10,1544,,158139.92638461498,234985661.7206014,0.0007265699165725708,0.0006928263934860673,172,0.11916613967960359
10-236-01510,BIHAR,Gaya,Barachatti,0,0,,196,10,1510,,138753.78132836288,366328956.31361085,0.0009388642115783691,0.0009036040637667568,275,0.24849111753585812
10-237-01513,BIHAR,Nawada,Warisaliganj,0,0,,210,10,1513,,109792.76918459819,202861050.3008767,0.0008390209399032593,0.0005288886093349846,147,0.07774662557224274
10-237-01514,BIHAR,Nawada,Kashi Chak,0,0,,210,10,1514,,73948.94452619922,98983451.20841853,0.0003434834117126465,0.0003434834117126465,72,0.02473080564331055
10-237-01515,BIHAR,Nawada,Pakribarawan,0,0,,210,10,1515,,104545.76938151139,251834567.85717744,0.0003434834117126465,0.00034348341171264656,184,0.06320094775512697
10-237-01516,BIHAR,Nawada,Kawakol,0,0,,210,10,1516,,121170.20018263235,362955647.76482904,0.0010111356061553957,0.0007979091747055199,266,0.21224384047166828
10-237-01518,BIHAR,Nawada,Gobindpur,0,0,,210,10,1518,,73133.35659787485,188189390.13263756,0.0010111356061553957,0.0009374936932574682,140,0.13124911705604556
10-237-01519,BIHAR,Nawada,Akbarpur,0,0,,210,10,1519,,91268.2921062847,249541236.96202633,0.0007398232954788209,0.000739823295478821,184,0.13612748636810307
10-237-01520,BIHAR,Nawada,Hisua,0,0,,210,10,1520,,85113.4923130193,144090762.99664384,0.0008390209399032593,0.0007280856730527143,104,0.0757209099974823
10-237-01521,BIHAR,Nawada,Narhat,0,0,,210,10,1521,,62856.50481924386,99624005.77002536,0.0007398232954788209,0.0007398232954788209,69,0.051047807388038643
10-237-01522,BIHAR,Nawada,Meskaur,0,0,,210,10,1522,,75185.00287586387,145604023.18435815,0.0007398232954788209,0.0006838754118456159,112,0.07659404612670898
10-237-01523,BIHAR,Nawada,Sirdala,0,0,,210,10,1523,,111278.51695598938,301894539.186342,0.0007398232954788209,0.000656072068714177,218,0.14302371097969058
10-237-01524,BIHAR,Nawada,Rajauli,0,0,,210,10,1524,,132370.86211000624,450216393.36794454,0.0010111356061553957,0.0006649961433746294,333,0.22144371574375157
10-238-01525,BIHAR,Jamui,Islamnagar Aliganj,0,0,,198,10,1525,,96153.77396855215,213408239.47295904,0.0007853744989585877,0.0004700538911900154,156,0.0733284070256424
10-238-01526,BIHAR,Jamui,Sikandra,0,0,,198,10,1526,,86788.2538333537,223096734.30010977,0.0007853744989585877,0.0004941160116530054,162,0.08004679388778688
10-238-01527,BIHAR,Jamui,Jamui,0,0,,198,10,1527,,90084.78430112793,212157753.6648698,0.0005733534078979493,0.000572137845046505,155,0.08868136598220827
10-238-01528,BIHAR,Jamui,Barhat,0,0,,198,10,1528,,114104.37581341481,270298087.1382075,0.0005733534078979493,0.0004773094360165669,197,0.09402995889526368
10-238-01529,BIHAR,Jamui,Lakshmipur,0,0,,198,10,1529,,112147.89260238525,307635253.00857943,0.0005733534078979493,0.0001528942421061198,225,0.034401204473876956
10-238-01530,BIHAR,Jamui,Jhajha,0,0,,198,10,1530,,147664.43327942316,507112726.974952,0.0007023350829696656,0.0006090860242605468,370,0.22536182897640233
10-238-01532,BIHAR,Jamui,Khaira,0,0,,198,10,1532,,142747.05687020053,513762691.7981683,0.0007853744989585877,0.0007180737261020853,377,0.2707137947404862
10-238-01533,BIHAR,Jamui,Sono,0,0,,198,10,1533,,117724.39892386932,474283005.7300444,0.0007023350829696656,0.0006929516595608732,349,0.24184012918674475
10-238-01534,BIHAR,Jamui,Chakai,0,0,,198,10,1534,,243956.2217086091,956725034.6798706,0.0007853744989585877,0.0006928102808119365,700,0.4849671965683556
10-239-01535,BIHAR,Jehanabad,Ratni Faridpur,0,0,,199,10,1535,,82762.53932271499,155018952.20303965,0.0007450782840728759,0.0007277338396085773,114,0.0829616577153778
10-239-01536,BIHAR,Jehanabad,Jehanabad,0,0,,199,10,1536,,97254.09844747804,201426556.69272655,0.0007445055383300781,0.0007445055383300782,148,0.11018681967285157
10-239-01537,BIHAR,Jehanabad,Kako,0,0,,199,10,1537,,83599.3529020472,162373941.78194478,0.0007445055383300781,0.0007445055383300781,118,0.08785165352294921
10-239-01538,BIHAR,Jehanabad,Modanganj,0,0,,199,10,1538,,66522.90037500951,97205276.85869928,0.0007445055383300781,0.0007173654834338203,69,0.0494982183569336
10-239-01539,BIHAR,Jehanabad,Ghoshi,0,0,,199,10,1539,,82931.95174196921,112225161.55433495,0.0007450782840728759,0.0007393183250822504,83,0.06136342098182678
10-239-01540,BIHAR,Jehanabad,Makhdumpur,0,0,,199,10,1540,,128831.72570768485,301471679.33572614,0.0007450782840728759,0.0007450149389215988,217,0.16166824174598693
10-239-01541,BIHAR,Jehanabad,Hulasganj,0,0,,199,10,1541,,87179.53907708311,119677697.18988888,0.0007450782840728759,0.0007174203405702379,90,0.0645678306513214
10-240-01545,BIHAR,Arwal,Sonbhadra Banshi Suryapur,0,0,,611,10,1545,,62692.97791397586,116643000.97724338,0.0007265699165725708,0.0007203587618922038,83,0.059789777237052914
10-240-01546,BIHAR,Arwal,Kurtha,0,0,,611,10,1546,,71585.17106640573,106433073.5354984,0.0007265699165725708,0.0007140122358918801,78,0.055692954399566647
10-224-01334,BIHAR,Bhagalpur,Gopalpur,0,0,,192,10,1334,,95407.9186210158,208941966.91883087,0.0,0.0,153,0.0
10-210-01127,BIHAR,Kishanganj,Kishanganj,0,0,,203,10,1127,,125268.33771117091,207105687.55921903,0.0,0.0,152,0.0
10-206-01064,BIHAR,Sitamarhi,Suppi,0,0,,221,10,1064,,71084.15120823232,92250451.53846286,0.0,0.0,66,0.0
10-234-01463,BIHAR,Rohtas,Nasriganj,0,0,,215,10,1463,,90034.07903274363,167356919.18355417,0.0005754030465698243,0.0004729290578448584,126,0.05958906128845216
10-234-01464,BIHAR,Rohtas,Rajpur,0,0,,215,10,1464,,68660.48684625747,85633596.4997788,0.00044460074714660643,0.0004446007471466064,63,0.028009847070236203
10-234-01465,BIHAR,Rohtas,Sanjhauli,0,0,,215,10,1465,,56591.722358052,83833486.39015438,0.000535066583557129,0.0005178349956694104,63,0.03262360472717286
10-203-01023,BIHAR,Pashchim Champaran,Thakrahan,0,0,,211,10,1023,,79847.09402015881,199004696.79409248,0.0,0.0,145,0.0
10-204-01054,BIHAR,Purbi Champaran,Phenhara,0,0,,213,10,1054,,44565.43736457999,67645025.94776015,0.0,0.0,51,0.0
10-219-01262,BIHAR,Saran,Maker,0,0,,218,10,1262,,62357.8736467211,96585777.9808088,0.0,0.0,71,0.0
10-220-01282,BIHAR,Vaishali,Sahdai Buzurg,0,0,,224,10,1282,,74546.65030748869,114161677.3631406,0.0,0.0,84,0.0
10-229-01388,BIHAR,Nalanda,Tharthari,0,0,,209,10,1388,,71853.42144919158,77411758.12428828,0.0006602498980712891,0.000609741959415012,54,0.03292606580841065
10-229-01389,BIHAR,Nalanda,Parbalpur,0,0,,209,10,1389,,54466.2339431045,76043839.88376136,0.0006602498980712891,0.0006490104941395352,56,0.03634458767181397
10-203-01022,BIHAR,Pashchim Champaran,Bhitaha,0,0,,211,10,1022,,72626.86760213553,166969906.7472905,0.0,0.0,117,0.0
10-203-01013,BIHAR,Pashchim Champaran,Sidhaw,0,0,,211,10,1013,,195582.3602130639,1085337194.6715722,0.0,0.0,781,0.0
10-203-01014,BIHAR,Pashchim Champaran,Ramnagar,0,0,,211,10,1014,,230865.78384139363,866139404.2451236,0.0,0.0,621,0.0
10-203-01015,BIHAR,Pashchim Champaran,Gaunaha,0,0,,211,10,1015,,136504.94021895694,605322845.3823951,0.0,0.0,441,0.0
10-203-01016,BIHAR,Pashchim Champaran,Mainatanr,0,0,,211,10,1016,,115419.13930249632,312998546.4010918,0.0,0.0,221,0.0
10-203-01017,BIHAR,Pashchim Champaran,Narkatiaganj,0,0,,211,10,1017,,149144.20649331805,441857686.2127825,0.0,0.0,314,0.0
10-203-01018,BIHAR,Pashchim Champaran,Lauriya,0,0,,211,10,1018,,120853.32018665274,255440417.54612216,0.0,0.0,183,0.0
10-203-01019,BIHAR,Pashchim Champaran,Bagaha,0,0,,211,10,1019,,135587.24079810514,491292931.53180623,0.0,0.0,352,0.0
10-203-01021,BIHAR,Pashchim Champaran,Madhubani,0,0,,211,10,1021,,144670.82201821523,386116138.1353823,0.0,0.0,276,0.0
10-203-01024,BIHAR,Pashchim Champaran,Jogapatti,0,0,,211,10,1024,,88530.23644360513,258722436.3759333,0.0,0.0,186,0.0
10-203-01029,BIHAR,Pashchim Champaran,Bairia,0,0,,211,10,1029,,105039.82861382668,288505226.87341565,0.0,0.0,208,0.0
10-203-01025,BIHAR,Pashchim Champaran,Chanpatia,0,0,,211,10,1025,,113543.7602983494,310017349.34780717,0.0,0.0,226,0.0
10-206-01071,BIHAR,Sitamarhi,Parsauni,0,0,,221,10,1071,,63729.135625112256,74724139.64418457,0.0,0.0,55,0.0
10-203-01026,BIHAR,Pashchim Champaran,Sikta,0,0,,211,10,1026,,93443.22825707054,255004178.86147365,0.0,0.0,183,0.0
10-203-01027,BIHAR,Pashchim Champaran,Majhaulia,0,0,,211,10,1027,,123374.4030721297,371511179.15939575,0.0,0.0,265,0.0
10-203-01028,BIHAR,Pashchim Champaran,Bettiah,0,0,,211,10,1028,,53968.26030594324,83182055.35378212,0.0,0.0,59,0.0
10-203-01030,BIHAR,Pashchim Champaran,Nautan,0,0,,211,10,1030,,122656.63983711715,245738630.13883996,0.0,0.0,171,0.0
10-204-01031,BIHAR,Purbi Champaran,Raxaul,0,0,,213,10,1031,,98709.78801801558,166685360.13968688,0.0,0.0,124,0.0
10-206-01072,BIHAR,Sitamarhi,Belsand,0,0,,221,10,1072,,66235.5873217276,97354060.86547032,0.0,0.0,70,0.0
10-206-01073,BIHAR,Sitamarhi,Runisaidpur,0,0,,221,10,1073,,152472.54206325076,334873257.0825382,0.0,0.0,243,0.0
10-204-01032,BIHAR,Purbi Champaran,Adapur,0,0,,213,10,1032,,94532.37688292323,199608924.7111849,0.0,0.0,148,0.0
10-206-01074,BIHAR,Sitamarhi,Dumra,0,0,,221,10,1074,,111649.34177378344,241159212.36062923,0.0,0.0,178,0.0
10-204-01033,BIHAR,Purbi Champaran,Ramgarhwa,0,0,,213,10,1033,,90718.26831189607,213035907.5226096,0.0,0.0,154,0.0
10-204-01034,BIHAR,Purbi Champaran,Sugauli,0,0,,213,10,1034,,84892.41923436844,209336830.19001696,0.0,0.0,149,0.0
10-204-01038,BIHAR,Purbi Champaran,Ghorasahan,0,0,,213,10,1038,,75335.10865687576,144368243.47105,0.0,0.0,104,0.0
10-204-01035,BIHAR,Purbi Champaran,Banjaria,0,0,,213,10,1035,,102381.40449613356,176960195.87167916,0.0,0.0,124,0.0
10-204-01047,BIHAR,Purbi Champaran,Kesaria,0,0,,213,10,1047,,87546.8206889307,229535442.11688668,0.0,0.0,168,0.0
10-204-01036,BIHAR,Purbi Champaran,Narkatia,0,0,,213,10,1036,,105607.09704406632,168338010.30978012,0.0,0.0,120,0.0
10-204-01037,BIHAR,Purbi Champaran,Bankatwa,0,0,,213,10,1037,,99233.37216886049,115311013.90225838,0.0,0.0,82,0.0
10-204-01039,BIHAR,Purbi Champaran,Dhaka,0,0,,213,10,1039,,97673.73467814895,202386545.86227983,0.0,0.0,145,0.0
10-204-01048,BIHAR,Purbi Champaran,Kalyanpur,0,0,,213,10,1048,,109413.20044555076,313300912.50613195,0.0,0.0,230,0.0
10-204-01040,BIHAR,Purbi Champaran,Chiraia,0,0,,213,10,1040,,110764.71696779084,272984575.32652414,0.0,0.0,199,0.0
10-204-01041,BIHAR,Purbi Champaran,Motihari,0,0,,213,10,1041,,181544.26702654368,319814691.13850176,0.0,0.0,241,0.0
10-204-01049,BIHAR,Purbi Champaran,Kotwa,0,0,,213,10,1049,,78879.98205471091,178282937.71225017,0.0,0.0,126,0.0
10-204-01042,BIHAR,Purbi Champaran,Turkaulia,0,0,,213,10,1042,,99475.78497366334,174748315.94966665,0.0,0.0,130,0.0
10-204-01050,BIHAR,Purbi Champaran,Piprakothi,0,0,,213,10,1050,,58369.33889310607,62223774.49301849,0.0,0.0,45,0.0
10-204-01043,BIHAR,Purbi Champaran,Harsidhi,0,0,,213,10,1043,,133904.34238337883,240218359.62130272,0.0,0.0,173,0.0
10-204-01044,BIHAR,Purbi Champaran,Paharpur,0,0,,213,10,1044,,108730.62076802726,192061375.0173064,0.0,0.0,144,0.0
10-204-01045,BIHAR,Purbi Champaran,Areraj,0,0,,213,10,1045,,93331.67353690567,242725576.26244012,0.0,0.0,174,0.0
10-204-01046,BIHAR,Purbi Champaran,Sangrampur,0,0,,213,10,1046,,78133.67961210197,187659878.02718252,0.0,0.0,133,0.0
10-204-01051,BIHAR,Purbi Champaran,Chakia(Pipra),0,0,,213,10,1051,,129110.66914194856,212940547.80779588,0.0,0.0,145,0.0
10-204-01052,BIHAR,Purbi Champaran,Pakri Dayal,0,0,,213,10,1052,,90143.40730437863,148110040.62869397,0.0,0.0,106,0.0
10-204-01053,BIHAR,Purbi Champaran,Patahi,0,0,,213,10,1053,,85994.51677214028,144960443.14880535,0.0,0.0,100,0.0
10-204-01055,BIHAR,Purbi Champaran,Madhuban,0,0,,213,10,1055,,112681.00006095257,152424272.44650427,0.0,0.0,114,0.0
10-204-01056,BIHAR,Purbi Champaran,Tetaria,0,0,,213,10,1056,,82320.72754353678,104458405.63845472,0.0,0.0,74,0.0
10-205-01058,BIHAR,Sheohar,Purnahiya,0,0,,220,10,1058,,57294.126150412616,80859097.14068061,0.0,0.0,59,0.0
10-204-01057,BIHAR,Purbi Champaran,Mehsi,0,0,,213,10,1057,,125063.78039343117,149773808.08158112,0.0,0.0,108,0.0
10-205-01059,BIHAR,Sheohar,Piprarhi,0,0,,220,10,1059,,105870.45511307275,104265216.9562483,0.0,0.0,77,0.0
10-205-01060,BIHAR,Sheohar,Sheohar,0,0,,220,10,1060,,81007.5322908237,115638983.35873616,0.0,0.0,83,0.0
10-205-01061,BIHAR,Sheohar,Dumri Katsari,0,0,,220,10,1061,,65038.65439014734,84655470.24819931,0.0,0.0,59,0.0
10-205-01062,BIHAR,Sheohar,Tariani Chowk,0,0,,220,10,1062,,97491.22869259815,171878914.60720828,0.0,0.0,126,0.0
10-206-01063,BIHAR,Sitamarhi,Bairgania,0,0,,221,10,1063,,59598.621146511534,94417571.99630062,0.0,0.0,70,0.0
10-206-01065,BIHAR,Sitamarhi,Majorganj,0,0,,221,10,1065,,62808.55729710282,95411217.42446172,0.0,0.0,68,0.0
10-206-01066,BIHAR,Sitamarhi,Sonbarsa,0,0,,221,10,1066,,92820.94699371175,224104085.6083578,0.0,0.0,155,0.0
10-206-01067,BIHAR,Sitamarhi,Parihar,0,0,,221,10,1067,,86838.20299610356,272812569.4060281,0.0,0.0,197,0.0
10-207-01095,BIHAR,Madhubani,Rajnagar,0,0,,206,10,1095,,78809.12744912357,223111125.2667772,0.0,0.0,158,0.0
10-206-01068,BIHAR,Sitamarhi,Sursand,0,0,,221,10,1068,,91215.71647520129,181412871.1123928,0.0,0.0,134,0.0
10-206-01069,BIHAR,Sitamarhi,Bathnaha,0,0,,221,10,1069,,120764.04051803834,251403523.12922087,0.0,0.0,185,0.0
10-206-01070,BIHAR,Sitamarhi,Riga,0,0,,221,10,1070,,129433.73210860479,163724219.02092636,0.0,0.0,114,0.0
10-210-01123,BIHAR,Kishanganj,Thakurganj,0,0,,203,10,1123,,224971.2940646554,491161543.46963537,0.0,0.0,353,0.0
10-210-01124,BIHAR,Kishanganj,Pothia,0,0,,203,10,1124,,167388.9118766352,443844792.4531903,0.0,0.0,321,0.0
10-210-01125,BIHAR,Kishanganj,Bahadurganj,0,0,,203,10,1125,,155296.13881782343,347494200.8377232,0.0,0.0,251,0.0
10-210-01126,BIHAR,Kishanganj,Kochadhamin,0,0,,203,10,1126,,139640.52665725534,360840233.8364798,0.0,0.0,258,0.0
10-211-01128,BIHAR,Purnia,Banmankhi,0,0,,214,10,1128,,142815.61519736593,459936087.34673214,0.0,0.0,333,0.0
10-206-01075,BIHAR,Sitamarhi,Bajpatti,0,0,,221,10,1075,,90407.29439213518,174303329.1783474,0.0,0.0,125,0.0
10-206-01076,BIHAR,Sitamarhi,Charaut,0,0,,221,10,1076,,85128.15752493152,91349700.81924292,0.0,0.0,62,0.0
10-206-01077,BIHAR,Sitamarhi,Pupri,0,0,,221,10,1077,,73992.24203369493,115338203.66308306,0.0,0.0,82,0.0
10-206-01078,BIHAR,Sitamarhi,Nanpur,0,0,,221,10,1078,,73315.01223618646,135892566.9983101,0.0,0.0,100,0.0
10-220-01283,BIHAR,Vaishali,Mahnar,0,0,,224,10,1283,,81638.1139853176,126474580.44313861,0.0,0.0,89,0.0
10-206-01079,BIHAR,Sitamarhi,Bokhara,0,0,,221,10,1079,,81978.13188098712,108574895.39827529,0.0,0.0,79,0.0
10-207-01080,BIHAR,Madhubani,Madhwapur,0,0,,206,10,1080,,88808.76172423853,137557654.90878707,0.0,0.0,103,0.0
10-207-01081,BIHAR,Madhubani,Harlakhi,0,0,,206,10,1081,,90217.76640094945,187441757.00046396,0.0,0.0,138,0.0
10-207-01082,BIHAR,Madhubani,Basopatti,0,0,,206,10,1082,,97634.90682970545,164238774.4639331,0.0,0.0,122,0.0
10-207-01089,BIHAR,Madhubani,Khajauli,0,0,,206,10,1089,,91171.28062794723,150968724.81279027,0.0,0.0,108,0.0
10-207-01083,BIHAR,Madhubani,Jainagar,0,0,,206,10,1083,,81489.61423509955,161880108.8306139,0.0,0.0,115,0.0
10-207-01090,BIHAR,Madhubani,Kaluahi,0,0,,206,10,1090,,62305.281593423286,101560283.08963235,0.0,0.0,75,0.0
10-207-01084,BIHAR,Madhubani,Ladania,0,0,,206,10,1084,,97928.14946240213,232665607.5684243,0.0,0.0,164,0.0
10-207-01085,BIHAR,Madhubani,Laukaha,0,0,,206,10,1085,,102032.19667129294,266340932.00179368,0.0,0.0,197,0.0
10-207-01086,BIHAR,Madhubani,Laukahi,0,0,,206,10,1086,,109679.24973352649,329223432.564553,0.0,0.0,237,0.0
10-207-01087,BIHAR,Madhubani,Phulparas,0,0,,206,10,1087,,117974.41186319289,199352334.8677591,0.0,0.0,140,0.0
10-207-01088,BIHAR,Madhubani,Babubarhi,0,0,,206,10,1088,,118996.04641992833,237192379.86086744,0.0,0.0,174,0.0
10-207-01091,BIHAR,Madhubani,Benipatti,0,0,,206,10,1091,,128414.2409747215,328987645.9449377,0.0,0.0,231,0.0
10-207-01092,BIHAR,Madhubani,Bisfi,0,0,,206,10,1092,,99754.46134559005,226192948.413646,0.0,0.0,165,0.0
10-207-01093,BIHAR,Madhubani,Madhubani,0,0,,206,10,1093,,109764.71764889831,200359220.56727448,0.0,0.0,142,0.0
10-207-01094,BIHAR,Madhubani,Pandaul,0,0,,206,10,1094,,102372.75527307783,208327489.63825428,0.0,0.0,148,0.0
10-207-01096,BIHAR,Madhubani,Andhratharhi,0,0,,206,10,1096,,97300.5167595078,186769445.10608673,0.0,0.0,134,0.0
10-207-01097,BIHAR,Madhubani,Jhanjharpur,0,0,,206,10,1097,,125261.96837896874,181284371.95402232,0.0,0.0,132,0.0
10-207-01098,BIHAR,Madhubani,Ghoghardiha,0,0,,206,10,1098,,114215.40677637524,211228851.4219488,0.0,0.0,159,0.0
10-207-01099,BIHAR,Madhubani,Lakhnaur,0,0,,206,10,1099,,72956.74167609161,146945623.14022,0.0,0.0,110,0.0
10-207-01100,BIHAR,Madhubani,Madhepur,0,0,,206,10,1100,,144505.38034518834,300452948.5687113,0.0,0.0,212,0.0
10-208-01101,BIHAR,Supaul,Nirmali,0,0,,223,10,1101,,123310.21889922836,162734364.67066902,0.0,0.0,118,0.0
10-208-01102,BIHAR,Supaul,Basantpur,0,0,,223,10,1102,,136288.63693043106,319456339.75100917,0.0,0.0,228,0.0
10-208-01103,BIHAR,Supaul,Chhatapur,0,0,,223,10,1103,,142271.17176584958,398825687.2446475,0.0,0.0,285,0.0
10-208-01104,BIHAR,Supaul,Pratapganj,0,0,,223,10,1104,,71155.69013184242,133032565.19323792,0.0,0.0,97,0.0
10-208-01105,BIHAR,Supaul,Raghopur,0,0,,223,10,1105,,111831.20983491397,255841046.48838165,0.0,0.0,187,0.0
10-221-01285,BIHAR,Samastipur,Warisnagar,0,0,,217,10,1285,,90241.30323013186,163846086.5162723,0.0,0.0,120,0.0
10-208-01106,BIHAR,Supaul,Saraigarh Bhaptiyahi,0,0,,223,10,1106,,105489.5116383213,257042943.27229512,0.0,0.0,189,0.0
10-208-01107,BIHAR,Supaul,Kishanpur,0,0,,223,10,1107,,125516.73810076228,248613546.3002807,0.0,0.0,177,0.0
10-208-01108,BIHAR,Supaul,Marauna,0,0,,223,10,1108,,114969.59778192453,206419565.01179272,0.0,0.0,149,0.0
10-208-01109,BIHAR,Supaul,Supaul,0,0,,223,10,1109,,122628.008173687,390920691.5720901,0.0,0.0,287,0.0
10-208-01110,BIHAR,Supaul,Pipra,0,0,,223,10,1110,,113516.78657800167,247320462.25611627,0.0,0.0,181,0.0
10-221-01287,BIHAR,Samastipur,Khanpur,0,0,,217,10,1287,,89337.20668890505,173313349.37261373,0.0,0.0,127,0.0
10-208-01111,BIHAR,Supaul,Tribeniganj,0,0,,223,10,1111,,136684.8917573132,402291551.99740016,0.0,0.0,290,0.0
10-209-01112,BIHAR,Araria,Narpatganj,0,0,,188,10,1112,,196352.82868709194,482872068.7863751,0.0,0.0,351,0.0
10-209-01113,BIHAR,Araria,Forbesganj,0,0,,188,10,1113,,165874.55860340688,546946456.996027,0.0,0.0,392,0.0
10-209-01114,BIHAR,Araria,Bhargama,0,0,,188,10,1114,,140909.75235341018,280499778.1128878,0.0,0.0,206,0.0
10-209-01115,BIHAR,Araria,Raniganj,0,0,,188,10,1115,,160625.61646677545,576910744.770993,0.0,0.0,418,0.0
10-209-01116,BIHAR,Araria,Araria,0,0,,188,10,1116,,192057.15187743204,506918787.2643526,0.0,0.0,371,0.0
10-209-01117,BIHAR,Araria,Kursakatta,0,0,,188,10,1117,,96566.38525637137,201032230.408231,0.0,0.0,147,0.0
10-209-01118,BIHAR,Araria,Sikti,0,0,,188,10,1118,,116798.35346995249,237753016.2819182,0.0,0.0,177,0.0
10-209-01119,BIHAR,Araria,Palasi,0,0,,188,10,1119,,132578.70192307016,306240761.34804773,0.0,0.0,222,0.0
10-209-01120,BIHAR,Araria,Jokihat,0,0,,188,10,1120,,155370.9524619173,341005127.7602247,0.0,0.0,246,0.0
10-210-01121,BIHAR,Kishanganj,Terhagachh,0,0,,203,10,1121,,121953.02658094271,245208326.38245347,0.0,0.0,175,0.0
10-210-01122,BIHAR,Kishanganj,Dighalbank,0,0,,203,10,1122,,147432.83262190674,314385668.4331173,0.0,0.0,224,0.0
10-211-01129,BIHAR,Purnia,Barhara,0,0,,214,10,1129,,111073.17449432175,288009141.38478667,0.0,0.0,212,0.0
10-211-01130,BIHAR,Purnia,Bhawanipur,0,0,,214,10,1130,,116656.34435182877,201938838.4795833,0.0,0.0,147,0.0
10-211-01131,BIHAR,Purnia,Rupauli,0,0,,214,10,1131,,113946.660566684,308195114.8462847,0.0,0.0,227,0.0
10-211-01132,BIHAR,Purnia,Dhamdaha,0,0,,214,10,1132,,135370.01293426772,446856166.039676,0.0,0.0,326,0.0
10-211-01133,BIHAR,Purnia,Krityanand Nagar,0,0,,214,10,1133,,149407.41850079046,364443041.21247435,0.0,0.0,274,0.0
10-211-01134,BIHAR,Purnia,Purnia East,0,0,,214,10,1134,,127662.13358515713,309272824.56310594,0.0,0.0,228,0.0
10-211-01135,BIHAR,Purnia,Kasba,0,0,,214,10,1135,,130095.64608516233,215123054.3424731,0.0,0.0,154,0.0
10-211-01136,BIHAR,Purnia,Srinagar,0,0,,214,10,1136,,106220.57404900706,172405807.6412187,0.0,0.0,122,0.0
10-211-01137,BIHAR,Purnia,Jalalgarh,0,0,,214,10,1137,,87146.39992638786,142107808.6772385,0.0,0.0,102,0.0
10-211-01138,BIHAR,Purnia,Amour,0,0,,214,10,1138,,141371.93624621196,307011870.96961224,0.0,0.0,225,0.0
10-211-01139,BIHAR,Purnia,Baisa,0,0,,214,10,1139,,132173.35304950457,275191667.549805,0.0,0.0,197,0.0
10-211-01140,BIHAR,Purnia,Baisi,0,0,,214,10,1140,,118169.54825440844,253873549.02719215,0.0,0.0,187,0.0
10-211-01141,BIHAR,Purnia,Dagarua,0,0,,214,10,1141,,129309.28146976323,257465778.6329552,0.0,0.0,180,0.0
10-212-01142,BIHAR,Katihar,Falka,0,0,,201,10,1142,,100518.70580952488,208374539.8829749,0.0,0.0,150,0.0
10-212-01143,BIHAR,Katihar,Korha,0,0,,201,10,1143,,137118.64195203967,368801327.90483874,0.0,0.0,273,0.0
10-212-01144,BIHAR,Katihar,Hasanganj,0,0,,201,10,1144,,78227.29832785497,86155111.41022065,0.0,0.0,62,0.0
10-212-01145,BIHAR,Katihar,Kadwa,0,0,,201,10,1145,,157692.68144088247,420129854.10490626,0.0,0.0,307,0.0
10-212-01146,BIHAR,Katihar,Balrampur,0,0,,201,10,1146,,141815.18317465586,216253207.31133217,0.0,0.0,151,0.0
10-212-01147,BIHAR,Katihar,Barsoi,0,0,,201,10,1147,,172308.8160052511,357713388.6445612,0.0,0.0,261,0.0
10-212-01148,BIHAR,Katihar,Azamnagar,0,0,,201,10,1148,,141791.77759222616,349759708.1212404,0.0,0.0,253,0.0
10-221-01290,BIHAR,Samastipur,Tajpur,0,0,,217,10,1290,,57166.77792153786,83856612.1105223,0.0,0.0,61,0.0
10-212-01149,BIHAR,Katihar,Pranpur,0,0,,201,10,1149,,111803.70370561493,191475637.62126103,0.0,0.0,141,0.0
10-212-01150,BIHAR,Katihar,Dandkhora,0,0,,201,10,1150,,70987.07501110679,111201189.06340708,0.0,0.0,81,0.0
10-212-01151,BIHAR,Katihar,Katihar,0,0,,201,10,1151,,76845.81968857624,136830037.77828172,0.0,0.0,100,0.0
10-212-01152,BIHAR,Katihar,Mansahi,0,0,,201,10,1152,,73279.06289841712,97405011.1871763,0.0,0.0,73,0.0
10-212-01155,BIHAR,Katihar,Kursela,0,0,,201,10,1155,,80348.39413748268,153683091.52761996,0.0,0.0,117,0.0
10-212-01153,BIHAR,Katihar,Barari,0,0,,201,10,1153,,107333.93297446336,407446973.1478653,0.0,0.0,292,0.0
10-212-01154,BIHAR,Katihar,Sameli,0,0,,201,10,1154,,75105.36277909,118027198.2496544,0.0,0.0,81,0.0
10-212-01156,BIHAR,Katihar,Manihari,0,0,,201,10,1156,,130162.81635074862,303859830.4099729,0.0,0.0,221,0.0
10-212-01157,BIHAR,Katihar,Amdabad,0,0,,201,10,1157,,103742.71814675455,228302986.79665467,0.0,0.0,164,0.0
10-213-01158,BIHAR,Madhepura,Gamharia,0,0,,205,10,1158,,80141.00377515821,125479849.27382244,0.0,0.0,89,0.0
10-213-01160,BIHAR,Madhepura,Ghailarh,0,0,,205,10,1160,,78865.70647224285,116219722.2388165,0.0,0.0,83,0.0
10-213-01159,BIHAR,Madhepura,Singheshwar,0,0,,205,10,1159,,111627.30849980874,111167268.35246354,0.0,0.0,78,0.0
10-216-01210,BIHAR,Muzaffarpur,Bandra,0,0,,208,10,1210,,74293.85759884378,142020443.31484023,0.0,0.0,103,0.0
10-213-01161,BIHAR,Madhepura,Madhepura,0,0,,205,10,1161,,115084.47931226583,237801277.85767865,0.0,0.0,175,0.0
10-213-01162,BIHAR,Madhepura,Shankarpur,0,0,,205,10,1162,,63984.56408470212,128790837.874554,0.0,0.0,94,0.0
10-213-01163,BIHAR,Madhepura,Kumarkhand,0,0,,205,10,1163,,118191.24796123093,316976886.68211347,0.0,0.0,230,0.0
10-213-01164,BIHAR,Madhepura,Murliganj,0,0,,205,10,1164,,94211.11378994165,247086114.21145928,0.0,0.0,179,0.0
10-221-01293,BIHAR,Samastipur,Mohanpur,0,0,,217,10,1293,,74468.46489139357,163000016.77407515,0.0,0.0,120,0.0
10-213-01165,BIHAR,Madhepura,Gwalpara,0,0,,205,10,1165,,78037.2495556277,147267353.58482873,0.0,0.0,109,0.0
10-214-01172,BIHAR,Saharsa,Satar Kataiya,0,0,,216,10,1172,,77878.75925155886,177382280.64763528,0.0,0.0,130,0.0
10-213-01166,BIHAR,Madhepura,Bihariganj,0,0,,205,10,1166,,79669.40805645821,133818744.70956944,0.0,0.0,98,0.0
10-216-01211,BIHAR,Muzaffarpur,Dholi (Moraul),0,0,,208,10,1211,,63030.361633940505,73298422.6275262,0.0,0.0,50,0.0
10-213-01167,BIHAR,Madhepura,Kishanganj,0,0,,205,10,1167,,99817.47531025465,188055937.5971522,0.0,0.0,133,0.0
10-216-01212,BIHAR,Muzaffarpur,Musahri,0,0,,208,10,1212,,211487.75457487197,365415439.5943066,0.0,0.0,267,0.0
10-213-01168,BIHAR,Madhepura,Puraini,0,0,,205,10,1168,,63416.842365887525,103114850.3546553,0.0,0.0,76,0.0
10-214-01174,BIHAR,Saharsa,Kahara,0,0,,216,10,1174,,81070.16203244023,176788302.3737116,0.0,0.0,128,0.0
10-213-01169,BIHAR,Madhepura,Alamnagar,0,0,,205,10,1169,,94357.42058114092,211989804.11375904,0.0,0.0,151,0.0
10-213-01170,BIHAR,Madhepura,Chausa,0,0,,205,10,1170,,87285.75133964,172516848.53860697,0.0,0.0,124,0.0
10-214-01171,BIHAR,Saharsa,Nauhatta,0,0,,216,10,1171,,93228.84620468391,212763144.21707585,0.0,0.0,151,0.0
10-217-01227,BIHAR,Gopalganj,Sidhwalia,0,0,,197,10,1227,,69457.48217743407,152022198.31601515,0.0,0.0,109,0.0
10-214-01173,BIHAR,Saharsa,Mahishi,0,0,,216,10,1173,,106372.46434789852,273075178.2794974,0.0,0.0,195,0.0
10-214-01175,BIHAR,Saharsa,Saur Bazar,0,0,,216,10,1175,,88121.22998090234,233228921.9025612,0.0,0.0,171,0.0
10-214-01176,BIHAR,Saharsa,Patarghat,0,0,,216,10,1176,,67497.21582029684,149681422.04156074,0.0,0.0,105,0.0
10-214-01177,BIHAR,Saharsa,Sonbarsa,0,0,,216,10,1177,,90185.02153799882,263952116.041209,0.0,0.0,193,0.0
10-216-01199,BIHAR,Muzaffarpur,Sahebganj,0,0,,208,10,1199,,80060.99972290538,253055918.70266867,0.0,0.0,189,0.0
10-214-01178,BIHAR,Saharsa,Simri Bakhtiarpur,0,0,,216,10,1178,,119116.35548129058,266466354.66217396,0.0,0.0,194,0.0
10-214-01179,BIHAR,Saharsa,Salkhua,0,0,,216,10,1179,,82412.26684571667,221182533.93573853,0.0,0.0,163,0.0
10-214-01180,BIHAR,Saharsa,Banma Itahri,0,0,,216,10,1180,,54286.501575749484,92822449.4552088,0.0,0.0,68,0.0
10-215-01181,BIHAR,Darbhanga,Jale,0,0,,195,10,1181,,112473.57051363293,234172285.01568127,0.0,0.0,171,0.0
10-215-01182,BIHAR,Darbhanga,Singhwara,0,0,,195,10,1182,,121368.62688362494,223279889.67870736,0.0,0.0,162,0.0
10-215-01183,BIHAR,Darbhanga,Keotiranway,0,0,,195,10,1183,,89515.08566239705,180205403.4644349,0.0,0.0,131,0.0
10-215-01184,BIHAR,Darbhanga,Darbhanga,0,0,,195,10,1184,,131883.04966973627,240721362.1475316,0.0,0.0,174,0.0
10-215-01185,BIHAR,Darbhanga,Manigachhi,0,0,,195,10,1185,,96856.01003306538,158887287.31255177,0.0,0.0,114,0.0
10-215-01186,BIHAR,Darbhanga,Tardih,0,0,,195,10,1186,,96398.42232606321,109520018.96976715,0.0,0.0,79,0.0
10-215-01187,BIHAR,Darbhanga,Alinagar,0,0,,195,10,1187,,105560.56246873255,146523357.5416611,0.0,0.0,105,0.0
10-215-01188,BIHAR,Darbhanga,Benipur,0,0,,195,10,1188,,118482.30854716274,204643530.87647069,0.0,0.0,150,0.0
10-215-01189,BIHAR,Darbhanga,Bahadurpur,0,0,,195,10,1189,,155637.00049509996,221161760.4253616,0.0,0.0,158,0.0
10-215-01190,BIHAR,Darbhanga,Hanumannagar,0,0,,195,10,1190,,114393.83215098479,181536916.32106537,0.0,0.0,130,0.0
10-215-01191,BIHAR,Darbhanga,Hayaghat,0,0,,195,10,1191,,66118.49929402806,108810529.75916524,0.0,0.0,77,0.0
10-215-01192,BIHAR,Darbhanga,Baheri,0,0,,195,10,1192,,128629.1579498372,271307286.95794886,0.0,0.0,195,0.0
10-215-01193,BIHAR,Darbhanga,Biraul,0,0,,195,10,1193,,135706.32971678255,230203939.26841983,0.0,0.0,167,0.0
10-215-01194,BIHAR,Darbhanga,Ghanshyampur,0,0,,195,10,1194,,76766.91373126305,103945643.9979024,0.0,0.0,78,0.0
10-215-01195,BIHAR,Darbhanga,Kiratpur,0,0,,195,10,1195,,78793.19278562842,78915927.53877336,0.0,0.0,60,0.0
10-215-01196,BIHAR,Darbhanga,Gora Bauram,0,0,,195,10,1196,,99804.03366816713,145653476.81698695,0.0,0.0,104,0.0
10-215-01197,BIHAR,Darbhanga,Kusheshwar Asthan,0,0,,195,10,1197,,87220.16498537568,144130520.9401011,0.0,0.0,107,0.0
10-215-01198,BIHAR,Darbhanga,Kusheshwar Asthan Purbi,0,0,,195,10,1198,,91858.86035222423,150084285.43545517,0.0,0.0,112,0.0
10-216-01200,BIHAR,Muzaffarpur,Baruraj (Motipur),0,0,,208,10,1200,,125110.13599018812,365259305.4740948,0.0,0.0,263,0.0
10-216-01201,BIHAR,Muzaffarpur,Paroo,0,0,,208,10,1201,,136934.87791145188,413033977.3448192,0.0,0.0,295,0.0
10-216-01202,BIHAR,Muzaffarpur,Saraiya,0,0,,208,10,1202,,155820.80051537574,301402655.1404849,0.0,0.0,218,0.0
10-216-01203,BIHAR,Muzaffarpur,Marwan,0,0,,208,10,1203,,84959.92762229654,138736310.53842777,0.0,0.0,101,0.0
10-216-01204,BIHAR,Muzaffarpur,Kanti,0,0,,208,10,1204,,97122.90469976026,124757584.36625764,0.0,0.0,91,0.0
10-216-01205,BIHAR,Muzaffarpur,Minapur,0,0,,208,10,1205,,166218.11946715685,316124209.98756105,0.0,0.0,228,0.0
10-216-01206,BIHAR,Muzaffarpur,Bochaha,0,0,,208,10,1206,,126044.68100944142,233148755.94160384,0.0,0.0,167,0.0
10-216-01207,BIHAR,Muzaffarpur,Aurai,0,0,,208,10,1207,,101267.16719990574,247748190.77792475,0.0,0.0,177,0.0
10-216-01208,BIHAR,Muzaffarpur,Katra,0,0,,208,10,1208,,118891.9342746819,235108975.17115793,0.0,0.0,171,0.0
10-216-01209,BIHAR,Muzaffarpur,Gaighat,0,0,,208,10,1209,,111008.49869520529,259762671.68662548,0.0,0.0,191,0.0
10-216-01213,BIHAR,Muzaffarpur,Kurhani,0,0,,208,10,1213,,108106.10574110712,256354911.2077163,0.0,0.0,187,0.0
10-216-01214,BIHAR,Muzaffarpur,Sakra,0,0,,208,10,1214,,105121.4777371614,236360031.18726787,0.0,0.0,175,0.0
10-217-01215,BIHAR,Gopalganj,Katiya,0,0,,197,10,1215,,94755.55253264701,158441587.458013,0.000459016512298584,0.00036065583109174456,112,0.04039345308227539
10-217-01216,BIHAR,Gopalganj,Bijaipur,0,0,,197,10,1216,,81309.59717969262,163112176.36717936,0.000459016512298584,0.00045901651229858406,120,0.055081981475830086
10-217-01217,BIHAR,Gopalganj,Bhorey,0,0,,197,10,1217,,78790.65552761848,196013266.46535653,0.000459016512298584,0.00023907110015551253,144,0.034426238422393805
10-217-01218,BIHAR,Gopalganj,Pach Deuri,0,0,,197,10,1218,,53698.212932643866,118295317.11973979,0.0,0.0,85,0.0
10-217-01219,BIHAR,Gopalganj,Kuchaikote,0,0,,197,10,1219,,101077.28158428885,316078491.04748106,0.0,0.0,226,0.0
10-217-01220,BIHAR,Gopalganj,Phulwaria,0,0,,197,10,1220,,81339.22200232239,118763292.85091434,0.0,0.0,89,0.0
10-217-01221,BIHAR,Gopalganj,Hathua,0,0,,197,10,1221,,91546.96202775641,183613061.83342972,0.0003413479874801636,0.00022577347203412397,127,0.028673230948333742
10-217-01222,BIHAR,Gopalganj,Uchkagaon,0,0,,197,10,1222,,80102.93001981139,142235093.67043933,0.0003413479874801636,2.254184822982213e-05,106,0.0023894359123611455
10-217-01223,BIHAR,Gopalganj,Thawe,0,0,,197,10,1223,,57244.55575246375,89300191.60424533,0.0003413479874801636,5.333562304377556e-06,64,0.0003413479874801636
10-217-01224,BIHAR,Gopalganj,Gopalganj,0,0,,197,10,1224,,110313.13172782106,244420793.60160467,0.0,0.0,182,0.0
10-218-01232,BIHAR,Siwan,Goriakothi,0,0,,222,10,1232,,73201.39147651673,174963939.23516312,0.0,0.0,127,0.0
10-217-01225,BIHAR,Gopalganj,Manjha,0,0,,197,10,1225,,80242.78538873792,179389027.9828925,0.0,0.0,131,0.0
10-217-01226,BIHAR,Gopalganj,Barauli,0,0,,197,10,1226,,105754.79057670098,232227972.12586737,0.0,0.0,170,0.0
10-217-01228,BIHAR,Gopalganj,Baikunthpur,0,0,,197,10,1228,,97825.58906166903,256614409.24172768,0.0,0.0,185,0.0
10-218-01229,BIHAR,Siwan,Nautan,0,0,,222,10,1229,,58324.35348563096,81827813.66620097,0.0003413479874801636,0.0003413479874801636,58,0.01979818327384949
10-218-01230,BIHAR,Siwan,Siwan,0,0,,222,10,1230,,92599.06904644772,168879532.28230655,0.0003413479874801636,0.0003124201919309973,118,0.03686558264785768
10-218-01235,BIHAR,Siwan,Bhagwanpur Hat,0,0,,222,10,1235,,86430.4184146014,189582799.91524476,0.00038507608619689943,6.138894127776658e-05,138,0.008471673896331787
10-218-01231,BIHAR,Siwan,Barharia,0,0,,222,10,1231,,90315.6629531122,219606934.01516393,0.0003413479874801636,6.4002747652530665e-06,160,0.0010240439624404907
10-218-01233,BIHAR,Siwan,Lakri Nabiganj,0,0,,222,10,1233,,79648.98713303795,120773104.6039552,0.0,0.0,88,0.0
10-218-01234,BIHAR,Siwan,Basantpur,0,0,,222,10,1234,,57871.378293950496,76675463.02480637,0.0,0.0,56,0.0
10-218-01236,BIHAR,Siwan,Maharajganj,0,0,,222,10,1236,,119387.58843212528,142817377.5161484,0.00038507608619689943,0.00014580550836581626,103,0.015017967361679076
10-218-01237,BIHAR,Siwan,Pachrukhi,0,0,,222,10,1237,,99183.2392802834,160709761.40986398,0.0003413479874801636,1.4587520832485624e-05,117,0.001706739937400818
10-218-01238,BIHAR,Siwan,Hussainganj,0,0,,222,10,1238,,68784.84800107122,105975934.30464326,0.0003413479874801636,0.00030116595029366987,74,0.02228628032173157
10-218-01239,BIHAR,Siwan,Ziradei,0,0,,222,10,1239,,98825.50869312549,152221780.48504183,0.0003413479874801636,0.0003408013954712464,111,0.03782895489730835
10-218-01240,BIHAR,Siwan,Mairwa,0,0,,222,10,1240,,65279.2242200428,88898123.37504825,0.0005351832249832154,0.0003501586800939387,66,0.023110472886199954
10-218-01242,BIHAR,Siwan,Darauli,0,0,,222,10,1242,,90305.00161970501,214758375.6239279,0.0005351832249832154,0.00034678035377404,155,0.053750954834976196
10-218-01241,BIHAR,Siwan,Guthani,0,0,,222,10,1241,,78778.78773845347,115110806.99004474,0.0005351832249832154,0.0005210001588244555,82,0.04272201302360535
10-219-01248,BIHAR,Saran,Mashrakh,0,0,,218,10,1248,,82075.7710341599,165898243.02109933,0.0,0.0,121,0.0
10-218-01243,BIHAR,Siwan,Andar,0,0,,222,10,1243,,83358.60866933218,125625010.62434034,0.0003413479874801636,0.0002876500346041273,87,0.025025553010559077
10-219-01249,BIHAR,Saran,Panapur,0,0,,218,10,1249,,75875.09329534958,182360909.7404776,0.0,0.0,128,0.0
10-218-01244,BIHAR,Siwan,Raghunathpur,0,0,,222,10,1244,,87824.68008836384,193566358.3438411,0.00028067627449035644,0.00028067627449035644,143,0.04013670725212097
10-219-01250,BIHAR,Saran,Taraiya,0,0,,218,10,1250,,53629.0613522338,97307015.09151264,0.0,0.0,74,0.0
10-218-01245,BIHAR,Siwan,Hasanpura,0,0,,222,10,1245,,82786.09108287447,121956119.03175904,0.00038507608619689943,0.0003318238424551076,87,0.02886867429359436
10-219-01251,BIHAR,Saran,Ishupur,0,0,,218,10,1251,,62425.60798229613,109300191.56908256,0.0,0.0,76,0.0
10-218-01246,BIHAR,Siwan,Daraundha,0,0,,222,10,1246,,105400.53795370483,157911066.26165873,0.00038507608619689943,0.00033484877060599953,115,0.038507608619689944
10-219-01256,BIHAR,Saran,Jalalpur,0,0,,218,10,1256,,65042.73641147566,147549697.72689733,0.0005141015219116211,0.00017456164901157598,106,0.018503534795227053
10-218-01247,BIHAR,Siwan,Siswan,0,0,,222,10,1247,,98184.39847010886,155554872.77293277,0.00038507608619689943,0.0003540383043381975,111,0.03929825178153992
10-219-01259,BIHAR,Saran,Nagra,0,0,,218,10,1259,,43289.948409307304,65110006.46242106,0.0004415200282287598,0.00018788086307606805,47,0.008830400564575198
10-219-01252,BIHAR,Saran,Baniapur,0,0,,218,10,1252,,89199.8841803021,219417775.87250236,0.00038507608619689943,9.449719906672378e-06,163,0.0015403043447875977
10-219-01253,BIHAR,Saran,Lahladpur,0,0,,218,10,1253,,49287.19248841685,70233795.44130237,0.00038507608619689943,0.0002079410865463257,50,0.010397054327316285
10-219-01254,BIHAR,Saran,Ekma,0,0,,218,10,1254,,99716.17236158185,176114988.01319405,0.00038507608619689943,0.0003850760861968994,128,0.04928973903320312
10-219-01255,BIHAR,Saran,Manjhi,0,0,,218,10,1255,,127085.43562979231,244607530.98349065,0.0005141015219116211,0.00041160909365463256,180,0.07408963685783386
10-219-01257,BIHAR,Saran,Revelganj,0,0,,218,10,1257,,84877.1419542779,179359801.45379385,0.0005141015219116211,0.00044732654772338873,125,0.055915818465423595
10-219-01258,BIHAR,Saran,Chapra,0,0,,218,10,1258,,119729.94798472138,239470568.44351175,0.0004415200282287598,0.0004139250264644624,176,0.07285080465774538
10-219-01260,BIHAR,Saran,Marhaura,0,0,,218,10,1260,,87240.95030017926,190752130.05196184,0.0004415200282287598,1.2891095714708316e-05,137,0.0017660801129150392
10-219-01261,BIHAR,Saran,Amnour,0,0,,218,10,1261,,94922.90618840617,160109081.4065653,0.0004415200282287598,7.483390308962031e-06,118,0.0008830400564575196
10-219-01263,BIHAR,Saran,Parsa,0,0,,218,10,1263,,85595.91054800974,122749042.93573296,0.0,0.0,88,0.0
10-219-01266,BIHAR,Saran,Dighwara,0,0,,218,10,1266,,81943.45164265168,101347015.6655549,0.0,0.0,72,0.0
10-219-01264,BIHAR,Saran,Dariapur,0,0,,218,10,1264,,115477.27251924115,281302380.67878103,0.0,0.0,202,0.0
10-219-01265,BIHAR,Saran,Garkha,0,0,,218,10,1265,,90147.74693968748,213336409.9887166,0.0004415200282287598,0.00022649404045501314,154,0.034880082230072024
10-220-01269,BIHAR,Vaishali,Paterhi Belsar,0,0,,224,10,1269,,56227.36197278124,93522597.26160131,0.0,0.0,69,0.0
10-219-01267,BIHAR,Saran,Sonepur,0,0,,218,10,1267,,70412.64000247594,214865144.18564072,0.0,0.0,162,0.0
10-220-01268,BIHAR,Vaishali,Vaishali,0,0,,224,10,1268,,72706.90824879723,158663399.21103516,0.0,0.0,114,0.0
10-220-01270,BIHAR,Vaishali,Lalganj,0,0,,224,10,1270,,89595.71916906572,184177988.41986412,0.0,0.0,133,0.0
10-221-01294,BIHAR,Samastipur,Mohiuddinagar,0,0,,217,10,1294,,80607.53716768604,178536106.2701614,0.0,0.0,130,0.0
10-220-01271,BIHAR,Vaishali,Bhagwanpur,0,0,,224,10,1271,,98965.72708266653,142473218.81446454,0.0,0.0,102,0.0
10-220-01272,BIHAR,Vaishali,Goraul,0,0,,224,10,1272,,101989.77906286377,122446101.92943335,0.0,0.0,87,0.0
10-220-01273,BIHAR,Vaishali,Chehra Kalan,0,0,,224,10,1273,,63204.34388206024,89818122.94593617,0.0,0.0,66,0.0
10-220-01277,BIHAR,Vaishali,Raja Pakar,0,0,,224,10,1277,,58946.08844196175,93673217.82917874,0.0,0.0,72,0.0
10-220-01274,BIHAR,Vaishali,Patepur,0,0,,224,10,1274,,118180.33822078991,317029999.71255994,0.0,0.0,234,0.0
10-220-01275,BIHAR,Vaishali,Mahua,0,0,,224,10,1275,,86273.82517515696,171155586.12447235,0.0,0.0,125,0.0
10-220-01276,BIHAR,Vaishali,Jandaha,0,0,,224,10,1276,,99044.76663725945,179891527.10359335,0.0,0.0,128,0.0
10-220-01278,BIHAR,Vaishali,Hajipur,0,0,,224,10,1278,,80048.24731377292,194916759.16986817,0.0,0.0,140,0.0
10-220-01280,BIHAR,Vaishali,Bidupur,0,0,,224,10,1280,,88122.3198685409,139375575.9420912,0.0,0.0,99,0.0
10-220-01279,BIHAR,Vaishali,Raghopur,0,0,,224,10,1279,,128641.49950069311,338499790.0832371,0.0,0.0,246,0.0
10-220-01281,BIHAR,Vaishali,Desri,0,0,,224,10,1281,,50183.809114488824,56627949.53624974,0.0,0.0,43,0.0
10-221-01284,BIHAR,Samastipur,Kalyanpur,0,0,,217,10,1284,,147387.26660455638,294821482.9966942,0.0,0.0,214,0.0
10-221-01286,BIHAR,Samastipur,Shivaji Nagar,0,0,,217,10,1286,,96209.25031894707,172333979.18990555,0.0,0.0,130,0.0
10-221-01288,BIHAR,Samastipur,Samastipur,0,0,,217,10,1288,,112474.97484539819,170577777.20953664,0.0,0.0,123,0.0
10-221-01289,BIHAR,Samastipur,Pusa,0,0,,217,10,1289,,64081.7615729533,95008289.7510354,0.0,0.0,65,0.0
10-221-01291,BIHAR,Samastipur,Morwa,0,0,,217,10,1291,,104551.97847793197,152111293.7773472,0.0,0.0,106,0.0
10-221-01292,BIHAR,Samastipur,Patori,0,0,,217,10,1292,,69422.25062895294,130638318.44440164,0.0,0.0,93,0.0
10-221-01295,BIHAR,Samastipur,Sarairanjan,0,0,,217,10,1295,,96463.23467310029,185572344.2706523,0.0,0.0,145,0.0
10-221-01296,BIHAR,Samastipur,Vidyapati Nagar,0,0,,217,10,1296,,62930.2690484309,106322816.42401849,0.0,0.0,75,0.0
10-221-01297,BIHAR,Samastipur,Dalsinghsarai,0,0,,217,10,1297,,80515.23552986495,118201268.21451648,0.0,0.0,89,0.0
10-221-01298,BIHAR,Samastipur,Ujiarpur,0,0,,217,10,1298,,81756.09445970641,209497824.1015558,0.0,0.0,149,0.0
10-221-01300,BIHAR,Samastipur,Rosera,0,0,,217,10,1300,,84599.34785899956,138535375.895554,0.0,0.0,97,0.0
10-221-01299,BIHAR,Samastipur,Bibhutpur,0,0,,217,10,1299,,96600.53522783429,258332531.194082,0.0,0.0,187,0.0
10-221-01301,BIHAR,Samastipur,Singhia,0,0,,217,10,1301,,76055.88015393679,178639507.67998633,0.0,0.0,128,0.0
10-222-01307,BIHAR,Begusarai,Cheria Bariarpur,0,0,,191,10,1307,,80422.0696045629,127840547.1243011,0.0,0.0,89,0.0
10-221-01302,BIHAR,Samastipur,Hasanpur,0,0,,217,10,1302,,122795.93417076243,188091095.39019313,0.0,0.0,138,0.0
10-221-01303,BIHAR,Samastipur,Bithan,0,0,,217,10,1303,,72838.55780104545,149849875.79630712,0.0,0.0,109,0.0
10-222-01304,BIHAR,Begusarai,Khudabandpur,0,0,,191,10,1304,,49522.71992212785,59617610.47663844,0.0,0.0,39,0.0
10-222-01305,BIHAR,Begusarai,Chhorahi,0,0,,191,10,1305,,96201.09768359947,128309829.49376953,0.0,0.0,94,0.0
10-222-01306,BIHAR,Begusarai,Garhpura,0,0,,191,10,1306,,69581.28073662621,88651595.91159394,0.0,0.0,68,0.0
10-222-01308,BIHAR,Begusarai,Bhagwanpur,0,0,,191,10,1308,,102620.52088176137,147276258.21886113,0.0,0.0,106,0.0
10-223-01324,BIHAR,Khagaria,Mansi,0,0,,202,10,1324,,70720.37786012898,86151878.56106131,0.0,0.0,69,0.0
10-222-01309,BIHAR,Begusarai,Mansurchak,0,0,,191,10,1309,,55538.61039021854,42158333.283958256,0.0,0.0,31,0.0
10-224-01333,BIHAR,Bhagalpur,Rangra Chowk,0,0,,192,10,1333,,56200.86409227388,97946271.45940188,0.0,0.0,71,0.0
10-222-01310,BIHAR,Begusarai,Bachhwara,0,0,,191,10,1310,,112893.55520851951,186501763.14040864,0.0,0.0,138,0.0
10-222-01311,BIHAR,Begusarai,Teghra,0,0,,191,10,1311,,93442.93751421869,180050069.66821858,0.0,0.0,129,0.0
10-222-01312,BIHAR,Begusarai,Barauni,0,0,,191,10,1312,,90573.71511882372,141812926.41245717,0.0,0.0,102,0.0
10-222-01313,BIHAR,Begusarai,Birpur,0,0,,191,10,1313,,69057.86510087451,64693086.30641256,0.0,0.0,53,0.0
10-222-01314,BIHAR,Begusarai,Begusarai,0,0,,191,10,1314,,114572.02827886646,273941103.5239774,0.0,0.0,200,0.0
10-222-01315,BIHAR,Begusarai,Naokothi,0,0,,191,10,1315,,61794.845266753924,91575422.87048158,0.0,0.0,64,0.0
10-222-01316,BIHAR,Begusarai,Bakhri,0,0,,191,10,1316,,74902.13049058078,94921186.04856166,0.0,0.0,66,0.0
10-222-01317,BIHAR,Begusarai,Dandari,0,0,,191,10,1317,,77075.31892237118,85364223.36403492,0.0,0.0,65,0.0
10-222-01318,BIHAR,Begusarai,Sahebpur Kamal,0,0,,191,10,1318,,97820.3506924087,179327758.1582562,0.0,0.0,131,0.0
10-222-01319,BIHAR,Begusarai,Balia,0,0,,191,10,1319,,95726.56851828664,181873531.04775092,0.0,0.0,133,0.0
10-222-01320,BIHAR,Begusarai,Matihani,0,0,,191,10,1320,,104199.58891726227,214311339.790948,0.0,0.0,157,0.0
10-222-01321,BIHAR,Begusarai,Shamho Akha Kurha,0,0,,191,10,1321,,47884.70174269599,82130306.58899558,0.0,0.0,58,0.0
10-223-01322,BIHAR,Khagaria,Alauli,0,0,,202,10,1322,,117176.16085281859,337532903.06560946,0.0,0.0,244,0.0
10-223-01323,BIHAR,Khagaria,Khagaria,0,0,,202,10,1323,,164255.4907534744,325761754.1557925,0.0,0.0,229,0.0
10-223-01325,BIHAR,Khagaria,Chautham,0,0,,202,10,1325,,88833.5659059585,205164632.7891582,0.0,0.0,148,0.0
10-228-01376,BIHAR,Sheikhpura,Chewara,0,0,,219,10,1376,,77279.14911837938,141385828.1075451,0.00039608665386199957,0.00032139032459147925,103,0.03310320343292236
10-223-01326,BIHAR,Khagaria,Beldaur,0,0,,202,10,1326,,101449.44415348554,276820454.1841197,0.0,0.0,203,0.0
10-223-01327,BIHAR,Khagaria,Gogri,0,0,,202,10,1327,,109725.85953588395,321971045.3784509,0.0,0.0,231,0.0
10-223-01328,BIHAR,Khagaria,Parbatta,0,0,,202,10,1328,,89952.53209418767,286770838.53234714,0.0,0.0,215,0.0
10-224-01329,BIHAR,Bhagalpur,Narayanpur,0,0,,192,10,1329,,96964.50839109154,173637043.38008544,0.0,0.0,125,0.0
10-224-01330,BIHAR,Bhagalpur,Bihpur,0,0,,192,10,1330,,98960.16392998041,189427956.2070791,0.0,0.0,141,0.0
10-234-01472,BIHAR,Rohtas,Akorhi Gola,0,0,,215,10,1472,,71741.57946050014,124356844.03544964,0.00044460074714660643,0.0004446007471466065,94,0.04179247023178101
10-224-01331,BIHAR,Bhagalpur,Kharik,0,0,,192,10,1331,,103106.05203500649,169292223.68779984,0.0,0.0,125,0.0
10-224-01332,BIHAR,Bhagalpur,Naugachhia,0,0,,192,10,1332,,91833.23423872421,134223697.96961665,0.0,0.0,95,0.0
10-224-01335,BIHAR,Bhagalpur,Pirpainti,0,0,,192,10,1335,,138631.2255747686,411429376.6216011,0.0,0.0,294,0.0
10-224-01336,BIHAR,Bhagalpur,Kahalgaon,0,0,,192,10,1336,,128722.99744742387,352186242.20537144,0.0,0.0,255,0.0
10-224-01337,BIHAR,Bhagalpur,Ismailpur,0,0,,192,10,1337,,66332.03197363381,102752037.41138108,0.0,0.0,75,0.0
10-224-01338,BIHAR,Bhagalpur,Sabour,0,0,,192,10,1338,,85492.0541239663,141198925.34276122,0.0,0.0,102,0.0
10-226-01359,BIHAR,Munger,Dharhara,0,0,,207,10,1359,,105188.90103685112,355220468.750446,0.0,0.0,262,0.0
10-224-01339,BIHAR,Bhagalpur,Nathnagar,0,0,,192,10,1339,,105259.93673308079,163498377.60317266,0.0,0.0,117,0.0
10-226-01360,BIHAR,Munger,Kharagpur,0,0,,207,10,1360,,169586.30903503796,398589433.5102216,0.0,0.0,291,0.0
10-224-01340,BIHAR,Bhagalpur,Sultanganj,0,0,,192,10,1340,,139861.1879796442,266407467.3450057,0.0,0.0,198,0.0
10-224-01341,BIHAR,Bhagalpur,Shahkund,0,0,,192,10,1341,,93276.90256650816,208798734.37786233,0.0,0.0,153,0.0
10-224-01342,BIHAR,Bhagalpur,Goradih,0,0,,192,10,1342,,106918.08891287447,178026414.43832883,0.0,0.0,128,0.0
10-224-01343,BIHAR,Bhagalpur,Jagdishpur,0,0,,192,10,1343,,107045.71303668506,127447147.46016994,0.0,0.0,95,0.0
10-224-01344,BIHAR,Bhagalpur,Sonhaula,0,0,,192,10,1344,,84463.86530366821,214425428.57327408,0.0,0.0,160,0.0
10-225-01345,BIHAR,Banka,Shambhuganj,0,0,,190,10,1345,,85765.27415008907,217970788.89652416,0.0,0.0,157,0.0
10-225-01346,BIHAR,Banka,Amarpur,0,0,,190,10,1346,,98000.87839154692,234663534.19316816,0.0,0.0,176,0.0
10-225-01347,BIHAR,Banka,Rajaun,0,0,,190,10,1347,,86718.04358754268,242814641.5593075,0.0,0.0,179,0.0
10-226-01363,BIHAR,Munger,Tetiha Bambor,0,0,,207,10,1363,,73286.15332623897,95190725.80042528,0.0,0.0,70,0.0
10-225-01348,BIHAR,Banka,Dhuraiya,0,0,,190,10,1348,,106681.6377356153,285703540.38620996,0.0,0.0,208,0.0
10-225-01349,BIHAR,Banka,Barahat,0,0,,190,10,1349,,122910.23058217819,181202001.14064544,0.0,0.0,129,0.0
10-225-01350,BIHAR,Banka,Banka,0,0,,190,10,1350,,137083.07375503817,365153241.48788345,0.0,0.0,275,0.0
10-225-01351,BIHAR,Banka,Phulidumar,0,0,,190,10,1351,,117105.67306472127,248400685.45023423,0.0,0.0,176,0.0
10-225-01352,BIHAR,Banka,Belhar,0,0,,190,10,1352,,118426.40149548957,290570448.277483,0.0004643951525115967,4.774155773483705e-05,214,0.010216693355255128
10-225-01353,BIHAR,Banka,Chanan,0,0,,190,10,1353,,169565.08902723462,550876204.0147796,0.000596536089553833,0.00026185972983215936,403,0.10552947112236023
10-225-01354,BIHAR,Banka,Katoria,0,0,,190,10,1354,,180268.89530762268,687665367.2781417,0.0005481252966308593,4.695097162375887e-05,502,0.02356938775512695
10-225-01355,BIHAR,Banka,Bausi,0,0,,190,10,1355,,109314.78149810205,385846183.7170387,0.0,0.0,284,0.0
10-226-01356,BIHAR,Munger,Munger,0,0,,207,10,1356,,162390.1628928388,306519605.49277806,0.0,0.0,227,0.0
10-226-01357,BIHAR,Munger,Bariarpur,0,0,,207,10,1357,,122433.4478606843,198040113.63802013,0.0,0.0,143,0.0
10-226-01358,BIHAR,Munger,Jamalpur,0,0,,207,10,1358,,72817.19566814511,112971204.64248075,0.0,0.0,79,0.0
10-226-01361,BIHAR,Munger,Asarganj,0,0,,207,10,1361,,61173.52838786665,72491453.98190036,0.0,0.0,52,0.0
10-226-01362,BIHAR,Munger,Tarapur,0,0,,207,10,1362,,54416.57713098438,86962445.68425661,0.0,0.0,62,0.0
10-226-01364,BIHAR,Munger,Sangrampur,0,0,,207,10,1364,,71205.18318302365,105786037.21986651,0.0,0.0,80,0.0
10-227-01366,BIHAR,Lakhisarai,Pipariya,0,0,,204,10,1366,,87968.2901826016,106258171.87143916,0.0,0.0,76,0.0
10-227-01365,BIHAR,Lakhisarai,Barahiya,0,0,,204,10,1365,,95965.48426593257,248505135.43154767,0.0,0.0,179,0.0
10-227-01367,BIHAR,Lakhisarai,Surajgarha,0,0,,204,10,1367,,140312.1609931406,462726462.37366486,0.0005855474631500244,7.749892894632676e-05,340,0.026349635841751096
10-227-01368,BIHAR,Lakhisarai,Lakhisarai,0,0,,204,10,1368,,117670.76745524361,181316338.94823277,0.0005855474631500244,3.940685453716077e-05,133,0.005241111653442382
10-227-01369,BIHAR,Lakhisarai,Chanan*,0,0,,204,10,1369,,86014.87070350182,177670731.10250506,0.0005855474631500244,0.00047575731380939486,128,0.06089693616760254
10-228-01375,BIHAR,Sheikhpura,Ghat Kusumbha,0,0,,219,10,1375,,80592.24583619394,99088070.68237934,0.0,0.0,70,0.0
10-227-01370,BIHAR,Lakhisarai,Ramgarh Chowk,0,0,,204,10,1370,,98990.57354622113,128567389.13844268,0.0005855474631500244,0.0003246333724415556,94,0.030515537009506224
10-227-01371,BIHAR,Lakhisarai,Halsi,0,0,,204,10,1371,,82594.8188222393,191441208.6304817,0.0005855474631500244,0.000328371840862576,139,0.04564368587989807
10-228-01372,BIHAR,Sheikhpura,Barbigha,0,0,,219,10,1372,,83879.7675047183,115941853.486741,0.0,0.0,81,0.0
10-228-01373,BIHAR,Sheikhpura,Shekhopur Sarai,0,0,,219,10,1373,,59774.96229914819,65955650.61796794,0.0006918118334579468,0.00017157800286017526,45,0.007721010128707887
10-228-01374,BIHAR,Sheikhpura,Sheikhpura,0,0,,219,10,1374,,119718.3677454689,225551054.81458032,0.00039608665386199957,8.71285402026457e-05,170,0.014811851834449769
10-228-01377,BIHAR,Sheikhpura,Ariari,0,0,,219,10,1377,,87552.5859976097,183445963.63454768,0.00039608665386199957,0.0003949287455295647,137,0.05410523813755036
10-229-01378,BIHAR,Nalanda,Karai Parsurai,0,0,,209,10,1378,,58523.47447411047,82148146.79064696,0.0006602498980712891,0.0002971124541320801,60,0.017826747247924806
10-229-01379,BIHAR,Nalanda,Nagar Nausa,0,0,,209,10,1379,,82570.35159490984,108015836.82811198,0.0006602498980712891,0.0003083736464157105,80,0.02466989171325684
10-229-01380,BIHAR,Nalanda,Harnaut,0,0,,209,10,1380,,124869.90123154312,224385440.0517296,0.000555348794708252,0.000193164798159392,161,0.03109953250366211
10-229-01381,BIHAR,Nalanda,Chandi,0,0,,209,10,1381,,70527.81459673235,147156102.481168,0.000555348794708252,0.0005094943070717908,109,0.0555348794708252
10-229-01382,BIHAR,Nalanda,Rahui,0,0,,209,10,1382,,77076.6108369453,152249665.90613127,0.000555348794708252,0.0005347803208301686,108,0.05775627464965821
10-229-01383,BIHAR,Nalanda,Bind,0,0,,209,10,1383,,70364.80140905235,88091657.81671415,0.0,0.0,66,0.0
10-229-01384,BIHAR,Nalanda,Sarmera,0,0,,209,10,1384,,91044.34634338948,167201876.42476654,0.0,0.0,123,0.0
10-229-01385,BIHAR,Nalanda,Asthawan,0,0,,209,10,1385,,92263.18064708126,171325630.7179731,0.000555348794708252,9.83618868460083e-05,125,0.012295235855751038
10-229-01387,BIHAR,Nalanda,Noorsarai,0,0,,209,10,1387,,78528.62700534344,151514769.88009417,0.000555348794708252,0.000555348794708252,114,0.06330976259674073
10-229-01386,BIHAR,Nalanda,Bihar,0,0,,209,10,1386,,98561.8371020671,215840179.0991975,0.0006918118334579468,0.0005456108368051052,160,0.08729773388881684
10-229-01390,BIHAR,Nalanda,Hilsa,0,0,,209,10,1390,,93433.88804652911,175765721.10991755,0.0006602498980712891,0.000660249898071289,131,0.08649273664733886
10-229-01391,BIHAR,Nalanda,Ekangarsarai,0,0,,209,10,1391,,87121.32234693572,166605847.460251,0.0006602498980712891,0.000660249898071289,122,0.08055048756469727
10-229-01392,BIHAR,Nalanda,Islampur,0,0,,209,10,1392,,109868.69145522316,273834151.4326934,0.0006874599723052979,0.0006763795812512426,194,0.13121763876274106
10-229-01393,BIHAR,Nalanda,Ben,0,0,,209,10,1393,,66947.54721379357,127526149.56798536,0.0006918118334579468,0.0006308750382386877,94,0.05930225359443665
10-230-01398,BIHAR,Patna,Maner,0,0,,212,10,1398,,96133.56350709034,213315300.3597084,0.000554394987602234,0.0001501273572854872,154,0.023119613021965028
10-229-01394,BIHAR,Nalanda,Rajgir,0,0,,209,10,1394,,88740.45664753366,198129288.77271983,0.0006918118334579468,0.0006899763546044487,147,0.10142652412685396
10-229-01395,BIHAR,Nalanda,Silao,0,0,,209,10,1395,,79220.42929786978,154752836.13944647,0.0006918118334579468,0.0006678709494667722,114,0.07613728823921204
10-229-01396,BIHAR,Nalanda,Giriak,0,0,,209,10,1396,,88347.46773236175,99576022.5731765,0.0006918118334579468,0.0006918118334579468,73,0.05050226384243012
10-229-01397,BIHAR,Nalanda,Katrisarai,0,0,,209,10,1397,,38918.76300208476,48673462.28309288,0.0006918118334579468,0.00061788053855896,36,0.02224369938812256
10-230-01399,BIHAR,Patna,Dinapur-Cum-Khagaul,0,0,,212,10,1399,,78598.21354533077,184765788.04152673,0.00046598085937500004,0.00013806840277777777,135,0.018639234375
10-234-01474,BIHAR,Rohtas,Tilouthu,0,0,,215,10,1474,,73885.57639601533,193504401.97342023,0.0004426948896789551,0.0003286813951252529,140,0.0460153953175354
10-230-01400,BIHAR,Patna,Patna Rural,0,0,,212,10,1400,,87518.10425735511,179850223.48881748,0.00046598085937500004,8.181343332538169e-05,131,0.010717559765625002
10-230-01401,BIHAR,Patna,Sampatchak,0,0,,212,10,1401,,53219.7118618291,78902366.60372826,0.00046598085937500004,1.6350205592105265e-05,57,0.0009319617187500001
10-230-01406,BIHAR,Patna,Dulhin Bazar,0,0,,212,10,1406,,77792.54009458271,136539622.4680228,0.0007394494616699219,0.0006019508428211405,99,0.059593133439292914
10-230-01402,BIHAR,Patna,Phulwari,0,0,,212,10,1402,,70659.26045014715,135940825.49713776,0.00046598085937500004,0.000446564990234375,96,0.0428702390625
10-230-01413,BIHAR,Patna,Khusrupur,0,0,,212,10,1413,,46143.60198551767,78201544.387751,0.0,0.0,58,0.0
10-230-01403,BIHAR,Patna,Bihta,0,0,,212,10,1403,,116564.9809665079,244879174.98088208,0.000554394987602234,0.00051901476932861,182,0.09446068801780702
10-230-01415,BIHAR,Patna,Athmalgola,0,0,,212,10,1415,,47997.69261940102,62827293.65665197,0.0,0.0,47,0.0
10-230-01404,BIHAR,Patna,Naubatpur,0,0,,212,10,1404,,105087.74367689912,205320191.59612688,0.00046598085937500004,0.000465980859375,153,0.071295071484375
10-230-01405,BIHAR,Patna,Bikram,0,0,,212,10,1405,,86626.03512108007,186422313.04867813,0.000554394987602234,0.0005292260021944814,137,0.07250396230064395
10-234-01475,BIHAR,Rohtas,Rohtas,0,0,,215,10,1475,,88257.59288547112,389741138.17794544,0.0003255236311340332,0.000311479218293892,288,0.0897060148686409
10-230-01407,BIHAR,Patna,Paliganj,0,0,,212,10,1407,,129476.3041410336,293354152.7667747,0.0007394494616699219,0.0007217882144245253,214,0.15446267788684842
10-230-01408,BIHAR,Patna,Masaurhi,0,0,,212,10,1408,,108866.13277400887,248716954.87290823,0.0005956713642120362,0.00055195546370517,178,0.09824807253952027
10-230-01409,BIHAR,Patna,Dhanarua,0,0,,212,10,1409,,95102.40821522896,225577653.19725513,0.0006602498980712891,0.00046387407959873697,163,0.07561147497459413
10-230-01410,BIHAR,Patna,Punpun,0,0,,212,10,1410,,82554.93388622913,161116560.78819045,0.00046598085937500004,0.0003159192266949153,118,0.03727846875
10-230-01411,BIHAR,Patna,Fatwah,0,0,,212,10,1411,,97950.27190535897,155697451.47083917,0.0,0.0,115,0.0
10-230-01412,BIHAR,Patna,Daniawan,0,0,,212,10,1412,,69689.77872311571,79566220.36857046,0.0,0.0,56,0.0
10-230-01414,BIHAR,Patna,Bakhtiarpur,0,0,,212,10,1414,,120205.01587822943,168153072.20481881,0.0,0.0,120,0.0
10-230-01416,BIHAR,Patna,Belchhi,0,0,,212,10,1416,,88573.78025963024,87443681.0926542,0.0,0.0,70,0.0
10-230-01417,BIHAR,Patna,Barh,0,0,,212,10,1417,,95365.9771693495,147280816.515725,0.0,0.0,104,0.0
10-230-01419,BIHAR,Patna,Ghoswari,0,0,,212,10,1419,,66454.95033385535,164897376.1169027,0.0,0.0,126,0.0
10-230-01418,BIHAR,Patna,Pandarak,0,0,,212,10,1418,,106894.44852036482,252509471.6555304,0.0,0.0,180,0.0
10-232-01438,BIHAR,Buxar,Chaugain,0,0,,194,10,1438,,52625.33924401454,66025696.44875917,0.0006031039654541016,0.0006031039654541016,49,0.029552094307250976
10-232-01439,BIHAR,Buxar,Kesath,0,0,,194,10,1439,,34661.84662025829,38236018.49691825,0.0006031039654541016,0.0006031039654541016,29,0.017490014998168945
10-230-01420,BIHAR,Patna,Mokameh,0,0,,212,10,1420,,127700.39840194934,244519830.48183808,0.0,0.0,181,0.0
10-231-01421,BIHAR,Bhojpur,Shahpur,0,0,,193,10,1421,,110658.91431619873,211766871.4500774,0.0006749304819488526,0.0005471256324978364,156,0.08535159866966248
10-234-01460,BIHAR,Rohtas,Suryapura,0,0,,215,10,1460,,56159.7630280001,69765063.31452103,0.000535066583557129,0.000535066583557129,47,0.025148129427185063
10-231-01422,BIHAR,Bhojpur,Arrah,0,0,,193,10,1422,,120924.06747051864,221925641.7145924,0.0006749304819488526,0.0005797880527393174,159,0.09218630038555146
10-231-01423,BIHAR,Bhojpur,Barhara,0,0,,193,10,1423,,128817.96875565937,258494738.36324885,0.0005141015219116211,0.0004643204974485068,191,0.0886852150126648
10-231-01424,BIHAR,Bhojpur,Koilwar,0,0,,193,10,1424,,94779.33453556667,208456312.66749656,0.000554394987602234,0.000530153385589139,149,0.0789928544527817
10-231-01425,BIHAR,Bhojpur,Sandesh,0,0,,193,10,1425,,60697.76797134289,164599530.19806212,0.0007394494616699219,0.0005826236361888306,118,0.068749589070282
10-231-01426,BIHAR,Bhojpur,Udwant Nagar,0,0,,193,10,1426,,92445.60417460876,217797556.82002312,0.0006749304819488526,0.0006270157512769048,161,0.10094953595558168
10-234-01461,BIHAR,Rohtas,Bikramganj,0,0,,215,10,1461,,88556.32896667719,168723569.68103397,0.000535066583557129,0.000535066583557129,129,0.06902358927886965
10-231-01427,BIHAR,Bhojpur,Behea,0,0,,193,10,1427,,114516.77527652554,206091349.70539597,0.0006749304819488526,0.0006487488440155029,150,0.09731232660232543
10-231-01428,BIHAR,Bhojpur,Jagdishpur,0,0,,193,10,1428,,109726.00219208181,318463526.4488765,0.0006749304819488526,0.0006676848245831539,228,0.1522321400049591
10-231-01429,BIHAR,Bhojpur,Piro,0,0,,193,10,1429,,100703.96274410955,268205354.86689487,0.0006749304819488526,0.0005739415221977234,200,0.11478830443954469
10-234-01462,BIHAR,Rohtas,Karakat,0,0,,215,10,1462,,102232.22868007293,251121712.10833624,0.0005754030465698243,0.0005199813614602523,176,0.09151671961700442
10-231-01430,BIHAR,Bhojpur,Charpokhari,0,0,,193,10,1430,,88834.1327790213,135855258.49695313,0.0006749304819488526,0.0006047374485762747,95,0.0574500576147461
10-231-01431,BIHAR,Bhojpur,Garhani,0,0,,193,10,1431,,93054.52180151101,137128723.85739592,0.0006749304819488526,0.0006633350525843056,103,0.06832351041618348
10-231-01432,BIHAR,Bhojpur,Agiaon,0,0,,193,10,1432,,87534.07309197474,191419206.17039648,0.0007394494616699219,0.0006469013518145445,139,0.08991928790222169
10-231-01433,BIHAR,Bhojpur,Tarari,0,0,,193,10,1433,,95157.98131215997,247108515.4982669,0.0005754030465698243,0.0005710731437605519,177,0.10107994644561769
10-231-01434,BIHAR,Bhojpur,Sahar,0,0,,193,10,1434,,61748.81499939302,157154129.14318892,0.0007394494616699219,0.0006020430626971907,117,0.0704390383355713
10-232-01435,BIHAR,Buxar,Simri,0,0,,194,10,1435,,87047.69219699135,222195796.247413,0.0006031039654541016,0.0005320558689757091,164,0.0872571625120163
10-232-01436,BIHAR,Buxar,Chakki,0,0,,194,10,1436,,73799.54032015939,80420668.23199363,0.0006031039654541016,0.0005837223150873185,64,0.037358228165588384
10-232-01437,BIHAR,Buxar,Barhampur,0,0,,194,10,1437,,133928.15369382405,240152233.65370417,0.0006031039654541016,0.0005984733375073031,173,0.10353588738876343
10-232-01440,BIHAR,Buxar,Dumraon,0,0,,194,10,1440,,115797.88145848007,238641355.07175583,0.0006031039654541016,0.0005788627660144151,169,0.09782780745643616
10-232-01441,BIHAR,Buxar,Buxar,0,0,,194,10,1441,,90996.21871903203,211591033.38394436,0.0005227752849578858,0.0005200624238710344,157,0.0816498005477524
10-232-01442,BIHAR,Buxar,Chausa,0,0,,194,10,1442,,99103.08457070828,138502720.57991108,0.0005571181452941894,0.0005388417305085369,107,0.05765606516441345
10-232-01443,BIHAR,Buxar,Rajpur,0,0,,194,10,1443,,121142.9666413415,336933113.12217736,0.0005571181452941894,0.0004565632834609674,245,0.11185800444793702
10-232-01444,BIHAR,Buxar,Itarhi,0,0,,194,10,1444,,109439.3274763228,293713382.2816445,0.0005227752849578858,0.0005218801693933662,209,0.10907295540321352
10-232-01445,BIHAR,Buxar,Nawanagar,0,0,,194,10,1445,,126567.10382889764,229774401.79100823,0.0006031039654541016,0.0005838745028970933,169,0.09867479098960877
10-233-01446,BIHAR,Kaimur (Bhabua),Ramgarh,0,0,,200,10,1446,,124781.0721120257,206666195.02442607,0.0005669009369659424,0.0004896545441679292,151,0.07393783616935731
10-233-01447,BIHAR,Kaimur (Bhabua),Nuaon,0,0,,200,10,1447,,121732.74643995032,235834986.4758632,0.0005571181452941894,0.0004640294466748154,171,0.07934903538139343
10-233-01448,BIHAR,Kaimur (Bhabua),Kudra,0,0,,200,10,1448,,132624.50147962422,255577893.54332253,0.00045474511665344244,0.0004146746690320212,189,0.07837351244705201
10-233-01449,BIHAR,Kaimur (Bhabua),Mohania,0,0,,200,10,1449,,142323.6809133636,349176573.6513165,0.0005669009369659424,0.00048188960111826665,256,0.12336373788627626
10-233-01450,BIHAR,Kaimur (Bhabua),Durgawati,0,0,,200,10,1450,,108544.41183902678,212580801.4059764,0.0005669009369659424,0.0005669009369659423,154,0.08730274429275511
10-233-01451,BIHAR,Kaimur (Bhabua),Chand,0,0,,200,10,1451,,97099.60209928264,257974481.1925409,0.0005999778469848633,0.0005200229549142148,188,0.09776431552387238
10-233-01452,BIHAR,Kaimur (Bhabua),Chainpur,0,0,,200,10,1452,,170712.34536647963,555311526.8488017,0.0005669009369659424,0.00045397065490319634,407,0.1847660565456009
10-233-01453,BIHAR,Kaimur (Bhabua),Bhabua,0,0,,200,10,1453,,143727.89821118704,407618990.38615096,0.0005669009369659424,0.00044462016144850713,301,0.13383066859600065
10-233-01454,BIHAR,Kaimur (Bhabua),Rampur,0,0,,200,10,1454,,126612.15498309073,210660395.23746365,0.0003865170571899414,0.00036584651952346696,149,0.05451113140899658
10-233-01455,BIHAR,Kaimur (Bhabua),Bhagwanpur,0,0,,200,10,1455,,134815.05705103654,292151198.96788174,0.00048418350109100344,0.0004513455173002488,211,0.09523390415035249
10-233-01456,BIHAR,Kaimur (Bhabua),Adhaura,0,0,,200,10,1456,,271357.2345421078,1135984955.9859164,0.00048418350109100344,0.0003414146774849771,833,0.2843984263449859
10-234-01457,BIHAR,Rohtas,Kochas,0,0,,215,10,1457,,90248.48407846906,187033418.62218276,0.00045474511665344244,0.0004371590852512013,132,0.05770499925315857
10-234-01458,BIHAR,Rohtas,Dinara,0,0,,215,10,1458,,157118.7651045217,464648316.8452498,0.000535066583557129,0.0004540640662583159,341,0.15483584659408572
10-234-01459,BIHAR,Rohtas,Dawath,0,0,,215,10,1459,,78120.6651060775,129910427.66035384,0.000535066583557129,0.000535066583557129,94,0.05029625885437013
10-234-01466,BIHAR,Rohtas,Nokha,0,0,,215,10,1466,,82152.91978314315,208772248.59610957,0.00044460074714660643,0.00039397455084156345,148,0.05830823352455139
10-235-01476,BIHAR,Aurangabad,Daudnagar,0,0,,189,10,1476,,91010.07504965532,238139281.75712803,0.0004989174645233154,0.000492049833590628,174,0.08561667104476928
10-234-01467,BIHAR,Rohtas,Kargahar,0,0,,215,10,1467,,128509.87472624176,406135690.59563094,0.00045474511665344244,0.000396606788808204,296,0.11739560948722838
10-234-01468,BIHAR,Rohtas,Chenari,0,0,,215,10,1468,,121720.69626398994,292642418.8385522,0.0003865170571899414,0.00035480926649617033,215,0.07628399229667662
10-234-01469,BIHAR,Rohtas,Nauhatta,0,0,,215,10,1469,,175494.75594492842,478591449.404211,0.00041191288852691655,0.0003028109254511063,354,0.10719506760969164
10-234-01470,BIHAR,Rohtas,Sheosagar,0,0,,215,10,1470,,135463.8765525897,406503956.12222886,0.0003865170571899414,0.00035310620729711497,295,0.10416633115264892
10-234-01471,BIHAR,Rohtas,Sasaram,0,0,,215,10,1471,,135810.11950728856,394273130.8742507,0.00044460074714660643,0.0003614286421040502,290,0.10481430621017457
10-234-01473,BIHAR,Rohtas,Dehri,0,0,,215,10,1473,,97323.52013589225,199371136.99043605,0.00044460074714660643,0.00042957114695476667,145,0.062287816308441164
10-235-01477,BIHAR,Aurangabad,Haspura,0,0,,189,10,1477,,88845.10694940752,164519986.5205008,0.0008226441206359864,0.0005042683183433596,121,0.06101646651954651
10-235-01478,BIHAR,Aurangabad,Goh,0,0,,189,10,1478,,122286.20877621078,374665187.3660463,0.0008226441206359864,0.0007321910843692106,272,0.1991559749484253
10-236-01491,BIHAR,Gaya,Neem Chak Bathani,0,0,,196,10,1491,,79540.44278654993,146770773.7769567,0.0006874599723052979,0.0006874599723052978,103,0.07080837714744567
10-235-01479,BIHAR,Aurangabad,Rafiganj,0,0,,189,10,1479,,167069.30684925965,465687847.79432577,0.0008226441206359864,0.0005715108327242497,341,0.19488519395896914
10-235-01480,BIHAR,Aurangabad,Obra,0,0,,189,10,1480,,130720.05569071589,327203821.09876627,0.0006667355920410157,0.0004909150476708393,237,0.11634686629798889
10-236-01494,BIHAR,Gaya,Manpur,0,0,,196,10,1494,,77081.78707553667,161226183.41058797,0.0007080467158508302,0.0005641590070542045,115,0.06487828581123352
10-235-01481,BIHAR,Aurangabad,Aurangabad,0,0,,189,10,1481,,125502.68609205673,344679798.38062614,0.0006667355920410157,0.0006159763704121114,256,0.15768995082550052
10-237-01511,BIHAR,Nawada,Nardiganj,0,0,,210,10,1511,,60262.24041371029,129808165.4472442,0.0006918118334579468,0.0006918118334579468,95,0.06572212417850495
10-235-01482,BIHAR,Aurangabad,Barun,0,0,,189,10,1482,,117269.30390529483,381782699.30215496,0.00044460074714660643,0.0004433074867221288,280,0.12412609628219606
10-235-01483,BIHAR,Aurangabad,Nabinagar,0,0,,189,10,1483,,173491.30877801325,657546828.2218357,0.0004426948896789551,0.0003212402248823272,483,0.15515902861816405
10-235-01484,BIHAR,Aurangabad,Kutumba,0,0,,189,10,1484,,110495.73757590447,319048251.76106954,0.0004426948896789551,0.0002925317354225592,229,0.06698976741176606
10-235-01485,BIHAR,Aurangabad,Deo,0,0,,189,10,1485,,158578.88849021672,336990745.1586724,0.0006667355920410157,0.0004459462721326912,251,0.11193251430530549
10-235-01486,BIHAR,Aurangabad,Madanpur,0,0,,189,10,1486,,153529.37367368402,418713952.50229967,0.0006667355920410157,0.0005704910955030325,309,0.17628174851043704
10-236-01487,BIHAR,Gaya,Konch,0,0,,196,10,1487,,154041.56172387034,319288521.7326548,0.0008226441206359864,0.000729531350918474,232,0.16925127341308596
10-236-01488,BIHAR,Gaya,Tikari,0,0,,196,10,1488,,122221.36853604284,290576655.12704176,0.0008226441206359864,0.0007667302093315126,218,0.16714718563426975
10-236-01489,BIHAR,Gaya,Belaganj,0,0,,196,10,1489,,113473.13279109563,240372540.95814112,0.0007080467158508302,0.0007080467158508303,180,0.12744840885314945
10-236-01490,BIHAR,Gaya,Khizirsarai,0,0,,196,10,1490,,103698.13096672995,223124430.97950032,0.0007080467158508302,0.0006961171258776116,165,0.11485932576980591
10-236-01492,BIHAR,Gaya,Muhra,0,0,,196,10,1492,,93681.45756176667,181269438.2139707,0.0006918118334579468,0.0006469250141229203,134,0.08668795189247132
10-236-01493,BIHAR,Gaya,Atri,0,0,,196,10,1493,,103075.15367958385,161340647.62451813,0.0007080467158508302,0.000640634775434542,119,0.07623553827671051
10-236-01495,BIHAR,Gaya,Gaya Town C.D.Block,0,0,,196,10,1495,,91678.58033080616,224144813.6021213,0.0007080467158508302,0.0005791083793967111,161,0.09323644908287049
10-236-01496,BIHAR,Gaya,Paraiya,0,0,,196,10,1496,,75593.31264449215,167300846.5298876,0.0005576186566543579,0.0005277817314567566,120,0.06333380777481079
10-236-01497,BIHAR,Gaya,Guraru,0,0,,196,10,1497,,81292.54933661391,199646285.7542363,0.0005049652592468262,0.0005049652592468262,147,0.07422989310928345
10-237-01512,BIHAR,Nawada,Nawada,0,0,,210,10,1512,,86822.75137888109,219317998.1072041,0.0006918118334579468,0.0006909297996601177,157,0.10847597854663849
10-236-01498,BIHAR,Gaya,Gurua,0,0,,196,10,1498,,117859.62964526065,238015237.1519128,0.0005576186566543579,0.0004999422215123258,173,0.08649000432163237
10-236-01499,BIHAR,Gaya,Amas,0,0,,196,10,1499,,100546.69423332924,128484051.44985774,0.0006667355920410157,0.0004784634017297846,95,0.04545402316432953
10-237-01517,BIHAR,Nawada,Roh,0,0,,210,10,1517,,77804.52626079548,192537548.9783989,0.0009241027851104736,0.0007758999155116081,144,0.11172958783367157
10-236-01500,BIHAR,Gaya,Banke Bazar,0,0,,196,10,1500,,85166.97220092022,256240042.68049288,0.0004665636373519898,0.0004466162917247895,186,0.08307063026081085
10-236-01501,BIHAR,Gaya,Imamganj,0,0,,196,10,1501,,136271.57775821586,316917295.57645696,0.0004665636373519898,0.0003710674619762469,239,0.08868512341232301
10-236-01502,BIHAR,Gaya,Dumaria,0,0,,196,10,1502,,119690.94596035974,390676703.928496,0.0003938144944763184,0.00033250448673275063,285,0.09476377871883393
10-236-01503,BIHAR,Gaya,Sherghati,0,0,,196,10,1503,,100322.2973073121,167902109.12194017,0.0005576186566543579,0.00047548326323284374,123,0.05848444137763978
10-238-01531,BIHAR,Jamui,Gidhaur,0,0,,198,10,1531,,55211.5633940527,100392309.18230554,0.0007158900804138184,0.0006446361163096109,75,0.04834770872322082
10-236-01504,BIHAR,Gaya,Dobhi,0,0,,196,10,1504,,103572.88994215836,218837778.49499393,0.0004990364214324951,0.000493187286411783,161,0.07940315311229706
10-236-01505,BIHAR,Gaya,Bodh Gaya,0,0,,196,10,1505,,120948.91182130505,306843965.9119923,0.0005576186566543579,0.0005523213989846603,230,0.12703392176647188
10-236-01506,BIHAR,Gaya,Tan Kuppa,0,0,,196,10,1506,,108147.94853451202,190099968.23000297,0.0005576186566543579,0.00048594793102520607,134,0.06511702275737762
10-240-01542,BIHAR,Arwal,Arwal,0,0,,611,10,1542,,73924.8054791393,147787869.27798152,0.0007394494616699219,0.0006968604885189349,104,0.07247349080596924
10-236-01507,BIHAR,Gaya,Wazirganj,0,0,,196,10,1507,,105472.06999302967,323030583.61833626,0.0005576186566543579,0.00045062057836063834,236,0.10634645649311066
10-236-01508,BIHAR,Gaya,Fatehpur,0,0,,196,10,1508,,155359.44599717355,408449805.62920874,0.0006554742144012452,0.0004953342186353082,304,0.1505816024651337
10-240-01543,BIHAR,Arwal,Kaler,0,0,,611,10,1543,,67777.19153730445,176075758.749563,0.0005754030465698243,0.0005625581396612502,131,0.07369511629562378
10-236-01509,BIHAR,Gaya,Mohanpur,0,0,,196,10,1509,,119906.24818546322,418796109.2883684,0.0005576186566543579,0.0005152174918734359,303,0.15611090003765107
10-240-01544,BIHAR,Arwal,Karpi,0,0,,611,10,1544,,158139.92638461498,234985661.7206014,0.0008226441206359864,0.0007218859062119418,172,0.12416437586845398
10-236-01510,BIHAR,Gaya,Barachatti,0,0,,196,10,1510,,138753.78132836288,366328956.31361085,0.0005273558255767823,0.0005015079330669056,275,0.13791468159339906
10-237-01513,BIHAR,Nawada,Warisaliganj,0,0,,210,10,1513,,109792.76918459819,202861050.3008767,0.0006918118334579468,0.0005067321292210275,147,0.07448962299549104
10-237-01514,BIHAR,Nawada,Kashi Chak,0,0,,210,10,1514,,73948.94452619922,98983451.20841853,0.00039608665386199957,0.0003960866538619995,72,0.028518239078063966
10-237-01515,BIHAR,Nawada,Pakribarawan,0,0,,210,10,1515,,104545.76938151139,251834567.85717744,0.00039608665386199957,0.00039608665386199957,184,0.07287994431060792
10-237-01516,BIHAR,Nawada,Kawakol,0,0,,210,10,1516,,121170.20018263235,362955647.76482904,0.0009241027851104736,0.0007728328797135318,266,0.20557354600379946
10-237-01518,BIHAR,Nawada,Gobindpur,0,0,,210,10,1518,,73133.35659787485,188189390.13263756,0.0009241027851104736,0.0008568760239176068,140,0.11996264334846496
10-237-01519,BIHAR,Nawada,Akbarpur,0,0,,210,10,1519,,91268.2921062847,249541236.96202633,0.0006764252438735963,0.0006764252438735963,184,0.12446224487274171
10-237-01520,BIHAR,Nawada,Hisua,0,0,,210,10,1520,,85113.4923130193,144090762.99664384,0.0006918118334579468,0.0005999617654506977,104,0.06239602360687256
10-237-01521,BIHAR,Nawada,Narhat,0,0,,210,10,1521,,62856.50481924386,99624005.77002536,0.0006764252438735963,0.0006764252438735963,69,0.04667334182727814
10-237-01522,BIHAR,Nawada,Meskaur,0,0,,210,10,1522,,75185.00287586387,145604023.18435815,0.0006764252438735963,0.0005076712148720877,112,0.056859176065673825
10-237-01523,BIHAR,Nawada,Sirdala,0,0,,210,10,1523,,111278.51695598938,301894539.186342,0.0006764252438735963,0.0005907224125060686,218,0.12877748592632296
10-237-01524,BIHAR,Nawada,Rajauli,0,0,,210,10,1524,,132370.86211000624,450216393.36794454,0.0009241027851104736,0.0006864488739364213,333,0.2285874750208283
10-238-01525,BIHAR,Jamui,Islamnagar Aliganj,0,0,,198,10,1525,,96153.77396855215,213408239.47295904,0.0007792976797485352,0.00034676203423426703,156,0.054094877340545654
10-238-01526,BIHAR,Jamui,Sikandra,0,0,,198,10,1526,,86788.2538333537,223096734.30010977,0.0007792976797485352,0.00034639074495292007,162,0.05611530068237305
10-238-01527,BIHAR,Jamui,Jamui,0,0,,198,10,1527,,90084.78430112793,212157753.6648698,0.0005855474631500244,0.0005820793659879622,155,0.09022230172813414
10-238-01528,BIHAR,Jamui,Barhat,0,0,,198,10,1528,,114104.37581341481,270298087.1382075,0.0005855474631500244,0.00048746083226702537,197,0.096029783956604
10-238-01529,BIHAR,Jamui,Lakshmipur,0,0,,198,10,1529,,112147.89260238525,307635253.00857943,0.0005855474631500244,0.0001561459901733398,225,0.035132847789001456
10-238-01530,BIHAR,Jamui,Jhajha,0,0,,198,10,1530,,147664.43327942316,507112726.974952,0.0007158900804138184,0.000475174003641077,370,0.17581438134719848
10-238-01532,BIHAR,Jamui,Khaira,0,0,,198,10,1532,,142747.05687020053,513762691.7981683,0.0007792976797485352,0.0007206045409680678,377,0.27166791194496154
10-238-01533,BIHAR,Jamui,Sono,0,0,,198,10,1533,,117724.39892386932,474283005.7300444,0.0007158900804138184,0.0006795823569138754,349,0.2371742425629425
10-238-01534,BIHAR,Jamui,Chakai,0,0,,198,10,1534,,243956.2217086091,956725034.6798706,0.0007792976797485352,0.0005547846489505222,700,0.3883492542653656
10-239-01535,BIHAR,Jehanabad,Ratni Faridpur,0,0,,199,10,1535,,82762.53932271499,155018952.20303965,0.0008226441206359864,0.0006825509589566683,114,0.07781080932106019
10-239-01536,BIHAR,Jehanabad,Jehanabad,0,0,,199,10,1536,,97254.09844747804,201426556.69272655,0.0005956713642120362,0.0005956713642120363,148,0.08815936190338136
10-239-01537,BIHAR,Jehanabad,Kako,0,0,,199,10,1537,,83599.3529020472,162373941.78194478,0.0005956713642120362,0.0005956713642120362,118,0.07028922097702027
10-239-01538,BIHAR,Jehanabad,Modanganj,0,0,,199,10,1538,,66522.90037500951,97205276.85869928,0.0006602498980712891,0.0006424674032404803,69,0.04433025082359314
10-239-01539,BIHAR,Jehanabad,Ghoshi,0,0,,199,10,1539,,82931.95174196921,112225161.55433495,0.0007080467158508302,0.0006496873763854246,83,0.05392405223999024
10-239-01540,BIHAR,Jehanabad,Makhdumpur,0,0,,199,10,1540,,128831.72570768485,301471679.33572614,0.0007080467158508302,0.0006956181055313322,217,0.1509491289002991
10-239-01541,BIHAR,Jehanabad,Hulasganj,0,0,,199,10,1541,,87179.53907708311,119677697.18988888,0.0007080467158508302,0.0006815327006267972,90,0.06133794305641175
10-240-01545,BIHAR,Arwal,Sonbhadra Banshi Suryapur,0,0,,611,10,1545,,62692.97791397586,116643000.97724338,0.0008226441206359864,0.0008025972148610311,83,0.06661556883346559
10-240-01546,BIHAR,Arwal,Kurtha,0,0,,611,10,1546,,71585.17106640573,106433073.5354984,0.0008226441206359864,0.0007821133893448269,78,0.06100484436889649
10-224-01334,BIHAR,Bhagalpur,Gopalpur,0,0,,192,10,1334,,95407.9186210158,208941966.91883087,0.0,0.0,153,0.0
10-210-01127,BIHAR,Kishanganj,Kishanganj,0,0,,203,10,1127,,125268.33771117091,207105687.55921903,0.0,0.0,152,0.0
10-206-01064,BIHAR,Sitamarhi,Suppi,0,0,,221,10,1064,,71084.15120823232,92250451.53846286,0.0,0.0,66,0.0
10-234-01463,BIHAR,Rohtas,Nasriganj,0,0,,215,10,1463,,90034.07903274363,167356919.18355417,0.0010368777052307129,0.0010330955492231582,126,0.13017003920211792
10-234-01464,BIHAR,Rohtas,Rajpur,0,0,,215,10,1464,,68660.48684625747,85633596.4997788,0.0010341499012756347,0.0010341499012756347,63,0.06515144378036498
10-234-01465,BIHAR,Rohtas,Sanjhauli,0,0,,215,10,1465,,56591.722358052,83833486.39015438,0.0010341499012756347,0.0010300208620634534,63,0.06489131430999756
10-203-01023,BIHAR,Pashchim Champaran,Thakrahan,0,0,,211,10,1023,,79847.09402015881,199004696.79409248,0.0,0.0,145,0.0
10-204-01054,BIHAR,Purbi Champaran,Phenhara,0,0,,213,10,1054,,44565.43736457999,67645025.94776015,0.0,0.0,51,0.0
10-219-01262,BIHAR,Saran,Maker,0,0,,218,10,1262,,62357.8736467211,96585777.9808088,0.0,0.0,71,0.0
10-220-01282,BIHAR,Vaishali,Sahdai Buzurg,0,0,,224,10,1282,,74546.65030748869,114161677.3631406,0.0,0.0,84,0.0
10-229-01388,BIHAR,Nalanda,Tharthari,0,0,,209,10,1388,,71853.42144919158,77411758.12428828,0.0014610262387084961,0.0013628536974899857,54,0.07359409966445923
10-229-01389,BIHAR,Nalanda,Parbalpur,0,0,,209,10,1389,,54466.2339431045,76043839.88376136,0.0014610262387084961,0.0012919791332939694,56,0.07235083146446228
10-203-01022,BIHAR,Pashchim Champaran,Bhitaha,0,0,,211,10,1022,,72626.86760213553,166969906.7472905,0.0,0.0,117,0.0
10-203-01013,BIHAR,Pashchim Champaran,Sidhaw,0,0,,211,10,1013,,195582.3602130639,1085337194.6715722,0.0,0.0,781,0.0
10-203-01014,BIHAR,Pashchim Champaran,Ramnagar,0,0,,211,10,1014,,230865.78384139363,866139404.2451236,0.0,0.0,621,0.0
10-203-01015,BIHAR,Pashchim Champaran,Gaunaha,0,0,,211,10,1015,,136504.94021895694,605322845.3823951,0.0,0.0,441,0.0
10-203-01016,BIHAR,Pashchim Champaran,Mainatanr,0,0,,211,10,1016,,115419.13930249632,312998546.4010918,0.0,0.0,221,0.0
10-203-01017,BIHAR,Pashchim Champaran,Narkatiaganj,0,0,,211,10,1017,,149144.20649331805,441857686.2127825,0.0,0.0,314,0.0
10-203-01018,BIHAR,Pashchim Champaran,Lauriya,0,0,,211,10,1018,,120853.32018665274,255440417.54612216,0.0,0.0,183,0.0
10-203-01019,BIHAR,Pashchim Champaran,Bagaha,0,0,,211,10,1019,,135587.24079810514,491292931.53180623,0.0,0.0,352,0.0
10-203-01021,BIHAR,Pashchim Champaran,Madhubani,0,0,,211,10,1021,,144670.82201821523,386116138.1353823,0.0,0.0,276,0.0
10-203-01024,BIHAR,Pashchim Champaran,Jogapatti,0,0,,211,10,1024,,88530.23644360513,258722436.3759333,0.0,0.0,186,0.0
10-203-01029,BIHAR,Pashchim Champaran,Bairia,0,0,,211,10,1029,,105039.82861382668,288505226.87341565,0.0,0.0,208,0.0
10-203-01025,BIHAR,Pashchim Champaran,Chanpatia,0,0,,211,10,1025,,113543.7602983494,310017349.34780717,0.0,0.0,226,0.0
10-206-01071,BIHAR,Sitamarhi,Parsauni,0,0,,221,10,1071,,63729.135625112256,74724139.64418457,0.0,0.0,55,0.0
10-203-01026,BIHAR,Pashchim Champaran,Sikta,0,0,,211,10,1026,,93443.22825707054,255004178.86147365,0.0,0.0,183,0.0
10-203-01027,BIHAR,Pashchim Champaran,Majhaulia,0,0,,211,10,1027,,123374.4030721297,371511179.15939575,0.0,0.0,265,0.0
10-203-01028,BIHAR,Pashchim Champaran,Bettiah,0,0,,211,10,1028,,53968.26030594324,83182055.35378212,0.0,0.0,59,0.0
10-203-01030,BIHAR,Pashchim Champaran,Nautan,0,0,,211,10,1030,,122656.63983711715,245738630.13883996,0.0,0.0,171,0.0
10-204-01031,BIHAR,Purbi Champaran,Raxaul,0,0,,213,10,1031,,98709.78801801558,166685360.13968688,0.0,0.0,124,0.0
10-206-01072,BIHAR,Sitamarhi,Belsand,0,0,,221,10,1072,,66235.5873217276,97354060.86547032,0.0,0.0,70,0.0
10-206-01073,BIHAR,Sitamarhi,Runisaidpur,0,0,,221,10,1073,,152472.54206325076,334873257.0825382,0.0,0.0,243,0.0
10-204-01032,BIHAR,Purbi Champaran,Adapur,0,0,,213,10,1032,,94532.37688292323,199608924.7111849,0.0,0.0,148,0.0
10-206-01074,BIHAR,Sitamarhi,Dumra,0,0,,221,10,1074,,111649.34177378344,241159212.36062923,0.0,0.0,178,0.0
10-204-01033,BIHAR,Purbi Champaran,Ramgarhwa,0,0,,213,10,1033,,90718.26831189607,213035907.5226096,0.0,0.0,154,0.0
10-204-01034,BIHAR,Purbi Champaran,Sugauli,0,0,,213,10,1034,,84892.41923436844,209336830.19001696,0.0,0.0,149,0.0
10-204-01038,BIHAR,Purbi Champaran,Ghorasahan,0,0,,213,10,1038,,75335.10865687576,144368243.47105,0.0,0.0,104,0.0
10-204-01035,BIHAR,Purbi Champaran,Banjaria,0,0,,213,10,1035,,102381.40449613356,176960195.87167916,0.0,0.0,124,0.0
10-204-01047,BIHAR,Purbi Champaran,Kesaria,0,0,,213,10,1047,,87546.8206889307,229535442.11688668,0.0,0.0,168,0.0
10-204-01036,BIHAR,Purbi Champaran,Narkatia,0,0,,213,10,1036,,105607.09704406632,168338010.30978012,0.0,0.0,120,0.0
10-204-01037,BIHAR,Purbi Champaran,Bankatwa,0,0,,213,10,1037,,99233.37216886049,115311013.90225838,0.0,0.0,82,0.0
10-204-01039,BIHAR,Purbi Champaran,Dhaka,0,0,,213,10,1039,,97673.73467814895,202386545.86227983,0.0,0.0,145,0.0
10-204-01048,BIHAR,Purbi Champaran,Kalyanpur,0,0,,213,10,1048,,109413.20044555076,313300912.50613195,0.0,0.0,230,0.0
10-204-01040,BIHAR,Purbi Champaran,Chiraia,0,0,,213,10,1040,,110764.71696779084,272984575.32652414,0.0,0.0,199,0.0
10-204-01041,BIHAR,Purbi Champaran,Motihari,0,0,,213,10,1041,,181544.26702654368,319814691.13850176,0.0,0.0,241,0.0
10-204-01049,BIHAR,Purbi Champaran,Kotwa,0,0,,213,10,1049,,78879.98205471091,178282937.71225017,0.0,0.0,126,0.0
10-204-01042,BIHAR,Purbi Champaran,Turkaulia,0,0,,213,10,1042,,99475.78497366334,174748315.94966665,0.0,0.0,130,0.0
10-204-01050,BIHAR,Purbi Champaran,Piprakothi,0,0,,213,10,1050,,58369.33889310607,62223774.49301849,0.0,0.0,45,0.0
10-204-01043,BIHAR,Purbi Champaran,Harsidhi,0,0,,213,10,1043,,133904.34238337883,240218359.62130272,0.0,0.0,173,0.0
10-204-01044,BIHAR,Purbi Champaran,Paharpur,0,0,,213,10,1044,,108730.62076802726,192061375.0173064,0.0,0.0,144,0.0
10-204-01045,BIHAR,Purbi Champaran,Areraj,0,0,,213,10,1045,,93331.67353690567,242725576.26244012,0.0,0.0,174,0.0
10-204-01046,BIHAR,Purbi Champaran,Sangrampur,0,0,,213,10,1046,,78133.67961210197,187659878.02718252,0.0,0.0,133,0.0
10-204-01051,BIHAR,Purbi Champaran,Chakia(Pipra),0,0,,213,10,1051,,129110.66914194856,212940547.80779588,0.0,0.0,145,0.0
10-204-01052,BIHAR,Purbi Champaran,Pakri Dayal,0,0,,213,10,1052,,90143.40730437863,148110040.62869397,0.0,0.0,106,0.0
10-204-01053,BIHAR,Purbi Champaran,Patahi,0,0,,213,10,1053,,85994.51677214028,144960443.14880535,0.0,0.0,100,0.0
10-204-01055,BIHAR,Purbi Champaran,Madhuban,0,0,,213,10,1055,,112681.00006095257,152424272.44650427,0.0,0.0,114,0.0
10-204-01056,BIHAR,Purbi Champaran,Tetaria,0,0,,213,10,1056,,82320.72754353678,104458405.63845472,0.0,0.0,74,0.0
10-205-01058,BIHAR,Sheohar,Purnahiya,0,0,,220,10,1058,,57294.126150412616,80859097.14068061,0.0,0.0,59,0.0
10-204-01057,BIHAR,Purbi Champaran,Mehsi,0,0,,213,10,1057,,125063.78039343117,149773808.08158112,0.0,0.0,108,0.0
10-205-01059,BIHAR,Sheohar,Piprarhi,0,0,,220,10,1059,,105870.45511307275,104265216.9562483,0.0,0.0,77,0.0
10-205-01060,BIHAR,Sheohar,Sheohar,0,0,,220,10,1060,,81007.5322908237,115638983.35873616,0.0,0.0,83,0.0
10-205-01061,BIHAR,Sheohar,Dumri Katsari,0,0,,220,10,1061,,65038.65439014734,84655470.24819931,0.0,0.0,59,0.0
10-205-01062,BIHAR,Sheohar,Tariani Chowk,0,0,,220,10,1062,,97491.22869259815,171878914.60720828,0.0,0.0,126,0.0
10-206-01063,BIHAR,Sitamarhi,Bairgania,0,0,,221,10,1063,,59598.621146511534,94417571.99630062,0.0,0.0,70,0.0
10-206-01065,BIHAR,Sitamarhi,Majorganj,0,0,,221,10,1065,,62808.55729710282,95411217.42446172,0.0,0.0,68,0.0
10-206-01066,BIHAR,Sitamarhi,Sonbarsa,0,0,,221,10,1066,,92820.94699371175,224104085.6083578,0.0,0.0,155,0.0
10-206-01067,BIHAR,Sitamarhi,Parihar,0,0,,221,10,1067,,86838.20299610356,272812569.4060281,0.0,0.0,197,0.0
10-207-01095,BIHAR,Madhubani,Rajnagar,0,0,,206,10,1095,,78809.12744912357,223111125.2667772,0.0,0.0,158,0.0
10-206-01068,BIHAR,Sitamarhi,Sursand,0,0,,221,10,1068,,91215.71647520129,181412871.1123928,0.0,0.0,134,0.0
10-206-01069,BIHAR,Sitamarhi,Bathnaha,0,0,,221,10,1069,,120764.04051803834,251403523.12922087,0.0,0.0,185,0.0
10-206-01070,BIHAR,Sitamarhi,Riga,0,0,,221,10,1070,,129433.73210860479,163724219.02092636,0.0,0.0,114,0.0
10-210-01123,BIHAR,Kishanganj,Thakurganj,0,0,,203,10,1123,,224971.2940646554,491161543.46963537,0.0,0.0,353,0.0
10-210-01124,BIHAR,Kishanganj,Pothia,0,0,,203,10,1124,,167388.9118766352,443844792.4531903,0.0,0.0,321,0.0
10-210-01125,BIHAR,Kishanganj,Bahadurganj,0,0,,203,10,1125,,155296.13881782343,347494200.8377232,0.0,0.0,251,0.0
10-210-01126,BIHAR,Kishanganj,Kochadhamin,0,0,,203,10,1126,,139640.52665725534,360840233.8364798,0.0,0.0,258,0.0
10-211-01128,BIHAR,Purnia,Banmankhi,0,0,,214,10,1128,,142815.61519736593,459936087.34673214,0.0,0.0,333,0.0
10-206-01075,BIHAR,Sitamarhi,Bajpatti,0,0,,221,10,1075,,90407.29439213518,174303329.1783474,0.0,0.0,125,0.0
10-206-01076,BIHAR,Sitamarhi,Charaut,0,0,,221,10,1076,,85128.15752493152,91349700.81924292,0.0,0.0,62,0.0
10-206-01077,BIHAR,Sitamarhi,Pupri,0,0,,221,10,1077,,73992.24203369493,115338203.66308306,0.0,0.0,82,0.0
10-206-01078,BIHAR,Sitamarhi,Nanpur,0,0,,221,10,1078,,73315.01223618646,135892566.9983101,0.0,0.0,100,0.0
10-220-01283,BIHAR,Vaishali,Mahnar,0,0,,224,10,1283,,81638.1139853176,126474580.44313861,0.0,0.0,89,0.0
10-206-01079,BIHAR,Sitamarhi,Bokhara,0,0,,221,10,1079,,81978.13188098712,108574895.39827529,0.0,0.0,79,0.0
10-207-01080,BIHAR,Madhubani,Madhwapur,0,0,,206,10,1080,,88808.76172423853,137557654.90878707,0.0,0.0,103,0.0
10-207-01081,BIHAR,Madhubani,Harlakhi,0,0,,206,10,1081,,90217.76640094945,187441757.00046396,0.0,0.0,138,0.0
10-207-01082,BIHAR,Madhubani,Basopatti,0,0,,206,10,1082,,97634.90682970545,164238774.4639331,0.0,0.0,122,0.0
10-207-01089,BIHAR,Madhubani,Khajauli,0,0,,206,10,1089,,91171.28062794723,150968724.81279027,0.0,0.0,108,0.0
10-207-01083,BIHAR,Madhubani,Jainagar,0,0,,206,10,1083,,81489.61423509955,161880108.8306139,0.0,0.0,115,0.0
10-207-01090,BIHAR,Madhubani,Kaluahi,0,0,,206,10,1090,,62305.281593423286,101560283.08963235,0.0,0.0,75,0.0
10-207-01084,BIHAR,Madhubani,Ladania,0,0,,206,10,1084,,97928.14946240213,232665607.5684243,0.0,0.0,164,0.0
10-207-01085,BIHAR,Madhubani,Laukaha,0,0,,206,10,1085,,102032.19667129294,266340932.00179368,0.0,0.0,197,0.0
10-207-01086,BIHAR,Madhubani,Laukahi,0,0,,206,10,1086,,109679.24973352649,329223432.564553,0.0,0.0,237,0.0
10-207-01087,BIHAR,Madhubani,Phulparas,0,0,,206,10,1087,,117974.41186319289,199352334.8677591,0.0,0.0,140,0.0
10-207-01088,BIHAR,Madhubani,Babubarhi,0,0,,206,10,1088,,118996.04641992833,237192379.86086744,0.0,0.0,174,0.0
10-207-01091,BIHAR,Madhubani,Benipatti,0,0,,206,10,1091,,128414.2409747215,328987645.9449377,0.0,0.0,231,0.0
10-207-01092,BIHAR,Madhubani,Bisfi,0,0,,206,10,1092,,99754.46134559005,226192948.413646,0.0,0.0,165,0.0
10-207-01093,BIHAR,Madhubani,Madhubani,0,0,,206,10,1093,,109764.71764889831,200359220.56727448,0.0,0.0,142,0.0
10-207-01094,BIHAR,Madhubani,Pandaul,0,0,,206,10,1094,,102372.75527307783,208327489.63825428,0.0,0.0,148,0.0
10-207-01096,BIHAR,Madhubani,Andhratharhi,0,0,,206,10,1096,,97300.5167595078,186769445.10608673,0.0,0.0,134,0.0
10-207-01097,BIHAR,Madhubani,Jhanjharpur,0,0,,206,10,1097,,125261.96837896874,181284371.95402232,0.0,0.0,132,0.0
10-207-01098,BIHAR,Madhubani,Ghoghardiha,0,0,,206,10,1098,,114215.40677637524,211228851.4219488,0.0,0.0,159,0.0
10-207-01099,BIHAR,Madhubani,Lakhnaur,0,0,,206,10,1099,,72956.74167609161,146945623.14022,0.0,0.0,110,0.0
10-207-01100,BIHAR,Madhubani,Madhepur,0,0,,206,10,1100,,144505.38034518834,300452948.5687113,0.0,0.0,212,0.0
10-208-01101,BIHAR,Supaul,Nirmali,0,0,,223,10,1101,,123310.21889922836,162734364.67066902,0.0,0.0,118,0.0
10-208-01102,BIHAR,Supaul,Basantpur,0,0,,223,10,1102,,136288.63693043106,319456339.75100917,0.0,0.0,228,0.0
10-208-01103,BIHAR,Supaul,Chhatapur,0,0,,223,10,1103,,142271.17176584958,398825687.2446475,0.0,0.0,285,0.0
10-208-01104,BIHAR,Supaul,Pratapganj,0,0,,223,10,1104,,71155.69013184242,133032565.19323792,0.0,0.0,97,0.0
10-208-01105,BIHAR,Supaul,Raghopur,0,0,,223,10,1105,,111831.20983491397,255841046.48838165,0.0,0.0,187,0.0
10-221-01285,BIHAR,Samastipur,Warisnagar,0,0,,217,10,1285,,90241.30323013186,163846086.5162723,0.0,0.0,120,0.0
10-208-01106,BIHAR,Supaul,Saraigarh Bhaptiyahi,0,0,,223,10,1106,,105489.5116383213,257042943.27229512,0.0,0.0,189,0.0
10-208-01107,BIHAR,Supaul,Kishanpur,0,0,,223,10,1107,,125516.73810076228,248613546.3002807,0.0,0.0,177,0.0
10-208-01108,BIHAR,Supaul,Marauna,0,0,,223,10,1108,,114969.59778192453,206419565.01179272,0.0,0.0,149,0.0
10-208-01109,BIHAR,Supaul,Supaul,0,0,,223,10,1109,,122628.008173687,390920691.5720901,0.0,0.0,287,0.0
10-208-01110,BIHAR,Supaul,Pipra,0,0,,223,10,1110,,113516.78657800167,247320462.25611627,0.0,0.0,181,0.0
10-221-01287,BIHAR,Samastipur,Khanpur,0,0,,217,10,1287,,89337.20668890505,173313349.37261373,0.0,0.0,127,0.0
10-208-01111,BIHAR,Supaul,Tribeniganj,0,0,,223,10,1111,,136684.8917573132,402291551.99740016,0.0,0.0,290,0.0
10-209-01112,BIHAR,Araria,Narpatganj,0,0,,188,10,1112,,196352.82868709194,482872068.7863751,0.0,0.0,351,0.0
10-209-01113,BIHAR,Araria,Forbesganj,0,0,,188,10,1113,,165874.55860340688,546946456.996027,0.0,0.0,392,0.0
10-209-01114,BIHAR,Araria,Bhargama,0,0,,188,10,1114,,140909.75235341018,280499778.1128878,0.0,0.0,206,0.0
10-209-01115,BIHAR,Araria,Raniganj,0,0,,188,10,1115,,160625.61646677545,576910744.770993,0.0,0.0,418,0.0
10-209-01116,BIHAR,Araria,Araria,0,0,,188,10,1116,,192057.15187743204,506918787.2643526,0.0,0.0,371,0.0
10-209-01117,BIHAR,Araria,Kursakatta,0,0,,188,10,1117,,96566.38525637137,201032230.408231,0.0,0.0,147,0.0
10-209-01118,BIHAR,Araria,Sikti,0,0,,188,10,1118,,116798.35346995249,237753016.2819182,0.0,0.0,177,0.0
10-209-01119,BIHAR,Araria,Palasi,0,0,,188,10,1119,,132578.70192307016,306240761.34804773,0.0,0.0,222,0.0
10-209-01120,BIHAR,Araria,Jokihat,0,0,,188,10,1120,,155370.9524619173,341005127.7602247,0.0,0.0,246,0.0
10-210-01121,BIHAR,Kishanganj,Terhagachh,0,0,,203,10,1121,,121953.02658094271,245208326.38245347,0.0,0.0,175,0.0
10-210-01122,BIHAR,Kishanganj,Dighalbank,0,0,,203,10,1122,,147432.83262190674,314385668.4331173,0.0,0.0,224,0.0
10-211-01129,BIHAR,Purnia,Barhara,0,0,,214,10,1129,,111073.17449432175,288009141.38478667,0.0,0.0,212,0.0
10-211-01130,BIHAR,Purnia,Bhawanipur,0,0,,214,10,1130,,116656.34435182877,201938838.4795833,0.0,0.0,147,0.0
10-211-01131,BIHAR,Purnia,Rupauli,0,0,,214,10,1131,,113946.660566684,308195114.8462847,0.0,0.0,227,0.0
10-211-01132,BIHAR,Purnia,Dhamdaha,0,0,,214,10,1132,,135370.01293426772,446856166.039676,0.0,0.0,326,0.0
10-211-01133,BIHAR,Purnia,Krityanand Nagar,0,0,,214,10,1133,,149407.41850079046,364443041.21247435,0.0,0.0,274,0.0
10-211-01134,BIHAR,Purnia,Purnia East,0,0,,214,10,1134,,127662.13358515713,309272824.56310594,0.0,0.0,228,0.0
10-211-01135,BIHAR,Purnia,Kasba,0,0,,214,10,1135,,130095.64608516233,215123054.3424731,0.0,0.0,154,0.0
10-211-01136,BIHAR,Purnia,Srinagar,0,0,,214,10,1136,,106220.57404900706,172405807.6412187,0.0,0.0,122,0.0
10-211-01137,BIHAR,Purnia,Jalalgarh,0,0,,214,10,1137,,87146.39992638786,142107808.6772385,0.0,0.0,102,0.0
10-211-01138,BIHAR,Purnia,Amour,0,0,,214,10,1138,,141371.93624621196,307011870.96961224,0.0,0.0,225,0.0
10-211-01139,BIHAR,Purnia,Baisa,0,0,,214,10,1139,,132173.35304950457,275191667.549805,0.0,0.0,197,0.0
10-211-01140,BIHAR,Purnia,Baisi,0,0,,214,10,1140,,118169.54825440844,253873549.02719215,0.0,0.0,187,0.0
10-211-01141,BIHAR,Purnia,Dagarua,0,0,,214,10,1141,,129309.28146976323,257465778.6329552,0.0,0.0,180,0.0
10-212-01142,BIHAR,Katihar,Falka,0,0,,201,10,1142,,100518.70580952488,208374539.8829749,0.0,0.0,150,0.0
10-212-01143,BIHAR,Katihar,Korha,0,0,,201,10,1143,,137118.64195203967,368801327.90483874,0.0,0.0,273,0.0
10-212-01144,BIHAR,Katihar,Hasanganj,0,0,,201,10,1144,,78227.29832785497,86155111.41022065,0.0,0.0,62,0.0
10-212-01145,BIHAR,Katihar,Kadwa,0,0,,201,10,1145,,157692.68144088247,420129854.10490626,0.0,0.0,307,0.0
10-212-01146,BIHAR,Katihar,Balrampur,0,0,,201,10,1146,,141815.18317465586,216253207.31133217,0.0,0.0,151,0.0
10-212-01147,BIHAR,Katihar,Barsoi,0,0,,201,10,1147,,172308.8160052511,357713388.6445612,0.0,0.0,261,0.0
10-212-01148,BIHAR,Katihar,Azamnagar,0,0,,201,10,1148,,141791.77759222616,349759708.1212404,0.0,0.0,253,0.0
10-221-01290,BIHAR,Samastipur,Tajpur,0,0,,217,10,1290,,57166.77792153786,83856612.1105223,0.0,0.0,61,0.0
10-212-01149,BIHAR,Katihar,Pranpur,0,0,,201,10,1149,,111803.70370561493,191475637.62126103,0.0,0.0,141,0.0
10-212-01150,BIHAR,Katihar,Dandkhora,0,0,,201,10,1150,,70987.07501110679,111201189.06340708,0.0,0.0,81,0.0
10-212-01151,BIHAR,Katihar,Katihar,0,0,,201,10,1151,,76845.81968857624,136830037.77828172,0.0,0.0,100,0.0
10-212-01152,BIHAR,Katihar,Mansahi,0,0,,201,10,1152,,73279.06289841712,97405011.1871763,0.0,0.0,73,0.0
10-212-01155,BIHAR,Katihar,Kursela,0,0,,201,10,1155,,80348.39413748268,153683091.52761996,0.0,0.0,117,0.0
10-212-01153,BIHAR,Katihar,Barari,0,0,,201,10,1153,,107333.93297446336,407446973.1478653,0.0,0.0,292,0.0
10-212-01154,BIHAR,Katihar,Sameli,0,0,,201,10,1154,,75105.36277909,118027198.2496544,0.0,0.0,81,0.0
10-212-01156,BIHAR,Katihar,Manihari,0,0,,201,10,1156,,130162.81635074862,303859830.4099729,0.0,0.0,221,0.0
10-212-01157,BIHAR,Katihar,Amdabad,0,0,,201,10,1157,,103742.71814675455,228302986.79665467,0.0,0.0,164,0.0
10-213-01158,BIHAR,Madhepura,Gamharia,0,0,,205,10,1158,,80141.00377515821,125479849.27382244,0.0,0.0,89,0.0
10-213-01160,BIHAR,Madhepura,Ghailarh,0,0,,205,10,1160,,78865.70647224285,116219722.2388165,0.0,0.0,83,0.0
10-213-01159,BIHAR,Madhepura,Singheshwar,0,0,,205,10,1159,,111627.30849980874,111167268.35246354,0.0,0.0,78,0.0
10-216-01210,BIHAR,Muzaffarpur,Bandra,0,0,,208,10,1210,,74293.85759884378,142020443.31484023,0.0,0.0,103,0.0
10-213-01161,BIHAR,Madhepura,Madhepura,0,0,,205,10,1161,,115084.47931226583,237801277.85767865,0.0,0.0,175,0.0
10-213-01162,BIHAR,Madhepura,Shankarpur,0,0,,205,10,1162,,63984.56408470212,128790837.874554,0.0,0.0,94,0.0
10-213-01163,BIHAR,Madhepura,Kumarkhand,0,0,,205,10,1163,,118191.24796123093,316976886.68211347,0.0,0.0,230,0.0
10-213-01164,BIHAR,Madhepura,Murliganj,0,0,,205,10,1164,,94211.11378994165,247086114.21145928,0.0,0.0,179,0.0
10-221-01293,BIHAR,Samastipur,Mohanpur,0,0,,217,10,1293,,74468.46489139357,163000016.77407515,0.0,0.0,120,0.0
10-213-01165,BIHAR,Madhepura,Gwalpara,0,0,,205,10,1165,,78037.2495556277,147267353.58482873,0.0,0.0,109,0.0
10-214-01172,BIHAR,Saharsa,Satar Kataiya,0,0,,216,10,1172,,77878.75925155886,177382280.64763528,0.0,0.0,130,0.0
10-213-01166,BIHAR,Madhepura,Bihariganj,0,0,,205,10,1166,,79669.40805645821,133818744.70956944,0.0,0.0,98,0.0
10-216-01211,BIHAR,Muzaffarpur,Dholi (Moraul),0,0,,208,10,1211,,63030.361633940505,73298422.6275262,0.0,0.0,50,0.0
10-213-01167,BIHAR,Madhepura,Kishanganj,0,0,,205,10,1167,,99817.47531025465,188055937.5971522,0.0,0.0,133,0.0
10-216-01212,BIHAR,Muzaffarpur,Musahri,0,0,,208,10,1212,,211487.75457487197,365415439.5943066,0.0,0.0,267,0.0
10-213-01168,BIHAR,Madhepura,Puraini,0,0,,205,10,1168,,63416.842365887525,103114850.3546553,0.0,0.0,76,0.0
10-214-01174,BIHAR,Saharsa,Kahara,0,0,,216,10,1174,,81070.16203244023,176788302.3737116,0.0,0.0,128,0.0
10-213-01169,BIHAR,Madhepura,Alamnagar,0,0,,205,10,1169,,94357.42058114092,211989804.11375904,0.0,0.0,151,0.0
10-213-01170,BIHAR,Madhepura,Chausa,0,0,,205,10,1170,,87285.75133964,172516848.53860697,0.0,0.0,124,0.0
10-214-01171,BIHAR,Saharsa,Nauhatta,0,0,,216,10,1171,,93228.84620468391,212763144.21707585,0.0,0.0,151,0.0
10-217-01227,BIHAR,Gopalganj,Sidhwalia,0,0,,197,10,1227,,69457.48217743407,152022198.31601515,0.0,0.0,109,0.0
10-214-01173,BIHAR,Saharsa,Mahishi,0,0,,216,10,1173,,106372.46434789852,273075178.2794974,0.0,0.0,195,0.0
10-214-01175,BIHAR,Saharsa,Saur Bazar,0,0,,216,10,1175,,88121.22998090234,233228921.9025612,0.0,0.0,171,0.0
10-214-01176,BIHAR,Saharsa,Patarghat,0,0,,216,10,1176,,67497.21582029684,149681422.04156074,0.0,0.0,105,0.0
10-214-01177,BIHAR,Saharsa,Sonbarsa,0,0,,216,10,1177,,90185.02153799882,263952116.041209,0.0,0.0,193,0.0
10-216-01199,BIHAR,Muzaffarpur,Sahebganj,0,0,,208,10,1199,,80060.99972290538,253055918.70266867,0.0,0.0,189,0.0
10-214-01178,BIHAR,Saharsa,Simri Bakhtiarpur,0,0,,216,10,1178,,119116.35548129058,266466354.66217396,0.0,0.0,194,0.0
10-214-01179,BIHAR,Saharsa,Salkhua,0,0,,216,10,1179,,82412.26684571667,221182533.93573853,0.0,0.0,163,0.0
10-214-01180,BIHAR,Saharsa,Banma Itahri,0,0,,216,10,1180,,54286.501575749484,92822449.4552088,0.0,0.0,68,0.0
10-215-01181,BIHAR,Darbhanga,Jale,0,0,,195,10,1181,,112473.57051363293,234172285.01568127,0.0,0.0,171,0.0
10-215-01182,BIHAR,Darbhanga,Singhwara,0,0,,195,10,1182,,121368.62688362494,223279889.67870736,0.0,0.0,162,0.0
10-215-01183,BIHAR,Darbhanga,Keotiranway,0,0,,195,10,1183,,89515.08566239705,180205403.4644349,0.0,0.0,131,0.0
10-215-01184,BIHAR,Darbhanga,Darbhanga,0,0,,195,10,1184,,131883.04966973627,240721362.1475316,0.0,0.0,174,0.0
10-215-01185,BIHAR,Darbhanga,Manigachhi,0,0,,195,10,1185,,96856.01003306538,158887287.31255177,0.0,0.0,114,0.0
10-215-01186,BIHAR,Darbhanga,Tardih,0,0,,195,10,1186,,96398.42232606321,109520018.96976715,0.0,0.0,79,0.0
10-215-01187,BIHAR,Darbhanga,Alinagar,0,0,,195,10,1187,,105560.56246873255,146523357.5416611,0.0,0.0,105,0.0
10-215-01188,BIHAR,Darbhanga,Benipur,0,0,,195,10,1188,,118482.30854716274,204643530.87647069,0.0,0.0,150,0.0
10-215-01189,BIHAR,Darbhanga,Bahadurpur,0,0,,195,10,1189,,155637.00049509996,221161760.4253616,0.0,0.0,158,0.0
10-215-01190,BIHAR,Darbhanga,Hanumannagar,0,0,,195,10,1190,,114393.83215098479,181536916.32106537,0.0,0.0,130,0.0
10-215-01191,BIHAR,Darbhanga,Hayaghat,0,0,,195,10,1191,,66118.49929402806,108810529.75916524,0.0,0.0,77,0.0
10-215-01192,BIHAR,Darbhanga,Baheri,0,0,,195,10,1192,,128629.1579498372,271307286.95794886,0.0,0.0,195,0.0
10-215-01193,BIHAR,Darbhanga,Biraul,0,0,,195,10,1193,,135706.32971678255,230203939.26841983,0.0,0.0,167,0.0
10-215-01194,BIHAR,Darbhanga,Ghanshyampur,0,0,,195,10,1194,,76766.91373126305,103945643.9979024,0.0,0.0,78,0.0
10-215-01195,BIHAR,Darbhanga,Kiratpur,0,0,,195,10,1195,,78793.19278562842,78915927.53877336,0.0,0.0,60,0.0
10-215-01196,BIHAR,Darbhanga,Gora Bauram,0,0,,195,10,1196,,99804.03366816713,145653476.81698695,0.0,0.0,104,0.0
10-215-01197,BIHAR,Darbhanga,Kusheshwar Asthan,0,0,,195,10,1197,,87220.16498537568,144130520.9401011,0.0,0.0,107,0.0
10-215-01198,BIHAR,Darbhanga,Kusheshwar Asthan Purbi,0,0,,195,10,1198,,91858.86035222423,150084285.43545517,0.0,0.0,112,0.0
10-216-01200,BIHAR,Muzaffarpur,Baruraj (Motipur),0,0,,208,10,1200,,125110.13599018812,365259305.4740948,0.0,0.0,263,0.0
10-216-01201,BIHAR,Muzaffarpur,Paroo,0,0,,208,10,1201,,136934.87791145188,413033977.3448192,0.0,0.0,295,0.0
10-216-01202,BIHAR,Muzaffarpur,Saraiya,0,0,,208,10,1202,,155820.80051537574,301402655.1404849,0.0,0.0,218,0.0
10-216-01203,BIHAR,Muzaffarpur,Marwan,0,0,,208,10,1203,,84959.92762229654,138736310.53842777,0.0,0.0,101,0.0
10-216-01204,BIHAR,Muzaffarpur,Kanti,0,0,,208,10,1204,,97122.90469976026,124757584.36625764,0.0,0.0,91,0.0
10-216-01205,BIHAR,Muzaffarpur,Minapur,0,0,,208,10,1205,,166218.11946715685,316124209.98756105,0.0,0.0,228,0.0
10-216-01206,BIHAR,Muzaffarpur,Bochaha,0,0,,208,10,1206,,126044.68100944142,233148755.94160384,0.0,0.0,167,0.0
10-216-01207,BIHAR,Muzaffarpur,Aurai,0,0,,208,10,1207,,101267.16719990574,247748190.77792475,0.0,0.0,177,0.0
10-216-01208,BIHAR,Muzaffarpur,Katra,0,0,,208,10,1208,,118891.9342746819,235108975.17115793,0.0,0.0,171,0.0
10-216-01209,BIHAR,Muzaffarpur,Gaighat,0,0,,208,10,1209,,111008.49869520529,259762671.68662548,0.0,0.0,191,0.0
10-216-01213,BIHAR,Muzaffarpur,Kurhani,0,0,,208,10,1213,,108106.10574110712,256354911.2077163,0.0,0.0,187,0.0
10-216-01214,BIHAR,Muzaffarpur,Sakra,0,0,,208,10,1214,,105121.4777371614,236360031.18726787,0.0,0.0,175,0.0
10-217-01215,BIHAR,Gopalganj,Katiya,0,0,,197,10,1215,,94755.55253264701,158441587.458013,0.0009359281327819824,0.0007353721043287005,112,0.08236167568481445
10-217-01216,BIHAR,Gopalganj,Bijaipur,0,0,,197,10,1216,,81309.59717969262,163112176.36717936,0.0009359281327819824,0.0009359281327819824,120,0.11231137593383789
10-217-01217,BIHAR,Gopalganj,Bhorey,0,0,,197,10,1217,,78790.65552761848,196013266.46535653,0.0009359281327819824,0.0004874625691572825,144,0.07019460995864868
10-217-01218,BIHAR,Gopalganj,Pach Deuri,0,0,,197,10,1218,,53698.212932643866,118295317.11973979,0.0,0.0,85,0.0
10-217-01219,BIHAR,Gopalganj,Kuchaikote,0,0,,197,10,1219,,101077.28158428885,316078491.04748106,0.0,0.0,226,0.0
10-217-01220,BIHAR,Gopalganj,Phulwaria,0,0,,197,10,1220,,81339.22200232239,118763292.85091434,0.0,0.0,89,0.0
10-217-01221,BIHAR,Gopalganj,Hathua,0,0,,197,10,1221,,91546.96202775641,183613061.83342972,0.0009767940689849855,0.0006460685180688093,127,0.08205070179473878
10-217-01222,BIHAR,Gopalganj,Uchkagaon,0,0,,197,10,1222,,80102.93001981139,142235093.67043933,0.0009767940689849855,6.450526870655564e-05,106,0.006837558482894898
10-217-01223,BIHAR,Gopalganj,Thawe,0,0,,197,10,1223,,57244.55575246375,89300191.60424533,0.0009767940689849855,1.5262407327890398e-05,64,0.0009767940689849855
10-217-01224,BIHAR,Gopalganj,Gopalganj,0,0,,197,10,1224,,110313.13172782106,244420793.60160467,0.0,0.0,182,0.0
10-218-01232,BIHAR,Siwan,Goriakothi,0,0,,222,10,1232,,73201.39147651673,174963939.23516312,0.0,0.0,127,0.0
10-217-01225,BIHAR,Gopalganj,Manjha,0,0,,197,10,1225,,80242.78538873792,179389027.9828925,0.0,0.0,131,0.0
10-217-01226,BIHAR,Gopalganj,Barauli,0,0,,197,10,1226,,105754.79057670098,232227972.12586737,0.0,0.0,170,0.0
10-217-01228,BIHAR,Gopalganj,Baikunthpur,0,0,,197,10,1228,,97825.58906166903,256614409.24172768,0.0,0.0,185,0.0
10-218-01229,BIHAR,Siwan,Nautan,0,0,,222,10,1229,,58324.35348563096,81827813.66620097,0.0009767940689849855,0.0009767940689849855,58,0.05665405600112916
10-218-01230,BIHAR,Siwan,Siwan,0,0,,222,10,1230,,92599.06904644772,168879532.28230655,0.0009767940689849855,0.0008940149105964274,118,0.10549375945037844
10-218-01235,BIHAR,Siwan,Bhagwanpur Hat,0,0,,222,10,1235,,86430.4184146014,189582799.91524476,0.0007287758051109315,0.0001161816500901485,138,0.016033067712440494
10-218-01231,BIHAR,Siwan,Barharia,0,0,,222,10,1231,,90315.6629531122,219606934.01516393,0.0009767940689849855,1.8314888793468478e-05,160,0.0029303822069549562
10-218-01233,BIHAR,Siwan,Lakri Nabiganj,0,0,,222,10,1233,,79648.98713303795,120773104.6039552,0.0,0.0,88,0.0
10-218-01234,BIHAR,Siwan,Basantpur,0,0,,222,10,1234,,57871.378293950496,76675463.02480637,0.0,0.0,56,0.0
10-218-01236,BIHAR,Siwan,Maharajganj,0,0,,222,10,1236,,119387.58843212528,142817377.5161484,0.0007287758051109315,0.00027594423688666336,103,0.02842225639932633
10-218-01237,BIHAR,Siwan,Pachrukhi,0,0,,222,10,1237,,99183.2392802834,160709761.40986398,0.0009767940689849855,4.1743336281409637e-05,117,0.004883970344924928
10-218-01238,BIHAR,Siwan,Hussainganj,0,0,,222,10,1238,,68784.84800107122,105975934.30464326,0.0009767940689849855,0.0008626732376944054,74,0.063837819589386
10-218-01239,BIHAR,Siwan,Ziradei,0,0,,222,10,1239,,98825.50869312549,152221780.48504183,0.0009767940689849855,0.0009753738235714201,111,0.10826649441642763
10-218-01240,BIHAR,Siwan,Mairwa,0,0,,222,10,1240,,65279.2242200428,88898123.37504825,0.0011120184062576295,0.0009829406297701057,66,0.06487408156482698
10-218-01242,BIHAR,Siwan,Darauli,0,0,,222,10,1242,,90305.00161970501,214758375.6239279,0.0011120184062576295,0.0009228231453687608,155,0.14303758753215792
10-218-01241,BIHAR,Siwan,Guthani,0,0,,222,10,1241,,78778.78773845347,115110806.99004474,0.0011120184062576295,0.001102123942554753,82,0.09037416328948975
10-219-01248,BIHAR,Saran,Mashrakh,0,0,,218,10,1248,,82075.7710341599,165898243.02109933,0.0,0.0,121,0.0
10-218-01243,BIHAR,Siwan,Andar,0,0,,222,10,1243,,83358.60866933218,125625010.62434034,0.0009767940689849855,0.0008372672005971275,87,0.07284224645195009
10-219-01249,BIHAR,Saran,Panapur,0,0,,218,10,1249,,75875.09329534958,182360909.7404776,0.0,0.0,128,0.0
10-218-01244,BIHAR,Siwan,Raghunathpur,0,0,,222,10,1244,,87824.68008836384,193566358.3438411,0.0008191468280792237,0.0008191468280792237,143,0.11713799641532899
10-219-01250,BIHAR,Saran,Taraiya,0,0,,218,10,1250,,53629.0613522338,97307015.09151264,0.0,0.0,74,0.0
10-218-01245,BIHAR,Siwan,Hasanpura,0,0,,222,10,1245,,82786.09108287447,121956119.03175904,0.0008191468280792237,0.0007504559917730574,87,0.06528967128425599
10-219-01251,BIHAR,Saran,Ishupur,0,0,,218,10,1251,,62425.60798229613,109300191.56908256,0.0,0.0,76,0.0
10-218-01246,BIHAR,Siwan,Daraundha,0,0,,222,10,1246,,105400.53795370483,157911066.26165873,0.0007287758051109315,0.0006337180914008099,115,0.07287758051109314
10-219-01256,BIHAR,Saran,Jalalpur,0,0,,218,10,1256,,65042.73641147566,147549697.72689733,0.0007653048071289063,0.0002771907419625768,106,0.029382218648033143
10-218-01247,BIHAR,Siwan,Siswan,0,0,,222,10,1247,,98184.39847010886,155554872.77293277,0.0008191468280792237,0.0007556428659933966,111,0.08387635812526703
10-219-01259,BIHAR,Saran,Nagra,0,0,,218,10,1259,,43289.948409307304,65110006.46242106,0.0006963939033508301,0.0002963378312131192,47,0.013927878067016604
10-219-01252,BIHAR,Saran,Baniapur,0,0,,218,10,1252,,89199.8841803021,219417775.87250236,0.0007287758051109315,1.7884068837078074e-05,163,0.002915103220443726
10-219-01253,BIHAR,Saran,Lahladpur,0,0,,218,10,1253,,49287.19248841685,70233795.44130237,0.0007287758051109315,0.00039353893475990297,50,0.01967694673799515
10-219-01254,BIHAR,Saran,Ekma,0,0,,218,10,1254,,99716.17236158185,176114988.01319405,0.0007287758051109315,0.0007287758051109315,128,0.09328330305419923
10-219-01255,BIHAR,Saran,Manjhi,0,0,,218,10,1255,,127085.43562979231,244607530.98349065,0.0007653048071289063,0.0007328446066420872,180,0.1319120291955757
10-219-01257,BIHAR,Saran,Revelganj,0,0,,218,10,1257,,84877.1419542779,179359801.45379385,0.0007653048071289063,0.0007019067756530761,125,0.08773834695663452
10-219-01258,BIHAR,Saran,Chapra,0,0,,218,10,1258,,119729.94798472138,239470568.44351175,0.0006963939033508301,0.0006528692843914032,176,0.11490499405288696
10-219-01260,BIHAR,Saran,Marhaura,0,0,,218,10,1260,,87240.95030017926,190752130.05196184,0.0006963939033508301,2.0332668710973142e-05,137,0.0027855756134033205
10-219-01261,BIHAR,Saran,Amnour,0,0,,218,10,1261,,94922.90618840617,160109081.4065653,0.0006963939033508301,1.1803286497471697e-05,118,0.0013927878067016603
10-219-01263,BIHAR,Saran,Parsa,0,0,,218,10,1263,,85595.91054800974,122749042.93573296,0.0,0.0,88,0.0
10-219-01266,BIHAR,Saran,Dighwara,0,0,,218,10,1266,,81943.45164265168,101347015.6655549,0.0,0.0,72,0.0
10-219-01264,BIHAR,Saran,Dariapur,0,0,,218,10,1264,,115477.27251924115,281302380.67878103,0.0,0.0,202,0.0
10-219-01265,BIHAR,Saran,Garkha,0,0,,218,10,1265,,90147.74693968748,213336409.9887166,0.0006963939033508301,0.00035724102834230897,154,0.05501511836471558
10-220-01269,BIHAR,Vaishali,Paterhi Belsar,0,0,,224,10,1269,,56227.36197278124,93522597.26160131,0.0,0.0,69,0.0
10-219-01267,BIHAR,Saran,Sonepur,0,0,,218,10,1267,,70412.64000247594,214865144.18564072,0.0,0.0,162,0.0
10-220-01268,BIHAR,Vaishali,Vaishali,0,0,,224,10,1268,,72706.90824879723,158663399.21103516,0.0,0.0,114,0.0
10-220-01270,BIHAR,Vaishali,Lalganj,0,0,,224,10,1270,,89595.71916906572,184177988.41986412,0.0,0.0,133,0.0
10-221-01294,BIHAR,Samastipur,Mohiuddinagar,0,0,,217,10,1294,,80607.53716768604,178536106.2701614,0.0,0.0,130,0.0
10-220-01271,BIHAR,Vaishali,Bhagwanpur,0,0,,224,10,1271,,98965.72708266653,142473218.81446454,0.0,0.0,102,0.0
10-220-01272,BIHAR,Vaishali,Goraul,0,0,,224,10,1272,,101989.77906286377,122446101.92943335,0.0,0.0,87,0.0
10-220-01273,BIHAR,Vaishali,Chehra Kalan,0,0,,224,10,1273,,63204.34388206024,89818122.94593617,0.0,0.0,66,0.0
10-220-01277,BIHAR,Vaishali,Raja Pakar,0,0,,224,10,1277,,58946.08844196175,93673217.82917874,0.0,0.0,72,0.0
10-220-01274,BIHAR,Vaishali,Patepur,0,0,,224,10,1274,,118180.33822078991,317029999.71255994,0.0,0.0,234,0.0
10-220-01275,BIHAR,Vaishali,Mahua,0,0,,224,10,1275,,86273.82517515696,171155586.12447235,0.0,0.0,125,0.0
10-220-01276,BIHAR,Vaishali,Jandaha,0,0,,224,10,1276,,99044.76663725945,179891527.10359335,0.0,0.0,128,0.0
10-220-01278,BIHAR,Vaishali,Hajipur,0,0,,224,10,1278,,80048.24731377292,194916759.16986817,0.0,0.0,140,0.0
10-220-01280,BIHAR,Vaishali,Bidupur,0,0,,224,10,1280,,88122.3198685409,139375575.9420912,0.0,0.0,99,0.0
10-220-01279,BIHAR,Vaishali,Raghopur,0,0,,224,10,1279,,128641.49950069311,338499790.0832371,0.0,0.0,246,0.0
10-220-01281,BIHAR,Vaishali,Desri,0,0,,224,10,1281,,50183.809114488824,56627949.53624974,0.0,0.0,43,0.0
10-221-01284,BIHAR,Samastipur,Kalyanpur,0,0,,217,10,1284,,147387.26660455638,294821482.9966942,0.0,0.0,214,0.0
10-221-01286,BIHAR,Samastipur,Shivaji Nagar,0,0,,217,10,1286,,96209.25031894707,172333979.18990555,0.0,0.0,130,0.0
10-221-01288,BIHAR,Samastipur,Samastipur,0,0,,217,10,1288,,112474.97484539819,170577777.20953664,0.0,0.0,123,0.0
10-221-01289,BIHAR,Samastipur,Pusa,0,0,,217,10,1289,,64081.7615729533,95008289.7510354,0.0,0.0,65,0.0
10-221-01291,BIHAR,Samastipur,Morwa,0,0,,217,10,1291,,104551.97847793197,152111293.7773472,0.0,0.0,106,0.0
10-221-01292,BIHAR,Samastipur,Patori,0,0,,217,10,1292,,69422.25062895294,130638318.44440164,0.0,0.0,93,0.0
10-221-01295,BIHAR,Samastipur,Sarairanjan,0,0,,217,10,1295,,96463.23467310029,185572344.2706523,0.0,0.0,145,0.0
10-221-01296,BIHAR,Samastipur,Vidyapati Nagar,0,0,,217,10,1296,,62930.2690484309,106322816.42401849,0.0,0.0,75,0.0
10-221-01297,BIHAR,Samastipur,Dalsinghsarai,0,0,,217,10,1297,,80515.23552986495,118201268.21451648,0.0,0.0,89,0.0
10-221-01298,BIHAR,Samastipur,Ujiarpur,0,0,,217,10,1298,,81756.09445970641,209497824.1015558,0.0,0.0,149,0.0
10-221-01300,BIHAR,Samastipur,Rosera,0,0,,217,10,1300,,84599.34785899956,138535375.895554,0.0,0.0,97,0.0
10-221-01299,BIHAR,Samastipur,Bibhutpur,0,0,,217,10,1299,,96600.53522783429,258332531.194082,0.0,0.0,187,0.0
10-221-01301,BIHAR,Samastipur,Singhia,0,0,,217,10,1301,,76055.88015393679,178639507.67998633,0.0,0.0,128,0.0
10-222-01307,BIHAR,Begusarai,Cheria Bariarpur,0,0,,191,10,1307,,80422.0696045629,127840547.1243011,0.0,0.0,89,0.0
10-221-01302,BIHAR,Samastipur,Hasanpur,0,0,,217,10,1302,,122795.93417076243,188091095.39019313,0.0,0.0,138,0.0
10-221-01303,BIHAR,Samastipur,Bithan,0,0,,217,10,1303,,72838.55780104545,149849875.79630712,0.0,0.0,109,0.0
10-222-01304,BIHAR,Begusarai,Khudabandpur,0,0,,191,10,1304,,49522.71992212785,59617610.47663844,0.0,0.0,39,0.0
10-222-01305,BIHAR,Begusarai,Chhorahi,0,0,,191,10,1305,,96201.09768359947,128309829.49376953,0.0,0.0,94,0.0
10-222-01306,BIHAR,Begusarai,Garhpura,0,0,,191,10,1306,,69581.28073662621,88651595.91159394,0.0,0.0,68,0.0
10-222-01308,BIHAR,Begusarai,Bhagwanpur,0,0,,191,10,1308,,102620.52088176137,147276258.21886113,0.0,0.0,106,0.0
10-223-01324,BIHAR,Khagaria,Mansi,0,0,,202,10,1324,,70720.37786012898,86151878.56106131,0.0,0.0,69,0.0
10-222-01309,BIHAR,Begusarai,Mansurchak,0,0,,191,10,1309,,55538.61039021854,42158333.283958256,0.0,0.0,31,0.0
10-224-01333,BIHAR,Bhagalpur,Rangra Chowk,0,0,,192,10,1333,,56200.86409227388,97946271.45940188,0.0,0.0,71,0.0
10-222-01310,BIHAR,Begusarai,Bachhwara,0,0,,191,10,1310,,112893.55520851951,186501763.14040864,0.0,0.0,138,0.0
10-222-01311,BIHAR,Begusarai,Teghra,0,0,,191,10,1311,,93442.93751421869,180050069.66821858,0.0,0.0,129,0.0
10-222-01312,BIHAR,Begusarai,Barauni,0,0,,191,10,1312,,90573.71511882372,141812926.41245717,0.0,0.0,102,0.0
10-222-01313,BIHAR,Begusarai,Birpur,0,0,,191,10,1313,,69057.86510087451,64693086.30641256,0.0,0.0,53,0.0
10-222-01314,BIHAR,Begusarai,Begusarai,0,0,,191,10,1314,,114572.02827886646,273941103.5239774,0.0,0.0,200,0.0
10-222-01315,BIHAR,Begusarai,Naokothi,0,0,,191,10,1315,,61794.845266753924,91575422.87048158,0.0,0.0,64,0.0
10-222-01316,BIHAR,Begusarai,Bakhri,0,0,,191,10,1316,,74902.13049058078,94921186.04856166,0.0,0.0,66,0.0
10-222-01317,BIHAR,Begusarai,Dandari,0,0,,191,10,1317,,77075.31892237118,85364223.36403492,0.0,0.0,65,0.0
10-222-01318,BIHAR,Begusarai,Sahebpur Kamal,0,0,,191,10,1318,,97820.3506924087,179327758.1582562,0.0,0.0,131,0.0
10-222-01319,BIHAR,Begusarai,Balia,0,0,,191,10,1319,,95726.56851828664,181873531.04775092,0.0,0.0,133,0.0
10-222-01320,BIHAR,Begusarai,Matihani,0,0,,191,10,1320,,104199.58891726227,214311339.790948,0.0,0.0,157,0.0
10-222-01321,BIHAR,Begusarai,Shamho Akha Kurha,0,0,,191,10,1321,,47884.70174269599,82130306.58899558,0.0,0.0,58,0.0
10-223-01322,BIHAR,Khagaria,Alauli,0,0,,202,10,1322,,117176.16085281859,337532903.06560946,0.0,0.0,244,0.0
10-223-01323,BIHAR,Khagaria,Khagaria,0,0,,202,10,1323,,164255.4907534744,325761754.1557925,0.0,0.0,229,0.0
10-223-01325,BIHAR,Khagaria,Chautham,0,0,,202,10,1325,,88833.5659059585,205164632.7891582,0.0,0.0,148,0.0
10-228-01376,BIHAR,Sheikhpura,Chewara,0,0,,219,10,1376,,77279.14911837938,141385828.1075451,0.0021194646696853637,0.002084730017331688,103,0.2147271917851639
10-223-01326,BIHAR,Khagaria,Beldaur,0,0,,202,10,1326,,101449.44415348554,276820454.1841197,0.0,0.0,203,0.0
10-223-01327,BIHAR,Khagaria,Gogri,0,0,,202,10,1327,,109725.85953588395,321971045.3784509,0.0,0.0,231,0.0
10-223-01328,BIHAR,Khagaria,Parbatta,0,0,,202,10,1328,,89952.53209418767,286770838.53234714,0.0,0.0,215,0.0
10-224-01329,BIHAR,Bhagalpur,Narayanpur,0,0,,192,10,1329,,96964.50839109154,173637043.38008544,0.0,0.0,125,0.0
10-224-01330,BIHAR,Bhagalpur,Bihpur,0,0,,192,10,1330,,98960.16392998041,189427956.2070791,0.0,0.0,141,0.0
10-234-01472,BIHAR,Rohtas,Akorhi Gola,0,0,,215,10,1472,,71741.57946050014,124356844.03544964,0.0010341499012756347,0.0010341499012756347,94,0.09721009071990966
10-224-01331,BIHAR,Bhagalpur,Kharik,0,0,,192,10,1331,,103106.05203500649,169292223.68779984,0.0,0.0,125,0.0
10-224-01332,BIHAR,Bhagalpur,Naugachhia,0,0,,192,10,1332,,91833.23423872421,134223697.96961665,0.0,0.0,95,0.0
10-224-01335,BIHAR,Bhagalpur,Pirpainti,0,0,,192,10,1335,,138631.2255747686,411429376.6216011,0.0,0.0,294,0.0
10-224-01336,BIHAR,Bhagalpur,Kahalgaon,0,0,,192,10,1336,,128722.99744742387,352186242.20537144,0.0,0.0,255,0.0
10-224-01337,BIHAR,Bhagalpur,Ismailpur,0,0,,192,10,1337,,66332.03197363381,102752037.41138108,0.0,0.0,75,0.0
10-224-01338,BIHAR,Bhagalpur,Sabour,0,0,,192,10,1338,,85492.0541239663,141198925.34276122,0.0,0.0,102,0.0
10-226-01359,BIHAR,Munger,Dharhara,0,0,,207,10,1359,,105188.90103685112,355220468.750446,0.0,0.0,262,0.0
10-224-01339,BIHAR,Bhagalpur,Nathnagar,0,0,,192,10,1339,,105259.93673308079,163498377.60317266,0.0,0.0,117,0.0
10-226-01360,BIHAR,Munger,Kharagpur,0,0,,207,10,1360,,169586.30903503796,398589433.5102216,0.0,0.0,291,0.0
10-224-01340,BIHAR,Bhagalpur,Sultanganj,0,0,,192,10,1340,,139861.1879796442,266407467.3450057,0.0,0.0,198,0.0
10-224-01341,BIHAR,Bhagalpur,Shahkund,0,0,,192,10,1341,,93276.90256650816,208798734.37786233,0.0,0.0,153,0.0
10-224-01342,BIHAR,Bhagalpur,Goradih,0,0,,192,10,1342,,106918.08891287447,178026414.43832883,0.0,0.0,128,0.0
10-224-01343,BIHAR,Bhagalpur,Jagdishpur,0,0,,192,10,1343,,107045.71303668506,127447147.46016994,0.0,0.0,95,0.0
10-224-01344,BIHAR,Bhagalpur,Sonhaula,0,0,,192,10,1344,,84463.86530366821,214425428.57327408,0.0,0.0,160,0.0
10-225-01345,BIHAR,Banka,Shambhuganj,0,0,,190,10,1345,,85765.27415008907,217970788.89652416,0.0,0.0,157,0.0
10-225-01346,BIHAR,Banka,Amarpur,0,0,,190,10,1346,,98000.87839154692,234663534.19316816,0.0,0.0,176,0.0
10-225-01347,BIHAR,Banka,Rajaun,0,0,,190,10,1347,,86718.04358754268,242814641.5593075,0.0,0.0,179,0.0
10-226-01363,BIHAR,Munger,Tetiha Bambor,0,0,,207,10,1363,,73286.15332623897,95190725.80042528,0.0,0.0,70,0.0
10-225-01348,BIHAR,Banka,Dhuraiya,0,0,,190,10,1348,,106681.6377356153,285703540.38620996,0.0,0.0,208,0.0
10-225-01349,BIHAR,Banka,Barahat,0,0,,190,10,1349,,122910.23058217819,181202001.14064544,0.0,0.0,129,0.0
10-225-01350,BIHAR,Banka,Banka,0,0,,190,10,1350,,137083.07375503817,365153241.48788345,0.0,0.0,275,0.0
10-225-01351,BIHAR,Banka,Phulidumar,0,0,,190,10,1351,,117105.67306472127,248400685.45023423,0.0,0.0,176,0.0
10-225-01352,BIHAR,Banka,Belhar,0,0,,190,10,1352,,118426.40149548957,290570448.277483,0.0016281306661224367,0.00016737791894716637,214,0.035818874654693605
10-225-01353,BIHAR,Banka,Chanan,0,0,,190,10,1353,,169565.08902723462,550876204.0147796,0.0016281306661224367,0.0008040969659904688,403,0.32405107729415894
10-225-01354,BIHAR,Banka,Katoria,0,0,,190,10,1354,,180268.89530762268,687665367.2781417,0.0012188052963256837,0.00010439965685658247,502,0.0524086277420044
10-225-01355,BIHAR,Banka,Bausi,0,0,,190,10,1355,,109314.78149810205,385846183.7170387,0.0,0.0,284,0.0
10-226-01356,BIHAR,Munger,Munger,0,0,,207,10,1356,,162390.1628928388,306519605.49277806,0.0,0.0,227,0.0
10-226-01357,BIHAR,Munger,Bariarpur,0,0,,207,10,1357,,122433.4478606843,198040113.63802013,0.0,0.0,143,0.0
10-226-01358,BIHAR,Munger,Jamalpur,0,0,,207,10,1358,,72817.19566814511,112971204.64248075,0.0,0.0,79,0.0
10-226-01361,BIHAR,Munger,Asarganj,0,0,,207,10,1361,,61173.52838786665,72491453.98190036,0.0,0.0,52,0.0
10-226-01362,BIHAR,Munger,Tarapur,0,0,,207,10,1362,,54416.57713098438,86962445.68425661,0.0,0.0,62,0.0
10-226-01364,BIHAR,Munger,Sangrampur,0,0,,207,10,1364,,71205.18318302365,105786037.21986651,0.0,0.0,80,0.0
10-227-01366,BIHAR,Lakhisarai,Pipariya,0,0,,204,10,1366,,87968.2901826016,106258171.87143916,0.0,0.0,76,0.0
10-227-01365,BIHAR,Lakhisarai,Barahiya,0,0,,204,10,1365,,95965.48426593257,248505135.43154767,0.0,0.0,179,0.0
10-227-01367,BIHAR,Lakhisarai,Surajgarha,0,0,,204,10,1367,,140312.1609931406,462726462.37366486,0.002066173839492798,0.00027346418463875265,340,0.09297782277717591
10-227-01368,BIHAR,Lakhisarai,Lakhisarai,0,0,,204,10,1368,,117670.76745524361,181316338.94823277,0.0021194646696853637,0.00022189949537607066,133,0.029512632885017397
10-227-01369,BIHAR,Lakhisarai,Chanan*,0,0,,204,10,1369,,86014.87070350182,177670731.10250506,0.002066173839492798,0.001678766244587898,128,0.21488207930725095
10-228-01375,BIHAR,Sheikhpura,Ghat Kusumbha,0,0,,219,10,1375,,80592.24583619394,99088070.68237934,0.0,0.0,70,0.0
10-227-01370,BIHAR,Lakhisarai,Ramgarh Chowk,0,0,,204,10,1370,,98990.57354622113,128567389.13844268,0.0021194646696853637,0.001955396033303281,94,0.1838072271305084
10-227-01371,BIHAR,Lakhisarai,Halsi,0,0,,204,10,1371,,82594.8188222393,191441208.6304817,0.0021194646696853637,0.0021171643460799294,139,0.29428584410511016
10-228-01372,BIHAR,Sheikhpura,Barbigha,0,0,,219,10,1372,,83879.7675047183,115941853.486741,0.0,0.0,81,0.0
10-228-01373,BIHAR,Sheikhpura,Shekhopur Sarai,0,0,,219,10,1373,,59774.96229914819,65955650.61796794,0.0015820599793243408,0.0006118911887512207,45,0.027535103493804933
10-228-01374,BIHAR,Sheikhpura,Sheikhpura,0,0,,219,10,1374,,119718.3677454689,225551054.81458032,0.0021194646696853637,0.00043049207580072744,170,0.07318365288612366
10-228-01377,BIHAR,Sheikhpura,Ariari,0,0,,219,10,1377,,87552.5859976097,183445963.63454768,0.0021194646696853637,0.0015318912621697198,137,0.2098691029172516
10-229-01378,BIHAR,Nalanda,Karai Parsurai,0,0,,209,10,1378,,58523.47447411047,82148146.79064696,0.001271693480644226,0.0005722620662899017,60,0.0343357239773941
10-229-01379,BIHAR,Nalanda,Nagar Nausa,0,0,,209,10,1379,,82570.35159490984,108015836.82811198,0.0014610262387084961,0.0006135210412092208,80,0.04908168329673766
10-229-01380,BIHAR,Nalanda,Harnaut,0,0,,209,10,1380,,124869.90123154312,224385440.0517296,0.0014610262387084961,0.0005081830395507812,161,0.08181746936767578
10-229-01381,BIHAR,Nalanda,Chandi,0,0,,209,10,1381,,70527.81459673235,147156102.481168,0.0014610262387084961,0.0013403910446866936,109,0.1461026238708496
10-229-01382,BIHAR,Nalanda,Rahui,0,0,,209,10,1382,,77076.6108369453,152249665.90613127,0.0014610262387084961,0.0014069141557933667,108,0.1519467288256836
10-229-01383,BIHAR,Nalanda,Bind,0,0,,209,10,1383,,70364.80140905235,88091657.81671415,0.0,0.0,66,0.0
10-229-01384,BIHAR,Nalanda,Sarmera,0,0,,209,10,1384,,91044.34634338948,167201876.42476654,0.0,0.0,123,0.0
10-229-01385,BIHAR,Nalanda,Asthawan,0,0,,209,10,1385,,92263.18064708126,171325630.7179731,0.0015231864709472657,0.00027032067349609375,125,0.03379008418701172
10-229-01387,BIHAR,Nalanda,Noorsarai,0,0,,209,10,1387,,78528.62700534344,151514769.88009417,0.0014610262387084961,0.0014610262387084961,114,0.16655699121276857
10-229-01386,BIHAR,Nalanda,Bihar,0,0,,209,10,1386,,98561.8371020671,215840179.0991975,0.0015820599793243408,0.0014160717461819648,160,0.22657147938911437
10-229-01390,BIHAR,Nalanda,Hilsa,0,0,,209,10,1390,,93433.88804652911,175765721.10991755,0.001271693480644226,0.0012716934806442258,131,0.16659184596439358
10-229-01391,BIHAR,Nalanda,Ekangarsarai,0,0,,209,10,1391,,87121.32234693572,166605847.460251,0.001271693480644226,0.0012716934806442262,122,0.1551466046385956
10-229-01392,BIHAR,Nalanda,Islampur,0,0,,209,10,1392,,109868.69145522316,273834151.4326934,0.001271693480644226,0.0011581977409915337,194,0.22469036175235751
10-229-01393,BIHAR,Nalanda,Ben,0,0,,209,10,1393,,66947.54721379357,127526149.56798536,0.0015820599793243408,0.0013365302461064116,94,0.1256338431340027
10-230-01398,BIHAR,Patna,Maner,0,0,,212,10,1398,,96133.56350709034,213315300.3597084,0.0010252911680603027,0.000274320188119814,154,0.042245308970451353
10-229-01394,BIHAR,Nalanda,Rajgir,0,0,,209,10,1394,,88740.45664753366,198129288.77271983,0.0015820599793243408,0.001370404262546358,147,0.2014494265943146
10-229-01395,BIHAR,Nalanda,Silao,0,0,,209,10,1395,,79220.42929786978,154752836.13944647,0.0015820599793243408,0.0015608259897426134,114,0.17793416283065794
10-229-01396,BIHAR,Nalanda,Giriak,0,0,,209,10,1396,,88347.46773236175,99576022.5731765,0.0015820599793243408,0.001582059979324341,73,0.11549037849067689
10-229-01397,BIHAR,Nalanda,Katrisarai,0,0,,209,10,1397,,38918.76300208476,48673462.28309288,0.0015820599793243408,0.001567341602230072,36,0.05642429768028259
10-230-01399,BIHAR,Patna,Dinapur-Cum-Khagaul,0,0,,212,10,1399,,78598.21354533077,184765788.04152673,0.0010252911680603027,0.00030378997572157114,135,0.0410116467224121
10-234-01474,BIHAR,Rohtas,Tilouthu,0,0,,215,10,1474,,73885.57639601533,193504401.97342023,0.0010917789021301272,0.0010507730310647147,140,0.14710822434906007
10-230-01400,BIHAR,Patna,Patna Rural,0,0,,212,10,1400,,87518.10425735511,179850223.48881748,0.0010252911680603027,0.0001800129531708928,131,0.02358169686538696
10-230-01401,BIHAR,Patna,Sampatchak,0,0,,212,10,1401,,53219.7118618291,78902366.60372826,0.0010252911680603027,3.597512870387027e-05,57,0.0020505823361206053
10-230-01406,BIHAR,Patna,Dulhin Bazar,0,0,,212,10,1406,,77792.54009458271,136539622.4680228,0.001122905781097412,0.0010105253902207962,99,0.10004201363185883
10-230-01402,BIHAR,Patna,Phulwari,0,0,,212,10,1402,,70659.26045014715,135940825.49713776,0.0010252911680603027,0.0009825707027244569,96,0.09432678746154785
10-230-01413,BIHAR,Patna,Khusrupur,0,0,,212,10,1413,,46143.60198551767,78201544.387751,0.0,0.0,58,0.0
10-230-01403,BIHAR,Patna,Bihta,0,0,,212,10,1403,,116564.9809665079,244879174.98088208,0.0010252911680603027,0.0009125154300299845,182,0.16607780826545718
10-230-01415,BIHAR,Patna,Athmalgola,0,0,,212,10,1415,,47997.69261940102,62827293.65665197,0.0,0.0,47,0.0
10-230-01404,BIHAR,Patna,Naubatpur,0,0,,212,10,1404,,105087.74367689912,205320191.59612688,0.0010252911680603027,0.0010252911680603029,153,0.15686954871322634
10-230-01405,BIHAR,Patna,Bikram,0,0,,212,10,1405,,86626.03512108007,186422313.04867813,0.0010252911680603027,0.0008982326234229988,137,0.12305786940895083
10-234-01475,BIHAR,Rohtas,Rohtas,0,0,,215,10,1475,,88257.59288547112,389741138.17794544,0.001141343273124695,0.001009785052885082,288,0.29081809523090363
10-230-01407,BIHAR,Patna,Paliganj,0,0,,212,10,1407,,129476.3041410336,293354152.7667747,0.001122905781097412,0.0011175280850788368,214,0.23915101020687107
10-230-01408,BIHAR,Patna,Masaurhi,0,0,,212,10,1408,,108866.13277400887,248716954.87290823,0.001122905781097412,0.0010900019789500718,178,0.19402035225311276
10-230-01409,BIHAR,Patna,Dhanarua,0,0,,212,10,1409,,95102.40821522896,225577653.19725513,0.001271693480644226,0.0009104932631608458,163,0.14841040189521787
10-230-01410,BIHAR,Patna,Punpun,0,0,,212,10,1410,,82554.93388622913,161116560.78819045,0.0010252911680603027,0.0006951126563120696,118,0.08202329344482422
10-230-01411,BIHAR,Patna,Fatwah,0,0,,212,10,1411,,97950.27190535897,155697451.47083917,0.0,0.0,115,0.0
10-230-01412,BIHAR,Patna,Daniawan,0,0,,212,10,1412,,69689.77872311571,79566220.36857046,0.0,0.0,56,0.0
10-230-01414,BIHAR,Patna,Bakhtiarpur,0,0,,212,10,1414,,120205.01587822943,168153072.20481881,0.0,0.0,120,0.0
10-230-01416,BIHAR,Patna,Belchhi,0,0,,212,10,1416,,88573.78025963024,87443681.0926542,0.0,0.0,70,0.0
10-230-01417,BIHAR,Patna,Barh,0,0,,212,10,1417,,95365.9771693495,147280816.515725,0.0,0.0,104,0.0
10-230-01419,BIHAR,Patna,Ghoswari,0,0,,212,10,1419,,66454.95033385535,164897376.1169027,0.0,0.0,126,0.0
10-230-01418,BIHAR,Patna,Pandarak,0,0,,212,10,1418,,106894.44852036482,252509471.6555304,0.0,0.0,180,0.0
10-232-01438,BIHAR,Buxar,Chaugain,0,0,,194,10,1438,,52625.33924401454,66025696.44875917,0.000974040479812622,0.000974040479812622,49,0.04772798351081848
10-232-01439,BIHAR,Buxar,Kesath,0,0,,194,10,1439,,34661.84662025829,38236018.49691825,0.000974040479812622,0.0009740404798126219,29,0.028247173914566038
10-230-01420,BIHAR,Patna,Mokameh,0,0,,212,10,1420,,127700.39840194934,244519830.48183808,0.0,0.0,181,0.0
10-231-01421,BIHAR,Bhojpur,Shahpur,0,0,,193,10,1421,,110658.91431619873,211766871.4500774,0.000949575585308075,0.0008094169632487421,156,0.12626904626680377
10-234-01460,BIHAR,Rohtas,Suryapura,0,0,,215,10,1460,,56159.7630280001,69765063.31452103,0.001029049323425293,0.001029049323425293,47,0.04836531820098877
10-231-01422,BIHAR,Bhojpur,Arrah,0,0,,193,10,1422,,120924.06747051864,221925641.7145924,0.000949575585308075,0.000859274510989399,159,0.13662464724731443
10-231-01423,BIHAR,Bhojpur,Barhara,0,0,,193,10,1423,,128817.96875565937,258494738.36324885,0.0007653048071289063,0.0007180413076790216,191,0.13714588976669312
10-231-01424,BIHAR,Bhojpur,Koilwar,0,0,,193,10,1424,,94779.33453556667,208456312.66749656,0.000847668508720398,0.0008151800028692157,149,0.12146182042751313
10-231-01425,BIHAR,Bhojpur,Sandesh,0,0,,193,10,1425,,60697.76797134289,164599530.19806212,0.0011182483892059327,0.0008889434057436154,118,0.10489532187774661
10-231-01426,BIHAR,Bhojpur,Udwant Nagar,0,0,,193,10,1426,,92445.60417460876,217797556.82002312,0.000949575585308075,0.0009090659399564518,161,0.14635961633298875
10-234-01461,BIHAR,Rohtas,Bikramganj,0,0,,215,10,1461,,88556.32896667719,168723569.68103397,0.001029049323425293,0.0010290493234252933,129,0.13274736272186283
10-231-01427,BIHAR,Bhojpur,Behea,0,0,,193,10,1427,,114516.77527652554,206091349.70539597,0.000974040479812622,0.000951784094559733,150,0.14276761418395995
10-231-01428,BIHAR,Bhojpur,Jagdishpur,0,0,,193,10,1428,,109726.00219208181,318463526.4488765,0.000974040479812622,0.0009520435351923057,228,0.2170659260238457
10-231-01429,BIHAR,Bhojpur,Piro,0,0,,193,10,1429,,100703.96274410955,268205354.86689487,0.001029049323425293,0.0010067026685926439,200,0.20134053371852878
10-234-01462,BIHAR,Rohtas,Karakat,0,0,,215,10,1462,,102232.22868007293,251121712.10833624,0.0010368777052307129,0.0010282249247082799,176,0.18096758674865726
10-231-01430,BIHAR,Bhojpur,Charpokhari,0,0,,193,10,1430,,88834.1327790213,135855258.49695313,0.001018425752334595,0.0009981330715267784,95,0.09482264179504395
10-231-01431,BIHAR,Bhojpur,Garhani,0,0,,193,10,1431,,93054.52180151101,137128723.85739592,0.001018425752334595,0.0009575969639907764,103,0.09863248729104997
10-231-01432,BIHAR,Bhojpur,Agiaon,0,0,,193,10,1432,,87534.07309197474,191419206.17039648,0.0011182483892059327,0.0010293722449354816,139,0.14308274204603194
10-231-01433,BIHAR,Bhojpur,Tarari,0,0,,193,10,1433,,95157.98131215997,247108515.4982669,0.001029049323425293,0.0010195661356720144,177,0.18046320601394655
10-231-01434,BIHAR,Bhojpur,Sahar,0,0,,193,10,1434,,61748.81499939302,157154129.14318892,0.0011182483892059327,0.0010346362660145557,117,0.12105244312370302
10-232-01435,BIHAR,Buxar,Simri,0,0,,194,10,1435,,87047.69219699135,222195796.247413,0.000974040479812622,0.0008958687810723374,164,0.14692248009586334
10-232-01436,BIHAR,Buxar,Chakki,0,0,,194,10,1436,,73799.54032015939,80420668.23199363,0.000974040479812622,0.0008992951087236405,64,0.05755488695831299
10-232-01437,BIHAR,Buxar,Barhampur,0,0,,194,10,1437,,133928.15369382405,240152233.65370417,0.000974040479812622,0.0009569599250528853,173,0.16555406703414915
10-232-01440,BIHAR,Buxar,Dumraon,0,0,,194,10,1440,,115797.88145848007,238641355.07175583,0.000974040479812622,0.0009607083143469004,169,0.16235970512462616
10-232-01441,BIHAR,Buxar,Buxar,0,0,,194,10,1441,,90996.21871903203,211591033.38394436,0.0009298613432693482,0.0009279297422936313,157,0.1456849695401001
10-232-01442,BIHAR,Buxar,Chausa,0,0,,194,10,1442,,99103.08457070828,138502720.57991108,0.001119895214767456,0.0008984948364920928,107,0.09613894750465393
10-232-01443,BIHAR,Buxar,Rajpur,0,0,,194,10,1443,,121142.9666413415,336933113.12217736,0.001119895214767456,0.0010685563545645889,245,0.2617963068683243
10-232-01444,BIHAR,Buxar,Itarhi,0,0,,194,10,1444,,109439.3274763228,293713382.2816445,0.0011188645563316346,0.0009316699864565472,209,0.19471902716941836
10-232-01445,BIHAR,Buxar,Nawanagar,0,0,,194,10,1445,,126567.10382889764,229774401.79100823,0.0011188645563316346,0.0009826105652569876,169,0.1660611855284309
10-233-01446,BIHAR,Kaimur (Bhabua),Ramgarh,0,0,,200,10,1446,,124781.0721120257,206666195.02442607,0.001119895214767456,0.0010384560747712496,151,0.1568068672904587
10-233-01447,BIHAR,Kaimur (Bhabua),Nuaon,0,0,,200,10,1447,,121732.74643995032,235834986.4758632,0.001119895214767456,0.0010924510802323639,171,0.1868091347197342
10-233-01448,BIHAR,Kaimur (Bhabua),Kudra,0,0,,200,10,1448,,132624.50147962422,255577893.54332253,0.001119895214767456,0.0010616376999301005,189,0.20064952528678898
10-233-01449,BIHAR,Kaimur (Bhabua),Mohania,0,0,,200,10,1449,,142323.6809133636,349176573.6513165,0.001119895214767456,0.0010515245334480705,256,0.26919028056270605
10-233-01450,BIHAR,Kaimur (Bhabua),Durgawati,0,0,,200,10,1450,,108544.41183902678,212580801.4059764,0.0008582503181838989,0.0008582503181838989,154,0.13217054900032044
10-233-01451,BIHAR,Kaimur (Bhabua),Chand,0,0,,200,10,1451,,97099.60209928264,257974481.1925409,0.0008881250870895385,0.0008388778598704237,188,0.15770903765563965
10-233-01452,BIHAR,Kaimur (Bhabua),Chainpur,0,0,,200,10,1452,,170712.34536647963,555311526.8488017,0.0009551485608100892,0.000800442660145584,407,0.3257801626792527
10-233-01453,BIHAR,Kaimur (Bhabua),Bhabua,0,0,,200,10,1453,,143727.89821118704,407618990.38615096,0.001119895214767456,0.0009266909339572745,301,0.2789339711211396
10-233-01454,BIHAR,Kaimur (Bhabua),Rampur,0,0,,200,10,1454,,126612.15498309073,210660395.23746365,0.0010206999868011477,0.0009333331392464863,149,0.13906663774772646
10-233-01455,BIHAR,Kaimur (Bhabua),Bhagwanpur,0,0,,200,10,1455,,134815.05705103654,292151198.96788174,0.0010206999868011477,0.000856491557059627,211,0.1807197185395813
10-233-01456,BIHAR,Kaimur (Bhabua),Adhaura,0,0,,200,10,1456,,271357.2345421078,1135984955.9859164,0.0011392882091903686,0.0008309246706221857,833,0.6921602506282807
10-234-01457,BIHAR,Rohtas,Kochas,0,0,,215,10,1457,,90248.48407846906,187033418.62218276,0.001119895214767456,0.0011191846850882154,132,0.14773237843164444
10-234-01458,BIHAR,Rohtas,Dinara,0,0,,215,10,1458,,157118.7651045217,464648316.8452498,0.0011188645563316346,0.001097793533948915,341,0.37434759507658
10-234-01459,BIHAR,Rohtas,Dawath,0,0,,215,10,1459,,78120.6651060775,129910427.66035384,0.001029049323425293,0.001029049323425293,94,0.09673063640197754
10-234-01466,BIHAR,Rohtas,Nokha,0,0,,215,10,1466,,82152.91978314315,208772248.59610957,0.0011188645563316346,0.0009655359101655031,148,0.14289931470449446
10-235-01476,BIHAR,Aurangabad,Daudnagar,0,0,,189,10,1476,,91010.07504965532,238139281.75712803,0.0010368777052307129,0.001036532810477772,174,0.18035670902313233
10-234-01467,BIHAR,Rohtas,Kargahar,0,0,,215,10,1467,,128509.87472624176,406135690.59563094,0.001119895214767456,0.0010056398953041514,296,0.2976694090100288
10-234-01468,BIHAR,Rohtas,Chenari,0,0,,215,10,1468,,121720.69626398994,292642418.8385522,0.0010206999868011477,0.0008865037089169527,215,0.19059829741714482
10-234-01469,BIHAR,Rohtas,Nauhatta,0,0,,215,10,1469,,175494.75594492842,478591449.404211,0.001141343273124695,0.001007308765851468,354,0.3565873031114196
10-234-01470,BIHAR,Rohtas,Sheosagar,0,0,,215,10,1470,,135463.8765525897,406503956.12222886,0.00105186089553833,0.000929139543976606,295,0.2740961654730988
10-234-01471,BIHAR,Rohtas,Sasaram,0,0,,215,10,1471,,135810.11950728856,394273130.8742507,0.00105186089553833,0.0009569079539242449,290,0.277503306638031
10-234-01473,BIHAR,Rohtas,Dehri,0,0,,215,10,1473,,97323.52013589225,199371136.99043605,0.0010917789021301272,0.0010247790728780811,145,0.14859296556732177
10-235-01477,BIHAR,Aurangabad,Haspura,0,0,,189,10,1477,,88845.10694940752,164519986.5205008,0.0011522436292648315,0.0010387845800081362,121,0.12569293418098448
10-235-01478,BIHAR,Aurangabad,Goh,0,0,,189,10,1478,,122286.20877621078,374665187.3660463,0.0011522436292648315,0.0011200090328435336,272,0.30464245693344116
10-236-01491,BIHAR,Gaya,Neem Chak Bathani,0,0,,196,10,1491,,79540.44278654993,146770773.7769567,0.00108023110244751,0.00108023110244751,103,0.11126380355209353
10-235-01479,BIHAR,Aurangabad,Rafiganj,0,0,,189,10,1479,,167069.30684925965,465687847.79432577,0.0014714821148681641,0.001324211249059526,341,0.4515560359292984
10-235-01480,BIHAR,Aurangabad,Obra,0,0,,189,10,1480,,130720.05569071589,327203821.09876627,0.0014714821148681641,0.0010676828741358504,237,0.25304084117019654
10-236-01494,BIHAR,Gaya,Manpur,0,0,,196,10,1494,,77081.78707553667,161226183.41058797,0.0011110070563507082,0.0011095444142598689,115,0.12759760763988492
10-235-01481,BIHAR,Aurangabad,Aurangabad,0,0,,189,10,1481,,125502.68609205673,344679798.38062614,0.0014714821148681641,0.0013854556057322025,256,0.35467663506744385
10-237-01511,BIHAR,Nawada,Nardiganj,0,0,,210,10,1511,,60262.24041371029,129808165.4472442,0.0015820599793243408,0.0015820599793243408,95,0.1502956980358124
10-235-01482,BIHAR,Aurangabad,Barun,0,0,,189,10,1482,,117269.30390529483,381782699.30215496,0.0010917789021301272,0.0010732552947126117,280,0.3005114825195313
10-235-01483,BIHAR,Aurangabad,Nabinagar,0,0,,189,10,1483,,173491.30877801325,657546828.2218357,0.001142825173110962,0.0010980224075421638,483,0.5303448228428651
10-235-01484,BIHAR,Aurangabad,Kutumba,0,0,,189,10,1484,,110495.73757590447,319048251.76106954,0.001142825173110962,0.0011174134923606777,229,0.25588768975059517
10-235-01485,BIHAR,Aurangabad,Deo,0,0,,189,10,1485,,158578.88849021672,336990745.1586724,0.0014714821148681641,0.0013409979106611275,251,0.336590475575943
10-235-01486,BIHAR,Aurangabad,Madanpur,0,0,,189,10,1486,,153529.37367368402,418713952.50229967,0.0014714821148681641,0.0014456770251217936,309,0.44671420076263424
10-236-01487,BIHAR,Gaya,Konch,0,0,,196,10,1487,,154041.56172387034,319288521.7326548,0.0013263350204086304,0.0012032704163242207,232,0.27915873658721924
10-236-01488,BIHAR,Gaya,Tikari,0,0,,196,10,1488,,122221.36853604284,290576655.12704176,0.0013263350204086304,0.0011339519592213415,218,0.24720152711025242
10-236-01489,BIHAR,Gaya,Belaganj,0,0,,196,10,1489,,113473.13279109563,240372540.95814112,0.0010773662882614136,0.0010773662882614136,180,0.19392593188705445
10-236-01490,BIHAR,Gaya,Khizirsarai,0,0,,196,10,1490,,103698.13096672995,223124430.97950032,0.0011110070563507082,0.0010791804184750644,165,0.17806476904838564
10-236-01492,BIHAR,Gaya,Muhra,0,0,,196,10,1492,,93681.45756176667,181269438.2139707,0.0015820599793243408,0.0011228681567434055,134,0.15046433300361634
10-236-01493,BIHAR,Gaya,Atri,0,0,,196,10,1493,,103075.15367958385,161340647.62451813,0.0015820599793243408,0.001124398324476611,119,0.1338034006127167
10-236-01495,BIHAR,Gaya,Gaya Town C.D.Block,0,0,,196,10,1495,,91678.58033080616,224144813.6021213,0.0011110070563507082,0.0011062012323379518,161,0.17809839840641023
10-236-01496,BIHAR,Gaya,Paraiya,0,0,,196,10,1496,,75593.31264449215,167300846.5298876,0.0013263350204086304,0.0012330262359835308,120,0.1479631483180237
10-236-01497,BIHAR,Gaya,Guraru,0,0,,196,10,1497,,81292.54933661391,199646285.7542363,0.0013263350204086304,0.0013263350204086306,147,0.1949712480000687
10-237-01512,BIHAR,Nawada,Nawada,0,0,,210,10,1512,,86822.75137888109,219317998.1072041,0.0015820599793243408,0.0015649634871720962,157,0.2456992674860191
10-236-01498,BIHAR,Gaya,Gurua,0,0,,196,10,1498,,117859.62964526065,238015237.1519128,0.0013263350204086304,0.001320783113044783,173,0.22849547855674746
10-236-01499,BIHAR,Gaya,Amas,0,0,,196,10,1499,,100546.69423332924,128484051.44985774,0.0014714821148681641,0.0013247259142195051,95,0.12584896185085298
10-237-01517,BIHAR,Nawada,Roh,0,0,,210,10,1517,,77804.52626079548,192537548.9783989,0.001721343804473877,0.0016335324315096273,144,0.23522867013738633
10-236-01500,BIHAR,Gaya,Banke Bazar,0,0,,196,10,1500,,85166.97220092022,256240042.68049288,0.001434492495880127,0.00133345626338405,186,0.2480228649894333
10-236-01501,BIHAR,Gaya,Imamganj,0,0,,196,10,1501,,136271.57775821586,316917295.57645696,0.001434492495880127,0.0013560160268772396,239,0.3240878304236603
10-236-01502,BIHAR,Gaya,Dumaria,0,0,,196,10,1502,,119690.94596035974,390676703.928496,0.001434492495880127,0.0013582885805672094,285,0.3871122454616547
10-236-01503,BIHAR,Gaya,Sherghati,0,0,,196,10,1503,,100322.2973073121,167902109.12194017,0.0013263350204086304,0.001295927462672412,123,0.15939907790870667
10-238-01531,BIHAR,Jamui,Gidhaur,0,0,,198,10,1531,,55211.5633940527,100392309.18230554,0.002066173839492798,0.0019021306658823648,75,0.14265979994117736
10-236-01504,BIHAR,Gaya,Dobhi,0,0,,196,10,1504,,103572.88994215836,218837778.49499393,0.001318086053466797,0.0013139793952640984,161,0.21155068263751986
10-236-01505,BIHAR,Gaya,Bodh Gaya,0,0,,196,10,1505,,120948.91182130505,306843965.9119923,0.0013263350204086304,0.001129985999278193,230,0.2598967798339844
10-236-01506,BIHAR,Gaya,Tan Kuppa,0,0,,196,10,1506,,108147.94853451202,190099968.23000297,0.0013549988957214357,0.001228994118818027,134,0.16468521192161562
10-240-01542,BIHAR,Arwal,Arwal,0,0,,611,10,1542,,73924.8054791393,147787869.27798152,0.0011182483892059327,0.0010923328969412586,104,0.11360262128189089
10-236-01507,BIHAR,Gaya,Wazirganj,0,0,,196,10,1507,,105472.06999302967,323030583.61833626,0.0012943087170791626,0.001277997976082139,236,0.3016075223553848
10-236-01508,BIHAR,Gaya,Fatehpur,0,0,,196,10,1508,,155359.44599717355,408449805.62920874,0.0013549988957214357,0.0013271693684574176,304,0.40345948801105497
10-240-01543,BIHAR,Arwal,Kaler,0,0,,611,10,1543,,67777.19153730445,176075758.749563,0.0010368777052307129,0.0010215245535843246,131,0.13381971651954652
10-236-01509,BIHAR,Gaya,Mohanpur,0,0,,196,10,1509,,119906.24818546322,418796109.2883684,0.0013549988957214357,0.0013101786306785358,303,0.39698412509559633
10-240-01544,BIHAR,Arwal,Karpi,0,0,,611,10,1544,,158139.92638461498,234985661.7206014,0.0011522436292648315,0.0011121654944807986,172,0.19129246505069736
10-236-01510,BIHAR,Gaya,Barachatti,0,0,,196,10,1510,,138753.78132836288,366328956.31361085,0.0013549988957214357,0.001321307537881747,275,0.36335957291748044
10-237-01513,BIHAR,Nawada,Warisaliganj,0,0,,210,10,1513,,109792.76918459819,202861050.3008767,0.0015820599793243408,0.0015452139740815456,147,0.2271464541899872
10-237-01514,BIHAR,Nawada,Kashi Chak,0,0,,210,10,1514,,73948.94452619922,98983451.20841853,0.0015231864709472657,0.0015231864709472657,72,0.10966942590820312
10-237-01515,BIHAR,Nawada,Pakribarawan,0,0,,210,10,1515,,104545.76938151139,251834567.85717744,0.0015231864709472657,0.0015231864709472655,184,0.28026631065429686
10-237-01516,BIHAR,Nawada,Kawakol,0,0,,210,10,1516,,121170.20018263235,362955647.76482904,0.0021194646696853637,0.001681688084527496,266,0.44732903048431394
10-237-01518,BIHAR,Nawada,Gobindpur,0,0,,210,10,1518,,73133.35659787485,188189390.13263756,0.001721343804473877,0.0016025876613140106,140,0.2243622725839615
10-237-01519,BIHAR,Nawada,Akbarpur,0,0,,210,10,1519,,91268.2921062847,249541236.96202633,0.0012838211717796327,0.001283821171779633,184,0.23622309560745247
10-237-01520,BIHAR,Nawada,Hisua,0,0,,210,10,1520,,85113.4923130193,144090762.99664384,0.0015820599793243408,0.0013263132243477383,104,0.13793657533216477
10-237-01521,BIHAR,Nawada,Narhat,0,0,,210,10,1521,,62856.50481924386,99624005.77002536,0.0012838211717796327,0.0012838211717796327,69,0.08858366085279466
10-237-01522,BIHAR,Nawada,Meskaur,0,0,,210,10,1522,,75185.00287586387,145604023.18435815,0.0012943087170791626,0.0012913122755650113,112,0.14462697486328127
10-237-01523,BIHAR,Nawada,Sirdala,0,0,,210,10,1523,,111278.51695598938,301894539.186342,0.0013549988957214357,0.001270403791020507,218,0.2769480264424705
10-237-01524,BIHAR,Nawada,Rajauli,0,0,,210,10,1524,,132370.86211000624,450216393.36794454,0.001721343804473877,0.0012571509647105908,333,0.41863127124862676
10-238-01525,BIHAR,Jamui,Islamnagar Aliganj,0,0,,198,10,1525,,96153.77396855215,213408239.47295904,0.0021194646696853637,0.002010822518840203,156,0.3136883129390716
10-238-01526,BIHAR,Jamui,Sikandra,0,0,,198,10,1526,,86788.2538333537,223096734.30010977,0.0021194646696853637,0.002100853801206424,162,0.34033831579544066
10-238-01527,BIHAR,Jamui,Jamui,0,0,,198,10,1527,,90084.78430112793,212157753.6648698,0.0021194646696853637,0.002066861463108186,155,0.3203635267817688
10-238-01528,BIHAR,Jamui,Barhat,0,0,,198,10,1528,,114104.37581341481,270298087.1382075,0.002066173839492798,0.0017200635008975576,197,0.33885250967681885
10-238-01529,BIHAR,Jamui,Lakshmipur,0,0,,198,10,1529,,112147.89260238525,307635253.00857943,0.002066173839492798,0.0005509796905314128,225,0.12397043036956788
10-238-01530,BIHAR,Jamui,Jhajha,0,0,,198,10,1530,,147664.43327942316,507112726.974952,0.002066173839492798,0.0015440372323043412,370,0.5712937759526062
10-238-01532,BIHAR,Jamui,Khaira,0,0,,198,10,1532,,142747.05687020053,513762691.7981683,0.0021194646696853637,0.0017320154348190264,377,0.652969818926773
10-238-01533,BIHAR,Jamui,Sono,0,0,,198,10,1533,,117724.39892386932,474283005.7300444,0.001704313897705078,0.0016905957024090609,349,0.5900179001407623
10-238-01534,BIHAR,Jamui,Chakai,0,0,,198,10,1534,,243956.2217086091,956725034.6798706,0.001704313897705078,0.0014220468534634184,700,0.9954327974243928
10-239-01535,BIHAR,Jehanabad,Ratni Faridpur,0,0,,199,10,1535,,82762.53932271499,155018952.20303965,0.0011522436292648315,0.001118808088067038,114,0.12754412203964233
10-239-01536,BIHAR,Jehanabad,Jehanabad,0,0,,199,10,1536,,97254.09844747804,201426556.69272655,0.001122905781097412,0.001122905781097412,148,0.16619005560241698
10-239-01537,BIHAR,Jehanabad,Kako,0,0,,199,10,1537,,83599.3529020472,162373941.78194478,0.001122905781097412,0.0011229057810974118,118,0.1325028821694946
10-239-01538,BIHAR,Jehanabad,Modanganj,0,0,,199,10,1538,,66522.90037500951,97205276.85869928,0.001271693480644226,0.0012307229546820598,69,0.08491988387306212
10-239-01539,BIHAR,Jehanabad,Ghoshi,0,0,,199,10,1539,,82931.95174196921,112225161.55433495,0.001271693480644226,0.0011263111923139639,83,0.093483828962059
10-239-01540,BIHAR,Jehanabad,Makhdumpur,0,0,,199,10,1540,,128831.72570768485,301471679.33572614,0.001122905781097412,0.0010824029141971922,217,0.23488143238079073
10-239-01541,BIHAR,Jehanabad,Hulasganj,0,0,,199,10,1541,,87179.53907708311,119677697.18988888,0.001271693480644226,0.001128261212858836,90,0.10154350915729524
10-240-01545,BIHAR,Arwal,Sonbhadra Banshi Suryapur,0,0,,611,10,1545,,62692.97791397586,116643000.97724338,0.0011522436292648315,0.0011440520051542535,83,0.09495631642780304
10-240-01546,BIHAR,Arwal,Kurtha,0,0,,611,10,1546,,71585.17106640573,106433073.5354984,0.0011522436292648315,0.0011356818456463938,78,0.08858318396041871
10-224-01334,BIHAR,Bhagalpur,Gopalpur,0,0,,192,10,1334,,95407.9186210158,208941966.91883087,0.0,0.0,153,0.0
10-210-01127,BIHAR,Kishanganj,Kishanganj,0,0,,203,10,1127,,125268.33771117091,207105687.55921903,0.0,0.0,152,0.0
10-206-01064,BIHAR,Sitamarhi,Suppi,0,0,,221,10,1064,,71084.15120823232,92250451.53846286,0.0,0.0,66,0.0
10-234-01463,BIHAR,Rohtas,Nasriganj,0,0,,215,10,1463,,90034.07903274363,167356919.18355417,0.000226530558052063,0.0001655854782946148,126,0.020863770265121463
10-234-01464,BIHAR,Rohtas,Rajpur,0,0,,215,10,1464,,68660.48684625747,85633596.4997788,0.00014815615371704103,0.00014815615371704103,63,0.009333837684173585
10-234-01465,BIHAR,Rohtas,Sanjhauli,0,0,,215,10,1465,,56591.722358052,83833486.39015438,0.0001972654863357544,0.00018791132774171376,63,0.011838413647727968
10-203-01023,BIHAR,Pashchim Champaran,Thakrahan,0,0,,211,10,1023,,79847.09402015881,199004696.79409248,0.0,0.0,145,0.0
10-204-01054,BIHAR,Purbi Champaran,Phenhara,0,0,,213,10,1054,,44565.43736457999,67645025.94776015,0.0,0.0,51,0.0
10-219-01262,BIHAR,Saran,Maker,0,0,,218,10,1262,,62357.8736467211,96585777.9808088,0.0,0.0,71,0.0
10-220-01282,BIHAR,Vaishali,Sahdai Buzurg,0,0,,224,10,1282,,74546.65030748869,114161677.3631406,0.0,0.0,84,0.0
10-229-01388,BIHAR,Nalanda,Tharthari,0,0,,209,10,1388,,71853.42144919158,77411758.12428828,0.00019613112365722657,0.00017729716195848255,54,0.009574046745758057
10-229-01389,BIHAR,Nalanda,Parbalpur,0,0,,209,10,1389,,54466.2339431045,76043839.88376136,0.00019613112365722657,0.00019194004976272585,56,0.010748642786712647
10-203-01022,BIHAR,Pashchim Champaran,Bhitaha,0,0,,211,10,1022,,72626.86760213553,166969906.7472905,0.0,0.0,117,0.0
10-203-01013,BIHAR,Pashchim Champaran,Sidhaw,0,0,,211,10,1013,,195582.3602130639,1085337194.6715722,0.0,0.0,781,0.0
10-203-01014,BIHAR,Pashchim Champaran,Ramnagar,0,0,,211,10,1014,,230865.78384139363,866139404.2451236,0.0,0.0,621,0.0
10-203-01015,BIHAR,Pashchim Champaran,Gaunaha,0,0,,211,10,1015,,136504.94021895694,605322845.3823951,0.0,0.0,441,0.0
10-203-01016,BIHAR,Pashchim Champaran,Mainatanr,0,0,,211,10,1016,,115419.13930249632,312998546.4010918,0.0,0.0,221,0.0
10-203-01017,BIHAR,Pashchim Champaran,Narkatiaganj,0,0,,211,10,1017,,149144.20649331805,441857686.2127825,0.0,0.0,314,0.0
10-203-01018,BIHAR,Pashchim Champaran,Lauriya,0,0,,211,10,1018,,120853.32018665274,255440417.54612216,0.0,0.0,183,0.0
10-203-01019,BIHAR,Pashchim Champaran,Bagaha,0,0,,211,10,1019,,135587.24079810514,491292931.53180623,0.0,0.0,352,0.0
10-203-01021,BIHAR,Pashchim Champaran,Madhubani,0,0,,211,10,1021,,144670.82201821523,386116138.1353823,0.0,0.0,276,0.0
10-203-01024,BIHAR,Pashchim Champaran,Jogapatti,0,0,,211,10,1024,,88530.23644360513,258722436.3759333,0.0,0.0,186,0.0
10-203-01029,BIHAR,Pashchim Champaran,Bairia,0,0,,211,10,1029,,105039.82861382668,288505226.87341565,0.0,0.0,208,0.0
10-203-01025,BIHAR,Pashchim Champaran,Chanpatia,0,0,,211,10,1025,,113543.7602983494,310017349.34780717,0.0,0.0,226,0.0
10-206-01071,BIHAR,Sitamarhi,Parsauni,0,0,,221,10,1071,,63729.135625112256,74724139.64418457,0.0,0.0,55,0.0
10-203-01026,BIHAR,Pashchim Champaran,Sikta,0,0,,211,10,1026,,93443.22825707054,255004178.86147365,0.0,0.0,183,0.0
10-203-01027,BIHAR,Pashchim Champaran,Majhaulia,0,0,,211,10,1027,,123374.4030721297,371511179.15939575,0.0,0.0,265,0.0
10-203-01028,BIHAR,Pashchim Champaran,Bettiah,0,0,,211,10,1028,,53968.26030594324,83182055.35378212,0.0,0.0,59,0.0
10-203-01030,BIHAR,Pashchim Champaran,Nautan,0,0,,211,10,1030,,122656.63983711715,245738630.13883996,0.0,0.0,171,0.0
10-204-01031,BIHAR,Purbi Champaran,Raxaul,0,0,,213,10,1031,,98709.78801801558,166685360.13968688,0.0,0.0,124,0.0
10-206-01072,BIHAR,Sitamarhi,Belsand,0,0,,221,10,1072,,66235.5873217276,97354060.86547032,0.0,0.0,70,0.0
10-206-01073,BIHAR,Sitamarhi,Runisaidpur,0,0,,221,10,1073,,152472.54206325076,334873257.0825382,0.0,0.0,243,0.0
10-204-01032,BIHAR,Purbi Champaran,Adapur,0,0,,213,10,1032,,94532.37688292323,199608924.7111849,0.0,0.0,148,0.0
10-206-01074,BIHAR,Sitamarhi,Dumra,0,0,,221,10,1074,,111649.34177378344,241159212.36062923,0.0,0.0,178,0.0
10-204-01033,BIHAR,Purbi Champaran,Ramgarhwa,0,0,,213,10,1033,,90718.26831189607,213035907.5226096,0.0,0.0,154,0.0
10-204-01034,BIHAR,Purbi Champaran,Sugauli,0,0,,213,10,1034,,84892.41923436844,209336830.19001696,0.0,0.0,149,0.0
10-204-01038,BIHAR,Purbi Champaran,Ghorasahan,0,0,,213,10,1038,,75335.10865687576,144368243.47105,0.0,0.0,104,0.0
10-204-01035,BIHAR,Purbi Champaran,Banjaria,0,0,,213,10,1035,,102381.40449613356,176960195.87167916,0.0,0.0,124,0.0
10-204-01047,BIHAR,Purbi Champaran,Kesaria,0,0,,213,10,1047,,87546.8206889307,229535442.11688668,0.0,0.0,168,0.0
10-204-01036,BIHAR,Purbi Champaran,Narkatia,0,0,,213,10,1036,,105607.09704406632,168338010.30978012,0.0,0.0,120,0.0
10-204-01037,BIHAR,Purbi Champaran,Bankatwa,0,0,,213,10,1037,,99233.37216886049,115311013.90225838,0.0,0.0,82,0.0
10-204-01039,BIHAR,Purbi Champaran,Dhaka,0,0,,213,10,1039,,97673.73467814895,202386545.86227983,0.0,0.0,145,0.0
10-204-01048,BIHAR,Purbi Champaran,Kalyanpur,0,0,,213,10,1048,,109413.20044555076,313300912.50613195,0.0,0.0,230,0.0
10-204-01040,BIHAR,Purbi Champaran,Chiraia,0,0,,213,10,1040,,110764.71696779084,272984575.32652414,0.0,0.0,199,0.0
10-204-01041,BIHAR,Purbi Champaran,Motihari,0,0,,213,10,1041,,181544.26702654368,319814691.13850176,0.0,0.0,241,0.0
10-204-01049,BIHAR,Purbi Champaran,Kotwa,0,0,,213,10,1049,,78879.98205471091,178282937.71225017,0.0,0.0,126,0.0
10-204-01042,BIHAR,Purbi Champaran,Turkaulia,0,0,,213,10,1042,,99475.78497366334,174748315.94966665,0.0,0.0,130,0.0
10-204-01050,BIHAR,Purbi Champaran,Piprakothi,0,0,,213,10,1050,,58369.33889310607,62223774.49301849,0.0,0.0,45,0.0
10-204-01043,BIHAR,Purbi Champaran,Harsidhi,0,0,,213,10,1043,,133904.34238337883,240218359.62130272,0.0,0.0,173,0.0
10-204-01044,BIHAR,Purbi Champaran,Paharpur,0,0,,213,10,1044,,108730.62076802726,192061375.0173064,0.0,0.0,144,0.0
10-204-01045,BIHAR,Purbi Champaran,Areraj,0,0,,213,10,1045,,93331.67353690567,242725576.26244012,0.0,0.0,174,0.0
10-204-01046,BIHAR,Purbi Champaran,Sangrampur,0,0,,213,10,1046,,78133.67961210197,187659878.02718252,0.0,0.0,133,0.0
10-204-01051,BIHAR,Purbi Champaran,Chakia(Pipra),0,0,,213,10,1051,,129110.66914194856,212940547.80779588,0.0,0.0,145,0.0
10-204-01052,BIHAR,Purbi Champaran,Pakri Dayal,0,0,,213,10,1052,,90143.40730437863,148110040.62869397,0.0,0.0,106,0.0
10-204-01053,BIHAR,Purbi Champaran,Patahi,0,0,,213,10,1053,,85994.51677214028,144960443.14880535,0.0,0.0,100,0.0
10-204-01055,BIHAR,Purbi Champaran,Madhuban,0,0,,213,10,1055,,112681.00006095257,152424272.44650427,0.0,0.0,114,0.0
10-204-01056,BIHAR,Purbi Champaran,Tetaria,0,0,,213,10,1056,,82320.72754353678,104458405.63845472,0.0,0.0,74,0.0
10-205-01058,BIHAR,Sheohar,Purnahiya,0,0,,220,10,1058,,57294.126150412616,80859097.14068061,0.0,0.0,59,0.0
10-204-01057,BIHAR,Purbi Champaran,Mehsi,0,0,,213,10,1057,,125063.78039343117,149773808.08158112,0.0,0.0,108,0.0
10-205-01059,BIHAR,Sheohar,Piprarhi,0,0,,220,10,1059,,105870.45511307275,104265216.9562483,0.0,0.0,77,0.0
10-205-01060,BIHAR,Sheohar,Sheohar,0,0,,220,10,1060,,81007.5322908237,115638983.35873616,0.0,0.0,83,0.0
10-205-01061,BIHAR,Sheohar,Dumri Katsari,0,0,,220,10,1061,,65038.65439014734,84655470.24819931,0.0,0.0,59,0.0
10-205-01062,BIHAR,Sheohar,Tariani Chowk,0,0,,220,10,1062,,97491.22869259815,171878914.60720828,0.0,0.0,126,0.0
10-206-01063,BIHAR,Sitamarhi,Bairgania,0,0,,221,10,1063,,59598.621146511534,94417571.99630062,0.0,0.0,70,0.0
10-206-01065,BIHAR,Sitamarhi,Majorganj,0,0,,221,10,1065,,62808.55729710282,95411217.42446172,0.0,0.0,68,0.0
10-206-01066,BIHAR,Sitamarhi,Sonbarsa,0,0,,221,10,1066,,92820.94699371175,224104085.6083578,0.0,0.0,155,0.0
10-206-01067,BIHAR,Sitamarhi,Parihar,0,0,,221,10,1067,,86838.20299610356,272812569.4060281,0.0,0.0,197,0.0
10-207-01095,BIHAR,Madhubani,Rajnagar,0,0,,206,10,1095,,78809.12744912357,223111125.2667772,0.0,0.0,158,0.0
10-206-01068,BIHAR,Sitamarhi,Sursand,0,0,,221,10,1068,,91215.71647520129,181412871.1123928,0.0,0.0,134,0.0
10-206-01069,BIHAR,Sitamarhi,Bathnaha,0,0,,221,10,1069,,120764.04051803834,251403523.12922087,0.0,0.0,185,0.0
10-206-01070,BIHAR,Sitamarhi,Riga,0,0,,221,10,1070,,129433.73210860479,163724219.02092636,0.0,0.0,114,0.0
10-210-01123,BIHAR,Kishanganj,Thakurganj,0,0,,203,10,1123,,224971.2940646554,491161543.46963537,0.0,0.0,353,0.0
10-210-01124,BIHAR,Kishanganj,Pothia,0,0,,203,10,1124,,167388.9118766352,443844792.4531903,0.0,0.0,321,0.0
10-210-01125,BIHAR,Kishanganj,Bahadurganj,0,0,,203,10,1125,,155296.13881782343,347494200.8377232,0.0,0.0,251,0.0
10-210-01126,BIHAR,Kishanganj,Kochadhamin,0,0,,203,10,1126,,139640.52665725534,360840233.8364798,0.0,0.0,258,0.0
10-211-01128,BIHAR,Purnia,Banmankhi,0,0,,214,10,1128,,142815.61519736593,459936087.34673214,0.0,0.0,333,0.0
10-206-01075,BIHAR,Sitamarhi,Bajpatti,0,0,,221,10,1075,,90407.29439213518,174303329.1783474,0.0,0.0,125,0.0
10-206-01076,BIHAR,Sitamarhi,Charaut,0,0,,221,10,1076,,85128.15752493152,91349700.81924292,0.0,0.0,62,0.0
10-206-01077,BIHAR,Sitamarhi,Pupri,0,0,,221,10,1077,,73992.24203369493,115338203.66308306,0.0,0.0,82,0.0
10-206-01078,BIHAR,Sitamarhi,Nanpur,0,0,,221,10,1078,,73315.01223618646,135892566.9983101,0.0,0.0,100,0.0
10-220-01283,BIHAR,Vaishali,Mahnar,0,0,,224,10,1283,,81638.1139853176,126474580.44313861,0.0,0.0,89,0.0
10-206-01079,BIHAR,Sitamarhi,Bokhara,0,0,,221,10,1079,,81978.13188098712,108574895.39827529,0.0,0.0,79,0.0
10-207-01080,BIHAR,Madhubani,Madhwapur,0,0,,206,10,1080,,88808.76172423853,137557654.90878707,0.0,0.0,103,0.0
10-207-01081,BIHAR,Madhubani,Harlakhi,0,0,,206,10,1081,,90217.76640094945,187441757.00046396,0.0,0.0,138,0.0
10-207-01082,BIHAR,Madhubani,Basopatti,0,0,,206,10,1082,,97634.90682970545,164238774.4639331,0.0,0.0,122,0.0
10-207-01089,BIHAR,Madhubani,Khajauli,0,0,,206,10,1089,,91171.28062794723,150968724.81279027,0.0,0.0,108,0.0
10-207-01083,BIHAR,Madhubani,Jainagar,0,0,,206,10,1083,,81489.61423509955,161880108.8306139,0.0,0.0,115,0.0
10-207-01090,BIHAR,Madhubani,Kaluahi,0,0,,206,10,1090,,62305.281593423286,101560283.08963235,0.0,0.0,75,0.0
10-207-01084,BIHAR,Madhubani,Ladania,0,0,,206,10,1084,,97928.14946240213,232665607.5684243,0.0,0.0,164,0.0
10-207-01085,BIHAR,Madhubani,Laukaha,0,0,,206,10,1085,,102032.19667129294,266340932.00179368,0.0,0.0,197,0.0
10-207-01086,BIHAR,Madhubani,Laukahi,0,0,,206,10,1086,,109679.24973352649,329223432.564553,0.0,0.0,237,0.0
10-207-01087,BIHAR,Madhubani,Phulparas,0,0,,206,10,1087,,117974.41186319289,199352334.8677591,0.0,0.0,140,0.0
10-207-01088,BIHAR,Madhubani,Babubarhi,0,0,,206,10,1088,,118996.04641992833,237192379.86086744,0.0,0.0,174,0.0
10-207-01091,BIHAR,Madhubani,Benipatti,0,0,,206,10,1091,,128414.2409747215,328987645.9449377,0.0,0.0,231,0.0
10-207-01092,BIHAR,Madhubani,Bisfi,0,0,,206,10,1092,,99754.46134559005,226192948.413646,0.0,0.0,165,0.0
10-207-01093,BIHAR,Madhubani,Madhubani,0,0,,206,10,1093,,109764.71764889831,200359220.56727448,0.0,0.0,142,0.0
10-207-01094,BIHAR,Madhubani,Pandaul,0,0,,206,10,1094,,102372.75527307783,208327489.63825428,0.0,0.0,148,0.0
10-207-01096,BIHAR,Madhubani,Andhratharhi,0,0,,206,10,1096,,97300.5167595078,186769445.10608673,0.0,0.0,134,0.0
10-207-01097,BIHAR,Madhubani,Jhanjharpur,0,0,,206,10,1097,,125261.96837896874,181284371.95402232,0.0,0.0,132,0.0
10-207-01098,BIHAR,Madhubani,Ghoghardiha,0,0,,206,10,1098,,114215.40677637524,211228851.4219488,0.0,0.0,159,0.0
10-207-01099,BIHAR,Madhubani,Lakhnaur,0,0,,206,10,1099,,72956.74167609161,146945623.14022,0.0,0.0,110,0.0
10-207-01100,BIHAR,Madhubani,Madhepur,0,0,,206,10,1100,,144505.38034518834,300452948.5687113,0.0,0.0,212,0.0
10-208-01101,BIHAR,Supaul,Nirmali,0,0,,223,10,1101,,123310.21889922836,162734364.67066902,0.0,0.0,118,0.0
10-208-01102,BIHAR,Supaul,Basantpur,0,0,,223,10,1102,,136288.63693043106,319456339.75100917,0.0,0.0,228,0.0
10-208-01103,BIHAR,Supaul,Chhatapur,0,0,,223,10,1103,,142271.17176584958,398825687.2446475,0.0,0.0,285,0.0
10-208-01104,BIHAR,Supaul,Pratapganj,0,0,,223,10,1104,,71155.69013184242,133032565.19323792,0.0,0.0,97,0.0
10-208-01105,BIHAR,Supaul,Raghopur,0,0,,223,10,1105,,111831.20983491397,255841046.48838165,0.0,0.0,187,0.0
10-221-01285,BIHAR,Samastipur,Warisnagar,0,0,,217,10,1285,,90241.30323013186,163846086.5162723,0.0,0.0,120,0.0
10-208-01106,BIHAR,Supaul,Saraigarh Bhaptiyahi,0,0,,223,10,1106,,105489.5116383213,257042943.27229512,0.0,0.0,189,0.0
10-208-01107,BIHAR,Supaul,Kishanpur,0,0,,223,10,1107,,125516.73810076228,248613546.3002807,0.0,0.0,177,0.0
10-208-01108,BIHAR,Supaul,Marauna,0,0,,223,10,1108,,114969.59778192453,206419565.01179272,0.0,0.0,149,0.0
10-208-01109,BIHAR,Supaul,Supaul,0,0,,223,10,1109,,122628.008173687,390920691.5720901,0.0,0.0,287,0.0
10-208-01110,BIHAR,Supaul,Pipra,0,0,,223,10,1110,,113516.78657800167,247320462.25611627,0.0,0.0,181,0.0
10-221-01287,BIHAR,Samastipur,Khanpur,0,0,,217,10,1287,,89337.20668890505,173313349.37261373,0.0,0.0,127,0.0
10-208-01111,BIHAR,Supaul,Tribeniganj,0,0,,223,10,1111,,136684.8917573132,402291551.99740016,0.0,0.0,290,0.0
10-209-01112,BIHAR,Araria,Narpatganj,0,0,,188,10,1112,,196352.82868709194,482872068.7863751,0.0,0.0,351,0.0
10-209-01113,BIHAR,Araria,Forbesganj,0,0,,188,10,1113,,165874.55860340688,546946456.996027,0.0,0.0,392,0.0
10-209-01114,BIHAR,Araria,Bhargama,0,0,,188,10,1114,,140909.75235341018,280499778.1128878,0.0,0.0,206,0.0
10-209-01115,BIHAR,Araria,Raniganj,0,0,,188,10,1115,,160625.61646677545,576910744.770993,0.0,0.0,418,0.0
10-209-01116,BIHAR,Araria,Araria,0,0,,188,10,1116,,192057.15187743204,506918787.2643526,0.0,0.0,371,0.0
10-209-01117,BIHAR,Araria,Kursakatta,0,0,,188,10,1117,,96566.38525637137,201032230.408231,0.0,0.0,147,0.0
10-209-01118,BIHAR,Araria,Sikti,0,0,,188,10,1118,,116798.35346995249,237753016.2819182,0.0,0.0,177,0.0
10-209-01119,BIHAR,Araria,Palasi,0,0,,188,10,1119,,132578.70192307016,306240761.34804773,0.0,0.0,222,0.0
10-209-01120,BIHAR,Araria,Jokihat,0,0,,188,10,1120,,155370.9524619173,341005127.7602247,0.0,0.0,246,0.0
10-210-01121,BIHAR,Kishanganj,Terhagachh,0,0,,203,10,1121,,121953.02658094271,245208326.38245347,0.0,0.0,175,0.0
10-210-01122,BIHAR,Kishanganj,Dighalbank,0,0,,203,10,1122,,147432.83262190674,314385668.4331173,0.0,0.0,224,0.0
10-211-01129,BIHAR,Purnia,Barhara,0,0,,214,10,1129,,111073.17449432175,288009141.38478667,0.0,0.0,212,0.0
10-211-01130,BIHAR,Purnia,Bhawanipur,0,0,,214,10,1130,,116656.34435182877,201938838.4795833,0.0,0.0,147,0.0
10-211-01131,BIHAR,Purnia,Rupauli,0,0,,214,10,1131,,113946.660566684,308195114.8462847,0.0,0.0,227,0.0
10-211-01132,BIHAR,Purnia,Dhamdaha,0,0,,214,10,1132,,135370.01293426772,446856166.039676,0.0,0.0,326,0.0
10-211-01133,BIHAR,Purnia,Krityanand Nagar,0,0,,214,10,1133,,149407.41850079046,364443041.21247435,0.0,0.0,274,0.0
10-211-01134,BIHAR,Purnia,Purnia East,0,0,,214,10,1134,,127662.13358515713,309272824.56310594,0.0,0.0,228,0.0
10-211-01135,BIHAR,Purnia,Kasba,0,0,,214,10,1135,,130095.64608516233,215123054.3424731,0.0,0.0,154,0.0
10-211-01136,BIHAR,Purnia,Srinagar,0,0,,214,10,1136,,106220.57404900706,172405807.6412187,0.0,0.0,122,0.0
10-211-01137,BIHAR,Purnia,Jalalgarh,0,0,,214,10,1137,,87146.39992638786,142107808.6772385,0.0,0.0,102,0.0
10-211-01138,BIHAR,Purnia,Amour,0,0,,214,10,1138,,141371.93624621196,307011870.96961224,0.0,0.0,225,0.0
10-211-01139,BIHAR,Purnia,Baisa,0,0,,214,10,1139,,132173.35304950457,275191667.549805,0.0,0.0,197,0.0
10-211-01140,BIHAR,Purnia,Baisi,0,0,,214,10,1140,,118169.54825440844,253873549.02719215,0.0,0.0,187,0.0
10-211-01141,BIHAR,Purnia,Dagarua,0,0,,214,10,1141,,129309.28146976323,257465778.6329552,0.0,0.0,180,0.0
10-212-01142,BIHAR,Katihar,Falka,0,0,,201,10,1142,,100518.70580952488,208374539.8829749,0.0,0.0,150,0.0
10-212-01143,BIHAR,Katihar,Korha,0,0,,201,10,1143,,137118.64195203967,368801327.90483874,0.0,0.0,273,0.0
10-212-01144,BIHAR,Katihar,Hasanganj,0,0,,201,10,1144,,78227.29832785497,86155111.41022065,0.0,0.0,62,0.0
10-212-01145,BIHAR,Katihar,Kadwa,0,0,,201,10,1145,,157692.68144088247,420129854.10490626,0.0,0.0,307,0.0
10-212-01146,BIHAR,Katihar,Balrampur,0,0,,201,10,1146,,141815.18317465586,216253207.31133217,0.0,0.0,151,0.0
10-212-01147,BIHAR,Katihar,Barsoi,0,0,,201,10,1147,,172308.8160052511,357713388.6445612,0.0,0.0,261,0.0
10-212-01148,BIHAR,Katihar,Azamnagar,0,0,,201,10,1148,,141791.77759222616,349759708.1212404,0.0,0.0,253,0.0
10-221-01290,BIHAR,Samastipur,Tajpur,0,0,,217,10,1290,,57166.77792153786,83856612.1105223,0.0,0.0,61,0.0
10-212-01149,BIHAR,Katihar,Pranpur,0,0,,201,10,1149,,111803.70370561493,191475637.62126103,0.0,0.0,141,0.0
10-212-01150,BIHAR,Katihar,Dandkhora,0,0,,201,10,1150,,70987.07501110679,111201189.06340708,0.0,0.0,81,0.0
10-212-01151,BIHAR,Katihar,Katihar,0,0,,201,10,1151,,76845.81968857624,136830037.77828172,0.0,0.0,100,0.0
10-212-01152,BIHAR,Katihar,Mansahi,0,0,,201,10,1152,,73279.06289841712,97405011.1871763,0.0,0.0,73,0.0
10-212-01155,BIHAR,Katihar,Kursela,0,0,,201,10,1155,,80348.39413748268,153683091.52761996,0.0,0.0,117,0.0
10-212-01153,BIHAR,Katihar,Barari,0,0,,201,10,1153,,107333.93297446336,407446973.1478653,0.0,0.0,292,0.0
10-212-01154,BIHAR,Katihar,Sameli,0,0,,201,10,1154,,75105.36277909,118027198.2496544,0.0,0.0,81,0.0
10-212-01156,BIHAR,Katihar,Manihari,0,0,,201,10,1156,,130162.81635074862,303859830.4099729,0.0,0.0,221,0.0
10-212-01157,BIHAR,Katihar,Amdabad,0,0,,201,10,1157,,103742.71814675455,228302986.79665467,0.0,0.0,164,0.0
10-213-01158,BIHAR,Madhepura,Gamharia,0,0,,205,10,1158,,80141.00377515821,125479849.27382244,0.0,0.0,89,0.0
10-213-01160,BIHAR,Madhepura,Ghailarh,0,0,,205,10,1160,,78865.70647224285,116219722.2388165,0.0,0.0,83,0.0
10-213-01159,BIHAR,Madhepura,Singheshwar,0,0,,205,10,1159,,111627.30849980874,111167268.35246354,0.0,0.0,78,0.0
10-216-01210,BIHAR,Muzaffarpur,Bandra,0,0,,208,10,1210,,74293.85759884378,142020443.31484023,0.0,0.0,103,0.0
10-213-01161,BIHAR,Madhepura,Madhepura,0,0,,205,10,1161,,115084.47931226583,237801277.85767865,0.0,0.0,175,0.0
10-213-01162,BIHAR,Madhepura,Shankarpur,0,0,,205,10,1162,,63984.56408470212,128790837.874554,0.0,0.0,94,0.0
10-213-01163,BIHAR,Madhepura,Kumarkhand,0,0,,205,10,1163,,118191.24796123093,316976886.68211347,0.0,0.0,230,0.0
10-213-01164,BIHAR,Madhepura,Murliganj,0,0,,205,10,1164,,94211.11378994165,247086114.21145928,0.0,0.0,179,0.0
10-221-01293,BIHAR,Samastipur,Mohanpur,0,0,,217,10,1293,,74468.46489139357,163000016.77407515,0.0,0.0,120,0.0
10-213-01165,BIHAR,Madhepura,Gwalpara,0,0,,205,10,1165,,78037.2495556277,147267353.58482873,0.0,0.0,109,0.0
10-214-01172,BIHAR,Saharsa,Satar Kataiya,0,0,,216,10,1172,,77878.75925155886,177382280.64763528,0.0,0.0,130,0.0
10-213-01166,BIHAR,Madhepura,Bihariganj,0,0,,205,10,1166,,79669.40805645821,133818744.70956944,0.0,0.0,98,0.0
10-216-01211,BIHAR,Muzaffarpur,Dholi (Moraul),0,0,,208,10,1211,,63030.361633940505,73298422.6275262,0.0,0.0,50,0.0
10-213-01167,BIHAR,Madhepura,Kishanganj,0,0,,205,10,1167,,99817.47531025465,188055937.5971522,0.0,0.0,133,0.0
10-216-01212,BIHAR,Muzaffarpur,Musahri,0,0,,208,10,1212,,211487.75457487197,365415439.5943066,0.0,0.0,267,0.0
10-213-01168,BIHAR,Madhepura,Puraini,0,0,,205,10,1168,,63416.842365887525,103114850.3546553,0.0,0.0,76,0.0
10-214-01174,BIHAR,Saharsa,Kahara,0,0,,216,10,1174,,81070.16203244023,176788302.3737116,0.0,0.0,128,0.0
10-213-01169,BIHAR,Madhepura,Alamnagar,0,0,,205,10,1169,,94357.42058114092,211989804.11375904,0.0,0.0,151,0.0
10-213-01170,BIHAR,Madhepura,Chausa,0,0,,205,10,1170,,87285.75133964,172516848.53860697,0.0,0.0,124,0.0
10-214-01171,BIHAR,Saharsa,Nauhatta,0,0,,216,10,1171,,93228.84620468391,212763144.21707585,0.0,0.0,151,0.0
10-217-01227,BIHAR,Gopalganj,Sidhwalia,0,0,,197,10,1227,,69457.48217743407,152022198.31601515,0.0,0.0,109,0.0
10-214-01173,BIHAR,Saharsa,Mahishi,0,0,,216,10,1173,,106372.46434789852,273075178.2794974,0.0,0.0,195,0.0
10-214-01175,BIHAR,Saharsa,Saur Bazar,0,0,,216,10,1175,,88121.22998090234,233228921.9025612,0.0,0.0,171,0.0
10-214-01176,BIHAR,Saharsa,Patarghat,0,0,,216,10,1176,,67497.21582029684,149681422.04156074,0.0,0.0,105,0.0
10-214-01177,BIHAR,Saharsa,Sonbarsa,0,0,,216,10,1177,,90185.02153799882,263952116.041209,0.0,0.0,193,0.0
10-216-01199,BIHAR,Muzaffarpur,Sahebganj,0,0,,208,10,1199,,80060.99972290538,253055918.70266867,0.0,0.0,189,0.0
10-214-01178,BIHAR,Saharsa,Simri Bakhtiarpur,0,0,,216,10,1178,,119116.35548129058,266466354.66217396,0.0,0.0,194,0.0
10-214-01179,BIHAR,Saharsa,Salkhua,0,0,,216,10,1179,,82412.26684571667,221182533.93573853,0.0,0.0,163,0.0
10-214-01180,BIHAR,Saharsa,Banma Itahri,0,0,,216,10,1180,,54286.501575749484,92822449.4552088,0.0,0.0,68,0.0
10-215-01181,BIHAR,Darbhanga,Jale,0,0,,195,10,1181,,112473.57051363293,234172285.01568127,0.0,0.0,171,0.0
10-215-01182,BIHAR,Darbhanga,Singhwara,0,0,,195,10,1182,,121368.62688362494,223279889.67870736,0.0,0.0,162,0.0
10-215-01183,BIHAR,Darbhanga,Keotiranway,0,0,,195,10,1183,,89515.08566239705,180205403.4644349,0.0,0.0,131,0.0
10-215-01184,BIHAR,Darbhanga,Darbhanga,0,0,,195,10,1184,,131883.04966973627,240721362.1475316,0.0,0.0,174,0.0
10-215-01185,BIHAR,Darbhanga,Manigachhi,0,0,,195,10,1185,,96856.01003306538,158887287.31255177,0.0,0.0,114,0.0
10-215-01186,BIHAR,Darbhanga,Tardih,0,0,,195,10,1186,,96398.42232606321,109520018.96976715,0.0,0.0,79,0.0
10-215-01187,BIHAR,Darbhanga,Alinagar,0,0,,195,10,1187,,105560.56246873255,146523357.5416611,0.0,0.0,105,0.0
10-215-01188,BIHAR,Darbhanga,Benipur,0,0,,195,10,1188,,118482.30854716274,204643530.87647069,0.0,0.0,150,0.0
10-215-01189,BIHAR,Darbhanga,Bahadurpur,0,0,,195,10,1189,,155637.00049509996,221161760.4253616,0.0,0.0,158,0.0
10-215-01190,BIHAR,Darbhanga,Hanumannagar,0,0,,195,10,1190,,114393.83215098479,181536916.32106537,0.0,0.0,130,0.0
10-215-01191,BIHAR,Darbhanga,Hayaghat,0,0,,195,10,1191,,66118.49929402806,108810529.75916524,0.0,0.0,77,0.0
10-215-01192,BIHAR,Darbhanga,Baheri,0,0,,195,10,1192,,128629.1579498372,271307286.95794886,0.0,0.0,195,0.0
10-215-01193,BIHAR,Darbhanga,Biraul,0,0,,195,10,1193,,135706.32971678255,230203939.26841983,0.0,0.0,167,0.0
10-215-01194,BIHAR,Darbhanga,Ghanshyampur,0,0,,195,10,1194,,76766.91373126305,103945643.9979024,0.0,0.0,78,0.0
10-215-01195,BIHAR,Darbhanga,Kiratpur,0,0,,195,10,1195,,78793.19278562842,78915927.53877336,0.0,0.0,60,0.0
10-215-01196,BIHAR,Darbhanga,Gora Bauram,0,0,,195,10,1196,,99804.03366816713,145653476.81698695,0.0,0.0,104,0.0
10-215-01197,BIHAR,Darbhanga,Kusheshwar Asthan,0,0,,195,10,1197,,87220.16498537568,144130520.9401011,0.0,0.0,107,0.0
10-215-01198,BIHAR,Darbhanga,Kusheshwar Asthan Purbi,0,0,,195,10,1198,,91858.86035222423,150084285.43545517,0.0,0.0,112,0.0
10-216-01200,BIHAR,Muzaffarpur,Baruraj (Motipur),0,0,,208,10,1200,,125110.13599018812,365259305.4740948,0.0,0.0,263,0.0
10-216-01201,BIHAR,Muzaffarpur,Paroo,0,0,,208,10,1201,,136934.87791145188,413033977.3448192,0.0,0.0,295,0.0
10-216-01202,BIHAR,Muzaffarpur,Saraiya,0,0,,208,10,1202,,155820.80051537574,301402655.1404849,0.0,0.0,218,0.0
10-216-01203,BIHAR,Muzaffarpur,Marwan,0,0,,208,10,1203,,84959.92762229654,138736310.53842777,0.0,0.0,101,0.0
10-216-01204,BIHAR,Muzaffarpur,Kanti,0,0,,208,10,1204,,97122.90469976026,124757584.36625764,0.0,0.0,91,0.0
10-216-01205,BIHAR,Muzaffarpur,Minapur,0,0,,208,10,1205,,166218.11946715685,316124209.98756105,0.0,0.0,228,0.0
10-216-01206,BIHAR,Muzaffarpur,Bochaha,0,0,,208,10,1206,,126044.68100944142,233148755.94160384,0.0,0.0,167,0.0
10-216-01207,BIHAR,Muzaffarpur,Aurai,0,0,,208,10,1207,,101267.16719990574,247748190.77792475,0.0,0.0,177,0.0
10-216-01208,BIHAR,Muzaffarpur,Katra,0,0,,208,10,1208,,118891.9342746819,235108975.17115793,0.0,0.0,171,0.0
10-216-01209,BIHAR,Muzaffarpur,Gaighat,0,0,,208,10,1209,,111008.49869520529,259762671.68662548,0.0,0.0,191,0.0
10-216-01213,BIHAR,Muzaffarpur,Kurhani,0,0,,208,10,1213,,108106.10574110712,256354911.2077163,0.0,0.0,187,0.0
10-216-01214,BIHAR,Muzaffarpur,Sakra,0,0,,208,10,1214,,105121.4777371614,236360031.18726787,0.0,0.0,175,0.0
10-217-01215,BIHAR,Gopalganj,Katiya,0,0,,197,10,1215,,94755.55253264701,158441587.458013,0.000704346840286255,0.0005534153745106289,112,0.06198252194519044
10-217-01216,BIHAR,Gopalganj,Bijaipur,0,0,,197,10,1216,,81309.59717969262,163112176.36717936,0.000704346840286255,0.0007043468402862551,120,0.08452162083435061
10-217-01217,BIHAR,Gopalganj,Bhorey,0,0,,197,10,1217,,78790.65552761848,196013266.46535653,0.000704346840286255,0.00036684731264909114,144,0.05282601302146912
10-217-01218,BIHAR,Gopalganj,Pach Deuri,0,0,,197,10,1218,,53698.212932643866,118295317.11973979,0.0,0.0,85,0.0
10-217-01219,BIHAR,Gopalganj,Kuchaikote,0,0,,197,10,1219,,101077.28158428885,316078491.04748106,0.0,0.0,226,0.0
10-217-01220,BIHAR,Gopalganj,Phulwaria,0,0,,197,10,1220,,81339.22200232239,118763292.85091434,0.0,0.0,89,0.0
10-217-01221,BIHAR,Gopalganj,Hathua,0,0,,197,10,1221,,91546.96202775641,183613061.83342972,0.0005328120398712158,0.0003524111129856861,127,0.04475621134918213
10-217-01222,BIHAR,Gopalganj,Uchkagaon,0,0,,197,10,1222,,80102.93001981139,142235093.67043933,0.0005328120398712158,3.518570074621237e-05,106,0.003729684279098511
10-217-01223,BIHAR,Gopalganj,Thawe,0,0,,197,10,1223,,57244.55575246375,89300191.60424533,0.0005328120398712158,8.325188122987747e-06,64,0.0005328120398712158
10-217-01224,BIHAR,Gopalganj,Gopalganj,0,0,,197,10,1224,,110313.13172782106,244420793.60160467,0.0,0.0,182,0.0
10-218-01232,BIHAR,Siwan,Goriakothi,0,0,,222,10,1232,,73201.39147651673,174963939.23516312,0.0,0.0,127,0.0
10-217-01225,BIHAR,Gopalganj,Manjha,0,0,,197,10,1225,,80242.78538873792,179389027.9828925,0.0,0.0,131,0.0
10-217-01226,BIHAR,Gopalganj,Barauli,0,0,,197,10,1226,,105754.79057670098,232227972.12586737,0.0,0.0,170,0.0
10-217-01228,BIHAR,Gopalganj,Baikunthpur,0,0,,197,10,1228,,97825.58906166903,256614409.24172768,0.0,0.0,185,0.0
10-218-01229,BIHAR,Siwan,Nautan,0,0,,222,10,1229,,58324.35348563096,81827813.66620097,0.0005328120398712158,0.0005328120398712158,58,0.03090309831253052
10-218-01230,BIHAR,Siwan,Siwan,0,0,,222,10,1230,,92599.06904644772,168879532.28230655,0.0005328120398712158,0.0004876584771702654,118,0.057543700306091315
10-218-01235,BIHAR,Siwan,Bhagwanpur Hat,0,0,,222,10,1235,,86430.4184146014,189582799.91524476,0.00042249430099487305,6.73541639267189e-05,138,0.009294874621887208
10-218-01231,BIHAR,Siwan,Barharia,0,0,,222,10,1231,,90315.6629531122,219606934.01516393,0.0005328120398712158,9.990225747585297e-06,160,0.0015984361196136475
10-218-01233,BIHAR,Siwan,Lakri Nabiganj,0,0,,222,10,1233,,79648.98713303795,120773104.6039552,0.0,0.0,88,0.0
10-218-01234,BIHAR,Siwan,Basantpur,0,0,,222,10,1234,,57871.378293950496,76675463.02480637,0.0,0.0,56,0.0
10-218-01236,BIHAR,Siwan,Maharajganj,0,0,,222,10,1236,,119387.58843212528,142817377.5161484,0.00042249430099487305,0.0001599735702796121,103,0.016477277738800047
10-218-01237,BIHAR,Siwan,Pachrukhi,0,0,,222,10,1237,,99183.2392802834,160709761.40986398,0.0005328120398712158,2.27697452936417e-05,117,0.002664060199356079
10-218-01238,BIHAR,Siwan,Hussainganj,0,0,,222,10,1238,,68784.84800107122,105975934.30464326,0.0005328120398712158,0.00047097119511166124,74,0.034851868438262934
10-218-01239,BIHAR,Siwan,Ziradei,0,0,,222,10,1239,,98825.50869312549,152221780.48504183,0.0005328120398712158,0.0005321054493459067,111,0.05906370487739564
10-218-01240,BIHAR,Siwan,Mairwa,0,0,,222,10,1240,,65279.2242200428,88898123.37504825,0.0006303203768920899,0.0005372442370085282,66,0.03545811964256286
10-218-01242,BIHAR,Siwan,Darauli,0,0,,222,10,1242,,90305.00161970501,214758375.6239279,0.0006303203768920899,0.0005198477585911904,155,0.08057640258163452
10-218-01241,BIHAR,Siwan,Guthani,0,0,,222,10,1241,,78778.78773845347,115110806.99004474,0.0006303203768920899,0.0006231856205247088,82,0.05110122088302612
10-219-01248,BIHAR,Saran,Mashrakh,0,0,,218,10,1248,,82075.7710341599,165898243.02109933,0.0,0.0,121,0.0
10-218-01243,BIHAR,Siwan,Andar,0,0,,222,10,1243,,83358.60866933218,125625010.62434034,0.0005328120398712158,0.0004633956120572145,87,0.040315418248977664
10-219-01249,BIHAR,Saran,Panapur,0,0,,218,10,1249,,75875.09329534958,182360909.7404776,0.0,0.0,128,0.0
10-218-01244,BIHAR,Siwan,Raghunathpur,0,0,,222,10,1244,,87824.68008836384,193566358.3438411,0.0004543804915618897,0.0004543804915618897,143,0.06497641029335023
10-219-01250,BIHAR,Saran,Taraiya,0,0,,218,10,1250,,53629.0613522338,97307015.09151264,0.0,0.0,74,0.0
10-218-01245,BIHAR,Siwan,Hasanpura,0,0,,222,10,1245,,82786.09108287447,121956119.03175904,0.0004543804915618897,0.0004263425820177451,87,0.037091804635543825
10-219-01251,BIHAR,Saran,Ishupur,0,0,,218,10,1251,,62425.60798229613,109300191.56908256,0.0,0.0,76,0.0
10-218-01246,BIHAR,Siwan,Daraundha,0,0,,222,10,1246,,105400.53795370483,157911066.26165873,0.00042249430099487305,0.00036738634869119396,115,0.042249430099487305
10-219-01256,BIHAR,Saran,Jalalpur,0,0,,218,10,1256,,65042.73641147566,147549697.72689733,0.0005544153284835816,0.00021557399179584583,106,0.022850843130359656
10-218-01247,BIHAR,Siwan,Siswan,0,0,,222,10,1247,,98184.39847010886,155554872.77293277,0.0004543804915618897,0.0004319739792715537,111,0.04794911169914246
10-219-01259,BIHAR,Saran,Nagra,0,0,,218,10,1259,,43289.948409307304,65110006.46242106,0.0005500369025611878,0.0002340582564090161,47,0.011000738051223757
10-219-01252,BIHAR,Saran,Baniapur,0,0,,218,10,1252,,89199.8841803021,219417775.87250236,0.00042249430099487305,1.0367958306622652e-05,163,0.0016899772039794922
10-219-01253,BIHAR,Saran,Lahladpur,0,0,,218,10,1253,,49287.19248841685,70233795.44130237,0.00042249430099487305,0.00022814692253723143,50,0.011407346126861572
10-219-01254,BIHAR,Saran,Ekma,0,0,,218,10,1254,,99716.17236158185,176114988.01319405,0.00042249430099487305,0.000422494300994873,128,0.054079270527343744
10-219-01255,BIHAR,Saran,Manjhi,0,0,,218,10,1255,,127085.43562979231,244607530.98349065,0.0005544153284835816,0.0004494628943201701,180,0.08090332097763062
10-219-01257,BIHAR,Saran,Revelganj,0,0,,218,10,1257,,84877.1419542779,179359801.45379385,0.0005544153284835816,0.0005503871766349793,125,0.06879839707937241
10-219-01258,BIHAR,Saran,Chapra,0,0,,218,10,1258,,119729.94798472138,239470568.44351175,0.0005500369025611878,0.0005156595961511136,176,0.090756088922596
10-219-01260,BIHAR,Saran,Marhaura,0,0,,218,10,1260,,87240.95030017926,190752130.05196184,0.0005500369025611878,1.6059471607625924e-05,137,0.0022001476102447514
10-219-01261,BIHAR,Saran,Amnour,0,0,,218,10,1261,,94922.90618840617,160109081.4065653,0.0005500369025611878,9.322659365443862e-06,118,0.0011000738051223757
10-219-01263,BIHAR,Saran,Parsa,0,0,,218,10,1263,,85595.91054800974,122749042.93573296,0.0,0.0,88,0.0
10-219-01266,BIHAR,Saran,Dighwara,0,0,,218,10,1266,,81943.45164265168,101347015.6655549,0.0,0.0,72,0.0
10-219-01264,BIHAR,Saran,Dariapur,0,0,,218,10,1264,,115477.27251924115,281302380.67878103,0.0,0.0,202,0.0
10-219-01265,BIHAR,Saran,Garkha,0,0,,218,10,1265,,90147.74693968748,213336409.9887166,0.0005500369025611878,0.0002821617876774924,154,0.04345291530233383
10-220-01269,BIHAR,Vaishali,Paterhi Belsar,0,0,,224,10,1269,,56227.36197278124,93522597.26160131,0.0,0.0,69,0.0
10-219-01267,BIHAR,Saran,Sonepur,0,0,,218,10,1267,,70412.64000247594,214865144.18564072,0.0,0.0,162,0.0
10-220-01268,BIHAR,Vaishali,Vaishali,0,0,,224,10,1268,,72706.90824879723,158663399.21103516,0.0,0.0,114,0.0
10-220-01270,BIHAR,Vaishali,Lalganj,0,0,,224,10,1270,,89595.71916906572,184177988.41986412,0.0,0.0,133,0.0
10-221-01294,BIHAR,Samastipur,Mohiuddinagar,0,0,,217,10,1294,,80607.53716768604,178536106.2701614,0.0,0.0,130,0.0
10-220-01271,BIHAR,Vaishali,Bhagwanpur,0,0,,224,10,1271,,98965.72708266653,142473218.81446454,0.0,0.0,102,0.0
10-220-01272,BIHAR,Vaishali,Goraul,0,0,,224,10,1272,,101989.77906286377,122446101.92943335,0.0,0.0,87,0.0
10-220-01273,BIHAR,Vaishali,Chehra Kalan,0,0,,224,10,1273,,63204.34388206024,89818122.94593617,0.0,0.0,66,0.0
10-220-01277,BIHAR,Vaishali,Raja Pakar,0,0,,224,10,1277,,58946.08844196175,93673217.82917874,0.0,0.0,72,0.0
10-220-01274,BIHAR,Vaishali,Patepur,0,0,,224,10,1274,,118180.33822078991,317029999.71255994,0.0,0.0,234,0.0
10-220-01275,BIHAR,Vaishali,Mahua,0,0,,224,10,1275,,86273.82517515696,171155586.12447235,0.0,0.0,125,0.0
10-220-01276,BIHAR,Vaishali,Jandaha,0,0,,224,10,1276,,99044.76663725945,179891527.10359335,0.0,0.0,128,0.0
10-220-01278,BIHAR,Vaishali,Hajipur,0,0,,224,10,1278,,80048.24731377292,194916759.16986817,0.0,0.0,140,0.0
10-220-01280,BIHAR,Vaishali,Bidupur,0,0,,224,10,1280,,88122.3198685409,139375575.9420912,0.0,0.0,99,0.0
10-220-01279,BIHAR,Vaishali,Raghopur,0,0,,224,10,1279,,128641.49950069311,338499790.0832371,0.0,0.0,246,0.0
10-220-01281,BIHAR,Vaishali,Desri,0,0,,224,10,1281,,50183.809114488824,56627949.53624974,0.0,0.0,43,0.0
10-221-01284,BIHAR,Samastipur,Kalyanpur,0,0,,217,10,1284,,147387.26660455638,294821482.9966942,0.0,0.0,214,0.0
10-221-01286,BIHAR,Samastipur,Shivaji Nagar,0,0,,217,10,1286,,96209.25031894707,172333979.18990555,0.0,0.0,130,0.0
10-221-01288,BIHAR,Samastipur,Samastipur,0,0,,217,10,1288,,112474.97484539819,170577777.20953664,0.0,0.0,123,0.0
10-221-01289,BIHAR,Samastipur,Pusa,0,0,,217,10,1289,,64081.7615729533,95008289.7510354,0.0,0.0,65,0.0
10-221-01291,BIHAR,Samastipur,Morwa,0,0,,217,10,1291,,104551.97847793197,152111293.7773472,0.0,0.0,106,0.0
10-221-01292,BIHAR,Samastipur,Patori,0,0,,217,10,1292,,69422.25062895294,130638318.44440164,0.0,0.0,93,0.0
10-221-01295,BIHAR,Samastipur,Sarairanjan,0,0,,217,10,1295,,96463.23467310029,185572344.2706523,0.0,0.0,145,0.0
10-221-01296,BIHAR,Samastipur,Vidyapati Nagar,0,0,,217,10,1296,,62930.2690484309,106322816.42401849,0.0,0.0,75,0.0
10-221-01297,BIHAR,Samastipur,Dalsinghsarai,0,0,,217,10,1297,,80515.23552986495,118201268.21451648,0.0,0.0,89,0.0
10-221-01298,BIHAR,Samastipur,Ujiarpur,0,0,,217,10,1298,,81756.09445970641,209497824.1015558,0.0,0.0,149,0.0
10-221-01300,BIHAR,Samastipur,Rosera,0,0,,217,10,1300,,84599.34785899956,138535375.895554,0.0,0.0,97,0.0
10-221-01299,BIHAR,Samastipur,Bibhutpur,0,0,,217,10,1299,,96600.53522783429,258332531.194082,0.0,0.0,187,0.0
10-221-01301,BIHAR,Samastipur,Singhia,0,0,,217,10,1301,,76055.88015393679,178639507.67998633,0.0,0.0,128,0.0
10-222-01307,BIHAR,Begusarai,Cheria Bariarpur,0,0,,191,10,1307,,80422.0696045629,127840547.1243011,0.0,0.0,89,0.0
10-221-01302,BIHAR,Samastipur,Hasanpur,0,0,,217,10,1302,,122795.93417076243,188091095.39019313,0.0,0.0,138,0.0
10-221-01303,BIHAR,Samastipur,Bithan,0,0,,217,10,1303,,72838.55780104545,149849875.79630712,0.0,0.0,109,0.0
10-222-01304,BIHAR,Begusarai,Khudabandpur,0,0,,191,10,1304,,49522.71992212785,59617610.47663844,0.0,0.0,39,0.0
10-222-01305,BIHAR,Begusarai,Chhorahi,0,0,,191,10,1305,,96201.09768359947,128309829.49376953,0.0,0.0,94,0.0
10-222-01306,BIHAR,Begusarai,Garhpura,0,0,,191,10,1306,,69581.28073662621,88651595.91159394,0.0,0.0,68,0.0
10-222-01308,BIHAR,Begusarai,Bhagwanpur,0,0,,191,10,1308,,102620.52088176137,147276258.21886113,0.0,0.0,106,0.0
10-223-01324,BIHAR,Khagaria,Mansi,0,0,,202,10,1324,,70720.37786012898,86151878.56106131,0.0,0.0,69,0.0
10-222-01309,BIHAR,Begusarai,Mansurchak,0,0,,191,10,1309,,55538.61039021854,42158333.283958256,0.0,0.0,31,0.0
10-224-01333,BIHAR,Bhagalpur,Rangra Chowk,0,0,,192,10,1333,,56200.86409227388,97946271.45940188,0.0,0.0,71,0.0
10-222-01310,BIHAR,Begusarai,Bachhwara,0,0,,191,10,1310,,112893.55520851951,186501763.14040864,0.0,0.0,138,0.0
10-222-01311,BIHAR,Begusarai,Teghra,0,0,,191,10,1311,,93442.93751421869,180050069.66821858,0.0,0.0,129,0.0
10-222-01312,BIHAR,Begusarai,Barauni,0,0,,191,10,1312,,90573.71511882372,141812926.41245717,0.0,0.0,102,0.0
10-222-01313,BIHAR,Begusarai,Birpur,0,0,,191,10,1313,,69057.86510087451,64693086.30641256,0.0,0.0,53,0.0
10-222-01314,BIHAR,Begusarai,Begusarai,0,0,,191,10,1314,,114572.02827886646,273941103.5239774,0.0,0.0,200,0.0
10-222-01315,BIHAR,Begusarai,Naokothi,0,0,,191,10,1315,,61794.845266753924,91575422.87048158,0.0,0.0,64,0.0
10-222-01316,BIHAR,Begusarai,Bakhri,0,0,,191,10,1316,,74902.13049058078,94921186.04856166,0.0,0.0,66,0.0
10-222-01317,BIHAR,Begusarai,Dandari,0,0,,191,10,1317,,77075.31892237118,85364223.36403492,0.0,0.0,65,0.0
10-222-01318,BIHAR,Begusarai,Sahebpur Kamal,0,0,,191,10,1318,,97820.3506924087,179327758.1582562,0.0,0.0,131,0.0
10-222-01319,BIHAR,Begusarai,Balia,0,0,,191,10,1319,,95726.56851828664,181873531.04775092,0.0,0.0,133,0.0
10-222-01320,BIHAR,Begusarai,Matihani,0,0,,191,10,1320,,104199.58891726227,214311339.790948,0.0,0.0,157,0.0
10-222-01321,BIHAR,Begusarai,Shamho Akha Kurha,0,0,,191,10,1321,,47884.70174269599,82130306.58899558,0.0,0.0,58,0.0
10-223-01322,BIHAR,Khagaria,Alauli,0,0,,202,10,1322,,117176.16085281859,337532903.06560946,0.0,0.0,244,0.0
10-223-01323,BIHAR,Khagaria,Khagaria,0,0,,202,10,1323,,164255.4907534744,325761754.1557925,0.0,0.0,229,0.0
10-223-01325,BIHAR,Khagaria,Chautham,0,0,,202,10,1325,,88833.5659059585,205164632.7891582,0.0,0.0,148,0.0
10-228-01376,BIHAR,Sheikhpura,Chewara,0,0,,219,10,1376,,77279.14911837938,141385828.1075451,0.00017132767608642578,0.0001490126263501806,103,0.015348300514068604
10-223-01326,BIHAR,Khagaria,Beldaur,0,0,,202,10,1326,,101449.44415348554,276820454.1841197,0.0,0.0,203,0.0
10-223-01327,BIHAR,Khagaria,Gogri,0,0,,202,10,1327,,109725.85953588395,321971045.3784509,0.0,0.0,231,0.0
10-223-01328,BIHAR,Khagaria,Parbatta,0,0,,202,10,1328,,89952.53209418767,286770838.53234714,0.0,0.0,215,0.0
10-224-01329,BIHAR,Bhagalpur,Narayanpur,0,0,,192,10,1329,,96964.50839109154,173637043.38008544,0.0,0.0,125,0.0
10-224-01330,BIHAR,Bhagalpur,Bihpur,0,0,,192,10,1330,,98960.16392998041,189427956.2070791,0.0,0.0,141,0.0
10-234-01472,BIHAR,Rohtas,Akorhi Gola,0,0,,215,10,1472,,71741.57946050014,124356844.03544964,0.00014815615371704103,0.00014815615371704103,94,0.013926678449401857
10-224-01331,BIHAR,Bhagalpur,Kharik,0,0,,192,10,1331,,103106.05203500649,169292223.68779984,0.0,0.0,125,0.0
10-224-01332,BIHAR,Bhagalpur,Naugachhia,0,0,,192,10,1332,,91833.23423872421,134223697.96961665,0.0,0.0,95,0.0
10-224-01335,BIHAR,Bhagalpur,Pirpainti,0,0,,192,10,1335,,138631.2255747686,411429376.6216011,0.0,0.0,294,0.0
10-224-01336,BIHAR,Bhagalpur,Kahalgaon,0,0,,192,10,1336,,128722.99744742387,352186242.20537144,0.0,0.0,255,0.0
10-224-01337,BIHAR,Bhagalpur,Ismailpur,0,0,,192,10,1337,,66332.03197363381,102752037.41138108,0.0,0.0,75,0.0
10-224-01338,BIHAR,Bhagalpur,Sabour,0,0,,192,10,1338,,85492.0541239663,141198925.34276122,0.0,0.0,102,0.0
10-226-01359,BIHAR,Munger,Dharhara,0,0,,207,10,1359,,105188.90103685112,355220468.750446,0.0,0.0,262,0.0
10-224-01339,BIHAR,Bhagalpur,Nathnagar,0,0,,192,10,1339,,105259.93673308079,163498377.60317266,0.0,0.0,117,0.0
10-226-01360,BIHAR,Munger,Kharagpur,0,0,,207,10,1360,,169586.30903503796,398589433.5102216,0.0,0.0,291,0.0
10-224-01340,BIHAR,Bhagalpur,Sultanganj,0,0,,192,10,1340,,139861.1879796442,266407467.3450057,0.0,0.0,198,0.0
10-224-01341,BIHAR,Bhagalpur,Shahkund,0,0,,192,10,1341,,93276.90256650816,208798734.37786233,0.0,0.0,153,0.0
10-224-01342,BIHAR,Bhagalpur,Goradih,0,0,,192,10,1342,,106918.08891287447,178026414.43832883,0.0,0.0,128,0.0
10-224-01343,BIHAR,Bhagalpur,Jagdishpur,0,0,,192,10,1343,,107045.71303668506,127447147.46016994,0.0,0.0,95,0.0
10-224-01344,BIHAR,Bhagalpur,Sonhaula,0,0,,192,10,1344,,84463.86530366821,214425428.57327408,0.0,0.0,160,0.0
10-225-01345,BIHAR,Banka,Shambhuganj,0,0,,190,10,1345,,85765.27415008907,217970788.89652416,0.0,0.0,157,0.0
10-225-01346,BIHAR,Banka,Amarpur,0,0,,190,10,1346,,98000.87839154692,234663534.19316816,0.0,0.0,176,0.0
10-225-01347,BIHAR,Banka,Rajaun,0,0,,190,10,1347,,86718.04358754268,242814641.5593075,0.0,0.0,179,0.0
10-226-01363,BIHAR,Munger,Tetiha Bambor,0,0,,207,10,1363,,73286.15332623897,95190725.80042528,0.0,0.0,70,0.0
10-225-01348,BIHAR,Banka,Dhuraiya,0,0,,190,10,1348,,106681.6377356153,285703540.38620996,0.0,0.0,208,0.0
10-225-01349,BIHAR,Banka,Barahat,0,0,,190,10,1349,,122910.23058217819,181202001.14064544,0.0,0.0,129,0.0
10-225-01350,BIHAR,Banka,Banka,0,0,,190,10,1350,,137083.07375503817,365153241.48788345,0.0,0.0,275,0.0
10-225-01351,BIHAR,Banka,Phulidumar,0,0,,190,10,1351,,117105.67306472127,248400685.45023423,0.0,0.0,176,0.0
10-225-01352,BIHAR,Banka,Belhar,0,0,,190,10,1352,,118426.40149548957,290570448.277483,0.0006284978938293458,6.46119330104935e-05,214,0.013826953664245608
10-225-01353,BIHAR,Banka,Chanan,0,0,,190,10,1353,,169565.08902723462,550876204.0147796,0.0006284978938293458,0.0003049433792284642,403,0.12289218182907106
10-225-01354,BIHAR,Banka,Katoria,0,0,,190,10,1354,,180268.89530762268,687665367.2781417,0.0004368547343826294,3.7419827845524034e-05,502,0.018784753578453064
10-225-01355,BIHAR,Banka,Bausi,0,0,,190,10,1355,,109314.78149810205,385846183.7170387,0.0,0.0,284,0.0
10-226-01356,BIHAR,Munger,Munger,0,0,,207,10,1356,,162390.1628928388,306519605.49277806,0.0,0.0,227,0.0
10-226-01357,BIHAR,Munger,Bariarpur,0,0,,207,10,1357,,122433.4478606843,198040113.63802013,0.0,0.0,143,0.0
10-226-01358,BIHAR,Munger,Jamalpur,0,0,,207,10,1358,,72817.19566814511,112971204.64248075,0.0,0.0,79,0.0
10-226-01361,BIHAR,Munger,Asarganj,0,0,,207,10,1361,,61173.52838786665,72491453.98190036,0.0,0.0,52,0.0
10-226-01362,BIHAR,Munger,Tarapur,0,0,,207,10,1362,,54416.57713098438,86962445.68425661,0.0,0.0,62,0.0
10-226-01364,BIHAR,Munger,Sangrampur,0,0,,207,10,1364,,71205.18318302365,105786037.21986651,0.0,0.0,80,0.0
10-227-01366,BIHAR,Lakhisarai,Pipariya,0,0,,204,10,1366,,87968.2901826016,106258171.87143916,0.0,0.0,76,0.0
10-227-01365,BIHAR,Lakhisarai,Barahiya,0,0,,204,10,1365,,95965.48426593257,248505135.43154767,0.0,0.0,179,0.0
10-227-01367,BIHAR,Lakhisarai,Surajgarha,0,0,,204,10,1367,,140312.1609931406,462726462.37366486,0.00032938285980224614,4.359479026794434e-05,340,0.014822228691101075
10-227-01368,BIHAR,Lakhisarai,Lakhisarai,0,0,,204,10,1368,,117670.76745524361,181316338.94823277,0.00032938285980224614,1.963987995004296e-05,133,0.0026121040333557137
10-227-01369,BIHAR,Lakhisarai,Chanan*,0,0,,204,10,1369,,86014.87070350182,177670731.10250506,0.00032938285980224614,0.00026762357358932494,128,0.03425581741943359
10-228-01375,BIHAR,Sheikhpura,Ghat Kusumbha,0,0,,219,10,1375,,80592.24583619394,99088070.68237934,0.0,0.0,70,0.0
10-227-01370,BIHAR,Lakhisarai,Ramgarh Chowk,0,0,,204,10,1370,,98990.57354622113,128567389.13844268,0.00032938285980224614,0.00015790709916459753,94,0.014843267321472169
10-227-01371,BIHAR,Lakhisarai,Halsi,0,0,,204,10,1371,,82594.8188222393,191441208.6304817,0.00032938285980224614,0.00015547766129637796,139,0.021611394920196536
10-228-01372,BIHAR,Sheikhpura,Barbigha,0,0,,219,10,1372,,83879.7675047183,115941853.486741,0.0,0.0,81,0.0
10-228-01373,BIHAR,Sheikhpura,Shekhopur Sarai,0,0,,219,10,1373,,59774.96229914819,65955650.61796794,0.00022615925186157226,7.096802935791016e-05,45,0.003193561321105957
10-228-01374,BIHAR,Sheikhpura,Sheikhpura,0,0,,219,10,1374,,119718.3677454689,225551054.81458032,0.00017132767608642578,3.881128354061351e-05,170,0.006597918201904297
10-228-01377,BIHAR,Sheikhpura,Ariari,0,0,,219,10,1377,,87552.5859976097,183445963.63454768,0.00017132767608642578,0.00017098175839166572,137,0.023424500899658203
10-229-01378,BIHAR,Nalanda,Karai Parsurai,0,0,,209,10,1378,,58523.47447411047,82148146.79064696,0.00019613112365722657,8.825900564575194e-05,60,0.005295540338745117
10-229-01379,BIHAR,Nalanda,Nagar Nausa,0,0,,209,10,1379,,82570.35159490984,108015836.82811198,0.00019613112365722657,9.120644925308228e-05,80,0.007296515940246582
10-229-01380,BIHAR,Nalanda,Harnaut,0,0,,209,10,1380,,124869.90123154312,224385440.0517296,0.00015701443397521972,5.4613716165293817e-05,161,0.008792808302612304
10-229-01381,BIHAR,Nalanda,Chandi,0,0,,209,10,1381,,70527.81459673235,147156102.481168,0.00015701443397521972,0.00014404993942680709,109,0.015701443397521973
10-229-01382,BIHAR,Nalanda,Rahui,0,0,,209,10,1382,,77076.6108369453,152249665.90613127,0.00015701443397521972,0.0001511990845687301,108,0.016329501133422852
10-229-01383,BIHAR,Nalanda,Bind,0,0,,209,10,1383,,70364.80140905235,88091657.81671415,0.0,0.0,66,0.0
10-229-01384,BIHAR,Nalanda,Sarmera,0,0,,209,10,1384,,91044.34634338948,167201876.42476654,0.0,0.0,123,0.0
10-229-01385,BIHAR,Nalanda,Asthawan,0,0,,209,10,1385,,92263.18064708126,171325630.7179731,0.00017132767608642578,2.9234173662109373e-05,125,0.0036542717077636716
10-229-01387,BIHAR,Nalanda,Noorsarai,0,0,,209,10,1387,,78528.62700534344,151514769.88009417,0.00015701443397521972,0.00015701443397521972,114,0.017899645473175047
10-229-01386,BIHAR,Nalanda,Bihar,0,0,,209,10,1386,,98561.8371020671,215840179.0991975,0.00022615925186157226,0.0001567444091544151,160,0.025079105464706417
10-229-01390,BIHAR,Nalanda,Hilsa,0,0,,209,10,1390,,93433.88804652911,175765721.10991755,0.00019613112365722657,0.00019613112365722657,131,0.02569317719909668
10-229-01391,BIHAR,Nalanda,Ekangarsarai,0,0,,209,10,1391,,87121.32234693572,166605847.460251,0.00019613112365722657,0.00019613112365722654,122,0.023927997086181638
10-229-01392,BIHAR,Nalanda,Islampur,0,0,,209,10,1392,,109868.69145522316,273834151.4326934,0.00019613112365722657,0.00016208704884951877,194,0.03144488747680664
10-229-01393,BIHAR,Nalanda,Ben,0,0,,209,10,1393,,66947.54721379357,127526149.56798536,0.00022615925186157226,0.0001741796140873686,94,0.01637288372421265
10-230-01398,BIHAR,Patna,Maner,0,0,,212,10,1398,,96133.56350709034,213315300.3597084,0.0005500369025611878,0.00013386424000950603,154,0.02061509296146393
10-229-01394,BIHAR,Nalanda,Rajgir,0,0,,209,10,1394,,88740.45664753366,198129288.77271983,0.00022615925186157226,0.00018927178153420793,147,0.027822951885528566
10-229-01395,BIHAR,Nalanda,Silao,0,0,,209,10,1395,,79220.42929786978,154752836.13944647,0.00022615925186157226,0.000214028582056949,114,0.024399258354492186
10-229-01396,BIHAR,Nalanda,Giriak,0,0,,209,10,1396,,88347.46773236175,99576022.5731765,0.00022615925186157226,0.00022615925186157226,73,0.016509625385894774
10-229-01397,BIHAR,Nalanda,Katrisarai,0,0,,209,10,1397,,38918.76300208476,48673462.28309288,0.00022615925186157226,0.00021245135791778564,36,0.007648248885040283
10-230-01399,BIHAR,Patna,Dinapur-Cum-Khagaul,0,0,,212,10,1399,,78598.21354533077,184765788.04152673,0.00018845629358291626,5.583890180234556e-05,135,0.007538251743316651
10-234-01474,BIHAR,Rohtas,Tilouthu,0,0,,215,10,1474,,73885.57639601533,193504401.97342023,0.0001710601976966858,0.00014872114761447903,140,0.020820960666027066
10-230-01400,BIHAR,Patna,Patna Rural,0,0,,212,10,1400,,87518.10425735511,179850223.48881748,0.00018845629358291626,3.308774620158071e-05,131,0.004334494752407074
10-230-01401,BIHAR,Patna,Sampatchak,0,0,,212,10,1401,,53219.7118618291,78902366.60372826,0.00018845629358291626,6.612501529225132e-06,57,0.00037691258716583253
10-230-01406,BIHAR,Patna,Dulhin Bazar,0,0,,212,10,1406,,77792.54009458271,136539622.4680228,0.00034486001296997075,0.0002278085094814108,99,0.02255304243865967
10-230-01402,BIHAR,Patna,Phulwari,0,0,,212,10,1402,,70659.26045014715,135940825.49713776,0.00018845629358291626,0.00018060394801696145,96,0.017337979009628298
10-230-01413,BIHAR,Patna,Khusrupur,0,0,,212,10,1413,,46143.60198551767,78201544.387751,0.0,0.0,58,0.0
10-230-01403,BIHAR,Patna,Bihta,0,0,,212,10,1403,,116564.9809665079,244879174.98088208,0.0005500369025611878,0.0002889461340197888,182,0.05258819639160156
10-230-01415,BIHAR,Patna,Athmalgola,0,0,,212,10,1415,,47997.69261940102,62827293.65665197,0.0,0.0,47,0.0
10-230-01404,BIHAR,Patna,Naubatpur,0,0,,212,10,1404,,105087.74367689912,205320191.59612688,0.00018845629358291626,0.00018845629358291626,153,0.028833812918186187
10-230-01405,BIHAR,Patna,Bikram,0,0,,212,10,1405,,86626.03512108007,186422313.04867813,0.00034486001296997075,0.0003003363264291304,137,0.04114607672079087
10-234-01475,BIHAR,Rohtas,Rohtas,0,0,,215,10,1475,,88257.59288547112,389741138.17794544,0.0001683579799079895,0.00013477722721411123,288,0.038815841437664034
10-230-01407,BIHAR,Patna,Paliganj,0,0,,212,10,1407,,129476.3041410336,293354152.7667747,0.00034486001296997075,0.00017138466835503268,214,0.036676319027976995
10-230-01408,BIHAR,Patna,Masaurhi,0,0,,212,10,1408,,108866.13277400887,248716954.87290823,0.00018845629358291626,0.0001532391137609589,178,0.027276562249450687
10-230-01409,BIHAR,Patna,Dhanarua,0,0,,212,10,1409,,95102.40821522896,225577653.19725513,0.00019613112365722657,0.00013286277732790615,163,0.021656632704448703
10-230-01410,BIHAR,Patna,Punpun,0,0,,212,10,1410,,82554.93388622913,161116560.78819045,0.00018845629358291626,0.00012776697870028222,118,0.015076503486633301
10-230-01411,BIHAR,Patna,Fatwah,0,0,,212,10,1411,,97950.27190535897,155697451.47083917,0.0,0.0,115,0.0
10-230-01412,BIHAR,Patna,Daniawan,0,0,,212,10,1412,,69689.77872311571,79566220.36857046,0.0,0.0,56,0.0
10-230-01414,BIHAR,Patna,Bakhtiarpur,0,0,,212,10,1414,,120205.01587822943,168153072.20481881,0.0,0.0,120,0.0
10-230-01416,BIHAR,Patna,Belchhi,0,0,,212,10,1416,,88573.78025963024,87443681.0926542,0.0,0.0,70,0.0
10-230-01417,BIHAR,Patna,Barh,0,0,,212,10,1417,,95365.9771693495,147280816.515725,0.0,0.0,104,0.0
10-230-01419,BIHAR,Patna,Ghoswari,0,0,,212,10,1419,,66454.95033385535,164897376.1169027,0.0,0.0,126,0.0
10-230-01418,BIHAR,Patna,Pandarak,0,0,,212,10,1418,,106894.44852036482,252509471.6555304,0.0,0.0,180,0.0
10-232-01438,BIHAR,Buxar,Chaugain,0,0,,194,10,1438,,52625.33924401454,66025696.44875917,0.0003256634471511841,0.0003256634471511841,49,0.015957508910408022
10-232-01439,BIHAR,Buxar,Kesath,0,0,,194,10,1439,,34661.84662025829,38236018.49691825,0.0003256634471511841,0.0003256634471511841,29,0.00944423996738434
10-230-01420,BIHAR,Patna,Mokameh,0,0,,212,10,1420,,127700.39840194934,244519830.48183808,0.0,0.0,181,0.0
10-231-01421,BIHAR,Bhojpur,Shahpur,0,0,,193,10,1421,,110658.91431619873,211766871.4500774,0.0005544153284835816,0.0004909376203962473,156,0.07658626878181457
10-234-01460,BIHAR,Rohtas,Suryapura,0,0,,215,10,1460,,56159.7630280001,69765063.31452103,0.0001972654863357544,0.00019726548633575443,47,0.009271477857780458
10-231-01422,BIHAR,Bhojpur,Arrah,0,0,,193,10,1422,,120924.06747051864,221925641.7145924,0.0005544153284835816,0.00036408622462926426,159,0.05788970971605302
10-231-01423,BIHAR,Bhojpur,Barhara,0,0,,193,10,1423,,128817.96875565937,258494738.36324885,0.0005544153284835816,0.0005514123243169136,191,0.1053197539445305
10-231-01424,BIHAR,Bhojpur,Koilwar,0,0,,193,10,1424,,94779.33453556667,208456312.66749656,0.0005500369025611878,0.0003889248483184201,149,0.05794980239944459
10-231-01425,BIHAR,Bhojpur,Sandesh,0,0,,193,10,1425,,60697.76797134289,164599530.19806212,0.00034486001296997075,0.00031898823806245454,118,0.03764061209136964
10-231-01426,BIHAR,Bhojpur,Udwant Nagar,0,0,,193,10,1426,,92445.60417460876,217797556.82002312,0.00034486001296997075,0.0002972419040056786,161,0.04785594654491425
10-234-01461,BIHAR,Rohtas,Bikramganj,0,0,,215,10,1461,,88556.32896667719,168723569.68103397,0.0001972654863357544,0.00019726548633575443,129,0.02544724773731232
10-231-01427,BIHAR,Bhojpur,Behea,0,0,,193,10,1427,,114516.77527652554,206091349.70539597,0.0005544153284835816,0.00029195229845403037,150,0.04379284476810456
10-231-01428,BIHAR,Bhojpur,Jagdishpur,0,0,,193,10,1428,,109726.00219208181,318463526.4488765,0.0003256634471511841,0.0002718602288902016,228,0.06198413218696597
10-231-01429,BIHAR,Bhojpur,Piro,0,0,,193,10,1429,,100703.96274410955,268205354.86689487,0.0003256634471511841,0.00023765643230056767,200,0.047531286460113537
10-234-01462,BIHAR,Rohtas,Karakat,0,0,,215,10,1462,,102232.22868007293,251121712.10833624,0.000226530558052063,0.00019061123886390168,176,0.0335475780400467
10-231-01430,BIHAR,Bhojpur,Charpokhari,0,0,,193,10,1430,,88834.1327790213,135855258.49695313,0.00026582377025604253,0.00023811171533323595,95,0.022620612956657415
10-231-01431,BIHAR,Bhojpur,Garhani,0,0,,193,10,1431,,93054.52180151101,137128723.85739592,0.00026582377025604253,0.00026124592029053037,103,0.026908329789924627
10-231-01432,BIHAR,Bhojpur,Agiaon,0,0,,193,10,1432,,87534.07309197474,191419206.17039648,0.00034486001296997075,0.0002252402687907048,139,0.031308397361907964
10-231-01433,BIHAR,Bhojpur,Tarari,0,0,,193,10,1433,,95157.98131215997,247108515.4982669,0.000226530558052063,0.00022338910967573608,177,0.03953987241260529
10-231-01434,BIHAR,Bhojpur,Sahar,0,0,,193,10,1434,,61748.81499939302,157154129.14318892,0.000226530558052063,0.00021820394563006545,117,0.025529861638717656
10-232-01435,BIHAR,Buxar,Simri,0,0,,194,10,1435,,87047.69219699135,222195796.247413,0.00046491265403747565,0.00039857929529399404,164,0.06536700442821503
10-232-01436,BIHAR,Buxar,Chakki,0,0,,194,10,1436,,73799.54032015939,80420668.23199363,0.0004060100274658203,0.0003934558742916584,64,0.025181175954666138
10-232-01437,BIHAR,Buxar,Barhampur,0,0,,194,10,1437,,133928.15369382405,240152233.65370417,0.0005544153284835816,0.0003413830764638206,173,0.059059272228240964
10-232-01440,BIHAR,Buxar,Dumraon,0,0,,194,10,1440,,115797.88145848007,238641355.07175583,0.00036784779537200933,0.0003383936350758118,169,0.0571885243278122
10-232-01441,BIHAR,Buxar,Buxar,0,0,,194,10,1441,,90996.21871903203,211591033.38394436,0.00046491265403747565,0.0003697025378942793,157,0.058043298449401856
10-232-01442,BIHAR,Buxar,Chausa,0,0,,194,10,1442,,99103.08457070828,138502720.57991108,0.00036784779537200933,0.0003049376789385359,107,0.03262833164642334
10-232-01443,BIHAR,Buxar,Rajpur,0,0,,194,10,1443,,121142.9666413415,336933113.12217736,0.00036784779537200933,0.00026763985754254404,245,0.06557176509792328
10-232-01444,BIHAR,Buxar,Itarhi,0,0,,194,10,1444,,109439.3274763228,293713382.2816445,0.00036784779537200933,0.0003666451878826014,209,0.07662884426746369
10-232-01445,BIHAR,Buxar,Nawanagar,0,0,,194,10,1445,,126567.10382889764,229774401.79100823,0.00036784779537200933,0.0003092245833664392,169,0.05225895458892823
10-233-01446,BIHAR,Kaimur (Bhabua),Ramgarh,0,0,,200,10,1446,,124781.0721120257,206666195.02442607,0.00021856546356201174,0.00019391627905839326,151,0.029281358137817383
10-233-01447,BIHAR,Kaimur (Bhabua),Nuaon,0,0,,200,10,1447,,121732.74643995032,235834986.4758632,0.0002556418049621582,0.00022384892927470963,171,0.038278166905975346
10-233-01448,BIHAR,Kaimur (Bhabua),Kudra,0,0,,200,10,1448,,132624.50147962422,255577893.54332253,0.00021856546356201174,0.00018335757094610304,189,0.03465458090881347
10-233-01449,BIHAR,Kaimur (Bhabua),Mohania,0,0,,200,10,1449,,142323.6809133636,349176573.6513165,0.00021856546356201174,0.0001972872337770462,256,0.05050553184692383
10-233-01450,BIHAR,Kaimur (Bhabua),Durgawati,0,0,,200,10,1450,,108544.41183902678,212580801.4059764,0.00013937340270996095,0.00013937340270996098,154,0.02146350401733399
10-233-01451,BIHAR,Kaimur (Bhabua),Chand,0,0,,200,10,1451,,97099.60209928264,257974481.1925409,0.00013937340270996095,9.950340303928295e-05,188,0.018706639771385196
10-233-01452,BIHAR,Kaimur (Bhabua),Chainpur,0,0,,200,10,1452,,170712.34536647963,555311526.8488017,0.00013937340270996095,7.800679708316812e-05,407,0.031748766412849426
10-233-01453,BIHAR,Kaimur (Bhabua),Bhabua,0,0,,200,10,1453,,143727.89821118704,407618990.38615096,0.00021856546356201174,0.00013458636893997955,301,0.04051049705093384
10-233-01454,BIHAR,Kaimur (Bhabua),Rampur,0,0,,200,10,1454,,126612.15498309073,210660395.23746365,0.0001586168896484375,0.00012696156775557756,149,0.018917273595581055
10-233-01455,BIHAR,Kaimur (Bhabua),Bhagwanpur,0,0,,200,10,1455,,134815.05705103654,292151198.96788174,0.0001586168896484375,0.00010647414421370808,211,0.022466044429092405
10-233-01456,BIHAR,Kaimur (Bhabua),Adhaura,0,0,,200,10,1456,,271357.2345421078,1135984955.9859164,0.0001586168896484375,6.687519377581355e-05,833,0.05570703641525269
10-234-01457,BIHAR,Rohtas,Kochas,0,0,,215,10,1457,,90248.48407846906,187033418.62218276,0.00024217531272888184,0.00023484195048765707,132,0.030999137464370732
10-234-01458,BIHAR,Rohtas,Dinara,0,0,,215,10,1458,,157118.7651045217,464648316.8452498,0.00024217531272888184,0.00023163928307653526,341,0.07898899552909852
10-234-01459,BIHAR,Rohtas,Dawath,0,0,,215,10,1459,,78120.6651060775,129910427.66035384,0.0001972654863357544,0.00019726548633575443,94,0.018542955715560916
10-234-01466,BIHAR,Rohtas,Nokha,0,0,,215,10,1466,,82152.91978314315,208772248.59610957,0.00024217531272888184,0.00015504109750438382,148,0.022946082430648804
10-235-01476,BIHAR,Aurangabad,Daudnagar,0,0,,189,10,1476,,91010.07504965532,238139281.75712803,0.00018249531734466554,0.00017815358401243714,174,0.03099872361816406
10-234-01467,BIHAR,Rohtas,Kargahar,0,0,,215,10,1467,,128509.87472624176,406135690.59563094,0.00024217531272888184,0.00017853185674796234,296,0.052845429597396854
10-234-01468,BIHAR,Rohtas,Chenari,0,0,,215,10,1468,,121720.69626398994,292642418.8385522,0.0001586168896484375,0.00011009459948020757,215,0.02367033888824463
10-234-01469,BIHAR,Rohtas,Nauhatta,0,0,,215,10,1469,,175494.75594492842,478591449.404211,0.0001683579799079895,0.0001113219085747778,354,0.039407955635471344
10-234-01470,BIHAR,Rohtas,Sheosagar,0,0,,215,10,1470,,135463.8765525897,406503956.12222886,0.0001586168896484375,0.00013190148154022734,295,0.038910937054367066
10-234-01471,BIHAR,Rohtas,Sasaram,0,0,,215,10,1471,,135810.11950728856,394273130.8742507,0.00014832067642211915,0.0001441029324995896,290,0.04178985042488098
10-234-01473,BIHAR,Rohtas,Dehri,0,0,,215,10,1473,,97323.52013589225,199371136.99043605,0.0001710601976966858,0.00015014889933487468,145,0.021771590403556827
10-235-01477,BIHAR,Aurangabad,Haspura,0,0,,189,10,1477,,88845.10694940752,164519986.5205008,0.00028141972023010254,0.00018413043144194547,121,0.022279782204475403
10-235-01478,BIHAR,Aurangabad,Goh,0,0,,189,10,1478,,122286.20877621078,374665187.3660463,0.00028141972023010254,0.00025377907824740696,272,0.06902790928329469
10-236-01491,BIHAR,Gaya,Neem Chak Bathani,0,0,,196,10,1491,,79540.44278654993,146770773.7769567,0.00013870024963378907,0.00013870024963378907,103,0.014286125712280275
10-235-01479,BIHAR,Aurangabad,Rafiganj,0,0,,189,10,1479,,167069.30684925965,465687847.79432577,0.00028141972023010254,0.00020295850864880248,341,0.06920885144924165
10-235-01480,BIHAR,Aurangabad,Obra,0,0,,189,10,1480,,130720.05569071589,327203821.09876627,0.00025627711212158205,0.0001762719393341451,237,0.04177644962219239
10-236-01494,BIHAR,Gaya,Manpur,0,0,,196,10,1494,,77081.78707553667,161226183.41058797,0.00012152043930053711,6.986640790856406e-05,115,0.008034636909484867
10-235-01481,BIHAR,Aurangabad,Aurangabad,0,0,,189,10,1481,,125502.68609205673,344679798.38062614,0.00025627711212158205,0.0002369701549471915,256,0.060664359666481024
10-237-01511,BIHAR,Nawada,Nardiganj,0,0,,210,10,1511,,60262.24041371029,129808165.4472442,0.00022615925186157226,0.0002261592518615723,95,0.021485128926849367
10-235-01482,BIHAR,Aurangabad,Barun,0,0,,189,10,1482,,117269.30390529483,381782699.30215496,0.0001710601976966858,0.0001636981835603714,280,0.045835491396903995
10-235-01483,BIHAR,Aurangabad,Nabinagar,0,0,,189,10,1483,,173491.30877801325,657546828.2218357,0.0001710601976966858,0.0001393524770217801,483,0.06730724640151979
10-235-01484,BIHAR,Aurangabad,Kutumba,0,0,,189,10,1484,,110495.73757590447,319048251.76106954,0.0001710601976966858,9.928980939623571e-05,229,0.022737366351737977
10-235-01485,BIHAR,Aurangabad,Deo,0,0,,189,10,1485,,158578.88849021672,336990745.1586724,0.00025627711212158205,0.00016282285574544477,251,0.040868536792106634
10-235-01486,BIHAR,Aurangabad,Madanpur,0,0,,189,10,1486,,153529.37367368402,418713952.50229967,0.00025627711212158205,0.00021178648215580912,309,0.06544202298614502
10-236-01487,BIHAR,Gaya,Konch,0,0,,196,10,1487,,154041.56172387034,319288521.7326548,0.00028141972023010254,0.00024452772526971226,232,0.05673043226257324
10-236-01488,BIHAR,Gaya,Tikari,0,0,,196,10,1488,,122221.36853604284,290576655.12704176,0.00028141972023010254,0.0002200555270476735,218,0.04797210489639282
10-236-01489,BIHAR,Gaya,Belaganj,0,0,,196,10,1489,,113473.13279109563,240372540.95814112,0.00012152043930053711,0.00012152043930053712,180,0.021873679074096684
10-236-01490,BIHAR,Gaya,Khizirsarai,0,0,,196,10,1490,,103698.13096672995,223124430.97950032,0.00013870024963378907,0.00012929959538037853,165,0.021334433237762455
10-236-01492,BIHAR,Gaya,Muhra,0,0,,196,10,1492,,93681.45756176667,181269438.2139707,0.00022822799354553226,0.00015470419269732576,134,0.020730361821441654
10-236-01493,BIHAR,Gaya,Atri,0,0,,196,10,1493,,103075.15367958385,161340647.62451813,0.00022822799354553226,0.00015392400595144062,119,0.018316956708221435
10-236-01495,BIHAR,Gaya,Gaya Town C.D.Block,0,0,,196,10,1495,,91678.58033080616,224144813.6021213,0.00012152043930053711,7.523306052071709e-05,161,0.012112522743835452
10-236-01496,BIHAR,Gaya,Paraiya,0,0,,196,10,1496,,75593.31264449215,167300846.5298876,0.00015555291389465333,0.00011740466674296062,120,0.014088560009155275
10-236-01497,BIHAR,Gaya,Guraru,0,0,,196,10,1497,,81292.54933661391,199646285.7542363,0.00015555291389465333,0.00015555291389465336,147,0.02286627834251404
10-237-01512,BIHAR,Nawada,Nawada,0,0,,210,10,1512,,86822.75137888109,219317998.1072041,0.00025483387298583986,0.00022780301995149846,157,0.035765074132385256
10-236-01498,BIHAR,Gaya,Gurua,0,0,,196,10,1498,,117859.62964526065,238015237.1519128,0.00015555291389465333,0.00014931985770561793,173,0.025832335383071902
10-236-01499,BIHAR,Gaya,Amas,0,0,,196,10,1499,,100546.69423332924,128484051.44985774,0.00025627711212158205,0.00013146951142562065,95,0.012489603585433962
10-237-01517,BIHAR,Nawada,Roh,0,0,,210,10,1517,,77804.52626079548,192537548.9783989,0.0003788166116333008,0.00031689381611400174,144,0.04563270952041625
10-236-01500,BIHAR,Gaya,Banke Bazar,0,0,,196,10,1500,,85166.97220092022,256240042.68049288,0.0001393389974975586,0.00012115904858619936,186,0.022535583037033083
10-236-01501,BIHAR,Gaya,Imamganj,0,0,,196,10,1501,,136271.57775821586,316917295.57645696,0.000158195969581604,0.00013972066694283586,239,0.03339323939933777
10-236-01502,BIHAR,Gaya,Dumaria,0,0,,196,10,1502,,119690.94596035974,390676703.928496,0.000158195969581604,0.00011646556928346866,285,0.03319268724578857
10-236-01503,BIHAR,Gaya,Sherghati,0,0,,196,10,1503,,100322.2973073121,167902109.12194017,0.0002508527507019043,0.00012861385743738192,123,0.015819504464797976
10-238-01531,BIHAR,Jamui,Gidhaur,0,0,,198,10,1531,,55211.5633940527,100392309.18230554,0.0003786301356315613,0.00035170829151153567,75,0.026378121863365175
10-236-01504,BIHAR,Gaya,Dobhi,0,0,,196,10,1504,,103572.88994215836,218837778.49499393,0.0002508527507019043,0.0002262546836109043,161,0.03642700406135559
10-236-01505,BIHAR,Gaya,Bodh Gaya,0,0,,196,10,1505,,120948.91182130505,306843965.9119923,0.0002508527507019043,8.34290175903984e-05,230,0.01918867404579163
10-236-01506,BIHAR,Gaya,Tan Kuppa,0,0,,196,10,1506,,108147.94853451202,190099968.23000297,0.0002618309761047363,0.00017055107675751643,134,0.022853844285507203
10-240-01542,BIHAR,Arwal,Arwal,0,0,,611,10,1542,,73924.8054791393,147787869.27798152,0.000226530558052063,0.00018856777904913976,104,0.019611049021110535
10-236-01507,BIHAR,Gaya,Wazirganj,0,0,,196,10,1507,,105472.06999302967,323030583.61833626,0.00022822799354553226,0.00021392757227752172,236,0.050486907057495124
10-236-01508,BIHAR,Gaya,Fatehpur,0,0,,196,10,1508,,155359.44599717355,408449805.62920874,0.0002618309761047363,0.00024811040831189407,304,0.0754255641268158
10-240-01543,BIHAR,Arwal,Kaler,0,0,,611,10,1543,,67777.19153730445,176075758.749563,0.000226530558052063,0.00021913532678822527,131,0.02870672780925751
10-236-01509,BIHAR,Gaya,Mohanpur,0,0,,196,10,1509,,119906.24818546322,418796109.2883684,0.0002618309761047363,0.00023604504349485092,303,0.07152164817893983
10-240-01544,BIHAR,Arwal,Karpi,0,0,,611,10,1544,,158139.92638461498,234985661.7206014,0.00028141972023010254,0.0001832732218243355,172,0.031522994153785705
10-236-01510,BIHAR,Gaya,Barachatti,0,0,,196,10,1510,,138753.78132836288,366328956.31361085,0.0002618309761047363,0.0002518108503734242,275,0.06924798385269165
10-237-01513,BIHAR,Nawada,Warisaliganj,0,0,,210,10,1513,,109792.76918459819,202861050.3008767,0.00022615925186157226,0.00019184289151250099,147,0.028200905052337646
10-237-01514,BIHAR,Nawada,Kashi Chak,0,0,,210,10,1514,,73948.94452619922,98983451.20841853,0.00017132767608642578,0.0001713276760864258,72,0.012335592678222658
10-237-01515,BIHAR,Nawada,Pakribarawan,0,0,,210,10,1515,,104545.76938151139,251834567.85717744,0.00017132767608642578,0.00017132767608642578,184,0.03152429239990234
10-237-01516,BIHAR,Nawada,Kawakol,0,0,,210,10,1516,,121170.20018263235,362955647.76482904,0.0003788166116333008,0.00028110284172775155,266,0.07477335589958191
10-237-01518,BIHAR,Nawada,Gobindpur,0,0,,210,10,1518,,73133.35659787485,188189390.13263756,0.0003788166116333008,0.00034516415400041855,140,0.0483229815600586
10-237-01519,BIHAR,Nawada,Akbarpur,0,0,,210,10,1519,,91268.2921062847,249541236.96202633,0.00025483387298583986,0.00025483387298583986,184,0.04688943262939453
10-237-01520,BIHAR,Nawada,Hisua,0,0,,210,10,1520,,85113.4923130193,144090762.99664384,0.00025483387298583986,0.0002356094262908055,104,0.024503380334243773
10-237-01521,BIHAR,Nawada,Narhat,0,0,,210,10,1521,,62856.50481924386,99624005.77002536,0.00025483387298583986,0.0002548338729858398,69,0.017583537236022947
10-237-01522,BIHAR,Nawada,Meskaur,0,0,,210,10,1522,,75185.00287586387,145604023.18435815,0.00025483387298583986,0.00023582967338562014,112,0.026412923419189455
10-237-01523,BIHAR,Nawada,Sirdala,0,0,,210,10,1523,,111278.51695598938,301894539.186342,0.0002618309761047363,0.00024529808860708816,218,0.05347498331634522
10-237-01524,BIHAR,Nawada,Rajauli,0,0,,210,10,1524,,132370.86211000624,450216393.36794454,0.0003788166116333008,0.0002493082563208961,333,0.0830196493548584
10-238-01525,BIHAR,Jamui,Islamnagar Aliganj,0,0,,198,10,1525,,96153.77396855215,213408239.47295904,0.0002577006656646728,0.00015551115245819092,156,0.024259739783477785
10-238-01526,BIHAR,Jamui,Sikandra,0,0,,198,10,1526,,86788.2538333537,223096734.30010977,0.0003786301356315613,0.00016217721162748927,162,0.026272708283653263
10-238-01527,BIHAR,Jamui,Jamui,0,0,,198,10,1527,,90084.78430112793,212157753.6648698,0.00032938285980224614,0.00032703769146925405,155,0.050690842177734376
10-238-01528,BIHAR,Jamui,Barhat,0,0,,198,10,1528,,114104.37581341481,270298087.1382075,0.00032938285980224614,0.0002742070507998394,197,0.05401878900756836
10-238-01529,BIHAR,Jamui,Lakshmipur,0,0,,198,10,1529,,112147.89260238525,307635253.00857943,0.00032938285980224614,8.783542928059897e-05,225,0.019762971588134767
10-238-01530,BIHAR,Jamui,Jhajha,0,0,,198,10,1530,,147664.43327942316,507112726.974952,0.0006284978938293458,0.0005525015069175927,370,0.2044255575595093
10-238-01532,BIHAR,Jamui,Khaira,0,0,,198,10,1532,,142747.05687020053,513762691.7981683,0.0003786301356315613,0.00032567411327726325,377,0.12277914070552824
10-238-01533,BIHAR,Jamui,Sono,0,0,,198,10,1533,,117724.39892386932,474283005.7300444,0.0006284978938293458,0.0004123397672495801,349,0.14390657877010346
10-238-01534,BIHAR,Jamui,Chakai,0,0,,198,10,1534,,243956.2217086091,956725034.6798706,0.0006284978938293458,0.0004735716965838842,700,0.33150018760871897
10-239-01535,BIHAR,Jehanabad,Ratni Faridpur,0,0,,199,10,1535,,82762.53932271499,155018952.20303965,0.00028141972023010254,0.0001626717932714496,114,0.018544584432945252
10-239-01536,BIHAR,Jehanabad,Jehanabad,0,0,,199,10,1536,,97254.09844747804,201426556.69272655,0.00013533207317352296,0.00013533207317352296,148,0.020029146829681398
10-239-01537,BIHAR,Jehanabad,Kako,0,0,,199,10,1537,,83599.3529020472,162373941.78194478,0.00013533207317352296,0.00013533207317352296,118,0.01596918463447571
10-239-01538,BIHAR,Jehanabad,Modanganj,0,0,,199,10,1538,,66522.90037500951,97205276.85869928,0.00019613112365722657,0.0001793893561327285,69,0.012377865573158266
10-239-01539,BIHAR,Jehanabad,Ghoshi,0,0,,199,10,1539,,82931.95174196921,112225161.55433495,0.00019613112365722657,0.0001386309248361243,83,0.011506366761398316
10-239-01540,BIHAR,Jehanabad,Makhdumpur,0,0,,199,10,1540,,128831.72570768485,301471679.33572614,0.00013533207317352296,0.00012304799327727287,217,0.026701414541168214
10-239-01541,BIHAR,Jehanabad,Hulasganj,0,0,,199,10,1541,,87179.53907708311,119677697.18988888,0.00019613112365722657,0.0001485805885857476,90,0.013372252972717285
10-240-01545,BIHAR,Arwal,Sonbhadra Banshi Suryapur,0,0,,611,10,1545,,62692.97791397586,116643000.97724338,0.00028141972023010254,0.0002558381383054802,83,0.02123456547935486
10-240-01546,BIHAR,Arwal,Kurtha,0,0,,611,10,1546,,71585.17106640573,106433073.5354984,0.00028141972023010254,0.00022969900908250074,78,0.017916522708435058
10-224-01334,BIHAR,Bhagalpur,Gopalpur,0,0,,192,10,1334,,95407.9186210158,208941966.91883087,0.0,0.0,153,0.0
10-210-01127,BIHAR,Kishanganj,Kishanganj,0,0,,203,10,1127,,125268.33771117091,207105687.55921903,0.0,0.0,152,0.0
10-206-01064,BIHAR,Sitamarhi,Suppi,0,0,,221,10,1064,,71084.15120823232,92250451.53846286,0.0,0.0,66,0.0
10-234-01463,BIHAR,Rohtas,Nasriganj,0,0,,215,10,1463,,90034.07903274363,167356919.18355417,0.0006771640419006348,0.0006221847505769275,126,0.07839527857269286
10-234-01464,BIHAR,Rohtas,Rajpur,0,0,,215,10,1464,,68660.48684625747,85633596.4997788,0.000626632294845581,0.0006266322948455809,63,0.0394778345752716
10-234-01465,BIHAR,Rohtas,Sanjhauli,0,0,,215,10,1465,,56591.722358052,83833486.39015438,0.0007046923895263673,0.0006898238000633604,63,0.0434588994039917
10-203-01023,BIHAR,Pashchim Champaran,Thakrahan,0,0,,211,10,1023,,79847.09402015881,199004696.79409248,0.0,0.0,145,0.0
10-204-01054,BIHAR,Purbi Champaran,Phenhara,0,0,,213,10,1054,,44565.43736457999,67645025.94776015,0.0,0.0,51,0.0
10-219-01262,BIHAR,Saran,Maker,0,0,,218,10,1262,,62357.8736467211,96585777.9808088,0.0,0.0,71,0.0
10-220-01282,BIHAR,Vaishali,Sahdai Buzurg,0,0,,224,10,1282,,74546.65030748869,114161677.3631406,0.0,0.0,84,0.0
10-229-01388,BIHAR,Nalanda,Tharthari,0,0,,209,10,1388,,71853.42144919158,77411758.12428828,0.0003466977889633179,0.00031970340539296465,54,0.01726398389122009
10-229-01389,BIHAR,Nalanda,Parbalpur,0,0,,209,10,1389,,54466.2339431045,76043839.88376136,0.0003466977889633179,0.00030021511317253113,56,0.016812046337661743
10-203-01022,BIHAR,Pashchim Champaran,Bhitaha,0,0,,211,10,1022,,72626.86760213553,166969906.7472905,0.0,0.0,117,0.0
10-203-01013,BIHAR,Pashchim Champaran,Sidhaw,0,0,,211,10,1013,,195582.3602130639,1085337194.6715722,0.0,0.0,781,0.0
10-203-01014,BIHAR,Pashchim Champaran,Ramnagar,0,0,,211,10,1014,,230865.78384139363,866139404.2451236,0.0,0.0,621,0.0
10-203-01015,BIHAR,Pashchim Champaran,Gaunaha,0,0,,211,10,1015,,136504.94021895694,605322845.3823951,0.0,0.0,441,0.0
10-203-01016,BIHAR,Pashchim Champaran,Mainatanr,0,0,,211,10,1016,,115419.13930249632,312998546.4010918,0.0,0.0,221,0.0
10-203-01017,BIHAR,Pashchim Champaran,Narkatiaganj,0,0,,211,10,1017,,149144.20649331805,441857686.2127825,0.0,0.0,314,0.0
10-203-01018,BIHAR,Pashchim Champaran,Lauriya,0,0,,211,10,1018,,120853.32018665274,255440417.54612216,0.0,0.0,183,0.0
10-203-01019,BIHAR,Pashchim Champaran,Bagaha,0,0,,211,10,1019,,135587.24079810514,491292931.53180623,0.0,0.0,352,0.0
10-203-01021,BIHAR,Pashchim Champaran,Madhubani,0,0,,211,10,1021,,144670.82201821523,386116138.1353823,0.0,0.0,276,0.0
10-203-01024,BIHAR,Pashchim Champaran,Jogapatti,0,0,,211,10,1024,,88530.23644360513,258722436.3759333,0.0,0.0,186,0.0
10-203-01029,BIHAR,Pashchim Champaran,Bairia,0,0,,211,10,1029,,105039.82861382668,288505226.87341565,0.0,0.0,208,0.0
10-203-01025,BIHAR,Pashchim Champaran,Chanpatia,0,0,,211,10,1025,,113543.7602983494,310017349.34780717,0.0,0.0,226,0.0
10-206-01071,BIHAR,Sitamarhi,Parsauni,0,0,,221,10,1071,,63729.135625112256,74724139.64418457,0.0,0.0,55,0.0
10-203-01026,BIHAR,Pashchim Champaran,Sikta,0,0,,211,10,1026,,93443.22825707054,255004178.86147365,0.0,0.0,183,0.0
10-203-01027,BIHAR,Pashchim Champaran,Majhaulia,0,0,,211,10,1027,,123374.4030721297,371511179.15939575,0.0,0.0,265,0.0
10-203-01028,BIHAR,Pashchim Champaran,Bettiah,0,0,,211,10,1028,,53968.26030594324,83182055.35378212,0.0,0.0,59,0.0
10-203-01030,BIHAR,Pashchim Champaran,Nautan,0,0,,211,10,1030,,122656.63983711715,245738630.13883996,0.0,0.0,171,0.0
10-204-01031,BIHAR,Purbi Champaran,Raxaul,0,0,,213,10,1031,,98709.78801801558,166685360.13968688,0.0,0.0,124,0.0
10-206-01072,BIHAR,Sitamarhi,Belsand,0,0,,221,10,1072,,66235.5873217276,97354060.86547032,0.0,0.0,70,0.0
10-206-01073,BIHAR,Sitamarhi,Runisaidpur,0,0,,221,10,1073,,152472.54206325076,334873257.0825382,0.0,0.0,243,0.0
10-204-01032,BIHAR,Purbi Champaran,Adapur,0,0,,213,10,1032,,94532.37688292323,199608924.7111849,0.0,0.0,148,0.0
10-206-01074,BIHAR,Sitamarhi,Dumra,0,0,,221,10,1074,,111649.34177378344,241159212.36062923,0.0,0.0,178,0.0
10-204-01033,BIHAR,Purbi Champaran,Ramgarhwa,0,0,,213,10,1033,,90718.26831189607,213035907.5226096,0.0,0.0,154,0.0
10-204-01034,BIHAR,Purbi Champaran,Sugauli,0,0,,213,10,1034,,84892.41923436844,209336830.19001696,0.0,0.0,149,0.0
10-204-01038,BIHAR,Purbi Champaran,Ghorasahan,0,0,,213,10,1038,,75335.10865687576,144368243.47105,0.0,0.0,104,0.0
10-204-01035,BIHAR,Purbi Champaran,Banjaria,0,0,,213,10,1035,,102381.40449613356,176960195.87167916,0.0,0.0,124,0.0
10-204-01047,BIHAR,Purbi Champaran,Kesaria,0,0,,213,10,1047,,87546.8206889307,229535442.11688668,0.0,0.0,168,0.0
10-204-01036,BIHAR,Purbi Champaran,Narkatia,0,0,,213,10,1036,,105607.09704406632,168338010.30978012,0.0,0.0,120,0.0
10-204-01037,BIHAR,Purbi Champaran,Bankatwa,0,0,,213,10,1037,,99233.37216886049,115311013.90225838,0.0,0.0,82,0.0
10-204-01039,BIHAR,Purbi Champaran,Dhaka,0,0,,213,10,1039,,97673.73467814895,202386545.86227983,0.0,0.0,145,0.0
10-204-01048,BIHAR,Purbi Champaran,Kalyanpur,0,0,,213,10,1048,,109413.20044555076,313300912.50613195,0.0,0.0,230,0.0
10-204-01040,BIHAR,Purbi Champaran,Chiraia,0,0,,213,10,1040,,110764.71696779084,272984575.32652414,0.0,0.0,199,0.0
10-204-01041,BIHAR,Purbi Champaran,Motihari,0,0,,213,10,1041,,181544.26702654368,319814691.13850176,0.0,0.0,241,0.0
10-204-01049,BIHAR,Purbi Champaran,Kotwa,0,0,,213,10,1049,,78879.98205471091,178282937.71225017,0.0,0.0,126,0.0
10-204-01042,BIHAR,Purbi Champaran,Turkaulia,0,0,,213,10,1042,,99475.78497366334,174748315.94966665,0.0,0.0,130,0.0
10-204-01050,BIHAR,Purbi Champaran,Piprakothi,0,0,,213,10,1050,,58369.33889310607,62223774.49301849,0.0,0.0,45,0.0
10-204-01043,BIHAR,Purbi Champaran,Harsidhi,0,0,,213,10,1043,,133904.34238337883,240218359.62130272,0.0,0.0,173,0.0
10-204-01044,BIHAR,Purbi Champaran,Paharpur,0,0,,213,10,1044,,108730.62076802726,192061375.0173064,0.0,0.0,144,0.0
10-204-01045,BIHAR,Purbi Champaran,Areraj,0,0,,213,10,1045,,93331.67353690567,242725576.26244012,0.0,0.0,174,0.0
10-204-01046,BIHAR,Purbi Champaran,Sangrampur,0,0,,213,10,1046,,78133.67961210197,187659878.02718252,0.0,0.0,133,0.0
10-204-01051,BIHAR,Purbi Champaran,Chakia(Pipra),0,0,,213,10,1051,,129110.66914194856,212940547.80779588,0.0,0.0,145,0.0
10-204-01052,BIHAR,Purbi Champaran,Pakri Dayal,0,0,,213,10,1052,,90143.40730437863,148110040.62869397,0.0,0.0,106,0.0
10-204-01053,BIHAR,Purbi Champaran,Patahi,0,0,,213,10,1053,,85994.51677214028,144960443.14880535,0.0,0.0,100,0.0
10-204-01055,BIHAR,Purbi Champaran,Madhuban,0,0,,213,10,1055,,112681.00006095257,152424272.44650427,0.0,0.0,114,0.0
10-204-01056,BIHAR,Purbi Champaran,Tetaria,0,0,,213,10,1056,,82320.72754353678,104458405.63845472,0.0,0.0,74,0.0
10-205-01058,BIHAR,Sheohar,Purnahiya,0,0,,220,10,1058,,57294.126150412616,80859097.14068061,0.0,0.0,59,0.0
10-204-01057,BIHAR,Purbi Champaran,Mehsi,0,0,,213,10,1057,,125063.78039343117,149773808.08158112,0.0,0.0,108,0.0
10-205-01059,BIHAR,Sheohar,Piprarhi,0,0,,220,10,1059,,105870.45511307275,104265216.9562483,0.0,0.0,77,0.0
10-205-01060,BIHAR,Sheohar,Sheohar,0,0,,220,10,1060,,81007.5322908237,115638983.35873616,0.0,0.0,83,0.0
10-205-01061,BIHAR,Sheohar,Dumri Katsari,0,0,,220,10,1061,,65038.65439014734,84655470.24819931,0.0,0.0,59,0.0
10-205-01062,BIHAR,Sheohar,Tariani Chowk,0,0,,220,10,1062,,97491.22869259815,171878914.60720828,0.0,0.0,126,0.0
10-206-01063,BIHAR,Sitamarhi,Bairgania,0,0,,221,10,1063,,59598.621146511534,94417571.99630062,0.0,0.0,70,0.0
10-206-01065,BIHAR,Sitamarhi,Majorganj,0,0,,221,10,1065,,62808.55729710282,95411217.42446172,0.0,0.0,68,0.0
10-206-01066,BIHAR,Sitamarhi,Sonbarsa,0,0,,221,10,1066,,92820.94699371175,224104085.6083578,0.0,0.0,155,0.0
10-206-01067,BIHAR,Sitamarhi,Parihar,0,0,,221,10,1067,,86838.20299610356,272812569.4060281,0.0,0.0,197,0.0
10-207-01095,BIHAR,Madhubani,Rajnagar,0,0,,206,10,1095,,78809.12744912357,223111125.2667772,0.0,0.0,158,0.0
10-206-01068,BIHAR,Sitamarhi,Sursand,0,0,,221,10,1068,,91215.71647520129,181412871.1123928,0.0,0.0,134,0.0
10-206-01069,BIHAR,Sitamarhi,Bathnaha,0,0,,221,10,1069,,120764.04051803834,251403523.12922087,0.0,0.0,185,0.0
10-206-01070,BIHAR,Sitamarhi,Riga,0,0,,221,10,1070,,129433.73210860479,163724219.02092636,0.0,0.0,114,0.0
10-210-01123,BIHAR,Kishanganj,Thakurganj,0,0,,203,10,1123,,224971.2940646554,491161543.46963537,0.0,0.0,353,0.0
10-210-01124,BIHAR,Kishanganj,Pothia,0,0,,203,10,1124,,167388.9118766352,443844792.4531903,0.0,0.0,321,0.0
10-210-01125,BIHAR,Kishanganj,Bahadurganj,0,0,,203,10,1125,,155296.13881782343,347494200.8377232,0.0,0.0,251,0.0
10-210-01126,BIHAR,Kishanganj,Kochadhamin,0,0,,203,10,1126,,139640.52665725534,360840233.8364798,0.0,0.0,258,0.0
10-211-01128,BIHAR,Purnia,Banmankhi,0,0,,214,10,1128,,142815.61519736593,459936087.34673214,0.0,0.0,333,0.0
10-206-01075,BIHAR,Sitamarhi,Bajpatti,0,0,,221,10,1075,,90407.29439213518,174303329.1783474,0.0,0.0,125,0.0
10-206-01076,BIHAR,Sitamarhi,Charaut,0,0,,221,10,1076,,85128.15752493152,91349700.81924292,0.0,0.0,62,0.0
10-206-01077,BIHAR,Sitamarhi,Pupri,0,0,,221,10,1077,,73992.24203369493,115338203.66308306,0.0,0.0,82,0.0
10-206-01078,BIHAR,Sitamarhi,Nanpur,0,0,,221,10,1078,,73315.01223618646,135892566.9983101,0.0,0.0,100,0.0
10-220-01283,BIHAR,Vaishali,Mahnar,0,0,,224,10,1283,,81638.1139853176,126474580.44313861,0.0,0.0,89,0.0
10-206-01079,BIHAR,Sitamarhi,Bokhara,0,0,,221,10,1079,,81978.13188098712,108574895.39827529,0.0,0.0,79,0.0
10-207-01080,BIHAR,Madhubani,Madhwapur,0,0,,206,10,1080,,88808.76172423853,137557654.90878707,0.0,0.0,103,0.0
10-207-01081,BIHAR,Madhubani,Harlakhi,0,0,,206,10,1081,,90217.76640094945,187441757.00046396,0.0,0.0,138,0.0
10-207-01082,BIHAR,Madhubani,Basopatti,0,0,,206,10,1082,,97634.90682970545,164238774.4639331,0.0,0.0,122,0.0
10-207-01089,BIHAR,Madhubani,Khajauli,0,0,,206,10,1089,,91171.28062794723,150968724.81279027,0.0,0.0,108,0.0
10-207-01083,BIHAR,Madhubani,Jainagar,0,0,,206,10,1083,,81489.61423509955,161880108.8306139,0.0,0.0,115,0.0
10-207-01090,BIHAR,Madhubani,Kaluahi,0,0,,206,10,1090,,62305.281593423286,101560283.08963235,0.0,0.0,75,0.0
10-207-01084,BIHAR,Madhubani,Ladania,0,0,,206,10,1084,,97928.14946240213,232665607.5684243,0.0,0.0,164,0.0
10-207-01085,BIHAR,Madhubani,Laukaha,0,0,,206,10,1085,,102032.19667129294,266340932.00179368,0.0,0.0,197,0.0
10-207-01086,BIHAR,Madhubani,Laukahi,0,0,,206,10,1086,,109679.24973352649,329223432.564553,0.0,0.0,237,0.0
10-207-01087,BIHAR,Madhubani,Phulparas,0,0,,206,10,1087,,117974.41186319289,199352334.8677591,0.0,0.0,140,0.0
10-207-01088,BIHAR,Madhubani,Babubarhi,0,0,,206,10,1088,,118996.04641992833,237192379.86086744,0.0,0.0,174,0.0
10-207-01091,BIHAR,Madhubani,Benipatti,0,0,,206,10,1091,,128414.2409747215,328987645.9449377,0.0,0.0,231,0.0
10-207-01092,BIHAR,Madhubani,Bisfi,0,0,,206,10,1092,,99754.46134559005,226192948.413646,0.0,0.0,165,0.0
10-207-01093,BIHAR,Madhubani,Madhubani,0,0,,206,10,1093,,109764.71764889831,200359220.56727448,0.0,0.0,142,0.0
10-207-01094,BIHAR,Madhubani,Pandaul,0,0,,206,10,1094,,102372.75527307783,208327489.63825428,0.0,0.0,148,0.0
10-207-01096,BIHAR,Madhubani,Andhratharhi,0,0,,206,10,1096,,97300.5167595078,186769445.10608673,0.0,0.0,134,0.0
10-207-01097,BIHAR,Madhubani,Jhanjharpur,0,0,,206,10,1097,,125261.96837896874,181284371.95402232,0.0,0.0,132,0.0
10-207-01098,BIHAR,Madhubani,Ghoghardiha,0,0,,206,10,1098,,114215.40677637524,211228851.4219488,0.0,0.0,159,0.0
10-207-01099,BIHAR,Madhubani,Lakhnaur,0,0,,206,10,1099,,72956.74167609161,146945623.14022,0.0,0.0,110,0.0
10-207-01100,BIHAR,Madhubani,Madhepur,0,0,,206,10,1100,,144505.38034518834,300452948.5687113,0.0,0.0,212,0.0
10-208-01101,BIHAR,Supaul,Nirmali,0,0,,223,10,1101,,123310.21889922836,162734364.67066902,0.0,0.0,118,0.0
10-208-01102,BIHAR,Supaul,Basantpur,0,0,,223,10,1102,,136288.63693043106,319456339.75100917,0.0,0.0,228,0.0
10-208-01103,BIHAR,Supaul,Chhatapur,0,0,,223,10,1103,,142271.17176584958,398825687.2446475,0.0,0.0,285,0.0
10-208-01104,BIHAR,Supaul,Pratapganj,0,0,,223,10,1104,,71155.69013184242,133032565.19323792,0.0,0.0,97,0.0
10-208-01105,BIHAR,Supaul,Raghopur,0,0,,223,10,1105,,111831.20983491397,255841046.48838165,0.0,0.0,187,0.0
10-221-01285,BIHAR,Samastipur,Warisnagar,0,0,,217,10,1285,,90241.30323013186,163846086.5162723,0.0,0.0,120,0.0
10-208-01106,BIHAR,Supaul,Saraigarh Bhaptiyahi,0,0,,223,10,1106,,105489.5116383213,257042943.27229512,0.0,0.0,189,0.0
10-208-01107,BIHAR,Supaul,Kishanpur,0,0,,223,10,1107,,125516.73810076228,248613546.3002807,0.0,0.0,177,0.0
10-208-01108,BIHAR,Supaul,Marauna,0,0,,223,10,1108,,114969.59778192453,206419565.01179272,0.0,0.0,149,0.0
10-208-01109,BIHAR,Supaul,Supaul,0,0,,223,10,1109,,122628.008173687,390920691.5720901,0.0,0.0,287,0.0
10-208-01110,BIHAR,Supaul,Pipra,0,0,,223,10,1110,,113516.78657800167,247320462.25611627,0.0,0.0,181,0.0
10-221-01287,BIHAR,Samastipur,Khanpur,0,0,,217,10,1287,,89337.20668890505,173313349.37261373,0.0,0.0,127,0.0
10-208-01111,BIHAR,Supaul,Tribeniganj,0,0,,223,10,1111,,136684.8917573132,402291551.99740016,0.0,0.0,290,0.0
10-209-01112,BIHAR,Araria,Narpatganj,0,0,,188,10,1112,,196352.82868709194,482872068.7863751,0.0,0.0,351,0.0
10-209-01113,BIHAR,Araria,Forbesganj,0,0,,188,10,1113,,165874.55860340688,546946456.996027,0.0,0.0,392,0.0
10-209-01114,BIHAR,Araria,Bhargama,0,0,,188,10,1114,,140909.75235341018,280499778.1128878,0.0,0.0,206,0.0
10-209-01115,BIHAR,Araria,Raniganj,0,0,,188,10,1115,,160625.61646677545,576910744.770993,0.0,0.0,418,0.0
10-209-01116,BIHAR,Araria,Araria,0,0,,188,10,1116,,192057.15187743204,506918787.2643526,0.0,0.0,371,0.0
10-209-01117,BIHAR,Araria,Kursakatta,0,0,,188,10,1117,,96566.38525637137,201032230.408231,0.0,0.0,147,0.0
10-209-01118,BIHAR,Araria,Sikti,0,0,,188,10,1118,,116798.35346995249,237753016.2819182,0.0,0.0,177,0.0
10-209-01119,BIHAR,Araria,Palasi,0,0,,188,10,1119,,132578.70192307016,306240761.34804773,0.0,0.0,222,0.0
10-209-01120,BIHAR,Araria,Jokihat,0,0,,188,10,1120,,155370.9524619173,341005127.7602247,0.0,0.0,246,0.0
10-210-01121,BIHAR,Kishanganj,Terhagachh,0,0,,203,10,1121,,121953.02658094271,245208326.38245347,0.0,0.0,175,0.0
10-210-01122,BIHAR,Kishanganj,Dighalbank,0,0,,203,10,1122,,147432.83262190674,314385668.4331173,0.0,0.0,224,0.0
10-211-01129,BIHAR,Purnia,Barhara,0,0,,214,10,1129,,111073.17449432175,288009141.38478667,0.0,0.0,212,0.0
10-211-01130,BIHAR,Purnia,Bhawanipur,0,0,,214,10,1130,,116656.34435182877,201938838.4795833,0.0,0.0,147,0.0
10-211-01131,BIHAR,Purnia,Rupauli,0,0,,214,10,1131,,113946.660566684,308195114.8462847,0.0,0.0,227,0.0
10-211-01132,BIHAR,Purnia,Dhamdaha,0,0,,214,10,1132,,135370.01293426772,446856166.039676,0.0,0.0,326,0.0
10-211-01133,BIHAR,Purnia,Krityanand Nagar,0,0,,214,10,1133,,149407.41850079046,364443041.21247435,0.0,0.0,274,0.0
10-211-01134,BIHAR,Purnia,Purnia East,0,0,,214,10,1134,,127662.13358515713,309272824.56310594,0.0,0.0,228,0.0
10-211-01135,BIHAR,Purnia,Kasba,0,0,,214,10,1135,,130095.64608516233,215123054.3424731,0.0,0.0,154,0.0
10-211-01136,BIHAR,Purnia,Srinagar,0,0,,214,10,1136,,106220.57404900706,172405807.6412187,0.0,0.0,122,0.0
10-211-01137,BIHAR,Purnia,Jalalgarh,0,0,,214,10,1137,,87146.39992638786,142107808.6772385,0.0,0.0,102,0.0
10-211-01138,BIHAR,Purnia,Amour,0,0,,214,10,1138,,141371.93624621196,307011870.96961224,0.0,0.0,225,0.0
10-211-01139,BIHAR,Purnia,Baisa,0,0,,214,10,1139,,132173.35304950457,275191667.549805,0.0,0.0,197,0.0
10-211-01140,BIHAR,Purnia,Baisi,0,0,,214,10,1140,,118169.54825440844,253873549.02719215,0.0,0.0,187,0.0
10-211-01141,BIHAR,Purnia,Dagarua,0,0,,214,10,1141,,129309.28146976323,257465778.6329552,0.0,0.0,180,0.0
10-212-01142,BIHAR,Katihar,Falka,0,0,,201,10,1142,,100518.70580952488,208374539.8829749,0.0,0.0,150,0.0
10-212-01143,BIHAR,Katihar,Korha,0,0,,201,10,1143,,137118.64195203967,368801327.90483874,0.0,0.0,273,0.0
10-212-01144,BIHAR,Katihar,Hasanganj,0,0,,201,10,1144,,78227.29832785497,86155111.41022065,0.0,0.0,62,0.0
10-212-01145,BIHAR,Katihar,Kadwa,0,0,,201,10,1145,,157692.68144088247,420129854.10490626,0.0,0.0,307,0.0
10-212-01146,BIHAR,Katihar,Balrampur,0,0,,201,10,1146,,141815.18317465586,216253207.31133217,0.0,0.0,151,0.0
10-212-01147,BIHAR,Katihar,Barsoi,0,0,,201,10,1147,,172308.8160052511,357713388.6445612,0.0,0.0,261,0.0
10-212-01148,BIHAR,Katihar,Azamnagar,0,0,,201,10,1148,,141791.77759222616,349759708.1212404,0.0,0.0,253,0.0
10-221-01290,BIHAR,Samastipur,Tajpur,0,0,,217,10,1290,,57166.77792153786,83856612.1105223,0.0,0.0,61,0.0
10-212-01149,BIHAR,Katihar,Pranpur,0,0,,201,10,1149,,111803.70370561493,191475637.62126103,0.0,0.0,141,0.0
10-212-01150,BIHAR,Katihar,Dandkhora,0,0,,201,10,1150,,70987.07501110679,111201189.06340708,0.0,0.0,81,0.0
10-212-01151,BIHAR,Katihar,Katihar,0,0,,201,10,1151,,76845.81968857624,136830037.77828172,0.0,0.0,100,0.0
10-212-01152,BIHAR,Katihar,Mansahi,0,0,,201,10,1152,,73279.06289841712,97405011.1871763,0.0,0.0,73,0.0
10-212-01155,BIHAR,Katihar,Kursela,0,0,,201,10,1155,,80348.39413748268,153683091.52761996,0.0,0.0,117,0.0
10-212-01153,BIHAR,Katihar,Barari,0,0,,201,10,1153,,107333.93297446336,407446973.1478653,0.0,0.0,292,0.0
10-212-01154,BIHAR,Katihar,Sameli,0,0,,201,10,1154,,75105.36277909,118027198.2496544,0.0,0.0,81,0.0
10-212-01156,BIHAR,Katihar,Manihari,0,0,,201,10,1156,,130162.81635074862,303859830.4099729,0.0,0.0,221,0.0
10-212-01157,BIHAR,Katihar,Amdabad,0,0,,201,10,1157,,103742.71814675455,228302986.79665467,0.0,0.0,164,0.0
10-213-01158,BIHAR,Madhepura,Gamharia,0,0,,205,10,1158,,80141.00377515821,125479849.27382244,0.0,0.0,89,0.0
10-213-01160,BIHAR,Madhepura,Ghailarh,0,0,,205,10,1160,,78865.70647224285,116219722.2388165,0.0,0.0,83,0.0
10-213-01159,BIHAR,Madhepura,Singheshwar,0,0,,205,10,1159,,111627.30849980874,111167268.35246354,0.0,0.0,78,0.0
10-216-01210,BIHAR,Muzaffarpur,Bandra,0,0,,208,10,1210,,74293.85759884378,142020443.31484023,0.0,0.0,103,0.0
10-213-01161,BIHAR,Madhepura,Madhepura,0,0,,205,10,1161,,115084.47931226583,237801277.85767865,0.0,0.0,175,0.0
10-213-01162,BIHAR,Madhepura,Shankarpur,0,0,,205,10,1162,,63984.56408470212,128790837.874554,0.0,0.0,94,0.0
10-213-01163,BIHAR,Madhepura,Kumarkhand,0,0,,205,10,1163,,118191.24796123093,316976886.68211347,0.0,0.0,230,0.0
10-213-01164,BIHAR,Madhepura,Murliganj,0,0,,205,10,1164,,94211.11378994165,247086114.21145928,0.0,0.0,179,0.0
10-221-01293,BIHAR,Samastipur,Mohanpur,0,0,,217,10,1293,,74468.46489139357,163000016.77407515,0.0,0.0,120,0.0
10-213-01165,BIHAR,Madhepura,Gwalpara,0,0,,205,10,1165,,78037.2495556277,147267353.58482873,0.0,0.0,109,0.0
10-214-01172,BIHAR,Saharsa,Satar Kataiya,0,0,,216,10,1172,,77878.75925155886,177382280.64763528,0.0,0.0,130,0.0
10-213-01166,BIHAR,Madhepura,Bihariganj,0,0,,205,10,1166,,79669.40805645821,133818744.70956944,0.0,0.0,98,0.0
10-216-01211,BIHAR,Muzaffarpur,Dholi (Moraul),0,0,,208,10,1211,,63030.361633940505,73298422.6275262,0.0,0.0,50,0.0
10-213-01167,BIHAR,Madhepura,Kishanganj,0,0,,205,10,1167,,99817.47531025465,188055937.5971522,0.0,0.0,133,0.0
10-216-01212,BIHAR,Muzaffarpur,Musahri,0,0,,208,10,1212,,211487.75457487197,365415439.5943066,0.0,0.0,267,0.0
10-213-01168,BIHAR,Madhepura,Puraini,0,0,,205,10,1168,,63416.842365887525,103114850.3546553,0.0,0.0,76,0.0
10-214-01174,BIHAR,Saharsa,Kahara,0,0,,216,10,1174,,81070.16203244023,176788302.3737116,0.0,0.0,128,0.0
10-213-01169,BIHAR,Madhepura,Alamnagar,0,0,,205,10,1169,,94357.42058114092,211989804.11375904,0.0,0.0,151,0.0
10-213-01170,BIHAR,Madhepura,Chausa,0,0,,205,10,1170,,87285.75133964,172516848.53860697,0.0,0.0,124,0.0
10-214-01171,BIHAR,Saharsa,Nauhatta,0,0,,216,10,1171,,93228.84620468391,212763144.21707585,0.0,0.0,151,0.0
10-217-01227,BIHAR,Gopalganj,Sidhwalia,0,0,,197,10,1227,,69457.48217743407,152022198.31601515,0.0,0.0,109,0.0
10-214-01173,BIHAR,Saharsa,Mahishi,0,0,,216,10,1173,,106372.46434789852,273075178.2794974,0.0,0.0,195,0.0
10-214-01175,BIHAR,Saharsa,Saur Bazar,0,0,,216,10,1175,,88121.22998090234,233228921.9025612,0.0,0.0,171,0.0
10-214-01176,BIHAR,Saharsa,Patarghat,0,0,,216,10,1176,,67497.21582029684,149681422.04156074,0.0,0.0,105,0.0
10-214-01177,BIHAR,Saharsa,Sonbarsa,0,0,,216,10,1177,,90185.02153799882,263952116.041209,0.0,0.0,193,0.0
10-216-01199,BIHAR,Muzaffarpur,Sahebganj,0,0,,208,10,1199,,80060.99972290538,253055918.70266867,0.0,0.0,189,0.0
10-214-01178,BIHAR,Saharsa,Simri Bakhtiarpur,0,0,,216,10,1178,,119116.35548129058,266466354.66217396,0.0,0.0,194,0.0
10-214-01179,BIHAR,Saharsa,Salkhua,0,0,,216,10,1179,,82412.26684571667,221182533.93573853,0.0,0.0,163,0.0
10-214-01180,BIHAR,Saharsa,Banma Itahri,0,0,,216,10,1180,,54286.501575749484,92822449.4552088,0.0,0.0,68,0.0
10-215-01181,BIHAR,Darbhanga,Jale,0,0,,195,10,1181,,112473.57051363293,234172285.01568127,0.0,0.0,171,0.0
10-215-01182,BIHAR,Darbhanga,Singhwara,0,0,,195,10,1182,,121368.62688362494,223279889.67870736,0.0,0.0,162,0.0
10-215-01183,BIHAR,Darbhanga,Keotiranway,0,0,,195,10,1183,,89515.08566239705,180205403.4644349,0.0,0.0,131,0.0
10-215-01184,BIHAR,Darbhanga,Darbhanga,0,0,,195,10,1184,,131883.04966973627,240721362.1475316,0.0,0.0,174,0.0
10-215-01185,BIHAR,Darbhanga,Manigachhi,0,0,,195,10,1185,,96856.01003306538,158887287.31255177,0.0,0.0,114,0.0
10-215-01186,BIHAR,Darbhanga,Tardih,0,0,,195,10,1186,,96398.42232606321,109520018.96976715,0.0,0.0,79,0.0
10-215-01187,BIHAR,Darbhanga,Alinagar,0,0,,195,10,1187,,105560.56246873255,146523357.5416611,0.0,0.0,105,0.0
10-215-01188,BIHAR,Darbhanga,Benipur,0,0,,195,10,1188,,118482.30854716274,204643530.87647069,0.0,0.0,150,0.0
10-215-01189,BIHAR,Darbhanga,Bahadurpur,0,0,,195,10,1189,,155637.00049509996,221161760.4253616,0.0,0.0,158,0.0
10-215-01190,BIHAR,Darbhanga,Hanumannagar,0,0,,195,10,1190,,114393.83215098479,181536916.32106537,0.0,0.0,130,0.0
10-215-01191,BIHAR,Darbhanga,Hayaghat,0,0,,195,10,1191,,66118.49929402806,108810529.75916524,0.0,0.0,77,0.0
10-215-01192,BIHAR,Darbhanga,Baheri,0,0,,195,10,1192,,128629.1579498372,271307286.95794886,0.0,0.0,195,0.0
10-215-01193,BIHAR,Darbhanga,Biraul,0,0,,195,10,1193,,135706.32971678255,230203939.26841983,0.0,0.0,167,0.0
10-215-01194,BIHAR,Darbhanga,Ghanshyampur,0,0,,195,10,1194,,76766.91373126305,103945643.9979024,0.0,0.0,78,0.0
10-215-01195,BIHAR,Darbhanga,Kiratpur,0,0,,195,10,1195,,78793.19278562842,78915927.53877336,0.0,0.0,60,0.0
10-215-01196,BIHAR,Darbhanga,Gora Bauram,0,0,,195,10,1196,,99804.03366816713,145653476.81698695,0.0,0.0,104,0.0
10-215-01197,BIHAR,Darbhanga,Kusheshwar Asthan,0,0,,195,10,1197,,87220.16498537568,144130520.9401011,0.0,0.0,107,0.0
10-215-01198,BIHAR,Darbhanga,Kusheshwar Asthan Purbi,0,0,,195,10,1198,,91858.86035222423,150084285.43545517,0.0,0.0,112,0.0
10-216-01200,BIHAR,Muzaffarpur,Baruraj (Motipur),0,0,,208,10,1200,,125110.13599018812,365259305.4740948,0.0,0.0,263,0.0
10-216-01201,BIHAR,Muzaffarpur,Paroo,0,0,,208,10,1201,,136934.87791145188,413033977.3448192,0.0,0.0,295,0.0
10-216-01202,BIHAR,Muzaffarpur,Saraiya,0,0,,208,10,1202,,155820.80051537574,301402655.1404849,0.0,0.0,218,0.0
10-216-01203,BIHAR,Muzaffarpur,Marwan,0,0,,208,10,1203,,84959.92762229654,138736310.53842777,0.0,0.0,101,0.0
10-216-01204,BIHAR,Muzaffarpur,Kanti,0,0,,208,10,1204,,97122.90469976026,124757584.36625764,0.0,0.0,91,0.0
10-216-01205,BIHAR,Muzaffarpur,Minapur,0,0,,208,10,1205,,166218.11946715685,316124209.98756105,0.0,0.0,228,0.0
10-216-01206,BIHAR,Muzaffarpur,Bochaha,0,0,,208,10,1206,,126044.68100944142,233148755.94160384,0.0,0.0,167,0.0
10-216-01207,BIHAR,Muzaffarpur,Aurai,0,0,,208,10,1207,,101267.16719990574,247748190.77792475,0.0,0.0,177,0.0
10-216-01208,BIHAR,Muzaffarpur,Katra,0,0,,208,10,1208,,118891.9342746819,235108975.17115793,0.0,0.0,171,0.0
10-216-01209,BIHAR,Muzaffarpur,Gaighat,0,0,,208,10,1209,,111008.49869520529,259762671.68662548,0.0,0.0,191,0.0
10-216-01213,BIHAR,Muzaffarpur,Kurhani,0,0,,208,10,1213,,108106.10574110712,256354911.2077163,0.0,0.0,187,0.0
10-216-01214,BIHAR,Muzaffarpur,Sakra,0,0,,208,10,1214,,105121.4777371614,236360031.18726787,0.0,0.0,175,0.0
10-217-01215,BIHAR,Gopalganj,Katiya,0,0,,197,10,1215,,94755.55253264701,158441587.458013,0.0004104054892730713,0.00032246145585741314,112,0.03611568305603027
10-217-01216,BIHAR,Gopalganj,Bijaipur,0,0,,197,10,1216,,81309.59717969262,163112176.36717936,0.0004104054892730713,0.00041040548927307136,120,0.04924865871276856
10-217-01217,BIHAR,Gopalganj,Bhorey,0,0,,197,10,1217,,78790.65552761848,196013266.46535653,0.0004104054892730713,0.00021375285899639132,144,0.03078041169548035
10-217-01218,BIHAR,Gopalganj,Pach Deuri,0,0,,197,10,1218,,53698.212932643866,118295317.11973979,0.0,0.0,85,0.0
10-217-01219,BIHAR,Gopalganj,Kuchaikote,0,0,,197,10,1219,,101077.28158428885,316078491.04748106,0.0,0.0,226,0.0
10-217-01220,BIHAR,Gopalganj,Phulwaria,0,0,,197,10,1220,,81339.22200232239,118763292.85091434,0.0,0.0,89,0.0
10-217-01221,BIHAR,Gopalganj,Hathua,0,0,,197,10,1221,,91546.96202775641,183613061.83342972,0.000585565051727295,0.00038730286885899827,127,0.04918746434509278
10-217-01222,BIHAR,Gopalganj,Uchkagaon,0,0,,197,10,1222,,80102.93001981139,142235093.67043933,0.000585565051727295,3.8669390208406275e-05,106,0.004098955362091065
10-217-01223,BIHAR,Gopalganj,Thawe,0,0,,197,10,1223,,57244.55575246375,89300191.60424533,0.000585565051727295,9.149453933238984e-06,64,0.000585565051727295
10-217-01224,BIHAR,Gopalganj,Gopalganj,0,0,,197,10,1224,,110313.13172782106,244420793.60160467,0.0,0.0,182,0.0
10-218-01232,BIHAR,Siwan,Goriakothi,0,0,,222,10,1232,,73201.39147651673,174963939.23516312,0.0,0.0,127,0.0
10-217-01225,BIHAR,Gopalganj,Manjha,0,0,,197,10,1225,,80242.78538873792,179389027.9828925,0.0,0.0,131,0.0
10-217-01226,BIHAR,Gopalganj,Barauli,0,0,,197,10,1226,,105754.79057670098,232227972.12586737,0.0,0.0,170,0.0
10-217-01228,BIHAR,Gopalganj,Baikunthpur,0,0,,197,10,1228,,97825.58906166903,256614409.24172768,0.0,0.0,185,0.0
10-218-01229,BIHAR,Siwan,Nautan,0,0,,222,10,1229,,58324.35348563096,81827813.66620097,0.000585565051727295,0.000585565051727295,58,0.03396277300018311
10-218-01230,BIHAR,Siwan,Siwan,0,0,,222,10,1230,,92599.06904644772,168879532.28230655,0.000585565051727295,0.000535940894801253,118,0.06324102558654786
10-218-01235,BIHAR,Siwan,Bhagwanpur Hat,0,0,,222,10,1235,,86430.4184146014,189582799.91524476,0.0008020943564414978,0.0001278701147950214,138,0.017646075841712953
10-218-01231,BIHAR,Siwan,Barharia,0,0,,222,10,1231,,90315.6629531122,219606934.01516393,0.000585565051727295,1.0979344719886782e-05,160,0.001756695155181885
10-218-01233,BIHAR,Siwan,Lakri Nabiganj,0,0,,222,10,1233,,79648.98713303795,120773104.6039552,0.0,0.0,88,0.0
10-218-01234,BIHAR,Siwan,Basantpur,0,0,,222,10,1234,,57871.378293950496,76675463.02480637,0.0,0.0,56,0.0
10-218-01236,BIHAR,Siwan,Maharajganj,0,0,,222,10,1236,,119387.58843212528,142817377.5161484,0.0008020943564414978,0.00030370563010891663,103,0.03128167990121841
10-218-01237,BIHAR,Siwan,Pachrukhi,0,0,,222,10,1237,,99183.2392802834,160709761.40986398,0.000585565051727295,2.5024147509713462e-05,117,0.002927825258636475
10-218-01238,BIHAR,Siwan,Hussainganj,0,0,,222,10,1238,,68784.84800107122,105975934.30464326,0.000585565051727295,0.0005219412501835179,74,0.038623652513580325
10-218-01239,BIHAR,Siwan,Ziradei,0,0,,222,10,1239,,98825.50869312549,152221780.48504183,0.000585565051727295,0.0005855118064560761,111,0.06499181051662445
10-218-01240,BIHAR,Siwan,Mairwa,0,0,,222,10,1240,,65279.2242200428,88898123.37504825,0.000585565051727295,0.0005813587745995955,66,0.03836967912357331
10-218-01242,BIHAR,Siwan,Darauli,0,0,,222,10,1242,,90305.00161970501,214758375.6239279,0.000585565051727295,0.0005389738540132584,155,0.08354094737205506
10-218-01241,BIHAR,Siwan,Guthani,0,0,,222,10,1241,,78778.78773845347,115110806.99004474,0.000585565051727295,0.0004997980351722531,82,0.04098343888412476
10-219-01248,BIHAR,Saran,Mashrakh,0,0,,218,10,1248,,82075.7710341599,165898243.02109933,0.0,0.0,121,0.0
10-218-01243,BIHAR,Siwan,Andar,0,0,,222,10,1243,,83358.60866933218,125625010.62434034,0.000585565051727295,0.0005803341628410077,87,0.050489072167167665
10-219-01249,BIHAR,Saran,Panapur,0,0,,218,10,1249,,75875.09329534958,182360909.7404776,0.0,0.0,128,0.0
10-218-01244,BIHAR,Siwan,Raghunathpur,0,0,,222,10,1244,,87824.68008836384,193566358.3438411,0.0005796548266220093,0.0005796548266220093,143,0.08289064020694734
10-219-01250,BIHAR,Saran,Taraiya,0,0,,218,10,1250,,53629.0613522338,97307015.09151264,0.0,0.0,74,0.0
10-218-01245,BIHAR,Siwan,Hasanpura,0,0,,222,10,1245,,82786.09108287447,121956119.03175904,0.0008020943564414978,0.0006890546861403014,87,0.059947757694206225
10-219-01251,BIHAR,Saran,Ishupur,0,0,,218,10,1251,,62425.60798229613,109300191.56908256,0.0,0.0,76,0.0
10-218-01246,BIHAR,Siwan,Daraundha,0,0,,222,10,1246,,105400.53795370483,157911066.26165873,0.0008020943564414978,0.0006974733534273895,115,0.08020943564414978
10-219-01256,BIHAR,Saran,Jalalpur,0,0,,218,10,1256,,65042.73641147566,147549697.72689733,0.000876650157623291,0.0003026024560881561,106,0.03207586034534454
10-218-01247,BIHAR,Siwan,Siswan,0,0,,222,10,1247,,98184.39847010886,155554872.77293277,0.0008020943564414978,0.0007359636854140822,111,0.08169196908096313
10-219-01259,BIHAR,Saran,Nagra,0,0,,218,10,1259,,43289.948409307304,65110006.46242106,0.0007588467044830322,0.00032291349126937536,47,0.015176934089660643
10-219-01252,BIHAR,Saran,Baniapur,0,0,,218,10,1252,,89199.8841803021,219417775.87250236,0.0008020943564414978,1.9683297090588903e-05,163,0.003208377425765991
10-219-01253,BIHAR,Saran,Lahladpur,0,0,,218,10,1253,,49287.19248841685,70233795.44130237,0.0008020943564414978,0.0004331309524784088,50,0.02165654762392044
10-219-01254,BIHAR,Saran,Ekma,0,0,,218,10,1254,,99716.17236158185,176114988.01319405,0.0008020943564414978,0.0008020943564414977,128,0.1026680776245117
10-219-01255,BIHAR,Saran,Manjhi,0,0,,218,10,1255,,127085.43562979231,244607530.98349065,0.000876650157623291,0.0008142062325016658,180,0.14655712185029984
10-219-01257,BIHAR,Saran,Revelganj,0,0,,218,10,1257,,84877.1419542779,179359801.45379385,0.000876650157623291,0.000768270980734253,125,0.09603387259178162
10-219-01258,BIHAR,Saran,Chapra,0,0,,218,10,1258,,119729.94798472138,239470568.44351175,0.0007588467044830322,0.0007114187854528428,176,0.12520970623970032
10-219-01260,BIHAR,Saran,Marhaura,0,0,,218,10,1260,,87240.95030017926,190752130.05196184,0.0007588467044830322,2.215610816008853e-05,137,0.003035386817932129
10-219-01261,BIHAR,Saran,Amnour,0,0,,218,10,1261,,94922.90618840617,160109081.4065653,0.0007588467044830322,1.2861808550559869e-05,118,0.0015176934089660644
10-219-01263,BIHAR,Saran,Parsa,0,0,,218,10,1263,,85595.91054800974,122749042.93573296,0.0,0.0,88,0.0
10-219-01266,BIHAR,Saran,Dighwara,0,0,,218,10,1266,,81943.45164265168,101347015.6655549,0.0,0.0,72,0.0
10-219-01264,BIHAR,Saran,Dariapur,0,0,,218,10,1264,,115477.27251924115,281302380.67878103,0.0,0.0,202,0.0
10-219-01265,BIHAR,Saran,Garkha,0,0,,218,10,1265,,90147.74693968748,213336409.9887166,0.0007588467044830322,0.0003892785042477892,154,0.05994888965415954
10-220-01269,BIHAR,Vaishali,Paterhi Belsar,0,0,,224,10,1269,,56227.36197278124,93522597.26160131,0.0,0.0,69,0.0
10-219-01267,BIHAR,Saran,Sonepur,0,0,,218,10,1267,,70412.64000247594,214865144.18564072,0.0,0.0,162,0.0
10-220-01268,BIHAR,Vaishali,Vaishali,0,0,,224,10,1268,,72706.90824879723,158663399.21103516,0.0,0.0,114,0.0
10-220-01270,BIHAR,Vaishali,Lalganj,0,0,,224,10,1270,,89595.71916906572,184177988.41986412,0.0,0.0,133,0.0
10-221-01294,BIHAR,Samastipur,Mohiuddinagar,0,0,,217,10,1294,,80607.53716768604,178536106.2701614,0.0,0.0,130,0.0
10-220-01271,BIHAR,Vaishali,Bhagwanpur,0,0,,224,10,1271,,98965.72708266653,142473218.81446454,0.0,0.0,102,0.0
10-220-01272,BIHAR,Vaishali,Goraul,0,0,,224,10,1272,,101989.77906286377,122446101.92943335,0.0,0.0,87,0.0
10-220-01273,BIHAR,Vaishali,Chehra Kalan,0,0,,224,10,1273,,63204.34388206024,89818122.94593617,0.0,0.0,66,0.0
10-220-01277,BIHAR,Vaishali,Raja Pakar,0,0,,224,10,1277,,58946.08844196175,93673217.82917874,0.0,0.0,72,0.0
10-220-01274,BIHAR,Vaishali,Patepur,0,0,,224,10,1274,,118180.33822078991,317029999.71255994,0.0,0.0,234,0.0
10-220-01275,BIHAR,Vaishali,Mahua,0,0,,224,10,1275,,86273.82517515696,171155586.12447235,0.0,0.0,125,0.0
10-220-01276,BIHAR,Vaishali,Jandaha,0,0,,224,10,1276,,99044.76663725945,179891527.10359335,0.0,0.0,128,0.0
10-220-01278,BIHAR,Vaishali,Hajipur,0,0,,224,10,1278,,80048.24731377292,194916759.16986817,0.0,0.0,140,0.0
10-220-01280,BIHAR,Vaishali,Bidupur,0,0,,224,10,1280,,88122.3198685409,139375575.9420912,0.0,0.0,99,0.0
10-220-01279,BIHAR,Vaishali,Raghopur,0,0,,224,10,1279,,128641.49950069311,338499790.0832371,0.0,0.0,246,0.0
10-220-01281,BIHAR,Vaishali,Desri,0,0,,224,10,1281,,50183.809114488824,56627949.53624974,0.0,0.0,43,0.0
10-221-01284,BIHAR,Samastipur,Kalyanpur,0,0,,217,10,1284,,147387.26660455638,294821482.9966942,0.0,0.0,214,0.0
10-221-01286,BIHAR,Samastipur,Shivaji Nagar,0,0,,217,10,1286,,96209.25031894707,172333979.18990555,0.0,0.0,130,0.0
10-221-01288,BIHAR,Samastipur,Samastipur,0,0,,217,10,1288,,112474.97484539819,170577777.20953664,0.0,0.0,123,0.0
10-221-01289,BIHAR,Samastipur,Pusa,0,0,,217,10,1289,,64081.7615729533,95008289.7510354,0.0,0.0,65,0.0
10-221-01291,BIHAR,Samastipur,Morwa,0,0,,217,10,1291,,104551.97847793197,152111293.7773472,0.0,0.0,106,0.0
10-221-01292,BIHAR,Samastipur,Patori,0,0,,217,10,1292,,69422.25062895294,130638318.44440164,0.0,0.0,93,0.0
10-221-01295,BIHAR,Samastipur,Sarairanjan,0,0,,217,10,1295,,96463.23467310029,185572344.2706523,0.0,0.0,145,0.0
10-221-01296,BIHAR,Samastipur,Vidyapati Nagar,0,0,,217,10,1296,,62930.2690484309,106322816.42401849,0.0,0.0,75,0.0
10-221-01297,BIHAR,Samastipur,Dalsinghsarai,0,0,,217,10,1297,,80515.23552986495,118201268.21451648,0.0,0.0,89,0.0
10-221-01298,BIHAR,Samastipur,Ujiarpur,0,0,,217,10,1298,,81756.09445970641,209497824.1015558,0.0,0.0,149,0.0
10-221-01300,BIHAR,Samastipur,Rosera,0,0,,217,10,1300,,84599.34785899956,138535375.895554,0.0,0.0,97,0.0
10-221-01299,BIHAR,Samastipur,Bibhutpur,0,0,,217,10,1299,,96600.53522783429,258332531.194082,0.0,0.0,187,0.0
10-221-01301,BIHAR,Samastipur,Singhia,0,0,,217,10,1301,,76055.88015393679,178639507.67998633,0.0,0.0,128,0.0
10-222-01307,BIHAR,Begusarai,Cheria Bariarpur,0,0,,191,10,1307,,80422.0696045629,127840547.1243011,0.0,0.0,89,0.0
10-221-01302,BIHAR,Samastipur,Hasanpur,0,0,,217,10,1302,,122795.93417076243,188091095.39019313,0.0,0.0,138,0.0
10-221-01303,BIHAR,Samastipur,Bithan,0,0,,217,10,1303,,72838.55780104545,149849875.79630712,0.0,0.0,109,0.0
10-222-01304,BIHAR,Begusarai,Khudabandpur,0,0,,191,10,1304,,49522.71992212785,59617610.47663844,0.0,0.0,39,0.0
10-222-01305,BIHAR,Begusarai,Chhorahi,0,0,,191,10,1305,,96201.09768359947,128309829.49376953,0.0,0.0,94,0.0
10-222-01306,BIHAR,Begusarai,Garhpura,0,0,,191,10,1306,,69581.28073662621,88651595.91159394,0.0,0.0,68,0.0
10-222-01308,BIHAR,Begusarai,Bhagwanpur,0,0,,191,10,1308,,102620.52088176137,147276258.21886113,0.0,0.0,106,0.0
10-223-01324,BIHAR,Khagaria,Mansi,0,0,,202,10,1324,,70720.37786012898,86151878.56106131,0.0,0.0,69,0.0
10-222-01309,BIHAR,Begusarai,Mansurchak,0,0,,191,10,1309,,55538.61039021854,42158333.283958256,0.0,0.0,31,0.0
10-224-01333,BIHAR,Bhagalpur,Rangra Chowk,0,0,,192,10,1333,,56200.86409227388,97946271.45940188,0.0,0.0,71,0.0
10-222-01310,BIHAR,Begusarai,Bachhwara,0,0,,191,10,1310,,112893.55520851951,186501763.14040864,0.0,0.0,138,0.0
10-222-01311,BIHAR,Begusarai,Teghra,0,0,,191,10,1311,,93442.93751421869,180050069.66821858,0.0,0.0,129,0.0
10-222-01312,BIHAR,Begusarai,Barauni,0,0,,191,10,1312,,90573.71511882372,141812926.41245717,0.0,0.0,102,0.0
10-222-01313,BIHAR,Begusarai,Birpur,0,0,,191,10,1313,,69057.86510087451,64693086.30641256,0.0,0.0,53,0.0
10-222-01314,BIHAR,Begusarai,Begusarai,0,0,,191,10,1314,,114572.02827886646,273941103.5239774,0.0,0.0,200,0.0
10-222-01315,BIHAR,Begusarai,Naokothi,0,0,,191,10,1315,,61794.845266753924,91575422.87048158,0.0,0.0,64,0.0
10-222-01316,BIHAR,Begusarai,Bakhri,0,0,,191,10,1316,,74902.13049058078,94921186.04856166,0.0,0.0,66,0.0
10-222-01317,BIHAR,Begusarai,Dandari,0,0,,191,10,1317,,77075.31892237118,85364223.36403492,0.0,0.0,65,0.0
10-222-01318,BIHAR,Begusarai,Sahebpur Kamal,0,0,,191,10,1318,,97820.3506924087,179327758.1582562,0.0,0.0,131,0.0
10-222-01319,BIHAR,Begusarai,Balia,0,0,,191,10,1319,,95726.56851828664,181873531.04775092,0.0,0.0,133,0.0
10-222-01320,BIHAR,Begusarai,Matihani,0,0,,191,10,1320,,104199.58891726227,214311339.790948,0.0,0.0,157,0.0
10-222-01321,BIHAR,Begusarai,Shamho Akha Kurha,0,0,,191,10,1321,,47884.70174269599,82130306.58899558,0.0,0.0,58,0.0
10-223-01322,BIHAR,Khagaria,Alauli,0,0,,202,10,1322,,117176.16085281859,337532903.06560946,0.0,0.0,244,0.0
10-223-01323,BIHAR,Khagaria,Khagaria,0,0,,202,10,1323,,164255.4907534744,325761754.1557925,0.0,0.0,229,0.0
10-223-01325,BIHAR,Khagaria,Chautham,0,0,,202,10,1325,,88833.5659059585,205164632.7891582,0.0,0.0,148,0.0
10-228-01376,BIHAR,Sheikhpura,Chewara,0,0,,219,10,1376,,77279.14911837938,141385828.1075451,6.671989089965821e-05,6.438673420804219e-05,103,0.006631833623428345
10-223-01326,BIHAR,Khagaria,Beldaur,0,0,,202,10,1326,,101449.44415348554,276820454.1841197,0.0,0.0,203,0.0
10-223-01327,BIHAR,Khagaria,Gogri,0,0,,202,10,1327,,109725.85953588395,321971045.3784509,0.0,0.0,231,0.0
10-223-01328,BIHAR,Khagaria,Parbatta,0,0,,202,10,1328,,89952.53209418767,286770838.53234714,0.0,0.0,215,0.0
10-224-01329,BIHAR,Bhagalpur,Narayanpur,0,0,,192,10,1329,,96964.50839109154,173637043.38008544,0.0,0.0,125,0.0
10-224-01330,BIHAR,Bhagalpur,Bihpur,0,0,,192,10,1330,,98960.16392998041,189427956.2070791,0.0,0.0,141,0.0
10-234-01472,BIHAR,Rohtas,Akorhi Gola,0,0,,215,10,1472,,71741.57946050014,124356844.03544964,0.000626632294845581,0.0006266322948455809,94,0.058903435715484606
10-224-01331,BIHAR,Bhagalpur,Kharik,0,0,,192,10,1331,,103106.05203500649,169292223.68779984,0.0,0.0,125,0.0
10-224-01332,BIHAR,Bhagalpur,Naugachhia,0,0,,192,10,1332,,91833.23423872421,134223697.96961665,0.0,0.0,95,0.0
10-224-01335,BIHAR,Bhagalpur,Pirpainti,0,0,,192,10,1335,,138631.2255747686,411429376.6216011,0.0,0.0,294,0.0
10-224-01336,BIHAR,Bhagalpur,Kahalgaon,0,0,,192,10,1336,,128722.99744742387,352186242.20537144,0.0,0.0,255,0.0
10-224-01337,BIHAR,Bhagalpur,Ismailpur,0,0,,192,10,1337,,66332.03197363381,102752037.41138108,0.0,0.0,75,0.0
10-224-01338,BIHAR,Bhagalpur,Sabour,0,0,,192,10,1338,,85492.0541239663,141198925.34276122,0.0,0.0,102,0.0
10-226-01359,BIHAR,Munger,Dharhara,0,0,,207,10,1359,,105188.90103685112,355220468.750446,0.0,0.0,262,0.0
10-224-01339,BIHAR,Bhagalpur,Nathnagar,0,0,,192,10,1339,,105259.93673308079,163498377.60317266,0.0,0.0,117,0.0
10-226-01360,BIHAR,Munger,Kharagpur,0,0,,207,10,1360,,169586.30903503796,398589433.5102216,0.0,0.0,291,0.0
10-224-01340,BIHAR,Bhagalpur,Sultanganj,0,0,,192,10,1340,,139861.1879796442,266407467.3450057,0.0,0.0,198,0.0
10-224-01341,BIHAR,Bhagalpur,Shahkund,0,0,,192,10,1341,,93276.90256650816,208798734.37786233,0.0,0.0,153,0.0
10-224-01342,BIHAR,Bhagalpur,Goradih,0,0,,192,10,1342,,106918.08891287447,178026414.43832883,0.0,0.0,128,0.0
10-224-01343,BIHAR,Bhagalpur,Jagdishpur,0,0,,192,10,1343,,107045.71303668506,127447147.46016994,0.0,0.0,95,0.0
10-224-01344,BIHAR,Bhagalpur,Sonhaula,0,0,,192,10,1344,,84463.86530366821,214425428.57327408,0.0,0.0,160,0.0
10-225-01345,BIHAR,Banka,Shambhuganj,0,0,,190,10,1345,,85765.27415008907,217970788.89652416,0.0,0.0,157,0.0
10-225-01346,BIHAR,Banka,Amarpur,0,0,,190,10,1346,,98000.87839154692,234663534.19316816,0.0,0.0,176,0.0
10-225-01347,BIHAR,Banka,Rajaun,0,0,,190,10,1347,,86718.04358754268,242814641.5593075,0.0,0.0,179,0.0
10-226-01363,BIHAR,Munger,Tetiha Bambor,0,0,,207,10,1363,,73286.15332623897,95190725.80042528,0.0,0.0,70,0.0
10-225-01348,BIHAR,Banka,Dhuraiya,0,0,,190,10,1348,,106681.6377356153,285703540.38620996,0.0,0.0,208,0.0
10-225-01349,BIHAR,Banka,Barahat,0,0,,190,10,1349,,122910.23058217819,181202001.14064544,0.0,0.0,129,0.0
10-225-01350,BIHAR,Banka,Banka,0,0,,190,10,1350,,137083.07375503817,365153241.48788345,0.0,0.0,275,0.0
10-225-01351,BIHAR,Banka,Phulidumar,0,0,,190,10,1351,,117105.67306472127,248400685.45023423,0.0,0.0,176,0.0
10-225-01352,BIHAR,Banka,Belhar,0,0,,190,10,1352,,118426.40149548957,290570448.277483,0.00020811914978027346,2.139542661292531e-05,214,0.004578621295166016
10-225-01353,BIHAR,Banka,Chanan,0,0,,190,10,1353,,169565.08902723462,550876204.0147796,0.00020811914978027346,0.00010655879530610872,403,0.042943194508361815
10-225-01354,BIHAR,Banka,Katoria,0,0,,190,10,1354,,180268.89530762268,687665367.2781417,0.00018030341400146485,1.5444316338770893e-05,502,0.0077530468020629885
10-225-01355,BIHAR,Banka,Bausi,0,0,,190,10,1355,,109314.78149810205,385846183.7170387,0.0,0.0,284,0.0
10-226-01356,BIHAR,Munger,Munger,0,0,,207,10,1356,,162390.1628928388,306519605.49277806,0.0,0.0,227,0.0
10-226-01357,BIHAR,Munger,Bariarpur,0,0,,207,10,1357,,122433.4478606843,198040113.63802013,0.0,0.0,143,0.0
10-226-01358,BIHAR,Munger,Jamalpur,0,0,,207,10,1358,,72817.19566814511,112971204.64248075,0.0,0.0,79,0.0
10-226-01361,BIHAR,Munger,Asarganj,0,0,,207,10,1361,,61173.52838786665,72491453.98190036,0.0,0.0,52,0.0
10-226-01362,BIHAR,Munger,Tarapur,0,0,,207,10,1362,,54416.57713098438,86962445.68425661,0.0,0.0,62,0.0
10-226-01364,BIHAR,Munger,Sangrampur,0,0,,207,10,1364,,71205.18318302365,105786037.21986651,0.0,0.0,80,0.0
10-227-01366,BIHAR,Lakhisarai,Pipariya,0,0,,204,10,1366,,87968.2901826016,106258171.87143916,0.0,0.0,76,0.0
10-227-01365,BIHAR,Lakhisarai,Barahiya,0,0,,204,10,1365,,95965.48426593257,248505135.43154767,0.0,0.0,179,0.0
10-227-01367,BIHAR,Lakhisarai,Surajgarha,0,0,,204,10,1367,,140312.1609931406,462726462.37366486,0.00024229236892700198,3.20681076521032e-05,340,0.010903156601715088
10-227-01368,BIHAR,Lakhisarai,Lakhisarai,0,0,,204,10,1368,,117670.76745524361,181316338.94823277,0.00024229236892700198,1.0778523867614287e-05,133,0.0014335436743927003
10-227-01369,BIHAR,Lakhisarai,Chanan*,0,0,,204,10,1369,,86014.87070350182,177670731.10250506,0.00024229236892700198,0.00019686254975318914,128,0.02519840636840821
10-228-01375,BIHAR,Sheikhpura,Ghat Kusumbha,0,0,,219,10,1375,,80592.24583619394,99088070.68237934,0.0,0.0,70,0.0
10-227-01370,BIHAR,Lakhisarai,Ramgarh Chowk,0,0,,204,10,1370,,98990.57354622113,128567389.13844268,0.00024229236892700198,8.029403847065379e-05,94,0.0075476396162414555
10-227-01371,BIHAR,Lakhisarai,Halsi,0,0,,204,10,1371,,82594.8188222393,191441208.6304817,0.00024229236892700198,7.192802474920698e-05,139,0.00999799544013977
10-228-01372,BIHAR,Sheikhpura,Barbigha,0,0,,219,10,1372,,83879.7675047183,115941853.486741,0.0,0.0,81,0.0
10-228-01373,BIHAR,Sheikhpura,Shekhopur Sarai,0,0,,219,10,1373,,59774.96229914819,65955650.61796794,0.00014449451301574707,3.0144606231689456e-05,45,0.0013565072804260256
10-228-01374,BIHAR,Sheikhpura,Sheikhpura,0,0,,219,10,1374,,119718.3677454689,225551054.81458032,6.671989089965821e-05,1.582894685274012e-05,170,0.00269092096496582
10-228-01377,BIHAR,Sheikhpura,Ariari,0,0,,219,10,1377,,87552.5859976097,183445963.63454768,6.671989089965821e-05,6.668372337174243e-05,137,0.009135670101928712
10-229-01378,BIHAR,Nalanda,Karai Parsurai,0,0,,209,10,1378,,58523.47447411047,82148146.79064696,0.0002946371920776367,0.00013258673643493652,60,0.007955204186096191
10-229-01379,BIHAR,Nalanda,Nagar Nausa,0,0,,209,10,1379,,82570.35159490984,108015836.82811198,0.0003466977889633179,0.00014255569608116154,80,0.011404455686492922
10-229-01380,BIHAR,Nalanda,Harnaut,0,0,,209,10,1380,,124869.90123154312,224385440.0517296,0.0003466977889633179,0.00012059053529158883,161,0.019415076181945802
10-229-01381,BIHAR,Nalanda,Chandi,0,0,,209,10,1381,,70527.81459673235,147156102.481168,0.0003466977889633179,0.0003180713660213925,109,0.034669778896331785
10-229-01382,BIHAR,Nalanda,Rahui,0,0,,209,10,1382,,77076.6108369453,152249665.90613127,0.0003466977889633179,0.0003338571301128246,108,0.03605657005218506
10-229-01383,BIHAR,Nalanda,Bind,0,0,,209,10,1383,,70364.80140905235,88091657.81671415,0.0,0.0,66,0.0
10-229-01384,BIHAR,Nalanda,Sarmera,0,0,,209,10,1384,,91044.34634338948,167201876.42476654,0.0,0.0,123,0.0
10-229-01385,BIHAR,Nalanda,Asthawan,0,0,,209,10,1385,,92263.18064708126,171325630.7179731,0.0003466977889633179,5.7072923615722666e-05,125,0.007134115451965333
10-229-01387,BIHAR,Nalanda,Noorsarai,0,0,,209,10,1387,,78528.62700534344,151514769.88009417,0.0003466977889633179,0.0003466977889633179,114,0.03952354794181824
10-229-01386,BIHAR,Nalanda,Bihar,0,0,,209,10,1386,,98561.8371020671,215840179.0991975,0.0003466977889633179,0.00031726760570645335,160,0.050762816913032534
10-229-01390,BIHAR,Nalanda,Hilsa,0,0,,209,10,1390,,93433.88804652911,175765721.10991755,0.0002946371920776367,0.0002946371920776367,131,0.03859747216217041
10-229-01391,BIHAR,Nalanda,Ekangarsarai,0,0,,209,10,1391,,87121.32234693572,166605847.460251,0.0002946371920776367,0.0002946371920776367,122,0.03594573743347168
10-229-01392,BIHAR,Nalanda,Islampur,0,0,,209,10,1392,,109868.69145522316,273834151.4326934,0.0002946371920776367,0.0002732697340959372,194,0.05301432841461182
10-229-01393,BIHAR,Nalanda,Ben,0,0,,209,10,1393,,66947.54721379357,127526149.56798536,0.0003466977889633179,0.00029059257502210903,94,0.02731570205207825
10-230-01398,BIHAR,Patna,Maner,0,0,,212,10,1398,,96133.56350709034,213315300.3597084,0.0007588467044830322,0.00020431901865129346,154,0.03146512887229919
10-229-01394,BIHAR,Nalanda,Rajgir,0,0,,209,10,1394,,88740.45664753366,198129288.77271983,0.0002585912194824219,0.000192616933430263,147,0.028314689214248658
10-229-01395,BIHAR,Nalanda,Silao,0,0,,209,10,1395,,79220.42929786978,154752836.13944647,0.0003466977889633179,0.00017996877195391737,114,0.02051644000274658
10-229-01396,BIHAR,Nalanda,Giriak,0,0,,209,10,1396,,88347.46773236175,99576022.5731765,0.00014449451301574707,0.0001444945130157471,73,0.010548099450149537
10-229-01397,BIHAR,Nalanda,Katrisarai,0,0,,209,10,1397,,38918.76300208476,48673462.28309288,0.00014449451301574707,0.00012505085748672486,36,0.004501830869522095
10-230-01399,BIHAR,Patna,Dinapur-Cum-Khagaul,0,0,,212,10,1399,,78598.21354533077,184765788.04152673,0.0004032400011444092,0.00011947851885760271,135,0.016129600045776366
10-234-01474,BIHAR,Rohtas,Tilouthu,0,0,,215,10,1474,,73885.57639601533,193504401.97342023,0.0002958094440460205,0.00023038810596248083,140,0.032254334834747315
10-230-01400,BIHAR,Patna,Patna Rural,0,0,,212,10,1400,,87518.10425735511,179850223.48881748,0.0004032400011444092,7.079786279634664e-05,131,0.00927452002632141
10-230-01401,BIHAR,Patna,Sampatchak,0,0,,212,10,1401,,53219.7118618291,78902366.60372826,0.0004032400011444092,1.414877196997927e-05,57,0.0008064800022888184
10-230-01406,BIHAR,Patna,Dulhin Bazar,0,0,,212,10,1406,,77792.54009458271,136539622.4680228,0.0006349277149200439,0.00046800102507851344,99,0.04633210148277283
10-230-01402,BIHAR,Patna,Phulwari,0,0,,212,10,1402,,70659.26045014715,135940825.49713776,0.0004032400011444092,0.00038643833443005875,96,0.03709808010528564
10-230-01413,BIHAR,Patna,Khusrupur,0,0,,212,10,1413,,46143.60198551767,78201544.387751,0.0,0.0,58,0.0
10-230-01403,BIHAR,Patna,Bihta,0,0,,212,10,1403,,116564.9809665079,244879174.98088208,0.0007588467044830322,0.0005491326858990008,182,0.09994214883361816
10-230-01415,BIHAR,Patna,Athmalgola,0,0,,212,10,1415,,47997.69261940102,62827293.65665197,0.0,0.0,47,0.0
10-230-01404,BIHAR,Patna,Naubatpur,0,0,,212,10,1404,,105087.74367689912,205320191.59612688,0.0004032400011444092,0.0004032400011444092,153,0.06169572017509461
10-230-01405,BIHAR,Patna,Bikram,0,0,,212,10,1405,,86626.03512108007,186422313.04867813,0.0006349277149200439,0.000568972818297783,137,0.07794927610679626
10-234-01475,BIHAR,Rohtas,Rohtas,0,0,,215,10,1475,,88257.59288547112,389741138.17794544,0.0002575409213256836,0.00020978121986971966,288,0.06041699132247926
10-230-01407,BIHAR,Patna,Paliganj,0,0,,212,10,1407,,129476.3041410336,293354152.7667747,0.0006349277149200439,0.00038240999171319415,214,0.08183573822662354
10-230-01408,BIHAR,Patna,Masaurhi,0,0,,212,10,1408,,108866.13277400887,248716954.87290823,0.0004032400011444092,0.00036825693554053146,178,0.0655497345262146
10-230-01409,BIHAR,Patna,Dhanarua,0,0,,212,10,1409,,95102.40821522896,225577653.19725513,0.0004032400011444092,0.0002771828255551578,163,0.045180800565490724
10-230-01410,BIHAR,Patna,Punpun,0,0,,212,10,1410,,82554.93388622913,161116560.78819045,0.0004032400011444092,0.00027338305162332826,118,0.03225920009155273
10-230-01411,BIHAR,Patna,Fatwah,0,0,,212,10,1411,,97950.27190535897,155697451.47083917,0.0,0.0,115,0.0
10-230-01412,BIHAR,Patna,Daniawan,0,0,,212,10,1412,,69689.77872311571,79566220.36857046,0.0,0.0,56,0.0
10-230-01414,BIHAR,Patna,Bakhtiarpur,0,0,,212,10,1414,,120205.01587822943,168153072.20481881,0.0,0.0,120,0.0
10-230-01416,BIHAR,Patna,Belchhi,0,0,,212,10,1416,,88573.78025963024,87443681.0926542,0.0,0.0,70,0.0
10-230-01417,BIHAR,Patna,Barh,0,0,,212,10,1417,,95365.9771693495,147280816.515725,0.0,0.0,104,0.0
10-230-01419,BIHAR,Patna,Ghoswari,0,0,,212,10,1419,,66454.95033385535,164897376.1169027,0.0,0.0,126,0.0
10-230-01418,BIHAR,Patna,Pandarak,0,0,,212,10,1418,,106894.44852036482,252509471.6555304,0.0,0.0,180,0.0
10-232-01438,BIHAR,Buxar,Chaugain,0,0,,194,10,1438,,52625.33924401454,66025696.44875917,0.0006376861959838868,0.0006376861959838868,49,0.031246623603210455
10-232-01439,BIHAR,Buxar,Kesath,0,0,,194,10,1439,,34661.84662025829,38236018.49691825,0.0006376861959838868,0.0006376861959838868,29,0.018492899683532717
10-230-01420,BIHAR,Patna,Mokameh,0,0,,212,10,1420,,127700.39840194934,244519830.48183808,0.0,0.0,181,0.0
10-231-01421,BIHAR,Bhojpur,Shahpur,0,0,,193,10,1421,,110658.91431619873,211766871.4500774,0.000876650157623291,0.0008314269551109655,156,0.12970260499731062
10-234-01460,BIHAR,Rohtas,Suryapura,0,0,,215,10,1460,,56159.7630280001,69765063.31452103,0.0007046923895263673,0.0007046923895263673,47,0.03312054230773926
10-231-01422,BIHAR,Bhojpur,Arrah,0,0,,193,10,1422,,120924.06747051864,221925641.7145924,0.000876650157623291,0.0007130603547080657,159,0.11337659639858245
10-231-01423,BIHAR,Bhojpur,Barhara,0,0,,193,10,1423,,128817.96875565937,258494738.36324885,0.000876650157623291,0.0007958530248412288,191,0.1520079277446747
10-231-01424,BIHAR,Bhojpur,Koilwar,0,0,,193,10,1424,,94779.33453556667,208456312.66749656,0.0007588467044830322,0.0006615411891886052,149,0.09856963718910217
10-231-01425,BIHAR,Bhojpur,Sandesh,0,0,,193,10,1425,,60697.76797134289,164599530.19806212,0.0006349277149200439,0.0005968510912581621,118,0.07042842876846313
10-231-01426,BIHAR,Bhojpur,Udwant Nagar,0,0,,193,10,1426,,92445.60417460876,217797556.82002312,0.0007445229740333558,0.0007009571567460766,161,0.11285410223611833
10-234-01461,BIHAR,Rohtas,Bikramganj,0,0,,215,10,1461,,88556.32896667719,168723569.68103397,0.0007046923895263673,0.0007046923895263674,129,0.09090531824890138
10-231-01427,BIHAR,Bhojpur,Behea,0,0,,193,10,1427,,114516.77527652554,206091349.70539597,0.000876650157623291,0.0007148184600860596,150,0.10722276901290895
10-231-01428,BIHAR,Bhojpur,Jagdishpur,0,0,,193,10,1428,,109726.00219208181,318463526.4488765,0.0007445229740333558,0.0007337455797564356,228,0.16729399218446733
10-231-01429,BIHAR,Bhojpur,Piro,0,0,,193,10,1429,,100703.96274410955,268205354.86689487,0.0007445229740333558,0.0006889280699453354,200,0.13778561398906708
10-234-01462,BIHAR,Rohtas,Karakat,0,0,,215,10,1462,,102232.22868007293,251121712.10833624,0.0007046923895263673,0.0006784344081926346,176,0.1194044558419037
10-231-01430,BIHAR,Bhojpur,Charpokhari,0,0,,193,10,1430,,88834.1327790213,135855258.49695313,0.0007445229740333558,0.0006970172008450157,95,0.06621663408027649
10-231-01431,BIHAR,Bhojpur,Garhani,0,0,,193,10,1431,,93054.52180151101,137128723.85739592,0.0007445229740333558,0.0007366753314547864,103,0.075877559139843
10-231-01432,BIHAR,Bhojpur,Agiaon,0,0,,193,10,1432,,87534.07309197474,191419206.17039648,0.0007445229740333558,0.0005625142293110855,139,0.07818947787424088
10-231-01433,BIHAR,Bhojpur,Tarari,0,0,,193,10,1433,,95157.98131215997,247108515.4982669,0.0007046923895263673,0.0006801190622672389,177,0.12038107402130127
10-231-01434,BIHAR,Bhojpur,Sahar,0,0,,193,10,1434,,61748.81499939302,157154129.14318892,0.0006771640419006348,0.0006297696382551928,117,0.07368304767585755
10-232-01435,BIHAR,Buxar,Simri,0,0,,194,10,1435,,87047.69219699135,222195796.247413,0.0006941095044708252,0.0005780049417279407,164,0.09479281044338227
10-232-01436,BIHAR,Buxar,Chakki,0,0,,194,10,1436,,73799.54032015939,80420668.23199363,0.0006941095044708252,0.000685293362519741,64,0.043858775201263425
10-232-01437,BIHAR,Buxar,Barhampur,0,0,,194,10,1437,,133928.15369382405,240152233.65370417,0.000876650157623291,0.0006491780256066296,173,0.11230779842994691
10-232-01440,BIHAR,Buxar,Dumraon,0,0,,194,10,1440,,115797.88145848007,238641355.07175583,0.0006376861959838868,0.0005703778441956199,169,0.09639385566905977
10-232-01441,BIHAR,Buxar,Buxar,0,0,,194,10,1441,,90996.21871903203,211591033.38394436,0.000414644794960022,0.00041359521391801774,157,0.06493444858512878
10-232-01442,BIHAR,Buxar,Chausa,0,0,,194,10,1442,,99103.08457070828,138502720.57991108,0.000414644794960022,0.000341941751542136,107,0.03658776741500855
10-232-01443,BIHAR,Buxar,Rajpur,0,0,,194,10,1443,,121142.9666413415,336933113.12217736,0.000414644794960022,0.0003396499914935365,245,0.08321424791591644
10-232-01444,BIHAR,Buxar,Itarhi,0,0,,194,10,1444,,109439.3274763228,293713382.2816445,0.000414644794960022,0.00041381080233907015,209,0.08648645768886566
10-232-01445,BIHAR,Buxar,Nawanagar,0,0,,194,10,1445,,126567.10382889764,229774401.79100823,0.0007046923895263673,0.0006227140817655757,169,0.10523867981838228
10-233-01446,BIHAR,Kaimur (Bhabua),Ramgarh,0,0,,200,10,1446,,124781.0721120257,206666195.02442607,0.0002734618434143067,0.00023793613510030787,151,0.03592835640014649
10-233-01447,BIHAR,Kaimur (Bhabua),Nuaon,0,0,,200,10,1447,,121732.74643995032,235834986.4758632,0.0003274925660705566,0.00027765643798471196,171,0.047479250895385745
10-233-01448,BIHAR,Kaimur (Bhabua),Kudra,0,0,,200,10,1448,,132624.50147962422,255577893.54332253,0.0002734618434143067,0.0002335252999230037,189,0.0441362816854477
10-233-01449,BIHAR,Kaimur (Bhabua),Mohania,0,0,,200,10,1449,,142323.6809133636,349176573.6513165,0.0002734618434143067,0.00024315392774537214,256,0.06224740550281527
10-233-01450,BIHAR,Kaimur (Bhabua),Durgawati,0,0,,200,10,1450,,108544.41183902678,212580801.4059764,0.00015932605712890626,0.00015932605712890623,154,0.02453621279785156
10-233-01451,BIHAR,Kaimur (Bhabua),Chand,0,0,,200,10,1451,,97099.60209928264,257974481.1925409,0.00015932605712890626,0.00013091643136673787,188,0.024612289096946717
10-233-01452,BIHAR,Kaimur (Bhabua),Chainpur,0,0,,200,10,1452,,170712.34536647963,555311526.8488017,0.00015932605712890626,0.00012550321001020054,407,0.05107980647415162
10-233-01453,BIHAR,Kaimur (Bhabua),Bhabua,0,0,,200,10,1453,,143727.89821118704,407618990.38615096,0.0002734618434143067,0.00017742361010453234,301,0.05340450664146423
10-233-01454,BIHAR,Kaimur (Bhabua),Rampur,0,0,,200,10,1454,,126612.15498309073,210660395.23746365,0.00020546178287506102,0.00017518320526865505,149,0.0261022975850296
10-233-01455,BIHAR,Kaimur (Bhabua),Bhagwanpur,0,0,,200,10,1455,,134815.05705103654,292151198.96788174,0.00020546178287506102,0.00015260057608003304,211,0.03219872155288697
10-233-01456,BIHAR,Kaimur (Bhabua),Adhaura,0,0,,200,10,1456,,271357.2345421078,1135984955.9859164,0.00020546178287506102,0.00010743011503895074,833,0.08948928582744597
10-234-01457,BIHAR,Rohtas,Kochas,0,0,,215,10,1457,,90248.48407846906,187033418.62218276,0.0003274925660705566,0.00031071029615460026,132,0.04101375909240723
10-234-01458,BIHAR,Rohtas,Dinara,0,0,,215,10,1458,,157118.7651045217,464648316.8452498,0.0007046923895263673,0.0004159851932742659,341,0.14185095090652466
10-234-01459,BIHAR,Rohtas,Dawath,0,0,,215,10,1459,,78120.6651060775,129910427.66035384,0.0007046923895263673,0.0007046923895263674,94,0.06624108461547853
10-234-01466,BIHAR,Rohtas,Nokha,0,0,,215,10,1466,,82152.91978314315,208772248.59610957,0.000626632294845581,0.0003667442402597375,148,0.05427814755844115
10-235-01476,BIHAR,Aurangabad,Daudnagar,0,0,,189,10,1476,,91010.07504965532,238139281.75712803,0.000626632294845581,0.0005920218556274765,174,0.10301180287918091
10-234-01467,BIHAR,Rohtas,Kargahar,0,0,,215,10,1467,,128509.87472624176,406135690.59563094,0.0003274925660705566,0.0002828892262822228,296,0.08373521097953796
10-234-01468,BIHAR,Rohtas,Chenari,0,0,,215,10,1468,,121720.69626398994,292642418.8385522,0.0002860398796463013,0.00015949743151163503,215,0.03429194777500153
10-234-01469,BIHAR,Rohtas,Nauhatta,0,0,,215,10,1469,,175494.75594492842,478591449.404211,0.0002575409213256836,0.00014399848363897894,354,0.05097546320819854
10-234-01470,BIHAR,Rohtas,Sheosagar,0,0,,215,10,1470,,135463.8765525897,406503956.12222886,0.0002860398796463013,0.00024003678678053515,295,0.07081085210025787
10-234-01471,BIHAR,Rohtas,Sasaram,0,0,,215,10,1471,,135810.11950728856,394273130.8742507,0.000626632294845581,0.0002833777159138383,290,0.08217953761501312
10-234-01473,BIHAR,Rohtas,Dehri,0,0,,215,10,1473,,97323.52013589225,199371136.99043605,0.000626632294845581,0.0005224952991961775,145,0.07576181838344574
10-235-01477,BIHAR,Aurangabad,Haspura,0,0,,189,10,1477,,88845.10694940752,164519986.5205008,0.0005870124499511718,0.0005815493726550646,121,0.07036747409126282
10-235-01478,BIHAR,Aurangabad,Goh,0,0,,189,10,1478,,122286.20877621078,374665187.3660463,0.0005870124499511718,0.00034884638165249546,272,0.09488621580947876
10-236-01491,BIHAR,Gaya,Neem Chak Bathani,0,0,,196,10,1491,,79540.44278654993,146770773.7769567,0.0002585912194824219,0.0002585912194824219,103,0.026634895606689454
10-235-01479,BIHAR,Aurangabad,Rafiganj,0,0,,189,10,1479,,167069.30684925965,465687847.79432577,0.0005870124499511718,0.00035446737517773585,341,0.12087337493560792
10-235-01480,BIHAR,Aurangabad,Obra,0,0,,189,10,1480,,130720.05569071589,327203821.09876627,0.000626632294845581,0.0005653943642299989,237,0.13399846432250975
10-236-01494,BIHAR,Gaya,Manpur,0,0,,196,10,1494,,77081.78707553667,161226183.41058797,0.00031768520500183105,0.0002147473352946406,115,0.02469594355888367
10-235-01481,BIHAR,Aurangabad,Aurangabad,0,0,,189,10,1481,,125502.68609205673,344679798.38062614,0.0002958094440460205,0.00027240925275087355,256,0.06973676870422363
10-237-01511,BIHAR,Nawada,Nardiganj,0,0,,210,10,1511,,60262.24041371029,129808165.4472442,0.00014449451301574707,0.00014449451301574707,95,0.013726978736495973
10-235-01482,BIHAR,Aurangabad,Barun,0,0,,189,10,1482,,117269.30390529483,381782699.30215496,0.000626632294845581,0.0004021453603744507,280,0.1126007009048462
10-235-01483,BIHAR,Aurangabad,Nabinagar,0,0,,189,10,1483,,173491.30877801325,657546828.2218357,0.0002958094440460205,0.00023226611624486702,483,0.11218453414627078
10-235-01484,BIHAR,Aurangabad,Kutumba,0,0,,189,10,1484,,110495.73757590447,319048251.76106954,0.0002958094440460205,0.00018411480084215193,229,0.04216228939285279
10-235-01485,BIHAR,Aurangabad,Deo,0,0,,189,10,1485,,158578.88849021672,336990745.1586724,0.0002958094440460205,0.0002066351152397247,251,0.051865413925170904
10-235-01486,BIHAR,Aurangabad,Madanpur,0,0,,189,10,1486,,153529.37367368402,418713952.50229967,0.00032380156524658204,0.00024511157384755157,309,0.07573947631889344
10-236-01487,BIHAR,Gaya,Konch,0,0,,196,10,1487,,154041.56172387034,319288521.7326548,0.00032380156524658204,0.00027622368662406666,232,0.06408389529678346
10-236-01488,BIHAR,Gaya,Tikari,0,0,,196,10,1488,,122221.36853604284,290576655.12704176,0.00032380156524658204,0.00027656184301866305,218,0.06029048177806855
10-236-01489,BIHAR,Gaya,Belaganj,0,0,,196,10,1489,,113473.13279109563,240372540.95814112,0.00031768520500183105,0.000317685205001831,180,0.05718333690032958
10-236-01490,BIHAR,Gaya,Khizirsarai,0,0,,196,10,1490,,103698.13096672995,223124430.97950032,0.00031768520500183105,0.00028737098345854795,165,0.04741621227066041
10-236-01492,BIHAR,Gaya,Muhra,0,0,,196,10,1492,,93681.45756176667,181269438.2139707,0.0002585912194824219,0.00023932660371353377,134,0.032069764897613526
10-236-01493,BIHAR,Gaya,Atri,0,0,,196,10,1493,,103075.15367958385,161340647.62451813,0.00031768520500183105,0.00024002110477671905,119,0.028562511468429568
10-236-01495,BIHAR,Gaya,Gaya Town C.D.Block,0,0,,196,10,1495,,91678.58033080616,224144813.6021213,0.00031768520500183105,0.00022544217890058246,161,0.036296190802993775
10-236-01496,BIHAR,Gaya,Paraiya,0,0,,196,10,1496,,75593.31264449215,167300846.5298876,0.00032380156524658204,0.0002745171681671143,120,0.03294206018005372
10-236-01497,BIHAR,Gaya,Guraru,0,0,,196,10,1497,,81292.54933661391,199646285.7542363,0.00032380156524658204,0.0003238015652465821,147,0.04759883009124757
10-237-01512,BIHAR,Nawada,Nawada,0,0,,210,10,1512,,86822.75137888109,219317998.1072041,0.00018319459857940674,0.00014671298925824985,157,0.023033939313545228
10-236-01498,BIHAR,Gaya,Gurua,0,0,,196,10,1498,,117859.62964526065,238015237.1519128,0.00032380156524658204,0.00031021270078890583,173,0.05366679723648071
10-236-01499,BIHAR,Gaya,Amas,0,0,,196,10,1499,,100546.69423332924,128484051.44985774,0.00032380156524658204,0.0002376772464977064,95,0.02257933841728211
10-237-01517,BIHAR,Nawada,Roh,0,0,,210,10,1517,,77804.52626079548,192537548.9783989,0.00018319459857940674,0.000134136480987072,144,0.01931565326213837
10-236-01500,BIHAR,Gaya,Banke Bazar,0,0,,196,10,1500,,85166.97220092022,256240042.68049288,0.0002305873849487305,0.00021525156247538904,186,0.04003679062042236
10-236-01501,BIHAR,Gaya,Imamganj,0,0,,196,10,1501,,136271.57775821586,316917295.57645696,0.0002305873849487305,0.0001607354136743905,239,0.038415763868179326
10-236-01502,BIHAR,Gaya,Dumaria,0,0,,196,10,1502,,119690.94596035974,390676703.928496,0.00017465673828125002,0.0001478453014587938,285,0.04213591091575623
10-236-01503,BIHAR,Gaya,Sherghati,0,0,,196,10,1503,,100322.2973073121,167902109.12194017,0.00032380156524658204,0.00023644040905588048,123,0.0290821703138733
10-238-01531,BIHAR,Jamui,Gidhaur,0,0,,198,10,1531,,55211.5633940527,100392309.18230554,0.00033201997802734376,0.00028296888505249026,75,0.02122266637893677
10-236-01504,BIHAR,Gaya,Dobhi,0,0,,196,10,1504,,103572.88994215836,218837778.49499393,0.0002305873849487305,0.00019530770006073194,161,0.03144453970977784
10-236-01505,BIHAR,Gaya,Bodh Gaya,0,0,,196,10,1505,,120948.91182130505,306843965.9119923,0.00032380156524658204,0.00020919768168971848,230,0.04811546678863525
10-236-01506,BIHAR,Gaya,Tan Kuppa,0,0,,196,10,1506,,108147.94853451202,190099968.23000297,0.00021006834121704103,0.00017218284521871538,134,0.023072501259307862
10-240-01542,BIHAR,Arwal,Arwal,0,0,,611,10,1542,,73924.8054791393,147787869.27798152,0.0006771640419006348,0.0004610829779118759,104,0.04795262970283509
10-236-01507,BIHAR,Gaya,Wazirganj,0,0,,196,10,1507,,105472.06999302967,323030583.61833626,0.00021006834121704103,0.00015682512428219034,236,0.03701072933059692
10-236-01508,BIHAR,Gaya,Fatehpur,0,0,,196,10,1508,,155359.44599717355,408449805.62920874,0.0001516246240234375,0.00011456150834008268,304,0.034826698535385135
10-240-01543,BIHAR,Arwal,Kaler,0,0,,611,10,1543,,67777.19153730445,176075758.749563,0.0006771640419006348,0.0006620240798938548,131,0.08672515446609497
10-236-01509,BIHAR,Gaya,Mohanpur,0,0,,196,10,1509,,119906.24818546322,418796109.2883684,0.00021006834121704103,0.00015525321252703273,303,0.04704172339569092
10-240-01544,BIHAR,Arwal,Karpi,0,0,,611,10,1544,,158139.92638461498,234985661.7206014,0.0006771640419006348,0.0003980594886839667,172,0.06846623205364227
10-236-01510,BIHAR,Gaya,Barachatti,0,0,,196,10,1510,,138753.78132836288,366328956.31361085,0.00018755686019897462,0.00017916117486960672,275,0.04926932308914185
10-237-01513,BIHAR,Nawada,Warisaliganj,0,0,,210,10,1513,,109792.76918459819,202861050.3008767,0.00014449451301574707,9.581923931043976e-05,147,0.014085428178634646
10-237-01514,BIHAR,Nawada,Kashi Chak,0,0,,210,10,1514,,73948.94452619922,98983451.20841853,6.671989089965821e-05,6.671989089965821e-05,72,0.004803832144775391
10-237-01515,BIHAR,Nawada,Pakribarawan,0,0,,210,10,1515,,104545.76938151139,251834567.85717744,6.671989089965821e-05,6.671989089965821e-05,184,0.012276459925537112
10-237-01516,BIHAR,Nawada,Kawakol,0,0,,210,10,1516,,121170.20018263235,362955647.76482904,0.0003355427359008789,0.00025099629279803513,266,0.06676501388427734
10-237-01518,BIHAR,Nawada,Gobindpur,0,0,,210,10,1518,,73133.35659787485,188189390.13263756,0.00018319459857940674,0.00015938485880770002,140,0.022313880233078003
10-237-01519,BIHAR,Nawada,Akbarpur,0,0,,210,10,1519,,91268.2921062847,249541236.96202633,0.00018319459857940674,0.00018319459857940674,184,0.03370780613861084
10-237-01520,BIHAR,Nawada,Hisua,0,0,,210,10,1520,,85113.4923130193,144090762.99664384,0.0002585912194824219,0.0001698689499301177,104,0.017666370792732238
10-237-01521,BIHAR,Nawada,Narhat,0,0,,210,10,1521,,62856.50481924386,99624005.77002536,0.00018319459857940674,0.00018319459857940677,69,0.012640427301979066
10-237-01522,BIHAR,Nawada,Meskaur,0,0,,210,10,1522,,75185.00287586387,145604023.18435815,0.00018319459857940674,0.0001606446167537144,112,0.017992197076416014
10-237-01523,BIHAR,Nawada,Sirdala,0,0,,210,10,1523,,111278.51695598938,301894539.186342,0.00018319459857940674,0.00014113650693753444,218,0.03076775851238251
10-237-01524,BIHAR,Nawada,Rajauli,0,0,,210,10,1524,,132370.86211000624,450216393.36794454,0.00018319459857940674,0.00012470151435439652,333,0.04152560428001404
10-238-01525,BIHAR,Jamui,Islamnagar Aliganj,0,0,,198,10,1525,,96153.77396855215,213408239.47295904,0.0003355427359008789,7.50581930571336e-05,156,0.011709078116912842
10-238-01526,BIHAR,Jamui,Sikandra,0,0,,198,10,1526,,86788.2538333537,223096734.30010977,0.0003355427359008789,8.303967472971222e-05,162,0.01345242730621338
10-238-01527,BIHAR,Jamui,Jamui,0,0,,198,10,1527,,90084.78430112793,212157753.6648698,0.00024229236892700198,0.00023999495016971715,155,0.03719921727630616
10-238-01528,BIHAR,Jamui,Barhat,0,0,,198,10,1528,,114104.37581341481,270298087.1382075,0.00024229236892700198,0.00020170532235547374,197,0.039735948504028326
10-238-01529,BIHAR,Jamui,Lakshmipur,0,0,,198,10,1529,,112147.89260238525,307635253.00857943,0.00024229236892700198,6.461129838053387e-05,225,0.01453754213562012
10-238-01530,BIHAR,Jamui,Jhajha,0,0,,198,10,1530,,147664.43327942316,507112726.974952,0.00033201997802734376,0.00021458941547166976,370,0.07939808372451782
10-238-01532,BIHAR,Jamui,Khaira,0,0,,198,10,1532,,142747.05687020053,513762691.7981683,0.0003355427359008789,0.00032072506932792356,377,0.12091335113662718
10-238-01533,BIHAR,Jamui,Sono,0,0,,198,10,1533,,117724.39892386932,474283005.7300444,0.00033201997802734376,0.00031356042062316726,349,0.10943258679748538
10-238-01534,BIHAR,Jamui,Chakai,0,0,,198,10,1534,,243956.2217086091,956725034.6798706,0.0003355427359008789,0.00019176536614903044,700,0.1342357563043213
10-239-01535,BIHAR,Jehanabad,Ratni Faridpur,0,0,,199,10,1535,,82762.53932271499,155018952.20303965,0.0003853142931365967,0.00034847178467332273,114,0.03972578345275879
10-239-01536,BIHAR,Jehanabad,Jehanabad,0,0,,199,10,1536,,97254.09844747804,201426556.69272655,0.00035046893608093265,0.00035046893608093265,148,0.05186940253997803
10-239-01537,BIHAR,Jehanabad,Kako,0,0,,199,10,1537,,83599.3529020472,162373941.78194478,0.00035046893608093265,0.0003504689360809326,118,0.04135533445755005
10-239-01538,BIHAR,Jehanabad,Modanganj,0,0,,199,10,1538,,66522.90037500951,97205276.85869928,0.00035046893608093265,0.0003100111505712979,69,0.021390769389419556
10-239-01539,BIHAR,Jehanabad,Ghoshi,0,0,,199,10,1539,,82931.95174196921,112225161.55433495,0.00035046893608093265,0.0003293623812176808,83,0.027337077641067506
10-239-01540,BIHAR,Jehanabad,Makhdumpur,0,0,,199,10,1540,,128831.72570768485,301471679.33572614,0.00035046893608093265,0.0003213110554437593,217,0.06972449903129577
10-239-01541,BIHAR,Jehanabad,Hulasganj,0,0,,199,10,1541,,87179.53907708311,119677697.18988888,0.00035046893608093265,0.0002852745079201593,90,0.025674705712814334
10-240-01545,BIHAR,Arwal,Sonbhadra Banshi Suryapur,0,0,,611,10,1545,,62692.97791397586,116643000.97724338,0.0003853142931365967,0.000287536760187264,83,0.023865551095542913
10-240-01546,BIHAR,Arwal,Kurtha,0,0,,611,10,1546,,71585.17106640573,106433073.5354984,0.0003853142931365967,0.00031925377026484564,78,0.02490179408065796
10-224-01334,BIHAR,Bhagalpur,Gopalpur,0,0,,192,10,1334,,95407.9186210158,208941966.91883087,0.0,0.0,153,0.0
10-210-01127,BIHAR,Kishanganj,Kishanganj,0,0,,203,10,1127,,125268.33771117091,207105687.55921903,0.0,0.0,152,0.0
10-206-01064,BIHAR,Sitamarhi,Suppi,0,0,,221,10,1064,,71084.15120823232,92250451.53846286,0.0,0.0,66,0.0
10-234-01463,BIHAR,Rohtas,Nasriganj,0,0,,215,10,1463,,90034.07903274363,167356919.18355417,0.00015428502136230468,0.00011595707567003038,126,0.014610591534423829
10-234-01464,BIHAR,Rohtas,Rajpur,0,0,,215,10,1464,,68660.48684625747,85633596.4997788,0.00010417658294677734,0.00010417658294677736,63,0.006563124725646973
10-234-01465,BIHAR,Rohtas,Sanjhauli,0,0,,215,10,1465,,56591.722358052,83833486.39015438,0.00012992069793701174,0.0001250170569864909,63,0.007876074590148927
10-203-01023,BIHAR,Pashchim Champaran,Thakrahan,0,0,,211,10,1023,,79847.09402015881,199004696.79409248,0.0,0.0,145,0.0
10-204-01054,BIHAR,Purbi Champaran,Phenhara,0,0,,213,10,1054,,44565.43736457999,67645025.94776015,0.0,0.0,51,0.0
10-219-01262,BIHAR,Saran,Maker,0,0,,218,10,1262,,62357.8736467211,96585777.9808088,0.0,0.0,71,0.0
10-220-01282,BIHAR,Vaishali,Sahdai Buzurg,0,0,,224,10,1282,,74546.65030748869,114161677.3631406,0.0,0.0,84,0.0
10-229-01388,BIHAR,Nalanda,Tharthari,0,0,,209,10,1388,,71853.42144919158,77411758.12428828,0.000256485827331543,0.00023449963273790145,54,0.012662980167846678
10-229-01389,BIHAR,Nalanda,Parbalpur,0,0,,209,10,1389,,54466.2339431045,76043839.88376136,0.000256485827331543,0.0002186269463348389,56,0.012243108994750979
10-203-01022,BIHAR,Pashchim Champaran,Bhitaha,0,0,,211,10,1022,,72626.86760213553,166969906.7472905,0.0,0.0,117,0.0
10-203-01013,BIHAR,Pashchim Champaran,Sidhaw,0,0,,211,10,1013,,195582.3602130639,1085337194.6715722,0.0,0.0,781,0.0
10-203-01014,BIHAR,Pashchim Champaran,Ramnagar,0,0,,211,10,1014,,230865.78384139363,866139404.2451236,0.0,0.0,621,0.0
10-203-01015,BIHAR,Pashchim Champaran,Gaunaha,0,0,,211,10,1015,,136504.94021895694,605322845.3823951,0.0,0.0,441,0.0
10-203-01016,BIHAR,Pashchim Champaran,Mainatanr,0,0,,211,10,1016,,115419.13930249632,312998546.4010918,0.0,0.0,221,0.0
10-203-01017,BIHAR,Pashchim Champaran,Narkatiaganj,0,0,,211,10,1017,,149144.20649331805,441857686.2127825,0.0,0.0,314,0.0
10-203-01018,BIHAR,Pashchim Champaran,Lauriya,0,0,,211,10,1018,,120853.32018665274,255440417.54612216,0.0,0.0,183,0.0
10-203-01019,BIHAR,Pashchim Champaran,Bagaha,0,0,,211,10,1019,,135587.24079810514,491292931.53180623,0.0,0.0,352,0.0
10-203-01021,BIHAR,Pashchim Champaran,Madhubani,0,0,,211,10,1021,,144670.82201821523,386116138.1353823,0.0,0.0,276,0.0
10-203-01024,BIHAR,Pashchim Champaran,Jogapatti,0,0,,211,10,1024,,88530.23644360513,258722436.3759333,0.0,0.0,186,0.0
10-203-01029,BIHAR,Pashchim Champaran,Bairia,0,0,,211,10,1029,,105039.82861382668,288505226.87341565,0.0,0.0,208,0.0
10-203-01025,BIHAR,Pashchim Champaran,Chanpatia,0,0,,211,10,1025,,113543.7602983494,310017349.34780717,0.0,0.0,226,0.0
10-206-01071,BIHAR,Sitamarhi,Parsauni,0,0,,221,10,1071,,63729.135625112256,74724139.64418457,0.0,0.0,55,0.0
10-203-01026,BIHAR,Pashchim Champaran,Sikta,0,0,,211,10,1026,,93443.22825707054,255004178.86147365,0.0,0.0,183,0.0
10-203-01027,BIHAR,Pashchim Champaran,Majhaulia,0,0,,211,10,1027,,123374.4030721297,371511179.15939575,0.0,0.0,265,0.0
10-203-01028,BIHAR,Pashchim Champaran,Bettiah,0,0,,211,10,1028,,53968.26030594324,83182055.35378212,0.0,0.0,59,0.0
10-203-01030,BIHAR,Pashchim Champaran,Nautan,0,0,,211,10,1030,,122656.63983711715,245738630.13883996,0.0,0.0,171,0.0
10-204-01031,BIHAR,Purbi Champaran,Raxaul,0,0,,213,10,1031,,98709.78801801558,166685360.13968688,0.0,0.0,124,0.0
10-206-01072,BIHAR,Sitamarhi,Belsand,0,0,,221,10,1072,,66235.5873217276,97354060.86547032,0.0,0.0,70,0.0
10-206-01073,BIHAR,Sitamarhi,Runisaidpur,0,0,,221,10,1073,,152472.54206325076,334873257.0825382,0.0,0.0,243,0.0
10-204-01032,BIHAR,Purbi Champaran,Adapur,0,0,,213,10,1032,,94532.37688292323,199608924.7111849,0.0,0.0,148,0.0
10-206-01074,BIHAR,Sitamarhi,Dumra,0,0,,221,10,1074,,111649.34177378344,241159212.36062923,0.0,0.0,178,0.0
10-204-01033,BIHAR,Purbi Champaran,Ramgarhwa,0,0,,213,10,1033,,90718.26831189607,213035907.5226096,0.0,0.0,154,0.0
10-204-01034,BIHAR,Purbi Champaran,Sugauli,0,0,,213,10,1034,,84892.41923436844,209336830.19001696,0.0,0.0,149,0.0
10-204-01038,BIHAR,Purbi Champaran,Ghorasahan,0,0,,213,10,1038,,75335.10865687576,144368243.47105,0.0,0.0,104,0.0
10-204-01035,BIHAR,Purbi Champaran,Banjaria,0,0,,213,10,1035,,102381.40449613356,176960195.87167916,0.0,0.0,124,0.0
10-204-01047,BIHAR,Purbi Champaran,Kesaria,0,0,,213,10,1047,,87546.8206889307,229535442.11688668,0.0,0.0,168,0.0
10-204-01036,BIHAR,Purbi Champaran,Narkatia,0,0,,213,10,1036,,105607.09704406632,168338010.30978012,0.0,0.0,120,0.0
10-204-01037,BIHAR,Purbi Champaran,Bankatwa,0,0,,213,10,1037,,99233.37216886049,115311013.90225838,0.0,0.0,82,0.0
10-204-01039,BIHAR,Purbi Champaran,Dhaka,0,0,,213,10,1039,,97673.73467814895,202386545.86227983,0.0,0.0,145,0.0
10-204-01048,BIHAR,Purbi Champaran,Kalyanpur,0,0,,213,10,1048,,109413.20044555076,313300912.50613195,0.0,0.0,230,0.0
10-204-01040,BIHAR,Purbi Champaran,Chiraia,0,0,,213,10,1040,,110764.71696779084,272984575.32652414,0.0,0.0,199,0.0
10-204-01041,BIHAR,Purbi Champaran,Motihari,0,0,,213,10,1041,,181544.26702654368,319814691.13850176,0.0,0.0,241,0.0
10-204-01049,BIHAR,Purbi Champaran,Kotwa,0,0,,213,10,1049,,78879.98205471091,178282937.71225017,0.0,0.0,126,0.0
10-204-01042,BIHAR,Purbi Champaran,Turkaulia,0,0,,213,10,1042,,99475.78497366334,174748315.94966665,0.0,0.0,130,0.0
10-204-01050,BIHAR,Purbi Champaran,Piprakothi,0,0,,213,10,1050,,58369.33889310607,62223774.49301849,0.0,0.0,45,0.0
10-204-01043,BIHAR,Purbi Champaran,Harsidhi,0,0,,213,10,1043,,133904.34238337883,240218359.62130272,0.0,0.0,173,0.0
10-204-01044,BIHAR,Purbi Champaran,Paharpur,0,0,,213,10,1044,,108730.62076802726,192061375.0173064,0.0,0.0,144,0.0
10-204-01045,BIHAR,Purbi Champaran,Areraj,0,0,,213,10,1045,,93331.67353690567,242725576.26244012,0.0,0.0,174,0.0
10-204-01046,BIHAR,Purbi Champaran,Sangrampur,0,0,,213,10,1046,,78133.67961210197,187659878.02718252,0.0,0.0,133,0.0
10-204-01051,BIHAR,Purbi Champaran,Chakia(Pipra),0,0,,213,10,1051,,129110.66914194856,212940547.80779588,0.0,0.0,145,0.0
10-204-01052,BIHAR,Purbi Champaran,Pakri Dayal,0,0,,213,10,1052,,90143.40730437863,148110040.62869397,0.0,0.0,106,0.0
10-204-01053,BIHAR,Purbi Champaran,Patahi,0,0,,213,10,1053,,85994.51677214028,144960443.14880535,0.0,0.0,100,0.0
10-204-01055,BIHAR,Purbi Champaran,Madhuban,0,0,,213,10,1055,,112681.00006095257,152424272.44650427,0.0,0.0,114,0.0
10-204-01056,BIHAR,Purbi Champaran,Tetaria,0,0,,213,10,1056,,82320.72754353678,104458405.63845472,0.0,0.0,74,0.0
10-205-01058,BIHAR,Sheohar,Purnahiya,0,0,,220,10,1058,,57294.126150412616,80859097.14068061,0.0,0.0,59,0.0
10-204-01057,BIHAR,Purbi Champaran,Mehsi,0,0,,213,10,1057,,125063.78039343117,149773808.08158112,0.0,0.0,108,0.0
10-205-01059,BIHAR,Sheohar,Piprarhi,0,0,,220,10,1059,,105870.45511307275,104265216.9562483,0.0,0.0,77,0.0
10-205-01060,BIHAR,Sheohar,Sheohar,0,0,,220,10,1060,,81007.5322908237,115638983.35873616,0.0,0.0,83,0.0
10-205-01061,BIHAR,Sheohar,Dumri Katsari,0,0,,220,10,1061,,65038.65439014734,84655470.24819931,0.0,0.0,59,0.0
10-205-01062,BIHAR,Sheohar,Tariani Chowk,0,0,,220,10,1062,,97491.22869259815,171878914.60720828,0.0,0.0,126,0.0
10-206-01063,BIHAR,Sitamarhi,Bairgania,0,0,,221,10,1063,,59598.621146511534,94417571.99630062,0.0,0.0,70,0.0
10-206-01065,BIHAR,Sitamarhi,Majorganj,0,0,,221,10,1065,,62808.55729710282,95411217.42446172,0.0,0.0,68,0.0
10-206-01066,BIHAR,Sitamarhi,Sonbarsa,0,0,,221,10,1066,,92820.94699371175,224104085.6083578,0.0,0.0,155,0.0
10-206-01067,BIHAR,Sitamarhi,Parihar,0,0,,221,10,1067,,86838.20299610356,272812569.4060281,0.0,0.0,197,0.0
10-207-01095,BIHAR,Madhubani,Rajnagar,0,0,,206,10,1095,,78809.12744912357,223111125.2667772,0.0,0.0,158,0.0
10-206-01068,BIHAR,Sitamarhi,Sursand,0,0,,221,10,1068,,91215.71647520129,181412871.1123928,0.0,0.0,134,0.0
10-206-01069,BIHAR,Sitamarhi,Bathnaha,0,0,,221,10,1069,,120764.04051803834,251403523.12922087,0.0,0.0,185,0.0
10-206-01070,BIHAR,Sitamarhi,Riga,0,0,,221,10,1070,,129433.73210860479,163724219.02092636,0.0,0.0,114,0.0
10-210-01123,BIHAR,Kishanganj,Thakurganj,0,0,,203,10,1123,,224971.2940646554,491161543.46963537,0.0,0.0,353,0.0
10-210-01124,BIHAR,Kishanganj,Pothia,0,0,,203,10,1124,,167388.9118766352,443844792.4531903,0.0,0.0,321,0.0
10-210-01125,BIHAR,Kishanganj,Bahadurganj,0,0,,203,10,1125,,155296.13881782343,347494200.8377232,0.0,0.0,251,0.0
10-210-01126,BIHAR,Kishanganj,Kochadhamin,0,0,,203,10,1126,,139640.52665725534,360840233.8364798,0.0,0.0,258,0.0
10-211-01128,BIHAR,Purnia,Banmankhi,0,0,,214,10,1128,,142815.61519736593,459936087.34673214,0.0,0.0,333,0.0
10-206-01075,BIHAR,Sitamarhi,Bajpatti,0,0,,221,10,1075,,90407.29439213518,174303329.1783474,0.0,0.0,125,0.0
10-206-01076,BIHAR,Sitamarhi,Charaut,0,0,,221,10,1076,,85128.15752493152,91349700.81924292,0.0,0.0,62,0.0
10-206-01077,BIHAR,Sitamarhi,Pupri,0,0,,221,10,1077,,73992.24203369493,115338203.66308306,0.0,0.0,82,0.0
10-206-01078,BIHAR,Sitamarhi,Nanpur,0,0,,221,10,1078,,73315.01223618646,135892566.9983101,0.0,0.0,100,0.0
10-220-01283,BIHAR,Vaishali,Mahnar,0,0,,224,10,1283,,81638.1139853176,126474580.44313861,0.0,0.0,89,0.0
10-206-01079,BIHAR,Sitamarhi,Bokhara,0,0,,221,10,1079,,81978.13188098712,108574895.39827529,0.0,0.0,79,0.0
10-207-01080,BIHAR,Madhubani,Madhwapur,0,0,,206,10,1080,,88808.76172423853,137557654.90878707,0.0,0.0,103,0.0
10-207-01081,BIHAR,Madhubani,Harlakhi,0,0,,206,10,1081,,90217.76640094945,187441757.00046396,0.0,0.0,138,0.0
10-207-01082,BIHAR,Madhubani,Basopatti,0,0,,206,10,1082,,97634.90682970545,164238774.4639331,0.0,0.0,122,0.0
10-207-01089,BIHAR,Madhubani,Khajauli,0,0,,206,10,1089,,91171.28062794723,150968724.81279027,0.0,0.0,108,0.0
10-207-01083,BIHAR,Madhubani,Jainagar,0,0,,206,10,1083,,81489.61423509955,161880108.8306139,0.0,0.0,115,0.0
10-207-01090,BIHAR,Madhubani,Kaluahi,0,0,,206,10,1090,,62305.281593423286,101560283.08963235,0.0,0.0,75,0.0
10-207-01084,BIHAR,Madhubani,Ladania,0,0,,206,10,1084,,97928.14946240213,232665607.5684243,0.0,0.0,164,0.0
10-207-01085,BIHAR,Madhubani,Laukaha,0,0,,206,10,1085,,102032.19667129294,266340932.00179368,0.0,0.0,197,0.0
10-207-01086,BIHAR,Madhubani,Laukahi,0,0,,206,10,1086,,109679.24973352649,329223432.564553,0.0,0.0,237,0.0
10-207-01087,BIHAR,Madhubani,Phulparas,0,0,,206,10,1087,,117974.41186319289,199352334.8677591,0.0,0.0,140,0.0
10-207-01088,BIHAR,Madhubani,Babubarhi,0,0,,206,10,1088,,118996.04641992833,237192379.86086744,0.0,0.0,174,0.0
10-207-01091,BIHAR,Madhubani,Benipatti,0,0,,206,10,1091,,128414.2409747215,328987645.9449377,0.0,0.0,231,0.0
10-207-01092,BIHAR,Madhubani,Bisfi,0,0,,206,10,1092,,99754.46134559005,226192948.413646,0.0,0.0,165,0.0
10-207-01093,BIHAR,Madhubani,Madhubani,0,0,,206,10,1093,,109764.71764889831,200359220.56727448,0.0,0.0,142,0.0
10-207-01094,BIHAR,Madhubani,Pandaul,0,0,,206,10,1094,,102372.75527307783,208327489.63825428,0.0,0.0,148,0.0
10-207-01096,BIHAR,Madhubani,Andhratharhi,0,0,,206,10,1096,,97300.5167595078,186769445.10608673,0.0,0.0,134,0.0
10-207-01097,BIHAR,Madhubani,Jhanjharpur,0,0,,206,10,1097,,125261.96837896874,181284371.95402232,0.0,0.0,132,0.0
10-207-01098,BIHAR,Madhubani,Ghoghardiha,0,0,,206,10,1098,,114215.40677637524,211228851.4219488,0.0,0.0,159,0.0
10-207-01099,BIHAR,Madhubani,Lakhnaur,0,0,,206,10,1099,,72956.74167609161,146945623.14022,0.0,0.0,110,0.0
10-207-01100,BIHAR,Madhubani,Madhepur,0,0,,206,10,1100,,144505.38034518834,300452948.5687113,0.0,0.0,212,0.0
10-208-01101,BIHAR,Supaul,Nirmali,0,0,,223,10,1101,,123310.21889922836,162734364.67066902,0.0,0.0,118,0.0
10-208-01102,BIHAR,Supaul,Basantpur,0,0,,223,10,1102,,136288.63693043106,319456339.75100917,0.0,0.0,228,0.0
10-208-01103,BIHAR,Supaul,Chhatapur,0,0,,223,10,1103,,142271.17176584958,398825687.2446475,0.0,0.0,285,0.0
10-208-01104,BIHAR,Supaul,Pratapganj,0,0,,223,10,1104,,71155.69013184242,133032565.19323792,0.0,0.0,97,0.0
10-208-01105,BIHAR,Supaul,Raghopur,0,0,,223,10,1105,,111831.20983491397,255841046.48838165,0.0,0.0,187,0.0
10-221-01285,BIHAR,Samastipur,Warisnagar,0,0,,217,10,1285,,90241.30323013186,163846086.5162723,0.0,0.0,120,0.0
10-208-01106,BIHAR,Supaul,Saraigarh Bhaptiyahi,0,0,,223,10,1106,,105489.5116383213,257042943.27229512,0.0,0.0,189,0.0
10-208-01107,BIHAR,Supaul,Kishanpur,0,0,,223,10,1107,,125516.73810076228,248613546.3002807,0.0,0.0,177,0.0
10-208-01108,BIHAR,Supaul,Marauna,0,0,,223,10,1108,,114969.59778192453,206419565.01179272,0.0,0.0,149,0.0
10-208-01109,BIHAR,Supaul,Supaul,0,0,,223,10,1109,,122628.008173687,390920691.5720901,0.0,0.0,287,0.0
10-208-01110,BIHAR,Supaul,Pipra,0,0,,223,10,1110,,113516.78657800167,247320462.25611627,0.0,0.0,181,0.0
10-221-01287,BIHAR,Samastipur,Khanpur,0,0,,217,10,1287,,89337.20668890505,173313349.37261373,0.0,0.0,127,0.0
10-208-01111,BIHAR,Supaul,Tribeniganj,0,0,,223,10,1111,,136684.8917573132,402291551.99740016,0.0,0.0,290,0.0
10-209-01112,BIHAR,Araria,Narpatganj,0,0,,188,10,1112,,196352.82868709194,482872068.7863751,0.0,0.0,351,0.0
10-209-01113,BIHAR,Araria,Forbesganj,0,0,,188,10,1113,,165874.55860340688,546946456.996027,0.0,0.0,392,0.0
10-209-01114,BIHAR,Araria,Bhargama,0,0,,188,10,1114,,140909.75235341018,280499778.1128878,0.0,0.0,206,0.0
10-209-01115,BIHAR,Araria,Raniganj,0,0,,188,10,1115,,160625.61646677545,576910744.770993,0.0,0.0,418,0.0
10-209-01116,BIHAR,Araria,Araria,0,0,,188,10,1116,,192057.15187743204,506918787.2643526,0.0,0.0,371,0.0
10-209-01117,BIHAR,Araria,Kursakatta,0,0,,188,10,1117,,96566.38525637137,201032230.408231,0.0,0.0,147,0.0
10-209-01118,BIHAR,Araria,Sikti,0,0,,188,10,1118,,116798.35346995249,237753016.2819182,0.0,0.0,177,0.0
10-209-01119,BIHAR,Araria,Palasi,0,0,,188,10,1119,,132578.70192307016,306240761.34804773,0.0,0.0,222,0.0
10-209-01120,BIHAR,Araria,Jokihat,0,0,,188,10,1120,,155370.9524619173,341005127.7602247,0.0,0.0,246,0.0
10-210-01121,BIHAR,Kishanganj,Terhagachh,0,0,,203,10,1121,,121953.02658094271,245208326.38245347,0.0,0.0,175,0.0
10-210-01122,BIHAR,Kishanganj,Dighalbank,0,0,,203,10,1122,,147432.83262190674,314385668.4331173,0.0,0.0,224,0.0
10-211-01129,BIHAR,Purnia,Barhara,0,0,,214,10,1129,,111073.17449432175,288009141.38478667,0.0,0.0,212,0.0
10-211-01130,BIHAR,Purnia,Bhawanipur,0,0,,214,10,1130,,116656.34435182877,201938838.4795833,0.0,0.0,147,0.0
10-211-01131,BIHAR,Purnia,Rupauli,0,0,,214,10,1131,,113946.660566684,308195114.8462847,0.0,0.0,227,0.0
10-211-01132,BIHAR,Purnia,Dhamdaha,0,0,,214,10,1132,,135370.01293426772,446856166.039676,0.0,0.0,326,0.0
10-211-01133,BIHAR,Purnia,Krityanand Nagar,0,0,,214,10,1133,,149407.41850079046,364443041.21247435,0.0,0.0,274,0.0
10-211-01134,BIHAR,Purnia,Purnia East,0,0,,214,10,1134,,127662.13358515713,309272824.56310594,0.0,0.0,228,0.0
10-211-01135,BIHAR,Purnia,Kasba,0,0,,214,10,1135,,130095.64608516233,215123054.3424731,0.0,0.0,154,0.0
10-211-01136,BIHAR,Purnia,Srinagar,0,0,,214,10,1136,,106220.57404900706,172405807.6412187,0.0,0.0,122,0.0
10-211-01137,BIHAR,Purnia,Jalalgarh,0,0,,214,10,1137,,87146.39992638786,142107808.6772385,0.0,0.0,102,0.0
10-211-01138,BIHAR,Purnia,Amour,0,0,,214,10,1138,,141371.93624621196,307011870.96961224,0.0,0.0,225,0.0
10-211-01139,BIHAR,Purnia,Baisa,0,0,,214,10,1139,,132173.35304950457,275191667.549805,0.0,0.0,197,0.0
10-211-01140,BIHAR,Purnia,Baisi,0,0,,214,10,1140,,118169.54825440844,253873549.02719215,0.0,0.0,187,0.0
10-211-01141,BIHAR,Purnia,Dagarua,0,0,,214,10,1141,,129309.28146976323,257465778.6329552,0.0,0.0,180,0.0
10-212-01142,BIHAR,Katihar,Falka,0,0,,201,10,1142,,100518.70580952488,208374539.8829749,0.0,0.0,150,0.0
10-212-01143,BIHAR,Katihar,Korha,0,0,,201,10,1143,,137118.64195203967,368801327.90483874,0.0,0.0,273,0.0
10-212-01144,BIHAR,Katihar,Hasanganj,0,0,,201,10,1144,,78227.29832785497,86155111.41022065,0.0,0.0,62,0.0
10-212-01145,BIHAR,Katihar,Kadwa,0,0,,201,10,1145,,157692.68144088247,420129854.10490626,0.0,0.0,307,0.0
10-212-01146,BIHAR,Katihar,Balrampur,0,0,,201,10,1146,,141815.18317465586,216253207.31133217,0.0,0.0,151,0.0
10-212-01147,BIHAR,Katihar,Barsoi,0,0,,201,10,1147,,172308.8160052511,357713388.6445612,0.0,0.0,261,0.0
10-212-01148,BIHAR,Katihar,Azamnagar,0,0,,201,10,1148,,141791.77759222616,349759708.1212404,0.0,0.0,253,0.0
10-221-01290,BIHAR,Samastipur,Tajpur,0,0,,217,10,1290,,57166.77792153786,83856612.1105223,0.0,0.0,61,0.0
10-212-01149,BIHAR,Katihar,Pranpur,0,0,,201,10,1149,,111803.70370561493,191475637.62126103,0.0,0.0,141,0.0
10-212-01150,BIHAR,Katihar,Dandkhora,0,0,,201,10,1150,,70987.07501110679,111201189.06340708,0.0,0.0,81,0.0
10-212-01151,BIHAR,Katihar,Katihar,0,0,,201,10,1151,,76845.81968857624,136830037.77828172,0.0,0.0,100,0.0
10-212-01152,BIHAR,Katihar,Mansahi,0,0,,201,10,1152,,73279.06289841712,97405011.1871763,0.0,0.0,73,0.0
10-212-01155,BIHAR,Katihar,Kursela,0,0,,201,10,1155,,80348.39413748268,153683091.52761996,0.0,0.0,117,0.0
10-212-01153,BIHAR,Katihar,Barari,0,0,,201,10,1153,,107333.93297446336,407446973.1478653,0.0,0.0,292,0.0
10-212-01154,BIHAR,Katihar,Sameli,0,0,,201,10,1154,,75105.36277909,118027198.2496544,0.0,0.0,81,0.0
10-212-01156,BIHAR,Katihar,Manihari,0,0,,201,10,1156,,130162.81635074862,303859830.4099729,0.0,0.0,221,0.0
10-212-01157,BIHAR,Katihar,Amdabad,0,0,,201,10,1157,,103742.71814675455,228302986.79665467,0.0,0.0,164,0.0
10-213-01158,BIHAR,Madhepura,Gamharia,0,0,,205,10,1158,,80141.00377515821,125479849.27382244,0.0,0.0,89,0.0
10-213-01160,BIHAR,Madhepura,Ghailarh,0,0,,205,10,1160,,78865.70647224285,116219722.2388165,0.0,0.0,83,0.0
10-213-01159,BIHAR,Madhepura,Singheshwar,0,0,,205,10,1159,,111627.30849980874,111167268.35246354,0.0,0.0,78,0.0
10-216-01210,BIHAR,Muzaffarpur,Bandra,0,0,,208,10,1210,,74293.85759884378,142020443.31484023,0.0,0.0,103,0.0
10-213-01161,BIHAR,Madhepura,Madhepura,0,0,,205,10,1161,,115084.47931226583,237801277.85767865,0.0,0.0,175,0.0
10-213-01162,BIHAR,Madhepura,Shankarpur,0,0,,205,10,1162,,63984.56408470212,128790837.874554,0.0,0.0,94,0.0
10-213-01163,BIHAR,Madhepura,Kumarkhand,0,0,,205,10,1163,,118191.24796123093,316976886.68211347,0.0,0.0,230,0.0
10-213-01164,BIHAR,Madhepura,Murliganj,0,0,,205,10,1164,,94211.11378994165,247086114.21145928,0.0,0.0,179,0.0
10-221-01293,BIHAR,Samastipur,Mohanpur,0,0,,217,10,1293,,74468.46489139357,163000016.77407515,0.0,0.0,120,0.0
10-213-01165,BIHAR,Madhepura,Gwalpara,0,0,,205,10,1165,,78037.2495556277,147267353.58482873,0.0,0.0,109,0.0
10-214-01172,BIHAR,Saharsa,Satar Kataiya,0,0,,216,10,1172,,77878.75925155886,177382280.64763528,0.0,0.0,130,0.0
10-213-01166,BIHAR,Madhepura,Bihariganj,0,0,,205,10,1166,,79669.40805645821,133818744.70956944,0.0,0.0,98,0.0
10-216-01211,BIHAR,Muzaffarpur,Dholi (Moraul),0,0,,208,10,1211,,63030.361633940505,73298422.6275262,0.0,0.0,50,0.0
10-213-01167,BIHAR,Madhepura,Kishanganj,0,0,,205,10,1167,,99817.47531025465,188055937.5971522,0.0,0.0,133,0.0
10-216-01212,BIHAR,Muzaffarpur,Musahri,0,0,,208,10,1212,,211487.75457487197,365415439.5943066,0.0,0.0,267,0.0
10-213-01168,BIHAR,Madhepura,Puraini,0,0,,205,10,1168,,63416.842365887525,103114850.3546553,0.0,0.0,76,0.0
10-214-01174,BIHAR,Saharsa,Kahara,0,0,,216,10,1174,,81070.16203244023,176788302.3737116,0.0,0.0,128,0.0
10-213-01169,BIHAR,Madhepura,Alamnagar,0,0,,205,10,1169,,94357.42058114092,211989804.11375904,0.0,0.0,151,0.0
10-213-01170,BIHAR,Madhepura,Chausa,0,0,,205,10,1170,,87285.75133964,172516848.53860697,0.0,0.0,124,0.0
10-214-01171,BIHAR,Saharsa,Nauhatta,0,0,,216,10,1171,,93228.84620468391,212763144.21707585,0.0,0.0,151,0.0
10-217-01227,BIHAR,Gopalganj,Sidhwalia,0,0,,197,10,1227,,69457.48217743407,152022198.31601515,0.0,0.0,109,0.0
10-214-01173,BIHAR,Saharsa,Mahishi,0,0,,216,10,1173,,106372.46434789852,273075178.2794974,0.0,0.0,195,0.0
10-214-01175,BIHAR,Saharsa,Saur Bazar,0,0,,216,10,1175,,88121.22998090234,233228921.9025612,0.0,0.0,171,0.0
10-214-01176,BIHAR,Saharsa,Patarghat,0,0,,216,10,1176,,67497.21582029684,149681422.04156074,0.0,0.0,105,0.0
10-214-01177,BIHAR,Saharsa,Sonbarsa,0,0,,216,10,1177,,90185.02153799882,263952116.041209,0.0,0.0,193,0.0
10-216-01199,BIHAR,Muzaffarpur,Sahebganj,0,0,,208,10,1199,,80060.99972290538,253055918.70266867,0.0,0.0,189,0.0
10-214-01178,BIHAR,Saharsa,Simri Bakhtiarpur,0,0,,216,10,1178,,119116.35548129058,266466354.66217396,0.0,0.0,194,0.0
10-214-01179,BIHAR,Saharsa,Salkhua,0,0,,216,10,1179,,82412.26684571667,221182533.93573853,0.0,0.0,163,0.0
10-214-01180,BIHAR,Saharsa,Banma Itahri,0,0,,216,10,1180,,54286.501575749484,92822449.4552088,0.0,0.0,68,0.0
10-215-01181,BIHAR,Darbhanga,Jale,0,0,,195,10,1181,,112473.57051363293,234172285.01568127,0.0,0.0,171,0.0
10-215-01182,BIHAR,Darbhanga,Singhwara,0,0,,195,10,1182,,121368.62688362494,223279889.67870736,0.0,0.0,162,0.0
10-215-01183,BIHAR,Darbhanga,Keotiranway,0,0,,195,10,1183,,89515.08566239705,180205403.4644349,0.0,0.0,131,0.0
10-215-01184,BIHAR,Darbhanga,Darbhanga,0,0,,195,10,1184,,131883.04966973627,240721362.1475316,0.0,0.0,174,0.0
10-215-01185,BIHAR,Darbhanga,Manigachhi,0,0,,195,10,1185,,96856.01003306538,158887287.31255177,0.0,0.0,114,0.0
10-215-01186,BIHAR,Darbhanga,Tardih,0,0,,195,10,1186,,96398.42232606321,109520018.96976715,0.0,0.0,79,0.0
10-215-01187,BIHAR,Darbhanga,Alinagar,0,0,,195,10,1187,,105560.56246873255,146523357.5416611,0.0,0.0,105,0.0
10-215-01188,BIHAR,Darbhanga,Benipur,0,0,,195,10,1188,,118482.30854716274,204643530.87647069,0.0,0.0,150,0.0
10-215-01189,BIHAR,Darbhanga,Bahadurpur,0,0,,195,10,1189,,155637.00049509996,221161760.4253616,0.0,0.0,158,0.0
10-215-01190,BIHAR,Darbhanga,Hanumannagar,0,0,,195,10,1190,,114393.83215098479,181536916.32106537,0.0,0.0,130,0.0
10-215-01191,BIHAR,Darbhanga,Hayaghat,0,0,,195,10,1191,,66118.49929402806,108810529.75916524,0.0,0.0,77,0.0
10-215-01192,BIHAR,Darbhanga,Baheri,0,0,,195,10,1192,,128629.1579498372,271307286.95794886,0.0,0.0,195,0.0
10-215-01193,BIHAR,Darbhanga,Biraul,0,0,,195,10,1193,,135706.32971678255,230203939.26841983,0.0,0.0,167,0.0
10-215-01194,BIHAR,Darbhanga,Ghanshyampur,0,0,,195,10,1194,,76766.91373126305,103945643.9979024,0.0,0.0,78,0.0
10-215-01195,BIHAR,Darbhanga,Kiratpur,0,0,,195,10,1195,,78793.19278562842,78915927.53877336,0.0,0.0,60,0.0
10-215-01196,BIHAR,Darbhanga,Gora Bauram,0,0,,195,10,1196,,99804.03366816713,145653476.81698695,0.0,0.0,104,0.0
10-215-01197,BIHAR,Darbhanga,Kusheshwar Asthan,0,0,,195,10,1197,,87220.16498537568,144130520.9401011,0.0,0.0,107,0.0
10-215-01198,BIHAR,Darbhanga,Kusheshwar Asthan Purbi,0,0,,195,10,1198,,91858.86035222423,150084285.43545517,0.0,0.0,112,0.0
10-216-01200,BIHAR,Muzaffarpur,Baruraj (Motipur),0,0,,208,10,1200,,125110.13599018812,365259305.4740948,0.0,0.0,263,0.0
10-216-01201,BIHAR,Muzaffarpur,Paroo,0,0,,208,10,1201,,136934.87791145188,413033977.3448192,0.0,0.0,295,0.0
10-216-01202,BIHAR,Muzaffarpur,Saraiya,0,0,,208,10,1202,,155820.80051537574,301402655.1404849,0.0,0.0,218,0.0
10-216-01203,BIHAR,Muzaffarpur,Marwan,0,0,,208,10,1203,,84959.92762229654,138736310.53842777,0.0,0.0,101,0.0
10-216-01204,BIHAR,Muzaffarpur,Kanti,0,0,,208,10,1204,,97122.90469976026,124757584.36625764,0.0,0.0,91,0.0
10-216-01205,BIHAR,Muzaffarpur,Minapur,0,0,,208,10,1205,,166218.11946715685,316124209.98756105,0.0,0.0,228,0.0
10-216-01206,BIHAR,Muzaffarpur,Bochaha,0,0,,208,10,1206,,126044.68100944142,233148755.94160384,0.0,0.0,167,0.0
10-216-01207,BIHAR,Muzaffarpur,Aurai,0,0,,208,10,1207,,101267.16719990574,247748190.77792475,0.0,0.0,177,0.0
10-216-01208,BIHAR,Muzaffarpur,Katra,0,0,,208,10,1208,,118891.9342746819,235108975.17115793,0.0,0.0,171,0.0
10-216-01209,BIHAR,Muzaffarpur,Gaighat,0,0,,208,10,1209,,111008.49869520529,259762671.68662548,0.0,0.0,191,0.0
10-216-01213,BIHAR,Muzaffarpur,Kurhani,0,0,,208,10,1213,,108106.10574110712,256354911.2077163,0.0,0.0,187,0.0
10-216-01214,BIHAR,Muzaffarpur,Sakra,0,0,,208,10,1214,,105121.4777371614,236360031.18726787,0.0,0.0,175,0.0
10-217-01215,BIHAR,Gopalganj,Katiya,0,0,,197,10,1215,,94755.55253264701,158441587.458013,0.0002297717303466797,0.0001805349309866769,112,0.020219912270507814
10-217-01216,BIHAR,Gopalganj,Bijaipur,0,0,,197,10,1216,,81309.59717969262,163112176.36717936,0.0002297717303466797,0.0002297717303466797,120,0.027572607641601566
10-217-01217,BIHAR,Gopalganj,Bhorey,0,0,,197,10,1217,,78790.65552761848,196013266.46535653,0.0002297717303466797,0.00011967277622222902,144,0.01723287977600098
10-217-01218,BIHAR,Gopalganj,Pach Deuri,0,0,,197,10,1218,,53698.212932643866,118295317.11973979,0.0,0.0,85,0.0
10-217-01219,BIHAR,Gopalganj,Kuchaikote,0,0,,197,10,1219,,101077.28158428885,316078491.04748106,0.0,0.0,226,0.0
10-217-01220,BIHAR,Gopalganj,Phulwaria,0,0,,197,10,1220,,81339.22200232239,118763292.85091434,0.0,0.0,89,0.0
10-217-01221,BIHAR,Gopalganj,Hathua,0,0,,197,10,1221,,91546.96202775641,183613061.83342972,0.00020947739685058596,0.00013855197901928523,127,0.017596101335449223
10-217-01222,BIHAR,Gopalganj,Uchkagaon,0,0,,197,10,1222,,80102.93001981139,142235093.67043933,0.00020947739685058596,1.3833412999566996e-05,106,0.0014663417779541017
10-217-01223,BIHAR,Gopalganj,Thawe,0,0,,197,10,1223,,57244.55575246375,89300191.60424533,0.00020947739685058596,3.2730843257904057e-06,64,0.00020947739685058596
10-217-01224,BIHAR,Gopalganj,Gopalganj,0,0,,197,10,1224,,110313.13172782106,244420793.60160467,0.0,0.0,182,0.0
10-218-01232,BIHAR,Siwan,Goriakothi,0,0,,222,10,1232,,73201.39147651673,174963939.23516312,0.0,0.0,127,0.0
10-217-01225,BIHAR,Gopalganj,Manjha,0,0,,197,10,1225,,80242.78538873792,179389027.9828925,0.0,0.0,131,0.0
10-217-01226,BIHAR,Gopalganj,Barauli,0,0,,197,10,1226,,105754.79057670098,232227972.12586737,0.0,0.0,170,0.0
10-217-01228,BIHAR,Gopalganj,Baikunthpur,0,0,,197,10,1228,,97825.58906166903,256614409.24172768,0.0,0.0,185,0.0
10-218-01229,BIHAR,Siwan,Nautan,0,0,,222,10,1229,,58324.35348563096,81827813.66620097,0.00020947739685058596,0.00020947739685058594,58,0.012149689017333985
10-218-01230,BIHAR,Siwan,Siwan,0,0,,222,10,1230,,92599.06904644772,168879532.28230655,0.00020947739685058596,0.00019172507508358717,118,0.022623558859863287
10-218-01235,BIHAR,Siwan,Bhagwanpur Hat,0,0,,222,10,1235,,86430.4184146014,189582799.91524476,0.00024172843215942383,3.853641672106757e-05,138,0.005318025507507325
10-218-01231,BIHAR,Siwan,Barharia,0,0,,222,10,1231,,90315.6629531122,219606934.01516393,0.00020947739685058596,3.927701190948487e-06,160,0.0006284321905517579
10-218-01233,BIHAR,Siwan,Lakri Nabiganj,0,0,,222,10,1233,,79648.98713303795,120773104.6039552,0.0,0.0,88,0.0
10-218-01234,BIHAR,Siwan,Basantpur,0,0,,222,10,1234,,57871.378293950496,76675463.02480637,0.0,0.0,56,0.0
10-218-01236,BIHAR,Siwan,Maharajganj,0,0,,222,10,1236,,119387.58843212528,142817377.5161484,0.00024172843215942383,9.152824130308282e-05,103,0.00942740885421753
10-218-01237,BIHAR,Siwan,Pachrukhi,0,0,,222,10,1237,,99183.2392802834,160709761.40986398,0.00020947739685058596,8.952025506435297e-06,117,0.0010473869842529298
10-218-01238,BIHAR,Siwan,Hussainganj,0,0,,222,10,1238,,68784.84800107122,105975934.30464326,0.0002214961561584473,0.00018748085445094754,74,0.013873583229370118
10-218-01239,BIHAR,Siwan,Ziradei,0,0,,222,10,1239,,98825.50869312549,152221780.48504183,0.0002214961561584473,0.0002095856739614676,111,0.023264009809722902
10-218-01240,BIHAR,Siwan,Mairwa,0,0,,222,10,1240,,65279.2242200428,88898123.37504825,0.00020947739685058596,0.0002092076695112749,66,0.013807706187744143
10-218-01242,BIHAR,Siwan,Darauli,0,0,,222,10,1242,,90305.00161970501,214758375.6239279,0.0002214961561584473,0.0001986669519663165,155,0.030793377554779056
10-218-01241,BIHAR,Siwan,Guthani,0,0,,222,10,1241,,78778.78773845347,115110806.99004474,0.00020947739685058596,0.0002039775906148771,82,0.01672616243041992
10-219-01248,BIHAR,Saran,Mashrakh,0,0,,218,10,1248,,82075.7710341599,165898243.02109933,0.0,0.0,121,0.0
10-218-01243,BIHAR,Siwan,Andar,0,0,,222,10,1243,,83358.60866933218,125625010.62434034,0.0002214961561584473,0.00022011468957133684,87,0.019149977992706305
10-219-01249,BIHAR,Saran,Panapur,0,0,,218,10,1249,,75875.09329534958,182360909.7404776,0.0,0.0,128,0.0
10-218-01244,BIHAR,Siwan,Raghunathpur,0,0,,222,10,1244,,87824.68008836384,193566358.3438411,0.0002214961561584473,0.00022149615615844732,143,0.031673950330657966
10-219-01250,BIHAR,Saran,Taraiya,0,0,,218,10,1250,,53629.0613522338,97307015.09151264,0.0,0.0,74,0.0
10-218-01245,BIHAR,Siwan,Hasanpura,0,0,,222,10,1245,,82786.09108287447,121956119.03175904,0.00024172843215942383,0.00022756692553465395,87,0.019798322521514894
10-219-01251,BIHAR,Saran,Ishupur,0,0,,218,10,1251,,62425.60798229613,109300191.56908256,0.0,0.0,76,0.0
10-218-01246,BIHAR,Siwan,Daraundha,0,0,,222,10,1246,,105400.53795370483,157911066.26165873,0.00024172843215942383,0.00021019863666036856,115,0.024172843215942385
10-219-01256,BIHAR,Saran,Jalalpur,0,0,,218,10,1256,,65042.73641147566,147549697.72689733,0.0003235643392944336,0.00012626735572958894,106,0.013384339707336428
10-218-01247,BIHAR,Siwan,Siswan,0,0,,222,10,1247,,98184.39847010886,155554872.77293277,0.00024172843215942383,0.00023571343118616053,111,0.02616419086166382
10-219-01259,BIHAR,Saran,Nagra,0,0,,218,10,1259,,43289.948409307304,65110006.46242106,0.0003235643392944336,0.00013768695289124834,47,0.006471286785888672
10-219-01252,BIHAR,Saran,Baniapur,0,0,,218,10,1252,,89199.8841803021,219417775.87250236,0.00024172843215942383,5.931986065261935e-06,163,0.0009669137286376953
10-219-01253,BIHAR,Saran,Lahladpur,0,0,,218,10,1253,,49287.19248841685,70233795.44130237,0.00024172843215942383,0.00013053335336608886,50,0.006526667668304444
10-219-01254,BIHAR,Saran,Ekma,0,0,,218,10,1254,,99716.17236158185,176114988.01319405,0.00024172843215942383,0.0002417284321594238,128,0.030941239316406247
10-219-01255,BIHAR,Saran,Manjhi,0,0,,218,10,1255,,127085.43562979231,244607530.98349065,0.000281873610534668,0.00024930664717525905,180,0.04487519649154663
10-219-01257,BIHAR,Saran,Revelganj,0,0,,218,10,1257,,84877.1419542779,179359801.45379385,0.0003235643392944336,0.0003202290809936524,125,0.04002863512420655
10-219-01258,BIHAR,Saran,Chapra,0,0,,218,10,1258,,119729.94798472138,239470568.44351175,0.0003235643392944336,0.0003033415680885315,176,0.05338811598358155
10-219-01260,BIHAR,Saran,Marhaura,0,0,,218,10,1260,,87240.95030017926,190752130.05196184,0.0003235643392944336,9.447133993998061e-06,137,0.0012942573571777345
10-219-01261,BIHAR,Saran,Amnour,0,0,,218,10,1261,,94922.90618840617,160109081.4065653,0.0003235643392944336,5.484141343973451e-06,118,0.0006471286785888672
10-219-01263,BIHAR,Saran,Parsa,0,0,,218,10,1263,,85595.91054800974,122749042.93573296,0.0,0.0,88,0.0
10-219-01266,BIHAR,Saran,Dighwara,0,0,,218,10,1266,,81943.45164265168,101347015.6655549,0.0,0.0,72,0.0
10-219-01264,BIHAR,Saran,Dariapur,0,0,,218,10,1264,,115477.27251924115,281302380.67878103,0.0,0.0,202,0.0
10-219-01265,BIHAR,Saran,Garkha,0,0,,218,10,1265,,90147.74693968748,213336409.9887166,0.0003235643392944336,0.00016598430392376792,154,0.02556158280426026
10-220-01269,BIHAR,Vaishali,Paterhi Belsar,0,0,,224,10,1269,,56227.36197278124,93522597.26160131,0.0,0.0,69,0.0
10-219-01267,BIHAR,Saran,Sonepur,0,0,,218,10,1267,,70412.64000247594,214865144.18564072,0.0,0.0,162,0.0
10-220-01268,BIHAR,Vaishali,Vaishali,0,0,,224,10,1268,,72706.90824879723,158663399.21103516,0.0,0.0,114,0.0
10-220-01270,BIHAR,Vaishali,Lalganj,0,0,,224,10,1270,,89595.71916906572,184177988.41986412,0.0,0.0,133,0.0
10-221-01294,BIHAR,Samastipur,Mohiuddinagar,0,0,,217,10,1294,,80607.53716768604,178536106.2701614,0.0,0.0,130,0.0
10-220-01271,BIHAR,Vaishali,Bhagwanpur,0,0,,224,10,1271,,98965.72708266653,142473218.81446454,0.0,0.0,102,0.0
10-220-01272,BIHAR,Vaishali,Goraul,0,0,,224,10,1272,,101989.77906286377,122446101.92943335,0.0,0.0,87,0.0
10-220-01273,BIHAR,Vaishali,Chehra Kalan,0,0,,224,10,1273,,63204.34388206024,89818122.94593617,0.0,0.0,66,0.0
10-220-01277,BIHAR,Vaishali,Raja Pakar,0,0,,224,10,1277,,58946.08844196175,93673217.82917874,0.0,0.0,72,0.0
10-220-01274,BIHAR,Vaishali,Patepur,0,0,,224,10,1274,,118180.33822078991,317029999.71255994,0.0,0.0,234,0.0
10-220-01275,BIHAR,Vaishali,Mahua,0,0,,224,10,1275,,86273.82517515696,171155586.12447235,0.0,0.0,125,0.0
10-220-01276,BIHAR,Vaishali,Jandaha,0,0,,224,10,1276,,99044.76663725945,179891527.10359335,0.0,0.0,128,0.0
10-220-01278,BIHAR,Vaishali,Hajipur,0,0,,224,10,1278,,80048.24731377292,194916759.16986817,0.0,0.0,140,0.0
10-220-01280,BIHAR,Vaishali,Bidupur,0,0,,224,10,1280,,88122.3198685409,139375575.9420912,0.0,0.0,99,0.0
10-220-01279,BIHAR,Vaishali,Raghopur,0,0,,224,10,1279,,128641.49950069311,338499790.0832371,0.0,0.0,246,0.0
10-220-01281,BIHAR,Vaishali,Desri,0,0,,224,10,1281,,50183.809114488824,56627949.53624974,0.0,0.0,43,0.0
10-221-01284,BIHAR,Samastipur,Kalyanpur,0,0,,217,10,1284,,147387.26660455638,294821482.9966942,0.0,0.0,214,0.0
10-221-01286,BIHAR,Samastipur,Shivaji Nagar,0,0,,217,10,1286,,96209.25031894707,172333979.18990555,0.0,0.0,130,0.0
10-221-01288,BIHAR,Samastipur,Samastipur,0,0,,217,10,1288,,112474.97484539819,170577777.20953664,0.0,0.0,123,0.0
10-221-01289,BIHAR,Samastipur,Pusa,0,0,,217,10,1289,,64081.7615729533,95008289.7510354,0.0,0.0,65,0.0
10-221-01291,BIHAR,Samastipur,Morwa,0,0,,217,10,1291,,104551.97847793197,152111293.7773472,0.0,0.0,106,0.0
10-221-01292,BIHAR,Samastipur,Patori,0,0,,217,10,1292,,69422.25062895294,130638318.44440164,0.0,0.0,93,0.0
10-221-01295,BIHAR,Samastipur,Sarairanjan,0,0,,217,10,1295,,96463.23467310029,185572344.2706523,0.0,0.0,145,0.0
10-221-01296,BIHAR,Samastipur,Vidyapati Nagar,0,0,,217,10,1296,,62930.2690484309,106322816.42401849,0.0,0.0,75,0.0
10-221-01297,BIHAR,Samastipur,Dalsinghsarai,0,0,,217,10,1297,,80515.23552986495,118201268.21451648,0.0,0.0,89,0.0
10-221-01298,BIHAR,Samastipur,Ujiarpur,0,0,,217,10,1298,,81756.09445970641,209497824.1015558,0.0,0.0,149,0.0
10-221-01300,BIHAR,Samastipur,Rosera,0,0,,217,10,1300,,84599.34785899956,138535375.895554,0.0,0.0,97,0.0
10-221-01299,BIHAR,Samastipur,Bibhutpur,0,0,,217,10,1299,,96600.53522783429,258332531.194082,0.0,0.0,187,0.0
10-221-01301,BIHAR,Samastipur,Singhia,0,0,,217,10,1301,,76055.88015393679,178639507.67998633,0.0,0.0,128,0.0
10-222-01307,BIHAR,Begusarai,Cheria Bariarpur,0,0,,191,10,1307,,80422.0696045629,127840547.1243011,0.0,0.0,89,0.0
10-221-01302,BIHAR,Samastipur,Hasanpur,0,0,,217,10,1302,,122795.93417076243,188091095.39019313,0.0,0.0,138,0.0
10-221-01303,BIHAR,Samastipur,Bithan,0,0,,217,10,1303,,72838.55780104545,149849875.79630712,0.0,0.0,109,0.0
10-222-01304,BIHAR,Begusarai,Khudabandpur,0,0,,191,10,1304,,49522.71992212785,59617610.47663844,0.0,0.0,39,0.0
10-222-01305,BIHAR,Begusarai,Chhorahi,0,0,,191,10,1305,,96201.09768359947,128309829.49376953,0.0,0.0,94,0.0
10-222-01306,BIHAR,Begusarai,Garhpura,0,0,,191,10,1306,,69581.28073662621,88651595.91159394,0.0,0.0,68,0.0
10-222-01308,BIHAR,Begusarai,Bhagwanpur,0,0,,191,10,1308,,102620.52088176137,147276258.21886113,0.0,0.0,106,0.0
10-223-01324,BIHAR,Khagaria,Mansi,0,0,,202,10,1324,,70720.37786012898,86151878.56106131,0.0,0.0,69,0.0
10-222-01309,BIHAR,Begusarai,Mansurchak,0,0,,191,10,1309,,55538.61039021854,42158333.283958256,0.0,0.0,31,0.0
10-224-01333,BIHAR,Bhagalpur,Rangra Chowk,0,0,,192,10,1333,,56200.86409227388,97946271.45940188,0.0,0.0,71,0.0
10-222-01310,BIHAR,Begusarai,Bachhwara,0,0,,191,10,1310,,112893.55520851951,186501763.14040864,0.0,0.0,138,0.0
10-222-01311,BIHAR,Begusarai,Teghra,0,0,,191,10,1311,,93442.93751421869,180050069.66821858,0.0,0.0,129,0.0
10-222-01312,BIHAR,Begusarai,Barauni,0,0,,191,10,1312,,90573.71511882372,141812926.41245717,0.0,0.0,102,0.0
10-222-01313,BIHAR,Begusarai,Birpur,0,0,,191,10,1313,,69057.86510087451,64693086.30641256,0.0,0.0,53,0.0
10-222-01314,BIHAR,Begusarai,Begusarai,0,0,,191,10,1314,,114572.02827886646,273941103.5239774,0.0,0.0,200,0.0
10-222-01315,BIHAR,Begusarai,Naokothi,0,0,,191,10,1315,,61794.845266753924,91575422.87048158,0.0,0.0,64,0.0
10-222-01316,BIHAR,Begusarai,Bakhri,0,0,,191,10,1316,,74902.13049058078,94921186.04856166,0.0,0.0,66,0.0
10-222-01317,BIHAR,Begusarai,Dandari,0,0,,191,10,1317,,77075.31892237118,85364223.36403492,0.0,0.0,65,0.0
10-222-01318,BIHAR,Begusarai,Sahebpur Kamal,0,0,,191,10,1318,,97820.3506924087,179327758.1582562,0.0,0.0,131,0.0
10-222-01319,BIHAR,Begusarai,Balia,0,0,,191,10,1319,,95726.56851828664,181873531.04775092,0.0,0.0,133,0.0
10-222-01320,BIHAR,Begusarai,Matihani,0,0,,191,10,1320,,104199.58891726227,214311339.790948,0.0,0.0,157,0.0
10-222-01321,BIHAR,Begusarai,Shamho Akha Kurha,0,0,,191,10,1321,,47884.70174269599,82130306.58899558,0.0,0.0,58,0.0
10-223-01322,BIHAR,Khagaria,Alauli,0,0,,202,10,1322,,117176.16085281859,337532903.06560946,0.0,0.0,244,0.0
10-223-01323,BIHAR,Khagaria,Khagaria,0,0,,202,10,1323,,164255.4907534744,325761754.1557925,0.0,0.0,229,0.0
10-223-01325,BIHAR,Khagaria,Chautham,0,0,,202,10,1325,,88833.5659059585,205164632.7891582,0.0,0.0,148,0.0
10-228-01376,BIHAR,Sheikhpura,Chewara,0,0,,219,10,1376,,77279.14911837938,141385828.1075451,0.00052056775390625,0.0005036846344053398,103,0.05187951734375
10-223-01326,BIHAR,Khagaria,Beldaur,0,0,,202,10,1326,,101449.44415348554,276820454.1841197,0.0,0.0,203,0.0
10-223-01327,BIHAR,Khagaria,Gogri,0,0,,202,10,1327,,109725.85953588395,321971045.3784509,0.0,0.0,231,0.0
10-223-01328,BIHAR,Khagaria,Parbatta,0,0,,202,10,1328,,89952.53209418767,286770838.53234714,0.0,0.0,215,0.0
10-224-01329,BIHAR,Bhagalpur,Narayanpur,0,0,,192,10,1329,,96964.50839109154,173637043.38008544,0.0,0.0,125,0.0
10-224-01330,BIHAR,Bhagalpur,Bihpur,0,0,,192,10,1330,,98960.16392998041,189427956.2070791,0.0,0.0,141,0.0
10-234-01472,BIHAR,Rohtas,Akorhi Gola,0,0,,215,10,1472,,71741.57946050014,124356844.03544964,0.00010417658294677734,0.00010417658294677733,94,0.009792598796997069
10-224-01331,BIHAR,Bhagalpur,Kharik,0,0,,192,10,1331,,103106.05203500649,169292223.68779984,0.0,0.0,125,0.0
10-224-01332,BIHAR,Bhagalpur,Naugachhia,0,0,,192,10,1332,,91833.23423872421,134223697.96961665,0.0,0.0,95,0.0
10-224-01335,BIHAR,Bhagalpur,Pirpainti,0,0,,192,10,1335,,138631.2255747686,411429376.6216011,0.0,0.0,294,0.0
10-224-01336,BIHAR,Bhagalpur,Kahalgaon,0,0,,192,10,1336,,128722.99744742387,352186242.20537144,0.0,0.0,255,0.0
10-224-01337,BIHAR,Bhagalpur,Ismailpur,0,0,,192,10,1337,,66332.03197363381,102752037.41138108,0.0,0.0,75,0.0
10-224-01338,BIHAR,Bhagalpur,Sabour,0,0,,192,10,1338,,85492.0541239663,141198925.34276122,0.0,0.0,102,0.0
10-226-01359,BIHAR,Munger,Dharhara,0,0,,207,10,1359,,105188.90103685112,355220468.750446,0.0,0.0,262,0.0
10-224-01339,BIHAR,Bhagalpur,Nathnagar,0,0,,192,10,1339,,105259.93673308079,163498377.60317266,0.0,0.0,117,0.0
10-226-01360,BIHAR,Munger,Kharagpur,0,0,,207,10,1360,,169586.30903503796,398589433.5102216,0.0,0.0,291,0.0
10-224-01340,BIHAR,Bhagalpur,Sultanganj,0,0,,192,10,1340,,139861.1879796442,266407467.3450057,0.0,0.0,198,0.0
10-224-01341,BIHAR,Bhagalpur,Shahkund,0,0,,192,10,1341,,93276.90256650816,208798734.37786233,0.0,0.0,153,0.0
10-224-01342,BIHAR,Bhagalpur,Goradih,0,0,,192,10,1342,,106918.08891287447,178026414.43832883,0.0,0.0,128,0.0
10-224-01343,BIHAR,Bhagalpur,Jagdishpur,0,0,,192,10,1343,,107045.71303668506,127447147.46016994,0.0,0.0,95,0.0
10-224-01344,BIHAR,Bhagalpur,Sonhaula,0,0,,192,10,1344,,84463.86530366821,214425428.57327408,0.0,0.0,160,0.0
10-225-01345,BIHAR,Banka,Shambhuganj,0,0,,190,10,1345,,85765.27415008907,217970788.89652416,0.0,0.0,157,0.0
10-225-01346,BIHAR,Banka,Amarpur,0,0,,190,10,1346,,98000.87839154692,234663534.19316816,0.0,0.0,176,0.0
10-225-01347,BIHAR,Banka,Rajaun,0,0,,190,10,1347,,86718.04358754268,242814641.5593075,0.0,0.0,179,0.0
10-226-01363,BIHAR,Munger,Tetiha Bambor,0,0,,207,10,1363,,73286.15332623897,95190725.80042528,0.0,0.0,70,0.0
10-225-01348,BIHAR,Banka,Dhuraiya,0,0,,190,10,1348,,106681.6377356153,285703540.38620996,0.0,0.0,208,0.0
10-225-01349,BIHAR,Banka,Barahat,0,0,,190,10,1349,,122910.23058217819,181202001.14064544,0.0,0.0,129,0.0
10-225-01350,BIHAR,Banka,Banka,0,0,,190,10,1350,,137083.07375503817,365153241.48788345,0.0,0.0,275,0.0
10-225-01351,BIHAR,Banka,Phulidumar,0,0,,190,10,1351,,117105.67306472127,248400685.45023423,0.0,0.0,176,0.0
10-225-01352,BIHAR,Banka,Belhar,0,0,,190,10,1352,,118426.40149548957,290570448.277483,0.0007130909259033204,7.3308412943332e-05,214,0.01568800036987305
10-225-01353,BIHAR,Banka,Chanan,0,0,,190,10,1353,,169565.08902723462,550876204.0147796,0.0007130909259033204,0.00032953854861768247,403,0.13280403509292604
10-225-01354,BIHAR,Banka,Katoria,0,0,,190,10,1354,,180268.89530762268,687665367.2781417,0.00039382210418701177,3.3733765896497025e-05,502,0.016934350480041507
10-225-01355,BIHAR,Banka,Bausi,0,0,,190,10,1355,,109314.78149810205,385846183.7170387,0.0,0.0,284,0.0
10-226-01356,BIHAR,Munger,Munger,0,0,,207,10,1356,,162390.1628928388,306519605.49277806,0.0,0.0,227,0.0
10-226-01357,BIHAR,Munger,Bariarpur,0,0,,207,10,1357,,122433.4478606843,198040113.63802013,0.0,0.0,143,0.0
10-226-01358,BIHAR,Munger,Jamalpur,0,0,,207,10,1358,,72817.19566814511,112971204.64248075,0.0,0.0,79,0.0
10-226-01361,BIHAR,Munger,Asarganj,0,0,,207,10,1361,,61173.52838786665,72491453.98190036,0.0,0.0,52,0.0
10-226-01362,BIHAR,Munger,Tarapur,0,0,,207,10,1362,,54416.57713098438,86962445.68425661,0.0,0.0,62,0.0
10-226-01364,BIHAR,Munger,Sangrampur,0,0,,207,10,1364,,71205.18318302365,105786037.21986651,0.0,0.0,80,0.0
10-227-01366,BIHAR,Lakhisarai,Pipariya,0,0,,204,10,1366,,87968.2901826016,106258171.87143916,0.0,0.0,76,0.0
10-227-01365,BIHAR,Lakhisarai,Barahiya,0,0,,204,10,1365,,95965.48426593257,248505135.43154767,0.0,0.0,179,0.0
10-227-01367,BIHAR,Lakhisarai,Surajgarha,0,0,,204,10,1367,,140312.1609931406,462726462.37366486,0.000603083511428833,7.981987651263967e-05,340,0.027138758014297486
10-227-01368,BIHAR,Lakhisarai,Lakhisarai,0,0,,204,10,1368,,117670.76745524361,181316338.94823277,0.000603083511428833,5.6657863362821424e-05,133,0.007535495827255249
10-227-01369,BIHAR,Lakhisarai,Chanan*,0,0,,204,10,1369,,86014.87070350182,177670731.10250506,0.000603083511428833,0.0004900053530359268,128,0.06272068518859863
10-228-01375,BIHAR,Sheikhpura,Ghat Kusumbha,0,0,,219,10,1375,,80592.24583619394,99088070.68237934,0.0,0.0,70,0.0
10-227-01370,BIHAR,Lakhisarai,Ramgarh Chowk,0,0,,204,10,1370,,98990.57354622113,128567389.13844268,0.000603083511428833,0.0004914581693892784,94,0.046197067922592164
10-227-01371,BIHAR,Lakhisarai,Halsi,0,0,,204,10,1371,,82594.8188222393,191441208.6304817,0.000603083511428833,0.0005241295851662176,139,0.07285401233810425
10-228-01372,BIHAR,Sheikhpura,Barbigha,0,0,,219,10,1372,,83879.7675047183,115941853.486741,0.0,0.0,81,0.0
10-228-01373,BIHAR,Sheikhpura,Shekhopur Sarai,0,0,,219,10,1373,,59774.96229914819,65955650.61796794,0.000230740869140625,9.122355533854166e-05,45,0.004105059990234375
10-228-01374,BIHAR,Sheikhpura,Sheikhpura,0,0,,219,10,1374,,119718.3677454689,225551054.81458032,0.00052056775390625,8.633682094439338e-05,170,0.014677259560546874
10-228-01377,BIHAR,Sheikhpura,Ariari,0,0,,219,10,1377,,87552.5859976097,183445963.63454768,0.00052056775390625,0.00023497191855326188,137,0.032191152841796876
10-229-01378,BIHAR,Nalanda,Karai Parsurai,0,0,,209,10,1378,,58523.47447411047,82148146.79064696,0.0002140838806152344,9.63377462768555e-05,60,0.005780264776611329
10-229-01379,BIHAR,Nalanda,Nagar Nausa,0,0,,209,10,1379,,82570.35159490984,108015836.82811198,0.000256485827331543,0.00010380994062805178,80,0.008304795250244142
10-229-01380,BIHAR,Nalanda,Harnaut,0,0,,209,10,1380,,124869.90123154312,224385440.0517296,0.000256485827331543,8.92124616805367e-05,161,0.014363206330566407
10-229-01381,BIHAR,Nalanda,Chandi,0,0,,209,10,1381,,70527.81459673235,147156102.481168,0.000256485827331543,0.00023530809846930548,109,0.025648582733154297
10-229-01382,BIHAR,Nalanda,Rahui,0,0,,209,10,1382,,77076.6108369453,152249665.90613127,0.000256485827331543,0.00024698635224518954,108,0.02667452604248047
10-229-01383,BIHAR,Nalanda,Bind,0,0,,209,10,1383,,70364.80140905235,88091657.81671415,0.0,0.0,66,0.0
10-229-01384,BIHAR,Nalanda,Sarmera,0,0,,209,10,1384,,91044.34634338948,167201876.42476654,0.0,0.0,123,0.0
10-229-01385,BIHAR,Nalanda,Asthawan,0,0,,209,10,1385,,92263.18064708126,171325630.7179731,0.000256485827331543,4.657551323242188e-05,125,0.005821939154052735
10-229-01387,BIHAR,Nalanda,Noorsarai,0,0,,209,10,1387,,78528.62700534344,151514769.88009417,0.000256485827331543,0.000256485827331543,114,0.029239384315795904
10-229-01386,BIHAR,Nalanda,Bihar,0,0,,209,10,1386,,98561.8371020671,215840179.0991975,0.000256485827331543,0.00024281463249778749,160,0.038850341199646
10-229-01390,BIHAR,Nalanda,Hilsa,0,0,,209,10,1390,,93433.88804652911,175765721.10991755,0.0002140838806152344,0.00021408388061523444,131,0.028044988360595713
10-229-01391,BIHAR,Nalanda,Ekangarsarai,0,0,,209,10,1391,,87121.32234693572,166605847.460251,0.0002140838806152344,0.00021408388061523444,122,0.0261182334350586
10-229-01392,BIHAR,Nalanda,Islampur,0,0,,209,10,1392,,109868.69145522316,273834151.4326934,0.0002140838806152344,0.00016578310060599418,194,0.03216192151756287
10-229-01393,BIHAR,Nalanda,Ben,0,0,,209,10,1393,,66947.54721379357,127526149.56798536,0.000256485827331543,0.00021302211590219054,94,0.02002407889480591
10-230-01398,BIHAR,Patna,Maner,0,0,,212,10,1398,,96133.56350709034,213315300.3597084,0.0003235643392944336,9.564721444860682e-05,154,0.01472967102508545
10-229-01394,BIHAR,Nalanda,Rajgir,0,0,,209,10,1394,,88740.45664753366,198129288.77271983,0.0002066030419921875,0.00017539195636256214,147,0.025782617585296635
10-229-01395,BIHAR,Nalanda,Silao,0,0,,209,10,1395,,79220.42929786978,154752836.13944647,0.000256485827331543,0.00021535440784119727,114,0.02455040249389649
10-229-01396,BIHAR,Nalanda,Giriak,0,0,,209,10,1396,,88347.46773236175,99576022.5731765,0.0002066030419921875,0.0002066030419921875,73,0.015082022065429688
10-229-01397,BIHAR,Nalanda,Katrisarai,0,0,,209,10,1397,,38918.76300208476,48673462.28309288,0.000230740869140625,0.0002126374987792969,36,0.007654949956054688
10-230-01399,BIHAR,Patna,Dinapur-Cum-Khagaul,0,0,,212,10,1399,,78598.21354533077,184765788.04152673,0.00023540927490234376,6.975089626736112e-05,135,0.009416370996093751
10-234-01474,BIHAR,Rohtas,Tilouthu,0,0,,215,10,1474,,73885.57639601533,193504401.97342023,9.359090850830078e-05,8.881231723240445e-05,140,0.012433724412536623
10-230-01400,BIHAR,Patna,Patna Rural,0,0,,212,10,1400,,87518.10425735511,179850223.48881748,0.00023540927490234376,4.133139941033516e-05,131,0.005414413322753907
10-230-01401,BIHAR,Patna,Sampatchak,0,0,,212,10,1401,,53219.7118618291,78902366.60372826,0.00023540927490234376,8.259974557976973e-06,57,0.0004708185498046875
10-230-01406,BIHAR,Patna,Dulhin Bazar,0,0,,212,10,1406,,77792.54009458271,136539622.4680228,0.00031455534820556643,0.00028030739888200857,99,0.027750432489318848
10-230-01402,BIHAR,Patna,Phulwari,0,0,,212,10,1402,,70659.26045014715,135940825.49713776,0.00023540927490234376,0.00022560055511474612,96,0.021657653291015627
10-230-01413,BIHAR,Patna,Khusrupur,0,0,,212,10,1413,,46143.60198551767,78201544.387751,0.0,0.0,58,0.0
10-230-01403,BIHAR,Patna,Bihta,0,0,,212,10,1403,,116564.9809665079,244879174.98088208,0.0003235643392944336,0.00028469791916899633,182,0.05181502128875733
10-230-01415,BIHAR,Patna,Athmalgola,0,0,,212,10,1415,,47997.69261940102,62827293.65665197,0.0,0.0,47,0.0
10-230-01404,BIHAR,Patna,Naubatpur,0,0,,212,10,1404,,105087.74367689912,205320191.59612688,0.00023540927490234376,0.00023540927490234376,153,0.0360176190600586
10-230-01405,BIHAR,Patna,Bikram,0,0,,212,10,1405,,86626.03512108007,186422313.04867813,0.00031455534820556643,0.00029202471419953956,137,0.04000738584533692
10-234-01475,BIHAR,Rohtas,Rohtas,0,0,,215,10,1475,,88257.59288547112,389741138.17794544,0.00012144295303344728,8.918540151529843e-05,288,0.02568539563640595
10-230-01407,BIHAR,Patna,Paliganj,0,0,,212,10,1407,,129476.3041410336,293354152.7667747,0.00031455534820556643,0.0002847704426531926,214,0.060940874727783215
10-230-01408,BIHAR,Patna,Masaurhi,0,0,,212,10,1408,,108866.13277400887,248716954.87290823,0.00024412148040771483,0.00024118478192275829,178,0.04293089118225098
10-230-01409,BIHAR,Patna,Dhanarua,0,0,,212,10,1409,,95102.40821522896,225577653.19725513,0.00024412148040771483,0.00018593166183565292,163,0.030306860879211427
10-230-01410,BIHAR,Patna,Punpun,0,0,,212,10,1410,,82554.93388622913,161116560.78819045,0.00023540927490234376,0.00015959950840836867,118,0.018832741992187502
10-230-01411,BIHAR,Patna,Fatwah,0,0,,212,10,1411,,97950.27190535897,155697451.47083917,0.0,0.0,115,0.0
10-230-01412,BIHAR,Patna,Daniawan,0,0,,212,10,1412,,69689.77872311571,79566220.36857046,0.0,0.0,56,0.0
10-230-01414,BIHAR,Patna,Bakhtiarpur,0,0,,212,10,1414,,120205.01587822943,168153072.20481881,0.0,0.0,120,0.0
10-230-01416,BIHAR,Patna,Belchhi,0,0,,212,10,1416,,88573.78025963024,87443681.0926542,0.0,0.0,70,0.0
10-230-01417,BIHAR,Patna,Barh,0,0,,212,10,1417,,95365.9771693495,147280816.515725,0.0,0.0,104,0.0
10-230-01419,BIHAR,Patna,Ghoswari,0,0,,212,10,1419,,66454.95033385535,164897376.1169027,0.0,0.0,126,0.0
10-230-01418,BIHAR,Patna,Pandarak,0,0,,212,10,1418,,106894.44852036482,252509471.6555304,0.0,0.0,180,0.0
10-232-01438,BIHAR,Buxar,Chaugain,0,0,,194,10,1438,,52625.33924401454,66025696.44875917,0.000198015390625,0.00019801539062499996,49,0.009702754140624999
10-232-01439,BIHAR,Buxar,Kesath,0,0,,194,10,1439,,34661.84662025829,38236018.49691825,0.000198015390625,0.000198015390625,29,0.005742446328124999
10-230-01420,BIHAR,Patna,Mokameh,0,0,,212,10,1420,,127700.39840194934,244519830.48183808,0.0,0.0,181,0.0
10-231-01421,BIHAR,Bhojpur,Shahpur,0,0,,193,10,1421,,110658.91431619873,211766871.4500774,0.000281873610534668,0.00027517979250981257,156,0.04292804763153076
10-234-01460,BIHAR,Rohtas,Suryapura,0,0,,215,10,1460,,56159.7630280001,69765063.31452103,0.00012992069793701174,0.0001299206979370117,47,0.006106272803039551
10-231-01422,BIHAR,Bhojpur,Arrah,0,0,,193,10,1422,,120924.06747051864,221925641.7145924,0.0003235643392944336,0.0002966766617704188,159,0.04717158922149659
10-231-01423,BIHAR,Bhojpur,Barhara,0,0,,193,10,1423,,128817.96875565937,258494738.36324885,0.0003235643392944336,0.0003104677752861303,191,0.059299345079650886
10-231-01424,BIHAR,Bhojpur,Koilwar,0,0,,193,10,1424,,94779.33453556667,208456312.66749656,0.0003235643392944336,0.0003164901650837124,149,0.04715703459747315
10-231-01425,BIHAR,Bhojpur,Sandesh,0,0,,193,10,1425,,60697.76797134289,164599530.19806212,0.00031455534820556643,0.0003108122804234392,118,0.03667584908996582
10-231-01426,BIHAR,Bhojpur,Udwant Nagar,0,0,,193,10,1426,,92445.60417460876,217797556.82002312,0.00031455534820556643,0.00028938239799926004,161,0.04659056607788087
10-234-01461,BIHAR,Rohtas,Bikramganj,0,0,,215,10,1461,,88556.32896667719,168723569.68103397,0.00012992069793701174,0.00012992069793701174,129,0.016759770033874515
10-231-01427,BIHAR,Bhojpur,Behea,0,0,,193,10,1427,,114516.77527652554,206091349.70539597,0.000281873610534668,0.0002504493909464519,150,0.03756740864196778
10-231-01428,BIHAR,Bhojpur,Jagdishpur,0,0,,193,10,1428,,109726.00219208181,318463526.4488765,0.0002727734411621094,0.00026523205887108526,228,0.06047290942260744
10-231-01429,BIHAR,Bhojpur,Piro,0,0,,193,10,1429,,100703.96274410955,268205354.86689487,0.0002727734411621094,0.0001652226974685669,200,0.03304453949371338
10-234-01462,BIHAR,Rohtas,Karakat,0,0,,215,10,1462,,102232.22868007293,251121712.10833624,0.00015428502136230468,0.0001283147297668457,176,0.022583392438964844
10-231-01430,BIHAR,Bhojpur,Charpokhari,0,0,,193,10,1430,,88834.1327790213,135855258.49695313,0.0002727734411621094,0.00018920792404014184,95,0.017974752783813476
10-231-01431,BIHAR,Bhojpur,Garhani,0,0,,193,10,1431,,93054.52180151101,137128723.85739592,0.0002727734411621094,0.0002589689650689283,103,0.026673803402099613
10-231-01432,BIHAR,Bhojpur,Agiaon,0,0,,193,10,1432,,87534.07309197474,191419206.17039648,0.00031455534820556643,0.00023982818275286997,139,0.03333611740264893
10-231-01433,BIHAR,Bhojpur,Tarari,0,0,,193,10,1433,,95157.98131215997,247108515.4982669,0.00015428502136230468,0.000151669642011567,177,0.026845526636047362
10-231-01434,BIHAR,Bhojpur,Sahar,0,0,,193,10,1434,,61748.81499939302,157154129.14318892,0.0002900174594116211,0.00017632704121646716,117,0.020630263822326658
10-232-01435,BIHAR,Buxar,Simri,0,0,,194,10,1435,,87047.69219699135,222195796.247413,0.00024392216888427734,0.00019019455318171805,164,0.03119190672180176
10-232-01436,BIHAR,Buxar,Chakki,0,0,,194,10,1436,,73799.54032015939,80420668.23199363,0.00024392216888427734,0.00023674923478126525,64,0.015151951026000976
10-232-01437,BIHAR,Buxar,Barhampur,0,0,,194,10,1437,,133928.15369382405,240152233.65370417,0.000281873610534668,0.00020672619031255647,173,0.03576363092407227
10-232-01440,BIHAR,Buxar,Dumraon,0,0,,194,10,1440,,115797.88145848007,238641355.07175583,0.000198015390625,0.000178187876260069,169,0.030113751087951657
10-232-01441,BIHAR,Buxar,Buxar,0,0,,194,10,1441,,90996.21871903203,211591033.38394436,0.00013231245086669922,0.00013176653545209554,157,0.020687346065979002
10-232-01442,BIHAR,Buxar,Chausa,0,0,,194,10,1442,,99103.08457070828,138502720.57991108,0.00013231245086669922,0.00010297003354081485,107,0.011017793588867189
10-232-01443,BIHAR,Buxar,Rajpur,0,0,,194,10,1443,,121142.9666413415,336933113.12217736,0.00013231245086669922,0.00012237145774280782,245,0.02998100714698792
10-232-01444,BIHAR,Buxar,Itarhi,0,0,,194,10,1444,,109439.3274763228,293713382.2816445,0.00013231245086669922,0.00013223290356649737,209,0.027636676845397952
10-232-01445,BIHAR,Buxar,Nawanagar,0,0,,194,10,1445,,126567.10382889764,229774401.79100823,0.000198015390625,0.0001826846584378756,169,0.030873707276000976
10-233-01446,BIHAR,Kaimur (Bhabua),Ramgarh,0,0,,200,10,1446,,124781.0721120257,206666195.02442607,0.00010562573425292969,9.429372513474218e-05,151,0.014238352495346069
10-233-01447,BIHAR,Kaimur (Bhabua),Nuaon,0,0,,200,10,1447,,121732.74643995032,235834986.4758632,0.00012399975799560548,0.0001037582792163871,171,0.017742665746002195
10-233-01448,BIHAR,Kaimur (Bhabua),Kudra,0,0,,200,10,1448,,132624.50147962422,255577893.54332253,0.00010562573425292969,9.158806920611669e-05,189,0.017310145079956055
10-233-01449,BIHAR,Kaimur (Bhabua),Mohania,0,0,,200,10,1449,,142323.6809133636,349176573.6513165,0.00010562573425292969,9.591491040855645e-05,256,0.02455421706459045
10-233-01450,BIHAR,Kaimur (Bhabua),Durgawati,0,0,,200,10,1450,,108544.41183902678,212580801.4059764,6.921864112854004e-05,6.921864112854004e-05,154,0.010659670733795167
10-233-01451,BIHAR,Kaimur (Bhabua),Chand,0,0,,200,10,1451,,97099.60209928264,257974481.1925409,8.691293857574464e-05,7.319069932714423e-05,188,0.013759851473503115
10-233-01452,BIHAR,Kaimur (Bhabua),Chainpur,0,0,,200,10,1452,,170712.34536647963,555311526.8488017,8.857377376556397e-05,7.000181963196551e-05,407,0.028490740590209965
10-233-01453,BIHAR,Kaimur (Bhabua),Bhabua,0,0,,200,10,1453,,143727.89821118704,407618990.38615096,0.00010562573425292969,7.5965376180351e-05,301,0.02286557823028565
10-233-01454,BIHAR,Kaimur (Bhabua),Rampur,0,0,,200,10,1454,,126612.15498309073,210660395.23746365,8.172376403808595e-05,7.745100599864985e-05,149,0.011540199893798828
10-233-01455,BIHAR,Kaimur (Bhabua),Bhagwanpur,0,0,,200,10,1455,,134815.05705103654,292151198.96788174,8.172376403808595e-05,7.189908764735217e-05,211,0.015170707493591309
10-233-01456,BIHAR,Kaimur (Bhabua),Adhaura,0,0,,200,10,1456,,271357.2345421078,1135984955.9859164,0.00010393175926208496,7.733838486725255e-05,833,0.06442287459442138
10-234-01457,BIHAR,Rohtas,Kochas,0,0,,215,10,1457,,90248.48407846906,187033418.62218276,0.00012399975799560548,0.00011829267486341074,132,0.015614633081970218
10-234-01458,BIHAR,Rohtas,Dinara,0,0,,215,10,1458,,157118.7651045217,464648316.8452498,0.00012992069793701174,0.00012538883481470373,341,0.04275759267181397
10-234-01459,BIHAR,Rohtas,Dawath,0,0,,215,10,1459,,78120.6651060775,129910427.66035384,0.00012992069793701174,0.0001299206979370117,94,0.012212545606079102
10-234-01466,BIHAR,Rohtas,Nokha,0,0,,215,10,1466,,82152.91978314315,208772248.59610957,0.00012399975799560548,9.944413619582716e-05,148,0.01471773215698242
10-235-01476,BIHAR,Aurangabad,Daudnagar,0,0,,189,10,1476,,91010.07504965532,238139281.75712803,0.00012863983123779298,0.00012554677685617033,174,0.021845139172973635
10-234-01467,BIHAR,Rohtas,Kargahar,0,0,,215,10,1467,,128509.87472624176,406135690.59563094,0.00012399975799560548,0.00010088015333948909,296,0.02986052538848877
10-234-01468,BIHAR,Rohtas,Chenari,0,0,,215,10,1468,,121720.69626398994,292642418.8385522,9.359090850830078e-05,7.523981853999649e-05,215,0.016176560986099243
10-234-01469,BIHAR,Rohtas,Nauhatta,0,0,,215,10,1469,,175494.75594492842,478591449.404211,0.00012144295303344728,9.510413996098405e-05,354,0.033666865546188356
10-234-01470,BIHAR,Rohtas,Sheosagar,0,0,,215,10,1470,,135463.8765525897,406503956.12222886,9.359090850830078e-05,8.783197804260255e-05,295,0.02591043352256775
10-234-01471,BIHAR,Rohtas,Sasaram,0,0,,215,10,1471,,135810.11950728856,394273130.8742507,0.00010417658294677734,9.271805998913996e-05,290,0.02688823739685059
10-234-01473,BIHAR,Rohtas,Dehri,0,0,,215,10,1473,,97323.52013589225,199371136.99043605,0.00010417658294677734,9.958589319268589e-05,145,0.014439954512939453
10-235-01477,BIHAR,Aurangabad,Haspura,0,0,,189,10,1477,,88845.10694940752,164519986.5205008,0.0002774529919433594,0.00013109955290234782,121,0.015863045901184085
10-235-01478,BIHAR,Aurangabad,Goh,0,0,,189,10,1478,,122286.20877621078,374665187.3660463,0.0002774529919433594,0.000235872844099157,272,0.06415741359497071
10-236-01491,BIHAR,Gaya,Neem Chak Bathani,0,0,,196,10,1491,,79540.44278654993,146770773.7769567,0.00013260256477355957,0.0001326025647735596,103,0.01365806417167664
10-235-01479,BIHAR,Aurangabad,Rafiganj,0,0,,189,10,1479,,167069.30684925965,465687847.79432577,0.0002774529919433594,0.00015585416751514783,341,0.05314627112266541
10-235-01480,BIHAR,Aurangabad,Obra,0,0,,189,10,1480,,130720.05569071589,327203821.09876627,0.0001369604187011719,0.00011967137738449163,237,0.028362116440124516
10-236-01494,BIHAR,Gaya,Manpur,0,0,,196,10,1494,,77081.78707553667,161226183.41058797,0.00014168858531951904,0.0001275471075688238,115,0.014667917370414736
10-235-01481,BIHAR,Aurangabad,Aurangabad,0,0,,189,10,1481,,125502.68609205673,344679798.38062614,0.0001369604187011719,0.00012491684413194656,256,0.03197871209777832
10-237-01511,BIHAR,Nawada,Nardiganj,0,0,,210,10,1511,,60262.24041371029,129808165.4472442,0.0002066030419921875,0.0002066030419921875,95,0.019627288989257814
10-235-01482,BIHAR,Aurangabad,Barun,0,0,,189,10,1482,,117269.30390529483,381782699.30215496,0.00010417658294677734,9.035136145455496e-05,280,0.02529838120727539
10-235-01483,BIHAR,Aurangabad,Nabinagar,0,0,,189,10,1483,,173491.30877801325,657546828.2218357,0.00013709336410522462,0.00010061872805672403,483,0.04859884565139771
10-235-01484,BIHAR,Aurangabad,Kutumba,0,0,,189,10,1484,,110495.73757590447,319048251.76106954,0.00013709336410522462,0.00011056432365650696,229,0.025319230117340094
10-235-01485,BIHAR,Aurangabad,Deo,0,0,,189,10,1485,,158578.88849021672,336990745.1586724,0.00014597523681640626,0.00013131960134741795,251,0.032961219938201905
10-235-01486,BIHAR,Aurangabad,Madanpur,0,0,,189,10,1486,,153529.37367368402,418713952.50229967,0.00018930572807312012,0.0001450069673428335,309,0.044807152908935555
10-236-01487,BIHAR,Gaya,Konch,0,0,,196,10,1487,,154041.56172387034,319288521.7326548,0.0002774529919433594,0.00025161672494690993,232,0.05837508018768311
10-236-01488,BIHAR,Gaya,Tikari,0,0,,196,10,1488,,122221.36853604284,290576655.12704176,0.0002774529919433594,0.00022703556757130752,218,0.04949375373054504
10-236-01489,BIHAR,Gaya,Belaganj,0,0,,196,10,1489,,113473.13279109563,240372540.95814112,0.00014168858531951904,0.00014168858531951904,180,0.02550394535751343
10-236-01490,BIHAR,Gaya,Khizirsarai,0,0,,196,10,1490,,103698.13096672995,223124430.97950032,0.00014168858531951904,0.00013704897193400067,165,0.02261308036911011
10-236-01492,BIHAR,Gaya,Muhra,0,0,,196,10,1492,,93681.45756176667,181269438.2139707,0.0002066030419921875,0.00013615359808053548,134,0.018244582142791753
10-236-01493,BIHAR,Gaya,Atri,0,0,,196,10,1493,,103075.15367958385,161340647.62451813,0.0002066030419921875,0.0001363417043189041,119,0.016224662813949586
10-236-01495,BIHAR,Gaya,Gaya Town C.D.Block,0,0,,196,10,1495,,91678.58033080616,224144813.6021213,0.00014168858531951904,0.00012901635201045448,161,0.02077163267368317
10-236-01496,BIHAR,Gaya,Paraiya,0,0,,196,10,1496,,75593.31264449215,167300846.5298876,0.00018930572807312012,0.00016226511492919925,120,0.01947181379150391
10-236-01497,BIHAR,Gaya,Guraru,0,0,,196,10,1497,,81292.54933661391,199646285.7542363,0.00018930572807312012,0.00018930572807312015,147,0.02782794202674866
10-237-01512,BIHAR,Nawada,Nawada,0,0,,210,10,1512,,86822.75137888109,219317998.1072041,0.0002066030419921875,0.00020634721118246676,157,0.03239651215564728
10-236-01498,BIHAR,Gaya,Gurua,0,0,,196,10,1498,,117859.62964526065,238015237.1519128,0.00018930572807312012,0.00018374775457349128,173,0.03178836154121399
10-236-01499,BIHAR,Gaya,Amas,0,0,,196,10,1499,,100546.69423332924,128484051.44985774,0.00018930572807312012,0.00015413325872240568,95,0.01464265957862854
10-237-01517,BIHAR,Nawada,Roh,0,0,,210,10,1517,,77804.52626079548,192537548.9783989,0.0002983263068389893,0.0002722436094493337,144,0.03920307976070405
10-236-01500,BIHAR,Gaya,Banke Bazar,0,0,,196,10,1500,,85166.97220092022,256240042.68049288,0.0001518420613861084,0.00015023341593957716,186,0.027943415364761352
10-236-01501,BIHAR,Gaya,Imamganj,0,0,,196,10,1501,,136271.57775821586,316917295.57645696,0.00015476780212402344,0.0001486492966521834,239,0.03552718189987183
10-236-01502,BIHAR,Gaya,Dumaria,0,0,,196,10,1502,,119690.94596035974,390676703.928496,0.00015476780212402344,0.00014450611990035207,285,0.04118424417160034
10-236-01503,BIHAR,Gaya,Sherghati,0,0,,196,10,1503,,100322.2973073121,167902109.12194017,0.00018930572807312012,0.00015695313770635341,123,0.01930523593788147
10-238-01531,BIHAR,Jamui,Gidhaur,0,0,,198,10,1531,,55211.5633940527,100392309.18230554,0.0006199875886535645,0.0006107466931040447,75,0.04580600198280335
10-236-01504,BIHAR,Gaya,Dobhi,0,0,,196,10,1504,,103572.88994215836,218837778.49499393,0.00017348685791015626,0.00016958810574122839,161,0.02730368502433777
10-236-01505,BIHAR,Gaya,Bodh Gaya,0,0,,196,10,1505,,120948.91182130505,306843965.9119923,0.00018930572807312012,0.00013129505738996428,230,0.030197863199691782
10-236-01506,BIHAR,Gaya,Tan Kuppa,0,0,,196,10,1506,,108147.94853451202,190099968.23000297,0.00017348685791015626,0.00014054941748348638,134,0.018833621942787173
10-240-01542,BIHAR,Arwal,Arwal,0,0,,611,10,1542,,73924.8054791393,147787869.27798152,0.0002900174594116211,0.00025477923030266394,104,0.02649703995147705
10-236-01507,BIHAR,Gaya,Wazirganj,0,0,,196,10,1507,,105472.06999302967,323030583.61833626,0.0001475042697143555,0.00014567122272976377,236,0.03437840856422425
10-236-01508,BIHAR,Gaya,Fatehpur,0,0,,196,10,1508,,155359.44599717355,408449805.62920874,0.0001559984355545044,0.00015195516531868987,304,0.04619437025688172
10-240-01543,BIHAR,Arwal,Kaler,0,0,,611,10,1543,,67777.19153730445,176075758.749563,0.00015428502136230468,0.00014997819553986763,131,0.01964714361572266
10-236-01509,BIHAR,Gaya,Mohanpur,0,0,,196,10,1509,,119906.24818546322,418796109.2883684,0.00017348685791015626,0.0001624297723488131,303,0.04921622102169037
10-240-01544,BIHAR,Arwal,Karpi,0,0,,611,10,1544,,158139.92638461498,234985661.7206014,0.0002900174594116211,0.0002735620033601273,172,0.0470526645779419
10-236-01510,BIHAR,Gaya,Barachatti,0,0,,196,10,1510,,138753.78132836288,366328956.31361085,0.00017348685791015626,0.0001719605955954812,275,0.047289163788757325
10-237-01513,BIHAR,Nawada,Warisaliganj,0,0,,210,10,1513,,109792.76918459819,202861050.3008767,0.000230740869140625,0.0002217097093231824,147,0.032591327270507814
10-237-01514,BIHAR,Nawada,Kashi Chak,0,0,,210,10,1514,,73948.94452619922,98983451.20841853,0.000230740869140625,0.00023074086914062498,72,0.016613342578125
10-237-01515,BIHAR,Nawada,Pakribarawan,0,0,,210,10,1515,,104545.76938151139,251834567.85717744,0.000230740869140625,0.000230740869140625,184,0.042456319921875
10-237-01516,BIHAR,Nawada,Kawakol,0,0,,210,10,1516,,121170.20018263235,362955647.76482904,0.00052056775390625,0.0003954706494608141,266,0.10519519275657654
10-237-01518,BIHAR,Nawada,Gobindpur,0,0,,210,10,1518,,73133.35659787485,188189390.13263756,0.0002983263068389893,0.00027221865351486214,140,0.0381106114920807
10-237-01519,BIHAR,Nawada,Akbarpur,0,0,,210,10,1519,,91268.2921062847,249541236.96202633,0.00020214021564483642,0.00020214021564483642,184,0.0371937996786499
10-237-01520,BIHAR,Nawada,Hisua,0,0,,210,10,1520,,85113.4923130193,144090762.99664384,0.0002066030419921875,0.00018113946262543018,104,0.01883850411304474
10-237-01521,BIHAR,Nawada,Narhat,0,0,,210,10,1521,,62856.50481924386,99624005.77002536,0.00020214021564483642,0.00020214021564483642,69,0.013947674879493712
10-237-01522,BIHAR,Nawada,Meskaur,0,0,,210,10,1522,,75185.00287586387,145604023.18435815,0.00020214021564483642,0.00016311453998020718,112,0.018268828477783203
10-237-01523,BIHAR,Nawada,Sirdala,0,0,,210,10,1523,,111278.51695598938,301894539.186342,0.00020214021564483642,0.0001666454539386504,218,0.03632870895862579
10-237-01524,BIHAR,Nawada,Rajauli,0,0,,210,10,1524,,132370.86211000624,450216393.36794454,0.0002983263068389893,0.00016612621041948015,333,0.05532002806968689
10-238-01525,BIHAR,Jamui,Islamnagar Aliganj,0,0,,198,10,1525,,96153.77396855215,213408239.47295904,0.00052056775390625,0.0004739246800818811,156,0.07393225009277345
10-238-01526,BIHAR,Jamui,Sikandra,0,0,,198,10,1526,,86788.2538333537,223096734.30010977,0.0006199875886535645,0.0005245511872901446,162,0.08497729234100343
10-238-01527,BIHAR,Jamui,Jamui,0,0,,198,10,1527,,90084.78430112793,212157753.6648698,0.000603083511428833,0.0006020187919769288,155,0.09331291275642396
10-238-01528,BIHAR,Jamui,Barhat,0,0,,198,10,1528,,114104.37581341481,270298087.1382075,0.000603083511428833,0.0005020593699204499,197,0.09890569587432863
10-238-01529,BIHAR,Jamui,Lakshmipur,0,0,,198,10,1529,,112147.89260238525,307635253.00857943,0.000603083511428833,0.00016082226971435548,225,0.03618501068572998
10-238-01530,BIHAR,Jamui,Jhajha,0,0,,198,10,1530,,147664.43327942316,507112726.974952,0.0007130909259033204,0.0006563022916591749,370,0.2428318479138947
10-238-01532,BIHAR,Jamui,Khaira,0,0,,198,10,1532,,142747.05687020053,513762691.7981683,0.0006199875886535645,0.0005606336825425935,377,0.21135889831855773
10-238-01533,BIHAR,Jamui,Sono,0,0,,198,10,1533,,117724.39892386932,474283005.7300444,0.0007130909259033204,0.00062907914654576,349,0.21954862214447024
10-238-01534,BIHAR,Jamui,Chakai,0,0,,198,10,1534,,243956.2217086091,956725034.6798706,0.0007130909259033204,0.00046097795049024305,700,0.32268456534317014
10-239-01535,BIHAR,Jehanabad,Ratni Faridpur,0,0,,199,10,1535,,82762.53932271499,155018952.20303965,0.0002900174594116211,0.00025075183820021785,114,0.028585709554824833
10-239-01536,BIHAR,Jehanabad,Jehanabad,0,0,,199,10,1536,,97254.09844747804,201426556.69272655,0.00024412148040771483,0.00024412148040771483,148,0.0361299791003418
10-239-01537,BIHAR,Jehanabad,Kako,0,0,,199,10,1537,,83599.3529020472,162373941.78194478,0.00024412148040771483,0.00024412148040771483,118,0.02880633468811035
10-239-01538,BIHAR,Jehanabad,Modanganj,0,0,,199,10,1538,,66522.90037500951,97205276.85869928,0.00024412148040771483,0.00022235510374649713,69,0.015342502158508303
10-239-01539,BIHAR,Jehanabad,Ghoshi,0,0,,199,10,1539,,82931.95174196921,112225161.55433495,0.00024412148040771483,0.00019905236311349518,83,0.0165213461384201
10-239-01540,BIHAR,Jehanabad,Makhdumpur,0,0,,199,10,1540,,128831.72570768485,301471679.33572614,0.00024412148040771483,0.00015301756910807526,217,0.03320481249645233
10-239-01541,BIHAR,Jehanabad,Hulasganj,0,0,,199,10,1541,,87179.53907708311,119677697.18988888,0.00024412148040771483,0.00015959668746821088,90,0.014363701872138979
10-240-01545,BIHAR,Arwal,Sonbhadra Banshi Suryapur,0,0,,611,10,1545,,62692.97791397586,116643000.97724338,0.0002900174594116211,0.0002804805744658321,83,0.023279887680664066
10-240-01546,BIHAR,Arwal,Kurtha,0,0,,611,10,1546,,71585.17106640573,106433073.5354984,0.0002900174594116211,0.0002835741427612305,78,0.022118783135375977
10-224-01334,BIHAR,Bhagalpur,Gopalpur,0,0,,192,10,1334,,95407.9186210158,208941966.91883087,0.0,0.0,153,0.0
10-210-01127,BIHAR,Kishanganj,Kishanganj,0,0,,203,10,1127,,125268.33771117091,207105687.55921903,0.0,0.0,152,0.0
