object_idid,stname,dtname,sdtname,st_area_sh,st_length_,remarks,dist_lgd,state_lgd,subdt_lgd,ac_no,st_length(shape),st_area(shape),max,mean,count,sum
10-206-01064,BIHAR,Sitamarhi,Suppi,0,0,,221,10,1064,,71084.15120823232,92250451.53846286,0.0,0.0,66,0.0
10-234-01463,BIHAR,Rohtas,Nasriganj,0,0,,215,10,1463,,90034.07903274363,167356919.18355417,0.00014575029670715333,0.00013440396234421504,126,0.016934899255371096
10-234-01464,BIHAR,Rohtas,Rajpur,0,0,,215,10,1464,,68660.48684625747,85633596.4997788,0.00014575029670715333,0.00014575029670715333,63,0.00918226869255066
10-234-01465,BIHAR,Rohtas,Sanjhauli,0,0,,215,10,1465,,56591.722358052,83833486.39015438,0.00014575029670715333,0.00012142863009498234,63,0.0076500036959838875
10-203-01023,BIHAR,Pashchim Champaran,Thakrahan,0,0,,211,10,1023,,79847.09402015881,199004696.79409248,0.0,0.0,145,0.0
10-204-01054,BIHAR,Purbi Champaran,Phenhara,0,0,,213,10,1054,,44565.43736457999,67645025.94776015,0.0,0.0,51,0.0
10-219-01262,BIHAR,Saran,Maker,0,0,,218,10,1262,,62357.8736467211,96585777.9808088,0.0,0.0,71,0.0
10-220-01282,BIHAR,Vaishali,Sahdai Buzurg,0,0,,224,10,1282,,74546.65030748869,114161677.3631406,0.0,0.0,84,0.0
10-229-01388,BIHAR,Nalanda,Tharthari,0,0,,209,10,1388,,71853.42144919158,77411758.12428828,6.178076416015625e-05,5.4425085183602795e-05,54,0.002938954599914551
10-229-01389,BIHAR,Nalanda,Parbalpur,0,0,,209,10,1389,,54466.2339431045,76043839.88376136,6.178076416015625e-05,6.014392350878036e-05,56,0.0033680597164917
10-203-01022,BIHAR,Pashchim Champaran,Bhitaha,0,0,,211,10,1022,,72626.86760213553,166969906.7472905,0.0,0.0,117,0.0
10-203-01013,BIHAR,Pashchim Champaran,Sidhaw,0,0,,211,10,1013,,195582.3602130639,1085337194.6715722,0.0,0.0,781,0.0
10-203-01014,BIHAR,Pashchim Champaran,Ramnagar,0,0,,211,10,1014,,230865.78384139363,866139404.2451236,0.0,0.0,621,0.0
10-203-01015,BIHAR,Pashchim Champaran,Gaunaha,0,0,,211,10,1015,,136504.94021895694,605322845.3823951,0.0,0.0,441,0.0
10-203-01016,BIHAR,Pashchim Champaran,Mainatanr,0,0,,211,10,1016,,115419.13930249632,312998546.4010918,0.0,0.0,221,0.0
10-203-01017,BIHAR,Pashchim Champaran,Narkatiaganj,0,0,,211,10,1017,,149144.20649331805,441857686.2127825,0.0,0.0,314,0.0
10-203-01018,BIHAR,Pashchim Champaran,Lauriya,0,0,,211,10,1018,,120853.32018665274,255440417.54612216,0.0,0.0,183,0.0
10-203-01019,BIHAR,Pashchim Champaran,Bagaha,0,0,,211,10,1019,,135587.24079810514,491292931.53180623,0.0,0.0,352,0.0
10-203-01021,BIHAR,Pashchim Champaran,Madhubani,0,0,,211,10,1021,,144670.82201821523,386116138.1353823,0.0,0.0,276,0.0
10-203-01024,BIHAR,Pashchim Champaran,Jogapatti,0,0,,211,10,1024,,88530.23644360513,258722436.3759333,0.0,0.0,186,0.0
10-203-01029,BIHAR,Pashchim Champaran,Bairia,0,0,,211,10,1029,,105039.82861382668,288505226.87341565,0.0,0.0,208,0.0
10-203-01025,BIHAR,Pashchim Champaran,Chanpatia,0,0,,211,10,1025,,113543.7602983494,310017349.34780717,0.0,0.0,226,0.0
10-206-01071,BIHAR,Sitamarhi,Parsauni,0,0,,221,10,1071,,63729.135625112256,74724139.64418457,0.0,0.0,55,0.0
10-203-01026,BIHAR,Pashchim Champaran,Sikta,0,0,,211,10,1026,,93443.22825707054,255004178.86147365,0.0,0.0,183,0.0
10-203-01027,BIHAR,Pashchim Champaran,Majhaulia,0,0,,211,10,1027,,123374.4030721297,371511179.15939575,0.0,0.0,265,0.0
10-203-01028,BIHAR,Pashchim Champaran,Bettiah,0,0,,211,10,1028,,53968.26030594324,83182055.35378212,0.0,0.0,59,0.0
10-203-01030,BIHAR,Pashchim Champaran,Nautan,0,0,,211,10,1030,,122656.63983711715,245738630.13883996,0.0,0.0,171,0.0
10-204-01031,BIHAR,Purbi Champaran,Raxaul,0,0,,213,10,1031,,98709.78801801558,166685360.13968688,0.0,0.0,124,0.0
10-206-01072,BIHAR,Sitamarhi,Belsand,0,0,,221,10,1072,,66235.5873217276,97354060.86547032,0.0,0.0,70,0.0
10-206-01073,BIHAR,Sitamarhi,Runisaidpur,0,0,,221,10,1073,,152472.54206325076,334873257.0825382,0.0,0.0,243,0.0
10-204-01032,BIHAR,Purbi Champaran,Adapur,0,0,,213,10,1032,,94532.37688292323,199608924.7111849,0.0,0.0,148,0.0
10-206-01074,BIHAR,Sitamarhi,Dumra,0,0,,221,10,1074,,111649.34177378344,241159212.36062923,0.0,0.0,178,0.0
10-204-01033,BIHAR,Purbi Champaran,Ramgarhwa,0,0,,213,10,1033,,90718.26831189607,213035907.5226096,0.0,0.0,154,0.0
10-204-01034,BIHAR,Purbi Champaran,Sugauli,0,0,,213,10,1034,,84892.41923436844,209336830.19001696,0.0,0.0,149,0.0
10-204-01038,BIHAR,Purbi Champaran,Ghorasahan,0,0,,213,10,1038,,75335.10865687576,144368243.47105,0.0,0.0,104,0.0
10-204-01035,BIHAR,Purbi Champaran,Banjaria,0,0,,213,10,1035,,102381.40449613356,176960195.87167916,0.0,0.0,124,0.0
10-204-01047,BIHAR,Purbi Champaran,Kesaria,0,0,,213,10,1047,,87546.8206889307,229535442.11688668,0.0,0.0,168,0.0
10-204-01036,BIHAR,Purbi Champaran,Narkatia,0,0,,213,10,1036,,105607.09704406632,168338010.30978012,0.0,0.0,120,0.0
10-204-01037,BIHAR,Purbi Champaran,Bankatwa,0,0,,213,10,1037,,99233.37216886049,115311013.90225838,0.0,0.0,82,0.0
10-204-01039,BIHAR,Purbi Champaran,Dhaka,0,0,,213,10,1039,,97673.73467814895,202386545.86227983,0.0,0.0,145,0.0
10-204-01048,BIHAR,Purbi Champaran,Kalyanpur,0,0,,213,10,1048,,109413.20044555076,313300912.50613195,0.0,0.0,230,0.0
10-204-01040,BIHAR,Purbi Champaran,Chiraia,0,0,,213,10,1040,,110764.71696779084,272984575.32652414,0.0,0.0,199,0.0
10-204-01041,BIHAR,Purbi Champaran,Motihari,0,0,,213,10,1041,,181544.26702654368,319814691.13850176,0.0,0.0,241,0.0
10-204-01049,BIHAR,Purbi Champaran,Kotwa,0,0,,213,10,1049,,78879.98205471091,178282937.71225017,0.0,0.0,126,0.0
10-204-01042,BIHAR,Purbi Champaran,Turkaulia,0,0,,213,10,1042,,99475.78497366334,174748315.94966665,0.0,0.0,130,0.0
10-204-01050,BIHAR,Purbi Champaran,Piprakothi,0,0,,213,10,1050,,58369.33889310607,62223774.49301849,0.0,0.0,45,0.0
10-204-01043,BIHAR,Purbi Champaran,Harsidhi,0,0,,213,10,1043,,133904.34238337883,240218359.62130272,0.0,0.0,173,0.0
10-204-01044,BIHAR,Purbi Champaran,Paharpur,0,0,,213,10,1044,,108730.62076802726,192061375.0173064,0.0,0.0,144,0.0
10-204-01045,BIHAR,Purbi Champaran,Areraj,0,0,,213,10,1045,,93331.67353690567,242725576.26244012,0.0,0.0,174,0.0
10-204-01046,BIHAR,Purbi Champaran,Sangrampur,0,0,,213,10,1046,,78133.67961210197,187659878.02718252,0.0,0.0,133,0.0
10-204-01051,BIHAR,Purbi Champaran,Chakia(Pipra),0,0,,213,10,1051,,129110.66914194856,212940547.80779588,0.0,0.0,145,0.0
10-204-01052,BIHAR,Purbi Champaran,Pakri Dayal,0,0,,213,10,1052,,90143.40730437863,148110040.62869397,0.0,0.0,106,0.0
10-204-01053,BIHAR,Purbi Champaran,Patahi,0,0,,213,10,1053,,85994.51677214028,144960443.14880535,0.0,0.0,100,0.0
10-204-01055,BIHAR,Purbi Champaran,Madhuban,0,0,,213,10,1055,,112681.00006095257,152424272.44650427,0.0,0.0,114,0.0
10-204-01056,BIHAR,Purbi Champaran,Tetaria,0,0,,213,10,1056,,82320.72754353678,104458405.63845472,0.0,0.0,74,0.0
10-205-01058,BIHAR,Sheohar,Purnahiya,0,0,,220,10,1058,,57294.126150412616,80859097.14068061,0.0,0.0,59,0.0
10-204-01057,BIHAR,Purbi Champaran,Mehsi,0,0,,213,10,1057,,125063.78039343117,149773808.08158112,0.0,0.0,108,0.0
10-205-01059,BIHAR,Sheohar,Piprarhi,0,0,,220,10,1059,,105870.45511307275,104265216.9562483,0.0,0.0,77,0.0
10-205-01060,BIHAR,Sheohar,Sheohar,0,0,,220,10,1060,,81007.5322908237,115638983.35873616,0.0,0.0,83,0.0
10-205-01061,BIHAR,Sheohar,Dumri Katsari,0,0,,220,10,1061,,65038.65439014734,84655470.24819931,0.0,0.0,59,0.0
10-205-01062,BIHAR,Sheohar,Tariani Chowk,0,0,,220,10,1062,,97491.22869259815,171878914.60720828,0.0,0.0,126,0.0
10-206-01063,BIHAR,Sitamarhi,Bairgania,0,0,,221,10,1063,,59598.621146511534,94417571.99630062,0.0,0.0,70,0.0
10-206-01065,BIHAR,Sitamarhi,Majorganj,0,0,,221,10,1065,,62808.55729710282,95411217.42446172,0.0,0.0,68,0.0
10-206-01066,BIHAR,Sitamarhi,Sonbarsa,0,0,,221,10,1066,,92820.94699371175,224104085.6083578,0.0,0.0,155,0.0
10-206-01067,BIHAR,Sitamarhi,Parihar,0,0,,221,10,1067,,86838.20299610356,272812569.4060281,0.0,0.0,197,0.0
10-207-01095,BIHAR,Madhubani,Rajnagar,0,0,,206,10,1095,,78809.12744912357,223111125.2667772,0.0,0.0,158,0.0
10-206-01068,BIHAR,Sitamarhi,Sursand,0,0,,221,10,1068,,91215.71647520129,181412871.1123928,0.0,0.0,134,0.0
10-206-01069,BIHAR,Sitamarhi,Bathnaha,0,0,,221,10,1069,,120764.04051803834,251403523.12922087,0.0,0.0,185,0.0
10-206-01070,BIHAR,Sitamarhi,Riga,0,0,,221,10,1070,,129433.73210860479,163724219.02092636,0.0,0.0,114,0.0
10-210-01123,BIHAR,Kishanganj,Thakurganj,0,0,,203,10,1123,,224971.2940646554,491161543.46963537,0.0,0.0,353,0.0
10-210-01124,BIHAR,Kishanganj,Pothia,0,0,,203,10,1124,,167388.9118766352,443844792.4531903,0.0,0.0,321,0.0
10-210-01125,BIHAR,Kishanganj,Bahadurganj,0,0,,203,10,1125,,155296.13881782343,347494200.8377232,0.0,0.0,251,0.0
10-210-01126,BIHAR,Kishanganj,Kochadhamin,0,0,,203,10,1126,,139640.52665725534,360840233.8364798,0.0,0.0,258,0.0
10-211-01128,BIHAR,Purnia,Banmankhi,0,0,,214,10,1128,,142815.61519736593,459936087.34673214,0.0,0.0,333,0.0
10-206-01075,BIHAR,Sitamarhi,Bajpatti,0,0,,221,10,1075,,90407.29439213518,174303329.1783474,0.0,0.0,125,0.0
10-206-01076,BIHAR,Sitamarhi,Charaut,0,0,,221,10,1076,,85128.15752493152,91349700.81924292,0.0,0.0,62,0.0
10-206-01077,BIHAR,Sitamarhi,Pupri,0,0,,221,10,1077,,73992.24203369493,115338203.66308306,0.0,0.0,82,0.0
10-206-01078,BIHAR,Sitamarhi,Nanpur,0,0,,221,10,1078,,73315.01223618646,135892566.9983101,0.0,0.0,100,0.0
10-220-01283,BIHAR,Vaishali,Mahnar,0,0,,224,10,1283,,81638.1139853176,126474580.44313861,0.0,0.0,89,0.0
10-206-01079,BIHAR,Sitamarhi,Bokhara,0,0,,221,10,1079,,81978.13188098712,108574895.39827529,0.0,0.0,79,0.0
10-207-01080,BIHAR,Madhubani,Madhwapur,0,0,,206,10,1080,,88808.76172423853,137557654.90878707,0.0,0.0,103,0.0
10-207-01081,BIHAR,Madhubani,Harlakhi,0,0,,206,10,1081,,90217.76640094945,187441757.00046396,0.0,0.0,138,0.0
10-207-01082,BIHAR,Madhubani,Basopatti,0,0,,206,10,1082,,97634.90682970545,164238774.4639331,0.0,0.0,122,0.0
10-207-01089,BIHAR,Madhubani,Khajauli,0,0,,206,10,1089,,91171.28062794723,150968724.81279027,0.0,0.0,108,0.0
10-207-01083,BIHAR,Madhubani,Jainagar,0,0,,206,10,1083,,81489.61423509955,161880108.8306139,0.0,0.0,115,0.0
10-207-01090,BIHAR,Madhubani,Kaluahi,0,0,,206,10,1090,,62305.281593423286,101560283.08963235,0.0,0.0,75,0.0
10-207-01084,BIHAR,Madhubani,Ladania,0,0,,206,10,1084,,97928.14946240213,232665607.5684243,0.0,0.0,164,0.0
10-207-01085,BIHAR,Madhubani,Laukaha,0,0,,206,10,1085,,102032.19667129294,266340932.00179368,0.0,0.0,197,0.0
10-207-01086,BIHAR,Madhubani,Laukahi,0,0,,206,10,1086,,109679.24973352649,329223432.564553,0.0,0.0,237,0.0
10-207-01087,BIHAR,Madhubani,Phulparas,0,0,,206,10,1087,,117974.41186319289,199352334.8677591,0.0,0.0,140,0.0
10-207-01088,BIHAR,Madhubani,Babubarhi,0,0,,206,10,1088,,118996.04641992833,237192379.86086744,0.0,0.0,174,0.0
10-207-01091,BIHAR,Madhubani,Benipatti,0,0,,206,10,1091,,128414.2409747215,328987645.9449377,0.0,0.0,231,0.0
10-207-01092,BIHAR,Madhubani,Bisfi,0,0,,206,10,1092,,99754.46134559005,226192948.413646,0.0,0.0,165,0.0
10-207-01093,BIHAR,Madhubani,Madhubani,0,0,,206,10,1093,,109764.71764889831,200359220.56727448,0.0,0.0,142,0.0
10-207-01094,BIHAR,Madhubani,Pandaul,0,0,,206,10,1094,,102372.75527307783,208327489.63825428,0.0,0.0,148,0.0
10-207-01096,BIHAR,Madhubani,Andhratharhi,0,0,,206,10,1096,,97300.5167595078,186769445.10608673,0.0,0.0,134,0.0
10-207-01097,BIHAR,Madhubani,Jhanjharpur,0,0,,206,10,1097,,125261.96837896874,181284371.95402232,0.0,0.0,132,0.0
10-207-01098,BIHAR,Madhubani,Ghoghardiha,0,0,,206,10,1098,,114215.40677637524,211228851.4219488,0.0,0.0,159,0.0
10-207-01099,BIHAR,Madhubani,Lakhnaur,0,0,,206,10,1099,,72956.74167609161,146945623.14022,0.0,0.0,110,0.0
10-207-01100,BIHAR,Madhubani,Madhepur,0,0,,206,10,1100,,144505.38034518834,300452948.5687113,0.0,0.0,212,0.0
10-208-01101,BIHAR,Supaul,Nirmali,0,0,,223,10,1101,,123310.21889922836,162734364.67066902,0.0,0.0,118,0.0
10-208-01102,BIHAR,Supaul,Basantpur,0,0,,223,10,1102,,136288.63693043106,319456339.75100917,0.0,0.0,228,0.0
10-208-01103,BIHAR,Supaul,Chhatapur,0,0,,223,10,1103,,142271.17176584958,398825687.2446475,0.0,0.0,285,0.0
10-208-01104,BIHAR,Supaul,Pratapganj,0,0,,223,10,1104,,71155.69013184242,133032565.19323792,0.0,0.0,97,0.0
10-208-01105,BIHAR,Supaul,Raghopur,0,0,,223,10,1105,,111831.20983491397,255841046.48838165,0.0,0.0,187,0.0
10-221-01285,BIHAR,Samastipur,Warisnagar,0,0,,217,10,1285,,90241.30323013186,163846086.5162723,0.0,0.0,120,0.0
10-208-01106,BIHAR,Supaul,Saraigarh Bhaptiyahi,0,0,,223,10,1106,,105489.5116383213,257042943.27229512,0.0,0.0,189,0.0
10-208-01107,BIHAR,Supaul,Kishanpur,0,0,,223,10,1107,,125516.73810076228,248613546.3002807,0.0,0.0,177,0.0
10-208-01108,BIHAR,Supaul,Marauna,0,0,,223,10,1108,,114969.59778192453,206419565.01179272,0.0,0.0,149,0.0
10-208-01109,BIHAR,Supaul,Supaul,0,0,,223,10,1109,,122628.008173687,390920691.5720901,0.0,0.0,287,0.0
10-208-01110,BIHAR,Supaul,Pipra,0,0,,223,10,1110,,113516.78657800167,247320462.25611627,0.0,0.0,181,0.0
10-221-01287,BIHAR,Samastipur,Khanpur,0,0,,217,10,1287,,89337.20668890505,173313349.37261373,0.0,0.0,127,0.0
10-208-01111,BIHAR,Supaul,Tribeniganj,0,0,,223,10,1111,,136684.8917573132,402291551.99740016,0.0,0.0,290,0.0
10-209-01112,BIHAR,Araria,Narpatganj,0,0,,188,10,1112,,196352.82868709194,482872068.7863751,0.0,0.0,351,0.0
10-209-01113,BIHAR,Araria,Forbesganj,0,0,,188,10,1113,,165874.55860340688,546946456.996027,0.0,0.0,392,0.0
10-209-01114,BIHAR,Araria,Bhargama,0,0,,188,10,1114,,140909.75235341018,280499778.1128878,0.0,0.0,206,0.0
10-209-01115,BIHAR,Araria,Raniganj,0,0,,188,10,1115,,160625.61646677545,576910744.770993,0.0,0.0,418,0.0
10-209-01116,BIHAR,Araria,Araria,0,0,,188,10,1116,,192057.15187743204,506918787.2643526,0.0,0.0,371,0.0
10-209-01117,BIHAR,Araria,Kursakatta,0,0,,188,10,1117,,96566.38525637137,201032230.408231,0.0,0.0,147,0.0
10-209-01118,BIHAR,Araria,Sikti,0,0,,188,10,1118,,116798.35346995249,237753016.2819182,0.0,0.0,177,0.0
10-209-01119,BIHAR,Araria,Palasi,0,0,,188,10,1119,,132578.70192307016,306240761.34804773,0.0,0.0,222,0.0
10-209-01120,BIHAR,Araria,Jokihat,0,0,,188,10,1120,,155370.9524619173,341005127.7602247,0.0,0.0,246,0.0
10-210-01121,BIHAR,Kishanganj,Terhagachh,0,0,,203,10,1121,,121953.02658094271,245208326.38245347,0.0,0.0,175,0.0
10-210-01122,BIHAR,Kishanganj,Dighalbank,0,0,,203,10,1122,,147432.83262190674,314385668.4331173,0.0,0.0,224,0.0
10-211-01129,BIHAR,Purnia,Barhara,0,0,,214,10,1129,,111073.17449432175,288009141.38478667,0.0,0.0,212,0.0
10-211-01130,BIHAR,Purnia,Bhawanipur,0,0,,214,10,1130,,116656.34435182877,201938838.4795833,0.0,0.0,147,0.0
10-211-01131,BIHAR,Purnia,Rupauli,0,0,,214,10,1131,,113946.660566684,308195114.8462847,0.0,0.0,227,0.0
10-211-01132,BIHAR,Purnia,Dhamdaha,0,0,,214,10,1132,,135370.01293426772,446856166.039676,0.0,0.0,326,0.0
10-211-01133,BIHAR,Purnia,Krityanand Nagar,0,0,,214,10,1133,,149407.41850079046,364443041.21247435,0.0,0.0,274,0.0
10-211-01134,BIHAR,Purnia,Purnia East,0,0,,214,10,1134,,127662.13358515713,309272824.56310594,0.0,0.0,228,0.0
10-211-01135,BIHAR,Purnia,Kasba,0,0,,214,10,1135,,130095.64608516233,215123054.3424731,0.0,0.0,154,0.0
10-211-01136,BIHAR,Purnia,Srinagar,0,0,,214,10,1136,,106220.57404900706,172405807.6412187,0.0,0.0,122,0.0
10-211-01137,BIHAR,Purnia,Jalalgarh,0,0,,214,10,1137,,87146.39992638786,142107808.6772385,0.0,0.0,102,0.0
10-211-01138,BIHAR,Purnia,Amour,0,0,,214,10,1138,,141371.93624621196,307011870.96961224,0.0,0.0,225,0.0
10-211-01139,BIHAR,Purnia,Baisa,0,0,,214,10,1139,,132173.35304950457,275191667.549805,0.0,0.0,197,0.0
10-211-01140,BIHAR,Purnia,Baisi,0,0,,214,10,1140,,118169.54825440844,253873549.02719215,0.0,0.0,187,0.0
10-211-01141,BIHAR,Purnia,Dagarua,0,0,,214,10,1141,,129309.28146976323,257465778.6329552,0.0,0.0,180,0.0
10-212-01142,BIHAR,Katihar,Falka,0,0,,201,10,1142,,100518.70580952488,208374539.8829749,0.0,0.0,150,0.0
10-212-01143,BIHAR,Katihar,Korha,0,0,,201,10,1143,,137118.64195203967,368801327.90483874,0.0,0.0,273,0.0
10-212-01144,BIHAR,Katihar,Hasanganj,0,0,,201,10,1144,,78227.29832785497,86155111.41022065,0.0,0.0,62,0.0
10-212-01145,BIHAR,Katihar,Kadwa,0,0,,201,10,1145,,157692.68144088247,420129854.10490626,0.0,0.0,307,0.0
10-212-01146,BIHAR,Katihar,Balrampur,0,0,,201,10,1146,,141815.18317465586,216253207.31133217,0.0,0.0,151,0.0
10-212-01147,BIHAR,Katihar,Barsoi,0,0,,201,10,1147,,172308.8160052511,357713388.6445612,0.0,0.0,261,0.0
10-212-01148,BIHAR,Katihar,Azamnagar,0,0,,201,10,1148,,141791.77759222616,349759708.1212404,0.0,0.0,253,0.0
10-221-01290,BIHAR,Samastipur,Tajpur,0,0,,217,10,1290,,57166.77792153786,83856612.1105223,0.0,0.0,61,0.0
10-212-01149,BIHAR,Katihar,Pranpur,0,0,,201,10,1149,,111803.70370561493,191475637.62126103,0.0,0.0,141,0.0
10-212-01150,BIHAR,Katihar,Dandkhora,0,0,,201,10,1150,,70987.07501110679,111201189.06340708,0.0,0.0,81,0.0
10-212-01151,BIHAR,Katihar,Katihar,0,0,,201,10,1151,,76845.81968857624,136830037.77828172,0.0,0.0,100,0.0
10-212-01152,BIHAR,Katihar,Mansahi,0,0,,201,10,1152,,73279.06289841712,97405011.1871763,0.0,0.0,73,0.0
10-212-01155,BIHAR,Katihar,Kursela,0,0,,201,10,1155,,80348.39413748268,153683091.52761996,0.0,0.0,117,0.0
10-212-01153,BIHAR,Katihar,Barari,0,0,,201,10,1153,,107333.93297446336,407446973.1478653,0.0,0.0,292,0.0
10-212-01154,BIHAR,Katihar,Sameli,0,0,,201,10,1154,,75105.36277909,118027198.2496544,0.0,0.0,81,0.0
10-212-01156,BIHAR,Katihar,Manihari,0,0,,201,10,1156,,130162.81635074862,303859830.4099729,0.0,0.0,221,0.0
10-212-01157,BIHAR,Katihar,Amdabad,0,0,,201,10,1157,,103742.71814675455,228302986.79665467,0.0,0.0,164,0.0
10-213-01158,BIHAR,Madhepura,Gamharia,0,0,,205,10,1158,,80141.00377515821,125479849.27382244,0.0,0.0,89,0.0
10-213-01160,BIHAR,Madhepura,Ghailarh,0,0,,205,10,1160,,78865.70647224285,116219722.2388165,0.0,0.0,83,0.0
10-213-01159,BIHAR,Madhepura,Singheshwar,0,0,,205,10,1159,,111627.30849980874,111167268.35246354,0.0,0.0,78,0.0
10-216-01210,BIHAR,Muzaffarpur,Bandra,0,0,,208,10,1210,,74293.85759884378,142020443.31484023,0.0,0.0,103,0.0
10-213-01161,BIHAR,Madhepura,Madhepura,0,0,,205,10,1161,,115084.47931226583,237801277.85767865,0.0,0.0,175,0.0
10-213-01162,BIHAR,Madhepura,Shankarpur,0,0,,205,10,1162,,63984.56408470212,128790837.874554,0.0,0.0,94,0.0
10-213-01163,BIHAR,Madhepura,Kumarkhand,0,0,,205,10,1163,,118191.24796123093,316976886.68211347,0.0,0.0,230,0.0
10-213-01164,BIHAR,Madhepura,Murliganj,0,0,,205,10,1164,,94211.11378994165,247086114.21145928,0.0,0.0,179,0.0
10-221-01293,BIHAR,Samastipur,Mohanpur,0,0,,217,10,1293,,74468.46489139357,163000016.77407515,0.0,0.0,120,0.0
10-213-01165,BIHAR,Madhepura,Gwalpara,0,0,,205,10,1165,,78037.2495556277,147267353.58482873,0.0,0.0,109,0.0
10-214-01172,BIHAR,Saharsa,Satar Kataiya,0,0,,216,10,1172,,77878.75925155886,177382280.64763528,0.0,0.0,130,0.0
10-213-01166,BIHAR,Madhepura,Bihariganj,0,0,,205,10,1166,,79669.40805645821,133818744.70956944,0.0,0.0,98,0.0
10-216-01211,BIHAR,Muzaffarpur,Dholi (Moraul),0,0,,208,10,1211,,63030.361633940505,73298422.6275262,0.0,0.0,50,0.0
10-213-01167,BIHAR,Madhepura,Kishanganj,0,0,,205,10,1167,,99817.47531025465,188055937.5971522,0.0,0.0,133,0.0
10-216-01212,BIHAR,Muzaffarpur,Musahri,0,0,,208,10,1212,,211487.75457487197,365415439.5943066,0.0,0.0,267,0.0
10-213-01168,BIHAR,Madhepura,Puraini,0,0,,205,10,1168,,63416.842365887525,103114850.3546553,0.0,0.0,76,0.0
10-214-01174,BIHAR,Saharsa,Kahara,0,0,,216,10,1174,,81070.16203244023,176788302.3737116,0.0,0.0,128,0.0
10-213-01169,BIHAR,Madhepura,Alamnagar,0,0,,205,10,1169,,94357.42058114092,211989804.11375904,0.0,0.0,151,0.0
10-213-01170,BIHAR,Madhepura,Chausa,0,0,,205,10,1170,,87285.75133964,172516848.53860697,0.0,0.0,124,0.0
10-214-01171,BIHAR,Saharsa,Nauhatta,0,0,,216,10,1171,,93228.84620468391,212763144.21707585,0.0,0.0,151,0.0
10-217-01227,BIHAR,Gopalganj,Sidhwalia,0,0,,197,10,1227,,69457.48217743407,152022198.31601515,0.0,0.0,109,0.0
10-214-01173,BIHAR,Saharsa,Mahishi,0,0,,216,10,1173,,106372.46434789852,273075178.2794974,0.0,0.0,195,0.0
10-214-01175,BIHAR,Saharsa,Saur Bazar,0,0,,216,10,1175,,88121.22998090234,233228921.9025612,0.0,0.0,171,0.0
10-214-01176,BIHAR,Saharsa,Patarghat,0,0,,216,10,1176,,67497.21582029684,149681422.04156074,0.0,0.0,105,0.0
10-214-01177,BIHAR,Saharsa,Sonbarsa,0,0,,216,10,1177,,90185.02153799882,263952116.041209,0.0,0.0,193,0.0
10-216-01199,BIHAR,Muzaffarpur,Sahebganj,0,0,,208,10,1199,,80060.99972290538,253055918.70266867,0.0,0.0,189,0.0
10-214-01178,BIHAR,Saharsa,Simri Bakhtiarpur,0,0,,216,10,1178,,119116.35548129058,266466354.66217396,0.0,0.0,194,0.0
10-214-01179,BIHAR,Saharsa,Salkhua,0,0,,216,10,1179,,82412.26684571667,221182533.93573853,0.0,0.0,163,0.0
10-214-01180,BIHAR,Saharsa,Banma Itahri,0,0,,216,10,1180,,54286.501575749484,92822449.4552088,0.0,0.0,68,0.0
10-215-01181,BIHAR,Darbhanga,Jale,0,0,,195,10,1181,,112473.57051363293,234172285.01568127,0.0,0.0,171,0.0
10-215-01182,BIHAR,Darbhanga,Singhwara,0,0,,195,10,1182,,121368.62688362494,223279889.67870736,0.0,0.0,162,0.0
10-215-01183,BIHAR,Darbhanga,Keotiranway,0,0,,195,10,1183,,89515.08566239705,180205403.4644349,0.0,0.0,131,0.0
10-215-01184,BIHAR,Darbhanga,Darbhanga,0,0,,195,10,1184,,131883.04966973627,240721362.1475316,0.0,0.0,174,0.0
10-215-01185,BIHAR,Darbhanga,Manigachhi,0,0,,195,10,1185,,96856.01003306538,158887287.31255177,0.0,0.0,114,0.0
10-215-01186,BIHAR,Darbhanga,Tardih,0,0,,195,10,1186,,96398.42232606321,109520018.96976715,0.0,0.0,79,0.0
10-215-01187,BIHAR,Darbhanga,Alinagar,0,0,,195,10,1187,,105560.56246873255,146523357.5416611,0.0,0.0,105,0.0
10-215-01188,BIHAR,Darbhanga,Benipur,0,0,,195,10,1188,,118482.30854716274,204643530.87647069,0.0,0.0,150,0.0
10-215-01189,BIHAR,Darbhanga,Bahadurpur,0,0,,195,10,1189,,155637.00049509996,221161760.4253616,0.0,0.0,158,0.0
10-215-01190,BIHAR,Darbhanga,Hanumannagar,0,0,,195,10,1190,,114393.83215098479,181536916.32106537,0.0,0.0,130,0.0
10-215-01191,BIHAR,Darbhanga,Hayaghat,0,0,,195,10,1191,,66118.49929402806,108810529.75916524,0.0,0.0,77,0.0
10-215-01192,BIHAR,Darbhanga,Baheri,0,0,,195,10,1192,,128629.1579498372,271307286.95794886,0.0,0.0,195,0.0
10-215-01193,BIHAR,Darbhanga,Biraul,0,0,,195,10,1193,,135706.32971678255,230203939.26841983,0.0,0.0,167,0.0
10-215-01194,BIHAR,Darbhanga,Ghanshyampur,0,0,,195,10,1194,,76766.91373126305,103945643.9979024,0.0,0.0,78,0.0
10-215-01195,BIHAR,Darbhanga,Kiratpur,0,0,,195,10,1195,,78793.19278562842,78915927.53877336,0.0,0.0,60,0.0
10-215-01196,BIHAR,Darbhanga,Gora Bauram,0,0,,195,10,1196,,99804.03366816713,145653476.81698695,0.0,0.0,104,0.0
10-215-01197,BIHAR,Darbhanga,Kusheshwar Asthan,0,0,,195,10,1197,,87220.16498537568,144130520.9401011,0.0,0.0,107,0.0
10-215-01198,BIHAR,Darbhanga,Kusheshwar Asthan Purbi,0,0,,195,10,1198,,91858.86035222423,150084285.43545517,0.0,0.0,112,0.0
10-216-01200,BIHAR,Muzaffarpur,Baruraj (Motipur),0,0,,208,10,1200,,125110.13599018812,365259305.4740948,0.0,0.0,263,0.0
10-216-01201,BIHAR,Muzaffarpur,Paroo,0,0,,208,10,1201,,136934.87791145188,413033977.3448192,0.0,0.0,295,0.0
10-216-01202,BIHAR,Muzaffarpur,Saraiya,0,0,,208,10,1202,,155820.80051537574,301402655.1404849,0.0,0.0,218,0.0
10-216-01203,BIHAR,Muzaffarpur,Marwan,0,0,,208,10,1203,,84959.92762229654,138736310.53842777,0.0,0.0,101,0.0
10-216-01204,BIHAR,Muzaffarpur,Kanti,0,0,,208,10,1204,,97122.90469976026,124757584.36625764,0.0,0.0,91,0.0
10-216-01205,BIHAR,Muzaffarpur,Minapur,0,0,,208,10,1205,,166218.11946715685,316124209.98756105,0.0,0.0,228,0.0
10-216-01206,BIHAR,Muzaffarpur,Bochaha,0,0,,208,10,1206,,126044.68100944142,233148755.94160384,0.0,0.0,167,0.0
10-216-01207,BIHAR,Muzaffarpur,Aurai,0,0,,208,10,1207,,101267.16719990574,247748190.77792475,0.0,0.0,177,0.0
10-216-01208,BIHAR,Muzaffarpur,Katra,0,0,,208,10,1208,,118891.9342746819,235108975.17115793,0.0,0.0,171,0.0
10-216-01209,BIHAR,Muzaffarpur,Gaighat,0,0,,208,10,1209,,111008.49869520529,259762671.68662548,0.0,0.0,191,0.0
10-216-01213,BIHAR,Muzaffarpur,Kurhani,0,0,,208,10,1213,,108106.10574110712,256354911.2077163,0.0,0.0,187,0.0
10-216-01214,BIHAR,Muzaffarpur,Sakra,0,0,,208,10,1214,,105121.4777371614,236360031.18726787,0.0,0.0,175,0.0
10-217-01215,BIHAR,Gopalganj,Katiya,0,0,,197,10,1215,,94755.55253264701,158441587.458013,4.8513303222656254e-05,3.811759538922991e-05,112,0.00426917068359375
10-217-01216,BIHAR,Gopalganj,Bijaipur,0,0,,197,10,1216,,81309.59717969262,163112176.36717936,4.8513303222656254e-05,4.8513303222656254e-05,120,0.005821596386718751
10-217-01217,BIHAR,Gopalganj,Bhorey,0,0,,197,10,1217,,78790.65552761848,196013266.46535653,4.8513303222656254e-05,2.5267345428466803e-05,144,0.0036384977416992195
10-217-01218,BIHAR,Gopalganj,Pach Deuri,0,0,,197,10,1218,,53698.212932643866,118295317.11973979,0.0,0.0,85,0.0
10-217-01219,BIHAR,Gopalganj,Kuchaikote,0,0,,197,10,1219,,101077.28158428885,316078491.04748106,0.0,0.0,226,0.0
10-217-01220,BIHAR,Gopalganj,Phulwaria,0,0,,197,10,1220,,81339.22200232239,118763292.85091434,0.0,0.0,89,0.0
10-217-01221,BIHAR,Gopalganj,Hathua,0,0,,197,10,1221,,91546.96202775641,183613061.83342972,1.711805145263672e-05,1.1322175763948698e-05,127,0.0014379163220214846
10-217-01222,BIHAR,Gopalganj,Uchkagaon,0,0,,197,10,1222,,80102.93001981139,142235093.67043933,1.711805145263672e-05,1.1304373600797835e-06,106,0.00011982636016845704
10-217-01223,BIHAR,Gopalganj,Thawe,0,0,,197,10,1223,,57244.55575246375,89300191.60424533,1.711805145263672e-05,2.674695539474488e-07,64,1.711805145263672e-05
10-217-01224,BIHAR,Gopalganj,Gopalganj,0,0,,197,10,1224,,110313.13172782106,244420793.60160467,0.0,0.0,182,0.0
10-218-01232,BIHAR,Siwan,Goriakothi,0,0,,222,10,1232,,73201.39147651673,174963939.23516312,0.0,0.0,127,0.0
10-217-01225,BIHAR,Gopalganj,Manjha,0,0,,197,10,1225,,80242.78538873792,179389027.9828925,0.0,0.0,131,0.0
10-217-01226,BIHAR,Gopalganj,Barauli,0,0,,197,10,1226,,105754.79057670098,232227972.12586737,0.0,0.0,170,0.0
10-217-01228,BIHAR,Gopalganj,Baikunthpur,0,0,,197,10,1228,,97825.58906166903,256614409.24172768,0.0,0.0,185,0.0
10-218-01229,BIHAR,Siwan,Nautan,0,0,,222,10,1229,,58324.35348563096,81827813.66620097,1.711805145263672e-05,1.7118051452636718e-05,58,0.0009928469842529297
10-218-01230,BIHAR,Siwan,Siwan,0,0,,222,10,1230,,92599.06904644772,168879532.28230655,1.711805145263672e-05,1.566736912614208e-05,118,0.0018487495568847657
10-218-01235,BIHAR,Siwan,Bhagwanpur Hat,0,0,,222,10,1235,,86430.4184146014,189582799.91524476,7.750395538330078e-05,1.2355703032120415e-05,138,0.0017050870184326173
10-218-01231,BIHAR,Siwan,Barharia,0,0,,222,10,1231,,90315.6629531122,219606934.01516393,1.711805145263672e-05,3.209634647369385e-07,160,5.1354154357910165e-05
10-218-01233,BIHAR,Siwan,Lakri Nabiganj,0,0,,222,10,1233,,79648.98713303795,120773104.6039552,0.0,0.0,88,0.0
10-218-01234,BIHAR,Siwan,Basantpur,0,0,,222,10,1234,,57871.378293950496,76675463.02480637,0.0,0.0,56,0.0
10-218-01236,BIHAR,Siwan,Maharajganj,0,0,,222,10,1236,,119387.58843212528,142817377.5161484,7.750395538330078e-05,2.9346157863579908e-05,103,0.0030226542599487306
10-218-01237,BIHAR,Siwan,Pachrukhi,0,0,,222,10,1237,,99183.2392802834,160709761.40986398,1.711805145263672e-05,7.315406603690906e-07,117,8.55902572631836e-05
10-218-01238,BIHAR,Siwan,Hussainganj,0,0,,222,10,1238,,68784.84800107122,105975934.30464326,3.3499927062988285e-05,1.6152958085343646e-05,74,0.0011953188983154298
10-218-01239,BIHAR,Siwan,Ziradei,0,0,,222,10,1239,,98825.50869312549,152221780.48504183,3.3499927062988285e-05,1.7265635917594843e-05,111,0.0019164855868530277
10-218-01240,BIHAR,Siwan,Mairwa,0,0,,222,10,1240,,65279.2242200428,88898123.37504825,3.368456983566284e-05,1.7871075015501544e-05,66,0.001179490951023102
10-218-01242,BIHAR,Siwan,Darauli,0,0,,222,10,1242,,90305.00161970501,214758375.6239279,0.0001779479397583008,4.9066981775714505e-05,155,0.007605382175235749
10-218-01241,BIHAR,Siwan,Guthani,0,0,,222,10,1241,,78778.78773845347,115110806.99004474,3.368456983566284e-05,3.24723855637341e-05,82,0.002662735616226196
10-219-01248,BIHAR,Saran,Mashrakh,0,0,,218,10,1248,,82075.7710341599,165898243.02109933,0.0,0.0,121,0.0
10-218-01243,BIHAR,Siwan,Andar,0,0,,222,10,1243,,83358.60866933218,125625010.62434034,3.3499927062988285e-05,3.1616952854901905e-05,87,0.0027506748983764655
10-219-01249,BIHAR,Saran,Panapur,0,0,,218,10,1249,,75875.09329534958,182360909.7404776,0.0,0.0,128,0.0
10-218-01244,BIHAR,Siwan,Raghunathpur,0,0,,222,10,1244,,87824.68008836384,193566358.3438411,3.3499927062988285e-05,3.3499927062988285e-05,143,0.0047904895700073245
10-219-01250,BIHAR,Saran,Taraiya,0,0,,218,10,1250,,53629.0613522338,97307015.09151264,0.0,0.0,74,0.0
10-218-01245,BIHAR,Siwan,Hasanpura,0,0,,222,10,1245,,82786.09108287447,121956119.03175904,7.750395538330078e-05,5.7007898387689705e-05,87,0.004959687159729004
10-219-01251,BIHAR,Saran,Ishupur,0,0,,218,10,1251,,62425.60798229613,109300191.56908256,0.0,0.0,76,0.0
10-218-01246,BIHAR,Siwan,Daraundha,0,0,,222,10,1246,,105400.53795370483,157911066.26165873,7.750395538330078e-05,6.73947438115659e-05,115,0.007750395538330079
10-219-01256,BIHAR,Saran,Jalalpur,0,0,,218,10,1256,,65042.73641147566,147549697.72689733,8.225988777160646e-05,2.494794433089922e-05,106,0.0026444820990753175
10-218-01247,BIHAR,Siwan,Siswan,0,0,,222,10,1247,,98184.39847010886,155554872.77293277,7.750395538330078e-05,6.442167669347815e-05,111,0.007150806112976074
10-219-01259,BIHAR,Saran,Nagra,0,0,,218,10,1259,,43289.948409307304,65110006.46242106,6.172344360351562e-05,2.626529515043218e-05,47,0.0012344688720703125
10-219-01252,BIHAR,Saran,Baniapur,0,0,,218,10,1252,,89199.8841803021,219417775.87250236,7.750395538330078e-05,1.9019375554184242e-06,163,0.00031001582153320314
10-219-01253,BIHAR,Saran,Lahladpur,0,0,,218,10,1253,,49287.19248841685,70233795.44130237,7.750395538330078e-05,4.1852135906982423e-05,50,0.002092606795349121
10-219-01254,BIHAR,Saran,Ekma,0,0,,218,10,1254,,99716.17236158185,176114988.01319405,7.750395538330078e-05,7.750395538330078e-05,128,0.0099205062890625
10-219-01255,BIHAR,Saran,Manjhi,0,0,,218,10,1255,,127085.43562979231,244607530.98349065,8.225988777160646e-05,7.813025171746148e-05,180,0.014063445309143066
10-219-01257,BIHAR,Saran,Revelganj,0,0,,218,10,1257,,84877.1419542779,179359801.45379385,8.225988777160646e-05,6.33663591369629e-05,125,0.007920794892120362
10-219-01258,BIHAR,Saran,Chapra,0,0,,218,10,1258,,119729.94798472138,239470568.44351175,6.172344360351562e-05,5.78657283782959e-05,176,0.010184368194580079
10-219-01260,BIHAR,Saran,Marhaura,0,0,,218,10,1260,,87240.95030017926,190752130.05196184,6.172344360351562e-05,1.8021443387887772e-06,137,0.0002468937744140625
10-219-01261,BIHAR,Saran,Amnour,0,0,,218,10,1261,,94922.90618840617,160109081.4065653,6.172344360351562e-05,1.0461600610765359e-06,118,0.00012344688720703124
10-219-01263,BIHAR,Saran,Parsa,0,0,,218,10,1263,,85595.91054800974,122749042.93573296,0.0,0.0,88,0.0
10-219-01266,BIHAR,Saran,Dighwara,0,0,,218,10,1266,,81943.45164265168,101347015.6655549,0.0,0.0,72,0.0
10-219-01264,BIHAR,Saran,Dariapur,0,0,,218,10,1264,,115477.27251924115,281302380.67878103,0.0,0.0,202,0.0
10-219-01265,BIHAR,Saran,Garkha,0,0,,218,10,1265,,90147.74693968748,213336409.9887166,6.172344360351562e-05,3.166332496543983e-05,154,0.004876152044677734
10-220-01269,BIHAR,Vaishali,Paterhi Belsar,0,0,,224,10,1269,,56227.36197278124,93522597.26160131,0.0,0.0,69,0.0
10-219-01267,BIHAR,Saran,Sonepur,0,0,,218,10,1267,,70412.64000247594,214865144.18564072,0.0,0.0,162,0.0
10-220-01268,BIHAR,Vaishali,Vaishali,0,0,,224,10,1268,,72706.90824879723,158663399.21103516,0.0,0.0,114,0.0
10-220-01270,BIHAR,Vaishali,Lalganj,0,0,,224,10,1270,,89595.71916906572,184177988.41986412,0.0,0.0,133,0.0
10-221-01294,BIHAR,Samastipur,Mohiuddinagar,0,0,,217,10,1294,,80607.53716768604,178536106.2701614,0.0,0.0,130,0.0
10-220-01271,BIHAR,Vaishali,Bhagwanpur,0,0,,224,10,1271,,98965.72708266653,142473218.81446454,0.0,0.0,102,0.0
10-220-01272,BIHAR,Vaishali,Goraul,0,0,,224,10,1272,,101989.77906286377,122446101.92943335,0.0,0.0,87,0.0
10-220-01273,BIHAR,Vaishali,Chehra Kalan,0,0,,224,10,1273,,63204.34388206024,89818122.94593617,0.0,0.0,66,0.0
10-220-01277,BIHAR,Vaishali,Raja Pakar,0,0,,224,10,1277,,58946.08844196175,93673217.82917874,0.0,0.0,72,0.0
10-220-01274,BIHAR,Vaishali,Patepur,0,0,,224,10,1274,,118180.33822078991,317029999.71255994,0.0,0.0,234,0.0
10-220-01275,BIHAR,Vaishali,Mahua,0,0,,224,10,1275,,86273.82517515696,171155586.12447235,0.0,0.0,125,0.0
10-220-01276,BIHAR,Vaishali,Jandaha,0,0,,224,10,1276,,99044.76663725945,179891527.10359335,0.0,0.0,128,0.0
10-220-01278,BIHAR,Vaishali,Hajipur,0,0,,224,10,1278,,80048.24731377292,194916759.16986817,0.0,0.0,140,0.0
10-220-01280,BIHAR,Vaishali,Bidupur,0,0,,224,10,1280,,88122.3198685409,139375575.9420912,0.0,0.0,99,0.0
10-220-01279,BIHAR,Vaishali,Raghopur,0,0,,224,10,1279,,128641.49950069311,338499790.0832371,0.0,0.0,246,0.0
10-220-01281,BIHAR,Vaishali,Desri,0,0,,224,10,1281,,50183.809114488824,56627949.53624974,0.0,0.0,43,0.0
10-221-01284,BIHAR,Samastipur,Kalyanpur,0,0,,217,10,1284,,147387.26660455638,294821482.9966942,0.0,0.0,214,0.0
10-221-01286,BIHAR,Samastipur,Shivaji Nagar,0,0,,217,10,1286,,96209.25031894707,172333979.18990555,0.0,0.0,130,0.0
10-221-01288,BIHAR,Samastipur,Samastipur,0,0,,217,10,1288,,112474.97484539819,170577777.20953664,0.0,0.0,123,0.0
10-221-01289,BIHAR,Samastipur,Pusa,0,0,,217,10,1289,,64081.7615729533,95008289.7510354,0.0,0.0,65,0.0
10-221-01291,BIHAR,Samastipur,Morwa,0,0,,217,10,1291,,104551.97847793197,152111293.7773472,0.0,0.0,106,0.0
10-221-01292,BIHAR,Samastipur,Patori,0,0,,217,10,1292,,69422.25062895294,130638318.44440164,0.0,0.0,93,0.0
10-221-01295,BIHAR,Samastipur,Sarairanjan,0,0,,217,10,1295,,96463.23467310029,185572344.2706523,0.0,0.0,145,0.0
10-221-01296,BIHAR,Samastipur,Vidyapati Nagar,0,0,,217,10,1296,,62930.2690484309,106322816.42401849,0.0,0.0,75,0.0
10-221-01297,BIHAR,Samastipur,Dalsinghsarai,0,0,,217,10,1297,,80515.23552986495,118201268.21451648,0.0,0.0,89,0.0
10-221-01298,BIHAR,Samastipur,Ujiarpur,0,0,,217,10,1298,,81756.09445970641,209497824.1015558,0.0,0.0,149,0.0
10-221-01300,BIHAR,Samastipur,Rosera,0,0,,217,10,1300,,84599.34785899956,138535375.895554,0.0,0.0,97,0.0
10-221-01299,BIHAR,Samastipur,Bibhutpur,0,0,,217,10,1299,,96600.53522783429,258332531.194082,0.0,0.0,187,0.0
10-221-01301,BIHAR,Samastipur,Singhia,0,0,,217,10,1301,,76055.88015393679,178639507.67998633,0.0,0.0,128,0.0
10-222-01307,BIHAR,Begusarai,Cheria Bariarpur,0,0,,191,10,1307,,80422.0696045629,127840547.1243011,0.0,0.0,89,0.0
10-221-01302,BIHAR,Samastipur,Hasanpur,0,0,,217,10,1302,,122795.93417076243,188091095.39019313,0.0,0.0,138,0.0
10-221-01303,BIHAR,Samastipur,Bithan,0,0,,217,10,1303,,72838.55780104545,149849875.79630712,0.0,0.0,109,0.0
10-222-01304,BIHAR,Begusarai,Khudabandpur,0,0,,191,10,1304,,49522.71992212785,59617610.47663844,0.0,0.0,39,0.0
10-222-01305,BIHAR,Begusarai,Chhorahi,0,0,,191,10,1305,,96201.09768359947,128309829.49376953,0.0,0.0,94,0.0
10-222-01306,BIHAR,Begusarai,Garhpura,0,0,,191,10,1306,,69581.28073662621,88651595.91159394,0.0,0.0,68,0.0
10-222-01308,BIHAR,Begusarai,Bhagwanpur,0,0,,191,10,1308,,102620.52088176137,147276258.21886113,0.0,0.0,106,0.0
10-223-01324,BIHAR,Khagaria,Mansi,0,0,,202,10,1324,,70720.37786012898,86151878.56106131,0.0,0.0,69,0.0
10-222-01309,BIHAR,Begusarai,Mansurchak,0,0,,191,10,1309,,55538.61039021854,42158333.283958256,0.0,0.0,31,0.0
10-224-01333,BIHAR,Bhagalpur,Rangra Chowk,0,0,,192,10,1333,,56200.86409227388,97946271.45940188,0.0,0.0,71,0.0
10-222-01310,BIHAR,Begusarai,Bachhwara,0,0,,191,10,1310,,112893.55520851951,186501763.14040864,0.0,0.0,138,0.0
10-222-01311,BIHAR,Begusarai,Teghra,0,0,,191,10,1311,,93442.93751421869,180050069.66821858,0.0,0.0,129,0.0
10-222-01312,BIHAR,Begusarai,Barauni,0,0,,191,10,1312,,90573.71511882372,141812926.41245717,0.0,0.0,102,0.0
10-222-01313,BIHAR,Begusarai,Birpur,0,0,,191,10,1313,,69057.86510087451,64693086.30641256,0.0,0.0,53,0.0
10-222-01314,BIHAR,Begusarai,Begusarai,0,0,,191,10,1314,,114572.02827886646,273941103.5239774,0.0,0.0,200,0.0
10-222-01315,BIHAR,Begusarai,Naokothi,0,0,,191,10,1315,,61794.845266753924,91575422.87048158,0.0,0.0,64,0.0
10-222-01316,BIHAR,Begusarai,Bakhri,0,0,,191,10,1316,,74902.13049058078,94921186.04856166,0.0,0.0,66,0.0
10-222-01317,BIHAR,Begusarai,Dandari,0,0,,191,10,1317,,77075.31892237118,85364223.36403492,0.0,0.0,65,0.0
10-222-01318,BIHAR,Begusarai,Sahebpur Kamal,0,0,,191,10,1318,,97820.3506924087,179327758.1582562,0.0,0.0,131,0.0
10-222-01319,BIHAR,Begusarai,Balia,0,0,,191,10,1319,,95726.56851828664,181873531.04775092,0.0,0.0,133,0.0
10-222-01320,BIHAR,Begusarai,Matihani,0,0,,191,10,1320,,104199.58891726227,214311339.790948,0.0,0.0,157,0.0
10-222-01321,BIHAR,Begusarai,Shamho Akha Kurha,0,0,,191,10,1321,,47884.70174269599,82130306.58899558,0.0,0.0,58,0.0
10-223-01322,BIHAR,Khagaria,Alauli,0,0,,202,10,1322,,117176.16085281859,337532903.06560946,0.0,0.0,244,0.0
10-223-01323,BIHAR,Khagaria,Khagaria,0,0,,202,10,1323,,164255.4907534744,325761754.1557925,0.0,0.0,229,0.0
10-223-01325,BIHAR,Khagaria,Chautham,0,0,,202,10,1325,,88833.5659059585,205164632.7891582,0.0,0.0,148,0.0
10-228-01376,BIHAR,Sheikhpura,Chewara,0,0,,219,10,1376,,77279.14911837938,141385828.1075451,3.4985478515625004e-05,1.1374221149185327e-05,103,0.0011715447783660887
10-223-01326,BIHAR,Khagaria,Beldaur,0,0,,202,10,1326,,101449.44415348554,276820454.1841197,0.0,0.0,203,0.0
10-223-01327,BIHAR,Khagaria,Gogri,0,0,,202,10,1327,,109725.85953588395,321971045.3784509,0.0,0.0,231,0.0
10-223-01328,BIHAR,Khagaria,Parbatta,0,0,,202,10,1328,,89952.53209418767,286770838.53234714,0.0,0.0,215,0.0
10-224-01329,BIHAR,Bhagalpur,Narayanpur,0,0,,192,10,1329,,96964.50839109154,173637043.38008544,0.0,0.0,125,0.0
10-224-01330,BIHAR,Bhagalpur,Bihpur,0,0,,192,10,1330,,98960.16392998041,189427956.2070791,0.0,0.0,141,0.0
10-234-01472,BIHAR,Rohtas,Akorhi Gola,0,0,,215,10,1472,,71741.57946050014,124356844.03544964,0.00014575029670715333,0.00014575029670715336,94,0.013700527890472415
10-224-01331,BIHAR,Bhagalpur,Kharik,0,0,,192,10,1331,,103106.05203500649,169292223.68779984,0.0,0.0,125,0.0
10-224-01332,BIHAR,Bhagalpur,Naugachhia,0,0,,192,10,1332,,91833.23423872421,134223697.96961665,0.0,0.0,95,0.0
10-224-01335,BIHAR,Bhagalpur,Pirpainti,0,0,,192,10,1335,,138631.2255747686,411429376.6216011,0.0,0.0,294,0.0
10-224-01336,BIHAR,Bhagalpur,Kahalgaon,0,0,,192,10,1336,,128722.99744742387,352186242.20537144,0.0,0.0,255,0.0
10-224-01337,BIHAR,Bhagalpur,Ismailpur,0,0,,192,10,1337,,66332.03197363381,102752037.41138108,0.0,0.0,75,0.0
10-224-01338,BIHAR,Bhagalpur,Sabour,0,0,,192,10,1338,,85492.0541239663,141198925.34276122,0.0,0.0,102,0.0
10-226-01359,BIHAR,Munger,Dharhara,0,0,,207,10,1359,,105188.90103685112,355220468.750446,0.0,0.0,262,0.0
10-224-01339,BIHAR,Bhagalpur,Nathnagar,0,0,,192,10,1339,,105259.93673308079,163498377.60317266,0.0,0.0,117,0.0
10-226-01360,BIHAR,Munger,Kharagpur,0,0,,207,10,1360,,169586.30903503796,398589433.5102216,0.0,0.0,291,0.0
10-224-01340,BIHAR,Bhagalpur,Sultanganj,0,0,,192,10,1340,,139861.1879796442,266407467.3450057,0.0,0.0,198,0.0
10-224-01341,BIHAR,Bhagalpur,Shahkund,0,0,,192,10,1341,,93276.90256650816,208798734.37786233,0.0,0.0,153,0.0
10-224-01342,BIHAR,Bhagalpur,Goradih,0,0,,192,10,1342,,106918.08891287447,178026414.43832883,0.0,0.0,128,0.0
10-224-01343,BIHAR,Bhagalpur,Jagdishpur,0,0,,192,10,1343,,107045.71303668506,127447147.46016994,0.0,0.0,95,0.0
10-224-01344,BIHAR,Bhagalpur,Sonhaula,0,0,,192,10,1344,,84463.86530366821,214425428.57327408,0.0,0.0,160,0.0
10-225-01345,BIHAR,Banka,Shambhuganj,0,0,,190,10,1345,,85765.27415008907,217970788.89652416,0.0,0.0,157,0.0
10-225-01346,BIHAR,Banka,Amarpur,0,0,,190,10,1346,,98000.87839154692,234663534.19316816,0.0,0.0,176,0.0
10-225-01347,BIHAR,Banka,Rajaun,0,0,,190,10,1347,,86718.04358754268,242814641.5593075,0.0,0.0,179,0.0
10-226-01363,BIHAR,Munger,Tetiha Bambor,0,0,,207,10,1363,,73286.15332623897,95190725.80042528,0.0,0.0,70,0.0
10-225-01348,BIHAR,Banka,Dhuraiya,0,0,,190,10,1348,,106681.6377356153,285703540.38620996,0.0,0.0,208,0.0
10-225-01349,BIHAR,Banka,Barahat,0,0,,190,10,1349,,122910.23058217819,181202001.14064544,0.0,0.0,129,0.0
10-225-01350,BIHAR,Banka,Banka,0,0,,190,10,1350,,137083.07375503817,365153241.48788345,0.0,0.0,275,0.0
10-225-01351,BIHAR,Banka,Phulidumar,0,0,,190,10,1351,,117105.67306472127,248400685.45023423,0.0,0.0,176,0.0
10-225-01352,BIHAR,Banka,Belhar,0,0,,190,10,1352,,118426.40149548957,290570448.277483,9.43226400756836e-05,9.696720007780558e-06,214,0.0020750980816650394
10-225-01353,BIHAR,Banka,Chanan,0,0,,190,10,1353,,169565.08902723462,550876204.0147796,9.43226400756836e-05,4.6533461782299265e-05,403,0.018752985098266603
10-225-01354,BIHAR,Banka,Katoria,0,0,,190,10,1354,,180268.89530762268,687665367.2781417,7.108640380859376e-05,6.089074429819784e-06,502,0.0030567153637695316
10-225-01355,BIHAR,Banka,Bausi,0,0,,190,10,1355,,109314.78149810205,385846183.7170387,0.0,0.0,284,0.0
10-226-01356,BIHAR,Munger,Munger,0,0,,207,10,1356,,162390.1628928388,306519605.49277806,0.0,0.0,227,0.0
10-226-01357,BIHAR,Munger,Bariarpur,0,0,,207,10,1357,,122433.4478606843,198040113.63802013,0.0,0.0,143,0.0
10-226-01358,BIHAR,Munger,Jamalpur,0,0,,207,10,1358,,72817.19566814511,112971204.64248075,0.0,0.0,79,0.0
10-226-01361,BIHAR,Munger,Asarganj,0,0,,207,10,1361,,61173.52838786665,72491453.98190036,0.0,0.0,52,0.0
10-226-01362,BIHAR,Munger,Tarapur,0,0,,207,10,1362,,54416.57713098438,86962445.68425661,0.0,0.0,62,0.0
10-226-01364,BIHAR,Munger,Sangrampur,0,0,,207,10,1364,,71205.18318302365,105786037.21986651,0.0,0.0,80,0.0
10-227-01366,BIHAR,Lakhisarai,Pipariya,0,0,,204,10,1366,,87968.2901826016,106258171.87143916,0.0,0.0,76,0.0
10-227-01365,BIHAR,Lakhisarai,Barahiya,0,0,,204,10,1365,,95965.48426593257,248505135.43154767,0.0,0.0,179,0.0
10-227-01367,BIHAR,Lakhisarai,Surajgarha,0,0,,204,10,1367,,140312.1609931406,462726462.37366486,4.737825962066651e-05,6.270652008617626e-06,340,0.002132021682929993
10-227-01368,BIHAR,Lakhisarai,Lakhisarai,0,0,,204,10,1368,,117670.76745524361,181316338.94823277,4.737825962066651e-05,1.888615187164536e-06,133,0.0002511858198928833
10-227-01369,BIHAR,Lakhisarai,Chanan*,0,0,,204,10,1369,,86014.87070350182,177670731.10250506,4.737825962066651e-05,3.849483594179154e-05,128,0.004927339000549317
10-228-01375,BIHAR,Sheikhpura,Ghat Kusumbha,0,0,,219,10,1375,,80592.24583619394,99088070.68237934,0.0,0.0,70,0.0
10-227-01370,BIHAR,Lakhisarai,Ramgarh Chowk,0,0,,204,10,1370,,98990.57354622113,128567389.13844268,4.737825962066651e-05,1.3559621404688409e-05,94,0.0012746044120407105
10-227-01371,BIHAR,Lakhisarai,Halsi,0,0,,204,10,1371,,82594.8188222393,191441208.6304817,4.737825962066651e-05,1.153090489998138e-05,139,0.0016027957810974118
10-228-01372,BIHAR,Sheikhpura,Barbigha,0,0,,219,10,1372,,83879.7675047183,115941853.486741,0.0,0.0,81,0.0
10-228-01373,BIHAR,Sheikhpura,Shekhopur Sarai,0,0,,219,10,1373,,59774.96229914819,65955650.61796794,3.531431175231934e-05,1.4008806216769748e-05,45,0.0006303962797546387
10-228-01374,BIHAR,Sheikhpura,Sheikhpura,0,0,,219,10,1374,,119718.3677454689,225551054.81458032,3.4985478515625004e-05,5.783018611234779e-06,170,0.0009831131639099124
10-228-01377,BIHAR,Sheikhpura,Ariari,0,0,,219,10,1377,,87552.5859976097,183445963.63454768,3.4985478515625004e-05,3.461946760302913e-05,137,0.0047428670616149905
10-229-01378,BIHAR,Nalanda,Karai Parsurai,0,0,,209,10,1378,,58523.47447411047,82148146.79064696,6.178076416015625e-05,2.780134387207031e-05,60,0.0016680806323242188
10-229-01379,BIHAR,Nalanda,Nagar Nausa,0,0,,209,10,1379,,82570.35159490984,108015836.82811198,6.178076416015625e-05,2.8582004005432123e-05,80,0.00228656032043457
10-229-01380,BIHAR,Nalanda,Harnaut,0,0,,209,10,1380,,124869.90123154312,224385440.0517296,4.650358474731446e-05,1.6175159912109376e-05,161,0.0026042007458496096
10-229-01381,BIHAR,Nalanda,Chandi,0,0,,209,10,1381,,70527.81459673235,147156102.481168,4.650358474731446e-05,4.2663839217719685e-05,109,0.004650358474731445
10-229-01382,BIHAR,Nalanda,Rahui,0,0,,209,10,1382,,77076.6108369453,152249665.90613127,4.650358474731446e-05,4.4781229756673184e-05,108,0.004836372813720704
10-229-01383,BIHAR,Nalanda,Bind,0,0,,209,10,1383,,70364.80140905235,88091657.81671415,0.0,0.0,66,0.0
10-229-01384,BIHAR,Nalanda,Sarmera,0,0,,209,10,1384,,91044.34634338948,167201876.42476654,0.0,0.0,123,0.0
10-229-01385,BIHAR,Nalanda,Asthawan,0,0,,209,10,1385,,92263.18064708126,171325630.7179731,4.650358474731446e-05,8.280225043945314e-06,125,0.0010350281304931641
10-229-01387,BIHAR,Nalanda,Noorsarai,0,0,,209,10,1387,,78528.62700534344,151514769.88009417,4.650358474731446e-05,4.650358474731446e-05,114,0.0053014086611938484
10-229-01386,BIHAR,Nalanda,Bihar,0,0,,209,10,1386,,98561.8371020671,215840179.0991975,4.650358474731446e-05,4.3850571888446804e-05,160,0.007016091502151489
10-229-01390,BIHAR,Nalanda,Hilsa,0,0,,209,10,1390,,93433.88804652911,175765721.10991755,6.178076416015625e-05,6.178076416015626e-05,131,0.00809328010498047
10-229-01391,BIHAR,Nalanda,Ekangarsarai,0,0,,209,10,1391,,87121.32234693572,166605847.460251,6.178076416015625e-05,6.178076416015625e-05,122,0.007537253227539063
10-229-01392,BIHAR,Nalanda,Islampur,0,0,,209,10,1392,,109868.69145522316,273834151.4326934,6.920585845947266e-05,6.618223758500877e-05,194,0.0128393540914917
10-229-01393,BIHAR,Nalanda,Ben,0,0,,209,10,1393,,66947.54721379357,127526149.56798536,6.920585845947266e-05,5.4861222386461624e-05,94,0.0051569549043273925
10-230-01398,BIHAR,Patna,Maner,0,0,,212,10,1398,,96133.56350709034,213315300.3597084,7.440121826171875e-05,2.0333744687167078e-05,154,0.00313139668182373
10-229-01394,BIHAR,Nalanda,Rajgir,0,0,,209,10,1394,,88740.45664753366,198129288.77271983,6.920585845947266e-05,4.960870560159489e-05,147,0.007292479723434449
10-229-01395,BIHAR,Nalanda,Silao,0,0,,209,10,1395,,79220.42929786978,154752836.13944647,4.650358474731446e-05,3.727734210231849e-05,114,0.004249616999664307
10-229-01396,BIHAR,Nalanda,Giriak,0,0,,209,10,1396,,88347.46773236175,99576022.5731765,3.531431175231934e-05,3.531431175231934e-05,73,0.002577944757919312
10-229-01397,BIHAR,Nalanda,Katrisarai,0,0,,209,10,1397,,38918.76300208476,48673462.28309288,3.531431175231934e-05,3.523210344314576e-05,36,0.0012683557239532473
10-230-01399,BIHAR,Patna,Dinapur-Cum-Khagaul,0,0,,212,10,1399,,78598.21354533077,184765788.04152673,6.026460777282715e-05,1.7856180080837672e-05,135,0.002410584310913086
10-234-01474,BIHAR,Rohtas,Tilouthu,0,0,,215,10,1474,,73885.57639601533,193504401.97342023,0.000396652793636322,0.0003097609199171067,140,0.043366528788394934
10-230-01400,BIHAR,Patna,Patna Rural,0,0,,212,10,1400,,87518.10425735511,179850223.48881748,6.026460777282715e-05,1.0580808998282629e-05,131,0.0013860859787750244
10-230-01401,BIHAR,Patna,Sampatchak,0,0,,212,10,1401,,53219.7118618291,78902366.60372826,6.026460777282715e-05,2.1145476411518296e-06,57,0.0001205292155456543
10-230-01406,BIHAR,Patna,Dulhin Bazar,0,0,,212,10,1406,,77792.54009458271,136539622.4680228,8.967223876953125e-05,7.686318906687727e-05,99,0.007609455717620849
10-230-01402,BIHAR,Patna,Phulwari,0,0,,212,10,1402,,70659.26045014715,135940825.49713776,6.026460777282715e-05,5.775358244895935e-05,96,0.0055443439151000974
10-230-01413,BIHAR,Patna,Khusrupur,0,0,,212,10,1413,,46143.60198551767,78201544.387751,0.0,0.0,58,0.0
10-230-01403,BIHAR,Patna,Bihta,0,0,,212,10,1403,,116564.9809665079,244879174.98088208,7.440121826171875e-05,6.883275975782793e-05,182,0.012527562275924683
10-230-01415,BIHAR,Patna,Athmalgola,0,0,,212,10,1415,,47997.69261940102,62827293.65665197,0.0,0.0,47,0.0
10-230-01404,BIHAR,Patna,Naubatpur,0,0,,212,10,1404,,105087.74367689912,205320191.59612688,6.026460777282715e-05,6.026460777282715e-05,153,0.009220484989242553
10-230-01405,BIHAR,Patna,Bikram,0,0,,212,10,1405,,86626.03512108007,186422313.04867813,7.440121826171875e-05,7.037692768458904e-05,137,0.009641639092788697
10-234-01475,BIHAR,Rohtas,Rohtas,0,0,,215,10,1475,,88257.59288547112,389741138.17794544,0.0003089021576690674,0.00024345133582221137,288,0.07011398471679688
10-230-01407,BIHAR,Patna,Paliganj,0,0,,212,10,1407,,129476.3041410336,293354152.7667747,8.967223876953125e-05,8.796585565442236e-05,214,0.018824693110046385
10-230-01408,BIHAR,Patna,Masaurhi,0,0,,212,10,1408,,108866.13277400887,248716954.87290823,7.567644012451172e-05,7.048144045540456e-05,178,0.012545696401062012
10-230-01409,BIHAR,Patna,Dhanarua,0,0,,212,10,1409,,95102.40821522896,225577653.19725513,7.567644012451172e-05,5.39957733861069e-05,163,0.008801311061935425
10-230-01410,BIHAR,Patna,Punpun,0,0,,212,10,1410,,82554.93388622913,161116560.78819045,6.026460777282715e-05,4.085736120191671e-05,118,0.004821168621826172
10-230-01411,BIHAR,Patna,Fatwah,0,0,,212,10,1411,,97950.27190535897,155697451.47083917,0.0,0.0,115,0.0
10-230-01412,BIHAR,Patna,Daniawan,0,0,,212,10,1412,,69689.77872311571,79566220.36857046,0.0,0.0,56,0.0
10-230-01414,BIHAR,Patna,Bakhtiarpur,0,0,,212,10,1414,,120205.01587822943,168153072.20481881,0.0,0.0,120,0.0
10-230-01416,BIHAR,Patna,Belchhi,0,0,,212,10,1416,,88573.78025963024,87443681.0926542,0.0,0.0,70,0.0
10-230-01417,BIHAR,Patna,Barh,0,0,,212,10,1417,,95365.9771693495,147280816.515725,0.0,0.0,104,0.0
10-230-01419,BIHAR,Patna,Ghoswari,0,0,,212,10,1419,,66454.95033385535,164897376.1169027,0.0,0.0,126,0.0
10-230-01418,BIHAR,Patna,Pandarak,0,0,,212,10,1418,,106894.44852036482,252509471.6555304,0.0,0.0,180,0.0
10-232-01438,BIHAR,Buxar,Chaugain,0,0,,194,10,1438,,52625.33924401454,66025696.44875917,0.00011502601928710938,0.00011502601928710938,49,0.00563627494506836
10-232-01439,BIHAR,Buxar,Kesath,0,0,,194,10,1439,,34661.84662025829,38236018.49691825,0.00011502601928710938,0.00011502601928710938,29,0.003335754559326172
10-230-01420,BIHAR,Patna,Mokameh,0,0,,212,10,1420,,127700.39840194934,244519830.48183808,0.0,0.0,181,0.0
10-231-01421,BIHAR,Bhojpur,Shahpur,0,0,,193,10,1421,,110658.91431619873,211766871.4500774,0.00010529483184814454,8.72116722170512e-05,156,0.013605020865859987
10-234-01460,BIHAR,Rohtas,Suryapura,0,0,,215,10,1460,,56159.7630280001,69765063.31452103,0.00011570588500976564,0.00011570588500976564,47,0.005438176595458985
10-231-01422,BIHAR,Bhojpur,Arrah,0,0,,193,10,1422,,120924.06747051864,221925641.7145924,0.00010529483184814454,8.453313220377989e-05,159,0.013440768020401003
10-231-01423,BIHAR,Bhojpur,Barhara,0,0,,193,10,1423,,128817.96875565937,258494738.36324885,8.225988777160646e-05,6.817468260919862e-05,191,0.013021364378356935
10-231-01424,BIHAR,Bhojpur,Koilwar,0,0,,193,10,1424,,94779.33453556667,208456312.66749656,7.440121826171875e-05,7.167847471096372e-05,149,0.010680092731933594
10-231-01425,BIHAR,Bhojpur,Sandesh,0,0,,193,10,1425,,60697.76797134289,164599530.19806212,8.967223876953125e-05,7.673069596630032e-05,118,0.009054222124023438
10-231-01426,BIHAR,Bhojpur,Udwant Nagar,0,0,,193,10,1426,,92445.60417460876,217797556.82002312,0.00010529483184814454,9.30141407330436e-05,161,0.01497527665802002
10-234-01461,BIHAR,Rohtas,Bikramganj,0,0,,215,10,1461,,88556.32896667719,168723569.68103397,0.00011570588500976564,0.00011570588500976564,129,0.014926059166259768
10-231-01427,BIHAR,Bhojpur,Behea,0,0,,193,10,1427,,114516.77527652554,206091349.70539597,0.00011502601928710938,0.00010744852906087241,150,0.016117279359130862
10-231-01428,BIHAR,Bhojpur,Jagdishpur,0,0,,193,10,1428,,109726.00219208181,318463526.4488765,0.00011502601928710938,0.00010627648672137345,228,0.024231038972473147
10-231-01429,BIHAR,Bhojpur,Piro,0,0,,193,10,1429,,100703.96274410955,268205354.86689487,0.00011570588500976564,0.00011329957254638671,200,0.022659914509277342
10-234-01462,BIHAR,Rohtas,Karakat,0,0,,215,10,1462,,102232.22868007293,251121712.10833624,0.00014575029670715333,0.0001224513171720505,176,0.021551431822280885
10-231-01430,BIHAR,Bhojpur,Charpokhari,0,0,,193,10,1430,,88834.1327790213,135855258.49695313,0.00011111354431152344,0.00010939855537494861,95,0.010392862760620118
10-231-01431,BIHAR,Bhojpur,Garhani,0,0,,193,10,1431,,93054.52180151101,137128723.85739592,0.00011111354431152344,0.0001059727400963052,103,0.010915192229919435
10-231-01432,BIHAR,Bhojpur,Agiaon,0,0,,193,10,1432,,87534.07309197474,191419206.17039648,0.00011111354431152344,9.733126419835812e-05,139,0.013529045723571779
10-231-01433,BIHAR,Bhojpur,Tarari,0,0,,193,10,1433,,95157.98131215997,247108515.4982669,0.00011570588500976564,0.00011160650743732346,177,0.01975435181640625
10-231-01434,BIHAR,Bhojpur,Sahar,0,0,,193,10,1434,,61748.81499939302,157154129.14318892,0.00011111354431152344,0.00010763162289872129,117,0.01259289987915039
10-232-01435,BIHAR,Buxar,Simri,0,0,,194,10,1435,,87047.69219699135,222195796.247413,0.0002076175065612793,0.00013295933185763475,164,0.0218053304246521
10-232-01436,BIHAR,Buxar,Chakki,0,0,,194,10,1436,,73799.54032015939,80420668.23199363,0.00011502601928710938,9.668672055482866e-05,64,0.006187950115509034
10-232-01437,BIHAR,Buxar,Barhampur,0,0,,194,10,1437,,133928.15369382405,240152233.65370417,0.00011502601928710938,0.00011094182534719481,173,0.019192935785064702
10-232-01440,BIHAR,Buxar,Dumraon,0,0,,194,10,1440,,115797.88145848007,238641355.07175583,0.0001795501806640625,0.00013449780763163369,169,0.022730129489746093
10-232-01441,BIHAR,Buxar,Buxar,0,0,,194,10,1441,,90996.21871903203,211591033.38394436,0.0002076175065612793,0.00018008649899330865,157,0.028273580341949458
10-232-01442,BIHAR,Buxar,Chausa,0,0,,194,10,1442,,99103.08457070828,138502720.57991108,0.0001917332049560547,0.00016929177529593494,107,0.01811421995666504
10-232-01443,BIHAR,Buxar,Rajpur,0,0,,194,10,1443,,121142.9666413415,336933113.12217736,0.0001917332049560547,0.0001757309713483538,245,0.043054087980346684
10-232-01444,BIHAR,Buxar,Itarhi,0,0,,194,10,1444,,109439.3274763228,293713382.2816445,0.0001795501806640625,0.00017948836045187622,209,0.03751306733444213
10-232-01445,BIHAR,Buxar,Nawanagar,0,0,,194,10,1445,,126567.10382889764,229774401.79100823,0.0001795501806640625,0.00012103218832298143,169,0.02045443982658386
10-233-01446,BIHAR,Kaimur (Bhabua),Ramgarh,0,0,,200,10,1446,,124781.0721120257,206666195.02442607,0.00023192099853515624,0.00020424198838796048,151,0.030840540246582032
10-233-01447,BIHAR,Kaimur (Bhabua),Nuaon,0,0,,200,10,1447,,121732.74643995032,235834986.4758632,0.0001917332049560547,0.00018722858163130912,171,0.03201608745895386
10-233-01448,BIHAR,Kaimur (Bhabua),Kudra,0,0,,200,10,1448,,132624.50147962422,255577893.54332253,0.0001917332049560547,0.0001825631604984829,189,0.03450443733421327
10-233-01449,BIHAR,Kaimur (Bhabua),Mohania,0,0,,200,10,1449,,142323.6809133636,349176573.6513165,0.00023192099853515624,0.0002016321787264943,256,0.05161783775398254
10-233-01450,BIHAR,Kaimur (Bhabua),Durgawati,0,0,,200,10,1450,,108544.41183902678,212580801.4059764,0.00023192099853515624,0.00023192099853515624,154,0.03571583377441406
10-233-01451,BIHAR,Kaimur (Bhabua),Chand,0,0,,200,10,1451,,97099.60209928264,257974481.1925409,0.00023192099853515624,0.00019410409142027514,188,0.03649156918701173
10-233-01452,BIHAR,Kaimur (Bhabua),Chainpur,0,0,,200,10,1452,,170712.34536647963,555311526.8488017,0.00023192099853515624,0.00015515110645111425,407,0.0631465003256035
10-233-01453,BIHAR,Kaimur (Bhabua),Bhabua,0,0,,200,10,1453,,143727.89821118704,407618990.38615096,0.00023192099853515624,0.00018324052693059672,301,0.055155398606109615
10-233-01454,BIHAR,Kaimur (Bhabua),Rampur,0,0,,200,10,1454,,126612.15498309073,210660395.23746365,0.00017611934547424318,0.00014665567321418919,149,0.02185169530891419
10-233-01455,BIHAR,Kaimur (Bhabua),Bhagwanpur,0,0,,200,10,1455,,134815.05705103654,292151198.96788174,0.00017611934547424318,0.00017049160726375492,211,0.03597372913265229
10-233-01456,BIHAR,Kaimur (Bhabua),Adhaura,0,0,,200,10,1456,,271357.2345421078,1135984955.9859164,0.00017611934547424318,9.095258464946039e-05,833,0.0757635030130005
10-234-01457,BIHAR,Rohtas,Kochas,0,0,,215,10,1457,,90248.48407846906,187033418.62218276,0.0001917332049560547,0.00017888067072608253,132,0.023612248535842893
10-234-01458,BIHAR,Rohtas,Dinara,0,0,,215,10,1458,,157118.7651045217,464648316.8452498,0.0001730899684906006,0.0001596274269115191,341,0.05443295257682801
10-234-01459,BIHAR,Rohtas,Dawath,0,0,,215,10,1459,,78120.6651060775,129910427.66035384,0.00011570588500976564,0.00011570588500976564,94,0.01087635319091797
10-234-01466,BIHAR,Rohtas,Nokha,0,0,,215,10,1466,,82152.91978314315,208772248.59610957,0.00023738956108093262,0.00020957071784870042,148,0.031016466241607664
10-235-01476,BIHAR,Aurangabad,Daudnagar,0,0,,189,10,1476,,91010.07504965532,238139281.75712803,0.00014575029670715333,0.00011996042842031895,174,0.020873114545135497
10-234-01467,BIHAR,Rohtas,Kargahar,0,0,,215,10,1467,,128509.87472624176,406135690.59563094,0.00023738956108093262,0.00020612821047576697,296,0.06101395030082703
10-234-01468,BIHAR,Rohtas,Chenari,0,0,,215,10,1468,,121720.69626398994,292642418.8385522,0.00023738956108093262,0.00013131234263255985,215,0.02823215366600037
10-234-01469,BIHAR,Rohtas,Nauhatta,0,0,,215,10,1469,,175494.75594492842,478591449.404211,0.00011081639038085937,9.073097435794981e-05,354,0.03211876492271423
10-234-01470,BIHAR,Rohtas,Sheosagar,0,0,,215,10,1470,,135463.8765525897,406503956.12222886,0.0003089021576690674,0.0002274970746503927,295,0.06711163702186584
10-234-01471,BIHAR,Rohtas,Sasaram,0,0,,215,10,1471,,135810.11950728856,394273130.8742507,0.0003089021576690674,0.00025314801151459795,290,0.07341292333923341
10-234-01473,BIHAR,Rohtas,Dehri,0,0,,215,10,1473,,97323.52013589225,199371136.99043605,0.000396652793636322,0.0001957946332684221,145,0.028390221823921206
10-235-01477,BIHAR,Aurangabad,Haspura,0,0,,189,10,1477,,88845.10694940752,164519986.5205008,0.00011622768432617187,0.00011551932297383458,121,0.013977838079833984
10-235-01478,BIHAR,Aurangabad,Goh,0,0,,189,10,1478,,122286.20877621078,374665187.3660463,0.00011622768432617187,8.534625448787914e-05,272,0.023214181220703126
10-236-01491,BIHAR,Gaya,Neem Chak Bathani,0,0,,196,10,1491,,79540.44278654993,146770773.7769567,6.920585845947266e-05,6.920585845947264e-05,103,0.007128203421325682
10-235-01479,BIHAR,Aurangabad,Rafiganj,0,0,,189,10,1479,,167069.30684925965,465687847.79432577,0.00011622768432617187,9.169521464686237e-05,341,0.03126806819458007
10-235-01480,BIHAR,Aurangabad,Obra,0,0,,189,10,1480,,130720.05569071589,327203821.09876627,0.000396652793636322,0.00013591765417477248,237,0.03221248403942108
10-236-01494,BIHAR,Gaya,Manpur,0,0,,196,10,1494,,77081.78707553667,161226183.41058797,6.831231536865234e-05,6.505546261994736e-05,115,0.007481378201293946
10-235-01481,BIHAR,Aurangabad,Aurangabad,0,0,,189,10,1481,,125502.68609205673,344679798.38062614,0.000396652793636322,0.0001641766573522985,256,0.042029224282188415
10-237-01511,BIHAR,Nawada,Nardiganj,0,0,,210,10,1511,,60262.24041371029,129808165.4472442,3.531431175231934e-05,3.531431175231934e-05,95,0.0033548596164703374
10-235-01482,BIHAR,Aurangabad,Barun,0,0,,189,10,1482,,117269.30390529483,381782699.30215496,0.000396652793636322,0.0003160055624805178,280,0.08848155749454498
10-235-01483,BIHAR,Aurangabad,Nabinagar,0,0,,189,10,1483,,173491.30877801325,657546828.2218357,0.000396652793636322,0.0002789487673691933,483,0.13473225463932037
10-235-01484,BIHAR,Aurangabad,Kutumba,0,0,,189,10,1484,,110495.73757590447,319048251.76106954,0.000396652793636322,0.0002598921671736605,229,0.05951530628276826
10-235-01485,BIHAR,Aurangabad,Deo,0,0,,189,10,1485,,158578.88849021672,336990745.1586724,0.000396652793636322,0.00014538410678437982,251,0.036491410802879334
10-235-01486,BIHAR,Aurangabad,Madanpur,0,0,,189,10,1486,,153529.37367368402,418713952.50229967,9.607758712768555e-05,8.92150616163729e-05,309,0.027567454039459226
10-236-01487,BIHAR,Gaya,Konch,0,0,,196,10,1487,,154041.56172387034,319288521.7326548,7.375483993530275e-05,7.348408623794031e-05,232,0.01704830800720215
10-236-01488,BIHAR,Gaya,Tikari,0,0,,196,10,1488,,122221.36853604284,290576655.12704176,7.375483993530275e-05,7.153589068981486e-05,218,0.01559482417037964
10-236-01489,BIHAR,Gaya,Belaganj,0,0,,196,10,1489,,113473.13279109563,240372540.95814112,6.831231536865234e-05,6.831231536865235e-05,180,0.012296216766357424
10-236-01490,BIHAR,Gaya,Khizirsarai,0,0,,196,10,1490,,103698.13096672995,223124430.97950032,6.920585845947266e-05,6.87096923828125e-05,165,0.011337099243164062
10-236-01492,BIHAR,Gaya,Muhra,0,0,,196,10,1492,,93681.45756176667,181269438.2139707,0.00010078697448730469,7.38849738266219e-05,134,0.009900586492767333
10-236-01493,BIHAR,Gaya,Atri,0,0,,196,10,1493,,103075.15367958385,161340647.62451813,0.00010078697448730469,7.464228600702364e-05,119,0.008882432034835814
10-236-01495,BIHAR,Gaya,Gaya Town C.D.Block,0,0,,196,10,1495,,91678.58033080616,224144813.6021213,6.831231536865234e-05,6.539383693150111e-05,161,0.01052840774597168
10-236-01496,BIHAR,Gaya,Paraiya,0,0,,196,10,1496,,75593.31264449215,167300846.5298876,7.375483993530275e-05,6.992095963541667e-05,120,0.00839051515625
10-236-01497,BIHAR,Gaya,Guraru,0,0,,196,10,1497,,81292.54933661391,199646285.7542363,7.375483993530275e-05,7.375483993530273e-05,147,0.010841961470489502
10-237-01512,BIHAR,Nawada,Nawada,0,0,,210,10,1512,,86822.75137888109,219317998.1072041,7.704009765625001e-05,3.770623578502875e-05,157,0.005919879018249513
10-236-01498,BIHAR,Gaya,Gurua,0,0,,196,10,1498,,117859.62964526065,238015237.1519128,0.00011600909057617188,7.956556016249465e-05,173,0.013764841908111574
10-236-01499,BIHAR,Gaya,Amas,0,0,,196,10,1499,,100546.69423332924,128484051.44985774,0.00011600909057617188,0.00010672418732492549,95,0.010138797795867922
10-237-01517,BIHAR,Nawada,Roh,0,0,,210,10,1517,,77804.52626079548,192537548.9783989,7.704009765625001e-05,6.542393183019425e-05,144,0.009421046183547973
10-236-01500,BIHAR,Gaya,Banke Bazar,0,0,,196,10,1500,,85166.97220092022,256240042.68049288,0.00011600909057617188,0.00010625990198935234,186,0.019764341770019535
10-236-01501,BIHAR,Gaya,Imamganj,0,0,,196,10,1501,,136271.57775821586,316917295.57645696,0.00011600909057617188,9.056647271447602e-05,239,0.021645386978759767
10-236-01502,BIHAR,Gaya,Dumaria,0,0,,196,10,1502,,119690.94596035974,390676703.928496,0.0001243207635498047,9.102938909805031e-05,285,0.02594337589294434
10-236-01503,BIHAR,Gaya,Sherghati,0,0,,196,10,1503,,100322.2973073121,167902109.12194017,0.00012893650756835937,0.00011134782156347258,123,0.013695782052307127
10-238-01531,BIHAR,Jamui,Gidhaur,0,0,,198,10,1531,,55211.5633940527,100392309.18230554,7.045488254547119e-05,5.783966201324463e-05,75,0.004337974650993347
10-236-01504,BIHAR,Gaya,Dobhi,0,0,,196,10,1504,,103572.88994215836,218837778.49499393,0.00012893650756835937,0.00012660796661945604,161,0.020383882625732423
10-236-01505,BIHAR,Gaya,Bodh Gaya,0,0,,196,10,1505,,120948.91182130505,306843965.9119923,0.00012893650756835937,7.027371700054666e-05,230,0.016162954910125732
10-236-01506,BIHAR,Gaya,Tan Kuppa,0,0,,196,10,1506,,108147.94853451202,190099968.23000297,0.00014487312866210938,8.90739860386635e-05,134,0.01193591412918091
10-240-01542,BIHAR,Arwal,Arwal,0,0,,611,10,1542,,73924.8054791393,147787869.27798152,0.00011111354431152344,9.523873155447154e-05,104,0.00990482808166504
10-236-01507,BIHAR,Gaya,Wazirganj,0,0,,196,10,1507,,105472.06999302967,323030583.61833626,0.00010078697448730469,9.759430260933053e-05,236,0.023032255415802005
10-236-01508,BIHAR,Gaya,Fatehpur,0,0,,196,10,1508,,155359.44599717355,408449805.62920874,0.00014487312866210938,0.00012667766085687436,304,0.038510008900489806
10-240-01543,BIHAR,Arwal,Kaler,0,0,,611,10,1543,,67777.19153730445,176075758.749563,0.00011622768432617187,0.00011197240752009035,131,0.014668385385131835
10-236-01509,BIHAR,Gaya,Mohanpur,0,0,,196,10,1509,,119906.24818546322,418796109.2883684,0.00014487312866210938,0.00012811865312683306,303,0.03881995189743042
10-240-01544,BIHAR,Arwal,Karpi,0,0,,611,10,1544,,158139.92638461498,234985661.7206014,0.00011622768432617187,9.119496967404387e-05,172,0.015685534783935546
10-236-01510,BIHAR,Gaya,Barachatti,0,0,,196,10,1510,,138753.78132836288,366328956.31361085,0.00014487312866210938,0.00013032733995472302,275,0.03584001848754883
10-237-01513,BIHAR,Nawada,Warisaliganj,0,0,,210,10,1513,,109792.76918459819,202861050.3008767,3.531431175231934e-05,3.510851135928615e-05,147,0.005160951169815064
10-237-01514,BIHAR,Nawada,Kashi Chak,0,0,,210,10,1514,,73948.94452619922,98983451.20841853,3.4985478515625004e-05,3.498547851562501e-05,72,0.0025189544531250005
10-237-01515,BIHAR,Nawada,Pakribarawan,0,0,,210,10,1515,,104545.76938151139,251834567.85717744,3.4985478515625004e-05,3.4985478515625004e-05,184,0.006437328046875001
10-237-01516,BIHAR,Nawada,Kawakol,0,0,,210,10,1516,,121170.20018263235,362955647.76482904,7.535853881835938e-05,4.0601734364445054e-05,266,0.010800061340942385
10-237-01518,BIHAR,Nawada,Gobindpur,0,0,,210,10,1518,,73133.35659787485,188189390.13263756,7.704009765625001e-05,7.581496193150112e-05,140,0.010614094670410157
10-237-01519,BIHAR,Nawada,Akbarpur,0,0,,210,10,1519,,91268.2921062847,249541236.96202633,7.704009765625001e-05,7.704009765625002e-05,184,0.014175377968750003
10-237-01520,BIHAR,Nawada,Hisua,0,0,,210,10,1520,,85113.4923130193,144090762.99664384,0.00010078697448730469,7.783462777871352e-05,104,0.008094801288986207
10-237-01521,BIHAR,Nawada,Narhat,0,0,,210,10,1521,,62856.50481924386,99624005.77002536,7.704009765625001e-05,7.704009765625001e-05,69,0.005315766738281251
10-237-01522,BIHAR,Nawada,Meskaur,0,0,,210,10,1522,,75185.00287586387,145604023.18435815,0.00010078697448730469,9.400215253557479e-05,112,0.010528241083984376
10-237-01523,BIHAR,Nawada,Sirdala,0,0,,210,10,1523,,111278.51695598938,301894539.186342,0.00014487312866210938,9.626239030173067e-05,218,0.020985201085777287
10-237-01524,BIHAR,Nawada,Rajauli,0,0,,210,10,1524,,132370.86211000624,450216393.36794454,8.783915546417238e-05,8.1792345322503e-05,333,0.0272368509923935
10-238-01525,BIHAR,Jamui,Islamnagar Aliganj,0,0,,198,10,1525,,96153.77396855215,213408239.47295904,3.4985478515625004e-05,1.4388397378187913e-05,156,0.0022445899909973146
10-238-01526,BIHAR,Jamui,Sikandra,0,0,,198,10,1526,,86788.2538333537,223096734.30010977,7.045488254547119e-05,1.2907656156280892e-05,162,0.0020910402973175046
10-238-01527,BIHAR,Jamui,Jamui,0,0,,198,10,1527,,90084.78430112793,212157753.6648698,4.737825962066651e-05,4.6894846348178005e-05,155,0.007268701183967591
10-238-01528,BIHAR,Jamui,Barhat,0,0,,198,10,1528,,114104.37581341481,270298087.1382075,4.737825962066651e-05,3.9441799887255374e-05,197,0.007770034577789308
10-238-01529,BIHAR,Jamui,Lakshmipur,0,0,,198,10,1529,,112147.89260238525,307635253.00857943,4.737825962066651e-05,1.2634202565511072e-05,225,0.002842695577239991
10-238-01530,BIHAR,Jamui,Jhajha,0,0,,198,10,1530,,147664.43327942316,507112726.974952,9.43226400756836e-05,8.497497282213779e-05,370,0.031440739944190985
10-238-01532,BIHAR,Jamui,Khaira,0,0,,198,10,1532,,142747.05687020053,513762691.7981683,7.045488254547119e-05,5.1110766199956844e-05,377,0.01926875885738373
10-238-01533,BIHAR,Jamui,Sono,0,0,,198,10,1533,,117724.39892386932,474283005.7300444,9.43226400756836e-05,7.359427119848038e-05,349,0.025684400648269653
10-238-01534,BIHAR,Jamui,Chakai,0,0,,198,10,1534,,243956.2217086091,956725034.6798706,9.43226400756836e-05,7.119076045314245e-05,700,0.04983353231719972
10-239-01535,BIHAR,Jehanabad,Ratni Faridpur,0,0,,199,10,1535,,82762.53932271499,155018952.20303965,8.967223876953125e-05,7.931751897711503e-05,114,0.009042197163391113
10-239-01536,BIHAR,Jehanabad,Jehanabad,0,0,,199,10,1536,,97254.09844747804,201426556.69272655,7.567644012451172e-05,7.567644012451173e-05,148,0.011200113138427736
10-239-01537,BIHAR,Jehanabad,Kako,0,0,,199,10,1537,,83599.3529020472,162373941.78194478,7.567644012451172e-05,7.567644012451172e-05,118,0.008929819934692383
10-239-01538,BIHAR,Jehanabad,Modanganj,0,0,,199,10,1538,,66522.90037500951,97205276.85869928,7.567644012451172e-05,6.560710971555848e-05,69,0.004526890570373535
10-239-01539,BIHAR,Jehanabad,Ghoshi,0,0,,199,10,1539,,82931.95174196921,112225161.55433495,7.567644012451172e-05,7.07395217086608e-05,83,0.005871380301818847
10-239-01540,BIHAR,Jehanabad,Makhdumpur,0,0,,199,10,1540,,128831.72570768485,301471679.33572614,7.567644012451172e-05,6.912678077943865e-05,217,0.015000511429138186
10-239-01541,BIHAR,Jehanabad,Hulasganj,0,0,,199,10,1541,,87179.53907708311,119677697.18988888,7.567644012451172e-05,6.746992342800564e-05,90,0.006072293108520508
10-240-01545,BIHAR,Arwal,Sonbhadra Banshi Suryapur,0,0,,611,10,1545,,62692.97791397586,116643000.97724338,8.967223876953125e-05,7.72996336566971e-05,83,0.006415869593505859
10-240-01546,BIHAR,Arwal,Kurtha,0,0,,611,10,1546,,71585.17106640573,106433073.5354984,8.967223876953125e-05,8.131305094401042e-05,78,0.006342417973632813
10-224-01334,BIHAR,Bhagalpur,Gopalpur,0,0,,192,10,1334,,95407.9186210158,208941966.91883087,0.0,0.0,153,0.0
10-210-01127,BIHAR,Kishanganj,Kishanganj,0,0,,203,10,1127,,125268.33771117091,207105687.55921903,0.0,0.0,152,0.0
10-206-01064,BIHAR,Sitamarhi,Suppi,0,0,,221,10,1064,,71084.15120823232,92250451.53846286,0.0,0.0,66,0.0
10-234-01463,BIHAR,Rohtas,Nasriganj,0,0,,215,10,1463,,90034.07903274363,167356919.18355417,5.761329345703126e-06,6.40147705078125e-07,126,8.065861083984375e-05
10-234-01464,BIHAR,Rohtas,Rajpur,0,0,,215,10,1464,,68660.48684625747,85633596.4997788,0.0,0.0,63,0.0
10-234-01465,BIHAR,Rohtas,Sanjhauli,0,0,,215,10,1465,,56591.722358052,83833486.39015438,6.654607543945312e-06,5.387063249860491e-06,63,0.0003393849847412109
10-203-01023,BIHAR,Pashchim Champaran,Thakrahan,0,0,,211,10,1023,,79847.09402015881,199004696.79409248,0.0,0.0,145,0.0
10-204-01054,BIHAR,Purbi Champaran,Phenhara,0,0,,213,10,1054,,44565.43736457999,67645025.94776015,0.0,0.0,51,0.0
10-219-01262,BIHAR,Saran,Maker,0,0,,218,10,1262,,62357.8736467211,96585777.9808088,0.0,0.0,71,0.0
10-220-01282,BIHAR,Vaishali,Sahdai Buzurg,0,0,,224,10,1282,,74546.65030748869,114161677.3631406,0.0,0.0,84,0.0
10-229-01388,BIHAR,Nalanda,Tharthari,0,0,,209,10,1388,,71853.42144919158,77411758.12428828,9.887201538085939e-06,6.039549967447917e-06,54,0.0003261356982421875
10-229-01389,BIHAR,Nalanda,Parbalpur,0,0,,209,10,1389,,54466.2339431045,76043839.88376136,9.887201538085939e-06,3.2617811039515907e-06,56,0.00018265974182128908
10-203-01022,BIHAR,Pashchim Champaran,Bhitaha,0,0,,211,10,1022,,72626.86760213553,166969906.7472905,0.0,0.0,117,0.0
10-203-01013,BIHAR,Pashchim Champaran,Sidhaw,0,0,,211,10,1013,,195582.3602130639,1085337194.6715722,0.0,0.0,781,0.0
10-203-01014,BIHAR,Pashchim Champaran,Ramnagar,0,0,,211,10,1014,,230865.78384139363,866139404.2451236,0.0,0.0,621,0.0
10-203-01015,BIHAR,Pashchim Champaran,Gaunaha,0,0,,211,10,1015,,136504.94021895694,605322845.3823951,0.0,0.0,441,0.0
10-203-01016,BIHAR,Pashchim Champaran,Mainatanr,0,0,,211,10,1016,,115419.13930249632,312998546.4010918,0.0,0.0,221,0.0
10-203-01017,BIHAR,Pashchim Champaran,Narkatiaganj,0,0,,211,10,1017,,149144.20649331805,441857686.2127825,0.0,0.0,314,0.0
10-203-01018,BIHAR,Pashchim Champaran,Lauriya,0,0,,211,10,1018,,120853.32018665274,255440417.54612216,0.0,0.0,183,0.0
10-203-01019,BIHAR,Pashchim Champaran,Bagaha,0,0,,211,10,1019,,135587.24079810514,491292931.53180623,0.0,0.0,352,0.0
10-203-01021,BIHAR,Pashchim Champaran,Madhubani,0,0,,211,10,1021,,144670.82201821523,386116138.1353823,0.0,0.0,276,0.0
10-203-01024,BIHAR,Pashchim Champaran,Jogapatti,0,0,,211,10,1024,,88530.23644360513,258722436.3759333,0.0,0.0,186,0.0
10-203-01029,BIHAR,Pashchim Champaran,Bairia,0,0,,211,10,1029,,105039.82861382668,288505226.87341565,0.0,0.0,208,0.0
10-203-01025,BIHAR,Pashchim Champaran,Chanpatia,0,0,,211,10,1025,,113543.7602983494,310017349.34780717,0.0,0.0,226,0.0
10-206-01071,BIHAR,Sitamarhi,Parsauni,0,0,,221,10,1071,,63729.135625112256,74724139.64418457,0.0,0.0,55,0.0
10-203-01026,BIHAR,Pashchim Champaran,Sikta,0,0,,211,10,1026,,93443.22825707054,255004178.86147365,0.0,0.0,183,0.0
10-203-01027,BIHAR,Pashchim Champaran,Majhaulia,0,0,,211,10,1027,,123374.4030721297,371511179.15939575,0.0,0.0,265,0.0
10-203-01028,BIHAR,Pashchim Champaran,Bettiah,0,0,,211,10,1028,,53968.26030594324,83182055.35378212,0.0,0.0,59,0.0
10-203-01030,BIHAR,Pashchim Champaran,Nautan,0,0,,211,10,1030,,122656.63983711715,245738630.13883996,0.0,0.0,171,0.0
10-204-01031,BIHAR,Purbi Champaran,Raxaul,0,0,,213,10,1031,,98709.78801801558,166685360.13968688,0.0,0.0,124,0.0
10-206-01072,BIHAR,Sitamarhi,Belsand,0,0,,221,10,1072,,66235.5873217276,97354060.86547032,0.0,0.0,70,0.0
10-206-01073,BIHAR,Sitamarhi,Runisaidpur,0,0,,221,10,1073,,152472.54206325076,334873257.0825382,0.0,0.0,243,0.0
10-204-01032,BIHAR,Purbi Champaran,Adapur,0,0,,213,10,1032,,94532.37688292323,199608924.7111849,0.0,0.0,148,0.0
10-206-01074,BIHAR,Sitamarhi,Dumra,0,0,,221,10,1074,,111649.34177378344,241159212.36062923,0.0,0.0,178,0.0
10-204-01033,BIHAR,Purbi Champaran,Ramgarhwa,0,0,,213,10,1033,,90718.26831189607,213035907.5226096,0.0,0.0,154,0.0
10-204-01034,BIHAR,Purbi Champaran,Sugauli,0,0,,213,10,1034,,84892.41923436844,209336830.19001696,0.0,0.0,149,0.0
10-204-01038,BIHAR,Purbi Champaran,Ghorasahan,0,0,,213,10,1038,,75335.10865687576,144368243.47105,0.0,0.0,104,0.0
10-204-01035,BIHAR,Purbi Champaran,Banjaria,0,0,,213,10,1035,,102381.40449613356,176960195.87167916,0.0,0.0,124,0.0
10-204-01047,BIHAR,Purbi Champaran,Kesaria,0,0,,213,10,1047,,87546.8206889307,229535442.11688668,0.0,0.0,168,0.0
10-204-01036,BIHAR,Purbi Champaran,Narkatia,0,0,,213,10,1036,,105607.09704406632,168338010.30978012,0.0,0.0,120,0.0
10-204-01037,BIHAR,Purbi Champaran,Bankatwa,0,0,,213,10,1037,,99233.37216886049,115311013.90225838,0.0,0.0,82,0.0
10-204-01039,BIHAR,Purbi Champaran,Dhaka,0,0,,213,10,1039,,97673.73467814895,202386545.86227983,0.0,0.0,145,0.0
10-204-01048,BIHAR,Purbi Champaran,Kalyanpur,0,0,,213,10,1048,,109413.20044555076,313300912.50613195,0.0,0.0,230,0.0
10-204-01040,BIHAR,Purbi Champaran,Chiraia,0,0,,213,10,1040,,110764.71696779084,272984575.32652414,0.0,0.0,199,0.0
10-204-01041,BIHAR,Purbi Champaran,Motihari,0,0,,213,10,1041,,181544.26702654368,319814691.13850176,0.0,0.0,241,0.0
10-204-01049,BIHAR,Purbi Champaran,Kotwa,0,0,,213,10,1049,,78879.98205471091,178282937.71225017,0.0,0.0,126,0.0
10-204-01042,BIHAR,Purbi Champaran,Turkaulia,0,0,,213,10,1042,,99475.78497366334,174748315.94966665,0.0,0.0,130,0.0
10-204-01050,BIHAR,Purbi Champaran,Piprakothi,0,0,,213,10,1050,,58369.33889310607,62223774.49301849,0.0,0.0,45,0.0
10-204-01043,BIHAR,Purbi Champaran,Harsidhi,0,0,,213,10,1043,,133904.34238337883,240218359.62130272,0.0,0.0,173,0.0
10-204-01044,BIHAR,Purbi Champaran,Paharpur,0,0,,213,10,1044,,108730.62076802726,192061375.0173064,0.0,0.0,144,0.0
10-204-01045,BIHAR,Purbi Champaran,Areraj,0,0,,213,10,1045,,93331.67353690567,242725576.26244012,0.0,0.0,174,0.0
10-204-01046,BIHAR,Purbi Champaran,Sangrampur,0,0,,213,10,1046,,78133.67961210197,187659878.02718252,0.0,0.0,133,0.0
10-204-01051,BIHAR,Purbi Champaran,Chakia(Pipra),0,0,,213,10,1051,,129110.66914194856,212940547.80779588,0.0,0.0,145,0.0
10-204-01052,BIHAR,Purbi Champaran,Pakri Dayal,0,0,,213,10,1052,,90143.40730437863,148110040.62869397,0.0,0.0,106,0.0
10-204-01053,BIHAR,Purbi Champaran,Patahi,0,0,,213,10,1053,,85994.51677214028,144960443.14880535,0.0,0.0,100,0.0
10-204-01055,BIHAR,Purbi Champaran,Madhuban,0,0,,213,10,1055,,112681.00006095257,152424272.44650427,0.0,0.0,114,0.0
10-204-01056,BIHAR,Purbi Champaran,Tetaria,0,0,,213,10,1056,,82320.72754353678,104458405.63845472,0.0,0.0,74,0.0
10-205-01058,BIHAR,Sheohar,Purnahiya,0,0,,220,10,1058,,57294.126150412616,80859097.14068061,0.0,0.0,59,0.0
10-204-01057,BIHAR,Purbi Champaran,Mehsi,0,0,,213,10,1057,,125063.78039343117,149773808.08158112,0.0,0.0,108,0.0
10-205-01059,BIHAR,Sheohar,Piprarhi,0,0,,220,10,1059,,105870.45511307275,104265216.9562483,0.0,0.0,77,0.0
10-205-01060,BIHAR,Sheohar,Sheohar,0,0,,220,10,1060,,81007.5322908237,115638983.35873616,0.0,0.0,83,0.0
10-205-01061,BIHAR,Sheohar,Dumri Katsari,0,0,,220,10,1061,,65038.65439014734,84655470.24819931,0.0,0.0,59,0.0
10-205-01062,BIHAR,Sheohar,Tariani Chowk,0,0,,220,10,1062,,97491.22869259815,171878914.60720828,0.0,0.0,126,0.0
10-206-01063,BIHAR,Sitamarhi,Bairgania,0,0,,221,10,1063,,59598.621146511534,94417571.99630062,0.0,0.0,70,0.0
10-206-01065,BIHAR,Sitamarhi,Majorganj,0,0,,221,10,1065,,62808.55729710282,95411217.42446172,0.0,0.0,68,0.0
10-206-01066,BIHAR,Sitamarhi,Sonbarsa,0,0,,221,10,1066,,92820.94699371175,224104085.6083578,0.0,0.0,155,0.0
10-206-01067,BIHAR,Sitamarhi,Parihar,0,0,,221,10,1067,,86838.20299610356,272812569.4060281,0.0,0.0,197,0.0
10-207-01095,BIHAR,Madhubani,Rajnagar,0,0,,206,10,1095,,78809.12744912357,223111125.2667772,0.0,0.0,158,0.0
10-206-01068,BIHAR,Sitamarhi,Sursand,0,0,,221,10,1068,,91215.71647520129,181412871.1123928,0.0,0.0,134,0.0
10-206-01069,BIHAR,Sitamarhi,Bathnaha,0,0,,221,10,1069,,120764.04051803834,251403523.12922087,0.0,0.0,185,0.0
10-206-01070,BIHAR,Sitamarhi,Riga,0,0,,221,10,1070,,129433.73210860479,163724219.02092636,0.0,0.0,114,0.0
10-210-01123,BIHAR,Kishanganj,Thakurganj,0,0,,203,10,1123,,224971.2940646554,491161543.46963537,0.0,0.0,353,0.0
10-210-01124,BIHAR,Kishanganj,Pothia,0,0,,203,10,1124,,167388.9118766352,443844792.4531903,0.0,0.0,321,0.0
10-210-01125,BIHAR,Kishanganj,Bahadurganj,0,0,,203,10,1125,,155296.13881782343,347494200.8377232,0.0,0.0,251,0.0
10-210-01126,BIHAR,Kishanganj,Kochadhamin,0,0,,203,10,1126,,139640.52665725534,360840233.8364798,0.0,0.0,258,0.0
10-211-01128,BIHAR,Purnia,Banmankhi,0,0,,214,10,1128,,142815.61519736593,459936087.34673214,0.0,0.0,333,0.0
10-206-01075,BIHAR,Sitamarhi,Bajpatti,0,0,,221,10,1075,,90407.29439213518,174303329.1783474,0.0,0.0,125,0.0
10-206-01076,BIHAR,Sitamarhi,Charaut,0,0,,221,10,1076,,85128.15752493152,91349700.81924292,0.0,0.0,62,0.0
10-206-01077,BIHAR,Sitamarhi,Pupri,0,0,,221,10,1077,,73992.24203369493,115338203.66308306,0.0,0.0,82,0.0
10-206-01078,BIHAR,Sitamarhi,Nanpur,0,0,,221,10,1078,,73315.01223618646,135892566.9983101,0.0,0.0,100,0.0
10-220-01283,BIHAR,Vaishali,Mahnar,0,0,,224,10,1283,,81638.1139853176,126474580.44313861,0.0,0.0,89,0.0
10-206-01079,BIHAR,Sitamarhi,Bokhara,0,0,,221,10,1079,,81978.13188098712,108574895.39827529,0.0,0.0,79,0.0
10-207-01080,BIHAR,Madhubani,Madhwapur,0,0,,206,10,1080,,88808.76172423853,137557654.90878707,0.0,0.0,103,0.0
10-207-01081,BIHAR,Madhubani,Harlakhi,0,0,,206,10,1081,,90217.76640094945,187441757.00046396,0.0,0.0,138,0.0
10-207-01082,BIHAR,Madhubani,Basopatti,0,0,,206,10,1082,,97634.90682970545,164238774.4639331,0.0,0.0,122,0.0
10-207-01089,BIHAR,Madhubani,Khajauli,0,0,,206,10,1089,,91171.28062794723,150968724.81279027,0.0,0.0,108,0.0
10-207-01083,BIHAR,Madhubani,Jainagar,0,0,,206,10,1083,,81489.61423509955,161880108.8306139,0.0,0.0,115,0.0
10-207-01090,BIHAR,Madhubani,Kaluahi,0,0,,206,10,1090,,62305.281593423286,101560283.08963235,0.0,0.0,75,0.0
10-207-01084,BIHAR,Madhubani,Ladania,0,0,,206,10,1084,,97928.14946240213,232665607.5684243,0.0,0.0,164,0.0
10-207-01085,BIHAR,Madhubani,Laukaha,0,0,,206,10,1085,,102032.19667129294,266340932.00179368,0.0,0.0,197,0.0
10-207-01086,BIHAR,Madhubani,Laukahi,0,0,,206,10,1086,,109679.24973352649,329223432.564553,0.0,0.0,237,0.0
10-207-01087,BIHAR,Madhubani,Phulparas,0,0,,206,10,1087,,117974.41186319289,199352334.8677591,0.0,0.0,140,0.0
10-207-01088,BIHAR,Madhubani,Babubarhi,0,0,,206,10,1088,,118996.04641992833,237192379.86086744,0.0,0.0,174,0.0
10-207-01091,BIHAR,Madhubani,Benipatti,0,0,,206,10,1091,,128414.2409747215,328987645.9449377,0.0,0.0,231,0.0
10-207-01092,BIHAR,Madhubani,Bisfi,0,0,,206,10,1092,,99754.46134559005,226192948.413646,0.0,0.0,165,0.0
10-207-01093,BIHAR,Madhubani,Madhubani,0,0,,206,10,1093,,109764.71764889831,200359220.56727448,0.0,0.0,142,0.0
10-207-01094,BIHAR,Madhubani,Pandaul,0,0,,206,10,1094,,102372.75527307783,208327489.63825428,0.0,0.0,148,0.0
10-207-01096,BIHAR,Madhubani,Andhratharhi,0,0,,206,10,1096,,97300.5167595078,186769445.10608673,0.0,0.0,134,0.0
10-207-01097,BIHAR,Madhubani,Jhanjharpur,0,0,,206,10,1097,,125261.96837896874,181284371.95402232,0.0,0.0,132,0.0
10-207-01098,BIHAR,Madhubani,Ghoghardiha,0,0,,206,10,1098,,114215.40677637524,211228851.4219488,0.0,0.0,159,0.0
10-207-01099,BIHAR,Madhubani,Lakhnaur,0,0,,206,10,1099,,72956.74167609161,146945623.14022,0.0,0.0,110,0.0
10-207-01100,BIHAR,Madhubani,Madhepur,0,0,,206,10,1100,,144505.38034518834,300452948.5687113,0.0,0.0,212,0.0
10-208-01101,BIHAR,Supaul,Nirmali,0,0,,223,10,1101,,123310.21889922836,162734364.67066902,0.0,0.0,118,0.0
10-208-01102,BIHAR,Supaul,Basantpur,0,0,,223,10,1102,,136288.63693043106,319456339.75100917,0.0,0.0,228,0.0
10-208-01103,BIHAR,Supaul,Chhatapur,0,0,,223,10,1103,,142271.17176584958,398825687.2446475,0.0,0.0,285,0.0
10-208-01104,BIHAR,Supaul,Pratapganj,0,0,,223,10,1104,,71155.69013184242,133032565.19323792,0.0,0.0,97,0.0
10-208-01105,BIHAR,Supaul,Raghopur,0,0,,223,10,1105,,111831.20983491397,255841046.48838165,0.0,0.0,187,0.0
10-221-01285,BIHAR,Samastipur,Warisnagar,0,0,,217,10,1285,,90241.30323013186,163846086.5162723,0.0,0.0,120,0.0
10-208-01106,BIHAR,Supaul,Saraigarh Bhaptiyahi,0,0,,223,10,1106,,105489.5116383213,257042943.27229512,0.0,0.0,189,0.0
10-208-01107,BIHAR,Supaul,Kishanpur,0,0,,223,10,1107,,125516.73810076228,248613546.3002807,0.0,0.0,177,0.0
10-208-01108,BIHAR,Supaul,Marauna,0,0,,223,10,1108,,114969.59778192453,206419565.01179272,0.0,0.0,149,0.0
10-208-01109,BIHAR,Supaul,Supaul,0,0,,223,10,1109,,122628.008173687,390920691.5720901,0.0,0.0,287,0.0
10-208-01110,BIHAR,Supaul,Pipra,0,0,,223,10,1110,,113516.78657800167,247320462.25611627,0.0,0.0,181,0.0
10-221-01287,BIHAR,Samastipur,Khanpur,0,0,,217,10,1287,,89337.20668890505,173313349.37261373,0.0,0.0,127,0.0
10-208-01111,BIHAR,Supaul,Tribeniganj,0,0,,223,10,1111,,136684.8917573132,402291551.99740016,0.0,0.0,290,0.0
10-209-01112,BIHAR,Araria,Narpatganj,0,0,,188,10,1112,,196352.82868709194,482872068.7863751,0.0,0.0,351,0.0
10-209-01113,BIHAR,Araria,Forbesganj,0,0,,188,10,1113,,165874.55860340688,546946456.996027,0.0,0.0,392,0.0
10-209-01114,BIHAR,Araria,Bhargama,0,0,,188,10,1114,,140909.75235341018,280499778.1128878,0.0,0.0,206,0.0
10-209-01115,BIHAR,Araria,Raniganj,0,0,,188,10,1115,,160625.61646677545,576910744.770993,0.0,0.0,418,0.0
10-209-01116,BIHAR,Araria,Araria,0,0,,188,10,1116,,192057.15187743204,506918787.2643526,0.0,0.0,371,0.0
10-209-01117,BIHAR,Araria,Kursakatta,0,0,,188,10,1117,,96566.38525637137,201032230.408231,0.0,0.0,147,0.0
10-209-01118,BIHAR,Araria,Sikti,0,0,,188,10,1118,,116798.35346995249,237753016.2819182,0.0,0.0,177,0.0
10-209-01119,BIHAR,Araria,Palasi,0,0,,188,10,1119,,132578.70192307016,306240761.34804773,0.0,0.0,222,0.0
10-209-01120,BIHAR,Araria,Jokihat,0,0,,188,10,1120,,155370.9524619173,341005127.7602247,0.0,0.0,246,0.0
10-210-01121,BIHAR,Kishanganj,Terhagachh,0,0,,203,10,1121,,121953.02658094271,245208326.38245347,0.0,0.0,175,0.0
10-210-01122,BIHAR,Kishanganj,Dighalbank,0,0,,203,10,1122,,147432.83262190674,314385668.4331173,0.0,0.0,224,0.0
10-211-01129,BIHAR,Purnia,Barhara,0,0,,214,10,1129,,111073.17449432175,288009141.38478667,0.0,0.0,212,0.0
10-211-01130,BIHAR,Purnia,Bhawanipur,0,0,,214,10,1130,,116656.34435182877,201938838.4795833,0.0,0.0,147,0.0
10-211-01131,BIHAR,Purnia,Rupauli,0,0,,214,10,1131,,113946.660566684,308195114.8462847,0.0,0.0,227,0.0
10-211-01132,BIHAR,Purnia,Dhamdaha,0,0,,214,10,1132,,135370.01293426772,446856166.039676,0.0,0.0,326,0.0
10-211-01133,BIHAR,Purnia,Krityanand Nagar,0,0,,214,10,1133,,149407.41850079046,364443041.21247435,0.0,0.0,274,0.0
10-211-01134,BIHAR,Purnia,Purnia East,0,0,,214,10,1134,,127662.13358515713,309272824.56310594,0.0,0.0,228,0.0
10-211-01135,BIHAR,Purnia,Kasba,0,0,,214,10,1135,,130095.64608516233,215123054.3424731,0.0,0.0,154,0.0
10-211-01136,BIHAR,Purnia,Srinagar,0,0,,214,10,1136,,106220.57404900706,172405807.6412187,0.0,0.0,122,0.0
10-211-01137,BIHAR,Purnia,Jalalgarh,0,0,,214,10,1137,,87146.39992638786,142107808.6772385,0.0,0.0,102,0.0
10-211-01138,BIHAR,Purnia,Amour,0,0,,214,10,1138,,141371.93624621196,307011870.96961224,0.0,0.0,225,0.0
10-211-01139,BIHAR,Purnia,Baisa,0,0,,214,10,1139,,132173.35304950457,275191667.549805,0.0,0.0,197,0.0
10-211-01140,BIHAR,Purnia,Baisi,0,0,,214,10,1140,,118169.54825440844,253873549.02719215,0.0,0.0,187,0.0
10-211-01141,BIHAR,Purnia,Dagarua,0,0,,214,10,1141,,129309.28146976323,257465778.6329552,0.0,0.0,180,0.0
10-212-01142,BIHAR,Katihar,Falka,0,0,,201,10,1142,,100518.70580952488,208374539.8829749,0.0,0.0,150,0.0
10-212-01143,BIHAR,Katihar,Korha,0,0,,201,10,1143,,137118.64195203967,368801327.90483874,0.0,0.0,273,0.0
10-212-01144,BIHAR,Katihar,Hasanganj,0,0,,201,10,1144,,78227.29832785497,86155111.41022065,0.0,0.0,62,0.0
10-212-01145,BIHAR,Katihar,Kadwa,0,0,,201,10,1145,,157692.68144088247,420129854.10490626,0.0,0.0,307,0.0
10-212-01146,BIHAR,Katihar,Balrampur,0,0,,201,10,1146,,141815.18317465586,216253207.31133217,0.0,0.0,151,0.0
10-212-01147,BIHAR,Katihar,Barsoi,0,0,,201,10,1147,,172308.8160052511,357713388.6445612,0.0,0.0,261,0.0
10-212-01148,BIHAR,Katihar,Azamnagar,0,0,,201,10,1148,,141791.77759222616,349759708.1212404,0.0,0.0,253,0.0
10-221-01290,BIHAR,Samastipur,Tajpur,0,0,,217,10,1290,,57166.77792153786,83856612.1105223,0.0,0.0,61,0.0
10-212-01149,BIHAR,Katihar,Pranpur,0,0,,201,10,1149,,111803.70370561493,191475637.62126103,0.0,0.0,141,0.0
10-212-01150,BIHAR,Katihar,Dandkhora,0,0,,201,10,1150,,70987.07501110679,111201189.06340708,0.0,0.0,81,0.0
10-212-01151,BIHAR,Katihar,Katihar,0,0,,201,10,1151,,76845.81968857624,136830037.77828172,0.0,0.0,100,0.0
10-212-01152,BIHAR,Katihar,Mansahi,0,0,,201,10,1152,,73279.06289841712,97405011.1871763,0.0,0.0,73,0.0
10-212-01155,BIHAR,Katihar,Kursela,0,0,,201,10,1155,,80348.39413748268,153683091.52761996,0.0,0.0,117,0.0
10-212-01153,BIHAR,Katihar,Barari,0,0,,201,10,1153,,107333.93297446336,407446973.1478653,0.0,0.0,292,0.0
10-212-01154,BIHAR,Katihar,Sameli,0,0,,201,10,1154,,75105.36277909,118027198.2496544,0.0,0.0,81,0.0
10-212-01156,BIHAR,Katihar,Manihari,0,0,,201,10,1156,,130162.81635074862,303859830.4099729,0.0,0.0,221,0.0
10-212-01157,BIHAR,Katihar,Amdabad,0,0,,201,10,1157,,103742.71814675455,228302986.79665467,0.0,0.0,164,0.0
10-213-01158,BIHAR,Madhepura,Gamharia,0,0,,205,10,1158,,80141.00377515821,125479849.27382244,0.0,0.0,89,0.0
10-213-01160,BIHAR,Madhepura,Ghailarh,0,0,,205,10,1160,,78865.70647224285,116219722.2388165,0.0,0.0,83,0.0
10-213-01159,BIHAR,Madhepura,Singheshwar,0,0,,205,10,1159,,111627.30849980874,111167268.35246354,0.0,0.0,78,0.0
10-216-01210,BIHAR,Muzaffarpur,Bandra,0,0,,208,10,1210,,74293.85759884378,142020443.31484023,0.0,0.0,103,0.0
10-213-01161,BIHAR,Madhepura,Madhepura,0,0,,205,10,1161,,115084.47931226583,237801277.85767865,0.0,0.0,175,0.0
10-213-01162,BIHAR,Madhepura,Shankarpur,0,0,,205,10,1162,,63984.56408470212,128790837.874554,0.0,0.0,94,0.0
10-213-01163,BIHAR,Madhepura,Kumarkhand,0,0,,205,10,1163,,118191.24796123093,316976886.68211347,0.0,0.0,230,0.0
10-213-01164,BIHAR,Madhepura,Murliganj,0,0,,205,10,1164,,94211.11378994165,247086114.21145928,0.0,0.0,179,0.0
10-221-01293,BIHAR,Samastipur,Mohanpur,0,0,,217,10,1293,,74468.46489139357,163000016.77407515,0.0,0.0,120,0.0
10-213-01165,BIHAR,Madhepura,Gwalpara,0,0,,205,10,1165,,78037.2495556277,147267353.58482873,0.0,0.0,109,0.0
10-214-01172,BIHAR,Saharsa,Satar Kataiya,0,0,,216,10,1172,,77878.75925155886,177382280.64763528,0.0,0.0,130,0.0
10-213-01166,BIHAR,Madhepura,Bihariganj,0,0,,205,10,1166,,79669.40805645821,133818744.70956944,0.0,0.0,98,0.0
10-216-01211,BIHAR,Muzaffarpur,Dholi (Moraul),0,0,,208,10,1211,,63030.361633940505,73298422.6275262,0.0,0.0,50,0.0
10-213-01167,BIHAR,Madhepura,Kishanganj,0,0,,205,10,1167,,99817.47531025465,188055937.5971522,0.0,0.0,133,0.0
10-216-01212,BIHAR,Muzaffarpur,Musahri,0,0,,208,10,1212,,211487.75457487197,365415439.5943066,0.0,0.0,267,0.0
10-213-01168,BIHAR,Madhepura,Puraini,0,0,,205,10,1168,,63416.842365887525,103114850.3546553,0.0,0.0,76,0.0
10-214-01174,BIHAR,Saharsa,Kahara,0,0,,216,10,1174,,81070.16203244023,176788302.3737116,0.0,0.0,128,0.0
10-213-01169,BIHAR,Madhepura,Alamnagar,0,0,,205,10,1169,,94357.42058114092,211989804.11375904,0.0,0.0,151,0.0
10-213-01170,BIHAR,Madhepura,Chausa,0,0,,205,10,1170,,87285.75133964,172516848.53860697,0.0,0.0,124,0.0
10-214-01171,BIHAR,Saharsa,Nauhatta,0,0,,216,10,1171,,93228.84620468391,212763144.21707585,0.0,0.0,151,0.0
10-217-01227,BIHAR,Gopalganj,Sidhwalia,0,0,,197,10,1227,,69457.48217743407,152022198.31601515,0.0,0.0,109,0.0
10-214-01173,BIHAR,Saharsa,Mahishi,0,0,,216,10,1173,,106372.46434789852,273075178.2794974,0.0,0.0,195,0.0
10-214-01175,BIHAR,Saharsa,Saur Bazar,0,0,,216,10,1175,,88121.22998090234,233228921.9025612,0.0,0.0,171,0.0
10-214-01176,BIHAR,Saharsa,Patarghat,0,0,,216,10,1176,,67497.21582029684,149681422.04156074,0.0,0.0,105,0.0
10-214-01177,BIHAR,Saharsa,Sonbarsa,0,0,,216,10,1177,,90185.02153799882,263952116.041209,0.0,0.0,193,0.0
10-216-01199,BIHAR,Muzaffarpur,Sahebganj,0,0,,208,10,1199,,80060.99972290538,253055918.70266867,0.0,0.0,189,0.0
10-214-01178,BIHAR,Saharsa,Simri Bakhtiarpur,0,0,,216,10,1178,,119116.35548129058,266466354.66217396,0.0,0.0,194,0.0
10-214-01179,BIHAR,Saharsa,Salkhua,0,0,,216,10,1179,,82412.26684571667,221182533.93573853,0.0,0.0,163,0.0
10-214-01180,BIHAR,Saharsa,Banma Itahri,0,0,,216,10,1180,,54286.501575749484,92822449.4552088,0.0,0.0,68,0.0
10-215-01181,BIHAR,Darbhanga,Jale,0,0,,195,10,1181,,112473.57051363293,234172285.01568127,0.0,0.0,171,0.0
10-215-01182,BIHAR,Darbhanga,Singhwara,0,0,,195,10,1182,,121368.62688362494,223279889.67870736,0.0,0.0,162,0.0
10-215-01183,BIHAR,Darbhanga,Keotiranway,0,0,,195,10,1183,,89515.08566239705,180205403.4644349,0.0,0.0,131,0.0
10-215-01184,BIHAR,Darbhanga,Darbhanga,0,0,,195,10,1184,,131883.04966973627,240721362.1475316,0.0,0.0,174,0.0
10-215-01185,BIHAR,Darbhanga,Manigachhi,0,0,,195,10,1185,,96856.01003306538,158887287.31255177,0.0,0.0,114,0.0
10-215-01186,BIHAR,Darbhanga,Tardih,0,0,,195,10,1186,,96398.42232606321,109520018.96976715,0.0,0.0,79,0.0
10-215-01187,BIHAR,Darbhanga,Alinagar,0,0,,195,10,1187,,105560.56246873255,146523357.5416611,0.0,0.0,105,0.0
10-215-01188,BIHAR,Darbhanga,Benipur,0,0,,195,10,1188,,118482.30854716274,204643530.87647069,0.0,0.0,150,0.0
10-215-01189,BIHAR,Darbhanga,Bahadurpur,0,0,,195,10,1189,,155637.00049509996,221161760.4253616,0.0,0.0,158,0.0
10-215-01190,BIHAR,Darbhanga,Hanumannagar,0,0,,195,10,1190,,114393.83215098479,181536916.32106537,0.0,0.0,130,0.0
10-215-01191,BIHAR,Darbhanga,Hayaghat,0,0,,195,10,1191,,66118.49929402806,108810529.75916524,0.0,0.0,77,0.0
10-215-01192,BIHAR,Darbhanga,Baheri,0,0,,195,10,1192,,128629.1579498372,271307286.95794886,0.0,0.0,195,0.0
10-215-01193,BIHAR,Darbhanga,Biraul,0,0,,195,10,1193,,135706.32971678255,230203939.26841983,0.0,0.0,167,0.0
10-215-01194,BIHAR,Darbhanga,Ghanshyampur,0,0,,195,10,1194,,76766.91373126305,103945643.9979024,0.0,0.0,78,0.0
10-215-01195,BIHAR,Darbhanga,Kiratpur,0,0,,195,10,1195,,78793.19278562842,78915927.53877336,0.0,0.0,60,0.0
10-215-01196,BIHAR,Darbhanga,Gora Bauram,0,0,,195,10,1196,,99804.03366816713,145653476.81698695,0.0,0.0,104,0.0
10-215-01197,BIHAR,Darbhanga,Kusheshwar Asthan,0,0,,195,10,1197,,87220.16498537568,144130520.9401011,0.0,0.0,107,0.0
10-215-01198,BIHAR,Darbhanga,Kusheshwar Asthan Purbi,0,0,,195,10,1198,,91858.86035222423,150084285.43545517,0.0,0.0,112,0.0
10-216-01200,BIHAR,Muzaffarpur,Baruraj (Motipur),0,0,,208,10,1200,,125110.13599018812,365259305.4740948,0.0,0.0,263,0.0
10-216-01201,BIHAR,Muzaffarpur,Paroo,0,0,,208,10,1201,,136934.87791145188,413033977.3448192,0.0,0.0,295,0.0
10-216-01202,BIHAR,Muzaffarpur,Saraiya,0,0,,208,10,1202,,155820.80051537574,301402655.1404849,0.0,0.0,218,0.0
10-216-01203,BIHAR,Muzaffarpur,Marwan,0,0,,208,10,1203,,84959.92762229654,138736310.53842777,0.0,0.0,101,0.0
10-216-01204,BIHAR,Muzaffarpur,Kanti,0,0,,208,10,1204,,97122.90469976026,124757584.36625764,0.0,0.0,91,0.0
10-216-01205,BIHAR,Muzaffarpur,Minapur,0,0,,208,10,1205,,166218.11946715685,316124209.98756105,0.0,0.0,228,0.0
10-216-01206,BIHAR,Muzaffarpur,Bochaha,0,0,,208,10,1206,,126044.68100944142,233148755.94160384,0.0,0.0,167,0.0
10-216-01207,BIHAR,Muzaffarpur,Aurai,0,0,,208,10,1207,,101267.16719990574,247748190.77792475,0.0,0.0,177,0.0
10-216-01208,BIHAR,Muzaffarpur,Katra,0,0,,208,10,1208,,118891.9342746819,235108975.17115793,0.0,0.0,171,0.0
10-216-01209,BIHAR,Muzaffarpur,Gaighat,0,0,,208,10,1209,,111008.49869520529,259762671.68662548,0.0,0.0,191,0.0
10-216-01213,BIHAR,Muzaffarpur,Kurhani,0,0,,208,10,1213,,108106.10574110712,256354911.2077163,0.0,0.0,187,0.0
10-216-01214,BIHAR,Muzaffarpur,Sakra,0,0,,208,10,1214,,105121.4777371614,236360031.18726787,0.0,0.0,175,0.0
10-217-01215,BIHAR,Gopalganj,Katiya,0,0,,197,10,1215,,94755.55253264701,158441587.458013,0.0,0.0,112,0.0
10-217-01216,BIHAR,Gopalganj,Bijaipur,0,0,,197,10,1216,,81309.59717969262,163112176.36717936,0.0,0.0,120,0.0
10-217-01217,BIHAR,Gopalganj,Bhorey,0,0,,197,10,1217,,78790.65552761848,196013266.46535653,0.0,0.0,144,0.0
10-217-01218,BIHAR,Gopalganj,Pach Deuri,0,0,,197,10,1218,,53698.212932643866,118295317.11973979,0.0,0.0,85,0.0
10-217-01219,BIHAR,Gopalganj,Kuchaikote,0,0,,197,10,1219,,101077.28158428885,316078491.04748106,0.0,0.0,226,0.0
10-217-01220,BIHAR,Gopalganj,Phulwaria,0,0,,197,10,1220,,81339.22200232239,118763292.85091434,0.0,0.0,89,0.0
10-217-01221,BIHAR,Gopalganj,Hathua,0,0,,197,10,1221,,91546.96202775641,183613061.83342972,5.6474189453125004e-05,3.735300719734253e-05,127,0.004743831914062501
10-217-01222,BIHAR,Gopalganj,Uchkagaon,0,0,,197,10,1222,,80102.93001981139,142235093.67043933,5.6474189453125004e-05,3.7294276053950476e-06,106,0.00039531932617187503
10-217-01223,BIHAR,Gopalganj,Thawe,0,0,,197,10,1223,,57244.55575246375,89300191.60424533,5.6474189453125004e-05,8.824092102050782e-07,64,5.6474189453125004e-05
10-217-01224,BIHAR,Gopalganj,Gopalganj,0,0,,197,10,1224,,110313.13172782106,244420793.60160467,0.0,0.0,182,0.0
10-218-01232,BIHAR,Siwan,Goriakothi,0,0,,222,10,1232,,73201.39147651673,174963939.23516312,0.0,0.0,127,0.0
10-217-01225,BIHAR,Gopalganj,Manjha,0,0,,197,10,1225,,80242.78538873792,179389027.9828925,0.0,0.0,131,0.0
10-217-01226,BIHAR,Gopalganj,Barauli,0,0,,197,10,1226,,105754.79057670098,232227972.12586737,0.0,0.0,170,0.0
10-217-01228,BIHAR,Gopalganj,Baikunthpur,0,0,,197,10,1228,,97825.58906166903,256614409.24172768,0.0,0.0,185,0.0
10-218-01229,BIHAR,Siwan,Nautan,0,0,,222,10,1229,,58324.35348563096,81827813.66620097,5.6474189453125004e-05,5.647418945312501e-05,58,0.0032755029882812507
10-218-01230,BIHAR,Siwan,Siwan,0,0,,222,10,1230,,92599.06904644772,168879532.28230655,5.6474189453125004e-05,5.168824119438561e-05,118,0.006099212460937501
10-218-01235,BIHAR,Siwan,Bhagwanpur Hat,0,0,,222,10,1235,,86430.4184146014,189582799.91524476,8.085513977050781e-05,1.2889949818486752e-05,138,0.0017788130749511718
10-218-01231,BIHAR,Siwan,Barharia,0,0,,222,10,1231,,90315.6629531122,219606934.01516393,5.6474189453125004e-05,1.0588910522460939e-06,160,0.00016942256835937502
10-218-01233,BIHAR,Siwan,Lakri Nabiganj,0,0,,222,10,1233,,79648.98713303795,120773104.6039552,0.0,0.0,88,0.0
10-218-01234,BIHAR,Siwan,Basantpur,0,0,,222,10,1234,,57871.378293950496,76675463.02480637,0.0,0.0,56,0.0
10-218-01236,BIHAR,Siwan,Maharajganj,0,0,,222,10,1236,,119387.58843212528,142817377.5161484,8.085513977050781e-05,3.061505292281364e-05,103,0.003153350451049805
10-218-01237,BIHAR,Siwan,Pachrukhi,0,0,,222,10,1237,,99183.2392802834,160709761.40986398,5.6474189453125004e-05,2.413426899706197e-06,117,0.00028237094726562504
10-218-01238,BIHAR,Siwan,Hussainganj,0,0,,222,10,1238,,68784.84800107122,105975934.30464326,7.11098779296875e-05,5.11599899704392e-05,74,0.0037858392578125006
10-218-01239,BIHAR,Siwan,Ziradei,0,0,,222,10,1239,,98825.50869312549,152221780.48504183,7.11098779296875e-05,5.660604250246341e-05,111,0.006283270717773438
10-218-01240,BIHAR,Siwan,Mairwa,0,0,,222,10,1240,,65279.2242200428,88898123.37504825,5.6474189453125004e-05,5.4464972867098735e-05,66,0.0035946882092285164
10-218-01242,BIHAR,Siwan,Darauli,0,0,,222,10,1242,,90305.00161970501,214758375.6239279,7.11098779296875e-05,4.694802227980091e-05,155,0.00727694345336914
10-218-01241,BIHAR,Siwan,Guthani,0,0,,222,10,1241,,78778.78773845347,115110806.99004474,5.6474189453125004e-05,1.5505773211223325e-05,82,0.0012714734033203127
10-219-01248,BIHAR,Saran,Mashrakh,0,0,,218,10,1248,,82075.7710341599,165898243.02109933,0.0,0.0,121,0.0
10-218-01243,BIHAR,Siwan,Andar,0,0,,222,10,1243,,83358.60866933218,125625010.62434034,7.11098779296875e-05,6.942761488640445e-05,87,0.0060402024951171866
10-219-01249,BIHAR,Saran,Panapur,0,0,,218,10,1249,,75875.09329534958,182360909.7404776,0.0,0.0,128,0.0
10-218-01244,BIHAR,Siwan,Raghunathpur,0,0,,222,10,1244,,87824.68008836384,193566358.3438411,7.11098779296875e-05,7.11098779296875e-05,143,0.010168712543945312
10-219-01250,BIHAR,Saran,Taraiya,0,0,,218,10,1250,,53629.0613522338,97307015.09151264,0.0,0.0,74,0.0
10-218-01245,BIHAR,Siwan,Hasanpura,0,0,,222,10,1245,,82786.09108287447,121956119.03175904,8.085513977050781e-05,7.48518642802622e-05,87,0.0065121121923828115
10-219-01251,BIHAR,Saran,Ishupur,0,0,,218,10,1251,,62425.60798229613,109300191.56908256,0.0,0.0,76,0.0
10-218-01246,BIHAR,Siwan,Daraundha,0,0,,222,10,1246,,105400.53795370483,157911066.26165873,8.085513977050781e-05,7.030881719174592e-05,115,0.008085513977050781
10-219-01256,BIHAR,Saran,Jalalpur,0,0,,218,10,1256,,65042.73641147566,147549697.72689733,8.085513977050781e-05,8.860143317456515e-06,106,0.0009391751916503906
10-218-01247,BIHAR,Siwan,Siswan,0,0,,222,10,1247,,98184.39847010886,155554872.77293277,8.085513977050781e-05,7.795789976377744e-05,111,0.008653326873779297
10-219-01259,BIHAR,Saran,Nagra,0,0,,218,10,1259,,43289.948409307304,65110006.46242106,1.8725985107421876e-05,7.968504301030586e-06,47,0.0003745197021484375
10-219-01252,BIHAR,Saran,Baniapur,0,0,,218,10,1252,,89199.8841803021,219417775.87250236,8.085513977050781e-05,1.9841752090922162e-06,163,0.00032342055908203126
10-219-01253,BIHAR,Saran,Lahladpur,0,0,,218,10,1253,,49287.19248841685,70233795.44130237,8.085513977050781e-05,4.366177547607422e-05,50,0.002183088773803711
10-219-01254,BIHAR,Saran,Ekma,0,0,,218,10,1254,,99716.17236158185,176114988.01319405,8.085513977050781e-05,8.085513977050781e-05,128,0.010349457890625
10-219-01255,BIHAR,Saran,Manjhi,0,0,,218,10,1255,,127085.43562979231,244607530.98349065,8.085513977050781e-05,7.291624524943032e-05,180,0.013124924144897458
10-219-01257,BIHAR,Saran,Revelganj,0,0,,218,10,1257,,84877.1419542779,179359801.45379385,4.7151492919921876e-05,2.100002573242188e-05,125,0.002625003216552735
10-219-01258,BIHAR,Saran,Chapra,0,0,,218,10,1258,,119729.94798472138,239470568.44351175,1.8725985107421876e-05,1.7555611038208008e-05,176,0.0030897875427246093
10-219-01260,BIHAR,Saran,Marhaura,0,0,,218,10,1260,,87240.95030017926,190752130.05196184,1.8725985107421876e-05,5.46744090727646e-07,137,7.49039404296875e-05
10-219-01261,BIHAR,Saran,Amnour,0,0,,218,10,1261,,94922.90618840617,160109081.4065653,1.8725985107421876e-05,3.173895780918962e-07,118,3.745197021484375e-05
10-219-01263,BIHAR,Saran,Parsa,0,0,,218,10,1263,,85595.91054800974,122749042.93573296,0.0,0.0,88,0.0
10-219-01266,BIHAR,Saran,Dighwara,0,0,,218,10,1266,,81943.45164265168,101347015.6655549,0.0,0.0,72,0.0
10-219-01264,BIHAR,Saran,Dariapur,0,0,,218,10,1264,,115477.27251924115,281302380.67878103,0.0,0.0,202,0.0
10-219-01265,BIHAR,Saran,Garkha,0,0,,218,10,1265,,90147.74693968748,213336409.9887166,1.8725985107421876e-05,9.60618716549564e-06,154,0.0014793528234863284
10-220-01269,BIHAR,Vaishali,Paterhi Belsar,0,0,,224,10,1269,,56227.36197278124,93522597.26160131,0.0,0.0,69,0.0
10-219-01267,BIHAR,Saran,Sonepur,0,0,,218,10,1267,,70412.64000247594,214865144.18564072,0.0,0.0,162,0.0
10-220-01268,BIHAR,Vaishali,Vaishali,0,0,,224,10,1268,,72706.90824879723,158663399.21103516,0.0,0.0,114,0.0
10-220-01270,BIHAR,Vaishali,Lalganj,0,0,,224,10,1270,,89595.71916906572,184177988.41986412,0.0,0.0,133,0.0
10-221-01294,BIHAR,Samastipur,Mohiuddinagar,0,0,,217,10,1294,,80607.53716768604,178536106.2701614,0.0,0.0,130,0.0
10-220-01271,BIHAR,Vaishali,Bhagwanpur,0,0,,224,10,1271,,98965.72708266653,142473218.81446454,0.0,0.0,102,0.0
10-220-01272,BIHAR,Vaishali,Goraul,0,0,,224,10,1272,,101989.77906286377,122446101.92943335,0.0,0.0,87,0.0
10-220-01273,BIHAR,Vaishali,Chehra Kalan,0,0,,224,10,1273,,63204.34388206024,89818122.94593617,0.0,0.0,66,0.0
10-220-01277,BIHAR,Vaishali,Raja Pakar,0,0,,224,10,1277,,58946.08844196175,93673217.82917874,0.0,0.0,72,0.0
10-220-01274,BIHAR,Vaishali,Patepur,0,0,,224,10,1274,,118180.33822078991,317029999.71255994,0.0,0.0,234,0.0
10-220-01275,BIHAR,Vaishali,Mahua,0,0,,224,10,1275,,86273.82517515696,171155586.12447235,0.0,0.0,125,0.0
10-220-01276,BIHAR,Vaishali,Jandaha,0,0,,224,10,1276,,99044.76663725945,179891527.10359335,0.0,0.0,128,0.0
10-220-01278,BIHAR,Vaishali,Hajipur,0,0,,224,10,1278,,80048.24731377292,194916759.16986817,0.0,0.0,140,0.0
10-220-01280,BIHAR,Vaishali,Bidupur,0,0,,224,10,1280,,88122.3198685409,139375575.9420912,0.0,0.0,99,0.0
10-220-01279,BIHAR,Vaishali,Raghopur,0,0,,224,10,1279,,128641.49950069311,338499790.0832371,0.0,0.0,246,0.0
10-220-01281,BIHAR,Vaishali,Desri,0,0,,224,10,1281,,50183.809114488824,56627949.53624974,0.0,0.0,43,0.0
10-221-01284,BIHAR,Samastipur,Kalyanpur,0,0,,217,10,1284,,147387.26660455638,294821482.9966942,0.0,0.0,214,0.0
10-221-01286,BIHAR,Samastipur,Shivaji Nagar,0,0,,217,10,1286,,96209.25031894707,172333979.18990555,0.0,0.0,130,0.0
10-221-01288,BIHAR,Samastipur,Samastipur,0,0,,217,10,1288,,112474.97484539819,170577777.20953664,0.0,0.0,123,0.0
10-221-01289,BIHAR,Samastipur,Pusa,0,0,,217,10,1289,,64081.7615729533,95008289.7510354,0.0,0.0,65,0.0
10-221-01291,BIHAR,Samastipur,Morwa,0,0,,217,10,1291,,104551.97847793197,152111293.7773472,0.0,0.0,106,0.0
10-221-01292,BIHAR,Samastipur,Patori,0,0,,217,10,1292,,69422.25062895294,130638318.44440164,0.0,0.0,93,0.0
10-221-01295,BIHAR,Samastipur,Sarairanjan,0,0,,217,10,1295,,96463.23467310029,185572344.2706523,0.0,0.0,145,0.0
10-221-01296,BIHAR,Samastipur,Vidyapati Nagar,0,0,,217,10,1296,,62930.2690484309,106322816.42401849,0.0,0.0,75,0.0
10-221-01297,BIHAR,Samastipur,Dalsinghsarai,0,0,,217,10,1297,,80515.23552986495,118201268.21451648,0.0,0.0,89,0.0
10-221-01298,BIHAR,Samastipur,Ujiarpur,0,0,,217,10,1298,,81756.09445970641,209497824.1015558,0.0,0.0,149,0.0
10-221-01300,BIHAR,Samastipur,Rosera,0,0,,217,10,1300,,84599.34785899956,138535375.895554,0.0,0.0,97,0.0
10-221-01299,BIHAR,Samastipur,Bibhutpur,0,0,,217,10,1299,,96600.53522783429,258332531.194082,0.0,0.0,187,0.0
10-221-01301,BIHAR,Samastipur,Singhia,0,0,,217,10,1301,,76055.88015393679,178639507.67998633,0.0,0.0,128,0.0
10-222-01307,BIHAR,Begusarai,Cheria Bariarpur,0,0,,191,10,1307,,80422.0696045629,127840547.1243011,0.0,0.0,89,0.0
10-221-01302,BIHAR,Samastipur,Hasanpur,0,0,,217,10,1302,,122795.93417076243,188091095.39019313,0.0,0.0,138,0.0
10-221-01303,BIHAR,Samastipur,Bithan,0,0,,217,10,1303,,72838.55780104545,149849875.79630712,0.0,0.0,109,0.0
10-222-01304,BIHAR,Begusarai,Khudabandpur,0,0,,191,10,1304,,49522.71992212785,59617610.47663844,0.0,0.0,39,0.0
10-222-01305,BIHAR,Begusarai,Chhorahi,0,0,,191,10,1305,,96201.09768359947,128309829.49376953,0.0,0.0,94,0.0
10-222-01306,BIHAR,Begusarai,Garhpura,0,0,,191,10,1306,,69581.28073662621,88651595.91159394,0.0,0.0,68,0.0
10-222-01308,BIHAR,Begusarai,Bhagwanpur,0,0,,191,10,1308,,102620.52088176137,147276258.21886113,0.0,0.0,106,0.0
10-223-01324,BIHAR,Khagaria,Mansi,0,0,,202,10,1324,,70720.37786012898,86151878.56106131,0.0,0.0,69,0.0
10-222-01309,BIHAR,Begusarai,Mansurchak,0,0,,191,10,1309,,55538.61039021854,42158333.283958256,0.0,0.0,31,0.0
10-224-01333,BIHAR,Bhagalpur,Rangra Chowk,0,0,,192,10,1333,,56200.86409227388,97946271.45940188,0.0,0.0,71,0.0
10-222-01310,BIHAR,Begusarai,Bachhwara,0,0,,191,10,1310,,112893.55520851951,186501763.14040864,0.0,0.0,138,0.0
10-222-01311,BIHAR,Begusarai,Teghra,0,0,,191,10,1311,,93442.93751421869,180050069.66821858,0.0,0.0,129,0.0
10-222-01312,BIHAR,Begusarai,Barauni,0,0,,191,10,1312,,90573.71511882372,141812926.41245717,0.0,0.0,102,0.0
10-222-01313,BIHAR,Begusarai,Birpur,0,0,,191,10,1313,,69057.86510087451,64693086.30641256,0.0,0.0,53,0.0
10-222-01314,BIHAR,Begusarai,Begusarai,0,0,,191,10,1314,,114572.02827886646,273941103.5239774,0.0,0.0,200,0.0
10-222-01315,BIHAR,Begusarai,Naokothi,0,0,,191,10,1315,,61794.845266753924,91575422.87048158,0.0,0.0,64,0.0
10-222-01316,BIHAR,Begusarai,Bakhri,0,0,,191,10,1316,,74902.13049058078,94921186.04856166,0.0,0.0,66,0.0
10-222-01317,BIHAR,Begusarai,Dandari,0,0,,191,10,1317,,77075.31892237118,85364223.36403492,0.0,0.0,65,0.0
10-222-01318,BIHAR,Begusarai,Sahebpur Kamal,0,0,,191,10,1318,,97820.3506924087,179327758.1582562,0.0,0.0,131,0.0
10-222-01319,BIHAR,Begusarai,Balia,0,0,,191,10,1319,,95726.56851828664,181873531.04775092,0.0,0.0,133,0.0
10-222-01320,BIHAR,Begusarai,Matihani,0,0,,191,10,1320,,104199.58891726227,214311339.790948,0.0,0.0,157,0.0
10-222-01321,BIHAR,Begusarai,Shamho Akha Kurha,0,0,,191,10,1321,,47884.70174269599,82130306.58899558,0.0,0.0,58,0.0
10-223-01322,BIHAR,Khagaria,Alauli,0,0,,202,10,1322,,117176.16085281859,337532903.06560946,0.0,0.0,244,0.0
10-223-01323,BIHAR,Khagaria,Khagaria,0,0,,202,10,1323,,164255.4907534744,325761754.1557925,0.0,0.0,229,0.0
10-223-01325,BIHAR,Khagaria,Chautham,0,0,,202,10,1325,,88833.5659059585,205164632.7891582,0.0,0.0,148,0.0
10-228-01376,BIHAR,Sheikhpura,Chewara,0,0,,219,10,1376,,77279.14911837938,141385828.1075451,2.591822509765625e-05,2.4623322635391383e-05,103,0.0025362022314453126
10-223-01326,BIHAR,Khagaria,Beldaur,0,0,,202,10,1326,,101449.44415348554,276820454.1841197,0.0,0.0,203,0.0
10-223-01327,BIHAR,Khagaria,Gogri,0,0,,202,10,1327,,109725.85953588395,321971045.3784509,0.0,0.0,231,0.0
10-223-01328,BIHAR,Khagaria,Parbatta,0,0,,202,10,1328,,89952.53209418767,286770838.53234714,0.0,0.0,215,0.0
10-224-01329,BIHAR,Bhagalpur,Narayanpur,0,0,,192,10,1329,,96964.50839109154,173637043.38008544,0.0,0.0,125,0.0
10-224-01330,BIHAR,Bhagalpur,Bihpur,0,0,,192,10,1330,,98960.16392998041,189427956.2070791,0.0,0.0,141,0.0
10-234-01472,BIHAR,Rohtas,Akorhi Gola,0,0,,215,10,1472,,71741.57946050014,124356844.03544964,0.0,0.0,94,0.0
10-224-01331,BIHAR,Bhagalpur,Kharik,0,0,,192,10,1331,,103106.05203500649,169292223.68779984,0.0,0.0,125,0.0
10-224-01332,BIHAR,Bhagalpur,Naugachhia,0,0,,192,10,1332,,91833.23423872421,134223697.96961665,0.0,0.0,95,0.0
10-224-01335,BIHAR,Bhagalpur,Pirpainti,0,0,,192,10,1335,,138631.2255747686,411429376.6216011,0.0,0.0,294,0.0
10-224-01336,BIHAR,Bhagalpur,Kahalgaon,0,0,,192,10,1336,,128722.99744742387,352186242.20537144,0.0,0.0,255,0.0
10-224-01337,BIHAR,Bhagalpur,Ismailpur,0,0,,192,10,1337,,66332.03197363381,102752037.41138108,0.0,0.0,75,0.0
10-224-01338,BIHAR,Bhagalpur,Sabour,0,0,,192,10,1338,,85492.0541239663,141198925.34276122,0.0,0.0,102,0.0
10-226-01359,BIHAR,Munger,Dharhara,0,0,,207,10,1359,,105188.90103685112,355220468.750446,0.0,0.0,262,0.0
10-224-01339,BIHAR,Bhagalpur,Nathnagar,0,0,,192,10,1339,,105259.93673308079,163498377.60317266,0.0,0.0,117,0.0
10-226-01360,BIHAR,Munger,Kharagpur,0,0,,207,10,1360,,169586.30903503796,398589433.5102216,0.0,0.0,291,0.0
10-224-01340,BIHAR,Bhagalpur,Sultanganj,0,0,,192,10,1340,,139861.1879796442,266407467.3450057,0.0,0.0,198,0.0
10-224-01341,BIHAR,Bhagalpur,Shahkund,0,0,,192,10,1341,,93276.90256650816,208798734.37786233,0.0,0.0,153,0.0
10-224-01342,BIHAR,Bhagalpur,Goradih,0,0,,192,10,1342,,106918.08891287447,178026414.43832883,0.0,0.0,128,0.0
10-224-01343,BIHAR,Bhagalpur,Jagdishpur,0,0,,192,10,1343,,107045.71303668506,127447147.46016994,0.0,0.0,95,0.0
10-224-01344,BIHAR,Bhagalpur,Sonhaula,0,0,,192,10,1344,,84463.86530366821,214425428.57327408,0.0,0.0,160,0.0
10-225-01345,BIHAR,Banka,Shambhuganj,0,0,,190,10,1345,,85765.27415008907,217970788.89652416,0.0,0.0,157,0.0
10-225-01346,BIHAR,Banka,Amarpur,0,0,,190,10,1346,,98000.87839154692,234663534.19316816,0.0,0.0,176,0.0
10-225-01347,BIHAR,Banka,Rajaun,0,0,,190,10,1347,,86718.04358754268,242814641.5593075,0.0,0.0,179,0.0
10-226-01363,BIHAR,Munger,Tetiha Bambor,0,0,,207,10,1363,,73286.15332623897,95190725.80042528,0.0,0.0,70,0.0
10-225-01348,BIHAR,Banka,Dhuraiya,0,0,,190,10,1348,,106681.6377356153,285703540.38620996,0.0,0.0,208,0.0
10-225-01349,BIHAR,Banka,Barahat,0,0,,190,10,1349,,122910.23058217819,181202001.14064544,0.0,0.0,129,0.0
10-225-01350,BIHAR,Banka,Banka,0,0,,190,10,1350,,137083.07375503817,365153241.48788345,0.0,0.0,275,0.0
10-225-01351,BIHAR,Banka,Phulidumar,0,0,,190,10,1351,,117105.67306472127,248400685.45023423,0.0,0.0,176,0.0
10-225-01352,BIHAR,Banka,Belhar,0,0,,190,10,1352,,118426.40149548957,290570448.277483,5.175089408874512e-05,5.320185373609312e-06,214,0.0011385196699523928
10-225-01353,BIHAR,Banka,Chanan,0,0,,190,10,1353,,169565.08902723462,550876204.0147796,5.3077428779602055e-05,2.781977502903335e-05,403,0.01121136933670044
10-225-01354,BIHAR,Banka,Katoria,0,0,,190,10,1354,,180268.89530762268,687665367.2781417,5.3077428779602055e-05,4.546472983113323e-06,502,0.002282329437522888
10-225-01355,BIHAR,Banka,Bausi,0,0,,190,10,1355,,109314.78149810205,385846183.7170387,0.0,0.0,284,0.0
10-226-01356,BIHAR,Munger,Munger,0,0,,207,10,1356,,162390.1628928388,306519605.49277806,0.0,0.0,227,0.0
10-226-01357,BIHAR,Munger,Bariarpur,0,0,,207,10,1357,,122433.4478606843,198040113.63802013,0.0,0.0,143,0.0
10-226-01358,BIHAR,Munger,Jamalpur,0,0,,207,10,1358,,72817.19566814511,112971204.64248075,0.0,0.0,79,0.0
10-226-01361,BIHAR,Munger,Asarganj,0,0,,207,10,1361,,61173.52838786665,72491453.98190036,0.0,0.0,52,0.0
10-226-01362,BIHAR,Munger,Tarapur,0,0,,207,10,1362,,54416.57713098438,86962445.68425661,0.0,0.0,62,0.0
10-226-01364,BIHAR,Munger,Sangrampur,0,0,,207,10,1364,,71205.18318302365,105786037.21986651,0.0,0.0,80,0.0
10-227-01366,BIHAR,Lakhisarai,Pipariya,0,0,,204,10,1366,,87968.2901826016,106258171.87143916,0.0,0.0,76,0.0
10-227-01365,BIHAR,Lakhisarai,Barahiya,0,0,,204,10,1365,,95965.48426593257,248505135.43154767,0.0,0.0,179,0.0
10-227-01367,BIHAR,Lakhisarai,Surajgarha,0,0,,204,10,1367,,140312.1609931406,462726462.37366486,2.71466650390625e-05,3.5929409610523896e-06,340,0.0012215999267578125
10-227-01368,BIHAR,Lakhisarai,Lakhisarai,0,0,,204,10,1368,,117670.76745524361,181316338.94823277,2.71466650390625e-05,2.7559433924165886e-06,133,0.00036654047119140626
10-227-01369,BIHAR,Lakhisarai,Chanan*,0,0,,204,10,1369,,86014.87070350182,177670731.10250506,2.71466650390625e-05,2.2056665344238282e-05,128,0.0028232531640625
10-228-01375,BIHAR,Sheikhpura,Ghat Kusumbha,0,0,,219,10,1375,,80592.24583619394,99088070.68237934,0.0,0.0,70,0.0
10-227-01370,BIHAR,Lakhisarai,Ramgarh Chowk,0,0,,204,10,1370,,98990.57354622113,128567389.13844268,2.71466650390625e-05,2.4131898115442154e-05,94,0.0022683984228515624
10-227-01371,BIHAR,Lakhisarai,Halsi,0,0,,204,10,1371,,82594.8188222393,191441208.6304817,2.71466650390625e-05,2.5971251282177384e-05,139,0.0036100039282226564
10-228-01372,BIHAR,Sheikhpura,Barbigha,0,0,,219,10,1372,,83879.7675047183,115941853.486741,0.0,0.0,81,0.0
10-228-01373,BIHAR,Sheikhpura,Shekhopur Sarai,0,0,,219,10,1373,,59774.96229914819,65955650.61796794,3.689066162109375e-06,1.3363275502522786e-06,45,6.0134739761352534e-05
10-228-01374,BIHAR,Sheikhpura,Sheikhpura,0,0,,219,10,1374,,119718.3677454689,225551054.81458032,2.591822509765625e-05,3.2433916087431073e-06,170,0.0005513765734863282
10-228-01377,BIHAR,Sheikhpura,Ariari,0,0,,219,10,1377,,87552.5859976097,183445963.63454768,2.591822509765625e-05,4.0135794312414455e-06,137,0.0005498603820800781
10-229-01378,BIHAR,Nalanda,Karai Parsurai,0,0,,209,10,1378,,58523.47447411047,82148146.79064696,2.466730651855469e-06,1.1100287933349612e-06,60,6.660172760009767e-05
10-229-01379,BIHAR,Nalanda,Nagar Nausa,0,0,,209,10,1379,,82570.35159490984,108015836.82811198,9.887201538085939e-06,1.5427206039428709e-06,80,0.00012341764831542968
10-229-01380,BIHAR,Nalanda,Harnaut,0,0,,209,10,1380,,124869.90123154312,224385440.0517296,9.887201538085939e-06,3.439026621942935e-06,161,0.0005536832861328126
10-229-01381,BIHAR,Nalanda,Chandi,0,0,,209,10,1381,,70527.81459673235,147156102.481168,9.887201538085939e-06,9.070827099161412e-06,109,0.000988720153808594
10-229-01382,BIHAR,Nalanda,Rahui,0,0,,209,10,1382,,77076.6108369453,152249665.90613127,9.887201538085939e-06,9.521008888527202e-06,108,0.0010282689599609377
10-229-01383,BIHAR,Nalanda,Bind,0,0,,209,10,1383,,70364.80140905235,88091657.81671415,0.0,0.0,66,0.0
10-229-01384,BIHAR,Nalanda,Sarmera,0,0,,209,10,1384,,91044.34634338948,167201876.42476654,0.0,0.0,123,0.0
10-229-01385,BIHAR,Nalanda,Asthawan,0,0,,209,10,1385,,92263.18064708126,171325630.7179731,9.887201538085939e-06,1.670489833984375e-06,125,0.0002088112292480469
10-229-01387,BIHAR,Nalanda,Noorsarai,0,0,,209,10,1387,,78528.62700534344,151514769.88009417,9.887201538085939e-06,9.887201538085939e-06,114,0.001127140975341797
10-229-01386,BIHAR,Nalanda,Bihar,0,0,,209,10,1386,,98561.8371020671,215840179.0991975,9.887201538085939e-06,8.758177152872087e-06,160,0.0014013083444595338
10-229-01390,BIHAR,Nalanda,Hilsa,0,0,,209,10,1390,,93433.88804652911,175765721.10991755,2.466730651855469e-06,2.4667306518554685e-06,131,0.0003231417153930664
10-229-01391,BIHAR,Nalanda,Ekangarsarai,0,0,,209,10,1391,,87121.32234693572,166605847.460251,2.466730651855469e-06,2.466730651855469e-06,122,0.00030094113952636723
10-229-01392,BIHAR,Nalanda,Islampur,0,0,,209,10,1392,,109868.69145522316,273834151.4326934,2.466730651855469e-06,1.004493409776196e-06,194,0.00019487172149658204
10-229-01393,BIHAR,Nalanda,Ben,0,0,,209,10,1393,,66947.54721379357,127526149.56798536,9.887201538085939e-06,4.4749855211947835e-06,94,0.0004206486389923096
10-230-01398,BIHAR,Patna,Maner,0,0,,212,10,1398,,96133.56350709034,213315300.3597084,1.8725985107421876e-05,3.668195862212739e-06,154,0.0005649021627807618
10-229-01394,BIHAR,Nalanda,Rajgir,0,0,,209,10,1394,,88740.45664753366,198129288.77271983,5.548405838012696e-07,3.208261879122987e-07,147,4.7161449623107915e-05
10-229-01395,BIHAR,Nalanda,Silao,0,0,,209,10,1395,,79220.42929786978,154752836.13944647,9.887201538085939e-06,2.1920968915705097e-06,114,0.0002498990456390381
10-229-01396,BIHAR,Nalanda,Giriak,0,0,,209,10,1396,,88347.46773236175,99576022.5731765,5.548405838012696e-07,5.548405838012696e-07,73,4.0503362617492675e-05
10-229-01397,BIHAR,Nalanda,Katrisarai,0,0,,209,10,1397,,38918.76300208476,48673462.28309288,3.689066162109375e-06,1.3383969783782962e-06,36,4.818229122161866e-05
10-230-01399,BIHAR,Patna,Dinapur-Cum-Khagaul,0,0,,212,10,1399,,78598.21354533077,184765788.04152673,0.0,0.0,135,0.0
10-234-01474,BIHAR,Rohtas,Tilouthu,0,0,,215,10,1474,,73885.57639601533,193504401.97342023,8.518722534179688e-07,1.2169603620256697e-08,140,1.7037445068359376e-06
10-230-01400,BIHAR,Patna,Patna Rural,0,0,,212,10,1400,,87518.10425735511,179850223.48881748,0.0,0.0,131,0.0
10-230-01401,BIHAR,Patna,Sampatchak,0,0,,212,10,1401,,53219.7118618291,78902366.60372826,0.0,0.0,57,0.0
10-230-01406,BIHAR,Patna,Dulhin Bazar,0,0,,212,10,1406,,77792.54009458271,136539622.4680228,3.122609558105469e-06,1.103952874077691e-06,99,0.0001092913345336914
10-230-01402,BIHAR,Patna,Phulwari,0,0,,212,10,1402,,70659.26045014715,135940825.49713776,0.0,0.0,96,0.0
10-230-01413,BIHAR,Patna,Khusrupur,0,0,,212,10,1413,,46143.60198551767,78201544.387751,0.0,0.0,58,0.0
10-230-01403,BIHAR,Patna,Bihta,0,0,,212,10,1403,,116564.9809665079,244879174.98088208,1.8725985107421876e-05,2.195961575350919e-06,182,0.0003996650067138672
10-230-01415,BIHAR,Patna,Athmalgola,0,0,,212,10,1415,,47997.69261940102,62827293.65665197,0.0,0.0,47,0.0
10-230-01404,BIHAR,Patna,Naubatpur,0,0,,212,10,1404,,105087.74367689912,205320191.59612688,0.0,0.0,153,0.0
10-230-01405,BIHAR,Patna,Bikram,0,0,,212,10,1405,,86626.03512108007,186422313.04867813,3.122609558105469e-06,2.233691508717781e-06,137,0.000306015736694336
10-234-01475,BIHAR,Rohtas,Rohtas,0,0,,215,10,1475,,88257.59288547112,389741138.17794544,0.0,0.0,288,0.0
10-230-01407,BIHAR,Patna,Paliganj,0,0,,212,10,1407,,129476.3041410336,293354152.7667747,3.122609558105469e-06,1.4591633449090976e-08,214,3.122609558105469e-06
10-230-01408,BIHAR,Patna,Masaurhi,0,0,,212,10,1408,,108866.13277400887,248716954.87290823,0.0,0.0,178,0.0
10-230-01409,BIHAR,Patna,Dhanarua,0,0,,212,10,1409,,95102.40821522896,225577653.19725513,2.466730651855469e-06,5.750660415368577e-07,163,9.373576477050781e-05
10-230-01410,BIHAR,Patna,Punpun,0,0,,212,10,1410,,82554.93388622913,161116560.78819045,0.0,0.0,118,0.0
10-230-01411,BIHAR,Patna,Fatwah,0,0,,212,10,1411,,97950.27190535897,155697451.47083917,0.0,0.0,115,0.0
10-230-01412,BIHAR,Patna,Daniawan,0,0,,212,10,1412,,69689.77872311571,79566220.36857046,0.0,0.0,56,0.0
10-230-01414,BIHAR,Patna,Bakhtiarpur,0,0,,212,10,1414,,120205.01587822943,168153072.20481881,0.0,0.0,120,0.0
10-230-01416,BIHAR,Patna,Belchhi,0,0,,212,10,1416,,88573.78025963024,87443681.0926542,0.0,0.0,70,0.0
10-230-01417,BIHAR,Patna,Barh,0,0,,212,10,1417,,95365.9771693495,147280816.515725,0.0,0.0,104,0.0
10-230-01419,BIHAR,Patna,Ghoswari,0,0,,212,10,1419,,66454.95033385535,164897376.1169027,0.0,0.0,126,0.0
10-230-01418,BIHAR,Patna,Pandarak,0,0,,212,10,1418,,106894.44852036482,252509471.6555304,0.0,0.0,180,0.0
10-232-01438,BIHAR,Buxar,Chaugain,0,0,,194,10,1438,,52625.33924401454,66025696.44875917,9.386024169921875e-06,9.386024169921875e-06,49,0.00045991518432617187
10-232-01439,BIHAR,Buxar,Kesath,0,0,,194,10,1439,,34661.84662025829,38236018.49691825,9.386024169921875e-06,9.386024169921875e-06,29,0.0002721947009277344
10-230-01420,BIHAR,Patna,Mokameh,0,0,,212,10,1420,,127700.39840194934,244519830.48183808,0.0,0.0,181,0.0
10-231-01421,BIHAR,Bhojpur,Shahpur,0,0,,193,10,1421,,110658.91431619873,211766871.4500774,4.7151492919921876e-05,3.807524385501177e-05,156,0.005939738041381836
10-234-01460,BIHAR,Rohtas,Suryapura,0,0,,215,10,1460,,56159.7630280001,69765063.31452103,6.654607543945312e-06,6.654607543945311e-06,47,0.0003127665545654296
10-231-01422,BIHAR,Bhojpur,Arrah,0,0,,193,10,1422,,120924.06747051864,221925641.7145924,4.7151492919921876e-05,1.361842362505835e-05,159,0.0021653293563842777
10-231-01423,BIHAR,Bhojpur,Barhara,0,0,,193,10,1423,,128817.96875565937,258494738.36324885,4.7151492919921876e-05,2.765546400140094e-05,191,0.00528219362426758
10-231-01424,BIHAR,Bhojpur,Koilwar,0,0,,193,10,1424,,94779.33453556667,208456312.66749656,1.8725985107421876e-05,6.473670078764026e-06,149,0.0009645768417358399
10-231-01425,BIHAR,Bhojpur,Sandesh,0,0,,193,10,1425,,60697.76797134289,164599530.19806212,3.122609558105469e-06,2.6462792865300584e-06,118,0.0003122609558105469
10-231-01426,BIHAR,Bhojpur,Udwant Nagar,0,0,,193,10,1426,,92445.60417460876,217797556.82002312,1.0626668090820313e-05,7.643688301418138e-06,161,0.0012306338165283203
10-234-01461,BIHAR,Rohtas,Bikramganj,0,0,,215,10,1461,,88556.32896667719,168723569.68103397,6.654607543945312e-06,6.654607543945311e-06,129,0.0008584443731689452
10-231-01427,BIHAR,Bhojpur,Behea,0,0,,193,10,1427,,114516.77527652554,206091349.70539597,4.7151492919921876e-05,1.1200262609863283e-05,150,0.0016800393914794924
10-231-01428,BIHAR,Bhojpur,Jagdishpur,0,0,,193,10,1428,,109726.00219208181,318463526.4488765,1.0626668090820313e-05,1.050151541458933e-05,228,0.0023943455145263672
10-231-01429,BIHAR,Bhojpur,Piro,0,0,,193,10,1429,,100703.96274410955,268205354.86689487,1.0626668090820313e-05,7.4189643707275375e-06,200,0.0014837928741455076
10-234-01462,BIHAR,Rohtas,Karakat,0,0,,215,10,1462,,102232.22868007293,251121712.10833624,6.654607543945312e-06,4.732619122591885e-06,176,0.0008329409655761718
10-231-01430,BIHAR,Bhojpur,Charpokhari,0,0,,193,10,1430,,88834.1327790213,135855258.49695313,1.0626668090820313e-05,7.195323923211348e-06,95,0.0006835557727050781
10-231-01431,BIHAR,Bhojpur,Garhani,0,0,,193,10,1431,,93054.52180151101,137128723.85739592,1.0626668090820313e-05,1.0059832508864913e-05,103,0.001036162748413086
10-231-01432,BIHAR,Bhojpur,Agiaon,0,0,,193,10,1432,,87534.07309197474,191419206.17039648,1.0626668090820313e-05,3.5949936154591957e-06,139,0.0004997041125488282
10-231-01433,BIHAR,Bhojpur,Tarari,0,0,,193,10,1433,,95157.98131215997,247108515.4982669,6.654607543945312e-06,5.857217965853417e-06,177,0.0010367275799560548
10-231-01434,BIHAR,Bhojpur,Sahar,0,0,,193,10,1434,,61748.81499939302,157154129.14318892,5.761329345703126e-06,4.825728853665867e-06,117,0.0005646102758789064
10-232-01435,BIHAR,Buxar,Simri,0,0,,194,10,1435,,87047.69219699135,222195796.247413,2.097768005371094e-05,1.3246442101641403e-05,164,0.00217241650466919
10-232-01436,BIHAR,Buxar,Chakki,0,0,,194,10,1436,,73799.54032015939,80420668.23199363,2.097768005371094e-05,1.91664838218689e-05,64,0.0012266549645996096
10-232-01437,BIHAR,Buxar,Barhampur,0,0,,194,10,1437,,133928.15369382405,240152233.65370417,4.7151492919921876e-05,1.1681439205456333e-05,173,0.0020208889825439457
10-232-01440,BIHAR,Buxar,Dumraon,0,0,,194,10,1440,,115797.88145848007,238641355.07175583,1.0836997680664063e-05,9.823891915767151e-06,169,0.0016602377337646486
10-232-01441,BIHAR,Buxar,Buxar,0,0,,194,10,1441,,90996.21871903203,211591033.38394436,1.0836997680664063e-05,1.0707927629993221e-05,157,0.0016811446379089356
10-232-01442,BIHAR,Buxar,Chausa,0,0,,194,10,1442,,99103.08457070828,138502720.57991108,1.0836997680664063e-05,6.508260934419722e-06,107,0.0006963839199829102
10-232-01443,BIHAR,Buxar,Rajpur,0,0,,194,10,1443,,121142.9666413415,336933113.12217736,1.0836997680664063e-05,4.088229671556123e-06,245,0.00100161626953125
10-232-01444,BIHAR,Buxar,Itarhi,0,0,,194,10,1444,,109439.3274763228,293713382.2816445,1.0836997680664063e-05,1.0752696247739656e-05,209,0.002247313515777588
10-232-01445,BIHAR,Buxar,Nawanagar,0,0,,194,10,1445,,126567.10382889764,229774401.79100823,1.0836997680664063e-05,8.907189327894584e-06,169,0.0015053149964141847
10-233-01446,BIHAR,Kaimur (Bhabua),Ramgarh,0,0,,200,10,1446,,124781.0721120257,206666195.02442607,3.3101095581054688e-06,2.2798105565759523e-06,151,0.0003442513940429688
10-233-01447,BIHAR,Kaimur (Bhabua),Nuaon,0,0,,200,10,1447,,121732.74643995032,235834986.4758632,3.3101095581054688e-06,3.1992225182962696e-06,171,0.0005470670506286621
10-233-01448,BIHAR,Kaimur (Bhabua),Kudra,0,0,,200,10,1448,,132624.50147962422,255577893.54332253,5.33748046875e-06,4.500787711976067e-06,189,0.0008506488775634766
10-233-01449,BIHAR,Kaimur (Bhabua),Mohania,0,0,,200,10,1449,,142323.6809133636,349176573.6513165,5.33748046875e-06,2.509249141216278e-06,256,0.0006423677801513671
10-233-01450,BIHAR,Kaimur (Bhabua),Durgawati,0,0,,200,10,1450,,108544.41183902678,212580801.4059764,0.0,0.0,154,0.0
10-233-01451,BIHAR,Kaimur (Bhabua),Chand,0,0,,200,10,1451,,97099.60209928264,257974481.1925409,0.0,0.0,188,0.0
10-233-01452,BIHAR,Kaimur (Bhabua),Chainpur,0,0,,200,10,1452,,170712.34536647963,555311526.8488017,3.0716567993164065e-06,1.509413660597743e-08,407,6.143313598632813e-06
10-233-01453,BIHAR,Kaimur (Bhabua),Bhabua,0,0,,200,10,1453,,143727.89821118704,407618990.38615096,5.33748046875e-06,2.7967862110834977e-06,301,0.0008418326495361328
10-233-01454,BIHAR,Kaimur (Bhabua),Rampur,0,0,,200,10,1454,,126612.15498309073,210660395.23746365,5.33748046875e-06,3.618023673447986e-06,149,0.00053908552734375
10-233-01455,BIHAR,Kaimur (Bhabua),Bhagwanpur,0,0,,200,10,1455,,134815.05705103654,292151198.96788174,5.33748046875e-06,1.4165824940758293e-06,211,0.00029889890625
10-233-01456,BIHAR,Kaimur (Bhabua),Adhaura,0,0,,200,10,1456,,271357.2345421078,1135984955.9859164,6.386746826171875e-06,7.505600448187088e-07,833,0.0006252165173339844
10-234-01457,BIHAR,Rohtas,Kochas,0,0,,215,10,1457,,90248.48407846906,187033418.62218276,3.3101095581054688e-06,2.425884882031065e-06,132,0.0003202168044281006
10-234-01458,BIHAR,Rohtas,Dinara,0,0,,215,10,1458,,157118.7651045217,464648316.8452498,6.654607543945312e-06,3.1130368500650807e-06,341,0.0010615455658721925
10-234-01459,BIHAR,Rohtas,Dawath,0,0,,215,10,1459,,78120.6651060775,129910427.66035384,6.654607543945312e-06,6.654607543945311e-06,94,0.0006255331091308592
10-234-01466,BIHAR,Rohtas,Nokha,0,0,,215,10,1466,,82152.91978314315,208772248.59610957,2.027497940063477e-06,7.969658501083788e-07,148,0.00011795094581604005
10-235-01476,BIHAR,Aurangabad,Daudnagar,0,0,,189,10,1476,,91010.07504965532,238139281.75712803,0.0,0.0,174,0.0
10-234-01467,BIHAR,Rohtas,Kargahar,0,0,,215,10,1467,,128509.87472624176,406135690.59563094,5.33748046875e-06,2.117264249389236e-06,296,0.0006267102178192139
10-234-01468,BIHAR,Rohtas,Chenari,0,0,,215,10,1468,,121720.69626398994,292642418.8385522,5.33748046875e-06,2.6851151761786883e-06,215,0.000577299762878418
10-234-01469,BIHAR,Rohtas,Nauhatta,0,0,,215,10,1469,,175494.75594492842,478591449.404211,6.386746826171875e-06,5.412497310315149e-07,354,0.00019160240478515627
10-234-01470,BIHAR,Rohtas,Sheosagar,0,0,,215,10,1470,,135463.8765525897,406503956.12222886,5.33748046875e-06,7.696160288665255e-07,295,0.00022703672851562504
10-234-01471,BIHAR,Rohtas,Sasaram,0,0,,215,10,1471,,135810.11950728856,394273130.8742507,8.518722534179688e-07,5.904355963345232e-07,290,0.00017122632293701173
10-234-01473,BIHAR,Rohtas,Dehri,0,0,,215,10,1473,,97323.52013589225,199371136.99043605,8.518722534179688e-07,1.233746022191541e-07,145,1.7889317321777345e-05
10-235-01477,BIHAR,Aurangabad,Haspura,0,0,,189,10,1477,,88845.10694940752,164519986.5205008,0.0,0.0,121,0.0
10-235-01478,BIHAR,Aurangabad,Goh,0,0,,189,10,1478,,122286.20877621078,374665187.3660463,0.0,0.0,272,0.0
10-236-01491,BIHAR,Gaya,Neem Chak Bathani,0,0,,196,10,1491,,79540.44278654993,146770773.7769567,0.0,0.0,103,0.0
10-235-01479,BIHAR,Aurangabad,Rafiganj,0,0,,189,10,1479,,167069.30684925965,465687847.79432577,1.0968582153320312e-06,4.4710642795059336e-07,341,0.00015246329193115233
10-235-01480,BIHAR,Aurangabad,Obra,0,0,,189,10,1480,,130720.05569071589,327203821.09876627,1.0968582153320312e-06,7.404949976925105e-08,237,1.75497314453125e-05
10-236-01494,BIHAR,Gaya,Manpur,0,0,,196,10,1494,,77081.78707553667,161226183.41058797,0.0,0.0,115,0.0
10-235-01481,BIHAR,Aurangabad,Aurangabad,0,0,,189,10,1481,,125502.68609205673,344679798.38062614,1.0968582153320312e-06,8.483512759208678e-07,256,0.00021717792663574216
10-237-01511,BIHAR,Nawada,Nardiganj,0,0,,210,10,1511,,60262.24041371029,129808165.4472442,5.548405838012696e-07,5.548405838012695e-07,95,5.27098554611206e-05
10-235-01482,BIHAR,Aurangabad,Barun,0,0,,189,10,1482,,117269.30390529483,381782699.30215496,0.0,0.0,280,0.0
10-235-01483,BIHAR,Aurangabad,Nabinagar,0,0,,189,10,1483,,173491.30877801325,657546828.2218357,0.0,0.0,483,0.0
10-235-01484,BIHAR,Aurangabad,Kutumba,0,0,,189,10,1484,,110495.73757590447,319048251.76106954,0.0,0.0,229,0.0
10-235-01485,BIHAR,Aurangabad,Deo,0,0,,189,10,1485,,158578.88849021672,336990745.1586724,3.576220092773438e-06,1.6231663312570033e-06,251,0.0004074147491455078
10-235-01486,BIHAR,Aurangabad,Madanpur,0,0,,189,10,1486,,153529.37367368402,418713952.50229967,3.576220092773438e-06,1.705411956688347e-06,309,0.0005269722946166992
10-236-01487,BIHAR,Gaya,Konch,0,0,,196,10,1487,,154041.56172387034,319288521.7326548,0.0,0.0,232,0.0
10-236-01488,BIHAR,Gaya,Tikari,0,0,,196,10,1488,,122221.36853604284,290576655.12704176,0.0,0.0,218,0.0
10-236-01489,BIHAR,Gaya,Belaganj,0,0,,196,10,1489,,113473.13279109563,240372540.95814112,0.0,0.0,180,0.0
10-236-01490,BIHAR,Gaya,Khizirsarai,0,0,,196,10,1490,,103698.13096672995,223124430.97950032,0.0,0.0,165,0.0
10-236-01492,BIHAR,Gaya,Muhra,0,0,,196,10,1492,,93681.45756176667,181269438.2139707,2.729402008056641e-06,4.5639198018543754e-07,134,6.115652534484863e-05
10-236-01493,BIHAR,Gaya,Atri,0,0,,196,10,1493,,103075.15367958385,161340647.62451813,2.729402008056641e-06,5.092578551348518e-07,119,6.060168476104736e-05
10-236-01495,BIHAR,Gaya,Gaya Town C.D.Block,0,0,,196,10,1495,,91678.58033080616,224144813.6021213,0.0,0.0,161,0.0
10-236-01496,BIHAR,Gaya,Paraiya,0,0,,196,10,1496,,75593.31264449215,167300846.5298876,0.0,0.0,120,0.0
10-236-01497,BIHAR,Gaya,Guraru,0,0,,196,10,1497,,81292.54933661391,199646285.7542363,0.0,0.0,147,0.0
10-237-01512,BIHAR,Nawada,Nawada,0,0,,210,10,1512,,86822.75137888109,219317998.1072041,8.678965698242189e-05,5.498237702193533e-06,157,0.0008632233192443847
10-236-01498,BIHAR,Gaya,Gurua,0,0,,196,10,1498,,117859.62964526065,238015237.1519128,9.900231170654296e-07,1.3734424745416365e-07,173,2.376055480957031e-05
10-236-01499,BIHAR,Gaya,Amas,0,0,,196,10,1499,,100546.69423332924,128484051.44985774,3.576220092773438e-06,1.1386903517873663e-06,95,0.0001081755834197998
10-237-01517,BIHAR,Nawada,Roh,0,0,,210,10,1517,,77804.52626079548,192537548.9783989,0.0001274250927734375,9.275731291214627e-05,144,0.013357053059349063
10-236-01500,BIHAR,Gaya,Banke Bazar,0,0,,196,10,1500,,85166.97220092022,256240042.68049288,3.576220092773438e-06,1.6991416426627872e-06,186,0.0003160403455352784
10-236-01501,BIHAR,Gaya,Imamganj,0,0,,196,10,1501,,136271.57775821586,316917295.57645696,1.4067017364501954e-05,5.403036688641027e-06,239,0.0012913257685852053
10-236-01502,BIHAR,Gaya,Dumaria,0,0,,196,10,1502,,119690.94596035974,390676703.928496,1.4067017364501954e-05,3.326120921352454e-06,285,0.0009479444625854494
10-236-01503,BIHAR,Gaya,Sherghati,0,0,,196,10,1503,,100322.2973073121,167902109.12194017,9.900231170654296e-07,7.80749937848347e-07,123,9.603224235534668e-05
10-238-01531,BIHAR,Jamui,Gidhaur,0,0,,198,10,1531,,55211.5633940527,100392309.18230554,4.0473478393554693e-05,3.318815375976563e-05,75,0.002489111531982422
10-236-01504,BIHAR,Gaya,Dobhi,0,0,,196,10,1504,,103572.88994215836,218837778.49499393,9.900231170654296e-07,1.783271453099221e-07,161,2.871067039489746e-05
10-236-01505,BIHAR,Gaya,Bodh Gaya,0,0,,196,10,1505,,120948.91182130505,306843965.9119923,0.0,0.0,230,0.0
10-236-01506,BIHAR,Gaya,Tan Kuppa,0,0,,196,10,1506,,108147.94853451202,190099968.23000297,9.28958766937256e-06,1.8374695794973801e-06,134,0.00024622092365264895
10-240-01542,BIHAR,Arwal,Arwal,0,0,,611,10,1542,,73924.8054791393,147787869.27798152,5.761329345703126e-06,1.495729733980619e-06,104,0.00015555589233398438
10-236-01507,BIHAR,Gaya,Wazirganj,0,0,,196,10,1507,,105472.06999302967,323030583.61833626,2.729402008056641e-06,2.486531490390584e-06,236,0.0005868214317321779
10-236-01508,BIHAR,Gaya,Fatehpur,0,0,,196,10,1508,,155359.44599717355,408449805.62920874,3.593731079101562e-05,7.159905175660786e-06,304,0.002176611173400879
10-240-01543,BIHAR,Arwal,Kaler,0,0,,611,10,1543,,67777.19153730445,176075758.749563,5.761329345703126e-06,4.793777852531608e-06,131,0.0006279848986816407
10-236-01509,BIHAR,Gaya,Mohanpur,0,0,,196,10,1509,,119906.24818546322,418796109.2883684,9.28958766937256e-06,3.341798864559766e-06,303,0.001012565055961609
10-240-01544,BIHAR,Arwal,Karpi,0,0,,611,10,1544,,158139.92638461498,234985661.7206014,5.761329345703126e-06,6.699220169422239e-08,172,1.1522658691406251e-05
10-236-01510,BIHAR,Gaya,Barachatti,0,0,,196,10,1510,,138753.78132836288,366328956.31361085,9.28958766937256e-06,8.107276511452415e-07,275,0.00022295010406494142
10-237-01513,BIHAR,Nawada,Warisaliganj,0,0,,210,10,1513,,109792.76918459819,202861050.3008767,3.689066162109375e-06,2.5163967280485195e-06,147,0.00036991031902313233
10-237-01514,BIHAR,Nawada,Kashi Chak,0,0,,210,10,1514,,73948.94452619922,98983451.20841853,3.689066162109375e-06,3.689066162109375e-06,72,0.000265612763671875
10-237-01515,BIHAR,Nawada,Pakribarawan,0,0,,210,10,1515,,104545.76938151139,251834567.85717744,3.689066162109375e-06,3.6890661621093747e-06,184,0.0006787881738281249
10-237-01516,BIHAR,Nawada,Kawakol,0,0,,210,10,1516,,121170.20018263235,362955647.76482904,0.0001274250927734375,5.390825933241307e-05,266,0.014339596982421876
10-237-01518,BIHAR,Nawada,Gobindpur,0,0,,210,10,1518,,73133.35659787485,188189390.13263756,0.0001274250927734375,0.0001163954744873047,140,0.016295366428222657
10-237-01519,BIHAR,Nawada,Akbarpur,0,0,,210,10,1519,,91268.2921062847,249541236.96202633,8.678965698242189e-05,8.678965698242189e-05,184,0.015969296884765626
10-237-01520,BIHAR,Nawada,Hisua,0,0,,210,10,1520,,85113.4923130193,144090762.99664384,8.678965698242189e-05,4.023149267673493e-05,104,0.004184075238380432
10-237-01521,BIHAR,Nawada,Narhat,0,0,,210,10,1521,,62856.50481924386,99624005.77002536,8.678965698242189e-05,8.678965698242187e-05,69,0.005988486331787109
10-237-01522,BIHAR,Nawada,Meskaur,0,0,,210,10,1522,,75185.00287586387,145604023.18435815,8.678965698242189e-05,2.6746617715018145e-05,112,0.002995621184082032
10-237-01523,BIHAR,Nawada,Sirdala,0,0,,210,10,1523,,111278.51695598938,301894539.186342,8.678965698242189e-05,4.506503308672425e-05,218,0.009824177212905886
10-237-01524,BIHAR,Nawada,Rajauli,0,0,,210,10,1524,,132370.86211000624,450216393.36794454,0.0001274250927734375,6.360685245548283e-05,333,0.021181081867675783
10-238-01525,BIHAR,Jamui,Islamnagar Aliganj,0,0,,198,10,1525,,96153.77396855215,213408239.47295904,2.8778291015625e-05,2.260835702749399e-05,156,0.0035269036962890625
10-238-01526,BIHAR,Jamui,Sikandra,0,0,,198,10,1526,,86788.2538333537,223096734.30010977,4.0473478393554693e-05,2.6229202195155766e-05,162,0.004249130755615234
10-238-01527,BIHAR,Jamui,Jamui,0,0,,198,10,1527,,90084.78430112793,212157753.6648698,2.71466650390625e-05,2.713081420110887e-05,155,0.004205276201171875
10-238-01528,BIHAR,Jamui,Barhat,0,0,,198,10,1528,,114104.37581341481,270298087.1382075,2.71466650390625e-05,2.259925414419416e-05,197,0.0044520530664062495
10-238-01529,BIHAR,Jamui,Lakshmipur,0,0,,198,10,1529,,112147.89260238525,307635253.00857943,2.71466650390625e-05,7.239110677083332e-06,225,0.0016287999023437499
10-238-01530,BIHAR,Jamui,Jhajha,0,0,,198,10,1530,,147664.43327942316,507112726.974952,5.175089408874512e-05,4.6900463878116103e-05,370,0.017353171634902957
10-238-01532,BIHAR,Jamui,Khaira,0,0,,198,10,1532,,142747.05687020053,513762691.7981683,4.0473478393554693e-05,3.485847714209114e-05,377,0.01314164588256836
10-238-01533,BIHAR,Jamui,Sono,0,0,,198,10,1533,,117724.39892386932,474283005.7300444,5.175089408874512e-05,4.1940376818856407e-05,349,0.014637191509780885
10-238-01534,BIHAR,Jamui,Chakai,0,0,,198,10,1534,,243956.2217086091,956725034.6798706,5.2817899322509765e-05,4.739342781720842e-05,700,0.0331753994720459
10-239-01535,BIHAR,Jehanabad,Ratni Faridpur,0,0,,199,10,1535,,82762.53932271499,155018952.20303965,0.0,0.0,114,0.0
10-239-01536,BIHAR,Jehanabad,Jehanabad,0,0,,199,10,1536,,97254.09844747804,201426556.69272655,0.0,0.0,148,0.0
10-239-01537,BIHAR,Jehanabad,Kako,0,0,,199,10,1537,,83599.3529020472,162373941.78194478,0.0,0.0,118,0.0
10-239-01538,BIHAR,Jehanabad,Modanganj,0,0,,199,10,1538,,66522.90037500951,97205276.85869928,2.466730651855469e-06,1.7874859796054122e-06,69,0.00012333653259277344
10-239-01539,BIHAR,Jehanabad,Ghoshi,0,0,,199,10,1539,,82931.95174196921,112225161.55433495,2.466730651855469e-06,3.566357568947666e-07,83,2.960076782226563e-05
10-239-01540,BIHAR,Jehanabad,Makhdumpur,0,0,,199,10,1540,,128831.72570768485,301471679.33572614,0.0,0.0,217,0.0
10-239-01541,BIHAR,Jehanabad,Hulasganj,0,0,,199,10,1541,,87179.53907708311,119677697.18988888,2.466730651855469e-06,6.029786037868924e-07,90,5.426807434082032e-05
10-240-01545,BIHAR,Arwal,Sonbhadra Banshi Suryapur,0,0,,611,10,1545,,62692.97791397586,116643000.97724338,0.0,0.0,83,0.0
10-240-01546,BIHAR,Arwal,Kurtha,0,0,,611,10,1546,,71585.17106640573,106433073.5354984,0.0,0.0,78,0.0
10-224-01334,BIHAR,Bhagalpur,Gopalpur,0,0,,192,10,1334,,95407.9186210158,208941966.91883087,0.0,0.0,153,0.0
10-210-01127,BIHAR,Kishanganj,Kishanganj,0,0,,203,10,1127,,125268.33771117091,207105687.55921903,0.0,0.0,152,0.0
10-206-01064,BIHAR,Sitamarhi,Suppi,0,0,,221,10,1064,,71084.15120823232,92250451.53846286,0.0,0.0,66,0.0
10-234-01463,BIHAR,Rohtas,Nasriganj,0,0,,215,10,1463,,90034.07903274363,167356919.18355417,0.0,0.0,126,0.0
10-234-01464,BIHAR,Rohtas,Rajpur,0,0,,215,10,1464,,68660.48684625747,85633596.4997788,0.0,0.0,63,0.0
10-234-01465,BIHAR,Rohtas,Sanjhauli,0,0,,215,10,1465,,56591.722358052,83833486.39015438,0.0,0.0,63,0.0
10-203-01023,BIHAR,Pashchim Champaran,Thakrahan,0,0,,211,10,1023,,79847.09402015881,199004696.79409248,0.0,0.0,145,0.0
10-204-01054,BIHAR,Purbi Champaran,Phenhara,0,0,,213,10,1054,,44565.43736457999,67645025.94776015,0.0,0.0,51,0.0
10-219-01262,BIHAR,Saran,Maker,0,0,,218,10,1262,,62357.8736467211,96585777.9808088,0.0,0.0,71,0.0
10-220-01282,BIHAR,Vaishali,Sahdai Buzurg,0,0,,224,10,1282,,74546.65030748869,114161677.3631406,0.0,0.0,84,0.0
10-229-01388,BIHAR,Nalanda,Tharthari,0,0,,209,10,1388,,71853.42144919158,77411758.12428828,0.0,0.0,54,0.0
10-229-01389,BIHAR,Nalanda,Parbalpur,0,0,,209,10,1389,,54466.2339431045,76043839.88376136,0.0,0.0,56,0.0
10-203-01022,BIHAR,Pashchim Champaran,Bhitaha,0,0,,211,10,1022,,72626.86760213553,166969906.7472905,0.0,0.0,117,0.0
10-203-01013,BIHAR,Pashchim Champaran,Sidhaw,0,0,,211,10,1013,,195582.3602130639,1085337194.6715722,0.0,0.0,781,0.0
10-203-01014,BIHAR,Pashchim Champaran,Ramnagar,0,0,,211,10,1014,,230865.78384139363,866139404.2451236,0.0,0.0,621,0.0
10-203-01015,BIHAR,Pashchim Champaran,Gaunaha,0,0,,211,10,1015,,136504.94021895694,605322845.3823951,0.0,0.0,441,0.0
10-203-01016,BIHAR,Pashchim Champaran,Mainatanr,0,0,,211,10,1016,,115419.13930249632,312998546.4010918,0.0,0.0,221,0.0
10-203-01017,BIHAR,Pashchim Champaran,Narkatiaganj,0,0,,211,10,1017,,149144.20649331805,441857686.2127825,0.0,0.0,314,0.0
10-203-01018,BIHAR,Pashchim Champaran,Lauriya,0,0,,211,10,1018,,120853.32018665274,255440417.54612216,0.0,0.0,183,0.0
10-203-01019,BIHAR,Pashchim Champaran,Bagaha,0,0,,211,10,1019,,135587.24079810514,491292931.53180623,0.0,0.0,352,0.0
10-203-01021,BIHAR,Pashchim Champaran,Madhubani,0,0,,211,10,1021,,144670.82201821523,386116138.1353823,0.0,0.0,276,0.0
10-203-01024,BIHAR,Pashchim Champaran,Jogapatti,0,0,,211,10,1024,,88530.23644360513,258722436.3759333,0.0,0.0,186,0.0
10-203-01029,BIHAR,Pashchim Champaran,Bairia,0,0,,211,10,1029,,105039.82861382668,288505226.87341565,0.0,0.0,208,0.0
10-203-01025,BIHAR,Pashchim Champaran,Chanpatia,0,0,,211,10,1025,,113543.7602983494,310017349.34780717,0.0,0.0,226,0.0
10-206-01071,BIHAR,Sitamarhi,Parsauni,0,0,,221,10,1071,,63729.135625112256,74724139.64418457,0.0,0.0,55,0.0
10-203-01026,BIHAR,Pashchim Champaran,Sikta,0,0,,211,10,1026,,93443.22825707054,255004178.86147365,0.0,0.0,183,0.0
10-203-01027,BIHAR,Pashchim Champaran,Majhaulia,0,0,,211,10,1027,,123374.4030721297,371511179.15939575,0.0,0.0,265,0.0
10-203-01028,BIHAR,Pashchim Champaran,Bettiah,0,0,,211,10,1028,,53968.26030594324,83182055.35378212,0.0,0.0,59,0.0
10-203-01030,BIHAR,Pashchim Champaran,Nautan,0,0,,211,10,1030,,122656.63983711715,245738630.13883996,0.0,0.0,171,0.0
10-204-01031,BIHAR,Purbi Champaran,Raxaul,0,0,,213,10,1031,,98709.78801801558,166685360.13968688,0.0,0.0,124,0.0
10-206-01072,BIHAR,Sitamarhi,Belsand,0,0,,221,10,1072,,66235.5873217276,97354060.86547032,0.0,0.0,70,0.0
10-206-01073,BIHAR,Sitamarhi,Runisaidpur,0,0,,221,10,1073,,152472.54206325076,334873257.0825382,0.0,0.0,243,0.0
10-204-01032,BIHAR,Purbi Champaran,Adapur,0,0,,213,10,1032,,94532.37688292323,199608924.7111849,0.0,0.0,148,0.0
10-206-01074,BIHAR,Sitamarhi,Dumra,0,0,,221,10,1074,,111649.34177378344,241159212.36062923,0.0,0.0,178,0.0
10-204-01033,BIHAR,Purbi Champaran,Ramgarhwa,0,0,,213,10,1033,,90718.26831189607,213035907.5226096,0.0,0.0,154,0.0
10-204-01034,BIHAR,Purbi Champaran,Sugauli,0,0,,213,10,1034,,84892.41923436844,209336830.19001696,0.0,0.0,149,0.0
10-204-01038,BIHAR,Purbi Champaran,Ghorasahan,0,0,,213,10,1038,,75335.10865687576,144368243.47105,0.0,0.0,104,0.0
10-204-01035,BIHAR,Purbi Champaran,Banjaria,0,0,,213,10,1035,,102381.40449613356,176960195.87167916,0.0,0.0,124,0.0
10-204-01047,BIHAR,Purbi Champaran,Kesaria,0,0,,213,10,1047,,87546.8206889307,229535442.11688668,0.0,0.0,168,0.0
10-204-01036,BIHAR,Purbi Champaran,Narkatia,0,0,,213,10,1036,,105607.09704406632,168338010.30978012,0.0,0.0,120,0.0
10-204-01037,BIHAR,Purbi Champaran,Bankatwa,0,0,,213,10,1037,,99233.37216886049,115311013.90225838,0.0,0.0,82,0.0
10-204-01039,BIHAR,Purbi Champaran,Dhaka,0,0,,213,10,1039,,97673.73467814895,202386545.86227983,0.0,0.0,145,0.0
10-204-01048,BIHAR,Purbi Champaran,Kalyanpur,0,0,,213,10,1048,,109413.20044555076,313300912.50613195,0.0,0.0,230,0.0
10-204-01040,BIHAR,Purbi Champaran,Chiraia,0,0,,213,10,1040,,110764.71696779084,272984575.32652414,0.0,0.0,199,0.0
10-204-01041,BIHAR,Purbi Champaran,Motihari,0,0,,213,10,1041,,181544.26702654368,319814691.13850176,0.0,0.0,241,0.0
10-204-01049,BIHAR,Purbi Champaran,Kotwa,0,0,,213,10,1049,,78879.98205471091,178282937.71225017,0.0,0.0,126,0.0
10-204-01042,BIHAR,Purbi Champaran,Turkaulia,0,0,,213,10,1042,,99475.78497366334,174748315.94966665,0.0,0.0,130,0.0
10-204-01050,BIHAR,Purbi Champaran,Piprakothi,0,0,,213,10,1050,,58369.33889310607,62223774.49301849,0.0,0.0,45,0.0
10-204-01043,BIHAR,Purbi Champaran,Harsidhi,0,0,,213,10,1043,,133904.34238337883,240218359.62130272,0.0,0.0,173,0.0
10-204-01044,BIHAR,Purbi Champaran,Paharpur,0,0,,213,10,1044,,108730.62076802726,192061375.0173064,0.0,0.0,144,0.0
10-204-01045,BIHAR,Purbi Champaran,Areraj,0,0,,213,10,1045,,93331.67353690567,242725576.26244012,0.0,0.0,174,0.0
10-204-01046,BIHAR,Purbi Champaran,Sangrampur,0,0,,213,10,1046,,78133.67961210197,187659878.02718252,0.0,0.0,133,0.0
10-204-01051,BIHAR,Purbi Champaran,Chakia(Pipra),0,0,,213,10,1051,,129110.66914194856,212940547.80779588,0.0,0.0,145,0.0
10-204-01052,BIHAR,Purbi Champaran,Pakri Dayal,0,0,,213,10,1052,,90143.40730437863,148110040.62869397,0.0,0.0,106,0.0
10-204-01053,BIHAR,Purbi Champaran,Patahi,0,0,,213,10,1053,,85994.51677214028,144960443.14880535,0.0,0.0,100,0.0
10-204-01055,BIHAR,Purbi Champaran,Madhuban,0,0,,213,10,1055,,112681.00006095257,152424272.44650427,0.0,0.0,114,0.0
10-204-01056,BIHAR,Purbi Champaran,Tetaria,0,0,,213,10,1056,,82320.72754353678,104458405.63845472,0.0,0.0,74,0.0
10-205-01058,BIHAR,Sheohar,Purnahiya,0,0,,220,10,1058,,57294.126150412616,80859097.14068061,0.0,0.0,59,0.0
10-204-01057,BIHAR,Purbi Champaran,Mehsi,0,0,,213,10,1057,,125063.78039343117,149773808.08158112,0.0,0.0,108,0.0
10-205-01059,BIHAR,Sheohar,Piprarhi,0,0,,220,10,1059,,105870.45511307275,104265216.9562483,0.0,0.0,77,0.0
10-205-01060,BIHAR,Sheohar,Sheohar,0,0,,220,10,1060,,81007.5322908237,115638983.35873616,0.0,0.0,83,0.0
10-205-01061,BIHAR,Sheohar,Dumri Katsari,0,0,,220,10,1061,,65038.65439014734,84655470.24819931,0.0,0.0,59,0.0
10-205-01062,BIHAR,Sheohar,Tariani Chowk,0,0,,220,10,1062,,97491.22869259815,171878914.60720828,0.0,0.0,126,0.0
10-206-01063,BIHAR,Sitamarhi,Bairgania,0,0,,221,10,1063,,59598.621146511534,94417571.99630062,0.0,0.0,70,0.0
10-206-01065,BIHAR,Sitamarhi,Majorganj,0,0,,221,10,1065,,62808.55729710282,95411217.42446172,0.0,0.0,68,0.0
10-206-01066,BIHAR,Sitamarhi,Sonbarsa,0,0,,221,10,1066,,92820.94699371175,224104085.6083578,0.0,0.0,155,0.0
10-206-01067,BIHAR,Sitamarhi,Parihar,0,0,,221,10,1067,,86838.20299610356,272812569.4060281,0.0,0.0,197,0.0
10-207-01095,BIHAR,Madhubani,Rajnagar,0,0,,206,10,1095,,78809.12744912357,223111125.2667772,0.0,0.0,158,0.0
10-206-01068,BIHAR,Sitamarhi,Sursand,0,0,,221,10,1068,,91215.71647520129,181412871.1123928,0.0,0.0,134,0.0
10-206-01069,BIHAR,Sitamarhi,Bathnaha,0,0,,221,10,1069,,120764.04051803834,251403523.12922087,0.0,0.0,185,0.0
10-206-01070,BIHAR,Sitamarhi,Riga,0,0,,221,10,1070,,129433.73210860479,163724219.02092636,0.0,0.0,114,0.0
10-210-01123,BIHAR,Kishanganj,Thakurganj,0,0,,203,10,1123,,224971.2940646554,491161543.46963537,0.0,0.0,353,0.0
10-210-01124,BIHAR,Kishanganj,Pothia,0,0,,203,10,1124,,167388.9118766352,443844792.4531903,0.0,0.0,321,0.0
10-210-01125,BIHAR,Kishanganj,Bahadurganj,0,0,,203,10,1125,,155296.13881782343,347494200.8377232,0.0,0.0,251,0.0
10-210-01126,BIHAR,Kishanganj,Kochadhamin,0,0,,203,10,1126,,139640.52665725534,360840233.8364798,0.0,0.0,258,0.0
10-211-01128,BIHAR,Purnia,Banmankhi,0,0,,214,10,1128,,142815.61519736593,459936087.34673214,0.0,0.0,333,0.0
10-206-01075,BIHAR,Sitamarhi,Bajpatti,0,0,,221,10,1075,,90407.29439213518,174303329.1783474,0.0,0.0,125,0.0
10-206-01076,BIHAR,Sitamarhi,Charaut,0,0,,221,10,1076,,85128.15752493152,91349700.81924292,0.0,0.0,62,0.0
10-206-01077,BIHAR,Sitamarhi,Pupri,0,0,,221,10,1077,,73992.24203369493,115338203.66308306,0.0,0.0,82,0.0
10-206-01078,BIHAR,Sitamarhi,Nanpur,0,0,,221,10,1078,,73315.01223618646,135892566.9983101,0.0,0.0,100,0.0
10-220-01283,BIHAR,Vaishali,Mahnar,0,0,,224,10,1283,,81638.1139853176,126474580.44313861,0.0,0.0,89,0.0
10-206-01079,BIHAR,Sitamarhi,Bokhara,0,0,,221,10,1079,,81978.13188098712,108574895.39827529,0.0,0.0,79,0.0
10-207-01080,BIHAR,Madhubani,Madhwapur,0,0,,206,10,1080,,88808.76172423853,137557654.90878707,0.0,0.0,103,0.0
10-207-01081,BIHAR,Madhubani,Harlakhi,0,0,,206,10,1081,,90217.76640094945,187441757.00046396,0.0,0.0,138,0.0
10-207-01082,BIHAR,Madhubani,Basopatti,0,0,,206,10,1082,,97634.90682970545,164238774.4639331,0.0,0.0,122,0.0
10-207-01089,BIHAR,Madhubani,Khajauli,0,0,,206,10,1089,,91171.28062794723,150968724.81279027,0.0,0.0,108,0.0
10-207-01083,BIHAR,Madhubani,Jainagar,0,0,,206,10,1083,,81489.61423509955,161880108.8306139,0.0,0.0,115,0.0
10-207-01090,BIHAR,Madhubani,Kaluahi,0,0,,206,10,1090,,62305.281593423286,101560283.08963235,0.0,0.0,75,0.0
10-207-01084,BIHAR,Madhubani,Ladania,0,0,,206,10,1084,,97928.14946240213,232665607.5684243,0.0,0.0,164,0.0
10-207-01085,BIHAR,Madhubani,Laukaha,0,0,,206,10,1085,,102032.19667129294,266340932.00179368,0.0,0.0,197,0.0
10-207-01086,BIHAR,Madhubani,Laukahi,0,0,,206,10,1086,,109679.24973352649,329223432.564553,0.0,0.0,237,0.0
10-207-01087,BIHAR,Madhubani,Phulparas,0,0,,206,10,1087,,117974.41186319289,199352334.8677591,0.0,0.0,140,0.0
10-207-01088,BIHAR,Madhubani,Babubarhi,0,0,,206,10,1088,,118996.04641992833,237192379.86086744,0.0,0.0,174,0.0
10-207-01091,BIHAR,Madhubani,Benipatti,0,0,,206,10,1091,,128414.2409747215,328987645.9449377,0.0,0.0,231,0.0
10-207-01092,BIHAR,Madhubani,Bisfi,0,0,,206,10,1092,,99754.46134559005,226192948.413646,0.0,0.0,165,0.0
10-207-01093,BIHAR,Madhubani,Madhubani,0,0,,206,10,1093,,109764.71764889831,200359220.56727448,0.0,0.0,142,0.0
10-207-01094,BIHAR,Madhubani,Pandaul,0,0,,206,10,1094,,102372.75527307783,208327489.63825428,0.0,0.0,148,0.0
10-207-01096,BIHAR,Madhubani,Andhratharhi,0,0,,206,10,1096,,97300.5167595078,186769445.10608673,0.0,0.0,134,0.0
10-207-01097,BIHAR,Madhubani,Jhanjharpur,0,0,,206,10,1097,,125261.96837896874,181284371.95402232,0.0,0.0,132,0.0
10-207-01098,BIHAR,Madhubani,Ghoghardiha,0,0,,206,10,1098,,114215.40677637524,211228851.4219488,0.0,0.0,159,0.0
10-207-01099,BIHAR,Madhubani,Lakhnaur,0,0,,206,10,1099,,72956.74167609161,146945623.14022,0.0,0.0,110,0.0
10-207-01100,BIHAR,Madhubani,Madhepur,0,0,,206,10,1100,,144505.38034518834,300452948.5687113,0.0,0.0,212,0.0
10-208-01101,BIHAR,Supaul,Nirmali,0,0,,223,10,1101,,123310.21889922836,162734364.67066902,0.0,0.0,118,0.0
10-208-01102,BIHAR,Supaul,Basantpur,0,0,,223,10,1102,,136288.63693043106,319456339.75100917,0.0,0.0,228,0.0
10-208-01103,BIHAR,Supaul,Chhatapur,0,0,,223,10,1103,,142271.17176584958,398825687.2446475,0.0,0.0,285,0.0
10-208-01104,BIHAR,Supaul,Pratapganj,0,0,,223,10,1104,,71155.69013184242,133032565.19323792,0.0,0.0,97,0.0
10-208-01105,BIHAR,Supaul,Raghopur,0,0,,223,10,1105,,111831.20983491397,255841046.48838165,0.0,0.0,187,0.0
10-221-01285,BIHAR,Samastipur,Warisnagar,0,0,,217,10,1285,,90241.30323013186,163846086.5162723,0.0,0.0,120,0.0
10-208-01106,BIHAR,Supaul,Saraigarh Bhaptiyahi,0,0,,223,10,1106,,105489.5116383213,257042943.27229512,0.0,0.0,189,0.0
10-208-01107,BIHAR,Supaul,Kishanpur,0,0,,223,10,1107,,125516.73810076228,248613546.3002807,0.0,0.0,177,0.0
10-208-01108,BIHAR,Supaul,Marauna,0,0,,223,10,1108,,114969.59778192453,206419565.01179272,0.0,0.0,149,0.0
10-208-01109,BIHAR,Supaul,Supaul,0,0,,223,10,1109,,122628.008173687,390920691.5720901,0.0,0.0,287,0.0
10-208-01110,BIHAR,Supaul,Pipra,0,0,,223,10,1110,,113516.78657800167,247320462.25611627,0.0,0.0,181,0.0
10-221-01287,BIHAR,Samastipur,Khanpur,0,0,,217,10,1287,,89337.20668890505,173313349.37261373,0.0,0.0,127,0.0
10-208-01111,BIHAR,Supaul,Tribeniganj,0,0,,223,10,1111,,136684.8917573132,402291551.99740016,0.0,0.0,290,0.0
10-209-01112,BIHAR,Araria,Narpatganj,0,0,,188,10,1112,,196352.82868709194,482872068.7863751,0.0,0.0,351,0.0
10-209-01113,BIHAR,Araria,Forbesganj,0,0,,188,10,1113,,165874.55860340688,546946456.996027,0.0,0.0,392,0.0
10-209-01114,BIHAR,Araria,Bhargama,0,0,,188,10,1114,,140909.75235341018,280499778.1128878,0.0,0.0,206,0.0
10-209-01115,BIHAR,Araria,Raniganj,0,0,,188,10,1115,,160625.61646677545,576910744.770993,0.0,0.0,418,0.0
10-209-01116,BIHAR,Araria,Araria,0,0,,188,10,1116,,192057.15187743204,506918787.2643526,0.0,0.0,371,0.0
10-209-01117,BIHAR,Araria,Kursakatta,0,0,,188,10,1117,,96566.38525637137,201032230.408231,0.0,0.0,147,0.0
10-209-01118,BIHAR,Araria,Sikti,0,0,,188,10,1118,,116798.35346995249,237753016.2819182,0.0,0.0,177,0.0
10-209-01119,BIHAR,Araria,Palasi,0,0,,188,10,1119,,132578.70192307016,306240761.34804773,0.0,0.0,222,0.0
10-209-01120,BIHAR,Araria,Jokihat,0,0,,188,10,1120,,155370.9524619173,341005127.7602247,0.0,0.0,246,0.0
10-210-01121,BIHAR,Kishanganj,Terhagachh,0,0,,203,10,1121,,121953.02658094271,245208326.38245347,0.0,0.0,175,0.0
10-210-01122,BIHAR,Kishanganj,Dighalbank,0,0,,203,10,1122,,147432.83262190674,314385668.4331173,0.0,0.0,224,0.0
10-211-01129,BIHAR,Purnia,Barhara,0,0,,214,10,1129,,111073.17449432175,288009141.38478667,0.0,0.0,212,0.0
10-211-01130,BIHAR,Purnia,Bhawanipur,0,0,,214,10,1130,,116656.34435182877,201938838.4795833,0.0,0.0,147,0.0
10-211-01131,BIHAR,Purnia,Rupauli,0,0,,214,10,1131,,113946.660566684,308195114.8462847,0.0,0.0,227,0.0
10-211-01132,BIHAR,Purnia,Dhamdaha,0,0,,214,10,1132,,135370.01293426772,446856166.039676,0.0,0.0,326,0.0
10-211-01133,BIHAR,Purnia,Krityanand Nagar,0,0,,214,10,1133,,149407.41850079046,364443041.21247435,0.0,0.0,274,0.0
10-211-01134,BIHAR,Purnia,Purnia East,0,0,,214,10,1134,,127662.13358515713,309272824.56310594,0.0,0.0,228,0.0
10-211-01135,BIHAR,Purnia,Kasba,0,0,,214,10,1135,,130095.64608516233,215123054.3424731,0.0,0.0,154,0.0
10-211-01136,BIHAR,Purnia,Srinagar,0,0,,214,10,1136,,106220.57404900706,172405807.6412187,0.0,0.0,122,0.0
10-211-01137,BIHAR,Purnia,Jalalgarh,0,0,,214,10,1137,,87146.39992638786,142107808.6772385,0.0,0.0,102,0.0
10-211-01138,BIHAR,Purnia,Amour,0,0,,214,10,1138,,141371.93624621196,307011870.96961224,0.0,0.0,225,0.0
10-211-01139,BIHAR,Purnia,Baisa,0,0,,214,10,1139,,132173.35304950457,275191667.549805,0.0,0.0,197,0.0
10-211-01140,BIHAR,Purnia,Baisi,0,0,,214,10,1140,,118169.54825440844,253873549.02719215,0.0,0.0,187,0.0
10-211-01141,BIHAR,Purnia,Dagarua,0,0,,214,10,1141,,129309.28146976323,257465778.6329552,0.0,0.0,180,0.0
10-212-01142,BIHAR,Katihar,Falka,0,0,,201,10,1142,,100518.70580952488,208374539.8829749,0.0,0.0,150,0.0
10-212-01143,BIHAR,Katihar,Korha,0,0,,201,10,1143,,137118.64195203967,368801327.90483874,0.0,0.0,273,0.0
10-212-01144,BIHAR,Katihar,Hasanganj,0,0,,201,10,1144,,78227.29832785497,86155111.41022065,0.0,0.0,62,0.0
10-212-01145,BIHAR,Katihar,Kadwa,0,0,,201,10,1145,,157692.68144088247,420129854.10490626,0.0,0.0,307,0.0
10-212-01146,BIHAR,Katihar,Balrampur,0,0,,201,10,1146,,141815.18317465586,216253207.31133217,0.0,0.0,151,0.0
10-212-01147,BIHAR,Katihar,Barsoi,0,0,,201,10,1147,,172308.8160052511,357713388.6445612,0.0,0.0,261,0.0
10-212-01148,BIHAR,Katihar,Azamnagar,0,0,,201,10,1148,,141791.77759222616,349759708.1212404,0.0,0.0,253,0.0
10-221-01290,BIHAR,Samastipur,Tajpur,0,0,,217,10,1290,,57166.77792153786,83856612.1105223,0.0,0.0,61,0.0
10-212-01149,BIHAR,Katihar,Pranpur,0,0,,201,10,1149,,111803.70370561493,191475637.62126103,0.0,0.0,141,0.0
10-212-01150,BIHAR,Katihar,Dandkhora,0,0,,201,10,1150,,70987.07501110679,111201189.06340708,0.0,0.0,81,0.0
10-212-01151,BIHAR,Katihar,Katihar,0,0,,201,10,1151,,76845.81968857624,136830037.77828172,0.0,0.0,100,0.0
10-212-01152,BIHAR,Katihar,Mansahi,0,0,,201,10,1152,,73279.06289841712,97405011.1871763,0.0,0.0,73,0.0
10-212-01155,BIHAR,Katihar,Kursela,0,0,,201,10,1155,,80348.39413748268,153683091.52761996,0.0,0.0,117,0.0
10-212-01153,BIHAR,Katihar,Barari,0,0,,201,10,1153,,107333.93297446336,407446973.1478653,0.0,0.0,292,0.0
10-212-01154,BIHAR,Katihar,Sameli,0,0,,201,10,1154,,75105.36277909,118027198.2496544,0.0,0.0,81,0.0
10-212-01156,BIHAR,Katihar,Manihari,0,0,,201,10,1156,,130162.81635074862,303859830.4099729,0.0,0.0,221,0.0
10-212-01157,BIHAR,Katihar,Amdabad,0,0,,201,10,1157,,103742.71814675455,228302986.79665467,0.0,0.0,164,0.0
10-213-01158,BIHAR,Madhepura,Gamharia,0,0,,205,10,1158,,80141.00377515821,125479849.27382244,0.0,0.0,89,0.0
10-213-01160,BIHAR,Madhepura,Ghailarh,0,0,,205,10,1160,,78865.70647224285,116219722.2388165,0.0,0.0,83,0.0
10-213-01159,BIHAR,Madhepura,Singheshwar,0,0,,205,10,1159,,111627.30849980874,111167268.35246354,0.0,0.0,78,0.0
10-216-01210,BIHAR,Muzaffarpur,Bandra,0,0,,208,10,1210,,74293.85759884378,142020443.31484023,0.0,0.0,103,0.0
10-213-01161,BIHAR,Madhepura,Madhepura,0,0,,205,10,1161,,115084.47931226583,237801277.85767865,0.0,0.0,175,0.0
10-213-01162,BIHAR,Madhepura,Shankarpur,0,0,,205,10,1162,,63984.56408470212,128790837.874554,0.0,0.0,94,0.0
10-213-01163,BIHAR,Madhepura,Kumarkhand,0,0,,205,10,1163,,118191.24796123093,316976886.68211347,0.0,0.0,230,0.0
10-213-01164,BIHAR,Madhepura,Murliganj,0,0,,205,10,1164,,94211.11378994165,247086114.21145928,0.0,0.0,179,0.0
10-221-01293,BIHAR,Samastipur,Mohanpur,0,0,,217,10,1293,,74468.46489139357,163000016.77407515,0.0,0.0,120,0.0
10-213-01165,BIHAR,Madhepura,Gwalpara,0,0,,205,10,1165,,78037.2495556277,147267353.58482873,0.0,0.0,109,0.0
10-214-01172,BIHAR,Saharsa,Satar Kataiya,0,0,,216,10,1172,,77878.75925155886,177382280.64763528,0.0,0.0,130,0.0
10-213-01166,BIHAR,Madhepura,Bihariganj,0,0,,205,10,1166,,79669.40805645821,133818744.70956944,0.0,0.0,98,0.0
10-216-01211,BIHAR,Muzaffarpur,Dholi (Moraul),0,0,,208,10,1211,,63030.361633940505,73298422.6275262,0.0,0.0,50,0.0
10-213-01167,BIHAR,Madhepura,Kishanganj,0,0,,205,10,1167,,99817.47531025465,188055937.5971522,0.0,0.0,133,0.0
10-216-01212,BIHAR,Muzaffarpur,Musahri,0,0,,208,10,1212,,211487.75457487197,365415439.5943066,0.0,0.0,267,0.0
10-213-01168,BIHAR,Madhepura,Puraini,0,0,,205,10,1168,,63416.842365887525,103114850.3546553,0.0,0.0,76,0.0
10-214-01174,BIHAR,Saharsa,Kahara,0,0,,216,10,1174,,81070.16203244023,176788302.3737116,0.0,0.0,128,0.0
10-213-01169,BIHAR,Madhepura,Alamnagar,0,0,,205,10,1169,,94357.42058114092,211989804.11375904,0.0,0.0,151,0.0
10-213-01170,BIHAR,Madhepura,Chausa,0,0,,205,10,1170,,87285.75133964,172516848.53860697,0.0,0.0,124,0.0
10-214-01171,BIHAR,Saharsa,Nauhatta,0,0,,216,10,1171,,93228.84620468391,212763144.21707585,0.0,0.0,151,0.0
10-217-01227,BIHAR,Gopalganj,Sidhwalia,0,0,,197,10,1227,,69457.48217743407,152022198.31601515,0.0,0.0,109,0.0
10-214-01173,BIHAR,Saharsa,Mahishi,0,0,,216,10,1173,,106372.46434789852,273075178.2794974,0.0,0.0,195,0.0
10-214-01175,BIHAR,Saharsa,Saur Bazar,0,0,,216,10,1175,,88121.22998090234,233228921.9025612,0.0,0.0,171,0.0
10-214-01176,BIHAR,Saharsa,Patarghat,0,0,,216,10,1176,,67497.21582029684,149681422.04156074,0.0,0.0,105,0.0
10-214-01177,BIHAR,Saharsa,Sonbarsa,0,0,,216,10,1177,,90185.02153799882,263952116.041209,0.0,0.0,193,0.0
10-216-01199,BIHAR,Muzaffarpur,Sahebganj,0,0,,208,10,1199,,80060.99972290538,253055918.70266867,0.0,0.0,189,0.0
10-214-01178,BIHAR,Saharsa,Simri Bakhtiarpur,0,0,,216,10,1178,,119116.35548129058,266466354.66217396,0.0,0.0,194,0.0
10-214-01179,BIHAR,Saharsa,Salkhua,0,0,,216,10,1179,,82412.26684571667,221182533.93573853,0.0,0.0,163,0.0
10-214-01180,BIHAR,Saharsa,Banma Itahri,0,0,,216,10,1180,,54286.501575749484,92822449.4552088,0.0,0.0,68,0.0
10-215-01181,BIHAR,Darbhanga,Jale,0,0,,195,10,1181,,112473.57051363293,234172285.01568127,0.0,0.0,171,0.0
10-215-01182,BIHAR,Darbhanga,Singhwara,0,0,,195,10,1182,,121368.62688362494,223279889.67870736,0.0,0.0,162,0.0
10-215-01183,BIHAR,Darbhanga,Keotiranway,0,0,,195,10,1183,,89515.08566239705,180205403.4644349,0.0,0.0,131,0.0
10-215-01184,BIHAR,Darbhanga,Darbhanga,0,0,,195,10,1184,,131883.04966973627,240721362.1475316,0.0,0.0,174,0.0
10-215-01185,BIHAR,Darbhanga,Manigachhi,0,0,,195,10,1185,,96856.01003306538,158887287.31255177,0.0,0.0,114,0.0
10-215-01186,BIHAR,Darbhanga,Tardih,0,0,,195,10,1186,,96398.42232606321,109520018.96976715,0.0,0.0,79,0.0
10-215-01187,BIHAR,Darbhanga,Alinagar,0,0,,195,10,1187,,105560.56246873255,146523357.5416611,0.0,0.0,105,0.0
10-215-01188,BIHAR,Darbhanga,Benipur,0,0,,195,10,1188,,118482.30854716274,204643530.87647069,0.0,0.0,150,0.0
10-215-01189,BIHAR,Darbhanga,Bahadurpur,0,0,,195,10,1189,,155637.00049509996,221161760.4253616,0.0,0.0,158,0.0
10-215-01190,BIHAR,Darbhanga,Hanumannagar,0,0,,195,10,1190,,114393.83215098479,181536916.32106537,0.0,0.0,130,0.0
10-215-01191,BIHAR,Darbhanga,Hayaghat,0,0,,195,10,1191,,66118.49929402806,108810529.75916524,0.0,0.0,77,0.0
10-215-01192,BIHAR,Darbhanga,Baheri,0,0,,195,10,1192,,128629.1579498372,271307286.95794886,0.0,0.0,195,0.0
10-215-01193,BIHAR,Darbhanga,Biraul,0,0,,195,10,1193,,135706.32971678255,230203939.26841983,0.0,0.0,167,0.0
10-215-01194,BIHAR,Darbhanga,Ghanshyampur,0,0,,195,10,1194,,76766.91373126305,103945643.9979024,0.0,0.0,78,0.0
10-215-01195,BIHAR,Darbhanga,Kiratpur,0,0,,195,10,1195,,78793.19278562842,78915927.53877336,0.0,0.0,60,0.0
10-215-01196,BIHAR,Darbhanga,Gora Bauram,0,0,,195,10,1196,,99804.03366816713,145653476.81698695,0.0,0.0,104,0.0
10-215-01197,BIHAR,Darbhanga,Kusheshwar Asthan,0,0,,195,10,1197,,87220.16498537568,144130520.9401011,0.0,0.0,107,0.0
10-215-01198,BIHAR,Darbhanga,Kusheshwar Asthan Purbi,0,0,,195,10,1198,,91858.86035222423,150084285.43545517,0.0,0.0,112,0.0
10-216-01200,BIHAR,Muzaffarpur,Baruraj (Motipur),0,0,,208,10,1200,,125110.13599018812,365259305.4740948,0.0,0.0,263,0.0
10-216-01201,BIHAR,Muzaffarpur,Paroo,0,0,,208,10,1201,,136934.87791145188,413033977.3448192,0.0,0.0,295,0.0
10-216-01202,BIHAR,Muzaffarpur,Saraiya,0,0,,208,10,1202,,155820.80051537574,301402655.1404849,0.0,0.0,218,0.0
10-216-01203,BIHAR,Muzaffarpur,Marwan,0,0,,208,10,1203,,84959.92762229654,138736310.53842777,0.0,0.0,101,0.0
10-216-01204,BIHAR,Muzaffarpur,Kanti,0,0,,208,10,1204,,97122.90469976026,124757584.36625764,0.0,0.0,91,0.0
10-216-01205,BIHAR,Muzaffarpur,Minapur,0,0,,208,10,1205,,166218.11946715685,316124209.98756105,0.0,0.0,228,0.0
10-216-01206,BIHAR,Muzaffarpur,Bochaha,0,0,,208,10,1206,,126044.68100944142,233148755.94160384,0.0,0.0,167,0.0
10-216-01207,BIHAR,Muzaffarpur,Aurai,0,0,,208,10,1207,,101267.16719990574,247748190.77792475,0.0,0.0,177,0.0
10-216-01208,BIHAR,Muzaffarpur,Katra,0,0,,208,10,1208,,118891.9342746819,235108975.17115793,0.0,0.0,171,0.0
10-216-01209,BIHAR,Muzaffarpur,Gaighat,0,0,,208,10,1209,,111008.49869520529,259762671.68662548,0.0,0.0,191,0.0
10-216-01213,BIHAR,Muzaffarpur,Kurhani,0,0,,208,10,1213,,108106.10574110712,256354911.2077163,0.0,0.0,187,0.0
10-216-01214,BIHAR,Muzaffarpur,Sakra,0,0,,208,10,1214,,105121.4777371614,236360031.18726787,0.0,0.0,175,0.0
10-217-01215,BIHAR,Gopalganj,Katiya,0,0,,197,10,1215,,94755.55253264701,158441587.458013,5.922847290039063e-06,4.653665727887835e-06,112,0.0005212105615234376
10-217-01216,BIHAR,Gopalganj,Bijaipur,0,0,,197,10,1216,,81309.59717969262,163112176.36717936,5.922847290039063e-06,5.922847290039063e-06,120,0.0007107416748046876
10-217-01217,BIHAR,Gopalganj,Bhorey,0,0,,197,10,1217,,78790.65552761848,196013266.46535653,5.922847290039063e-06,3.0848162968953455e-06,144,0.00044421354675292977
10-217-01218,BIHAR,Gopalganj,Pach Deuri,0,0,,197,10,1218,,53698.212932643866,118295317.11973979,0.0,0.0,85,0.0
10-217-01219,BIHAR,Gopalganj,Kuchaikote,0,0,,197,10,1219,,101077.28158428885,316078491.04748106,0.0,0.0,226,0.0
10-217-01220,BIHAR,Gopalganj,Phulwaria,0,0,,197,10,1220,,81339.22200232239,118763292.85091434,0.0,0.0,89,0.0
10-217-01221,BIHAR,Gopalganj,Hathua,0,0,,197,10,1221,,91546.96202775641,183613061.83342972,0.0,0.0,127,0.0
10-217-01222,BIHAR,Gopalganj,Uchkagaon,0,0,,197,10,1222,,80102.93001981139,142235093.67043933,0.0,0.0,106,0.0
10-217-01223,BIHAR,Gopalganj,Thawe,0,0,,197,10,1223,,57244.55575246375,89300191.60424533,0.0,0.0,64,0.0
10-217-01224,BIHAR,Gopalganj,Gopalganj,0,0,,197,10,1224,,110313.13172782106,244420793.60160467,0.0,0.0,182,0.0
10-218-01232,BIHAR,Siwan,Goriakothi,0,0,,222,10,1232,,73201.39147651673,174963939.23516312,0.0,0.0,127,0.0
10-217-01225,BIHAR,Gopalganj,Manjha,0,0,,197,10,1225,,80242.78538873792,179389027.9828925,0.0,0.0,131,0.0
10-217-01226,BIHAR,Gopalganj,Barauli,0,0,,197,10,1226,,105754.79057670098,232227972.12586737,0.0,0.0,170,0.0
10-217-01228,BIHAR,Gopalganj,Baikunthpur,0,0,,197,10,1228,,97825.58906166903,256614409.24172768,0.0,0.0,185,0.0
10-218-01229,BIHAR,Siwan,Nautan,0,0,,222,10,1229,,58324.35348563096,81827813.66620097,0.0,0.0,58,0.0
10-218-01230,BIHAR,Siwan,Siwan,0,0,,222,10,1230,,92599.06904644772,168879532.28230655,0.0,0.0,118,0.0
10-218-01235,BIHAR,Siwan,Bhagwanpur Hat,0,0,,222,10,1235,,86430.4184146014,189582799.91524476,0.0,0.0,138,0.0
10-218-01231,BIHAR,Siwan,Barharia,0,0,,222,10,1231,,90315.6629531122,219606934.01516393,0.0,0.0,160,0.0
10-218-01233,BIHAR,Siwan,Lakri Nabiganj,0,0,,222,10,1233,,79648.98713303795,120773104.6039552,0.0,0.0,88,0.0
10-218-01234,BIHAR,Siwan,Basantpur,0,0,,222,10,1234,,57871.378293950496,76675463.02480637,0.0,0.0,56,0.0
10-218-01236,BIHAR,Siwan,Maharajganj,0,0,,222,10,1236,,119387.58843212528,142817377.5161484,0.0,0.0,103,0.0
10-218-01237,BIHAR,Siwan,Pachrukhi,0,0,,222,10,1237,,99183.2392802834,160709761.40986398,0.0,0.0,117,0.0
10-218-01238,BIHAR,Siwan,Hussainganj,0,0,,222,10,1238,,68784.84800107122,105975934.30464326,0.0,0.0,74,0.0
10-218-01239,BIHAR,Siwan,Ziradei,0,0,,222,10,1239,,98825.50869312549,152221780.48504183,0.0,0.0,111,0.0
10-218-01240,BIHAR,Siwan,Mairwa,0,0,,222,10,1240,,65279.2242200428,88898123.37504825,1.4224609374999999e-05,6.465731534090909e-07,66,4.2673828125e-05
10-218-01242,BIHAR,Siwan,Darauli,0,0,,222,10,1242,,90305.00161970501,214758375.6239279,2.5212019042968752e-05,6.0563153036794365e-06,155,0.0009387288720703127
10-218-01241,BIHAR,Siwan,Guthani,0,0,,222,10,1241,,78778.78773845347,115110806.99004474,1.4224609374999999e-05,1.3183784298780484e-05,82,0.0010810703124999998
10-219-01248,BIHAR,Saran,Mashrakh,0,0,,218,10,1248,,82075.7710341599,165898243.02109933,0.0,0.0,121,0.0
10-218-01243,BIHAR,Siwan,Andar,0,0,,222,10,1243,,83358.60866933218,125625010.62434034,0.0,0.0,87,0.0
10-219-01249,BIHAR,Saran,Panapur,0,0,,218,10,1249,,75875.09329534958,182360909.7404776,0.0,0.0,128,0.0
10-218-01244,BIHAR,Siwan,Raghunathpur,0,0,,222,10,1244,,87824.68008836384,193566358.3438411,0.0,0.0,143,0.0
10-219-01250,BIHAR,Saran,Taraiya,0,0,,218,10,1250,,53629.0613522338,97307015.09151264,0.0,0.0,74,0.0
10-218-01245,BIHAR,Siwan,Hasanpura,0,0,,222,10,1245,,82786.09108287447,121956119.03175904,0.0,0.0,87,0.0
10-219-01251,BIHAR,Saran,Ishupur,0,0,,218,10,1251,,62425.60798229613,109300191.56908256,0.0,0.0,76,0.0
10-218-01246,BIHAR,Siwan,Daraundha,0,0,,222,10,1246,,105400.53795370483,157911066.26165873,0.0,0.0,115,0.0
10-219-01256,BIHAR,Saran,Jalalpur,0,0,,218,10,1256,,65042.73641147566,147549697.72689733,0.0,0.0,106,0.0
10-218-01247,BIHAR,Siwan,Siswan,0,0,,222,10,1247,,98184.39847010886,155554872.77293277,0.0,0.0,111,0.0
10-219-01259,BIHAR,Saran,Nagra,0,0,,218,10,1259,,43289.948409307304,65110006.46242106,0.0,0.0,47,0.0
10-219-01252,BIHAR,Saran,Baniapur,0,0,,218,10,1252,,89199.8841803021,219417775.87250236,0.0,0.0,163,0.0
10-219-01253,BIHAR,Saran,Lahladpur,0,0,,218,10,1253,,49287.19248841685,70233795.44130237,0.0,0.0,50,0.0
10-219-01254,BIHAR,Saran,Ekma,0,0,,218,10,1254,,99716.17236158185,176114988.01319405,0.0,0.0,128,0.0
10-219-01255,BIHAR,Saran,Manjhi,0,0,,218,10,1255,,127085.43562979231,244607530.98349065,0.0,0.0,180,0.0
10-219-01257,BIHAR,Saran,Revelganj,0,0,,218,10,1257,,84877.1419542779,179359801.45379385,0.0,0.0,125,0.0
10-219-01258,BIHAR,Saran,Chapra,0,0,,218,10,1258,,119729.94798472138,239470568.44351175,0.0,0.0,176,0.0
10-219-01260,BIHAR,Saran,Marhaura,0,0,,218,10,1260,,87240.95030017926,190752130.05196184,0.0,0.0,137,0.0
10-219-01261,BIHAR,Saran,Amnour,0,0,,218,10,1261,,94922.90618840617,160109081.4065653,0.0,0.0,118,0.0
10-219-01263,BIHAR,Saran,Parsa,0,0,,218,10,1263,,85595.91054800974,122749042.93573296,0.0,0.0,88,0.0
10-219-01266,BIHAR,Saran,Dighwara,0,0,,218,10,1266,,81943.45164265168,101347015.6655549,0.0,0.0,72,0.0
10-219-01264,BIHAR,Saran,Dariapur,0,0,,218,10,1264,,115477.27251924115,281302380.67878103,0.0,0.0,202,0.0
10-219-01265,BIHAR,Saran,Garkha,0,0,,218,10,1265,,90147.74693968748,213336409.9887166,0.0,0.0,154,0.0
10-220-01269,BIHAR,Vaishali,Paterhi Belsar,0,0,,224,10,1269,,56227.36197278124,93522597.26160131,0.0,0.0,69,0.0
10-219-01267,BIHAR,Saran,Sonepur,0,0,,218,10,1267,,70412.64000247594,214865144.18564072,0.0,0.0,162,0.0
10-220-01268,BIHAR,Vaishali,Vaishali,0,0,,224,10,1268,,72706.90824879723,158663399.21103516,0.0,0.0,114,0.0
10-220-01270,BIHAR,Vaishali,Lalganj,0,0,,224,10,1270,,89595.71916906572,184177988.41986412,0.0,0.0,133,0.0
10-221-01294,BIHAR,Samastipur,Mohiuddinagar,0,0,,217,10,1294,,80607.53716768604,178536106.2701614,0.0,0.0,130,0.0
10-220-01271,BIHAR,Vaishali,Bhagwanpur,0,0,,224,10,1271,,98965.72708266653,142473218.81446454,0.0,0.0,102,0.0
10-220-01272,BIHAR,Vaishali,Goraul,0,0,,224,10,1272,,101989.77906286377,122446101.92943335,0.0,0.0,87,0.0
10-220-01273,BIHAR,Vaishali,Chehra Kalan,0,0,,224,10,1273,,63204.34388206024,89818122.94593617,0.0,0.0,66,0.0
10-220-01277,BIHAR,Vaishali,Raja Pakar,0,0,,224,10,1277,,58946.08844196175,93673217.82917874,0.0,0.0,72,0.0
10-220-01274,BIHAR,Vaishali,Patepur,0,0,,224,10,1274,,118180.33822078991,317029999.71255994,0.0,0.0,234,0.0
10-220-01275,BIHAR,Vaishali,Mahua,0,0,,224,10,1275,,86273.82517515696,171155586.12447235,0.0,0.0,125,0.0
10-220-01276,BIHAR,Vaishali,Jandaha,0,0,,224,10,1276,,99044.76663725945,179891527.10359335,0.0,0.0,128,0.0
10-220-01278,BIHAR,Vaishali,Hajipur,0,0,,224,10,1278,,80048.24731377292,194916759.16986817,0.0,0.0,140,0.0
10-220-01280,BIHAR,Vaishali,Bidupur,0,0,,224,10,1280,,88122.3198685409,139375575.9420912,0.0,0.0,99,0.0
10-220-01279,BIHAR,Vaishali,Raghopur,0,0,,224,10,1279,,128641.49950069311,338499790.0832371,0.0,0.0,246,0.0
10-220-01281,BIHAR,Vaishali,Desri,0,0,,224,10,1281,,50183.809114488824,56627949.53624974,0.0,0.0,43,0.0
10-221-01284,BIHAR,Samastipur,Kalyanpur,0,0,,217,10,1284,,147387.26660455638,294821482.9966942,0.0,0.0,214,0.0
10-221-01286,BIHAR,Samastipur,Shivaji Nagar,0,0,,217,10,1286,,96209.25031894707,172333979.18990555,0.0,0.0,130,0.0
10-221-01288,BIHAR,Samastipur,Samastipur,0,0,,217,10,1288,,112474.97484539819,170577777.20953664,0.0,0.0,123,0.0
10-221-01289,BIHAR,Samastipur,Pusa,0,0,,217,10,1289,,64081.7615729533,95008289.7510354,0.0,0.0,65,0.0
10-221-01291,BIHAR,Samastipur,Morwa,0,0,,217,10,1291,,104551.97847793197,152111293.7773472,0.0,0.0,106,0.0
10-221-01292,BIHAR,Samastipur,Patori,0,0,,217,10,1292,,69422.25062895294,130638318.44440164,0.0,0.0,93,0.0
10-221-01295,BIHAR,Samastipur,Sarairanjan,0,0,,217,10,1295,,96463.23467310029,185572344.2706523,0.0,0.0,145,0.0
10-221-01296,BIHAR,Samastipur,Vidyapati Nagar,0,0,,217,10,1296,,62930.2690484309,106322816.42401849,0.0,0.0,75,0.0
10-221-01297,BIHAR,Samastipur,Dalsinghsarai,0,0,,217,10,1297,,80515.23552986495,118201268.21451648,0.0,0.0,89,0.0
10-221-01298,BIHAR,Samastipur,Ujiarpur,0,0,,217,10,1298,,81756.09445970641,209497824.1015558,0.0,0.0,149,0.0
10-221-01300,BIHAR,Samastipur,Rosera,0,0,,217,10,1300,,84599.34785899956,138535375.895554,0.0,0.0,97,0.0
10-221-01299,BIHAR,Samastipur,Bibhutpur,0,0,,217,10,1299,,96600.53522783429,258332531.194082,0.0,0.0,187,0.0
10-221-01301,BIHAR,Samastipur,Singhia,0,0,,217,10,1301,,76055.88015393679,178639507.67998633,0.0,0.0,128,0.0
10-222-01307,BIHAR,Begusarai,Cheria Bariarpur,0,0,,191,10,1307,,80422.0696045629,127840547.1243011,0.0,0.0,89,0.0
10-221-01302,BIHAR,Samastipur,Hasanpur,0,0,,217,10,1302,,122795.93417076243,188091095.39019313,0.0,0.0,138,0.0
10-221-01303,BIHAR,Samastipur,Bithan,0,0,,217,10,1303,,72838.55780104545,149849875.79630712,0.0,0.0,109,0.0
10-222-01304,BIHAR,Begusarai,Khudabandpur,0,0,,191,10,1304,,49522.71992212785,59617610.47663844,0.0,0.0,39,0.0
10-222-01305,BIHAR,Begusarai,Chhorahi,0,0,,191,10,1305,,96201.09768359947,128309829.49376953,0.0,0.0,94,0.0
10-222-01306,BIHAR,Begusarai,Garhpura,0,0,,191,10,1306,,69581.28073662621,88651595.91159394,0.0,0.0,68,0.0
10-222-01308,BIHAR,Begusarai,Bhagwanpur,0,0,,191,10,1308,,102620.52088176137,147276258.21886113,0.0,0.0,106,0.0
10-223-01324,BIHAR,Khagaria,Mansi,0,0,,202,10,1324,,70720.37786012898,86151878.56106131,0.0,0.0,69,0.0
10-222-01309,BIHAR,Begusarai,Mansurchak,0,0,,191,10,1309,,55538.61039021854,42158333.283958256,0.0,0.0,31,0.0
10-224-01333,BIHAR,Bhagalpur,Rangra Chowk,0,0,,192,10,1333,,56200.86409227388,97946271.45940188,0.0,0.0,71,0.0
10-222-01310,BIHAR,Begusarai,Bachhwara,0,0,,191,10,1310,,112893.55520851951,186501763.14040864,0.0,0.0,138,0.0
10-222-01311,BIHAR,Begusarai,Teghra,0,0,,191,10,1311,,93442.93751421869,180050069.66821858,0.0,0.0,129,0.0
10-222-01312,BIHAR,Begusarai,Barauni,0,0,,191,10,1312,,90573.71511882372,141812926.41245717,0.0,0.0,102,0.0
10-222-01313,BIHAR,Begusarai,Birpur,0,0,,191,10,1313,,69057.86510087451,64693086.30641256,0.0,0.0,53,0.0
10-222-01314,BIHAR,Begusarai,Begusarai,0,0,,191,10,1314,,114572.02827886646,273941103.5239774,0.0,0.0,200,0.0
10-222-01315,BIHAR,Begusarai,Naokothi,0,0,,191,10,1315,,61794.845266753924,91575422.87048158,0.0,0.0,64,0.0
10-222-01316,BIHAR,Begusarai,Bakhri,0,0,,191,10,1316,,74902.13049058078,94921186.04856166,0.0,0.0,66,0.0
10-222-01317,BIHAR,Begusarai,Dandari,0,0,,191,10,1317,,77075.31892237118,85364223.36403492,0.0,0.0,65,0.0
10-222-01318,BIHAR,Begusarai,Sahebpur Kamal,0,0,,191,10,1318,,97820.3506924087,179327758.1582562,0.0,0.0,131,0.0
10-222-01319,BIHAR,Begusarai,Balia,0,0,,191,10,1319,,95726.56851828664,181873531.04775092,0.0,0.0,133,0.0
10-222-01320,BIHAR,Begusarai,Matihani,0,0,,191,10,1320,,104199.58891726227,214311339.790948,0.0,0.0,157,0.0
10-222-01321,BIHAR,Begusarai,Shamho Akha Kurha,0,0,,191,10,1321,,47884.70174269599,82130306.58899558,0.0,0.0,58,0.0
10-223-01322,BIHAR,Khagaria,Alauli,0,0,,202,10,1322,,117176.16085281859,337532903.06560946,0.0,0.0,244,0.0
10-223-01323,BIHAR,Khagaria,Khagaria,0,0,,202,10,1323,,164255.4907534744,325761754.1557925,0.0,0.0,229,0.0
10-223-01325,BIHAR,Khagaria,Chautham,0,0,,202,10,1325,,88833.5659059585,205164632.7891582,0.0,0.0,148,0.0
10-228-01376,BIHAR,Sheikhpura,Chewara,0,0,,219,10,1376,,77279.14911837938,141385828.1075451,0.0,0.0,103,0.0
10-223-01326,BIHAR,Khagaria,Beldaur,0,0,,202,10,1326,,101449.44415348554,276820454.1841197,0.0,0.0,203,0.0
10-223-01327,BIHAR,Khagaria,Gogri,0,0,,202,10,1327,,109725.85953588395,321971045.3784509,0.0,0.0,231,0.0
10-223-01328,BIHAR,Khagaria,Parbatta,0,0,,202,10,1328,,89952.53209418767,286770838.53234714,0.0,0.0,215,0.0
10-224-01329,BIHAR,Bhagalpur,Narayanpur,0,0,,192,10,1329,,96964.50839109154,173637043.38008544,0.0,0.0,125,0.0
10-224-01330,BIHAR,Bhagalpur,Bihpur,0,0,,192,10,1330,,98960.16392998041,189427956.2070791,0.0,0.0,141,0.0
10-234-01472,BIHAR,Rohtas,Akorhi Gola,0,0,,215,10,1472,,71741.57946050014,124356844.03544964,0.0,0.0,94,0.0
10-224-01331,BIHAR,Bhagalpur,Kharik,0,0,,192,10,1331,,103106.05203500649,169292223.68779984,0.0,0.0,125,0.0
10-224-01332,BIHAR,Bhagalpur,Naugachhia,0,0,,192,10,1332,,91833.23423872421,134223697.96961665,0.0,0.0,95,0.0
10-224-01335,BIHAR,Bhagalpur,Pirpainti,0,0,,192,10,1335,,138631.2255747686,411429376.6216011,0.0,0.0,294,0.0
10-224-01336,BIHAR,Bhagalpur,Kahalgaon,0,0,,192,10,1336,,128722.99744742387,352186242.20537144,0.0,0.0,255,0.0
10-224-01337,BIHAR,Bhagalpur,Ismailpur,0,0,,192,10,1337,,66332.03197363381,102752037.41138108,0.0,0.0,75,0.0
10-224-01338,BIHAR,Bhagalpur,Sabour,0,0,,192,10,1338,,85492.0541239663,141198925.34276122,0.0,0.0,102,0.0
10-226-01359,BIHAR,Munger,Dharhara,0,0,,207,10,1359,,105188.90103685112,355220468.750446,0.0,0.0,262,0.0
10-224-01339,BIHAR,Bhagalpur,Nathnagar,0,0,,192,10,1339,,105259.93673308079,163498377.60317266,0.0,0.0,117,0.0
10-226-01360,BIHAR,Munger,Kharagpur,0,0,,207,10,1360,,169586.30903503796,398589433.5102216,0.0,0.0,291,0.0
10-224-01340,BIHAR,Bhagalpur,Sultanganj,0,0,,192,10,1340,,139861.1879796442,266407467.3450057,0.0,0.0,198,0.0
10-224-01341,BIHAR,Bhagalpur,Shahkund,0,0,,192,10,1341,,93276.90256650816,208798734.37786233,0.0,0.0,153,0.0
10-224-01342,BIHAR,Bhagalpur,Goradih,0,0,,192,10,1342,,106918.08891287447,178026414.43832883,0.0,0.0,128,0.0
10-224-01343,BIHAR,Bhagalpur,Jagdishpur,0,0,,192,10,1343,,107045.71303668506,127447147.46016994,0.0,0.0,95,0.0
10-224-01344,BIHAR,Bhagalpur,Sonhaula,0,0,,192,10,1344,,84463.86530366821,214425428.57327408,0.0,0.0,160,0.0
10-225-01345,BIHAR,Banka,Shambhuganj,0,0,,190,10,1345,,85765.27415008907,217970788.89652416,0.0,0.0,157,0.0
10-225-01346,BIHAR,Banka,Amarpur,0,0,,190,10,1346,,98000.87839154692,234663534.19316816,0.0,0.0,176,0.0
10-225-01347,BIHAR,Banka,Rajaun,0,0,,190,10,1347,,86718.04358754268,242814641.5593075,0.0,0.0,179,0.0
10-226-01363,BIHAR,Munger,Tetiha Bambor,0,0,,207,10,1363,,73286.15332623897,95190725.80042528,0.0,0.0,70,0.0
10-225-01348,BIHAR,Banka,Dhuraiya,0,0,,190,10,1348,,106681.6377356153,285703540.38620996,0.0,0.0,208,0.0
10-225-01349,BIHAR,Banka,Barahat,0,0,,190,10,1349,,122910.23058217819,181202001.14064544,0.0,0.0,129,0.0
10-225-01350,BIHAR,Banka,Banka,0,0,,190,10,1350,,137083.07375503817,365153241.48788345,0.0,0.0,275,0.0
10-225-01351,BIHAR,Banka,Phulidumar,0,0,,190,10,1351,,117105.67306472127,248400685.45023423,0.0,0.0,176,0.0
10-225-01352,BIHAR,Banka,Belhar,0,0,,190,10,1352,,118426.40149548957,290570448.277483,2.3535531616210937e-06,2.419540633442246e-07,214,5.177816955566406e-05
10-225-01353,BIHAR,Banka,Chanan,0,0,,190,10,1353,,169565.08902723462,550876204.0147796,7.531402587890626e-06,1.7717095462619225e-06,403,0.0007139989471435548
10-225-01354,BIHAR,Banka,Katoria,0,0,,190,10,1354,,180268.89530762268,687665367.2781417,5.388482666015625e-06,4.615632562523344e-07,502,0.00023170475463867187
10-225-01355,BIHAR,Banka,Bausi,0,0,,190,10,1355,,109314.78149810205,385846183.7170387,0.0,0.0,284,0.0
10-226-01356,BIHAR,Munger,Munger,0,0,,207,10,1356,,162390.1628928388,306519605.49277806,0.0,0.0,227,0.0
10-226-01357,BIHAR,Munger,Bariarpur,0,0,,207,10,1357,,122433.4478606843,198040113.63802013,0.0,0.0,143,0.0
10-226-01358,BIHAR,Munger,Jamalpur,0,0,,207,10,1358,,72817.19566814511,112971204.64248075,0.0,0.0,79,0.0
10-226-01361,BIHAR,Munger,Asarganj,0,0,,207,10,1361,,61173.52838786665,72491453.98190036,0.0,0.0,52,0.0
10-226-01362,BIHAR,Munger,Tarapur,0,0,,207,10,1362,,54416.57713098438,86962445.68425661,0.0,0.0,62,0.0
10-226-01364,BIHAR,Munger,Sangrampur,0,0,,207,10,1364,,71205.18318302365,105786037.21986651,0.0,0.0,80,0.0
10-227-01366,BIHAR,Lakhisarai,Pipariya,0,0,,204,10,1366,,87968.2901826016,106258171.87143916,0.0,0.0,76,0.0
10-227-01365,BIHAR,Lakhisarai,Barahiya,0,0,,204,10,1365,,95965.48426593257,248505135.43154767,0.0,0.0,179,0.0
10-227-01367,BIHAR,Lakhisarai,Surajgarha,0,0,,204,10,1367,,140312.1609931406,462726462.37366486,0.0,0.0,340,0.0
10-227-01368,BIHAR,Lakhisarai,Lakhisarai,0,0,,204,10,1368,,117670.76745524361,181316338.94823277,0.0,0.0,133,0.0
10-227-01369,BIHAR,Lakhisarai,Chanan*,0,0,,204,10,1369,,86014.87070350182,177670731.10250506,0.0,0.0,128,0.0
10-228-01375,BIHAR,Sheikhpura,Ghat Kusumbha,0,0,,219,10,1375,,80592.24583619394,99088070.68237934,0.0,0.0,70,0.0
10-227-01370,BIHAR,Lakhisarai,Ramgarh Chowk,0,0,,204,10,1370,,98990.57354622113,128567389.13844268,0.0,0.0,94,0.0
10-227-01371,BIHAR,Lakhisarai,Halsi,0,0,,204,10,1371,,82594.8188222393,191441208.6304817,0.0,0.0,139,0.0
10-228-01372,BIHAR,Sheikhpura,Barbigha,0,0,,219,10,1372,,83879.7675047183,115941853.486741,0.0,0.0,81,0.0
10-228-01373,BIHAR,Sheikhpura,Shekhopur Sarai,0,0,,219,10,1373,,59774.96229914819,65955650.61796794,0.0,0.0,45,0.0
10-228-01374,BIHAR,Sheikhpura,Sheikhpura,0,0,,219,10,1374,,119718.3677454689,225551054.81458032,0.0,0.0,170,0.0
10-228-01377,BIHAR,Sheikhpura,Ariari,0,0,,219,10,1377,,87552.5859976097,183445963.63454768,0.0,0.0,137,0.0
10-229-01378,BIHAR,Nalanda,Karai Parsurai,0,0,,209,10,1378,,58523.47447411047,82148146.79064696,0.0,0.0,60,0.0
10-229-01379,BIHAR,Nalanda,Nagar Nausa,0,0,,209,10,1379,,82570.35159490984,108015836.82811198,0.0,0.0,80,0.0
10-229-01380,BIHAR,Nalanda,Harnaut,0,0,,209,10,1380,,124869.90123154312,224385440.0517296,0.0,0.0,161,0.0
10-229-01381,BIHAR,Nalanda,Chandi,0,0,,209,10,1381,,70527.81459673235,147156102.481168,0.0,0.0,109,0.0
10-229-01382,BIHAR,Nalanda,Rahui,0,0,,209,10,1382,,77076.6108369453,152249665.90613127,0.0,0.0,108,0.0
10-229-01383,BIHAR,Nalanda,Bind,0,0,,209,10,1383,,70364.80140905235,88091657.81671415,0.0,0.0,66,0.0
10-229-01384,BIHAR,Nalanda,Sarmera,0,0,,209,10,1384,,91044.34634338948,167201876.42476654,0.0,0.0,123,0.0
10-229-01385,BIHAR,Nalanda,Asthawan,0,0,,209,10,1385,,92263.18064708126,171325630.7179731,0.0,0.0,125,0.0
10-229-01387,BIHAR,Nalanda,Noorsarai,0,0,,209,10,1387,,78528.62700534344,151514769.88009417,0.0,0.0,114,0.0
10-229-01386,BIHAR,Nalanda,Bihar,0,0,,209,10,1386,,98561.8371020671,215840179.0991975,0.0,0.0,160,0.0
10-229-01390,BIHAR,Nalanda,Hilsa,0,0,,209,10,1390,,93433.88804652911,175765721.10991755,0.0,0.0,131,0.0
10-229-01391,BIHAR,Nalanda,Ekangarsarai,0,0,,209,10,1391,,87121.32234693572,166605847.460251,0.0,0.0,122,0.0
10-229-01392,BIHAR,Nalanda,Islampur,0,0,,209,10,1392,,109868.69145522316,273834151.4326934,0.0,0.0,194,0.0
10-229-01393,BIHAR,Nalanda,Ben,0,0,,209,10,1393,,66947.54721379357,127526149.56798536,0.0,0.0,94,0.0
10-230-01398,BIHAR,Patna,Maner,0,0,,212,10,1398,,96133.56350709034,213315300.3597084,0.0,0.0,154,0.0
10-229-01394,BIHAR,Nalanda,Rajgir,0,0,,209,10,1394,,88740.45664753366,198129288.77271983,0.0,0.0,147,0.0
10-229-01395,BIHAR,Nalanda,Silao,0,0,,209,10,1395,,79220.42929786978,154752836.13944647,0.0,0.0,114,0.0
10-229-01396,BIHAR,Nalanda,Giriak,0,0,,209,10,1396,,88347.46773236175,99576022.5731765,0.0,0.0,73,0.0
10-229-01397,BIHAR,Nalanda,Katrisarai,0,0,,209,10,1397,,38918.76300208476,48673462.28309288,0.0,0.0,36,0.0
10-230-01399,BIHAR,Patna,Dinapur-Cum-Khagaul,0,0,,212,10,1399,,78598.21354533077,184765788.04152673,0.0,0.0,135,0.0
10-234-01474,BIHAR,Rohtas,Tilouthu,0,0,,215,10,1474,,73885.57639601533,193504401.97342023,0.0,0.0,140,0.0
10-230-01400,BIHAR,Patna,Patna Rural,0,0,,212,10,1400,,87518.10425735511,179850223.48881748,0.0,0.0,131,0.0
10-230-01401,BIHAR,Patna,Sampatchak,0,0,,212,10,1401,,53219.7118618291,78902366.60372826,0.0,0.0,57,0.0
10-230-01406,BIHAR,Patna,Dulhin Bazar,0,0,,212,10,1406,,77792.54009458271,136539622.4680228,0.0,0.0,99,0.0
10-230-01402,BIHAR,Patna,Phulwari,0,0,,212,10,1402,,70659.26045014715,135940825.49713776,0.0,0.0,96,0.0
10-230-01413,BIHAR,Patna,Khusrupur,0,0,,212,10,1413,,46143.60198551767,78201544.387751,0.0,0.0,58,0.0
10-230-01403,BIHAR,Patna,Bihta,0,0,,212,10,1403,,116564.9809665079,244879174.98088208,0.0,0.0,182,0.0
10-230-01415,BIHAR,Patna,Athmalgola,0,0,,212,10,1415,,47997.69261940102,62827293.65665197,0.0,0.0,47,0.0
10-230-01404,BIHAR,Patna,Naubatpur,0,0,,212,10,1404,,105087.74367689912,205320191.59612688,0.0,0.0,153,0.0
10-230-01405,BIHAR,Patna,Bikram,0,0,,212,10,1405,,86626.03512108007,186422313.04867813,0.0,0.0,137,0.0
10-234-01475,BIHAR,Rohtas,Rohtas,0,0,,215,10,1475,,88257.59288547112,389741138.17794544,0.0,0.0,288,0.0
10-230-01407,BIHAR,Patna,Paliganj,0,0,,212,10,1407,,129476.3041410336,293354152.7667747,0.0,0.0,214,0.0
10-230-01408,BIHAR,Patna,Masaurhi,0,0,,212,10,1408,,108866.13277400887,248716954.87290823,0.0,0.0,178,0.0
10-230-01409,BIHAR,Patna,Dhanarua,0,0,,212,10,1409,,95102.40821522896,225577653.19725513,0.0,0.0,163,0.0
10-230-01410,BIHAR,Patna,Punpun,0,0,,212,10,1410,,82554.93388622913,161116560.78819045,0.0,0.0,118,0.0
10-230-01411,BIHAR,Patna,Fatwah,0,0,,212,10,1411,,97950.27190535897,155697451.47083917,0.0,0.0,115,0.0
10-230-01412,BIHAR,Patna,Daniawan,0,0,,212,10,1412,,69689.77872311571,79566220.36857046,0.0,0.0,56,0.0
10-230-01414,BIHAR,Patna,Bakhtiarpur,0,0,,212,10,1414,,120205.01587822943,168153072.20481881,0.0,0.0,120,0.0
10-230-01416,BIHAR,Patna,Belchhi,0,0,,212,10,1416,,88573.78025963024,87443681.0926542,0.0,0.0,70,0.0
10-230-01417,BIHAR,Patna,Barh,0,0,,212,10,1417,,95365.9771693495,147280816.515725,0.0,0.0,104,0.0
10-230-01419,BIHAR,Patna,Ghoswari,0,0,,212,10,1419,,66454.95033385535,164897376.1169027,0.0,0.0,126,0.0
10-230-01418,BIHAR,Patna,Pandarak,0,0,,212,10,1418,,106894.44852036482,252509471.6555304,0.0,0.0,180,0.0
10-232-01438,BIHAR,Buxar,Chaugain,0,0,,194,10,1438,,52625.33924401454,66025696.44875917,0.0,0.0,49,0.0
10-232-01439,BIHAR,Buxar,Kesath,0,0,,194,10,1439,,34661.84662025829,38236018.49691825,0.0,0.0,29,0.0
10-230-01420,BIHAR,Patna,Mokameh,0,0,,212,10,1420,,127700.39840194934,244519830.48183808,0.0,0.0,181,0.0
10-231-01421,BIHAR,Bhojpur,Shahpur,0,0,,193,10,1421,,110658.91431619873,211766871.4500774,0.0,0.0,156,0.0
10-234-01460,BIHAR,Rohtas,Suryapura,0,0,,215,10,1460,,56159.7630280001,69765063.31452103,0.0,0.0,47,0.0
10-231-01422,BIHAR,Bhojpur,Arrah,0,0,,193,10,1422,,120924.06747051864,221925641.7145924,0.0,0.0,159,0.0
10-231-01423,BIHAR,Bhojpur,Barhara,0,0,,193,10,1423,,128817.96875565937,258494738.36324885,0.0,0.0,191,0.0
10-231-01424,BIHAR,Bhojpur,Koilwar,0,0,,193,10,1424,,94779.33453556667,208456312.66749656,0.0,0.0,149,0.0
10-231-01425,BIHAR,Bhojpur,Sandesh,0,0,,193,10,1425,,60697.76797134289,164599530.19806212,0.0,0.0,118,0.0
10-231-01426,BIHAR,Bhojpur,Udwant Nagar,0,0,,193,10,1426,,92445.60417460876,217797556.82002312,0.0,0.0,161,0.0
10-234-01461,BIHAR,Rohtas,Bikramganj,0,0,,215,10,1461,,88556.32896667719,168723569.68103397,0.0,0.0,129,0.0
10-231-01427,BIHAR,Bhojpur,Behea,0,0,,193,10,1427,,114516.77527652554,206091349.70539597,0.0,0.0,150,0.0
10-231-01428,BIHAR,Bhojpur,Jagdishpur,0,0,,193,10,1428,,109726.00219208181,318463526.4488765,0.0,0.0,228,0.0
10-231-01429,BIHAR,Bhojpur,Piro,0,0,,193,10,1429,,100703.96274410955,268205354.86689487,0.0,0.0,200,0.0
10-234-01462,BIHAR,Rohtas,Karakat,0,0,,215,10,1462,,102232.22868007293,251121712.10833624,0.0,0.0,176,0.0
10-231-01430,BIHAR,Bhojpur,Charpokhari,0,0,,193,10,1430,,88834.1327790213,135855258.49695313,0.0,0.0,95,0.0
10-231-01431,BIHAR,Bhojpur,Garhani,0,0,,193,10,1431,,93054.52180151101,137128723.85739592,0.0,0.0,103,0.0
10-231-01432,BIHAR,Bhojpur,Agiaon,0,0,,193,10,1432,,87534.07309197474,191419206.17039648,0.0,0.0,139,0.0
10-231-01433,BIHAR,Bhojpur,Tarari,0,0,,193,10,1433,,95157.98131215997,247108515.4982669,0.0,0.0,177,0.0
10-231-01434,BIHAR,Bhojpur,Sahar,0,0,,193,10,1434,,61748.81499939302,157154129.14318892,0.0,0.0,117,0.0
10-232-01435,BIHAR,Buxar,Simri,0,0,,194,10,1435,,87047.69219699135,222195796.247413,1.6091895751953127e-05,4.022973937988282e-06,164,0.0006597677258300781
10-232-01436,BIHAR,Buxar,Chakki,0,0,,194,10,1436,,73799.54032015939,80420668.23199363,0.0,0.0,64,0.0
10-232-01437,BIHAR,Buxar,Barhampur,0,0,,194,10,1437,,133928.15369382405,240152233.65370417,0.0,0.0,173,0.0
10-232-01440,BIHAR,Buxar,Dumraon,0,0,,194,10,1440,,115797.88145848007,238641355.07175583,0.0,0.0,169,0.0
10-232-01441,BIHAR,Buxar,Buxar,0,0,,194,10,1441,,90996.21871903203,211591033.38394436,1.6091895751953127e-05,3.0748845385897697e-07,157,4.827568725585938e-05
10-232-01442,BIHAR,Buxar,Chausa,0,0,,194,10,1442,,99103.08457070828,138502720.57991108,4.260050582885743e-07,2.22955918356637e-07,107,2.3856283264160158e-05
10-232-01443,BIHAR,Buxar,Rajpur,0,0,,194,10,1443,,121142.9666413415,336933113.12217736,4.260050582885743e-07,1.5649165406519057e-08,245,3.834045524597169e-06
10-232-01444,BIHAR,Buxar,Itarhi,0,0,,194,10,1444,,109439.3274763228,293713382.2816445,0.0,0.0,209,0.0
10-232-01445,BIHAR,Buxar,Nawanagar,0,0,,194,10,1445,,126567.10382889764,229774401.79100823,0.0,0.0,169,0.0
10-233-01446,BIHAR,Kaimur (Bhabua),Ramgarh,0,0,,200,10,1446,,124781.0721120257,206666195.02442607,0.0,0.0,151,0.0
10-233-01447,BIHAR,Kaimur (Bhabua),Nuaon,0,0,,200,10,1447,,121732.74643995032,235834986.4758632,4.260050582885743e-07,4.484263771458677e-08,171,7.668091049194338e-06
10-233-01448,BIHAR,Kaimur (Bhabua),Kudra,0,0,,200,10,1448,,132624.50147962422,255577893.54332253,0.0,0.0,189,0.0
10-233-01449,BIHAR,Kaimur (Bhabua),Mohania,0,0,,200,10,1449,,142323.6809133636,349176573.6513165,0.0,0.0,256,0.0
10-233-01450,BIHAR,Kaimur (Bhabua),Durgawati,0,0,,200,10,1450,,108544.41183902678,212580801.4059764,0.0,0.0,154,0.0
10-233-01451,BIHAR,Kaimur (Bhabua),Chand,0,0,,200,10,1451,,97099.60209928264,257974481.1925409,0.0,0.0,188,0.0
10-233-01452,BIHAR,Kaimur (Bhabua),Chainpur,0,0,,200,10,1452,,170712.34536647963,555311526.8488017,0.0,0.0,407,0.0
10-233-01453,BIHAR,Kaimur (Bhabua),Bhabua,0,0,,200,10,1453,,143727.89821118704,407618990.38615096,0.0,0.0,301,0.0
10-233-01454,BIHAR,Kaimur (Bhabua),Rampur,0,0,,200,10,1454,,126612.15498309073,210660395.23746365,0.0,0.0,149,0.0
10-233-01455,BIHAR,Kaimur (Bhabua),Bhagwanpur,0,0,,200,10,1455,,134815.05705103654,292151198.96788174,0.0,0.0,211,0.0
10-233-01456,BIHAR,Kaimur (Bhabua),Adhaura,0,0,,200,10,1456,,271357.2345421078,1135984955.9859164,0.0,0.0,833,0.0
10-234-01457,BIHAR,Rohtas,Kochas,0,0,,215,10,1457,,90248.48407846906,187033418.62218276,0.0,0.0,132,0.0
10-234-01458,BIHAR,Rohtas,Dinara,0,0,,215,10,1458,,157118.7651045217,464648316.8452498,0.0,0.0,341,0.0
10-234-01459,BIHAR,Rohtas,Dawath,0,0,,215,10,1459,,78120.6651060775,129910427.66035384,0.0,0.0,94,0.0
10-234-01466,BIHAR,Rohtas,Nokha,0,0,,215,10,1466,,82152.91978314315,208772248.59610957,0.0,0.0,148,0.0
10-235-01476,BIHAR,Aurangabad,Daudnagar,0,0,,189,10,1476,,91010.07504965532,238139281.75712803,0.0,0.0,174,0.0
10-234-01467,BIHAR,Rohtas,Kargahar,0,0,,215,10,1467,,128509.87472624176,406135690.59563094,0.0,0.0,296,0.0
10-234-01468,BIHAR,Rohtas,Chenari,0,0,,215,10,1468,,121720.69626398994,292642418.8385522,0.0,0.0,215,0.0
10-234-01469,BIHAR,Rohtas,Nauhatta,0,0,,215,10,1469,,175494.75594492842,478591449.404211,0.0,0.0,354,0.0
10-234-01470,BIHAR,Rohtas,Sheosagar,0,0,,215,10,1470,,135463.8765525897,406503956.12222886,0.0,0.0,295,0.0
10-234-01471,BIHAR,Rohtas,Sasaram,0,0,,215,10,1471,,135810.11950728856,394273130.8742507,0.0,0.0,290,0.0
10-234-01473,BIHAR,Rohtas,Dehri,0,0,,215,10,1473,,97323.52013589225,199371136.99043605,0.0,0.0,145,0.0
10-235-01477,BIHAR,Aurangabad,Haspura,0,0,,189,10,1477,,88845.10694940752,164519986.5205008,0.0,0.0,121,0.0
10-235-01478,BIHAR,Aurangabad,Goh,0,0,,189,10,1478,,122286.20877621078,374665187.3660463,0.0,0.0,272,0.0
10-236-01491,BIHAR,Gaya,Neem Chak Bathani,0,0,,196,10,1491,,79540.44278654993,146770773.7769567,0.0,0.0,103,0.0
10-235-01479,BIHAR,Aurangabad,Rafiganj,0,0,,189,10,1479,,167069.30684925965,465687847.79432577,0.0,0.0,341,0.0
10-235-01480,BIHAR,Aurangabad,Obra,0,0,,189,10,1480,,130720.05569071589,327203821.09876627,0.0,0.0,237,0.0
10-236-01494,BIHAR,Gaya,Manpur,0,0,,196,10,1494,,77081.78707553667,161226183.41058797,0.0,0.0,115,0.0
10-235-01481,BIHAR,Aurangabad,Aurangabad,0,0,,189,10,1481,,125502.68609205673,344679798.38062614,0.0,0.0,256,0.0
10-237-01511,BIHAR,Nawada,Nardiganj,0,0,,210,10,1511,,60262.24041371029,129808165.4472442,0.0,0.0,95,0.0
10-235-01482,BIHAR,Aurangabad,Barun,0,0,,189,10,1482,,117269.30390529483,381782699.30215496,0.0,0.0,280,0.0
10-235-01483,BIHAR,Aurangabad,Nabinagar,0,0,,189,10,1483,,173491.30877801325,657546828.2218357,0.0,0.0,483,0.0
10-235-01484,BIHAR,Aurangabad,Kutumba,0,0,,189,10,1484,,110495.73757590447,319048251.76106954,0.0,0.0,229,0.0
10-235-01485,BIHAR,Aurangabad,Deo,0,0,,189,10,1485,,158578.88849021672,336990745.1586724,0.0,0.0,251,0.0
10-235-01486,BIHAR,Aurangabad,Madanpur,0,0,,189,10,1486,,153529.37367368402,418713952.50229967,0.0,0.0,309,0.0
10-236-01487,BIHAR,Gaya,Konch,0,0,,196,10,1487,,154041.56172387034,319288521.7326548,0.0,0.0,232,0.0
10-236-01488,BIHAR,Gaya,Tikari,0,0,,196,10,1488,,122221.36853604284,290576655.12704176,0.0,0.0,218,0.0
10-236-01489,BIHAR,Gaya,Belaganj,0,0,,196,10,1489,,113473.13279109563,240372540.95814112,0.0,0.0,180,0.0
10-236-01490,BIHAR,Gaya,Khizirsarai,0,0,,196,10,1490,,103698.13096672995,223124430.97950032,0.0,0.0,165,0.0
10-236-01492,BIHAR,Gaya,Muhra,0,0,,196,10,1492,,93681.45756176667,181269438.2139707,0.0,0.0,134,0.0
10-236-01493,BIHAR,Gaya,Atri,0,0,,196,10,1493,,103075.15367958385,161340647.62451813,0.0,0.0,119,0.0
10-236-01495,BIHAR,Gaya,Gaya Town C.D.Block,0,0,,196,10,1495,,91678.58033080616,224144813.6021213,0.0,0.0,161,0.0
10-236-01496,BIHAR,Gaya,Paraiya,0,0,,196,10,1496,,75593.31264449215,167300846.5298876,0.0,0.0,120,0.0
10-236-01497,BIHAR,Gaya,Guraru,0,0,,196,10,1497,,81292.54933661391,199646285.7542363,0.0,0.0,147,0.0
10-237-01512,BIHAR,Nawada,Nawada,0,0,,210,10,1512,,86822.75137888109,219317998.1072041,0.0,0.0,157,0.0
10-236-01498,BIHAR,Gaya,Gurua,0,0,,196,10,1498,,117859.62964526065,238015237.1519128,0.0,0.0,173,0.0
10-236-01499,BIHAR,Gaya,Amas,0,0,,196,10,1499,,100546.69423332924,128484051.44985774,0.0,0.0,95,0.0
10-237-01517,BIHAR,Nawada,Roh,0,0,,210,10,1517,,77804.52626079548,192537548.9783989,0.0,0.0,144,0.0
10-236-01500,BIHAR,Gaya,Banke Bazar,0,0,,196,10,1500,,85166.97220092022,256240042.68049288,0.0,0.0,186,0.0
10-236-01501,BIHAR,Gaya,Imamganj,0,0,,196,10,1501,,136271.57775821586,316917295.57645696,0.0,0.0,239,0.0
10-236-01502,BIHAR,Gaya,Dumaria,0,0,,196,10,1502,,119690.94596035974,390676703.928496,0.0,0.0,285,0.0
10-236-01503,BIHAR,Gaya,Sherghati,0,0,,196,10,1503,,100322.2973073121,167902109.12194017,0.0,0.0,123,0.0
10-238-01531,BIHAR,Jamui,Gidhaur,0,0,,198,10,1531,,55211.5633940527,100392309.18230554,0.0,0.0,75,0.0
10-236-01504,BIHAR,Gaya,Dobhi,0,0,,196,10,1504,,103572.88994215836,218837778.49499393,0.0,0.0,161,0.0
10-236-01505,BIHAR,Gaya,Bodh Gaya,0,0,,196,10,1505,,120948.91182130505,306843965.9119923,0.0,0.0,230,0.0
10-236-01506,BIHAR,Gaya,Tan Kuppa,0,0,,196,10,1506,,108147.94853451202,190099968.23000297,0.0,0.0,134,0.0
10-240-01542,BIHAR,Arwal,Arwal,0,0,,611,10,1542,,73924.8054791393,147787869.27798152,0.0,0.0,104,0.0
10-236-01507,BIHAR,Gaya,Wazirganj,0,0,,196,10,1507,,105472.06999302967,323030583.61833626,0.0,0.0,236,0.0
10-236-01508,BIHAR,Gaya,Fatehpur,0,0,,196,10,1508,,155359.44599717355,408449805.62920874,0.0,0.0,304,0.0
10-240-01543,BIHAR,Arwal,Kaler,0,0,,611,10,1543,,67777.19153730445,176075758.749563,0.0,0.0,131,0.0
10-236-01509,BIHAR,Gaya,Mohanpur,0,0,,196,10,1509,,119906.24818546322,418796109.2883684,0.0,0.0,303,0.0
10-240-01544,BIHAR,Arwal,Karpi,0,0,,611,10,1544,,158139.92638461498,234985661.7206014,0.0,0.0,172,0.0
10-236-01510,BIHAR,Gaya,Barachatti,0,0,,196,10,1510,,138753.78132836288,366328956.31361085,0.0,0.0,275,0.0
10-237-01513,BIHAR,Nawada,Warisaliganj,0,0,,210,10,1513,,109792.76918459819,202861050.3008767,0.0,0.0,147,0.0
10-237-01514,BIHAR,Nawada,Kashi Chak,0,0,,210,10,1514,,73948.94452619922,98983451.20841853,0.0,0.0,72,0.0
10-237-01515,BIHAR,Nawada,Pakribarawan,0,0,,210,10,1515,,104545.76938151139,251834567.85717744,0.0,0.0,184,0.0
10-237-01516,BIHAR,Nawada,Kawakol,0,0,,210,10,1516,,121170.20018263235,362955647.76482904,0.0,0.0,266,0.0
10-237-01518,BIHAR,Nawada,Gobindpur,0,0,,210,10,1518,,73133.35659787485,188189390.13263756,0.0,0.0,140,0.0
10-237-01519,BIHAR,Nawada,Akbarpur,0,0,,210,10,1519,,91268.2921062847,249541236.96202633,0.0,0.0,184,0.0
10-237-01520,BIHAR,Nawada,Hisua,0,0,,210,10,1520,,85113.4923130193,144090762.99664384,0.0,0.0,104,0.0
10-237-01521,BIHAR,Nawada,Narhat,0,0,,210,10,1521,,62856.50481924386,99624005.77002536,0.0,0.0,69,0.0
10-237-01522,BIHAR,Nawada,Meskaur,0,0,,210,10,1522,,75185.00287586387,145604023.18435815,0.0,0.0,112,0.0
10-237-01523,BIHAR,Nawada,Sirdala,0,0,,210,10,1523,,111278.51695598938,301894539.186342,0.0,0.0,218,0.0
10-237-01524,BIHAR,Nawada,Rajauli,0,0,,210,10,1524,,132370.86211000624,450216393.36794454,7.073605957031251e-06,5.098094383445946e-07,333,0.00016976654296875
10-238-01525,BIHAR,Jamui,Islamnagar Aliganj,0,0,,198,10,1525,,96153.77396855215,213408239.47295904,0.0,0.0,156,0.0
10-238-01526,BIHAR,Jamui,Sikandra,0,0,,198,10,1526,,86788.2538333537,223096734.30010977,0.0,0.0,162,0.0
10-238-01527,BIHAR,Jamui,Jamui,0,0,,198,10,1527,,90084.78430112793,212157753.6648698,0.0,0.0,155,0.0
10-238-01528,BIHAR,Jamui,Barhat,0,0,,198,10,1528,,114104.37581341481,270298087.1382075,0.0,0.0,197,0.0
10-238-01529,BIHAR,Jamui,Lakshmipur,0,0,,198,10,1529,,112147.89260238525,307635253.00857943,0.0,0.0,225,0.0
10-238-01530,BIHAR,Jamui,Jhajha,0,0,,198,10,1530,,147664.43327942316,507112726.974952,2.3535531616210937e-06,1.851037756842536e-06,370,0.0006848839700317383
10-238-01532,BIHAR,Jamui,Khaira,0,0,,198,10,1532,,142747.05687020053,513762691.7981683,0.0,0.0,377,0.0
10-238-01533,BIHAR,Jamui,Sono,0,0,,198,10,1533,,117724.39892386932,474283005.7300444,5.440587158203125e-06,3.793104505129052e-07,349,0.00013237934722900392
10-238-01534,BIHAR,Jamui,Chakai,0,0,,198,10,1534,,243956.2217086091,956725034.6798706,7.531402587890626e-06,5.749236377389091e-06,700,0.004024465464172363
10-239-01535,BIHAR,Jehanabad,Ratni Faridpur,0,0,,199,10,1535,,82762.53932271499,155018952.20303965,0.0,0.0,114,0.0
10-239-01536,BIHAR,Jehanabad,Jehanabad,0,0,,199,10,1536,,97254.09844747804,201426556.69272655,0.0,0.0,148,0.0
10-239-01537,BIHAR,Jehanabad,Kako,0,0,,199,10,1537,,83599.3529020472,162373941.78194478,0.0,0.0,118,0.0
10-239-01538,BIHAR,Jehanabad,Modanganj,0,0,,199,10,1538,,66522.90037500951,97205276.85869928,0.0,0.0,69,0.0
10-239-01539,BIHAR,Jehanabad,Ghoshi,0,0,,199,10,1539,,82931.95174196921,112225161.55433495,0.0,0.0,83,0.0
10-239-01540,BIHAR,Jehanabad,Makhdumpur,0,0,,199,10,1540,,128831.72570768485,301471679.33572614,0.0,0.0,217,0.0
10-239-01541,BIHAR,Jehanabad,Hulasganj,0,0,,199,10,1541,,87179.53907708311,119677697.18988888,0.0,0.0,90,0.0
10-240-01545,BIHAR,Arwal,Sonbhadra Banshi Suryapur,0,0,,611,10,1545,,62692.97791397586,116643000.97724338,0.0,0.0,83,0.0
10-240-01546,BIHAR,Arwal,Kurtha,0,0,,611,10,1546,,71585.17106640573,106433073.5354984,0.0,0.0,78,0.0
10-224-01334,BIHAR,Bhagalpur,Gopalpur,0,0,,192,10,1334,,95407.9186210158,208941966.91883087,0.0,0.0,153,0.0
10-210-01127,BIHAR,Kishanganj,Kishanganj,0,0,,203,10,1127,,125268.33771117091,207105687.55921903,0.0,0.0,152,0.0
10-206-01064,BIHAR,Sitamarhi,Suppi,0,0,,221,10,1064,,71084.15120823232,92250451.53846286,0.0,0.0,66,0.0
10-234-01463,BIHAR,Rohtas,Nasriganj,0,0,,215,10,1463,,90034.07903274363,167356919.18355417,5.956528350830078e-05,5.0884393281482524e-05,126,0.006411433553466798
10-234-01464,BIHAR,Rohtas,Rajpur,0,0,,215,10,1464,,68660.48684625747,85633596.4997788,4.875404521942139e-05,4.875404521942139e-05,63,0.0030715048488235475
10-234-01465,BIHAR,Rohtas,Sanjhauli,0,0,,215,10,1465,,56591.722358052,83833486.39015438,5.875700744628907e-05,5.6851681307838076e-05,63,0.003581655922393799
10-203-01023,BIHAR,Pashchim Champaran,Thakrahan,0,0,,211,10,1023,,79847.09402015881,199004696.79409248,0.0,0.0,145,0.0
10-204-01054,BIHAR,Purbi Champaran,Phenhara,0,0,,213,10,1054,,44565.43736457999,67645025.94776015,0.0,0.0,51,0.0
10-219-01262,BIHAR,Saran,Maker,0,0,,218,10,1262,,62357.8736467211,96585777.9808088,0.0,0.0,71,0.0
10-220-01282,BIHAR,Vaishali,Sahdai Buzurg,0,0,,224,10,1282,,74546.65030748869,114161677.3631406,0.0,0.0,84,0.0
10-229-01388,BIHAR,Nalanda,Tharthari,0,0,,209,10,1388,,71853.42144919158,77411758.12428828,0.0,0.0,54,0.0
10-229-01389,BIHAR,Nalanda,Parbalpur,0,0,,209,10,1389,,54466.2339431045,76043839.88376136,0.0,0.0,56,0.0
10-203-01022,BIHAR,Pashchim Champaran,Bhitaha,0,0,,211,10,1022,,72626.86760213553,166969906.7472905,0.0,0.0,117,0.0
10-203-01013,BIHAR,Pashchim Champaran,Sidhaw,0,0,,211,10,1013,,195582.3602130639,1085337194.6715722,0.0,0.0,781,0.0
10-203-01014,BIHAR,Pashchim Champaran,Ramnagar,0,0,,211,10,1014,,230865.78384139363,866139404.2451236,0.0,0.0,621,0.0
10-203-01015,BIHAR,Pashchim Champaran,Gaunaha,0,0,,211,10,1015,,136504.94021895694,605322845.3823951,0.0,0.0,441,0.0
10-203-01016,BIHAR,Pashchim Champaran,Mainatanr,0,0,,211,10,1016,,115419.13930249632,312998546.4010918,0.0,0.0,221,0.0
10-203-01017,BIHAR,Pashchim Champaran,Narkatiaganj,0,0,,211,10,1017,,149144.20649331805,441857686.2127825,0.0,0.0,314,0.0
10-203-01018,BIHAR,Pashchim Champaran,Lauriya,0,0,,211,10,1018,,120853.32018665274,255440417.54612216,0.0,0.0,183,0.0
10-203-01019,BIHAR,Pashchim Champaran,Bagaha,0,0,,211,10,1019,,135587.24079810514,491292931.53180623,0.0,0.0,352,0.0
10-203-01021,BIHAR,Pashchim Champaran,Madhubani,0,0,,211,10,1021,,144670.82201821523,386116138.1353823,0.0,0.0,276,0.0
10-203-01024,BIHAR,Pashchim Champaran,Jogapatti,0,0,,211,10,1024,,88530.23644360513,258722436.3759333,0.0,0.0,186,0.0
10-203-01029,BIHAR,Pashchim Champaran,Bairia,0,0,,211,10,1029,,105039.82861382668,288505226.87341565,0.0,0.0,208,0.0
10-203-01025,BIHAR,Pashchim Champaran,Chanpatia,0,0,,211,10,1025,,113543.7602983494,310017349.34780717,0.0,0.0,226,0.0
10-206-01071,BIHAR,Sitamarhi,Parsauni,0,0,,221,10,1071,,63729.135625112256,74724139.64418457,0.0,0.0,55,0.0
10-203-01026,BIHAR,Pashchim Champaran,Sikta,0,0,,211,10,1026,,93443.22825707054,255004178.86147365,0.0,0.0,183,0.0
10-203-01027,BIHAR,Pashchim Champaran,Majhaulia,0,0,,211,10,1027,,123374.4030721297,371511179.15939575,0.0,0.0,265,0.0
10-203-01028,BIHAR,Pashchim Champaran,Bettiah,0,0,,211,10,1028,,53968.26030594324,83182055.35378212,0.0,0.0,59,0.0
10-203-01030,BIHAR,Pashchim Champaran,Nautan,0,0,,211,10,1030,,122656.63983711715,245738630.13883996,0.0,0.0,171,0.0
10-204-01031,BIHAR,Purbi Champaran,Raxaul,0,0,,213,10,1031,,98709.78801801558,166685360.13968688,0.0,0.0,124,0.0
10-206-01072,BIHAR,Sitamarhi,Belsand,0,0,,221,10,1072,,66235.5873217276,97354060.86547032,0.0,0.0,70,0.0
10-206-01073,BIHAR,Sitamarhi,Runisaidpur,0,0,,221,10,1073,,152472.54206325076,334873257.0825382,0.0,0.0,243,0.0
10-204-01032,BIHAR,Purbi Champaran,Adapur,0,0,,213,10,1032,,94532.37688292323,199608924.7111849,0.0,0.0,148,0.0
10-206-01074,BIHAR,Sitamarhi,Dumra,0,0,,221,10,1074,,111649.34177378344,241159212.36062923,0.0,0.0,178,0.0
10-204-01033,BIHAR,Purbi Champaran,Ramgarhwa,0,0,,213,10,1033,,90718.26831189607,213035907.5226096,0.0,0.0,154,0.0
10-204-01034,BIHAR,Purbi Champaran,Sugauli,0,0,,213,10,1034,,84892.41923436844,209336830.19001696,0.0,0.0,149,0.0
10-204-01038,BIHAR,Purbi Champaran,Ghorasahan,0,0,,213,10,1038,,75335.10865687576,144368243.47105,0.0,0.0,104,0.0
10-204-01035,BIHAR,Purbi Champaran,Banjaria,0,0,,213,10,1035,,102381.40449613356,176960195.87167916,0.0,0.0,124,0.0
10-204-01047,BIHAR,Purbi Champaran,Kesaria,0,0,,213,10,1047,,87546.8206889307,229535442.11688668,0.0,0.0,168,0.0
10-204-01036,BIHAR,Purbi Champaran,Narkatia,0,0,,213,10,1036,,105607.09704406632,168338010.30978012,0.0,0.0,120,0.0
10-204-01037,BIHAR,Purbi Champaran,Bankatwa,0,0,,213,10,1037,,99233.37216886049,115311013.90225838,0.0,0.0,82,0.0
10-204-01039,BIHAR,Purbi Champaran,Dhaka,0,0,,213,10,1039,,97673.73467814895,202386545.86227983,0.0,0.0,145,0.0
10-204-01048,BIHAR,Purbi Champaran,Kalyanpur,0,0,,213,10,1048,,109413.20044555076,313300912.50613195,0.0,0.0,230,0.0
10-204-01040,BIHAR,Purbi Champaran,Chiraia,0,0,,213,10,1040,,110764.71696779084,272984575.32652414,0.0,0.0,199,0.0
10-204-01041,BIHAR,Purbi Champaran,Motihari,0,0,,213,10,1041,,181544.26702654368,319814691.13850176,0.0,0.0,241,0.0
10-204-01049,BIHAR,Purbi Champaran,Kotwa,0,0,,213,10,1049,,78879.98205471091,178282937.71225017,0.0,0.0,126,0.0
10-204-01042,BIHAR,Purbi Champaran,Turkaulia,0,0,,213,10,1042,,99475.78497366334,174748315.94966665,0.0,0.0,130,0.0
10-204-01050,BIHAR,Purbi Champaran,Piprakothi,0,0,,213,10,1050,,58369.33889310607,62223774.49301849,0.0,0.0,45,0.0
10-204-01043,BIHAR,Purbi Champaran,Harsidhi,0,0,,213,10,1043,,133904.34238337883,240218359.62130272,0.0,0.0,173,0.0
10-204-01044,BIHAR,Purbi Champaran,Paharpur,0,0,,213,10,1044,,108730.62076802726,192061375.0173064,0.0,0.0,144,0.0
10-204-01045,BIHAR,Purbi Champaran,Areraj,0,0,,213,10,1045,,93331.67353690567,242725576.26244012,0.0,0.0,174,0.0
10-204-01046,BIHAR,Purbi Champaran,Sangrampur,0,0,,213,10,1046,,78133.67961210197,187659878.02718252,0.0,0.0,133,0.0
10-204-01051,BIHAR,Purbi Champaran,Chakia(Pipra),0,0,,213,10,1051,,129110.66914194856,212940547.80779588,0.0,0.0,145,0.0
10-204-01052,BIHAR,Purbi Champaran,Pakri Dayal,0,0,,213,10,1052,,90143.40730437863,148110040.62869397,0.0,0.0,106,0.0
10-204-01053,BIHAR,Purbi Champaran,Patahi,0,0,,213,10,1053,,85994.51677214028,144960443.14880535,0.0,0.0,100,0.0
10-204-01055,BIHAR,Purbi Champaran,Madhuban,0,0,,213,10,1055,,112681.00006095257,152424272.44650427,0.0,0.0,114,0.0
10-204-01056,BIHAR,Purbi Champaran,Tetaria,0,0,,213,10,1056,,82320.72754353678,104458405.63845472,0.0,0.0,74,0.0
10-205-01058,BIHAR,Sheohar,Purnahiya,0,0,,220,10,1058,,57294.126150412616,80859097.14068061,0.0,0.0,59,0.0
10-204-01057,BIHAR,Purbi Champaran,Mehsi,0,0,,213,10,1057,,125063.78039343117,149773808.08158112,0.0,0.0,108,0.0
10-205-01059,BIHAR,Sheohar,Piprarhi,0,0,,220,10,1059,,105870.45511307275,104265216.9562483,0.0,0.0,77,0.0
10-205-01060,BIHAR,Sheohar,Sheohar,0,0,,220,10,1060,,81007.5322908237,115638983.35873616,0.0,0.0,83,0.0
10-205-01061,BIHAR,Sheohar,Dumri Katsari,0,0,,220,10,1061,,65038.65439014734,84655470.24819931,0.0,0.0,59,0.0
10-205-01062,BIHAR,Sheohar,Tariani Chowk,0,0,,220,10,1062,,97491.22869259815,171878914.60720828,0.0,0.0,126,0.0
10-206-01063,BIHAR,Sitamarhi,Bairgania,0,0,,221,10,1063,,59598.621146511534,94417571.99630062,0.0,0.0,70,0.0
10-206-01065,BIHAR,Sitamarhi,Majorganj,0,0,,221,10,1065,,62808.55729710282,95411217.42446172,0.0,0.0,68,0.0
10-206-01066,BIHAR,Sitamarhi,Sonbarsa,0,0,,221,10,1066,,92820.94699371175,224104085.6083578,0.0,0.0,155,0.0
10-206-01067,BIHAR,Sitamarhi,Parihar,0,0,,221,10,1067,,86838.20299610356,272812569.4060281,0.0,0.0,197,0.0
10-207-01095,BIHAR,Madhubani,Rajnagar,0,0,,206,10,1095,,78809.12744912357,223111125.2667772,0.0,0.0,158,0.0
10-206-01068,BIHAR,Sitamarhi,Sursand,0,0,,221,10,1068,,91215.71647520129,181412871.1123928,0.0,0.0,134,0.0
10-206-01069,BIHAR,Sitamarhi,Bathnaha,0,0,,221,10,1069,,120764.04051803834,251403523.12922087,0.0,0.0,185,0.0
10-206-01070,BIHAR,Sitamarhi,Riga,0,0,,221,10,1070,,129433.73210860479,163724219.02092636,0.0,0.0,114,0.0
10-210-01123,BIHAR,Kishanganj,Thakurganj,0,0,,203,10,1123,,224971.2940646554,491161543.46963537,0.0,0.0,353,0.0
10-210-01124,BIHAR,Kishanganj,Pothia,0,0,,203,10,1124,,167388.9118766352,443844792.4531903,0.0,0.0,321,0.0
10-210-01125,BIHAR,Kishanganj,Bahadurganj,0,0,,203,10,1125,,155296.13881782343,347494200.8377232,0.0,0.0,251,0.0
10-210-01126,BIHAR,Kishanganj,Kochadhamin,0,0,,203,10,1126,,139640.52665725534,360840233.8364798,0.0,0.0,258,0.0
10-211-01128,BIHAR,Purnia,Banmankhi,0,0,,214,10,1128,,142815.61519736593,459936087.34673214,0.0,0.0,333,0.0
10-206-01075,BIHAR,Sitamarhi,Bajpatti,0,0,,221,10,1075,,90407.29439213518,174303329.1783474,0.0,0.0,125,0.0
10-206-01076,BIHAR,Sitamarhi,Charaut,0,0,,221,10,1076,,85128.15752493152,91349700.81924292,0.0,0.0,62,0.0
10-206-01077,BIHAR,Sitamarhi,Pupri,0,0,,221,10,1077,,73992.24203369493,115338203.66308306,0.0,0.0,82,0.0
10-206-01078,BIHAR,Sitamarhi,Nanpur,0,0,,221,10,1078,,73315.01223618646,135892566.9983101,0.0,0.0,100,0.0
10-220-01283,BIHAR,Vaishali,Mahnar,0,0,,224,10,1283,,81638.1139853176,126474580.44313861,0.0,0.0,89,0.0
10-206-01079,BIHAR,Sitamarhi,Bokhara,0,0,,221,10,1079,,81978.13188098712,108574895.39827529,0.0,0.0,79,0.0
10-207-01080,BIHAR,Madhubani,Madhwapur,0,0,,206,10,1080,,88808.76172423853,137557654.90878707,0.0,0.0,103,0.0
10-207-01081,BIHAR,Madhubani,Harlakhi,0,0,,206,10,1081,,90217.76640094945,187441757.00046396,0.0,0.0,138,0.0
10-207-01082,BIHAR,Madhubani,Basopatti,0,0,,206,10,1082,,97634.90682970545,164238774.4639331,0.0,0.0,122,0.0
10-207-01089,BIHAR,Madhubani,Khajauli,0,0,,206,10,1089,,91171.28062794723,150968724.81279027,0.0,0.0,108,0.0
10-207-01083,BIHAR,Madhubani,Jainagar,0,0,,206,10,1083,,81489.61423509955,161880108.8306139,0.0,0.0,115,0.0
10-207-01090,BIHAR,Madhubani,Kaluahi,0,0,,206,10,1090,,62305.281593423286,101560283.08963235,0.0,0.0,75,0.0
10-207-01084,BIHAR,Madhubani,Ladania,0,0,,206,10,1084,,97928.14946240213,232665607.5684243,0.0,0.0,164,0.0
10-207-01085,BIHAR,Madhubani,Laukaha,0,0,,206,10,1085,,102032.19667129294,266340932.00179368,0.0,0.0,197,0.0
10-207-01086,BIHAR,Madhubani,Laukahi,0,0,,206,10,1086,,109679.24973352649,329223432.564553,0.0,0.0,237,0.0
10-207-01087,BIHAR,Madhubani,Phulparas,0,0,,206,10,1087,,117974.41186319289,199352334.8677591,0.0,0.0,140,0.0
10-207-01088,BIHAR,Madhubani,Babubarhi,0,0,,206,10,1088,,118996.04641992833,237192379.86086744,0.0,0.0,174,0.0
10-207-01091,BIHAR,Madhubani,Benipatti,0,0,,206,10,1091,,128414.2409747215,328987645.9449377,0.0,0.0,231,0.0
10-207-01092,BIHAR,Madhubani,Bisfi,0,0,,206,10,1092,,99754.46134559005,226192948.413646,0.0,0.0,165,0.0
10-207-01093,BIHAR,Madhubani,Madhubani,0,0,,206,10,1093,,109764.71764889831,200359220.56727448,0.0,0.0,142,0.0
10-207-01094,BIHAR,Madhubani,Pandaul,0,0,,206,10,1094,,102372.75527307783,208327489.63825428,0.0,0.0,148,0.0
10-207-01096,BIHAR,Madhubani,Andhratharhi,0,0,,206,10,1096,,97300.5167595078,186769445.10608673,0.0,0.0,134,0.0
10-207-01097,BIHAR,Madhubani,Jhanjharpur,0,0,,206,10,1097,,125261.96837896874,181284371.95402232,0.0,0.0,132,0.0
10-207-01098,BIHAR,Madhubani,Ghoghardiha,0,0,,206,10,1098,,114215.40677637524,211228851.4219488,0.0,0.0,159,0.0
10-207-01099,BIHAR,Madhubani,Lakhnaur,0,0,,206,10,1099,,72956.74167609161,146945623.14022,0.0,0.0,110,0.0
10-207-01100,BIHAR,Madhubani,Madhepur,0,0,,206,10,1100,,144505.38034518834,300452948.5687113,0.0,0.0,212,0.0
10-208-01101,BIHAR,Supaul,Nirmali,0,0,,223,10,1101,,123310.21889922836,162734364.67066902,0.0,0.0,118,0.0
10-208-01102,BIHAR,Supaul,Basantpur,0,0,,223,10,1102,,136288.63693043106,319456339.75100917,0.0,0.0,228,0.0
10-208-01103,BIHAR,Supaul,Chhatapur,0,0,,223,10,1103,,142271.17176584958,398825687.2446475,0.0,0.0,285,0.0
10-208-01104,BIHAR,Supaul,Pratapganj,0,0,,223,10,1104,,71155.69013184242,133032565.19323792,0.0,0.0,97,0.0
10-208-01105,BIHAR,Supaul,Raghopur,0,0,,223,10,1105,,111831.20983491397,255841046.48838165,0.0,0.0,187,0.0
10-221-01285,BIHAR,Samastipur,Warisnagar,0,0,,217,10,1285,,90241.30323013186,163846086.5162723,0.0,0.0,120,0.0
10-208-01106,BIHAR,Supaul,Saraigarh Bhaptiyahi,0,0,,223,10,1106,,105489.5116383213,257042943.27229512,0.0,0.0,189,0.0
10-208-01107,BIHAR,Supaul,Kishanpur,0,0,,223,10,1107,,125516.73810076228,248613546.3002807,0.0,0.0,177,0.0
10-208-01108,BIHAR,Supaul,Marauna,0,0,,223,10,1108,,114969.59778192453,206419565.01179272,0.0,0.0,149,0.0
10-208-01109,BIHAR,Supaul,Supaul,0,0,,223,10,1109,,122628.008173687,390920691.5720901,0.0,0.0,287,0.0
10-208-01110,BIHAR,Supaul,Pipra,0,0,,223,10,1110,,113516.78657800167,247320462.25611627,0.0,0.0,181,0.0
10-221-01287,BIHAR,Samastipur,Khanpur,0,0,,217,10,1287,,89337.20668890505,173313349.37261373,0.0,0.0,127,0.0
10-208-01111,BIHAR,Supaul,Tribeniganj,0,0,,223,10,1111,,136684.8917573132,402291551.99740016,0.0,0.0,290,0.0
10-209-01112,BIHAR,Araria,Narpatganj,0,0,,188,10,1112,,196352.82868709194,482872068.7863751,0.0,0.0,351,0.0
10-209-01113,BIHAR,Araria,Forbesganj,0,0,,188,10,1113,,165874.55860340688,546946456.996027,0.0,0.0,392,0.0
10-209-01114,BIHAR,Araria,Bhargama,0,0,,188,10,1114,,140909.75235341018,280499778.1128878,0.0,0.0,206,0.0
10-209-01115,BIHAR,Araria,Raniganj,0,0,,188,10,1115,,160625.61646677545,576910744.770993,0.0,0.0,418,0.0
10-209-01116,BIHAR,Araria,Araria,0,0,,188,10,1116,,192057.15187743204,506918787.2643526,0.0,0.0,371,0.0
10-209-01117,BIHAR,Araria,Kursakatta,0,0,,188,10,1117,,96566.38525637137,201032230.408231,0.0,0.0,147,0.0
10-209-01118,BIHAR,Araria,Sikti,0,0,,188,10,1118,,116798.35346995249,237753016.2819182,0.0,0.0,177,0.0
10-209-01119,BIHAR,Araria,Palasi,0,0,,188,10,1119,,132578.70192307016,306240761.34804773,0.0,0.0,222,0.0
10-209-01120,BIHAR,Araria,Jokihat,0,0,,188,10,1120,,155370.9524619173,341005127.7602247,0.0,0.0,246,0.0
10-210-01121,BIHAR,Kishanganj,Terhagachh,0,0,,203,10,1121,,121953.02658094271,245208326.38245347,0.0,0.0,175,0.0
10-210-01122,BIHAR,Kishanganj,Dighalbank,0,0,,203,10,1122,,147432.83262190674,314385668.4331173,0.0,0.0,224,0.0
10-211-01129,BIHAR,Purnia,Barhara,0,0,,214,10,1129,,111073.17449432175,288009141.38478667,0.0,0.0,212,0.0
10-211-01130,BIHAR,Purnia,Bhawanipur,0,0,,214,10,1130,,116656.34435182877,201938838.4795833,0.0,0.0,147,0.0
10-211-01131,BIHAR,Purnia,Rupauli,0,0,,214,10,1131,,113946.660566684,308195114.8462847,0.0,0.0,227,0.0
10-211-01132,BIHAR,Purnia,Dhamdaha,0,0,,214,10,1132,,135370.01293426772,446856166.039676,0.0,0.0,326,0.0
10-211-01133,BIHAR,Purnia,Krityanand Nagar,0,0,,214,10,1133,,149407.41850079046,364443041.21247435,0.0,0.0,274,0.0
10-211-01134,BIHAR,Purnia,Purnia East,0,0,,214,10,1134,,127662.13358515713,309272824.56310594,0.0,0.0,228,0.0
10-211-01135,BIHAR,Purnia,Kasba,0,0,,214,10,1135,,130095.64608516233,215123054.3424731,0.0,0.0,154,0.0
10-211-01136,BIHAR,Purnia,Srinagar,0,0,,214,10,1136,,106220.57404900706,172405807.6412187,0.0,0.0,122,0.0
10-211-01137,BIHAR,Purnia,Jalalgarh,0,0,,214,10,1137,,87146.39992638786,142107808.6772385,0.0,0.0,102,0.0
10-211-01138,BIHAR,Purnia,Amour,0,0,,214,10,1138,,141371.93624621196,307011870.96961224,0.0,0.0,225,0.0
10-211-01139,BIHAR,Purnia,Baisa,0,0,,214,10,1139,,132173.35304950457,275191667.549805,0.0,0.0,197,0.0
10-211-01140,BIHAR,Purnia,Baisi,0,0,,214,10,1140,,118169.54825440844,253873549.02719215,0.0,0.0,187,0.0
10-211-01141,BIHAR,Purnia,Dagarua,0,0,,214,10,1141,,129309.28146976323,257465778.6329552,0.0,0.0,180,0.0
10-212-01142,BIHAR,Katihar,Falka,0,0,,201,10,1142,,100518.70580952488,208374539.8829749,0.0,0.0,150,0.0
10-212-01143,BIHAR,Katihar,Korha,0,0,,201,10,1143,,137118.64195203967,368801327.90483874,0.0,0.0,273,0.0
10-212-01144,BIHAR,Katihar,Hasanganj,0,0,,201,10,1144,,78227.29832785497,86155111.41022065,0.0,0.0,62,0.0
10-212-01145,BIHAR,Katihar,Kadwa,0,0,,201,10,1145,,157692.68144088247,420129854.10490626,0.0,0.0,307,0.0
10-212-01146,BIHAR,Katihar,Balrampur,0,0,,201,10,1146,,141815.18317465586,216253207.31133217,0.0,0.0,151,0.0
10-212-01147,BIHAR,Katihar,Barsoi,0,0,,201,10,1147,,172308.8160052511,357713388.6445612,0.0,0.0,261,0.0
10-212-01148,BIHAR,Katihar,Azamnagar,0,0,,201,10,1148,,141791.77759222616,349759708.1212404,0.0,0.0,253,0.0
10-221-01290,BIHAR,Samastipur,Tajpur,0,0,,217,10,1290,,57166.77792153786,83856612.1105223,0.0,0.0,61,0.0
10-212-01149,BIHAR,Katihar,Pranpur,0,0,,201,10,1149,,111803.70370561493,191475637.62126103,0.0,0.0,141,0.0
10-212-01150,BIHAR,Katihar,Dandkhora,0,0,,201,10,1150,,70987.07501110679,111201189.06340708,0.0,0.0,81,0.0
10-212-01151,BIHAR,Katihar,Katihar,0,0,,201,10,1151,,76845.81968857624,136830037.77828172,0.0,0.0,100,0.0
10-212-01152,BIHAR,Katihar,Mansahi,0,0,,201,10,1152,,73279.06289841712,97405011.1871763,0.0,0.0,73,0.0
10-212-01155,BIHAR,Katihar,Kursela,0,0,,201,10,1155,,80348.39413748268,153683091.52761996,0.0,0.0,117,0.0
10-212-01153,BIHAR,Katihar,Barari,0,0,,201,10,1153,,107333.93297446336,407446973.1478653,0.0,0.0,292,0.0
10-212-01154,BIHAR,Katihar,Sameli,0,0,,201,10,1154,,75105.36277909,118027198.2496544,0.0,0.0,81,0.0
10-212-01156,BIHAR,Katihar,Manihari,0,0,,201,10,1156,,130162.81635074862,303859830.4099729,0.0,0.0,221,0.0
10-212-01157,BIHAR,Katihar,Amdabad,0,0,,201,10,1157,,103742.71814675455,228302986.79665467,0.0,0.0,164,0.0
10-213-01158,BIHAR,Madhepura,Gamharia,0,0,,205,10,1158,,80141.00377515821,125479849.27382244,0.0,0.0,89,0.0
10-213-01160,BIHAR,Madhepura,Ghailarh,0,0,,205,10,1160,,78865.70647224285,116219722.2388165,0.0,0.0,83,0.0
10-213-01159,BIHAR,Madhepura,Singheshwar,0,0,,205,10,1159,,111627.30849980874,111167268.35246354,0.0,0.0,78,0.0
10-216-01210,BIHAR,Muzaffarpur,Bandra,0,0,,208,10,1210,,74293.85759884378,142020443.31484023,0.0,0.0,103,0.0
10-213-01161,BIHAR,Madhepura,Madhepura,0,0,,205,10,1161,,115084.47931226583,237801277.85767865,0.0,0.0,175,0.0
10-213-01162,BIHAR,Madhepura,Shankarpur,0,0,,205,10,1162,,63984.56408470212,128790837.874554,0.0,0.0,94,0.0
10-213-01163,BIHAR,Madhepura,Kumarkhand,0,0,,205,10,1163,,118191.24796123093,316976886.68211347,0.0,0.0,230,0.0
10-213-01164,BIHAR,Madhepura,Murliganj,0,0,,205,10,1164,,94211.11378994165,247086114.21145928,0.0,0.0,179,0.0
10-221-01293,BIHAR,Samastipur,Mohanpur,0,0,,217,10,1293,,74468.46489139357,163000016.77407515,0.0,0.0,120,0.0
10-213-01165,BIHAR,Madhepura,Gwalpara,0,0,,205,10,1165,,78037.2495556277,147267353.58482873,0.0,0.0,109,0.0
10-214-01172,BIHAR,Saharsa,Satar Kataiya,0,0,,216,10,1172,,77878.75925155886,177382280.64763528,0.0,0.0,130,0.0
10-213-01166,BIHAR,Madhepura,Bihariganj,0,0,,205,10,1166,,79669.40805645821,133818744.70956944,0.0,0.0,98,0.0
10-216-01211,BIHAR,Muzaffarpur,Dholi (Moraul),0,0,,208,10,1211,,63030.361633940505,73298422.6275262,0.0,0.0,50,0.0
10-213-01167,BIHAR,Madhepura,Kishanganj,0,0,,205,10,1167,,99817.47531025465,188055937.5971522,0.0,0.0,133,0.0
10-216-01212,BIHAR,Muzaffarpur,Musahri,0,0,,208,10,1212,,211487.75457487197,365415439.5943066,0.0,0.0,267,0.0
10-213-01168,BIHAR,Madhepura,Puraini,0,0,,205,10,1168,,63416.842365887525,103114850.3546553,0.0,0.0,76,0.0
10-214-01174,BIHAR,Saharsa,Kahara,0,0,,216,10,1174,,81070.16203244023,176788302.3737116,0.0,0.0,128,0.0
10-213-01169,BIHAR,Madhepura,Alamnagar,0,0,,205,10,1169,,94357.42058114092,211989804.11375904,0.0,0.0,151,0.0
10-213-01170,BIHAR,Madhepura,Chausa,0,0,,205,10,1170,,87285.75133964,172516848.53860697,0.0,0.0,124,0.0
10-214-01171,BIHAR,Saharsa,Nauhatta,0,0,,216,10,1171,,93228.84620468391,212763144.21707585,0.0,0.0,151,0.0
10-217-01227,BIHAR,Gopalganj,Sidhwalia,0,0,,197,10,1227,,69457.48217743407,152022198.31601515,0.0,0.0,109,0.0
10-214-01173,BIHAR,Saharsa,Mahishi,0,0,,216,10,1173,,106372.46434789852,273075178.2794974,0.0,0.0,195,0.0
10-214-01175,BIHAR,Saharsa,Saur Bazar,0,0,,216,10,1175,,88121.22998090234,233228921.9025612,0.0,0.0,171,0.0
10-214-01176,BIHAR,Saharsa,Patarghat,0,0,,216,10,1176,,67497.21582029684,149681422.04156074,0.0,0.0,105,0.0
10-214-01177,BIHAR,Saharsa,Sonbarsa,0,0,,216,10,1177,,90185.02153799882,263952116.041209,0.0,0.0,193,0.0
10-216-01199,BIHAR,Muzaffarpur,Sahebganj,0,0,,208,10,1199,,80060.99972290538,253055918.70266867,0.0,0.0,189,0.0
10-214-01178,BIHAR,Saharsa,Simri Bakhtiarpur,0,0,,216,10,1178,,119116.35548129058,266466354.66217396,0.0,0.0,194,0.0
10-214-01179,BIHAR,Saharsa,Salkhua,0,0,,216,10,1179,,82412.26684571667,221182533.93573853,0.0,0.0,163,0.0
10-214-01180,BIHAR,Saharsa,Banma Itahri,0,0,,216,10,1180,,54286.501575749484,92822449.4552088,0.0,0.0,68,0.0
10-215-01181,BIHAR,Darbhanga,Jale,0,0,,195,10,1181,,112473.57051363293,234172285.01568127,0.0,0.0,171,0.0
10-215-01182,BIHAR,Darbhanga,Singhwara,0,0,,195,10,1182,,121368.62688362494,223279889.67870736,0.0,0.0,162,0.0
10-215-01183,BIHAR,Darbhanga,Keotiranway,0,0,,195,10,1183,,89515.08566239705,180205403.4644349,0.0,0.0,131,0.0
10-215-01184,BIHAR,Darbhanga,Darbhanga,0,0,,195,10,1184,,131883.04966973627,240721362.1475316,0.0,0.0,174,0.0
10-215-01185,BIHAR,Darbhanga,Manigachhi,0,0,,195,10,1185,,96856.01003306538,158887287.31255177,0.0,0.0,114,0.0
10-215-01186,BIHAR,Darbhanga,Tardih,0,0,,195,10,1186,,96398.42232606321,109520018.96976715,0.0,0.0,79,0.0
10-215-01187,BIHAR,Darbhanga,Alinagar,0,0,,195,10,1187,,105560.56246873255,146523357.5416611,0.0,0.0,105,0.0
10-215-01188,BIHAR,Darbhanga,Benipur,0,0,,195,10,1188,,118482.30854716274,204643530.87647069,0.0,0.0,150,0.0
10-215-01189,BIHAR,Darbhanga,Bahadurpur,0,0,,195,10,1189,,155637.00049509996,221161760.4253616,0.0,0.0,158,0.0
10-215-01190,BIHAR,Darbhanga,Hanumannagar,0,0,,195,10,1190,,114393.83215098479,181536916.32106537,0.0,0.0,130,0.0
10-215-01191,BIHAR,Darbhanga,Hayaghat,0,0,,195,10,1191,,66118.49929402806,108810529.75916524,0.0,0.0,77,0.0
10-215-01192,BIHAR,Darbhanga,Baheri,0,0,,195,10,1192,,128629.1579498372,271307286.95794886,0.0,0.0,195,0.0
10-215-01193,BIHAR,Darbhanga,Biraul,0,0,,195,10,1193,,135706.32971678255,230203939.26841983,0.0,0.0,167,0.0
10-215-01194,BIHAR,Darbhanga,Ghanshyampur,0,0,,195,10,1194,,76766.91373126305,103945643.9979024,0.0,0.0,78,0.0
10-215-01195,BIHAR,Darbhanga,Kiratpur,0,0,,195,10,1195,,78793.19278562842,78915927.53877336,0.0,0.0,60,0.0
10-215-01196,BIHAR,Darbhanga,Gora Bauram,0,0,,195,10,1196,,99804.03366816713,145653476.81698695,0.0,0.0,104,0.0
10-215-01197,BIHAR,Darbhanga,Kusheshwar Asthan,0,0,,195,10,1197,,87220.16498537568,144130520.9401011,0.0,0.0,107,0.0
10-215-01198,BIHAR,Darbhanga,Kusheshwar Asthan Purbi,0,0,,195,10,1198,,91858.86035222423,150084285.43545517,0.0,0.0,112,0.0
10-216-01200,BIHAR,Muzaffarpur,Baruraj (Motipur),0,0,,208,10,1200,,125110.13599018812,365259305.4740948,0.0,0.0,263,0.0
10-216-01201,BIHAR,Muzaffarpur,Paroo,0,0,,208,10,1201,,136934.87791145188,413033977.3448192,0.0,0.0,295,0.0
10-216-01202,BIHAR,Muzaffarpur,Saraiya,0,0,,208,10,1202,,155820.80051537574,301402655.1404849,0.0,0.0,218,0.0
10-216-01203,BIHAR,Muzaffarpur,Marwan,0,0,,208,10,1203,,84959.92762229654,138736310.53842777,0.0,0.0,101,0.0
10-216-01204,BIHAR,Muzaffarpur,Kanti,0,0,,208,10,1204,,97122.90469976026,124757584.36625764,0.0,0.0,91,0.0
10-216-01205,BIHAR,Muzaffarpur,Minapur,0,0,,208,10,1205,,166218.11946715685,316124209.98756105,0.0,0.0,228,0.0
10-216-01206,BIHAR,Muzaffarpur,Bochaha,0,0,,208,10,1206,,126044.68100944142,233148755.94160384,0.0,0.0,167,0.0
10-216-01207,BIHAR,Muzaffarpur,Aurai,0,0,,208,10,1207,,101267.16719990574,247748190.77792475,0.0,0.0,177,0.0
10-216-01208,BIHAR,Muzaffarpur,Katra,0,0,,208,10,1208,,118891.9342746819,235108975.17115793,0.0,0.0,171,0.0
10-216-01209,BIHAR,Muzaffarpur,Gaighat,0,0,,208,10,1209,,111008.49869520529,259762671.68662548,0.0,0.0,191,0.0
10-216-01213,BIHAR,Muzaffarpur,Kurhani,0,0,,208,10,1213,,108106.10574110712,256354911.2077163,0.0,0.0,187,0.0
10-216-01214,BIHAR,Muzaffarpur,Sakra,0,0,,208,10,1214,,105121.4777371614,236360031.18726787,0.0,0.0,175,0.0
10-217-01215,BIHAR,Gopalganj,Katiya,0,0,,197,10,1215,,94755.55253264701,158441587.458013,0.0,0.0,112,0.0
10-217-01216,BIHAR,Gopalganj,Bijaipur,0,0,,197,10,1216,,81309.59717969262,163112176.36717936,0.0,0.0,120,0.0
10-217-01217,BIHAR,Gopalganj,Bhorey,0,0,,197,10,1217,,78790.65552761848,196013266.46535653,0.0,0.0,144,0.0
10-217-01218,BIHAR,Gopalganj,Pach Deuri,0,0,,197,10,1218,,53698.212932643866,118295317.11973979,0.0,0.0,85,0.0
10-217-01219,BIHAR,Gopalganj,Kuchaikote,0,0,,197,10,1219,,101077.28158428885,316078491.04748106,0.0,0.0,226,0.0
10-217-01220,BIHAR,Gopalganj,Phulwaria,0,0,,197,10,1220,,81339.22200232239,118763292.85091434,0.0,0.0,89,0.0
10-217-01221,BIHAR,Gopalganj,Hathua,0,0,,197,10,1221,,91546.96202775641,183613061.83342972,0.0,0.0,127,0.0
10-217-01222,BIHAR,Gopalganj,Uchkagaon,0,0,,197,10,1222,,80102.93001981139,142235093.67043933,0.0,0.0,106,0.0
10-217-01223,BIHAR,Gopalganj,Thawe,0,0,,197,10,1223,,57244.55575246375,89300191.60424533,0.0,0.0,64,0.0
10-217-01224,BIHAR,Gopalganj,Gopalganj,0,0,,197,10,1224,,110313.13172782106,244420793.60160467,0.0,0.0,182,0.0
10-218-01232,BIHAR,Siwan,Goriakothi,0,0,,222,10,1232,,73201.39147651673,174963939.23516312,0.0,0.0,127,0.0
10-217-01225,BIHAR,Gopalganj,Manjha,0,0,,197,10,1225,,80242.78538873792,179389027.9828925,0.0,0.0,131,0.0
10-217-01226,BIHAR,Gopalganj,Barauli,0,0,,197,10,1226,,105754.79057670098,232227972.12586737,0.0,0.0,170,0.0
10-217-01228,BIHAR,Gopalganj,Baikunthpur,0,0,,197,10,1228,,97825.58906166903,256614409.24172768,0.0,0.0,185,0.0
10-218-01229,BIHAR,Siwan,Nautan,0,0,,222,10,1229,,58324.35348563096,81827813.66620097,0.0,0.0,58,0.0
10-218-01230,BIHAR,Siwan,Siwan,0,0,,222,10,1230,,92599.06904644772,168879532.28230655,0.0,0.0,118,0.0
10-218-01235,BIHAR,Siwan,Bhagwanpur Hat,0,0,,222,10,1235,,86430.4184146014,189582799.91524476,2.960392951965332e-07,4.719467024872269e-08,138,6.512864494323731e-06
10-218-01231,BIHAR,Siwan,Barharia,0,0,,222,10,1231,,90315.6629531122,219606934.01516393,0.0,0.0,160,0.0
10-218-01233,BIHAR,Siwan,Lakri Nabiganj,0,0,,222,10,1233,,79648.98713303795,120773104.6039552,0.0,0.0,88,0.0
10-218-01234,BIHAR,Siwan,Basantpur,0,0,,222,10,1234,,57871.378293950496,76675463.02480637,0.0,0.0,56,0.0
10-218-01236,BIHAR,Siwan,Maharajganj,0,0,,222,10,1236,,119387.58843212528,142817377.5161484,2.960392951965332e-07,1.1209254866664849e-07,103,1.1545532512664795e-05
10-218-01237,BIHAR,Siwan,Pachrukhi,0,0,,222,10,1237,,99183.2392802834,160709761.40986398,0.0,0.0,117,0.0
10-218-01238,BIHAR,Siwan,Hussainganj,0,0,,222,10,1238,,68784.84800107122,105975934.30464326,0.0,0.0,74,0.0
10-218-01239,BIHAR,Siwan,Ziradei,0,0,,222,10,1239,,98825.50869312549,152221780.48504183,0.0,0.0,111,0.0
10-218-01240,BIHAR,Siwan,Mairwa,0,0,,222,10,1240,,65279.2242200428,88898123.37504825,3.113862419128418e-07,1.4153920086947356e-08,66,9.341587257385255e-07
10-218-01242,BIHAR,Siwan,Darauli,0,0,,222,10,1242,,90305.00161970501,214758375.6239279,7.875195068359376e-05,1.123193770045619e-05,155,0.0017409503435707094
10-218-01241,BIHAR,Siwan,Guthani,0,0,,222,10,1241,,78778.78773845347,115110806.99004474,3.113862419128418e-07,2.886018827484876e-07,82,2.366535438537598e-05
10-219-01248,BIHAR,Saran,Mashrakh,0,0,,218,10,1248,,82075.7710341599,165898243.02109933,0.0,0.0,121,0.0
10-218-01243,BIHAR,Siwan,Andar,0,0,,222,10,1243,,83358.60866933218,125625010.62434034,0.0,0.0,87,0.0
10-219-01249,BIHAR,Saran,Panapur,0,0,,218,10,1249,,75875.09329534958,182360909.7404776,0.0,0.0,128,0.0
10-218-01244,BIHAR,Siwan,Raghunathpur,0,0,,222,10,1244,,87824.68008836384,193566358.3438411,0.0,0.0,143,0.0
10-219-01250,BIHAR,Saran,Taraiya,0,0,,218,10,1250,,53629.0613522338,97307015.09151264,0.0,0.0,74,0.0
10-218-01245,BIHAR,Siwan,Hasanpura,0,0,,222,10,1245,,82786.09108287447,121956119.03175904,2.960392951965332e-07,1.6333202493601834e-07,87,1.4209886169433596e-05
10-219-01251,BIHAR,Saran,Ishupur,0,0,,218,10,1251,,62425.60798229613,109300191.56908256,0.0,0.0,76,0.0
10-218-01246,BIHAR,Siwan,Daraundha,0,0,,222,10,1246,,105400.53795370483,157911066.26165873,2.960392951965332e-07,2.5742547408394196e-07,115,2.9603929519653323e-05
10-219-01256,BIHAR,Saran,Jalalpur,0,0,,218,10,1256,,65042.73641147566,147549697.72689733,2.598927001953125e-06,3.3342177085156705e-07,106,3.534270771026611e-05
10-218-01247,BIHAR,Siwan,Siswan,0,0,,222,10,1247,,98184.39847010886,155554872.77293277,2.960392951965332e-07,2.080276128408071e-07,111,2.309106502532959e-05
10-219-01259,BIHAR,Saran,Nagra,0,0,,218,10,1259,,43289.948409307304,65110006.46242106,8.244026184082032e-07,3.508096248545546e-07,47,1.6488052368164067e-05
10-219-01252,BIHAR,Saran,Baniapur,0,0,,218,10,1252,,89199.8841803021,219417775.87250236,2.960392951965332e-07,7.264767980283024e-09,163,1.1841571807861329e-06
10-219-01253,BIHAR,Saran,Lahladpur,0,0,,218,10,1253,,49287.19248841685,70233795.44130237,2.960392951965332e-07,1.5986121940612795e-07,50,7.993060970306397e-06
10-219-01254,BIHAR,Saran,Ekma,0,0,,218,10,1254,,99716.17236158185,176114988.01319405,2.960392951965332e-07,2.960392951965332e-07,128,3.789302978515625e-05
10-219-01255,BIHAR,Saran,Manjhi,0,0,,218,10,1255,,127085.43562979231,244607530.98349065,2.598927001953125e-06,8.061474561691284e-07,180,0.00014510654211044311
10-219-01257,BIHAR,Saran,Revelganj,0,0,,218,10,1257,,84877.1419542779,179359801.45379385,2.598927001953125e-06,9.663645690917969e-07,125,0.0001207955711364746
10-219-01258,BIHAR,Saran,Chapra,0,0,,218,10,1258,,119729.94798472138,239470568.44351175,8.244026184082032e-07,7.728774547576905e-07,176,0.0001360264320373535
10-219-01260,BIHAR,Saran,Marhaura,0,0,,218,10,1260,,87240.95030017926,190752130.05196184,8.244026184082032e-07,2.407014944257528e-08,137,3.297610473632813e-06
10-219-01261,BIHAR,Saran,Amnour,0,0,,218,10,1261,,94922.90618840617,160109081.4065653,8.244026184082032e-07,1.3972925735732259e-08,118,1.6488052368164065e-06
10-219-01263,BIHAR,Saran,Parsa,0,0,,218,10,1263,,85595.91054800974,122749042.93573296,0.0,0.0,88,0.0
10-219-01266,BIHAR,Saran,Dighwara,0,0,,218,10,1266,,81943.45164265168,101347015.6655549,0.0,0.0,72,0.0
10-219-01264,BIHAR,Saran,Dariapur,0,0,,218,10,1264,,115477.27251924115,281302380.67878103,0.0,0.0,202,0.0
10-219-01265,BIHAR,Saran,Garkha,0,0,,218,10,1265,,90147.74693968748,213336409.9887166,8.244026184082032e-07,4.2290783671589653e-07,154,6.512780685424806e-05
10-220-01269,BIHAR,Vaishali,Paterhi Belsar,0,0,,224,10,1269,,56227.36197278124,93522597.26160131,0.0,0.0,69,0.0
10-219-01267,BIHAR,Saran,Sonepur,0,0,,218,10,1267,,70412.64000247594,214865144.18564072,0.0,0.0,162,0.0
10-220-01268,BIHAR,Vaishali,Vaishali,0,0,,224,10,1268,,72706.90824879723,158663399.21103516,0.0,0.0,114,0.0
10-220-01270,BIHAR,Vaishali,Lalganj,0,0,,224,10,1270,,89595.71916906572,184177988.41986412,0.0,0.0,133,0.0
10-221-01294,BIHAR,Samastipur,Mohiuddinagar,0,0,,217,10,1294,,80607.53716768604,178536106.2701614,0.0,0.0,130,0.0
10-220-01271,BIHAR,Vaishali,Bhagwanpur,0,0,,224,10,1271,,98965.72708266653,142473218.81446454,0.0,0.0,102,0.0
10-220-01272,BIHAR,Vaishali,Goraul,0,0,,224,10,1272,,101989.77906286377,122446101.92943335,0.0,0.0,87,0.0
10-220-01273,BIHAR,Vaishali,Chehra Kalan,0,0,,224,10,1273,,63204.34388206024,89818122.94593617,0.0,0.0,66,0.0
10-220-01277,BIHAR,Vaishali,Raja Pakar,0,0,,224,10,1277,,58946.08844196175,93673217.82917874,0.0,0.0,72,0.0
10-220-01274,BIHAR,Vaishali,Patepur,0,0,,224,10,1274,,118180.33822078991,317029999.71255994,0.0,0.0,234,0.0
10-220-01275,BIHAR,Vaishali,Mahua,0,0,,224,10,1275,,86273.82517515696,171155586.12447235,0.0,0.0,125,0.0
10-220-01276,BIHAR,Vaishali,Jandaha,0,0,,224,10,1276,,99044.76663725945,179891527.10359335,0.0,0.0,128,0.0
10-220-01278,BIHAR,Vaishali,Hajipur,0,0,,224,10,1278,,80048.24731377292,194916759.16986817,0.0,0.0,140,0.0
10-220-01280,BIHAR,Vaishali,Bidupur,0,0,,224,10,1280,,88122.3198685409,139375575.9420912,0.0,0.0,99,0.0
10-220-01279,BIHAR,Vaishali,Raghopur,0,0,,224,10,1279,,128641.49950069311,338499790.0832371,0.0,0.0,246,0.0
10-220-01281,BIHAR,Vaishali,Desri,0,0,,224,10,1281,,50183.809114488824,56627949.53624974,0.0,0.0,43,0.0
10-221-01284,BIHAR,Samastipur,Kalyanpur,0,0,,217,10,1284,,147387.26660455638,294821482.9966942,0.0,0.0,214,0.0
10-221-01286,BIHAR,Samastipur,Shivaji Nagar,0,0,,217,10,1286,,96209.25031894707,172333979.18990555,0.0,0.0,130,0.0
10-221-01288,BIHAR,Samastipur,Samastipur,0,0,,217,10,1288,,112474.97484539819,170577777.20953664,0.0,0.0,123,0.0
10-221-01289,BIHAR,Samastipur,Pusa,0,0,,217,10,1289,,64081.7615729533,95008289.7510354,0.0,0.0,65,0.0
10-221-01291,BIHAR,Samastipur,Morwa,0,0,,217,10,1291,,104551.97847793197,152111293.7773472,0.0,0.0,106,0.0
10-221-01292,BIHAR,Samastipur,Patori,0,0,,217,10,1292,,69422.25062895294,130638318.44440164,0.0,0.0,93,0.0
10-221-01295,BIHAR,Samastipur,Sarairanjan,0,0,,217,10,1295,,96463.23467310029,185572344.2706523,0.0,0.0,145,0.0
10-221-01296,BIHAR,Samastipur,Vidyapati Nagar,0,0,,217,10,1296,,62930.2690484309,106322816.42401849,0.0,0.0,75,0.0
10-221-01297,BIHAR,Samastipur,Dalsinghsarai,0,0,,217,10,1297,,80515.23552986495,118201268.21451648,0.0,0.0,89,0.0
10-221-01298,BIHAR,Samastipur,Ujiarpur,0,0,,217,10,1298,,81756.09445970641,209497824.1015558,0.0,0.0,149,0.0
10-221-01300,BIHAR,Samastipur,Rosera,0,0,,217,10,1300,,84599.34785899956,138535375.895554,0.0,0.0,97,0.0
10-221-01299,BIHAR,Samastipur,Bibhutpur,0,0,,217,10,1299,,96600.53522783429,258332531.194082,0.0,0.0,187,0.0
10-221-01301,BIHAR,Samastipur,Singhia,0,0,,217,10,1301,,76055.88015393679,178639507.67998633,0.0,0.0,128,0.0
10-222-01307,BIHAR,Begusarai,Cheria Bariarpur,0,0,,191,10,1307,,80422.0696045629,127840547.1243011,0.0,0.0,89,0.0
10-221-01302,BIHAR,Samastipur,Hasanpur,0,0,,217,10,1302,,122795.93417076243,188091095.39019313,0.0,0.0,138,0.0
10-221-01303,BIHAR,Samastipur,Bithan,0,0,,217,10,1303,,72838.55780104545,149849875.79630712,0.0,0.0,109,0.0
10-222-01304,BIHAR,Begusarai,Khudabandpur,0,0,,191,10,1304,,49522.71992212785,59617610.47663844,0.0,0.0,39,0.0
10-222-01305,BIHAR,Begusarai,Chhorahi,0,0,,191,10,1305,,96201.09768359947,128309829.49376953,0.0,0.0,94,0.0
10-222-01306,BIHAR,Begusarai,Garhpura,0,0,,191,10,1306,,69581.28073662621,88651595.91159394,0.0,0.0,68,0.0
10-222-01308,BIHAR,Begusarai,Bhagwanpur,0,0,,191,10,1308,,102620.52088176137,147276258.21886113,0.0,0.0,106,0.0
10-223-01324,BIHAR,Khagaria,Mansi,0,0,,202,10,1324,,70720.37786012898,86151878.56106131,0.0,0.0,69,0.0
10-222-01309,BIHAR,Begusarai,Mansurchak,0,0,,191,10,1309,,55538.61039021854,42158333.283958256,0.0,0.0,31,0.0
10-224-01333,BIHAR,Bhagalpur,Rangra Chowk,0,0,,192,10,1333,,56200.86409227388,97946271.45940188,0.0,0.0,71,0.0
10-222-01310,BIHAR,Begusarai,Bachhwara,0,0,,191,10,1310,,112893.55520851951,186501763.14040864,0.0,0.0,138,0.0
10-222-01311,BIHAR,Begusarai,Teghra,0,0,,191,10,1311,,93442.93751421869,180050069.66821858,0.0,0.0,129,0.0
10-222-01312,BIHAR,Begusarai,Barauni,0,0,,191,10,1312,,90573.71511882372,141812926.41245717,0.0,0.0,102,0.0
10-222-01313,BIHAR,Begusarai,Birpur,0,0,,191,10,1313,,69057.86510087451,64693086.30641256,0.0,0.0,53,0.0
10-222-01314,BIHAR,Begusarai,Begusarai,0,0,,191,10,1314,,114572.02827886646,273941103.5239774,0.0,0.0,200,0.0
10-222-01315,BIHAR,Begusarai,Naokothi,0,0,,191,10,1315,,61794.845266753924,91575422.87048158,0.0,0.0,64,0.0
10-222-01316,BIHAR,Begusarai,Bakhri,0,0,,191,10,1316,,74902.13049058078,94921186.04856166,0.0,0.0,66,0.0
10-222-01317,BIHAR,Begusarai,Dandari,0,0,,191,10,1317,,77075.31892237118,85364223.36403492,0.0,0.0,65,0.0
10-222-01318,BIHAR,Begusarai,Sahebpur Kamal,0,0,,191,10,1318,,97820.3506924087,179327758.1582562,0.0,0.0,131,0.0
10-222-01319,BIHAR,Begusarai,Balia,0,0,,191,10,1319,,95726.56851828664,181873531.04775092,0.0,0.0,133,0.0
10-222-01320,BIHAR,Begusarai,Matihani,0,0,,191,10,1320,,104199.58891726227,214311339.790948,0.0,0.0,157,0.0
10-222-01321,BIHAR,Begusarai,Shamho Akha Kurha,0,0,,191,10,1321,,47884.70174269599,82130306.58899558,0.0,0.0,58,0.0
10-223-01322,BIHAR,Khagaria,Alauli,0,0,,202,10,1322,,117176.16085281859,337532903.06560946,0.0,0.0,244,0.0
10-223-01323,BIHAR,Khagaria,Khagaria,0,0,,202,10,1323,,164255.4907534744,325761754.1557925,0.0,0.0,229,0.0
10-223-01325,BIHAR,Khagaria,Chautham,0,0,,202,10,1325,,88833.5659059585,205164632.7891582,0.0,0.0,148,0.0
10-228-01376,BIHAR,Sheikhpura,Chewara,0,0,,219,10,1376,,77279.14911837938,141385828.1075451,0.0,0.0,103,0.0
10-223-01326,BIHAR,Khagaria,Beldaur,0,0,,202,10,1326,,101449.44415348554,276820454.1841197,0.0,0.0,203,0.0
10-223-01327,BIHAR,Khagaria,Gogri,0,0,,202,10,1327,,109725.85953588395,321971045.3784509,0.0,0.0,231,0.0
10-223-01328,BIHAR,Khagaria,Parbatta,0,0,,202,10,1328,,89952.53209418767,286770838.53234714,0.0,0.0,215,0.0
10-224-01329,BIHAR,Bhagalpur,Narayanpur,0,0,,192,10,1329,,96964.50839109154,173637043.38008544,0.0,0.0,125,0.0
10-224-01330,BIHAR,Bhagalpur,Bihpur,0,0,,192,10,1330,,98960.16392998041,189427956.2070791,0.0,0.0,141,0.0
10-234-01472,BIHAR,Rohtas,Akorhi Gola,0,0,,215,10,1472,,71741.57946050014,124356844.03544964,4.875404521942139e-05,4.875404521942139e-05,94,0.004582880250625611
10-224-01331,BIHAR,Bhagalpur,Kharik,0,0,,192,10,1331,,103106.05203500649,169292223.68779984,0.0,0.0,125,0.0
10-224-01332,BIHAR,Bhagalpur,Naugachhia,0,0,,192,10,1332,,91833.23423872421,134223697.96961665,0.0,0.0,95,0.0
10-224-01335,BIHAR,Bhagalpur,Pirpainti,0,0,,192,10,1335,,138631.2255747686,411429376.6216011,0.0,0.0,294,0.0
10-224-01336,BIHAR,Bhagalpur,Kahalgaon,0,0,,192,10,1336,,128722.99744742387,352186242.20537144,0.0,0.0,255,0.0
10-224-01337,BIHAR,Bhagalpur,Ismailpur,0,0,,192,10,1337,,66332.03197363381,102752037.41138108,0.0,0.0,75,0.0
10-224-01338,BIHAR,Bhagalpur,Sabour,0,0,,192,10,1338,,85492.0541239663,141198925.34276122,0.0,0.0,102,0.0
10-226-01359,BIHAR,Munger,Dharhara,0,0,,207,10,1359,,105188.90103685112,355220468.750446,0.0,0.0,262,0.0
10-224-01339,BIHAR,Bhagalpur,Nathnagar,0,0,,192,10,1339,,105259.93673308079,163498377.60317266,0.0,0.0,117,0.0
10-226-01360,BIHAR,Munger,Kharagpur,0,0,,207,10,1360,,169586.30903503796,398589433.5102216,0.0,0.0,291,0.0
10-224-01340,BIHAR,Bhagalpur,Sultanganj,0,0,,192,10,1340,,139861.1879796442,266407467.3450057,0.0,0.0,198,0.0
10-224-01341,BIHAR,Bhagalpur,Shahkund,0,0,,192,10,1341,,93276.90256650816,208798734.37786233,0.0,0.0,153,0.0
10-224-01342,BIHAR,Bhagalpur,Goradih,0,0,,192,10,1342,,106918.08891287447,178026414.43832883,0.0,0.0,128,0.0
10-224-01343,BIHAR,Bhagalpur,Jagdishpur,0,0,,192,10,1343,,107045.71303668506,127447147.46016994,0.0,0.0,95,0.0
10-224-01344,BIHAR,Bhagalpur,Sonhaula,0,0,,192,10,1344,,84463.86530366821,214425428.57327408,0.0,0.0,160,0.0
10-225-01345,BIHAR,Banka,Shambhuganj,0,0,,190,10,1345,,85765.27415008907,217970788.89652416,0.0,0.0,157,0.0
10-225-01346,BIHAR,Banka,Amarpur,0,0,,190,10,1346,,98000.87839154692,234663534.19316816,0.0,0.0,176,0.0
10-225-01347,BIHAR,Banka,Rajaun,0,0,,190,10,1347,,86718.04358754268,242814641.5593075,0.0,0.0,179,0.0
10-226-01363,BIHAR,Munger,Tetiha Bambor,0,0,,207,10,1363,,73286.15332623897,95190725.80042528,0.0,0.0,70,0.0
10-225-01348,BIHAR,Banka,Dhuraiya,0,0,,190,10,1348,,106681.6377356153,285703540.38620996,0.0,0.0,208,0.0
10-225-01349,BIHAR,Banka,Barahat,0,0,,190,10,1349,,122910.23058217819,181202001.14064544,0.0,0.0,129,0.0
10-225-01350,BIHAR,Banka,Banka,0,0,,190,10,1350,,137083.07375503817,365153241.48788345,0.0,0.0,275,0.0
10-225-01351,BIHAR,Banka,Phulidumar,0,0,,190,10,1351,,117105.67306472127,248400685.45023423,0.0,0.0,176,0.0
10-225-01352,BIHAR,Banka,Belhar,0,0,,190,10,1352,,118426.40149548957,290570448.277483,2.794844207763672e-06,2.8732043257383543e-07,214,6.148657257080078e-05
10-225-01353,BIHAR,Banka,Chanan,0,0,,190,10,1353,,169565.08902723462,550876204.0147796,8.943540039062501e-06,2.103904936153895e-06,403,0.0008478736892700196
10-225-01354,BIHAR,Banka,Katoria,0,0,,190,10,1354,,180268.89530762268,687665367.2781417,6.398822631835938e-06,5.481063210536759e-07,502,0.0002751493731689453
10-225-01355,BIHAR,Banka,Bausi,0,0,,190,10,1355,,109314.78149810205,385846183.7170387,0.0,0.0,284,0.0
10-226-01356,BIHAR,Munger,Munger,0,0,,207,10,1356,,162390.1628928388,306519605.49277806,0.0,0.0,227,0.0
10-226-01357,BIHAR,Munger,Bariarpur,0,0,,207,10,1357,,122433.4478606843,198040113.63802013,0.0,0.0,143,0.0
10-226-01358,BIHAR,Munger,Jamalpur,0,0,,207,10,1358,,72817.19566814511,112971204.64248075,0.0,0.0,79,0.0
10-226-01361,BIHAR,Munger,Asarganj,0,0,,207,10,1361,,61173.52838786665,72491453.98190036,0.0,0.0,52,0.0
10-226-01362,BIHAR,Munger,Tarapur,0,0,,207,10,1362,,54416.57713098438,86962445.68425661,0.0,0.0,62,0.0
10-226-01364,BIHAR,Munger,Sangrampur,0,0,,207,10,1364,,71205.18318302365,105786037.21986651,0.0,0.0,80,0.0
10-227-01366,BIHAR,Lakhisarai,Pipariya,0,0,,204,10,1366,,87968.2901826016,106258171.87143916,0.0,0.0,76,0.0
10-227-01365,BIHAR,Lakhisarai,Barahiya,0,0,,204,10,1365,,95965.48426593257,248505135.43154767,0.0,0.0,179,0.0
10-227-01367,BIHAR,Lakhisarai,Surajgarha,0,0,,204,10,1367,,140312.1609931406,462726462.37366486,0.0,0.0,340,0.0
10-227-01368,BIHAR,Lakhisarai,Lakhisarai,0,0,,204,10,1368,,117670.76745524361,181316338.94823277,0.0,0.0,133,0.0
10-227-01369,BIHAR,Lakhisarai,Chanan*,0,0,,204,10,1369,,86014.87070350182,177670731.10250506,0.0,0.0,128,0.0
10-228-01375,BIHAR,Sheikhpura,Ghat Kusumbha,0,0,,219,10,1375,,80592.24583619394,99088070.68237934,0.0,0.0,70,0.0
10-227-01370,BIHAR,Lakhisarai,Ramgarh Chowk,0,0,,204,10,1370,,98990.57354622113,128567389.13844268,0.0,0.0,94,0.0
10-227-01371,BIHAR,Lakhisarai,Halsi,0,0,,204,10,1371,,82594.8188222393,191441208.6304817,0.0,0.0,139,0.0
10-228-01372,BIHAR,Sheikhpura,Barbigha,0,0,,219,10,1372,,83879.7675047183,115941853.486741,0.0,0.0,81,0.0
10-228-01373,BIHAR,Sheikhpura,Shekhopur Sarai,0,0,,219,10,1373,,59774.96229914819,65955650.61796794,0.0,0.0,45,0.0
10-228-01374,BIHAR,Sheikhpura,Sheikhpura,0,0,,219,10,1374,,119718.3677454689,225551054.81458032,0.0,0.0,170,0.0
10-228-01377,BIHAR,Sheikhpura,Ariari,0,0,,219,10,1377,,87552.5859976097,183445963.63454768,0.0,0.0,137,0.0
10-229-01378,BIHAR,Nalanda,Karai Parsurai,0,0,,209,10,1378,,58523.47447411047,82148146.79064696,0.0,0.0,60,0.0
10-229-01379,BIHAR,Nalanda,Nagar Nausa,0,0,,209,10,1379,,82570.35159490984,108015836.82811198,0.0,0.0,80,0.0
10-229-01380,BIHAR,Nalanda,Harnaut,0,0,,209,10,1380,,124869.90123154312,224385440.0517296,0.0,0.0,161,0.0
10-229-01381,BIHAR,Nalanda,Chandi,0,0,,209,10,1381,,70527.81459673235,147156102.481168,0.0,0.0,109,0.0
10-229-01382,BIHAR,Nalanda,Rahui,0,0,,209,10,1382,,77076.6108369453,152249665.90613127,0.0,0.0,108,0.0
10-229-01383,BIHAR,Nalanda,Bind,0,0,,209,10,1383,,70364.80140905235,88091657.81671415,0.0,0.0,66,0.0
10-229-01384,BIHAR,Nalanda,Sarmera,0,0,,209,10,1384,,91044.34634338948,167201876.42476654,0.0,0.0,123,0.0
10-229-01385,BIHAR,Nalanda,Asthawan,0,0,,209,10,1385,,92263.18064708126,171325630.7179731,0.0,0.0,125,0.0
10-229-01387,BIHAR,Nalanda,Noorsarai,0,0,,209,10,1387,,78528.62700534344,151514769.88009417,0.0,0.0,114,0.0
10-229-01386,BIHAR,Nalanda,Bihar,0,0,,209,10,1386,,98561.8371020671,215840179.0991975,0.0,0.0,160,0.0
10-229-01390,BIHAR,Nalanda,Hilsa,0,0,,209,10,1390,,93433.88804652911,175765721.10991755,0.0,0.0,131,0.0
10-229-01391,BIHAR,Nalanda,Ekangarsarai,0,0,,209,10,1391,,87121.32234693572,166605847.460251,0.0,0.0,122,0.0
10-229-01392,BIHAR,Nalanda,Islampur,0,0,,209,10,1392,,109868.69145522316,273834151.4326934,1.1620100402832032e-06,6.888203847039606e-07,194,0.00013363115463256836
10-229-01393,BIHAR,Nalanda,Ben,0,0,,209,10,1393,,66947.54721379357,127526149.56798536,1.1620100402832032e-06,2.225125609052942e-07,94,2.0916180725097655e-05
10-230-01398,BIHAR,Patna,Maner,0,0,,212,10,1398,,96133.56350709034,213315300.3597084,8.244026184082032e-07,1.6059791267692273e-07,154,2.47320785522461e-05
10-229-01394,BIHAR,Nalanda,Rajgir,0,0,,209,10,1394,,88740.45664753366,198129288.77271983,1.1620100402832032e-06,4.900994727725075e-07,147,7.20446224975586e-05
10-229-01395,BIHAR,Nalanda,Silao,0,0,,209,10,1395,,79220.42929786978,154752836.13944647,0.0,0.0,114,0.0
10-229-01396,BIHAR,Nalanda,Giriak,0,0,,209,10,1396,,88347.46773236175,99576022.5731765,0.0,0.0,73,0.0
10-229-01397,BIHAR,Nalanda,Katrisarai,0,0,,209,10,1397,,38918.76300208476,48673462.28309288,0.0,0.0,36,0.0
10-230-01399,BIHAR,Patna,Dinapur-Cum-Khagaul,0,0,,212,10,1399,,78598.21354533077,184765788.04152673,0.0,0.0,135,0.0
10-234-01474,BIHAR,Rohtas,Tilouthu,0,0,,215,10,1474,,73885.57639601533,193504401.97342023,0.00017172064758300782,5.566163804244996e-05,140,0.007792629325942994
10-230-01400,BIHAR,Patna,Patna Rural,0,0,,212,10,1400,,87518.10425735511,179850223.48881748,0.0,0.0,131,0.0
10-230-01401,BIHAR,Patna,Sampatchak,0,0,,212,10,1401,,53219.7118618291,78902366.60372826,0.0,0.0,57,0.0
10-230-01406,BIHAR,Patna,Dulhin Bazar,0,0,,212,10,1406,,77792.54009458271,136539622.4680228,1.3282708740234376e-05,3.6225569291548293e-06,99,0.0003586331359863281
10-230-01402,BIHAR,Patna,Phulwari,0,0,,212,10,1402,,70659.26045014715,135940825.49713776,0.0,0.0,96,0.0
10-230-01413,BIHAR,Patna,Khusrupur,0,0,,212,10,1413,,46143.60198551767,78201544.387751,0.0,0.0,58,0.0
10-230-01403,BIHAR,Patna,Bihta,0,0,,212,10,1403,,116564.9809665079,244879174.98088208,8.244026184082032e-07,1.358905414958577e-08,182,2.47320785522461e-06
10-230-01415,BIHAR,Patna,Athmalgola,0,0,,212,10,1415,,47997.69261940102,62827293.65665197,0.0,0.0,47,0.0
10-230-01404,BIHAR,Patna,Naubatpur,0,0,,212,10,1404,,105087.74367689912,205320191.59612688,0.0,0.0,153,0.0
10-230-01405,BIHAR,Patna,Bikram,0,0,,212,10,1405,,86626.03512108007,186422313.04867813,0.0,0.0,137,0.0
10-234-01475,BIHAR,Rohtas,Rohtas,0,0,,215,10,1475,,88257.59288547112,389741138.17794544,0.00012041858335494994,5.738451588412126e-05,288,0.016526740574626924
10-230-01407,BIHAR,Patna,Paliganj,0,0,,212,10,1407,,129476.3041410336,293354152.7667747,1.3282708740234376e-05,1.1668921697028329e-05,214,0.0024971492431640624
10-230-01408,BIHAR,Patna,Masaurhi,0,0,,212,10,1408,,108866.13277400887,248716954.87290823,0.0,0.0,178,0.0
10-230-01409,BIHAR,Patna,Dhanarua,0,0,,212,10,1409,,95102.40821522896,225577653.19725513,0.0,0.0,163,0.0
10-230-01410,BIHAR,Patna,Punpun,0,0,,212,10,1410,,82554.93388622913,161116560.78819045,0.0,0.0,118,0.0
10-230-01411,BIHAR,Patna,Fatwah,0,0,,212,10,1411,,97950.27190535897,155697451.47083917,0.0,0.0,115,0.0
10-230-01412,BIHAR,Patna,Daniawan,0,0,,212,10,1412,,69689.77872311571,79566220.36857046,0.0,0.0,56,0.0
10-230-01414,BIHAR,Patna,Bakhtiarpur,0,0,,212,10,1414,,120205.01587822943,168153072.20481881,0.0,0.0,120,0.0
10-230-01416,BIHAR,Patna,Belchhi,0,0,,212,10,1416,,88573.78025963024,87443681.0926542,0.0,0.0,70,0.0
10-230-01417,BIHAR,Patna,Barh,0,0,,212,10,1417,,95365.9771693495,147280816.515725,0.0,0.0,104,0.0
10-230-01419,BIHAR,Patna,Ghoswari,0,0,,212,10,1419,,66454.95033385535,164897376.1169027,0.0,0.0,126,0.0
10-230-01418,BIHAR,Patna,Pandarak,0,0,,212,10,1418,,106894.44852036482,252509471.6555304,0.0,0.0,180,0.0
10-232-01438,BIHAR,Buxar,Chaugain,0,0,,194,10,1438,,52625.33924401454,66025696.44875917,3.916557937622071e-05,3.916557937622071e-05,49,0.0019191133894348148
10-232-01439,BIHAR,Buxar,Kesath,0,0,,194,10,1439,,34661.84662025829,38236018.49691825,3.916557937622071e-05,3.916557937622071e-05,29,0.0011358018019104006
10-230-01420,BIHAR,Patna,Mokameh,0,0,,212,10,1420,,127700.39840194934,244519830.48183808,0.0,0.0,181,0.0
10-231-01421,BIHAR,Bhojpur,Shahpur,0,0,,193,10,1421,,110658.91431619873,211766871.4500774,1.7471483154296877e-05,5.450632067949345e-06,156,0.0008502986026000977
10-234-01460,BIHAR,Rohtas,Suryapura,0,0,,215,10,1460,,56159.7630280001,69765063.31452103,5.875700744628907e-05,5.875700744628906e-05,47,0.002761579349975586
10-231-01422,BIHAR,Bhojpur,Arrah,0,0,,193,10,1422,,120924.06747051864,221925641.7145924,1.7471483154296877e-05,5.544215823959255e-06,159,0.0008815303160095216
10-231-01423,BIHAR,Bhojpur,Barhara,0,0,,193,10,1423,,128817.96875565937,258494738.36324885,2.598927001953125e-06,1.3818448331343567e-06,191,0.00026393236312866216
10-231-01424,BIHAR,Bhojpur,Koilwar,0,0,,193,10,1424,,94779.33453556667,208456312.66749656,8.244026184082032e-07,1.7705291133598995e-07,149,2.6380883789062504e-05
10-231-01425,BIHAR,Bhojpur,Sandesh,0,0,,193,10,1425,,60697.76797134289,164599530.19806212,1.3282708740234376e-05,2.026175909527278e-06,118,0.00023908875732421878
10-231-01426,BIHAR,Bhojpur,Udwant Nagar,0,0,,193,10,1426,,92445.60417460876,217797556.82002312,1.7471483154296877e-05,1.0526297304141596e-05,161,0.0016947338659667969
10-234-01461,BIHAR,Rohtas,Bikramganj,0,0,,215,10,1461,,88556.32896667719,168723569.68103397,5.875700744628907e-05,5.875700744628907e-05,129,0.00757965396057129
10-231-01427,BIHAR,Bhojpur,Behea,0,0,,193,10,1427,,114516.77527652554,206091349.70539597,3.916557937622071e-05,2.3333634465535484e-05,150,0.003500045169830323
10-231-01428,BIHAR,Bhojpur,Jagdishpur,0,0,,193,10,1428,,109726.00219208181,318463526.4488765,3.916557937622071e-05,1.9659922685455857e-05,228,0.004482462372283936
10-231-01429,BIHAR,Bhojpur,Piro,0,0,,193,10,1429,,100703.96274410955,268205354.86689487,5.956528350830078e-05,5.049534179534913e-05,200,0.010099068359069825
10-234-01462,BIHAR,Rohtas,Karakat,0,0,,215,10,1462,,102232.22868007293,251121712.10833624,5.956528350830078e-05,5.6328712017536165e-05,176,0.009913853315086365
10-231-01430,BIHAR,Bhojpur,Charpokhari,0,0,,193,10,1430,,88834.1327790213,135855258.49695313,5.956528350830078e-05,4.715868971975227e-05,95,0.0044800755233764655
10-231-01431,BIHAR,Bhojpur,Garhani,0,0,,193,10,1431,,93054.52180151101,137128723.85739592,5.956528350830078e-05,2.2375615234375003e-05,103,0.0023046883691406252
10-231-01432,BIHAR,Bhojpur,Agiaon,0,0,,193,10,1432,,87534.07309197474,191419206.17039648,5.956528350830078e-05,2.9601714299702815e-05,139,0.0041146382876586915
10-231-01433,BIHAR,Bhojpur,Tarari,0,0,,193,10,1433,,95157.98131215997,247108515.4982669,5.956528350830078e-05,5.947851941124868e-05,177,0.010527697935791017
10-231-01434,BIHAR,Bhojpur,Sahar,0,0,,193,10,1434,,61748.81499939302,157154129.14318892,5.956528350830078e-05,5.20493098280165e-05,117,0.006089769249877931
10-232-01435,BIHAR,Buxar,Simri,0,0,,194,10,1435,,87047.69219699135,222195796.247413,0.0001241191717529297,4.680909792318577e-05,164,0.007676692059402466
10-232-01436,BIHAR,Buxar,Chakki,0,0,,194,10,1436,,73799.54032015939,80420668.23199363,3.916557937622071e-05,1.2254972639083862e-05,64,0.0007843182489013672
10-232-01437,BIHAR,Buxar,Barhampur,0,0,,194,10,1437,,133928.15369382405,240152233.65370417,3.916557937622071e-05,3.3239092222004276e-05,173,0.00575036295440674
10-232-01440,BIHAR,Buxar,Dumraon,0,0,,194,10,1440,,115797.88145848007,238641355.07175583,0.0001241191717529297,6.480246228280151e-05,169,0.010951616125793456
10-232-01441,BIHAR,Buxar,Buxar,0,0,,194,10,1441,,90996.21871903203,211591033.38394436,0.0001241191717529297,0.00012371478555424202,157,0.019423221332015995
10-232-01442,BIHAR,Buxar,Chausa,0,0,,194,10,1442,,99103.08457070828,138502720.57991108,0.00018656615814208985,0.00011328349799895957,107,0.012121334285888673
10-232-01443,BIHAR,Buxar,Rajpur,0,0,,194,10,1443,,121142.9666413415,336933113.12217736,0.00020138295963287355,0.00017955608395525875,245,0.043991240569038394
10-232-01444,BIHAR,Buxar,Itarhi,0,0,,194,10,1444,,109439.3274763228,293713382.2816445,0.00020138295963287355,0.00012485853814412533,209,0.026095434472122196
10-232-01445,BIHAR,Buxar,Nawanagar,0,0,,194,10,1445,,126567.10382889764,229774401.79100823,0.00020138295963287355,5.20447973346146e-05,169,0.008795570749549867
10-233-01446,BIHAR,Kaimur (Bhabua),Ramgarh,0,0,,200,10,1446,,124781.0721120257,206666195.02442607,0.00018656615814208985,0.0001546847252460505,151,0.023357393512153626
10-233-01447,BIHAR,Kaimur (Bhabua),Nuaon,0,0,,200,10,1447,,121732.74643995032,235834986.4758632,0.00020138295963287355,0.0001783277706775331,171,0.03049404878585816
10-233-01448,BIHAR,Kaimur (Bhabua),Kudra,0,0,,200,10,1448,,132624.50147962422,255577893.54332253,0.00018656615814208985,0.00016463497517721994,189,0.031116010308494566
10-233-01449,BIHAR,Kaimur (Bhabua),Mohania,0,0,,200,10,1449,,142323.6809133636,349176573.6513165,0.00018656615814208985,0.0001598298133337498,256,0.04091643221343995
10-233-01450,BIHAR,Kaimur (Bhabua),Durgawati,0,0,,200,10,1450,,108544.41183902678,212580801.4059764,8.413857585906983e-05,8.413857585906983e-05,154,0.012957340682296755
10-233-01451,BIHAR,Kaimur (Bhabua),Chand,0,0,,200,10,1451,,97099.60209928264,257974481.1925409,8.413857585906983e-05,5.2834260516876866e-05,188,0.009932840977172851
10-233-01452,BIHAR,Kaimur (Bhabua),Chainpur,0,0,,200,10,1452,,170712.34536647963,555311526.8488017,8.413857585906983e-05,3.978044234957684e-05,407,0.01619064003627777
10-233-01453,BIHAR,Kaimur (Bhabua),Bhabua,0,0,,200,10,1453,,143727.89821118704,407618990.38615096,0.00018656615814208985,0.00010825519544861247,301,0.03258481383003235
10-233-01454,BIHAR,Kaimur (Bhabua),Rampur,0,0,,200,10,1454,,126612.15498309073,210660395.23746365,0.00014922387363433838,0.00011039325871537996,149,0.016448595548591613
10-233-01455,BIHAR,Kaimur (Bhabua),Bhagwanpur,0,0,,200,10,1455,,134815.05705103654,292151198.96788174,0.00014922387363433838,7.472261229745584e-05,211,0.015766471194763182
10-233-01456,BIHAR,Kaimur (Bhabua),Adhaura,0,0,,200,10,1456,,271357.2345421078,1135984955.9859164,0.00014922387363433838,2.5983256296705083e-05,833,0.021644052495155334
10-234-01457,BIHAR,Rohtas,Kochas,0,0,,215,10,1457,,90248.48407846906,187033418.62218276,0.00020138295963287355,0.00019678077129103923,132,0.02597506181041718
10-234-01458,BIHAR,Rohtas,Dinara,0,0,,215,10,1458,,157118.7651045217,464648316.8452498,0.00020138295963287355,0.0001679223256888068,341,0.05726151305988312
10-234-01459,BIHAR,Rohtas,Dawath,0,0,,215,10,1459,,78120.6651060775,129910427.66035384,5.875700744628907e-05,5.875700744628906e-05,94,0.005523158699951172
10-234-01466,BIHAR,Rohtas,Nokha,0,0,,215,10,1466,,82152.91978314315,208772248.59610957,0.00020138295963287355,0.00014770957614280083,148,0.021861017269134524
10-235-01476,BIHAR,Aurangabad,Daudnagar,0,0,,189,10,1476,,91010.07504965532,238139281.75712803,5.241237396240235e-05,5.194982665007142e-05,174,0.009039269837112427
10-234-01467,BIHAR,Rohtas,Kargahar,0,0,,215,10,1467,,128509.87472624176,406135690.59563094,0.00020138295963287355,0.00017734330395969186,296,0.05249361797206879
10-234-01468,BIHAR,Rohtas,Chenari,0,0,,215,10,1468,,121720.69626398994,292642418.8385522,0.00017172064758300782,8.990111327770145e-05,215,0.01932873935470581
10-234-01469,BIHAR,Rohtas,Nauhatta,0,0,,215,10,1469,,175494.75594492842,478591449.404211,0.00012041858335494994,5.9312566566197885e-05,354,0.02099664856443405
10-234-01470,BIHAR,Rohtas,Sheosagar,0,0,,215,10,1470,,135463.8765525897,406503956.12222886,0.00017172064758300782,0.0001193849609738366,295,0.0352185634872818
10-234-01471,BIHAR,Rohtas,Sasaram,0,0,,215,10,1471,,135810.11950728856,394273130.8742507,0.00017172064758300782,0.0001353892841035251,290,0.03926289239002228
10-234-01473,BIHAR,Rohtas,Dehri,0,0,,215,10,1473,,97323.52013589225,199371136.99043605,0.00017172064758300782,6.736789266152217e-05,145,0.009768344435920714
10-235-01477,BIHAR,Aurangabad,Haspura,0,0,,189,10,1477,,88845.10694940752,164519986.5205008,5.540948272705079e-05,5.246191295024779e-05,121,0.006347891466979982
10-235-01478,BIHAR,Aurangabad,Goh,0,0,,189,10,1478,,122286.20877621078,374665187.3660463,5.540948272705079e-05,5.4572055278104893e-05,272,0.014843599035644531
10-236-01491,BIHAR,Gaya,Neem Chak Bathani,0,0,,196,10,1491,,79540.44278654993,146770773.7769567,1.1620100402832032e-06,1.1620100402832032e-06,103,0.00011968703414916992
10-235-01479,BIHAR,Aurangabad,Rafiganj,0,0,,189,10,1479,,167069.30684925965,465687847.79432577,6.32335205078125e-05,5.718707079129486e-05,341,0.019500791139831546
10-235-01480,BIHAR,Aurangabad,Obra,0,0,,189,10,1480,,130720.05569071589,327203821.09876627,6.32335205078125e-05,5.205857519061254e-05,237,0.012337882320175173
10-236-01494,BIHAR,Gaya,Manpur,0,0,,196,10,1494,,77081.78707553667,161226183.41058797,4.5721443176269534e-07,4.534132965751317e-07,115,5.2142529106140144e-05
10-235-01481,BIHAR,Aurangabad,Aurangabad,0,0,,189,10,1481,,125502.68609205673,344679798.38062614,6.32335205078125e-05,6.109287209272386e-05,256,0.015639775255737308
10-237-01511,BIHAR,Nawada,Nardiganj,0,0,,210,10,1511,,60262.24041371029,129808165.4472442,0.0,0.0,95,0.0
10-235-01482,BIHAR,Aurangabad,Barun,0,0,,189,10,1482,,117269.30390529483,381782699.30215496,5.378514129638672e-05,5.2168003271647865e-05,280,0.014607040916061402
10-235-01483,BIHAR,Aurangabad,Nabinagar,0,0,,189,10,1483,,173491.30877801325,657546828.2218357,0.00012041858335494994,5.668040354766214e-05,483,0.02737663491352081
10-235-01484,BIHAR,Aurangabad,Kutumba,0,0,,189,10,1484,,110495.73757590447,319048251.76106954,5.378514129638672e-05,3.1187825477300255e-05,229,0.007142012034301759
10-235-01485,BIHAR,Aurangabad,Deo,0,0,,189,10,1485,,158578.88849021672,336990745.1586724,6.32335205078125e-05,3.7052169653903925e-05,251,0.009300094583129885
10-235-01486,BIHAR,Aurangabad,Madanpur,0,0,,189,10,1486,,153529.37367368402,418713952.50229967,6.32335205078125e-05,4.944913194971178e-05,309,0.015279781772460938
10-236-01487,BIHAR,Gaya,Konch,0,0,,196,10,1487,,154041.56172387034,319288521.7326548,5.540948272705079e-05,5.4799216355948614e-05,232,0.012713418194580078
10-236-01488,BIHAR,Gaya,Tikari,0,0,,196,10,1488,,122221.36853604284,290576655.12704176,5.540948272705079e-05,3.6400208508202786e-05,218,0.007935245454788208
10-236-01489,BIHAR,Gaya,Belaganj,0,0,,196,10,1489,,113473.13279109563,240372540.95814112,3.697883224487305e-07,3.697883224487305e-07,180,6.65618980407715e-05
10-236-01490,BIHAR,Gaya,Khizirsarai,0,0,,196,10,1490,,103698.13096672995,223124430.97950032,1.1620100402832032e-06,7.597568761652166e-07,165,0.00012535988456726074
10-236-01492,BIHAR,Gaya,Muhra,0,0,,196,10,1492,,93681.45756176667,181269438.2139707,2.251314392089844e-06,1.3235076198293203e-06,134,0.00017735002105712891
10-236-01493,BIHAR,Gaya,Atri,0,0,,196,10,1493,,103075.15367958385,161340647.62451813,2.251314392089844e-06,1.3018399913371112e-06,119,0.00015491895896911623
10-236-01495,BIHAR,Gaya,Gaya Town C.D.Block,0,0,,196,10,1495,,91678.58033080616,224144813.6021213,4.5721443176269534e-07,4.447249875749861e-07,161,7.160072299957276e-05
10-236-01496,BIHAR,Gaya,Paraiya,0,0,,196,10,1496,,75593.31264449215,167300846.5298876,5.33273974609375e-05,3.041698481496175e-05,120,0.00365003817779541
10-236-01497,BIHAR,Gaya,Guraru,0,0,,196,10,1497,,81292.54933661391,199646285.7542363,5.33273974609375e-05,5.33273974609375e-05,147,0.007839127426757813
10-237-01512,BIHAR,Nawada,Nawada,0,0,,210,10,1512,,86822.75137888109,219317998.1072041,4.2252464294433597e-07,2.4221157875789963e-08,157,3.802721786499024e-06
10-236-01498,BIHAR,Gaya,Gurua,0,0,,196,10,1498,,117859.62964526065,238015237.1519128,5.33273974609375e-05,4.562376900954054e-05,173,0.007892912038650514
10-236-01499,BIHAR,Gaya,Amas,0,0,,196,10,1499,,100546.69423332924,128484051.44985774,6.32335205078125e-05,1.2113392526726972e-05,95,0.0011507722900390624
10-237-01517,BIHAR,Nawada,Roh,0,0,,210,10,1517,,77804.52626079548,192537548.9783989,4.2252464294433597e-07,3.814458582136366e-08,144,5.492820358276367e-06
10-236-01500,BIHAR,Gaya,Banke Bazar,0,0,,196,10,1500,,85166.97220092022,256240042.68049288,1.9429296875000003e-05,5.327387852822582e-06,186,0.0009908941406250003
10-236-01501,BIHAR,Gaya,Imamganj,0,0,,196,10,1501,,136271.57775821586,316917295.57645696,1.9429296875000003e-05,1.2600590023535568e-05,239,0.003011541015625001
10-236-01502,BIHAR,Gaya,Dumaria,0,0,,196,10,1502,,119690.94596035974,390676703.928496,1.9429296875000003e-05,1.6197052053351153e-05,285,0.004616159835205079
10-236-01503,BIHAR,Gaya,Sherghati,0,0,,196,10,1503,,100322.2973073121,167902109.12194017,5.33273974609375e-05,5.647380571442891e-06,123,0.0006946278102874755
10-238-01531,BIHAR,Jamui,Gidhaur,0,0,,198,10,1531,,55211.5633940527,100392309.18230554,0.0,0.0,75,0.0
10-236-01504,BIHAR,Gaya,Dobhi,0,0,,196,10,1504,,103572.88994215836,218837778.49499393,0.0,0.0,161,0.0
10-236-01505,BIHAR,Gaya,Bodh Gaya,0,0,,196,10,1505,,120948.91182130505,306843965.9119923,5.33273974609375e-05,8.791852659142537e-07,230,0.00020221261116027835
10-236-01506,BIHAR,Gaya,Tan Kuppa,0,0,,196,10,1506,,108147.94853451202,190099968.23000297,2.251314392089844e-06,1.511258645698206e-06,134,0.00020250865852355958
10-240-01542,BIHAR,Arwal,Arwal,0,0,,611,10,1542,,73924.8054791393,147787869.27798152,5.956528350830078e-05,2.529837718963623e-05,104,0.0026310312277221678
10-236-01507,BIHAR,Gaya,Wazirganj,0,0,,196,10,1507,,105472.06999302967,323030583.61833626,2.251314392089844e-06,2.091669904094632e-06,236,0.0004936340973663332
10-236-01508,BIHAR,Gaya,Fatehpur,0,0,,196,10,1508,,155359.44599717355,408449805.62920874,2.251314392089844e-06,8.946571179440148e-07,304,0.0002719757638549805
10-240-01543,BIHAR,Arwal,Kaler,0,0,,611,10,1543,,67777.19153730445,176075758.749563,5.956528350830078e-05,5.8364031523493416e-05,131,0.007645688129577637
10-236-01509,BIHAR,Gaya,Mohanpur,0,0,,196,10,1509,,119906.24818546322,418796109.2883684,4.5721443176269534e-07,4.6777714140737805e-08,303,1.4173647384643555e-05
10-240-01544,BIHAR,Arwal,Karpi,0,0,,611,10,1544,,158139.92638461498,234985661.7206014,5.956528350830078e-05,1.9927503168860148e-05,172,0.0034275305450439456
10-236-01510,BIHAR,Gaya,Barachatti,0,0,,196,10,1510,,138753.78132836288,366328956.31361085,0.0,0.0,275,0.0
10-237-01513,BIHAR,Nawada,Warisaliganj,0,0,,210,10,1513,,109792.76918459819,202861050.3008767,0.0,0.0,147,0.0
10-237-01514,BIHAR,Nawada,Kashi Chak,0,0,,210,10,1514,,73948.94452619922,98983451.20841853,0.0,0.0,72,0.0
10-237-01515,BIHAR,Nawada,Pakribarawan,0,0,,210,10,1515,,104545.76938151139,251834567.85717744,0.0,0.0,184,0.0
10-237-01516,BIHAR,Nawada,Kawakol,0,0,,210,10,1516,,121170.20018263235,362955647.76482904,0.0,0.0,266,0.0
10-237-01518,BIHAR,Nawada,Gobindpur,0,0,,210,10,1518,,73133.35659787485,188189390.13263756,4.2252464294433597e-07,1.1468526022774831e-07,140,1.6055936431884764e-05
10-237-01519,BIHAR,Nawada,Akbarpur,0,0,,210,10,1519,,91268.2921062847,249541236.96202633,4.2252464294433597e-07,4.2252464294433597e-07,184,7.774453430175782e-05
10-237-01520,BIHAR,Nawada,Hisua,0,0,,210,10,1520,,85113.4923130193,144090762.99664384,2.251314392089844e-06,1.0044683859898493e-06,104,0.00010446471214294434
10-237-01521,BIHAR,Nawada,Narhat,0,0,,210,10,1521,,62856.50481924386,99624005.77002536,4.2252464294433597e-07,4.2252464294433597e-07,69,2.9154200363159182e-05
10-237-01522,BIHAR,Nawada,Meskaur,0,0,,210,10,1522,,75185.00287586387,145604023.18435815,2.251314392089844e-06,1.7288030351911272e-06,112,0.00019362593994140626
10-237-01523,BIHAR,Nawada,Sirdala,0,0,,210,10,1523,,111278.51695598938,301894539.186342,2.251314392089844e-06,8.479293511766909e-07,218,0.0001848485985565186
10-237-01524,BIHAR,Nawada,Rajauli,0,0,,210,10,1524,,132370.86211000624,450216393.36794454,8.138702392578126e-07,5.369140395889053e-07,333,0.00017879237518310544
10-238-01525,BIHAR,Jamui,Islamnagar Aliganj,0,0,,198,10,1525,,96153.77396855215,213408239.47295904,0.0,0.0,156,0.0
10-238-01526,BIHAR,Jamui,Sikandra,0,0,,198,10,1526,,86788.2538333537,223096734.30010977,0.0,0.0,162,0.0
10-238-01527,BIHAR,Jamui,Jamui,0,0,,198,10,1527,,90084.78430112793,212157753.6648698,0.0,0.0,155,0.0
10-238-01528,BIHAR,Jamui,Barhat,0,0,,198,10,1528,,114104.37581341481,270298087.1382075,0.0,0.0,197,0.0
10-238-01529,BIHAR,Jamui,Lakshmipur,0,0,,198,10,1529,,112147.89260238525,307635253.00857943,0.0,0.0,225,0.0
10-238-01530,BIHAR,Jamui,Jhajha,0,0,,198,10,1530,,147664.43327942316,507112726.974952,2.794844207763672e-06,2.1981072012411583e-06,370,0.0008132996644592286
10-238-01532,BIHAR,Jamui,Khaira,0,0,,198,10,1532,,142747.05687020053,513762691.7981683,0.0,0.0,377,0.0
10-238-01533,BIHAR,Jamui,Sono,0,0,,198,10,1533,,117724.39892386932,474283005.7300444,6.460696563720704e-06,4.5043112899649107e-07,349,0.00015720046401977538
10-238-01534,BIHAR,Jamui,Chakai,0,0,,198,10,1534,,243956.2217086091,956725034.6798706,8.943540039062501e-06,6.8272177067347936e-06,700,0.004779052394714356
10-239-01535,BIHAR,Jehanabad,Ratni Faridpur,0,0,,199,10,1535,,82762.53932271499,155018952.20303965,5.540948272705079e-05,1.0422074299193266e-05,114,0.0011881164701080323
10-239-01536,BIHAR,Jehanabad,Jehanabad,0,0,,199,10,1536,,97254.09844747804,201426556.69272655,0.0,0.0,148,0.0
10-239-01537,BIHAR,Jehanabad,Kako,0,0,,199,10,1537,,83599.3529020472,162373941.78194478,0.0,0.0,118,0.0
10-239-01538,BIHAR,Jehanabad,Modanganj,0,0,,199,10,1538,,66522.90037500951,97205276.85869928,0.0,0.0,69,0.0
10-239-01539,BIHAR,Jehanabad,Ghoshi,0,0,,199,10,1539,,82931.95174196921,112225161.55433495,3.697883224487305e-07,1.4702427278082058e-07,83,1.2203014640808107e-05
10-239-01540,BIHAR,Jehanabad,Makhdumpur,0,0,,199,10,1540,,128831.72570768485,301471679.33572614,3.697883224487305e-07,3.288900748046313e-07,217,7.136914623260499e-05
10-239-01541,BIHAR,Jehanabad,Hulasganj,0,0,,199,10,1541,,87179.53907708311,119677697.18988888,1.1620100402832032e-06,6.414665167066785e-07,90,5.773198650360107e-05
10-240-01545,BIHAR,Arwal,Sonbhadra Banshi Suryapur,0,0,,611,10,1545,,62692.97791397586,116643000.97724338,5.540948272705079e-05,4.525845285070948e-05,83,0.003756451586608887
10-240-01546,BIHAR,Arwal,Kurtha,0,0,,611,10,1546,,71585.17106640573,106433073.5354984,5.540948272705079e-05,3.4886182579627406e-05,78,0.002721122241210938
10-224-01334,BIHAR,Bhagalpur,Gopalpur,0,0,,192,10,1334,,95407.9186210158,208941966.91883087,0.0,0.0,153,0.0
10-210-01127,BIHAR,Kishanganj,Kishanganj,0,0,,203,10,1127,,125268.33771117091,207105687.55921903,0.0,0.0,152,0.0
10-206-01064,BIHAR,Sitamarhi,Suppi,0,0,,221,10,1064,,71084.15120823232,92250451.53846286,0.0,0.0,66,0.0
10-234-01463,BIHAR,Rohtas,Nasriganj,0,0,,215,10,1463,,90034.07903274363,167356919.18355417,0.0003069806285095215,0.0003004139963713147,126,0.03785216354278565
10-234-01464,BIHAR,Rohtas,Rajpur,0,0,,215,10,1464,,68660.48684625747,85633596.4997788,0.00030387947845458987,0.0003038794784545898,63,0.01914440714263916
10-234-01465,BIHAR,Rohtas,Sanjhauli,0,0,,215,10,1465,,56591.722358052,83833486.39015438,0.00030387947845458987,0.0002694458965337844,63,0.016975091481628415
10-203-01023,BIHAR,Pashchim Champaran,Thakrahan,0,0,,211,10,1023,,79847.09402015881,199004696.79409248,0.0,0.0,145,0.0
10-204-01054,BIHAR,Purbi Champaran,Phenhara,0,0,,213,10,1054,,44565.43736457999,67645025.94776015,0.0,0.0,51,0.0
10-219-01262,BIHAR,Saran,Maker,0,0,,218,10,1262,,62357.8736467211,96585777.9808088,0.0,0.0,71,0.0
10-220-01282,BIHAR,Vaishali,Sahdai Buzurg,0,0,,224,10,1282,,74546.65030748869,114161677.3631406,0.0,0.0,84,0.0
10-229-01388,BIHAR,Nalanda,Tharthari,0,0,,209,10,1388,,71853.42144919158,77411758.12428828,0.0002747575173187256,0.00026039837096885406,54,0.014061512032318119
10-229-01389,BIHAR,Nalanda,Parbalpur,0,0,,209,10,1389,,54466.2339431045,76043839.88376136,0.0002747575173187256,0.00025003194643565587,56,0.014001789000396728
10-203-01022,BIHAR,Pashchim Champaran,Bhitaha,0,0,,211,10,1022,,72626.86760213553,166969906.7472905,0.0,0.0,117,0.0
10-203-01013,BIHAR,Pashchim Champaran,Sidhaw,0,0,,211,10,1013,,195582.3602130639,1085337194.6715722,0.0,0.0,781,0.0
10-203-01014,BIHAR,Pashchim Champaran,Ramnagar,0,0,,211,10,1014,,230865.78384139363,866139404.2451236,0.0,0.0,621,0.0
10-203-01015,BIHAR,Pashchim Champaran,Gaunaha,0,0,,211,10,1015,,136504.94021895694,605322845.3823951,0.0,0.0,441,0.0
10-203-01016,BIHAR,Pashchim Champaran,Mainatanr,0,0,,211,10,1016,,115419.13930249632,312998546.4010918,0.0,0.0,221,0.0
10-203-01017,BIHAR,Pashchim Champaran,Narkatiaganj,0,0,,211,10,1017,,149144.20649331805,441857686.2127825,0.0,0.0,314,0.0
10-203-01018,BIHAR,Pashchim Champaran,Lauriya,0,0,,211,10,1018,,120853.32018665274,255440417.54612216,0.0,0.0,183,0.0
10-203-01019,BIHAR,Pashchim Champaran,Bagaha,0,0,,211,10,1019,,135587.24079810514,491292931.53180623,0.0,0.0,352,0.0
10-203-01021,BIHAR,Pashchim Champaran,Madhubani,0,0,,211,10,1021,,144670.82201821523,386116138.1353823,0.0,0.0,276,0.0
10-203-01024,BIHAR,Pashchim Champaran,Jogapatti,0,0,,211,10,1024,,88530.23644360513,258722436.3759333,0.0,0.0,186,0.0
10-203-01029,BIHAR,Pashchim Champaran,Bairia,0,0,,211,10,1029,,105039.82861382668,288505226.87341565,0.0,0.0,208,0.0
10-203-01025,BIHAR,Pashchim Champaran,Chanpatia,0,0,,211,10,1025,,113543.7602983494,310017349.34780717,0.0,0.0,226,0.0
10-206-01071,BIHAR,Sitamarhi,Parsauni,0,0,,221,10,1071,,63729.135625112256,74724139.64418457,0.0,0.0,55,0.0
10-203-01026,BIHAR,Pashchim Champaran,Sikta,0,0,,211,10,1026,,93443.22825707054,255004178.86147365,0.0,0.0,183,0.0
10-203-01027,BIHAR,Pashchim Champaran,Majhaulia,0,0,,211,10,1027,,123374.4030721297,371511179.15939575,0.0,0.0,265,0.0
10-203-01028,BIHAR,Pashchim Champaran,Bettiah,0,0,,211,10,1028,,53968.26030594324,83182055.35378212,0.0,0.0,59,0.0
10-203-01030,BIHAR,Pashchim Champaran,Nautan,0,0,,211,10,1030,,122656.63983711715,245738630.13883996,0.0,0.0,171,0.0
10-204-01031,BIHAR,Purbi Champaran,Raxaul,0,0,,213,10,1031,,98709.78801801558,166685360.13968688,0.0,0.0,124,0.0
10-206-01072,BIHAR,Sitamarhi,Belsand,0,0,,221,10,1072,,66235.5873217276,97354060.86547032,0.0,0.0,70,0.0
10-206-01073,BIHAR,Sitamarhi,Runisaidpur,0,0,,221,10,1073,,152472.54206325076,334873257.0825382,0.0,0.0,243,0.0
10-204-01032,BIHAR,Purbi Champaran,Adapur,0,0,,213,10,1032,,94532.37688292323,199608924.7111849,0.0,0.0,148,0.0
10-206-01074,BIHAR,Sitamarhi,Dumra,0,0,,221,10,1074,,111649.34177378344,241159212.36062923,0.0,0.0,178,0.0
10-204-01033,BIHAR,Purbi Champaran,Ramgarhwa,0,0,,213,10,1033,,90718.26831189607,213035907.5226096,0.0,0.0,154,0.0
10-204-01034,BIHAR,Purbi Champaran,Sugauli,0,0,,213,10,1034,,84892.41923436844,209336830.19001696,0.0,0.0,149,0.0
10-204-01038,BIHAR,Purbi Champaran,Ghorasahan,0,0,,213,10,1038,,75335.10865687576,144368243.47105,0.0,0.0,104,0.0
10-204-01035,BIHAR,Purbi Champaran,Banjaria,0,0,,213,10,1035,,102381.40449613356,176960195.87167916,0.0,0.0,124,0.0
10-204-01047,BIHAR,Purbi Champaran,Kesaria,0,0,,213,10,1047,,87546.8206889307,229535442.11688668,0.0,0.0,168,0.0
10-204-01036,BIHAR,Purbi Champaran,Narkatia,0,0,,213,10,1036,,105607.09704406632,168338010.30978012,0.0,0.0,120,0.0
10-204-01037,BIHAR,Purbi Champaran,Bankatwa,0,0,,213,10,1037,,99233.37216886049,115311013.90225838,0.0,0.0,82,0.0
10-204-01039,BIHAR,Purbi Champaran,Dhaka,0,0,,213,10,1039,,97673.73467814895,202386545.86227983,0.0,0.0,145,0.0
10-204-01048,BIHAR,Purbi Champaran,Kalyanpur,0,0,,213,10,1048,,109413.20044555076,313300912.50613195,0.0,0.0,230,0.0
10-204-01040,BIHAR,Purbi Champaran,Chiraia,0,0,,213,10,1040,,110764.71696779084,272984575.32652414,0.0,0.0,199,0.0
10-204-01041,BIHAR,Purbi Champaran,Motihari,0,0,,213,10,1041,,181544.26702654368,319814691.13850176,0.0,0.0,241,0.0
10-204-01049,BIHAR,Purbi Champaran,Kotwa,0,0,,213,10,1049,,78879.98205471091,178282937.71225017,0.0,0.0,126,0.0
10-204-01042,BIHAR,Purbi Champaran,Turkaulia,0,0,,213,10,1042,,99475.78497366334,174748315.94966665,0.0,0.0,130,0.0
10-204-01050,BIHAR,Purbi Champaran,Piprakothi,0,0,,213,10,1050,,58369.33889310607,62223774.49301849,0.0,0.0,45,0.0
10-204-01043,BIHAR,Purbi Champaran,Harsidhi,0,0,,213,10,1043,,133904.34238337883,240218359.62130272,0.0,0.0,173,0.0
10-204-01044,BIHAR,Purbi Champaran,Paharpur,0,0,,213,10,1044,,108730.62076802726,192061375.0173064,0.0,0.0,144,0.0
10-204-01045,BIHAR,Purbi Champaran,Areraj,0,0,,213,10,1045,,93331.67353690567,242725576.26244012,0.0,0.0,174,0.0
10-204-01046,BIHAR,Purbi Champaran,Sangrampur,0,0,,213,10,1046,,78133.67961210197,187659878.02718252,0.0,0.0,133,0.0
10-204-01051,BIHAR,Purbi Champaran,Chakia(Pipra),0,0,,213,10,1051,,129110.66914194856,212940547.80779588,0.0,0.0,145,0.0
10-204-01052,BIHAR,Purbi Champaran,Pakri Dayal,0,0,,213,10,1052,,90143.40730437863,148110040.62869397,0.0,0.0,106,0.0
10-204-01053,BIHAR,Purbi Champaran,Patahi,0,0,,213,10,1053,,85994.51677214028,144960443.14880535,0.0,0.0,100,0.0
10-204-01055,BIHAR,Purbi Champaran,Madhuban,0,0,,213,10,1055,,112681.00006095257,152424272.44650427,0.0,0.0,114,0.0
10-204-01056,BIHAR,Purbi Champaran,Tetaria,0,0,,213,10,1056,,82320.72754353678,104458405.63845472,0.0,0.0,74,0.0
10-205-01058,BIHAR,Sheohar,Purnahiya,0,0,,220,10,1058,,57294.126150412616,80859097.14068061,0.0,0.0,59,0.0
10-204-01057,BIHAR,Purbi Champaran,Mehsi,0,0,,213,10,1057,,125063.78039343117,149773808.08158112,0.0,0.0,108,0.0
10-205-01059,BIHAR,Sheohar,Piprarhi,0,0,,220,10,1059,,105870.45511307275,104265216.9562483,0.0,0.0,77,0.0
10-205-01060,BIHAR,Sheohar,Sheohar,0,0,,220,10,1060,,81007.5322908237,115638983.35873616,0.0,0.0,83,0.0
10-205-01061,BIHAR,Sheohar,Dumri Katsari,0,0,,220,10,1061,,65038.65439014734,84655470.24819931,0.0,0.0,59,0.0
10-205-01062,BIHAR,Sheohar,Tariani Chowk,0,0,,220,10,1062,,97491.22869259815,171878914.60720828,0.0,0.0,126,0.0
10-206-01063,BIHAR,Sitamarhi,Bairgania,0,0,,221,10,1063,,59598.621146511534,94417571.99630062,0.0,0.0,70,0.0
10-206-01065,BIHAR,Sitamarhi,Majorganj,0,0,,221,10,1065,,62808.55729710282,95411217.42446172,0.0,0.0,68,0.0
10-206-01066,BIHAR,Sitamarhi,Sonbarsa,0,0,,221,10,1066,,92820.94699371175,224104085.6083578,0.0,0.0,155,0.0
10-206-01067,BIHAR,Sitamarhi,Parihar,0,0,,221,10,1067,,86838.20299610356,272812569.4060281,0.0,0.0,197,0.0
10-207-01095,BIHAR,Madhubani,Rajnagar,0,0,,206,10,1095,,78809.12744912357,223111125.2667772,0.0,0.0,158,0.0
10-206-01068,BIHAR,Sitamarhi,Sursand,0,0,,221,10,1068,,91215.71647520129,181412871.1123928,0.0,0.0,134,0.0
10-206-01069,BIHAR,Sitamarhi,Bathnaha,0,0,,221,10,1069,,120764.04051803834,251403523.12922087,0.0,0.0,185,0.0
10-206-01070,BIHAR,Sitamarhi,Riga,0,0,,221,10,1070,,129433.73210860479,163724219.02092636,0.0,0.0,114,0.0
10-210-01123,BIHAR,Kishanganj,Thakurganj,0,0,,203,10,1123,,224971.2940646554,491161543.46963537,0.0,0.0,353,0.0
10-210-01124,BIHAR,Kishanganj,Pothia,0,0,,203,10,1124,,167388.9118766352,443844792.4531903,0.0,0.0,321,0.0
10-210-01125,BIHAR,Kishanganj,Bahadurganj,0,0,,203,10,1125,,155296.13881782343,347494200.8377232,0.0,0.0,251,0.0
10-210-01126,BIHAR,Kishanganj,Kochadhamin,0,0,,203,10,1126,,139640.52665725534,360840233.8364798,0.0,0.0,258,0.0
10-211-01128,BIHAR,Purnia,Banmankhi,0,0,,214,10,1128,,142815.61519736593,459936087.34673214,0.0,0.0,333,0.0
10-206-01075,BIHAR,Sitamarhi,Bajpatti,0,0,,221,10,1075,,90407.29439213518,174303329.1783474,0.0,0.0,125,0.0
10-206-01076,BIHAR,Sitamarhi,Charaut,0,0,,221,10,1076,,85128.15752493152,91349700.81924292,0.0,0.0,62,0.0
10-206-01077,BIHAR,Sitamarhi,Pupri,0,0,,221,10,1077,,73992.24203369493,115338203.66308306,0.0,0.0,82,0.0
10-206-01078,BIHAR,Sitamarhi,Nanpur,0,0,,221,10,1078,,73315.01223618646,135892566.9983101,0.0,0.0,100,0.0
10-220-01283,BIHAR,Vaishali,Mahnar,0,0,,224,10,1283,,81638.1139853176,126474580.44313861,0.0,0.0,89,0.0
10-206-01079,BIHAR,Sitamarhi,Bokhara,0,0,,221,10,1079,,81978.13188098712,108574895.39827529,0.0,0.0,79,0.0
10-207-01080,BIHAR,Madhubani,Madhwapur,0,0,,206,10,1080,,88808.76172423853,137557654.90878707,0.0,0.0,103,0.0
10-207-01081,BIHAR,Madhubani,Harlakhi,0,0,,206,10,1081,,90217.76640094945,187441757.00046396,0.0,0.0,138,0.0
10-207-01082,BIHAR,Madhubani,Basopatti,0,0,,206,10,1082,,97634.90682970545,164238774.4639331,0.0,0.0,122,0.0
10-207-01089,BIHAR,Madhubani,Khajauli,0,0,,206,10,1089,,91171.28062794723,150968724.81279027,0.0,0.0,108,0.0
10-207-01083,BIHAR,Madhubani,Jainagar,0,0,,206,10,1083,,81489.61423509955,161880108.8306139,0.0,0.0,115,0.0
10-207-01090,BIHAR,Madhubani,Kaluahi,0,0,,206,10,1090,,62305.281593423286,101560283.08963235,0.0,0.0,75,0.0
10-207-01084,BIHAR,Madhubani,Ladania,0,0,,206,10,1084,,97928.14946240213,232665607.5684243,0.0,0.0,164,0.0
10-207-01085,BIHAR,Madhubani,Laukaha,0,0,,206,10,1085,,102032.19667129294,266340932.00179368,0.0,0.0,197,0.0
10-207-01086,BIHAR,Madhubani,Laukahi,0,0,,206,10,1086,,109679.24973352649,329223432.564553,0.0,0.0,237,0.0
10-207-01087,BIHAR,Madhubani,Phulparas,0,0,,206,10,1087,,117974.41186319289,199352334.8677591,0.0,0.0,140,0.0
10-207-01088,BIHAR,Madhubani,Babubarhi,0,0,,206,10,1088,,118996.04641992833,237192379.86086744,0.0,0.0,174,0.0
10-207-01091,BIHAR,Madhubani,Benipatti,0,0,,206,10,1091,,128414.2409747215,328987645.9449377,0.0,0.0,231,0.0
10-207-01092,BIHAR,Madhubani,Bisfi,0,0,,206,10,1092,,99754.46134559005,226192948.413646,0.0,0.0,165,0.0
10-207-01093,BIHAR,Madhubani,Madhubani,0,0,,206,10,1093,,109764.71764889831,200359220.56727448,0.0,0.0,142,0.0
10-207-01094,BIHAR,Madhubani,Pandaul,0,0,,206,10,1094,,102372.75527307783,208327489.63825428,0.0,0.0,148,0.0
10-207-01096,BIHAR,Madhubani,Andhratharhi,0,0,,206,10,1096,,97300.5167595078,186769445.10608673,0.0,0.0,134,0.0
10-207-01097,BIHAR,Madhubani,Jhanjharpur,0,0,,206,10,1097,,125261.96837896874,181284371.95402232,0.0,0.0,132,0.0
10-207-01098,BIHAR,Madhubani,Ghoghardiha,0,0,,206,10,1098,,114215.40677637524,211228851.4219488,0.0,0.0,159,0.0
10-207-01099,BIHAR,Madhubani,Lakhnaur,0,0,,206,10,1099,,72956.74167609161,146945623.14022,0.0,0.0,110,0.0
10-207-01100,BIHAR,Madhubani,Madhepur,0,0,,206,10,1100,,144505.38034518834,300452948.5687113,0.0,0.0,212,0.0
10-208-01101,BIHAR,Supaul,Nirmali,0,0,,223,10,1101,,123310.21889922836,162734364.67066902,0.0,0.0,118,0.0
10-208-01102,BIHAR,Supaul,Basantpur,0,0,,223,10,1102,,136288.63693043106,319456339.75100917,0.0,0.0,228,0.0
10-208-01103,BIHAR,Supaul,Chhatapur,0,0,,223,10,1103,,142271.17176584958,398825687.2446475,0.0,0.0,285,0.0
10-208-01104,BIHAR,Supaul,Pratapganj,0,0,,223,10,1104,,71155.69013184242,133032565.19323792,0.0,0.0,97,0.0
10-208-01105,BIHAR,Supaul,Raghopur,0,0,,223,10,1105,,111831.20983491397,255841046.48838165,0.0,0.0,187,0.0
10-221-01285,BIHAR,Samastipur,Warisnagar,0,0,,217,10,1285,,90241.30323013186,163846086.5162723,0.0,0.0,120,0.0
10-208-01106,BIHAR,Supaul,Saraigarh Bhaptiyahi,0,0,,223,10,1106,,105489.5116383213,257042943.27229512,0.0,0.0,189,0.0
10-208-01107,BIHAR,Supaul,Kishanpur,0,0,,223,10,1107,,125516.73810076228,248613546.3002807,0.0,0.0,177,0.0
10-208-01108,BIHAR,Supaul,Marauna,0,0,,223,10,1108,,114969.59778192453,206419565.01179272,0.0,0.0,149,0.0
10-208-01109,BIHAR,Supaul,Supaul,0,0,,223,10,1109,,122628.008173687,390920691.5720901,0.0,0.0,287,0.0
10-208-01110,BIHAR,Supaul,Pipra,0,0,,223,10,1110,,113516.78657800167,247320462.25611627,0.0,0.0,181,0.0
10-221-01287,BIHAR,Samastipur,Khanpur,0,0,,217,10,1287,,89337.20668890505,173313349.37261373,0.0,0.0,127,0.0
10-208-01111,BIHAR,Supaul,Tribeniganj,0,0,,223,10,1111,,136684.8917573132,402291551.99740016,0.0,0.0,290,0.0
10-209-01112,BIHAR,Araria,Narpatganj,0,0,,188,10,1112,,196352.82868709194,482872068.7863751,0.0,0.0,351,0.0
10-209-01113,BIHAR,Araria,Forbesganj,0,0,,188,10,1113,,165874.55860340688,546946456.996027,0.0,0.0,392,0.0
10-209-01114,BIHAR,Araria,Bhargama,0,0,,188,10,1114,,140909.75235341018,280499778.1128878,0.0,0.0,206,0.0
10-209-01115,BIHAR,Araria,Raniganj,0,0,,188,10,1115,,160625.61646677545,576910744.770993,0.0,0.0,418,0.0
10-209-01116,BIHAR,Araria,Araria,0,0,,188,10,1116,,192057.15187743204,506918787.2643526,0.0,0.0,371,0.0
10-209-01117,BIHAR,Araria,Kursakatta,0,0,,188,10,1117,,96566.38525637137,201032230.408231,0.0,0.0,147,0.0
10-209-01118,BIHAR,Araria,Sikti,0,0,,188,10,1118,,116798.35346995249,237753016.2819182,0.0,0.0,177,0.0
10-209-01119,BIHAR,Araria,Palasi,0,0,,188,10,1119,,132578.70192307016,306240761.34804773,0.0,0.0,222,0.0
10-209-01120,BIHAR,Araria,Jokihat,0,0,,188,10,1120,,155370.9524619173,341005127.7602247,0.0,0.0,246,0.0
10-210-01121,BIHAR,Kishanganj,Terhagachh,0,0,,203,10,1121,,121953.02658094271,245208326.38245347,0.0,0.0,175,0.0
10-210-01122,BIHAR,Kishanganj,Dighalbank,0,0,,203,10,1122,,147432.83262190674,314385668.4331173,0.0,0.0,224,0.0
10-211-01129,BIHAR,Purnia,Barhara,0,0,,214,10,1129,,111073.17449432175,288009141.38478667,0.0,0.0,212,0.0
10-211-01130,BIHAR,Purnia,Bhawanipur,0,0,,214,10,1130,,116656.34435182877,201938838.4795833,0.0,0.0,147,0.0
10-211-01131,BIHAR,Purnia,Rupauli,0,0,,214,10,1131,,113946.660566684,308195114.8462847,0.0,0.0,227,0.0
10-211-01132,BIHAR,Purnia,Dhamdaha,0,0,,214,10,1132,,135370.01293426772,446856166.039676,0.0,0.0,326,0.0
10-211-01133,BIHAR,Purnia,Krityanand Nagar,0,0,,214,10,1133,,149407.41850079046,364443041.21247435,0.0,0.0,274,0.0
10-211-01134,BIHAR,Purnia,Purnia East,0,0,,214,10,1134,,127662.13358515713,309272824.56310594,0.0,0.0,228,0.0
10-211-01135,BIHAR,Purnia,Kasba,0,0,,214,10,1135,,130095.64608516233,215123054.3424731,0.0,0.0,154,0.0
10-211-01136,BIHAR,Purnia,Srinagar,0,0,,214,10,1136,,106220.57404900706,172405807.6412187,0.0,0.0,122,0.0
10-211-01137,BIHAR,Purnia,Jalalgarh,0,0,,214,10,1137,,87146.39992638786,142107808.6772385,0.0,0.0,102,0.0
10-211-01138,BIHAR,Purnia,Amour,0,0,,214,10,1138,,141371.93624621196,307011870.96961224,0.0,0.0,225,0.0
10-211-01139,BIHAR,Purnia,Baisa,0,0,,214,10,1139,,132173.35304950457,275191667.549805,0.0,0.0,197,0.0
10-211-01140,BIHAR,Purnia,Baisi,0,0,,214,10,1140,,118169.54825440844,253873549.02719215,0.0,0.0,187,0.0
10-211-01141,BIHAR,Purnia,Dagarua,0,0,,214,10,1141,,129309.28146976323,257465778.6329552,0.0,0.0,180,0.0
10-212-01142,BIHAR,Katihar,Falka,0,0,,201,10,1142,,100518.70580952488,208374539.8829749,0.0,0.0,150,0.0
10-212-01143,BIHAR,Katihar,Korha,0,0,,201,10,1143,,137118.64195203967,368801327.90483874,0.0,0.0,273,0.0
10-212-01144,BIHAR,Katihar,Hasanganj,0,0,,201,10,1144,,78227.29832785497,86155111.41022065,0.0,0.0,62,0.0
10-212-01145,BIHAR,Katihar,Kadwa,0,0,,201,10,1145,,157692.68144088247,420129854.10490626,0.0,0.0,307,0.0
10-212-01146,BIHAR,Katihar,Balrampur,0,0,,201,10,1146,,141815.18317465586,216253207.31133217,0.0,0.0,151,0.0
10-212-01147,BIHAR,Katihar,Barsoi,0,0,,201,10,1147,,172308.8160052511,357713388.6445612,0.0,0.0,261,0.0
10-212-01148,BIHAR,Katihar,Azamnagar,0,0,,201,10,1148,,141791.77759222616,349759708.1212404,0.0,0.0,253,0.0
10-221-01290,BIHAR,Samastipur,Tajpur,0,0,,217,10,1290,,57166.77792153786,83856612.1105223,0.0,0.0,61,0.0
10-212-01149,BIHAR,Katihar,Pranpur,0,0,,201,10,1149,,111803.70370561493,191475637.62126103,0.0,0.0,141,0.0
10-212-01150,BIHAR,Katihar,Dandkhora,0,0,,201,10,1150,,70987.07501110679,111201189.06340708,0.0,0.0,81,0.0
10-212-01151,BIHAR,Katihar,Katihar,0,0,,201,10,1151,,76845.81968857624,136830037.77828172,0.0,0.0,100,0.0
10-212-01152,BIHAR,Katihar,Mansahi,0,0,,201,10,1152,,73279.06289841712,97405011.1871763,0.0,0.0,73,0.0
10-212-01155,BIHAR,Katihar,Kursela,0,0,,201,10,1155,,80348.39413748268,153683091.52761996,0.0,0.0,117,0.0
10-212-01153,BIHAR,Katihar,Barari,0,0,,201,10,1153,,107333.93297446336,407446973.1478653,0.0,0.0,292,0.0
10-212-01154,BIHAR,Katihar,Sameli,0,0,,201,10,1154,,75105.36277909,118027198.2496544,0.0,0.0,81,0.0
10-212-01156,BIHAR,Katihar,Manihari,0,0,,201,10,1156,,130162.81635074862,303859830.4099729,0.0,0.0,221,0.0
10-212-01157,BIHAR,Katihar,Amdabad,0,0,,201,10,1157,,103742.71814675455,228302986.79665467,0.0,0.0,164,0.0
10-213-01158,BIHAR,Madhepura,Gamharia,0,0,,205,10,1158,,80141.00377515821,125479849.27382244,0.0,0.0,89,0.0
10-213-01160,BIHAR,Madhepura,Ghailarh,0,0,,205,10,1160,,78865.70647224285,116219722.2388165,0.0,0.0,83,0.0
10-213-01159,BIHAR,Madhepura,Singheshwar,0,0,,205,10,1159,,111627.30849980874,111167268.35246354,0.0,0.0,78,0.0
10-216-01210,BIHAR,Muzaffarpur,Bandra,0,0,,208,10,1210,,74293.85759884378,142020443.31484023,0.0,0.0,103,0.0
10-213-01161,BIHAR,Madhepura,Madhepura,0,0,,205,10,1161,,115084.47931226583,237801277.85767865,0.0,0.0,175,0.0
10-213-01162,BIHAR,Madhepura,Shankarpur,0,0,,205,10,1162,,63984.56408470212,128790837.874554,0.0,0.0,94,0.0
10-213-01163,BIHAR,Madhepura,Kumarkhand,0,0,,205,10,1163,,118191.24796123093,316976886.68211347,0.0,0.0,230,0.0
10-213-01164,BIHAR,Madhepura,Murliganj,0,0,,205,10,1164,,94211.11378994165,247086114.21145928,0.0,0.0,179,0.0
10-221-01293,BIHAR,Samastipur,Mohanpur,0,0,,217,10,1293,,74468.46489139357,163000016.77407515,0.0,0.0,120,0.0
10-213-01165,BIHAR,Madhepura,Gwalpara,0,0,,205,10,1165,,78037.2495556277,147267353.58482873,0.0,0.0,109,0.0
10-214-01172,BIHAR,Saharsa,Satar Kataiya,0,0,,216,10,1172,,77878.75925155886,177382280.64763528,0.0,0.0,130,0.0
10-213-01166,BIHAR,Madhepura,Bihariganj,0,0,,205,10,1166,,79669.40805645821,133818744.70956944,0.0,0.0,98,0.0
10-216-01211,BIHAR,Muzaffarpur,Dholi (Moraul),0,0,,208,10,1211,,63030.361633940505,73298422.6275262,0.0,0.0,50,0.0
10-213-01167,BIHAR,Madhepura,Kishanganj,0,0,,205,10,1167,,99817.47531025465,188055937.5971522,0.0,0.0,133,0.0
10-216-01212,BIHAR,Muzaffarpur,Musahri,0,0,,208,10,1212,,211487.75457487197,365415439.5943066,0.0,0.0,267,0.0
10-213-01168,BIHAR,Madhepura,Puraini,0,0,,205,10,1168,,63416.842365887525,103114850.3546553,0.0,0.0,76,0.0
10-214-01174,BIHAR,Saharsa,Kahara,0,0,,216,10,1174,,81070.16203244023,176788302.3737116,0.0,0.0,128,0.0
10-213-01169,BIHAR,Madhepura,Alamnagar,0,0,,205,10,1169,,94357.42058114092,211989804.11375904,0.0,0.0,151,0.0
10-213-01170,BIHAR,Madhepura,Chausa,0,0,,205,10,1170,,87285.75133964,172516848.53860697,0.0,0.0,124,0.0
10-214-01171,BIHAR,Saharsa,Nauhatta,0,0,,216,10,1171,,93228.84620468391,212763144.21707585,0.0,0.0,151,0.0
10-217-01227,BIHAR,Gopalganj,Sidhwalia,0,0,,197,10,1227,,69457.48217743407,152022198.31601515,0.0,0.0,109,0.0
10-214-01173,BIHAR,Saharsa,Mahishi,0,0,,216,10,1173,,106372.46434789852,273075178.2794974,0.0,0.0,195,0.0
10-214-01175,BIHAR,Saharsa,Saur Bazar,0,0,,216,10,1175,,88121.22998090234,233228921.9025612,0.0,0.0,171,0.0
10-214-01176,BIHAR,Saharsa,Patarghat,0,0,,216,10,1176,,67497.21582029684,149681422.04156074,0.0,0.0,105,0.0
10-214-01177,BIHAR,Saharsa,Sonbarsa,0,0,,216,10,1177,,90185.02153799882,263952116.041209,0.0,0.0,193,0.0
10-216-01199,BIHAR,Muzaffarpur,Sahebganj,0,0,,208,10,1199,,80060.99972290538,253055918.70266867,0.0,0.0,189,0.0
10-214-01178,BIHAR,Saharsa,Simri Bakhtiarpur,0,0,,216,10,1178,,119116.35548129058,266466354.66217396,0.0,0.0,194,0.0
10-214-01179,BIHAR,Saharsa,Salkhua,0,0,,216,10,1179,,82412.26684571667,221182533.93573853,0.0,0.0,163,0.0
10-214-01180,BIHAR,Saharsa,Banma Itahri,0,0,,216,10,1180,,54286.501575749484,92822449.4552088,0.0,0.0,68,0.0
10-215-01181,BIHAR,Darbhanga,Jale,0,0,,195,10,1181,,112473.57051363293,234172285.01568127,0.0,0.0,171,0.0
10-215-01182,BIHAR,Darbhanga,Singhwara,0,0,,195,10,1182,,121368.62688362494,223279889.67870736,0.0,0.0,162,0.0
10-215-01183,BIHAR,Darbhanga,Keotiranway,0,0,,195,10,1183,,89515.08566239705,180205403.4644349,0.0,0.0,131,0.0
10-215-01184,BIHAR,Darbhanga,Darbhanga,0,0,,195,10,1184,,131883.04966973627,240721362.1475316,0.0,0.0,174,0.0
10-215-01185,BIHAR,Darbhanga,Manigachhi,0,0,,195,10,1185,,96856.01003306538,158887287.31255177,0.0,0.0,114,0.0
10-215-01186,BIHAR,Darbhanga,Tardih,0,0,,195,10,1186,,96398.42232606321,109520018.96976715,0.0,0.0,79,0.0
10-215-01187,BIHAR,Darbhanga,Alinagar,0,0,,195,10,1187,,105560.56246873255,146523357.5416611,0.0,0.0,105,0.0
10-215-01188,BIHAR,Darbhanga,Benipur,0,0,,195,10,1188,,118482.30854716274,204643530.87647069,0.0,0.0,150,0.0
10-215-01189,BIHAR,Darbhanga,Bahadurpur,0,0,,195,10,1189,,155637.00049509996,221161760.4253616,0.0,0.0,158,0.0
10-215-01190,BIHAR,Darbhanga,Hanumannagar,0,0,,195,10,1190,,114393.83215098479,181536916.32106537,0.0,0.0,130,0.0
10-215-01191,BIHAR,Darbhanga,Hayaghat,0,0,,195,10,1191,,66118.49929402806,108810529.75916524,0.0,0.0,77,0.0
10-215-01192,BIHAR,Darbhanga,Baheri,0,0,,195,10,1192,,128629.1579498372,271307286.95794886,0.0,0.0,195,0.0
10-215-01193,BIHAR,Darbhanga,Biraul,0,0,,195,10,1193,,135706.32971678255,230203939.26841983,0.0,0.0,167,0.0
10-215-01194,BIHAR,Darbhanga,Ghanshyampur,0,0,,195,10,1194,,76766.91373126305,103945643.9979024,0.0,0.0,78,0.0
10-215-01195,BIHAR,Darbhanga,Kiratpur,0,0,,195,10,1195,,78793.19278562842,78915927.53877336,0.0,0.0,60,0.0
10-215-01196,BIHAR,Darbhanga,Gora Bauram,0,0,,195,10,1196,,99804.03366816713,145653476.81698695,0.0,0.0,104,0.0
10-215-01197,BIHAR,Darbhanga,Kusheshwar Asthan,0,0,,195,10,1197,,87220.16498537568,144130520.9401011,0.0,0.0,107,0.0
10-215-01198,BIHAR,Darbhanga,Kusheshwar Asthan Purbi,0,0,,195,10,1198,,91858.86035222423,150084285.43545517,0.0,0.0,112,0.0
10-216-01200,BIHAR,Muzaffarpur,Baruraj (Motipur),0,0,,208,10,1200,,125110.13599018812,365259305.4740948,0.0,0.0,263,0.0
10-216-01201,BIHAR,Muzaffarpur,Paroo,0,0,,208,10,1201,,136934.87791145188,413033977.3448192,0.0,0.0,295,0.0
10-216-01202,BIHAR,Muzaffarpur,Saraiya,0,0,,208,10,1202,,155820.80051537574,301402655.1404849,0.0,0.0,218,0.0
10-216-01203,BIHAR,Muzaffarpur,Marwan,0,0,,208,10,1203,,84959.92762229654,138736310.53842777,0.0,0.0,101,0.0
10-216-01204,BIHAR,Muzaffarpur,Kanti,0,0,,208,10,1204,,97122.90469976026,124757584.36625764,0.0,0.0,91,0.0
10-216-01205,BIHAR,Muzaffarpur,Minapur,0,0,,208,10,1205,,166218.11946715685,316124209.98756105,0.0,0.0,228,0.0
10-216-01206,BIHAR,Muzaffarpur,Bochaha,0,0,,208,10,1206,,126044.68100944142,233148755.94160384,0.0,0.0,167,0.0
10-216-01207,BIHAR,Muzaffarpur,Aurai,0,0,,208,10,1207,,101267.16719990574,247748190.77792475,0.0,0.0,177,0.0
10-216-01208,BIHAR,Muzaffarpur,Katra,0,0,,208,10,1208,,118891.9342746819,235108975.17115793,0.0,0.0,171,0.0
10-216-01209,BIHAR,Muzaffarpur,Gaighat,0,0,,208,10,1209,,111008.49869520529,259762671.68662548,0.0,0.0,191,0.0
10-216-01213,BIHAR,Muzaffarpur,Kurhani,0,0,,208,10,1213,,108106.10574110712,256354911.2077163,0.0,0.0,187,0.0
10-216-01214,BIHAR,Muzaffarpur,Sakra,0,0,,208,10,1214,,105121.4777371614,236360031.18726787,0.0,0.0,175,0.0
10-217-01215,BIHAR,Gopalganj,Katiya,0,0,,197,10,1215,,94755.55253264701,158441587.458013,0.0003046903152084351,0.0002393995333780561,112,0.026812747738342285
10-217-01216,BIHAR,Gopalganj,Bijaipur,0,0,,197,10,1216,,81309.59717969262,163112176.36717936,0.0003046903152084351,0.0003046903152084351,120,0.03656283782501221
10-217-01217,BIHAR,Gopalganj,Bhorey,0,0,,197,10,1217,,78790.65552761848,196013266.46535653,0.0003046903152084351,0.00015869287250439327,144,0.02285177364063263
10-217-01218,BIHAR,Gopalganj,Pach Deuri,0,0,,197,10,1218,,53698.212932643866,118295317.11973979,0.0,0.0,85,0.0
10-217-01219,BIHAR,Gopalganj,Kuchaikote,0,0,,197,10,1219,,101077.28158428885,316078491.04748106,0.0,0.0,226,0.0
10-217-01220,BIHAR,Gopalganj,Phulwaria,0,0,,197,10,1220,,81339.22200232239,118763292.85091434,0.0,0.0,89,0.0
10-217-01221,BIHAR,Gopalganj,Hathua,0,0,,197,10,1221,,91546.96202775641,183613061.83342972,0.000246702953414917,0.00016317360698309472,127,0.02072304808685303
10-217-01222,BIHAR,Gopalganj,Uchkagaon,0,0,,197,10,1222,,80102.93001981139,142235093.67043933,0.000246702953414917,1.6291704470796406e-05,106,0.001726920673904419
10-217-01223,BIHAR,Gopalganj,Thawe,0,0,,197,10,1223,,57244.55575246375,89300191.60424533,0.000246702953414917,3.854733647108078e-06,64,0.000246702953414917
10-217-01224,BIHAR,Gopalganj,Gopalganj,0,0,,197,10,1224,,110313.13172782106,244420793.60160467,0.0,0.0,182,0.0
10-218-01232,BIHAR,Siwan,Goriakothi,0,0,,222,10,1232,,73201.39147651673,174963939.23516312,0.0,0.0,127,0.0
10-217-01225,BIHAR,Gopalganj,Manjha,0,0,,197,10,1225,,80242.78538873792,179389027.9828925,0.0,0.0,131,0.0
10-217-01226,BIHAR,Gopalganj,Barauli,0,0,,197,10,1226,,105754.79057670098,232227972.12586737,0.0,0.0,170,0.0
10-217-01228,BIHAR,Gopalganj,Baikunthpur,0,0,,197,10,1228,,97825.58906166903,256614409.24172768,0.0,0.0,185,0.0
10-218-01229,BIHAR,Siwan,Nautan,0,0,,222,10,1229,,58324.35348563096,81827813.66620097,0.000246702953414917,0.000246702953414917,58,0.014308771298065187
10-218-01230,BIHAR,Siwan,Siwan,0,0,,222,10,1230,,92599.06904644772,168879532.28230655,0.000246702953414917,0.0002257959234645003,118,0.026643918968811037
10-218-01235,BIHAR,Siwan,Bhagwanpur Hat,0,0,,222,10,1235,,86430.4184146014,189582799.91524476,0.00017957810821533205,2.8628394063313804e-05,138,0.003950718380737305
10-218-01231,BIHAR,Siwan,Barharia,0,0,,222,10,1231,,90315.6629531122,219606934.01516393,0.000246702953414917,4.625680376529694e-06,160,0.000740108860244751
10-218-01233,BIHAR,Siwan,Lakri Nabiganj,0,0,,222,10,1233,,79648.98713303795,120773104.6039552,0.0,0.0,88,0.0
10-218-01234,BIHAR,Siwan,Basantpur,0,0,,222,10,1234,,57871.378293950496,76675463.02480637,0.0,0.0,56,0.0
10-218-01236,BIHAR,Siwan,Maharajganj,0,0,,222,10,1236,,119387.58843212528,142817377.5161484,0.00017957810821533205,6.799559437279563e-05,103,0.00700354622039795
10-218-01237,BIHAR,Siwan,Pachrukhi,0,0,,222,10,1237,,99183.2392802834,160709761.40986398,0.000246702953414917,1.0542861257047735e-05,117,0.001233514767074585
10-218-01238,BIHAR,Siwan,Hussainganj,0,0,,222,10,1238,,68784.84800107122,105975934.30464326,0.000246702953414917,0.00021824512759853053,74,0.01615013944229126
10-218-01239,BIHAR,Siwan,Ziradei,0,0,,222,10,1239,,98825.50869312549,152221780.48504183,0.000246702953414917,0.0002464050807052475,111,0.027350963958282473
10-218-01240,BIHAR,Siwan,Mairwa,0,0,,222,10,1240,,65279.2242200428,88898123.37504825,0.00028269017166137695,0.0002483387360624834,66,0.016390356580123902
10-218-01242,BIHAR,Siwan,Darauli,0,0,,222,10,1242,,90305.00161970501,214758375.6239279,0.00028269017166137695,0.0002448577883551813,155,0.0379529571950531
10-218-01241,BIHAR,Siwan,Guthani,0,0,,222,10,1241,,78778.78773845347,115110806.99004474,0.00028269017166137695,0.0002800569605701725,82,0.022964670766754146
10-219-01248,BIHAR,Saran,Mashrakh,0,0,,218,10,1248,,82075.7710341599,165898243.02109933,0.0,0.0,121,0.0
10-218-01243,BIHAR,Siwan,Andar,0,0,,222,10,1243,,83358.60866933218,125625010.62434034,0.000246702953414917,0.0002174395275580746,87,0.01891723889755249
10-219-01249,BIHAR,Saran,Panapur,0,0,,218,10,1249,,75875.09329534958,182360909.7404776,0.0,0.0,128,0.0
10-218-01244,BIHAR,Siwan,Raghunathpur,0,0,,222,10,1244,,87824.68008836384,193566358.3438411,0.00021363908264160158,0.00021363908264160158,143,0.030550388817749026
10-219-01250,BIHAR,Saran,Taraiya,0,0,,218,10,1250,,53629.0613522338,97307015.09151264,0.0,0.0,74,0.0
10-218-01245,BIHAR,Siwan,Hasanpura,0,0,,222,10,1245,,82786.09108287447,121956119.03175904,0.00021363908264160158,0.0001899355776100597,87,0.016524395252075195
10-219-01251,BIHAR,Saran,Ishupur,0,0,,218,10,1251,,62425.60798229613,109300191.56908256,0.0,0.0,76,0.0
10-218-01246,BIHAR,Siwan,Daraundha,0,0,,222,10,1246,,105400.53795370483,157911066.26165873,0.00017957810821533205,0.0001561548767089844,115,0.017957810821533204
10-219-01256,BIHAR,Saran,Jalalpur,0,0,,218,10,1256,,65042.73641147566,147549697.72689733,0.00017957810821533205,5.294213714779548e-05,106,0.005611866537666321
10-218-01247,BIHAR,Siwan,Siswan,0,0,,222,10,1247,,98184.39847010886,155554872.77293277,0.00021363908264160158,0.00018970434385557434,111,0.02105718216796875
10-219-01259,BIHAR,Saran,Nagra,0,0,,218,10,1259,,43289.948409307304,65110006.46242106,0.0001305341361618042,5.554644091991669e-05,47,0.0026106827232360843
10-219-01252,BIHAR,Saran,Baniapur,0,0,,218,10,1252,,89199.8841803021,219417775.87250236,0.00017957810821533205,4.406824741480541e-06,163,0.0007183124328613282
10-219-01253,BIHAR,Saran,Lahladpur,0,0,,218,10,1253,,49287.19248841685,70233795.44130237,0.00017957810821533205,9.697217843627931e-05,50,0.004848608921813965
10-219-01254,BIHAR,Saran,Ekma,0,0,,218,10,1254,,99716.17236158185,176114988.01319405,0.00017957810821533205,0.00017957810821533202,128,0.0229859978515625
10-219-01255,BIHAR,Saran,Manjhi,0,0,,218,10,1255,,127085.43562979231,244607530.98349065,0.00017957810821533205,0.00017464731932746039,180,0.03143651747894287
10-219-01257,BIHAR,Saran,Revelganj,0,0,,218,10,1257,,84877.1419542779,179359801.45379385,0.00016187901092529298,0.00013304172614288332,125,0.016630215767860414
10-219-01258,BIHAR,Saran,Chapra,0,0,,218,10,1258,,119729.94798472138,239470568.44351175,0.0001305341361618042,0.00012237575265169147,176,0.021538132466697696
10-219-01260,BIHAR,Saran,Marhaura,0,0,,218,10,1260,,87240.95030017926,190752130.05196184,0.0001305341361618042,3.811215654359247e-06,137,0.0005221365446472168
10-219-01261,BIHAR,Saran,Amnour,0,0,,218,10,1261,,94922.90618840617,160109081.4065653,0.0001305341361618042,2.212442985793292e-06,118,0.0002610682723236084
10-219-01263,BIHAR,Saran,Parsa,0,0,,218,10,1263,,85595.91054800974,122749042.93573296,0.0,0.0,88,0.0
10-219-01266,BIHAR,Saran,Dighwara,0,0,,218,10,1266,,81943.45164265168,101347015.6655549,0.0,0.0,72,0.0
10-219-01264,BIHAR,Saran,Dariapur,0,0,,218,10,1264,,115477.27251924115,281302380.67878103,0.0,0.0,202,0.0
10-219-01265,BIHAR,Saran,Garkha,0,0,,218,10,1265,,90147.74693968748,213336409.9887166,0.0001305341361618042,6.696231660248398e-05,154,0.010312196756782532
10-220-01269,BIHAR,Vaishali,Paterhi Belsar,0,0,,224,10,1269,,56227.36197278124,93522597.26160131,0.0,0.0,69,0.0
10-219-01267,BIHAR,Saran,Sonepur,0,0,,218,10,1267,,70412.64000247594,214865144.18564072,0.0,0.0,162,0.0
10-220-01268,BIHAR,Vaishali,Vaishali,0,0,,224,10,1268,,72706.90824879723,158663399.21103516,0.0,0.0,114,0.0
10-220-01270,BIHAR,Vaishali,Lalganj,0,0,,224,10,1270,,89595.71916906572,184177988.41986412,0.0,0.0,133,0.0
10-221-01294,BIHAR,Samastipur,Mohiuddinagar,0,0,,217,10,1294,,80607.53716768604,178536106.2701614,0.0,0.0,130,0.0
10-220-01271,BIHAR,Vaishali,Bhagwanpur,0,0,,224,10,1271,,98965.72708266653,142473218.81446454,0.0,0.0,102,0.0
10-220-01272,BIHAR,Vaishali,Goraul,0,0,,224,10,1272,,101989.77906286377,122446101.92943335,0.0,0.0,87,0.0
10-220-01273,BIHAR,Vaishali,Chehra Kalan,0,0,,224,10,1273,,63204.34388206024,89818122.94593617,0.0,0.0,66,0.0
10-220-01277,BIHAR,Vaishali,Raja Pakar,0,0,,224,10,1277,,58946.08844196175,93673217.82917874,0.0,0.0,72,0.0
10-220-01274,BIHAR,Vaishali,Patepur,0,0,,224,10,1274,,118180.33822078991,317029999.71255994,0.0,0.0,234,0.0
10-220-01275,BIHAR,Vaishali,Mahua,0,0,,224,10,1275,,86273.82517515696,171155586.12447235,0.0,0.0,125,0.0
10-220-01276,BIHAR,Vaishali,Jandaha,0,0,,224,10,1276,,99044.76663725945,179891527.10359335,0.0,0.0,128,0.0
10-220-01278,BIHAR,Vaishali,Hajipur,0,0,,224,10,1278,,80048.24731377292,194916759.16986817,0.0,0.0,140,0.0
10-220-01280,BIHAR,Vaishali,Bidupur,0,0,,224,10,1280,,88122.3198685409,139375575.9420912,0.0,0.0,99,0.0
10-220-01279,BIHAR,Vaishali,Raghopur,0,0,,224,10,1279,,128641.49950069311,338499790.0832371,0.0,0.0,246,0.0
10-220-01281,BIHAR,Vaishali,Desri,0,0,,224,10,1281,,50183.809114488824,56627949.53624974,0.0,0.0,43,0.0
10-221-01284,BIHAR,Samastipur,Kalyanpur,0,0,,217,10,1284,,147387.26660455638,294821482.9966942,0.0,0.0,214,0.0
10-221-01286,BIHAR,Samastipur,Shivaji Nagar,0,0,,217,10,1286,,96209.25031894707,172333979.18990555,0.0,0.0,130,0.0
10-221-01288,BIHAR,Samastipur,Samastipur,0,0,,217,10,1288,,112474.97484539819,170577777.20953664,0.0,0.0,123,0.0
10-221-01289,BIHAR,Samastipur,Pusa,0,0,,217,10,1289,,64081.7615729533,95008289.7510354,0.0,0.0,65,0.0
10-221-01291,BIHAR,Samastipur,Morwa,0,0,,217,10,1291,,104551.97847793197,152111293.7773472,0.0,0.0,106,0.0
10-221-01292,BIHAR,Samastipur,Patori,0,0,,217,10,1292,,69422.25062895294,130638318.44440164,0.0,0.0,93,0.0
10-221-01295,BIHAR,Samastipur,Sarairanjan,0,0,,217,10,1295,,96463.23467310029,185572344.2706523,0.0,0.0,145,0.0
10-221-01296,BIHAR,Samastipur,Vidyapati Nagar,0,0,,217,10,1296,,62930.2690484309,106322816.42401849,0.0,0.0,75,0.0
10-221-01297,BIHAR,Samastipur,Dalsinghsarai,0,0,,217,10,1297,,80515.23552986495,118201268.21451648,0.0,0.0,89,0.0
10-221-01298,BIHAR,Samastipur,Ujiarpur,0,0,,217,10,1298,,81756.09445970641,209497824.1015558,0.0,0.0,149,0.0
10-221-01300,BIHAR,Samastipur,Rosera,0,0,,217,10,1300,,84599.34785899956,138535375.895554,0.0,0.0,97,0.0
10-221-01299,BIHAR,Samastipur,Bibhutpur,0,0,,217,10,1299,,96600.53522783429,258332531.194082,0.0,0.0,187,0.0
10-221-01301,BIHAR,Samastipur,Singhia,0,0,,217,10,1301,,76055.88015393679,178639507.67998633,0.0,0.0,128,0.0
10-222-01307,BIHAR,Begusarai,Cheria Bariarpur,0,0,,191,10,1307,,80422.0696045629,127840547.1243011,0.0,0.0,89,0.0
10-221-01302,BIHAR,Samastipur,Hasanpur,0,0,,217,10,1302,,122795.93417076243,188091095.39019313,0.0,0.0,138,0.0
10-221-01303,BIHAR,Samastipur,Bithan,0,0,,217,10,1303,,72838.55780104545,149849875.79630712,0.0,0.0,109,0.0
10-222-01304,BIHAR,Begusarai,Khudabandpur,0,0,,191,10,1304,,49522.71992212785,59617610.47663844,0.0,0.0,39,0.0
10-222-01305,BIHAR,Begusarai,Chhorahi,0,0,,191,10,1305,,96201.09768359947,128309829.49376953,0.0,0.0,94,0.0
10-222-01306,BIHAR,Begusarai,Garhpura,0,0,,191,10,1306,,69581.28073662621,88651595.91159394,0.0,0.0,68,0.0
10-222-01308,BIHAR,Begusarai,Bhagwanpur,0,0,,191,10,1308,,102620.52088176137,147276258.21886113,0.0,0.0,106,0.0
10-223-01324,BIHAR,Khagaria,Mansi,0,0,,202,10,1324,,70720.37786012898,86151878.56106131,0.0,0.0,69,0.0
10-222-01309,BIHAR,Begusarai,Mansurchak,0,0,,191,10,1309,,55538.61039021854,42158333.283958256,0.0,0.0,31,0.0
10-224-01333,BIHAR,Bhagalpur,Rangra Chowk,0,0,,192,10,1333,,56200.86409227388,97946271.45940188,0.0,0.0,71,0.0
10-222-01310,BIHAR,Begusarai,Bachhwara,0,0,,191,10,1310,,112893.55520851951,186501763.14040864,0.0,0.0,138,0.0
10-222-01311,BIHAR,Begusarai,Teghra,0,0,,191,10,1311,,93442.93751421869,180050069.66821858,0.0,0.0,129,0.0
10-222-01312,BIHAR,Begusarai,Barauni,0,0,,191,10,1312,,90573.71511882372,141812926.41245717,0.0,0.0,102,0.0
10-222-01313,BIHAR,Begusarai,Birpur,0,0,,191,10,1313,,69057.86510087451,64693086.30641256,0.0,0.0,53,0.0
10-222-01314,BIHAR,Begusarai,Begusarai,0,0,,191,10,1314,,114572.02827886646,273941103.5239774,0.0,0.0,200,0.0
10-222-01315,BIHAR,Begusarai,Naokothi,0,0,,191,10,1315,,61794.845266753924,91575422.87048158,0.0,0.0,64,0.0
10-222-01316,BIHAR,Begusarai,Bakhri,0,0,,191,10,1316,,74902.13049058078,94921186.04856166,0.0,0.0,66,0.0
10-222-01317,BIHAR,Begusarai,Dandari,0,0,,191,10,1317,,77075.31892237118,85364223.36403492,0.0,0.0,65,0.0
10-222-01318,BIHAR,Begusarai,Sahebpur Kamal,0,0,,191,10,1318,,97820.3506924087,179327758.1582562,0.0,0.0,131,0.0
10-222-01319,BIHAR,Begusarai,Balia,0,0,,191,10,1319,,95726.56851828664,181873531.04775092,0.0,0.0,133,0.0
10-222-01320,BIHAR,Begusarai,Matihani,0,0,,191,10,1320,,104199.58891726227,214311339.790948,0.0,0.0,157,0.0
10-222-01321,BIHAR,Begusarai,Shamho Akha Kurha,0,0,,191,10,1321,,47884.70174269599,82130306.58899558,0.0,0.0,58,0.0
10-223-01322,BIHAR,Khagaria,Alauli,0,0,,202,10,1322,,117176.16085281859,337532903.06560946,0.0,0.0,244,0.0
10-223-01323,BIHAR,Khagaria,Khagaria,0,0,,202,10,1323,,164255.4907534744,325761754.1557925,0.0,0.0,229,0.0
10-223-01325,BIHAR,Khagaria,Chautham,0,0,,202,10,1325,,88833.5659059585,205164632.7891582,0.0,0.0,148,0.0
10-228-01376,BIHAR,Sheikhpura,Chewara,0,0,,219,10,1376,,77279.14911837938,141385828.1075451,5.7881597213745115e-05,5.628903495492287e-05,103,0.005797770600357056
10-223-01326,BIHAR,Khagaria,Beldaur,0,0,,202,10,1326,,101449.44415348554,276820454.1841197,0.0,0.0,203,0.0
10-223-01327,BIHAR,Khagaria,Gogri,0,0,,202,10,1327,,109725.85953588395,321971045.3784509,0.0,0.0,231,0.0
10-223-01328,BIHAR,Khagaria,Parbatta,0,0,,202,10,1328,,89952.53209418767,286770838.53234714,0.0,0.0,215,0.0
10-224-01329,BIHAR,Bhagalpur,Narayanpur,0,0,,192,10,1329,,96964.50839109154,173637043.38008544,0.0,0.0,125,0.0
10-224-01330,BIHAR,Bhagalpur,Bihpur,0,0,,192,10,1330,,98960.16392998041,189427956.2070791,0.0,0.0,141,0.0
10-234-01472,BIHAR,Rohtas,Akorhi Gola,0,0,,215,10,1472,,71741.57946050014,124356844.03544964,0.00030387947845458987,0.00030387947845458987,94,0.02856467097473145
10-224-01331,BIHAR,Bhagalpur,Kharik,0,0,,192,10,1331,,103106.05203500649,169292223.68779984,0.0,0.0,125,0.0
10-224-01332,BIHAR,Bhagalpur,Naugachhia,0,0,,192,10,1332,,91833.23423872421,134223697.96961665,0.0,0.0,95,0.0
10-224-01335,BIHAR,Bhagalpur,Pirpainti,0,0,,192,10,1335,,138631.2255747686,411429376.6216011,0.0,0.0,294,0.0
10-224-01336,BIHAR,Bhagalpur,Kahalgaon,0,0,,192,10,1336,,128722.99744742387,352186242.20537144,0.0,0.0,255,0.0
10-224-01337,BIHAR,Bhagalpur,Ismailpur,0,0,,192,10,1337,,66332.03197363381,102752037.41138108,0.0,0.0,75,0.0
10-224-01338,BIHAR,Bhagalpur,Sabour,0,0,,192,10,1338,,85492.0541239663,141198925.34276122,0.0,0.0,102,0.0
10-226-01359,BIHAR,Munger,Dharhara,0,0,,207,10,1359,,105188.90103685112,355220468.750446,0.0,0.0,262,0.0
10-224-01339,BIHAR,Bhagalpur,Nathnagar,0,0,,192,10,1339,,105259.93673308079,163498377.60317266,0.0,0.0,117,0.0
10-226-01360,BIHAR,Munger,Kharagpur,0,0,,207,10,1360,,169586.30903503796,398589433.5102216,0.0,0.0,291,0.0
10-224-01340,BIHAR,Bhagalpur,Sultanganj,0,0,,192,10,1340,,139861.1879796442,266407467.3450057,0.0,0.0,198,0.0
10-224-01341,BIHAR,Bhagalpur,Shahkund,0,0,,192,10,1341,,93276.90256650816,208798734.37786233,0.0,0.0,153,0.0
10-224-01342,BIHAR,Bhagalpur,Goradih,0,0,,192,10,1342,,106918.08891287447,178026414.43832883,0.0,0.0,128,0.0
10-224-01343,BIHAR,Bhagalpur,Jagdishpur,0,0,,192,10,1343,,107045.71303668506,127447147.46016994,0.0,0.0,95,0.0
10-224-01344,BIHAR,Bhagalpur,Sonhaula,0,0,,192,10,1344,,84463.86530366821,214425428.57327408,0.0,0.0,160,0.0
10-225-01345,BIHAR,Banka,Shambhuganj,0,0,,190,10,1345,,85765.27415008907,217970788.89652416,0.0,0.0,157,0.0
10-225-01346,BIHAR,Banka,Amarpur,0,0,,190,10,1346,,98000.87839154692,234663534.19316816,0.0,0.0,176,0.0
10-225-01347,BIHAR,Banka,Rajaun,0,0,,190,10,1347,,86718.04358754268,242814641.5593075,0.0,0.0,179,0.0
10-226-01363,BIHAR,Munger,Tetiha Bambor,0,0,,207,10,1363,,73286.15332623897,95190725.80042528,0.0,0.0,70,0.0
10-225-01348,BIHAR,Banka,Dhuraiya,0,0,,190,10,1348,,106681.6377356153,285703540.38620996,0.0,0.0,208,0.0
10-225-01349,BIHAR,Banka,Barahat,0,0,,190,10,1349,,122910.23058217819,181202001.14064544,0.0,0.0,129,0.0
10-225-01350,BIHAR,Banka,Banka,0,0,,190,10,1350,,137083.07375503817,365153241.48788345,0.0,0.0,275,0.0
10-225-01351,BIHAR,Banka,Phulidumar,0,0,,190,10,1351,,117105.67306472127,248400685.45023423,0.0,0.0,176,0.0
10-225-01352,BIHAR,Banka,Belhar,0,0,,190,10,1352,,118426.40149548957,290570448.277483,0.00013707185176849366,1.40914987799386e-05,214,0.0030155807389068605
10-225-01353,BIHAR,Banka,Chanan,0,0,,190,10,1353,,169565.08902723462,550876204.0147796,0.00018332723861694337,7.943938839346836e-05,403,0.03201407352256775
10-225-01354,BIHAR,Banka,Katoria,0,0,,190,10,1354,,180268.89530762268,687665367.2781417,0.00017561099273681642,1.5042375871878697e-05,502,0.007551272687683106
10-225-01355,BIHAR,Banka,Bausi,0,0,,190,10,1355,,109314.78149810205,385846183.7170387,0.0,0.0,284,0.0
10-226-01356,BIHAR,Munger,Munger,0,0,,207,10,1356,,162390.1628928388,306519605.49277806,0.0,0.0,227,0.0
10-226-01357,BIHAR,Munger,Bariarpur,0,0,,207,10,1357,,122433.4478606843,198040113.63802013,0.0,0.0,143,0.0
10-226-01358,BIHAR,Munger,Jamalpur,0,0,,207,10,1358,,72817.19566814511,112971204.64248075,0.0,0.0,79,0.0
10-226-01361,BIHAR,Munger,Asarganj,0,0,,207,10,1361,,61173.52838786665,72491453.98190036,0.0,0.0,52,0.0
10-226-01362,BIHAR,Munger,Tarapur,0,0,,207,10,1362,,54416.57713098438,86962445.68425661,0.0,0.0,62,0.0
10-226-01364,BIHAR,Munger,Sangrampur,0,0,,207,10,1364,,71205.18318302365,105786037.21986651,0.0,0.0,80,0.0
10-227-01366,BIHAR,Lakhisarai,Pipariya,0,0,,204,10,1366,,87968.2901826016,106258171.87143916,0.0,0.0,76,0.0
10-227-01365,BIHAR,Lakhisarai,Barahiya,0,0,,204,10,1365,,95965.48426593257,248505135.43154767,0.0,0.0,179,0.0
10-227-01367,BIHAR,Lakhisarai,Surajgarha,0,0,,204,10,1367,,140312.1609931406,462726462.37366486,8.355637298583984e-05,1.1058931718714096e-05,340,0.003760036784362793
10-227-01368,BIHAR,Lakhisarai,Lakhisarai,0,0,,204,10,1368,,117670.76745524361,181316338.94823277,8.355637298583984e-05,6.671929987283577e-06,133,0.0008873666883087158
10-227-01369,BIHAR,Lakhisarai,Chanan*,0,0,,204,10,1369,,86014.87070350182,177670731.10250506,8.355637298583984e-05,6.788955305099488e-05,128,0.008689862790527345
10-228-01375,BIHAR,Sheikhpura,Ghat Kusumbha,0,0,,219,10,1375,,80592.24583619394,99088070.68237934,0.0,0.0,70,0.0
10-227-01370,BIHAR,Lakhisarai,Ramgarh Chowk,0,0,,204,10,1370,,98990.57354622113,128567389.13844268,8.355637298583984e-05,5.657576054349859e-05,94,0.005318121491088867
10-227-01371,BIHAR,Lakhisarai,Halsi,0,0,,204,10,1371,,82594.8188222393,191441208.6304817,8.355637298583984e-05,5.898986091613769e-05,139,0.008199590667343139
10-228-01372,BIHAR,Sheikhpura,Barbigha,0,0,,219,10,1372,,83879.7675047183,115941853.486741,0.0,0.0,81,0.0
10-228-01373,BIHAR,Sheikhpura,Shekhopur Sarai,0,0,,219,10,1373,,59774.96229914819,65955650.61796794,0.000303629900970459,2.435425756157769e-05,45,0.0010959415902709962
10-228-01374,BIHAR,Sheikhpura,Sheikhpura,0,0,,219,10,1374,,119718.3677454689,225551054.81458032,5.7881597213745115e-05,1.0260875415128822e-05,170,0.0017443488205718997
10-228-01377,BIHAR,Sheikhpura,Ariari,0,0,,219,10,1377,,87552.5859976097,183445963.63454768,5.7881597213745115e-05,3.094172104717171e-05,137,0.0042390157834625245
10-229-01378,BIHAR,Nalanda,Karai Parsurai,0,0,,209,10,1378,,58523.47447411047,82148146.79064696,0.0002470648779296875,0.00011117919506835939,60,0.0066707517041015634
10-229-01379,BIHAR,Nalanda,Nagar Nausa,0,0,,209,10,1379,,82570.35159490984,108015836.82811198,0.0002747575173187256,0.00011874044898605347,80,0.009499235918884278
10-229-01380,BIHAR,Nalanda,Harnaut,0,0,,209,10,1380,,124869.90123154312,224385440.0517296,0.0002747575173187256,9.556783211086108e-05,161,0.015386420969848633
10-229-01381,BIHAR,Nalanda,Chandi,0,0,,209,10,1381,,70527.81459673235,147156102.481168,0.0002747575173187256,0.0002520711168061703,109,0.027475751731872562
10-229-01382,BIHAR,Nalanda,Rahui,0,0,,209,10,1382,,77076.6108369453,152249665.90613127,0.0002747575173187256,0.0002645813129735876,108,0.02857478180114746
10-229-01383,BIHAR,Nalanda,Bind,0,0,,209,10,1383,,70364.80140905235,88091657.81671415,0.0,0.0,66,0.0
10-229-01384,BIHAR,Nalanda,Sarmera,0,0,,209,10,1384,,91044.34634338948,167201876.42476654,0.0,0.0,123,0.0
10-229-01385,BIHAR,Nalanda,Asthawan,0,0,,209,10,1385,,92263.18064708126,171325630.7179731,0.0002747575173187256,4.4694225453491206e-05,125,0.005586778181686401
10-229-01387,BIHAR,Nalanda,Noorsarai,0,0,,209,10,1387,,78528.62700534344,151514769.88009417,0.0002747575173187256,0.0002747575173187256,114,0.03132235697433472
10-229-01386,BIHAR,Nalanda,Bihar,0,0,,209,10,1386,,98561.8371020671,215840179.0991975,0.000303629900970459,0.0002667999915909767,160,0.042687998654556275
10-229-01390,BIHAR,Nalanda,Hilsa,0,0,,209,10,1390,,93433.88804652911,175765721.10991755,0.0002470648779296875,0.0002470648779296875,131,0.032365499008789066
10-229-01391,BIHAR,Nalanda,Ekangarsarai,0,0,,209,10,1391,,87121.32234693572,166605847.460251,0.0002470648779296875,0.0002470648779296875,122,0.03014191510742188
10-229-01392,BIHAR,Nalanda,Islampur,0,0,,209,10,1392,,109868.69145522316,273834151.4326934,0.0002470648779296875,0.0002109541847630137,194,0.04092511184402466
10-229-01393,BIHAR,Nalanda,Ben,0,0,,209,10,1393,,66947.54721379357,127526149.56798536,0.000303629900970459,0.0002514339302858393,94,0.023634789446868896
10-230-01398,BIHAR,Patna,Maner,0,0,,212,10,1398,,96133.56350709034,213315300.3597084,0.00021423315448760989,5.4389866553963016e-05,154,0.008376039449310304
10-229-01394,BIHAR,Nalanda,Rajgir,0,0,,209,10,1394,,88740.45664753366,198129288.77271983,0.000303629900970459,0.0002540795885368918,147,0.0373496995149231
10-229-01395,BIHAR,Nalanda,Silao,0,0,,209,10,1395,,79220.42929786978,154752836.13944647,0.000303629900970459,0.0002985645705052426,114,0.03403636103759766
10-229-01396,BIHAR,Nalanda,Giriak,0,0,,209,10,1396,,88347.46773236175,99576022.5731765,0.000303629900970459,0.000303629900970459,73,0.022164982770843507
10-229-01397,BIHAR,Nalanda,Katrisarai,0,0,,209,10,1397,,38918.76300208476,48673462.28309288,0.000303629900970459,0.00023535807867050172,36,0.008472890832138062
10-230-01399,BIHAR,Patna,Dinapur-Cum-Khagaul,0,0,,212,10,1399,,78598.21354533077,184765788.04152673,0.00021423315448760989,6.347649021855108e-05,135,0.008569326179504396
10-234-01474,BIHAR,Rohtas,Tilouthu,0,0,,215,10,1474,,73885.57639601533,193504401.97342023,0.0003892561554718018,0.0003193476264754704,140,0.044708667706565855
10-230-01400,BIHAR,Patna,Patna Rural,0,0,,212,10,1400,,87518.10425735511,179850223.48881748,0.00021423315448760989,3.7613454604694865e-05,131,0.004927362553215027
10-230-01401,BIHAR,Patna,Sampatchak,0,0,,212,10,1401,,53219.7118618291,78902366.60372826,0.00021423315448760989,7.516952789038943e-06,57,0.00042846630897521977
10-230-01406,BIHAR,Patna,Dulhin Bazar,0,0,,212,10,1406,,77792.54009458271,136539622.4680228,0.0002783069659423828,0.00022477934430054945,99,0.022253155085754397
10-230-01402,BIHAR,Patna,Phulwari,0,0,,212,10,1402,,70659.26045014715,135940825.49713776,0.00021423315448760989,0.00020530677305062616,96,0.01970945021286011
10-230-01413,BIHAR,Patna,Khusrupur,0,0,,212,10,1413,,46143.60198551767,78201544.387751,0.0,0.0,58,0.0
10-230-01403,BIHAR,Patna,Bihta,0,0,,212,10,1403,,116564.9809665079,244879174.98088208,0.00021423315448760989,0.0001893540675031222,182,0.03446244028556824
10-230-01415,BIHAR,Patna,Athmalgola,0,0,,212,10,1415,,47997.69261940102,62827293.65665197,0.0,0.0,47,0.0
10-230-01404,BIHAR,Patna,Naubatpur,0,0,,212,10,1404,,105087.74367689912,205320191.59612688,0.00021423315448760989,0.00021423315448760989,153,0.03277767263660431
10-230-01405,BIHAR,Patna,Bikram,0,0,,212,10,1405,,86626.03512108007,186422313.04867813,0.00021423315448760989,0.00018642055435041447,137,0.02553961594600678
10-234-01475,BIHAR,Rohtas,Rohtas,0,0,,215,10,1475,,88257.59288547112,389741138.17794544,0.00035285073070526126,0.0003004672266579999,288,0.08653456127750397
10-230-01407,BIHAR,Patna,Paliganj,0,0,,212,10,1407,,129476.3041410336,293354152.7667747,0.0002783069659423828,0.00027376864155813916,214,0.058586489293441776
10-230-01408,BIHAR,Patna,Masaurhi,0,0,,212,10,1408,,108866.13277400887,248716954.87290823,0.00024357709686279296,0.00023368588033183238,178,0.04159608669906616
10-230-01409,BIHAR,Patna,Dhanarua,0,0,,212,10,1409,,95102.40821522896,225577653.19725513,0.0002470648779296875,0.00018913624646824562,163,0.030829208174324038
10-230-01410,BIHAR,Patna,Punpun,0,0,,212,10,1410,,82554.93388622913,161116560.78819045,0.00021423315448760989,0.00014524281660176943,118,0.017138652359008792
10-230-01411,BIHAR,Patna,Fatwah,0,0,,212,10,1411,,97950.27190535897,155697451.47083917,0.0,0.0,115,0.0
10-230-01412,BIHAR,Patna,Daniawan,0,0,,212,10,1412,,69689.77872311571,79566220.36857046,0.0,0.0,56,0.0
10-230-01414,BIHAR,Patna,Bakhtiarpur,0,0,,212,10,1414,,120205.01587822943,168153072.20481881,0.0,0.0,120,0.0
10-230-01416,BIHAR,Patna,Belchhi,0,0,,212,10,1416,,88573.78025963024,87443681.0926542,0.0,0.0,70,0.0
10-230-01417,BIHAR,Patna,Barh,0,0,,212,10,1417,,95365.9771693495,147280816.515725,0.0,0.0,104,0.0
10-230-01419,BIHAR,Patna,Ghoswari,0,0,,212,10,1419,,66454.95033385535,164897376.1169027,0.0,0.0,126,0.0
10-230-01418,BIHAR,Patna,Pandarak,0,0,,212,10,1418,,106894.44852036482,252509471.6555304,0.0,0.0,180,0.0
10-232-01438,BIHAR,Buxar,Chaugain,0,0,,194,10,1438,,52625.33924401454,66025696.44875917,0.0002010781488800049,0.00020107814888000488,49,0.00985282929512024
10-232-01439,BIHAR,Buxar,Kesath,0,0,,194,10,1439,,34661.84662025829,38236018.49691825,0.0002010781488800049,0.00020107814888000488,29,0.005831266317520142
10-230-01420,BIHAR,Patna,Mokameh,0,0,,212,10,1420,,127700.39840194934,244519830.48183808,0.0,0.0,181,0.0
10-231-01421,BIHAR,Bhojpur,Shahpur,0,0,,193,10,1421,,110658.91431619873,211766871.4500774,0.00019561129852294922,0.00016970162083087824,156,0.026473452849617007
10-234-01460,BIHAR,Rohtas,Suryapura,0,0,,215,10,1460,,56159.7630280001,69765063.31452103,0.00026134387725830076,0.00026134387725830076,47,0.012283162231140135
10-231-01422,BIHAR,Bhojpur,Arrah,0,0,,193,10,1422,,120924.06747051864,221925641.7145924,0.00019561129852294922,0.00017791036294589256,159,0.028287747708396916
10-231-01423,BIHAR,Bhojpur,Barhara,0,0,,193,10,1423,,128817.96875565937,258494738.36324885,0.00016187901092529298,0.0001403806936791305,191,0.026812712492713928
10-231-01424,BIHAR,Bhojpur,Koilwar,0,0,,193,10,1424,,94779.33453556667,208456312.66749656,0.0001753522747039795,0.00016572690266807607,149,0.024693308497543334
10-231-01425,BIHAR,Bhojpur,Sandesh,0,0,,193,10,1425,,60697.76797134289,164599530.19806212,0.0002783069659423828,0.0001910572276047529,118,0.022544752857360843
10-231-01426,BIHAR,Bhojpur,Udwant Nagar,0,0,,193,10,1426,,92445.60417460876,217797556.82002312,0.00019561129852294922,0.00018755802197379358,161,0.030196841537780766
10-234-01461,BIHAR,Rohtas,Bikramganj,0,0,,215,10,1461,,88556.32896667719,168723569.68103397,0.00026134387725830076,0.00026134387725830076,129,0.033713360166320795
10-231-01427,BIHAR,Bhojpur,Behea,0,0,,193,10,1427,,114516.77527652554,206091349.70539597,0.0002010781488800049,0.00019626969330304464,150,0.029440453995456695
10-231-01428,BIHAR,Bhojpur,Jagdishpur,0,0,,193,10,1428,,109726.00219208181,318463526.4488765,0.0002010781488800049,0.0001961627790414241,228,0.0447251136214447
10-231-01429,BIHAR,Bhojpur,Piro,0,0,,193,10,1429,,100703.96274410955,268205354.86689487,0.00026560179672241213,0.00024310333819046022,200,0.048620667638092044
10-234-01462,BIHAR,Rohtas,Karakat,0,0,,215,10,1462,,102232.22868007293,251121712.10833624,0.0003069806285095215,0.0002733496949048476,176,0.04810954630325317
10-231-01430,BIHAR,Bhojpur,Charpokhari,0,0,,193,10,1430,,88834.1327790213,135855258.49695313,0.00026560179672241213,0.0002449730183057283,95,0.023272436739044187
10-231-01431,BIHAR,Bhojpur,Garhani,0,0,,193,10,1431,,93054.52180151101,137128723.85739592,0.00026560179672241213,0.0002037655313228866,103,0.02098784972625732
10-231-01432,BIHAR,Bhojpur,Agiaon,0,0,,193,10,1432,,87534.07309197474,191419206.17039648,0.0002783069659423828,0.0002523961595581933,139,0.03508306617858887
10-231-01433,BIHAR,Bhojpur,Tarari,0,0,,193,10,1433,,95157.98131215997,247108515.4982669,0.00026560179672241213,0.0002651447319211798,177,0.04693061755004883
10-231-01434,BIHAR,Bhojpur,Sahar,0,0,,193,10,1434,,61748.81499939302,157154129.14318892,0.0002783069659423828,0.00026766502933078345,117,0.03131680843170166
10-232-01435,BIHAR,Buxar,Simri,0,0,,194,10,1435,,87047.69219699135,222195796.247413,0.0003458304307937622,0.00022657796487878011,164,0.03715878624011994
10-232-01436,BIHAR,Buxar,Chakki,0,0,,194,10,1436,,73799.54032015939,80420668.23199363,0.0002010781488800049,0.00018505086816847328,64,0.01184325556278229
10-232-01437,BIHAR,Buxar,Barhampur,0,0,,194,10,1437,,133928.15369382405,240152233.65370417,0.0002010781488800049,0.0001974477829646513,173,0.03415846645288467
10-232-01440,BIHAR,Buxar,Dumraon,0,0,,194,10,1440,,115797.88145848007,238641355.07175583,0.0003458304307937622,0.0002447607901675885,169,0.04136457353832245
10-232-01441,BIHAR,Buxar,Buxar,0,0,,194,10,1441,,90996.21871903203,211591033.38394436,0.0003458304307937622,0.00034490881161635095,157,0.054150683423767096
10-232-01442,BIHAR,Buxar,Chausa,0,0,,194,10,1442,,99103.08457070828,138502720.57991108,0.00040232130218505863,0.00032357771555392543,107,0.03462281556427002
10-232-01443,BIHAR,Buxar,Rajpur,0,0,,194,10,1443,,121142.9666413415,336933113.12217736,0.00048206419929504394,0.00043842956999346676,245,0.10741524464839936
10-232-01444,BIHAR,Buxar,Itarhi,0,0,,194,10,1444,,109439.3274763228,293713382.2816445,0.00048206419929504394,0.0003471341032196118,209,0.07255102757289887
10-232-01445,BIHAR,Buxar,Nawanagar,0,0,,194,10,1445,,126567.10382889764,229774401.79100823,0.00048206419929504394,0.00022665833454538382,169,0.038305258538169865
10-233-01446,BIHAR,Kaimur (Bhabua),Ramgarh,0,0,,200,10,1446,,124781.0721120257,206666195.02442607,0.00040232130218505863,0.00033442259705650885,151,0.05049781215553284
10-233-01447,BIHAR,Kaimur (Bhabua),Nuaon,0,0,,200,10,1447,,121732.74643995032,235834986.4758632,0.00048206419929504394,0.0003962440243458888,171,0.06775772816314699
10-233-01448,BIHAR,Kaimur (Bhabua),Kudra,0,0,,200,10,1448,,132624.50147962422,255577893.54332253,0.00040232130218505863,0.00033711636538672076,189,0.06371499305809022
10-233-01449,BIHAR,Kaimur (Bhabua),Mohania,0,0,,200,10,1449,,142323.6809133636,349176573.6513165,0.00040232130218505863,0.0003447650707161427,256,0.08825985810333253
10-233-01450,BIHAR,Kaimur (Bhabua),Durgawati,0,0,,200,10,1450,,108544.41183902678,212580801.4059764,0.00018417865379333497,0.00018417865379333497,154,0.028363512684173586
10-233-01451,BIHAR,Kaimur (Bhabua),Chand,0,0,,200,10,1451,,97099.60209928264,257974481.1925409,0.00019772541793823244,0.00018037124566017314,188,0.03390979418411255
10-233-01452,BIHAR,Kaimur (Bhabua),Chainpur,0,0,,200,10,1452,,170712.34536647963,555311526.8488017,0.00022234671775817874,0.00020054569801752336,407,0.081622099093132
10-233-01453,BIHAR,Kaimur (Bhabua),Bhabua,0,0,,200,10,1453,,143727.89821118704,407618990.38615096,0.00040232130218505863,0.00024787717577151683,301,0.07461102990722657
10-233-01454,BIHAR,Kaimur (Bhabua),Rampur,0,0,,200,10,1454,,126612.15498309073,210660395.23746365,0.00029129668006896975,0.00026270550642435987,149,0.03914312045722962
10-233-01455,BIHAR,Kaimur (Bhabua),Bhagwanpur,0,0,,200,10,1455,,134815.05705103654,292151198.96788174,0.00029129668006896975,0.0002234741470969684,211,0.04715304503746033
10-233-01456,BIHAR,Kaimur (Bhabua),Adhaura,0,0,,200,10,1456,,271357.2345421078,1135984955.9859164,0.00029129668006896975,0.00021428118658709216,833,0.17849622842704777
10-234-01457,BIHAR,Rohtas,Kochas,0,0,,215,10,1457,,90248.48407846906,187033418.62218276,0.00048206419929504394,0.000457295572162397,132,0.0603630155254364
10-234-01458,BIHAR,Rohtas,Dinara,0,0,,215,10,1458,,157118.7651045217,464648316.8452498,0.00048206419929504394,0.0004302823055620837,341,0.14672626619667054
10-234-01459,BIHAR,Rohtas,Dawath,0,0,,215,10,1459,,78120.6651060775,129910427.66035384,0.00026134387725830076,0.00026134387725830076,94,0.02456632446228027
10-234-01466,BIHAR,Rohtas,Nokha,0,0,,215,10,1466,,82152.91978314315,208772248.59610957,0.00048206419929504394,0.00030671101977786504,148,0.04539323092712402
10-235-01476,BIHAR,Aurangabad,Daudnagar,0,0,,189,10,1476,,91010.07504965532,238139281.75712803,0.0003069806285095215,0.0003065885290772887,174,0.05334640405944824
10-234-01467,BIHAR,Rohtas,Kargahar,0,0,,215,10,1467,,128509.87472624176,406135690.59563094,0.00048206419929504394,0.0003455977440045331,296,0.10229693222534181
10-234-01468,BIHAR,Rohtas,Chenari,0,0,,215,10,1468,,121720.69626398994,292642418.8385522,0.00029129668006896975,0.00024747464277240846,215,0.05320704819606782
10-234-01469,BIHAR,Rohtas,Nauhatta,0,0,,215,10,1469,,175494.75594492842,478591449.404211,0.00035285073070526126,0.00022948975000209058,354,0.08123937150074007
10-234-01470,BIHAR,Rohtas,Sheosagar,0,0,,215,10,1470,,135463.8765525897,406503956.12222886,0.0003184178300857544,0.00027645616121945143,295,0.08155456755973817
10-234-01471,BIHAR,Rohtas,Sasaram,0,0,,215,10,1471,,135810.11950728856,394273130.8742507,0.0003184178300857544,0.0002893300998494378,290,0.08390572895633697
10-234-01473,BIHAR,Rohtas,Dehri,0,0,,215,10,1473,,97323.52013589225,199371136.99043605,0.0003892561554718018,0.00031112203550246663,145,0.045112695147857665
10-235-01477,BIHAR,Aurangabad,Haspura,0,0,,189,10,1477,,88845.10694940752,164519986.5205008,0.0003629765726852417,0.00030790618130581437,121,0.03725664793800354
10-235-01478,BIHAR,Aurangabad,Goh,0,0,,189,10,1478,,122286.20877621078,374665187.3660463,0.0003629765726852417,0.0003473306471067316,272,0.094473936013031
10-236-01491,BIHAR,Gaya,Neem Chak Bathani,0,0,,196,10,1491,,79540.44278654993,146770773.7769567,0.0001861477085876465,0.0001861477085876465,103,0.01917321398452759
10-235-01479,BIHAR,Aurangabad,Rafiganj,0,0,,189,10,1479,,167069.30684925965,465687847.79432577,0.0003629765726852417,0.0002746789961181708,341,0.09366553767629623
10-235-01480,BIHAR,Aurangabad,Obra,0,0,,189,10,1480,,130720.05569071589,327203821.09876627,0.0003892561554718018,0.00030274426464740737,237,0.07175039072143555
10-236-01494,BIHAR,Gaya,Manpur,0,0,,196,10,1494,,77081.78707553667,161226183.41058797,0.0002963113204956055,0.0002932358777469137,115,0.033722125940895076
10-235-01481,BIHAR,Aurangabad,Aurangabad,0,0,,189,10,1481,,125502.68609205673,344679798.38062614,0.0003892561554718018,0.00024840850586473946,256,0.0635925775013733
10-237-01511,BIHAR,Nawada,Nardiganj,0,0,,210,10,1511,,60262.24041371029,129808165.4472442,0.000303629900970459,0.000303629900970459,95,0.028844840592193607
10-235-01482,BIHAR,Aurangabad,Barun,0,0,,189,10,1482,,117269.30390529483,381782699.30215496,0.0003892561554718018,0.00036181365214484084,280,0.10130782260055543
10-235-01483,BIHAR,Aurangabad,Nabinagar,0,0,,189,10,1483,,173491.30877801325,657546828.2218357,0.0003892561554718018,0.00034789021748292035,483,0.16803097504425052
10-235-01484,BIHAR,Aurangabad,Kutumba,0,0,,189,10,1484,,110495.73757590447,319048251.76106954,0.0003892561554718018,0.00034239864707646934,229,0.07840929018051147
10-235-01485,BIHAR,Aurangabad,Deo,0,0,,189,10,1485,,158578.88849021672,336990745.1586724,0.0003892561554718018,0.00024578103087163065,251,0.0616910387487793
10-235-01486,BIHAR,Aurangabad,Madanpur,0,0,,189,10,1486,,153529.37367368402,418713952.50229967,0.00032829531415939336,0.00021454109754790766,309,0.06629319914230347
10-236-01487,BIHAR,Gaya,Konch,0,0,,196,10,1487,,154041.56172387034,319288521.7326548,0.0003629765726852417,0.0003528113762207689,232,0.08185223928321839
10-236-01488,BIHAR,Gaya,Tikari,0,0,,196,10,1488,,122221.36853604284,290576655.12704176,0.0003629765726852417,0.0003167043871743089,218,0.06904155640399934
10-236-01489,BIHAR,Gaya,Belaganj,0,0,,196,10,1489,,113473.13279109563,240372540.95814112,0.00022557613727569584,0.00022557613727569584,180,0.04060370470962525
10-236-01490,BIHAR,Gaya,Khizirsarai,0,0,,196,10,1490,,103698.13096672995,223124430.97950032,0.0002963113204956055,0.000207077759352713,165,0.03416783029319764
10-236-01492,BIHAR,Gaya,Muhra,0,0,,196,10,1492,,93681.45756176667,181269438.2139707,0.000303629900970459,0.00019451549454874067,134,0.02606507626953125
10-236-01493,BIHAR,Gaya,Atri,0,0,,196,10,1493,,103075.15367958385,161340647.62451813,0.000303629900970459,0.0001984224894477139,119,0.023612276244277954
10-236-01495,BIHAR,Gaya,Gaya Town C.D.Block,0,0,,196,10,1495,,91678.58033080616,224144813.6021213,0.0002963113204956055,0.00028620629432133266,161,0.046079213385734556
10-236-01496,BIHAR,Gaya,Paraiya,0,0,,196,10,1496,,75593.31264449215,167300846.5298876,0.00032829531415939336,0.00031443558357175196,120,0.03773227002861024
10-236-01497,BIHAR,Gaya,Guraru,0,0,,196,10,1497,,81292.54933661391,199646285.7542363,0.00032829531415939336,0.0003282953141593935,147,0.04825941118143084
10-237-01512,BIHAR,Nawada,Nawada,0,0,,210,10,1512,,86822.75137888109,219317998.1072041,0.00038162083526611327,0.0003081007188600188,157,0.04837181286102295
10-236-01498,BIHAR,Gaya,Gurua,0,0,,196,10,1498,,117859.62964526065,238015237.1519128,0.00032829531415939336,0.0003123340367942326,173,0.054033788365402236
10-236-01499,BIHAR,Gaya,Amas,0,0,,196,10,1499,,100546.69423332924,128484051.44985774,0.00032829531415939336,0.00022361749651979147,95,0.02124366216938019
10-237-01517,BIHAR,Nawada,Roh,0,0,,210,10,1517,,77804.52626079548,192537548.9783989,0.00038162083526611327,0.00020350291931788128,144,0.029304420381774905
10-236-01500,BIHAR,Gaya,Banke Bazar,0,0,,196,10,1500,,85166.97220092022,256240042.68049288,0.00021457377288818362,0.00020768554405581569,186,0.03862951119438172
10-236-01501,BIHAR,Gaya,Imamganj,0,0,,196,10,1501,,136271.57775821586,316917295.57645696,0.00021457377288818362,0.00019727169842548452,239,0.0471479359236908
10-236-01502,BIHAR,Gaya,Dumaria,0,0,,196,10,1502,,119690.94596035974,390676703.928496,0.0002959485952758789,0.00021324297114803917,285,0.06077424677719116
10-236-01503,BIHAR,Gaya,Sherghati,0,0,,196,10,1503,,100322.2973073121,167902109.12194017,0.00032829531415939336,0.00023554332907746483,123,0.028971829476528172
10-238-01531,BIHAR,Jamui,Gidhaur,0,0,,198,10,1531,,55211.5633940527,100392309.18230554,8.549728652954102e-05,8.44362537923177e-05,75,0.006332719034423828
10-236-01504,BIHAR,Gaya,Dobhi,0,0,,196,10,1504,,103572.88994215836,218837778.49499393,0.00030014004608154294,0.000284727487556031,161,0.045841125496520994
10-236-01505,BIHAR,Gaya,Bodh Gaya,0,0,,196,10,1505,,120948.91182130505,306843965.9119923,0.00032829531415939336,0.0002969057282063028,230,0.06828831748744964
10-236-01506,BIHAR,Gaya,Tan Kuppa,0,0,,196,10,1506,,108147.94853451202,190099968.23000297,0.00030014004608154294,0.00025472019786094556,134,0.0341325065133667
10-240-01542,BIHAR,Arwal,Arwal,0,0,,611,10,1542,,73924.8054791393,147787869.27798152,0.0002783069659423828,0.0002750085085487365,104,0.028600884889068597
10-236-01507,BIHAR,Gaya,Wazirganj,0,0,,196,10,1507,,105472.06999302967,323030583.61833626,0.0002963113204956055,0.00023265274701522569,236,0.054906048295593264
10-236-01508,BIHAR,Gaya,Fatehpur,0,0,,196,10,1508,,155359.44599717355,408449805.62920874,0.00034992679531097417,0.0002716645271967587,304,0.08258601626781464
10-240-01543,BIHAR,Arwal,Kaler,0,0,,611,10,1543,,67777.19153730445,176075758.749563,0.0003069806285095215,0.00027255091351108696,131,0.03570416966995239
10-236-01509,BIHAR,Gaya,Mohanpur,0,0,,196,10,1509,,119906.24818546322,418796109.2883684,0.00030014004608154294,0.00029947935966265085,303,0.09074224597778321
10-240-01544,BIHAR,Arwal,Karpi,0,0,,611,10,1544,,158139.92638461498,234985661.7206014,0.0003629765726852417,0.00028607475823446766,172,0.049204858416328434
10-236-01510,BIHAR,Gaya,Barachatti,0,0,,196,10,1510,,138753.78132836288,366328956.31361085,0.00030014004608154294,0.00030007479371115946,275,0.08252056827056885
10-237-01513,BIHAR,Nawada,Warisaliganj,0,0,,210,10,1513,,109792.76918459819,202861050.3008767,0.000303629900970459,0.0001327181281379129,147,0.019509564836273197
10-237-01514,BIHAR,Nawada,Kashi Chak,0,0,,210,10,1514,,73948.94452619922,98983451.20841853,3.054261177062988e-05,3.054261177062989e-05,72,0.002199068047485352
10-237-01515,BIHAR,Nawada,Pakribarawan,0,0,,210,10,1515,,104545.76938151139,251834567.85717744,3.054261177062988e-05,3.054261177062988e-05,184,0.005619840565795898
10-237-01516,BIHAR,Nawada,Kawakol,0,0,,210,10,1516,,121170.20018263235,362955647.76482904,0.00023604793296813967,0.00012353629931371015,266,0.0328606556174469
10-237-01518,BIHAR,Nawada,Gobindpur,0,0,,210,10,1518,,73133.35659787485,188189390.13263756,0.00038162083526611327,0.00027556057787758964,140,0.03857848090286255
10-237-01519,BIHAR,Nawada,Akbarpur,0,0,,210,10,1519,,91268.2921062847,249541236.96202633,0.00038162083526611327,0.0003816208352661133,184,0.07021823368896485
10-237-01520,BIHAR,Nawada,Hisua,0,0,,210,10,1520,,85113.4923130193,144090762.99664384,0.00038162083526611327,0.00030724854583740233,104,0.03195384876708984
10-237-01521,BIHAR,Nawada,Narhat,0,0,,210,10,1521,,62856.50481924386,99624005.77002536,0.00038162083526611327,0.00038162083526611327,69,0.026331837633361815
10-237-01522,BIHAR,Nawada,Meskaur,0,0,,210,10,1522,,75185.00287586387,145604023.18435815,0.00038162083526611327,0.0002707737621198382,112,0.030326661357421875
10-237-01523,BIHAR,Nawada,Sirdala,0,0,,210,10,1523,,111278.51695598938,301894539.186342,0.00038162083526611327,0.0003251821183757607,218,0.07088970180591583
10-237-01524,BIHAR,Nawada,Rajauli,0,0,,210,10,1524,,132370.86211000624,450216393.36794454,0.00038162083526611327,0.0003485605958581185,333,0.11607067842075347
10-238-01525,BIHAR,Jamui,Islamnagar Aliganj,0,0,,198,10,1525,,96153.77396855215,213408239.47295904,8.849271148681641e-05,5.4852950002230124e-05,156,0.0085570602003479
10-238-01526,BIHAR,Jamui,Sikandra,0,0,,198,10,1526,,86788.2538333537,223096734.30010977,8.849271148681641e-05,6.024625179337867e-05,162,0.009759892790527344
10-238-01527,BIHAR,Jamui,Jamui,0,0,,198,10,1527,,90084.78430112793,212157753.6648698,8.355637298583984e-05,8.322508555652248e-05,155,0.012899888261260985
10-238-01528,BIHAR,Jamui,Barhat,0,0,,198,10,1528,,114104.37581341481,270298087.1382075,8.355637298583984e-05,6.955962015064839e-05,197,0.013703245169677735
10-238-01529,BIHAR,Jamui,Lakshmipur,0,0,,198,10,1529,,112147.89260238525,307635253.00857943,8.355637298583984e-05,2.228169946289063e-05,225,0.005013382379150391
10-238-01530,BIHAR,Jamui,Jhajha,0,0,,198,10,1530,,147664.43327942316,507112726.974952,0.00013707185176849366,0.00012097111698181565,370,0.04475931328327179
10-238-01532,BIHAR,Jamui,Khaira,0,0,,198,10,1532,,142747.05687020053,513762691.7981683,8.849271148681641e-05,8.585844471736676e-05,377,0.03236863365844727
10-238-01533,BIHAR,Jamui,Sono,0,0,,198,10,1533,,117724.39892386932,474283005.7300444,0.00022135012954711914,9.399991099458713e-05,349,0.03280596893711091
10-238-01534,BIHAR,Jamui,Chakai,0,0,,198,10,1534,,243956.2217086091,956725034.6798706,0.00022135012954711914,0.0001816038892855508,700,0.12712272249988557
10-239-01535,BIHAR,Jehanabad,Ratni Faridpur,0,0,,199,10,1535,,82762.53932271499,155018952.20303965,0.0003629765726852417,0.0002658160895799336,114,0.030303034212112428
10-239-01536,BIHAR,Jehanabad,Jehanabad,0,0,,199,10,1536,,97254.09844747804,201426556.69272655,0.00024357709686279296,0.00024357709686279296,148,0.03604941033569336
10-239-01537,BIHAR,Jehanabad,Kako,0,0,,199,10,1537,,83599.3529020472,162373941.78194478,0.00024357709686279296,0.00024357709686279294,118,0.028742097429809568
10-239-01538,BIHAR,Jehanabad,Modanganj,0,0,,199,10,1538,,66522.90037500951,97205276.85869928,0.0002470648779296875,0.00024610447444749917,69,0.016981208736877442
10-239-01539,BIHAR,Jehanabad,Ghoshi,0,0,,199,10,1539,,82931.95174196921,112225161.55433495,0.0002470648779296875,0.0002369243463378355,83,0.019664720746040348
10-239-01540,BIHAR,Jehanabad,Makhdumpur,0,0,,199,10,1540,,128831.72570768485,301471679.33572614,0.00024357709686279296,0.00022756702681528263,217,0.04938204481891633
10-239-01541,BIHAR,Jehanabad,Hulasganj,0,0,,199,10,1541,,87179.53907708311,119677697.18988888,0.0002470648779296875,0.00021279095615514123,90,0.01915118605396271
10-240-01545,BIHAR,Arwal,Sonbhadra Banshi Suryapur,0,0,,611,10,1545,,62692.97791397586,116643000.97724338,0.0003629765726852417,0.00034257425780744445,83,0.028433663398017887
10-240-01546,BIHAR,Arwal,Kurtha,0,0,,611,10,1546,,71585.17106640573,106433073.5354984,0.0003629765726852417,0.00032172727709256683,78,0.025094727613220215
10-224-01334,BIHAR,Bhagalpur,Gopalpur,0,0,,192,10,1334,,95407.9186210158,208941966.91883087,0.0,0.0,153,0.0
10-210-01127,BIHAR,Kishanganj,Kishanganj,0,0,,203,10,1127,,125268.33771117091,207105687.55921903,0.0,0.0,152,0.0
10-206-01064,BIHAR,Sitamarhi,Suppi,0,0,,221,10,1064,,71084.15120823232,92250451.53846286,0.0,0.0,66,0.0
10-234-01463,BIHAR,Rohtas,Nasriganj,0,0,,215,10,1463,,90034.07903274363,167356919.18355417,0.00040273407180786133,0.00039265724049522766,126,0.04947481230239868
10-234-01464,BIHAR,Rohtas,Rajpur,0,0,,215,10,1464,,68660.48684625747,85633596.4997788,0.00040273407180786133,0.0004027340718078613,63,0.02537224652389526
10-234-01465,BIHAR,Rohtas,Sanjhauli,0,0,,215,10,1465,,56591.722358052,83833486.39015438,0.00040273407180786133,0.00036408446361360094,63,0.02293732120765686
10-203-01023,BIHAR,Pashchim Champaran,Thakrahan,0,0,,211,10,1023,,79847.09402015881,199004696.79409248,0.0,0.0,145,0.0
10-204-01054,BIHAR,Purbi Champaran,Phenhara,0,0,,213,10,1054,,44565.43736457999,67645025.94776015,0.0,0.0,51,0.0
10-219-01262,BIHAR,Saran,Maker,0,0,,218,10,1262,,62357.8736467211,96585777.9808088,0.0,0.0,71,0.0
10-220-01282,BIHAR,Vaishali,Sahdai Buzurg,0,0,,224,10,1282,,74546.65030748869,114161677.3631406,0.0,0.0,84,0.0
10-229-01388,BIHAR,Nalanda,Tharthari,0,0,,209,10,1388,,71853.42144919158,77411758.12428828,7.50266201019287e-05,5.3729964048597537e-05,54,0.002901418058624267
10-229-01389,BIHAR,Nalanda,Parbalpur,0,0,,209,10,1389,,54466.2339431045,76043839.88376136,7.50266201019287e-05,7.028752905709403e-05,56,0.0039361016271972655
10-203-01022,BIHAR,Pashchim Champaran,Bhitaha,0,0,,211,10,1022,,72626.86760213553,166969906.7472905,0.0,0.0,117,0.0
10-203-01013,BIHAR,Pashchim Champaran,Sidhaw,0,0,,211,10,1013,,195582.3602130639,1085337194.6715722,0.0,0.0,781,0.0
10-203-01014,BIHAR,Pashchim Champaran,Ramnagar,0,0,,211,10,1014,,230865.78384139363,866139404.2451236,0.0,0.0,621,0.0
10-203-01015,BIHAR,Pashchim Champaran,Gaunaha,0,0,,211,10,1015,,136504.94021895694,605322845.3823951,0.0,0.0,441,0.0
10-203-01016,BIHAR,Pashchim Champaran,Mainatanr,0,0,,211,10,1016,,115419.13930249632,312998546.4010918,0.0,0.0,221,0.0
10-203-01017,BIHAR,Pashchim Champaran,Narkatiaganj,0,0,,211,10,1017,,149144.20649331805,441857686.2127825,0.0,0.0,314,0.0
10-203-01018,BIHAR,Pashchim Champaran,Lauriya,0,0,,211,10,1018,,120853.32018665274,255440417.54612216,0.0,0.0,183,0.0
10-203-01019,BIHAR,Pashchim Champaran,Bagaha,0,0,,211,10,1019,,135587.24079810514,491292931.53180623,0.0,0.0,352,0.0
10-203-01021,BIHAR,Pashchim Champaran,Madhubani,0,0,,211,10,1021,,144670.82201821523,386116138.1353823,0.0,0.0,276,0.0
10-203-01024,BIHAR,Pashchim Champaran,Jogapatti,0,0,,211,10,1024,,88530.23644360513,258722436.3759333,0.0,0.0,186,0.0
10-203-01029,BIHAR,Pashchim Champaran,Bairia,0,0,,211,10,1029,,105039.82861382668,288505226.87341565,0.0,0.0,208,0.0
10-203-01025,BIHAR,Pashchim Champaran,Chanpatia,0,0,,211,10,1025,,113543.7602983494,310017349.34780717,0.0,0.0,226,0.0
10-206-01071,BIHAR,Sitamarhi,Parsauni,0,0,,221,10,1071,,63729.135625112256,74724139.64418457,0.0,0.0,55,0.0
10-203-01026,BIHAR,Pashchim Champaran,Sikta,0,0,,211,10,1026,,93443.22825707054,255004178.86147365,0.0,0.0,183,0.0
10-203-01027,BIHAR,Pashchim Champaran,Majhaulia,0,0,,211,10,1027,,123374.4030721297,371511179.15939575,0.0,0.0,265,0.0
10-203-01028,BIHAR,Pashchim Champaran,Bettiah,0,0,,211,10,1028,,53968.26030594324,83182055.35378212,0.0,0.0,59,0.0
10-203-01030,BIHAR,Pashchim Champaran,Nautan,0,0,,211,10,1030,,122656.63983711715,245738630.13883996,0.0,0.0,171,0.0
10-204-01031,BIHAR,Purbi Champaran,Raxaul,0,0,,213,10,1031,,98709.78801801558,166685360.13968688,0.0,0.0,124,0.0
10-206-01072,BIHAR,Sitamarhi,Belsand,0,0,,221,10,1072,,66235.5873217276,97354060.86547032,0.0,0.0,70,0.0
10-206-01073,BIHAR,Sitamarhi,Runisaidpur,0,0,,221,10,1073,,152472.54206325076,334873257.0825382,0.0,0.0,243,0.0
10-204-01032,BIHAR,Purbi Champaran,Adapur,0,0,,213,10,1032,,94532.37688292323,199608924.7111849,0.0,0.0,148,0.0
10-206-01074,BIHAR,Sitamarhi,Dumra,0,0,,221,10,1074,,111649.34177378344,241159212.36062923,0.0,0.0,178,0.0
10-204-01033,BIHAR,Purbi Champaran,Ramgarhwa,0,0,,213,10,1033,,90718.26831189607,213035907.5226096,0.0,0.0,154,0.0
10-204-01034,BIHAR,Purbi Champaran,Sugauli,0,0,,213,10,1034,,84892.41923436844,209336830.19001696,0.0,0.0,149,0.0
10-204-01038,BIHAR,Purbi Champaran,Ghorasahan,0,0,,213,10,1038,,75335.10865687576,144368243.47105,0.0,0.0,104,0.0
10-204-01035,BIHAR,Purbi Champaran,Banjaria,0,0,,213,10,1035,,102381.40449613356,176960195.87167916,0.0,0.0,124,0.0
10-204-01047,BIHAR,Purbi Champaran,Kesaria,0,0,,213,10,1047,,87546.8206889307,229535442.11688668,0.0,0.0,168,0.0
10-204-01036,BIHAR,Purbi Champaran,Narkatia,0,0,,213,10,1036,,105607.09704406632,168338010.30978012,0.0,0.0,120,0.0
10-204-01037,BIHAR,Purbi Champaran,Bankatwa,0,0,,213,10,1037,,99233.37216886049,115311013.90225838,0.0,0.0,82,0.0
10-204-01039,BIHAR,Purbi Champaran,Dhaka,0,0,,213,10,1039,,97673.73467814895,202386545.86227983,0.0,0.0,145,0.0
10-204-01048,BIHAR,Purbi Champaran,Kalyanpur,0,0,,213,10,1048,,109413.20044555076,313300912.50613195,0.0,0.0,230,0.0
10-204-01040,BIHAR,Purbi Champaran,Chiraia,0,0,,213,10,1040,,110764.71696779084,272984575.32652414,0.0,0.0,199,0.0
10-204-01041,BIHAR,Purbi Champaran,Motihari,0,0,,213,10,1041,,181544.26702654368,319814691.13850176,0.0,0.0,241,0.0
10-204-01049,BIHAR,Purbi Champaran,Kotwa,0,0,,213,10,1049,,78879.98205471091,178282937.71225017,0.0,0.0,126,0.0
10-204-01042,BIHAR,Purbi Champaran,Turkaulia,0,0,,213,10,1042,,99475.78497366334,174748315.94966665,0.0,0.0,130,0.0
10-204-01050,BIHAR,Purbi Champaran,Piprakothi,0,0,,213,10,1050,,58369.33889310607,62223774.49301849,0.0,0.0,45,0.0
10-204-01043,BIHAR,Purbi Champaran,Harsidhi,0,0,,213,10,1043,,133904.34238337883,240218359.62130272,0.0,0.0,173,0.0
10-204-01044,BIHAR,Purbi Champaran,Paharpur,0,0,,213,10,1044,,108730.62076802726,192061375.0173064,0.0,0.0,144,0.0
10-204-01045,BIHAR,Purbi Champaran,Areraj,0,0,,213,10,1045,,93331.67353690567,242725576.26244012,0.0,0.0,174,0.0
10-204-01046,BIHAR,Purbi Champaran,Sangrampur,0,0,,213,10,1046,,78133.67961210197,187659878.02718252,0.0,0.0,133,0.0
10-204-01051,BIHAR,Purbi Champaran,Chakia(Pipra),0,0,,213,10,1051,,129110.66914194856,212940547.80779588,0.0,0.0,145,0.0
10-204-01052,BIHAR,Purbi Champaran,Pakri Dayal,0,0,,213,10,1052,,90143.40730437863,148110040.62869397,0.0,0.0,106,0.0
10-204-01053,BIHAR,Purbi Champaran,Patahi,0,0,,213,10,1053,,85994.51677214028,144960443.14880535,0.0,0.0,100,0.0
10-204-01055,BIHAR,Purbi Champaran,Madhuban,0,0,,213,10,1055,,112681.00006095257,152424272.44650427,0.0,0.0,114,0.0
10-204-01056,BIHAR,Purbi Champaran,Tetaria,0,0,,213,10,1056,,82320.72754353678,104458405.63845472,0.0,0.0,74,0.0
10-205-01058,BIHAR,Sheohar,Purnahiya,0,0,,220,10,1058,,57294.126150412616,80859097.14068061,0.0,0.0,59,0.0
10-204-01057,BIHAR,Purbi Champaran,Mehsi,0,0,,213,10,1057,,125063.78039343117,149773808.08158112,0.0,0.0,108,0.0
10-205-01059,BIHAR,Sheohar,Piprarhi,0,0,,220,10,1059,,105870.45511307275,104265216.9562483,0.0,0.0,77,0.0
10-205-01060,BIHAR,Sheohar,Sheohar,0,0,,220,10,1060,,81007.5322908237,115638983.35873616,0.0,0.0,83,0.0
10-205-01061,BIHAR,Sheohar,Dumri Katsari,0,0,,220,10,1061,,65038.65439014734,84655470.24819931,0.0,0.0,59,0.0
10-205-01062,BIHAR,Sheohar,Tariani Chowk,0,0,,220,10,1062,,97491.22869259815,171878914.60720828,0.0,0.0,126,0.0
10-206-01063,BIHAR,Sitamarhi,Bairgania,0,0,,221,10,1063,,59598.621146511534,94417571.99630062,0.0,0.0,70,0.0
10-206-01065,BIHAR,Sitamarhi,Majorganj,0,0,,221,10,1065,,62808.55729710282,95411217.42446172,0.0,0.0,68,0.0
10-206-01066,BIHAR,Sitamarhi,Sonbarsa,0,0,,221,10,1066,,92820.94699371175,224104085.6083578,0.0,0.0,155,0.0
10-206-01067,BIHAR,Sitamarhi,Parihar,0,0,,221,10,1067,,86838.20299610356,272812569.4060281,0.0,0.0,197,0.0
10-207-01095,BIHAR,Madhubani,Rajnagar,0,0,,206,10,1095,,78809.12744912357,223111125.2667772,0.0,0.0,158,0.0
10-206-01068,BIHAR,Sitamarhi,Sursand,0,0,,221,10,1068,,91215.71647520129,181412871.1123928,0.0,0.0,134,0.0
10-206-01069,BIHAR,Sitamarhi,Bathnaha,0,0,,221,10,1069,,120764.04051803834,251403523.12922087,0.0,0.0,185,0.0
10-206-01070,BIHAR,Sitamarhi,Riga,0,0,,221,10,1070,,129433.73210860479,163724219.02092636,0.0,0.0,114,0.0
10-210-01123,BIHAR,Kishanganj,Thakurganj,0,0,,203,10,1123,,224971.2940646554,491161543.46963537,0.0,0.0,353,0.0
10-210-01124,BIHAR,Kishanganj,Pothia,0,0,,203,10,1124,,167388.9118766352,443844792.4531903,0.0,0.0,321,0.0
10-210-01125,BIHAR,Kishanganj,Bahadurganj,0,0,,203,10,1125,,155296.13881782343,347494200.8377232,0.0,0.0,251,0.0
10-210-01126,BIHAR,Kishanganj,Kochadhamin,0,0,,203,10,1126,,139640.52665725534,360840233.8364798,0.0,0.0,258,0.0
10-211-01128,BIHAR,Purnia,Banmankhi,0,0,,214,10,1128,,142815.61519736593,459936087.34673214,0.0,0.0,333,0.0
10-206-01075,BIHAR,Sitamarhi,Bajpatti,0,0,,221,10,1075,,90407.29439213518,174303329.1783474,0.0,0.0,125,0.0
10-206-01076,BIHAR,Sitamarhi,Charaut,0,0,,221,10,1076,,85128.15752493152,91349700.81924292,0.0,0.0,62,0.0
10-206-01077,BIHAR,Sitamarhi,Pupri,0,0,,221,10,1077,,73992.24203369493,115338203.66308306,0.0,0.0,82,0.0
10-206-01078,BIHAR,Sitamarhi,Nanpur,0,0,,221,10,1078,,73315.01223618646,135892566.9983101,0.0,0.0,100,0.0
10-220-01283,BIHAR,Vaishali,Mahnar,0,0,,224,10,1283,,81638.1139853176,126474580.44313861,0.0,0.0,89,0.0
10-206-01079,BIHAR,Sitamarhi,Bokhara,0,0,,221,10,1079,,81978.13188098712,108574895.39827529,0.0,0.0,79,0.0
10-207-01080,BIHAR,Madhubani,Madhwapur,0,0,,206,10,1080,,88808.76172423853,137557654.90878707,0.0,0.0,103,0.0
10-207-01081,BIHAR,Madhubani,Harlakhi,0,0,,206,10,1081,,90217.76640094945,187441757.00046396,0.0,0.0,138,0.0
10-207-01082,BIHAR,Madhubani,Basopatti,0,0,,206,10,1082,,97634.90682970545,164238774.4639331,0.0,0.0,122,0.0
10-207-01089,BIHAR,Madhubani,Khajauli,0,0,,206,10,1089,,91171.28062794723,150968724.81279027,0.0,0.0,108,0.0
10-207-01083,BIHAR,Madhubani,Jainagar,0,0,,206,10,1083,,81489.61423509955,161880108.8306139,0.0,0.0,115,0.0
10-207-01090,BIHAR,Madhubani,Kaluahi,0,0,,206,10,1090,,62305.281593423286,101560283.08963235,0.0,0.0,75,0.0
10-207-01084,BIHAR,Madhubani,Ladania,0,0,,206,10,1084,,97928.14946240213,232665607.5684243,0.0,0.0,164,0.0
10-207-01085,BIHAR,Madhubani,Laukaha,0,0,,206,10,1085,,102032.19667129294,266340932.00179368,0.0,0.0,197,0.0
10-207-01086,BIHAR,Madhubani,Laukahi,0,0,,206,10,1086,,109679.24973352649,329223432.564553,0.0,0.0,237,0.0
10-207-01087,BIHAR,Madhubani,Phulparas,0,0,,206,10,1087,,117974.41186319289,199352334.8677591,0.0,0.0,140,0.0
10-207-01088,BIHAR,Madhubani,Babubarhi,0,0,,206,10,1088,,118996.04641992833,237192379.86086744,0.0,0.0,174,0.0
10-207-01091,BIHAR,Madhubani,Benipatti,0,0,,206,10,1091,,128414.2409747215,328987645.9449377,0.0,0.0,231,0.0
10-207-01092,BIHAR,Madhubani,Bisfi,0,0,,206,10,1092,,99754.46134559005,226192948.413646,0.0,0.0,165,0.0
10-207-01093,BIHAR,Madhubani,Madhubani,0,0,,206,10,1093,,109764.71764889831,200359220.56727448,0.0,0.0,142,0.0
10-207-01094,BIHAR,Madhubani,Pandaul,0,0,,206,10,1094,,102372.75527307783,208327489.63825428,0.0,0.0,148,0.0
10-207-01096,BIHAR,Madhubani,Andhratharhi,0,0,,206,10,1096,,97300.5167595078,186769445.10608673,0.0,0.0,134,0.0
10-207-01097,BIHAR,Madhubani,Jhanjharpur,0,0,,206,10,1097,,125261.96837896874,181284371.95402232,0.0,0.0,132,0.0
10-207-01098,BIHAR,Madhubani,Ghoghardiha,0,0,,206,10,1098,,114215.40677637524,211228851.4219488,0.0,0.0,159,0.0
10-207-01099,BIHAR,Madhubani,Lakhnaur,0,0,,206,10,1099,,72956.74167609161,146945623.14022,0.0,0.0,110,0.0
10-207-01100,BIHAR,Madhubani,Madhepur,0,0,,206,10,1100,,144505.38034518834,300452948.5687113,0.0,0.0,212,0.0
10-208-01101,BIHAR,Supaul,Nirmali,0,0,,223,10,1101,,123310.21889922836,162734364.67066902,0.0,0.0,118,0.0
10-208-01102,BIHAR,Supaul,Basantpur,0,0,,223,10,1102,,136288.63693043106,319456339.75100917,0.0,0.0,228,0.0
10-208-01103,BIHAR,Supaul,Chhatapur,0,0,,223,10,1103,,142271.17176584958,398825687.2446475,0.0,0.0,285,0.0
10-208-01104,BIHAR,Supaul,Pratapganj,0,0,,223,10,1104,,71155.69013184242,133032565.19323792,0.0,0.0,97,0.0
10-208-01105,BIHAR,Supaul,Raghopur,0,0,,223,10,1105,,111831.20983491397,255841046.48838165,0.0,0.0,187,0.0
10-221-01285,BIHAR,Samastipur,Warisnagar,0,0,,217,10,1285,,90241.30323013186,163846086.5162723,0.0,0.0,120,0.0
10-208-01106,BIHAR,Supaul,Saraigarh Bhaptiyahi,0,0,,223,10,1106,,105489.5116383213,257042943.27229512,0.0,0.0,189,0.0
10-208-01107,BIHAR,Supaul,Kishanpur,0,0,,223,10,1107,,125516.73810076228,248613546.3002807,0.0,0.0,177,0.0
10-208-01108,BIHAR,Supaul,Marauna,0,0,,223,10,1108,,114969.59778192453,206419565.01179272,0.0,0.0,149,0.0
10-208-01109,BIHAR,Supaul,Supaul,0,0,,223,10,1109,,122628.008173687,390920691.5720901,0.0,0.0,287,0.0
10-208-01110,BIHAR,Supaul,Pipra,0,0,,223,10,1110,,113516.78657800167,247320462.25611627,0.0,0.0,181,0.0
10-221-01287,BIHAR,Samastipur,Khanpur,0,0,,217,10,1287,,89337.20668890505,173313349.37261373,0.0,0.0,127,0.0
10-208-01111,BIHAR,Supaul,Tribeniganj,0,0,,223,10,1111,,136684.8917573132,402291551.99740016,0.0,0.0,290,0.0
10-209-01112,BIHAR,Araria,Narpatganj,0,0,,188,10,1112,,196352.82868709194,482872068.7863751,0.0,0.0,351,0.0
10-209-01113,BIHAR,Araria,Forbesganj,0,0,,188,10,1113,,165874.55860340688,546946456.996027,0.0,0.0,392,0.0
10-209-01114,BIHAR,Araria,Bhargama,0,0,,188,10,1114,,140909.75235341018,280499778.1128878,0.0,0.0,206,0.0
10-209-01115,BIHAR,Araria,Raniganj,0,0,,188,10,1115,,160625.61646677545,576910744.770993,0.0,0.0,418,0.0
10-209-01116,BIHAR,Araria,Araria,0,0,,188,10,1116,,192057.15187743204,506918787.2643526,0.0,0.0,371,0.0
10-209-01117,BIHAR,Araria,Kursakatta,0,0,,188,10,1117,,96566.38525637137,201032230.408231,0.0,0.0,147,0.0
10-209-01118,BIHAR,Araria,Sikti,0,0,,188,10,1118,,116798.35346995249,237753016.2819182,0.0,0.0,177,0.0
10-209-01119,BIHAR,Araria,Palasi,0,0,,188,10,1119,,132578.70192307016,306240761.34804773,0.0,0.0,222,0.0
10-209-01120,BIHAR,Araria,Jokihat,0,0,,188,10,1120,,155370.9524619173,341005127.7602247,0.0,0.0,246,0.0
10-210-01121,BIHAR,Kishanganj,Terhagachh,0,0,,203,10,1121,,121953.02658094271,245208326.38245347,0.0,0.0,175,0.0
10-210-01122,BIHAR,Kishanganj,Dighalbank,0,0,,203,10,1122,,147432.83262190674,314385668.4331173,0.0,0.0,224,0.0
10-211-01129,BIHAR,Purnia,Barhara,0,0,,214,10,1129,,111073.17449432175,288009141.38478667,0.0,0.0,212,0.0
10-211-01130,BIHAR,Purnia,Bhawanipur,0,0,,214,10,1130,,116656.34435182877,201938838.4795833,0.0,0.0,147,0.0
10-211-01131,BIHAR,Purnia,Rupauli,0,0,,214,10,1131,,113946.660566684,308195114.8462847,0.0,0.0,227,0.0
10-211-01132,BIHAR,Purnia,Dhamdaha,0,0,,214,10,1132,,135370.01293426772,446856166.039676,0.0,0.0,326,0.0
10-211-01133,BIHAR,Purnia,Krityanand Nagar,0,0,,214,10,1133,,149407.41850079046,364443041.21247435,0.0,0.0,274,0.0
10-211-01134,BIHAR,Purnia,Purnia East,0,0,,214,10,1134,,127662.13358515713,309272824.56310594,0.0,0.0,228,0.0
10-211-01135,BIHAR,Purnia,Kasba,0,0,,214,10,1135,,130095.64608516233,215123054.3424731,0.0,0.0,154,0.0
10-211-01136,BIHAR,Purnia,Srinagar,0,0,,214,10,1136,,106220.57404900706,172405807.6412187,0.0,0.0,122,0.0
10-211-01137,BIHAR,Purnia,Jalalgarh,0,0,,214,10,1137,,87146.39992638786,142107808.6772385,0.0,0.0,102,0.0
10-211-01138,BIHAR,Purnia,Amour,0,0,,214,10,1138,,141371.93624621196,307011870.96961224,0.0,0.0,225,0.0
10-211-01139,BIHAR,Purnia,Baisa,0,0,,214,10,1139,,132173.35304950457,275191667.549805,0.0,0.0,197,0.0
10-211-01140,BIHAR,Purnia,Baisi,0,0,,214,10,1140,,118169.54825440844,253873549.02719215,0.0,0.0,187,0.0
10-211-01141,BIHAR,Purnia,Dagarua,0,0,,214,10,1141,,129309.28146976323,257465778.6329552,0.0,0.0,180,0.0
10-212-01142,BIHAR,Katihar,Falka,0,0,,201,10,1142,,100518.70580952488,208374539.8829749,0.0,0.0,150,0.0
10-212-01143,BIHAR,Katihar,Korha,0,0,,201,10,1143,,137118.64195203967,368801327.90483874,0.0,0.0,273,0.0
10-212-01144,BIHAR,Katihar,Hasanganj,0,0,,201,10,1144,,78227.29832785497,86155111.41022065,0.0,0.0,62,0.0
10-212-01145,BIHAR,Katihar,Kadwa,0,0,,201,10,1145,,157692.68144088247,420129854.10490626,0.0,0.0,307,0.0
10-212-01146,BIHAR,Katihar,Balrampur,0,0,,201,10,1146,,141815.18317465586,216253207.31133217,0.0,0.0,151,0.0
10-212-01147,BIHAR,Katihar,Barsoi,0,0,,201,10,1147,,172308.8160052511,357713388.6445612,0.0,0.0,261,0.0
10-212-01148,BIHAR,Katihar,Azamnagar,0,0,,201,10,1148,,141791.77759222616,349759708.1212404,0.0,0.0,253,0.0
10-221-01290,BIHAR,Samastipur,Tajpur,0,0,,217,10,1290,,57166.77792153786,83856612.1105223,0.0,0.0,61,0.0
10-212-01149,BIHAR,Katihar,Pranpur,0,0,,201,10,1149,,111803.70370561493,191475637.62126103,0.0,0.0,141,0.0
10-212-01150,BIHAR,Katihar,Dandkhora,0,0,,201,10,1150,,70987.07501110679,111201189.06340708,0.0,0.0,81,0.0
10-212-01151,BIHAR,Katihar,Katihar,0,0,,201,10,1151,,76845.81968857624,136830037.77828172,0.0,0.0,100,0.0
10-212-01152,BIHAR,Katihar,Mansahi,0,0,,201,10,1152,,73279.06289841712,97405011.1871763,0.0,0.0,73,0.0
10-212-01155,BIHAR,Katihar,Kursela,0,0,,201,10,1155,,80348.39413748268,153683091.52761996,0.0,0.0,117,0.0
10-212-01153,BIHAR,Katihar,Barari,0,0,,201,10,1153,,107333.93297446336,407446973.1478653,0.0,0.0,292,0.0
10-212-01154,BIHAR,Katihar,Sameli,0,0,,201,10,1154,,75105.36277909,118027198.2496544,0.0,0.0,81,0.0
10-212-01156,BIHAR,Katihar,Manihari,0,0,,201,10,1156,,130162.81635074862,303859830.4099729,0.0,0.0,221,0.0
10-212-01157,BIHAR,Katihar,Amdabad,0,0,,201,10,1157,,103742.71814675455,228302986.79665467,0.0,0.0,164,0.0
10-213-01158,BIHAR,Madhepura,Gamharia,0,0,,205,10,1158,,80141.00377515821,125479849.27382244,0.0,0.0,89,0.0
10-213-01160,BIHAR,Madhepura,Ghailarh,0,0,,205,10,1160,,78865.70647224285,116219722.2388165,0.0,0.0,83,0.0
10-213-01159,BIHAR,Madhepura,Singheshwar,0,0,,205,10,1159,,111627.30849980874,111167268.35246354,0.0,0.0,78,0.0
10-216-01210,BIHAR,Muzaffarpur,Bandra,0,0,,208,10,1210,,74293.85759884378,142020443.31484023,0.0,0.0,103,0.0
10-213-01161,BIHAR,Madhepura,Madhepura,0,0,,205,10,1161,,115084.47931226583,237801277.85767865,0.0,0.0,175,0.0
10-213-01162,BIHAR,Madhepura,Shankarpur,0,0,,205,10,1162,,63984.56408470212,128790837.874554,0.0,0.0,94,0.0
10-213-01163,BIHAR,Madhepura,Kumarkhand,0,0,,205,10,1163,,118191.24796123093,316976886.68211347,0.0,0.0,230,0.0
10-213-01164,BIHAR,Madhepura,Murliganj,0,0,,205,10,1164,,94211.11378994165,247086114.21145928,0.0,0.0,179,0.0
10-221-01293,BIHAR,Samastipur,Mohanpur,0,0,,217,10,1293,,74468.46489139357,163000016.77407515,0.0,0.0,120,0.0
10-213-01165,BIHAR,Madhepura,Gwalpara,0,0,,205,10,1165,,78037.2495556277,147267353.58482873,0.0,0.0,109,0.0
10-214-01172,BIHAR,Saharsa,Satar Kataiya,0,0,,216,10,1172,,77878.75925155886,177382280.64763528,0.0,0.0,130,0.0
10-213-01166,BIHAR,Madhepura,Bihariganj,0,0,,205,10,1166,,79669.40805645821,133818744.70956944,0.0,0.0,98,0.0
10-216-01211,BIHAR,Muzaffarpur,Dholi (Moraul),0,0,,208,10,1211,,63030.361633940505,73298422.6275262,0.0,0.0,50,0.0
10-213-01167,BIHAR,Madhepura,Kishanganj,0,0,,205,10,1167,,99817.47531025465,188055937.5971522,0.0,0.0,133,0.0
10-216-01212,BIHAR,Muzaffarpur,Musahri,0,0,,208,10,1212,,211487.75457487197,365415439.5943066,0.0,0.0,267,0.0
10-213-01168,BIHAR,Madhepura,Puraini,0,0,,205,10,1168,,63416.842365887525,103114850.3546553,0.0,0.0,76,0.0
10-214-01174,BIHAR,Saharsa,Kahara,0,0,,216,10,1174,,81070.16203244023,176788302.3737116,0.0,0.0,128,0.0
10-213-01169,BIHAR,Madhepura,Alamnagar,0,0,,205,10,1169,,94357.42058114092,211989804.11375904,0.0,0.0,151,0.0
10-213-01170,BIHAR,Madhepura,Chausa,0,0,,205,10,1170,,87285.75133964,172516848.53860697,0.0,0.0,124,0.0
10-214-01171,BIHAR,Saharsa,Nauhatta,0,0,,216,10,1171,,93228.84620468391,212763144.21707585,0.0,0.0,151,0.0
10-217-01227,BIHAR,Gopalganj,Sidhwalia,0,0,,197,10,1227,,69457.48217743407,152022198.31601515,0.0,0.0,109,0.0
10-214-01173,BIHAR,Saharsa,Mahishi,0,0,,216,10,1173,,106372.46434789852,273075178.2794974,0.0,0.0,195,0.0
10-214-01175,BIHAR,Saharsa,Saur Bazar,0,0,,216,10,1175,,88121.22998090234,233228921.9025612,0.0,0.0,171,0.0
10-214-01176,BIHAR,Saharsa,Patarghat,0,0,,216,10,1176,,67497.21582029684,149681422.04156074,0.0,0.0,105,0.0
10-214-01177,BIHAR,Saharsa,Sonbarsa,0,0,,216,10,1177,,90185.02153799882,263952116.041209,0.0,0.0,193,0.0
10-216-01199,BIHAR,Muzaffarpur,Sahebganj,0,0,,208,10,1199,,80060.99972290538,253055918.70266867,0.0,0.0,189,0.0
10-214-01178,BIHAR,Saharsa,Simri Bakhtiarpur,0,0,,216,10,1178,,119116.35548129058,266466354.66217396,0.0,0.0,194,0.0
10-214-01179,BIHAR,Saharsa,Salkhua,0,0,,216,10,1179,,82412.26684571667,221182533.93573853,0.0,0.0,163,0.0
10-214-01180,BIHAR,Saharsa,Banma Itahri,0,0,,216,10,1180,,54286.501575749484,92822449.4552088,0.0,0.0,68,0.0
10-215-01181,BIHAR,Darbhanga,Jale,0,0,,195,10,1181,,112473.57051363293,234172285.01568127,0.0,0.0,171,0.0
10-215-01182,BIHAR,Darbhanga,Singhwara,0,0,,195,10,1182,,121368.62688362494,223279889.67870736,0.0,0.0,162,0.0
10-215-01183,BIHAR,Darbhanga,Keotiranway,0,0,,195,10,1183,,89515.08566239705,180205403.4644349,0.0,0.0,131,0.0
10-215-01184,BIHAR,Darbhanga,Darbhanga,0,0,,195,10,1184,,131883.04966973627,240721362.1475316,0.0,0.0,174,0.0
10-215-01185,BIHAR,Darbhanga,Manigachhi,0,0,,195,10,1185,,96856.01003306538,158887287.31255177,0.0,0.0,114,0.0
10-215-01186,BIHAR,Darbhanga,Tardih,0,0,,195,10,1186,,96398.42232606321,109520018.96976715,0.0,0.0,79,0.0
10-215-01187,BIHAR,Darbhanga,Alinagar,0,0,,195,10,1187,,105560.56246873255,146523357.5416611,0.0,0.0,105,0.0
10-215-01188,BIHAR,Darbhanga,Benipur,0,0,,195,10,1188,,118482.30854716274,204643530.87647069,0.0,0.0,150,0.0
10-215-01189,BIHAR,Darbhanga,Bahadurpur,0,0,,195,10,1189,,155637.00049509996,221161760.4253616,0.0,0.0,158,0.0
10-215-01190,BIHAR,Darbhanga,Hanumannagar,0,0,,195,10,1190,,114393.83215098479,181536916.32106537,0.0,0.0,130,0.0
10-215-01191,BIHAR,Darbhanga,Hayaghat,0,0,,195,10,1191,,66118.49929402806,108810529.75916524,0.0,0.0,77,0.0
10-215-01192,BIHAR,Darbhanga,Baheri,0,0,,195,10,1192,,128629.1579498372,271307286.95794886,0.0,0.0,195,0.0
10-215-01193,BIHAR,Darbhanga,Biraul,0,0,,195,10,1193,,135706.32971678255,230203939.26841983,0.0,0.0,167,0.0
10-215-01194,BIHAR,Darbhanga,Ghanshyampur,0,0,,195,10,1194,,76766.91373126305,103945643.9979024,0.0,0.0,78,0.0
10-215-01195,BIHAR,Darbhanga,Kiratpur,0,0,,195,10,1195,,78793.19278562842,78915927.53877336,0.0,0.0,60,0.0
10-215-01196,BIHAR,Darbhanga,Gora Bauram,0,0,,195,10,1196,,99804.03366816713,145653476.81698695,0.0,0.0,104,0.0
10-215-01197,BIHAR,Darbhanga,Kusheshwar Asthan,0,0,,195,10,1197,,87220.16498537568,144130520.9401011,0.0,0.0,107,0.0
10-215-01198,BIHAR,Darbhanga,Kusheshwar Asthan Purbi,0,0,,195,10,1198,,91858.86035222423,150084285.43545517,0.0,0.0,112,0.0
10-216-01200,BIHAR,Muzaffarpur,Baruraj (Motipur),0,0,,208,10,1200,,125110.13599018812,365259305.4740948,0.0,0.0,263,0.0
10-216-01201,BIHAR,Muzaffarpur,Paroo,0,0,,208,10,1201,,136934.87791145188,413033977.3448192,0.0,0.0,295,0.0
10-216-01202,BIHAR,Muzaffarpur,Saraiya,0,0,,208,10,1202,,155820.80051537574,301402655.1404849,0.0,0.0,218,0.0
10-216-01203,BIHAR,Muzaffarpur,Marwan,0,0,,208,10,1203,,84959.92762229654,138736310.53842777,0.0,0.0,101,0.0
10-216-01204,BIHAR,Muzaffarpur,Kanti,0,0,,208,10,1204,,97122.90469976026,124757584.36625764,0.0,0.0,91,0.0
10-216-01205,BIHAR,Muzaffarpur,Minapur,0,0,,208,10,1205,,166218.11946715685,316124209.98756105,0.0,0.0,228,0.0
10-216-01206,BIHAR,Muzaffarpur,Bochaha,0,0,,208,10,1206,,126044.68100944142,233148755.94160384,0.0,0.0,167,0.0
10-216-01207,BIHAR,Muzaffarpur,Aurai,0,0,,208,10,1207,,101267.16719990574,247748190.77792475,0.0,0.0,177,0.0
10-216-01208,BIHAR,Muzaffarpur,Katra,0,0,,208,10,1208,,118891.9342746819,235108975.17115793,0.0,0.0,171,0.0
10-216-01209,BIHAR,Muzaffarpur,Gaighat,0,0,,208,10,1209,,111008.49869520529,259762671.68662548,0.0,0.0,191,0.0
10-216-01213,BIHAR,Muzaffarpur,Kurhani,0,0,,208,10,1213,,108106.10574110712,256354911.2077163,0.0,0.0,187,0.0
10-216-01214,BIHAR,Muzaffarpur,Sakra,0,0,,208,10,1214,,105121.4777371614,236360031.18726787,0.0,0.0,175,0.0
10-217-01215,BIHAR,Gopalganj,Katiya,0,0,,197,10,1215,,94755.55253264701,158441587.458013,0.00039651501670837406,0.00031154751312800815,112,0.03489332147033691
10-217-01216,BIHAR,Gopalganj,Bijaipur,0,0,,197,10,1216,,81309.59717969262,163112176.36717936,0.00039651501670837406,0.000396515016708374,120,0.04758180200500488
10-217-01217,BIHAR,Gopalganj,Bhorey,0,0,,197,10,1217,,78790.65552761848,196013266.46535653,0.00039651501670837406,0.00020651823786894483,144,0.029738626253128054
10-217-01218,BIHAR,Gopalganj,Pach Deuri,0,0,,197,10,1218,,53698.212932643866,118295317.11973979,0.0,0.0,85,0.0
10-217-01219,BIHAR,Gopalganj,Kuchaikote,0,0,,197,10,1219,,101077.28158428885,316078491.04748106,0.0,0.0,226,0.0
10-217-01220,BIHAR,Gopalganj,Phulwaria,0,0,,197,10,1220,,81339.22200232239,118763292.85091434,0.0,0.0,89,0.0
10-217-01221,BIHAR,Gopalganj,Hathua,0,0,,197,10,1221,,91546.96202775641,183613061.83342972,0.00027314460494995115,0.00018066257335272361,127,0.022944146815795898
10-217-01222,BIHAR,Gopalganj,Uchkagaon,0,0,,197,10,1222,,80102.93001981139,142235093.67043933,0.00027314460494995115,1.8037851270279792e-05,106,0.001912012234649658
10-217-01223,BIHAR,Gopalganj,Thawe,0,0,,197,10,1223,,57244.55575246375,89300191.60424533,0.00027314460494995115,4.267884452342987e-06,64,0.00027314460494995115
10-217-01224,BIHAR,Gopalganj,Gopalganj,0,0,,197,10,1224,,110313.13172782106,244420793.60160467,0.0,0.0,182,0.0
10-218-01232,BIHAR,Siwan,Goriakothi,0,0,,222,10,1232,,73201.39147651673,174963939.23516312,0.0,0.0,127,0.0
10-217-01225,BIHAR,Gopalganj,Manjha,0,0,,197,10,1225,,80242.78538873792,179389027.9828925,0.0,0.0,131,0.0
10-217-01226,BIHAR,Gopalganj,Barauli,0,0,,197,10,1226,,105754.79057670098,232227972.12586737,0.0,0.0,170,0.0
10-217-01228,BIHAR,Gopalganj,Baikunthpur,0,0,,197,10,1228,,97825.58906166903,256614409.24172768,0.0,0.0,185,0.0
10-218-01229,BIHAR,Siwan,Nautan,0,0,,222,10,1229,,58324.35348563096,81827813.66620097,0.00027314460494995115,0.0002731446049499512,58,0.01584238708709717
10-218-01230,BIHAR,Siwan,Siwan,0,0,,222,10,1230,,92599.06904644772,168879532.28230655,0.00027314460494995115,0.00024999675707283666,118,0.029499617334594722
10-218-01235,BIHAR,Siwan,Bhagwanpur Hat,0,0,,222,10,1235,,86430.4184146014,189582799.91524476,0.00013129110082626342,2.0930465349114458e-05,138,0.002888404218177795
10-218-01231,BIHAR,Siwan,Barharia,0,0,,222,10,1231,,90315.6629531122,219606934.01516393,0.00027314460494995115,5.121461342811584e-06,160,0.0008194338148498534
10-218-01233,BIHAR,Siwan,Lakri Nabiganj,0,0,,222,10,1233,,79648.98713303795,120773104.6039552,0.0,0.0,88,0.0
10-218-01234,BIHAR,Siwan,Basantpur,0,0,,222,10,1234,,57871.378293950496,76675463.02480637,0.0,0.0,56,0.0
10-218-01236,BIHAR,Siwan,Maharajganj,0,0,,222,10,1236,,119387.58843212528,142817377.5161484,0.00013129110082626342,4.971216439052693e-05,103,0.005120352932224273
10-218-01237,BIHAR,Siwan,Pachrukhi,0,0,,222,10,1237,,99183.2392802834,160709761.40986398,0.00027314460494995115,1.1672846365382528e-05,117,0.0013657230247497557
10-218-01238,BIHAR,Siwan,Hussainganj,0,0,,222,10,1238,,68784.84800107122,105975934.30464326,0.00027314460494995115,0.00023805578774117135,74,0.01761612829284668
10-218-01239,BIHAR,Siwan,Ziradei,0,0,,222,10,1239,,98825.50869312549,152221780.48504183,0.00027314460494995115,0.0002722179931620005,111,0.030216197240982054
10-218-01240,BIHAR,Siwan,Mairwa,0,0,,222,10,1240,,65279.2242200428,88898123.37504825,0.00043057373275756834,0.0002803004743957519,66,0.018499831310119626
10-218-01242,BIHAR,Siwan,Darauli,0,0,,222,10,1242,,90305.00161970501,214758375.6239279,0.00043057373275756834,0.0002672966752767255,155,0.041430984667892454
10-218-01241,BIHAR,Siwan,Guthani,0,0,,222,10,1241,,78778.78773845347,115110806.99004474,0.00043057373275756834,0.0004190545282838403,82,0.034362471319274904
10-219-01248,BIHAR,Saran,Mashrakh,0,0,,218,10,1248,,82075.7710341599,165898243.02109933,0.0,0.0,121,0.0
10-218-01243,BIHAR,Siwan,Andar,0,0,,222,10,1243,,83358.60866933218,125625010.62434034,0.00027314460494995115,0.00018211298481645257,87,0.015843829679031373
10-219-01249,BIHAR,Saran,Panapur,0,0,,218,10,1249,,75875.09329534958,182360909.7404776,0.0,0.0,128,0.0
10-218-01244,BIHAR,Siwan,Raghunathpur,0,0,,222,10,1244,,87824.68008836384,193566358.3438411,0.00017029069648742676,0.00017029069648742673,143,0.024351569597702023
10-219-01250,BIHAR,Saran,Taraiya,0,0,,218,10,1250,,53629.0613522338,97307015.09151264,0.0,0.0,74,0.0
10-218-01245,BIHAR,Siwan,Hasanpura,0,0,,222,10,1245,,82786.09108287447,121956119.03175904,0.00017029069648742676,0.00014485894953672913,87,0.012602728609695434
10-219-01251,BIHAR,Saran,Ishupur,0,0,,218,10,1251,,62425.60798229613,109300191.56908256,0.0,0.0,76,0.0
10-218-01246,BIHAR,Siwan,Daraundha,0,0,,222,10,1246,,105400.53795370483,157911066.26165873,0.00013129110082626342,0.00011416617463153341,115,0.013129110082626343
10-219-01256,BIHAR,Saran,Jalalpur,0,0,,218,10,1256,,65042.73641147566,147549697.72689733,0.00013129110082626342,2.65290424202973e-05,106,0.002812078496551514
10-218-01247,BIHAR,Siwan,Siswan,0,0,,222,10,1247,,98184.39847010886,155554872.77293277,0.00017029069648742676,0.0001428855752120147,111,0.01586029884853363
10-219-01259,BIHAR,Saran,Nagra,0,0,,218,10,1259,,43289.948409307304,65110006.46242106,6.359364948272705e-05,2.7061127439458316e-05,47,0.0012718729896545409
10-219-01252,BIHAR,Saran,Baniapur,0,0,,218,10,1252,,89199.8841803021,219417775.87250236,0.00013129110082626342,3.2218675049389795e-06,163,0.0005251644033050537
10-219-01253,BIHAR,Saran,Lahladpur,0,0,,218,10,1253,,49287.19248841685,70233795.44130237,0.00013129110082626342,7.089719444618224e-05,50,0.0035448597223091123
10-219-01254,BIHAR,Saran,Ekma,0,0,,218,10,1254,,99716.17236158185,176114988.01319405,0.00013129110082626342,0.00013129110082626342,128,0.016805260905761718
10-219-01255,BIHAR,Saran,Manjhi,0,0,,218,10,1255,,127085.43562979231,244607530.98349065,0.00013129110082626342,0.00011679567565419939,180,0.02102322161775589
10-219-01257,BIHAR,Saran,Revelganj,0,0,,218,10,1257,,84877.1419542779,179359801.45379385,6.934396507263184e-05,6.405367472991943e-05,125,0.00800670934123993
10-219-01258,BIHAR,Saran,Chapra,0,0,,218,10,1258,,119729.94798472138,239470568.44351175,6.359364948272705e-05,5.961904639005661e-05,176,0.010492952164649964
10-219-01260,BIHAR,Saran,Marhaura,0,0,,218,10,1260,,87240.95030017926,190752130.05196184,6.359364948272705e-05,1.8567488900066294e-06,137,0.0002543745979309082
10-219-01261,BIHAR,Saran,Amnour,0,0,,218,10,1261,,94922.90618840617,160109081.4065653,6.359364948272705e-05,1.077858465808933e-06,118,0.0001271872989654541
10-219-01263,BIHAR,Saran,Parsa,0,0,,218,10,1263,,85595.91054800974,122749042.93573296,0.0,0.0,88,0.0
10-219-01266,BIHAR,Saran,Dighwara,0,0,,218,10,1266,,81943.45164265168,101347015.6655549,0.0,0.0,72,0.0
10-219-01264,BIHAR,Saran,Dariapur,0,0,,218,10,1264,,115477.27251924115,281302380.67878103,0.0,0.0,202,0.0
10-219-01265,BIHAR,Saran,Garkha,0,0,,218,10,1265,,90147.74693968748,213336409.9887166,6.359364948272705e-05,3.262271629308725e-05,154,0.005023898309135437
10-220-01269,BIHAR,Vaishali,Paterhi Belsar,0,0,,224,10,1269,,56227.36197278124,93522597.26160131,0.0,0.0,69,0.0
10-219-01267,BIHAR,Saran,Sonepur,0,0,,218,10,1267,,70412.64000247594,214865144.18564072,0.0,0.0,162,0.0
10-220-01268,BIHAR,Vaishali,Vaishali,0,0,,224,10,1268,,72706.90824879723,158663399.21103516,0.0,0.0,114,0.0
10-220-01270,BIHAR,Vaishali,Lalganj,0,0,,224,10,1270,,89595.71916906572,184177988.41986412,0.0,0.0,133,0.0
10-221-01294,BIHAR,Samastipur,Mohiuddinagar,0,0,,217,10,1294,,80607.53716768604,178536106.2701614,0.0,0.0,130,0.0
10-220-01271,BIHAR,Vaishali,Bhagwanpur,0,0,,224,10,1271,,98965.72708266653,142473218.81446454,0.0,0.0,102,0.0
10-220-01272,BIHAR,Vaishali,Goraul,0,0,,224,10,1272,,101989.77906286377,122446101.92943335,0.0,0.0,87,0.0
10-220-01273,BIHAR,Vaishali,Chehra Kalan,0,0,,224,10,1273,,63204.34388206024,89818122.94593617,0.0,0.0,66,0.0
10-220-01277,BIHAR,Vaishali,Raja Pakar,0,0,,224,10,1277,,58946.08844196175,93673217.82917874,0.0,0.0,72,0.0
10-220-01274,BIHAR,Vaishali,Patepur,0,0,,224,10,1274,,118180.33822078991,317029999.71255994,0.0,0.0,234,0.0
10-220-01275,BIHAR,Vaishali,Mahua,0,0,,224,10,1275,,86273.82517515696,171155586.12447235,0.0,0.0,125,0.0
10-220-01276,BIHAR,Vaishali,Jandaha,0,0,,224,10,1276,,99044.76663725945,179891527.10359335,0.0,0.0,128,0.0
10-220-01278,BIHAR,Vaishali,Hajipur,0,0,,224,10,1278,,80048.24731377292,194916759.16986817,0.0,0.0,140,0.0
10-220-01280,BIHAR,Vaishali,Bidupur,0,0,,224,10,1280,,88122.3198685409,139375575.9420912,0.0,0.0,99,0.0
10-220-01279,BIHAR,Vaishali,Raghopur,0,0,,224,10,1279,,128641.49950069311,338499790.0832371,0.0,0.0,246,0.0
10-220-01281,BIHAR,Vaishali,Desri,0,0,,224,10,1281,,50183.809114488824,56627949.53624974,0.0,0.0,43,0.0
10-221-01284,BIHAR,Samastipur,Kalyanpur,0,0,,217,10,1284,,147387.26660455638,294821482.9966942,0.0,0.0,214,0.0
10-221-01286,BIHAR,Samastipur,Shivaji Nagar,0,0,,217,10,1286,,96209.25031894707,172333979.18990555,0.0,0.0,130,0.0
10-221-01288,BIHAR,Samastipur,Samastipur,0,0,,217,10,1288,,112474.97484539819,170577777.20953664,0.0,0.0,123,0.0
10-221-01289,BIHAR,Samastipur,Pusa,0,0,,217,10,1289,,64081.7615729533,95008289.7510354,0.0,0.0,65,0.0
10-221-01291,BIHAR,Samastipur,Morwa,0,0,,217,10,1291,,104551.97847793197,152111293.7773472,0.0,0.0,106,0.0
10-221-01292,BIHAR,Samastipur,Patori,0,0,,217,10,1292,,69422.25062895294,130638318.44440164,0.0,0.0,93,0.0
10-221-01295,BIHAR,Samastipur,Sarairanjan,0,0,,217,10,1295,,96463.23467310029,185572344.2706523,0.0,0.0,145,0.0
10-221-01296,BIHAR,Samastipur,Vidyapati Nagar,0,0,,217,10,1296,,62930.2690484309,106322816.42401849,0.0,0.0,75,0.0
10-221-01297,BIHAR,Samastipur,Dalsinghsarai,0,0,,217,10,1297,,80515.23552986495,118201268.21451648,0.0,0.0,89,0.0
10-221-01298,BIHAR,Samastipur,Ujiarpur,0,0,,217,10,1298,,81756.09445970641,209497824.1015558,0.0,0.0,149,0.0
10-221-01300,BIHAR,Samastipur,Rosera,0,0,,217,10,1300,,84599.34785899956,138535375.895554,0.0,0.0,97,0.0
10-221-01299,BIHAR,Samastipur,Bibhutpur,0,0,,217,10,1299,,96600.53522783429,258332531.194082,0.0,0.0,187,0.0
10-221-01301,BIHAR,Samastipur,Singhia,0,0,,217,10,1301,,76055.88015393679,178639507.67998633,0.0,0.0,128,0.0
10-222-01307,BIHAR,Begusarai,Cheria Bariarpur,0,0,,191,10,1307,,80422.0696045629,127840547.1243011,0.0,0.0,89,0.0
10-221-01302,BIHAR,Samastipur,Hasanpur,0,0,,217,10,1302,,122795.93417076243,188091095.39019313,0.0,0.0,138,0.0
10-221-01303,BIHAR,Samastipur,Bithan,0,0,,217,10,1303,,72838.55780104545,149849875.79630712,0.0,0.0,109,0.0
10-222-01304,BIHAR,Begusarai,Khudabandpur,0,0,,191,10,1304,,49522.71992212785,59617610.47663844,0.0,0.0,39,0.0
10-222-01305,BIHAR,Begusarai,Chhorahi,0,0,,191,10,1305,,96201.09768359947,128309829.49376953,0.0,0.0,94,0.0
10-222-01306,BIHAR,Begusarai,Garhpura,0,0,,191,10,1306,,69581.28073662621,88651595.91159394,0.0,0.0,68,0.0
10-222-01308,BIHAR,Begusarai,Bhagwanpur,0,0,,191,10,1308,,102620.52088176137,147276258.21886113,0.0,0.0,106,0.0
10-223-01324,BIHAR,Khagaria,Mansi,0,0,,202,10,1324,,70720.37786012898,86151878.56106131,0.0,0.0,69,0.0
10-222-01309,BIHAR,Begusarai,Mansurchak,0,0,,191,10,1309,,55538.61039021854,42158333.283958256,0.0,0.0,31,0.0
10-224-01333,BIHAR,Bhagalpur,Rangra Chowk,0,0,,192,10,1333,,56200.86409227388,97946271.45940188,0.0,0.0,71,0.0
10-222-01310,BIHAR,Begusarai,Bachhwara,0,0,,191,10,1310,,112893.55520851951,186501763.14040864,0.0,0.0,138,0.0
10-222-01311,BIHAR,Begusarai,Teghra,0,0,,191,10,1311,,93442.93751421869,180050069.66821858,0.0,0.0,129,0.0
10-222-01312,BIHAR,Begusarai,Barauni,0,0,,191,10,1312,,90573.71511882372,141812926.41245717,0.0,0.0,102,0.0
10-222-01313,BIHAR,Begusarai,Birpur,0,0,,191,10,1313,,69057.86510087451,64693086.30641256,0.0,0.0,53,0.0
10-222-01314,BIHAR,Begusarai,Begusarai,0,0,,191,10,1314,,114572.02827886646,273941103.5239774,0.0,0.0,200,0.0
10-222-01315,BIHAR,Begusarai,Naokothi,0,0,,191,10,1315,,61794.845266753924,91575422.87048158,0.0,0.0,64,0.0
10-222-01316,BIHAR,Begusarai,Bakhri,0,0,,191,10,1316,,74902.13049058078,94921186.04856166,0.0,0.0,66,0.0
10-222-01317,BIHAR,Begusarai,Dandari,0,0,,191,10,1317,,77075.31892237118,85364223.36403492,0.0,0.0,65,0.0
10-222-01318,BIHAR,Begusarai,Sahebpur Kamal,0,0,,191,10,1318,,97820.3506924087,179327758.1582562,0.0,0.0,131,0.0
10-222-01319,BIHAR,Begusarai,Balia,0,0,,191,10,1319,,95726.56851828664,181873531.04775092,0.0,0.0,133,0.0
10-222-01320,BIHAR,Begusarai,Matihani,0,0,,191,10,1320,,104199.58891726227,214311339.790948,0.0,0.0,157,0.0
10-222-01321,BIHAR,Begusarai,Shamho Akha Kurha,0,0,,191,10,1321,,47884.70174269599,82130306.58899558,0.0,0.0,58,0.0
10-223-01322,BIHAR,Khagaria,Alauli,0,0,,202,10,1322,,117176.16085281859,337532903.06560946,0.0,0.0,244,0.0
10-223-01323,BIHAR,Khagaria,Khagaria,0,0,,202,10,1323,,164255.4907534744,325761754.1557925,0.0,0.0,229,0.0
10-223-01325,BIHAR,Khagaria,Chautham,0,0,,202,10,1325,,88833.5659059585,205164632.7891582,0.0,0.0,148,0.0
10-228-01376,BIHAR,Sheikhpura,Chewara,0,0,,219,10,1376,,77279.14911837938,141385828.1075451,0.0001141478575515747,1.814366461226084e-05,103,0.0018687974550628665
10-223-01326,BIHAR,Khagaria,Beldaur,0,0,,202,10,1326,,101449.44415348554,276820454.1841197,0.0,0.0,203,0.0
10-223-01327,BIHAR,Khagaria,Gogri,0,0,,202,10,1327,,109725.85953588395,321971045.3784509,0.0,0.0,231,0.0
10-223-01328,BIHAR,Khagaria,Parbatta,0,0,,202,10,1328,,89952.53209418767,286770838.53234714,0.0,0.0,215,0.0
10-224-01329,BIHAR,Bhagalpur,Narayanpur,0,0,,192,10,1329,,96964.50839109154,173637043.38008544,0.0,0.0,125,0.0
10-224-01330,BIHAR,Bhagalpur,Bihpur,0,0,,192,10,1330,,98960.16392998041,189427956.2070791,0.0,0.0,141,0.0
10-234-01472,BIHAR,Rohtas,Akorhi Gola,0,0,,215,10,1472,,71741.57946050014,124356844.03544964,0.00040273407180786133,0.0004027340718078613,94,0.03785700274993896
10-224-01331,BIHAR,Bhagalpur,Kharik,0,0,,192,10,1331,,103106.05203500649,169292223.68779984,0.0,0.0,125,0.0
10-224-01332,BIHAR,Bhagalpur,Naugachhia,0,0,,192,10,1332,,91833.23423872421,134223697.96961665,0.0,0.0,95,0.0
10-224-01335,BIHAR,Bhagalpur,Pirpainti,0,0,,192,10,1335,,138631.2255747686,411429376.6216011,0.0,0.0,294,0.0
10-224-01336,BIHAR,Bhagalpur,Kahalgaon,0,0,,192,10,1336,,128722.99744742387,352186242.20537144,0.0,0.0,255,0.0
10-224-01337,BIHAR,Bhagalpur,Ismailpur,0,0,,192,10,1337,,66332.03197363381,102752037.41138108,0.0,0.0,75,0.0
10-224-01338,BIHAR,Bhagalpur,Sabour,0,0,,192,10,1338,,85492.0541239663,141198925.34276122,0.0,0.0,102,0.0
10-226-01359,BIHAR,Munger,Dharhara,0,0,,207,10,1359,,105188.90103685112,355220468.750446,0.0,0.0,262,0.0
10-224-01339,BIHAR,Bhagalpur,Nathnagar,0,0,,192,10,1339,,105259.93673308079,163498377.60317266,0.0,0.0,117,0.0
10-226-01360,BIHAR,Munger,Kharagpur,0,0,,207,10,1360,,169586.30903503796,398589433.5102216,0.0,0.0,291,0.0
10-224-01340,BIHAR,Bhagalpur,Sultanganj,0,0,,192,10,1340,,139861.1879796442,266407467.3450057,0.0,0.0,198,0.0
10-224-01341,BIHAR,Bhagalpur,Shahkund,0,0,,192,10,1341,,93276.90256650816,208798734.37786233,0.0,0.0,153,0.0
10-224-01342,BIHAR,Bhagalpur,Goradih,0,0,,192,10,1342,,106918.08891287447,178026414.43832883,0.0,0.0,128,0.0
10-224-01343,BIHAR,Bhagalpur,Jagdishpur,0,0,,192,10,1343,,107045.71303668506,127447147.46016994,0.0,0.0,95,0.0
10-224-01344,BIHAR,Bhagalpur,Sonhaula,0,0,,192,10,1344,,84463.86530366821,214425428.57327408,0.0,0.0,160,0.0
10-225-01345,BIHAR,Banka,Shambhuganj,0,0,,190,10,1345,,85765.27415008907,217970788.89652416,0.0,0.0,157,0.0
10-225-01346,BIHAR,Banka,Amarpur,0,0,,190,10,1346,,98000.87839154692,234663534.19316816,0.0,0.0,176,0.0
10-225-01347,BIHAR,Banka,Rajaun,0,0,,190,10,1347,,86718.04358754268,242814641.5593075,0.0,0.0,179,0.0
10-226-01363,BIHAR,Munger,Tetiha Bambor,0,0,,207,10,1363,,73286.15332623897,95190725.80042528,0.0,0.0,70,0.0
10-225-01348,BIHAR,Banka,Dhuraiya,0,0,,190,10,1348,,106681.6377356153,285703540.38620996,0.0,0.0,208,0.0
10-225-01349,BIHAR,Banka,Barahat,0,0,,190,10,1349,,122910.23058217819,181202001.14064544,0.0,0.0,129,0.0
10-225-01350,BIHAR,Banka,Banka,0,0,,190,10,1350,,137083.07375503817,365153241.48788345,0.0,0.0,275,0.0
10-225-01351,BIHAR,Banka,Phulidumar,0,0,,190,10,1351,,117105.67306472127,248400685.45023423,0.0,0.0,176,0.0
10-225-01352,BIHAR,Banka,Belhar,0,0,,190,10,1352,,118426.40149548957,290570448.277483,0.0002352397895050049,2.4183529762196766e-05,214,0.005175275369110108
10-225-01353,BIHAR,Banka,Chanan,0,0,,190,10,1353,,169565.08902723462,550876204.0147796,0.0002352397895050049,0.00011790717010782019,403,0.04751658955345153
10-225-01354,BIHAR,Banka,Katoria,0,0,,190,10,1354,,180268.89530762268,687665367.2781417,0.00018868733669281007,1.6162461111137116e-05,502,0.008113555477790833
10-225-01355,BIHAR,Banka,Bausi,0,0,,190,10,1355,,109314.78149810205,385846183.7170387,0.0,0.0,284,0.0
10-226-01356,BIHAR,Munger,Munger,0,0,,207,10,1356,,162390.1628928388,306519605.49277806,0.0,0.0,227,0.0
10-226-01357,BIHAR,Munger,Bariarpur,0,0,,207,10,1357,,122433.4478606843,198040113.63802013,0.0,0.0,143,0.0
10-226-01358,BIHAR,Munger,Jamalpur,0,0,,207,10,1358,,72817.19566814511,112971204.64248075,0.0,0.0,79,0.0
10-226-01361,BIHAR,Munger,Asarganj,0,0,,207,10,1361,,61173.52838786665,72491453.98190036,0.0,0.0,52,0.0
10-226-01362,BIHAR,Munger,Tarapur,0,0,,207,10,1362,,54416.57713098438,86962445.68425661,0.0,0.0,62,0.0
10-226-01364,BIHAR,Munger,Sangrampur,0,0,,207,10,1364,,71205.18318302365,105786037.21986651,0.0,0.0,80,0.0
10-227-01366,BIHAR,Lakhisarai,Pipariya,0,0,,204,10,1366,,87968.2901826016,106258171.87143916,0.0,0.0,76,0.0
10-227-01365,BIHAR,Lakhisarai,Barahiya,0,0,,204,10,1365,,95965.48426593257,248505135.43154767,0.0,0.0,179,0.0
10-227-01367,BIHAR,Lakhisarai,Surajgarha,0,0,,204,10,1367,,140312.1609931406,462726462.37366486,0.00015574132976531983,2.0612823057174683e-05,340,0.007008359839439392
10-227-01368,BIHAR,Lakhisarai,Lakhisarai,0,0,,204,10,1368,,117670.76745524361,181316338.94823277,0.00015574132976531983,4.522419996046482e-06,133,0.0006014818594741821
10-227-01369,BIHAR,Lakhisarai,Chanan*,0,0,,204,10,1369,,86014.87070350182,177670731.10250506,0.00015574132976531983,0.00012653983043432236,128,0.01619709829559326
10-228-01375,BIHAR,Sheikhpura,Ghat Kusumbha,0,0,,219,10,1375,,80592.24583619394,99088070.68237934,0.0,0.0,70,0.0
10-227-01370,BIHAR,Lakhisarai,Ramgarh Chowk,0,0,,204,10,1370,,98990.57354622113,128567389.13844268,0.00015574132976531983,2.8093132529157272e-05,94,0.0026407544577407836
10-227-01371,BIHAR,Lakhisarai,Halsi,0,0,,204,10,1371,,82594.8188222393,191441208.6304817,0.00015574132976531983,1.8401062457956e-05,139,0.002557747681655884
10-228-01372,BIHAR,Sheikhpura,Barbigha,0,0,,219,10,1372,,83879.7675047183,115941853.486741,0.0,0.0,81,0.0
10-228-01373,BIHAR,Sheikhpura,Shekhopur Sarai,0,0,,219,10,1373,,59774.96229914819,65955650.61796794,0.0001141478575515747,4.145913094075521e-05,45,0.0018656608923339844
10-228-01374,BIHAR,Sheikhpura,Sheikhpura,0,0,,219,10,1374,,119718.3677454689,225551054.81458032,0.0001141478575515747,1.6735855413773478e-05,170,0.0028450954203414914
10-228-01377,BIHAR,Sheikhpura,Ariari,0,0,,219,10,1377,,87552.5859976097,183445963.63454768,0.0001141478575515747,0.00011265964446213991,137,0.015434371291313169
10-229-01378,BIHAR,Nalanda,Karai Parsurai,0,0,,209,10,1378,,58523.47447411047,82148146.79064696,7.50266201019287e-05,3.376197904586792e-05,60,0.0020257187427520753
10-229-01379,BIHAR,Nalanda,Nagar Nausa,0,0,,209,10,1379,,82570.35159490984,108015836.82811198,7.50266201019287e-05,3.342606872749329e-05,80,0.002674085498199463
10-229-01380,BIHAR,Nalanda,Harnaut,0,0,,209,10,1380,,124869.90123154312,224385440.0517296,3.079510368347168e-05,1.0711340411642323e-05,161,0.0017245258062744142
10-229-01381,BIHAR,Nalanda,Chandi,0,0,,209,10,1381,,70527.81459673235,147156102.481168,3.079510368347168e-05,2.8252388700432735e-05,109,0.003079510368347168
10-229-01382,BIHAR,Nalanda,Rahui,0,0,,209,10,1382,,77076.6108369453,152249665.90613127,3.079510368347168e-05,2.9654544287787544e-05,108,0.0032026907830810547
10-229-01383,BIHAR,Nalanda,Bind,0,0,,209,10,1383,,70364.80140905235,88091657.81671415,0.0,0.0,66,0.0
10-229-01384,BIHAR,Nalanda,Sarmera,0,0,,209,10,1384,,91044.34634338948,167201876.42476654,0.0,0.0,123,0.0
10-229-01385,BIHAR,Nalanda,Asthawan,0,0,,209,10,1385,,92263.18064708126,171325630.7179731,0.0001141478575515747,7.666765170593262e-06,125,0.0009583456463241577
10-229-01387,BIHAR,Nalanda,Noorsarai,0,0,,209,10,1387,,78528.62700534344,151514769.88009417,3.079510368347168e-05,3.079510368347168e-05,114,0.0035106418199157717
10-229-01386,BIHAR,Nalanda,Bihar,0,0,,209,10,1386,,98561.8371020671,215840179.0991975,3.079510368347168e-05,2.873455146360398e-05,160,0.0045975282341766364
10-229-01390,BIHAR,Nalanda,Hilsa,0,0,,209,10,1390,,93433.88804652911,175765721.10991755,7.50266201019287e-05,7.50266201019287e-05,131,0.00982848723335266
10-229-01391,BIHAR,Nalanda,Ekangarsarai,0,0,,209,10,1391,,87121.32234693572,166605847.460251,7.50266201019287e-05,7.502662010192872e-05,122,0.009153247652435303
10-229-01392,BIHAR,Nalanda,Islampur,0,0,,209,10,1392,,109868.69145522316,273834151.4326934,0.00010976384506225588,9.561827407325665e-05,194,0.01854994517021179
10-229-01393,BIHAR,Nalanda,Ben,0,0,,209,10,1393,,66947.54721379357,127526149.56798536,0.00010976384506225588,5.978840890600327e-05,94,0.005620110437164308
10-230-01398,BIHAR,Patna,Maner,0,0,,212,10,1398,,96133.56350709034,213315300.3597084,0.00014258751678466796,3.181679715342336e-05,154,0.004899786761627197
10-229-01394,BIHAR,Nalanda,Rajgir,0,0,,209,10,1394,,88740.45664753366,198129288.77271983,0.00010976384506225588,5.765580396587346e-05,147,0.008475403182983399
10-229-01395,BIHAR,Nalanda,Silao,0,0,,209,10,1395,,79220.42929786978,154752836.13944647,3.079510368347168e-05,2.1603290654232625e-05,114,0.002462775134582519
10-229-01396,BIHAR,Nalanda,Giriak,0,0,,209,10,1396,,88347.46773236175,99576022.5731765,1.964758575439453e-05,1.9647585754394533e-05,73,0.0014342737600708008
10-229-01397,BIHAR,Nalanda,Katrisarai,0,0,,209,10,1397,,38918.76300208476,48673462.28309288,0.0001141478575515747,4.3272653703689577e-05,36,0.0015578155333328247
10-230-01399,BIHAR,Patna,Dinapur-Cum-Khagaul,0,0,,212,10,1399,,78598.21354533077,184765788.04152673,0.00014258751678466796,4.2248153121383106e-05,135,0.005703500671386719
10-234-01474,BIHAR,Rohtas,Tilouthu,0,0,,215,10,1474,,73885.57639601533,193504401.97342023,0.0004441242304611206,0.0004255510764991215,140,0.059577150709877014
10-230-01400,BIHAR,Patna,Patna Rural,0,0,,212,10,1400,,87518.10425735511,179850223.48881748,0.00014258751678466796,2.5034449511811933e-05,131,0.003279512886047363
10-230-01401,BIHAR,Patna,Sampatchak,0,0,,212,10,1401,,53219.7118618291,78902366.60372826,0.00014258751678466796,5.003070764374315e-06,57,0.00028517503356933593
10-230-01406,BIHAR,Patna,Dulhin Bazar,0,0,,212,10,1406,,77792.54009458271,136539622.4680228,0.00023423914344787596,0.0001749063654429503,99,0.01731573017885208
10-230-01402,BIHAR,Patna,Phulwari,0,0,,212,10,1402,,70659.26045014715,135940825.49713776,0.00014258751678466796,0.00013664637025197348,96,0.013118051544189454
10-230-01413,BIHAR,Patna,Khusrupur,0,0,,212,10,1413,,46143.60198551767,78201544.387751,0.0,0.0,58,0.0
10-230-01403,BIHAR,Patna,Bihta,0,0,,212,10,1403,,116564.9809665079,244879174.98088208,0.00014258751678466796,0.00013985869871600644,182,0.025454283166313173
10-230-01415,BIHAR,Patna,Athmalgola,0,0,,212,10,1415,,47997.69261940102,62827293.65665197,0.0,0.0,47,0.0
10-230-01404,BIHAR,Patna,Naubatpur,0,0,,212,10,1404,,105087.74367689912,205320191.59612688,0.00014258751678466796,0.00014258751678466796,153,0.0218158900680542
10-230-01405,BIHAR,Patna,Bikram,0,0,,212,10,1405,,86626.03512108007,186422313.04867813,0.00014258751678466796,0.0001408989300503696,137,0.019303153416900636
10-234-01475,BIHAR,Rohtas,Rohtas,0,0,,215,10,1475,,88257.59288547112,389741138.17794544,0.00042618573013305665,0.00040868281120273807,288,0.11770064962638856
10-230-01407,BIHAR,Patna,Paliganj,0,0,,212,10,1407,,129476.3041410336,293354152.7667747,0.00023423914344787596,0.00022719481997579053,214,0.04861969147481918
10-230-01408,BIHAR,Patna,Masaurhi,0,0,,212,10,1408,,108866.13277400887,248716954.87290823,0.00017770022260665895,0.00016586447907115639,178,0.029523877274665836
10-230-01409,BIHAR,Patna,Dhanarua,0,0,,212,10,1409,,95102.40821522896,225577653.19725513,0.00017770022260665895,0.00011067921933472522,163,0.01804071275156021
10-230-01410,BIHAR,Patna,Punpun,0,0,,212,10,1410,,82554.93388622913,161116560.78819045,0.00014258751678466796,9.666950290485965e-05,118,0.011407001342773438
10-230-01411,BIHAR,Patna,Fatwah,0,0,,212,10,1411,,97950.27190535897,155697451.47083917,0.0,0.0,115,0.0
10-230-01412,BIHAR,Patna,Daniawan,0,0,,212,10,1412,,69689.77872311571,79566220.36857046,0.0,0.0,56,0.0
10-230-01414,BIHAR,Patna,Bakhtiarpur,0,0,,212,10,1414,,120205.01587822943,168153072.20481881,0.0,0.0,120,0.0
10-230-01416,BIHAR,Patna,Belchhi,0,0,,212,10,1416,,88573.78025963024,87443681.0926542,0.0,0.0,70,0.0
10-230-01417,BIHAR,Patna,Barh,0,0,,212,10,1417,,95365.9771693495,147280816.515725,0.0,0.0,104,0.0
10-230-01419,BIHAR,Patna,Ghoswari,0,0,,212,10,1419,,66454.95033385535,164897376.1169027,0.0,0.0,126,0.0
10-230-01418,BIHAR,Patna,Pandarak,0,0,,212,10,1418,,106894.44852036482,252509471.6555304,0.0,0.0,180,0.0
10-232-01438,BIHAR,Buxar,Chaugain,0,0,,194,10,1438,,52625.33924401454,66025696.44875917,0.0002487573984527588,0.0002487573984527588,49,0.012189112524185182
10-232-01439,BIHAR,Buxar,Kesath,0,0,,194,10,1439,,34661.84662025829,38236018.49691825,0.0002487573984527588,0.00024875739845275875,29,0.007213964555130004
10-230-01420,BIHAR,Patna,Mokameh,0,0,,212,10,1420,,127700.39840194934,244519830.48183808,0.0,0.0,181,0.0
10-231-01421,BIHAR,Bhojpur,Shahpur,0,0,,193,10,1421,,110658.91431619873,211766871.4500774,0.00021443283792495728,0.00010565258516397232,156,0.01648180328557968
10-234-01460,BIHAR,Rohtas,Suryapura,0,0,,215,10,1460,,56159.7630280001,69765063.31452103,0.000354990438156128,0.00035499043815612793,47,0.016684550593338014
10-231-01422,BIHAR,Bhojpur,Arrah,0,0,,193,10,1422,,120924.06747051864,221925641.7145924,0.00021443283792495728,0.0001473210612435011,159,0.023424048737716675
10-231-01423,BIHAR,Bhojpur,Barhara,0,0,,193,10,1423,,128817.96875565937,258494738.36324885,6.934396507263184e-05,6.540003134343013e-05,191,0.012491405986595157
10-231-01424,BIHAR,Bhojpur,Koilwar,0,0,,193,10,1424,,94779.33453556667,208456312.66749656,0.00014022694145202636,0.00012376878478747886,149,0.01844154893333435
10-231-01425,BIHAR,Bhojpur,Sandesh,0,0,,193,10,1425,,60697.76797134289,164599530.19806212,0.00023423914344787596,0.0001545677858242746,118,0.0182389987272644
10-231-01426,BIHAR,Bhojpur,Udwant Nagar,0,0,,193,10,1426,,92445.60417460876,217797556.82002312,0.00021443283792495728,0.00018493484181149406,161,0.029774509531650544
10-234-01461,BIHAR,Rohtas,Bikramganj,0,0,,215,10,1461,,88556.32896667719,168723569.68103397,0.000354990438156128,0.000354990438156128,129,0.04579376652214051
10-231-01427,BIHAR,Bhojpur,Behea,0,0,,193,10,1427,,114516.77527652554,206091349.70539597,0.0002487573984527588,0.00022081336681900024,150,0.03312200502285004
10-231-01428,BIHAR,Bhojpur,Jagdishpur,0,0,,193,10,1428,,109726.00219208181,318463526.4488765,0.0002487573984527588,0.00021789540324135837,228,0.04968015193902971
10-231-01429,BIHAR,Bhojpur,Piro,0,0,,193,10,1429,,100703.96274410955,268205354.86689487,0.000354990438156128,0.0003166587634191514,200,0.06333175268383028
10-234-01462,BIHAR,Rohtas,Karakat,0,0,,215,10,1462,,102232.22868007293,251121712.10833624,0.00040273407180786133,0.00036602298345392406,176,0.06442004508789063
10-231-01430,BIHAR,Bhojpur,Charpokhari,0,0,,193,10,1430,,88834.1327790213,135855258.49695313,0.00034836296562194824,0.0003088888227217825,95,0.02934443815856934
10-231-01431,BIHAR,Bhojpur,Garhani,0,0,,193,10,1431,,93054.52180151101,137128723.85739592,0.00034836296562194824,0.0002300363479479077,103,0.02369374383863449
10-231-01432,BIHAR,Bhojpur,Agiaon,0,0,,193,10,1432,,87534.07309197474,191419206.17039648,0.00034836296562194824,0.00026372735184717515,139,0.03665810190675735
10-231-01433,BIHAR,Bhojpur,Tarari,0,0,,193,10,1433,,95157.98131215997,247108515.4982669,0.000354990438156128,0.0003490743892273122,177,0.06178616689323426
10-231-01434,BIHAR,Bhojpur,Sahar,0,0,,193,10,1434,,61748.81499939302,157154129.14318892,0.00034836296562194824,0.0003298300372347058,117,0.03859011435646058
10-232-01435,BIHAR,Buxar,Simri,0,0,,194,10,1435,,87047.69219699135,222195796.247413,0.0003940490455245972,0.0002526347477110421,164,0.041432098624610905
10-232-01436,BIHAR,Buxar,Chakki,0,0,,194,10,1436,,73799.54032015939,80420668.23199363,0.0002487573984527588,0.00018662691316246986,64,0.011944122442398071
10-232-01437,BIHAR,Buxar,Barhampur,0,0,,194,10,1437,,133928.15369382405,240152233.65370417,0.0002487573984527588,0.00023452541298728458,173,0.04057289644680023
10-232-01440,BIHAR,Buxar,Dumraon,0,0,,194,10,1440,,115797.88145848007,238641355.07175583,0.0003940490455245972,0.00029260280674071003,169,0.049449874339179994
10-232-01441,BIHAR,Buxar,Buxar,0,0,,194,10,1441,,90996.21871903203,211591033.38394436,0.0003940490455245972,0.00039329521037253606,157,0.061747348028488164
10-232-01442,BIHAR,Buxar,Chausa,0,0,,194,10,1442,,99103.08457070828,138502720.57991108,0.00045129971939086914,0.00042384088011982287,107,0.045350974172821044
10-232-01443,BIHAR,Buxar,Rajpur,0,0,,194,10,1443,,121142.9666413415,336933113.12217736,0.00045129971939086914,0.00034527363629757626,245,0.08459204089290619
10-232-01444,BIHAR,Buxar,Itarhi,0,0,,194,10,1444,,109439.3274763228,293713382.2816445,0.0003940490455245972,0.00039331191372684324,209,0.08220218996891024
10-232-01445,BIHAR,Buxar,Nawanagar,0,0,,194,10,1445,,126567.10382889764,229774401.79100823,0.0003940490455245972,0.00027406297160244546,169,0.04631664220081329
10-233-01446,BIHAR,Kaimur (Bhabua),Ramgarh,0,0,,200,10,1446,,124781.0721120257,206666195.02442607,0.000601036830329895,0.00045427175730395795,151,0.06859503535289765
10-233-01447,BIHAR,Kaimur (Bhabua),Nuaon,0,0,,200,10,1447,,121732.74643995032,235834986.4758632,0.00045129971939086914,0.00039046638085259334,171,0.06676975112579346
10-233-01448,BIHAR,Kaimur (Bhabua),Kudra,0,0,,200,10,1448,,132624.50147962422,255577893.54332253,0.0003879452339172364,0.00037253949164617637,189,0.07040996392112733
10-233-01449,BIHAR,Kaimur (Bhabua),Mohania,0,0,,200,10,1449,,142323.6809133636,349176573.6513165,0.000601036830329895,0.00044153819005712867,256,0.11303377665462494
10-233-01450,BIHAR,Kaimur (Bhabua),Durgawati,0,0,,200,10,1450,,108544.41183902678,212580801.4059764,0.000601036830329895,0.000601036830329895,154,0.09255967187080383
10-233-01451,BIHAR,Kaimur (Bhabua),Chand,0,0,,200,10,1451,,97099.60209928264,257974481.1925409,0.000601036830329895,0.0004902972433124704,188,0.09217588174274444
10-233-01452,BIHAR,Kaimur (Bhabua),Chainpur,0,0,,200,10,1452,,170712.34536647963,555311526.8488017,0.000601036830329895,0.00043013800351538877,407,0.17506616743076323
10-233-01453,BIHAR,Kaimur (Bhabua),Bhabua,0,0,,200,10,1453,,143727.89821118704,407618990.38615096,0.000601036830329895,0.000431946919001836,301,0.13001602261955264
10-233-01454,BIHAR,Kaimur (Bhabua),Rampur,0,0,,200,10,1454,,126612.15498309073,210660395.23746365,0.00036171383491516115,0.0003595589372903709,149,0.053574281656265266
10-233-01455,BIHAR,Kaimur (Bhabua),Bhagwanpur,0,0,,200,10,1455,,134815.05705103654,292151198.96788174,0.00047468264778137203,0.0004361386341282993,211,0.09202525180107116
10-233-01456,BIHAR,Kaimur (Bhabua),Adhaura,0,0,,200,10,1456,,271357.2345421078,1135984955.9859164,0.00047468264778137203,0.00033422351048079146,833,0.2784081842304993
10-234-01457,BIHAR,Rohtas,Kochas,0,0,,215,10,1457,,90248.48407846906,187033418.62218276,0.0003879452339172364,0.0003390489613833572,132,0.04475446290260315
10-234-01458,BIHAR,Rohtas,Dinara,0,0,,215,10,1458,,157118.7651045217,464648316.8452498,0.000354990438156128,0.00032592708128025797,341,0.11114113471656797
10-234-01459,BIHAR,Rohtas,Dawath,0,0,,215,10,1459,,78120.6651060775,129910427.66035384,0.000354990438156128,0.00035499043815612804,94,0.033369101186676034
10-234-01466,BIHAR,Rohtas,Nokha,0,0,,215,10,1466,,82152.91978314315,208772248.59610957,0.00040273407180786133,0.0003611828485195057,148,0.05345506158088684
10-235-01476,BIHAR,Aurangabad,Daudnagar,0,0,,189,10,1476,,91010.07504965532,238139281.75712803,0.00040273407180786133,0.0003888530087087346,174,0.06766042351531983
10-234-01467,BIHAR,Rohtas,Kargahar,0,0,,215,10,1467,,128509.87472624176,406135690.59563094,0.0003879452339172364,0.0003488860960117546,296,0.10327028441947936
10-234-01468,BIHAR,Rohtas,Chenari,0,0,,215,10,1468,,121720.69626398994,292642418.8385522,0.00036171383491516115,0.00035838400833094396,215,0.07705256179115295
10-234-01469,BIHAR,Rohtas,Nauhatta,0,0,,215,10,1469,,175494.75594492842,478591449.404211,0.0004006502626419068,0.0003774923917262837,354,0.13363230667110443
10-234-01470,BIHAR,Rohtas,Sheosagar,0,0,,215,10,1470,,135463.8765525897,406503956.12222886,0.00042618573013305665,0.00037268474165551134,295,0.10994199878837585
10-234-01471,BIHAR,Rohtas,Sasaram,0,0,,215,10,1471,,135810.11950728856,394273130.8742507,0.00042618573013305665,0.0003758546862711413,290,0.10899785901863099
10-234-01473,BIHAR,Rohtas,Dehri,0,0,,215,10,1473,,97323.52013589225,199371136.99043605,0.0004441242304611206,0.00040174622608368977,145,0.05825320278213501
10-235-01477,BIHAR,Aurangabad,Haspura,0,0,,189,10,1477,,88845.10694940752,164519986.5205008,0.0003868439074707032,0.00038508879362027514,121,0.04659574402805329
10-235-01478,BIHAR,Aurangabad,Goh,0,0,,189,10,1478,,122286.20877621078,374665187.3660463,0.0003868439074707032,0.0003103286867413802,272,0.08440940279365541
10-236-01491,BIHAR,Gaya,Neem Chak Bathani,0,0,,196,10,1491,,79540.44278654993,146770773.7769567,0.00010976384506225588,0.00010976384506225588,103,0.011305676041412355
10-235-01479,BIHAR,Aurangabad,Rafiganj,0,0,,189,10,1479,,167069.30684925965,465687847.79432577,0.0004856709970092774,0.00042962047004464787,341,0.14650058028522492
10-235-01480,BIHAR,Aurangabad,Obra,0,0,,189,10,1480,,130720.05569071589,327203821.09876627,0.0004856709970092774,0.00040089415567100305,237,0.09501191489402773
10-236-01494,BIHAR,Gaya,Manpur,0,0,,196,10,1494,,77081.78707553667,161226183.41058797,0.00031183098854064943,0.0003053294965826947,115,0.03511289210700989
10-235-01481,BIHAR,Aurangabad,Aurangabad,0,0,,189,10,1481,,125502.68609205673,344679798.38062614,0.0004856709970092774,0.00047625805771321064,256,0.12192206277458192
10-237-01511,BIHAR,Nawada,Nardiganj,0,0,,210,10,1511,,60262.24041371029,129808165.4472442,1.964758575439453e-05,1.964758575439453e-05,95,0.0018665206466674804
10-235-01482,BIHAR,Aurangabad,Barun,0,0,,189,10,1482,,117269.30390529483,381782699.30215496,0.0004441242304611206,0.00043082025089400154,280,0.12062967025032043
10-235-01483,BIHAR,Aurangabad,Nabinagar,0,0,,189,10,1483,,173491.30877801325,657546828.2218357,0.0006776528602218629,0.00047108816285135343,483,0.2275355826572037
10-235-01484,BIHAR,Aurangabad,Kutumba,0,0,,189,10,1484,,110495.73757590447,319048251.76106954,0.0006776528602218629,0.0005613984331793974,229,0.128560241198082
10-235-01485,BIHAR,Aurangabad,Deo,0,0,,189,10,1485,,158578.88849021672,336990745.1586724,0.0006776528602218629,0.0005109970093328164,251,0.12826024934253694
10-235-01486,BIHAR,Aurangabad,Madanpur,0,0,,189,10,1486,,153529.37367368402,418713952.50229967,0.00048823251808166504,0.0004770352826870915,309,0.14740390235031128
10-236-01487,BIHAR,Gaya,Konch,0,0,,196,10,1487,,154041.56172387034,319288521.7326548,0.0003950781025695801,0.00031419600075853287,232,0.07289347217597962
10-236-01488,BIHAR,Gaya,Tikari,0,0,,196,10,1488,,122221.36853604284,290576655.12704176,0.0003950781025695801,0.00024893876455980705,218,0.05426865067403794
10-236-01489,BIHAR,Gaya,Belaganj,0,0,,196,10,1489,,113473.13279109563,240372540.95814112,0.00016229667350769043,0.00016229667350769043,180,0.02921340123138428
10-236-01490,BIHAR,Gaya,Khizirsarai,0,0,,196,10,1490,,103698.13096672995,223124430.97950032,0.00031183098854064943,0.00013832036760457356,165,0.02282286065475464
10-236-01492,BIHAR,Gaya,Muhra,0,0,,196,10,1492,,93681.45756176667,181269438.2139707,0.00039469790523529054,0.00015519904510099495,134,0.020796672043533325
10-236-01493,BIHAR,Gaya,Atri,0,0,,196,10,1493,,103075.15367958385,161340647.62451813,0.00039469790523529054,0.00016772825113056086,119,0.019959661884536743
10-236-01495,BIHAR,Gaya,Gaya Town C.D.Block,0,0,,196,10,1495,,91678.58033080616,224144813.6021213,0.00031183098854064943,0.000290468943535941,161,0.0467654999092865
10-236-01496,BIHAR,Gaya,Paraiya,0,0,,196,10,1496,,75593.31264449215,167300846.5298876,0.0003950781025695801,0.00035900435315704344,120,0.043080522378845215
10-236-01497,BIHAR,Gaya,Guraru,0,0,,196,10,1497,,81292.54933661391,199646285.7542363,0.0003950781025695801,0.0003950781025695801,147,0.058076481077728274
10-237-01512,BIHAR,Nawada,Nawada,0,0,,210,10,1512,,86822.75137888109,219317998.1072041,0.00014452888893127442,2.680638657345134e-05,157,0.00420860269203186
10-236-01498,BIHAR,Gaya,Gurua,0,0,,196,10,1498,,117859.62964526065,238015237.1519128,0.0004219898857879639,0.00039833033195231,173,0.06891114742774963
10-236-01499,BIHAR,Gaya,Amas,0,0,,196,10,1499,,100546.69423332924,128484051.44985774,0.00048823251808166504,0.00043012497670384464,95,0.04086187278686524
10-237-01517,BIHAR,Nawada,Roh,0,0,,210,10,1517,,77804.52626079548,192537548.9783989,0.00015904479431152346,0.00014454134077893362,144,0.020813953072166443
10-236-01500,BIHAR,Gaya,Banke Bazar,0,0,,196,10,1500,,85166.97220092022,256240042.68049288,0.00048823251808166504,0.0004401531881910755,186,0.08186849300354004
10-236-01501,BIHAR,Gaya,Imamganj,0,0,,196,10,1501,,136271.57775821586,316917295.57645696,0.0005531792691040039,0.0004923960664211257,239,0.11768265987464906
10-236-01502,BIHAR,Gaya,Dumaria,0,0,,196,10,1502,,119690.94596035974,390676703.928496,0.0006776528602218629,0.0005319654843443486,285,0.15161016303813935
10-236-01503,BIHAR,Gaya,Sherghati,0,0,,196,10,1503,,100322.2973073121,167902109.12194017,0.0004219898857879639,0.00041584603186134406,123,0.05114906191894532
10-238-01531,BIHAR,Jamui,Gidhaur,0,0,,198,10,1531,,55211.5633940527,100392309.18230554,0.00015574132976531983,0.00012944976215515137,75,0.009708732161636353
10-236-01504,BIHAR,Gaya,Dobhi,0,0,,196,10,1504,,103572.88994215836,218837778.49499393,0.0004219898857879639,0.0004158109609184502,161,0.06694556470787048
10-236-01505,BIHAR,Gaya,Bodh Gaya,0,0,,196,10,1505,,120948.91182130505,306843965.9119923,0.00041445346984863283,0.0003210323858141692,230,0.07383744873725892
10-236-01506,BIHAR,Gaya,Tan Kuppa,0,0,,196,10,1506,,108147.94853451202,190099968.23000297,0.0005910081085586549,0.0003690856874827485,134,0.0494574821226883
10-240-01542,BIHAR,Arwal,Arwal,0,0,,611,10,1542,,73924.8054791393,147787869.27798152,0.00034836296562194824,0.00026386744343537554,104,0.027442214117279054
10-236-01507,BIHAR,Gaya,Wazirganj,0,0,,196,10,1507,,105472.06999302967,323030583.61833626,0.00039469790523529054,0.0003873241541734793,236,0.09140850038494111
10-236-01508,BIHAR,Gaya,Fatehpur,0,0,,196,10,1508,,155359.44599717355,408449805.62920874,0.0005910081085586549,0.0005095969487965734,304,0.15491747243415832
10-240-01543,BIHAR,Arwal,Kaler,0,0,,611,10,1543,,67777.19153730445,176075758.749563,0.0003868439074707032,0.00035482541387135756,131,0.04648212921714784
10-236-01509,BIHAR,Gaya,Mohanpur,0,0,,196,10,1509,,119906.24818546322,418796109.2883684,0.0005910081085586549,0.0004674671949273289,303,0.14164256006298065
10-240-01544,BIHAR,Arwal,Karpi,0,0,,611,10,1544,,158139.92638461498,234985661.7206014,0.0003868439074707032,0.00025184346461928165,172,0.043317075914516445
10-236-01510,BIHAR,Gaya,Barachatti,0,0,,196,10,1510,,138753.78132836288,366328956.31361085,0.0005910081085586549,0.0004298618746815074,275,0.11821201553741455
10-237-01513,BIHAR,Nawada,Warisaliganj,0,0,,210,10,1513,,109792.76918459819,202861050.3008767,0.0001141478575515747,7.879061300160934e-05,147,0.011582220111236573
10-237-01514,BIHAR,Nawada,Kashi Chak,0,0,,210,10,1514,,73948.94452619922,98983451.20841853,0.0001141478575515747,0.00011414785755157472,72,0.00821864574371338
10-237-01515,BIHAR,Nawada,Pakribarawan,0,0,,210,10,1515,,104545.76938151139,251834567.85717744,0.0001141478575515747,0.00011414785755157468,184,0.02100320578948974
10-237-01516,BIHAR,Nawada,Kawakol,0,0,,210,10,1516,,121170.20018263235,362955647.76482904,0.00019806453582763673,0.00017543451813948783,266,0.04666558182510376
10-237-01518,BIHAR,Nawada,Gobindpur,0,0,,210,10,1518,,73133.35659787485,188189390.13263756,0.00015904479431152346,0.00015510476285117016,140,0.021714666799163822
10-237-01519,BIHAR,Nawada,Akbarpur,0,0,,210,10,1519,,91268.2921062847,249541236.96202633,0.00014452888893127442,0.00014452888893127442,184,0.026593315563354494
10-237-01520,BIHAR,Nawada,Hisua,0,0,,210,10,1520,,85113.4923130193,144090762.99664384,0.00039469790523529054,0.00020663569852058704,104,0.021490112646141053
10-237-01521,BIHAR,Nawada,Narhat,0,0,,210,10,1521,,62856.50481924386,99624005.77002536,0.00014452888893127442,0.0001445288889312744,69,0.009972493336257934
10-237-01522,BIHAR,Nawada,Meskaur,0,0,,210,10,1522,,75185.00287586387,145604023.18435815,0.00039469790523529054,0.0003232210434341431,112,0.036200756864624026
10-237-01523,BIHAR,Nawada,Sirdala,0,0,,210,10,1523,,111278.51695598938,301894539.186342,0.0005910081085586549,0.0003091400048728383,218,0.06739252106227875
10-237-01524,BIHAR,Nawada,Rajauli,0,0,,210,10,1524,,132370.86211000624,450216393.36794454,0.0004159886850738525,0.00023959593448249423,333,0.07978544618267058
10-238-01525,BIHAR,Jamui,Islamnagar Aliganj,0,0,,198,10,1525,,96153.77396855215,213408239.47295904,0.00019806453582763673,3.503717097942646e-05,156,0.005465798672790528
10-238-01526,BIHAR,Jamui,Sikandra,0,0,,198,10,1526,,86788.2538333537,223096734.30010977,0.00019806453582763673,2.4938628690507678e-05,162,0.004040057847862244
10-238-01527,BIHAR,Jamui,Jamui,0,0,,198,10,1527,,90084.78430112793,212157753.6648698,0.00015574132976531983,0.0001538892514577066,155,0.02385283397594452
10-238-01528,BIHAR,Jamui,Barhat,0,0,,198,10,1528,,114104.37581341481,270298087.1382075,0.00015574132976531983,0.00012965268061681447,197,0.02554157808151245
10-238-01529,BIHAR,Jamui,Lakshmipur,0,0,,198,10,1529,,112147.89260238525,307635253.00857943,0.00015574132976531983,4.153102127075195e-05,225,0.009344479785919188
10-238-01530,BIHAR,Jamui,Jhajha,0,0,,198,10,1530,,147664.43327942316,507112726.974952,0.0002352397895050049,0.00020022770989546907,370,0.07408425266132355
10-238-01532,BIHAR,Jamui,Khaira,0,0,,198,10,1532,,142747.05687020053,513762691.7981683,0.00019806453582763673,0.00013711294958322057,377,0.05169158199287415
10-238-01533,BIHAR,Jamui,Sono,0,0,,198,10,1533,,117724.39892386932,474283005.7300444,0.0002352397895050049,0.00011723197780674714,349,0.04091396025455475
10-238-01534,BIHAR,Jamui,Chakai,0,0,,198,10,1534,,243956.2217086091,956725034.6798706,0.0002352397895050049,0.00018696553383374897,700,0.13087587368362427
10-239-01535,BIHAR,Jehanabad,Ratni Faridpur,0,0,,199,10,1535,,82762.53932271499,155018952.20303965,0.0002806595195198059,0.00020598864180297185,114,0.02348270516553879
10-239-01536,BIHAR,Jehanabad,Jehanabad,0,0,,199,10,1536,,97254.09844747804,201426556.69272655,0.00017770022260665895,0.00017770022260665895,148,0.026299632945785523
10-239-01537,BIHAR,Jehanabad,Kako,0,0,,199,10,1537,,83599.3529020472,162373941.78194478,0.00017770022260665895,0.00017770022260665895,118,0.020968626267585756
10-239-01538,BIHAR,Jehanabad,Modanganj,0,0,,199,10,1538,,66522.90037500951,97205276.85869928,0.00017770022260665895,0.00010329906137134716,69,0.007127635234622954
10-239-01539,BIHAR,Jehanabad,Ghoshi,0,0,,199,10,1539,,82931.95174196921,112225161.55433495,0.00017770022260665895,0.00015673154368710804,83,0.013008718126029968
10-239-01540,BIHAR,Jehanabad,Makhdumpur,0,0,,199,10,1540,,128831.72570768485,301471679.33572614,0.00017770022260665895,0.0001640002918412169,217,0.03558806332954407
10-239-01541,BIHAR,Jehanabad,Hulasganj,0,0,,199,10,1541,,87179.53907708311,119677697.18988888,0.00017770022260665895,0.00011654957793341742,90,0.010489462014007567
10-240-01545,BIHAR,Arwal,Sonbhadra Banshi Suryapur,0,0,,611,10,1545,,62692.97791397586,116643000.97724338,0.0002806595195198059,0.0002694738867313891,83,0.022366332598705296
10-240-01546,BIHAR,Arwal,Kurtha,0,0,,611,10,1546,,71585.17106640573,106433073.5354984,0.0002806595195198059,0.0002580444645104042,78,0.020127468231811527
10-224-01334,BIHAR,Bhagalpur,Gopalpur,0,0,,192,10,1334,,95407.9186210158,208941966.91883087,0.0,0.0,153,0.0
10-210-01127,BIHAR,Kishanganj,Kishanganj,0,0,,203,10,1127,,125268.33771117091,207105687.55921903,0.0,0.0,152,0.0
10-206-01064,BIHAR,Sitamarhi,Suppi,0,0,,221,10,1064,,71084.15120823232,92250451.53846286,0.0,0.0,66,0.0
10-234-01463,BIHAR,Rohtas,Nasriganj,0,0,,215,10,1463,,90034.07903274363,167356919.18355417,0.0012224412449264527,0.0011885600148155578,126,0.1497585618667603
10-234-01464,BIHAR,Rohtas,Rajpur,0,0,,215,10,1464,,68660.48684625747,85633596.4997788,0.0012224412449264527,0.0012224412449264527,63,0.07701379843036651
10-234-01465,BIHAR,Rohtas,Sanjhauli,0,0,,215,10,1465,,56591.722358052,83833486.39015438,0.0012224412449264527,0.001025731286395845,63,0.06462107104293824
10-203-01023,BIHAR,Pashchim Champaran,Thakrahan,0,0,,211,10,1023,,79847.09402015881,199004696.79409248,0.0,0.0,145,0.0
10-204-01054,BIHAR,Purbi Champaran,Phenhara,0,0,,213,10,1054,,44565.43736457999,67645025.94776015,0.0,0.0,51,0.0
10-219-01262,BIHAR,Saran,Maker,0,0,,218,10,1262,,62357.8736467211,96585777.9808088,0.0,0.0,71,0.0
10-220-01282,BIHAR,Vaishali,Sahdai Buzurg,0,0,,224,10,1282,,74546.65030748869,114161677.3631406,0.0,0.0,84,0.0
10-229-01388,BIHAR,Nalanda,Tharthari,0,0,,209,10,1388,,71853.42144919158,77411758.12428828,0.0012809949703216552,0.0011268815591826261,54,0.060851604195861816
10-229-01389,BIHAR,Nalanda,Parbalpur,0,0,,209,10,1389,,54466.2339431045,76043839.88376136,0.0012809949703216552,0.0012467005024583,56,0.06981522813766479
10-203-01022,BIHAR,Pashchim Champaran,Bhitaha,0,0,,211,10,1022,,72626.86760213553,166969906.7472905,0.0,0.0,117,0.0
10-203-01013,BIHAR,Pashchim Champaran,Sidhaw,0,0,,211,10,1013,,195582.3602130639,1085337194.6715722,0.0,0.0,781,0.0
10-203-01014,BIHAR,Pashchim Champaran,Ramnagar,0,0,,211,10,1014,,230865.78384139363,866139404.2451236,0.0,0.0,621,0.0
10-203-01015,BIHAR,Pashchim Champaran,Gaunaha,0,0,,211,10,1015,,136504.94021895694,605322845.3823951,0.0,0.0,441,0.0
10-203-01016,BIHAR,Pashchim Champaran,Mainatanr,0,0,,211,10,1016,,115419.13930249632,312998546.4010918,0.0,0.0,221,0.0
10-203-01017,BIHAR,Pashchim Champaran,Narkatiaganj,0,0,,211,10,1017,,149144.20649331805,441857686.2127825,0.0,0.0,314,0.0
10-203-01018,BIHAR,Pashchim Champaran,Lauriya,0,0,,211,10,1018,,120853.32018665274,255440417.54612216,0.0,0.0,183,0.0
10-203-01019,BIHAR,Pashchim Champaran,Bagaha,0,0,,211,10,1019,,135587.24079810514,491292931.53180623,0.0,0.0,352,0.0
10-203-01021,BIHAR,Pashchim Champaran,Madhubani,0,0,,211,10,1021,,144670.82201821523,386116138.1353823,0.0,0.0,276,0.0
10-203-01024,BIHAR,Pashchim Champaran,Jogapatti,0,0,,211,10,1024,,88530.23644360513,258722436.3759333,0.0,0.0,186,0.0
10-203-01029,BIHAR,Pashchim Champaran,Bairia,0,0,,211,10,1029,,105039.82861382668,288505226.87341565,0.0,0.0,208,0.0
10-203-01025,BIHAR,Pashchim Champaran,Chanpatia,0,0,,211,10,1025,,113543.7602983494,310017349.34780717,0.0,0.0,226,0.0
10-206-01071,BIHAR,Sitamarhi,Parsauni,0,0,,221,10,1071,,63729.135625112256,74724139.64418457,0.0,0.0,55,0.0
10-203-01026,BIHAR,Pashchim Champaran,Sikta,0,0,,211,10,1026,,93443.22825707054,255004178.86147365,0.0,0.0,183,0.0
10-203-01027,BIHAR,Pashchim Champaran,Majhaulia,0,0,,211,10,1027,,123374.4030721297,371511179.15939575,0.0,0.0,265,0.0
10-203-01028,BIHAR,Pashchim Champaran,Bettiah,0,0,,211,10,1028,,53968.26030594324,83182055.35378212,0.0,0.0,59,0.0
10-203-01030,BIHAR,Pashchim Champaran,Nautan,0,0,,211,10,1030,,122656.63983711715,245738630.13883996,0.0,0.0,171,0.0
10-204-01031,BIHAR,Purbi Champaran,Raxaul,0,0,,213,10,1031,,98709.78801801558,166685360.13968688,0.0,0.0,124,0.0
10-206-01072,BIHAR,Sitamarhi,Belsand,0,0,,221,10,1072,,66235.5873217276,97354060.86547032,0.0,0.0,70,0.0
10-206-01073,BIHAR,Sitamarhi,Runisaidpur,0,0,,221,10,1073,,152472.54206325076,334873257.0825382,0.0,0.0,243,0.0
10-204-01032,BIHAR,Purbi Champaran,Adapur,0,0,,213,10,1032,,94532.37688292323,199608924.7111849,0.0,0.0,148,0.0
10-206-01074,BIHAR,Sitamarhi,Dumra,0,0,,221,10,1074,,111649.34177378344,241159212.36062923,0.0,0.0,178,0.0
10-204-01033,BIHAR,Purbi Champaran,Ramgarhwa,0,0,,213,10,1033,,90718.26831189607,213035907.5226096,0.0,0.0,154,0.0
10-204-01034,BIHAR,Purbi Champaran,Sugauli,0,0,,213,10,1034,,84892.41923436844,209336830.19001696,0.0,0.0,149,0.0
10-204-01038,BIHAR,Purbi Champaran,Ghorasahan,0,0,,213,10,1038,,75335.10865687576,144368243.47105,0.0,0.0,104,0.0
10-204-01035,BIHAR,Purbi Champaran,Banjaria,0,0,,213,10,1035,,102381.40449613356,176960195.87167916,0.0,0.0,124,0.0
10-204-01047,BIHAR,Purbi Champaran,Kesaria,0,0,,213,10,1047,,87546.8206889307,229535442.11688668,0.0,0.0,168,0.0
10-204-01036,BIHAR,Purbi Champaran,Narkatia,0,0,,213,10,1036,,105607.09704406632,168338010.30978012,0.0,0.0,120,0.0
10-204-01037,BIHAR,Purbi Champaran,Bankatwa,0,0,,213,10,1037,,99233.37216886049,115311013.90225838,0.0,0.0,82,0.0
10-204-01039,BIHAR,Purbi Champaran,Dhaka,0,0,,213,10,1039,,97673.73467814895,202386545.86227983,0.0,0.0,145,0.0
10-204-01048,BIHAR,Purbi Champaran,Kalyanpur,0,0,,213,10,1048,,109413.20044555076,313300912.50613195,0.0,0.0,230,0.0
10-204-01040,BIHAR,Purbi Champaran,Chiraia,0,0,,213,10,1040,,110764.71696779084,272984575.32652414,0.0,0.0,199,0.0
10-204-01041,BIHAR,Purbi Champaran,Motihari,0,0,,213,10,1041,,181544.26702654368,319814691.13850176,0.0,0.0,241,0.0
10-204-01049,BIHAR,Purbi Champaran,Kotwa,0,0,,213,10,1049,,78879.98205471091,178282937.71225017,0.0,0.0,126,0.0
10-204-01042,BIHAR,Purbi Champaran,Turkaulia,0,0,,213,10,1042,,99475.78497366334,174748315.94966665,0.0,0.0,130,0.0
10-204-01050,BIHAR,Purbi Champaran,Piprakothi,0,0,,213,10,1050,,58369.33889310607,62223774.49301849,0.0,0.0,45,0.0
10-204-01043,BIHAR,Purbi Champaran,Harsidhi,0,0,,213,10,1043,,133904.34238337883,240218359.62130272,0.0,0.0,173,0.0
10-204-01044,BIHAR,Purbi Champaran,Paharpur,0,0,,213,10,1044,,108730.62076802726,192061375.0173064,0.0,0.0,144,0.0
10-204-01045,BIHAR,Purbi Champaran,Areraj,0,0,,213,10,1045,,93331.67353690567,242725576.26244012,0.0,0.0,174,0.0
10-204-01046,BIHAR,Purbi Champaran,Sangrampur,0,0,,213,10,1046,,78133.67961210197,187659878.02718252,0.0,0.0,133,0.0
10-204-01051,BIHAR,Purbi Champaran,Chakia(Pipra),0,0,,213,10,1051,,129110.66914194856,212940547.80779588,0.0,0.0,145,0.0
10-204-01052,BIHAR,Purbi Champaran,Pakri Dayal,0,0,,213,10,1052,,90143.40730437863,148110040.62869397,0.0,0.0,106,0.0
10-204-01053,BIHAR,Purbi Champaran,Patahi,0,0,,213,10,1053,,85994.51677214028,144960443.14880535,0.0,0.0,100,0.0
10-204-01055,BIHAR,Purbi Champaran,Madhuban,0,0,,213,10,1055,,112681.00006095257,152424272.44650427,0.0,0.0,114,0.0
10-204-01056,BIHAR,Purbi Champaran,Tetaria,0,0,,213,10,1056,,82320.72754353678,104458405.63845472,0.0,0.0,74,0.0
10-205-01058,BIHAR,Sheohar,Purnahiya,0,0,,220,10,1058,,57294.126150412616,80859097.14068061,0.0,0.0,59,0.0
10-204-01057,BIHAR,Purbi Champaran,Mehsi,0,0,,213,10,1057,,125063.78039343117,149773808.08158112,0.0,0.0,108,0.0
10-205-01059,BIHAR,Sheohar,Piprarhi,0,0,,220,10,1059,,105870.45511307275,104265216.9562483,0.0,0.0,77,0.0
10-205-01060,BIHAR,Sheohar,Sheohar,0,0,,220,10,1060,,81007.5322908237,115638983.35873616,0.0,0.0,83,0.0
10-205-01061,BIHAR,Sheohar,Dumri Katsari,0,0,,220,10,1061,,65038.65439014734,84655470.24819931,0.0,0.0,59,0.0
10-205-01062,BIHAR,Sheohar,Tariani Chowk,0,0,,220,10,1062,,97491.22869259815,171878914.60720828,0.0,0.0,126,0.0
10-206-01063,BIHAR,Sitamarhi,Bairgania,0,0,,221,10,1063,,59598.621146511534,94417571.99630062,0.0,0.0,70,0.0
10-206-01065,BIHAR,Sitamarhi,Majorganj,0,0,,221,10,1065,,62808.55729710282,95411217.42446172,0.0,0.0,68,0.0
10-206-01066,BIHAR,Sitamarhi,Sonbarsa,0,0,,221,10,1066,,92820.94699371175,224104085.6083578,0.0,0.0,155,0.0
10-206-01067,BIHAR,Sitamarhi,Parihar,0,0,,221,10,1067,,86838.20299610356,272812569.4060281,0.0,0.0,197,0.0
10-207-01095,BIHAR,Madhubani,Rajnagar,0,0,,206,10,1095,,78809.12744912357,223111125.2667772,0.0,0.0,158,0.0
10-206-01068,BIHAR,Sitamarhi,Sursand,0,0,,221,10,1068,,91215.71647520129,181412871.1123928,0.0,0.0,134,0.0
10-206-01069,BIHAR,Sitamarhi,Bathnaha,0,0,,221,10,1069,,120764.04051803834,251403523.12922087,0.0,0.0,185,0.0
10-206-01070,BIHAR,Sitamarhi,Riga,0,0,,221,10,1070,,129433.73210860479,163724219.02092636,0.0,0.0,114,0.0
10-210-01123,BIHAR,Kishanganj,Thakurganj,0,0,,203,10,1123,,224971.2940646554,491161543.46963537,0.0,0.0,353,0.0
10-210-01124,BIHAR,Kishanganj,Pothia,0,0,,203,10,1124,,167388.9118766352,443844792.4531903,0.0,0.0,321,0.0
10-210-01125,BIHAR,Kishanganj,Bahadurganj,0,0,,203,10,1125,,155296.13881782343,347494200.8377232,0.0,0.0,251,0.0
10-210-01126,BIHAR,Kishanganj,Kochadhamin,0,0,,203,10,1126,,139640.52665725534,360840233.8364798,0.0,0.0,258,0.0
10-211-01128,BIHAR,Purnia,Banmankhi,0,0,,214,10,1128,,142815.61519736593,459936087.34673214,0.0,0.0,333,0.0
10-206-01075,BIHAR,Sitamarhi,Bajpatti,0,0,,221,10,1075,,90407.29439213518,174303329.1783474,0.0,0.0,125,0.0
10-206-01076,BIHAR,Sitamarhi,Charaut,0,0,,221,10,1076,,85128.15752493152,91349700.81924292,0.0,0.0,62,0.0
10-206-01077,BIHAR,Sitamarhi,Pupri,0,0,,221,10,1077,,73992.24203369493,115338203.66308306,0.0,0.0,82,0.0
10-206-01078,BIHAR,Sitamarhi,Nanpur,0,0,,221,10,1078,,73315.01223618646,135892566.9983101,0.0,0.0,100,0.0
10-220-01283,BIHAR,Vaishali,Mahnar,0,0,,224,10,1283,,81638.1139853176,126474580.44313861,0.0,0.0,89,0.0
10-206-01079,BIHAR,Sitamarhi,Bokhara,0,0,,221,10,1079,,81978.13188098712,108574895.39827529,0.0,0.0,79,0.0
10-207-01080,BIHAR,Madhubani,Madhwapur,0,0,,206,10,1080,,88808.76172423853,137557654.90878707,0.0,0.0,103,0.0
10-207-01081,BIHAR,Madhubani,Harlakhi,0,0,,206,10,1081,,90217.76640094945,187441757.00046396,0.0,0.0,138,0.0
10-207-01082,BIHAR,Madhubani,Basopatti,0,0,,206,10,1082,,97634.90682970545,164238774.4639331,0.0,0.0,122,0.0
10-207-01089,BIHAR,Madhubani,Khajauli,0,0,,206,10,1089,,91171.28062794723,150968724.81279027,0.0,0.0,108,0.0
10-207-01083,BIHAR,Madhubani,Jainagar,0,0,,206,10,1083,,81489.61423509955,161880108.8306139,0.0,0.0,115,0.0
10-207-01090,BIHAR,Madhubani,Kaluahi,0,0,,206,10,1090,,62305.281593423286,101560283.08963235,0.0,0.0,75,0.0
10-207-01084,BIHAR,Madhubani,Ladania,0,0,,206,10,1084,,97928.14946240213,232665607.5684243,0.0,0.0,164,0.0
10-207-01085,BIHAR,Madhubani,Laukaha,0,0,,206,10,1085,,102032.19667129294,266340932.00179368,0.0,0.0,197,0.0
10-207-01086,BIHAR,Madhubani,Laukahi,0,0,,206,10,1086,,109679.24973352649,329223432.564553,0.0,0.0,237,0.0
10-207-01087,BIHAR,Madhubani,Phulparas,0,0,,206,10,1087,,117974.41186319289,199352334.8677591,0.0,0.0,140,0.0
10-207-01088,BIHAR,Madhubani,Babubarhi,0,0,,206,10,1088,,118996.04641992833,237192379.86086744,0.0,0.0,174,0.0
10-207-01091,BIHAR,Madhubani,Benipatti,0,0,,206,10,1091,,128414.2409747215,328987645.9449377,0.0,0.0,231,0.0
10-207-01092,BIHAR,Madhubani,Bisfi,0,0,,206,10,1092,,99754.46134559005,226192948.413646,0.0,0.0,165,0.0
10-207-01093,BIHAR,Madhubani,Madhubani,0,0,,206,10,1093,,109764.71764889831,200359220.56727448,0.0,0.0,142,0.0
10-207-01094,BIHAR,Madhubani,Pandaul,0,0,,206,10,1094,,102372.75527307783,208327489.63825428,0.0,0.0,148,0.0
10-207-01096,BIHAR,Madhubani,Andhratharhi,0,0,,206,10,1096,,97300.5167595078,186769445.10608673,0.0,0.0,134,0.0
10-207-01097,BIHAR,Madhubani,Jhanjharpur,0,0,,206,10,1097,,125261.96837896874,181284371.95402232,0.0,0.0,132,0.0
10-207-01098,BIHAR,Madhubani,Ghoghardiha,0,0,,206,10,1098,,114215.40677637524,211228851.4219488,0.0,0.0,159,0.0
10-207-01099,BIHAR,Madhubani,Lakhnaur,0,0,,206,10,1099,,72956.74167609161,146945623.14022,0.0,0.0,110,0.0
10-207-01100,BIHAR,Madhubani,Madhepur,0,0,,206,10,1100,,144505.38034518834,300452948.5687113,0.0,0.0,212,0.0
10-208-01101,BIHAR,Supaul,Nirmali,0,0,,223,10,1101,,123310.21889922836,162734364.67066902,0.0,0.0,118,0.0
10-208-01102,BIHAR,Supaul,Basantpur,0,0,,223,10,1102,,136288.63693043106,319456339.75100917,0.0,0.0,228,0.0
10-208-01103,BIHAR,Supaul,Chhatapur,0,0,,223,10,1103,,142271.17176584958,398825687.2446475,0.0,0.0,285,0.0
10-208-01104,BIHAR,Supaul,Pratapganj,0,0,,223,10,1104,,71155.69013184242,133032565.19323792,0.0,0.0,97,0.0
10-208-01105,BIHAR,Supaul,Raghopur,0,0,,223,10,1105,,111831.20983491397,255841046.48838165,0.0,0.0,187,0.0
10-221-01285,BIHAR,Samastipur,Warisnagar,0,0,,217,10,1285,,90241.30323013186,163846086.5162723,0.0,0.0,120,0.0
10-208-01106,BIHAR,Supaul,Saraigarh Bhaptiyahi,0,0,,223,10,1106,,105489.5116383213,257042943.27229512,0.0,0.0,189,0.0
10-208-01107,BIHAR,Supaul,Kishanpur,0,0,,223,10,1107,,125516.73810076228,248613546.3002807,0.0,0.0,177,0.0
10-208-01108,BIHAR,Supaul,Marauna,0,0,,223,10,1108,,114969.59778192453,206419565.01179272,0.0,0.0,149,0.0
10-208-01109,BIHAR,Supaul,Supaul,0,0,,223,10,1109,,122628.008173687,390920691.5720901,0.0,0.0,287,0.0
10-208-01110,BIHAR,Supaul,Pipra,0,0,,223,10,1110,,113516.78657800167,247320462.25611627,0.0,0.0,181,0.0
10-221-01287,BIHAR,Samastipur,Khanpur,0,0,,217,10,1287,,89337.20668890505,173313349.37261373,0.0,0.0,127,0.0
10-208-01111,BIHAR,Supaul,Tribeniganj,0,0,,223,10,1111,,136684.8917573132,402291551.99740016,0.0,0.0,290,0.0
10-209-01112,BIHAR,Araria,Narpatganj,0,0,,188,10,1112,,196352.82868709194,482872068.7863751,0.0,0.0,351,0.0
10-209-01113,BIHAR,Araria,Forbesganj,0,0,,188,10,1113,,165874.55860340688,546946456.996027,0.0,0.0,392,0.0
10-209-01114,BIHAR,Araria,Bhargama,0,0,,188,10,1114,,140909.75235341018,280499778.1128878,0.0,0.0,206,0.0
10-209-01115,BIHAR,Araria,Raniganj,0,0,,188,10,1115,,160625.61646677545,576910744.770993,0.0,0.0,418,0.0
10-209-01116,BIHAR,Araria,Araria,0,0,,188,10,1116,,192057.15187743204,506918787.2643526,0.0,0.0,371,0.0
10-209-01117,BIHAR,Araria,Kursakatta,0,0,,188,10,1117,,96566.38525637137,201032230.408231,0.0,0.0,147,0.0
10-209-01118,BIHAR,Araria,Sikti,0,0,,188,10,1118,,116798.35346995249,237753016.2819182,0.0,0.0,177,0.0
10-209-01119,BIHAR,Araria,Palasi,0,0,,188,10,1119,,132578.70192307016,306240761.34804773,0.0,0.0,222,0.0
10-209-01120,BIHAR,Araria,Jokihat,0,0,,188,10,1120,,155370.9524619173,341005127.7602247,0.0,0.0,246,0.0
10-210-01121,BIHAR,Kishanganj,Terhagachh,0,0,,203,10,1121,,121953.02658094271,245208326.38245347,0.0,0.0,175,0.0
10-210-01122,BIHAR,Kishanganj,Dighalbank,0,0,,203,10,1122,,147432.83262190674,314385668.4331173,0.0,0.0,224,0.0
10-211-01129,BIHAR,Purnia,Barhara,0,0,,214,10,1129,,111073.17449432175,288009141.38478667,0.0,0.0,212,0.0
10-211-01130,BIHAR,Purnia,Bhawanipur,0,0,,214,10,1130,,116656.34435182877,201938838.4795833,0.0,0.0,147,0.0
10-211-01131,BIHAR,Purnia,Rupauli,0,0,,214,10,1131,,113946.660566684,308195114.8462847,0.0,0.0,227,0.0
10-211-01132,BIHAR,Purnia,Dhamdaha,0,0,,214,10,1132,,135370.01293426772,446856166.039676,0.0,0.0,326,0.0
10-211-01133,BIHAR,Purnia,Krityanand Nagar,0,0,,214,10,1133,,149407.41850079046,364443041.21247435,0.0,0.0,274,0.0
10-211-01134,BIHAR,Purnia,Purnia East,0,0,,214,10,1134,,127662.13358515713,309272824.56310594,0.0,0.0,228,0.0
10-211-01135,BIHAR,Purnia,Kasba,0,0,,214,10,1135,,130095.64608516233,215123054.3424731,0.0,0.0,154,0.0
10-211-01136,BIHAR,Purnia,Srinagar,0,0,,214,10,1136,,106220.57404900706,172405807.6412187,0.0,0.0,122,0.0
10-211-01137,BIHAR,Purnia,Jalalgarh,0,0,,214,10,1137,,87146.39992638786,142107808.6772385,0.0,0.0,102,0.0
10-211-01138,BIHAR,Purnia,Amour,0,0,,214,10,1138,,141371.93624621196,307011870.96961224,0.0,0.0,225,0.0
10-211-01139,BIHAR,Purnia,Baisa,0,0,,214,10,1139,,132173.35304950457,275191667.549805,0.0,0.0,197,0.0
10-211-01140,BIHAR,Purnia,Baisi,0,0,,214,10,1140,,118169.54825440844,253873549.02719215,0.0,0.0,187,0.0
10-211-01141,BIHAR,Purnia,Dagarua,0,0,,214,10,1141,,129309.28146976323,257465778.6329552,0.0,0.0,180,0.0
10-212-01142,BIHAR,Katihar,Falka,0,0,,201,10,1142,,100518.70580952488,208374539.8829749,0.0,0.0,150,0.0
10-212-01143,BIHAR,Katihar,Korha,0,0,,201,10,1143,,137118.64195203967,368801327.90483874,0.0,0.0,273,0.0
10-212-01144,BIHAR,Katihar,Hasanganj,0,0,,201,10,1144,,78227.29832785497,86155111.41022065,0.0,0.0,62,0.0
10-212-01145,BIHAR,Katihar,Kadwa,0,0,,201,10,1145,,157692.68144088247,420129854.10490626,0.0,0.0,307,0.0
10-212-01146,BIHAR,Katihar,Balrampur,0,0,,201,10,1146,,141815.18317465586,216253207.31133217,0.0,0.0,151,0.0
10-212-01147,BIHAR,Katihar,Barsoi,0,0,,201,10,1147,,172308.8160052511,357713388.6445612,0.0,0.0,261,0.0
10-212-01148,BIHAR,Katihar,Azamnagar,0,0,,201,10,1148,,141791.77759222616,349759708.1212404,0.0,0.0,253,0.0
10-221-01290,BIHAR,Samastipur,Tajpur,0,0,,217,10,1290,,57166.77792153786,83856612.1105223,0.0,0.0,61,0.0
10-212-01149,BIHAR,Katihar,Pranpur,0,0,,201,10,1149,,111803.70370561493,191475637.62126103,0.0,0.0,141,0.0
10-212-01150,BIHAR,Katihar,Dandkhora,0,0,,201,10,1150,,70987.07501110679,111201189.06340708,0.0,0.0,81,0.0
10-212-01151,BIHAR,Katihar,Katihar,0,0,,201,10,1151,,76845.81968857624,136830037.77828172,0.0,0.0,100,0.0
10-212-01152,BIHAR,Katihar,Mansahi,0,0,,201,10,1152,,73279.06289841712,97405011.1871763,0.0,0.0,73,0.0
10-212-01155,BIHAR,Katihar,Kursela,0,0,,201,10,1155,,80348.39413748268,153683091.52761996,0.0,0.0,117,0.0
10-212-01153,BIHAR,Katihar,Barari,0,0,,201,10,1153,,107333.93297446336,407446973.1478653,0.0,0.0,292,0.0
10-212-01154,BIHAR,Katihar,Sameli,0,0,,201,10,1154,,75105.36277909,118027198.2496544,0.0,0.0,81,0.0
10-212-01156,BIHAR,Katihar,Manihari,0,0,,201,10,1156,,130162.81635074862,303859830.4099729,0.0,0.0,221,0.0
10-212-01157,BIHAR,Katihar,Amdabad,0,0,,201,10,1157,,103742.71814675455,228302986.79665467,0.0,0.0,164,0.0
10-213-01158,BIHAR,Madhepura,Gamharia,0,0,,205,10,1158,,80141.00377515821,125479849.27382244,0.0,0.0,89,0.0
10-213-01160,BIHAR,Madhepura,Ghailarh,0,0,,205,10,1160,,78865.70647224285,116219722.2388165,0.0,0.0,83,0.0
10-213-01159,BIHAR,Madhepura,Singheshwar,0,0,,205,10,1159,,111627.30849980874,111167268.35246354,0.0,0.0,78,0.0
10-216-01210,BIHAR,Muzaffarpur,Bandra,0,0,,208,10,1210,,74293.85759884378,142020443.31484023,0.0,0.0,103,0.0
10-213-01161,BIHAR,Madhepura,Madhepura,0,0,,205,10,1161,,115084.47931226583,237801277.85767865,0.0,0.0,175,0.0
10-213-01162,BIHAR,Madhepura,Shankarpur,0,0,,205,10,1162,,63984.56408470212,128790837.874554,0.0,0.0,94,0.0
10-213-01163,BIHAR,Madhepura,Kumarkhand,0,0,,205,10,1163,,118191.24796123093,316976886.68211347,0.0,0.0,230,0.0
10-213-01164,BIHAR,Madhepura,Murliganj,0,0,,205,10,1164,,94211.11378994165,247086114.21145928,0.0,0.0,179,0.0
10-221-01293,BIHAR,Samastipur,Mohanpur,0,0,,217,10,1293,,74468.46489139357,163000016.77407515,0.0,0.0,120,0.0
10-213-01165,BIHAR,Madhepura,Gwalpara,0,0,,205,10,1165,,78037.2495556277,147267353.58482873,0.0,0.0,109,0.0
10-214-01172,BIHAR,Saharsa,Satar Kataiya,0,0,,216,10,1172,,77878.75925155886,177382280.64763528,0.0,0.0,130,0.0
10-213-01166,BIHAR,Madhepura,Bihariganj,0,0,,205,10,1166,,79669.40805645821,133818744.70956944,0.0,0.0,98,0.0
10-216-01211,BIHAR,Muzaffarpur,Dholi (Moraul),0,0,,208,10,1211,,63030.361633940505,73298422.6275262,0.0,0.0,50,0.0
10-213-01167,BIHAR,Madhepura,Kishanganj,0,0,,205,10,1167,,99817.47531025465,188055937.5971522,0.0,0.0,133,0.0
10-216-01212,BIHAR,Muzaffarpur,Musahri,0,0,,208,10,1212,,211487.75457487197,365415439.5943066,0.0,0.0,267,0.0
10-213-01168,BIHAR,Madhepura,Puraini,0,0,,205,10,1168,,63416.842365887525,103114850.3546553,0.0,0.0,76,0.0
10-214-01174,BIHAR,Saharsa,Kahara,0,0,,216,10,1174,,81070.16203244023,176788302.3737116,0.0,0.0,128,0.0
10-213-01169,BIHAR,Madhepura,Alamnagar,0,0,,205,10,1169,,94357.42058114092,211989804.11375904,0.0,0.0,151,0.0
10-213-01170,BIHAR,Madhepura,Chausa,0,0,,205,10,1170,,87285.75133964,172516848.53860697,0.0,0.0,124,0.0
10-214-01171,BIHAR,Saharsa,Nauhatta,0,0,,216,10,1171,,93228.84620468391,212763144.21707585,0.0,0.0,151,0.0
10-217-01227,BIHAR,Gopalganj,Sidhwalia,0,0,,197,10,1227,,69457.48217743407,152022198.31601515,0.0,0.0,109,0.0
10-214-01173,BIHAR,Saharsa,Mahishi,0,0,,216,10,1173,,106372.46434789852,273075178.2794974,0.0,0.0,195,0.0
10-214-01175,BIHAR,Saharsa,Saur Bazar,0,0,,216,10,1175,,88121.22998090234,233228921.9025612,0.0,0.0,171,0.0
10-214-01176,BIHAR,Saharsa,Patarghat,0,0,,216,10,1176,,67497.21582029684,149681422.04156074,0.0,0.0,105,0.0
10-214-01177,BIHAR,Saharsa,Sonbarsa,0,0,,216,10,1177,,90185.02153799882,263952116.041209,0.0,0.0,193,0.0
10-216-01199,BIHAR,Muzaffarpur,Sahebganj,0,0,,208,10,1199,,80060.99972290538,253055918.70266867,0.0,0.0,189,0.0
10-214-01178,BIHAR,Saharsa,Simri Bakhtiarpur,0,0,,216,10,1178,,119116.35548129058,266466354.66217396,0.0,0.0,194,0.0
10-214-01179,BIHAR,Saharsa,Salkhua,0,0,,216,10,1179,,82412.26684571667,221182533.93573853,0.0,0.0,163,0.0
10-214-01180,BIHAR,Saharsa,Banma Itahri,0,0,,216,10,1180,,54286.501575749484,92822449.4552088,0.0,0.0,68,0.0
10-215-01181,BIHAR,Darbhanga,Jale,0,0,,195,10,1181,,112473.57051363293,234172285.01568127,0.0,0.0,171,0.0
10-215-01182,BIHAR,Darbhanga,Singhwara,0,0,,195,10,1182,,121368.62688362494,223279889.67870736,0.0,0.0,162,0.0
10-215-01183,BIHAR,Darbhanga,Keotiranway,0,0,,195,10,1183,,89515.08566239705,180205403.4644349,0.0,0.0,131,0.0
10-215-01184,BIHAR,Darbhanga,Darbhanga,0,0,,195,10,1184,,131883.04966973627,240721362.1475316,0.0,0.0,174,0.0
10-215-01185,BIHAR,Darbhanga,Manigachhi,0,0,,195,10,1185,,96856.01003306538,158887287.31255177,0.0,0.0,114,0.0
10-215-01186,BIHAR,Darbhanga,Tardih,0,0,,195,10,1186,,96398.42232606321,109520018.96976715,0.0,0.0,79,0.0
10-215-01187,BIHAR,Darbhanga,Alinagar,0,0,,195,10,1187,,105560.56246873255,146523357.5416611,0.0,0.0,105,0.0
10-215-01188,BIHAR,Darbhanga,Benipur,0,0,,195,10,1188,,118482.30854716274,204643530.87647069,0.0,0.0,150,0.0
10-215-01189,BIHAR,Darbhanga,Bahadurpur,0,0,,195,10,1189,,155637.00049509996,221161760.4253616,0.0,0.0,158,0.0
10-215-01190,BIHAR,Darbhanga,Hanumannagar,0,0,,195,10,1190,,114393.83215098479,181536916.32106537,0.0,0.0,130,0.0
10-215-01191,BIHAR,Darbhanga,Hayaghat,0,0,,195,10,1191,,66118.49929402806,108810529.75916524,0.0,0.0,77,0.0
10-215-01192,BIHAR,Darbhanga,Baheri,0,0,,195,10,1192,,128629.1579498372,271307286.95794886,0.0,0.0,195,0.0
10-215-01193,BIHAR,Darbhanga,Biraul,0,0,,195,10,1193,,135706.32971678255,230203939.26841983,0.0,0.0,167,0.0
10-215-01194,BIHAR,Darbhanga,Ghanshyampur,0,0,,195,10,1194,,76766.91373126305,103945643.9979024,0.0,0.0,78,0.0
10-215-01195,BIHAR,Darbhanga,Kiratpur,0,0,,195,10,1195,,78793.19278562842,78915927.53877336,0.0,0.0,60,0.0
10-215-01196,BIHAR,Darbhanga,Gora Bauram,0,0,,195,10,1196,,99804.03366816713,145653476.81698695,0.0,0.0,104,0.0
10-215-01197,BIHAR,Darbhanga,Kusheshwar Asthan,0,0,,195,10,1197,,87220.16498537568,144130520.9401011,0.0,0.0,107,0.0
10-215-01198,BIHAR,Darbhanga,Kusheshwar Asthan Purbi,0,0,,195,10,1198,,91858.86035222423,150084285.43545517,0.0,0.0,112,0.0
10-216-01200,BIHAR,Muzaffarpur,Baruraj (Motipur),0,0,,208,10,1200,,125110.13599018812,365259305.4740948,0.0,0.0,263,0.0
10-216-01201,BIHAR,Muzaffarpur,Paroo,0,0,,208,10,1201,,136934.87791145188,413033977.3448192,0.0,0.0,295,0.0
10-216-01202,BIHAR,Muzaffarpur,Saraiya,0,0,,208,10,1202,,155820.80051537574,301402655.1404849,0.0,0.0,218,0.0
10-216-01203,BIHAR,Muzaffarpur,Marwan,0,0,,208,10,1203,,84959.92762229654,138736310.53842777,0.0,0.0,101,0.0
10-216-01204,BIHAR,Muzaffarpur,Kanti,0,0,,208,10,1204,,97122.90469976026,124757584.36625764,0.0,0.0,91,0.0
10-216-01205,BIHAR,Muzaffarpur,Minapur,0,0,,208,10,1205,,166218.11946715685,316124209.98756105,0.0,0.0,228,0.0
10-216-01206,BIHAR,Muzaffarpur,Bochaha,0,0,,208,10,1206,,126044.68100944142,233148755.94160384,0.0,0.0,167,0.0
10-216-01207,BIHAR,Muzaffarpur,Aurai,0,0,,208,10,1207,,101267.16719990574,247748190.77792475,0.0,0.0,177,0.0
10-216-01208,BIHAR,Muzaffarpur,Katra,0,0,,208,10,1208,,118891.9342746819,235108975.17115793,0.0,0.0,171,0.0
10-216-01209,BIHAR,Muzaffarpur,Gaighat,0,0,,208,10,1209,,111008.49869520529,259762671.68662548,0.0,0.0,191,0.0
10-216-01213,BIHAR,Muzaffarpur,Kurhani,0,0,,208,10,1213,,108106.10574110712,256354911.2077163,0.0,0.0,187,0.0
10-216-01214,BIHAR,Muzaffarpur,Sakra,0,0,,208,10,1214,,105121.4777371614,236360031.18726787,0.0,0.0,175,0.0
10-217-01215,BIHAR,Gopalganj,Katiya,0,0,,197,10,1215,,94755.55253264701,158441587.458013,0.0005981697512054444,0.0004699905188042777,112,0.0526389381060791
10-217-01216,BIHAR,Gopalganj,Bijaipur,0,0,,197,10,1216,,81309.59717969262,163112176.36717936,0.0005981697512054444,0.0005981697512054443,120,0.07178037014465331
10-217-01217,BIHAR,Gopalganj,Bhorey,0,0,,197,10,1217,,78790.65552761848,196013266.46535653,0.0005981697512054444,0.0003115467454195022,144,0.04486273134040832
10-217-01218,BIHAR,Gopalganj,Pach Deuri,0,0,,197,10,1218,,53698.212932643866,118295317.11973979,0.0,0.0,85,0.0
10-217-01219,BIHAR,Gopalganj,Kuchaikote,0,0,,197,10,1219,,101077.28158428885,316078491.04748106,0.0,0.0,226,0.0
10-217-01220,BIHAR,Gopalganj,Phulwaria,0,0,,197,10,1220,,81339.22200232239,118763292.85091434,0.0,0.0,89,0.0
10-217-01221,BIHAR,Gopalganj,Hathua,0,0,,197,10,1221,,91546.96202775641,183613061.83342972,0.0004467246114349366,0.0002954713965396431,127,0.037524867360534675
10-217-01222,BIHAR,Gopalganj,Uchkagaon,0,0,,197,10,1222,,80102.93001981139,142235093.67043933,0.0004467246114349366,2.9500681887212797e-05,106,0.0031270722800445564
10-217-01223,BIHAR,Gopalganj,Thawe,0,0,,197,10,1223,,57244.55575246375,89300191.60424533,0.0004467246114349366,6.9800720536708844e-06,64,0.0004467246114349366
10-217-01224,BIHAR,Gopalganj,Gopalganj,0,0,,197,10,1224,,110313.13172782106,244420793.60160467,0.0,0.0,182,0.0
10-218-01232,BIHAR,Siwan,Goriakothi,0,0,,222,10,1232,,73201.39147651673,174963939.23516312,0.0,0.0,127,0.0
10-217-01225,BIHAR,Gopalganj,Manjha,0,0,,197,10,1225,,80242.78538873792,179389027.9828925,0.0,0.0,131,0.0
10-217-01226,BIHAR,Gopalganj,Barauli,0,0,,197,10,1226,,105754.79057670098,232227972.12586737,0.0,0.0,170,0.0
10-217-01228,BIHAR,Gopalganj,Baikunthpur,0,0,,197,10,1228,,97825.58906166903,256614409.24172768,0.0,0.0,185,0.0
10-218-01229,BIHAR,Siwan,Nautan,0,0,,222,10,1229,,58324.35348563096,81827813.66620097,0.0004467246114349366,0.0004467246114349366,58,0.025910027463226324
10-218-01230,BIHAR,Siwan,Siwan,0,0,,222,10,1230,,92599.06904644772,168879532.28230655,0.0004467246114349366,0.0004088665935167216,118,0.04824625803497315
10-218-01235,BIHAR,Siwan,Bhagwanpur Hat,0,0,,222,10,1235,,86430.4184146014,189582799.91524476,0.00041720874200820924,6.651153858101885e-05,138,0.009178592324180602
10-218-01231,BIHAR,Siwan,Barharia,0,0,,222,10,1231,,90315.6629531122,219606934.01516393,0.0004467246114349366,8.37608646440506e-06,160,0.0013401738343048098
10-218-01233,BIHAR,Siwan,Lakri Nabiganj,0,0,,222,10,1233,,79648.98713303795,120773104.6039552,0.0,0.0,88,0.0
10-218-01234,BIHAR,Siwan,Basantpur,0,0,,222,10,1234,,57871.378293950496,76675463.02480637,0.0,0.0,56,0.0
10-218-01236,BIHAR,Siwan,Maharajganj,0,0,,222,10,1236,,119387.58843212528,142817377.5161484,0.00041720874200820924,0.0001579722421196132,103,0.016271140938320158
10-218-01237,BIHAR,Siwan,Pachrukhi,0,0,,222,10,1237,,99183.2392802834,160709761.40986398,0.0004467246114349366,1.9090795360467376e-05,117,0.002233623057174683
10-218-01238,BIHAR,Siwan,Hussainganj,0,0,,222,10,1238,,68784.84800107122,105975934.30464326,0.0004467246114349366,0.0003945891344286945,74,0.029199595947723395
10-218-01239,BIHAR,Siwan,Ziradei,0,0,,222,10,1239,,98825.50869312549,152221780.48504183,0.0004467246114349366,0.0004460844573651564,111,0.04951537476753236
10-218-01240,BIHAR,Siwan,Mairwa,0,0,,222,10,1240,,65279.2242200428,88898123.37504825,0.0006086168879699707,0.00045408335127743816,66,0.02996950118431092
10-218-01242,BIHAR,Siwan,Darauli,0,0,,222,10,1242,,90305.00161970501,214758375.6239279,0.0012316781521224977,0.0005592904201999788,155,0.08669001513099672
10-218-01241,BIHAR,Siwan,Guthani,0,0,,222,10,1241,,78778.78773845347,115110806.99004474,0.0006086168879699707,0.0005967711116381389,82,0.048935231154327394
10-219-01248,BIHAR,Saran,Mashrakh,0,0,,218,10,1248,,82075.7710341599,165898243.02109933,0.0,0.0,121,0.0
10-218-01243,BIHAR,Siwan,Andar,0,0,,222,10,1243,,83358.60866933218,125625010.62434034,0.0004467246114349366,0.00038383499264859613,87,0.03339364436042786
10-219-01249,BIHAR,Saran,Panapur,0,0,,218,10,1249,,75875.09329534958,182360909.7404776,0.0,0.0,128,0.0
10-218-01244,BIHAR,Siwan,Raghunathpur,0,0,,222,10,1244,,87824.68008836384,193566358.3438411,0.00037566750968933104,0.0003756675096893311,143,0.053720453885574344
10-219-01250,BIHAR,Saran,Taraiya,0,0,,218,10,1250,,53629.0613522338,97307015.09151264,0.0,0.0,74,0.0
10-218-01245,BIHAR,Siwan,Hasanpura,0,0,,222,10,1245,,82786.09108287447,121956119.03175904,0.00041720874200820924,0.0003899507755735551,87,0.033925717474899295
10-219-01251,BIHAR,Saran,Ishupur,0,0,,218,10,1251,,62425.60798229613,109300191.56908256,0.0,0.0,76,0.0
10-218-01246,BIHAR,Siwan,Daraundha,0,0,,222,10,1246,,105400.53795370483,157911066.26165873,0.00041720874200820924,0.00036279021044192104,115,0.04172087420082092
10-219-01256,BIHAR,Saran,Jalalpur,0,0,,218,10,1256,,65042.73641147566,147549697.72689733,0.0005575856707000733,0.00021585480986793088,106,0.022880609846000672
10-218-01247,BIHAR,Siwan,Siswan,0,0,,222,10,1247,,98184.39847010886,155554872.77293277,0.00041720874200820924,0.00040485864591340763,111,0.04493930969638825
10-219-01259,BIHAR,Saran,Nagra,0,0,,218,10,1259,,43289.948409307304,65110006.46242106,0.0005509899151611328,0.00023446379368558844,47,0.011019798303222656
10-219-01252,BIHAR,Saran,Baniapur,0,0,,218,10,1252,,89199.8841803021,219417775.87250236,0.00041720874200820924,1.0238251337624767e-05,163,0.001668834968032837
10-219-01253,BIHAR,Saran,Lahladpur,0,0,,218,10,1253,,49287.19248841685,70233795.44130237,0.00041720874200820924,0.00022529272068443296,50,0.011264636034221648
10-219-01254,BIHAR,Saran,Ekma,0,0,,218,10,1254,,99716.17236158185,176114988.01319405,0.00041720874200820924,0.0004172087420082092,128,0.053402718977050775
10-219-01255,BIHAR,Saran,Manjhi,0,0,,218,10,1255,,127085.43562979231,244607530.98349065,0.0005575856707000733,0.0004460857887063557,180,0.08029544196714403
10-219-01257,BIHAR,Saran,Revelganj,0,0,,218,10,1257,,84877.1419542779,179359801.45379385,0.0005575856707000733,0.0005515175756042479,125,0.068939696950531
10-219-01258,BIHAR,Saran,Chapra,0,0,,218,10,1258,,119729.94798472138,239470568.44351175,0.0005509899151611328,0.000516553045463562,176,0.09091333600158691
10-219-01260,BIHAR,Saran,Marhaura,0,0,,218,10,1260,,87240.95030017926,190752130.05196184,0.0005509899151611328,1.6087296793025778e-05,137,0.0022039596606445314
10-219-01261,BIHAR,Saran,Amnour,0,0,,218,10,1261,,94922.90618840617,160109081.4065653,0.0005509899151611328,9.338812121375133e-06,118,0.0011019798303222657
10-219-01263,BIHAR,Saran,Parsa,0,0,,218,10,1263,,85595.91054800974,122749042.93573296,0.0,0.0,88,0.0
10-219-01266,BIHAR,Saran,Dighwara,0,0,,218,10,1266,,81943.45164265168,101347015.6655549,0.0,0.0,72,0.0
10-219-01264,BIHAR,Saran,Dariapur,0,0,,218,10,1264,,115477.27251924115,281302380.67878103,0.0,0.0,202,0.0
10-219-01265,BIHAR,Saran,Garkha,0,0,,218,10,1265,,90147.74693968748,213336409.9887166,0.0005509899151611328,0.00028265067076447723,154,0.043528203297729495
10-220-01269,BIHAR,Vaishali,Paterhi Belsar,0,0,,224,10,1269,,56227.36197278124,93522597.26160131,0.0,0.0,69,0.0
10-219-01267,BIHAR,Saran,Sonepur,0,0,,218,10,1267,,70412.64000247594,214865144.18564072,0.0,0.0,162,0.0
10-220-01268,BIHAR,Vaishali,Vaishali,0,0,,224,10,1268,,72706.90824879723,158663399.21103516,0.0,0.0,114,0.0
10-220-01270,BIHAR,Vaishali,Lalganj,0,0,,224,10,1270,,89595.71916906572,184177988.41986412,0.0,0.0,133,0.0
10-221-01294,BIHAR,Samastipur,Mohiuddinagar,0,0,,217,10,1294,,80607.53716768604,178536106.2701614,0.0,0.0,130,0.0
10-220-01271,BIHAR,Vaishali,Bhagwanpur,0,0,,224,10,1271,,98965.72708266653,142473218.81446454,0.0,0.0,102,0.0
10-220-01272,BIHAR,Vaishali,Goraul,0,0,,224,10,1272,,101989.77906286377,122446101.92943335,0.0,0.0,87,0.0
10-220-01273,BIHAR,Vaishali,Chehra Kalan,0,0,,224,10,1273,,63204.34388206024,89818122.94593617,0.0,0.0,66,0.0
10-220-01277,BIHAR,Vaishali,Raja Pakar,0,0,,224,10,1277,,58946.08844196175,93673217.82917874,0.0,0.0,72,0.0
10-220-01274,BIHAR,Vaishali,Patepur,0,0,,224,10,1274,,118180.33822078991,317029999.71255994,0.0,0.0,234,0.0
10-220-01275,BIHAR,Vaishali,Mahua,0,0,,224,10,1275,,86273.82517515696,171155586.12447235,0.0,0.0,125,0.0
10-220-01276,BIHAR,Vaishali,Jandaha,0,0,,224,10,1276,,99044.76663725945,179891527.10359335,0.0,0.0,128,0.0
10-220-01278,BIHAR,Vaishali,Hajipur,0,0,,224,10,1278,,80048.24731377292,194916759.16986817,0.0,0.0,140,0.0
10-220-01280,BIHAR,Vaishali,Bidupur,0,0,,224,10,1280,,88122.3198685409,139375575.9420912,0.0,0.0,99,0.0
10-220-01279,BIHAR,Vaishali,Raghopur,0,0,,224,10,1279,,128641.49950069311,338499790.0832371,0.0,0.0,246,0.0
10-220-01281,BIHAR,Vaishali,Desri,0,0,,224,10,1281,,50183.809114488824,56627949.53624974,0.0,0.0,43,0.0
10-221-01284,BIHAR,Samastipur,Kalyanpur,0,0,,217,10,1284,,147387.26660455638,294821482.9966942,0.0,0.0,214,0.0
10-221-01286,BIHAR,Samastipur,Shivaji Nagar,0,0,,217,10,1286,,96209.25031894707,172333979.18990555,0.0,0.0,130,0.0
10-221-01288,BIHAR,Samastipur,Samastipur,0,0,,217,10,1288,,112474.97484539819,170577777.20953664,0.0,0.0,123,0.0
10-221-01289,BIHAR,Samastipur,Pusa,0,0,,217,10,1289,,64081.7615729533,95008289.7510354,0.0,0.0,65,0.0
10-221-01291,BIHAR,Samastipur,Morwa,0,0,,217,10,1291,,104551.97847793197,152111293.7773472,0.0,0.0,106,0.0
10-221-01292,BIHAR,Samastipur,Patori,0,0,,217,10,1292,,69422.25062895294,130638318.44440164,0.0,0.0,93,0.0
10-221-01295,BIHAR,Samastipur,Sarairanjan,0,0,,217,10,1295,,96463.23467310029,185572344.2706523,0.0,0.0,145,0.0
10-221-01296,BIHAR,Samastipur,Vidyapati Nagar,0,0,,217,10,1296,,62930.2690484309,106322816.42401849,0.0,0.0,75,0.0
10-221-01297,BIHAR,Samastipur,Dalsinghsarai,0,0,,217,10,1297,,80515.23552986495,118201268.21451648,0.0,0.0,89,0.0
10-221-01298,BIHAR,Samastipur,Ujiarpur,0,0,,217,10,1298,,81756.09445970641,209497824.1015558,0.0,0.0,149,0.0
10-221-01300,BIHAR,Samastipur,Rosera,0,0,,217,10,1300,,84599.34785899956,138535375.895554,0.0,0.0,97,0.0
10-221-01299,BIHAR,Samastipur,Bibhutpur,0,0,,217,10,1299,,96600.53522783429,258332531.194082,0.0,0.0,187,0.0
10-221-01301,BIHAR,Samastipur,Singhia,0,0,,217,10,1301,,76055.88015393679,178639507.67998633,0.0,0.0,128,0.0
10-222-01307,BIHAR,Begusarai,Cheria Bariarpur,0,0,,191,10,1307,,80422.0696045629,127840547.1243011,0.0,0.0,89,0.0
10-221-01302,BIHAR,Samastipur,Hasanpur,0,0,,217,10,1302,,122795.93417076243,188091095.39019313,0.0,0.0,138,0.0
10-221-01303,BIHAR,Samastipur,Bithan,0,0,,217,10,1303,,72838.55780104545,149849875.79630712,0.0,0.0,109,0.0
10-222-01304,BIHAR,Begusarai,Khudabandpur,0,0,,191,10,1304,,49522.71992212785,59617610.47663844,0.0,0.0,39,0.0
10-222-01305,BIHAR,Begusarai,Chhorahi,0,0,,191,10,1305,,96201.09768359947,128309829.49376953,0.0,0.0,94,0.0
10-222-01306,BIHAR,Begusarai,Garhpura,0,0,,191,10,1306,,69581.28073662621,88651595.91159394,0.0,0.0,68,0.0
10-222-01308,BIHAR,Begusarai,Bhagwanpur,0,0,,191,10,1308,,102620.52088176137,147276258.21886113,0.0,0.0,106,0.0
10-223-01324,BIHAR,Khagaria,Mansi,0,0,,202,10,1324,,70720.37786012898,86151878.56106131,0.0,0.0,69,0.0
10-222-01309,BIHAR,Begusarai,Mansurchak,0,0,,191,10,1309,,55538.61039021854,42158333.283958256,0.0,0.0,31,0.0
10-224-01333,BIHAR,Bhagalpur,Rangra Chowk,0,0,,192,10,1333,,56200.86409227388,97946271.45940188,0.0,0.0,71,0.0
10-222-01310,BIHAR,Begusarai,Bachhwara,0,0,,191,10,1310,,112893.55520851951,186501763.14040864,0.0,0.0,138,0.0
10-222-01311,BIHAR,Begusarai,Teghra,0,0,,191,10,1311,,93442.93751421869,180050069.66821858,0.0,0.0,129,0.0
10-222-01312,BIHAR,Begusarai,Barauni,0,0,,191,10,1312,,90573.71511882372,141812926.41245717,0.0,0.0,102,0.0
10-222-01313,BIHAR,Begusarai,Birpur,0,0,,191,10,1313,,69057.86510087451,64693086.30641256,0.0,0.0,53,0.0
10-222-01314,BIHAR,Begusarai,Begusarai,0,0,,191,10,1314,,114572.02827886646,273941103.5239774,0.0,0.0,200,0.0
10-222-01315,BIHAR,Begusarai,Naokothi,0,0,,191,10,1315,,61794.845266753924,91575422.87048158,0.0,0.0,64,0.0
10-222-01316,BIHAR,Begusarai,Bakhri,0,0,,191,10,1316,,74902.13049058078,94921186.04856166,0.0,0.0,66,0.0
10-222-01317,BIHAR,Begusarai,Dandari,0,0,,191,10,1317,,77075.31892237118,85364223.36403492,0.0,0.0,65,0.0
10-222-01318,BIHAR,Begusarai,Sahebpur Kamal,0,0,,191,10,1318,,97820.3506924087,179327758.1582562,0.0,0.0,131,0.0
10-222-01319,BIHAR,Begusarai,Balia,0,0,,191,10,1319,,95726.56851828664,181873531.04775092,0.0,0.0,133,0.0
10-222-01320,BIHAR,Begusarai,Matihani,0,0,,191,10,1320,,104199.58891726227,214311339.790948,0.0,0.0,157,0.0
10-222-01321,BIHAR,Begusarai,Shamho Akha Kurha,0,0,,191,10,1321,,47884.70174269599,82130306.58899558,0.0,0.0,58,0.0
10-223-01322,BIHAR,Khagaria,Alauli,0,0,,202,10,1322,,117176.16085281859,337532903.06560946,0.0,0.0,244,0.0
10-223-01323,BIHAR,Khagaria,Khagaria,0,0,,202,10,1323,,164255.4907534744,325761754.1557925,0.0,0.0,229,0.0
10-223-01325,BIHAR,Khagaria,Chautham,0,0,,202,10,1325,,88833.5659059585,205164632.7891582,0.0,0.0,148,0.0
10-228-01376,BIHAR,Sheikhpura,Chewara,0,0,,219,10,1376,,77279.14911837938,141385828.1075451,0.0008097300252914429,0.0007764929209185111,103,0.07997877085460664
10-223-01326,BIHAR,Khagaria,Beldaur,0,0,,202,10,1326,,101449.44415348554,276820454.1841197,0.0,0.0,203,0.0
10-223-01327,BIHAR,Khagaria,Gogri,0,0,,202,10,1327,,109725.85953588395,321971045.3784509,0.0,0.0,231,0.0
10-223-01328,BIHAR,Khagaria,Parbatta,0,0,,202,10,1328,,89952.53209418767,286770838.53234714,0.0,0.0,215,0.0
10-224-01329,BIHAR,Bhagalpur,Narayanpur,0,0,,192,10,1329,,96964.50839109154,173637043.38008544,0.0,0.0,125,0.0
10-224-01330,BIHAR,Bhagalpur,Bihpur,0,0,,192,10,1330,,98960.16392998041,189427956.2070791,0.0,0.0,141,0.0
10-234-01472,BIHAR,Rohtas,Akorhi Gola,0,0,,215,10,1472,,71741.57946050014,124356844.03544964,0.0012224412449264527,0.001222441244926453,94,0.11490947702308657
10-224-01331,BIHAR,Bhagalpur,Kharik,0,0,,192,10,1331,,103106.05203500649,169292223.68779984,0.0,0.0,125,0.0
10-224-01332,BIHAR,Bhagalpur,Naugachhia,0,0,,192,10,1332,,91833.23423872421,134223697.96961665,0.0,0.0,95,0.0
10-224-01335,BIHAR,Bhagalpur,Pirpainti,0,0,,192,10,1335,,138631.2255747686,411429376.6216011,0.0,0.0,294,0.0
10-224-01336,BIHAR,Bhagalpur,Kahalgaon,0,0,,192,10,1336,,128722.99744742387,352186242.20537144,0.0,0.0,255,0.0
10-224-01337,BIHAR,Bhagalpur,Ismailpur,0,0,,192,10,1337,,66332.03197363381,102752037.41138108,0.0,0.0,75,0.0
10-224-01338,BIHAR,Bhagalpur,Sabour,0,0,,192,10,1338,,85492.0541239663,141198925.34276122,0.0,0.0,102,0.0
10-226-01359,BIHAR,Munger,Dharhara,0,0,,207,10,1359,,105188.90103685112,355220468.750446,0.0,0.0,262,0.0
10-224-01339,BIHAR,Bhagalpur,Nathnagar,0,0,,192,10,1339,,105259.93673308079,163498377.60317266,0.0,0.0,117,0.0
10-226-01360,BIHAR,Munger,Kharagpur,0,0,,207,10,1360,,169586.30903503796,398589433.5102216,0.0,0.0,291,0.0
10-224-01340,BIHAR,Bhagalpur,Sultanganj,0,0,,192,10,1340,,139861.1879796442,266407467.3450057,0.0,0.0,198,0.0
10-224-01341,BIHAR,Bhagalpur,Shahkund,0,0,,192,10,1341,,93276.90256650816,208798734.37786233,0.0,0.0,153,0.0
10-224-01342,BIHAR,Bhagalpur,Goradih,0,0,,192,10,1342,,106918.08891287447,178026414.43832883,0.0,0.0,128,0.0
10-224-01343,BIHAR,Bhagalpur,Jagdishpur,0,0,,192,10,1343,,107045.71303668506,127447147.46016994,0.0,0.0,95,0.0
10-224-01344,BIHAR,Bhagalpur,Sonhaula,0,0,,192,10,1344,,84463.86530366821,214425428.57327408,0.0,0.0,160,0.0
10-225-01345,BIHAR,Banka,Shambhuganj,0,0,,190,10,1345,,85765.27415008907,217970788.89652416,0.0,0.0,157,0.0
10-225-01346,BIHAR,Banka,Amarpur,0,0,,190,10,1346,,98000.87839154692,234663534.19316816,0.0,0.0,176,0.0
10-225-01347,BIHAR,Banka,Rajaun,0,0,,190,10,1347,,86718.04358754268,242814641.5593075,0.0,0.0,179,0.0
10-226-01363,BIHAR,Munger,Tetiha Bambor,0,0,,207,10,1363,,73286.15332623897,95190725.80042528,0.0,0.0,70,0.0
10-225-01348,BIHAR,Banka,Dhuraiya,0,0,,190,10,1348,,106681.6377356153,285703540.38620996,0.0,0.0,208,0.0
10-225-01349,BIHAR,Banka,Barahat,0,0,,190,10,1349,,122910.23058217819,181202001.14064544,0.0,0.0,129,0.0
10-225-01350,BIHAR,Banka,Banka,0,0,,190,10,1350,,137083.07375503817,365153241.48788345,0.0,0.0,275,0.0
10-225-01351,BIHAR,Banka,Phulidumar,0,0,,190,10,1351,,117105.67306472127,248400685.45023423,0.0,0.0,176,0.0
10-225-01352,BIHAR,Banka,Belhar,0,0,,190,10,1352,,118426.40149548957,290570448.277483,0.0010399753170394898,0.00010691335034985409,214,0.022879456974868775
10-225-01353,BIHAR,Banka,Chanan,0,0,,190,10,1353,,169565.08902723462,550876204.0147796,0.0010399753170394898,0.0005033302093780367,403,0.20284207437934879
10-225-01354,BIHAR,Banka,Katoria,0,0,,190,10,1354,,180268.89530762268,687665367.2781417,0.0007162771364593506,6.135441607121928e-05,502,0.030799916867752075
10-225-01355,BIHAR,Banka,Bausi,0,0,,190,10,1355,,109314.78149810205,385846183.7170387,0.0,0.0,284,0.0
10-226-01356,BIHAR,Munger,Munger,0,0,,207,10,1356,,162390.1628928388,306519605.49277806,0.0,0.0,227,0.0
10-226-01357,BIHAR,Munger,Bariarpur,0,0,,207,10,1357,,122433.4478606843,198040113.63802013,0.0,0.0,143,0.0
10-226-01358,BIHAR,Munger,Jamalpur,0,0,,207,10,1358,,72817.19566814511,112971204.64248075,0.0,0.0,79,0.0
10-226-01361,BIHAR,Munger,Asarganj,0,0,,207,10,1361,,61173.52838786665,72491453.98190036,0.0,0.0,52,0.0
10-226-01362,BIHAR,Munger,Tarapur,0,0,,207,10,1362,,54416.57713098438,86962445.68425661,0.0,0.0,62,0.0
10-226-01364,BIHAR,Munger,Sangrampur,0,0,,207,10,1364,,71205.18318302365,105786037.21986651,0.0,0.0,80,0.0
10-227-01366,BIHAR,Lakhisarai,Pipariya,0,0,,204,10,1366,,87968.2901826016,106258171.87143916,0.0,0.0,76,0.0
10-227-01365,BIHAR,Lakhisarai,Barahiya,0,0,,204,10,1365,,95965.48426593257,248505135.43154767,0.0,0.0,179,0.0
10-227-01367,BIHAR,Lakhisarai,Surajgarha,0,0,,204,10,1367,,140312.1609931406,462726462.37366486,0.0009689401948547364,0.00012824208461312687,340,0.04360230876846314
10-227-01368,BIHAR,Lakhisarai,Lakhisarai,0,0,,204,10,1368,,117670.76745524361,181316338.94823277,0.0009689401948547364,8.590697577196853e-05,133,0.011425627777671815
10-227-01369,BIHAR,Lakhisarai,Chanan*,0,0,,204,10,1369,,86014.87070350182,177670731.10250506,0.0009689401948547364,0.0007872639083194733,128,0.10076978026489258
10-228-01375,BIHAR,Sheikhpura,Ghat Kusumbha,0,0,,219,10,1375,,80592.24583619394,99088070.68237934,0.0,0.0,70,0.0
10-227-01370,BIHAR,Lakhisarai,Ramgarh Chowk,0,0,,204,10,1370,,98990.57354622113,128567389.13844268,0.0009689401948547364,0.000739527185931916,94,0.0695155554776001
10-227-01371,BIHAR,Lakhisarai,Halsi,0,0,,204,10,1371,,82594.8188222393,191441208.6304817,0.0009689401948547364,0.000782832838158093,139,0.10881376450397492
10-228-01372,BIHAR,Sheikhpura,Barbigha,0,0,,219,10,1372,,83879.7675047183,115941853.486741,0.0,0.0,81,0.0
10-228-01373,BIHAR,Sheikhpura,Shekhopur Sarai,0,0,,219,10,1373,,59774.96229914819,65955650.61796794,0.000979586276187897,0.0003314411768230862,45,0.01491485295703888
10-228-01374,BIHAR,Sheikhpura,Sheikhpura,0,0,,219,10,1374,,119718.3677454689,225551054.81458032,0.0008097300252914429,0.00019155092292763207,170,0.032563656897697454
10-228-01377,BIHAR,Sheikhpura,Ariari,0,0,,219,10,1377,,87552.5859976097,183445963.63454768,0.0008097300252914429,0.0008092147989011334,137,0.11086242744945528
10-229-01378,BIHAR,Nalanda,Karai Parsurai,0,0,,209,10,1378,,58523.47447411047,82148146.79064696,0.0012809949703216552,0.0005764477366447448,60,0.03458686419868469
10-229-01379,BIHAR,Nalanda,Nagar Nausa,0,0,,209,10,1379,,82570.35159490984,108015836.82811198,0.0012809949703216552,0.0005924685258998872,80,0.04739748207199097
10-229-01380,BIHAR,Nalanda,Harnaut,0,0,,209,10,1380,,124869.90123154312,224385440.0517296,0.0009609132702636719,0.0003342307027004076,161,0.05381114313476562
10-229-01381,BIHAR,Nalanda,Chandi,0,0,,209,10,1381,,70527.81459673235,147156102.481168,0.0009609132702636719,0.0008815718075813503,109,0.09609132702636718
10-229-01382,BIHAR,Nalanda,Rahui,0,0,,209,10,1382,,77076.6108369453,152249665.90613127,0.0009609132702636719,0.0009253238898835358,108,0.09993498010742187
10-229-01383,BIHAR,Nalanda,Bind,0,0,,209,10,1383,,70364.80140905235,88091657.81671415,0.0,0.0,66,0.0
10-229-01384,BIHAR,Nalanda,Sarmera,0,0,,209,10,1384,,91044.34634338948,167201876.42476654,0.0,0.0,123,0.0
10-229-01385,BIHAR,Nalanda,Asthawan,0,0,,209,10,1385,,92263.18064708126,171325630.7179731,0.0009609132702636719,0.00017317964384918214,125,0.021647455481147767
10-229-01387,BIHAR,Nalanda,Noorsarai,0,0,,209,10,1387,,78528.62700534344,151514769.88009417,0.0009609132702636719,0.0009609132702636717,114,0.10954411281005857
10-229-01386,BIHAR,Nalanda,Bihar,0,0,,209,10,1386,,98561.8371020671,215840179.0991975,0.000979586276187897,0.0009263962043601275,160,0.1482233926976204
10-229-01390,BIHAR,Nalanda,Hilsa,0,0,,209,10,1390,,93433.88804652911,175765721.10991755,0.0012809949703216552,0.0012809949703216552,131,0.16781034111213683
10-229-01391,BIHAR,Nalanda,Ekangarsarai,0,0,,209,10,1391,,87121.32234693572,166605847.460251,0.0012809949703216552,0.0012809949703216552,122,0.15628138637924194
10-229-01392,BIHAR,Nalanda,Islampur,0,0,,209,10,1392,,109868.69145522316,273834151.4326934,0.0012809949703216552,0.001142535894474541,194,0.22165196352806094
10-229-01393,BIHAR,Nalanda,Ben,0,0,,209,10,1393,,66947.54721379357,127526149.56798536,0.0012809949703216552,0.0010884289630747855,94,0.10231232252902984
10-230-01398,BIHAR,Patna,Maner,0,0,,212,10,1398,,96133.56350709034,213315300.3597084,0.0013964263680267335,0.00029383912585196557,154,0.0452512253812027
10-229-01394,BIHAR,Nalanda,Rajgir,0,0,,209,10,1394,,88740.45664753366,198129288.77271983,0.0010474205293273925,0.0010081966414576162,147,0.14820490629426958
10-229-01395,BIHAR,Nalanda,Silao,0,0,,209,10,1395,,79220.42929786978,154752836.13944647,0.000979586276187897,0.0009763103102362784,114,0.11129937536693574
10-229-01396,BIHAR,Nalanda,Giriak,0,0,,209,10,1396,,88347.46773236175,99576022.5731765,0.000979586276187897,0.000979586276187897,73,0.07150979816171647
10-229-01397,BIHAR,Nalanda,Katrisarai,0,0,,209,10,1397,,38918.76300208476,48673462.28309288,0.000979586276187897,0.0009371222134637834,36,0.0337363996846962
10-230-01399,BIHAR,Patna,Dinapur-Cum-Khagaul,0,0,,212,10,1399,,78598.21354533077,184765788.04152673,0.0013964263680267335,0.00041375596089680995,135,0.055857054721069346
10-234-01474,BIHAR,Rohtas,Tilouthu,0,0,,215,10,1474,,73885.57639601533,193504401.97342023,0.0014346881063842774,0.0014061060711138588,140,0.19685484995594024
10-230-01400,BIHAR,Patna,Patna Rural,0,0,,212,10,1400,,87518.10425735511,179850223.48881748,0.0013964263680267335,0.00024517409514973186,131,0.03211780646461487
10-230-01401,BIHAR,Patna,Sampatchak,0,0,,212,10,1401,,53219.7118618291,78902366.60372826,0.0013964263680267335,4.899741642199065e-05,57,0.002792852736053467
10-230-01406,BIHAR,Patna,Dulhin Bazar,0,0,,212,10,1406,,77792.54009458271,136539622.4680228,0.0014961599476623537,0.0011691929620588671,99,0.11575010324382784
10-230-01402,BIHAR,Patna,Phulwari,0,0,,212,10,1402,,70659.26045014715,135940825.49713776,0.0013964263680267335,0.0013382419360256196,96,0.1284712258584595
10-230-01413,BIHAR,Patna,Khusrupur,0,0,,212,10,1413,,46143.60198551767,78201544.387751,0.0,0.0,58,0.0
10-230-01403,BIHAR,Patna,Bihta,0,0,,212,10,1403,,116564.9809665079,244879174.98088208,0.0013964263680267335,0.0010177826998960056,182,0.185236451381073
10-230-01415,BIHAR,Patna,Athmalgola,0,0,,212,10,1415,,47997.69261940102,62827293.65665197,0.0,0.0,47,0.0
10-230-01404,BIHAR,Patna,Naubatpur,0,0,,212,10,1404,,105087.74367689912,205320191.59612688,0.0013964263680267335,0.0013964263680267335,153,0.21365323430809025
10-230-01405,BIHAR,Patna,Bikram,0,0,,212,10,1405,,86626.03512108007,186422313.04867813,0.0013964263680267335,0.0009647787139034968,137,0.13217468380477906
10-234-01475,BIHAR,Rohtas,Rohtas,0,0,,215,10,1475,,88257.59288547112,389741138.17794544,0.0014072835418319702,0.00133668203568538,288,0.38496442627738947
10-230-01407,BIHAR,Patna,Paliganj,0,0,,212,10,1407,,129476.3041410336,293354152.7667747,0.0014961599476623537,0.0012858436919804155,214,0.2751705500838089
10-230-01408,BIHAR,Patna,Masaurhi,0,0,,212,10,1408,,108866.13277400887,248716954.87290823,0.0014961599476623537,0.0014625418871110209,178,0.2603324559057617
10-230-01409,BIHAR,Patna,Dhanarua,0,0,,212,10,1409,,95102.40821522896,225577653.19725513,0.0014961599476623537,0.0011229037787066501,163,0.18303331592918398
10-230-01410,BIHAR,Patna,Punpun,0,0,,212,10,1410,,82554.93388622913,161116560.78819045,0.0013964263680267335,0.0009467297410350737,118,0.11171410944213869
10-230-01411,BIHAR,Patna,Fatwah,0,0,,212,10,1411,,97950.27190535897,155697451.47083917,0.0,0.0,115,0.0
10-230-01412,BIHAR,Patna,Daniawan,0,0,,212,10,1412,,69689.77872311571,79566220.36857046,0.0,0.0,56,0.0
10-230-01414,BIHAR,Patna,Bakhtiarpur,0,0,,212,10,1414,,120205.01587822943,168153072.20481881,0.0,0.0,120,0.0
10-230-01416,BIHAR,Patna,Belchhi,0,0,,212,10,1416,,88573.78025963024,87443681.0926542,0.0,0.0,70,0.0
10-230-01417,BIHAR,Patna,Barh,0,0,,212,10,1417,,95365.9771693495,147280816.515725,0.0,0.0,104,0.0
10-230-01419,BIHAR,Patna,Ghoswari,0,0,,212,10,1419,,66454.95033385535,164897376.1169027,0.0,0.0,126,0.0
10-230-01418,BIHAR,Patna,Pandarak,0,0,,212,10,1418,,106894.44852036482,252509471.6555304,0.0,0.0,180,0.0
10-232-01438,BIHAR,Buxar,Chaugain,0,0,,194,10,1438,,52625.33924401454,66025696.44875917,0.0004900366789627076,0.0004900366789627076,49,0.02401179726917267
10-232-01439,BIHAR,Buxar,Kesath,0,0,,194,10,1439,,34661.84662025829,38236018.49691825,0.0004900366789627076,0.0004900366789627075,29,0.014211063689918518
10-230-01420,BIHAR,Patna,Mokameh,0,0,,212,10,1420,,127700.39840194934,244519830.48183808,0.0,0.0,181,0.0
10-231-01421,BIHAR,Bhojpur,Shahpur,0,0,,193,10,1421,,110658.91431619873,211766871.4500774,0.0006329140747833252,0.0005554612117180458,156,0.08665194902801515
10-234-01460,BIHAR,Rohtas,Suryapura,0,0,,215,10,1460,,56159.7630280001,69765063.31452103,0.000979446590270996,0.000979446590270996,47,0.046033989742736814
10-231-01422,BIHAR,Bhojpur,Arrah,0,0,,193,10,1422,,120924.06747051864,221925641.7145924,0.0007930005658340455,0.0006991826884803534,159,0.11117004746837619
10-231-01423,BIHAR,Bhojpur,Barhara,0,0,,193,10,1423,,128817.96875565937,258494738.36324885,0.0005575856707000733,0.0005530618802518995,191,0.10563481912811279
10-231-01424,BIHAR,Bhojpur,Koilwar,0,0,,193,10,1424,,94779.33453556667,208456312.66749656,0.0007930005658340455,0.0007410251240787891,149,0.11041274348773958
10-231-01425,BIHAR,Bhojpur,Sandesh,0,0,,193,10,1425,,60697.76797134289,164599530.19806212,0.0012604976107788086,0.0008643136743849417,118,0.10198901357742311
10-231-01426,BIHAR,Bhojpur,Udwant Nagar,0,0,,193,10,1426,,92445.60417460876,217797556.82002312,0.0007930005658340455,0.000696550940791065,161,0.11214470146736147
10-234-01461,BIHAR,Rohtas,Bikramganj,0,0,,215,10,1461,,88556.32896667719,168723569.68103397,0.000979446590270996,0.0009794465902709963,129,0.12634861014495852
10-231-01427,BIHAR,Bhojpur,Behea,0,0,,193,10,1427,,114516.77527652554,206091349.70539597,0.0006329140747833252,0.0005861139004867555,150,0.08791708507301331
10-231-01428,BIHAR,Bhojpur,Jagdishpur,0,0,,193,10,1428,,109726.00219208181,318463526.4488765,0.0006329140747833252,0.000618501004152298,228,0.14101822894672394
10-231-01429,BIHAR,Bhojpur,Piro,0,0,,193,10,1429,,100703.96274410955,268205354.86689487,0.000979446590270996,0.0008412095103973389,200,0.16824190207946776
10-234-01462,BIHAR,Rohtas,Karakat,0,0,,215,10,1462,,102232.22868007293,251121712.10833624,0.0012224412449264527,0.0010409580622917957,176,0.18320861896335605
10-231-01430,BIHAR,Bhojpur,Charpokhari,0,0,,193,10,1430,,88834.1327790213,135855258.49695313,0.0009703179335021974,0.0008708725856692666,95,0.08273289563858033
10-231-01431,BIHAR,Bhojpur,Garhani,0,0,,193,10,1431,,93054.52180151101,137128723.85739592,0.0009703179335021974,0.0006722232622068831,103,0.06923899600730896
10-231-01432,BIHAR,Bhojpur,Agiaon,0,0,,193,10,1432,,87534.07309197474,191419206.17039648,0.0012604976107788086,0.0010306195124147263,139,0.14325611222564696
10-231-01433,BIHAR,Bhojpur,Tarari,0,0,,193,10,1433,,95157.98131215997,247108515.4982669,0.000979446590270996,0.0009712978458107124,177,0.1719197187084961
10-231-01434,BIHAR,Bhojpur,Sahar,0,0,,193,10,1434,,61748.81499939302,157154129.14318892,0.0012604976107788086,0.0010174411289573734,117,0.1190406120880127
10-232-01435,BIHAR,Buxar,Simri,0,0,,194,10,1435,,87047.69219699135,222195796.247413,0.0011512147730255128,0.0006582340185942302,164,0.10795037904945375
10-232-01436,BIHAR,Buxar,Chakki,0,0,,194,10,1436,,73799.54032015939,80420668.23199363,0.0004900366789627076,0.0004678732427752018,64,0.029943887537612915
10-232-01437,BIHAR,Buxar,Barhampur,0,0,,194,10,1437,,133928.15369382405,240152233.65370417,0.0005575856707000733,0.0004857201930022929,173,0.08402959338939667
10-232-01440,BIHAR,Buxar,Dumraon,0,0,,194,10,1440,,115797.88145848007,238641355.07175583,0.0007052495635986328,0.0005549825790599394,169,0.09379205586112976
10-232-01441,BIHAR,Buxar,Buxar,0,0,,194,10,1441,,90996.21871903203,211591033.38394436,0.0011512147730255128,0.000713771191804242,157,0.11206207711326599
10-232-01442,BIHAR,Buxar,Chausa,0,0,,194,10,1442,,99103.08457070828,138502720.57991108,0.001013838208770752,0.0007621368303858678,107,0.08154864085128785
10-232-01443,BIHAR,Buxar,Rajpur,0,0,,194,10,1443,,121142.9666413415,336933113.12217736,0.001013838208770752,0.0009304682004715278,245,0.2279647091155243
10-232-01444,BIHAR,Buxar,Itarhi,0,0,,194,10,1444,,109439.3274763228,293713382.2816445,0.0010005717710113526,0.0007080756134303336,209,0.14798780320693972
10-232-01445,BIHAR,Buxar,Nawanagar,0,0,,194,10,1445,,126567.10382889764,229774401.79100823,0.0010005717710113526,0.000582859372690641,169,0.09850323398471832
10-233-01446,BIHAR,Kaimur (Bhabua),Ramgarh,0,0,,200,10,1446,,124781.0721120257,206666195.02442607,0.001013838208770752,0.0010123547041851323,151,0.15286556033195497
10-233-01447,BIHAR,Kaimur (Bhabua),Nuaon,0,0,,200,10,1447,,121732.74643995032,235834986.4758632,0.001013838208770752,0.0009902808288119133,171,0.16933802172683715
10-233-01448,BIHAR,Kaimur (Bhabua),Kudra,0,0,,200,10,1448,,132624.50147962422,255577893.54332253,0.0010512219338989258,0.0010357937298777749,189,0.19576501494689943
10-233-01449,BIHAR,Kaimur (Bhabua),Mohania,0,0,,200,10,1449,,142323.6809133636,349176573.6513165,0.0010512219338989258,0.0010133582036092876,256,0.25941970012397764
10-233-01450,BIHAR,Kaimur (Bhabua),Durgawati,0,0,,200,10,1450,,108544.41183902678,212580801.4059764,0.0010090720557403565,0.0010090720557403565,154,0.1553970965840149
10-233-01451,BIHAR,Kaimur (Bhabua),Chand,0,0,,200,10,1451,,97099.60209928264,257974481.1925409,0.0010370329890441894,0.001013422068625511,188,0.19052334890159606
10-233-01452,BIHAR,Kaimur (Bhabua),Chainpur,0,0,,200,10,1452,,170712.34536647963,555311526.8488017,0.0010370329890441894,0.0010002357324663954,407,0.40709594311382297
10-233-01453,BIHAR,Kaimur (Bhabua),Bhabua,0,0,,200,10,1453,,143727.89821118704,407618990.38615096,0.0010512219338989258,0.0010283758507408573,301,0.3095411310729981
10-233-01454,BIHAR,Kaimur (Bhabua),Rampur,0,0,,200,10,1454,,126612.15498309073,210660395.23746365,0.0010742197401428222,0.0010586306231587048,149,0.157735962850647
10-233-01455,BIHAR,Kaimur (Bhabua),Bhagwanpur,0,0,,200,10,1455,,134815.05705103654,292151198.96788174,0.0010512219338989258,0.0010141895193803254,211,0.21399398858924867
10-233-01456,BIHAR,Kaimur (Bhabua),Adhaura,0,0,,200,10,1456,,271357.2345421078,1135984955.9859164,0.001241075052032471,0.0010180493802450486,833,0.8480351337441254
10-234-01457,BIHAR,Rohtas,Kochas,0,0,,215,10,1457,,90248.48407846906,187033418.62218276,0.001013838208770752,0.0010046924069820752,132,0.13261939772163392
10-234-01458,BIHAR,Rohtas,Dinara,0,0,,215,10,1458,,157118.7651045217,464648316.8452498,0.0010005717710113526,0.0009956157168787175,341,0.3395049594556427
10-234-01459,BIHAR,Rohtas,Dawath,0,0,,215,10,1459,,78120.6651060775,129910427.66035384,0.000979446590270996,0.000979446590270996,94,0.09206797948547363
10-234-01466,BIHAR,Rohtas,Nokha,0,0,,215,10,1466,,82152.91978314315,208772248.59610957,0.0012837537447357179,0.0012375550552288263,148,0.18315814817386628
10-235-01476,BIHAR,Aurangabad,Daudnagar,0,0,,189,10,1476,,91010.07504965532,238139281.75712803,0.0012224412449264527,0.0012022589689973855,174,0.20919306060554507
10-234-01467,BIHAR,Rohtas,Kargahar,0,0,,215,10,1467,,128509.87472624176,406135690.59563094,0.0012837537447357179,0.0011458462369132686,296,0.3391704861263275
10-234-01468,BIHAR,Rohtas,Chenari,0,0,,215,10,1468,,121720.69626398994,292642418.8385522,0.0012837537447357179,0.0010636419305160877,215,0.22868301506095884
10-234-01469,BIHAR,Rohtas,Nauhatta,0,0,,215,10,1469,,175494.75594492842,478591449.404211,0.0013260063925933838,0.0011561900036575836,354,0.4092912612947846
10-234-01470,BIHAR,Rohtas,Sheosagar,0,0,,215,10,1470,,135463.8765525897,406503956.12222886,0.0014072835418319702,0.0012678301528558247,295,0.3740098950924683
10-234-01471,BIHAR,Rohtas,Sasaram,0,0,,215,10,1471,,135810.11950728856,394273130.8742507,0.0014072835418319702,0.0013146533539619444,290,0.3812494726489639
10-234-01473,BIHAR,Rohtas,Dehri,0,0,,215,10,1473,,97323.52013589225,199371136.99043605,0.0014346881063842774,0.0012640427448351629,145,0.18328619800109863
10-235-01477,BIHAR,Aurangabad,Haspura,0,0,,189,10,1477,,88845.10694940752,164519986.5205008,0.0011993378501129151,0.0011966636173481586,121,0.1447962976991272
10-235-01478,BIHAR,Aurangabad,Goh,0,0,,189,10,1478,,122286.20877621078,374665187.3660463,0.0011993378501129151,0.0010827530996552637,272,0.2945088431062317
10-236-01491,BIHAR,Gaya,Neem Chak Bathani,0,0,,196,10,1491,,79540.44278654993,146770773.7769567,0.0010474205293273925,0.0010474205293273928,103,0.10788431452072145
10-235-01479,BIHAR,Aurangabad,Rafiganj,0,0,,189,10,1479,,167069.30684925965,465687847.79432577,0.0011993378501129151,0.0010391155342607695,341,0.3543383971829224
10-235-01480,BIHAR,Aurangabad,Obra,0,0,,189,10,1480,,130720.05569071589,327203821.09876627,0.0014346881063842774,0.0012067920679908464,237,0.2860097201138306
10-236-01494,BIHAR,Gaya,Manpur,0,0,,196,10,1494,,77081.78707553667,161226183.41058797,0.000970709453125,0.0009177035706362515,115,0.10553591062316893
10-235-01481,BIHAR,Aurangabad,Aurangabad,0,0,,189,10,1481,,125502.68609205673,344679798.38062614,0.0014346881063842774,0.0011416467411613468,256,0.2922615657373048
10-237-01511,BIHAR,Nawada,Nardiganj,0,0,,210,10,1511,,60262.24041371029,129808165.4472442,0.000979586276187897,0.0009795862761878967,95,0.0930606962378502
10-235-01482,BIHAR,Aurangabad,Barun,0,0,,189,10,1482,,117269.30390529483,381782699.30215496,0.0014346881063842774,0.0013664659009156909,280,0.38261045225639345
10-235-01483,BIHAR,Aurangabad,Nabinagar,0,0,,189,10,1483,,173491.30877801325,657546828.2218357,0.0014966874000167847,0.0014206719011902267,483,0.6861845282748795
10-235-01484,BIHAR,Aurangabad,Kutumba,0,0,,189,10,1484,,110495.73757590447,319048251.76106954,0.0014966874000167847,0.0014658231228372833,229,0.3356734951297379
10-235-01485,BIHAR,Aurangabad,Deo,0,0,,189,10,1485,,158578.88849021672,336990745.1586724,0.0014966874000167847,0.0011793912472101039,251,0.29602720304973607
10-235-01486,BIHAR,Aurangabad,Madanpur,0,0,,189,10,1486,,153529.37367368402,418713952.50229967,0.0010558063412475587,0.0010334759753645123,309,0.3193440763876343
10-236-01487,BIHAR,Gaya,Konch,0,0,,196,10,1487,,154041.56172387034,319288521.7326548,0.0010375467678451539,0.0010068951948251396,232,0.2335996851994324
10-236-01488,BIHAR,Gaya,Tikari,0,0,,196,10,1488,,122221.36853604284,290576655.12704176,0.0010375467678451539,0.0010089352406452774,218,0.21994788246067049
10-236-01489,BIHAR,Gaya,Belaganj,0,0,,196,10,1489,,113473.13279109563,240372540.95814112,0.000970709453125,0.000970709453125,180,0.1747277015625
10-236-01490,BIHAR,Gaya,Khizirsarai,0,0,,196,10,1490,,103698.13096672995,223124430.97950032,0.0010474205293273925,0.0010076959179178876,165,0.16626982645645144
10-236-01492,BIHAR,Gaya,Muhra,0,0,,196,10,1492,,93681.45756176667,181269438.2139707,0.0010474205293273925,0.0010159753482872694,134,0.1361406966704941
10-236-01493,BIHAR,Gaya,Atri,0,0,,196,10,1493,,103075.15367958385,161340647.62451813,0.0010474205293273925,0.0010064933100213122,119,0.11977270389253616
10-236-01495,BIHAR,Gaya,Gaya Town C.D.Block,0,0,,196,10,1495,,91678.58033080616,224144813.6021213,0.000970709453125,0.0009232106753104074,161,0.1486369187249756
10-236-01496,BIHAR,Gaya,Paraiya,0,0,,196,10,1496,,75593.31264449215,167300846.5298876,0.0009329708128356934,0.00092531095262146,120,0.1110373143145752
10-236-01497,BIHAR,Gaya,Guraru,0,0,,196,10,1497,,81292.54933661391,199646285.7542363,0.0009329708128356934,0.0009329708128356934,147,0.13714670948684693
10-237-01512,BIHAR,Nawada,Nawada,0,0,,210,10,1512,,86822.75137888109,219317998.1072041,0.0011063740116882324,0.0009868543629363237,157,0.1549361349810028
10-236-01498,BIHAR,Gaya,Gurua,0,0,,196,10,1498,,117859.62964526065,238015237.1519128,0.0009329708128356934,0.0009276876924671329,173,0.16048997079681399
10-236-01499,BIHAR,Gaya,Amas,0,0,,196,10,1499,,100546.69423332924,128484051.44985774,0.0010558063412475587,0.0009234083083391691,95,0.08772378929222106
10-237-01517,BIHAR,Nawada,Roh,0,0,,210,10,1517,,77804.52626079548,192537548.9783989,0.0011186393383789063,0.0010438433955633642,144,0.15031344896112445
10-236-01500,BIHAR,Gaya,Banke Bazar,0,0,,196,10,1500,,85166.97220092022,256240042.68049288,0.0010228136062622071,0.000930499182910304,186,0.17307284802131653
10-236-01501,BIHAR,Gaya,Imamganj,0,0,,196,10,1501,,136271.57775821586,316917295.57645696,0.0012415727520751953,0.0010504853192936728,239,0.2510659913111878
10-236-01502,BIHAR,Gaya,Dumaria,0,0,,196,10,1502,,119690.94596035974,390676703.928496,0.0014966874000167847,0.001134985288579439,285,0.3234708072451401
10-236-01503,BIHAR,Gaya,Sherghati,0,0,,196,10,1503,,100322.2973073121,167902109.12194017,0.0010810180062866212,0.0009151243353749097,123,0.1125602932511139
10-238-01531,BIHAR,Jamui,Gidhaur,0,0,,198,10,1531,,55211.5633940527,100392309.18230554,0.0012243687380981444,0.001084734467791748,75,0.0813550850843811
10-236-01504,BIHAR,Gaya,Dobhi,0,0,,196,10,1504,,103572.88994215836,218837778.49499393,0.0010810180062866212,0.0010476242070846086,161,0.16866749734062197
10-236-01505,BIHAR,Gaya,Bodh Gaya,0,0,,196,10,1505,,120948.91182130505,306843965.9119923,0.0010810180062866212,0.0009291381483671768,230,0.21370177412445066
10-236-01506,BIHAR,Gaya,Tan Kuppa,0,0,,196,10,1506,,108147.94853451202,190099968.23000297,0.0010810180062866212,0.0008845809505920981,134,0.11853384737934115
10-240-01542,BIHAR,Arwal,Arwal,0,0,,611,10,1542,,73924.8054791393,147787869.27798152,0.0012604976107788086,0.0011851625022550728,104,0.12325690023452758
10-236-01507,BIHAR,Gaya,Wazirganj,0,0,,196,10,1507,,105472.06999302967,323030583.61833626,0.0009152942123413087,0.0008667947020231671,236,0.20456354967746743
10-236-01508,BIHAR,Gaya,Fatehpur,0,0,,196,10,1508,,155359.44599717355,408449805.62920874,0.0009502554878997803,0.0008579066705476611,304,0.260803627846489
10-240-01543,BIHAR,Arwal,Kaler,0,0,,611,10,1543,,67777.19153730445,176075758.749563,0.0011993378501129151,0.0010087792935436918,131,0.13215008745422363
10-236-01509,BIHAR,Gaya,Mohanpur,0,0,,196,10,1509,,119906.24818546322,418796109.2883684,0.0010810180062866212,0.0009818915996552772,303,0.297513154695549
10-240-01544,BIHAR,Arwal,Karpi,0,0,,611,10,1544,,158139.92638461498,234985661.7206014,0.0012604976107788086,0.0012375312442857165,172,0.21285537401714322
10-236-01510,BIHAR,Gaya,Barachatti,0,0,,196,10,1510,,138753.78132836288,366328956.31361085,0.0010810180062866212,0.0010610831029896131,275,0.2917978533221436
10-237-01513,BIHAR,Nawada,Warisaliganj,0,0,,210,10,1513,,109792.76918459819,202861050.3008767,0.000979586276187897,0.0008732816837901162,147,0.12837240751714707
10-237-01514,BIHAR,Nawada,Kashi Chak,0,0,,210,10,1514,,73948.94452619922,98983451.20841853,0.0008097300252914429,0.0008097300252914429,72,0.05830056182098389
10-237-01515,BIHAR,Nawada,Pakribarawan,0,0,,210,10,1515,,104545.76938151139,251834567.85717744,0.0008097300252914429,0.000809730025291443,184,0.14899032465362552
10-237-01516,BIHAR,Nawada,Kawakol,0,0,,210,10,1516,,121170.20018263235,362955647.76482904,0.0011409432424926758,0.001094278626741108,266,0.2910781147131347
10-237-01518,BIHAR,Nawada,Gobindpur,0,0,,210,10,1518,,73133.35659787485,188189390.13263756,0.0011186393383789063,0.0011153101782771517,140,0.15614342495880124
10-237-01519,BIHAR,Nawada,Akbarpur,0,0,,210,10,1519,,91268.2921062847,249541236.96202633,0.0011063740116882324,0.0011063740116882324,184,0.20357281815063477
10-237-01520,BIHAR,Nawada,Hisua,0,0,,210,10,1520,,85113.4923130193,144090762.99664384,0.0011063740116882324,0.0010005929020234254,104,0.10406166181043625
10-237-01521,BIHAR,Nawada,Narhat,0,0,,210,10,1521,,62856.50481924386,99624005.77002536,0.0011063740116882324,0.0011063740116882322,69,0.07633980680648803
10-237-01522,BIHAR,Nawada,Meskaur,0,0,,210,10,1522,,75185.00287586387,145604023.18435815,0.0011063740116882324,0.0009318622465896607,112,0.104368571618042
10-237-01523,BIHAR,Nawada,Sirdala,0,0,,210,10,1523,,111278.51695598938,301894539.186342,0.0011063740116882324,0.0009787954695738346,218,0.21337741236709595
10-237-01524,BIHAR,Nawada,Rajauli,0,0,,210,10,1524,,132370.86211000624,450216393.36794454,0.0011186393383789063,0.0010350063421912666,333,0.3446571119496918
10-238-01525,BIHAR,Jamui,Islamnagar Aliganj,0,0,,198,10,1525,,96153.77396855215,213408239.47295904,0.0011409432424926758,0.0007939631043199393,156,0.12385824427391053
10-238-01526,BIHAR,Jamui,Sikandra,0,0,,198,10,1526,,86788.2538333537,223096734.30010977,0.0012243687380981444,0.0007986463617480243,162,0.12938071060317993
10-238-01527,BIHAR,Jamui,Jamui,0,0,,198,10,1527,,90084.78430112793,212157753.6648698,0.0009689401948547364,0.0009664304764379687,155,0.14979672384788514
10-238-01528,BIHAR,Jamui,Barhat,0,0,,198,10,1528,,114104.37581341481,270298087.1382075,0.0009689401948547364,0.0008066304160212019,197,0.15890619195617678
10-238-01529,BIHAR,Jamui,Lakshmipur,0,0,,198,10,1529,,112147.89260238525,307635253.00857943,0.0009689401948547364,0.00025838405196126305,225,0.05813641169128418
10-238-01530,BIHAR,Jamui,Jhajha,0,0,,198,10,1530,,147664.43327942316,507112726.974952,0.0012243687380981444,0.0010058551534779523,370,0.3721664067868423
10-238-01532,BIHAR,Jamui,Khaira,0,0,,198,10,1532,,142747.05687020053,513762691.7981683,0.0012243687380981444,0.0011646350513290283,377,0.4390674143510437
10-238-01533,BIHAR,Jamui,Sono,0,0,,198,10,1533,,117724.39892386932,474283005.7300444,0.0012243687380981444,0.0011956573135700607,349,0.41728440243595116
10-238-01534,BIHAR,Jamui,Chakai,0,0,,198,10,1534,,243956.2217086091,956725034.6798706,0.0012243687380981444,0.0008695789542148589,700,0.6087052679504013
10-239-01535,BIHAR,Jehanabad,Ratni Faridpur,0,0,,199,10,1535,,82762.53932271499,155018952.20303965,0.0014961599476623537,0.0013027345422256206,114,0.14851173781372073
10-239-01536,BIHAR,Jehanabad,Jehanabad,0,0,,199,10,1536,,97254.09844747804,201426556.69272655,0.0014961599476623537,0.0014961599476623537,148,0.22143167225402835
10-239-01537,BIHAR,Jehanabad,Kako,0,0,,199,10,1537,,83599.3529020472,162373941.78194478,0.0014961599476623537,0.0014961599476623537,118,0.17654687382415774
10-239-01538,BIHAR,Jehanabad,Modanganj,0,0,,199,10,1538,,66522.90037500951,97205276.85869928,0.0014961599476623537,0.0013402432974154708,69,0.09247678752166748
10-239-01539,BIHAR,Jehanabad,Ghoshi,0,0,,199,10,1539,,82931.95174196921,112225161.55433495,0.0014961599476623537,0.0012561377061223408,83,0.10425942960815429
10-239-01540,BIHAR,Jehanabad,Makhdumpur,0,0,,199,10,1540,,128831.72570768485,301471679.33572614,0.0014961599476623537,0.0010288237935346613,217,0.2232547631970215
10-239-01541,BIHAR,Jehanabad,Hulasganj,0,0,,199,10,1541,,87179.53907708311,119677697.18988888,0.0014961599476623537,0.0011065612268269856,90,0.0995905104144287
10-240-01545,BIHAR,Arwal,Sonbhadra Banshi Suryapur,0,0,,611,10,1545,,62692.97791397586,116643000.97724338,0.0012604976107788086,0.0010912698625279622,83,0.09057539858982086
10-240-01546,BIHAR,Arwal,Kurtha,0,0,,611,10,1546,,71585.17106640573,106433073.5354984,0.0012604976107788086,0.0011461638451718062,78,0.08940077992340088
10-224-01334,BIHAR,Bhagalpur,Gopalpur,0,0,,192,10,1334,,95407.9186210158,208941966.91883087,0.0,0.0,153,0.0
10-210-01127,BIHAR,Kishanganj,Kishanganj,0,0,,203,10,1127,,125268.33771117091,207105687.55921903,0.0,0.0,152,0.0
10-206-01064,BIHAR,Sitamarhi,Suppi,0,0,,221,10,1064,,71084.15120823232,92250451.53846286,0.0,0.0,66,0.0
10-234-01463,BIHAR,Rohtas,Nasriganj,0,0,,215,10,1463,,90034.07903274363,167356919.18355417,0.0010028780199050904,0.0009848479386090475,126,0.12409084026474
10-234-01464,BIHAR,Rohtas,Rajpur,0,0,,215,10,1464,,68660.48684625747,85633596.4997788,0.0010028780199050904,0.0010028780199050904,63,0.0631813152540207
10-234-01465,BIHAR,Rohtas,Sanjhauli,0,0,,215,10,1465,,56591.722358052,83833486.39015438,0.0010055207676696778,0.0010050173871430897,63,0.06331609539001465
10-203-01023,BIHAR,Pashchim Champaran,Thakrahan,0,0,,211,10,1023,,79847.09402015881,199004696.79409248,0.0,0.0,145,0.0
10-204-01054,BIHAR,Purbi Champaran,Phenhara,0,0,,213,10,1054,,44565.43736457999,67645025.94776015,0.0,0.0,51,0.0
10-219-01262,BIHAR,Saran,Maker,0,0,,218,10,1262,,62357.8736467211,96585777.9808088,0.0,0.0,71,0.0
10-220-01282,BIHAR,Vaishali,Sahdai Buzurg,0,0,,224,10,1282,,74546.65030748869,114161677.3631406,0.0,0.0,84,0.0
10-229-01388,BIHAR,Nalanda,Tharthari,0,0,,209,10,1388,,71853.42144919158,77411758.12428828,0.0009570101432800292,0.0008473696228875053,54,0.045757959635925285
10-229-01389,BIHAR,Nalanda,Parbalpur,0,0,,209,10,1389,,54466.2339431045,76043839.88376136,0.0009570101432800292,0.0007682158798490252,56,0.04302008927154541
10-203-01022,BIHAR,Pashchim Champaran,Bhitaha,0,0,,211,10,1022,,72626.86760213553,166969906.7472905,0.0,0.0,117,0.0
10-203-01013,BIHAR,Pashchim Champaran,Sidhaw,0,0,,211,10,1013,,195582.3602130639,1085337194.6715722,0.0,0.0,781,0.0
10-203-01014,BIHAR,Pashchim Champaran,Ramnagar,0,0,,211,10,1014,,230865.78384139363,866139404.2451236,0.0,0.0,621,0.0
10-203-01015,BIHAR,Pashchim Champaran,Gaunaha,0,0,,211,10,1015,,136504.94021895694,605322845.3823951,0.0,0.0,441,0.0
10-203-01016,BIHAR,Pashchim Champaran,Mainatanr,0,0,,211,10,1016,,115419.13930249632,312998546.4010918,0.0,0.0,221,0.0
10-203-01017,BIHAR,Pashchim Champaran,Narkatiaganj,0,0,,211,10,1017,,149144.20649331805,441857686.2127825,0.0,0.0,314,0.0
10-203-01018,BIHAR,Pashchim Champaran,Lauriya,0,0,,211,10,1018,,120853.32018665274,255440417.54612216,0.0,0.0,183,0.0
10-203-01019,BIHAR,Pashchim Champaran,Bagaha,0,0,,211,10,1019,,135587.24079810514,491292931.53180623,0.0,0.0,352,0.0
10-203-01021,BIHAR,Pashchim Champaran,Madhubani,0,0,,211,10,1021,,144670.82201821523,386116138.1353823,0.0,0.0,276,0.0
10-203-01024,BIHAR,Pashchim Champaran,Jogapatti,0,0,,211,10,1024,,88530.23644360513,258722436.3759333,0.0,0.0,186,0.0
10-203-01029,BIHAR,Pashchim Champaran,Bairia,0,0,,211,10,1029,,105039.82861382668,288505226.87341565,0.0,0.0,208,0.0
10-203-01025,BIHAR,Pashchim Champaran,Chanpatia,0,0,,211,10,1025,,113543.7602983494,310017349.34780717,0.0,0.0,226,0.0
10-206-01071,BIHAR,Sitamarhi,Parsauni,0,0,,221,10,1071,,63729.135625112256,74724139.64418457,0.0,0.0,55,0.0
10-203-01026,BIHAR,Pashchim Champaran,Sikta,0,0,,211,10,1026,,93443.22825707054,255004178.86147365,0.0,0.0,183,0.0
10-203-01027,BIHAR,Pashchim Champaran,Majhaulia,0,0,,211,10,1027,,123374.4030721297,371511179.15939575,0.0,0.0,265,0.0
10-203-01028,BIHAR,Pashchim Champaran,Bettiah,0,0,,211,10,1028,,53968.26030594324,83182055.35378212,0.0,0.0,59,0.0
10-203-01030,BIHAR,Pashchim Champaran,Nautan,0,0,,211,10,1030,,122656.63983711715,245738630.13883996,0.0,0.0,171,0.0
10-204-01031,BIHAR,Purbi Champaran,Raxaul,0,0,,213,10,1031,,98709.78801801558,166685360.13968688,0.0,0.0,124,0.0
10-206-01072,BIHAR,Sitamarhi,Belsand,0,0,,221,10,1072,,66235.5873217276,97354060.86547032,0.0,0.0,70,0.0
10-206-01073,BIHAR,Sitamarhi,Runisaidpur,0,0,,221,10,1073,,152472.54206325076,334873257.0825382,0.0,0.0,243,0.0
10-204-01032,BIHAR,Purbi Champaran,Adapur,0,0,,213,10,1032,,94532.37688292323,199608924.7111849,0.0,0.0,148,0.0
10-206-01074,BIHAR,Sitamarhi,Dumra,0,0,,221,10,1074,,111649.34177378344,241159212.36062923,0.0,0.0,178,0.0
10-204-01033,BIHAR,Purbi Champaran,Ramgarhwa,0,0,,213,10,1033,,90718.26831189607,213035907.5226096,0.0,0.0,154,0.0
10-204-01034,BIHAR,Purbi Champaran,Sugauli,0,0,,213,10,1034,,84892.41923436844,209336830.19001696,0.0,0.0,149,0.0
10-204-01038,BIHAR,Purbi Champaran,Ghorasahan,0,0,,213,10,1038,,75335.10865687576,144368243.47105,0.0,0.0,104,0.0
10-204-01035,BIHAR,Purbi Champaran,Banjaria,0,0,,213,10,1035,,102381.40449613356,176960195.87167916,0.0,0.0,124,0.0
10-204-01047,BIHAR,Purbi Champaran,Kesaria,0,0,,213,10,1047,,87546.8206889307,229535442.11688668,0.0,0.0,168,0.0
10-204-01036,BIHAR,Purbi Champaran,Narkatia,0,0,,213,10,1036,,105607.09704406632,168338010.30978012,0.0,0.0,120,0.0
10-204-01037,BIHAR,Purbi Champaran,Bankatwa,0,0,,213,10,1037,,99233.37216886049,115311013.90225838,0.0,0.0,82,0.0
10-204-01039,BIHAR,Purbi Champaran,Dhaka,0,0,,213,10,1039,,97673.73467814895,202386545.86227983,0.0,0.0,145,0.0
10-204-01048,BIHAR,Purbi Champaran,Kalyanpur,0,0,,213,10,1048,,109413.20044555076,313300912.50613195,0.0,0.0,230,0.0
10-204-01040,BIHAR,Purbi Champaran,Chiraia,0,0,,213,10,1040,,110764.71696779084,272984575.32652414,0.0,0.0,199,0.0
10-204-01041,BIHAR,Purbi Champaran,Motihari,0,0,,213,10,1041,,181544.26702654368,319814691.13850176,0.0,0.0,241,0.0
10-204-01049,BIHAR,Purbi Champaran,Kotwa,0,0,,213,10,1049,,78879.98205471091,178282937.71225017,0.0,0.0,126,0.0
10-204-01042,BIHAR,Purbi Champaran,Turkaulia,0,0,,213,10,1042,,99475.78497366334,174748315.94966665,0.0,0.0,130,0.0
10-204-01050,BIHAR,Purbi Champaran,Piprakothi,0,0,,213,10,1050,,58369.33889310607,62223774.49301849,0.0,0.0,45,0.0
10-204-01043,BIHAR,Purbi Champaran,Harsidhi,0,0,,213,10,1043,,133904.34238337883,240218359.62130272,0.0,0.0,173,0.0
10-204-01044,BIHAR,Purbi Champaran,Paharpur,0,0,,213,10,1044,,108730.62076802726,192061375.0173064,0.0,0.0,144,0.0
10-204-01045,BIHAR,Purbi Champaran,Areraj,0,0,,213,10,1045,,93331.67353690567,242725576.26244012,0.0,0.0,174,0.0
10-204-01046,BIHAR,Purbi Champaran,Sangrampur,0,0,,213,10,1046,,78133.67961210197,187659878.02718252,0.0,0.0,133,0.0
10-204-01051,BIHAR,Purbi Champaran,Chakia(Pipra),0,0,,213,10,1051,,129110.66914194856,212940547.80779588,0.0,0.0,145,0.0
10-204-01052,BIHAR,Purbi Champaran,Pakri Dayal,0,0,,213,10,1052,,90143.40730437863,148110040.62869397,0.0,0.0,106,0.0
10-204-01053,BIHAR,Purbi Champaran,Patahi,0,0,,213,10,1053,,85994.51677214028,144960443.14880535,0.0,0.0,100,0.0
10-204-01055,BIHAR,Purbi Champaran,Madhuban,0,0,,213,10,1055,,112681.00006095257,152424272.44650427,0.0,0.0,114,0.0
10-204-01056,BIHAR,Purbi Champaran,Tetaria,0,0,,213,10,1056,,82320.72754353678,104458405.63845472,0.0,0.0,74,0.0
10-205-01058,BIHAR,Sheohar,Purnahiya,0,0,,220,10,1058,,57294.126150412616,80859097.14068061,0.0,0.0,59,0.0
10-204-01057,BIHAR,Purbi Champaran,Mehsi,0,0,,213,10,1057,,125063.78039343117,149773808.08158112,0.0,0.0,108,0.0
10-205-01059,BIHAR,Sheohar,Piprarhi,0,0,,220,10,1059,,105870.45511307275,104265216.9562483,0.0,0.0,77,0.0
10-205-01060,BIHAR,Sheohar,Sheohar,0,0,,220,10,1060,,81007.5322908237,115638983.35873616,0.0,0.0,83,0.0
10-205-01061,BIHAR,Sheohar,Dumri Katsari,0,0,,220,10,1061,,65038.65439014734,84655470.24819931,0.0,0.0,59,0.0
10-205-01062,BIHAR,Sheohar,Tariani Chowk,0,0,,220,10,1062,,97491.22869259815,171878914.60720828,0.0,0.0,126,0.0
10-206-01063,BIHAR,Sitamarhi,Bairgania,0,0,,221,10,1063,,59598.621146511534,94417571.99630062,0.0,0.0,70,0.0
10-206-01065,BIHAR,Sitamarhi,Majorganj,0,0,,221,10,1065,,62808.55729710282,95411217.42446172,0.0,0.0,68,0.0
10-206-01066,BIHAR,Sitamarhi,Sonbarsa,0,0,,221,10,1066,,92820.94699371175,224104085.6083578,0.0,0.0,155,0.0
10-206-01067,BIHAR,Sitamarhi,Parihar,0,0,,221,10,1067,,86838.20299610356,272812569.4060281,0.0,0.0,197,0.0
10-207-01095,BIHAR,Madhubani,Rajnagar,0,0,,206,10,1095,,78809.12744912357,223111125.2667772,0.0,0.0,158,0.0
10-206-01068,BIHAR,Sitamarhi,Sursand,0,0,,221,10,1068,,91215.71647520129,181412871.1123928,0.0,0.0,134,0.0
10-206-01069,BIHAR,Sitamarhi,Bathnaha,0,0,,221,10,1069,,120764.04051803834,251403523.12922087,0.0,0.0,185,0.0
10-206-01070,BIHAR,Sitamarhi,Riga,0,0,,221,10,1070,,129433.73210860479,163724219.02092636,0.0,0.0,114,0.0
10-210-01123,BIHAR,Kishanganj,Thakurganj,0,0,,203,10,1123,,224971.2940646554,491161543.46963537,0.0,0.0,353,0.0
10-210-01124,BIHAR,Kishanganj,Pothia,0,0,,203,10,1124,,167388.9118766352,443844792.4531903,0.0,0.0,321,0.0
10-210-01125,BIHAR,Kishanganj,Bahadurganj,0,0,,203,10,1125,,155296.13881782343,347494200.8377232,0.0,0.0,251,0.0
10-210-01126,BIHAR,Kishanganj,Kochadhamin,0,0,,203,10,1126,,139640.52665725534,360840233.8364798,0.0,0.0,258,0.0
10-211-01128,BIHAR,Purnia,Banmankhi,0,0,,214,10,1128,,142815.61519736593,459936087.34673214,0.0,0.0,333,0.0
10-206-01075,BIHAR,Sitamarhi,Bajpatti,0,0,,221,10,1075,,90407.29439213518,174303329.1783474,0.0,0.0,125,0.0
10-206-01076,BIHAR,Sitamarhi,Charaut,0,0,,221,10,1076,,85128.15752493152,91349700.81924292,0.0,0.0,62,0.0
10-206-01077,BIHAR,Sitamarhi,Pupri,0,0,,221,10,1077,,73992.24203369493,115338203.66308306,0.0,0.0,82,0.0
10-206-01078,BIHAR,Sitamarhi,Nanpur,0,0,,221,10,1078,,73315.01223618646,135892566.9983101,0.0,0.0,100,0.0
10-220-01283,BIHAR,Vaishali,Mahnar,0,0,,224,10,1283,,81638.1139853176,126474580.44313861,0.0,0.0,89,0.0
10-206-01079,BIHAR,Sitamarhi,Bokhara,0,0,,221,10,1079,,81978.13188098712,108574895.39827529,0.0,0.0,79,0.0
10-207-01080,BIHAR,Madhubani,Madhwapur,0,0,,206,10,1080,,88808.76172423853,137557654.90878707,0.0,0.0,103,0.0
10-207-01081,BIHAR,Madhubani,Harlakhi,0,0,,206,10,1081,,90217.76640094945,187441757.00046396,0.0,0.0,138,0.0
10-207-01082,BIHAR,Madhubani,Basopatti,0,0,,206,10,1082,,97634.90682970545,164238774.4639331,0.0,0.0,122,0.0
10-207-01089,BIHAR,Madhubani,Khajauli,0,0,,206,10,1089,,91171.28062794723,150968724.81279027,0.0,0.0,108,0.0
10-207-01083,BIHAR,Madhubani,Jainagar,0,0,,206,10,1083,,81489.61423509955,161880108.8306139,0.0,0.0,115,0.0
10-207-01090,BIHAR,Madhubani,Kaluahi,0,0,,206,10,1090,,62305.281593423286,101560283.08963235,0.0,0.0,75,0.0
10-207-01084,BIHAR,Madhubani,Ladania,0,0,,206,10,1084,,97928.14946240213,232665607.5684243,0.0,0.0,164,0.0
10-207-01085,BIHAR,Madhubani,Laukaha,0,0,,206,10,1085,,102032.19667129294,266340932.00179368,0.0,0.0,197,0.0
10-207-01086,BIHAR,Madhubani,Laukahi,0,0,,206,10,1086,,109679.24973352649,329223432.564553,0.0,0.0,237,0.0
10-207-01087,BIHAR,Madhubani,Phulparas,0,0,,206,10,1087,,117974.41186319289,199352334.8677591,0.0,0.0,140,0.0
10-207-01088,BIHAR,Madhubani,Babubarhi,0,0,,206,10,1088,,118996.04641992833,237192379.86086744,0.0,0.0,174,0.0
10-207-01091,BIHAR,Madhubani,Benipatti,0,0,,206,10,1091,,128414.2409747215,328987645.9449377,0.0,0.0,231,0.0
10-207-01092,BIHAR,Madhubani,Bisfi,0,0,,206,10,1092,,99754.46134559005,226192948.413646,0.0,0.0,165,0.0
10-207-01093,BIHAR,Madhubani,Madhubani,0,0,,206,10,1093,,109764.71764889831,200359220.56727448,0.0,0.0,142,0.0
10-207-01094,BIHAR,Madhubani,Pandaul,0,0,,206,10,1094,,102372.75527307783,208327489.63825428,0.0,0.0,148,0.0
10-207-01096,BIHAR,Madhubani,Andhratharhi,0,0,,206,10,1096,,97300.5167595078,186769445.10608673,0.0,0.0,134,0.0
10-207-01097,BIHAR,Madhubani,Jhanjharpur,0,0,,206,10,1097,,125261.96837896874,181284371.95402232,0.0,0.0,132,0.0
10-207-01098,BIHAR,Madhubani,Ghoghardiha,0,0,,206,10,1098,,114215.40677637524,211228851.4219488,0.0,0.0,159,0.0
10-207-01099,BIHAR,Madhubani,Lakhnaur,0,0,,206,10,1099,,72956.74167609161,146945623.14022,0.0,0.0,110,0.0
10-207-01100,BIHAR,Madhubani,Madhepur,0,0,,206,10,1100,,144505.38034518834,300452948.5687113,0.0,0.0,212,0.0
10-208-01101,BIHAR,Supaul,Nirmali,0,0,,223,10,1101,,123310.21889922836,162734364.67066902,0.0,0.0,118,0.0
10-208-01102,BIHAR,Supaul,Basantpur,0,0,,223,10,1102,,136288.63693043106,319456339.75100917,0.0,0.0,228,0.0
10-208-01103,BIHAR,Supaul,Chhatapur,0,0,,223,10,1103,,142271.17176584958,398825687.2446475,0.0,0.0,285,0.0
10-208-01104,BIHAR,Supaul,Pratapganj,0,0,,223,10,1104,,71155.69013184242,133032565.19323792,0.0,0.0,97,0.0
10-208-01105,BIHAR,Supaul,Raghopur,0,0,,223,10,1105,,111831.20983491397,255841046.48838165,0.0,0.0,187,0.0
10-221-01285,BIHAR,Samastipur,Warisnagar,0,0,,217,10,1285,,90241.30323013186,163846086.5162723,0.0,0.0,120,0.0
10-208-01106,BIHAR,Supaul,Saraigarh Bhaptiyahi,0,0,,223,10,1106,,105489.5116383213,257042943.27229512,0.0,0.0,189,0.0
10-208-01107,BIHAR,Supaul,Kishanpur,0,0,,223,10,1107,,125516.73810076228,248613546.3002807,0.0,0.0,177,0.0
10-208-01108,BIHAR,Supaul,Marauna,0,0,,223,10,1108,,114969.59778192453,206419565.01179272,0.0,0.0,149,0.0
10-208-01109,BIHAR,Supaul,Supaul,0,0,,223,10,1109,,122628.008173687,390920691.5720901,0.0,0.0,287,0.0
10-208-01110,BIHAR,Supaul,Pipra,0,0,,223,10,1110,,113516.78657800167,247320462.25611627,0.0,0.0,181,0.0
10-221-01287,BIHAR,Samastipur,Khanpur,0,0,,217,10,1287,,89337.20668890505,173313349.37261373,0.0,0.0,127,0.0
10-208-01111,BIHAR,Supaul,Tribeniganj,0,0,,223,10,1111,,136684.8917573132,402291551.99740016,0.0,0.0,290,0.0
10-209-01112,BIHAR,Araria,Narpatganj,0,0,,188,10,1112,,196352.82868709194,482872068.7863751,0.0,0.0,351,0.0
10-209-01113,BIHAR,Araria,Forbesganj,0,0,,188,10,1113,,165874.55860340688,546946456.996027,0.0,0.0,392,0.0
10-209-01114,BIHAR,Araria,Bhargama,0,0,,188,10,1114,,140909.75235341018,280499778.1128878,0.0,0.0,206,0.0
10-209-01115,BIHAR,Araria,Raniganj,0,0,,188,10,1115,,160625.61646677545,576910744.770993,0.0,0.0,418,0.0
10-209-01116,BIHAR,Araria,Araria,0,0,,188,10,1116,,192057.15187743204,506918787.2643526,0.0,0.0,371,0.0
10-209-01117,BIHAR,Araria,Kursakatta,0,0,,188,10,1117,,96566.38525637137,201032230.408231,0.0,0.0,147,0.0
10-209-01118,BIHAR,Araria,Sikti,0,0,,188,10,1118,,116798.35346995249,237753016.2819182,0.0,0.0,177,0.0
10-209-01119,BIHAR,Araria,Palasi,0,0,,188,10,1119,,132578.70192307016,306240761.34804773,0.0,0.0,222,0.0
10-209-01120,BIHAR,Araria,Jokihat,0,0,,188,10,1120,,155370.9524619173,341005127.7602247,0.0,0.0,246,0.0
10-210-01121,BIHAR,Kishanganj,Terhagachh,0,0,,203,10,1121,,121953.02658094271,245208326.38245347,0.0,0.0,175,0.0
10-210-01122,BIHAR,Kishanganj,Dighalbank,0,0,,203,10,1122,,147432.83262190674,314385668.4331173,0.0,0.0,224,0.0
10-211-01129,BIHAR,Purnia,Barhara,0,0,,214,10,1129,,111073.17449432175,288009141.38478667,0.0,0.0,212,0.0
10-211-01130,BIHAR,Purnia,Bhawanipur,0,0,,214,10,1130,,116656.34435182877,201938838.4795833,0.0,0.0,147,0.0
10-211-01131,BIHAR,Purnia,Rupauli,0,0,,214,10,1131,,113946.660566684,308195114.8462847,0.0,0.0,227,0.0
10-211-01132,BIHAR,Purnia,Dhamdaha,0,0,,214,10,1132,,135370.01293426772,446856166.039676,0.0,0.0,326,0.0
10-211-01133,BIHAR,Purnia,Krityanand Nagar,0,0,,214,10,1133,,149407.41850079046,364443041.21247435,0.0,0.0,274,0.0
10-211-01134,BIHAR,Purnia,Purnia East,0,0,,214,10,1134,,127662.13358515713,309272824.56310594,0.0,0.0,228,0.0
10-211-01135,BIHAR,Purnia,Kasba,0,0,,214,10,1135,,130095.64608516233,215123054.3424731,0.0,0.0,154,0.0
10-211-01136,BIHAR,Purnia,Srinagar,0,0,,214,10,1136,,106220.57404900706,172405807.6412187,0.0,0.0,122,0.0
10-211-01137,BIHAR,Purnia,Jalalgarh,0,0,,214,10,1137,,87146.39992638786,142107808.6772385,0.0,0.0,102,0.0
10-211-01138,BIHAR,Purnia,Amour,0,0,,214,10,1138,,141371.93624621196,307011870.96961224,0.0,0.0,225,0.0
10-211-01139,BIHAR,Purnia,Baisa,0,0,,214,10,1139,,132173.35304950457,275191667.549805,0.0,0.0,197,0.0
10-211-01140,BIHAR,Purnia,Baisi,0,0,,214,10,1140,,118169.54825440844,253873549.02719215,0.0,0.0,187,0.0
10-211-01141,BIHAR,Purnia,Dagarua,0,0,,214,10,1141,,129309.28146976323,257465778.6329552,0.0,0.0,180,0.0
10-212-01142,BIHAR,Katihar,Falka,0,0,,201,10,1142,,100518.70580952488,208374539.8829749,0.0,0.0,150,0.0
10-212-01143,BIHAR,Katihar,Korha,0,0,,201,10,1143,,137118.64195203967,368801327.90483874,0.0,0.0,273,0.0
10-212-01144,BIHAR,Katihar,Hasanganj,0,0,,201,10,1144,,78227.29832785497,86155111.41022065,0.0,0.0,62,0.0
10-212-01145,BIHAR,Katihar,Kadwa,0,0,,201,10,1145,,157692.68144088247,420129854.10490626,0.0,0.0,307,0.0
10-212-01146,BIHAR,Katihar,Balrampur,0,0,,201,10,1146,,141815.18317465586,216253207.31133217,0.0,0.0,151,0.0
10-212-01147,BIHAR,Katihar,Barsoi,0,0,,201,10,1147,,172308.8160052511,357713388.6445612,0.0,0.0,261,0.0
10-212-01148,BIHAR,Katihar,Azamnagar,0,0,,201,10,1148,,141791.77759222616,349759708.1212404,0.0,0.0,253,0.0
10-221-01290,BIHAR,Samastipur,Tajpur,0,0,,217,10,1290,,57166.77792153786,83856612.1105223,0.0,0.0,61,0.0
10-212-01149,BIHAR,Katihar,Pranpur,0,0,,201,10,1149,,111803.70370561493,191475637.62126103,0.0,0.0,141,0.0
10-212-01150,BIHAR,Katihar,Dandkhora,0,0,,201,10,1150,,70987.07501110679,111201189.06340708,0.0,0.0,81,0.0
10-212-01151,BIHAR,Katihar,Katihar,0,0,,201,10,1151,,76845.81968857624,136830037.77828172,0.0,0.0,100,0.0
10-212-01152,BIHAR,Katihar,Mansahi,0,0,,201,10,1152,,73279.06289841712,97405011.1871763,0.0,0.0,73,0.0
10-212-01155,BIHAR,Katihar,Kursela,0,0,,201,10,1155,,80348.39413748268,153683091.52761996,0.0,0.0,117,0.0
10-212-01153,BIHAR,Katihar,Barari,0,0,,201,10,1153,,107333.93297446336,407446973.1478653,0.0,0.0,292,0.0
10-212-01154,BIHAR,Katihar,Sameli,0,0,,201,10,1154,,75105.36277909,118027198.2496544,0.0,0.0,81,0.0
10-212-01156,BIHAR,Katihar,Manihari,0,0,,201,10,1156,,130162.81635074862,303859830.4099729,0.0,0.0,221,0.0
10-212-01157,BIHAR,Katihar,Amdabad,0,0,,201,10,1157,,103742.71814675455,228302986.79665467,0.0,0.0,164,0.0
10-213-01158,BIHAR,Madhepura,Gamharia,0,0,,205,10,1158,,80141.00377515821,125479849.27382244,0.0,0.0,89,0.0
10-213-01160,BIHAR,Madhepura,Ghailarh,0,0,,205,10,1160,,78865.70647224285,116219722.2388165,0.0,0.0,83,0.0
10-213-01159,BIHAR,Madhepura,Singheshwar,0,0,,205,10,1159,,111627.30849980874,111167268.35246354,0.0,0.0,78,0.0
10-216-01210,BIHAR,Muzaffarpur,Bandra,0,0,,208,10,1210,,74293.85759884378,142020443.31484023,0.0,0.0,103,0.0
10-213-01161,BIHAR,Madhepura,Madhepura,0,0,,205,10,1161,,115084.47931226583,237801277.85767865,0.0,0.0,175,0.0
10-213-01162,BIHAR,Madhepura,Shankarpur,0,0,,205,10,1162,,63984.56408470212,128790837.874554,0.0,0.0,94,0.0
10-213-01163,BIHAR,Madhepura,Kumarkhand,0,0,,205,10,1163,,118191.24796123093,316976886.68211347,0.0,0.0,230,0.0
10-213-01164,BIHAR,Madhepura,Murliganj,0,0,,205,10,1164,,94211.11378994165,247086114.21145928,0.0,0.0,179,0.0
10-221-01293,BIHAR,Samastipur,Mohanpur,0,0,,217,10,1293,,74468.46489139357,163000016.77407515,0.0,0.0,120,0.0
10-213-01165,BIHAR,Madhepura,Gwalpara,0,0,,205,10,1165,,78037.2495556277,147267353.58482873,0.0,0.0,109,0.0
10-214-01172,BIHAR,Saharsa,Satar Kataiya,0,0,,216,10,1172,,77878.75925155886,177382280.64763528,0.0,0.0,130,0.0
10-213-01166,BIHAR,Madhepura,Bihariganj,0,0,,205,10,1166,,79669.40805645821,133818744.70956944,0.0,0.0,98,0.0
10-216-01211,BIHAR,Muzaffarpur,Dholi (Moraul),0,0,,208,10,1211,,63030.361633940505,73298422.6275262,0.0,0.0,50,0.0
10-213-01167,BIHAR,Madhepura,Kishanganj,0,0,,205,10,1167,,99817.47531025465,188055937.5971522,0.0,0.0,133,0.0
10-216-01212,BIHAR,Muzaffarpur,Musahri,0,0,,208,10,1212,,211487.75457487197,365415439.5943066,0.0,0.0,267,0.0
10-213-01168,BIHAR,Madhepura,Puraini,0,0,,205,10,1168,,63416.842365887525,103114850.3546553,0.0,0.0,76,0.0
10-214-01174,BIHAR,Saharsa,Kahara,0,0,,216,10,1174,,81070.16203244023,176788302.3737116,0.0,0.0,128,0.0
10-213-01169,BIHAR,Madhepura,Alamnagar,0,0,,205,10,1169,,94357.42058114092,211989804.11375904,0.0,0.0,151,0.0
10-213-01170,BIHAR,Madhepura,Chausa,0,0,,205,10,1170,,87285.75133964,172516848.53860697,0.0,0.0,124,0.0
10-214-01171,BIHAR,Saharsa,Nauhatta,0,0,,216,10,1171,,93228.84620468391,212763144.21707585,0.0,0.0,151,0.0
10-217-01227,BIHAR,Gopalganj,Sidhwalia,0,0,,197,10,1227,,69457.48217743407,152022198.31601515,0.0,0.0,109,0.0
10-214-01173,BIHAR,Saharsa,Mahishi,0,0,,216,10,1173,,106372.46434789852,273075178.2794974,0.0,0.0,195,0.0
10-214-01175,BIHAR,Saharsa,Saur Bazar,0,0,,216,10,1175,,88121.22998090234,233228921.9025612,0.0,0.0,171,0.0
10-214-01176,BIHAR,Saharsa,Patarghat,0,0,,216,10,1176,,67497.21582029684,149681422.04156074,0.0,0.0,105,0.0
10-214-01177,BIHAR,Saharsa,Sonbarsa,0,0,,216,10,1177,,90185.02153799882,263952116.041209,0.0,0.0,193,0.0
10-216-01199,BIHAR,Muzaffarpur,Sahebganj,0,0,,208,10,1199,,80060.99972290538,253055918.70266867,0.0,0.0,189,0.0
10-214-01178,BIHAR,Saharsa,Simri Bakhtiarpur,0,0,,216,10,1178,,119116.35548129058,266466354.66217396,0.0,0.0,194,0.0
10-214-01179,BIHAR,Saharsa,Salkhua,0,0,,216,10,1179,,82412.26684571667,221182533.93573853,0.0,0.0,163,0.0
10-214-01180,BIHAR,Saharsa,Banma Itahri,0,0,,216,10,1180,,54286.501575749484,92822449.4552088,0.0,0.0,68,0.0
10-215-01181,BIHAR,Darbhanga,Jale,0,0,,195,10,1181,,112473.57051363293,234172285.01568127,0.0,0.0,171,0.0
10-215-01182,BIHAR,Darbhanga,Singhwara,0,0,,195,10,1182,,121368.62688362494,223279889.67870736,0.0,0.0,162,0.0
10-215-01183,BIHAR,Darbhanga,Keotiranway,0,0,,195,10,1183,,89515.08566239705,180205403.4644349,0.0,0.0,131,0.0
10-215-01184,BIHAR,Darbhanga,Darbhanga,0,0,,195,10,1184,,131883.04966973627,240721362.1475316,0.0,0.0,174,0.0
10-215-01185,BIHAR,Darbhanga,Manigachhi,0,0,,195,10,1185,,96856.01003306538,158887287.31255177,0.0,0.0,114,0.0
10-215-01186,BIHAR,Darbhanga,Tardih,0,0,,195,10,1186,,96398.42232606321,109520018.96976715,0.0,0.0,79,0.0
10-215-01187,BIHAR,Darbhanga,Alinagar,0,0,,195,10,1187,,105560.56246873255,146523357.5416611,0.0,0.0,105,0.0
10-215-01188,BIHAR,Darbhanga,Benipur,0,0,,195,10,1188,,118482.30854716274,204643530.87647069,0.0,0.0,150,0.0
10-215-01189,BIHAR,Darbhanga,Bahadurpur,0,0,,195,10,1189,,155637.00049509996,221161760.4253616,0.0,0.0,158,0.0
10-215-01190,BIHAR,Darbhanga,Hanumannagar,0,0,,195,10,1190,,114393.83215098479,181536916.32106537,0.0,0.0,130,0.0
10-215-01191,BIHAR,Darbhanga,Hayaghat,0,0,,195,10,1191,,66118.49929402806,108810529.75916524,0.0,0.0,77,0.0
10-215-01192,BIHAR,Darbhanga,Baheri,0,0,,195,10,1192,,128629.1579498372,271307286.95794886,0.0,0.0,195,0.0
10-215-01193,BIHAR,Darbhanga,Biraul,0,0,,195,10,1193,,135706.32971678255,230203939.26841983,0.0,0.0,167,0.0
10-215-01194,BIHAR,Darbhanga,Ghanshyampur,0,0,,195,10,1194,,76766.91373126305,103945643.9979024,0.0,0.0,78,0.0
10-215-01195,BIHAR,Darbhanga,Kiratpur,0,0,,195,10,1195,,78793.19278562842,78915927.53877336,0.0,0.0,60,0.0
10-215-01196,BIHAR,Darbhanga,Gora Bauram,0,0,,195,10,1196,,99804.03366816713,145653476.81698695,0.0,0.0,104,0.0
10-215-01197,BIHAR,Darbhanga,Kusheshwar Asthan,0,0,,195,10,1197,,87220.16498537568,144130520.9401011,0.0,0.0,107,0.0
10-215-01198,BIHAR,Darbhanga,Kusheshwar Asthan Purbi,0,0,,195,10,1198,,91858.86035222423,150084285.43545517,0.0,0.0,112,0.0
10-216-01200,BIHAR,Muzaffarpur,Baruraj (Motipur),0,0,,208,10,1200,,125110.13599018812,365259305.4740948,0.0,0.0,263,0.0
10-216-01201,BIHAR,Muzaffarpur,Paroo,0,0,,208,10,1201,,136934.87791145188,413033977.3448192,0.0,0.0,295,0.0
10-216-01202,BIHAR,Muzaffarpur,Saraiya,0,0,,208,10,1202,,155820.80051537574,301402655.1404849,0.0,0.0,218,0.0
10-216-01203,BIHAR,Muzaffarpur,Marwan,0,0,,208,10,1203,,84959.92762229654,138736310.53842777,0.0,0.0,101,0.0
10-216-01204,BIHAR,Muzaffarpur,Kanti,0,0,,208,10,1204,,97122.90469976026,124757584.36625764,0.0,0.0,91,0.0
10-216-01205,BIHAR,Muzaffarpur,Minapur,0,0,,208,10,1205,,166218.11946715685,316124209.98756105,0.0,0.0,228,0.0
10-216-01206,BIHAR,Muzaffarpur,Bochaha,0,0,,208,10,1206,,126044.68100944142,233148755.94160384,0.0,0.0,167,0.0
10-216-01207,BIHAR,Muzaffarpur,Aurai,0,0,,208,10,1207,,101267.16719990574,247748190.77792475,0.0,0.0,177,0.0
10-216-01208,BIHAR,Muzaffarpur,Katra,0,0,,208,10,1208,,118891.9342746819,235108975.17115793,0.0,0.0,171,0.0
10-216-01209,BIHAR,Muzaffarpur,Gaighat,0,0,,208,10,1209,,111008.49869520529,259762671.68662548,0.0,0.0,191,0.0
10-216-01213,BIHAR,Muzaffarpur,Kurhani,0,0,,208,10,1213,,108106.10574110712,256354911.2077163,0.0,0.0,187,0.0
10-216-01214,BIHAR,Muzaffarpur,Sakra,0,0,,208,10,1214,,105121.4777371614,236360031.18726787,0.0,0.0,175,0.0
10-217-01215,BIHAR,Gopalganj,Katiya,0,0,,197,10,1215,,94755.55253264701,158441587.458013,0.00043201427749633796,0.00033943978946140844,112,0.03801725641967774
10-217-01216,BIHAR,Gopalganj,Bijaipur,0,0,,197,10,1216,,81309.59717969262,163112176.36717936,0.00043201427749633796,0.00043201427749633796,120,0.051841713299560555
10-217-01217,BIHAR,Gopalganj,Bhorey,0,0,,197,10,1217,,78790.65552761848,196013266.46535653,0.00043201427749633796,0.00022500743619600935,144,0.03240107081222535
10-217-01218,BIHAR,Gopalganj,Pach Deuri,0,0,,197,10,1218,,53698.212932643866,118295317.11973979,0.0,0.0,85,0.0
10-217-01219,BIHAR,Gopalganj,Kuchaikote,0,0,,197,10,1219,,101077.28158428885,316078491.04748106,0.0,0.0,226,0.0
10-217-01220,BIHAR,Gopalganj,Phulwaria,0,0,,197,10,1220,,81339.22200232239,118763292.85091434,0.0,0.0,89,0.0
10-217-01221,BIHAR,Gopalganj,Hathua,0,0,,197,10,1221,,91546.96202775641,183613061.83342972,0.0005861554221343995,0.00038769335007314613,127,0.04923705545928956
10-217-01222,BIHAR,Gopalganj,Uchkagaon,0,0,,197,10,1222,,80102.93001981139,142235093.67043933,0.0005861554221343995,3.870837693340374e-05,106,0.004103087954940797
10-217-01223,BIHAR,Gopalganj,Thawe,0,0,,197,10,1223,,57244.55575246375,89300191.60424533,0.0005861554221343995,9.158678470849992e-06,64,0.0005861554221343995
10-217-01224,BIHAR,Gopalganj,Gopalganj,0,0,,197,10,1224,,110313.13172782106,244420793.60160467,0.0,0.0,182,0.0
10-218-01232,BIHAR,Siwan,Goriakothi,0,0,,222,10,1232,,73201.39147651673,174963939.23516312,0.0,0.0,127,0.0
10-217-01225,BIHAR,Gopalganj,Manjha,0,0,,197,10,1225,,80242.78538873792,179389027.9828925,0.0,0.0,131,0.0
10-217-01226,BIHAR,Gopalganj,Barauli,0,0,,197,10,1226,,105754.79057670098,232227972.12586737,0.0,0.0,170,0.0
10-217-01228,BIHAR,Gopalganj,Baikunthpur,0,0,,197,10,1228,,97825.58906166903,256614409.24172768,0.0,0.0,185,0.0
10-218-01229,BIHAR,Siwan,Nautan,0,0,,222,10,1229,,58324.35348563096,81827813.66620097,0.0005861554221343995,0.0005861554221343995,58,0.03399701448379517
10-218-01230,BIHAR,Siwan,Siwan,0,0,,222,10,1230,,92599.06904644772,168879532.28230655,0.0005861554221343995,0.0005364812338179249,118,0.06330478559051514
10-218-01235,BIHAR,Siwan,Bhagwanpur Hat,0,0,,222,10,1235,,86430.4184146014,189582799.91524476,0.0005231984397506714,8.34084469167737e-05,138,0.01151036567451477
10-218-01231,BIHAR,Siwan,Barharia,0,0,,222,10,1231,,90315.6629531122,219606934.01516393,0.0005861554221343995,1.099041416501999e-05,160,0.0017584662664031983
10-218-01233,BIHAR,Siwan,Lakri Nabiganj,0,0,,222,10,1233,,79648.98713303795,120773104.6039552,0.0,0.0,88,0.0
10-218-01234,BIHAR,Siwan,Basantpur,0,0,,222,10,1234,,57871.378293950496,76675463.02480637,0.0,0.0,56,0.0
10-218-01236,BIHAR,Siwan,Maharajganj,0,0,,222,10,1236,,119387.58843212528,142817377.5161484,0.0005231984397506714,0.0001981042635949144,103,0.020404739150276182
10-218-01237,BIHAR,Siwan,Pachrukhi,0,0,,222,10,1237,,99183.2392802834,160709761.40986398,0.0005861554221343995,2.5049377014290576e-05,117,0.0029307771106719975
10-218-01238,BIHAR,Siwan,Hussainganj,0,0,,222,10,1238,,68784.84800107122,105975934.30464326,0.0005861554221343995,0.0005190058540076179,74,0.03840643319656373
10-218-01239,BIHAR,Siwan,Ziradei,0,0,,222,10,1239,,98825.50869312549,152221780.48504183,0.0005861554221343995,0.0005855251864039791,111,0.06499329569084168
10-218-01240,BIHAR,Siwan,Mairwa,0,0,,222,10,1240,,65279.2242200428,88898123.37504825,0.0006142056127929688,0.0005874304308006981,66,0.03877040843284607
10-218-01242,BIHAR,Siwan,Darauli,0,0,,222,10,1242,,90305.00161970501,214758375.6239279,0.0012168519074249268,0.000653931319074077,155,0.10135935445648193
10-218-01241,BIHAR,Siwan,Guthani,0,0,,222,10,1241,,78778.78773845347,115110806.99004474,0.0006142056127929688,0.0006121531598179515,82,0.05019655910507202
10-219-01248,BIHAR,Saran,Mashrakh,0,0,,218,10,1248,,82075.7710341599,165898243.02109933,0.0,0.0,121,0.0
10-218-01243,BIHAR,Siwan,Andar,0,0,,222,10,1243,,83358.60866933218,125625010.62434034,0.0005861554221343995,0.0005242401946872405,87,0.045608896937789925
10-219-01249,BIHAR,Saran,Panapur,0,0,,218,10,1249,,75875.09329534958,182360909.7404776,0.0,0.0,128,0.0
10-218-01244,BIHAR,Siwan,Raghunathpur,0,0,,222,10,1244,,87824.68008836384,193566358.3438411,0.0005161992560577393,0.0005161992560577393,143,0.07381649361625672
10-219-01250,BIHAR,Saran,Taraiya,0,0,,218,10,1250,,53629.0613522338,97307015.09151264,0.0,0.0,74,0.0
10-218-01245,BIHAR,Siwan,Hasanpura,0,0,,222,10,1245,,82786.09108287447,121956119.03175904,0.0005231984397506714,0.0005081942250823975,87,0.044212897582168585
10-219-01251,BIHAR,Saran,Ishupur,0,0,,218,10,1251,,62425.60798229613,109300191.56908256,0.0,0.0,76,0.0
10-218-01246,BIHAR,Siwan,Daraundha,0,0,,222,10,1246,,105400.53795370483,157911066.26165873,0.0005231984397506714,0.00045495516500058383,115,0.05231984397506714
10-219-01256,BIHAR,Saran,Jalalpur,0,0,,218,10,1256,,65042.73641147566,147549697.72689733,0.0006776675216674806,0.00026502573793915087,106,0.028092728221549994
10-218-01247,BIHAR,Siwan,Siswan,0,0,,222,10,1247,,98184.39847010886,155554872.77293277,0.0005231984397506714,0.0005211176013554754,111,0.057844053750457765
10-219-01259,BIHAR,Saran,Nagra,0,0,,218,10,1259,,43289.948409307304,65110006.46242106,0.0006776675216674806,0.0002883691581563746,47,0.013553350433349608
10-219-01252,BIHAR,Saran,Baniapur,0,0,,218,10,1252,,89199.8841803021,219417775.87250236,0.0005231984397506714,1.28392255153539e-05,163,0.0020927937590026857
10-219-01253,BIHAR,Saran,Lahladpur,0,0,,218,10,1253,,49287.19248841685,70233795.44130237,0.0005231984397506714,0.00028252715746536255,50,0.014126357873268129
10-219-01254,BIHAR,Saran,Ekma,0,0,,218,10,1254,,99716.17236158185,176114988.01319405,0.0005231984397506714,0.0005231984397506715,128,0.06696940028808596
10-219-01255,BIHAR,Saran,Manjhi,0,0,,218,10,1255,,127085.43562979231,244607530.98349065,0.0006172979970169068,0.0005412027944778866,180,0.09741650300601959
10-219-01257,BIHAR,Saran,Revelganj,0,0,,218,10,1257,,84877.1419542779,179359801.45379385,0.0006776675216674806,0.0006728379596954348,125,0.08410474496192935
10-219-01258,BIHAR,Saran,Chapra,0,0,,218,10,1258,,119729.94798472138,239470568.44351175,0.0006776675216674806,0.0006353133015632632,176,0.11181514107513431
10-219-01260,BIHAR,Saran,Marhaura,0,0,,218,10,1260,,87240.95030017926,190752130.05196184,0.0006776675216674806,1.9785913041386293e-05,137,0.002710670086669922
10-219-01261,BIHAR,Saran,Amnour,0,0,,218,10,1261,,94922.90618840617,160109081.4065653,0.0006776675216674806,1.1485890197753908e-05,118,0.001355335043334961
10-219-01263,BIHAR,Saran,Parsa,0,0,,218,10,1263,,85595.91054800974,122749042.93573296,0.0,0.0,88,0.0
10-219-01266,BIHAR,Saran,Dighwara,0,0,,218,10,1266,,81943.45164265168,101347015.6655549,0.0,0.0,72,0.0
10-219-01264,BIHAR,Saran,Dariapur,0,0,,218,10,1264,,115477.27251924115,281302380.67878103,0.0,0.0,202,0.0
10-219-01265,BIHAR,Saran,Garkha,0,0,,218,10,1265,,90147.74693968748,213336409.9887166,0.0006776675216674806,0.00034763463773851275,154,0.05353573421173097
10-220-01269,BIHAR,Vaishali,Paterhi Belsar,0,0,,224,10,1269,,56227.36197278124,93522597.26160131,0.0,0.0,69,0.0
10-219-01267,BIHAR,Saran,Sonepur,0,0,,218,10,1267,,70412.64000247594,214865144.18564072,0.0,0.0,162,0.0
10-220-01268,BIHAR,Vaishali,Vaishali,0,0,,224,10,1268,,72706.90824879723,158663399.21103516,0.0,0.0,114,0.0
10-220-01270,BIHAR,Vaishali,Lalganj,0,0,,224,10,1270,,89595.71916906572,184177988.41986412,0.0,0.0,133,0.0
10-221-01294,BIHAR,Samastipur,Mohiuddinagar,0,0,,217,10,1294,,80607.53716768604,178536106.2701614,0.0,0.0,130,0.0
10-220-01271,BIHAR,Vaishali,Bhagwanpur,0,0,,224,10,1271,,98965.72708266653,142473218.81446454,0.0,0.0,102,0.0
10-220-01272,BIHAR,Vaishali,Goraul,0,0,,224,10,1272,,101989.77906286377,122446101.92943335,0.0,0.0,87,0.0
10-220-01273,BIHAR,Vaishali,Chehra Kalan,0,0,,224,10,1273,,63204.34388206024,89818122.94593617,0.0,0.0,66,0.0
10-220-01277,BIHAR,Vaishali,Raja Pakar,0,0,,224,10,1277,,58946.08844196175,93673217.82917874,0.0,0.0,72,0.0
10-220-01274,BIHAR,Vaishali,Patepur,0,0,,224,10,1274,,118180.33822078991,317029999.71255994,0.0,0.0,234,0.0
10-220-01275,BIHAR,Vaishali,Mahua,0,0,,224,10,1275,,86273.82517515696,171155586.12447235,0.0,0.0,125,0.0
10-220-01276,BIHAR,Vaishali,Jandaha,0,0,,224,10,1276,,99044.76663725945,179891527.10359335,0.0,0.0,128,0.0
10-220-01278,BIHAR,Vaishali,Hajipur,0,0,,224,10,1278,,80048.24731377292,194916759.16986817,0.0,0.0,140,0.0
10-220-01280,BIHAR,Vaishali,Bidupur,0,0,,224,10,1280,,88122.3198685409,139375575.9420912,0.0,0.0,99,0.0
10-220-01279,BIHAR,Vaishali,Raghopur,0,0,,224,10,1279,,128641.49950069311,338499790.0832371,0.0,0.0,246,0.0
10-220-01281,BIHAR,Vaishali,Desri,0,0,,224,10,1281,,50183.809114488824,56627949.53624974,0.0,0.0,43,0.0
10-221-01284,BIHAR,Samastipur,Kalyanpur,0,0,,217,10,1284,,147387.26660455638,294821482.9966942,0.0,0.0,214,0.0
10-221-01286,BIHAR,Samastipur,Shivaji Nagar,0,0,,217,10,1286,,96209.25031894707,172333979.18990555,0.0,0.0,130,0.0
10-221-01288,BIHAR,Samastipur,Samastipur,0,0,,217,10,1288,,112474.97484539819,170577777.20953664,0.0,0.0,123,0.0
10-221-01289,BIHAR,Samastipur,Pusa,0,0,,217,10,1289,,64081.7615729533,95008289.7510354,0.0,0.0,65,0.0
10-221-01291,BIHAR,Samastipur,Morwa,0,0,,217,10,1291,,104551.97847793197,152111293.7773472,0.0,0.0,106,0.0
10-221-01292,BIHAR,Samastipur,Patori,0,0,,217,10,1292,,69422.25062895294,130638318.44440164,0.0,0.0,93,0.0
10-221-01295,BIHAR,Samastipur,Sarairanjan,0,0,,217,10,1295,,96463.23467310029,185572344.2706523,0.0,0.0,145,0.0
10-221-01296,BIHAR,Samastipur,Vidyapati Nagar,0,0,,217,10,1296,,62930.2690484309,106322816.42401849,0.0,0.0,75,0.0
10-221-01297,BIHAR,Samastipur,Dalsinghsarai,0,0,,217,10,1297,,80515.23552986495,118201268.21451648,0.0,0.0,89,0.0
10-221-01298,BIHAR,Samastipur,Ujiarpur,0,0,,217,10,1298,,81756.09445970641,209497824.1015558,0.0,0.0,149,0.0
10-221-01300,BIHAR,Samastipur,Rosera,0,0,,217,10,1300,,84599.34785899956,138535375.895554,0.0,0.0,97,0.0
10-221-01299,BIHAR,Samastipur,Bibhutpur,0,0,,217,10,1299,,96600.53522783429,258332531.194082,0.0,0.0,187,0.0
10-221-01301,BIHAR,Samastipur,Singhia,0,0,,217,10,1301,,76055.88015393679,178639507.67998633,0.0,0.0,128,0.0
10-222-01307,BIHAR,Begusarai,Cheria Bariarpur,0,0,,191,10,1307,,80422.0696045629,127840547.1243011,0.0,0.0,89,0.0
10-221-01302,BIHAR,Samastipur,Hasanpur,0,0,,217,10,1302,,122795.93417076243,188091095.39019313,0.0,0.0,138,0.0
10-221-01303,BIHAR,Samastipur,Bithan,0,0,,217,10,1303,,72838.55780104545,149849875.79630712,0.0,0.0,109,0.0
10-222-01304,BIHAR,Begusarai,Khudabandpur,0,0,,191,10,1304,,49522.71992212785,59617610.47663844,0.0,0.0,39,0.0
10-222-01305,BIHAR,Begusarai,Chhorahi,0,0,,191,10,1305,,96201.09768359947,128309829.49376953,0.0,0.0,94,0.0
10-222-01306,BIHAR,Begusarai,Garhpura,0,0,,191,10,1306,,69581.28073662621,88651595.91159394,0.0,0.0,68,0.0
10-222-01308,BIHAR,Begusarai,Bhagwanpur,0,0,,191,10,1308,,102620.52088176137,147276258.21886113,0.0,0.0,106,0.0
10-223-01324,BIHAR,Khagaria,Mansi,0,0,,202,10,1324,,70720.37786012898,86151878.56106131,0.0,0.0,69,0.0
10-222-01309,BIHAR,Begusarai,Mansurchak,0,0,,191,10,1309,,55538.61039021854,42158333.283958256,0.0,0.0,31,0.0
10-224-01333,BIHAR,Bhagalpur,Rangra Chowk,0,0,,192,10,1333,,56200.86409227388,97946271.45940188,0.0,0.0,71,0.0
10-222-01310,BIHAR,Begusarai,Bachhwara,0,0,,191,10,1310,,112893.55520851951,186501763.14040864,0.0,0.0,138,0.0
10-222-01311,BIHAR,Begusarai,Teghra,0,0,,191,10,1311,,93442.93751421869,180050069.66821858,0.0,0.0,129,0.0
10-222-01312,BIHAR,Begusarai,Barauni,0,0,,191,10,1312,,90573.71511882372,141812926.41245717,0.0,0.0,102,0.0
10-222-01313,BIHAR,Begusarai,Birpur,0,0,,191,10,1313,,69057.86510087451,64693086.30641256,0.0,0.0,53,0.0
10-222-01314,BIHAR,Begusarai,Begusarai,0,0,,191,10,1314,,114572.02827886646,273941103.5239774,0.0,0.0,200,0.0
10-222-01315,BIHAR,Begusarai,Naokothi,0,0,,191,10,1315,,61794.845266753924,91575422.87048158,0.0,0.0,64,0.0
10-222-01316,BIHAR,Begusarai,Bakhri,0,0,,191,10,1316,,74902.13049058078,94921186.04856166,0.0,0.0,66,0.0
10-222-01317,BIHAR,Begusarai,Dandari,0,0,,191,10,1317,,77075.31892237118,85364223.36403492,0.0,0.0,65,0.0
10-222-01318,BIHAR,Begusarai,Sahebpur Kamal,0,0,,191,10,1318,,97820.3506924087,179327758.1582562,0.0,0.0,131,0.0
10-222-01319,BIHAR,Begusarai,Balia,0,0,,191,10,1319,,95726.56851828664,181873531.04775092,0.0,0.0,133,0.0
10-222-01320,BIHAR,Begusarai,Matihani,0,0,,191,10,1320,,104199.58891726227,214311339.790948,0.0,0.0,157,0.0
10-222-01321,BIHAR,Begusarai,Shamho Akha Kurha,0,0,,191,10,1321,,47884.70174269599,82130306.58899558,0.0,0.0,58,0.0
10-223-01322,BIHAR,Khagaria,Alauli,0,0,,202,10,1322,,117176.16085281859,337532903.06560946,0.0,0.0,244,0.0
10-223-01323,BIHAR,Khagaria,Khagaria,0,0,,202,10,1323,,164255.4907534744,325761754.1557925,0.0,0.0,229,0.0
10-223-01325,BIHAR,Khagaria,Chautham,0,0,,202,10,1325,,88833.5659059585,205164632.7891582,0.0,0.0,148,0.0
10-228-01376,BIHAR,Sheikhpura,Chewara,0,0,,219,10,1376,,77279.14911837938,141385828.1075451,0.0011907183589935303,0.0010881957715162258,103,0.11208416446617127
10-223-01326,BIHAR,Khagaria,Beldaur,0,0,,202,10,1326,,101449.44415348554,276820454.1841197,0.0,0.0,203,0.0
10-223-01327,BIHAR,Khagaria,Gogri,0,0,,202,10,1327,,109725.85953588395,321971045.3784509,0.0,0.0,231,0.0
10-223-01328,BIHAR,Khagaria,Parbatta,0,0,,202,10,1328,,89952.53209418767,286770838.53234714,0.0,0.0,215,0.0
10-224-01329,BIHAR,Bhagalpur,Narayanpur,0,0,,192,10,1329,,96964.50839109154,173637043.38008544,0.0,0.0,125,0.0
10-224-01330,BIHAR,Bhagalpur,Bihpur,0,0,,192,10,1330,,98960.16392998041,189427956.2070791,0.0,0.0,141,0.0
10-234-01472,BIHAR,Rohtas,Akorhi Gola,0,0,,215,10,1472,,71741.57946050014,124356844.03544964,0.0010028780199050904,0.0010028780199050904,94,0.09427053387107849
10-224-01331,BIHAR,Bhagalpur,Kharik,0,0,,192,10,1331,,103106.05203500649,169292223.68779984,0.0,0.0,125,0.0
10-224-01332,BIHAR,Bhagalpur,Naugachhia,0,0,,192,10,1332,,91833.23423872421,134223697.96961665,0.0,0.0,95,0.0
10-224-01335,BIHAR,Bhagalpur,Pirpainti,0,0,,192,10,1335,,138631.2255747686,411429376.6216011,0.0,0.0,294,0.0
10-224-01336,BIHAR,Bhagalpur,Kahalgaon,0,0,,192,10,1336,,128722.99744742387,352186242.20537144,0.0,0.0,255,0.0
10-224-01337,BIHAR,Bhagalpur,Ismailpur,0,0,,192,10,1337,,66332.03197363381,102752037.41138108,0.0,0.0,75,0.0
10-224-01338,BIHAR,Bhagalpur,Sabour,0,0,,192,10,1338,,85492.0541239663,141198925.34276122,0.0,0.0,102,0.0
10-226-01359,BIHAR,Munger,Dharhara,0,0,,207,10,1359,,105188.90103685112,355220468.750446,0.0,0.0,262,0.0
10-224-01339,BIHAR,Bhagalpur,Nathnagar,0,0,,192,10,1339,,105259.93673308079,163498377.60317266,0.0,0.0,117,0.0
10-226-01360,BIHAR,Munger,Kharagpur,0,0,,207,10,1360,,169586.30903503796,398589433.5102216,0.0,0.0,291,0.0
10-224-01340,BIHAR,Bhagalpur,Sultanganj,0,0,,192,10,1340,,139861.1879796442,266407467.3450057,0.0,0.0,198,0.0
10-224-01341,BIHAR,Bhagalpur,Shahkund,0,0,,192,10,1341,,93276.90256650816,208798734.37786233,0.0,0.0,153,0.0
10-224-01342,BIHAR,Bhagalpur,Goradih,0,0,,192,10,1342,,106918.08891287447,178026414.43832883,0.0,0.0,128,0.0
10-224-01343,BIHAR,Bhagalpur,Jagdishpur,0,0,,192,10,1343,,107045.71303668506,127447147.46016994,0.0,0.0,95,0.0
10-224-01344,BIHAR,Bhagalpur,Sonhaula,0,0,,192,10,1344,,84463.86530366821,214425428.57327408,0.0,0.0,160,0.0
10-225-01345,BIHAR,Banka,Shambhuganj,0,0,,190,10,1345,,85765.27415008907,217970788.89652416,0.0,0.0,157,0.0
10-225-01346,BIHAR,Banka,Amarpur,0,0,,190,10,1346,,98000.87839154692,234663534.19316816,0.0,0.0,176,0.0
10-225-01347,BIHAR,Banka,Rajaun,0,0,,190,10,1347,,86718.04358754268,242814641.5593075,0.0,0.0,179,0.0
10-226-01363,BIHAR,Munger,Tetiha Bambor,0,0,,207,10,1363,,73286.15332623897,95190725.80042528,0.0,0.0,70,0.0
10-225-01348,BIHAR,Banka,Dhuraiya,0,0,,190,10,1348,,106681.6377356153,285703540.38620996,0.0,0.0,208,0.0
10-225-01349,BIHAR,Banka,Barahat,0,0,,190,10,1349,,122910.23058217819,181202001.14064544,0.0,0.0,129,0.0
10-225-01350,BIHAR,Banka,Banka,0,0,,190,10,1350,,137083.07375503817,365153241.48788345,0.0,0.0,275,0.0
10-225-01351,BIHAR,Banka,Phulidumar,0,0,,190,10,1351,,117105.67306472127,248400685.45023423,0.0,0.0,176,0.0
10-225-01352,BIHAR,Banka,Belhar,0,0,,190,10,1352,,118426.40149548957,290570448.277483,0.001153180757484436,0.00011855129282550276,214,0.025369976664657592
10-225-01353,BIHAR,Banka,Chanan,0,0,,190,10,1353,,169565.08902723462,550876204.0147796,0.001153180757484436,0.0005824347330462548,403,0.2347211974176407
10-225-01354,BIHAR,Banka,Katoria,0,0,,190,10,1354,,180268.89530762268,687665367.2781417,0.0009461329082870482,8.104325708434877e-05,502,0.04068371505634308
10-225-01355,BIHAR,Banka,Bausi,0,0,,190,10,1355,,109314.78149810205,385846183.7170387,0.0,0.0,284,0.0
10-226-01356,BIHAR,Munger,Munger,0,0,,207,10,1356,,162390.1628928388,306519605.49277806,0.0,0.0,227,0.0
10-226-01357,BIHAR,Munger,Bariarpur,0,0,,207,10,1357,,122433.4478606843,198040113.63802013,0.0,0.0,143,0.0
10-226-01358,BIHAR,Munger,Jamalpur,0,0,,207,10,1358,,72817.19566814511,112971204.64248075,0.0,0.0,79,0.0
10-226-01361,BIHAR,Munger,Asarganj,0,0,,207,10,1361,,61173.52838786665,72491453.98190036,0.0,0.0,52,0.0
10-226-01362,BIHAR,Munger,Tarapur,0,0,,207,10,1362,,54416.57713098438,86962445.68425661,0.0,0.0,62,0.0
10-226-01364,BIHAR,Munger,Sangrampur,0,0,,207,10,1364,,71205.18318302365,105786037.21986651,0.0,0.0,80,0.0
10-227-01366,BIHAR,Lakhisarai,Pipariya,0,0,,204,10,1366,,87968.2901826016,106258171.87143916,0.0,0.0,76,0.0
10-227-01365,BIHAR,Lakhisarai,Barahiya,0,0,,204,10,1365,,95965.48426593257,248505135.43154767,0.0,0.0,179,0.0
10-227-01367,BIHAR,Lakhisarai,Surajgarha,0,0,,204,10,1367,,140312.1609931406,462726462.37366486,0.0010628283966445924,0.00014066846426178428,340,0.04782727784900666
10-227-01368,BIHAR,Lakhisarai,Lakhisarai,0,0,,204,10,1368,,117670.76745524361,181316338.94823277,0.0010818541681671143,0.00011345023338174464,133,0.015088881039772037
10-227-01369,BIHAR,Lakhisarai,Chanan*,0,0,,204,10,1369,,86014.87070350182,177670731.10250506,0.0010628283966445924,0.0008635480722737314,128,0.11053415325103762
10-228-01375,BIHAR,Sheikhpura,Ghat Kusumbha,0,0,,219,10,1375,,80592.24583619394,99088070.68237934,0.0,0.0,70,0.0
10-227-01370,BIHAR,Lakhisarai,Ramgarh Chowk,0,0,,204,10,1370,,98990.57354622113,128567389.13844268,0.0010818541681671143,0.000999064139827566,94,0.09391202914379121
10-227-01371,BIHAR,Lakhisarai,Halsi,0,0,,204,10,1371,,82594.8188222393,191441208.6304817,0.0010818541681671143,0.001081032911842401,139,0.15026357474609375
10-228-01372,BIHAR,Sheikhpura,Barbigha,0,0,,219,10,1372,,83879.7675047183,115941853.486741,0.0,0.0,81,0.0
10-228-01373,BIHAR,Sheikhpura,Shekhopur Sarai,0,0,,219,10,1373,,59774.96229914819,65955650.61796794,0.0011907183589935303,0.0004612604093839857,45,0.020756718422279358
10-228-01374,BIHAR,Sheikhpura,Sheikhpura,0,0,,219,10,1374,,119718.3677454689,225551054.81458032,0.0011907183589935303,0.0002756464546109368,170,0.04685989728385925
10-228-01377,BIHAR,Sheikhpura,Ariari,0,0,,219,10,1377,,87552.5859976097,183445963.63454768,0.0011907183589935303,0.0011891291007332908,137,0.16291068680046084
10-229-01378,BIHAR,Nalanda,Karai Parsurai,0,0,,209,10,1378,,58523.47447411047,82148146.79064696,0.0007455605682373047,0.0003355022557067871,60,0.020130135342407228
10-229-01379,BIHAR,Nalanda,Nagar Nausa,0,0,,209,10,1379,,82570.35159490984,108015836.82811198,0.0009570101432800292,0.00036471374866485593,80,0.029177099893188476
10-229-01380,BIHAR,Nalanda,Harnaut,0,0,,209,10,1380,,124869.90123154312,224385440.0517296,0.0009570101432800292,0.00033287309331479276,161,0.05359256802368163
10-229-01381,BIHAR,Nalanda,Chandi,0,0,,209,10,1381,,70527.81459673235,147156102.481168,0.0009570101432800292,0.0008779909571376415,109,0.09570101432800293
10-229-01382,BIHAR,Nalanda,Rahui,0,0,,209,10,1382,,77076.6108369453,152249665.90613127,0.0009570101432800292,0.0009215653231585469,108,0.09952905490112306
10-229-01383,BIHAR,Nalanda,Bind,0,0,,209,10,1383,,70364.80140905235,88091657.81671415,0.0,0.0,66,0.0
10-229-01384,BIHAR,Nalanda,Sarmera,0,0,,209,10,1384,,91044.34634338948,167201876.42476654,0.0,0.0,123,0.0
10-229-01385,BIHAR,Nalanda,Asthawan,0,0,,209,10,1385,,92263.18064708126,171325630.7179731,0.0011907183589935303,0.0001816988635406494,125,0.022712357942581175
10-229-01387,BIHAR,Nalanda,Noorsarai,0,0,,209,10,1387,,78528.62700534344,151514769.88009417,0.0009570101432800292,0.0009570101432800296,114,0.10909915633392336
10-229-01386,BIHAR,Nalanda,Bihar,0,0,,209,10,1386,,98561.8371020671,215840179.0991975,0.0009570101432800292,0.0009126399413248301,160,0.1460223906119728
10-229-01390,BIHAR,Nalanda,Hilsa,0,0,,209,10,1390,,93433.88804652911,175765721.10991755,0.0007455605682373047,0.0007455605682373046,131,0.0976684344390869
10-229-01391,BIHAR,Nalanda,Ekangarsarai,0,0,,209,10,1391,,87121.32234693572,166605847.460251,0.0007455605682373047,0.0007455605682373047,122,0.09095838932495118
10-229-01392,BIHAR,Nalanda,Islampur,0,0,,209,10,1392,,109868.69145522316,273834151.4326934,0.0008869166488647462,0.0008293541211865615,194,0.16089469951019292
10-229-01393,BIHAR,Nalanda,Ben,0,0,,209,10,1393,,66947.54721379357,127526149.56798536,0.0009570101432800292,0.0008604990013467505,94,0.08088690612659455
10-230-01398,BIHAR,Patna,Maner,0,0,,212,10,1398,,96133.56350709034,213315300.3597084,0.0008060850421905518,0.00024136567278403747,154,0.03717031360874177
10-229-01394,BIHAR,Nalanda,Rajgir,0,0,,209,10,1394,,88740.45664753366,198129288.77271983,0.0008869166488647462,0.0008670808235434449,147,0.1274608810608864
10-229-01395,BIHAR,Nalanda,Silao,0,0,,209,10,1395,,79220.42929786978,154752836.13944647,0.0009570101432800292,0.0008709277434175057,114,0.09928576274959565
10-229-01396,BIHAR,Nalanda,Giriak,0,0,,209,10,1396,,88347.46773236175,99576022.5731765,0.0008526123391914368,0.0008526123391914368,73,0.06224070076097488
10-229-01397,BIHAR,Nalanda,Katrisarai,0,0,,209,10,1397,,38918.76300208476,48673462.28309288,0.0011907183589935303,0.0009371388441419602,36,0.03373699838911057
10-230-01399,BIHAR,Patna,Dinapur-Cum-Khagaul,0,0,,212,10,1399,,78598.21354533077,184765788.04152673,0.0008060850421905518,0.00023884001250090427,135,0.032243401687622075
10-234-01474,BIHAR,Rohtas,Tilouthu,0,0,,215,10,1474,,73885.57639601533,193504401.97342023,0.0019395100493621825,0.0019273755842715672,140,0.2698325817980194
10-230-01400,BIHAR,Patna,Patna Rural,0,0,,212,10,1400,,87518.10425735511,179850223.48881748,0.0008060850421905518,0.000141526381453303,131,0.018539955970382695
10-230-01401,BIHAR,Patna,Sampatchak,0,0,,212,10,1401,,53219.7118618291,78902366.60372826,0.0008060850421905518,2.8283685690896556e-05,57,0.0016121700843811037
10-230-01406,BIHAR,Patna,Dulhin Bazar,0,0,,212,10,1406,,77792.54009458271,136539622.4680228,0.0009680351714134217,0.0008433197014716177,99,0.08348865044569015
10-230-01402,BIHAR,Patna,Phulwari,0,0,,212,10,1402,,70659.26045014715,135940825.49713776,0.0008060850421905518,0.0007724981654326123,96,0.07415982388153078
10-230-01413,BIHAR,Patna,Khusrupur,0,0,,212,10,1413,,46143.60198551767,78201544.387751,0.0,0.0,58,0.0
10-230-01403,BIHAR,Patna,Bihta,0,0,,212,10,1403,,116564.9809665079,244879174.98088208,0.0008060850421905518,0.0007510849072299161,182,0.13669745311584475
10-230-01415,BIHAR,Patna,Athmalgola,0,0,,212,10,1415,,47997.69261940102,62827293.65665197,0.0,0.0,47,0.0
10-230-01404,BIHAR,Patna,Naubatpur,0,0,,212,10,1404,,105087.74367689912,205320191.59612688,0.0008060850421905518,0.0008060850421905518,153,0.12333101145515443
10-230-01405,BIHAR,Patna,Bikram,0,0,,212,10,1405,,86626.03512108007,186422313.04867813,0.0008060850421905518,0.0007434952839872263,137,0.10185885390624999
10-234-01475,BIHAR,Rohtas,Rohtas,0,0,,215,10,1475,,88257.59288547112,389741138.17794544,0.0023119490560913085,0.00199077955635998,288,0.5733445122316743
10-230-01407,BIHAR,Patna,Paliganj,0,0,,212,10,1407,,129476.3041410336,293354152.7667747,0.0009680351714134217,0.0009600184101915806,214,0.20544393978099823
10-230-01408,BIHAR,Patna,Masaurhi,0,0,,212,10,1408,,108866.13277400887,248716954.87290823,0.0009093896176147462,0.0008745678506178265,178,0.15567307740997313
10-230-01409,BIHAR,Patna,Dhanarua,0,0,,212,10,1409,,95102.40821522896,225577653.19725513,0.0009093896176147462,0.0006661723645679498,163,0.10858609542457581
10-230-01410,BIHAR,Patna,Punpun,0,0,,212,10,1410,,82554.93388622913,161116560.78819045,0.0008060850421905518,0.0005464983336885097,118,0.06448680337524415
10-230-01411,BIHAR,Patna,Fatwah,0,0,,212,10,1411,,97950.27190535897,155697451.47083917,0.0,0.0,115,0.0
10-230-01412,BIHAR,Patna,Daniawan,0,0,,212,10,1412,,69689.77872311571,79566220.36857046,0.0,0.0,56,0.0
10-230-01414,BIHAR,Patna,Bakhtiarpur,0,0,,212,10,1414,,120205.01587822943,168153072.20481881,0.0,0.0,120,0.0
10-230-01416,BIHAR,Patna,Belchhi,0,0,,212,10,1416,,88573.78025963024,87443681.0926542,0.0,0.0,70,0.0
10-230-01417,BIHAR,Patna,Barh,0,0,,212,10,1417,,95365.9771693495,147280816.515725,0.0,0.0,104,0.0
10-230-01419,BIHAR,Patna,Ghoswari,0,0,,212,10,1419,,66454.95033385535,164897376.1169027,0.0,0.0,126,0.0
10-230-01418,BIHAR,Patna,Pandarak,0,0,,212,10,1418,,106894.44852036482,252509471.6555304,0.0,0.0,180,0.0
10-232-01438,BIHAR,Buxar,Chaugain,0,0,,194,10,1438,,52625.33924401454,66025696.44875917,0.0009732844045257568,0.0009732844045257567,49,0.04769093582176208
10-232-01439,BIHAR,Buxar,Kesath,0,0,,194,10,1439,,34661.84662025829,38236018.49691825,0.0009732844045257568,0.0009732844045257568,29,0.028225247731246947
10-230-01420,BIHAR,Patna,Mokameh,0,0,,212,10,1420,,127700.39840194934,244519830.48183808,0.0,0.0,181,0.0
10-231-01421,BIHAR,Bhojpur,Shahpur,0,0,,193,10,1421,,110658.91431619873,211766871.4500774,0.0008387791418075561,0.0006733634145959219,156,0.10504469267696381
10-234-01460,BIHAR,Rohtas,Suryapura,0,0,,215,10,1460,,56159.7630280001,69765063.31452103,0.0010055207676696778,0.0010055207676696778,47,0.04725947608047486
10-231-01422,BIHAR,Bhojpur,Arrah,0,0,,193,10,1422,,120924.06747051864,221925641.7145924,0.0008387791418075561,0.0007341134673525252,159,0.11672404130905151
10-231-01423,BIHAR,Bhojpur,Barhara,0,0,,193,10,1423,,128817.96875565937,258494738.36324885,0.0006776675216674806,0.0006587032730861485,191,0.12581232515945437
10-231-01424,BIHAR,Bhojpur,Koilwar,0,0,,193,10,1424,,94779.33453556667,208456312.66749656,0.000718587114906311,0.0007097990143449514,149,0.10576005313739777
10-231-01425,BIHAR,Bhojpur,Sandesh,0,0,,193,10,1425,,60697.76797134289,164599530.19806212,0.0009680351714134217,0.0007566385133565483,118,0.08928334457607269
10-231-01426,BIHAR,Bhojpur,Udwant Nagar,0,0,,193,10,1426,,92445.60417460876,217797556.82002312,0.0008387791418075561,0.0007910009447784897,161,0.12735115210933684
10-234-01461,BIHAR,Rohtas,Bikramganj,0,0,,215,10,1461,,88556.32896667719,168723569.68103397,0.0010055207676696778,0.0010055207676696776,129,0.12971217902938842
10-231-01427,BIHAR,Bhojpur,Behea,0,0,,193,10,1427,,114516.77527652554,206091349.70539597,0.0009732844045257568,0.0008726948992727916,150,0.13090423489091874
10-231-01428,BIHAR,Bhojpur,Jagdishpur,0,0,,193,10,1428,,109726.00219208181,318463526.4488765,0.0009732844045257568,0.0008523476551519362,228,0.19433526537464146
10-231-01429,BIHAR,Bhojpur,Piro,0,0,,193,10,1429,,100703.96274410955,268205354.86689487,0.0010055207676696778,0.0009664928456054688,200,0.19329856912109375
10-234-01462,BIHAR,Rohtas,Karakat,0,0,,215,10,1462,,102232.22868007293,251121712.10833624,0.0010055207676696778,0.0009926766726149213,176,0.17471109438022614
10-231-01430,BIHAR,Bhojpur,Charpokhari,0,0,,193,10,1430,,88834.1327790213,135855258.49695313,0.000947402112197876,0.0009153869209249396,95,0.08696175748786926
10-231-01431,BIHAR,Bhojpur,Garhani,0,0,,193,10,1431,,93054.52180151101,137128723.85739592,0.000947402112197876,0.0008514342451540012,103,0.08769772725086213
10-231-01432,BIHAR,Bhojpur,Agiaon,0,0,,193,10,1432,,87534.07309197474,191419206.17039648,0.0009680351714134217,0.000915776570403147,139,0.12729294328603744
10-231-01433,BIHAR,Bhojpur,Tarari,0,0,,193,10,1433,,95157.98131215997,247108515.4982669,0.0010055207676696778,0.0009536408379264876,177,0.1687944283129883
10-231-01434,BIHAR,Bhojpur,Sahar,0,0,,193,10,1434,,61748.81499939302,157154129.14318892,0.0009680351714134217,0.0009507527799337338,117,0.11123807525224685
10-232-01435,BIHAR,Buxar,Simri,0,0,,194,10,1435,,87047.69219699135,222195796.247413,0.0012374768692016602,0.000955146902999878,164,0.15664409209198
10-232-01436,BIHAR,Buxar,Chakki,0,0,,194,10,1436,,73799.54032015939,80420668.23199363,0.0009732844045257568,0.0008129886969512703,64,0.0520312766048813
10-232-01437,BIHAR,Buxar,Barhampur,0,0,,194,10,1437,,133928.15369382405,240152233.65370417,0.0009732844045257568,0.0009371840031306316,173,0.16213283254159927
10-232-01440,BIHAR,Buxar,Dumraon,0,0,,194,10,1440,,115797.88145848007,238641355.07175583,0.0009732844045257568,0.0009697762888530304,169,0.16389219281616213
10-232-01441,BIHAR,Buxar,Buxar,0,0,,194,10,1441,,90996.21871903203,211591033.38394436,0.0012374768692016602,0.000966929868319566,157,0.15180798932617187
10-232-01442,BIHAR,Buxar,Chausa,0,0,,194,10,1442,,99103.08457070828,138502720.57991108,0.0012764846488952637,0.0009938456058495068,107,0.10634147982589723
10-232-01443,BIHAR,Buxar,Rajpur,0,0,,194,10,1443,,121142.9666413415,336933113.12217736,0.0012764846488952637,0.0010806302969445989,245,0.26475442275142674
10-232-01444,BIHAR,Buxar,Itarhi,0,0,,194,10,1444,,109439.3274763228,293713382.2816445,0.0010960668294525148,0.0009629456670047449,209,0.20125564440399168
10-232-01445,BIHAR,Buxar,Nawanagar,0,0,,194,10,1445,,126567.10382889764,229774401.79100823,0.0010960668294525148,0.0009803568178878876,169,0.165680302223053
10-233-01446,BIHAR,Kaimur (Bhabua),Ramgarh,0,0,,200,10,1446,,124781.0721120257,206666195.02442607,0.0018726657197761535,0.0014620509424807062,151,0.22076969231458662
10-233-01447,BIHAR,Kaimur (Bhabua),Nuaon,0,0,,200,10,1447,,121732.74643995032,235834986.4758632,0.0012764846488952637,0.0012374926038735375,171,0.2116112352623749
10-233-01448,BIHAR,Kaimur (Bhabua),Kudra,0,0,,200,10,1448,,132624.50147962422,255577893.54332253,0.0014780280801391602,0.0013948514259750128,189,0.2636269195092774
10-233-01449,BIHAR,Kaimur (Bhabua),Mohania,0,0,,200,10,1449,,142323.6809133636,349176573.6513165,0.0018726657197761535,0.0014317951440650971,256,0.36653955688066486
10-233-01450,BIHAR,Kaimur (Bhabua),Durgawati,0,0,,200,10,1450,,108544.41183902678,212580801.4059764,0.0018726657197761535,0.0018726657197761537,154,0.2883905208455277
10-233-01451,BIHAR,Kaimur (Bhabua),Chand,0,0,,200,10,1451,,97099.60209928264,257974481.1925409,0.002050967544784546,0.0019404268935541394,188,0.3648002559881782
10-233-01452,BIHAR,Kaimur (Bhabua),Chainpur,0,0,,200,10,1452,,170712.34536647963,555311526.8488017,0.002087673093776703,0.0019929393685686266,407,0.811126323007431
10-233-01453,BIHAR,Kaimur (Bhabua),Bhabua,0,0,,200,10,1453,,143727.89821118704,407618990.38615096,0.001963253911895752,0.001689270784476144,301,0.5084705061273194
10-233-01454,BIHAR,Kaimur (Bhabua),Rampur,0,0,,200,10,1454,,126612.15498309073,210660395.23746365,0.0021613329973602297,0.0016981531541432632,149,0.2530248199673462
10-233-01455,BIHAR,Kaimur (Bhabua),Bhagwanpur,0,0,,200,10,1455,,134815.05705103654,292151198.96788174,0.002087673093776703,0.0018403702400494977,211,0.388318120650444
10-233-01456,BIHAR,Kaimur (Bhabua),Adhaura,0,0,,200,10,1456,,271357.2345421078,1135984955.9859164,0.0023119490560913085,0.0020505897828487934,833,1.708141289113045
10-234-01457,BIHAR,Rohtas,Kochas,0,0,,215,10,1457,,90248.48407846906,187033418.62218276,0.0012764846488952637,0.0011521056976127628,132,0.15207795208488467
10-234-01458,BIHAR,Rohtas,Dinara,0,0,,215,10,1458,,157118.7651045217,464648316.8452498,0.0010960668294525148,0.0010748243516148994,341,0.36651510390068065
10-234-01459,BIHAR,Rohtas,Dawath,0,0,,215,10,1459,,78120.6651060775,129910427.66035384,0.0010055207676696778,0.0010055207676696778,94,0.09451895216094972
10-234-01466,BIHAR,Rohtas,Nokha,0,0,,215,10,1466,,82152.91978314315,208772248.59610957,0.0014905707430267333,0.0013365138079336526,148,0.19780404357418058
10-235-01476,BIHAR,Aurangabad,Daudnagar,0,0,,189,10,1476,,91010.07504965532,238139281.75712803,0.0010028780199050904,0.0009620627567260568,174,0.16739891967033388
10-234-01467,BIHAR,Rohtas,Kargahar,0,0,,215,10,1467,,128509.87472624176,406135690.59563094,0.0014905707430267333,0.0013637187783898535,296,0.40366075840339666
10-234-01468,BIHAR,Rohtas,Chenari,0,0,,215,10,1468,,121720.69626398994,292642418.8385522,0.0021613329973602297,0.001814971633108095,215,0.3902189011182404
10-234-01469,BIHAR,Rohtas,Nauhatta,0,0,,215,10,1469,,175494.75594492842,478591449.404211,0.0023119490560913085,0.002153933043362461,354,0.7624922973503112
10-234-01470,BIHAR,Rohtas,Sheosagar,0,0,,215,10,1470,,135463.8765525897,406503956.12222886,0.0021613329973602297,0.0017040130090823417,295,0.5026838376792908
10-234-01471,BIHAR,Rohtas,Sasaram,0,0,,215,10,1471,,135810.11950728856,394273130.8742507,0.0019395100493621825,0.001592821246267516,290,0.46191816141757963
10-234-01473,BIHAR,Rohtas,Dehri,0,0,,215,10,1473,,97323.52013589225,199371136.99043605,0.0019395100493621825,0.0011889359844773392,145,0.1723957177492142
10-235-01477,BIHAR,Aurangabad,Haspura,0,0,,189,10,1477,,88845.10694940752,164519986.5205008,0.0009977934120941163,0.0009568435179390396,121,0.11577806567062379
10-235-01478,BIHAR,Aurangabad,Goh,0,0,,189,10,1478,,122286.20877621078,374665187.3660463,0.0009977934120941163,0.000986159229362712,272,0.2682353103866577
10-236-01491,BIHAR,Gaya,Neem Chak Bathani,0,0,,196,10,1491,,79540.44278654993,146770773.7769567,0.0008869166488647462,0.0008869166488647463,103,0.09135241483306887
10-235-01479,BIHAR,Aurangabad,Rafiganj,0,0,,189,10,1479,,167069.30684925965,465687847.79432577,0.0016214782785034182,0.0013230106410279932,341,0.45114662859054566
10-235-01480,BIHAR,Aurangabad,Obra,0,0,,189,10,1480,,130720.05569071589,327203821.09876627,0.0016725278826904297,0.0010458868300506335,237,0.24787517872200016
10-236-01494,BIHAR,Gaya,Manpur,0,0,,196,10,1494,,77081.78707553667,161226183.41058797,0.001067174497795105,0.0010539020269178308,115,0.12119873309555054
10-235-01481,BIHAR,Aurangabad,Aurangabad,0,0,,189,10,1481,,125502.68609205673,344679798.38062614,0.0016725278826904297,0.0016330442044520377,256,0.41805931633972165
10-237-01511,BIHAR,Nawada,Nardiganj,0,0,,210,10,1511,,60262.24041371029,129808165.4472442,0.0008526123391914368,0.0008526123391914369,95,0.0809981722231865
10-235-01482,BIHAR,Aurangabad,Barun,0,0,,189,10,1482,,117269.30390529483,381782699.30215496,0.0016725278826904297,0.0014572832839379994,280,0.40803931950263983
10-235-01483,BIHAR,Aurangabad,Nabinagar,0,0,,189,10,1483,,173491.30877801325,657546828.2218357,0.001998991614227295,0.0017714615285959105,483,0.8556159183118248
10-235-01484,BIHAR,Aurangabad,Kutumba,0,0,,189,10,1484,,110495.73757590447,319048251.76106954,0.0016725278826904297,0.0015993455707557546,229,0.3662501357030678
10-235-01485,BIHAR,Aurangabad,Deo,0,0,,189,10,1485,,158578.88849021672,336990745.1586724,0.0016752962174224856,0.0016338522751437336,251,0.41009692106107715
10-235-01486,BIHAR,Aurangabad,Madanpur,0,0,,189,10,1486,,153529.37367368402,418713952.50229967,0.0016752962174224856,0.0015943710078558568,309,0.49266064142745974
10-236-01487,BIHAR,Gaya,Konch,0,0,,196,10,1487,,154041.56172387034,319288521.7326548,0.0012083607431030274,0.0010595114229070728,232,0.24580665011444092
10-236-01488,BIHAR,Gaya,Tikari,0,0,,196,10,1488,,122221.36853604284,290576655.12704176,0.0012083607431030274,0.000934169447064706,218,0.2036489394601059
10-236-01489,BIHAR,Gaya,Belaganj,0,0,,196,10,1489,,113473.13279109563,240372540.95814112,0.0007619076676177979,0.0007619076676177979,180,0.13714338017120362
10-236-01490,BIHAR,Gaya,Khizirsarai,0,0,,196,10,1490,,103698.13096672995,223124430.97950032,0.001067174497795105,0.0008269759169593581,165,0.1364510262982941
10-236-01492,BIHAR,Gaya,Muhra,0,0,,196,10,1492,,93681.45756176667,181269438.2139707,0.001563609044418335,0.0009975033957515546,134,0.1336654550307083
10-236-01493,BIHAR,Gaya,Atri,0,0,,196,10,1493,,103075.15367958385,161340647.62451813,0.001563609044418335,0.0010084577430066342,119,0.12000647141778947
10-236-01495,BIHAR,Gaya,Gaya Town C.D.Block,0,0,,196,10,1495,,91678.58033080616,224144813.6021213,0.001067174497795105,0.0010235649506269184,161,0.16479395705093386
10-236-01496,BIHAR,Gaya,Paraiya,0,0,,196,10,1496,,75593.31264449215,167300846.5298876,0.0012083607431030274,0.0011471800368029277,120,0.13766160441635134
10-236-01497,BIHAR,Gaya,Guraru,0,0,,196,10,1497,,81292.54933661391,199646285.7542363,0.0012083607431030274,0.0012083607431030276,147,0.17762902923614504
10-237-01512,BIHAR,Nawada,Nawada,0,0,,210,10,1512,,86822.75137888109,219317998.1072041,0.0009787929407882691,0.0008598456220855228,157,0.13499576266742708
10-236-01498,BIHAR,Gaya,Gurua,0,0,,196,10,1498,,117859.62964526065,238015237.1519128,0.0014877944125366211,0.0012463100021845204,173,0.21561163037792203
10-236-01499,BIHAR,Gaya,Amas,0,0,,196,10,1499,,100546.69423332924,128484051.44985774,0.0016752962174224856,0.0014859940610777206,95,0.14116943580238345
10-237-01517,BIHAR,Nawada,Roh,0,0,,210,10,1517,,77804.52626079548,192537548.9783989,0.0011907183589935303,0.0010366971094726192,144,0.14928438376405717
10-236-01500,BIHAR,Gaya,Banke Bazar,0,0,,196,10,1500,,85166.97220092022,256240042.68049288,0.0016752962174224856,0.0015392061977472615,186,0.28629235278099063
10-236-01501,BIHAR,Gaya,Imamganj,0,0,,196,10,1501,,136271.57775821586,316917295.57645696,0.0016752962174224856,0.0016185118767234772,239,0.38682433853691106
10-236-01502,BIHAR,Gaya,Dumaria,0,0,,196,10,1502,,119690.94596035974,390676703.928496,0.0016752962174224856,0.0016364425931136152,285,0.46638613903738035
10-236-01503,BIHAR,Gaya,Sherghati,0,0,,196,10,1503,,100322.2973073121,167902109.12194017,0.0014877944125366211,0.0014334603486822486,123,0.17631562288791658
10-238-01531,BIHAR,Jamui,Gidhaur,0,0,,198,10,1531,,55211.5633940527,100392309.18230554,0.0010628283966445924,0.0010460177689732872,75,0.07845133267299653
10-236-01504,BIHAR,Gaya,Dobhi,0,0,,196,10,1504,,103572.88994215836,218837778.49499393,0.0014877944125366211,0.001341152053683263,161,0.21592548064300537
10-236-01505,BIHAR,Gaya,Bodh Gaya,0,0,,196,10,1505,,120948.91182130505,306843965.9119923,0.001308935171813965,0.0010883737382167316,230,0.2503259597898483
10-236-01506,BIHAR,Gaya,Tan Kuppa,0,0,,196,10,1506,,108147.94853451202,190099968.23000297,0.001563609044418335,0.0013659520502978652,134,0.18303757473991394
10-240-01542,BIHAR,Arwal,Arwal,0,0,,611,10,1542,,73924.8054791393,147787869.27798152,0.0009680351714134217,0.0009626785118093857,104,0.10011856522817611
10-236-01507,BIHAR,Gaya,Wazirganj,0,0,,196,10,1507,,105472.06999302967,323030583.61833626,0.001563609044418335,0.0015194347839137252,236,0.35858660900363915
10-236-01508,BIHAR,Gaya,Fatehpur,0,0,,196,10,1508,,155359.44599717355,408449805.62920874,0.001563609044418335,0.0012247173113303436,304,0.37231406264442446
10-240-01543,BIHAR,Arwal,Kaler,0,0,,611,10,1543,,67777.19153730445,176075758.749563,0.0009561552844238282,0.0009488721105869671,131,0.1243022464868927
10-236-01509,BIHAR,Gaya,Mohanpur,0,0,,196,10,1509,,119906.24818546322,418796109.2883684,0.001308935171813965,0.0011777936704682203,303,0.35687148215187076
10-240-01544,BIHAR,Arwal,Karpi,0,0,,611,10,1544,,158139.92638461498,234985661.7206014,0.0009977934120941163,0.0009686623587634953,172,0.1666099257073212
10-236-01510,BIHAR,Gaya,Barachatti,0,0,,196,10,1510,,138753.78132836288,366328956.31361085,0.001308935171813965,0.0012831206244806462,275,0.3528581717321777
10-237-01513,BIHAR,Nawada,Warisaliganj,0,0,,210,10,1513,,109792.76918459819,202861050.3008767,0.0011907183589935303,0.0010642161066866246,147,0.15643976768293383
10-237-01514,BIHAR,Nawada,Kashi Chak,0,0,,210,10,1514,,73948.94452619922,98983451.20841853,0.0011907183589935303,0.0011907183589935303,72,0.08573172184753418
10-237-01515,BIHAR,Nawada,Pakribarawan,0,0,,210,10,1515,,104545.76938151139,251834567.85717744,0.0011907183589935303,0.0011907183589935303,184,0.21909217805480957
10-237-01516,BIHAR,Nawada,Kawakol,0,0,,210,10,1516,,121170.20018263235,362955647.76482904,0.0011907183589935303,0.0009194970331303877,266,0.2445862108126831
10-237-01518,BIHAR,Nawada,Gobindpur,0,0,,210,10,1518,,73133.35659787485,188189390.13263756,0.0009969319228363038,0.0009920084848518372,140,0.1388811878792572
10-237-01519,BIHAR,Nawada,Akbarpur,0,0,,210,10,1519,,91268.2921062847,249541236.96202633,0.0009787929407882691,0.0009787929407882691,184,0.18009790110504154
10-237-01520,BIHAR,Nawada,Hisua,0,0,,210,10,1520,,85113.4923130193,144090762.99664384,0.001563609044418335,0.001150563247906428,104,0.11965857778226853
10-237-01521,BIHAR,Nawada,Narhat,0,0,,210,10,1521,,62856.50481924386,99624005.77002536,0.0009787929407882691,0.000978792940788269,69,0.06753671291439056
10-237-01522,BIHAR,Nawada,Meskaur,0,0,,210,10,1522,,75185.00287586387,145604023.18435815,0.001563609044418335,0.001396518729095459,112,0.1564100976586914
10-237-01523,BIHAR,Nawada,Sirdala,0,0,,210,10,1523,,111278.51695598938,301894539.186342,0.001563609044418335,0.001091679730872933,218,0.23798618133029942
10-237-01524,BIHAR,Nawada,Rajauli,0,0,,210,10,1524,,132370.86211000624,450216393.36794454,0.0009969319228363038,0.0008835484707499554,333,0.2942216407597351
10-238-01525,BIHAR,Jamui,Islamnagar Aliganj,0,0,,198,10,1525,,96153.77396855215,213408239.47295904,0.0011907183589935303,0.0010889590541135349,156,0.16987761244171143
10-238-01526,BIHAR,Jamui,Sikandra,0,0,,198,10,1526,,86788.2538333537,223096734.30010977,0.0010818541681671143,0.0010740310745630144,162,0.17399303407920835
10-238-01527,BIHAR,Jamui,Jamui,0,0,,198,10,1527,,90084.78430112793,212157753.6648698,0.0010818541681671143,0.0010630738904706893,155,0.16477645302295685
10-238-01528,BIHAR,Jamui,Barhat,0,0,,198,10,1528,,114104.37581341481,270298087.1382075,0.0010628283966445924,0.000884791152536615,197,0.17430385704971316
10-238-01529,BIHAR,Jamui,Lakshmipur,0,0,,198,10,1529,,112147.89260238525,307635253.00857943,0.0010628283966445924,0.00028342090577189135,225,0.06376970379867555
10-238-01530,BIHAR,Jamui,Jhajha,0,0,,198,10,1530,,147664.43327942316,507112726.974952,0.001153180757484436,0.001065081654294813,370,0.39408021208908084
10-238-01532,BIHAR,Jamui,Khaira,0,0,,198,10,1532,,142747.05687020053,513762691.7981683,0.0010818541681671143,0.0009585484023836374,377,0.3613727476986313
10-238-01533,BIHAR,Jamui,Sono,0,0,,198,10,1533,,117724.39892386932,474283005.7300444,0.0012244459073638917,0.001045185174465781,349,0.36476962588855755
10-238-01534,BIHAR,Jamui,Chakai,0,0,,198,10,1534,,243956.2217086091,956725034.6798706,0.0012244459073638917,0.0010855335648587909,700,0.7598734954011537
10-239-01535,BIHAR,Jehanabad,Ratni Faridpur,0,0,,199,10,1535,,82762.53932271499,155018952.20303965,0.0009977934120941163,0.0009206464143861804,114,0.10495369124002457
10-239-01536,BIHAR,Jehanabad,Jehanabad,0,0,,199,10,1536,,97254.09844747804,201426556.69272655,0.0009093896176147462,0.000909389617614746,148,0.13458966340698242
10-239-01537,BIHAR,Jehanabad,Kako,0,0,,199,10,1537,,83599.3529020472,162373941.78194478,0.0009093896176147462,0.000909389617614746,118,0.10730797487854003
10-239-01538,BIHAR,Jehanabad,Modanganj,0,0,,199,10,1538,,66522.90037500951,97205276.85869928,0.0009093896176147462,0.0007906729151673248,69,0.05455643114654541
10-239-01539,BIHAR,Jehanabad,Ghoshi,0,0,,199,10,1539,,82931.95174196921,112225161.55433495,0.0009093896176147462,0.0008270660881878956,83,0.06864648531959533
10-239-01540,BIHAR,Jehanabad,Makhdumpur,0,0,,199,10,1540,,128831.72570768485,301471679.33572614,0.0009093896176147462,0.0007782190353593958,217,0.16887353067298888
10-239-01541,BIHAR,Jehanabad,Hulasganj,0,0,,199,10,1541,,87179.53907708311,119677697.18988888,0.0009093896176147462,0.0008241929765870837,90,0.07417736789283753
10-240-01545,BIHAR,Arwal,Sonbhadra Banshi Suryapur,0,0,,611,10,1545,,62692.97791397586,116643000.97724338,0.0009977934120941163,0.0009906227516891296,83,0.08222168839019775
10-240-01546,BIHAR,Arwal,Kurtha,0,0,,611,10,1546,,71585.17106640573,106433073.5354984,0.0009977934120941163,0.0009832958076599317,78,0.07669707299747466
10-224-01334,BIHAR,Bhagalpur,Gopalpur,0,0,,192,10,1334,,95407.9186210158,208941966.91883087,0.0,0.0,153,0.0
10-210-01127,BIHAR,Kishanganj,Kishanganj,0,0,,203,10,1127,,125268.33771117091,207105687.55921903,0.0,0.0,152,0.0
10-206-01064,BIHAR,Sitamarhi,Suppi,0,0,,221,10,1064,,71084.15120823232,92250451.53846286,0.0,0.0,66,0.0
10-234-01463,BIHAR,Rohtas,Nasriganj,0,0,,215,10,1463,,90034.07903274363,167356919.18355417,0.00062647212890625,0.0005475801871163504,126,0.06899510357666015
10-234-01464,BIHAR,Rohtas,Rajpur,0,0,,215,10,1464,,68660.48684625747,85633596.4997788,0.0005473030934143066,0.0005473030934143066,63,0.034480094885101314
10-234-01465,BIHAR,Rohtas,Sanjhauli,0,0,,215,10,1465,,56591.722358052,83833486.39015438,0.0006124878265380859,0.0006000716868954612,63,0.03780451627441406
10-203-01023,BIHAR,Pashchim Champaran,Thakrahan,0,0,,211,10,1023,,79847.09402015881,199004696.79409248,0.0,0.0,145,0.0
10-204-01054,BIHAR,Purbi Champaran,Phenhara,0,0,,213,10,1054,,44565.43736457999,67645025.94776015,0.0,0.0,51,0.0
10-219-01262,BIHAR,Saran,Maker,0,0,,218,10,1262,,62357.8736467211,96585777.9808088,0.0,0.0,71,0.0
10-220-01282,BIHAR,Vaishali,Sahdai Buzurg,0,0,,224,10,1282,,74546.65030748869,114161677.3631406,0.0,0.0,84,0.0
10-229-01388,BIHAR,Nalanda,Tharthari,0,0,,209,10,1388,,71853.42144919158,77411758.12428828,0.0006313290146446229,0.0005636863458075347,54,0.030439062673606875
10-229-01389,BIHAR,Nalanda,Parbalpur,0,0,,209,10,1389,,54466.2339431045,76043839.88376136,0.0006313290146446229,0.000514852480295045,56,0.028831738896522522
10-203-01022,BIHAR,Pashchim Champaran,Bhitaha,0,0,,211,10,1022,,72626.86760213553,166969906.7472905,0.0,0.0,117,0.0
10-203-01013,BIHAR,Pashchim Champaran,Sidhaw,0,0,,211,10,1013,,195582.3602130639,1085337194.6715722,0.0,0.0,781,0.0
10-203-01014,BIHAR,Pashchim Champaran,Ramnagar,0,0,,211,10,1014,,230865.78384139363,866139404.2451236,0.0,0.0,621,0.0
10-203-01015,BIHAR,Pashchim Champaran,Gaunaha,0,0,,211,10,1015,,136504.94021895694,605322845.3823951,0.0,0.0,441,0.0
10-203-01016,BIHAR,Pashchim Champaran,Mainatanr,0,0,,211,10,1016,,115419.13930249632,312998546.4010918,0.0,0.0,221,0.0
10-203-01017,BIHAR,Pashchim Champaran,Narkatiaganj,0,0,,211,10,1017,,149144.20649331805,441857686.2127825,0.0,0.0,314,0.0
10-203-01018,BIHAR,Pashchim Champaran,Lauriya,0,0,,211,10,1018,,120853.32018665274,255440417.54612216,0.0,0.0,183,0.0
10-203-01019,BIHAR,Pashchim Champaran,Bagaha,0,0,,211,10,1019,,135587.24079810514,491292931.53180623,0.0,0.0,352,0.0
10-203-01021,BIHAR,Pashchim Champaran,Madhubani,0,0,,211,10,1021,,144670.82201821523,386116138.1353823,0.0,0.0,276,0.0
10-203-01024,BIHAR,Pashchim Champaran,Jogapatti,0,0,,211,10,1024,,88530.23644360513,258722436.3759333,0.0,0.0,186,0.0
10-203-01029,BIHAR,Pashchim Champaran,Bairia,0,0,,211,10,1029,,105039.82861382668,288505226.87341565,0.0,0.0,208,0.0
10-203-01025,BIHAR,Pashchim Champaran,Chanpatia,0,0,,211,10,1025,,113543.7602983494,310017349.34780717,0.0,0.0,226,0.0
10-206-01071,BIHAR,Sitamarhi,Parsauni,0,0,,221,10,1071,,63729.135625112256,74724139.64418457,0.0,0.0,55,0.0
10-203-01026,BIHAR,Pashchim Champaran,Sikta,0,0,,211,10,1026,,93443.22825707054,255004178.86147365,0.0,0.0,183,0.0
10-203-01027,BIHAR,Pashchim Champaran,Majhaulia,0,0,,211,10,1027,,123374.4030721297,371511179.15939575,0.0,0.0,265,0.0
10-203-01028,BIHAR,Pashchim Champaran,Bettiah,0,0,,211,10,1028,,53968.26030594324,83182055.35378212,0.0,0.0,59,0.0
10-203-01030,BIHAR,Pashchim Champaran,Nautan,0,0,,211,10,1030,,122656.63983711715,245738630.13883996,0.0,0.0,171,0.0
10-204-01031,BIHAR,Purbi Champaran,Raxaul,0,0,,213,10,1031,,98709.78801801558,166685360.13968688,0.0,0.0,124,0.0
10-206-01072,BIHAR,Sitamarhi,Belsand,0,0,,221,10,1072,,66235.5873217276,97354060.86547032,0.0,0.0,70,0.0
10-206-01073,BIHAR,Sitamarhi,Runisaidpur,0,0,,221,10,1073,,152472.54206325076,334873257.0825382,0.0,0.0,243,0.0
10-204-01032,BIHAR,Purbi Champaran,Adapur,0,0,,213,10,1032,,94532.37688292323,199608924.7111849,0.0,0.0,148,0.0
10-206-01074,BIHAR,Sitamarhi,Dumra,0,0,,221,10,1074,,111649.34177378344,241159212.36062923,0.0,0.0,178,0.0
10-204-01033,BIHAR,Purbi Champaran,Ramgarhwa,0,0,,213,10,1033,,90718.26831189607,213035907.5226096,0.0,0.0,154,0.0
10-204-01034,BIHAR,Purbi Champaran,Sugauli,0,0,,213,10,1034,,84892.41923436844,209336830.19001696,0.0,0.0,149,0.0
10-204-01038,BIHAR,Purbi Champaran,Ghorasahan,0,0,,213,10,1038,,75335.10865687576,144368243.47105,0.0,0.0,104,0.0
10-204-01035,BIHAR,Purbi Champaran,Banjaria,0,0,,213,10,1035,,102381.40449613356,176960195.87167916,0.0,0.0,124,0.0
10-204-01047,BIHAR,Purbi Champaran,Kesaria,0,0,,213,10,1047,,87546.8206889307,229535442.11688668,0.0,0.0,168,0.0
10-204-01036,BIHAR,Purbi Champaran,Narkatia,0,0,,213,10,1036,,105607.09704406632,168338010.30978012,0.0,0.0,120,0.0
10-204-01037,BIHAR,Purbi Champaran,Bankatwa,0,0,,213,10,1037,,99233.37216886049,115311013.90225838,0.0,0.0,82,0.0
10-204-01039,BIHAR,Purbi Champaran,Dhaka,0,0,,213,10,1039,,97673.73467814895,202386545.86227983,0.0,0.0,145,0.0
10-204-01048,BIHAR,Purbi Champaran,Kalyanpur,0,0,,213,10,1048,,109413.20044555076,313300912.50613195,0.0,0.0,230,0.0
10-204-01040,BIHAR,Purbi Champaran,Chiraia,0,0,,213,10,1040,,110764.71696779084,272984575.32652414,0.0,0.0,199,0.0
10-204-01041,BIHAR,Purbi Champaran,Motihari,0,0,,213,10,1041,,181544.26702654368,319814691.13850176,0.0,0.0,241,0.0
10-204-01049,BIHAR,Purbi Champaran,Kotwa,0,0,,213,10,1049,,78879.98205471091,178282937.71225017,0.0,0.0,126,0.0
10-204-01042,BIHAR,Purbi Champaran,Turkaulia,0,0,,213,10,1042,,99475.78497366334,174748315.94966665,0.0,0.0,130,0.0
10-204-01050,BIHAR,Purbi Champaran,Piprakothi,0,0,,213,10,1050,,58369.33889310607,62223774.49301849,0.0,0.0,45,0.0
10-204-01043,BIHAR,Purbi Champaran,Harsidhi,0,0,,213,10,1043,,133904.34238337883,240218359.62130272,0.0,0.0,173,0.0
10-204-01044,BIHAR,Purbi Champaran,Paharpur,0,0,,213,10,1044,,108730.62076802726,192061375.0173064,0.0,0.0,144,0.0
10-204-01045,BIHAR,Purbi Champaran,Areraj,0,0,,213,10,1045,,93331.67353690567,242725576.26244012,0.0,0.0,174,0.0
10-204-01046,BIHAR,Purbi Champaran,Sangrampur,0,0,,213,10,1046,,78133.67961210197,187659878.02718252,0.0,0.0,133,0.0
10-204-01051,BIHAR,Purbi Champaran,Chakia(Pipra),0,0,,213,10,1051,,129110.66914194856,212940547.80779588,0.0,0.0,145,0.0
10-204-01052,BIHAR,Purbi Champaran,Pakri Dayal,0,0,,213,10,1052,,90143.40730437863,148110040.62869397,0.0,0.0,106,0.0
10-204-01053,BIHAR,Purbi Champaran,Patahi,0,0,,213,10,1053,,85994.51677214028,144960443.14880535,0.0,0.0,100,0.0
10-204-01055,BIHAR,Purbi Champaran,Madhuban,0,0,,213,10,1055,,112681.00006095257,152424272.44650427,0.0,0.0,114,0.0
10-204-01056,BIHAR,Purbi Champaran,Tetaria,0,0,,213,10,1056,,82320.72754353678,104458405.63845472,0.0,0.0,74,0.0
10-205-01058,BIHAR,Sheohar,Purnahiya,0,0,,220,10,1058,,57294.126150412616,80859097.14068061,0.0,0.0,59,0.0
10-204-01057,BIHAR,Purbi Champaran,Mehsi,0,0,,213,10,1057,,125063.78039343117,149773808.08158112,0.0,0.0,108,0.0
10-205-01059,BIHAR,Sheohar,Piprarhi,0,0,,220,10,1059,,105870.45511307275,104265216.9562483,0.0,0.0,77,0.0
10-205-01060,BIHAR,Sheohar,Sheohar,0,0,,220,10,1060,,81007.5322908237,115638983.35873616,0.0,0.0,83,0.0
10-205-01061,BIHAR,Sheohar,Dumri Katsari,0,0,,220,10,1061,,65038.65439014734,84655470.24819931,0.0,0.0,59,0.0
10-205-01062,BIHAR,Sheohar,Tariani Chowk,0,0,,220,10,1062,,97491.22869259815,171878914.60720828,0.0,0.0,126,0.0
10-206-01063,BIHAR,Sitamarhi,Bairgania,0,0,,221,10,1063,,59598.621146511534,94417571.99630062,0.0,0.0,70,0.0
10-206-01065,BIHAR,Sitamarhi,Majorganj,0,0,,221,10,1065,,62808.55729710282,95411217.42446172,0.0,0.0,68,0.0
10-206-01066,BIHAR,Sitamarhi,Sonbarsa,0,0,,221,10,1066,,92820.94699371175,224104085.6083578,0.0,0.0,155,0.0
10-206-01067,BIHAR,Sitamarhi,Parihar,0,0,,221,10,1067,,86838.20299610356,272812569.4060281,0.0,0.0,197,0.0
10-207-01095,BIHAR,Madhubani,Rajnagar,0,0,,206,10,1095,,78809.12744912357,223111125.2667772,0.0,0.0,158,0.0
10-206-01068,BIHAR,Sitamarhi,Sursand,0,0,,221,10,1068,,91215.71647520129,181412871.1123928,0.0,0.0,134,0.0
10-206-01069,BIHAR,Sitamarhi,Bathnaha,0,0,,221,10,1069,,120764.04051803834,251403523.12922087,0.0,0.0,185,0.0
10-206-01070,BIHAR,Sitamarhi,Riga,0,0,,221,10,1070,,129433.73210860479,163724219.02092636,0.0,0.0,114,0.0
10-210-01123,BIHAR,Kishanganj,Thakurganj,0,0,,203,10,1123,,224971.2940646554,491161543.46963537,0.0,0.0,353,0.0
10-210-01124,BIHAR,Kishanganj,Pothia,0,0,,203,10,1124,,167388.9118766352,443844792.4531903,0.0,0.0,321,0.0
10-210-01125,BIHAR,Kishanganj,Bahadurganj,0,0,,203,10,1125,,155296.13881782343,347494200.8377232,0.0,0.0,251,0.0
10-210-01126,BIHAR,Kishanganj,Kochadhamin,0,0,,203,10,1126,,139640.52665725534,360840233.8364798,0.0,0.0,258,0.0
10-211-01128,BIHAR,Purnia,Banmankhi,0,0,,214,10,1128,,142815.61519736593,459936087.34673214,0.0,0.0,333,0.0
10-206-01075,BIHAR,Sitamarhi,Bajpatti,0,0,,221,10,1075,,90407.29439213518,174303329.1783474,0.0,0.0,125,0.0
10-206-01076,BIHAR,Sitamarhi,Charaut,0,0,,221,10,1076,,85128.15752493152,91349700.81924292,0.0,0.0,62,0.0
10-206-01077,BIHAR,Sitamarhi,Pupri,0,0,,221,10,1077,,73992.24203369493,115338203.66308306,0.0,0.0,82,0.0
10-206-01078,BIHAR,Sitamarhi,Nanpur,0,0,,221,10,1078,,73315.01223618646,135892566.9983101,0.0,0.0,100,0.0
10-220-01283,BIHAR,Vaishali,Mahnar,0,0,,224,10,1283,,81638.1139853176,126474580.44313861,0.0,0.0,89,0.0
10-206-01079,BIHAR,Sitamarhi,Bokhara,0,0,,221,10,1079,,81978.13188098712,108574895.39827529,0.0,0.0,79,0.0
10-207-01080,BIHAR,Madhubani,Madhwapur,0,0,,206,10,1080,,88808.76172423853,137557654.90878707,0.0,0.0,103,0.0
10-207-01081,BIHAR,Madhubani,Harlakhi,0,0,,206,10,1081,,90217.76640094945,187441757.00046396,0.0,0.0,138,0.0
10-207-01082,BIHAR,Madhubani,Basopatti,0,0,,206,10,1082,,97634.90682970545,164238774.4639331,0.0,0.0,122,0.0
10-207-01089,BIHAR,Madhubani,Khajauli,0,0,,206,10,1089,,91171.28062794723,150968724.81279027,0.0,0.0,108,0.0
10-207-01083,BIHAR,Madhubani,Jainagar,0,0,,206,10,1083,,81489.61423509955,161880108.8306139,0.0,0.0,115,0.0
10-207-01090,BIHAR,Madhubani,Kaluahi,0,0,,206,10,1090,,62305.281593423286,101560283.08963235,0.0,0.0,75,0.0
10-207-01084,BIHAR,Madhubani,Ladania,0,0,,206,10,1084,,97928.14946240213,232665607.5684243,0.0,0.0,164,0.0
10-207-01085,BIHAR,Madhubani,Laukaha,0,0,,206,10,1085,,102032.19667129294,266340932.00179368,0.0,0.0,197,0.0
10-207-01086,BIHAR,Madhubani,Laukahi,0,0,,206,10,1086,,109679.24973352649,329223432.564553,0.0,0.0,237,0.0
10-207-01087,BIHAR,Madhubani,Phulparas,0,0,,206,10,1087,,117974.41186319289,199352334.8677591,0.0,0.0,140,0.0
10-207-01088,BIHAR,Madhubani,Babubarhi,0,0,,206,10,1088,,118996.04641992833,237192379.86086744,0.0,0.0,174,0.0
10-207-01091,BIHAR,Madhubani,Benipatti,0,0,,206,10,1091,,128414.2409747215,328987645.9449377,0.0,0.0,231,0.0
10-207-01092,BIHAR,Madhubani,Bisfi,0,0,,206,10,1092,,99754.46134559005,226192948.413646,0.0,0.0,165,0.0
10-207-01093,BIHAR,Madhubani,Madhubani,0,0,,206,10,1093,,109764.71764889831,200359220.56727448,0.0,0.0,142,0.0
10-207-01094,BIHAR,Madhubani,Pandaul,0,0,,206,10,1094,,102372.75527307783,208327489.63825428,0.0,0.0,148,0.0
10-207-01096,BIHAR,Madhubani,Andhratharhi,0,0,,206,10,1096,,97300.5167595078,186769445.10608673,0.0,0.0,134,0.0
10-207-01097,BIHAR,Madhubani,Jhanjharpur,0,0,,206,10,1097,,125261.96837896874,181284371.95402232,0.0,0.0,132,0.0
10-207-01098,BIHAR,Madhubani,Ghoghardiha,0,0,,206,10,1098,,114215.40677637524,211228851.4219488,0.0,0.0,159,0.0
10-207-01099,BIHAR,Madhubani,Lakhnaur,0,0,,206,10,1099,,72956.74167609161,146945623.14022,0.0,0.0,110,0.0
10-207-01100,BIHAR,Madhubani,Madhepur,0,0,,206,10,1100,,144505.38034518834,300452948.5687113,0.0,0.0,212,0.0
10-208-01101,BIHAR,Supaul,Nirmali,0,0,,223,10,1101,,123310.21889922836,162734364.67066902,0.0,0.0,118,0.0
10-208-01102,BIHAR,Supaul,Basantpur,0,0,,223,10,1102,,136288.63693043106,319456339.75100917,0.0,0.0,228,0.0
10-208-01103,BIHAR,Supaul,Chhatapur,0,0,,223,10,1103,,142271.17176584958,398825687.2446475,0.0,0.0,285,0.0
10-208-01104,BIHAR,Supaul,Pratapganj,0,0,,223,10,1104,,71155.69013184242,133032565.19323792,0.0,0.0,97,0.0
10-208-01105,BIHAR,Supaul,Raghopur,0,0,,223,10,1105,,111831.20983491397,255841046.48838165,0.0,0.0,187,0.0
10-221-01285,BIHAR,Samastipur,Warisnagar,0,0,,217,10,1285,,90241.30323013186,163846086.5162723,0.0,0.0,120,0.0
10-208-01106,BIHAR,Supaul,Saraigarh Bhaptiyahi,0,0,,223,10,1106,,105489.5116383213,257042943.27229512,0.0,0.0,189,0.0
10-208-01107,BIHAR,Supaul,Kishanpur,0,0,,223,10,1107,,125516.73810076228,248613546.3002807,0.0,0.0,177,0.0
10-208-01108,BIHAR,Supaul,Marauna,0,0,,223,10,1108,,114969.59778192453,206419565.01179272,0.0,0.0,149,0.0
10-208-01109,BIHAR,Supaul,Supaul,0,0,,223,10,1109,,122628.008173687,390920691.5720901,0.0,0.0,287,0.0
10-208-01110,BIHAR,Supaul,Pipra,0,0,,223,10,1110,,113516.78657800167,247320462.25611627,0.0,0.0,181,0.0
10-221-01287,BIHAR,Samastipur,Khanpur,0,0,,217,10,1287,,89337.20668890505,173313349.37261373,0.0,0.0,127,0.0
10-208-01111,BIHAR,Supaul,Tribeniganj,0,0,,223,10,1111,,136684.8917573132,402291551.99740016,0.0,0.0,290,0.0
10-209-01112,BIHAR,Araria,Narpatganj,0,0,,188,10,1112,,196352.82868709194,482872068.7863751,0.0,0.0,351,0.0
10-209-01113,BIHAR,Araria,Forbesganj,0,0,,188,10,1113,,165874.55860340688,546946456.996027,0.0,0.0,392,0.0
10-209-01114,BIHAR,Araria,Bhargama,0,0,,188,10,1114,,140909.75235341018,280499778.1128878,0.0,0.0,206,0.0
10-209-01115,BIHAR,Araria,Raniganj,0,0,,188,10,1115,,160625.61646677545,576910744.770993,0.0,0.0,418,0.0
10-209-01116,BIHAR,Araria,Araria,0,0,,188,10,1116,,192057.15187743204,506918787.2643526,0.0,0.0,371,0.0
10-209-01117,BIHAR,Araria,Kursakatta,0,0,,188,10,1117,,96566.38525637137,201032230.408231,0.0,0.0,147,0.0
10-209-01118,BIHAR,Araria,Sikti,0,0,,188,10,1118,,116798.35346995249,237753016.2819182,0.0,0.0,177,0.0
10-209-01119,BIHAR,Araria,Palasi,0,0,,188,10,1119,,132578.70192307016,306240761.34804773,0.0,0.0,222,0.0
10-209-01120,BIHAR,Araria,Jokihat,0,0,,188,10,1120,,155370.9524619173,341005127.7602247,0.0,0.0,246,0.0
10-210-01121,BIHAR,Kishanganj,Terhagachh,0,0,,203,10,1121,,121953.02658094271,245208326.38245347,0.0,0.0,175,0.0
10-210-01122,BIHAR,Kishanganj,Dighalbank,0,0,,203,10,1122,,147432.83262190674,314385668.4331173,0.0,0.0,224,0.0
10-211-01129,BIHAR,Purnia,Barhara,0,0,,214,10,1129,,111073.17449432175,288009141.38478667,0.0,0.0,212,0.0
10-211-01130,BIHAR,Purnia,Bhawanipur,0,0,,214,10,1130,,116656.34435182877,201938838.4795833,0.0,0.0,147,0.0
10-211-01131,BIHAR,Purnia,Rupauli,0,0,,214,10,1131,,113946.660566684,308195114.8462847,0.0,0.0,227,0.0
10-211-01132,BIHAR,Purnia,Dhamdaha,0,0,,214,10,1132,,135370.01293426772,446856166.039676,0.0,0.0,326,0.0
10-211-01133,BIHAR,Purnia,Krityanand Nagar,0,0,,214,10,1133,,149407.41850079046,364443041.21247435,0.0,0.0,274,0.0
10-211-01134,BIHAR,Purnia,Purnia East,0,0,,214,10,1134,,127662.13358515713,309272824.56310594,0.0,0.0,228,0.0
10-211-01135,BIHAR,Purnia,Kasba,0,0,,214,10,1135,,130095.64608516233,215123054.3424731,0.0,0.0,154,0.0
10-211-01136,BIHAR,Purnia,Srinagar,0,0,,214,10,1136,,106220.57404900706,172405807.6412187,0.0,0.0,122,0.0
10-211-01137,BIHAR,Purnia,Jalalgarh,0,0,,214,10,1137,,87146.39992638786,142107808.6772385,0.0,0.0,102,0.0
10-211-01138,BIHAR,Purnia,Amour,0,0,,214,10,1138,,141371.93624621196,307011870.96961224,0.0,0.0,225,0.0
10-211-01139,BIHAR,Purnia,Baisa,0,0,,214,10,1139,,132173.35304950457,275191667.549805,0.0,0.0,197,0.0
10-211-01140,BIHAR,Purnia,Baisi,0,0,,214,10,1140,,118169.54825440844,253873549.02719215,0.0,0.0,187,0.0
10-211-01141,BIHAR,Purnia,Dagarua,0,0,,214,10,1141,,129309.28146976323,257465778.6329552,0.0,0.0,180,0.0
10-212-01142,BIHAR,Katihar,Falka,0,0,,201,10,1142,,100518.70580952488,208374539.8829749,0.0,0.0,150,0.0
10-212-01143,BIHAR,Katihar,Korha,0,0,,201,10,1143,,137118.64195203967,368801327.90483874,0.0,0.0,273,0.0
10-212-01144,BIHAR,Katihar,Hasanganj,0,0,,201,10,1144,,78227.29832785497,86155111.41022065,0.0,0.0,62,0.0
10-212-01145,BIHAR,Katihar,Kadwa,0,0,,201,10,1145,,157692.68144088247,420129854.10490626,0.0,0.0,307,0.0
10-212-01146,BIHAR,Katihar,Balrampur,0,0,,201,10,1146,,141815.18317465586,216253207.31133217,0.0,0.0,151,0.0
10-212-01147,BIHAR,Katihar,Barsoi,0,0,,201,10,1147,,172308.8160052511,357713388.6445612,0.0,0.0,261,0.0
10-212-01148,BIHAR,Katihar,Azamnagar,0,0,,201,10,1148,,141791.77759222616,349759708.1212404,0.0,0.0,253,0.0
10-221-01290,BIHAR,Samastipur,Tajpur,0,0,,217,10,1290,,57166.77792153786,83856612.1105223,0.0,0.0,61,0.0
10-212-01149,BIHAR,Katihar,Pranpur,0,0,,201,10,1149,,111803.70370561493,191475637.62126103,0.0,0.0,141,0.0
10-212-01150,BIHAR,Katihar,Dandkhora,0,0,,201,10,1150,,70987.07501110679,111201189.06340708,0.0,0.0,81,0.0
10-212-01151,BIHAR,Katihar,Katihar,0,0,,201,10,1151,,76845.81968857624,136830037.77828172,0.0,0.0,100,0.0
10-212-01152,BIHAR,Katihar,Mansahi,0,0,,201,10,1152,,73279.06289841712,97405011.1871763,0.0,0.0,73,0.0
10-212-01155,BIHAR,Katihar,Kursela,0,0,,201,10,1155,,80348.39413748268,153683091.52761996,0.0,0.0,117,0.0
10-212-01153,BIHAR,Katihar,Barari,0,0,,201,10,1153,,107333.93297446336,407446973.1478653,0.0,0.0,292,0.0
10-212-01154,BIHAR,Katihar,Sameli,0,0,,201,10,1154,,75105.36277909,118027198.2496544,0.0,0.0,81,0.0
10-212-01156,BIHAR,Katihar,Manihari,0,0,,201,10,1156,,130162.81635074862,303859830.4099729,0.0,0.0,221,0.0
10-212-01157,BIHAR,Katihar,Amdabad,0,0,,201,10,1157,,103742.71814675455,228302986.79665467,0.0,0.0,164,0.0
10-213-01158,BIHAR,Madhepura,Gamharia,0,0,,205,10,1158,,80141.00377515821,125479849.27382244,0.0,0.0,89,0.0
10-213-01160,BIHAR,Madhepura,Ghailarh,0,0,,205,10,1160,,78865.70647224285,116219722.2388165,0.0,0.0,83,0.0
10-213-01159,BIHAR,Madhepura,Singheshwar,0,0,,205,10,1159,,111627.30849980874,111167268.35246354,0.0,0.0,78,0.0
10-216-01210,BIHAR,Muzaffarpur,Bandra,0,0,,208,10,1210,,74293.85759884378,142020443.31484023,0.0,0.0,103,0.0
10-213-01161,BIHAR,Madhepura,Madhepura,0,0,,205,10,1161,,115084.47931226583,237801277.85767865,0.0,0.0,175,0.0
10-213-01162,BIHAR,Madhepura,Shankarpur,0,0,,205,10,1162,,63984.56408470212,128790837.874554,0.0,0.0,94,0.0
10-213-01163,BIHAR,Madhepura,Kumarkhand,0,0,,205,10,1163,,118191.24796123093,316976886.68211347,0.0,0.0,230,0.0
10-213-01164,BIHAR,Madhepura,Murliganj,0,0,,205,10,1164,,94211.11378994165,247086114.21145928,0.0,0.0,179,0.0
10-221-01293,BIHAR,Samastipur,Mohanpur,0,0,,217,10,1293,,74468.46489139357,163000016.77407515,0.0,0.0,120,0.0
10-213-01165,BIHAR,Madhepura,Gwalpara,0,0,,205,10,1165,,78037.2495556277,147267353.58482873,0.0,0.0,109,0.0
10-214-01172,BIHAR,Saharsa,Satar Kataiya,0,0,,216,10,1172,,77878.75925155886,177382280.64763528,0.0,0.0,130,0.0
10-213-01166,BIHAR,Madhepura,Bihariganj,0,0,,205,10,1166,,79669.40805645821,133818744.70956944,0.0,0.0,98,0.0
10-216-01211,BIHAR,Muzaffarpur,Dholi (Moraul),0,0,,208,10,1211,,63030.361633940505,73298422.6275262,0.0,0.0,50,0.0
10-213-01167,BIHAR,Madhepura,Kishanganj,0,0,,205,10,1167,,99817.47531025465,188055937.5971522,0.0,0.0,133,0.0
10-216-01212,BIHAR,Muzaffarpur,Musahri,0,0,,208,10,1212,,211487.75457487197,365415439.5943066,0.0,0.0,267,0.0
10-213-01168,BIHAR,Madhepura,Puraini,0,0,,205,10,1168,,63416.842365887525,103114850.3546553,0.0,0.0,76,0.0
10-214-01174,BIHAR,Saharsa,Kahara,0,0,,216,10,1174,,81070.16203244023,176788302.3737116,0.0,0.0,128,0.0
10-213-01169,BIHAR,Madhepura,Alamnagar,0,0,,205,10,1169,,94357.42058114092,211989804.11375904,0.0,0.0,151,0.0
10-213-01170,BIHAR,Madhepura,Chausa,0,0,,205,10,1170,,87285.75133964,172516848.53860697,0.0,0.0,124,0.0
10-214-01171,BIHAR,Saharsa,Nauhatta,0,0,,216,10,1171,,93228.84620468391,212763144.21707585,0.0,0.0,151,0.0
10-217-01227,BIHAR,Gopalganj,Sidhwalia,0,0,,197,10,1227,,69457.48217743407,152022198.31601515,0.0,0.0,109,0.0
10-214-01173,BIHAR,Saharsa,Mahishi,0,0,,216,10,1173,,106372.46434789852,273075178.2794974,0.0,0.0,195,0.0
10-214-01175,BIHAR,Saharsa,Saur Bazar,0,0,,216,10,1175,,88121.22998090234,233228921.9025612,0.0,0.0,171,0.0
10-214-01176,BIHAR,Saharsa,Patarghat,0,0,,216,10,1176,,67497.21582029684,149681422.04156074,0.0,0.0,105,0.0
10-214-01177,BIHAR,Saharsa,Sonbarsa,0,0,,216,10,1177,,90185.02153799882,263952116.041209,0.0,0.0,193,0.0
10-216-01199,BIHAR,Muzaffarpur,Sahebganj,0,0,,208,10,1199,,80060.99972290538,253055918.70266867,0.0,0.0,189,0.0
10-214-01178,BIHAR,Saharsa,Simri Bakhtiarpur,0,0,,216,10,1178,,119116.35548129058,266466354.66217396,0.0,0.0,194,0.0
10-214-01179,BIHAR,Saharsa,Salkhua,0,0,,216,10,1179,,82412.26684571667,221182533.93573853,0.0,0.0,163,0.0
10-214-01180,BIHAR,Saharsa,Banma Itahri,0,0,,216,10,1180,,54286.501575749484,92822449.4552088,0.0,0.0,68,0.0
10-215-01181,BIHAR,Darbhanga,Jale,0,0,,195,10,1181,,112473.57051363293,234172285.01568127,0.0,0.0,171,0.0
10-215-01182,BIHAR,Darbhanga,Singhwara,0,0,,195,10,1182,,121368.62688362494,223279889.67870736,0.0,0.0,162,0.0
10-215-01183,BIHAR,Darbhanga,Keotiranway,0,0,,195,10,1183,,89515.08566239705,180205403.4644349,0.0,0.0,131,0.0
10-215-01184,BIHAR,Darbhanga,Darbhanga,0,0,,195,10,1184,,131883.04966973627,240721362.1475316,0.0,0.0,174,0.0
10-215-01185,BIHAR,Darbhanga,Manigachhi,0,0,,195,10,1185,,96856.01003306538,158887287.31255177,0.0,0.0,114,0.0
10-215-01186,BIHAR,Darbhanga,Tardih,0,0,,195,10,1186,,96398.42232606321,109520018.96976715,0.0,0.0,79,0.0
10-215-01187,BIHAR,Darbhanga,Alinagar,0,0,,195,10,1187,,105560.56246873255,146523357.5416611,0.0,0.0,105,0.0
10-215-01188,BIHAR,Darbhanga,Benipur,0,0,,195,10,1188,,118482.30854716274,204643530.87647069,0.0,0.0,150,0.0
10-215-01189,BIHAR,Darbhanga,Bahadurpur,0,0,,195,10,1189,,155637.00049509996,221161760.4253616,0.0,0.0,158,0.0
10-215-01190,BIHAR,Darbhanga,Hanumannagar,0,0,,195,10,1190,,114393.83215098479,181536916.32106537,0.0,0.0,130,0.0
10-215-01191,BIHAR,Darbhanga,Hayaghat,0,0,,195,10,1191,,66118.49929402806,108810529.75916524,0.0,0.0,77,0.0
10-215-01192,BIHAR,Darbhanga,Baheri,0,0,,195,10,1192,,128629.1579498372,271307286.95794886,0.0,0.0,195,0.0
10-215-01193,BIHAR,Darbhanga,Biraul,0,0,,195,10,1193,,135706.32971678255,230203939.26841983,0.0,0.0,167,0.0
10-215-01194,BIHAR,Darbhanga,Ghanshyampur,0,0,,195,10,1194,,76766.91373126305,103945643.9979024,0.0,0.0,78,0.0
10-215-01195,BIHAR,Darbhanga,Kiratpur,0,0,,195,10,1195,,78793.19278562842,78915927.53877336,0.0,0.0,60,0.0
10-215-01196,BIHAR,Darbhanga,Gora Bauram,0,0,,195,10,1196,,99804.03366816713,145653476.81698695,0.0,0.0,104,0.0
10-215-01197,BIHAR,Darbhanga,Kusheshwar Asthan,0,0,,195,10,1197,,87220.16498537568,144130520.9401011,0.0,0.0,107,0.0
10-215-01198,BIHAR,Darbhanga,Kusheshwar Asthan Purbi,0,0,,195,10,1198,,91858.86035222423,150084285.43545517,0.0,0.0,112,0.0
10-216-01200,BIHAR,Muzaffarpur,Baruraj (Motipur),0,0,,208,10,1200,,125110.13599018812,365259305.4740948,0.0,0.0,263,0.0
10-216-01201,BIHAR,Muzaffarpur,Paroo,0,0,,208,10,1201,,136934.87791145188,413033977.3448192,0.0,0.0,295,0.0
10-216-01202,BIHAR,Muzaffarpur,Saraiya,0,0,,208,10,1202,,155820.80051537574,301402655.1404849,0.0,0.0,218,0.0
10-216-01203,BIHAR,Muzaffarpur,Marwan,0,0,,208,10,1203,,84959.92762229654,138736310.53842777,0.0,0.0,101,0.0
10-216-01204,BIHAR,Muzaffarpur,Kanti,0,0,,208,10,1204,,97122.90469976026,124757584.36625764,0.0,0.0,91,0.0
10-216-01205,BIHAR,Muzaffarpur,Minapur,0,0,,208,10,1205,,166218.11946715685,316124209.98756105,0.0,0.0,228,0.0
10-216-01206,BIHAR,Muzaffarpur,Bochaha,0,0,,208,10,1206,,126044.68100944142,233148755.94160384,0.0,0.0,167,0.0
10-216-01207,BIHAR,Muzaffarpur,Aurai,0,0,,208,10,1207,,101267.16719990574,247748190.77792475,0.0,0.0,177,0.0
10-216-01208,BIHAR,Muzaffarpur,Katra,0,0,,208,10,1208,,118891.9342746819,235108975.17115793,0.0,0.0,171,0.0
10-216-01209,BIHAR,Muzaffarpur,Gaighat,0,0,,208,10,1209,,111008.49869520529,259762671.68662548,0.0,0.0,191,0.0
10-216-01213,BIHAR,Muzaffarpur,Kurhani,0,0,,208,10,1213,,108106.10574110712,256354911.2077163,0.0,0.0,187,0.0
10-216-01214,BIHAR,Muzaffarpur,Sakra,0,0,,208,10,1214,,105121.4777371614,236360031.18726787,0.0,0.0,175,0.0
10-217-01215,BIHAR,Gopalganj,Katiya,0,0,,197,10,1215,,94755.55253264701,158441587.458013,0.0010137596078491212,0.0007965254061671667,112,0.08921084549072267
10-217-01216,BIHAR,Gopalganj,Bijaipur,0,0,,197,10,1216,,81309.59717969262,163112176.36717936,0.0010137596078491212,0.0010137596078491212,120,0.12165115294189455
10-217-01217,BIHAR,Gopalganj,Bhorey,0,0,,197,10,1217,,78790.65552761848,196013266.46535653,0.0010137596078491212,0.0005279997957547506,144,0.07603197058868409
10-217-01218,BIHAR,Gopalganj,Pach Deuri,0,0,,197,10,1218,,53698.212932643866,118295317.11973979,0.0,0.0,85,0.0
10-217-01219,BIHAR,Gopalganj,Kuchaikote,0,0,,197,10,1219,,101077.28158428885,316078491.04748106,0.0,0.0,226,0.0
10-217-01220,BIHAR,Gopalganj,Phulwaria,0,0,,197,10,1220,,81339.22200232239,118763292.85091434,0.0,0.0,89,0.0
10-217-01221,BIHAR,Gopalganj,Hathua,0,0,,197,10,1221,,91546.96202775641,183613061.83342972,0.0007851278009033203,0.0005192971281565269,127,0.06595073527587891
10-217-01222,BIHAR,Gopalganj,Uchkagaon,0,0,,197,10,1222,,80102.93001981139,142235093.67043933,0.0007851278009033203,5.184806232380417e-05,106,0.005495894606323242
10-217-01223,BIHAR,Gopalganj,Thawe,0,0,,197,10,1223,,57244.55575246375,89300191.60424533,0.0007851278009033203,1.226762188911438e-05,64,0.0007851278009033203
10-217-01224,BIHAR,Gopalganj,Gopalganj,0,0,,197,10,1224,,110313.13172782106,244420793.60160467,0.0,0.0,182,0.0
10-218-01232,BIHAR,Siwan,Goriakothi,0,0,,222,10,1232,,73201.39147651673,174963939.23516312,0.0,0.0,127,0.0
10-217-01225,BIHAR,Gopalganj,Manjha,0,0,,197,10,1225,,80242.78538873792,179389027.9828925,0.0,0.0,131,0.0
10-217-01226,BIHAR,Gopalganj,Barauli,0,0,,197,10,1226,,105754.79057670098,232227972.12586737,0.0,0.0,170,0.0
10-217-01228,BIHAR,Gopalganj,Baikunthpur,0,0,,197,10,1228,,97825.58906166903,256614409.24172768,0.0,0.0,185,0.0
10-218-01229,BIHAR,Siwan,Nautan,0,0,,222,10,1229,,58324.35348563096,81827813.66620097,0.0007851278009033203,0.0007851278009033204,58,0.04553741245239258
10-218-01230,BIHAR,Siwan,Siwan,0,0,,222,10,1230,,92599.06904644772,168879532.28230655,0.0007851278009033203,0.0007185915465894796,118,0.08479380249755859
10-218-01235,BIHAR,Siwan,Bhagwanpur Hat,0,0,,222,10,1235,,86430.4184146014,189582799.91524476,0.0006846607805633545,0.00010914882008981014,138,0.0150625371723938
10-218-01231,BIHAR,Siwan,Barharia,0,0,,222,10,1231,,90315.6629531122,219606934.01516393,0.0007851278009033203,1.4721146266937256e-05,160,0.002355383402709961
10-218-01233,BIHAR,Siwan,Lakri Nabiganj,0,0,,222,10,1233,,79648.98713303795,120773104.6039552,0.0,0.0,88,0.0
10-218-01234,BIHAR,Siwan,Basantpur,0,0,,222,10,1234,,57871.378293950496,76675463.02480637,0.0,0.0,56,0.0
10-218-01236,BIHAR,Siwan,Maharajganj,0,0,,222,10,1236,,119387.58843212528,142817377.5161484,0.0006846607805633545,0.0002592404897278721,103,0.026701770441970828
10-218-01237,BIHAR,Siwan,Pachrukhi,0,0,,222,10,1237,,99183.2392802834,160709761.40986398,0.0007851278009033203,3.3552470124073514e-05,117,0.003925639004516601
10-218-01238,BIHAR,Siwan,Hussainganj,0,0,,222,10,1238,,68784.84800107122,105975934.30464326,0.0007851278009033203,0.000697343957927807,74,0.051603452886657714
10-218-01239,BIHAR,Siwan,Ziradei,0,0,,222,10,1239,,98825.50869312549,152221780.48504183,0.0007851278009033203,0.0007846436072705244,111,0.0870954404070282
10-218-01240,BIHAR,Siwan,Mairwa,0,0,,222,10,1240,,65279.2242200428,88898123.37504825,0.0008789234727478028,0.000789391240532615,66,0.05209982187515259
10-218-01242,BIHAR,Siwan,Darauli,0,0,,222,10,1242,,90305.00161970501,214758375.6239279,0.0009367078765869141,0.0008025230312495078,155,0.12439106984367371
10-218-01241,BIHAR,Siwan,Guthani,0,0,,222,10,1241,,78778.78773845347,115110806.99004474,0.0008789234727478028,0.0008720603748079627,82,0.07150895073425294
10-219-01248,BIHAR,Saran,Mashrakh,0,0,,218,10,1248,,82075.7710341599,165898243.02109933,0.0,0.0,121,0.0
10-218-01243,BIHAR,Siwan,Andar,0,0,,222,10,1243,,83358.60866933218,125625010.62434034,0.0007851278009033203,0.0007375599505641542,87,0.06416771569908142
10-219-01249,BIHAR,Saran,Panapur,0,0,,218,10,1249,,75875.09329534958,182360909.7404776,0.0,0.0,128,0.0
10-218-01244,BIHAR,Siwan,Raghunathpur,0,0,,222,10,1244,,87824.68008836384,193566358.3438411,0.0007313823076629638,0.0007313823076629639,143,0.10458766999580384
10-219-01250,BIHAR,Saran,Taraiya,0,0,,218,10,1250,,53629.0613522338,97307015.09151264,0.0,0.0,74,0.0
10-218-01245,BIHAR,Siwan,Hasanpura,0,0,,222,10,1245,,82786.09108287447,121956119.03175904,0.0007313823076629638,0.0006887915270180537,87,0.05992486285057067
10-219-01251,BIHAR,Saran,Ishupur,0,0,,218,10,1251,,62425.60798229613,109300191.56908256,0.0,0.0,76,0.0
10-218-01246,BIHAR,Siwan,Daraundha,0,0,,222,10,1246,,105400.53795370483,157911066.26165873,0.0006846607805633545,0.0005953572004898734,115,0.06846607805633545
10-219-01256,BIHAR,Saran,Jalalpur,0,0,,218,10,1256,,65042.73641147566,147549697.72689733,0.0008094273852539063,0.00031799146906942696,106,0.033707095721359256
10-218-01247,BIHAR,Siwan,Siswan,0,0,,222,10,1247,,98184.39847010886,155554872.77293277,0.0007313823076629638,0.0006985509642956708,111,0.07753915703681946
10-219-01259,BIHAR,Saran,Nagra,0,0,,218,10,1259,,43289.948409307304,65110006.46242106,0.0008094273852539063,0.0003444371852144282,47,0.016188547705078125
10-219-01252,BIHAR,Saran,Baniapur,0,0,,218,10,1252,,89199.8841803021,219417775.87250236,0.0006846607805633545,1.6801491547566983e-05,163,0.002738643122253418
10-219-01253,BIHAR,Saran,Lahladpur,0,0,,218,10,1253,,49287.19248841685,70233795.44130237,0.0006846607805633545,0.00036971682150421147,50,0.018485841075210573
10-219-01254,BIHAR,Saran,Ekma,0,0,,218,10,1254,,99716.17236158185,176114988.01319405,0.0006846607805633545,0.0006846607805633545,128,0.08763657991210938
10-219-01255,BIHAR,Saran,Manjhi,0,0,,218,10,1255,,127085.43562979231,244607530.98349065,0.0007701061353302002,0.0006998449661750794,180,0.1259720939115143
10-219-01257,BIHAR,Saran,Revelganj,0,0,,218,10,1257,,84877.1419542779,179359801.45379385,0.0008094273852539063,0.0008062816852600099,125,0.10078521065750123
10-219-01258,BIHAR,Saran,Chapra,0,0,,218,10,1258,,119729.94798472138,239470568.44351175,0.0008094273852539063,0.0007588381736755371,176,0.13355551856689454
10-219-01260,BIHAR,Saran,Marhaura,0,0,,218,10,1260,,87240.95030017926,190752130.05196184,0.0008094273852539063,2.3632916357778286e-05,137,0.003237709541015625
10-219-01261,BIHAR,Saran,Amnour,0,0,,218,10,1261,,94922.90618840617,160109081.4065653,0.0008094273852539063,1.371910822464248e-05,118,0.0016188547705078126
10-219-01263,BIHAR,Saran,Parsa,0,0,,218,10,1263,,85595.91054800974,122749042.93573296,0.0,0.0,88,0.0
10-219-01266,BIHAR,Saran,Dighwara,0,0,,218,10,1266,,81943.45164265168,101347015.6655549,0.0,0.0,72,0.0
10-219-01264,BIHAR,Saran,Dariapur,0,0,,218,10,1264,,115477.27251924115,281302380.67878103,0.0,0.0,202,0.0
10-219-01265,BIHAR,Saran,Garkha,0,0,,218,10,1265,,90147.74693968748,213336409.9887166,0.0008094273852539063,0.0004152257365912896,154,0.0639447634350586
10-220-01269,BIHAR,Vaishali,Paterhi Belsar,0,0,,224,10,1269,,56227.36197278124,93522597.26160131,0.0,0.0,69,0.0
10-219-01267,BIHAR,Saran,Sonepur,0,0,,218,10,1267,,70412.64000247594,214865144.18564072,0.0,0.0,162,0.0
10-220-01268,BIHAR,Vaishali,Vaishali,0,0,,224,10,1268,,72706.90824879723,158663399.21103516,0.0,0.0,114,0.0
10-220-01270,BIHAR,Vaishali,Lalganj,0,0,,224,10,1270,,89595.71916906572,184177988.41986412,0.0,0.0,133,0.0
10-221-01294,BIHAR,Samastipur,Mohiuddinagar,0,0,,217,10,1294,,80607.53716768604,178536106.2701614,0.0,0.0,130,0.0
10-220-01271,BIHAR,Vaishali,Bhagwanpur,0,0,,224,10,1271,,98965.72708266653,142473218.81446454,0.0,0.0,102,0.0
10-220-01272,BIHAR,Vaishali,Goraul,0,0,,224,10,1272,,101989.77906286377,122446101.92943335,0.0,0.0,87,0.0
10-220-01273,BIHAR,Vaishali,Chehra Kalan,0,0,,224,10,1273,,63204.34388206024,89818122.94593617,0.0,0.0,66,0.0
10-220-01277,BIHAR,Vaishali,Raja Pakar,0,0,,224,10,1277,,58946.08844196175,93673217.82917874,0.0,0.0,72,0.0
10-220-01274,BIHAR,Vaishali,Patepur,0,0,,224,10,1274,,118180.33822078991,317029999.71255994,0.0,0.0,234,0.0
10-220-01275,BIHAR,Vaishali,Mahua,0,0,,224,10,1275,,86273.82517515696,171155586.12447235,0.0,0.0,125,0.0
10-220-01276,BIHAR,Vaishali,Jandaha,0,0,,224,10,1276,,99044.76663725945,179891527.10359335,0.0,0.0,128,0.0
10-220-01278,BIHAR,Vaishali,Hajipur,0,0,,224,10,1278,,80048.24731377292,194916759.16986817,0.0,0.0,140,0.0
10-220-01280,BIHAR,Vaishali,Bidupur,0,0,,224,10,1280,,88122.3198685409,139375575.9420912,0.0,0.0,99,0.0
10-220-01279,BIHAR,Vaishali,Raghopur,0,0,,224,10,1279,,128641.49950069311,338499790.0832371,0.0,0.0,246,0.0
10-220-01281,BIHAR,Vaishali,Desri,0,0,,224,10,1281,,50183.809114488824,56627949.53624974,0.0,0.0,43,0.0
10-221-01284,BIHAR,Samastipur,Kalyanpur,0,0,,217,10,1284,,147387.26660455638,294821482.9966942,0.0,0.0,214,0.0
10-221-01286,BIHAR,Samastipur,Shivaji Nagar,0,0,,217,10,1286,,96209.25031894707,172333979.18990555,0.0,0.0,130,0.0
10-221-01288,BIHAR,Samastipur,Samastipur,0,0,,217,10,1288,,112474.97484539819,170577777.20953664,0.0,0.0,123,0.0
10-221-01289,BIHAR,Samastipur,Pusa,0,0,,217,10,1289,,64081.7615729533,95008289.7510354,0.0,0.0,65,0.0
10-221-01291,BIHAR,Samastipur,Morwa,0,0,,217,10,1291,,104551.97847793197,152111293.7773472,0.0,0.0,106,0.0
10-221-01292,BIHAR,Samastipur,Patori,0,0,,217,10,1292,,69422.25062895294,130638318.44440164,0.0,0.0,93,0.0
10-221-01295,BIHAR,Samastipur,Sarairanjan,0,0,,217,10,1295,,96463.23467310029,185572344.2706523,0.0,0.0,145,0.0
10-221-01296,BIHAR,Samastipur,Vidyapati Nagar,0,0,,217,10,1296,,62930.2690484309,106322816.42401849,0.0,0.0,75,0.0
10-221-01297,BIHAR,Samastipur,Dalsinghsarai,0,0,,217,10,1297,,80515.23552986495,118201268.21451648,0.0,0.0,89,0.0
10-221-01298,BIHAR,Samastipur,Ujiarpur,0,0,,217,10,1298,,81756.09445970641,209497824.1015558,0.0,0.0,149,0.0
10-221-01300,BIHAR,Samastipur,Rosera,0,0,,217,10,1300,,84599.34785899956,138535375.895554,0.0,0.0,97,0.0
10-221-01299,BIHAR,Samastipur,Bibhutpur,0,0,,217,10,1299,,96600.53522783429,258332531.194082,0.0,0.0,187,0.0
10-221-01301,BIHAR,Samastipur,Singhia,0,0,,217,10,1301,,76055.88015393679,178639507.67998633,0.0,0.0,128,0.0
10-222-01307,BIHAR,Begusarai,Cheria Bariarpur,0,0,,191,10,1307,,80422.0696045629,127840547.1243011,0.0,0.0,89,0.0
10-221-01302,BIHAR,Samastipur,Hasanpur,0,0,,217,10,1302,,122795.93417076243,188091095.39019313,0.0,0.0,138,0.0
10-221-01303,BIHAR,Samastipur,Bithan,0,0,,217,10,1303,,72838.55780104545,149849875.79630712,0.0,0.0,109,0.0
10-222-01304,BIHAR,Begusarai,Khudabandpur,0,0,,191,10,1304,,49522.71992212785,59617610.47663844,0.0,0.0,39,0.0
10-222-01305,BIHAR,Begusarai,Chhorahi,0,0,,191,10,1305,,96201.09768359947,128309829.49376953,0.0,0.0,94,0.0
10-222-01306,BIHAR,Begusarai,Garhpura,0,0,,191,10,1306,,69581.28073662621,88651595.91159394,0.0,0.0,68,0.0
10-222-01308,BIHAR,Begusarai,Bhagwanpur,0,0,,191,10,1308,,102620.52088176137,147276258.21886113,0.0,0.0,106,0.0
10-223-01324,BIHAR,Khagaria,Mansi,0,0,,202,10,1324,,70720.37786012898,86151878.56106131,0.0,0.0,69,0.0
10-222-01309,BIHAR,Begusarai,Mansurchak,0,0,,191,10,1309,,55538.61039021854,42158333.283958256,0.0,0.0,31,0.0
10-224-01333,BIHAR,Bhagalpur,Rangra Chowk,0,0,,192,10,1333,,56200.86409227388,97946271.45940188,0.0,0.0,71,0.0
10-222-01310,BIHAR,Begusarai,Bachhwara,0,0,,191,10,1310,,112893.55520851951,186501763.14040864,0.0,0.0,138,0.0
10-222-01311,BIHAR,Begusarai,Teghra,0,0,,191,10,1311,,93442.93751421869,180050069.66821858,0.0,0.0,129,0.0
10-222-01312,BIHAR,Begusarai,Barauni,0,0,,191,10,1312,,90573.71511882372,141812926.41245717,0.0,0.0,102,0.0
10-222-01313,BIHAR,Begusarai,Birpur,0,0,,191,10,1313,,69057.86510087451,64693086.30641256,0.0,0.0,53,0.0
10-222-01314,BIHAR,Begusarai,Begusarai,0,0,,191,10,1314,,114572.02827886646,273941103.5239774,0.0,0.0,200,0.0
10-222-01315,BIHAR,Begusarai,Naokothi,0,0,,191,10,1315,,61794.845266753924,91575422.87048158,0.0,0.0,64,0.0
10-222-01316,BIHAR,Begusarai,Bakhri,0,0,,191,10,1316,,74902.13049058078,94921186.04856166,0.0,0.0,66,0.0
10-222-01317,BIHAR,Begusarai,Dandari,0,0,,191,10,1317,,77075.31892237118,85364223.36403492,0.0,0.0,65,0.0
10-222-01318,BIHAR,Begusarai,Sahebpur Kamal,0,0,,191,10,1318,,97820.3506924087,179327758.1582562,0.0,0.0,131,0.0
10-222-01319,BIHAR,Begusarai,Balia,0,0,,191,10,1319,,95726.56851828664,181873531.04775092,0.0,0.0,133,0.0
10-222-01320,BIHAR,Begusarai,Matihani,0,0,,191,10,1320,,104199.58891726227,214311339.790948,0.0,0.0,157,0.0
10-222-01321,BIHAR,Begusarai,Shamho Akha Kurha,0,0,,191,10,1321,,47884.70174269599,82130306.58899558,0.0,0.0,58,0.0
10-223-01322,BIHAR,Khagaria,Alauli,0,0,,202,10,1322,,117176.16085281859,337532903.06560946,0.0,0.0,244,0.0
10-223-01323,BIHAR,Khagaria,Khagaria,0,0,,202,10,1323,,164255.4907534744,325761754.1557925,0.0,0.0,229,0.0
10-223-01325,BIHAR,Khagaria,Chautham,0,0,,202,10,1325,,88833.5659059585,205164632.7891582,0.0,0.0,148,0.0
10-228-01376,BIHAR,Sheikhpura,Chewara,0,0,,219,10,1376,,77279.14911837938,141385828.1075451,0.0006865161034965516,0.0006766443221569988,103,0.06969436518217087
10-223-01326,BIHAR,Khagaria,Beldaur,0,0,,202,10,1326,,101449.44415348554,276820454.1841197,0.0,0.0,203,0.0
10-223-01327,BIHAR,Khagaria,Gogri,0,0,,202,10,1327,,109725.85953588395,321971045.3784509,0.0,0.0,231,0.0
10-223-01328,BIHAR,Khagaria,Parbatta,0,0,,202,10,1328,,89952.53209418767,286770838.53234714,0.0,0.0,215,0.0
10-224-01329,BIHAR,Bhagalpur,Narayanpur,0,0,,192,10,1329,,96964.50839109154,173637043.38008544,0.0,0.0,125,0.0
10-224-01330,BIHAR,Bhagalpur,Bihpur,0,0,,192,10,1330,,98960.16392998041,189427956.2070791,0.0,0.0,141,0.0
10-234-01472,BIHAR,Rohtas,Akorhi Gola,0,0,,215,10,1472,,71741.57946050014,124356844.03544964,0.0005473030934143066,0.0005473030934143066,94,0.05144649078094482
10-224-01331,BIHAR,Bhagalpur,Kharik,0,0,,192,10,1331,,103106.05203500649,169292223.68779984,0.0,0.0,125,0.0
10-224-01332,BIHAR,Bhagalpur,Naugachhia,0,0,,192,10,1332,,91833.23423872421,134223697.96961665,0.0,0.0,95,0.0
10-224-01335,BIHAR,Bhagalpur,Pirpainti,0,0,,192,10,1335,,138631.2255747686,411429376.6216011,0.0,0.0,294,0.0
10-224-01336,BIHAR,Bhagalpur,Kahalgaon,0,0,,192,10,1336,,128722.99744742387,352186242.20537144,0.0,0.0,255,0.0
10-224-01337,BIHAR,Bhagalpur,Ismailpur,0,0,,192,10,1337,,66332.03197363381,102752037.41138108,0.0,0.0,75,0.0
10-224-01338,BIHAR,Bhagalpur,Sabour,0,0,,192,10,1338,,85492.0541239663,141198925.34276122,0.0,0.0,102,0.0
10-226-01359,BIHAR,Munger,Dharhara,0,0,,207,10,1359,,105188.90103685112,355220468.750446,0.0,0.0,262,0.0
10-224-01339,BIHAR,Bhagalpur,Nathnagar,0,0,,192,10,1339,,105259.93673308079,163498377.60317266,0.0,0.0,117,0.0
10-226-01360,BIHAR,Munger,Kharagpur,0,0,,207,10,1360,,169586.30903503796,398589433.5102216,0.0,0.0,291,0.0
10-224-01340,BIHAR,Bhagalpur,Sultanganj,0,0,,192,10,1340,,139861.1879796442,266407467.3450057,0.0,0.0,198,0.0
10-224-01341,BIHAR,Bhagalpur,Shahkund,0,0,,192,10,1341,,93276.90256650816,208798734.37786233,0.0,0.0,153,0.0
10-224-01342,BIHAR,Bhagalpur,Goradih,0,0,,192,10,1342,,106918.08891287447,178026414.43832883,0.0,0.0,128,0.0
10-224-01343,BIHAR,Bhagalpur,Jagdishpur,0,0,,192,10,1343,,107045.71303668506,127447147.46016994,0.0,0.0,95,0.0
10-224-01344,BIHAR,Bhagalpur,Sonhaula,0,0,,192,10,1344,,84463.86530366821,214425428.57327408,0.0,0.0,160,0.0
10-225-01345,BIHAR,Banka,Shambhuganj,0,0,,190,10,1345,,85765.27415008907,217970788.89652416,0.0,0.0,157,0.0
10-225-01346,BIHAR,Banka,Amarpur,0,0,,190,10,1346,,98000.87839154692,234663534.19316816,0.0,0.0,176,0.0
10-225-01347,BIHAR,Banka,Rajaun,0,0,,190,10,1347,,86718.04358754268,242814641.5593075,0.0,0.0,179,0.0
10-226-01363,BIHAR,Munger,Tetiha Bambor,0,0,,207,10,1363,,73286.15332623897,95190725.80042528,0.0,0.0,70,0.0
10-225-01348,BIHAR,Banka,Dhuraiya,0,0,,190,10,1348,,106681.6377356153,285703540.38620996,0.0,0.0,208,0.0
10-225-01349,BIHAR,Banka,Barahat,0,0,,190,10,1349,,122910.23058217819,181202001.14064544,0.0,0.0,129,0.0
10-225-01350,BIHAR,Banka,Banka,0,0,,190,10,1350,,137083.07375503817,365153241.48788345,0.0,0.0,275,0.0
10-225-01351,BIHAR,Banka,Phulidumar,0,0,,190,10,1351,,117105.67306472127,248400685.45023423,0.0,0.0,176,0.0
10-225-01352,BIHAR,Banka,Belhar,0,0,,190,10,1352,,118426.40149548957,290570448.277483,0.0007662725299072265,7.877568064466814e-05,214,0.016857995657958983
10-225-01353,BIHAR,Banka,Chanan,0,0,,190,10,1353,,169565.08902723462,550876204.0147796,0.0007662725299072265,0.0003851880316741413,403,0.15523077676467895
10-225-01354,BIHAR,Banka,Katoria,0,0,,190,10,1354,,180268.89530762268,687665367.2781417,0.0006174605725860596,5.289004904621626e-05,502,0.026550804621200564
10-225-01355,BIHAR,Banka,Bausi,0,0,,190,10,1355,,109314.78149810205,385846183.7170387,0.0,0.0,284,0.0
10-226-01356,BIHAR,Munger,Munger,0,0,,207,10,1356,,162390.1628928388,306519605.49277806,0.0,0.0,227,0.0
10-226-01357,BIHAR,Munger,Bariarpur,0,0,,207,10,1357,,122433.4478606843,198040113.63802013,0.0,0.0,143,0.0
10-226-01358,BIHAR,Munger,Jamalpur,0,0,,207,10,1358,,72817.19566814511,112971204.64248075,0.0,0.0,79,0.0
10-226-01361,BIHAR,Munger,Asarganj,0,0,,207,10,1361,,61173.52838786665,72491453.98190036,0.0,0.0,52,0.0
10-226-01362,BIHAR,Munger,Tarapur,0,0,,207,10,1362,,54416.57713098438,86962445.68425661,0.0,0.0,62,0.0
10-226-01364,BIHAR,Munger,Sangrampur,0,0,,207,10,1364,,71205.18318302365,105786037.21986651,0.0,0.0,80,0.0
10-227-01366,BIHAR,Lakhisarai,Pipariya,0,0,,204,10,1366,,87968.2901826016,106258171.87143916,0.0,0.0,76,0.0
10-227-01365,BIHAR,Lakhisarai,Barahiya,0,0,,204,10,1365,,95965.48426593257,248505135.43154767,0.0,0.0,179,0.0
10-227-01367,BIHAR,Lakhisarai,Surajgarha,0,0,,204,10,1367,,140312.1609931406,462726462.37366486,0.0008939318006896974,0.00011831450303245997,340,0.04022693103103639
10-227-01368,BIHAR,Lakhisarai,Lakhisarai,0,0,,204,10,1368,,117670.76745524361,181316338.94823277,0.0008939318006896974,7.694340256038466e-05,133,0.010233472540531158
10-227-01369,BIHAR,Lakhisarai,Chanan*,0,0,,204,10,1369,,86014.87070350182,177670731.10250506,0.0008939318006896974,0.000726319588060379,128,0.09296890727172852
10-228-01375,BIHAR,Sheikhpura,Ghat Kusumbha,0,0,,219,10,1375,,80592.24583619394,99088070.68237934,0.0,0.0,70,0.0
10-227-01370,BIHAR,Lakhisarai,Ramgarh Chowk,0,0,,204,10,1370,,98990.57354622113,128567389.13844268,0.0008939318006896974,0.0006596646135460063,94,0.06200847367332459
10-227-01371,BIHAR,Lakhisarai,Halsi,0,0,,204,10,1371,,82594.8188222393,191441208.6304817,0.0008939318006896974,0.0006954692990588456,139,0.09667023256917953
10-228-01372,BIHAR,Sheikhpura,Barbigha,0,0,,219,10,1372,,83879.7675047183,115941853.486741,0.0,0.0,81,0.0
10-228-01373,BIHAR,Sheikhpura,Shekhopur Sarai,0,0,,219,10,1373,,59774.96229914819,65955650.61796794,0.0005701751013565063,0.00020918130186801492,45,0.009413158584060671
10-228-01374,BIHAR,Sheikhpura,Sheikhpura,0,0,,219,10,1374,,119718.3677454689,225551054.81458032,0.0006865161034965516,0.00014264383477132462,170,0.024249451911125187
10-228-01377,BIHAR,Sheikhpura,Ariari,0,0,,219,10,1377,,87552.5859976097,183445963.63454768,0.0006865161034965516,0.0005195244739022916,137,0.07117485292461395
10-229-01378,BIHAR,Nalanda,Karai Parsurai,0,0,,209,10,1378,,58523.47447411047,82148146.79064696,0.0005008752961730957,0.00022539388327789308,60,0.013523632996673585
10-229-01379,BIHAR,Nalanda,Nagar Nausa,0,0,,209,10,1379,,82570.35159490984,108015836.82811198,0.0006313290146446229,0.00024443845160579674,80,0.01955507612846374
10-229-01380,BIHAR,Nalanda,Harnaut,0,0,,209,10,1380,,124869.90123154312,224385440.0517296,0.0006313290146446229,0.00021959270074595582,161,0.03535442482009889
10-229-01381,BIHAR,Nalanda,Chandi,0,0,,209,10,1381,,70527.81459673235,147156102.481168,0.0006313290146446229,0.0005792009308666265,109,0.0631329014644623
10-229-01382,BIHAR,Nalanda,Rahui,0,0,,209,10,1382,,77076.6108369453,152249665.90613127,0.0006313290146446229,0.000607946458546674,108,0.0656582175230408
10-229-01383,BIHAR,Nalanda,Bind,0,0,,209,10,1383,,70364.80140905235,88091657.81671415,0.0,0.0,66,0.0
10-229-01384,BIHAR,Nalanda,Sarmera,0,0,,209,10,1384,,91044.34634338948,167201876.42476654,0.0,0.0,123,0.0
10-229-01385,BIHAR,Nalanda,Asthawan,0,0,,209,10,1385,,92263.18064708126,171325630.7179731,0.0006313290146446229,0.00011342185491516116,125,0.014177731864395145
10-229-01387,BIHAR,Nalanda,Noorsarai,0,0,,209,10,1387,,78528.62700534344,151514769.88009417,0.0006313290146446229,0.0006313290146446229,114,0.07197150766948701
10-229-01386,BIHAR,Nalanda,Bihar,0,0,,209,10,1386,,98561.8371020671,215840179.0991975,0.0006313290146446229,0.0006026854211407901,160,0.09642966738252642
10-229-01390,BIHAR,Nalanda,Hilsa,0,0,,209,10,1390,,93433.88804652911,175765721.10991755,0.0005008752961730957,0.0005008752961730957,131,0.06561466379867555
10-229-01391,BIHAR,Nalanda,Ekangarsarai,0,0,,209,10,1391,,87121.32234693572,166605847.460251,0.0005008752961730957,0.0005008752961730957,122,0.06110678613311768
10-229-01392,BIHAR,Nalanda,Islampur,0,0,,209,10,1392,,109868.69145522316,273834151.4326934,0.0005008752961730957,0.0004906417580606519,194,0.09518450106376647
10-229-01393,BIHAR,Nalanda,Ben,0,0,,209,10,1393,,66947.54721379357,127526149.56798536,0.0006313290146446229,0.0005521272203262817,94,0.05189995871067048
10-230-01398,BIHAR,Patna,Maner,0,0,,212,10,1398,,96133.56350709034,213315300.3597084,0.0008094273852539063,0.000235292389205462,154,0.03623502793764115
10-229-01394,BIHAR,Nalanda,Rajgir,0,0,,209,10,1394,,88740.45664753366,198129288.77271983,0.0005701751013565063,0.00053366539373307,147,0.07844881287876129
10-229-01395,BIHAR,Nalanda,Silao,0,0,,209,10,1395,,79220.42929786978,154752836.13944647,0.0006313290146446229,0.0005809038580737198,114,0.06622303982040406
10-229-01396,BIHAR,Nalanda,Giriak,0,0,,209,10,1396,,88347.46773236175,99576022.5731765,0.0005701751013565063,0.0005701751013565063,73,0.04162278239902496
10-229-01397,BIHAR,Nalanda,Katrisarai,0,0,,209,10,1397,,38918.76300208476,48673462.28309288,0.0005701751013565063,0.0005568939569759369,36,0.02004818245113373
10-230-01399,BIHAR,Patna,Dinapur-Cum-Khagaul,0,0,,212,10,1399,,78598.21354533077,184765788.04152673,0.0005587768322753907,0.000165563505859375,135,0.022351073291015627
10-234-01474,BIHAR,Rohtas,Tilouthu,0,0,,215,10,1474,,73885.57639601533,193504401.97342023,0.0008267115299987793,0.000736508623262678,140,0.10311120725677492
10-230-01400,BIHAR,Patna,Patna Rural,0,0,,212,10,1400,,87518.10425735511,179850223.48881748,0.0005587768322753907,9.810585604835104e-05,131,0.012851867142333986
10-230-01401,BIHAR,Patna,Sampatchak,0,0,,212,10,1401,,53219.7118618291,78902366.60372826,0.0005587768322753907,1.960620464124178e-05,57,0.0011175536645507815
10-230-01406,BIHAR,Patna,Dulhin Bazar,0,0,,212,10,1406,,77792.54009458271,136539622.4680228,0.0007766697345161439,0.0006631822967866456,99,0.06565504738187791
10-230-01402,BIHAR,Patna,Phulwari,0,0,,212,10,1402,,70659.26045014715,135940825.49713776,0.0005587768322753907,0.0005354944642639161,96,0.051407468569335944
10-230-01413,BIHAR,Patna,Khusrupur,0,0,,212,10,1413,,46143.60198551767,78201544.387751,0.0,0.0,58,0.0
10-230-01403,BIHAR,Patna,Bihta,0,0,,212,10,1403,,116564.9809665079,244879174.98088208,0.0008094273852539063,0.0006946019471403269,182,0.1264175543795395
10-230-01415,BIHAR,Patna,Athmalgola,0,0,,212,10,1415,,47997.69261940102,62827293.65665197,0.0,0.0,47,0.0
10-230-01404,BIHAR,Patna,Naubatpur,0,0,,212,10,1404,,105087.74367689912,205320191.59612688,0.0005587768322753907,0.0005587768322753907,153,0.08549285533813478
10-230-01405,BIHAR,Patna,Bikram,0,0,,212,10,1405,,86626.03512108007,186422313.04867813,0.0007766697345161439,0.0007146418280388492,137,0.09790593044132234
10-234-01475,BIHAR,Rohtas,Rohtas,0,0,,215,10,1475,,88257.59288547112,389741138.17794544,0.0010524223128509523,0.0007676148504426744,288,0.22107307692749023
10-230-01407,BIHAR,Patna,Paliganj,0,0,,212,10,1407,,129476.3041410336,293354152.7667747,0.0007766697345161439,0.0006344896185203803,214,0.1357807783633614
10-230-01408,BIHAR,Patna,Masaurhi,0,0,,212,10,1408,,108866.13277400887,248716954.87290823,0.0005801179772949219,0.000572924332906316,178,0.10198053125732423
10-230-01409,BIHAR,Patna,Dhanarua,0,0,,212,10,1409,,95102.40821522896,225577653.19725513,0.0005801179772949219,0.00043987642564457624,163,0.07169985738006593
10-230-01410,BIHAR,Patna,Punpun,0,0,,212,10,1410,,82554.93388622913,161116560.78819045,0.0005587768322753907,0.0003788317506951801,118,0.044702146582031255
10-230-01411,BIHAR,Patna,Fatwah,0,0,,212,10,1411,,97950.27190535897,155697451.47083917,0.0,0.0,115,0.0
10-230-01412,BIHAR,Patna,Daniawan,0,0,,212,10,1412,,69689.77872311571,79566220.36857046,0.0,0.0,56,0.0
10-230-01414,BIHAR,Patna,Bakhtiarpur,0,0,,212,10,1414,,120205.01587822943,168153072.20481881,0.0,0.0,120,0.0
10-230-01416,BIHAR,Patna,Belchhi,0,0,,212,10,1416,,88573.78025963024,87443681.0926542,0.0,0.0,70,0.0
10-230-01417,BIHAR,Patna,Barh,0,0,,212,10,1417,,95365.9771693495,147280816.515725,0.0,0.0,104,0.0
10-230-01419,BIHAR,Patna,Ghoswari,0,0,,212,10,1419,,66454.95033385535,164897376.1169027,0.0,0.0,126,0.0
10-230-01418,BIHAR,Patna,Pandarak,0,0,,212,10,1418,,106894.44852036482,252509471.6555304,0.0,0.0,180,0.0
10-232-01438,BIHAR,Buxar,Chaugain,0,0,,194,10,1438,,52625.33924401454,66025696.44875917,0.0006854328345489503,0.0006854328345489504,49,0.03358620889289857
10-232-01439,BIHAR,Buxar,Kesath,0,0,,194,10,1439,,34661.84662025829,38236018.49691825,0.0006854328345489503,0.0006854328345489503,29,0.019877552201919557
10-230-01420,BIHAR,Patna,Mokameh,0,0,,212,10,1420,,127700.39840194934,244519830.48183808,0.0,0.0,181,0.0
10-231-01421,BIHAR,Bhojpur,Shahpur,0,0,,193,10,1421,,110658.91431619873,211766871.4500774,0.0008122222692489623,0.0007621097960063738,156,0.11888912817699432
10-234-01460,BIHAR,Rohtas,Suryapura,0,0,,215,10,1460,,56159.7630280001,69765063.31452103,0.0006124878265380859,0.0006124878265380858,47,0.028786927847290034
10-231-01422,BIHAR,Bhojpur,Arrah,0,0,,193,10,1422,,120924.06747051864,221925641.7145924,0.0008122222692489623,0.0007863763079345752,159,0.12503383296159745
10-231-01423,BIHAR,Bhojpur,Barhara,0,0,,193,10,1423,,128817.96875565937,258494738.36324885,0.0008094273852539063,0.000797075160146983,191,0.15224135558807375
10-231-01424,BIHAR,Bhojpur,Koilwar,0,0,,193,10,1424,,94779.33453556667,208456312.66749656,0.0008094273852539063,0.0007837049346745895,149,0.11677203526651384
10-231-01425,BIHAR,Bhojpur,Sandesh,0,0,,193,10,1425,,60697.76797134289,164599530.19806212,0.0007766697345161439,0.0007559688006869819,118,0.08920431848106386
10-231-01426,BIHAR,Bhojpur,Udwant Nagar,0,0,,193,10,1426,,92445.60417460876,217797556.82002312,0.0008122222692489623,0.0007980895846346741,161,0.12849242312618253
10-234-01461,BIHAR,Rohtas,Bikramganj,0,0,,215,10,1461,,88556.32896667719,168723569.68103397,0.0006124878265380859,0.0006124878265380859,129,0.07901092962341308
10-231-01427,BIHAR,Bhojpur,Behea,0,0,,193,10,1427,,114516.77527652554,206091349.70539597,0.0008122222692489623,0.0007713314200032553,150,0.11569971300048829
10-231-01428,BIHAR,Bhojpur,Jagdishpur,0,0,,193,10,1428,,109726.00219208181,318463526.4488765,0.0008122222692489623,0.0007994321069765928,228,0.18227052039066316
10-231-01429,BIHAR,Bhojpur,Piro,0,0,,193,10,1429,,100703.96274410955,268205354.86689487,0.0008122222692489623,0.0006524737709186554,200,0.13049475418373108
10-234-01462,BIHAR,Rohtas,Karakat,0,0,,215,10,1462,,102232.22868007293,251121712.10833624,0.00062647212890625,0.0005981207342936776,176,0.10526924923568726
10-231-01430,BIHAR,Bhojpur,Charpokhari,0,0,,193,10,1430,,88834.1327790213,135855258.49695313,0.0008122222692489623,0.0006812195386914705,95,0.0647158561756897
10-231-01431,BIHAR,Bhojpur,Garhani,0,0,,193,10,1431,,93054.52180151101,137128723.85739592,0.0008122222692489623,0.0007905814761993259,103,0.08142989204853057
10-231-01432,BIHAR,Bhojpur,Agiaon,0,0,,193,10,1432,,87534.07309197474,191419206.17039648,0.0008122222692489623,0.0006690285342061435,139,0.09299496625465395
10-231-01433,BIHAR,Bhojpur,Tarari,0,0,,193,10,1433,,95157.98131215997,247108515.4982669,0.00062647212890625,0.0006249709891040177,177,0.11061986507141114
10-231-01434,BIHAR,Bhojpur,Sahar,0,0,,193,10,1434,,61748.81499939302,157154129.14318892,0.0006409636127471924,0.0006288254467949501,117,0.07357257727500915
10-232-01435,BIHAR,Buxar,Simri,0,0,,194,10,1435,,87047.69219699135,222195796.247413,0.000843552274017334,0.0007160802480983736,164,0.11743716068813326
10-232-01436,BIHAR,Buxar,Chakki,0,0,,194,10,1436,,73799.54032015939,80420668.23199363,0.0006854328345489503,0.0006718834599304199,64,0.04300054143554687
10-232-01437,BIHAR,Buxar,Barhampur,0,0,,194,10,1437,,133928.15369382405,240152233.65370417,0.0007701061353302002,0.0006830447376745148,173,0.11816673961769107
10-232-01440,BIHAR,Buxar,Dumraon,0,0,,194,10,1440,,115797.88145848007,238641355.07175583,0.0006854328345489503,0.0006771886695886648,169,0.11444488516048434
10-232-01441,BIHAR,Buxar,Buxar,0,0,,194,10,1441,,90996.21871903203,211591033.38394436,0.000843552274017334,0.0006616573427270781,157,0.10388020280815126
10-232-01442,BIHAR,Buxar,Chausa,0,0,,194,10,1442,,99103.08457070828,138502720.57991108,0.0006904878908157349,0.0006531538057298751,107,0.06988745721309664
10-232-01443,BIHAR,Buxar,Rajpur,0,0,,194,10,1443,,121142.9666413415,336933113.12217736,0.0006904878908157349,0.0006677351959072814,245,0.16359512299728396
10-232-01444,BIHAR,Buxar,Itarhi,0,0,,194,10,1444,,109439.3274763228,293713382.2816445,0.0006688233932495118,0.0006582164178289753,209,0.13756723132625584
10-232-01445,BIHAR,Buxar,Nawanagar,0,0,,194,10,1445,,126567.10382889764,229774401.79100823,0.0006854328345489503,0.0006736674778740788,169,0.11384980376071932
10-233-01446,BIHAR,Kaimur (Bhabua),Ramgarh,0,0,,200,10,1446,,124781.0721120257,206666195.02442607,0.0006904878908157349,0.0006889499002989712,151,0.10403143494514466
10-233-01447,BIHAR,Kaimur (Bhabua),Nuaon,0,0,,200,10,1447,,121732.74643995032,235834986.4758632,0.0006904878908157349,0.0006846329964270788,171,0.11707224238903047
10-233-01448,BIHAR,Kaimur (Bhabua),Kudra,0,0,,200,10,1448,,132624.50147962422,255577893.54332253,0.0008223631170654297,0.0007679384205179365,189,0.14514036147789
10-233-01449,BIHAR,Kaimur (Bhabua),Mohania,0,0,,200,10,1449,,142323.6809133636,349176573.6513165,0.0008223631170654297,0.0006918089763581752,256,0.17710309794769286
10-233-01450,BIHAR,Kaimur (Bhabua),Durgawati,0,0,,200,10,1450,,108544.41183902678,212580801.4059764,0.0006855466872406006,0.0006855466872406006,154,0.10557418983505248
10-233-01451,BIHAR,Kaimur (Bhabua),Chand,0,0,,200,10,1451,,97099.60209928264,257974481.1925409,0.0008055887700653077,0.0006913353850326133,188,0.1299710523861313
10-233-01452,BIHAR,Kaimur (Bhabua),Chainpur,0,0,,200,10,1452,,170712.34536647963,555311526.8488017,0.000929203006362915,0.0008136544687290802,407,0.33115736877273566
10-233-01453,BIHAR,Kaimur (Bhabua),Bhabua,0,0,,200,10,1453,,143727.89821118704,407618990.38615096,0.0008223631170654297,0.0007959241881700688,301,0.2395731806391907
10-233-01454,BIHAR,Kaimur (Bhabua),Rampur,0,0,,200,10,1454,,126612.15498309073,210660395.23746365,0.0010524223128509523,0.0008964761465802289,149,0.1335749458404541
10-233-01455,BIHAR,Kaimur (Bhabua),Bhagwanpur,0,0,,200,10,1455,,134815.05705103654,292151198.96788174,0.000929203006362915,0.000815899224069966,211,0.17215473627876282
10-233-01456,BIHAR,Kaimur (Bhabua),Adhaura,0,0,,200,10,1456,,271357.2345421078,1135984955.9859164,0.0010524223128509523,0.000905890614586701,833,0.7546068819507219
10-234-01457,BIHAR,Rohtas,Kochas,0,0,,215,10,1457,,90248.48407846906,187033418.62218276,0.0006904878908157349,0.000675552517493566,132,0.0891729323091507
10-234-01458,BIHAR,Rohtas,Dinara,0,0,,215,10,1458,,157118.7651045217,464648316.8452498,0.0006688233932495118,0.0006556068380092945,341,0.22356193176116945
10-234-01459,BIHAR,Rohtas,Dawath,0,0,,215,10,1459,,78120.6651060775,129910427.66035384,0.0006124878265380859,0.0006124878265380859,94,0.057573855694580074
10-234-01466,BIHAR,Rohtas,Nokha,0,0,,215,10,1466,,82152.91978314315,208772248.59610957,0.0006688233932495118,0.000618543688619459,148,0.09154446591567994
10-235-01476,BIHAR,Aurangabad,Daudnagar,0,0,,189,10,1476,,91010.07504965532,238139281.75712803,0.0005473030934143066,0.0005179990688192433,174,0.09013183797454832
10-234-01467,BIHAR,Rohtas,Kargahar,0,0,,215,10,1467,,128509.87472624176,406135690.59563094,0.0008223631170654297,0.0006789013363656483,296,0.2009547955642319
10-234-01468,BIHAR,Rohtas,Chenari,0,0,,215,10,1468,,121720.69626398994,292642418.8385522,0.0010524223128509523,0.0009349106636480287,215,0.20100579268432617
10-234-01469,BIHAR,Rohtas,Nauhatta,0,0,,215,10,1469,,175494.75594492842,478591449.404211,0.0010524223128509523,0.0007742314876000357,354,0.2740779466104126
10-234-01470,BIHAR,Rohtas,Sheosagar,0,0,,215,10,1470,,135463.8765525897,406503956.12222886,0.0010524223128509523,0.0007348989170009808,295,0.21679518051528934
10-234-01471,BIHAR,Rohtas,Sasaram,0,0,,215,10,1471,,135810.11950728856,394273130.8742507,0.000736025562286377,0.000658021774402487,290,0.19082631457672122
10-234-01473,BIHAR,Rohtas,Dehri,0,0,,215,10,1473,,97323.52013589225,199371136.99043605,0.0008267115299987793,0.0006010246637688998,145,0.08714857624649047
10-235-01477,BIHAR,Aurangabad,Haspura,0,0,,189,10,1477,,88845.10694940752,164519986.5205008,0.0005137576968383789,0.00051242243246977,121,0.06200311432884216
10-235-01478,BIHAR,Aurangabad,Goh,0,0,,189,10,1478,,122286.20877621078,374665187.3660463,0.0005137576968383789,0.00045554606123924255,272,0.12390852865707397
10-236-01491,BIHAR,Gaya,Neem Chak Bathani,0,0,,196,10,1491,,79540.44278654993,146770773.7769567,0.00048361176231384275,0.00048361176231384275,103,0.0498120115183258
10-235-01479,BIHAR,Aurangabad,Rafiganj,0,0,,189,10,1479,,167069.30684925965,465687847.79432577,0.0005137576968383789,0.00044654873919914895,341,0.1522731200669098
10-235-01480,BIHAR,Aurangabad,Obra,0,0,,189,10,1480,,130720.05569071589,327203821.09876627,0.0008267115299987793,0.0005282010446501784,237,0.12518364758209227
10-236-01494,BIHAR,Gaya,Manpur,0,0,,196,10,1494,,77081.78707553667,161226183.41058797,0.0005488662162780762,0.0005470893998320207,115,0.06291528098068239
10-235-01481,BIHAR,Aurangabad,Aurangabad,0,0,,189,10,1481,,125502.68609205673,344679798.38062614,0.0008267115299987793,0.00047885387757599343,256,0.12258659265945432
10-237-01511,BIHAR,Nawada,Nardiganj,0,0,,210,10,1511,,60262.24041371029,129808165.4472442,0.0005701751013565063,0.0005701751013565064,95,0.05416663462886811
10-235-01482,BIHAR,Aurangabad,Barun,0,0,,189,10,1482,,117269.30390529483,381782699.30215496,0.0008267115299987793,0.0007369016753823416,280,0.20633246910705566
10-235-01483,BIHAR,Aurangabad,Nabinagar,0,0,,189,10,1483,,173491.30877801325,657546828.2218357,0.0008267115299987793,0.000680092947560265,483,0.328484893671608
10-235-01484,BIHAR,Aurangabad,Kutumba,0,0,,189,10,1484,,110495.73757590447,319048251.76106954,0.0008267115299987793,0.0006154511855684306,229,0.1409383214951706
10-235-01485,BIHAR,Aurangabad,Deo,0,0,,189,10,1485,,158578.88849021672,336990745.1586724,0.0008267115299987793,0.000521746794863545,251,0.1309584455107498
10-235-01486,BIHAR,Aurangabad,Madanpur,0,0,,189,10,1486,,153529.37367368402,418713952.50229967,0.0005576315078735352,0.00044074375157797613,309,0.13618981923759463
10-236-01487,BIHAR,Gaya,Konch,0,0,,196,10,1487,,154041.56172387034,319288521.7326548,0.0004847555501556397,0.00044815149408077373,232,0.10397114662673951
10-236-01488,BIHAR,Gaya,Tikari,0,0,,196,10,1488,,122221.36853604284,290576655.12704176,0.0005488662162780762,0.0004619981057020065,218,0.10071558704303742
10-236-01489,BIHAR,Gaya,Belaganj,0,0,,196,10,1489,,113473.13279109563,240372540.95814112,0.0005079994380187988,0.0005079994380187987,180,0.09143989884338377
10-236-01490,BIHAR,Gaya,Khizirsarai,0,0,,196,10,1490,,103698.13096672995,223124430.97950032,0.0005488662162780762,0.0004965226611970844,165,0.08192623909751892
10-236-01492,BIHAR,Gaya,Muhra,0,0,,196,10,1492,,93681.45756176667,181269438.2139707,0.0006060856076812745,0.0005050113987031624,134,0.06767152742622376
10-236-01493,BIHAR,Gaya,Atri,0,0,,196,10,1493,,103075.15367958385,161340647.62451813,0.0006060856076812745,0.0005093077530641315,119,0.06060762261463165
10-236-01495,BIHAR,Gaya,Gaya Town C.D.Block,0,0,,196,10,1495,,91678.58033080616,224144813.6021213,0.0005488662162780762,0.0005430281050981796,161,0.08742752492080691
10-236-01496,BIHAR,Gaya,Paraiya,0,0,,196,10,1496,,75593.31264449215,167300846.5298876,0.0005488662162780762,0.0005125368388086955,120,0.061504420657043465
10-236-01497,BIHAR,Gaya,Guraru,0,0,,196,10,1497,,81292.54933661391,199646285.7542363,0.0004847555501556397,0.00048475555015563965,147,0.07125906587287903
10-237-01512,BIHAR,Nawada,Nawada,0,0,,210,10,1512,,86822.75137888109,219317998.1072041,0.0006528987782287598,0.0005749172229606483,157,0.09026200400482179
10-236-01498,BIHAR,Gaya,Gurua,0,0,,196,10,1498,,117859.62964526065,238015237.1519128,0.0005488662162780762,0.00048155736429820865,173,0.0833094240235901
10-236-01499,BIHAR,Gaya,Amas,0,0,,196,10,1499,,100546.69423332924,128484051.44985774,0.0005576315078735352,0.00046503209944313443,95,0.04417804944709777
10-237-01517,BIHAR,Nawada,Roh,0,0,,210,10,1517,,77804.52626079548,192537548.9783989,0.0009178489642333984,0.0007948370021510124,144,0.11445652830974579
10-236-01500,BIHAR,Gaya,Banke Bazar,0,0,,196,10,1500,,85166.97220092022,256240042.68049288,0.0005576315078735352,0.0004860663928124212,186,0.09040834906311035
10-236-01501,BIHAR,Gaya,Imamganj,0,0,,196,10,1501,,136271.57775821586,316917295.57645696,0.0005576315078735352,0.0005085242821764446,239,0.12153730344017027
10-236-01502,BIHAR,Gaya,Dumaria,0,0,,196,10,1502,,119690.94596035974,390676703.928496,0.0005576315078735352,0.0005169459060357077,285,0.1473295832201767
10-236-01503,BIHAR,Gaya,Sherghati,0,0,,196,10,1503,,100322.2973073121,167902109.12194017,0.0005488662162780762,0.000462660599566824,123,0.05690725374671936
10-238-01531,BIHAR,Jamui,Gidhaur,0,0,,198,10,1531,,55211.5633940527,100392309.18230554,0.0008939318006896974,0.0008660277960322062,75,0.06495208470241547
10-236-01504,BIHAR,Gaya,Dobhi,0,0,,196,10,1504,,103572.88994215836,218837778.49499393,0.0004590306826782227,0.00044612173032203815,161,0.07182559858184814
10-236-01505,BIHAR,Gaya,Bodh Gaya,0,0,,196,10,1505,,120948.91182130505,306843965.9119923,0.0005488662162780762,0.0005395868612259576,230,0.12410497808197025
10-236-01506,BIHAR,Gaya,Tan Kuppa,0,0,,196,10,1506,,108147.94853451202,190099968.23000297,0.0006060856076812745,0.0005797588750628571,134,0.07768768925842286
10-240-01542,BIHAR,Arwal,Arwal,0,0,,611,10,1542,,73924.8054791393,147787869.27798152,0.0006409636127471924,0.0006372014005961784,104,0.06626894566200256
10-236-01507,BIHAR,Gaya,Wazirganj,0,0,,196,10,1507,,105472.06999302967,323030583.61833626,0.0006060856076812745,0.000600994051666583,236,0.1418345961933136
10-236-01508,BIHAR,Gaya,Fatehpur,0,0,,196,10,1508,,155359.44599717355,408449805.62920874,0.0006060856076812745,0.0005260332927507475,304,0.15991412099622726
10-240-01543,BIHAR,Arwal,Kaler,0,0,,611,10,1543,,67777.19153730445,176075758.749563,0.00062647212890625,0.0006075429876429434,131,0.07958813138122559
10-236-01509,BIHAR,Gaya,Mohanpur,0,0,,196,10,1509,,119906.24818546322,418796109.2883684,0.0005488662162780762,0.0004648758464649565,303,0.14085738147888183
10-240-01544,BIHAR,Arwal,Karpi,0,0,,611,10,1544,,158139.92638461498,234985661.7206014,0.0006409636127471924,0.0006163999196156791,172,0.1060207861738968
10-236-01510,BIHAR,Gaya,Barachatti,0,0,,196,10,1510,,138753.78132836288,366328956.31361085,0.0004732749003601074,0.0004459029143022017,275,0.12262330143310546
10-237-01513,BIHAR,Nawada,Warisaliganj,0,0,,210,10,1513,,109792.76918459819,202861050.3008767,0.0005701751013565063,0.0005369270664446046,147,0.07892827876735688
10-237-01514,BIHAR,Nawada,Kashi Chak,0,0,,210,10,1514,,73948.94452619922,98983451.20841853,0.0005170505238342286,0.0005170505238342286,72,0.03722763771606446
10-237-01515,BIHAR,Nawada,Pakribarawan,0,0,,210,10,1515,,104545.76938151139,251834567.85717744,0.0005170505238342286,0.0005170505238342285,184,0.09513729638549805
10-237-01516,BIHAR,Nawada,Kawakol,0,0,,210,10,1516,,121170.20018263235,362955647.76482904,0.0009178489642333984,0.000800613443509439,266,0.21296317597351078
10-237-01518,BIHAR,Nawada,Gobindpur,0,0,,210,10,1518,,73133.35659787485,188189390.13263756,0.0009178489642333984,0.0008459339137464251,140,0.11843074792449951
10-237-01519,BIHAR,Nawada,Akbarpur,0,0,,210,10,1519,,91268.2921062847,249541236.96202633,0.0006528987782287598,0.0006528987782287598,184,0.1201333751940918
10-237-01520,BIHAR,Nawada,Hisua,0,0,,210,10,1520,,85113.4923130193,144090762.99664384,0.0006528987782287598,0.0006154834075021745,104,0.06401027438022615
10-237-01521,BIHAR,Nawada,Narhat,0,0,,210,10,1521,,62856.50481924386,99624005.77002536,0.0006528987782287598,0.0006528987782287598,69,0.045050015697784426
10-237-01522,BIHAR,Nawada,Meskaur,0,0,,210,10,1522,,75185.00287586387,145604023.18435815,0.0006528987782287598,0.0006194607992662703,112,0.06937960951782228
10-237-01523,BIHAR,Nawada,Sirdala,0,0,,210,10,1523,,111278.51695598938,301894539.186342,0.0006528987782287598,0.0005890992913290778,218,0.12842364550973895
10-237-01524,BIHAR,Nawada,Rajauli,0,0,,210,10,1524,,132370.86211000624,450216393.36794454,0.0009178489642333984,0.0006042731496530826,333,0.2012229588344765
10-238-01525,BIHAR,Jamui,Islamnagar Aliganj,0,0,,198,10,1525,,96153.77396855215,213408239.47295904,0.000798119651412964,0.0006647369200068255,156,0.10369895952106477
10-238-01526,BIHAR,Jamui,Sikandra,0,0,,198,10,1526,,86788.2538333537,223096734.30010977,0.0008939318006896974,0.0007013152717724553,162,0.11361307402713777
10-238-01527,BIHAR,Jamui,Jamui,0,0,,198,10,1527,,90084.78430112793,212157753.6648698,0.0008939318006896974,0.0008912554691130117,155,0.1381445977125168
10-238-01528,BIHAR,Jamui,Barhat,0,0,,198,10,1528,,114104.37581341481,270298087.1382075,0.0008939318006896974,0.0007441868797619817,197,0.1466048153131104
10-238-01529,BIHAR,Jamui,Lakshmipur,0,0,,198,10,1529,,112147.89260238525,307635253.00857943,0.0008939318006896974,0.00023838181351725263,225,0.053635908041381845
10-238-01530,BIHAR,Jamui,Jhajha,0,0,,198,10,1530,,147664.43327942316,507112726.974952,0.0008939318006896974,0.00073106068530026,370,0.2704924535610962
10-238-01532,BIHAR,Jamui,Khaira,0,0,,198,10,1532,,142747.05687020053,513762691.7981683,0.0008939318006896974,0.0008214779588575894,377,0.3096971904893112
10-238-01533,BIHAR,Jamui,Sono,0,0,,198,10,1533,,117724.39892386932,474283005.7300444,0.0008323788492393494,0.0008213578470354708,349,0.2866538886153793
10-238-01534,BIHAR,Jamui,Chakai,0,0,,198,10,1534,,243956.2217086091,956725034.6798706,0.0008323788492393494,0.0006761805341081892,700,0.47332637387573245
10-239-01535,BIHAR,Jehanabad,Ratni Faridpur,0,0,,199,10,1535,,82762.53932271499,155018952.20303965,0.0006409636127471924,0.0005765881083096956,114,0.0657310443473053
10-239-01536,BIHAR,Jehanabad,Jehanabad,0,0,,199,10,1536,,97254.09844747804,201426556.69272655,0.0005801179772949219,0.0005801179772949219,148,0.08585746063964844
10-239-01537,BIHAR,Jehanabad,Kako,0,0,,199,10,1537,,83599.3529020472,162373941.78194478,0.0005801179772949219,0.0005801179772949219,118,0.06845392132080078
10-239-01538,BIHAR,Jehanabad,Modanganj,0,0,,199,10,1538,,66522.90037500951,97205276.85869928,0.0005801179772949219,0.0005226957445979463,69,0.0360660063772583
10-239-01539,BIHAR,Jehanabad,Ghoshi,0,0,,199,10,1539,,82931.95174196921,112225161.55433495,0.0005801179772949219,0.0005399875680229463,83,0.04481896814590454
10-239-01540,BIHAR,Jehanabad,Makhdumpur,0,0,,199,10,1540,,128831.72570768485,301471679.33572614,0.0005801179772949219,0.0005159756819940382,217,0.11196672299270628
10-239-01541,BIHAR,Jehanabad,Hulasganj,0,0,,199,10,1541,,87179.53907708311,119677697.18988888,0.0005801179772949219,0.0004978113600319757,90,0.04480302240287781
10-240-01545,BIHAR,Arwal,Sonbhadra Banshi Suryapur,0,0,,611,10,1545,,62692.97791397586,116643000.97724338,0.0006409636127471924,0.00048309213270853797,83,0.04009664701480865
10-240-01546,BIHAR,Arwal,Kurtha,0,0,,611,10,1546,,71585.17106640573,106433073.5354984,0.0006409636127471924,0.0005343023767422408,78,0.04167558538589478
10-224-01334,BIHAR,Bhagalpur,Gopalpur,0,0,,192,10,1334,,95407.9186210158,208941966.91883087,0.0,0.0,153,0.0
10-210-01127,BIHAR,Kishanganj,Kishanganj,0,0,,203,10,1127,,125268.33771117091,207105687.55921903,0.0,0.0,152,0.0
10-206-01064,BIHAR,Sitamarhi,Suppi,0,0,,221,10,1064,,71084.15120823232,92250451.53846286,0.0,0.0,66,0.0
10-234-01463,BIHAR,Rohtas,Nasriganj,0,0,,215,10,1463,,90034.07903274363,167356919.18355417,0.0005772590171051026,0.0005657377011750237,126,0.07128295034805299
10-234-01464,BIHAR,Rohtas,Rajpur,0,0,,215,10,1464,,68660.48684625747,85633596.4997788,0.0005772590171051026,0.0005772590171051026,63,0.03636731807762146
10-234-01465,BIHAR,Rohtas,Sanjhauli,0,0,,215,10,1465,,56591.722358052,83833486.39015438,0.0005772590171051026,0.0005584845005471366,63,0.0351845235344696
10-203-01023,BIHAR,Pashchim Champaran,Thakrahan,0,0,,211,10,1023,,79847.09402015881,199004696.79409248,0.0,0.0,145,0.0
10-204-01054,BIHAR,Purbi Champaran,Phenhara,0,0,,213,10,1054,,44565.43736457999,67645025.94776015,0.0,0.0,51,0.0
10-219-01262,BIHAR,Saran,Maker,0,0,,218,10,1262,,62357.8736467211,96585777.9808088,0.0,0.0,71,0.0
10-220-01282,BIHAR,Vaishali,Sahdai Buzurg,0,0,,224,10,1282,,74546.65030748869,114161677.3631406,0.0,0.0,84,0.0
10-229-01388,BIHAR,Nalanda,Tharthari,0,0,,209,10,1388,,71853.42144919158,77411758.12428828,0.0004861343812561035,0.0004142015219059697,54,0.022366882182922366
10-229-01389,BIHAR,Nalanda,Parbalpur,0,0,,209,10,1389,,54466.2339431045,76043839.88376136,0.0004861343812561035,0.0003622704015077863,56,0.020287142484436034
10-203-01022,BIHAR,Pashchim Champaran,Bhitaha,0,0,,211,10,1022,,72626.86760213553,166969906.7472905,0.0,0.0,117,0.0
10-203-01013,BIHAR,Pashchim Champaran,Sidhaw,0,0,,211,10,1013,,195582.3602130639,1085337194.6715722,0.0,0.0,781,0.0
10-203-01014,BIHAR,Pashchim Champaran,Ramnagar,0,0,,211,10,1014,,230865.78384139363,866139404.2451236,0.0,0.0,621,0.0
10-203-01015,BIHAR,Pashchim Champaran,Gaunaha,0,0,,211,10,1015,,136504.94021895694,605322845.3823951,0.0,0.0,441,0.0
10-203-01016,BIHAR,Pashchim Champaran,Mainatanr,0,0,,211,10,1016,,115419.13930249632,312998546.4010918,0.0,0.0,221,0.0
10-203-01017,BIHAR,Pashchim Champaran,Narkatiaganj,0,0,,211,10,1017,,149144.20649331805,441857686.2127825,0.0,0.0,314,0.0
10-203-01018,BIHAR,Pashchim Champaran,Lauriya,0,0,,211,10,1018,,120853.32018665274,255440417.54612216,0.0,0.0,183,0.0
10-203-01019,BIHAR,Pashchim Champaran,Bagaha,0,0,,211,10,1019,,135587.24079810514,491292931.53180623,0.0,0.0,352,0.0
10-203-01021,BIHAR,Pashchim Champaran,Madhubani,0,0,,211,10,1021,,144670.82201821523,386116138.1353823,0.0,0.0,276,0.0
10-203-01024,BIHAR,Pashchim Champaran,Jogapatti,0,0,,211,10,1024,,88530.23644360513,258722436.3759333,0.0,0.0,186,0.0
10-203-01029,BIHAR,Pashchim Champaran,Bairia,0,0,,211,10,1029,,105039.82861382668,288505226.87341565,0.0,0.0,208,0.0
10-203-01025,BIHAR,Pashchim Champaran,Chanpatia,0,0,,211,10,1025,,113543.7602983494,310017349.34780717,0.0,0.0,226,0.0
10-206-01071,BIHAR,Sitamarhi,Parsauni,0,0,,221,10,1071,,63729.135625112256,74724139.64418457,0.0,0.0,55,0.0
10-203-01026,BIHAR,Pashchim Champaran,Sikta,0,0,,211,10,1026,,93443.22825707054,255004178.86147365,0.0,0.0,183,0.0
10-203-01027,BIHAR,Pashchim Champaran,Majhaulia,0,0,,211,10,1027,,123374.4030721297,371511179.15939575,0.0,0.0,265,0.0
10-203-01028,BIHAR,Pashchim Champaran,Bettiah,0,0,,211,10,1028,,53968.26030594324,83182055.35378212,0.0,0.0,59,0.0
10-203-01030,BIHAR,Pashchim Champaran,Nautan,0,0,,211,10,1030,,122656.63983711715,245738630.13883996,0.0,0.0,171,0.0
10-204-01031,BIHAR,Purbi Champaran,Raxaul,0,0,,213,10,1031,,98709.78801801558,166685360.13968688,0.0,0.0,124,0.0
10-206-01072,BIHAR,Sitamarhi,Belsand,0,0,,221,10,1072,,66235.5873217276,97354060.86547032,0.0,0.0,70,0.0
10-206-01073,BIHAR,Sitamarhi,Runisaidpur,0,0,,221,10,1073,,152472.54206325076,334873257.0825382,0.0,0.0,243,0.0
10-204-01032,BIHAR,Purbi Champaran,Adapur,0,0,,213,10,1032,,94532.37688292323,199608924.7111849,0.0,0.0,148,0.0
10-206-01074,BIHAR,Sitamarhi,Dumra,0,0,,221,10,1074,,111649.34177378344,241159212.36062923,0.0,0.0,178,0.0
10-204-01033,BIHAR,Purbi Champaran,Ramgarhwa,0,0,,213,10,1033,,90718.26831189607,213035907.5226096,0.0,0.0,154,0.0
10-204-01034,BIHAR,Purbi Champaran,Sugauli,0,0,,213,10,1034,,84892.41923436844,209336830.19001696,0.0,0.0,149,0.0
10-204-01038,BIHAR,Purbi Champaran,Ghorasahan,0,0,,213,10,1038,,75335.10865687576,144368243.47105,0.0,0.0,104,0.0
10-204-01035,BIHAR,Purbi Champaran,Banjaria,0,0,,213,10,1035,,102381.40449613356,176960195.87167916,0.0,0.0,124,0.0
10-204-01047,BIHAR,Purbi Champaran,Kesaria,0,0,,213,10,1047,,87546.8206889307,229535442.11688668,0.0,0.0,168,0.0
10-204-01036,BIHAR,Purbi Champaran,Narkatia,0,0,,213,10,1036,,105607.09704406632,168338010.30978012,0.0,0.0,120,0.0
10-204-01037,BIHAR,Purbi Champaran,Bankatwa,0,0,,213,10,1037,,99233.37216886049,115311013.90225838,0.0,0.0,82,0.0
10-204-01039,BIHAR,Purbi Champaran,Dhaka,0,0,,213,10,1039,,97673.73467814895,202386545.86227983,0.0,0.0,145,0.0
10-204-01048,BIHAR,Purbi Champaran,Kalyanpur,0,0,,213,10,1048,,109413.20044555076,313300912.50613195,0.0,0.0,230,0.0
10-204-01040,BIHAR,Purbi Champaran,Chiraia,0,0,,213,10,1040,,110764.71696779084,272984575.32652414,0.0,0.0,199,0.0
10-204-01041,BIHAR,Purbi Champaran,Motihari,0,0,,213,10,1041,,181544.26702654368,319814691.13850176,0.0,0.0,241,0.0
10-204-01049,BIHAR,Purbi Champaran,Kotwa,0,0,,213,10,1049,,78879.98205471091,178282937.71225017,0.0,0.0,126,0.0
10-204-01042,BIHAR,Purbi Champaran,Turkaulia,0,0,,213,10,1042,,99475.78497366334,174748315.94966665,0.0,0.0,130,0.0
10-204-01050,BIHAR,Purbi Champaran,Piprakothi,0,0,,213,10,1050,,58369.33889310607,62223774.49301849,0.0,0.0,45,0.0
10-204-01043,BIHAR,Purbi Champaran,Harsidhi,0,0,,213,10,1043,,133904.34238337883,240218359.62130272,0.0,0.0,173,0.0
10-204-01044,BIHAR,Purbi Champaran,Paharpur,0,0,,213,10,1044,,108730.62076802726,192061375.0173064,0.0,0.0,144,0.0
10-204-01045,BIHAR,Purbi Champaran,Areraj,0,0,,213,10,1045,,93331.67353690567,242725576.26244012,0.0,0.0,174,0.0
10-204-01046,BIHAR,Purbi Champaran,Sangrampur,0,0,,213,10,1046,,78133.67961210197,187659878.02718252,0.0,0.0,133,0.0
10-204-01051,BIHAR,Purbi Champaran,Chakia(Pipra),0,0,,213,10,1051,,129110.66914194856,212940547.80779588,0.0,0.0,145,0.0
10-204-01052,BIHAR,Purbi Champaran,Pakri Dayal,0,0,,213,10,1052,,90143.40730437863,148110040.62869397,0.0,0.0,106,0.0
10-204-01053,BIHAR,Purbi Champaran,Patahi,0,0,,213,10,1053,,85994.51677214028,144960443.14880535,0.0,0.0,100,0.0
10-204-01055,BIHAR,Purbi Champaran,Madhuban,0,0,,213,10,1055,,112681.00006095257,152424272.44650427,0.0,0.0,114,0.0
10-204-01056,BIHAR,Purbi Champaran,Tetaria,0,0,,213,10,1056,,82320.72754353678,104458405.63845472,0.0,0.0,74,0.0
10-205-01058,BIHAR,Sheohar,Purnahiya,0,0,,220,10,1058,,57294.126150412616,80859097.14068061,0.0,0.0,59,0.0
10-204-01057,BIHAR,Purbi Champaran,Mehsi,0,0,,213,10,1057,,125063.78039343117,149773808.08158112,0.0,0.0,108,0.0
10-205-01059,BIHAR,Sheohar,Piprarhi,0,0,,220,10,1059,,105870.45511307275,104265216.9562483,0.0,0.0,77,0.0
10-205-01060,BIHAR,Sheohar,Sheohar,0,0,,220,10,1060,,81007.5322908237,115638983.35873616,0.0,0.0,83,0.0
10-205-01061,BIHAR,Sheohar,Dumri Katsari,0,0,,220,10,1061,,65038.65439014734,84655470.24819931,0.0,0.0,59,0.0
10-205-01062,BIHAR,Sheohar,Tariani Chowk,0,0,,220,10,1062,,97491.22869259815,171878914.60720828,0.0,0.0,126,0.0
10-206-01063,BIHAR,Sitamarhi,Bairgania,0,0,,221,10,1063,,59598.621146511534,94417571.99630062,0.0,0.0,70,0.0
10-206-01065,BIHAR,Sitamarhi,Majorganj,0,0,,221,10,1065,,62808.55729710282,95411217.42446172,0.0,0.0,68,0.0
10-206-01066,BIHAR,Sitamarhi,Sonbarsa,0,0,,221,10,1066,,92820.94699371175,224104085.6083578,0.0,0.0,155,0.0
10-206-01067,BIHAR,Sitamarhi,Parihar,0,0,,221,10,1067,,86838.20299610356,272812569.4060281,0.0,0.0,197,0.0
10-207-01095,BIHAR,Madhubani,Rajnagar,0,0,,206,10,1095,,78809.12744912357,223111125.2667772,0.0,0.0,158,0.0
10-206-01068,BIHAR,Sitamarhi,Sursand,0,0,,221,10,1068,,91215.71647520129,181412871.1123928,0.0,0.0,134,0.0
10-206-01069,BIHAR,Sitamarhi,Bathnaha,0,0,,221,10,1069,,120764.04051803834,251403523.12922087,0.0,0.0,185,0.0
10-206-01070,BIHAR,Sitamarhi,Riga,0,0,,221,10,1070,,129433.73210860479,163724219.02092636,0.0,0.0,114,0.0
10-210-01123,BIHAR,Kishanganj,Thakurganj,0,0,,203,10,1123,,224971.2940646554,491161543.46963537,0.0,0.0,353,0.0
10-210-01124,BIHAR,Kishanganj,Pothia,0,0,,203,10,1124,,167388.9118766352,443844792.4531903,0.0,0.0,321,0.0
10-210-01125,BIHAR,Kishanganj,Bahadurganj,0,0,,203,10,1125,,155296.13881782343,347494200.8377232,0.0,0.0,251,0.0
10-210-01126,BIHAR,Kishanganj,Kochadhamin,0,0,,203,10,1126,,139640.52665725534,360840233.8364798,0.0,0.0,258,0.0
10-211-01128,BIHAR,Purnia,Banmankhi,0,0,,214,10,1128,,142815.61519736593,459936087.34673214,0.0,0.0,333,0.0
10-206-01075,BIHAR,Sitamarhi,Bajpatti,0,0,,221,10,1075,,90407.29439213518,174303329.1783474,0.0,0.0,125,0.0
10-206-01076,BIHAR,Sitamarhi,Charaut,0,0,,221,10,1076,,85128.15752493152,91349700.81924292,0.0,0.0,62,0.0
10-206-01077,BIHAR,Sitamarhi,Pupri,0,0,,221,10,1077,,73992.24203369493,115338203.66308306,0.0,0.0,82,0.0
10-206-01078,BIHAR,Sitamarhi,Nanpur,0,0,,221,10,1078,,73315.01223618646,135892566.9983101,0.0,0.0,100,0.0
10-220-01283,BIHAR,Vaishali,Mahnar,0,0,,224,10,1283,,81638.1139853176,126474580.44313861,0.0,0.0,89,0.0
10-206-01079,BIHAR,Sitamarhi,Bokhara,0,0,,221,10,1079,,81978.13188098712,108574895.39827529,0.0,0.0,79,0.0
10-207-01080,BIHAR,Madhubani,Madhwapur,0,0,,206,10,1080,,88808.76172423853,137557654.90878707,0.0,0.0,103,0.0
10-207-01081,BIHAR,Madhubani,Harlakhi,0,0,,206,10,1081,,90217.76640094945,187441757.00046396,0.0,0.0,138,0.0
10-207-01082,BIHAR,Madhubani,Basopatti,0,0,,206,10,1082,,97634.90682970545,164238774.4639331,0.0,0.0,122,0.0
10-207-01089,BIHAR,Madhubani,Khajauli,0,0,,206,10,1089,,91171.28062794723,150968724.81279027,0.0,0.0,108,0.0
10-207-01083,BIHAR,Madhubani,Jainagar,0,0,,206,10,1083,,81489.61423509955,161880108.8306139,0.0,0.0,115,0.0
10-207-01090,BIHAR,Madhubani,Kaluahi,0,0,,206,10,1090,,62305.281593423286,101560283.08963235,0.0,0.0,75,0.0
10-207-01084,BIHAR,Madhubani,Ladania,0,0,,206,10,1084,,97928.14946240213,232665607.5684243,0.0,0.0,164,0.0
10-207-01085,BIHAR,Madhubani,Laukaha,0,0,,206,10,1085,,102032.19667129294,266340932.00179368,0.0,0.0,197,0.0
10-207-01086,BIHAR,Madhubani,Laukahi,0,0,,206,10,1086,,109679.24973352649,329223432.564553,0.0,0.0,237,0.0
10-207-01087,BIHAR,Madhubani,Phulparas,0,0,,206,10,1087,,117974.41186319289,199352334.8677591,0.0,0.0,140,0.0
10-207-01088,BIHAR,Madhubani,Babubarhi,0,0,,206,10,1088,,118996.04641992833,237192379.86086744,0.0,0.0,174,0.0
10-207-01091,BIHAR,Madhubani,Benipatti,0,0,,206,10,1091,,128414.2409747215,328987645.9449377,0.0,0.0,231,0.0
10-207-01092,BIHAR,Madhubani,Bisfi,0,0,,206,10,1092,,99754.46134559005,226192948.413646,0.0,0.0,165,0.0
10-207-01093,BIHAR,Madhubani,Madhubani,0,0,,206,10,1093,,109764.71764889831,200359220.56727448,0.0,0.0,142,0.0
10-207-01094,BIHAR,Madhubani,Pandaul,0,0,,206,10,1094,,102372.75527307783,208327489.63825428,0.0,0.0,148,0.0
10-207-01096,BIHAR,Madhubani,Andhratharhi,0,0,,206,10,1096,,97300.5167595078,186769445.10608673,0.0,0.0,134,0.0
10-207-01097,BIHAR,Madhubani,Jhanjharpur,0,0,,206,10,1097,,125261.96837896874,181284371.95402232,0.0,0.0,132,0.0
10-207-01098,BIHAR,Madhubani,Ghoghardiha,0,0,,206,10,1098,,114215.40677637524,211228851.4219488,0.0,0.0,159,0.0
10-207-01099,BIHAR,Madhubani,Lakhnaur,0,0,,206,10,1099,,72956.74167609161,146945623.14022,0.0,0.0,110,0.0
10-207-01100,BIHAR,Madhubani,Madhepur,0,0,,206,10,1100,,144505.38034518834,300452948.5687113,0.0,0.0,212,0.0
10-208-01101,BIHAR,Supaul,Nirmali,0,0,,223,10,1101,,123310.21889922836,162734364.67066902,0.0,0.0,118,0.0
10-208-01102,BIHAR,Supaul,Basantpur,0,0,,223,10,1102,,136288.63693043106,319456339.75100917,0.0,0.0,228,0.0
10-208-01103,BIHAR,Supaul,Chhatapur,0,0,,223,10,1103,,142271.17176584958,398825687.2446475,0.0,0.0,285,0.0
10-208-01104,BIHAR,Supaul,Pratapganj,0,0,,223,10,1104,,71155.69013184242,133032565.19323792,0.0,0.0,97,0.0
10-208-01105,BIHAR,Supaul,Raghopur,0,0,,223,10,1105,,111831.20983491397,255841046.48838165,0.0,0.0,187,0.0
10-221-01285,BIHAR,Samastipur,Warisnagar,0,0,,217,10,1285,,90241.30323013186,163846086.5162723,0.0,0.0,120,0.0
10-208-01106,BIHAR,Supaul,Saraigarh Bhaptiyahi,0,0,,223,10,1106,,105489.5116383213,257042943.27229512,0.0,0.0,189,0.0
10-208-01107,BIHAR,Supaul,Kishanpur,0,0,,223,10,1107,,125516.73810076228,248613546.3002807,0.0,0.0,177,0.0
10-208-01108,BIHAR,Supaul,Marauna,0,0,,223,10,1108,,114969.59778192453,206419565.01179272,0.0,0.0,149,0.0
10-208-01109,BIHAR,Supaul,Supaul,0,0,,223,10,1109,,122628.008173687,390920691.5720901,0.0,0.0,287,0.0
10-208-01110,BIHAR,Supaul,Pipra,0,0,,223,10,1110,,113516.78657800167,247320462.25611627,0.0,0.0,181,0.0
10-221-01287,BIHAR,Samastipur,Khanpur,0,0,,217,10,1287,,89337.20668890505,173313349.37261373,0.0,0.0,127,0.0
10-208-01111,BIHAR,Supaul,Tribeniganj,0,0,,223,10,1111,,136684.8917573132,402291551.99740016,0.0,0.0,290,0.0
10-209-01112,BIHAR,Araria,Narpatganj,0,0,,188,10,1112,,196352.82868709194,482872068.7863751,0.0,0.0,351,0.0
10-209-01113,BIHAR,Araria,Forbesganj,0,0,,188,10,1113,,165874.55860340688,546946456.996027,0.0,0.0,392,0.0
10-209-01114,BIHAR,Araria,Bhargama,0,0,,188,10,1114,,140909.75235341018,280499778.1128878,0.0,0.0,206,0.0
10-209-01115,BIHAR,Araria,Raniganj,0,0,,188,10,1115,,160625.61646677545,576910744.770993,0.0,0.0,418,0.0
10-209-01116,BIHAR,Araria,Araria,0,0,,188,10,1116,,192057.15187743204,506918787.2643526,0.0,0.0,371,0.0
10-209-01117,BIHAR,Araria,Kursakatta,0,0,,188,10,1117,,96566.38525637137,201032230.408231,0.0,0.0,147,0.0
10-209-01118,BIHAR,Araria,Sikti,0,0,,188,10,1118,,116798.35346995249,237753016.2819182,0.0,0.0,177,0.0
10-209-01119,BIHAR,Araria,Palasi,0,0,,188,10,1119,,132578.70192307016,306240761.34804773,0.0,0.0,222,0.0
10-209-01120,BIHAR,Araria,Jokihat,0,0,,188,10,1120,,155370.9524619173,341005127.7602247,0.0,0.0,246,0.0
10-210-01121,BIHAR,Kishanganj,Terhagachh,0,0,,203,10,1121,,121953.02658094271,245208326.38245347,0.0,0.0,175,0.0
10-210-01122,BIHAR,Kishanganj,Dighalbank,0,0,,203,10,1122,,147432.83262190674,314385668.4331173,0.0,0.0,224,0.0
10-211-01129,BIHAR,Purnia,Barhara,0,0,,214,10,1129,,111073.17449432175,288009141.38478667,0.0,0.0,212,0.0
10-211-01130,BIHAR,Purnia,Bhawanipur,0,0,,214,10,1130,,116656.34435182877,201938838.4795833,0.0,0.0,147,0.0
10-211-01131,BIHAR,Purnia,Rupauli,0,0,,214,10,1131,,113946.660566684,308195114.8462847,0.0,0.0,227,0.0
10-211-01132,BIHAR,Purnia,Dhamdaha,0,0,,214,10,1132,,135370.01293426772,446856166.039676,0.0,0.0,326,0.0
10-211-01133,BIHAR,Purnia,Krityanand Nagar,0,0,,214,10,1133,,149407.41850079046,364443041.21247435,0.0,0.0,274,0.0
10-211-01134,BIHAR,Purnia,Purnia East,0,0,,214,10,1134,,127662.13358515713,309272824.56310594,0.0,0.0,228,0.0
10-211-01135,BIHAR,Purnia,Kasba,0,0,,214,10,1135,,130095.64608516233,215123054.3424731,0.0,0.0,154,0.0
10-211-01136,BIHAR,Purnia,Srinagar,0,0,,214,10,1136,,106220.57404900706,172405807.6412187,0.0,0.0,122,0.0
10-211-01137,BIHAR,Purnia,Jalalgarh,0,0,,214,10,1137,,87146.39992638786,142107808.6772385,0.0,0.0,102,0.0
10-211-01138,BIHAR,Purnia,Amour,0,0,,214,10,1138,,141371.93624621196,307011870.96961224,0.0,0.0,225,0.0
10-211-01139,BIHAR,Purnia,Baisa,0,0,,214,10,1139,,132173.35304950457,275191667.549805,0.0,0.0,197,0.0
10-211-01140,BIHAR,Purnia,Baisi,0,0,,214,10,1140,,118169.54825440844,253873549.02719215,0.0,0.0,187,0.0
10-211-01141,BIHAR,Purnia,Dagarua,0,0,,214,10,1141,,129309.28146976323,257465778.6329552,0.0,0.0,180,0.0
10-212-01142,BIHAR,Katihar,Falka,0,0,,201,10,1142,,100518.70580952488,208374539.8829749,0.0,0.0,150,0.0
10-212-01143,BIHAR,Katihar,Korha,0,0,,201,10,1143,,137118.64195203967,368801327.90483874,0.0,0.0,273,0.0
10-212-01144,BIHAR,Katihar,Hasanganj,0,0,,201,10,1144,,78227.29832785497,86155111.41022065,0.0,0.0,62,0.0
10-212-01145,BIHAR,Katihar,Kadwa,0,0,,201,10,1145,,157692.68144088247,420129854.10490626,0.0,0.0,307,0.0
10-212-01146,BIHAR,Katihar,Balrampur,0,0,,201,10,1146,,141815.18317465586,216253207.31133217,0.0,0.0,151,0.0
10-212-01147,BIHAR,Katihar,Barsoi,0,0,,201,10,1147,,172308.8160052511,357713388.6445612,0.0,0.0,261,0.0
10-212-01148,BIHAR,Katihar,Azamnagar,0,0,,201,10,1148,,141791.77759222616,349759708.1212404,0.0,0.0,253,0.0
10-221-01290,BIHAR,Samastipur,Tajpur,0,0,,217,10,1290,,57166.77792153786,83856612.1105223,0.0,0.0,61,0.0
10-212-01149,BIHAR,Katihar,Pranpur,0,0,,201,10,1149,,111803.70370561493,191475637.62126103,0.0,0.0,141,0.0
10-212-01150,BIHAR,Katihar,Dandkhora,0,0,,201,10,1150,,70987.07501110679,111201189.06340708,0.0,0.0,81,0.0
10-212-01151,BIHAR,Katihar,Katihar,0,0,,201,10,1151,,76845.81968857624,136830037.77828172,0.0,0.0,100,0.0
10-212-01152,BIHAR,Katihar,Mansahi,0,0,,201,10,1152,,73279.06289841712,97405011.1871763,0.0,0.0,73,0.0
10-212-01155,BIHAR,Katihar,Kursela,0,0,,201,10,1155,,80348.39413748268,153683091.52761996,0.0,0.0,117,0.0
10-212-01153,BIHAR,Katihar,Barari,0,0,,201,10,1153,,107333.93297446336,407446973.1478653,0.0,0.0,292,0.0
10-212-01154,BIHAR,Katihar,Sameli,0,0,,201,10,1154,,75105.36277909,118027198.2496544,0.0,0.0,81,0.0
10-212-01156,BIHAR,Katihar,Manihari,0,0,,201,10,1156,,130162.81635074862,303859830.4099729,0.0,0.0,221,0.0
10-212-01157,BIHAR,Katihar,Amdabad,0,0,,201,10,1157,,103742.71814675455,228302986.79665467,0.0,0.0,164,0.0
10-213-01158,BIHAR,Madhepura,Gamharia,0,0,,205,10,1158,,80141.00377515821,125479849.27382244,0.0,0.0,89,0.0
10-213-01160,BIHAR,Madhepura,Ghailarh,0,0,,205,10,1160,,78865.70647224285,116219722.2388165,0.0,0.0,83,0.0
10-213-01159,BIHAR,Madhepura,Singheshwar,0,0,,205,10,1159,,111627.30849980874,111167268.35246354,0.0,0.0,78,0.0
10-216-01210,BIHAR,Muzaffarpur,Bandra,0,0,,208,10,1210,,74293.85759884378,142020443.31484023,0.0,0.0,103,0.0
10-213-01161,BIHAR,Madhepura,Madhepura,0,0,,205,10,1161,,115084.47931226583,237801277.85767865,0.0,0.0,175,0.0
10-213-01162,BIHAR,Madhepura,Shankarpur,0,0,,205,10,1162,,63984.56408470212,128790837.874554,0.0,0.0,94,0.0
10-213-01163,BIHAR,Madhepura,Kumarkhand,0,0,,205,10,1163,,118191.24796123093,316976886.68211347,0.0,0.0,230,0.0
10-213-01164,BIHAR,Madhepura,Murliganj,0,0,,205,10,1164,,94211.11378994165,247086114.21145928,0.0,0.0,179,0.0
10-221-01293,BIHAR,Samastipur,Mohanpur,0,0,,217,10,1293,,74468.46489139357,163000016.77407515,0.0,0.0,120,0.0
10-213-01165,BIHAR,Madhepura,Gwalpara,0,0,,205,10,1165,,78037.2495556277,147267353.58482873,0.0,0.0,109,0.0
10-214-01172,BIHAR,Saharsa,Satar Kataiya,0,0,,216,10,1172,,77878.75925155886,177382280.64763528,0.0,0.0,130,0.0
10-213-01166,BIHAR,Madhepura,Bihariganj,0,0,,205,10,1166,,79669.40805645821,133818744.70956944,0.0,0.0,98,0.0
10-216-01211,BIHAR,Muzaffarpur,Dholi (Moraul),0,0,,208,10,1211,,63030.361633940505,73298422.6275262,0.0,0.0,50,0.0
10-213-01167,BIHAR,Madhepura,Kishanganj,0,0,,205,10,1167,,99817.47531025465,188055937.5971522,0.0,0.0,133,0.0
10-216-01212,BIHAR,Muzaffarpur,Musahri,0,0,,208,10,1212,,211487.75457487197,365415439.5943066,0.0,0.0,267,0.0
10-213-01168,BIHAR,Madhepura,Puraini,0,0,,205,10,1168,,63416.842365887525,103114850.3546553,0.0,0.0,76,0.0
10-214-01174,BIHAR,Saharsa,Kahara,0,0,,216,10,1174,,81070.16203244023,176788302.3737116,0.0,0.0,128,0.0
10-213-01169,BIHAR,Madhepura,Alamnagar,0,0,,205,10,1169,,94357.42058114092,211989804.11375904,0.0,0.0,151,0.0
10-213-01170,BIHAR,Madhepura,Chausa,0,0,,205,10,1170,,87285.75133964,172516848.53860697,0.0,0.0,124,0.0
10-214-01171,BIHAR,Saharsa,Nauhatta,0,0,,216,10,1171,,93228.84620468391,212763144.21707585,0.0,0.0,151,0.0
10-217-01227,BIHAR,Gopalganj,Sidhwalia,0,0,,197,10,1227,,69457.48217743407,152022198.31601515,0.0,0.0,109,0.0
10-214-01173,BIHAR,Saharsa,Mahishi,0,0,,216,10,1173,,106372.46434789852,273075178.2794974,0.0,0.0,195,0.0
10-214-01175,BIHAR,Saharsa,Saur Bazar,0,0,,216,10,1175,,88121.22998090234,233228921.9025612,0.0,0.0,171,0.0
10-214-01176,BIHAR,Saharsa,Patarghat,0,0,,216,10,1176,,67497.21582029684,149681422.04156074,0.0,0.0,105,0.0
10-214-01177,BIHAR,Saharsa,Sonbarsa,0,0,,216,10,1177,,90185.02153799882,263952116.041209,0.0,0.0,193,0.0
10-216-01199,BIHAR,Muzaffarpur,Sahebganj,0,0,,208,10,1199,,80060.99972290538,253055918.70266867,0.0,0.0,189,0.0
10-214-01178,BIHAR,Saharsa,Simri Bakhtiarpur,0,0,,216,10,1178,,119116.35548129058,266466354.66217396,0.0,0.0,194,0.0
10-214-01179,BIHAR,Saharsa,Salkhua,0,0,,216,10,1179,,82412.26684571667,221182533.93573853,0.0,0.0,163,0.0
10-214-01180,BIHAR,Saharsa,Banma Itahri,0,0,,216,10,1180,,54286.501575749484,92822449.4552088,0.0,0.0,68,0.0
10-215-01181,BIHAR,Darbhanga,Jale,0,0,,195,10,1181,,112473.57051363293,234172285.01568127,0.0,0.0,171,0.0
10-215-01182,BIHAR,Darbhanga,Singhwara,0,0,,195,10,1182,,121368.62688362494,223279889.67870736,0.0,0.0,162,0.0
10-215-01183,BIHAR,Darbhanga,Keotiranway,0,0,,195,10,1183,,89515.08566239705,180205403.4644349,0.0,0.0,131,0.0
10-215-01184,BIHAR,Darbhanga,Darbhanga,0,0,,195,10,1184,,131883.04966973627,240721362.1475316,0.0,0.0,174,0.0
10-215-01185,BIHAR,Darbhanga,Manigachhi,0,0,,195,10,1185,,96856.01003306538,158887287.31255177,0.0,0.0,114,0.0
10-215-01186,BIHAR,Darbhanga,Tardih,0,0,,195,10,1186,,96398.42232606321,109520018.96976715,0.0,0.0,79,0.0
10-215-01187,BIHAR,Darbhanga,Alinagar,0,0,,195,10,1187,,105560.56246873255,146523357.5416611,0.0,0.0,105,0.0
10-215-01188,BIHAR,Darbhanga,Benipur,0,0,,195,10,1188,,118482.30854716274,204643530.87647069,0.0,0.0,150,0.0
10-215-01189,BIHAR,Darbhanga,Bahadurpur,0,0,,195,10,1189,,155637.00049509996,221161760.4253616,0.0,0.0,158,0.0
10-215-01190,BIHAR,Darbhanga,Hanumannagar,0,0,,195,10,1190,,114393.83215098479,181536916.32106537,0.0,0.0,130,0.0
10-215-01191,BIHAR,Darbhanga,Hayaghat,0,0,,195,10,1191,,66118.49929402806,108810529.75916524,0.0,0.0,77,0.0
10-215-01192,BIHAR,Darbhanga,Baheri,0,0,,195,10,1192,,128629.1579498372,271307286.95794886,0.0,0.0,195,0.0
10-215-01193,BIHAR,Darbhanga,Biraul,0,0,,195,10,1193,,135706.32971678255,230203939.26841983,0.0,0.0,167,0.0
10-215-01194,BIHAR,Darbhanga,Ghanshyampur,0,0,,195,10,1194,,76766.91373126305,103945643.9979024,0.0,0.0,78,0.0
10-215-01195,BIHAR,Darbhanga,Kiratpur,0,0,,195,10,1195,,78793.19278562842,78915927.53877336,0.0,0.0,60,0.0
10-215-01196,BIHAR,Darbhanga,Gora Bauram,0,0,,195,10,1196,,99804.03366816713,145653476.81698695,0.0,0.0,104,0.0
10-215-01197,BIHAR,Darbhanga,Kusheshwar Asthan,0,0,,195,10,1197,,87220.16498537568,144130520.9401011,0.0,0.0,107,0.0
10-215-01198,BIHAR,Darbhanga,Kusheshwar Asthan Purbi,0,0,,195,10,1198,,91858.86035222423,150084285.43545517,0.0,0.0,112,0.0
10-216-01200,BIHAR,Muzaffarpur,Baruraj (Motipur),0,0,,208,10,1200,,125110.13599018812,365259305.4740948,0.0,0.0,263,0.0
10-216-01201,BIHAR,Muzaffarpur,Paroo,0,0,,208,10,1201,,136934.87791145188,413033977.3448192,0.0,0.0,295,0.0
10-216-01202,BIHAR,Muzaffarpur,Saraiya,0,0,,208,10,1202,,155820.80051537574,301402655.1404849,0.0,0.0,218,0.0
10-216-01203,BIHAR,Muzaffarpur,Marwan,0,0,,208,10,1203,,84959.92762229654,138736310.53842777,0.0,0.0,101,0.0
10-216-01204,BIHAR,Muzaffarpur,Kanti,0,0,,208,10,1204,,97122.90469976026,124757584.36625764,0.0,0.0,91,0.0
10-216-01205,BIHAR,Muzaffarpur,Minapur,0,0,,208,10,1205,,166218.11946715685,316124209.98756105,0.0,0.0,228,0.0
10-216-01206,BIHAR,Muzaffarpur,Bochaha,0,0,,208,10,1206,,126044.68100944142,233148755.94160384,0.0,0.0,167,0.0
10-216-01207,BIHAR,Muzaffarpur,Aurai,0,0,,208,10,1207,,101267.16719990574,247748190.77792475,0.0,0.0,177,0.0
10-216-01208,BIHAR,Muzaffarpur,Katra,0,0,,208,10,1208,,118891.9342746819,235108975.17115793,0.0,0.0,171,0.0
10-216-01209,BIHAR,Muzaffarpur,Gaighat,0,0,,208,10,1209,,111008.49869520529,259762671.68662548,0.0,0.0,191,0.0
10-216-01213,BIHAR,Muzaffarpur,Kurhani,0,0,,208,10,1213,,108106.10574110712,256354911.2077163,0.0,0.0,187,0.0
10-216-01214,BIHAR,Muzaffarpur,Sakra,0,0,,208,10,1214,,105121.4777371614,236360031.18726787,0.0,0.0,175,0.0
10-217-01215,BIHAR,Gopalganj,Katiya,0,0,,197,10,1215,,94755.55253264701,158441587.458013,0.000577905472946167,0.00045406858588627414,112,0.0508556816192627
10-217-01216,BIHAR,Gopalganj,Bijaipur,0,0,,197,10,1216,,81309.59717969262,163112176.36717936,0.000577905472946167,0.000577905472946167,120,0.06934865675354004
10-217-01217,BIHAR,Gopalganj,Bhorey,0,0,,197,10,1217,,78790.65552761848,196013266.46535653,0.000577905472946167,0.0003009924338261287,144,0.04334291047096253
10-217-01218,BIHAR,Gopalganj,Pach Deuri,0,0,,197,10,1218,,53698.212932643866,118295317.11973979,0.0,0.0,85,0.0
10-217-01219,BIHAR,Gopalganj,Kuchaikote,0,0,,197,10,1219,,101077.28158428885,316078491.04748106,0.0,0.0,226,0.0
10-217-01220,BIHAR,Gopalganj,Phulwaria,0,0,,197,10,1220,,81339.22200232239,118763292.85091434,0.0,0.0,89,0.0
10-217-01221,BIHAR,Gopalganj,Hathua,0,0,,197,10,1221,,91546.96202775641,183613061.83342972,0.0006852313388061524,0.00045322387763556534,127,0.0575594324597168
10-217-01222,BIHAR,Gopalganj,Uchkagaon,0,0,,197,10,1222,,80102.93001981139,142235093.67043933,0.0006852313388061524,4.5251126147576106e-05,106,0.004796619371643067
10-217-01223,BIHAR,Gopalganj,Thawe,0,0,,197,10,1223,,57244.55575246375,89300191.60424533,0.0006852313388061524,1.0706739668846132e-05,64,0.0006852313388061524
10-217-01224,BIHAR,Gopalganj,Gopalganj,0,0,,197,10,1224,,110313.13172782106,244420793.60160467,0.0,0.0,182,0.0
10-218-01232,BIHAR,Siwan,Goriakothi,0,0,,222,10,1232,,73201.39147651673,174963939.23516312,0.0,0.0,127,0.0
10-217-01225,BIHAR,Gopalganj,Manjha,0,0,,197,10,1225,,80242.78538873792,179389027.9828925,0.0,0.0,131,0.0
10-217-01226,BIHAR,Gopalganj,Barauli,0,0,,197,10,1226,,105754.79057670098,232227972.12586737,0.0,0.0,170,0.0
10-217-01228,BIHAR,Gopalganj,Baikunthpur,0,0,,197,10,1228,,97825.58906166903,256614409.24172768,0.0,0.0,185,0.0
10-218-01229,BIHAR,Siwan,Nautan,0,0,,222,10,1229,,58324.35348563096,81827813.66620097,0.0006852313388061524,0.0006852313388061524,58,0.03974341765075684
10-218-01230,BIHAR,Siwan,Siwan,0,0,,222,10,1230,,92599.06904644772,168879532.28230655,0.0006852313388061524,0.0006271608863649529,118,0.07400498459106444
10-218-01235,BIHAR,Siwan,Bhagwanpur Hat,0,0,,222,10,1235,,86430.4184146014,189582799.91524476,0.0006324599874877931,0.00010082695452703948,138,0.013914119724731448
10-218-01231,BIHAR,Siwan,Barharia,0,0,,222,10,1231,,90315.6629531122,219606934.01516393,0.0006852313388061524,1.2848087602615357e-05,160,0.002055694016418457
10-218-01233,BIHAR,Siwan,Lakri Nabiganj,0,0,,222,10,1233,,79648.98713303795,120773104.6039552,0.0,0.0,88,0.0
10-218-01234,BIHAR,Siwan,Basantpur,0,0,,222,10,1234,,57871.378293950496,76675463.02480637,0.0,0.0,56,0.0
10-218-01236,BIHAR,Siwan,Maharajganj,0,0,,222,10,1236,,119387.58843212528,142817377.5161484,0.0006324599874877931,0.0002394751408934362,103,0.024665939512023928
10-218-01237,BIHAR,Siwan,Pachrukhi,0,0,,222,10,1237,,99183.2392802834,160709761.40986398,0.0006852313388061524,2.928339054727147e-05,117,0.003426156694030762
10-218-01238,BIHAR,Siwan,Hussainganj,0,0,,222,10,1238,,68784.84800107122,105975934.30464326,0.0006852313388061524,0.0006047697379158638,74,0.044752960605773925
10-218-01239,BIHAR,Siwan,Ziradei,0,0,,222,10,1239,,98825.50869312549,152221780.48504183,0.0006852313388061524,0.0006841675826002242,111,0.07594260166862489
10-218-01240,BIHAR,Siwan,Mairwa,0,0,,222,10,1240,,65279.2242200428,88898123.37504825,0.0007285562656402588,0.0006872006536622481,66,0.04535524314170838
10-218-01242,BIHAR,Siwan,Darauli,0,0,,222,10,1242,,90305.00161970501,214758375.6239279,0.0007285562656402588,0.0006136505723660377,155,0.09511583871673585
10-218-01241,BIHAR,Siwan,Guthani,0,0,,222,10,1241,,78778.78773845347,115110806.99004474,0.0007285562656402588,0.0007253861490426411,82,0.059481664221496575
10-219-01248,BIHAR,Saran,Mashrakh,0,0,,218,10,1248,,82075.7710341599,165898243.02109933,0.0,0.0,121,0.0
10-218-01243,BIHAR,Siwan,Andar,0,0,,222,10,1243,,83358.60866933218,125625010.62434034,0.0006852313388061524,0.000580726461885825,87,0.05052320218406678
10-219-01249,BIHAR,Saran,Panapur,0,0,,218,10,1249,,75875.09329534958,182360909.7404776,0.0,0.0,128,0.0
10-218-01244,BIHAR,Siwan,Raghunathpur,0,0,,222,10,1244,,87824.68008836384,193566358.3438411,0.0005671543999481201,0.0005671543999481201,143,0.08110307919258118
10-219-01250,BIHAR,Saran,Taraiya,0,0,,218,10,1250,,53629.0613522338,97307015.09151264,0.0,0.0,74,0.0
10-218-01245,BIHAR,Siwan,Hasanpura,0,0,,222,10,1245,,82786.09108287447,121956119.03175904,0.0006324599874877931,0.0005901470367528104,87,0.051342792197494505
10-219-01251,BIHAR,Saran,Ishupur,0,0,,218,10,1251,,62425.60798229613,109300191.56908256,0.0,0.0,76,0.0
10-218-01246,BIHAR,Siwan,Daraundha,0,0,,222,10,1246,,105400.53795370483,157911066.26165873,0.0006324599874877931,0.0005499652065111245,115,0.06324599874877931
10-219-01256,BIHAR,Saran,Jalalpur,0,0,,218,10,1256,,65042.73641147566,147549697.72689733,0.0008804587680053711,0.0002888946050204871,106,0.030622828132171633
10-218-01247,BIHAR,Siwan,Siswan,0,0,,222,10,1247,,98184.39847010886,155554872.77293277,0.0006324599874877931,0.0006130448128138363,111,0.06804797422233583
10-219-01259,BIHAR,Saran,Nagra,0,0,,218,10,1259,,43289.948409307304,65110006.46242106,0.000730191009979248,0.0003107195787145736,47,0.01460382019958496
10-219-01252,BIHAR,Saran,Baniapur,0,0,,218,10,1252,,89199.8841803021,219417775.87250236,0.0006324599874877931,1.552049049049799e-05,163,0.0025298399499511723
10-219-01253,BIHAR,Saran,Lahladpur,0,0,,218,10,1253,,49287.19248841685,70233795.44130237,0.0006324599874877931,0.00034152839324340823,50,0.01707641966217041
10-219-01254,BIHAR,Saran,Ekma,0,0,,218,10,1254,,99716.17236158185,176114988.01319405,0.0006324599874877931,0.0006324599874877931,128,0.08095487839843751
10-219-01255,BIHAR,Saran,Manjhi,0,0,,218,10,1255,,127085.43562979231,244607530.98349065,0.0008804587680053711,0.000684057161005656,180,0.12313028898101808
10-219-01257,BIHAR,Saran,Revelganj,0,0,,218,10,1257,,84877.1419542779,179359801.45379385,0.0008804587680053711,0.0007422124306213379,125,0.09277655382766724
10-219-01258,BIHAR,Saran,Chapra,0,0,,218,10,1258,,119729.94798472138,239470568.44351175,0.000730191009979248,0.0006845540718555449,176,0.12048151664657591
10-219-01260,BIHAR,Saran,Marhaura,0,0,,218,10,1260,,87240.95030017926,190752130.05196184,0.000730191009979248,2.131944554683936e-05,137,0.002920764039916992
10-219-01261,BIHAR,Saran,Amnour,0,0,,218,10,1261,,94922.90618840617,160109081.4065653,0.000730191009979248,1.2376118813207594e-05,118,0.001460382019958496
10-219-01263,BIHAR,Saran,Parsa,0,0,,218,10,1263,,85595.91054800974,122749042.93573296,0.0,0.0,88,0.0
10-219-01266,BIHAR,Saran,Dighwara,0,0,,218,10,1266,,81943.45164265168,101347015.6655549,0.0,0.0,72,0.0
10-219-01264,BIHAR,Saran,Dariapur,0,0,,218,10,1264,,115477.27251924115,281302380.67878103,0.0,0.0,202,0.0
10-219-01265,BIHAR,Saran,Garkha,0,0,,218,10,1265,,90147.74693968748,213336409.9887166,0.000730191009979248,0.00037457850511922464,154,0.057685089788360594
10-220-01269,BIHAR,Vaishali,Paterhi Belsar,0,0,,224,10,1269,,56227.36197278124,93522597.26160131,0.0,0.0,69,0.0
10-219-01267,BIHAR,Saran,Sonepur,0,0,,218,10,1267,,70412.64000247594,214865144.18564072,0.0,0.0,162,0.0
10-220-01268,BIHAR,Vaishali,Vaishali,0,0,,224,10,1268,,72706.90824879723,158663399.21103516,0.0,0.0,114,0.0
10-220-01270,BIHAR,Vaishali,Lalganj,0,0,,224,10,1270,,89595.71916906572,184177988.41986412,0.0,0.0,133,0.0
10-221-01294,BIHAR,Samastipur,Mohiuddinagar,0,0,,217,10,1294,,80607.53716768604,178536106.2701614,0.0,0.0,130,0.0
10-220-01271,BIHAR,Vaishali,Bhagwanpur,0,0,,224,10,1271,,98965.72708266653,142473218.81446454,0.0,0.0,102,0.0
10-220-01272,BIHAR,Vaishali,Goraul,0,0,,224,10,1272,,101989.77906286377,122446101.92943335,0.0,0.0,87,0.0
10-220-01273,BIHAR,Vaishali,Chehra Kalan,0,0,,224,10,1273,,63204.34388206024,89818122.94593617,0.0,0.0,66,0.0
10-220-01277,BIHAR,Vaishali,Raja Pakar,0,0,,224,10,1277,,58946.08844196175,93673217.82917874,0.0,0.0,72,0.0
10-220-01274,BIHAR,Vaishali,Patepur,0,0,,224,10,1274,,118180.33822078991,317029999.71255994,0.0,0.0,234,0.0
10-220-01275,BIHAR,Vaishali,Mahua,0,0,,224,10,1275,,86273.82517515696,171155586.12447235,0.0,0.0,125,0.0
10-220-01276,BIHAR,Vaishali,Jandaha,0,0,,224,10,1276,,99044.76663725945,179891527.10359335,0.0,0.0,128,0.0
10-220-01278,BIHAR,Vaishali,Hajipur,0,0,,224,10,1278,,80048.24731377292,194916759.16986817,0.0,0.0,140,0.0
10-220-01280,BIHAR,Vaishali,Bidupur,0,0,,224,10,1280,,88122.3198685409,139375575.9420912,0.0,0.0,99,0.0
10-220-01279,BIHAR,Vaishali,Raghopur,0,0,,224,10,1279,,128641.49950069311,338499790.0832371,0.0,0.0,246,0.0
10-220-01281,BIHAR,Vaishali,Desri,0,0,,224,10,1281,,50183.809114488824,56627949.53624974,0.0,0.0,43,0.0
10-221-01284,BIHAR,Samastipur,Kalyanpur,0,0,,217,10,1284,,147387.26660455638,294821482.9966942,0.0,0.0,214,0.0
10-221-01286,BIHAR,Samastipur,Shivaji Nagar,0,0,,217,10,1286,,96209.25031894707,172333979.18990555,0.0,0.0,130,0.0
10-221-01288,BIHAR,Samastipur,Samastipur,0,0,,217,10,1288,,112474.97484539819,170577777.20953664,0.0,0.0,123,0.0
10-221-01289,BIHAR,Samastipur,Pusa,0,0,,217,10,1289,,64081.7615729533,95008289.7510354,0.0,0.0,65,0.0
10-221-01291,BIHAR,Samastipur,Morwa,0,0,,217,10,1291,,104551.97847793197,152111293.7773472,0.0,0.0,106,0.0
10-221-01292,BIHAR,Samastipur,Patori,0,0,,217,10,1292,,69422.25062895294,130638318.44440164,0.0,0.0,93,0.0
10-221-01295,BIHAR,Samastipur,Sarairanjan,0,0,,217,10,1295,,96463.23467310029,185572344.2706523,0.0,0.0,145,0.0
10-221-01296,BIHAR,Samastipur,Vidyapati Nagar,0,0,,217,10,1296,,62930.2690484309,106322816.42401849,0.0,0.0,75,0.0
10-221-01297,BIHAR,Samastipur,Dalsinghsarai,0,0,,217,10,1297,,80515.23552986495,118201268.21451648,0.0,0.0,89,0.0
10-221-01298,BIHAR,Samastipur,Ujiarpur,0,0,,217,10,1298,,81756.09445970641,209497824.1015558,0.0,0.0,149,0.0
10-221-01300,BIHAR,Samastipur,Rosera,0,0,,217,10,1300,,84599.34785899956,138535375.895554,0.0,0.0,97,0.0
10-221-01299,BIHAR,Samastipur,Bibhutpur,0,0,,217,10,1299,,96600.53522783429,258332531.194082,0.0,0.0,187,0.0
10-221-01301,BIHAR,Samastipur,Singhia,0,0,,217,10,1301,,76055.88015393679,178639507.67998633,0.0,0.0,128,0.0
10-222-01307,BIHAR,Begusarai,Cheria Bariarpur,0,0,,191,10,1307,,80422.0696045629,127840547.1243011,0.0,0.0,89,0.0
10-221-01302,BIHAR,Samastipur,Hasanpur,0,0,,217,10,1302,,122795.93417076243,188091095.39019313,0.0,0.0,138,0.0
10-221-01303,BIHAR,Samastipur,Bithan,0,0,,217,10,1303,,72838.55780104545,149849875.79630712,0.0,0.0,109,0.0
10-222-01304,BIHAR,Begusarai,Khudabandpur,0,0,,191,10,1304,,49522.71992212785,59617610.47663844,0.0,0.0,39,0.0
10-222-01305,BIHAR,Begusarai,Chhorahi,0,0,,191,10,1305,,96201.09768359947,128309829.49376953,0.0,0.0,94,0.0
10-222-01306,BIHAR,Begusarai,Garhpura,0,0,,191,10,1306,,69581.28073662621,88651595.91159394,0.0,0.0,68,0.0
10-222-01308,BIHAR,Begusarai,Bhagwanpur,0,0,,191,10,1308,,102620.52088176137,147276258.21886113,0.0,0.0,106,0.0
10-223-01324,BIHAR,Khagaria,Mansi,0,0,,202,10,1324,,70720.37786012898,86151878.56106131,0.0,0.0,69,0.0
10-222-01309,BIHAR,Begusarai,Mansurchak,0,0,,191,10,1309,,55538.61039021854,42158333.283958256,0.0,0.0,31,0.0
10-224-01333,BIHAR,Bhagalpur,Rangra Chowk,0,0,,192,10,1333,,56200.86409227388,97946271.45940188,0.0,0.0,71,0.0
10-222-01310,BIHAR,Begusarai,Bachhwara,0,0,,191,10,1310,,112893.55520851951,186501763.14040864,0.0,0.0,138,0.0
10-222-01311,BIHAR,Begusarai,Teghra,0,0,,191,10,1311,,93442.93751421869,180050069.66821858,0.0,0.0,129,0.0
10-222-01312,BIHAR,Begusarai,Barauni,0,0,,191,10,1312,,90573.71511882372,141812926.41245717,0.0,0.0,102,0.0
10-222-01313,BIHAR,Begusarai,Birpur,0,0,,191,10,1313,,69057.86510087451,64693086.30641256,0.0,0.0,53,0.0
10-222-01314,BIHAR,Begusarai,Begusarai,0,0,,191,10,1314,,114572.02827886646,273941103.5239774,0.0,0.0,200,0.0
10-222-01315,BIHAR,Begusarai,Naokothi,0,0,,191,10,1315,,61794.845266753924,91575422.87048158,0.0,0.0,64,0.0
10-222-01316,BIHAR,Begusarai,Bakhri,0,0,,191,10,1316,,74902.13049058078,94921186.04856166,0.0,0.0,66,0.0
10-222-01317,BIHAR,Begusarai,Dandari,0,0,,191,10,1317,,77075.31892237118,85364223.36403492,0.0,0.0,65,0.0
10-222-01318,BIHAR,Begusarai,Sahebpur Kamal,0,0,,191,10,1318,,97820.3506924087,179327758.1582562,0.0,0.0,131,0.0
10-222-01319,BIHAR,Begusarai,Balia,0,0,,191,10,1319,,95726.56851828664,181873531.04775092,0.0,0.0,133,0.0
10-222-01320,BIHAR,Begusarai,Matihani,0,0,,191,10,1320,,104199.58891726227,214311339.790948,0.0,0.0,157,0.0
10-222-01321,BIHAR,Begusarai,Shamho Akha Kurha,0,0,,191,10,1321,,47884.70174269599,82130306.58899558,0.0,0.0,58,0.0
10-223-01322,BIHAR,Khagaria,Alauli,0,0,,202,10,1322,,117176.16085281859,337532903.06560946,0.0,0.0,244,0.0
10-223-01323,BIHAR,Khagaria,Khagaria,0,0,,202,10,1323,,164255.4907534744,325761754.1557925,0.0,0.0,229,0.0
10-223-01325,BIHAR,Khagaria,Chautham,0,0,,202,10,1325,,88833.5659059585,205164632.7891582,0.0,0.0,148,0.0
10-228-01376,BIHAR,Sheikhpura,Chewara,0,0,,219,10,1376,,77279.14911837938,141385828.1075451,0.000716525212059021,0.000706998051750035,103,0.07282079933025361
10-223-01326,BIHAR,Khagaria,Beldaur,0,0,,202,10,1326,,101449.44415348554,276820454.1841197,0.0,0.0,203,0.0
10-223-01327,BIHAR,Khagaria,Gogri,0,0,,202,10,1327,,109725.85953588395,321971045.3784509,0.0,0.0,231,0.0
10-223-01328,BIHAR,Khagaria,Parbatta,0,0,,202,10,1328,,89952.53209418767,286770838.53234714,0.0,0.0,215,0.0
10-224-01329,BIHAR,Bhagalpur,Narayanpur,0,0,,192,10,1329,,96964.50839109154,173637043.38008544,0.0,0.0,125,0.0
10-224-01330,BIHAR,Bhagalpur,Bihpur,0,0,,192,10,1330,,98960.16392998041,189427956.2070791,0.0,0.0,141,0.0
10-234-01472,BIHAR,Rohtas,Akorhi Gola,0,0,,215,10,1472,,71741.57946050014,124356844.03544964,0.0005772590171051026,0.0005772590171051026,94,0.054262347607879645
10-224-01331,BIHAR,Bhagalpur,Kharik,0,0,,192,10,1331,,103106.05203500649,169292223.68779984,0.0,0.0,125,0.0
10-224-01332,BIHAR,Bhagalpur,Naugachhia,0,0,,192,10,1332,,91833.23423872421,134223697.96961665,0.0,0.0,95,0.0
10-224-01335,BIHAR,Bhagalpur,Pirpainti,0,0,,192,10,1335,,138631.2255747686,411429376.6216011,0.0,0.0,294,0.0
10-224-01336,BIHAR,Bhagalpur,Kahalgaon,0,0,,192,10,1336,,128722.99744742387,352186242.20537144,0.0,0.0,255,0.0
10-224-01337,BIHAR,Bhagalpur,Ismailpur,0,0,,192,10,1337,,66332.03197363381,102752037.41138108,0.0,0.0,75,0.0
10-224-01338,BIHAR,Bhagalpur,Sabour,0,0,,192,10,1338,,85492.0541239663,141198925.34276122,0.0,0.0,102,0.0
10-226-01359,BIHAR,Munger,Dharhara,0,0,,207,10,1359,,105188.90103685112,355220468.750446,0.0,0.0,262,0.0
10-224-01339,BIHAR,Bhagalpur,Nathnagar,0,0,,192,10,1339,,105259.93673308079,163498377.60317266,0.0,0.0,117,0.0
10-226-01360,BIHAR,Munger,Kharagpur,0,0,,207,10,1360,,169586.30903503796,398589433.5102216,0.0,0.0,291,0.0
10-224-01340,BIHAR,Bhagalpur,Sultanganj,0,0,,192,10,1340,,139861.1879796442,266407467.3450057,0.0,0.0,198,0.0
10-224-01341,BIHAR,Bhagalpur,Shahkund,0,0,,192,10,1341,,93276.90256650816,208798734.37786233,0.0,0.0,153,0.0
10-224-01342,BIHAR,Bhagalpur,Goradih,0,0,,192,10,1342,,106918.08891287447,178026414.43832883,0.0,0.0,128,0.0
10-224-01343,BIHAR,Bhagalpur,Jagdishpur,0,0,,192,10,1343,,107045.71303668506,127447147.46016994,0.0,0.0,95,0.0
10-224-01344,BIHAR,Bhagalpur,Sonhaula,0,0,,192,10,1344,,84463.86530366821,214425428.57327408,0.0,0.0,160,0.0
10-225-01345,BIHAR,Banka,Shambhuganj,0,0,,190,10,1345,,85765.27415008907,217970788.89652416,0.0,0.0,157,0.0
10-225-01346,BIHAR,Banka,Amarpur,0,0,,190,10,1346,,98000.87839154692,234663534.19316816,0.0,0.0,176,0.0
10-225-01347,BIHAR,Banka,Rajaun,0,0,,190,10,1347,,86718.04358754268,242814641.5593075,0.0,0.0,179,0.0
10-226-01363,BIHAR,Munger,Tetiha Bambor,0,0,,207,10,1363,,73286.15332623897,95190725.80042528,0.0,0.0,70,0.0
10-225-01348,BIHAR,Banka,Dhuraiya,0,0,,190,10,1348,,106681.6377356153,285703540.38620996,0.0,0.0,208,0.0
10-225-01349,BIHAR,Banka,Barahat,0,0,,190,10,1349,,122910.23058217819,181202001.14064544,0.0,0.0,129,0.0
10-225-01350,BIHAR,Banka,Banka,0,0,,190,10,1350,,137083.07375503817,365153241.48788345,0.0,0.0,275,0.0
10-225-01351,BIHAR,Banka,Phulidumar,0,0,,190,10,1351,,117105.67306472127,248400685.45023423,0.0,0.0,176,0.0
10-225-01352,BIHAR,Banka,Belhar,0,0,,190,10,1352,,118426.40149548957,290570448.277483,0.00043146921436309815,4.435664820555214e-05,214,0.009492322715988159
10-225-01353,BIHAR,Banka,Chanan,0,0,,190,10,1353,,169565.08902723462,550876204.0147796,0.00045845637134552,0.0002342784387749419,403,0.09441421082630158
10-225-01354,BIHAR,Banka,Katoria,0,0,,190,10,1354,,180268.89530762268,687665367.2781417,0.00045845637134552,3.927016726664813e-05,502,0.019713623967857363
10-225-01355,BIHAR,Banka,Bausi,0,0,,190,10,1355,,109314.78149810205,385846183.7170387,0.0,0.0,284,0.0
10-226-01356,BIHAR,Munger,Munger,0,0,,207,10,1356,,162390.1628928388,306519605.49277806,0.0,0.0,227,0.0
10-226-01357,BIHAR,Munger,Bariarpur,0,0,,207,10,1357,,122433.4478606843,198040113.63802013,0.0,0.0,143,0.0
10-226-01358,BIHAR,Munger,Jamalpur,0,0,,207,10,1358,,72817.19566814511,112971204.64248075,0.0,0.0,79,0.0
10-226-01361,BIHAR,Munger,Asarganj,0,0,,207,10,1361,,61173.52838786665,72491453.98190036,0.0,0.0,52,0.0
10-226-01362,BIHAR,Munger,Tarapur,0,0,,207,10,1362,,54416.57713098438,86962445.68425661,0.0,0.0,62,0.0
10-226-01364,BIHAR,Munger,Sangrampur,0,0,,207,10,1364,,71205.18318302365,105786037.21986651,0.0,0.0,80,0.0
10-227-01366,BIHAR,Lakhisarai,Pipariya,0,0,,204,10,1366,,87968.2901826016,106258171.87143916,0.0,0.0,76,0.0
10-227-01365,BIHAR,Lakhisarai,Barahiya,0,0,,204,10,1365,,95965.48426593257,248505135.43154767,0.0,0.0,179,0.0
10-227-01367,BIHAR,Lakhisarai,Surajgarha,0,0,,204,10,1367,,140312.1609931406,462726462.37366486,0.0006471016711425782,8.564580941592947e-05,340,0.02911957520141602
10-227-01368,BIHAR,Lakhisarai,Lakhisarai,0,0,,204,10,1368,,117670.76745524361,181316338.94823277,0.000716525212059021,7.385776200057869e-05,133,0.009823082346076966
10-227-01369,BIHAR,Lakhisarai,Chanan*,0,0,,204,10,1369,,86014.87070350182,177670731.10250506,0.0006471016711425782,0.0005257701078033449,128,0.06729857379882814
10-228-01375,BIHAR,Sheikhpura,Ghat Kusumbha,0,0,,219,10,1375,,80592.24583619394,99088070.68237934,0.0,0.0,70,0.0
10-227-01370,BIHAR,Lakhisarai,Ramgarh Chowk,0,0,,204,10,1370,,98990.57354622113,128567389.13844268,0.000716525212059021,0.0006550429202027017,94,0.06157403449905396
10-227-01371,BIHAR,Lakhisarai,Halsi,0,0,,204,10,1371,,82594.8188222393,191441208.6304817,0.000716525212059021,0.000713528512451117,139,0.09918046323070526
10-228-01372,BIHAR,Sheikhpura,Barbigha,0,0,,219,10,1372,,83879.7675047183,115941853.486741,0.0,0.0,81,0.0
10-228-01373,BIHAR,Sheikhpura,Shekhopur Sarai,0,0,,219,10,1373,,59774.96229914819,65955650.61796794,0.0005529756267547608,0.00021541302505493165,45,0.009693586127471924
10-228-01374,BIHAR,Sheikhpura,Sheikhpura,0,0,,219,10,1374,,119718.3677454689,225551054.81458032,0.000716525212059021,0.00015068172489659927,170,0.025615893232421874
10-228-01377,BIHAR,Sheikhpura,Ariari,0,0,,219,10,1377,,87552.5859976097,183445963.63454768,0.000716525212059021,0.0005553632119416843,137,0.07608476003601075
10-229-01378,BIHAR,Nalanda,Karai Parsurai,0,0,,209,10,1378,,58523.47447411047,82148146.79064696,0.0003474067239379883,0.00015633302577209475,60,0.009379981546325685
10-229-01379,BIHAR,Nalanda,Nagar Nausa,0,0,,209,10,1379,,82570.35159490984,108015836.82811198,0.0004861343812561035,0.0001719545767364502,80,0.013756366138916015
10-229-01380,BIHAR,Nalanda,Harnaut,0,0,,209,10,1380,,124869.90123154312,224385440.0517296,0.0004861343812561035,0.00016909021956734035,161,0.027223525350341796
10-229-01381,BIHAR,Nalanda,Chandi,0,0,,209,10,1381,,70527.81459673235,147156102.481168,0.0004861343812561035,0.0004459948451890858,109,0.04861343812561035
10-229-01382,BIHAR,Nalanda,Rahui,0,0,,209,10,1382,,77076.6108369453,152249665.90613127,0.0004861343812561035,0.0004681294041725441,108,0.05055797565063476
10-229-01383,BIHAR,Nalanda,Bind,0,0,,209,10,1383,,70364.80140905235,88091657.81671415,0.0,0.0,66,0.0
10-229-01384,BIHAR,Nalanda,Sarmera,0,0,,209,10,1384,,91044.34634338948,167201876.42476654,0.0,0.0,123,0.0
10-229-01385,BIHAR,Nalanda,Asthawan,0,0,,209,10,1385,,92263.18064708126,171325630.7179731,0.0005529756267547608,9.105291604309082e-05,125,0.011381614505386353
10-229-01387,BIHAR,Nalanda,Noorsarai,0,0,,209,10,1387,,78528.62700534344,151514769.88009417,0.0004861343812561035,0.00048613438125610345,114,0.055419319463195796
10-229-01386,BIHAR,Nalanda,Bihar,0,0,,209,10,1386,,98561.8371020671,215840179.0991975,0.0004861343812561035,0.00046277370251989364,160,0.07404379240318298
10-229-01390,BIHAR,Nalanda,Hilsa,0,0,,209,10,1390,,93433.88804652911,175765721.10991755,0.0003474067239379883,0.00034740672393798836,131,0.04551028083587647
10-229-01391,BIHAR,Nalanda,Ekangarsarai,0,0,,209,10,1391,,87121.32234693572,166605847.460251,0.0003474067239379883,0.0003474067239379883,122,0.04238362032043457
10-229-01392,BIHAR,Nalanda,Islampur,0,0,,209,10,1392,,109868.69145522316,273834151.4326934,0.0003474067239379883,0.00030091757569775134,194,0.05837800968536376
10-229-01393,BIHAR,Nalanda,Ben,0,0,,209,10,1393,,66947.54721379357,127526149.56798536,0.0004861343812561035,0.00039060779323334393,94,0.03671713256393433
10-230-01398,BIHAR,Patna,Maner,0,0,,212,10,1398,,96133.56350709034,213315300.3597084,0.000730191009979248,0.00021587993670773193,154,0.03324551025299072
10-229-01394,BIHAR,Nalanda,Rajgir,0,0,,209,10,1394,,88740.45664753366,198129288.77271983,0.000422988049697876,0.00035803292827216946,147,0.05263084045600891
10-229-01395,BIHAR,Nalanda,Silao,0,0,,209,10,1395,,79220.42929786978,154752836.13944647,0.0004861343812561035,0.0004340663534800212,114,0.04948356429672241
10-229-01396,BIHAR,Nalanda,Giriak,0,0,,209,10,1396,,88347.46773236175,99576022.5731765,0.000422988049697876,0.0004229880496978759,73,0.030878127627944944
10-229-01397,BIHAR,Nalanda,Katrisarai,0,0,,209,10,1397,,38918.76300208476,48673462.28309288,0.0005529756267547608,0.00045548494396209716,36,0.016397457982635498
10-230-01399,BIHAR,Patna,Dinapur-Cum-Khagaul,0,0,,212,10,1399,,78598.21354533077,184765788.04152673,0.0005377979947280884,0.00015934755399350768,135,0.021511919789123535
10-234-01474,BIHAR,Rohtas,Tilouthu,0,0,,215,10,1474,,73885.57639601533,193504401.97342023,0.0005061330819702149,0.0004274508143321447,140,0.059843114006500255
10-230-01400,BIHAR,Patna,Patna Rural,0,0,,212,10,1400,,87518.10425735511,179850223.48881748,0.0005377979947280884,9.442254869271782e-05,131,0.012369353878746034
10-230-01401,BIHAR,Patna,Sampatchak,0,0,,212,10,1401,,53219.7118618291,78902366.60372826,0.0005377979947280884,1.887010507817854e-05,57,0.0010755959894561769
10-230-01406,BIHAR,Patna,Dulhin Bazar,0,0,,212,10,1406,,77792.54009458271,136539622.4680228,0.0005838200590515137,0.0005295924842021442,99,0.052429655936012266
10-230-01402,BIHAR,Patna,Phulwari,0,0,,212,10,1402,,70659.26045014715,135940825.49713776,0.0005377979947280884,0.0005153897449477515,96,0.04947741551498414
10-230-01413,BIHAR,Patna,Khusrupur,0,0,,212,10,1413,,46143.60198551767,78201544.387751,0.0,0.0,58,0.0
10-230-01403,BIHAR,Patna,Bihta,0,0,,212,10,1403,,116564.9809665079,244879174.98088208,0.000730191009979248,0.0005687848415485842,182,0.10351884116184233
10-230-01415,BIHAR,Patna,Athmalgola,0,0,,212,10,1415,,47997.69261940102,62827293.65665197,0.0,0.0,47,0.0
10-230-01404,BIHAR,Patna,Naubatpur,0,0,,212,10,1404,,105087.74367689912,205320191.59612688,0.0005377979947280884,0.0005377979947280883,153,0.08228309319339752
10-230-01405,BIHAR,Patna,Bikram,0,0,,212,10,1405,,86626.03512108007,186422313.04867813,0.0005838200590515137,0.0005707188874557941,137,0.07818848758144378
10-234-01475,BIHAR,Rohtas,Rohtas,0,0,,215,10,1475,,88257.59288547112,389741138.17794544,0.00042539870071411136,0.00038292705273893147,288,0.11028299118881227
10-230-01407,BIHAR,Patna,Paliganj,0,0,,212,10,1407,,129476.3041410336,293354152.7667747,0.0005838200590515137,0.0004949362715849475,214,0.10591636211917876
10-230-01408,BIHAR,Patna,Masaurhi,0,0,,212,10,1408,,108866.13277400887,248716954.87290823,0.0005377979947280884,0.0005002557335795713,178,0.0890455205771637
10-230-01409,BIHAR,Patna,Dhanarua,0,0,,212,10,1409,,95102.40821522896,225577653.19725513,0.0005377979947280884,0.00036403441584300413,163,0.05933760978240967
10-230-01410,BIHAR,Patna,Punpun,0,0,,212,10,1410,,82554.93388622913,161116560.78819045,0.0005377979947280884,0.0003646088099851447,118,0.043023839578247076
10-230-01411,BIHAR,Patna,Fatwah,0,0,,212,10,1411,,97950.27190535897,155697451.47083917,0.0,0.0,115,0.0
10-230-01412,BIHAR,Patna,Daniawan,0,0,,212,10,1412,,69689.77872311571,79566220.36857046,0.0,0.0,56,0.0
10-230-01414,BIHAR,Patna,Bakhtiarpur,0,0,,212,10,1414,,120205.01587822943,168153072.20481881,0.0,0.0,120,0.0
10-230-01416,BIHAR,Patna,Belchhi,0,0,,212,10,1416,,88573.78025963024,87443681.0926542,0.0,0.0,70,0.0
10-230-01417,BIHAR,Patna,Barh,0,0,,212,10,1417,,95365.9771693495,147280816.515725,0.0,0.0,104,0.0
10-230-01419,BIHAR,Patna,Ghoswari,0,0,,212,10,1419,,66454.95033385535,164897376.1169027,0.0,0.0,126,0.0
10-230-01418,BIHAR,Patna,Pandarak,0,0,,212,10,1418,,106894.44852036482,252509471.6555304,0.0,0.0,180,0.0
10-232-01438,BIHAR,Buxar,Chaugain,0,0,,194,10,1438,,52625.33924401454,66025696.44875917,0.0006241363461303712,0.0006241363461303712,49,0.030582680960388187
10-232-01439,BIHAR,Buxar,Kesath,0,0,,194,10,1439,,34661.84662025829,38236018.49691825,0.0006241363461303712,0.0006241363461303713,29,0.018099954037780766
10-230-01420,BIHAR,Patna,Mokameh,0,0,,212,10,1420,,127700.39840194934,244519830.48183808,0.0,0.0,181,0.0
10-231-01421,BIHAR,Bhojpur,Shahpur,0,0,,193,10,1421,,110658.91431619873,211766871.4500774,0.0008804587680053711,0.0008148671934352775,156,0.1271192821759033
10-234-01460,BIHAR,Rohtas,Suryapura,0,0,,215,10,1460,,56159.7630280001,69765063.31452103,0.0005540669672393798,0.0005540669672393798,47,0.026041147460250852
10-231-01422,BIHAR,Bhojpur,Arrah,0,0,,193,10,1422,,120924.06747051864,221925641.7145924,0.0008804587680053711,0.0006456004089681757,159,0.10265046502593994
10-231-01423,BIHAR,Bhojpur,Barhara,0,0,,193,10,1423,,128817.96875565937,258494738.36324885,0.0008804587680053711,0.0007773955412963548,191,0.14848254838760377
10-231-01424,BIHAR,Bhojpur,Koilwar,0,0,,193,10,1424,,94779.33453556667,208456312.66749656,0.000730191009979248,0.0006152554310628392,149,0.09167305922836304
10-231-01425,BIHAR,Bhojpur,Sandesh,0,0,,193,10,1425,,60697.76797134289,164599530.19806212,0.0005838200590515137,0.0005704687146384029,118,0.06731530832733154
10-231-01426,BIHAR,Bhojpur,Udwant Nagar,0,0,,193,10,1426,,92445.60417460876,217797556.82002312,0.0006008078900146484,0.0005940549634206073,161,0.09564284911071777
10-234-01461,BIHAR,Rohtas,Bikramganj,0,0,,215,10,1461,,88556.32896667719,168723569.68103397,0.0005540669672393798,0.0005540669672393798,129,0.07147463877388
10-231-01427,BIHAR,Bhojpur,Behea,0,0,,193,10,1427,,114516.77527652554,206091349.70539597,0.0008804587680053711,0.0006153821067108155,150,0.09230731600662231
10-231-01428,BIHAR,Bhojpur,Jagdishpur,0,0,,193,10,1428,,109726.00219208181,318463526.4488765,0.0006241363461303712,0.0006031611991842169,228,0.13752075341400147
10-231-01429,BIHAR,Bhojpur,Piro,0,0,,193,10,1429,,100703.96274410955,268205354.86689487,0.0006241363461303712,0.0005674280370635986,200,0.11348560741271972
10-234-01462,BIHAR,Rohtas,Karakat,0,0,,215,10,1462,,102232.22868007293,251121712.10833624,0.0005772590171051026,0.0005551496613801609,176,0.09770634040290832
10-231-01430,BIHAR,Bhojpur,Charpokhari,0,0,,193,10,1430,,88834.1327790213,135855258.49695313,0.0006008078900146484,0.0005511636001273708,95,0.05236054201210022
10-231-01431,BIHAR,Bhojpur,Garhani,0,0,,193,10,1431,,93054.52180151101,137128723.85739592,0.0006008078900146484,0.0005926069784842185,103,0.061038518783874514
10-231-01432,BIHAR,Bhojpur,Agiaon,0,0,,193,10,1432,,87534.07309197474,191419206.17039648,0.0006008078900146484,0.0005304140454129005,139,0.07372755231239317
10-231-01433,BIHAR,Bhojpur,Tarari,0,0,,193,10,1433,,95157.98131215997,247108515.4982669,0.0005540669672393798,0.0005329554584520415,177,0.09433311614601135
10-231-01434,BIHAR,Bhojpur,Sahar,0,0,,193,10,1434,,61748.81499939302,157154129.14318892,0.000530416732711792,0.000524875528264494,117,0.061410436806945794
10-232-01435,BIHAR,Buxar,Simri,0,0,,194,10,1435,,87047.69219699135,222195796.247413,0.0007077171571350098,0.0005922406978025669,164,0.09712747443962097
10-232-01436,BIHAR,Buxar,Chakki,0,0,,194,10,1436,,73799.54032015939,80420668.23199363,0.0007077171571350098,0.000694657655415535,64,0.04445808994659424
10-232-01437,BIHAR,Buxar,Barhampur,0,0,,194,10,1437,,133928.15369382405,240152233.65370417,0.0008804587680053711,0.0006405948869570694,173,0.110822915443573
10-232-01440,BIHAR,Buxar,Dumraon,0,0,,194,10,1440,,115797.88145848007,238641355.07175583,0.0006241363461303712,0.0005804678912931364,169,0.09809907362854005
10-232-01441,BIHAR,Buxar,Buxar,0,0,,194,10,1441,,90996.21871903203,211591033.38394436,0.00047943107421875,0.000477695468853507,157,0.0749981886100006
10-232-01442,BIHAR,Buxar,Chausa,0,0,,194,10,1442,,99103.08457070828,138502720.57991108,0.0006954422207260132,0.00046675602819603186,107,0.04994289501697541
10-232-01443,BIHAR,Buxar,Rajpur,0,0,,194,10,1443,,121142.9666413415,336933113.12217736,0.0007520901373291016,0.0006764579832489636,245,0.16573220589599608
10-232-01444,BIHAR,Buxar,Itarhi,0,0,,194,10,1444,,109439.3274763228,293713382.2816445,0.0007520901373291016,0.00048204025185616964,209,0.10074641263793946
10-232-01445,BIHAR,Buxar,Nawanagar,0,0,,194,10,1445,,126567.10382889764,229774401.79100823,0.0007520901373291016,0.0006093818173100399,169,0.10298552712539674
10-233-01446,BIHAR,Kaimur (Bhabua),Ramgarh,0,0,,200,10,1446,,124781.0721120257,206666195.02442607,0.0006954422207260132,0.0005638675541201964,151,0.08514400067214965
10-233-01447,BIHAR,Kaimur (Bhabua),Nuaon,0,0,,200,10,1447,,121732.74643995032,235834986.4758632,0.0007520901373291016,0.0006722495366269385,171,0.11495467076320648
10-233-01448,BIHAR,Kaimur (Bhabua),Kudra,0,0,,200,10,1448,,132624.50147962422,255577893.54332253,0.0006954422207260132,0.0006196610211363293,189,0.11711593299476625
10-233-01449,BIHAR,Kaimur (Bhabua),Mohania,0,0,,200,10,1449,,142323.6809133636,349176573.6513165,0.0006954422207260132,0.0005855911508062482,256,0.14991133460639955
10-233-01450,BIHAR,Kaimur (Bhabua),Durgawati,0,0,,200,10,1450,,108544.41183902678,212580801.4059764,0.00027272361099243167,0.00027272361099243167,154,0.04199943609283448
10-233-01451,BIHAR,Kaimur (Bhabua),Chand,0,0,,200,10,1451,,97099.60209928264,257974481.1925409,0.00027272361099243167,0.00023545217181449244,188,0.04426500830112458
10-233-01452,BIHAR,Kaimur (Bhabua),Chainpur,0,0,,200,10,1452,,170712.34536647963,555311526.8488017,0.00027272361099243167,0.0002162123174022515,407,0.08799841318271637
10-233-01453,BIHAR,Kaimur (Bhabua),Bhabua,0,0,,200,10,1453,,143727.89821118704,407618990.38615096,0.0006954422207260132,0.0004146104790580471,301,0.12479775419647218
10-233-01454,BIHAR,Kaimur (Bhabua),Rampur,0,0,,200,10,1454,,126612.15498309073,210660395.23746365,0.0005664093673706054,0.0004622889490954508,149,0.06888105341522217
10-233-01455,BIHAR,Kaimur (Bhabua),Bhagwanpur,0,0,,200,10,1455,,134815.05705103654,292151198.96788174,0.0005664093673706054,0.0003123271920986085,211,0.06590103753280639
10-233-01456,BIHAR,Kaimur (Bhabua),Adhaura,0,0,,200,10,1456,,271357.2345421078,1135984955.9859164,0.0005664093673706054,0.0002401350791253391,833,0.20003252091140747
10-234-01457,BIHAR,Rohtas,Kochas,0,0,,215,10,1457,,90248.48407846906,187033418.62218276,0.0007520901373291016,0.0007344949511114756,132,0.09695333354671479
10-234-01458,BIHAR,Rohtas,Dinara,0,0,,215,10,1458,,157118.7651045217,464648316.8452498,0.0007520901373291016,0.0007056330886277006,341,0.2406208832220459
10-234-01459,BIHAR,Rohtas,Dawath,0,0,,215,10,1459,,78120.6651060775,129910427.66035384,0.0005540669672393798,0.0005540669672393798,94,0.052082294920501704
10-234-01466,BIHAR,Rohtas,Nokha,0,0,,215,10,1466,,82152.91978314315,208772248.59610957,0.0007520901373291016,0.0005117141752980207,148,0.07573369794410706
10-235-01476,BIHAR,Aurangabad,Daudnagar,0,0,,189,10,1476,,91010.07504965532,238139281.75712803,0.0005772590171051026,0.0005555320304844297,174,0.09666257330429077
10-234-01467,BIHAR,Rohtas,Kargahar,0,0,,215,10,1467,,128509.87472624176,406135690.59563094,0.0007520901373291016,0.0005709051084442397,296,0.16898791209949496
10-234-01468,BIHAR,Rohtas,Chenari,0,0,,215,10,1468,,121720.69626398994,292642418.8385522,0.0005664093673706054,0.0004065097383075093,215,0.0873995937361145
10-234-01469,BIHAR,Rohtas,Nauhatta,0,0,,215,10,1469,,175494.75594492842,478591449.404211,0.00041312006416320806,0.0003312632176863676,354,0.11726717906097413
10-234-01470,BIHAR,Rohtas,Sheosagar,0,0,,215,10,1470,,135463.8765525897,406503956.12222886,0.0005664093673706054,0.00041734298871522034,295,0.12311618167099
10-234-01471,BIHAR,Rohtas,Sasaram,0,0,,215,10,1471,,135810.11950728856,394273130.8742507,0.0005772590171051026,0.0004467858942910556,290,0.12956790934440612
10-234-01473,BIHAR,Rohtas,Dehri,0,0,,215,10,1473,,97323.52013589225,199371136.99043605,0.0005772590171051026,0.0005444648029695708,145,0.07894739643058776
10-235-01477,BIHAR,Aurangabad,Haspura,0,0,,189,10,1477,,88845.10694940752,164519986.5205008,0.0005523873350524902,0.0005516290177728322,121,0.0667471111505127
10-235-01478,BIHAR,Aurangabad,Goh,0,0,,189,10,1478,,122286.20877621078,374665187.3660463,0.0005523873350524902,0.0005193280471768099,272,0.1412572288320923
10-236-01491,BIHAR,Gaya,Neem Chak Bathani,0,0,,196,10,1491,,79540.44278654993,146770773.7769567,0.0002689815521240234,0.0002689815521240234,103,0.02770509986877441
10-235-01479,BIHAR,Aurangabad,Rafiganj,0,0,,189,10,1479,,167069.30684925965,465687847.79432577,0.0005523873350524902,0.0004988057693134655,341,0.17009276733589174
10-235-01480,BIHAR,Aurangabad,Obra,0,0,,189,10,1480,,130720.05569071589,327203821.09876627,0.0005772590171051026,0.0005570678966332287,237,0.1320250915020752
10-236-01494,BIHAR,Gaya,Manpur,0,0,,196,10,1494,,77081.78707553667,161226183.41058797,0.000449271671295166,0.0004452610818879501,115,0.05120502441711426
10-235-01481,BIHAR,Aurangabad,Aurangabad,0,0,,189,10,1481,,125502.68609205673,344679798.38062614,0.0005355955321502686,0.0005289204457813501,256,0.13540363412002562
10-237-01511,BIHAR,Nawada,Nardiganj,0,0,,210,10,1511,,60262.24041371029,129808165.4472442,0.000422988049697876,0.0004229880496978759,95,0.040183864721298215
10-235-01482,BIHAR,Aurangabad,Barun,0,0,,189,10,1482,,117269.30390529483,381782699.30215496,0.0005772590171051026,0.0005289949896921431,280,0.14811859711380007
10-235-01483,BIHAR,Aurangabad,Nabinagar,0,0,,189,10,1483,,173491.30877801325,657546828.2218357,0.0005061330819702149,0.00040868432580414775,483,0.19739452936340335
10-235-01484,BIHAR,Aurangabad,Kutumba,0,0,,189,10,1484,,110495.73757590447,319048251.76106954,0.0005061330819702149,0.00036763424571274685,229,0.08418824226821903
10-235-01485,BIHAR,Aurangabad,Deo,0,0,,189,10,1485,,158578.88849021672,336990745.1586724,0.0006290377444458008,0.0005143082373873645,251,0.1290913675842285
10-235-01486,BIHAR,Aurangabad,Madanpur,0,0,,189,10,1486,,153529.37367368402,418713952.50229967,0.0006290377444458008,0.0005518300657947627,309,0.17051549033058166
10-236-01487,BIHAR,Gaya,Konch,0,0,,196,10,1487,,154041.56172387034,319288521.7326548,0.0005065091396331788,0.0004839533303398922,232,0.11227717263885499
10-236-01488,BIHAR,Gaya,Tikari,0,0,,196,10,1488,,122221.36853604284,290576655.12704176,0.0005065091396331788,0.0004552200897675261,218,0.09923797956932069
10-236-01489,BIHAR,Gaya,Belaganj,0,0,,196,10,1489,,113473.13279109563,240372540.95814112,0.0003570281149291992,0.00035702811492919914,180,0.06426506068725585
10-236-01490,BIHAR,Gaya,Khizirsarai,0,0,,196,10,1490,,103698.13096672995,223124430.97950032,0.000449271671295166,0.00031492336053836706,165,0.05196235448883056
10-236-01492,BIHAR,Gaya,Muhra,0,0,,196,10,1492,,93681.45756176667,181269438.2139707,0.000422988049697876,0.00028035534047027126,134,0.03756761562301635
10-236-01493,BIHAR,Gaya,Atri,0,0,,196,10,1493,,103075.15367958385,161340647.62451813,0.000449271671295166,0.0002879642475525672,119,0.034267745458755494
10-236-01495,BIHAR,Gaya,Gaya Town C.D.Block,0,0,,196,10,1495,,91678.58033080616,224144813.6021213,0.000449271671295166,0.00043609402038574213,161,0.07021113728210449
10-236-01496,BIHAR,Gaya,Paraiya,0,0,,196,10,1496,,75593.31264449215,167300846.5298876,0.000449271671295166,0.00043809833871968586,120,0.052571800646362306
10-236-01497,BIHAR,Gaya,Guraru,0,0,,196,10,1497,,81292.54933661391,199646285.7542363,0.0004295540255737305,0.0004295540255737305,147,0.06314444175933838
10-237-01512,BIHAR,Nawada,Nawada,0,0,,210,10,1512,,86822.75137888109,219317998.1072041,0.00047627061370849607,0.0004260424641953,157,0.0668886668786621
10-236-01498,BIHAR,Gaya,Gurua,0,0,,196,10,1498,,117859.62964526065,238015237.1519128,0.0004929884345245361,0.00043846814962309914,173,0.07585498988479615
10-236-01499,BIHAR,Gaya,Amas,0,0,,196,10,1499,,100546.69423332924,128484051.44985774,0.0006290377444458008,0.0005023394806630987,95,0.04772225066299438
10-237-01517,BIHAR,Nawada,Roh,0,0,,210,10,1517,,77804.52626079548,192537548.9783989,0.0006765763894271851,0.0006248849639291234,144,0.08998343480579377
10-236-01500,BIHAR,Gaya,Banke Bazar,0,0,,196,10,1500,,85166.97220092022,256240042.68049288,0.0006290377444458008,0.0005302922775674635,186,0.09863436362754821
10-236-01501,BIHAR,Gaya,Imamganj,0,0,,196,10,1501,,136271.57775821586,316917295.57645696,0.0006290377444458008,0.0005329802253199621,239,0.12738227385147094
10-236-01502,BIHAR,Gaya,Dumaria,0,0,,196,10,1502,,119690.94596035974,390676703.928496,0.0006290377444458008,0.0005256919283623947,285,0.1498221995832825
10-236-01503,BIHAR,Gaya,Sherghati,0,0,,196,10,1503,,100322.2973073121,167902109.12194017,0.0004929884345245361,0.00047381043372115466,123,0.058278683347702025
10-238-01531,BIHAR,Jamui,Gidhaur,0,0,,198,10,1531,,55211.5633940527,100392309.18230554,0.0006471016711425782,0.0005770307919250489,75,0.04327730939437867
10-236-01504,BIHAR,Gaya,Dobhi,0,0,,196,10,1504,,103572.88994215836,218837778.49499393,0.0004929884345245361,0.00037795195188771125,161,0.06085026425392151
10-236-01505,BIHAR,Gaya,Bodh Gaya,0,0,,196,10,1505,,120948.91182130505,306843965.9119923,0.000449271671295166,0.0004411208011806323,230,0.10145778427154542
10-236-01506,BIHAR,Gaya,Tan Kuppa,0,0,,196,10,1506,,108147.94853451202,190099968.23000297,0.000449271671295166,0.00037036206110057545,134,0.04962851618747711
10-240-01542,BIHAR,Arwal,Arwal,0,0,,611,10,1542,,73924.8054791393,147787869.27798152,0.000530416732711792,0.0005051532150672032,104,0.05253593436698914
10-236-01507,BIHAR,Gaya,Wazirganj,0,0,,196,10,1507,,105472.06999302967,323030583.61833626,0.000449271671295166,0.00033538179930347507,236,0.07915010463562011
10-236-01508,BIHAR,Gaya,Fatehpur,0,0,,196,10,1508,,155359.44599717355,408449805.62920874,0.0004603696217346192,0.0003256002882099152,304,0.09898248761581421
10-240-01543,BIHAR,Arwal,Kaler,0,0,,611,10,1543,,67777.19153730445,176075758.749563,0.0005523873350524902,0.0005341064521888558,131,0.06996794523674012
10-236-01509,BIHAR,Gaya,Mohanpur,0,0,,196,10,1509,,119906.24818546322,418796109.2883684,0.000449271671295166,0.00035179271954967643,303,0.10659319402355195
10-240-01544,BIHAR,Arwal,Karpi,0,0,,611,10,1544,,158139.92638461498,234985661.7206014,0.0005523873350524902,0.000502236415143124,172,0.08638466340461731
10-236-01510,BIHAR,Gaya,Barachatti,0,0,,196,10,1510,,138753.78132836288,366328956.31361085,0.00035267878524780275,0.00035006632229614263,275,0.09626823863143923
10-237-01513,BIHAR,Nawada,Warisaliganj,0,0,,210,10,1513,,109792.76918459819,202861050.3008767,0.0005529756267547608,0.000504340819012389,147,0.07413810039482117
10-237-01514,BIHAR,Nawada,Kashi Chak,0,0,,210,10,1514,,73948.94452619922,98983451.20841853,0.0005529756267547608,0.0005529756267547608,72,0.039814245126342775
10-237-01515,BIHAR,Nawada,Pakribarawan,0,0,,210,10,1515,,104545.76938151139,251834567.85717744,0.0005529756267547608,0.0005529756267547608,184,0.10174751532287599
10-237-01516,BIHAR,Nawada,Kawakol,0,0,,210,10,1516,,121170.20018263235,362955647.76482904,0.000716525212059021,0.000569329344634723,266,0.15144160567283632
10-237-01518,BIHAR,Nawada,Gobindpur,0,0,,210,10,1518,,73133.35659787485,188189390.13263756,0.0006765763894271851,0.0006222076788749694,140,0.08710907504249572
10-237-01519,BIHAR,Nawada,Akbarpur,0,0,,210,10,1519,,91268.2921062847,249541236.96202633,0.00047627061370849607,0.0004762706137084961,184,0.08763379292236328
10-237-01520,BIHAR,Nawada,Hisua,0,0,,210,10,1520,,85113.4923130193,144090762.99664384,0.00047627061370849607,0.0004064369421085944,104,0.04226944197929382
10-237-01521,BIHAR,Nawada,Narhat,0,0,,210,10,1521,,62856.50481924386,99624005.77002536,0.00047627061370849607,0.0004762706137084961,69,0.03286267234588623
10-237-01522,BIHAR,Nawada,Meskaur,0,0,,210,10,1522,,75185.00287586387,145604023.18435815,0.00047627061370849607,0.0003676899412536621,112,0.041181273420410155
10-237-01523,BIHAR,Nawada,Sirdala,0,0,,210,10,1523,,111278.51695598938,301894539.186342,0.00047627061370849607,0.00041069626937131264,218,0.08953178672294615
10-237-01524,BIHAR,Nawada,Rajauli,0,0,,210,10,1524,,132370.86211000624,450216393.36794454,0.0006765763894271851,0.00047705850916292573,333,0.15886048355125426
10-238-01525,BIHAR,Jamui,Islamnagar Aliganj,0,0,,198,10,1525,,96153.77396855215,213408239.47295904,0.000716525212059021,0.0006837249975204468,156,0.1066610996131897
10-238-01526,BIHAR,Jamui,Sikandra,0,0,,198,10,1526,,86788.2538333537,223096734.30010977,0.000716525212059021,0.0007054276775642678,162,0.11427928376541138
10-238-01527,BIHAR,Jamui,Jamui,0,0,,198,10,1527,,90084.78430112793,212157753.6648698,0.000716525212059021,0.0006479974587673066,155,0.10043960610893252
10-238-01528,BIHAR,Jamui,Barhat,0,0,,198,10,1528,,114104.37581341481,270298087.1382075,0.0006471016711425782,0.0005387039292760551,197,0.10612467406738284
10-238-01529,BIHAR,Jamui,Lakshmipur,0,0,,198,10,1529,,112147.89260238525,307635253.00857943,0.0006471016711425782,0.00017256044563802083,225,0.03882610026855469
10-238-01530,BIHAR,Jamui,Jhajha,0,0,,198,10,1530,,147664.43327942316,507112726.974952,0.0006471016711425782,0.0004156392490357064,370,0.15378652214321137
10-238-01532,BIHAR,Jamui,Khaira,0,0,,198,10,1532,,142747.05687020053,513762691.7981683,0.000716525212059021,0.0005184684586261376,377,0.19546260890205389
10-238-01533,BIHAR,Jamui,Sono,0,0,,198,10,1533,,117724.39892386932,474283005.7300444,0.0005846719549942017,0.0004853660181978987,349,0.16939274035106663
10-238-01534,BIHAR,Jamui,Chakai,0,0,,198,10,1534,,243956.2217086091,956725034.6798706,0.0005846719549942017,0.00047960927084198006,700,0.33572648958938606
10-239-01535,BIHAR,Jehanabad,Ratni Faridpur,0,0,,199,10,1535,,82762.53932271499,155018952.20303965,0.0005065091396331788,0.00047376445465121354,114,0.054009147830238344
10-239-01536,BIHAR,Jehanabad,Jehanabad,0,0,,199,10,1536,,97254.09844747804,201426556.69272655,0.00048116644824981687,0.00048116644824981687,148,0.0712126343409729
10-239-01537,BIHAR,Jehanabad,Kako,0,0,,199,10,1537,,83599.3529020472,162373941.78194478,0.00048116644824981687,0.00048116644824981687,118,0.05677764089347839
10-239-01538,BIHAR,Jehanabad,Modanganj,0,0,,199,10,1538,,66522.90037500951,97205276.85869928,0.00048116644824981687,0.00038423911179197014,69,0.02651249871364594
10-239-01539,BIHAR,Jehanabad,Ghoshi,0,0,,199,10,1539,,82931.95174196921,112225161.55433495,0.00048116644824981687,0.0004124714881134033,83,0.03423513351341247
10-239-01540,BIHAR,Jehanabad,Makhdumpur,0,0,,199,10,1540,,128831.72570768485,301471679.33572614,0.00048116644824981687,0.00037075770018124896,217,0.08045442093933103
10-239-01541,BIHAR,Jehanabad,Hulasganj,0,0,,199,10,1541,,87179.53907708311,119677697.18988888,0.00048116644824981687,0.0003181267874942355,90,0.0286314108744812
10-240-01545,BIHAR,Arwal,Sonbhadra Banshi Suryapur,0,0,,611,10,1545,,62692.97791397586,116643000.97724338,0.0005065091396331788,0.0005040477997239815,83,0.04183596737709046
10-240-01546,BIHAR,Arwal,Kurtha,0,0,,611,10,1546,,71585.17106640573,106433073.5354984,0.0005065091396331788,0.0005015328152270195,78,0.03911955958770752
10-224-01334,BIHAR,Bhagalpur,Gopalpur,0,0,,192,10,1334,,95407.9186210158,208941966.91883087,0.0,0.0,153,0.0
10-210-01127,BIHAR,Kishanganj,Kishanganj,0,0,,203,10,1127,,125268.33771117091,207105687.55921903,0.0,0.0,152,0.0
10-206-01064,BIHAR,Sitamarhi,Suppi,0,0,,221,10,1064,,71084.15120823232,92250451.53846286,0.0,0.0,66,0.0
10-234-01463,BIHAR,Rohtas,Nasriganj,0,0,,215,10,1463,,90034.07903274363,167356919.18355417,1.7885337066650392e-06,5.989237116253566e-07,126,7.546438766479494e-05
10-234-01464,BIHAR,Rohtas,Rajpur,0,0,,215,10,1464,,68660.48684625747,85633596.4997788,4.132839965820313e-07,4.132839965820313e-07,63,2.603689178466797e-05
10-234-01465,BIHAR,Rohtas,Sanjhauli,0,0,,215,10,1465,,56591.722358052,83833486.39015438,1.8041008377075194e-06,1.5391833441598071e-06,63,9.696855068206785e-05
10-203-01023,BIHAR,Pashchim Champaran,Thakrahan,0,0,,211,10,1023,,79847.09402015881,199004696.79409248,0.0,0.0,145,0.0
10-204-01054,BIHAR,Purbi Champaran,Phenhara,0,0,,213,10,1054,,44565.43736457999,67645025.94776015,0.0,0.0,51,0.0
10-219-01262,BIHAR,Saran,Maker,0,0,,218,10,1262,,62357.8736467211,96585777.9808088,0.0,0.0,71,0.0
10-220-01282,BIHAR,Vaishali,Sahdai Buzurg,0,0,,224,10,1282,,74546.65030748869,114161677.3631406,0.0,0.0,84,0.0
10-229-01388,BIHAR,Nalanda,Tharthari,0,0,,209,10,1388,,71853.42144919158,77411758.12428828,0.0,0.0,54,0.0
10-229-01389,BIHAR,Nalanda,Parbalpur,0,0,,209,10,1389,,54466.2339431045,76043839.88376136,0.0,0.0,56,0.0
10-203-01022,BIHAR,Pashchim Champaran,Bhitaha,0,0,,211,10,1022,,72626.86760213553,166969906.7472905,0.0,0.0,117,0.0
10-203-01013,BIHAR,Pashchim Champaran,Sidhaw,0,0,,211,10,1013,,195582.3602130639,1085337194.6715722,0.0,0.0,781,0.0
10-203-01014,BIHAR,Pashchim Champaran,Ramnagar,0,0,,211,10,1014,,230865.78384139363,866139404.2451236,0.0,0.0,621,0.0
10-203-01015,BIHAR,Pashchim Champaran,Gaunaha,0,0,,211,10,1015,,136504.94021895694,605322845.3823951,0.0,0.0,441,0.0
10-203-01016,BIHAR,Pashchim Champaran,Mainatanr,0,0,,211,10,1016,,115419.13930249632,312998546.4010918,0.0,0.0,221,0.0
10-203-01017,BIHAR,Pashchim Champaran,Narkatiaganj,0,0,,211,10,1017,,149144.20649331805,441857686.2127825,0.0,0.0,314,0.0
10-203-01018,BIHAR,Pashchim Champaran,Lauriya,0,0,,211,10,1018,,120853.32018665274,255440417.54612216,0.0,0.0,183,0.0
10-203-01019,BIHAR,Pashchim Champaran,Bagaha,0,0,,211,10,1019,,135587.24079810514,491292931.53180623,0.0,0.0,352,0.0
10-203-01021,BIHAR,Pashchim Champaran,Madhubani,0,0,,211,10,1021,,144670.82201821523,386116138.1353823,0.0,0.0,276,0.0
10-203-01024,BIHAR,Pashchim Champaran,Jogapatti,0,0,,211,10,1024,,88530.23644360513,258722436.3759333,0.0,0.0,186,0.0
10-203-01029,BIHAR,Pashchim Champaran,Bairia,0,0,,211,10,1029,,105039.82861382668,288505226.87341565,0.0,0.0,208,0.0
10-203-01025,BIHAR,Pashchim Champaran,Chanpatia,0,0,,211,10,1025,,113543.7602983494,310017349.34780717,0.0,0.0,226,0.0
10-206-01071,BIHAR,Sitamarhi,Parsauni,0,0,,221,10,1071,,63729.135625112256,74724139.64418457,0.0,0.0,55,0.0
10-203-01026,BIHAR,Pashchim Champaran,Sikta,0,0,,211,10,1026,,93443.22825707054,255004178.86147365,0.0,0.0,183,0.0
10-203-01027,BIHAR,Pashchim Champaran,Majhaulia,0,0,,211,10,1027,,123374.4030721297,371511179.15939575,0.0,0.0,265,0.0
10-203-01028,BIHAR,Pashchim Champaran,Bettiah,0,0,,211,10,1028,,53968.26030594324,83182055.35378212,0.0,0.0,59,0.0
10-203-01030,BIHAR,Pashchim Champaran,Nautan,0,0,,211,10,1030,,122656.63983711715,245738630.13883996,0.0,0.0,171,0.0
10-204-01031,BIHAR,Purbi Champaran,Raxaul,0,0,,213,10,1031,,98709.78801801558,166685360.13968688,0.0,0.0,124,0.0
10-206-01072,BIHAR,Sitamarhi,Belsand,0,0,,221,10,1072,,66235.5873217276,97354060.86547032,0.0,0.0,70,0.0
10-206-01073,BIHAR,Sitamarhi,Runisaidpur,0,0,,221,10,1073,,152472.54206325076,334873257.0825382,0.0,0.0,243,0.0
10-204-01032,BIHAR,Purbi Champaran,Adapur,0,0,,213,10,1032,,94532.37688292323,199608924.7111849,0.0,0.0,148,0.0
10-206-01074,BIHAR,Sitamarhi,Dumra,0,0,,221,10,1074,,111649.34177378344,241159212.36062923,0.0,0.0,178,0.0
10-204-01033,BIHAR,Purbi Champaran,Ramgarhwa,0,0,,213,10,1033,,90718.26831189607,213035907.5226096,0.0,0.0,154,0.0
10-204-01034,BIHAR,Purbi Champaran,Sugauli,0,0,,213,10,1034,,84892.41923436844,209336830.19001696,0.0,0.0,149,0.0
10-204-01038,BIHAR,Purbi Champaran,Ghorasahan,0,0,,213,10,1038,,75335.10865687576,144368243.47105,0.0,0.0,104,0.0
10-204-01035,BIHAR,Purbi Champaran,Banjaria,0,0,,213,10,1035,,102381.40449613356,176960195.87167916,0.0,0.0,124,0.0
10-204-01047,BIHAR,Purbi Champaran,Kesaria,0,0,,213,10,1047,,87546.8206889307,229535442.11688668,0.0,0.0,168,0.0
10-204-01036,BIHAR,Purbi Champaran,Narkatia,0,0,,213,10,1036,,105607.09704406632,168338010.30978012,0.0,0.0,120,0.0
10-204-01037,BIHAR,Purbi Champaran,Bankatwa,0,0,,213,10,1037,,99233.37216886049,115311013.90225838,0.0,0.0,82,0.0
10-204-01039,BIHAR,Purbi Champaran,Dhaka,0,0,,213,10,1039,,97673.73467814895,202386545.86227983,0.0,0.0,145,0.0
10-204-01048,BIHAR,Purbi Champaran,Kalyanpur,0,0,,213,10,1048,,109413.20044555076,313300912.50613195,0.0,0.0,230,0.0
10-204-01040,BIHAR,Purbi Champaran,Chiraia,0,0,,213,10,1040,,110764.71696779084,272984575.32652414,0.0,0.0,199,0.0
10-204-01041,BIHAR,Purbi Champaran,Motihari,0,0,,213,10,1041,,181544.26702654368,319814691.13850176,0.0,0.0,241,0.0
10-204-01049,BIHAR,Purbi Champaran,Kotwa,0,0,,213,10,1049,,78879.98205471091,178282937.71225017,0.0,0.0,126,0.0
10-204-01042,BIHAR,Purbi Champaran,Turkaulia,0,0,,213,10,1042,,99475.78497366334,174748315.94966665,0.0,0.0,130,0.0
10-204-01050,BIHAR,Purbi Champaran,Piprakothi,0,0,,213,10,1050,,58369.33889310607,62223774.49301849,0.0,0.0,45,0.0
10-204-01043,BIHAR,Purbi Champaran,Harsidhi,0,0,,213,10,1043,,133904.34238337883,240218359.62130272,0.0,0.0,173,0.0
10-204-01044,BIHAR,Purbi Champaran,Paharpur,0,0,,213,10,1044,,108730.62076802726,192061375.0173064,0.0,0.0,144,0.0
10-204-01045,BIHAR,Purbi Champaran,Areraj,0,0,,213,10,1045,,93331.67353690567,242725576.26244012,0.0,0.0,174,0.0
10-204-01046,BIHAR,Purbi Champaran,Sangrampur,0,0,,213,10,1046,,78133.67961210197,187659878.02718252,0.0,0.0,133,0.0
10-204-01051,BIHAR,Purbi Champaran,Chakia(Pipra),0,0,,213,10,1051,,129110.66914194856,212940547.80779588,0.0,0.0,145,0.0
10-204-01052,BIHAR,Purbi Champaran,Pakri Dayal,0,0,,213,10,1052,,90143.40730437863,148110040.62869397,0.0,0.0,106,0.0
10-204-01053,BIHAR,Purbi Champaran,Patahi,0,0,,213,10,1053,,85994.51677214028,144960443.14880535,0.0,0.0,100,0.0
10-204-01055,BIHAR,Purbi Champaran,Madhuban,0,0,,213,10,1055,,112681.00006095257,152424272.44650427,0.0,0.0,114,0.0
10-204-01056,BIHAR,Purbi Champaran,Tetaria,0,0,,213,10,1056,,82320.72754353678,104458405.63845472,0.0,0.0,74,0.0
10-205-01058,BIHAR,Sheohar,Purnahiya,0,0,,220,10,1058,,57294.126150412616,80859097.14068061,0.0,0.0,59,0.0
10-204-01057,BIHAR,Purbi Champaran,Mehsi,0,0,,213,10,1057,,125063.78039343117,149773808.08158112,0.0,0.0,108,0.0
10-205-01059,BIHAR,Sheohar,Piprarhi,0,0,,220,10,1059,,105870.45511307275,104265216.9562483,0.0,0.0,77,0.0
10-205-01060,BIHAR,Sheohar,Sheohar,0,0,,220,10,1060,,81007.5322908237,115638983.35873616,0.0,0.0,83,0.0
10-205-01061,BIHAR,Sheohar,Dumri Katsari,0,0,,220,10,1061,,65038.65439014734,84655470.24819931,0.0,0.0,59,0.0
10-205-01062,BIHAR,Sheohar,Tariani Chowk,0,0,,220,10,1062,,97491.22869259815,171878914.60720828,0.0,0.0,126,0.0
10-206-01063,BIHAR,Sitamarhi,Bairgania,0,0,,221,10,1063,,59598.621146511534,94417571.99630062,0.0,0.0,70,0.0
10-206-01065,BIHAR,Sitamarhi,Majorganj,0,0,,221,10,1065,,62808.55729710282,95411217.42446172,0.0,0.0,68,0.0
10-206-01066,BIHAR,Sitamarhi,Sonbarsa,0,0,,221,10,1066,,92820.94699371175,224104085.6083578,0.0,0.0,155,0.0
10-206-01067,BIHAR,Sitamarhi,Parihar,0,0,,221,10,1067,,86838.20299610356,272812569.4060281,0.0,0.0,197,0.0
10-207-01095,BIHAR,Madhubani,Rajnagar,0,0,,206,10,1095,,78809.12744912357,223111125.2667772,0.0,0.0,158,0.0
10-206-01068,BIHAR,Sitamarhi,Sursand,0,0,,221,10,1068,,91215.71647520129,181412871.1123928,0.0,0.0,134,0.0
10-206-01069,BIHAR,Sitamarhi,Bathnaha,0,0,,221,10,1069,,120764.04051803834,251403523.12922087,0.0,0.0,185,0.0
10-206-01070,BIHAR,Sitamarhi,Riga,0,0,,221,10,1070,,129433.73210860479,163724219.02092636,0.0,0.0,114,0.0
10-210-01123,BIHAR,Kishanganj,Thakurganj,0,0,,203,10,1123,,224971.2940646554,491161543.46963537,0.0,0.0,353,0.0
10-210-01124,BIHAR,Kishanganj,Pothia,0,0,,203,10,1124,,167388.9118766352,443844792.4531903,0.0,0.0,321,0.0
10-210-01125,BIHAR,Kishanganj,Bahadurganj,0,0,,203,10,1125,,155296.13881782343,347494200.8377232,0.0,0.0,251,0.0
10-210-01126,BIHAR,Kishanganj,Kochadhamin,0,0,,203,10,1126,,139640.52665725534,360840233.8364798,0.0,0.0,258,0.0
10-211-01128,BIHAR,Purnia,Banmankhi,0,0,,214,10,1128,,142815.61519736593,459936087.34673214,0.0,0.0,333,0.0
10-206-01075,BIHAR,Sitamarhi,Bajpatti,0,0,,221,10,1075,,90407.29439213518,174303329.1783474,0.0,0.0,125,0.0
10-206-01076,BIHAR,Sitamarhi,Charaut,0,0,,221,10,1076,,85128.15752493152,91349700.81924292,0.0,0.0,62,0.0
10-206-01077,BIHAR,Sitamarhi,Pupri,0,0,,221,10,1077,,73992.24203369493,115338203.66308306,0.0,0.0,82,0.0
10-206-01078,BIHAR,Sitamarhi,Nanpur,0,0,,221,10,1078,,73315.01223618646,135892566.9983101,0.0,0.0,100,0.0
10-220-01283,BIHAR,Vaishali,Mahnar,0,0,,224,10,1283,,81638.1139853176,126474580.44313861,0.0,0.0,89,0.0
10-206-01079,BIHAR,Sitamarhi,Bokhara,0,0,,221,10,1079,,81978.13188098712,108574895.39827529,0.0,0.0,79,0.0
10-207-01080,BIHAR,Madhubani,Madhwapur,0,0,,206,10,1080,,88808.76172423853,137557654.90878707,0.0,0.0,103,0.0
10-207-01081,BIHAR,Madhubani,Harlakhi,0,0,,206,10,1081,,90217.76640094945,187441757.00046396,0.0,0.0,138,0.0
10-207-01082,BIHAR,Madhubani,Basopatti,0,0,,206,10,1082,,97634.90682970545,164238774.4639331,0.0,0.0,122,0.0
10-207-01089,BIHAR,Madhubani,Khajauli,0,0,,206,10,1089,,91171.28062794723,150968724.81279027,0.0,0.0,108,0.0
10-207-01083,BIHAR,Madhubani,Jainagar,0,0,,206,10,1083,,81489.61423509955,161880108.8306139,0.0,0.0,115,0.0
10-207-01090,BIHAR,Madhubani,Kaluahi,0,0,,206,10,1090,,62305.281593423286,101560283.08963235,0.0,0.0,75,0.0
10-207-01084,BIHAR,Madhubani,Ladania,0,0,,206,10,1084,,97928.14946240213,232665607.5684243,0.0,0.0,164,0.0
10-207-01085,BIHAR,Madhubani,Laukaha,0,0,,206,10,1085,,102032.19667129294,266340932.00179368,0.0,0.0,197,0.0
10-207-01086,BIHAR,Madhubani,Laukahi,0,0,,206,10,1086,,109679.24973352649,329223432.564553,0.0,0.0,237,0.0
10-207-01087,BIHAR,Madhubani,Phulparas,0,0,,206,10,1087,,117974.41186319289,199352334.8677591,0.0,0.0,140,0.0
10-207-01088,BIHAR,Madhubani,Babubarhi,0,0,,206,10,1088,,118996.04641992833,237192379.86086744,0.0,0.0,174,0.0
10-207-01091,BIHAR,Madhubani,Benipatti,0,0,,206,10,1091,,128414.2409747215,328987645.9449377,0.0,0.0,231,0.0
10-207-01092,BIHAR,Madhubani,Bisfi,0,0,,206,10,1092,,99754.46134559005,226192948.413646,0.0,0.0,165,0.0
10-207-01093,BIHAR,Madhubani,Madhubani,0,0,,206,10,1093,,109764.71764889831,200359220.56727448,0.0,0.0,142,0.0
10-207-01094,BIHAR,Madhubani,Pandaul,0,0,,206,10,1094,,102372.75527307783,208327489.63825428,0.0,0.0,148,0.0
10-207-01096,BIHAR,Madhubani,Andhratharhi,0,0,,206,10,1096,,97300.5167595078,186769445.10608673,0.0,0.0,134,0.0
10-207-01097,BIHAR,Madhubani,Jhanjharpur,0,0,,206,10,1097,,125261.96837896874,181284371.95402232,0.0,0.0,132,0.0
10-207-01098,BIHAR,Madhubani,Ghoghardiha,0,0,,206,10,1098,,114215.40677637524,211228851.4219488,0.0,0.0,159,0.0
10-207-01099,BIHAR,Madhubani,Lakhnaur,0,0,,206,10,1099,,72956.74167609161,146945623.14022,0.0,0.0,110,0.0
10-207-01100,BIHAR,Madhubani,Madhepur,0,0,,206,10,1100,,144505.38034518834,300452948.5687113,0.0,0.0,212,0.0
10-208-01101,BIHAR,Supaul,Nirmali,0,0,,223,10,1101,,123310.21889922836,162734364.67066902,0.0,0.0,118,0.0
10-208-01102,BIHAR,Supaul,Basantpur,0,0,,223,10,1102,,136288.63693043106,319456339.75100917,0.0,0.0,228,0.0
10-208-01103,BIHAR,Supaul,Chhatapur,0,0,,223,10,1103,,142271.17176584958,398825687.2446475,0.0,0.0,285,0.0
10-208-01104,BIHAR,Supaul,Pratapganj,0,0,,223,10,1104,,71155.69013184242,133032565.19323792,0.0,0.0,97,0.0
10-208-01105,BIHAR,Supaul,Raghopur,0,0,,223,10,1105,,111831.20983491397,255841046.48838165,0.0,0.0,187,0.0
10-221-01285,BIHAR,Samastipur,Warisnagar,0,0,,217,10,1285,,90241.30323013186,163846086.5162723,0.0,0.0,120,0.0
10-208-01106,BIHAR,Supaul,Saraigarh Bhaptiyahi,0,0,,223,10,1106,,105489.5116383213,257042943.27229512,0.0,0.0,189,0.0
10-208-01107,BIHAR,Supaul,Kishanpur,0,0,,223,10,1107,,125516.73810076228,248613546.3002807,0.0,0.0,177,0.0
10-208-01108,BIHAR,Supaul,Marauna,0,0,,223,10,1108,,114969.59778192453,206419565.01179272,0.0,0.0,149,0.0
10-208-01109,BIHAR,Supaul,Supaul,0,0,,223,10,1109,,122628.008173687,390920691.5720901,0.0,0.0,287,0.0
10-208-01110,BIHAR,Supaul,Pipra,0,0,,223,10,1110,,113516.78657800167,247320462.25611627,0.0,0.0,181,0.0
10-221-01287,BIHAR,Samastipur,Khanpur,0,0,,217,10,1287,,89337.20668890505,173313349.37261373,0.0,0.0,127,0.0
10-208-01111,BIHAR,Supaul,Tribeniganj,0,0,,223,10,1111,,136684.8917573132,402291551.99740016,0.0,0.0,290,0.0
10-209-01112,BIHAR,Araria,Narpatganj,0,0,,188,10,1112,,196352.82868709194,482872068.7863751,0.0,0.0,351,0.0
10-209-01113,BIHAR,Araria,Forbesganj,0,0,,188,10,1113,,165874.55860340688,546946456.996027,0.0,0.0,392,0.0
10-209-01114,BIHAR,Araria,Bhargama,0,0,,188,10,1114,,140909.75235341018,280499778.1128878,0.0,0.0,206,0.0
10-209-01115,BIHAR,Araria,Raniganj,0,0,,188,10,1115,,160625.61646677545,576910744.770993,0.0,0.0,418,0.0
10-209-01116,BIHAR,Araria,Araria,0,0,,188,10,1116,,192057.15187743204,506918787.2643526,0.0,0.0,371,0.0
10-209-01117,BIHAR,Araria,Kursakatta,0,0,,188,10,1117,,96566.38525637137,201032230.408231,0.0,0.0,147,0.0
10-209-01118,BIHAR,Araria,Sikti,0,0,,188,10,1118,,116798.35346995249,237753016.2819182,0.0,0.0,177,0.0
10-209-01119,BIHAR,Araria,Palasi,0,0,,188,10,1119,,132578.70192307016,306240761.34804773,0.0,0.0,222,0.0
10-209-01120,BIHAR,Araria,Jokihat,0,0,,188,10,1120,,155370.9524619173,341005127.7602247,0.0,0.0,246,0.0
10-210-01121,BIHAR,Kishanganj,Terhagachh,0,0,,203,10,1121,,121953.02658094271,245208326.38245347,0.0,0.0,175,0.0
10-210-01122,BIHAR,Kishanganj,Dighalbank,0,0,,203,10,1122,,147432.83262190674,314385668.4331173,0.0,0.0,224,0.0
10-211-01129,BIHAR,Purnia,Barhara,0,0,,214,10,1129,,111073.17449432175,288009141.38478667,0.0,0.0,212,0.0
10-211-01130,BIHAR,Purnia,Bhawanipur,0,0,,214,10,1130,,116656.34435182877,201938838.4795833,0.0,0.0,147,0.0
10-211-01131,BIHAR,Purnia,Rupauli,0,0,,214,10,1131,,113946.660566684,308195114.8462847,0.0,0.0,227,0.0
10-211-01132,BIHAR,Purnia,Dhamdaha,0,0,,214,10,1132,,135370.01293426772,446856166.039676,0.0,0.0,326,0.0
10-211-01133,BIHAR,Purnia,Krityanand Nagar,0,0,,214,10,1133,,149407.41850079046,364443041.21247435,0.0,0.0,274,0.0
10-211-01134,BIHAR,Purnia,Purnia East,0,0,,214,10,1134,,127662.13358515713,309272824.56310594,0.0,0.0,228,0.0
10-211-01135,BIHAR,Purnia,Kasba,0,0,,214,10,1135,,130095.64608516233,215123054.3424731,0.0,0.0,154,0.0
10-211-01136,BIHAR,Purnia,Srinagar,0,0,,214,10,1136,,106220.57404900706,172405807.6412187,0.0,0.0,122,0.0
10-211-01137,BIHAR,Purnia,Jalalgarh,0,0,,214,10,1137,,87146.39992638786,142107808.6772385,0.0,0.0,102,0.0
10-211-01138,BIHAR,Purnia,Amour,0,0,,214,10,1138,,141371.93624621196,307011870.96961224,0.0,0.0,225,0.0
10-211-01139,BIHAR,Purnia,Baisa,0,0,,214,10,1139,,132173.35304950457,275191667.549805,0.0,0.0,197,0.0
10-211-01140,BIHAR,Purnia,Baisi,0,0,,214,10,1140,,118169.54825440844,253873549.02719215,0.0,0.0,187,0.0
10-211-01141,BIHAR,Purnia,Dagarua,0,0,,214,10,1141,,129309.28146976323,257465778.6329552,0.0,0.0,180,0.0
10-212-01142,BIHAR,Katihar,Falka,0,0,,201,10,1142,,100518.70580952488,208374539.8829749,0.0,0.0,150,0.0
10-212-01143,BIHAR,Katihar,Korha,0,0,,201,10,1143,,137118.64195203967,368801327.90483874,0.0,0.0,273,0.0
10-212-01144,BIHAR,Katihar,Hasanganj,0,0,,201,10,1144,,78227.29832785497,86155111.41022065,0.0,0.0,62,0.0
10-212-01145,BIHAR,Katihar,Kadwa,0,0,,201,10,1145,,157692.68144088247,420129854.10490626,0.0,0.0,307,0.0
10-212-01146,BIHAR,Katihar,Balrampur,0,0,,201,10,1146,,141815.18317465586,216253207.31133217,0.0,0.0,151,0.0
10-212-01147,BIHAR,Katihar,Barsoi,0,0,,201,10,1147,,172308.8160052511,357713388.6445612,0.0,0.0,261,0.0
10-212-01148,BIHAR,Katihar,Azamnagar,0,0,,201,10,1148,,141791.77759222616,349759708.1212404,0.0,0.0,253,0.0
10-221-01290,BIHAR,Samastipur,Tajpur,0,0,,217,10,1290,,57166.77792153786,83856612.1105223,0.0,0.0,61,0.0
10-212-01149,BIHAR,Katihar,Pranpur,0,0,,201,10,1149,,111803.70370561493,191475637.62126103,0.0,0.0,141,0.0
10-212-01150,BIHAR,Katihar,Dandkhora,0,0,,201,10,1150,,70987.07501110679,111201189.06340708,0.0,0.0,81,0.0
10-212-01151,BIHAR,Katihar,Katihar,0,0,,201,10,1151,,76845.81968857624,136830037.77828172,0.0,0.0,100,0.0
10-212-01152,BIHAR,Katihar,Mansahi,0,0,,201,10,1152,,73279.06289841712,97405011.1871763,0.0,0.0,73,0.0
10-212-01155,BIHAR,Katihar,Kursela,0,0,,201,10,1155,,80348.39413748268,153683091.52761996,0.0,0.0,117,0.0
10-212-01153,BIHAR,Katihar,Barari,0,0,,201,10,1153,,107333.93297446336,407446973.1478653,0.0,0.0,292,0.0
10-212-01154,BIHAR,Katihar,Sameli,0,0,,201,10,1154,,75105.36277909,118027198.2496544,0.0,0.0,81,0.0
10-212-01156,BIHAR,Katihar,Manihari,0,0,,201,10,1156,,130162.81635074862,303859830.4099729,0.0,0.0,221,0.0
10-212-01157,BIHAR,Katihar,Amdabad,0,0,,201,10,1157,,103742.71814675455,228302986.79665467,0.0,0.0,164,0.0
10-213-01158,BIHAR,Madhepura,Gamharia,0,0,,205,10,1158,,80141.00377515821,125479849.27382244,0.0,0.0,89,0.0
10-213-01160,BIHAR,Madhepura,Ghailarh,0,0,,205,10,1160,,78865.70647224285,116219722.2388165,0.0,0.0,83,0.0
10-213-01159,BIHAR,Madhepura,Singheshwar,0,0,,205,10,1159,,111627.30849980874,111167268.35246354,0.0,0.0,78,0.0
10-216-01210,BIHAR,Muzaffarpur,Bandra,0,0,,208,10,1210,,74293.85759884378,142020443.31484023,0.0,0.0,103,0.0
10-213-01161,BIHAR,Madhepura,Madhepura,0,0,,205,10,1161,,115084.47931226583,237801277.85767865,0.0,0.0,175,0.0
10-213-01162,BIHAR,Madhepura,Shankarpur,0,0,,205,10,1162,,63984.56408470212,128790837.874554,0.0,0.0,94,0.0
10-213-01163,BIHAR,Madhepura,Kumarkhand,0,0,,205,10,1163,,118191.24796123093,316976886.68211347,0.0,0.0,230,0.0
10-213-01164,BIHAR,Madhepura,Murliganj,0,0,,205,10,1164,,94211.11378994165,247086114.21145928,0.0,0.0,179,0.0
10-221-01293,BIHAR,Samastipur,Mohanpur,0,0,,217,10,1293,,74468.46489139357,163000016.77407515,0.0,0.0,120,0.0
10-213-01165,BIHAR,Madhepura,Gwalpara,0,0,,205,10,1165,,78037.2495556277,147267353.58482873,0.0,0.0,109,0.0
10-214-01172,BIHAR,Saharsa,Satar Kataiya,0,0,,216,10,1172,,77878.75925155886,177382280.64763528,0.0,0.0,130,0.0
10-213-01166,BIHAR,Madhepura,Bihariganj,0,0,,205,10,1166,,79669.40805645821,133818744.70956944,0.0,0.0,98,0.0
10-216-01211,BIHAR,Muzaffarpur,Dholi (Moraul),0,0,,208,10,1211,,63030.361633940505,73298422.6275262,0.0,0.0,50,0.0
10-213-01167,BIHAR,Madhepura,Kishanganj,0,0,,205,10,1167,,99817.47531025465,188055937.5971522,0.0,0.0,133,0.0
10-216-01212,BIHAR,Muzaffarpur,Musahri,0,0,,208,10,1212,,211487.75457487197,365415439.5943066,0.0,0.0,267,0.0
10-213-01168,BIHAR,Madhepura,Puraini,0,0,,205,10,1168,,63416.842365887525,103114850.3546553,0.0,0.0,76,0.0
10-214-01174,BIHAR,Saharsa,Kahara,0,0,,216,10,1174,,81070.16203244023,176788302.3737116,0.0,0.0,128,0.0
10-213-01169,BIHAR,Madhepura,Alamnagar,0,0,,205,10,1169,,94357.42058114092,211989804.11375904,0.0,0.0,151,0.0
10-213-01170,BIHAR,Madhepura,Chausa,0,0,,205,10,1170,,87285.75133964,172516848.53860697,0.0,0.0,124,0.0
10-214-01171,BIHAR,Saharsa,Nauhatta,0,0,,216,10,1171,,93228.84620468391,212763144.21707585,0.0,0.0,151,0.0
10-217-01227,BIHAR,Gopalganj,Sidhwalia,0,0,,197,10,1227,,69457.48217743407,152022198.31601515,0.0,0.0,109,0.0
10-214-01173,BIHAR,Saharsa,Mahishi,0,0,,216,10,1173,,106372.46434789852,273075178.2794974,0.0,0.0,195,0.0
10-214-01175,BIHAR,Saharsa,Saur Bazar,0,0,,216,10,1175,,88121.22998090234,233228921.9025612,0.0,0.0,171,0.0
10-214-01176,BIHAR,Saharsa,Patarghat,0,0,,216,10,1176,,67497.21582029684,149681422.04156074,0.0,0.0,105,0.0
10-214-01177,BIHAR,Saharsa,Sonbarsa,0,0,,216,10,1177,,90185.02153799882,263952116.041209,0.0,0.0,193,0.0
10-216-01199,BIHAR,Muzaffarpur,Sahebganj,0,0,,208,10,1199,,80060.99972290538,253055918.70266867,0.0,0.0,189,0.0
10-214-01178,BIHAR,Saharsa,Simri Bakhtiarpur,0,0,,216,10,1178,,119116.35548129058,266466354.66217396,0.0,0.0,194,0.0
10-214-01179,BIHAR,Saharsa,Salkhua,0,0,,216,10,1179,,82412.26684571667,221182533.93573853,0.0,0.0,163,0.0
10-214-01180,BIHAR,Saharsa,Banma Itahri,0,0,,216,10,1180,,54286.501575749484,92822449.4552088,0.0,0.0,68,0.0
10-215-01181,BIHAR,Darbhanga,Jale,0,0,,195,10,1181,,112473.57051363293,234172285.01568127,0.0,0.0,171,0.0
10-215-01182,BIHAR,Darbhanga,Singhwara,0,0,,195,10,1182,,121368.62688362494,223279889.67870736,0.0,0.0,162,0.0
10-215-01183,BIHAR,Darbhanga,Keotiranway,0,0,,195,10,1183,,89515.08566239705,180205403.4644349,0.0,0.0,131,0.0
10-215-01184,BIHAR,Darbhanga,Darbhanga,0,0,,195,10,1184,,131883.04966973627,240721362.1475316,0.0,0.0,174,0.0
10-215-01185,BIHAR,Darbhanga,Manigachhi,0,0,,195,10,1185,,96856.01003306538,158887287.31255177,0.0,0.0,114,0.0
10-215-01186,BIHAR,Darbhanga,Tardih,0,0,,195,10,1186,,96398.42232606321,109520018.96976715,0.0,0.0,79,0.0
10-215-01187,BIHAR,Darbhanga,Alinagar,0,0,,195,10,1187,,105560.56246873255,146523357.5416611,0.0,0.0,105,0.0
10-215-01188,BIHAR,Darbhanga,Benipur,0,0,,195,10,1188,,118482.30854716274,204643530.87647069,0.0,0.0,150,0.0
10-215-01189,BIHAR,Darbhanga,Bahadurpur,0,0,,195,10,1189,,155637.00049509996,221161760.4253616,0.0,0.0,158,0.0
10-215-01190,BIHAR,Darbhanga,Hanumannagar,0,0,,195,10,1190,,114393.83215098479,181536916.32106537,0.0,0.0,130,0.0
10-215-01191,BIHAR,Darbhanga,Hayaghat,0,0,,195,10,1191,,66118.49929402806,108810529.75916524,0.0,0.0,77,0.0
10-215-01192,BIHAR,Darbhanga,Baheri,0,0,,195,10,1192,,128629.1579498372,271307286.95794886,0.0,0.0,195,0.0
10-215-01193,BIHAR,Darbhanga,Biraul,0,0,,195,10,1193,,135706.32971678255,230203939.26841983,0.0,0.0,167,0.0
10-215-01194,BIHAR,Darbhanga,Ghanshyampur,0,0,,195,10,1194,,76766.91373126305,103945643.9979024,0.0,0.0,78,0.0
10-215-01195,BIHAR,Darbhanga,Kiratpur,0,0,,195,10,1195,,78793.19278562842,78915927.53877336,0.0,0.0,60,0.0
10-215-01196,BIHAR,Darbhanga,Gora Bauram,0,0,,195,10,1196,,99804.03366816713,145653476.81698695,0.0,0.0,104,0.0
10-215-01197,BIHAR,Darbhanga,Kusheshwar Asthan,0,0,,195,10,1197,,87220.16498537568,144130520.9401011,0.0,0.0,107,0.0
10-215-01198,BIHAR,Darbhanga,Kusheshwar Asthan Purbi,0,0,,195,10,1198,,91858.86035222423,150084285.43545517,0.0,0.0,112,0.0
10-216-01200,BIHAR,Muzaffarpur,Baruraj (Motipur),0,0,,208,10,1200,,125110.13599018812,365259305.4740948,0.0,0.0,263,0.0
10-216-01201,BIHAR,Muzaffarpur,Paroo,0,0,,208,10,1201,,136934.87791145188,413033977.3448192,0.0,0.0,295,0.0
10-216-01202,BIHAR,Muzaffarpur,Saraiya,0,0,,208,10,1202,,155820.80051537574,301402655.1404849,0.0,0.0,218,0.0
10-216-01203,BIHAR,Muzaffarpur,Marwan,0,0,,208,10,1203,,84959.92762229654,138736310.53842777,0.0,0.0,101,0.0
10-216-01204,BIHAR,Muzaffarpur,Kanti,0,0,,208,10,1204,,97122.90469976026,124757584.36625764,0.0,0.0,91,0.0
10-216-01205,BIHAR,Muzaffarpur,Minapur,0,0,,208,10,1205,,166218.11946715685,316124209.98756105,0.0,0.0,228,0.0
10-216-01206,BIHAR,Muzaffarpur,Bochaha,0,0,,208,10,1206,,126044.68100944142,233148755.94160384,0.0,0.0,167,0.0
10-216-01207,BIHAR,Muzaffarpur,Aurai,0,0,,208,10,1207,,101267.16719990574,247748190.77792475,0.0,0.0,177,0.0
10-216-01208,BIHAR,Muzaffarpur,Katra,0,0,,208,10,1208,,118891.9342746819,235108975.17115793,0.0,0.0,171,0.0
10-216-01209,BIHAR,Muzaffarpur,Gaighat,0,0,,208,10,1209,,111008.49869520529,259762671.68662548,0.0,0.0,191,0.0
10-216-01213,BIHAR,Muzaffarpur,Kurhani,0,0,,208,10,1213,,108106.10574110712,256354911.2077163,0.0,0.0,187,0.0
10-216-01214,BIHAR,Muzaffarpur,Sakra,0,0,,208,10,1214,,105121.4777371614,236360031.18726787,0.0,0.0,175,0.0
10-217-01215,BIHAR,Gopalganj,Katiya,0,0,,197,10,1215,,94755.55253264701,158441587.458013,2.97428092956543e-07,2.3369350160871233e-07,112,2.617367218017578e-05
10-217-01216,BIHAR,Gopalganj,Bijaipur,0,0,,197,10,1216,,81309.59717969262,163112176.36717936,2.97428092956543e-07,2.97428092956543e-07,120,3.569137115478516e-05
10-217-01217,BIHAR,Gopalganj,Bhorey,0,0,,197,10,1217,,78790.65552761848,196013266.46535653,2.97428092956543e-07,1.549104650815328e-07,144,2.2307106971740722e-05
10-217-01218,BIHAR,Gopalganj,Pach Deuri,0,0,,197,10,1218,,53698.212932643866,118295317.11973979,0.0,0.0,85,0.0
10-217-01219,BIHAR,Gopalganj,Kuchaikote,0,0,,197,10,1219,,101077.28158428885,316078491.04748106,0.0,0.0,226,0.0
10-217-01220,BIHAR,Gopalganj,Phulwaria,0,0,,197,10,1220,,81339.22200232239,118763292.85091434,0.0,0.0,89,0.0
10-217-01221,BIHAR,Gopalganj,Hathua,0,0,,197,10,1221,,91546.96202775641,183613061.83342972,0.0,0.0,127,0.0
10-217-01222,BIHAR,Gopalganj,Uchkagaon,0,0,,197,10,1222,,80102.93001981139,142235093.67043933,0.0,0.0,106,0.0
10-217-01223,BIHAR,Gopalganj,Thawe,0,0,,197,10,1223,,57244.55575246375,89300191.60424533,0.0,0.0,64,0.0
10-217-01224,BIHAR,Gopalganj,Gopalganj,0,0,,197,10,1224,,110313.13172782106,244420793.60160467,0.0,0.0,182,0.0
10-218-01232,BIHAR,Siwan,Goriakothi,0,0,,222,10,1232,,73201.39147651673,174963939.23516312,0.0,0.0,127,0.0
10-217-01225,BIHAR,Gopalganj,Manjha,0,0,,197,10,1225,,80242.78538873792,179389027.9828925,0.0,0.0,131,0.0
10-217-01226,BIHAR,Gopalganj,Barauli,0,0,,197,10,1226,,105754.79057670098,232227972.12586737,0.0,0.0,170,0.0
10-217-01228,BIHAR,Gopalganj,Baikunthpur,0,0,,197,10,1228,,97825.58906166903,256614409.24172768,0.0,0.0,185,0.0
10-218-01229,BIHAR,Siwan,Nautan,0,0,,222,10,1229,,58324.35348563096,81827813.66620097,0.0,0.0,58,0.0
10-218-01230,BIHAR,Siwan,Siwan,0,0,,222,10,1230,,92599.06904644772,168879532.28230655,0.0,0.0,118,0.0
10-218-01235,BIHAR,Siwan,Bhagwanpur Hat,0,0,,222,10,1235,,86430.4184146014,189582799.91524476,0.0,0.0,138,0.0
10-218-01231,BIHAR,Siwan,Barharia,0,0,,222,10,1231,,90315.6629531122,219606934.01516393,0.0,0.0,160,0.0
10-218-01233,BIHAR,Siwan,Lakri Nabiganj,0,0,,222,10,1233,,79648.98713303795,120773104.6039552,0.0,0.0,88,0.0
10-218-01234,BIHAR,Siwan,Basantpur,0,0,,222,10,1234,,57871.378293950496,76675463.02480637,0.0,0.0,56,0.0
10-218-01236,BIHAR,Siwan,Maharajganj,0,0,,222,10,1236,,119387.58843212528,142817377.5161484,0.0,0.0,103,0.0
10-218-01237,BIHAR,Siwan,Pachrukhi,0,0,,222,10,1237,,99183.2392802834,160709761.40986398,0.0,0.0,117,0.0
10-218-01238,BIHAR,Siwan,Hussainganj,0,0,,222,10,1238,,68784.84800107122,105975934.30464326,0.0,0.0,74,0.0
10-218-01239,BIHAR,Siwan,Ziradei,0,0,,222,10,1239,,98825.50869312549,152221780.48504183,0.0,0.0,111,0.0
10-218-01240,BIHAR,Siwan,Mairwa,0,0,,222,10,1240,,65279.2242200428,88898123.37504825,0.0,0.0,66,0.0
10-218-01242,BIHAR,Siwan,Darauli,0,0,,222,10,1242,,90305.00161970501,214758375.6239279,2.2343114624023438e-05,3.1712807853452626e-06,155,0.0004915485217285157
10-218-01241,BIHAR,Siwan,Guthani,0,0,,222,10,1241,,78778.78773845347,115110806.99004474,0.0,0.0,82,0.0
10-219-01248,BIHAR,Saran,Mashrakh,0,0,,218,10,1248,,82075.7710341599,165898243.02109933,0.0,0.0,121,0.0
10-218-01243,BIHAR,Siwan,Andar,0,0,,222,10,1243,,83358.60866933218,125625010.62434034,0.0,0.0,87,0.0
10-219-01249,BIHAR,Saran,Panapur,0,0,,218,10,1249,,75875.09329534958,182360909.7404776,0.0,0.0,128,0.0
10-218-01244,BIHAR,Siwan,Raghunathpur,0,0,,222,10,1244,,87824.68008836384,193566358.3438411,0.0,0.0,143,0.0
10-219-01250,BIHAR,Saran,Taraiya,0,0,,218,10,1250,,53629.0613522338,97307015.09151264,0.0,0.0,74,0.0
10-218-01245,BIHAR,Siwan,Hasanpura,0,0,,222,10,1245,,82786.09108287447,121956119.03175904,0.0,0.0,87,0.0
10-219-01251,BIHAR,Saran,Ishupur,0,0,,218,10,1251,,62425.60798229613,109300191.56908256,0.0,0.0,76,0.0
10-218-01246,BIHAR,Siwan,Daraundha,0,0,,222,10,1246,,105400.53795370483,157911066.26165873,0.0,0.0,115,0.0
10-219-01256,BIHAR,Saran,Jalalpur,0,0,,218,10,1256,,65042.73641147566,147549697.72689733,0.0,0.0,106,0.0
10-218-01247,BIHAR,Siwan,Siswan,0,0,,222,10,1247,,98184.39847010886,155554872.77293277,0.0,0.0,111,0.0
10-219-01259,BIHAR,Saran,Nagra,0,0,,218,10,1259,,43289.948409307304,65110006.46242106,0.0,0.0,47,0.0
10-219-01252,BIHAR,Saran,Baniapur,0,0,,218,10,1252,,89199.8841803021,219417775.87250236,0.0,0.0,163,0.0
10-219-01253,BIHAR,Saran,Lahladpur,0,0,,218,10,1253,,49287.19248841685,70233795.44130237,0.0,0.0,50,0.0
10-219-01254,BIHAR,Saran,Ekma,0,0,,218,10,1254,,99716.17236158185,176114988.01319405,0.0,0.0,128,0.0
10-219-01255,BIHAR,Saran,Manjhi,0,0,,218,10,1255,,127085.43562979231,244607530.98349065,0.0,0.0,180,0.0
10-219-01257,BIHAR,Saran,Revelganj,0,0,,218,10,1257,,84877.1419542779,179359801.45379385,0.0,0.0,125,0.0
10-219-01258,BIHAR,Saran,Chapra,0,0,,218,10,1258,,119729.94798472138,239470568.44351175,0.0,0.0,176,0.0
10-219-01260,BIHAR,Saran,Marhaura,0,0,,218,10,1260,,87240.95030017926,190752130.05196184,0.0,0.0,137,0.0
10-219-01261,BIHAR,Saran,Amnour,0,0,,218,10,1261,,94922.90618840617,160109081.4065653,0.0,0.0,118,0.0
10-219-01263,BIHAR,Saran,Parsa,0,0,,218,10,1263,,85595.91054800974,122749042.93573296,0.0,0.0,88,0.0
10-219-01266,BIHAR,Saran,Dighwara,0,0,,218,10,1266,,81943.45164265168,101347015.6655549,0.0,0.0,72,0.0
10-219-01264,BIHAR,Saran,Dariapur,0,0,,218,10,1264,,115477.27251924115,281302380.67878103,0.0,0.0,202,0.0
10-219-01265,BIHAR,Saran,Garkha,0,0,,218,10,1265,,90147.74693968748,213336409.9887166,0.0,0.0,154,0.0
10-220-01269,BIHAR,Vaishali,Paterhi Belsar,0,0,,224,10,1269,,56227.36197278124,93522597.26160131,0.0,0.0,69,0.0
10-219-01267,BIHAR,Saran,Sonepur,0,0,,218,10,1267,,70412.64000247594,214865144.18564072,0.0,0.0,162,0.0
10-220-01268,BIHAR,Vaishali,Vaishali,0,0,,224,10,1268,,72706.90824879723,158663399.21103516,0.0,0.0,114,0.0
10-220-01270,BIHAR,Vaishali,Lalganj,0,0,,224,10,1270,,89595.71916906572,184177988.41986412,0.0,0.0,133,0.0
10-221-01294,BIHAR,Samastipur,Mohiuddinagar,0,0,,217,10,1294,,80607.53716768604,178536106.2701614,0.0,0.0,130,0.0
10-220-01271,BIHAR,Vaishali,Bhagwanpur,0,0,,224,10,1271,,98965.72708266653,142473218.81446454,0.0,0.0,102,0.0
10-220-01272,BIHAR,Vaishali,Goraul,0,0,,224,10,1272,,101989.77906286377,122446101.92943335,0.0,0.0,87,0.0
10-220-01273,BIHAR,Vaishali,Chehra Kalan,0,0,,224,10,1273,,63204.34388206024,89818122.94593617,0.0,0.0,66,0.0
10-220-01277,BIHAR,Vaishali,Raja Pakar,0,0,,224,10,1277,,58946.08844196175,93673217.82917874,0.0,0.0,72,0.0
10-220-01274,BIHAR,Vaishali,Patepur,0,0,,224,10,1274,,118180.33822078991,317029999.71255994,0.0,0.0,234,0.0
10-220-01275,BIHAR,Vaishali,Mahua,0,0,,224,10,1275,,86273.82517515696,171155586.12447235,0.0,0.0,125,0.0
10-220-01276,BIHAR,Vaishali,Jandaha,0,0,,224,10,1276,,99044.76663725945,179891527.10359335,0.0,0.0,128,0.0
10-220-01278,BIHAR,Vaishali,Hajipur,0,0,,224,10,1278,,80048.24731377292,194916759.16986817,0.0,0.0,140,0.0
10-220-01280,BIHAR,Vaishali,Bidupur,0,0,,224,10,1280,,88122.3198685409,139375575.9420912,0.0,0.0,99,0.0
10-220-01279,BIHAR,Vaishali,Raghopur,0,0,,224,10,1279,,128641.49950069311,338499790.0832371,0.0,0.0,246,0.0
10-220-01281,BIHAR,Vaishali,Desri,0,0,,224,10,1281,,50183.809114488824,56627949.53624974,0.0,0.0,43,0.0
10-221-01284,BIHAR,Samastipur,Kalyanpur,0,0,,217,10,1284,,147387.26660455638,294821482.9966942,0.0,0.0,214,0.0
10-221-01286,BIHAR,Samastipur,Shivaji Nagar,0,0,,217,10,1286,,96209.25031894707,172333979.18990555,0.0,0.0,130,0.0
10-221-01288,BIHAR,Samastipur,Samastipur,0,0,,217,10,1288,,112474.97484539819,170577777.20953664,0.0,0.0,123,0.0
10-221-01289,BIHAR,Samastipur,Pusa,0,0,,217,10,1289,,64081.7615729533,95008289.7510354,0.0,0.0,65,0.0
10-221-01291,BIHAR,Samastipur,Morwa,0,0,,217,10,1291,,104551.97847793197,152111293.7773472,0.0,0.0,106,0.0
10-221-01292,BIHAR,Samastipur,Patori,0,0,,217,10,1292,,69422.25062895294,130638318.44440164,0.0,0.0,93,0.0
10-221-01295,BIHAR,Samastipur,Sarairanjan,0,0,,217,10,1295,,96463.23467310029,185572344.2706523,0.0,0.0,145,0.0
10-221-01296,BIHAR,Samastipur,Vidyapati Nagar,0,0,,217,10,1296,,62930.2690484309,106322816.42401849,0.0,0.0,75,0.0
10-221-01297,BIHAR,Samastipur,Dalsinghsarai,0,0,,217,10,1297,,80515.23552986495,118201268.21451648,0.0,0.0,89,0.0
10-221-01298,BIHAR,Samastipur,Ujiarpur,0,0,,217,10,1298,,81756.09445970641,209497824.1015558,0.0,0.0,149,0.0
10-221-01300,BIHAR,Samastipur,Rosera,0,0,,217,10,1300,,84599.34785899956,138535375.895554,0.0,0.0,97,0.0
10-221-01299,BIHAR,Samastipur,Bibhutpur,0,0,,217,10,1299,,96600.53522783429,258332531.194082,0.0,0.0,187,0.0
10-221-01301,BIHAR,Samastipur,Singhia,0,0,,217,10,1301,,76055.88015393679,178639507.67998633,0.0,0.0,128,0.0
10-222-01307,BIHAR,Begusarai,Cheria Bariarpur,0,0,,191,10,1307,,80422.0696045629,127840547.1243011,0.0,0.0,89,0.0
10-221-01302,BIHAR,Samastipur,Hasanpur,0,0,,217,10,1302,,122795.93417076243,188091095.39019313,0.0,0.0,138,0.0
10-221-01303,BIHAR,Samastipur,Bithan,0,0,,217,10,1303,,72838.55780104545,149849875.79630712,0.0,0.0,109,0.0
10-222-01304,BIHAR,Begusarai,Khudabandpur,0,0,,191,10,1304,,49522.71992212785,59617610.47663844,0.0,0.0,39,0.0
10-222-01305,BIHAR,Begusarai,Chhorahi,0,0,,191,10,1305,,96201.09768359947,128309829.49376953,0.0,0.0,94,0.0
10-222-01306,BIHAR,Begusarai,Garhpura,0,0,,191,10,1306,,69581.28073662621,88651595.91159394,0.0,0.0,68,0.0
10-222-01308,BIHAR,Begusarai,Bhagwanpur,0,0,,191,10,1308,,102620.52088176137,147276258.21886113,0.0,0.0,106,0.0
10-223-01324,BIHAR,Khagaria,Mansi,0,0,,202,10,1324,,70720.37786012898,86151878.56106131,0.0,0.0,69,0.0
10-222-01309,BIHAR,Begusarai,Mansurchak,0,0,,191,10,1309,,55538.61039021854,42158333.283958256,0.0,0.0,31,0.0
10-224-01333,BIHAR,Bhagalpur,Rangra Chowk,0,0,,192,10,1333,,56200.86409227388,97946271.45940188,0.0,0.0,71,0.0
10-222-01310,BIHAR,Begusarai,Bachhwara,0,0,,191,10,1310,,112893.55520851951,186501763.14040864,0.0,0.0,138,0.0
10-222-01311,BIHAR,Begusarai,Teghra,0,0,,191,10,1311,,93442.93751421869,180050069.66821858,0.0,0.0,129,0.0
10-222-01312,BIHAR,Begusarai,Barauni,0,0,,191,10,1312,,90573.71511882372,141812926.41245717,0.0,0.0,102,0.0
10-222-01313,BIHAR,Begusarai,Birpur,0,0,,191,10,1313,,69057.86510087451,64693086.30641256,0.0,0.0,53,0.0
10-222-01314,BIHAR,Begusarai,Begusarai,0,0,,191,10,1314,,114572.02827886646,273941103.5239774,0.0,0.0,200,0.0
10-222-01315,BIHAR,Begusarai,Naokothi,0,0,,191,10,1315,,61794.845266753924,91575422.87048158,0.0,0.0,64,0.0
10-222-01316,BIHAR,Begusarai,Bakhri,0,0,,191,10,1316,,74902.13049058078,94921186.04856166,0.0,0.0,66,0.0
10-222-01317,BIHAR,Begusarai,Dandari,0,0,,191,10,1317,,77075.31892237118,85364223.36403492,0.0,0.0,65,0.0
10-222-01318,BIHAR,Begusarai,Sahebpur Kamal,0,0,,191,10,1318,,97820.3506924087,179327758.1582562,0.0,0.0,131,0.0
10-222-01319,BIHAR,Begusarai,Balia,0,0,,191,10,1319,,95726.56851828664,181873531.04775092,0.0,0.0,133,0.0
10-222-01320,BIHAR,Begusarai,Matihani,0,0,,191,10,1320,,104199.58891726227,214311339.790948,0.0,0.0,157,0.0
10-222-01321,BIHAR,Begusarai,Shamho Akha Kurha,0,0,,191,10,1321,,47884.70174269599,82130306.58899558,0.0,0.0,58,0.0
10-223-01322,BIHAR,Khagaria,Alauli,0,0,,202,10,1322,,117176.16085281859,337532903.06560946,0.0,0.0,244,0.0
10-223-01323,BIHAR,Khagaria,Khagaria,0,0,,202,10,1323,,164255.4907534744,325761754.1557925,0.0,0.0,229,0.0
10-223-01325,BIHAR,Khagaria,Chautham,0,0,,202,10,1325,,88833.5659059585,205164632.7891582,0.0,0.0,148,0.0
10-228-01376,BIHAR,Sheikhpura,Chewara,0,0,,219,10,1376,,77279.14911837938,141385828.1075451,0.0,0.0,103,0.0
10-223-01326,BIHAR,Khagaria,Beldaur,0,0,,202,10,1326,,101449.44415348554,276820454.1841197,0.0,0.0,203,0.0
10-223-01327,BIHAR,Khagaria,Gogri,0,0,,202,10,1327,,109725.85953588395,321971045.3784509,0.0,0.0,231,0.0
10-223-01328,BIHAR,Khagaria,Parbatta,0,0,,202,10,1328,,89952.53209418767,286770838.53234714,0.0,0.0,215,0.0
10-224-01329,BIHAR,Bhagalpur,Narayanpur,0,0,,192,10,1329,,96964.50839109154,173637043.38008544,0.0,0.0,125,0.0
10-224-01330,BIHAR,Bhagalpur,Bihpur,0,0,,192,10,1330,,98960.16392998041,189427956.2070791,0.0,0.0,141,0.0
10-234-01472,BIHAR,Rohtas,Akorhi Gola,0,0,,215,10,1472,,71741.57946050014,124356844.03544964,4.132839965820313e-07,4.1328399658203133e-07,94,3.8848695678710945e-05
10-224-01331,BIHAR,Bhagalpur,Kharik,0,0,,192,10,1331,,103106.05203500649,169292223.68779984,0.0,0.0,125,0.0
10-224-01332,BIHAR,Bhagalpur,Naugachhia,0,0,,192,10,1332,,91833.23423872421,134223697.96961665,0.0,0.0,95,0.0
10-224-01335,BIHAR,Bhagalpur,Pirpainti,0,0,,192,10,1335,,138631.2255747686,411429376.6216011,0.0,0.0,294,0.0
10-224-01336,BIHAR,Bhagalpur,Kahalgaon,0,0,,192,10,1336,,128722.99744742387,352186242.20537144,0.0,0.0,255,0.0
10-224-01337,BIHAR,Bhagalpur,Ismailpur,0,0,,192,10,1337,,66332.03197363381,102752037.41138108,0.0,0.0,75,0.0
10-224-01338,BIHAR,Bhagalpur,Sabour,0,0,,192,10,1338,,85492.0541239663,141198925.34276122,0.0,0.0,102,0.0
10-226-01359,BIHAR,Munger,Dharhara,0,0,,207,10,1359,,105188.90103685112,355220468.750446,0.0,0.0,262,0.0
10-224-01339,BIHAR,Bhagalpur,Nathnagar,0,0,,192,10,1339,,105259.93673308079,163498377.60317266,0.0,0.0,117,0.0
10-226-01360,BIHAR,Munger,Kharagpur,0,0,,207,10,1360,,169586.30903503796,398589433.5102216,0.0,0.0,291,0.0
10-224-01340,BIHAR,Bhagalpur,Sultanganj,0,0,,192,10,1340,,139861.1879796442,266407467.3450057,0.0,0.0,198,0.0
10-224-01341,BIHAR,Bhagalpur,Shahkund,0,0,,192,10,1341,,93276.90256650816,208798734.37786233,0.0,0.0,153,0.0
10-224-01342,BIHAR,Bhagalpur,Goradih,0,0,,192,10,1342,,106918.08891287447,178026414.43832883,0.0,0.0,128,0.0
10-224-01343,BIHAR,Bhagalpur,Jagdishpur,0,0,,192,10,1343,,107045.71303668506,127447147.46016994,0.0,0.0,95,0.0
10-224-01344,BIHAR,Bhagalpur,Sonhaula,0,0,,192,10,1344,,84463.86530366821,214425428.57327408,0.0,0.0,160,0.0
10-225-01345,BIHAR,Banka,Shambhuganj,0,0,,190,10,1345,,85765.27415008907,217970788.89652416,0.0,0.0,157,0.0
10-225-01346,BIHAR,Banka,Amarpur,0,0,,190,10,1346,,98000.87839154692,234663534.19316816,0.0,0.0,176,0.0
10-225-01347,BIHAR,Banka,Rajaun,0,0,,190,10,1347,,86718.04358754268,242814641.5593075,0.0,0.0,179,0.0
10-226-01363,BIHAR,Munger,Tetiha Bambor,0,0,,207,10,1363,,73286.15332623897,95190725.80042528,0.0,0.0,70,0.0
10-225-01348,BIHAR,Banka,Dhuraiya,0,0,,190,10,1348,,106681.6377356153,285703540.38620996,0.0,0.0,208,0.0
10-225-01349,BIHAR,Banka,Barahat,0,0,,190,10,1349,,122910.23058217819,181202001.14064544,0.0,0.0,129,0.0
10-225-01350,BIHAR,Banka,Banka,0,0,,190,10,1350,,137083.07375503817,365153241.48788345,0.0,0.0,275,0.0
10-225-01351,BIHAR,Banka,Phulidumar,0,0,,190,10,1351,,117105.67306472127,248400685.45023423,0.0,0.0,176,0.0
10-225-01352,BIHAR,Banka,Belhar,0,0,,190,10,1352,,118426.40149548957,290570448.277483,0.0,0.0,214,0.0
10-225-01353,BIHAR,Banka,Chanan,0,0,,190,10,1353,,169565.08902723462,550876204.0147796,0.0,0.0,403,0.0
10-225-01354,BIHAR,Banka,Katoria,0,0,,190,10,1354,,180268.89530762268,687665367.2781417,0.0,0.0,502,0.0
10-225-01355,BIHAR,Banka,Bausi,0,0,,190,10,1355,,109314.78149810205,385846183.7170387,0.0,0.0,284,0.0
10-226-01356,BIHAR,Munger,Munger,0,0,,207,10,1356,,162390.1628928388,306519605.49277806,0.0,0.0,227,0.0
10-226-01357,BIHAR,Munger,Bariarpur,0,0,,207,10,1357,,122433.4478606843,198040113.63802013,0.0,0.0,143,0.0
10-226-01358,BIHAR,Munger,Jamalpur,0,0,,207,10,1358,,72817.19566814511,112971204.64248075,0.0,0.0,79,0.0
10-226-01361,BIHAR,Munger,Asarganj,0,0,,207,10,1361,,61173.52838786665,72491453.98190036,0.0,0.0,52,0.0
10-226-01362,BIHAR,Munger,Tarapur,0,0,,207,10,1362,,54416.57713098438,86962445.68425661,0.0,0.0,62,0.0
10-226-01364,BIHAR,Munger,Sangrampur,0,0,,207,10,1364,,71205.18318302365,105786037.21986651,0.0,0.0,80,0.0
10-227-01366,BIHAR,Lakhisarai,Pipariya,0,0,,204,10,1366,,87968.2901826016,106258171.87143916,0.0,0.0,76,0.0
10-227-01365,BIHAR,Lakhisarai,Barahiya,0,0,,204,10,1365,,95965.48426593257,248505135.43154767,0.0,0.0,179,0.0
10-227-01367,BIHAR,Lakhisarai,Surajgarha,0,0,,204,10,1367,,140312.1609931406,462726462.37366486,0.0,0.0,340,0.0
10-227-01368,BIHAR,Lakhisarai,Lakhisarai,0,0,,204,10,1368,,117670.76745524361,181316338.94823277,0.0,0.0,133,0.0
10-227-01369,BIHAR,Lakhisarai,Chanan*,0,0,,204,10,1369,,86014.87070350182,177670731.10250506,0.0,0.0,128,0.0
10-228-01375,BIHAR,Sheikhpura,Ghat Kusumbha,0,0,,219,10,1375,,80592.24583619394,99088070.68237934,0.0,0.0,70,0.0
10-227-01370,BIHAR,Lakhisarai,Ramgarh Chowk,0,0,,204,10,1370,,98990.57354622113,128567389.13844268,0.0,0.0,94,0.0
10-227-01371,BIHAR,Lakhisarai,Halsi,0,0,,204,10,1371,,82594.8188222393,191441208.6304817,0.0,0.0,139,0.0
10-228-01372,BIHAR,Sheikhpura,Barbigha,0,0,,219,10,1372,,83879.7675047183,115941853.486741,0.0,0.0,81,0.0
10-228-01373,BIHAR,Sheikhpura,Shekhopur Sarai,0,0,,219,10,1373,,59774.96229914819,65955650.61796794,0.0,0.0,45,0.0
10-228-01374,BIHAR,Sheikhpura,Sheikhpura,0,0,,219,10,1374,,119718.3677454689,225551054.81458032,0.0,0.0,170,0.0
10-228-01377,BIHAR,Sheikhpura,Ariari,0,0,,219,10,1377,,87552.5859976097,183445963.63454768,0.0,0.0,137,0.0
10-229-01378,BIHAR,Nalanda,Karai Parsurai,0,0,,209,10,1378,,58523.47447411047,82148146.79064696,0.0,0.0,60,0.0
10-229-01379,BIHAR,Nalanda,Nagar Nausa,0,0,,209,10,1379,,82570.35159490984,108015836.82811198,0.0,0.0,80,0.0
10-229-01380,BIHAR,Nalanda,Harnaut,0,0,,209,10,1380,,124869.90123154312,224385440.0517296,0.0,0.0,161,0.0
10-229-01381,BIHAR,Nalanda,Chandi,0,0,,209,10,1381,,70527.81459673235,147156102.481168,0.0,0.0,109,0.0
10-229-01382,BIHAR,Nalanda,Rahui,0,0,,209,10,1382,,77076.6108369453,152249665.90613127,0.0,0.0,108,0.0
10-229-01383,BIHAR,Nalanda,Bind,0,0,,209,10,1383,,70364.80140905235,88091657.81671415,0.0,0.0,66,0.0
10-229-01384,BIHAR,Nalanda,Sarmera,0,0,,209,10,1384,,91044.34634338948,167201876.42476654,0.0,0.0,123,0.0
10-229-01385,BIHAR,Nalanda,Asthawan,0,0,,209,10,1385,,92263.18064708126,171325630.7179731,0.0,0.0,125,0.0
10-229-01387,BIHAR,Nalanda,Noorsarai,0,0,,209,10,1387,,78528.62700534344,151514769.88009417,0.0,0.0,114,0.0
10-229-01386,BIHAR,Nalanda,Bihar,0,0,,209,10,1386,,98561.8371020671,215840179.0991975,0.0,0.0,160,0.0
10-229-01390,BIHAR,Nalanda,Hilsa,0,0,,209,10,1390,,93433.88804652911,175765721.10991755,0.0,0.0,131,0.0
10-229-01391,BIHAR,Nalanda,Ekangarsarai,0,0,,209,10,1391,,87121.32234693572,166605847.460251,0.0,0.0,122,0.0
10-229-01392,BIHAR,Nalanda,Islampur,0,0,,209,10,1392,,109868.69145522316,273834151.4326934,0.0,0.0,194,0.0
10-229-01393,BIHAR,Nalanda,Ben,0,0,,209,10,1393,,66947.54721379357,127526149.56798536,0.0,0.0,94,0.0
10-230-01398,BIHAR,Patna,Maner,0,0,,212,10,1398,,96133.56350709034,213315300.3597084,0.0,0.0,154,0.0
10-229-01394,BIHAR,Nalanda,Rajgir,0,0,,209,10,1394,,88740.45664753366,198129288.77271983,0.0,0.0,147,0.0
10-229-01395,BIHAR,Nalanda,Silao,0,0,,209,10,1395,,79220.42929786978,154752836.13944647,0.0,0.0,114,0.0
10-229-01396,BIHAR,Nalanda,Giriak,0,0,,209,10,1396,,88347.46773236175,99576022.5731765,0.0,0.0,73,0.0
10-229-01397,BIHAR,Nalanda,Katrisarai,0,0,,209,10,1397,,38918.76300208476,48673462.28309288,0.0,0.0,36,0.0
10-230-01399,BIHAR,Patna,Dinapur-Cum-Khagaul,0,0,,212,10,1399,,78598.21354533077,184765788.04152673,0.0,0.0,135,0.0
10-234-01474,BIHAR,Rohtas,Tilouthu,0,0,,215,10,1474,,73885.57639601533,193504401.97342023,4.357590744018555e-05,7.940119541985648e-06,140,0.0011116167358779907
10-230-01400,BIHAR,Patna,Patna Rural,0,0,,212,10,1400,,87518.10425735511,179850223.48881748,0.0,0.0,131,0.0
10-230-01401,BIHAR,Patna,Sampatchak,0,0,,212,10,1401,,53219.7118618291,78902366.60372826,0.0,0.0,57,0.0
10-230-01406,BIHAR,Patna,Dulhin Bazar,0,0,,212,10,1406,,77792.54009458271,136539622.4680228,0.0,0.0,99,0.0
10-230-01402,BIHAR,Patna,Phulwari,0,0,,212,10,1402,,70659.26045014715,135940825.49713776,0.0,0.0,96,0.0
10-230-01413,BIHAR,Patna,Khusrupur,0,0,,212,10,1413,,46143.60198551767,78201544.387751,0.0,0.0,58,0.0
10-230-01403,BIHAR,Patna,Bihta,0,0,,212,10,1403,,116564.9809665079,244879174.98088208,0.0,0.0,182,0.0
10-230-01415,BIHAR,Patna,Athmalgola,0,0,,212,10,1415,,47997.69261940102,62827293.65665197,0.0,0.0,47,0.0
10-230-01404,BIHAR,Patna,Naubatpur,0,0,,212,10,1404,,105087.74367689912,205320191.59612688,0.0,0.0,153,0.0
10-230-01405,BIHAR,Patna,Bikram,0,0,,212,10,1405,,86626.03512108007,186422313.04867813,0.0,0.0,137,0.0
10-234-01475,BIHAR,Rohtas,Rohtas,0,0,,215,10,1475,,88257.59288547112,389741138.17794544,7.5353605651855475e-06,5.7238378940688246e-06,288,0.0016484653134918215
10-230-01407,BIHAR,Patna,Paliganj,0,0,,212,10,1407,,129476.3041410336,293354152.7667747,0.0,0.0,214,0.0
10-230-01408,BIHAR,Patna,Masaurhi,0,0,,212,10,1408,,108866.13277400887,248716954.87290823,0.0,0.0,178,0.0
10-230-01409,BIHAR,Patna,Dhanarua,0,0,,212,10,1409,,95102.40821522896,225577653.19725513,0.0,0.0,163,0.0
10-230-01410,BIHAR,Patna,Punpun,0,0,,212,10,1410,,82554.93388622913,161116560.78819045,0.0,0.0,118,0.0
10-230-01411,BIHAR,Patna,Fatwah,0,0,,212,10,1411,,97950.27190535897,155697451.47083917,0.0,0.0,115,0.0
10-230-01412,BIHAR,Patna,Daniawan,0,0,,212,10,1412,,69689.77872311571,79566220.36857046,0.0,0.0,56,0.0
10-230-01414,BIHAR,Patna,Bakhtiarpur,0,0,,212,10,1414,,120205.01587822943,168153072.20481881,0.0,0.0,120,0.0
10-230-01416,BIHAR,Patna,Belchhi,0,0,,212,10,1416,,88573.78025963024,87443681.0926542,0.0,0.0,70,0.0
10-230-01417,BIHAR,Patna,Barh,0,0,,212,10,1417,,95365.9771693495,147280816.515725,0.0,0.0,104,0.0
10-230-01419,BIHAR,Patna,Ghoswari,0,0,,212,10,1419,,66454.95033385535,164897376.1169027,0.0,0.0,126,0.0
10-230-01418,BIHAR,Patna,Pandarak,0,0,,212,10,1418,,106894.44852036482,252509471.6555304,0.0,0.0,180,0.0
10-232-01438,BIHAR,Buxar,Chaugain,0,0,,194,10,1438,,52625.33924401454,66025696.44875917,1.1198986053466798e-06,1.1198986053466798e-06,49,5.487503166198731e-05
10-232-01439,BIHAR,Buxar,Kesath,0,0,,194,10,1439,,34661.84662025829,38236018.49691825,1.1198986053466798e-06,1.1198986053466798e-06,29,3.247705955505371e-05
10-230-01420,BIHAR,Patna,Mokameh,0,0,,212,10,1420,,127700.39840194934,244519830.48183808,0.0,0.0,181,0.0
10-231-01421,BIHAR,Bhojpur,Shahpur,0,0,,193,10,1421,,110658.91431619873,211766871.4500774,1.0095781707763672e-06,1.488480636401054e-07,156,2.3220297927856442e-05
10-234-01460,BIHAR,Rohtas,Suryapura,0,0,,215,10,1460,,56159.7630280001,69765063.31452103,1.8041008377075194e-06,1.8041008377075192e-06,47,8.47927393722534e-05
10-231-01422,BIHAR,Bhojpur,Arrah,0,0,,193,10,1422,,120924.06747051864,221925641.7145924,1.0095781707763672e-06,2.9207921921832007e-07,159,4.644059585571289e-05
10-231-01423,BIHAR,Bhojpur,Barhara,0,0,,193,10,1423,,128817.96875565937,258494738.36324885,0.0,0.0,191,0.0
10-231-01424,BIHAR,Bhojpur,Koilwar,0,0,,193,10,1424,,94779.33453556667,208456312.66749656,0.0,0.0,149,0.0
10-231-01425,BIHAR,Bhojpur,Sandesh,0,0,,193,10,1425,,60697.76797134289,164599530.19806212,0.0,0.0,118,0.0
10-231-01426,BIHAR,Bhojpur,Udwant Nagar,0,0,,193,10,1426,,92445.60417460876,217797556.82002312,1.0095781707763672e-06,6.082551712130907e-07,161,9.792908256530761e-05
10-234-01461,BIHAR,Rohtas,Bikramganj,0,0,,215,10,1461,,88556.32896667719,168723569.68103397,1.8041008377075194e-06,1.8041008377075194e-06,129,0.00023272900806427
10-231-01427,BIHAR,Bhojpur,Behea,0,0,,193,10,1427,,114516.77527652554,206091349.70539597,1.1198986053466798e-06,1.0015557047526041e-06,150,0.00015023335571289062
10-231-01428,BIHAR,Bhojpur,Jagdishpur,0,0,,193,10,1428,,109726.00219208181,318463526.4488765,1.1198986053466798e-06,1.020706986544425e-06,228,0.0002327211929321289
10-231-01429,BIHAR,Bhojpur,Piro,0,0,,193,10,1429,,100703.96274410955,268205354.86689487,1.8041008377075194e-06,1.5760489507675172e-06,200,0.00031520979015350344
10-234-01462,BIHAR,Rohtas,Karakat,0,0,,215,10,1462,,102232.22868007293,251121712.10833624,1.8041008377075194e-06,1.4381422764604745e-06,176,0.0002531130406570435
10-231-01430,BIHAR,Bhojpur,Charpokhari,0,0,,193,10,1430,,88834.1327790213,135855258.49695313,1.7885337066650392e-06,1.558946811876799e-06,95,0.0001480999471282959
10-231-01431,BIHAR,Bhojpur,Garhani,0,0,,193,10,1431,,93054.52180151101,137128723.85739592,1.7885337066650392e-06,1.1003302720449501e-06,103,0.00011333401802062987
10-231-01432,BIHAR,Bhojpur,Agiaon,0,0,,193,10,1432,,87534.07309197474,191419206.17039648,1.7885337066650392e-06,7.763798753477687e-07,139,0.00010791680267333985
10-231-01433,BIHAR,Bhojpur,Tarari,0,0,,193,10,1433,,95157.98131215997,247108515.4982669,1.8041008377075194e-06,1.7902047546300512e-06,177,0.00031686624156951907
10-231-01434,BIHAR,Bhojpur,Sahar,0,0,,193,10,1434,,61748.81499939302,157154129.14318892,1.7885337066650392e-06,1.4980880619929387e-06,117,0.00017527630325317383
10-232-01435,BIHAR,Buxar,Simri,0,0,,194,10,1435,,87047.69219699135,222195796.247413,1.5202974243164064e-05,4.073889562095084e-06,164,0.0006681178881835937
10-232-01436,BIHAR,Buxar,Chakki,0,0,,194,10,1436,,73799.54032015939,80420668.23199363,1.1198986053466798e-06,1.749841570854187e-07,64,1.1198986053466797e-05
10-232-01437,BIHAR,Buxar,Barhampur,0,0,,194,10,1437,,133928.15369382405,240152233.65370417,1.1198986053466798e-06,9.127497303692591e-07,173,0.00015790570335388182
10-232-01440,BIHAR,Buxar,Dumraon,0,0,,194,10,1440,,115797.88145848007,238641355.07175583,1.1198986053466798e-06,7.819410380527114e-07,169,0.00013214803543090822
10-232-01441,BIHAR,Buxar,Buxar,0,0,,194,10,1441,,90996.21871903203,211591033.38394436,1.5202974243164064e-05,2.905026925445363e-07,157,4.5608922729492194e-05
10-232-01442,BIHAR,Buxar,Chausa,0,0,,194,10,1442,,99103.08457070828,138502720.57991108,3.5059526958465576e-05,5.28701173532789e-06,107,0.0005657102556800843
10-232-01443,BIHAR,Buxar,Rajpur,0,0,,194,10,1443,,121142.9666413415,336933113.12217736,3.5059526958465576e-05,1.777795458805318e-05,245,0.004355598874073029
10-232-01444,BIHAR,Buxar,Itarhi,0,0,,194,10,1444,,109439.3274763228,293713382.2816445,2.172009834289551e-05,2.0784783103249292e-07,209,4.344019668579102e-05
10-232-01445,BIHAR,Buxar,Nawanagar,0,0,,194,10,1445,,126567.10382889764,229774401.79100823,2.172009834289551e-05,1.7455469079553728e-06,169,0.000294997427444458
10-233-01446,BIHAR,Kaimur (Bhabua),Ramgarh,0,0,,200,10,1446,,124781.0721120257,206666195.02442607,3.5059526958465576e-05,2.4146958964770994e-05,151,0.00364619080368042
10-233-01447,BIHAR,Kaimur (Bhabua),Nuaon,0,0,,200,10,1447,,121732.74643995032,235834986.4758632,3.5059526958465576e-05,3.145462793461761e-05,171,0.0053787413768196105
10-233-01448,BIHAR,Kaimur (Bhabua),Kudra,0,0,,200,10,1448,,132624.50147962422,255577893.54332253,5.948178070068359e-05,4.940275534675234e-05,189,0.009337120760536192
10-233-01449,BIHAR,Kaimur (Bhabua),Mohania,0,0,,200,10,1449,,142323.6809133636,349176573.6513165,5.948178070068359e-05,2.663469108507037e-05,256,0.006818480917778015
10-233-01450,BIHAR,Kaimur (Bhabua),Durgawati,0,0,,200,10,1450,,108544.41183902678,212580801.4059764,0.0,0.0,154,0.0
10-233-01451,BIHAR,Kaimur (Bhabua),Chand,0,0,,200,10,1451,,97099.60209928264,257974481.1925409,0.0,0.0,188,0.0
10-233-01452,BIHAR,Kaimur (Bhabua),Chainpur,0,0,,200,10,1452,,170712.34536647963,555311526.8488017,0.0,0.0,407,0.0
10-233-01453,BIHAR,Kaimur (Bhabua),Bhabua,0,0,,200,10,1453,,143727.89821118704,407618990.38615096,5.948178070068359e-05,3.1131399965634774e-05,301,0.009370551389656067
10-233-01454,BIHAR,Kaimur (Bhabua),Rampur,0,0,,200,10,1454,,126612.15498309073,210660395.23746365,5.948178070068359e-05,4.121299197408177e-05,149,0.006140735804138184
10-233-01455,BIHAR,Kaimur (Bhabua),Bhagwanpur,0,0,,200,10,1455,,134815.05705103654,292151198.96788174,5.948178070068359e-05,1.5786633740465787e-05,211,0.0033309797192382813
10-233-01456,BIHAR,Kaimur (Bhabua),Adhaura,0,0,,200,10,1456,,271357.2345421078,1135984955.9859164,5.948178070068359e-05,2.670476701605935e-06,833,0.002224507092437744
10-234-01457,BIHAR,Rohtas,Kochas,0,0,,215,10,1457,,90248.48407846906,187033418.62218276,3.5059526958465576e-05,2.5863405715913484e-05,132,0.0034139695545005798
10-234-01458,BIHAR,Rohtas,Dinara,0,0,,215,10,1458,,157118.7651045217,464648316.8452498,2.172009834289551e-05,1.7047723561619733e-05,341,0.005813273734512329
10-234-01459,BIHAR,Rohtas,Dawath,0,0,,215,10,1459,,78120.6651060775,129910427.66035384,1.8041008377075194e-06,1.8041008377075194e-06,94,0.00016958547874450683
10-234-01466,BIHAR,Rohtas,Nokha,0,0,,215,10,1466,,82152.91978314315,208772248.59610957,4.357590744018555e-05,3.1441344411179825e-05,148,0.004653318972854615
10-235-01476,BIHAR,Aurangabad,Daudnagar,0,0,,189,10,1476,,91010.07504965532,238139281.75712803,5.425686264038087e-07,5.262222938976069e-07,174,9.15626791381836e-05
10-234-01467,BIHAR,Rohtas,Kargahar,0,0,,215,10,1467,,128509.87472624176,406135690.59563094,5.948178070068359e-05,3.9545267996981345e-05,296,0.011705399327106477
10-234-01468,BIHAR,Rohtas,Chenari,0,0,,215,10,1468,,121720.69626398994,292642418.8385522,5.948178070068359e-05,3.14487641246707e-05,215,0.0067614842868042
10-234-01469,BIHAR,Rohtas,Nauhatta,0,0,,215,10,1469,,175494.75594492842,478591449.404211,2.7724156951904297e-06,8.458217375157244e-07,354,0.0002994208950805664
10-234-01470,BIHAR,Rohtas,Sheosagar,0,0,,215,10,1470,,135463.8765525897,406503956.12222886,5.948178070068359e-05,2.933360184750315e-05,295,0.00865341254501343
10-234-01471,BIHAR,Rohtas,Sasaram,0,0,,215,10,1471,,135810.11950728856,394273130.8742507,4.357590744018555e-05,3.224504015008335e-05,290,0.009351061643524172
10-234-01473,BIHAR,Rohtas,Dehri,0,0,,215,10,1473,,97323.52013589225,199371136.99043605,4.357590744018555e-05,7.156275937310581e-06,145,0.0010376600109100343
10-235-01477,BIHAR,Aurangabad,Haspura,0,0,,189,10,1477,,88845.10694940752,164519986.5205008,5.425686264038087e-07,5.336005499343242e-07,121,6.456566654205323e-05
10-235-01478,BIHAR,Aurangabad,Goh,0,0,,189,10,1478,,122286.20877621078,374665187.3660463,5.425686264038087e-07,1.516000573775348e-07,272,4.1235215606689465e-05
10-236-01491,BIHAR,Gaya,Neem Chak Bathani,0,0,,196,10,1491,,79540.44278654993,146770773.7769567,0.0,0.0,103,0.0
10-235-01479,BIHAR,Aurangabad,Rafiganj,0,0,,189,10,1479,,167069.30684925965,465687847.79432577,5.425686264038087e-07,1.1296883423657014e-07,341,3.852237247467042e-05
10-235-01480,BIHAR,Aurangabad,Obra,0,0,,189,10,1480,,130720.05569071589,327203821.09876627,2.3970815658569337e-06,5.438216591686137e-07,237,0.00012888573322296143
10-236-01494,BIHAR,Gaya,Manpur,0,0,,196,10,1494,,77081.78707553667,161226183.41058797,0.0,0.0,115,0.0
10-235-01481,BIHAR,Aurangabad,Aurangabad,0,0,,189,10,1481,,125502.68609205673,344679798.38062614,2.3970815658569337e-06,5.430887922644615e-07,256,0.00013903073081970215
10-237-01511,BIHAR,Nawada,Nardiganj,0,0,,210,10,1511,,60262.24041371029,129808165.4472442,0.0,0.0,95,0.0
10-235-01482,BIHAR,Aurangabad,Barun,0,0,,189,10,1482,,117269.30390529483,381782699.30215496,2.3970815658569337e-06,1.7594323471614294e-06,280,0.0004926410572052003
10-235-01483,BIHAR,Aurangabad,Nabinagar,0,0,,189,10,1483,,173491.30877801325,657546828.2218357,7.5353605651855475e-06,2.971102217364262e-06,483,0.0014350423709869385
10-235-01484,BIHAR,Aurangabad,Kutumba,0,0,,189,10,1484,,110495.73757590447,319048251.76106954,2.3970815658569337e-06,1.1933069803829277e-06,229,0.00027326729850769046
10-235-01485,BIHAR,Aurangabad,Deo,0,0,,189,10,1485,,158578.88849021672,336990745.1586724,2.3970815658569337e-06,4.0110528193621996e-07,251,0.00010067742576599121
10-235-01486,BIHAR,Aurangabad,Madanpur,0,0,,189,10,1486,,153529.37367368402,418713952.50229967,0.0,0.0,309,0.0
10-236-01487,BIHAR,Gaya,Konch,0,0,,196,10,1487,,154041.56172387034,319288521.7326548,0.0,0.0,232,0.0
10-236-01488,BIHAR,Gaya,Tikari,0,0,,196,10,1488,,122221.36853604284,290576655.12704176,0.0,0.0,218,0.0
10-236-01489,BIHAR,Gaya,Belaganj,0,0,,196,10,1489,,113473.13279109563,240372540.95814112,0.0,0.0,180,0.0
10-236-01490,BIHAR,Gaya,Khizirsarai,0,0,,196,10,1490,,103698.13096672995,223124430.97950032,0.0,0.0,165,0.0
10-236-01492,BIHAR,Gaya,Muhra,0,0,,196,10,1492,,93681.45756176667,181269438.2139707,0.0,0.0,134,0.0
10-236-01493,BIHAR,Gaya,Atri,0,0,,196,10,1493,,103075.15367958385,161340647.62451813,0.0,0.0,119,0.0
10-236-01495,BIHAR,Gaya,Gaya Town C.D.Block,0,0,,196,10,1495,,91678.58033080616,224144813.6021213,0.0,0.0,161,0.0
10-236-01496,BIHAR,Gaya,Paraiya,0,0,,196,10,1496,,75593.31264449215,167300846.5298876,0.0,0.0,120,0.0
10-236-01497,BIHAR,Gaya,Guraru,0,0,,196,10,1497,,81292.54933661391,199646285.7542363,0.0,0.0,147,0.0
10-237-01512,BIHAR,Nawada,Nawada,0,0,,210,10,1512,,86822.75137888109,219317998.1072041,0.0,0.0,157,0.0
10-236-01498,BIHAR,Gaya,Gurua,0,0,,196,10,1498,,117859.62964526065,238015237.1519128,0.0,0.0,173,0.0
10-236-01499,BIHAR,Gaya,Amas,0,0,,196,10,1499,,100546.69423332924,128484051.44985774,0.0,0.0,95,0.0
10-237-01517,BIHAR,Nawada,Roh,0,0,,210,10,1517,,77804.52626079548,192537548.9783989,0.0,0.0,144,0.0
10-236-01500,BIHAR,Gaya,Banke Bazar,0,0,,196,10,1500,,85166.97220092022,256240042.68049288,0.0,0.0,186,0.0
10-236-01501,BIHAR,Gaya,Imamganj,0,0,,196,10,1501,,136271.57775821586,316917295.57645696,0.0,0.0,239,0.0
10-236-01502,BIHAR,Gaya,Dumaria,0,0,,196,10,1502,,119690.94596035974,390676703.928496,0.0,0.0,285,0.0
10-236-01503,BIHAR,Gaya,Sherghati,0,0,,196,10,1503,,100322.2973073121,167902109.12194017,0.0,0.0,123,0.0
10-238-01531,BIHAR,Jamui,Gidhaur,0,0,,198,10,1531,,55211.5633940527,100392309.18230554,0.0,0.0,75,0.0
10-236-01504,BIHAR,Gaya,Dobhi,0,0,,196,10,1504,,103572.88994215836,218837778.49499393,0.0,0.0,161,0.0
10-236-01505,BIHAR,Gaya,Bodh Gaya,0,0,,196,10,1505,,120948.91182130505,306843965.9119923,0.0,0.0,230,0.0
10-236-01506,BIHAR,Gaya,Tan Kuppa,0,0,,196,10,1506,,108147.94853451202,190099968.23000297,0.0,0.0,134,0.0
10-240-01542,BIHAR,Arwal,Arwal,0,0,,611,10,1542,,73924.8054791393,147787869.27798152,1.7885337066650392e-06,4.6433086615342355e-07,104,4.829041007995605e-05
10-236-01507,BIHAR,Gaya,Wazirganj,0,0,,196,10,1507,,105472.06999302967,323030583.61833626,0.0,0.0,236,0.0
10-236-01508,BIHAR,Gaya,Fatehpur,0,0,,196,10,1508,,155359.44599717355,408449805.62920874,0.0,0.0,304,0.0
10-240-01543,BIHAR,Arwal,Kaler,0,0,,611,10,1543,,67777.19153730445,176075758.749563,1.7885337066650392e-06,1.579287662651703e-06,131,0.00020688668380737307
10-236-01509,BIHAR,Gaya,Mohanpur,0,0,,196,10,1509,,119906.24818546322,418796109.2883684,0.0,0.0,303,0.0
10-240-01544,BIHAR,Arwal,Karpi,0,0,,611,10,1544,,158139.92638461498,234985661.7206014,1.7885337066650392e-06,6.811393493829773e-08,172,1.1715596809387209e-05
10-236-01510,BIHAR,Gaya,Barachatti,0,0,,196,10,1510,,138753.78132836288,366328956.31361085,0.0,0.0,275,0.0
10-237-01513,BIHAR,Nawada,Warisaliganj,0,0,,210,10,1513,,109792.76918459819,202861050.3008767,0.0,0.0,147,0.0
10-237-01514,BIHAR,Nawada,Kashi Chak,0,0,,210,10,1514,,73948.94452619922,98983451.20841853,0.0,0.0,72,0.0
10-237-01515,BIHAR,Nawada,Pakribarawan,0,0,,210,10,1515,,104545.76938151139,251834567.85717744,0.0,0.0,184,0.0
10-237-01516,BIHAR,Nawada,Kawakol,0,0,,210,10,1516,,121170.20018263235,362955647.76482904,0.0,0.0,266,0.0
10-237-01518,BIHAR,Nawada,Gobindpur,0,0,,210,10,1518,,73133.35659787485,188189390.13263756,0.0,0.0,140,0.0
10-237-01519,BIHAR,Nawada,Akbarpur,0,0,,210,10,1519,,91268.2921062847,249541236.96202633,0.0,0.0,184,0.0
10-237-01520,BIHAR,Nawada,Hisua,0,0,,210,10,1520,,85113.4923130193,144090762.99664384,0.0,0.0,104,0.0
10-237-01521,BIHAR,Nawada,Narhat,0,0,,210,10,1521,,62856.50481924386,99624005.77002536,0.0,0.0,69,0.0
10-237-01522,BIHAR,Nawada,Meskaur,0,0,,210,10,1522,,75185.00287586387,145604023.18435815,0.0,0.0,112,0.0
10-237-01523,BIHAR,Nawada,Sirdala,0,0,,210,10,1523,,111278.51695598938,301894539.186342,0.0,0.0,218,0.0
10-237-01524,BIHAR,Nawada,Rajauli,0,0,,210,10,1524,,132370.86211000624,450216393.36794454,0.0,0.0,333,0.0
10-238-01525,BIHAR,Jamui,Islamnagar Aliganj,0,0,,198,10,1525,,96153.77396855215,213408239.47295904,0.0,0.0,156,0.0
10-238-01526,BIHAR,Jamui,Sikandra,0,0,,198,10,1526,,86788.2538333537,223096734.30010977,0.0,0.0,162,0.0
10-238-01527,BIHAR,Jamui,Jamui,0,0,,198,10,1527,,90084.78430112793,212157753.6648698,0.0,0.0,155,0.0
10-238-01528,BIHAR,Jamui,Barhat,0,0,,198,10,1528,,114104.37581341481,270298087.1382075,0.0,0.0,197,0.0
10-238-01529,BIHAR,Jamui,Lakshmipur,0,0,,198,10,1529,,112147.89260238525,307635253.00857943,0.0,0.0,225,0.0
10-238-01530,BIHAR,Jamui,Jhajha,0,0,,198,10,1530,,147664.43327942316,507112726.974952,0.0,0.0,370,0.0
10-238-01532,BIHAR,Jamui,Khaira,0,0,,198,10,1532,,142747.05687020053,513762691.7981683,0.0,0.0,377,0.0
10-238-01533,BIHAR,Jamui,Sono,0,0,,198,10,1533,,117724.39892386932,474283005.7300444,0.0,0.0,349,0.0
10-238-01534,BIHAR,Jamui,Chakai,0,0,,198,10,1534,,243956.2217086091,956725034.6798706,0.0,0.0,700,0.0
10-239-01535,BIHAR,Jehanabad,Ratni Faridpur,0,0,,199,10,1535,,82762.53932271499,155018952.20303965,0.0,0.0,114,0.0
10-239-01536,BIHAR,Jehanabad,Jehanabad,0,0,,199,10,1536,,97254.09844747804,201426556.69272655,0.0,0.0,148,0.0
10-239-01537,BIHAR,Jehanabad,Kako,0,0,,199,10,1537,,83599.3529020472,162373941.78194478,0.0,0.0,118,0.0
10-239-01538,BIHAR,Jehanabad,Modanganj,0,0,,199,10,1538,,66522.90037500951,97205276.85869928,0.0,0.0,69,0.0
10-239-01539,BIHAR,Jehanabad,Ghoshi,0,0,,199,10,1539,,82931.95174196921,112225161.55433495,0.0,0.0,83,0.0
10-239-01540,BIHAR,Jehanabad,Makhdumpur,0,0,,199,10,1540,,128831.72570768485,301471679.33572614,0.0,0.0,217,0.0
10-239-01541,BIHAR,Jehanabad,Hulasganj,0,0,,199,10,1541,,87179.53907708311,119677697.18988888,0.0,0.0,90,0.0
10-240-01545,BIHAR,Arwal,Sonbhadra Banshi Suryapur,0,0,,611,10,1545,,62692.97791397586,116643000.97724338,0.0,0.0,83,0.0
10-240-01546,BIHAR,Arwal,Kurtha,0,0,,611,10,1546,,71585.17106640573,106433073.5354984,0.0,0.0,78,0.0
10-224-01334,BIHAR,Bhagalpur,Gopalpur,0,0,,192,10,1334,,95407.9186210158,208941966.91883087,0.0,0.0,153,0.0
10-210-01127,BIHAR,Kishanganj,Kishanganj,0,0,,203,10,1127,,125268.33771117091,207105687.55921903,0.0,0.0,152,0.0
10-206-01064,BIHAR,Sitamarhi,Suppi,0,0,,221,10,1064,,71084.15120823232,92250451.53846286,0.0,0.0,66,0.0
10-234-01463,BIHAR,Rohtas,Nasriganj,0,0,,215,10,1463,,90034.07903274363,167356919.18355417,6.40147705078125e-07,7.112752278645833e-08,126,8.96206787109375e-06
10-234-01464,BIHAR,Rohtas,Rajpur,0,0,,215,10,1464,,68660.48684625747,85633596.4997788,0.0,0.0,63,0.0
10-234-01465,BIHAR,Rohtas,Sanjhauli,0,0,,215,10,1465,,56591.722358052,83833486.39015438,7.39400863647461e-07,5.985626039050875e-07,63,3.770944404602051e-05
10-203-01023,BIHAR,Pashchim Champaran,Thakrahan,0,0,,211,10,1023,,79847.09402015881,199004696.79409248,0.0,0.0,145,0.0
10-204-01054,BIHAR,Purbi Champaran,Phenhara,0,0,,213,10,1054,,44565.43736457999,67645025.94776015,0.0,0.0,51,0.0
10-219-01262,BIHAR,Saran,Maker,0,0,,218,10,1262,,62357.8736467211,96585777.9808088,0.0,0.0,71,0.0
10-220-01282,BIHAR,Vaishali,Sahdai Buzurg,0,0,,224,10,1282,,74546.65030748869,114161677.3631406,0.0,0.0,84,0.0
10-229-01388,BIHAR,Nalanda,Tharthari,0,0,,209,10,1388,,71853.42144919158,77411758.12428828,0.0,0.0,54,0.0
10-229-01389,BIHAR,Nalanda,Parbalpur,0,0,,209,10,1389,,54466.2339431045,76043839.88376136,0.0,0.0,56,0.0
10-203-01022,BIHAR,Pashchim Champaran,Bhitaha,0,0,,211,10,1022,,72626.86760213553,166969906.7472905,0.0,0.0,117,0.0
10-203-01013,BIHAR,Pashchim Champaran,Sidhaw,0,0,,211,10,1013,,195582.3602130639,1085337194.6715722,0.0,0.0,781,0.0
10-203-01014,BIHAR,Pashchim Champaran,Ramnagar,0,0,,211,10,1014,,230865.78384139363,866139404.2451236,0.0,0.0,621,0.0
10-203-01015,BIHAR,Pashchim Champaran,Gaunaha,0,0,,211,10,1015,,136504.94021895694,605322845.3823951,0.0,0.0,441,0.0
10-203-01016,BIHAR,Pashchim Champaran,Mainatanr,0,0,,211,10,1016,,115419.13930249632,312998546.4010918,0.0,0.0,221,0.0
10-203-01017,BIHAR,Pashchim Champaran,Narkatiaganj,0,0,,211,10,1017,,149144.20649331805,441857686.2127825,0.0,0.0,314,0.0
10-203-01018,BIHAR,Pashchim Champaran,Lauriya,0,0,,211,10,1018,,120853.32018665274,255440417.54612216,0.0,0.0,183,0.0
10-203-01019,BIHAR,Pashchim Champaran,Bagaha,0,0,,211,10,1019,,135587.24079810514,491292931.53180623,0.0,0.0,352,0.0
10-203-01021,BIHAR,Pashchim Champaran,Madhubani,0,0,,211,10,1021,,144670.82201821523,386116138.1353823,0.0,0.0,276,0.0
10-203-01024,BIHAR,Pashchim Champaran,Jogapatti,0,0,,211,10,1024,,88530.23644360513,258722436.3759333,0.0,0.0,186,0.0
10-203-01029,BIHAR,Pashchim Champaran,Bairia,0,0,,211,10,1029,,105039.82861382668,288505226.87341565,0.0,0.0,208,0.0
10-203-01025,BIHAR,Pashchim Champaran,Chanpatia,0,0,,211,10,1025,,113543.7602983494,310017349.34780717,0.0,0.0,226,0.0
10-206-01071,BIHAR,Sitamarhi,Parsauni,0,0,,221,10,1071,,63729.135625112256,74724139.64418457,0.0,0.0,55,0.0
10-203-01026,BIHAR,Pashchim Champaran,Sikta,0,0,,211,10,1026,,93443.22825707054,255004178.86147365,0.0,0.0,183,0.0
10-203-01027,BIHAR,Pashchim Champaran,Majhaulia,0,0,,211,10,1027,,123374.4030721297,371511179.15939575,0.0,0.0,265,0.0
10-203-01028,BIHAR,Pashchim Champaran,Bettiah,0,0,,211,10,1028,,53968.26030594324,83182055.35378212,0.0,0.0,59,0.0
10-203-01030,BIHAR,Pashchim Champaran,Nautan,0,0,,211,10,1030,,122656.63983711715,245738630.13883996,0.0,0.0,171,0.0
10-204-01031,BIHAR,Purbi Champaran,Raxaul,0,0,,213,10,1031,,98709.78801801558,166685360.13968688,0.0,0.0,124,0.0
10-206-01072,BIHAR,Sitamarhi,Belsand,0,0,,221,10,1072,,66235.5873217276,97354060.86547032,0.0,0.0,70,0.0
10-206-01073,BIHAR,Sitamarhi,Runisaidpur,0,0,,221,10,1073,,152472.54206325076,334873257.0825382,0.0,0.0,243,0.0
10-204-01032,BIHAR,Purbi Champaran,Adapur,0,0,,213,10,1032,,94532.37688292323,199608924.7111849,0.0,0.0,148,0.0
10-206-01074,BIHAR,Sitamarhi,Dumra,0,0,,221,10,1074,,111649.34177378344,241159212.36062923,0.0,0.0,178,0.0
10-204-01033,BIHAR,Purbi Champaran,Ramgarhwa,0,0,,213,10,1033,,90718.26831189607,213035907.5226096,0.0,0.0,154,0.0
10-204-01034,BIHAR,Purbi Champaran,Sugauli,0,0,,213,10,1034,,84892.41923436844,209336830.19001696,0.0,0.0,149,0.0
10-204-01038,BIHAR,Purbi Champaran,Ghorasahan,0,0,,213,10,1038,,75335.10865687576,144368243.47105,0.0,0.0,104,0.0
10-204-01035,BIHAR,Purbi Champaran,Banjaria,0,0,,213,10,1035,,102381.40449613356,176960195.87167916,0.0,0.0,124,0.0
10-204-01047,BIHAR,Purbi Champaran,Kesaria,0,0,,213,10,1047,,87546.8206889307,229535442.11688668,0.0,0.0,168,0.0
10-204-01036,BIHAR,Purbi Champaran,Narkatia,0,0,,213,10,1036,,105607.09704406632,168338010.30978012,0.0,0.0,120,0.0
10-204-01037,BIHAR,Purbi Champaran,Bankatwa,0,0,,213,10,1037,,99233.37216886049,115311013.90225838,0.0,0.0,82,0.0
10-204-01039,BIHAR,Purbi Champaran,Dhaka,0,0,,213,10,1039,,97673.73467814895,202386545.86227983,0.0,0.0,145,0.0
10-204-01048,BIHAR,Purbi Champaran,Kalyanpur,0,0,,213,10,1048,,109413.20044555076,313300912.50613195,0.0,0.0,230,0.0
10-204-01040,BIHAR,Purbi Champaran,Chiraia,0,0,,213,10,1040,,110764.71696779084,272984575.32652414,0.0,0.0,199,0.0
10-204-01041,BIHAR,Purbi Champaran,Motihari,0,0,,213,10,1041,,181544.26702654368,319814691.13850176,0.0,0.0,241,0.0
10-204-01049,BIHAR,Purbi Champaran,Kotwa,0,0,,213,10,1049,,78879.98205471091,178282937.71225017,0.0,0.0,126,0.0
10-204-01042,BIHAR,Purbi Champaran,Turkaulia,0,0,,213,10,1042,,99475.78497366334,174748315.94966665,0.0,0.0,130,0.0
10-204-01050,BIHAR,Purbi Champaran,Piprakothi,0,0,,213,10,1050,,58369.33889310607,62223774.49301849,0.0,0.0,45,0.0
10-204-01043,BIHAR,Purbi Champaran,Harsidhi,0,0,,213,10,1043,,133904.34238337883,240218359.62130272,0.0,0.0,173,0.0
10-204-01044,BIHAR,Purbi Champaran,Paharpur,0,0,,213,10,1044,,108730.62076802726,192061375.0173064,0.0,0.0,144,0.0
10-204-01045,BIHAR,Purbi Champaran,Areraj,0,0,,213,10,1045,,93331.67353690567,242725576.26244012,0.0,0.0,174,0.0
10-204-01046,BIHAR,Purbi Champaran,Sangrampur,0,0,,213,10,1046,,78133.67961210197,187659878.02718252,0.0,0.0,133,0.0
10-204-01051,BIHAR,Purbi Champaran,Chakia(Pipra),0,0,,213,10,1051,,129110.66914194856,212940547.80779588,0.0,0.0,145,0.0
10-204-01052,BIHAR,Purbi Champaran,Pakri Dayal,0,0,,213,10,1052,,90143.40730437863,148110040.62869397,0.0,0.0,106,0.0
10-204-01053,BIHAR,Purbi Champaran,Patahi,0,0,,213,10,1053,,85994.51677214028,144960443.14880535,0.0,0.0,100,0.0
10-204-01055,BIHAR,Purbi Champaran,Madhuban,0,0,,213,10,1055,,112681.00006095257,152424272.44650427,0.0,0.0,114,0.0
10-204-01056,BIHAR,Purbi Champaran,Tetaria,0,0,,213,10,1056,,82320.72754353678,104458405.63845472,0.0,0.0,74,0.0
10-205-01058,BIHAR,Sheohar,Purnahiya,0,0,,220,10,1058,,57294.126150412616,80859097.14068061,0.0,0.0,59,0.0
10-204-01057,BIHAR,Purbi Champaran,Mehsi,0,0,,213,10,1057,,125063.78039343117,149773808.08158112,0.0,0.0,108,0.0
10-205-01059,BIHAR,Sheohar,Piprarhi,0,0,,220,10,1059,,105870.45511307275,104265216.9562483,0.0,0.0,77,0.0
10-205-01060,BIHAR,Sheohar,Sheohar,0,0,,220,10,1060,,81007.5322908237,115638983.35873616,0.0,0.0,83,0.0
10-205-01061,BIHAR,Sheohar,Dumri Katsari,0,0,,220,10,1061,,65038.65439014734,84655470.24819931,0.0,0.0,59,0.0
10-205-01062,BIHAR,Sheohar,Tariani Chowk,0,0,,220,10,1062,,97491.22869259815,171878914.60720828,0.0,0.0,126,0.0
10-206-01063,BIHAR,Sitamarhi,Bairgania,0,0,,221,10,1063,,59598.621146511534,94417571.99630062,0.0,0.0,70,0.0
10-206-01065,BIHAR,Sitamarhi,Majorganj,0,0,,221,10,1065,,62808.55729710282,95411217.42446172,0.0,0.0,68,0.0
10-206-01066,BIHAR,Sitamarhi,Sonbarsa,0,0,,221,10,1066,,92820.94699371175,224104085.6083578,0.0,0.0,155,0.0
10-206-01067,BIHAR,Sitamarhi,Parihar,0,0,,221,10,1067,,86838.20299610356,272812569.4060281,0.0,0.0,197,0.0
10-207-01095,BIHAR,Madhubani,Rajnagar,0,0,,206,10,1095,,78809.12744912357,223111125.2667772,0.0,0.0,158,0.0
10-206-01068,BIHAR,Sitamarhi,Sursand,0,0,,221,10,1068,,91215.71647520129,181412871.1123928,0.0,0.0,134,0.0
10-206-01069,BIHAR,Sitamarhi,Bathnaha,0,0,,221,10,1069,,120764.04051803834,251403523.12922087,0.0,0.0,185,0.0
10-206-01070,BIHAR,Sitamarhi,Riga,0,0,,221,10,1070,,129433.73210860479,163724219.02092636,0.0,0.0,114,0.0
10-210-01123,BIHAR,Kishanganj,Thakurganj,0,0,,203,10,1123,,224971.2940646554,491161543.46963537,0.0,0.0,353,0.0
10-210-01124,BIHAR,Kishanganj,Pothia,0,0,,203,10,1124,,167388.9118766352,443844792.4531903,0.0,0.0,321,0.0
10-210-01125,BIHAR,Kishanganj,Bahadurganj,0,0,,203,10,1125,,155296.13881782343,347494200.8377232,0.0,0.0,251,0.0
10-210-01126,BIHAR,Kishanganj,Kochadhamin,0,0,,203,10,1126,,139640.52665725534,360840233.8364798,0.0,0.0,258,0.0
10-211-01128,BIHAR,Purnia,Banmankhi,0,0,,214,10,1128,,142815.61519736593,459936087.34673214,0.0,0.0,333,0.0
10-206-01075,BIHAR,Sitamarhi,Bajpatti,0,0,,221,10,1075,,90407.29439213518,174303329.1783474,0.0,0.0,125,0.0
10-206-01076,BIHAR,Sitamarhi,Charaut,0,0,,221,10,1076,,85128.15752493152,91349700.81924292,0.0,0.0,62,0.0
10-206-01077,BIHAR,Sitamarhi,Pupri,0,0,,221,10,1077,,73992.24203369493,115338203.66308306,0.0,0.0,82,0.0
10-206-01078,BIHAR,Sitamarhi,Nanpur,0,0,,221,10,1078,,73315.01223618646,135892566.9983101,0.0,0.0,100,0.0
10-220-01283,BIHAR,Vaishali,Mahnar,0,0,,224,10,1283,,81638.1139853176,126474580.44313861,0.0,0.0,89,0.0
10-206-01079,BIHAR,Sitamarhi,Bokhara,0,0,,221,10,1079,,81978.13188098712,108574895.39827529,0.0,0.0,79,0.0
10-207-01080,BIHAR,Madhubani,Madhwapur,0,0,,206,10,1080,,88808.76172423853,137557654.90878707,0.0,0.0,103,0.0
10-207-01081,BIHAR,Madhubani,Harlakhi,0,0,,206,10,1081,,90217.76640094945,187441757.00046396,0.0,0.0,138,0.0
10-207-01082,BIHAR,Madhubani,Basopatti,0,0,,206,10,1082,,97634.90682970545,164238774.4639331,0.0,0.0,122,0.0
10-207-01089,BIHAR,Madhubani,Khajauli,0,0,,206,10,1089,,91171.28062794723,150968724.81279027,0.0,0.0,108,0.0
10-207-01083,BIHAR,Madhubani,Jainagar,0,0,,206,10,1083,,81489.61423509955,161880108.8306139,0.0,0.0,115,0.0
10-207-01090,BIHAR,Madhubani,Kaluahi,0,0,,206,10,1090,,62305.281593423286,101560283.08963235,0.0,0.0,75,0.0
10-207-01084,BIHAR,Madhubani,Ladania,0,0,,206,10,1084,,97928.14946240213,232665607.5684243,0.0,0.0,164,0.0
10-207-01085,BIHAR,Madhubani,Laukaha,0,0,,206,10,1085,,102032.19667129294,266340932.00179368,0.0,0.0,197,0.0
10-207-01086,BIHAR,Madhubani,Laukahi,0,0,,206,10,1086,,109679.24973352649,329223432.564553,0.0,0.0,237,0.0
10-207-01087,BIHAR,Madhubani,Phulparas,0,0,,206,10,1087,,117974.41186319289,199352334.8677591,0.0,0.0,140,0.0
10-207-01088,BIHAR,Madhubani,Babubarhi,0,0,,206,10,1088,,118996.04641992833,237192379.86086744,0.0,0.0,174,0.0
10-207-01091,BIHAR,Madhubani,Benipatti,0,0,,206,10,1091,,128414.2409747215,328987645.9449377,0.0,0.0,231,0.0
10-207-01092,BIHAR,Madhubani,Bisfi,0,0,,206,10,1092,,99754.46134559005,226192948.413646,0.0,0.0,165,0.0
10-207-01093,BIHAR,Madhubani,Madhubani,0,0,,206,10,1093,,109764.71764889831,200359220.56727448,0.0,0.0,142,0.0
10-207-01094,BIHAR,Madhubani,Pandaul,0,0,,206,10,1094,,102372.75527307783,208327489.63825428,0.0,0.0,148,0.0
10-207-01096,BIHAR,Madhubani,Andhratharhi,0,0,,206,10,1096,,97300.5167595078,186769445.10608673,0.0,0.0,134,0.0
10-207-01097,BIHAR,Madhubani,Jhanjharpur,0,0,,206,10,1097,,125261.96837896874,181284371.95402232,0.0,0.0,132,0.0
10-207-01098,BIHAR,Madhubani,Ghoghardiha,0,0,,206,10,1098,,114215.40677637524,211228851.4219488,0.0,0.0,159,0.0
10-207-01099,BIHAR,Madhubani,Lakhnaur,0,0,,206,10,1099,,72956.74167609161,146945623.14022,0.0,0.0,110,0.0
10-207-01100,BIHAR,Madhubani,Madhepur,0,0,,206,10,1100,,144505.38034518834,300452948.5687113,0.0,0.0,212,0.0
10-208-01101,BIHAR,Supaul,Nirmali,0,0,,223,10,1101,,123310.21889922836,162734364.67066902,0.0,0.0,118,0.0
10-208-01102,BIHAR,Supaul,Basantpur,0,0,,223,10,1102,,136288.63693043106,319456339.75100917,0.0,0.0,228,0.0
10-208-01103,BIHAR,Supaul,Chhatapur,0,0,,223,10,1103,,142271.17176584958,398825687.2446475,0.0,0.0,285,0.0
10-208-01104,BIHAR,Supaul,Pratapganj,0,0,,223,10,1104,,71155.69013184242,133032565.19323792,0.0,0.0,97,0.0
10-208-01105,BIHAR,Supaul,Raghopur,0,0,,223,10,1105,,111831.20983491397,255841046.48838165,0.0,0.0,187,0.0
10-221-01285,BIHAR,Samastipur,Warisnagar,0,0,,217,10,1285,,90241.30323013186,163846086.5162723,0.0,0.0,120,0.0
10-208-01106,BIHAR,Supaul,Saraigarh Bhaptiyahi,0,0,,223,10,1106,,105489.5116383213,257042943.27229512,0.0,0.0,189,0.0
10-208-01107,BIHAR,Supaul,Kishanpur,0,0,,223,10,1107,,125516.73810076228,248613546.3002807,0.0,0.0,177,0.0
10-208-01108,BIHAR,Supaul,Marauna,0,0,,223,10,1108,,114969.59778192453,206419565.01179272,0.0,0.0,149,0.0
10-208-01109,BIHAR,Supaul,Supaul,0,0,,223,10,1109,,122628.008173687,390920691.5720901,0.0,0.0,287,0.0
10-208-01110,BIHAR,Supaul,Pipra,0,0,,223,10,1110,,113516.78657800167,247320462.25611627,0.0,0.0,181,0.0
10-221-01287,BIHAR,Samastipur,Khanpur,0,0,,217,10,1287,,89337.20668890505,173313349.37261373,0.0,0.0,127,0.0
10-208-01111,BIHAR,Supaul,Tribeniganj,0,0,,223,10,1111,,136684.8917573132,402291551.99740016,0.0,0.0,290,0.0
10-209-01112,BIHAR,Araria,Narpatganj,0,0,,188,10,1112,,196352.82868709194,482872068.7863751,0.0,0.0,351,0.0
10-209-01113,BIHAR,Araria,Forbesganj,0,0,,188,10,1113,,165874.55860340688,546946456.996027,0.0,0.0,392,0.0
10-209-01114,BIHAR,Araria,Bhargama,0,0,,188,10,1114,,140909.75235341018,280499778.1128878,0.0,0.0,206,0.0
10-209-01115,BIHAR,Araria,Raniganj,0,0,,188,10,1115,,160625.61646677545,576910744.770993,0.0,0.0,418,0.0
10-209-01116,BIHAR,Araria,Araria,0,0,,188,10,1116,,192057.15187743204,506918787.2643526,0.0,0.0,371,0.0
10-209-01117,BIHAR,Araria,Kursakatta,0,0,,188,10,1117,,96566.38525637137,201032230.408231,0.0,0.0,147,0.0
10-209-01118,BIHAR,Araria,Sikti,0,0,,188,10,1118,,116798.35346995249,237753016.2819182,0.0,0.0,177,0.0
10-209-01119,BIHAR,Araria,Palasi,0,0,,188,10,1119,,132578.70192307016,306240761.34804773,0.0,0.0,222,0.0
10-209-01120,BIHAR,Araria,Jokihat,0,0,,188,10,1120,,155370.9524619173,341005127.7602247,0.0,0.0,246,0.0
10-210-01121,BIHAR,Kishanganj,Terhagachh,0,0,,203,10,1121,,121953.02658094271,245208326.38245347,0.0,0.0,175,0.0
10-210-01122,BIHAR,Kishanganj,Dighalbank,0,0,,203,10,1122,,147432.83262190674,314385668.4331173,0.0,0.0,224,0.0
10-211-01129,BIHAR,Purnia,Barhara,0,0,,214,10,1129,,111073.17449432175,288009141.38478667,0.0,0.0,212,0.0
10-211-01130,BIHAR,Purnia,Bhawanipur,0,0,,214,10,1130,,116656.34435182877,201938838.4795833,0.0,0.0,147,0.0
10-211-01131,BIHAR,Purnia,Rupauli,0,0,,214,10,1131,,113946.660566684,308195114.8462847,0.0,0.0,227,0.0
10-211-01132,BIHAR,Purnia,Dhamdaha,0,0,,214,10,1132,,135370.01293426772,446856166.039676,0.0,0.0,326,0.0
10-211-01133,BIHAR,Purnia,Krityanand Nagar,0,0,,214,10,1133,,149407.41850079046,364443041.21247435,0.0,0.0,274,0.0
10-211-01134,BIHAR,Purnia,Purnia East,0,0,,214,10,1134,,127662.13358515713,309272824.56310594,0.0,0.0,228,0.0
10-211-01135,BIHAR,Purnia,Kasba,0,0,,214,10,1135,,130095.64608516233,215123054.3424731,0.0,0.0,154,0.0
10-211-01136,BIHAR,Purnia,Srinagar,0,0,,214,10,1136,,106220.57404900706,172405807.6412187,0.0,0.0,122,0.0
10-211-01137,BIHAR,Purnia,Jalalgarh,0,0,,214,10,1137,,87146.39992638786,142107808.6772385,0.0,0.0,102,0.0
10-211-01138,BIHAR,Purnia,Amour,0,0,,214,10,1138,,141371.93624621196,307011870.96961224,0.0,0.0,225,0.0
10-211-01139,BIHAR,Purnia,Baisa,0,0,,214,10,1139,,132173.35304950457,275191667.549805,0.0,0.0,197,0.0
10-211-01140,BIHAR,Purnia,Baisi,0,0,,214,10,1140,,118169.54825440844,253873549.02719215,0.0,0.0,187,0.0
10-211-01141,BIHAR,Purnia,Dagarua,0,0,,214,10,1141,,129309.28146976323,257465778.6329552,0.0,0.0,180,0.0
10-212-01142,BIHAR,Katihar,Falka,0,0,,201,10,1142,,100518.70580952488,208374539.8829749,0.0,0.0,150,0.0
10-212-01143,BIHAR,Katihar,Korha,0,0,,201,10,1143,,137118.64195203967,368801327.90483874,0.0,0.0,273,0.0
10-212-01144,BIHAR,Katihar,Hasanganj,0,0,,201,10,1144,,78227.29832785497,86155111.41022065,0.0,0.0,62,0.0
10-212-01145,BIHAR,Katihar,Kadwa,0,0,,201,10,1145,,157692.68144088247,420129854.10490626,0.0,0.0,307,0.0
10-212-01146,BIHAR,Katihar,Balrampur,0,0,,201,10,1146,,141815.18317465586,216253207.31133217,0.0,0.0,151,0.0
10-212-01147,BIHAR,Katihar,Barsoi,0,0,,201,10,1147,,172308.8160052511,357713388.6445612,0.0,0.0,261,0.0
10-212-01148,BIHAR,Katihar,Azamnagar,0,0,,201,10,1148,,141791.77759222616,349759708.1212404,0.0,0.0,253,0.0
10-221-01290,BIHAR,Samastipur,Tajpur,0,0,,217,10,1290,,57166.77792153786,83856612.1105223,0.0,0.0,61,0.0
10-212-01149,BIHAR,Katihar,Pranpur,0,0,,201,10,1149,,111803.70370561493,191475637.62126103,0.0,0.0,141,0.0
10-212-01150,BIHAR,Katihar,Dandkhora,0,0,,201,10,1150,,70987.07501110679,111201189.06340708,0.0,0.0,81,0.0
10-212-01151,BIHAR,Katihar,Katihar,0,0,,201,10,1151,,76845.81968857624,136830037.77828172,0.0,0.0,100,0.0
10-212-01152,BIHAR,Katihar,Mansahi,0,0,,201,10,1152,,73279.06289841712,97405011.1871763,0.0,0.0,73,0.0
10-212-01155,BIHAR,Katihar,Kursela,0,0,,201,10,1155,,80348.39413748268,153683091.52761996,0.0,0.0,117,0.0
10-212-01153,BIHAR,Katihar,Barari,0,0,,201,10,1153,,107333.93297446336,407446973.1478653,0.0,0.0,292,0.0
10-212-01154,BIHAR,Katihar,Sameli,0,0,,201,10,1154,,75105.36277909,118027198.2496544,0.0,0.0,81,0.0
10-212-01156,BIHAR,Katihar,Manihari,0,0,,201,10,1156,,130162.81635074862,303859830.4099729,0.0,0.0,221,0.0
10-212-01157,BIHAR,Katihar,Amdabad,0,0,,201,10,1157,,103742.71814675455,228302986.79665467,0.0,0.0,164,0.0
10-213-01158,BIHAR,Madhepura,Gamharia,0,0,,205,10,1158,,80141.00377515821,125479849.27382244,0.0,0.0,89,0.0
10-213-01160,BIHAR,Madhepura,Ghailarh,0,0,,205,10,1160,,78865.70647224285,116219722.2388165,0.0,0.0,83,0.0
10-213-01159,BIHAR,Madhepura,Singheshwar,0,0,,205,10,1159,,111627.30849980874,111167268.35246354,0.0,0.0,78,0.0
10-216-01210,BIHAR,Muzaffarpur,Bandra,0,0,,208,10,1210,,74293.85759884378,142020443.31484023,0.0,0.0,103,0.0
10-213-01161,BIHAR,Madhepura,Madhepura,0,0,,205,10,1161,,115084.47931226583,237801277.85767865,0.0,0.0,175,0.0
10-213-01162,BIHAR,Madhepura,Shankarpur,0,0,,205,10,1162,,63984.56408470212,128790837.874554,0.0,0.0,94,0.0
10-213-01163,BIHAR,Madhepura,Kumarkhand,0,0,,205,10,1163,,118191.24796123093,316976886.68211347,0.0,0.0,230,0.0
10-213-01164,BIHAR,Madhepura,Murliganj,0,0,,205,10,1164,,94211.11378994165,247086114.21145928,0.0,0.0,179,0.0
10-221-01293,BIHAR,Samastipur,Mohanpur,0,0,,217,10,1293,,74468.46489139357,163000016.77407515,0.0,0.0,120,0.0
10-213-01165,BIHAR,Madhepura,Gwalpara,0,0,,205,10,1165,,78037.2495556277,147267353.58482873,0.0,0.0,109,0.0
10-214-01172,BIHAR,Saharsa,Satar Kataiya,0,0,,216,10,1172,,77878.75925155886,177382280.64763528,0.0,0.0,130,0.0
10-213-01166,BIHAR,Madhepura,Bihariganj,0,0,,205,10,1166,,79669.40805645821,133818744.70956944,0.0,0.0,98,0.0
10-216-01211,BIHAR,Muzaffarpur,Dholi (Moraul),0,0,,208,10,1211,,63030.361633940505,73298422.6275262,0.0,0.0,50,0.0
10-213-01167,BIHAR,Madhepura,Kishanganj,0,0,,205,10,1167,,99817.47531025465,188055937.5971522,0.0,0.0,133,0.0
10-216-01212,BIHAR,Muzaffarpur,Musahri,0,0,,208,10,1212,,211487.75457487197,365415439.5943066,0.0,0.0,267,0.0
10-213-01168,BIHAR,Madhepura,Puraini,0,0,,205,10,1168,,63416.842365887525,103114850.3546553,0.0,0.0,76,0.0
10-214-01174,BIHAR,Saharsa,Kahara,0,0,,216,10,1174,,81070.16203244023,176788302.3737116,0.0,0.0,128,0.0
10-213-01169,BIHAR,Madhepura,Alamnagar,0,0,,205,10,1169,,94357.42058114092,211989804.11375904,0.0,0.0,151,0.0
10-213-01170,BIHAR,Madhepura,Chausa,0,0,,205,10,1170,,87285.75133964,172516848.53860697,0.0,0.0,124,0.0
10-214-01171,BIHAR,Saharsa,Nauhatta,0,0,,216,10,1171,,93228.84620468391,212763144.21707585,0.0,0.0,151,0.0
10-217-01227,BIHAR,Gopalganj,Sidhwalia,0,0,,197,10,1227,,69457.48217743407,152022198.31601515,0.0,0.0,109,0.0
10-214-01173,BIHAR,Saharsa,Mahishi,0,0,,216,10,1173,,106372.46434789852,273075178.2794974,0.0,0.0,195,0.0
10-214-01175,BIHAR,Saharsa,Saur Bazar,0,0,,216,10,1175,,88121.22998090234,233228921.9025612,0.0,0.0,171,0.0
10-214-01176,BIHAR,Saharsa,Patarghat,0,0,,216,10,1176,,67497.21582029684,149681422.04156074,0.0,0.0,105,0.0
10-214-01177,BIHAR,Saharsa,Sonbarsa,0,0,,216,10,1177,,90185.02153799882,263952116.041209,0.0,0.0,193,0.0
10-216-01199,BIHAR,Muzaffarpur,Sahebganj,0,0,,208,10,1199,,80060.99972290538,253055918.70266867,0.0,0.0,189,0.0
10-214-01178,BIHAR,Saharsa,Simri Bakhtiarpur,0,0,,216,10,1178,,119116.35548129058,266466354.66217396,0.0,0.0,194,0.0
10-214-01179,BIHAR,Saharsa,Salkhua,0,0,,216,10,1179,,82412.26684571667,221182533.93573853,0.0,0.0,163,0.0
10-214-01180,BIHAR,Saharsa,Banma Itahri,0,0,,216,10,1180,,54286.501575749484,92822449.4552088,0.0,0.0,68,0.0
10-215-01181,BIHAR,Darbhanga,Jale,0,0,,195,10,1181,,112473.57051363293,234172285.01568127,0.0,0.0,171,0.0
10-215-01182,BIHAR,Darbhanga,Singhwara,0,0,,195,10,1182,,121368.62688362494,223279889.67870736,0.0,0.0,162,0.0
10-215-01183,BIHAR,Darbhanga,Keotiranway,0,0,,195,10,1183,,89515.08566239705,180205403.4644349,0.0,0.0,131,0.0
10-215-01184,BIHAR,Darbhanga,Darbhanga,0,0,,195,10,1184,,131883.04966973627,240721362.1475316,0.0,0.0,174,0.0
10-215-01185,BIHAR,Darbhanga,Manigachhi,0,0,,195,10,1185,,96856.01003306538,158887287.31255177,0.0,0.0,114,0.0
10-215-01186,BIHAR,Darbhanga,Tardih,0,0,,195,10,1186,,96398.42232606321,109520018.96976715,0.0,0.0,79,0.0
10-215-01187,BIHAR,Darbhanga,Alinagar,0,0,,195,10,1187,,105560.56246873255,146523357.5416611,0.0,0.0,105,0.0
10-215-01188,BIHAR,Darbhanga,Benipur,0,0,,195,10,1188,,118482.30854716274,204643530.87647069,0.0,0.0,150,0.0
10-215-01189,BIHAR,Darbhanga,Bahadurpur,0,0,,195,10,1189,,155637.00049509996,221161760.4253616,0.0,0.0,158,0.0
10-215-01190,BIHAR,Darbhanga,Hanumannagar,0,0,,195,10,1190,,114393.83215098479,181536916.32106537,0.0,0.0,130,0.0
10-215-01191,BIHAR,Darbhanga,Hayaghat,0,0,,195,10,1191,,66118.49929402806,108810529.75916524,0.0,0.0,77,0.0
10-215-01192,BIHAR,Darbhanga,Baheri,0,0,,195,10,1192,,128629.1579498372,271307286.95794886,0.0,0.0,195,0.0
10-215-01193,BIHAR,Darbhanga,Biraul,0,0,,195,10,1193,,135706.32971678255,230203939.26841983,0.0,0.0,167,0.0
10-215-01194,BIHAR,Darbhanga,Ghanshyampur,0,0,,195,10,1194,,76766.91373126305,103945643.9979024,0.0,0.0,78,0.0
10-215-01195,BIHAR,Darbhanga,Kiratpur,0,0,,195,10,1195,,78793.19278562842,78915927.53877336,0.0,0.0,60,0.0
10-215-01196,BIHAR,Darbhanga,Gora Bauram,0,0,,195,10,1196,,99804.03366816713,145653476.81698695,0.0,0.0,104,0.0
10-215-01197,BIHAR,Darbhanga,Kusheshwar Asthan,0,0,,195,10,1197,,87220.16498537568,144130520.9401011,0.0,0.0,107,0.0
10-215-01198,BIHAR,Darbhanga,Kusheshwar Asthan Purbi,0,0,,195,10,1198,,91858.86035222423,150084285.43545517,0.0,0.0,112,0.0
10-216-01200,BIHAR,Muzaffarpur,Baruraj (Motipur),0,0,,208,10,1200,,125110.13599018812,365259305.4740948,0.0,0.0,263,0.0
10-216-01201,BIHAR,Muzaffarpur,Paroo,0,0,,208,10,1201,,136934.87791145188,413033977.3448192,0.0,0.0,295,0.0
10-216-01202,BIHAR,Muzaffarpur,Saraiya,0,0,,208,10,1202,,155820.80051537574,301402655.1404849,0.0,0.0,218,0.0
10-216-01203,BIHAR,Muzaffarpur,Marwan,0,0,,208,10,1203,,84959.92762229654,138736310.53842777,0.0,0.0,101,0.0
10-216-01204,BIHAR,Muzaffarpur,Kanti,0,0,,208,10,1204,,97122.90469976026,124757584.36625764,0.0,0.0,91,0.0
10-216-01205,BIHAR,Muzaffarpur,Minapur,0,0,,208,10,1205,,166218.11946715685,316124209.98756105,0.0,0.0,228,0.0
10-216-01206,BIHAR,Muzaffarpur,Bochaha,0,0,,208,10,1206,,126044.68100944142,233148755.94160384,0.0,0.0,167,0.0
10-216-01207,BIHAR,Muzaffarpur,Aurai,0,0,,208,10,1207,,101267.16719990574,247748190.77792475,0.0,0.0,177,0.0
10-216-01208,BIHAR,Muzaffarpur,Katra,0,0,,208,10,1208,,118891.9342746819,235108975.17115793,0.0,0.0,171,0.0
10-216-01209,BIHAR,Muzaffarpur,Gaighat,0,0,,208,10,1209,,111008.49869520529,259762671.68662548,0.0,0.0,191,0.0
10-216-01213,BIHAR,Muzaffarpur,Kurhani,0,0,,208,10,1213,,108106.10574110712,256354911.2077163,0.0,0.0,187,0.0
10-216-01214,BIHAR,Muzaffarpur,Sakra,0,0,,208,10,1214,,105121.4777371614,236360031.18726787,0.0,0.0,175,0.0
10-217-01215,BIHAR,Gopalganj,Katiya,0,0,,197,10,1215,,94755.55253264701,158441587.458013,3.0779526367187505e-05,2.4183913574218756e-05,112,0.0027085983203125005
10-217-01216,BIHAR,Gopalganj,Bijaipur,0,0,,197,10,1216,,81309.59717969262,163112176.36717936,3.0779526367187505e-05,3.0779526367187505e-05,120,0.0036935431640625007
10-217-01217,BIHAR,Gopalganj,Bhorey,0,0,,197,10,1217,,78790.65552761848,196013266.46535653,3.0779526367187505e-05,1.603100331624349e-05,144,0.0023084644775390626
10-217-01218,BIHAR,Gopalganj,Pach Deuri,0,0,,197,10,1218,,53698.212932643866,118295317.11973979,0.0,0.0,85,0.0
10-217-01219,BIHAR,Gopalganj,Kuchaikote,0,0,,197,10,1219,,101077.28158428885,316078491.04748106,0.0,0.0,226,0.0
10-217-01220,BIHAR,Gopalganj,Phulwaria,0,0,,197,10,1220,,81339.22200232239,118763292.85091434,0.0,0.0,89,0.0
10-217-01221,BIHAR,Gopalganj,Hathua,0,0,,197,10,1221,,91546.96202775641,183613061.83342972,1.001828125e-05,6.626264763779528e-06,127,0.0008415356250000001
10-217-01222,BIHAR,Gopalganj,Uchkagaon,0,0,,197,10,1222,,80102.93001981139,142235093.67043933,1.001828125e-05,6.615846108490566e-07,106,7.012796875e-05
10-217-01223,BIHAR,Gopalganj,Thawe,0,0,,197,10,1223,,57244.55575246375,89300191.60424533,1.001828125e-05,1.5653564453125e-07,64,1.001828125e-05
10-217-01224,BIHAR,Gopalganj,Gopalganj,0,0,,197,10,1224,,110313.13172782106,244420793.60160467,0.0,0.0,182,0.0
10-218-01232,BIHAR,Siwan,Goriakothi,0,0,,222,10,1232,,73201.39147651673,174963939.23516312,0.0,0.0,127,0.0
10-217-01225,BIHAR,Gopalganj,Manjha,0,0,,197,10,1225,,80242.78538873792,179389027.9828925,0.0,0.0,131,0.0
10-217-01226,BIHAR,Gopalganj,Barauli,0,0,,197,10,1226,,105754.79057670098,232227972.12586737,0.0,0.0,170,0.0
10-217-01228,BIHAR,Gopalganj,Baikunthpur,0,0,,197,10,1228,,97825.58906166903,256614409.24172768,0.0,0.0,185,0.0
10-218-01229,BIHAR,Siwan,Nautan,0,0,,222,10,1229,,58324.35348563096,81827813.66620097,1.001828125e-05,1.001828125e-05,58,0.0005810603125
10-218-01230,BIHAR,Siwan,Siwan,0,0,,222,10,1230,,92599.06904644772,168879532.28230655,1.001828125e-05,9.16927436440678e-06,118,0.001081974375
10-218-01235,BIHAR,Siwan,Bhagwanpur Hat,0,0,,222,10,1235,,86430.4184146014,189582799.91524476,3.1248715209960938e-06,4.981679236370585e-07,138,6.874717346191407e-05
10-218-01231,BIHAR,Siwan,Barharia,0,0,,222,10,1231,,90315.6629531122,219606934.01516393,1.001828125e-05,1.8784277343750003e-07,160,3.0054843750000004e-05
10-218-01233,BIHAR,Siwan,Lakri Nabiganj,0,0,,222,10,1233,,79648.98713303795,120773104.6039552,0.0,0.0,88,0.0
10-218-01234,BIHAR,Siwan,Basantpur,0,0,,222,10,1234,,57871.378293950496,76675463.02480637,0.0,0.0,56,0.0
10-218-01236,BIHAR,Siwan,Maharajganj,0,0,,222,10,1236,,119387.58843212528,142817377.5161484,3.1248715209960938e-06,1.1832037797946376e-06,103,0.00012186998931884766
10-218-01237,BIHAR,Siwan,Pachrukhi,0,0,,222,10,1237,,99183.2392802834,160709761.40986398,1.001828125e-05,4.281316773504274e-07,117,5.009140625e-05
10-218-01238,BIHAR,Siwan,Hussainganj,0,0,,222,10,1238,,68784.84800107122,105975934.30464326,1.001828125e-05,8.67993282833615e-06,74,0.0006423150292968751
10-218-01239,BIHAR,Siwan,Ziradei,0,0,,222,10,1239,,98825.50869312549,152221780.48504183,1.001828125e-05,9.975732751794766e-06,111,0.001107306335449219
10-218-01240,BIHAR,Siwan,Mairwa,0,0,,222,10,1240,,65279.2242200428,88898123.37504825,1.9060588378906252e-05,1.042929521040483e-05,66,0.0006883334838867188
10-218-01242,BIHAR,Siwan,Darauli,0,0,,222,10,1242,,90305.00161970501,214758375.6239279,1.9060588378906252e-05,9.172798388081214e-06,155,0.001421783750152588
10-218-01241,BIHAR,Siwan,Guthani,0,0,,222,10,1241,,78778.78773845347,115110806.99004474,1.9060588378906252e-05,1.8398956149961892e-05,82,0.0015087144042968753
10-219-01248,BIHAR,Saran,Mashrakh,0,0,,218,10,1248,,82075.7710341599,165898243.02109933,0.0,0.0,121,0.0
10-218-01243,BIHAR,Siwan,Andar,0,0,,222,10,1243,,83358.60866933218,125625010.62434034,1.001828125e-05,5.838258098733838e-06,87,0.0005079284545898439
10-219-01249,BIHAR,Saran,Panapur,0,0,,218,10,1249,,75875.09329534958,182360909.7404776,0.0,0.0,128,0.0
10-218-01244,BIHAR,Siwan,Raghunathpur,0,0,,222,10,1244,,87824.68008836384,193566358.3438411,5.295397949218751e-06,5.2953979492187516e-06,143,0.0007572419067382814
10-219-01250,BIHAR,Saran,Taraiya,0,0,,218,10,1250,,53629.0613522338,97307015.09151264,0.0,0.0,74,0.0
10-218-01245,BIHAR,Siwan,Hasanpura,0,0,,222,10,1245,,82786.09108287447,121956119.03175904,5.295397949218751e-06,3.9761328405621415e-06,87,0.0003459235571289063
10-219-01251,BIHAR,Saran,Ishupur,0,0,,218,10,1251,,62425.60798229613,109300191.56908256,0.0,0.0,76,0.0
10-218-01246,BIHAR,Siwan,Daraundha,0,0,,222,10,1246,,105400.53795370483,157911066.26165873,3.1248715209960938e-06,2.7172795834748644e-06,115,0.0003124871520996094
10-219-01256,BIHAR,Saran,Jalalpur,0,0,,218,10,1256,,65042.73641147566,147549697.72689733,3.1248715209960938e-06,6.885090352904121e-07,106,7.298195774078369e-05
10-218-01247,BIHAR,Siwan,Siswan,0,0,,222,10,1247,,98184.39847010886,155554872.77293277,5.295397949218751e-06,3.7701631618190457e-06,111,0.0004184881109619141
10-219-01259,BIHAR,Saran,Nagra,0,0,,218,10,1259,,43289.948409307304,65110006.46242106,1.664217338562012e-06,7.081775908774519e-07,47,3.328434677124024e-05
10-219-01252,BIHAR,Saran,Baniapur,0,0,,218,10,1252,,89199.8841803021,219417775.87250236,3.1248715209960938e-06,7.668396370542562e-08,163,1.2499486083984375e-05
10-219-01253,BIHAR,Saran,Lahladpur,0,0,,218,10,1253,,49287.19248841685,70233795.44130237,3.1248715209960938e-06,1.6874306213378907e-06,50,8.437153106689453e-05
10-219-01254,BIHAR,Saran,Ekma,0,0,,218,10,1254,,99716.17236158185,176114988.01319405,3.1248715209960938e-06,3.124871520996094e-06,128,0.00039998355468750006
10-219-01255,BIHAR,Saran,Manjhi,0,0,,218,10,1255,,127085.43562979231,244607530.98349065,3.1248715209960938e-06,2.8192593400743273e-06,180,0.0005074666812133789
10-219-01257,BIHAR,Saran,Revelganj,0,0,,218,10,1257,,84877.1419542779,179359801.45379385,1.827738494873047e-06,1.6772990310668948e-06,125,0.00020966237888336186
10-219-01258,BIHAR,Saran,Chapra,0,0,,218,10,1258,,119729.94798472138,239470568.44351175,1.664217338562012e-06,1.5602037549018863e-06,176,0.000274595860862732
10-219-01260,BIHAR,Saran,Marhaura,0,0,,218,10,1260,,87240.95030017926,190752130.05196184,1.664217338562012e-06,4.859028725728502e-08,137,6.656869354248048e-06
10-219-01261,BIHAR,Saran,Amnour,0,0,,218,10,1261,,94922.90618840617,160109081.4065653,1.664217338562012e-06,2.8207073534949355e-08,118,3.328434677124024e-06
10-219-01263,BIHAR,Saran,Parsa,0,0,,218,10,1263,,85595.91054800974,122749042.93573296,0.0,0.0,88,0.0
10-219-01266,BIHAR,Saran,Dighwara,0,0,,218,10,1266,,81943.45164265168,101347015.6655549,0.0,0.0,72,0.0
10-219-01264,BIHAR,Saran,Dariapur,0,0,,218,10,1264,,115477.27251924115,281302380.67878103,0.0,0.0,202,0.0
10-219-01265,BIHAR,Saran,Garkha,0,0,,218,10,1265,,90147.74693968748,213336409.9887166,1.664217338562012e-06,8.537218814701229e-07,154,0.00013147316974639894
10-220-01269,BIHAR,Vaishali,Paterhi Belsar,0,0,,224,10,1269,,56227.36197278124,93522597.26160131,0.0,0.0,69,0.0
10-219-01267,BIHAR,Saran,Sonepur,0,0,,218,10,1267,,70412.64000247594,214865144.18564072,0.0,0.0,162,0.0
10-220-01268,BIHAR,Vaishali,Vaishali,0,0,,224,10,1268,,72706.90824879723,158663399.21103516,0.0,0.0,114,0.0
10-220-01270,BIHAR,Vaishali,Lalganj,0,0,,224,10,1270,,89595.71916906572,184177988.41986412,0.0,0.0,133,0.0
10-221-01294,BIHAR,Samastipur,Mohiuddinagar,0,0,,217,10,1294,,80607.53716768604,178536106.2701614,0.0,0.0,130,0.0
10-220-01271,BIHAR,Vaishali,Bhagwanpur,0,0,,224,10,1271,,98965.72708266653,142473218.81446454,0.0,0.0,102,0.0
10-220-01272,BIHAR,Vaishali,Goraul,0,0,,224,10,1272,,101989.77906286377,122446101.92943335,0.0,0.0,87,0.0
10-220-01273,BIHAR,Vaishali,Chehra Kalan,0,0,,224,10,1273,,63204.34388206024,89818122.94593617,0.0,0.0,66,0.0
10-220-01277,BIHAR,Vaishali,Raja Pakar,0,0,,224,10,1277,,58946.08844196175,93673217.82917874,0.0,0.0,72,0.0
10-220-01274,BIHAR,Vaishali,Patepur,0,0,,224,10,1274,,118180.33822078991,317029999.71255994,0.0,0.0,234,0.0
10-220-01275,BIHAR,Vaishali,Mahua,0,0,,224,10,1275,,86273.82517515696,171155586.12447235,0.0,0.0,125,0.0
10-220-01276,BIHAR,Vaishali,Jandaha,0,0,,224,10,1276,,99044.76663725945,179891527.10359335,0.0,0.0,128,0.0
10-220-01278,BIHAR,Vaishali,Hajipur,0,0,,224,10,1278,,80048.24731377292,194916759.16986817,0.0,0.0,140,0.0
10-220-01280,BIHAR,Vaishali,Bidupur,0,0,,224,10,1280,,88122.3198685409,139375575.9420912,0.0,0.0,99,0.0
10-220-01279,BIHAR,Vaishali,Raghopur,0,0,,224,10,1279,,128641.49950069311,338499790.0832371,0.0,0.0,246,0.0
10-220-01281,BIHAR,Vaishali,Desri,0,0,,224,10,1281,,50183.809114488824,56627949.53624974,0.0,0.0,43,0.0
10-221-01284,BIHAR,Samastipur,Kalyanpur,0,0,,217,10,1284,,147387.26660455638,294821482.9966942,0.0,0.0,214,0.0
10-221-01286,BIHAR,Samastipur,Shivaji Nagar,0,0,,217,10,1286,,96209.25031894707,172333979.18990555,0.0,0.0,130,0.0
10-221-01288,BIHAR,Samastipur,Samastipur,0,0,,217,10,1288,,112474.97484539819,170577777.20953664,0.0,0.0,123,0.0
10-221-01289,BIHAR,Samastipur,Pusa,0,0,,217,10,1289,,64081.7615729533,95008289.7510354,0.0,0.0,65,0.0
10-221-01291,BIHAR,Samastipur,Morwa,0,0,,217,10,1291,,104551.97847793197,152111293.7773472,0.0,0.0,106,0.0
10-221-01292,BIHAR,Samastipur,Patori,0,0,,217,10,1292,,69422.25062895294,130638318.44440164,0.0,0.0,93,0.0
10-221-01295,BIHAR,Samastipur,Sarairanjan,0,0,,217,10,1295,,96463.23467310029,185572344.2706523,0.0,0.0,145,0.0
10-221-01296,BIHAR,Samastipur,Vidyapati Nagar,0,0,,217,10,1296,,62930.2690484309,106322816.42401849,0.0,0.0,75,0.0
10-221-01297,BIHAR,Samastipur,Dalsinghsarai,0,0,,217,10,1297,,80515.23552986495,118201268.21451648,0.0,0.0,89,0.0
10-221-01298,BIHAR,Samastipur,Ujiarpur,0,0,,217,10,1298,,81756.09445970641,209497824.1015558,0.0,0.0,149,0.0
10-221-01300,BIHAR,Samastipur,Rosera,0,0,,217,10,1300,,84599.34785899956,138535375.895554,0.0,0.0,97,0.0
10-221-01299,BIHAR,Samastipur,Bibhutpur,0,0,,217,10,1299,,96600.53522783429,258332531.194082,0.0,0.0,187,0.0
10-221-01301,BIHAR,Samastipur,Singhia,0,0,,217,10,1301,,76055.88015393679,178639507.67998633,0.0,0.0,128,0.0
10-222-01307,BIHAR,Begusarai,Cheria Bariarpur,0,0,,191,10,1307,,80422.0696045629,127840547.1243011,0.0,0.0,89,0.0
10-221-01302,BIHAR,Samastipur,Hasanpur,0,0,,217,10,1302,,122795.93417076243,188091095.39019313,0.0,0.0,138,0.0
10-221-01303,BIHAR,Samastipur,Bithan,0,0,,217,10,1303,,72838.55780104545,149849875.79630712,0.0,0.0,109,0.0
10-222-01304,BIHAR,Begusarai,Khudabandpur,0,0,,191,10,1304,,49522.71992212785,59617610.47663844,0.0,0.0,39,0.0
10-222-01305,BIHAR,Begusarai,Chhorahi,0,0,,191,10,1305,,96201.09768359947,128309829.49376953,0.0,0.0,94,0.0
10-222-01306,BIHAR,Begusarai,Garhpura,0,0,,191,10,1306,,69581.28073662621,88651595.91159394,0.0,0.0,68,0.0
10-222-01308,BIHAR,Begusarai,Bhagwanpur,0,0,,191,10,1308,,102620.52088176137,147276258.21886113,0.0,0.0,106,0.0
10-223-01324,BIHAR,Khagaria,Mansi,0,0,,202,10,1324,,70720.37786012898,86151878.56106131,0.0,0.0,69,0.0
10-222-01309,BIHAR,Begusarai,Mansurchak,0,0,,191,10,1309,,55538.61039021854,42158333.283958256,0.0,0.0,31,0.0
10-224-01333,BIHAR,Bhagalpur,Rangra Chowk,0,0,,192,10,1333,,56200.86409227388,97946271.45940188,0.0,0.0,71,0.0
10-222-01310,BIHAR,Begusarai,Bachhwara,0,0,,191,10,1310,,112893.55520851951,186501763.14040864,0.0,0.0,138,0.0
10-222-01311,BIHAR,Begusarai,Teghra,0,0,,191,10,1311,,93442.93751421869,180050069.66821858,0.0,0.0,129,0.0
10-222-01312,BIHAR,Begusarai,Barauni,0,0,,191,10,1312,,90573.71511882372,141812926.41245717,0.0,0.0,102,0.0
10-222-01313,BIHAR,Begusarai,Birpur,0,0,,191,10,1313,,69057.86510087451,64693086.30641256,0.0,0.0,53,0.0
10-222-01314,BIHAR,Begusarai,Begusarai,0,0,,191,10,1314,,114572.02827886646,273941103.5239774,0.0,0.0,200,0.0
10-222-01315,BIHAR,Begusarai,Naokothi,0,0,,191,10,1315,,61794.845266753924,91575422.87048158,0.0,0.0,64,0.0
10-222-01316,BIHAR,Begusarai,Bakhri,0,0,,191,10,1316,,74902.13049058078,94921186.04856166,0.0,0.0,66,0.0
10-222-01317,BIHAR,Begusarai,Dandari,0,0,,191,10,1317,,77075.31892237118,85364223.36403492,0.0,0.0,65,0.0
10-222-01318,BIHAR,Begusarai,Sahebpur Kamal,0,0,,191,10,1318,,97820.3506924087,179327758.1582562,0.0,0.0,131,0.0
10-222-01319,BIHAR,Begusarai,Balia,0,0,,191,10,1319,,95726.56851828664,181873531.04775092,0.0,0.0,133,0.0
10-222-01320,BIHAR,Begusarai,Matihani,0,0,,191,10,1320,,104199.58891726227,214311339.790948,0.0,0.0,157,0.0
10-222-01321,BIHAR,Begusarai,Shamho Akha Kurha,0,0,,191,10,1321,,47884.70174269599,82130306.58899558,0.0,0.0,58,0.0
10-223-01322,BIHAR,Khagaria,Alauli,0,0,,202,10,1322,,117176.16085281859,337532903.06560946,0.0,0.0,244,0.0
10-223-01323,BIHAR,Khagaria,Khagaria,0,0,,202,10,1323,,164255.4907534744,325761754.1557925,0.0,0.0,229,0.0
10-223-01325,BIHAR,Khagaria,Chautham,0,0,,202,10,1325,,88833.5659059585,205164632.7891582,0.0,0.0,148,0.0
10-228-01376,BIHAR,Sheikhpura,Chewara,0,0,,219,10,1376,,77279.14911837938,141385828.1075451,0.0,0.0,103,0.0
10-223-01326,BIHAR,Khagaria,Beldaur,0,0,,202,10,1326,,101449.44415348554,276820454.1841197,0.0,0.0,203,0.0
10-223-01327,BIHAR,Khagaria,Gogri,0,0,,202,10,1327,,109725.85953588395,321971045.3784509,0.0,0.0,231,0.0
10-223-01328,BIHAR,Khagaria,Parbatta,0,0,,202,10,1328,,89952.53209418767,286770838.53234714,0.0,0.0,215,0.0
10-224-01329,BIHAR,Bhagalpur,Narayanpur,0,0,,192,10,1329,,96964.50839109154,173637043.38008544,0.0,0.0,125,0.0
10-224-01330,BIHAR,Bhagalpur,Bihpur,0,0,,192,10,1330,,98960.16392998041,189427956.2070791,0.0,0.0,141,0.0
10-234-01472,BIHAR,Rohtas,Akorhi Gola,0,0,,215,10,1472,,71741.57946050014,124356844.03544964,0.0,0.0,94,0.0
10-224-01331,BIHAR,Bhagalpur,Kharik,0,0,,192,10,1331,,103106.05203500649,169292223.68779984,0.0,0.0,125,0.0
10-224-01332,BIHAR,Bhagalpur,Naugachhia,0,0,,192,10,1332,,91833.23423872421,134223697.96961665,0.0,0.0,95,0.0
10-224-01335,BIHAR,Bhagalpur,Pirpainti,0,0,,192,10,1335,,138631.2255747686,411429376.6216011,0.0,0.0,294,0.0
10-224-01336,BIHAR,Bhagalpur,Kahalgaon,0,0,,192,10,1336,,128722.99744742387,352186242.20537144,0.0,0.0,255,0.0
10-224-01337,BIHAR,Bhagalpur,Ismailpur,0,0,,192,10,1337,,66332.03197363381,102752037.41138108,0.0,0.0,75,0.0
10-224-01338,BIHAR,Bhagalpur,Sabour,0,0,,192,10,1338,,85492.0541239663,141198925.34276122,0.0,0.0,102,0.0
10-226-01359,BIHAR,Munger,Dharhara,0,0,,207,10,1359,,105188.90103685112,355220468.750446,0.0,0.0,262,0.0
10-224-01339,BIHAR,Bhagalpur,Nathnagar,0,0,,192,10,1339,,105259.93673308079,163498377.60317266,0.0,0.0,117,0.0
10-226-01360,BIHAR,Munger,Kharagpur,0,0,,207,10,1360,,169586.30903503796,398589433.5102216,0.0,0.0,291,0.0
10-224-01340,BIHAR,Bhagalpur,Sultanganj,0,0,,192,10,1340,,139861.1879796442,266407467.3450057,0.0,0.0,198,0.0
10-224-01341,BIHAR,Bhagalpur,Shahkund,0,0,,192,10,1341,,93276.90256650816,208798734.37786233,0.0,0.0,153,0.0
10-224-01342,BIHAR,Bhagalpur,Goradih,0,0,,192,10,1342,,106918.08891287447,178026414.43832883,0.0,0.0,128,0.0
10-224-01343,BIHAR,Bhagalpur,Jagdishpur,0,0,,192,10,1343,,107045.71303668506,127447147.46016994,0.0,0.0,95,0.0
10-224-01344,BIHAR,Bhagalpur,Sonhaula,0,0,,192,10,1344,,84463.86530366821,214425428.57327408,0.0,0.0,160,0.0
10-225-01345,BIHAR,Banka,Shambhuganj,0,0,,190,10,1345,,85765.27415008907,217970788.89652416,0.0,0.0,157,0.0
10-225-01346,BIHAR,Banka,Amarpur,0,0,,190,10,1346,,98000.87839154692,234663534.19316816,0.0,0.0,176,0.0
10-225-01347,BIHAR,Banka,Rajaun,0,0,,190,10,1347,,86718.04358754268,242814641.5593075,0.0,0.0,179,0.0
10-226-01363,BIHAR,Munger,Tetiha Bambor,0,0,,207,10,1363,,73286.15332623897,95190725.80042528,0.0,0.0,70,0.0
10-225-01348,BIHAR,Banka,Dhuraiya,0,0,,190,10,1348,,106681.6377356153,285703540.38620996,0.0,0.0,208,0.0
10-225-01349,BIHAR,Banka,Barahat,0,0,,190,10,1349,,122910.23058217819,181202001.14064544,0.0,0.0,129,0.0
10-225-01350,BIHAR,Banka,Banka,0,0,,190,10,1350,,137083.07375503817,365153241.48788345,0.0,0.0,275,0.0
10-225-01351,BIHAR,Banka,Phulidumar,0,0,,190,10,1351,,117105.67306472127,248400685.45023423,0.0,0.0,176,0.0
10-225-01352,BIHAR,Banka,Belhar,0,0,,190,10,1352,,118426.40149548957,290570448.277483,1.3563044738769532e-06,1.394331702116494e-07,214,2.983869842529297e-05
10-225-01353,BIHAR,Banka,Chanan,0,0,,190,10,1353,,169565.08902723462,550876204.0147796,1.3563044738769532e-06,5.659049173738466e-07,403,0.00022805968170166015
10-225-01354,BIHAR,Banka,Katoria,0,0,,190,10,1354,,180268.89530762268,687665367.2781417,3.6539695739746095e-07,3.1298942565917974e-08,502,1.5712069168090822e-05
10-225-01355,BIHAR,Banka,Bausi,0,0,,190,10,1355,,109314.78149810205,385846183.7170387,0.0,0.0,284,0.0
10-226-01356,BIHAR,Munger,Munger,0,0,,207,10,1356,,162390.1628928388,306519605.49277806,0.0,0.0,227,0.0
10-226-01357,BIHAR,Munger,Bariarpur,0,0,,207,10,1357,,122433.4478606843,198040113.63802013,0.0,0.0,143,0.0
10-226-01358,BIHAR,Munger,Jamalpur,0,0,,207,10,1358,,72817.19566814511,112971204.64248075,0.0,0.0,79,0.0
10-226-01361,BIHAR,Munger,Asarganj,0,0,,207,10,1361,,61173.52838786665,72491453.98190036,0.0,0.0,52,0.0
10-226-01362,BIHAR,Munger,Tarapur,0,0,,207,10,1362,,54416.57713098438,86962445.68425661,0.0,0.0,62,0.0
10-226-01364,BIHAR,Munger,Sangrampur,0,0,,207,10,1364,,71205.18318302365,105786037.21986651,0.0,0.0,80,0.0
10-227-01366,BIHAR,Lakhisarai,Pipariya,0,0,,204,10,1366,,87968.2901826016,106258171.87143916,0.0,0.0,76,0.0
10-227-01365,BIHAR,Lakhisarai,Barahiya,0,0,,204,10,1365,,95965.48426593257,248505135.43154767,0.0,0.0,179,0.0
10-227-01367,BIHAR,Lakhisarai,Surajgarha,0,0,,204,10,1367,,140312.1609931406,462726462.37366486,2.742231369018555e-07,3.629423870759852e-08,340,1.2340041160583497e-05
10-227-01368,BIHAR,Lakhisarai,Lakhisarai,0,0,,204,10,1368,,117670.76745524361,181316338.94823277,2.742231369018555e-07,6.185484291019297e-09,133,8.226694107055665e-07
10-227-01369,BIHAR,Lakhisarai,Chanan*,0,0,,204,10,1369,,86014.87070350182,177670731.10250506,2.742231369018555e-07,2.2280629873275755e-07,128,2.8519206237792966e-05
10-228-01375,BIHAR,Sheikhpura,Ghat Kusumbha,0,0,,219,10,1375,,80592.24583619394,99088070.68237934,0.0,0.0,70,0.0
10-227-01370,BIHAR,Lakhisarai,Ramgarh Chowk,0,0,,204,10,1370,,98990.57354622113,128567389.13844268,2.742231369018555e-07,3.208994155234479e-08,94,3.01645450592041e-06
10-227-01371,BIHAR,Lakhisarai,Halsi,0,0,,204,10,1371,,82594.8188222393,191441208.6304817,2.742231369018555e-07,1.1836969938209587e-08,139,1.6453388214111327e-06
10-228-01372,BIHAR,Sheikhpura,Barbigha,0,0,,219,10,1372,,83879.7675047183,115941853.486741,0.0,0.0,81,0.0
10-228-01373,BIHAR,Sheikhpura,Shekhopur Sarai,0,0,,219,10,1373,,59774.96229914819,65955650.61796794,0.0,0.0,45,0.0
10-228-01374,BIHAR,Sheikhpura,Sheikhpura,0,0,,219,10,1374,,119718.3677454689,225551054.81458032,0.0,0.0,170,0.0
10-228-01377,BIHAR,Sheikhpura,Ariari,0,0,,219,10,1377,,87552.5859976097,183445963.63454768,0.0,0.0,137,0.0
10-229-01378,BIHAR,Nalanda,Karai Parsurai,0,0,,209,10,1378,,58523.47447411047,82148146.79064696,0.0,0.0,60,0.0
10-229-01379,BIHAR,Nalanda,Nagar Nausa,0,0,,209,10,1379,,82570.35159490984,108015836.82811198,0.0,0.0,80,0.0
10-229-01380,BIHAR,Nalanda,Harnaut,0,0,,209,10,1380,,124869.90123154312,224385440.0517296,0.0,0.0,161,0.0
10-229-01381,BIHAR,Nalanda,Chandi,0,0,,209,10,1381,,70527.81459673235,147156102.481168,0.0,0.0,109,0.0
10-229-01382,BIHAR,Nalanda,Rahui,0,0,,209,10,1382,,77076.6108369453,152249665.90613127,0.0,0.0,108,0.0
10-229-01383,BIHAR,Nalanda,Bind,0,0,,209,10,1383,,70364.80140905235,88091657.81671415,0.0,0.0,66,0.0
10-229-01384,BIHAR,Nalanda,Sarmera,0,0,,209,10,1384,,91044.34634338948,167201876.42476654,0.0,0.0,123,0.0
10-229-01385,BIHAR,Nalanda,Asthawan,0,0,,209,10,1385,,92263.18064708126,171325630.7179731,0.0,0.0,125,0.0
10-229-01387,BIHAR,Nalanda,Noorsarai,0,0,,209,10,1387,,78528.62700534344,151514769.88009417,0.0,0.0,114,0.0
10-229-01386,BIHAR,Nalanda,Bihar,0,0,,209,10,1386,,98561.8371020671,215840179.0991975,0.0,0.0,160,0.0
10-229-01390,BIHAR,Nalanda,Hilsa,0,0,,209,10,1390,,93433.88804652911,175765721.10991755,0.0,0.0,131,0.0
10-229-01391,BIHAR,Nalanda,Ekangarsarai,0,0,,209,10,1391,,87121.32234693572,166605847.460251,0.0,0.0,122,0.0
10-229-01392,BIHAR,Nalanda,Islampur,0,0,,209,10,1392,,109868.69145522316,273834151.4326934,0.0,0.0,194,0.0
10-229-01393,BIHAR,Nalanda,Ben,0,0,,209,10,1393,,66947.54721379357,127526149.56798536,0.0,0.0,94,0.0
10-230-01398,BIHAR,Patna,Maner,0,0,,212,10,1398,,96133.56350709034,213315300.3597084,1.664217338562012e-06,3.2593357482513826e-07,154,5.019377052307129e-05
10-229-01394,BIHAR,Nalanda,Rajgir,0,0,,209,10,1394,,88740.45664753366,198129288.77271983,0.0,0.0,147,0.0
10-229-01395,BIHAR,Nalanda,Silao,0,0,,209,10,1395,,79220.42929786978,154752836.13944647,0.0,0.0,114,0.0
10-229-01396,BIHAR,Nalanda,Giriak,0,0,,209,10,1396,,88347.46773236175,99576022.5731765,0.0,0.0,73,0.0
10-229-01397,BIHAR,Nalanda,Katrisarai,0,0,,209,10,1397,,38918.76300208476,48673462.28309288,0.0,0.0,36,0.0
10-230-01399,BIHAR,Patna,Dinapur-Cum-Khagaul,0,0,,212,10,1399,,78598.21354533077,184765788.04152673,0.0,0.0,135,0.0
10-234-01474,BIHAR,Rohtas,Tilouthu,0,0,,215,10,1474,,73885.57639601533,193504401.97342023,8.518722534179688e-07,4.0640257290431434e-07,140,5.689636020660401e-05
10-230-01400,BIHAR,Patna,Patna Rural,0,0,,212,10,1400,,87518.10425735511,179850223.48881748,0.0,0.0,131,0.0
10-230-01401,BIHAR,Patna,Sampatchak,0,0,,212,10,1401,,53219.7118618291,78902366.60372826,0.0,0.0,57,0.0
10-230-01406,BIHAR,Patna,Dulhin Bazar,0,0,,212,10,1406,,77792.54009458271,136539622.4680228,2.6725036621093753e-07,9.448245270083651e-08,99,9.353762817382814e-06
10-230-01402,BIHAR,Patna,Phulwari,0,0,,212,10,1402,,70659.26045014715,135940825.49713776,0.0,0.0,96,0.0
10-230-01413,BIHAR,Patna,Khusrupur,0,0,,212,10,1413,,46143.60198551767,78201544.387751,0.0,0.0,58,0.0
10-230-01403,BIHAR,Patna,Bihta,0,0,,212,10,1403,,116564.9809665079,244879174.98088208,1.664217338562012e-06,1.8895710054334705e-07,182,3.439019229888916e-05
10-230-01415,BIHAR,Patna,Athmalgola,0,0,,212,10,1415,,47997.69261940102,62827293.65665197,0.0,0.0,47,0.0
10-230-01404,BIHAR,Patna,Naubatpur,0,0,,212,10,1404,,105087.74367689912,205320191.59612688,0.0,0.0,153,0.0
10-230-01405,BIHAR,Patna,Bikram,0,0,,212,10,1405,,86626.03512108007,186422313.04867813,2.6725036621093753e-07,1.9117179480782393e-07,137,2.619053588867188e-05
10-234-01475,BIHAR,Rohtas,Rohtas,0,0,,215,10,1475,,88257.59288547112,389741138.17794544,3.0246664047241214e-06,6.701423647668628e-07,288,0.00019300100105285647
10-230-01407,BIHAR,Patna,Paliganj,0,0,,212,10,1407,,129476.3041410336,293354152.7667747,2.6725036621093753e-07,1.2488334869669979e-09,214,2.6725036621093753e-07
10-230-01408,BIHAR,Patna,Masaurhi,0,0,,212,10,1408,,108866.13277400887,248716954.87290823,0.0,0.0,178,0.0
10-230-01409,BIHAR,Patna,Dhanarua,0,0,,212,10,1409,,95102.40821522896,225577653.19725513,0.0,0.0,163,0.0
10-230-01410,BIHAR,Patna,Punpun,0,0,,212,10,1410,,82554.93388622913,161116560.78819045,0.0,0.0,118,0.0
10-230-01411,BIHAR,Patna,Fatwah,0,0,,212,10,1411,,97950.27190535897,155697451.47083917,0.0,0.0,115,0.0
10-230-01412,BIHAR,Patna,Daniawan,0,0,,212,10,1412,,69689.77872311571,79566220.36857046,0.0,0.0,56,0.0
10-230-01414,BIHAR,Patna,Bakhtiarpur,0,0,,212,10,1414,,120205.01587822943,168153072.20481881,0.0,0.0,120,0.0
10-230-01416,BIHAR,Patna,Belchhi,0,0,,212,10,1416,,88573.78025963024,87443681.0926542,0.0,0.0,70,0.0
10-230-01417,BIHAR,Patna,Barh,0,0,,212,10,1417,,95365.9771693495,147280816.515725,0.0,0.0,104,0.0
10-230-01419,BIHAR,Patna,Ghoswari,0,0,,212,10,1419,,66454.95033385535,164897376.1169027,0.0,0.0,126,0.0
10-230-01418,BIHAR,Patna,Pandarak,0,0,,212,10,1418,,106894.44852036482,252509471.6555304,0.0,0.0,180,0.0
10-232-01438,BIHAR,Buxar,Chaugain,0,0,,194,10,1438,,52625.33924401454,66025696.44875917,1.9101799774169922e-06,1.9101799774169922e-06,49,9.359881889343262e-05
10-232-01439,BIHAR,Buxar,Kesath,0,0,,194,10,1439,,34661.84662025829,38236018.49691825,1.9101799774169922e-06,1.9101799774169927e-06,29,5.539521934509278e-05
10-230-01420,BIHAR,Patna,Mokameh,0,0,,212,10,1420,,127700.39840194934,244519830.48183808,0.0,0.0,181,0.0
10-231-01421,BIHAR,Bhojpur,Shahpur,0,0,,193,10,1421,,110658.91431619873,211766871.4500774,1.827738494873047e-06,1.4237753276335887e-06,156,0.00022210895111083982
10-234-01460,BIHAR,Rohtas,Suryapura,0,0,,215,10,1460,,56159.7630280001,69765063.31452103,7.39400863647461e-07,7.394008636474611e-07,47,3.475184059143067e-05
10-231-01422,BIHAR,Bhojpur,Arrah,0,0,,193,10,1422,,120924.06747051864,221925641.7145924,1.827738494873047e-06,6.678102618043528e-07,159,0.0001061818316268921
10-231-01423,BIHAR,Bhojpur,Barhara,0,0,,193,10,1423,,128817.96875565937,258494738.36324885,1.827738494873047e-06,1.7155852410680962e-06,191,0.0003276767810440064
10-231-01424,BIHAR,Bhojpur,Koilwar,0,0,,193,10,1424,,94779.33453556667,208456312.66749656,1.664217338562012e-06,5.67270118662175e-07,149,8.452324768066407e-05
10-231-01425,BIHAR,Bhojpur,Sandesh,0,0,,193,10,1425,,60697.76797134289,164599530.19806212,2.6725036621093753e-07,2.2648336119570978e-07,118,2.6725036621093754e-05
10-231-01426,BIHAR,Bhojpur,Udwant Nagar,0,0,,193,10,1426,,92445.60417460876,217797556.82002312,5.769018173217773e-07,4.5381055725287207e-07,161,7.30634997177124e-05
10-234-01461,BIHAR,Rohtas,Bikramganj,0,0,,215,10,1461,,88556.32896667719,168723569.68103397,7.39400863647461e-07,7.39400863647461e-07,129,9.538271141052247e-05
10-231-01427,BIHAR,Bhojpur,Behea,0,0,,193,10,1427,,114516.77527652554,206091349.70539597,1.9101799774169922e-06,9.868947472890218e-07,150,0.00014803421209335326
10-231-01428,BIHAR,Bhojpur,Jagdishpur,0,0,,193,10,1428,,109726.00219208181,318463526.4488765,1.9101799774169922e-06,7.113991755769963e-07,228,0.00016219901203155514
10-231-01429,BIHAR,Bhojpur,Piro,0,0,,193,10,1429,,100703.96274410955,268205354.86689487,1.9101799774169922e-06,9.313647674560549e-07,200,0.00018627295349121098
10-234-01462,BIHAR,Rohtas,Karakat,0,0,,215,10,1462,,102232.22868007293,251121712.10833624,7.39400863647461e-07,5.258465827595104e-07,176,9.254899856567383e-05
10-231-01430,BIHAR,Bhojpur,Charpokhari,0,0,,193,10,1430,,88834.1327790213,135855258.49695313,6.40147705078125e-07,6.215068118446752e-07,95,5.904314712524414e-05
10-231-01431,BIHAR,Bhojpur,Garhani,0,0,,193,10,1431,,93054.52180151101,137128723.85739592,6.40147705078125e-07,5.842702702642644e-07,103,6.0179837837219234e-05
10-231-01432,BIHAR,Bhojpur,Agiaon,0,0,,193,10,1432,,87534.07309197474,191419206.17039648,6.40147705078125e-07,3.326479034972705e-07,139,4.62380585861206e-05
10-231-01433,BIHAR,Bhojpur,Tarari,0,0,,193,10,1433,,95157.98131215997,247108515.4982669,7.39400863647461e-07,6.508019989358503e-07,177,0.00011519195381164551
10-231-01434,BIHAR,Bhojpur,Sahar,0,0,,193,10,1434,,61748.81499939302,157154129.14318892,6.40147705078125e-07,5.361920948517628e-07,117,6.273447509765626e-05
10-232-01435,BIHAR,Buxar,Simri,0,0,,194,10,1435,,87047.69219699135,222195796.247413,6.773123474121094e-06,2.274306297302246e-06,164,0.0003729862327575684
10-232-01436,BIHAR,Buxar,Chakki,0,0,,194,10,1436,,73799.54032015939,80420668.23199363,1.9101799774169922e-06,5.270925849676133e-07,64,3.373392543792725e-05
10-232-01437,BIHAR,Buxar,Barhampur,0,0,,194,10,1437,,133928.15369382405,240152233.65370417,1.9101799774169922e-06,1.6159713254498612e-06,173,0.000279563039302826
10-232-01440,BIHAR,Buxar,Dumraon,0,0,,194,10,1440,,115797.88145848007,238641355.07175583,6.773123474121094e-06,3.377695470505213e-06,169,0.000570830534515381
10-232-01441,BIHAR,Buxar,Buxar,0,0,,194,10,1441,,90996.21871903203,211591033.38394436,6.773123474121094e-06,6.738107369781301e-06,157,0.0010578828570556643
10-232-01442,BIHAR,Buxar,Chausa,0,0,,194,10,1442,,99103.08457070828,138502720.57991108,6.773123474121094e-06,4.102465583587362e-06,107,0.0004389638174438477
10-232-01443,BIHAR,Buxar,Rajpur,0,0,,194,10,1443,,121142.9666413415,336933113.12217736,6.773123474121094e-06,3.026785242197465e-06,245,0.0007415623843383789
10-232-01444,BIHAR,Buxar,Itarhi,0,0,,194,10,1444,,109439.3274763228,293713382.2816445,6.773123474121094e-06,6.725638579592182e-06,209,0.001405658463134766
10-232-01445,BIHAR,Buxar,Nawanagar,0,0,,194,10,1445,,126567.10382889764,229774401.79100823,6.773123474121094e-06,2.0713580724050314e-06,169,0.0003500595142364503
10-233-01446,BIHAR,Kaimur (Bhabua),Ramgarh,0,0,,200,10,1446,,124781.0721120257,206666195.02442607,3.3101095581054688e-06,2.2798105565759523e-06,151,0.0003442513940429688
10-233-01447,BIHAR,Kaimur (Bhabua),Nuaon,0,0,,200,10,1447,,121732.74643995032,235834986.4758632,3.3101095581054688e-06,3.0693519815366864e-06,171,0.0005248591888427734
10-233-01448,BIHAR,Kaimur (Bhabua),Kudra,0,0,,200,10,1448,,132624.50147962422,255577893.54332253,5.33748046875e-06,4.500787711976067e-06,189,0.0008506488775634766
10-233-01449,BIHAR,Kaimur (Bhabua),Mohania,0,0,,200,10,1449,,142323.6809133636,349176573.6513165,5.33748046875e-06,2.509249141216278e-06,256,0.0006423677801513671
10-233-01450,BIHAR,Kaimur (Bhabua),Durgawati,0,0,,200,10,1450,,108544.41183902678,212580801.4059764,0.0,0.0,154,0.0
10-233-01451,BIHAR,Kaimur (Bhabua),Chand,0,0,,200,10,1451,,97099.60209928264,257974481.1925409,0.0,0.0,188,0.0
10-233-01452,BIHAR,Kaimur (Bhabua),Chainpur,0,0,,200,10,1452,,170712.34536647963,555311526.8488017,5.482224655151367e-07,1.1449363530414405e-07,407,4.6598909568786625e-05
10-233-01453,BIHAR,Kaimur (Bhabua),Bhabua,0,0,,200,10,1453,,143727.89821118704,407618990.38615096,5.33748046875e-06,2.7967862110834977e-06,301,0.0008418326495361328
10-233-01454,BIHAR,Kaimur (Bhabua),Rampur,0,0,,200,10,1454,,126612.15498309073,210660395.23746365,5.33748046875e-06,4.046420619887793e-06,149,0.0006029166723632813
10-233-01455,BIHAR,Kaimur (Bhabua),Bhagwanpur,0,0,,200,10,1455,,134815.05705103654,292151198.96788174,5.33748046875e-06,1.442564601446215e-06,211,0.00030438113090515135
10-233-01456,BIHAR,Kaimur (Bhabua),Adhaura,0,0,,200,10,1456,,271357.2345421078,1135984955.9859164,5.33748046875e-06,1.134713621746306e-06,833,0.0009452164469146729
10-234-01457,BIHAR,Rohtas,Kochas,0,0,,215,10,1457,,90248.48407846906,187033418.62218276,3.3101095581054688e-06,2.276599420489687e-06,132,0.0003005111235046387
10-234-01458,BIHAR,Rohtas,Dinara,0,0,,215,10,1458,,157118.7651045217,464648316.8452498,1.8109519958496096e-06,1.5595617009048241e-06,341,0.000531810540008545
10-234-01459,BIHAR,Rohtas,Dawath,0,0,,215,10,1459,,78120.6651060775,129910427.66035384,7.39400863647461e-07,7.394008636474611e-07,94,6.950368118286134e-05
10-234-01466,BIHAR,Rohtas,Nokha,0,0,,215,10,1466,,82152.91978314315,208772248.59610957,1.8109519958496096e-06,7.720923294892184e-07,148,0.00011426966476440432
10-235-01476,BIHAR,Aurangabad,Daudnagar,0,0,,189,10,1476,,91010.07504965532,238139281.75712803,0.0,0.0,174,0.0
10-234-01467,BIHAR,Rohtas,Kargahar,0,0,,215,10,1467,,128509.87472624176,406135690.59563094,5.33748046875e-06,2.059469892656481e-06,296,0.0006096030882263184
10-234-01468,BIHAR,Rohtas,Chenari,0,0,,215,10,1468,,121720.69626398994,292642418.8385522,5.33748046875e-06,3.340745154092478e-06,215,0.0007182602081298828
10-234-01469,BIHAR,Rohtas,Nauhatta,0,0,,215,10,1469,,175494.75594492842,478591449.404211,3.0246664047241214e-06,2.0108562011503233e-06,354,0.0007118430952072144
10-234-01470,BIHAR,Rohtas,Sheosagar,0,0,,215,10,1470,,135463.8765525897,406503956.12222886,5.33748046875e-06,1.076760353217691e-06,295,0.00031764430419921883
10-234-01471,BIHAR,Rohtas,Sasaram,0,0,,215,10,1471,,135810.11950728856,394273130.8742507,8.518722534179688e-07,7.003978958129883e-07,290,0.00020311538978576662
10-234-01473,BIHAR,Rohtas,Dehri,0,0,,215,10,1473,,97323.52013589225,199371136.99043605,8.518722534179688e-07,1.374723329215214e-07,145,1.9933488273620606e-05
10-235-01477,BIHAR,Aurangabad,Haspura,0,0,,189,10,1477,,88845.10694940752,164519986.5205008,0.0,0.0,121,0.0
10-235-01478,BIHAR,Aurangabad,Goh,0,0,,189,10,1478,,122286.20877621078,374665187.3660463,0.0,0.0,272,0.0
10-236-01491,BIHAR,Gaya,Neem Chak Bathani,0,0,,196,10,1491,,79540.44278654993,146770773.7769567,0.0,0.0,103,0.0
10-235-01479,BIHAR,Aurangabad,Rafiganj,0,0,,189,10,1479,,167069.30684925965,465687847.79432577,0.0,0.0,341,0.0
10-235-01480,BIHAR,Aurangabad,Obra,0,0,,189,10,1480,,130720.05569071589,327203821.09876627,0.0,0.0,237,0.0
10-236-01494,BIHAR,Gaya,Manpur,0,0,,196,10,1494,,77081.78707553667,161226183.41058797,0.0,0.0,115,0.0
10-235-01481,BIHAR,Aurangabad,Aurangabad,0,0,,189,10,1481,,125502.68609205673,344679798.38062614,0.0,0.0,256,0.0
10-237-01511,BIHAR,Nawada,Nardiganj,0,0,,210,10,1511,,60262.24041371029,129808165.4472442,0.0,0.0,95,0.0
10-235-01482,BIHAR,Aurangabad,Barun,0,0,,189,10,1482,,117269.30390529483,381782699.30215496,0.0,0.0,280,0.0
10-235-01483,BIHAR,Aurangabad,Nabinagar,0,0,,189,10,1483,,173491.30877801325,657546828.2218357,9.489365386962892e-07,2.6328259785970055e-07,483,0.00012716549476623535
10-235-01484,BIHAR,Aurangabad,Kutumba,0,0,,189,10,1484,,110495.73757590447,319048251.76106954,0.0,0.0,229,0.0
10-235-01485,BIHAR,Aurangabad,Deo,0,0,,189,10,1485,,158578.88849021672,336990745.1586724,0.0,0.0,251,0.0
10-235-01486,BIHAR,Aurangabad,Madanpur,0,0,,189,10,1486,,153529.37367368402,418713952.50229967,0.0,0.0,309,0.0
10-236-01487,BIHAR,Gaya,Konch,0,0,,196,10,1487,,154041.56172387034,319288521.7326548,0.0,0.0,232,0.0
10-236-01488,BIHAR,Gaya,Tikari,0,0,,196,10,1488,,122221.36853604284,290576655.12704176,0.0,0.0,218,0.0
10-236-01489,BIHAR,Gaya,Belaganj,0,0,,196,10,1489,,113473.13279109563,240372540.95814112,0.0,0.0,180,0.0
10-236-01490,BIHAR,Gaya,Khizirsarai,0,0,,196,10,1490,,103698.13096672995,223124430.97950032,0.0,0.0,165,0.0
10-236-01492,BIHAR,Gaya,Muhra,0,0,,196,10,1492,,93681.45756176667,181269438.2139707,0.0,0.0,134,0.0
10-236-01493,BIHAR,Gaya,Atri,0,0,,196,10,1493,,103075.15367958385,161340647.62451813,0.0,0.0,119,0.0
10-236-01495,BIHAR,Gaya,Gaya Town C.D.Block,0,0,,196,10,1495,,91678.58033080616,224144813.6021213,0.0,0.0,161,0.0
10-236-01496,BIHAR,Gaya,Paraiya,0,0,,196,10,1496,,75593.31264449215,167300846.5298876,0.0,0.0,120,0.0
10-236-01497,BIHAR,Gaya,Guraru,0,0,,196,10,1497,,81292.54933661391,199646285.7542363,0.0,0.0,147,0.0
10-237-01512,BIHAR,Nawada,Nawada,0,0,,210,10,1512,,86822.75137888109,219317998.1072041,0.0,0.0,157,0.0
10-236-01498,BIHAR,Gaya,Gurua,0,0,,196,10,1498,,117859.62964526065,238015237.1519128,0.0,0.0,173,0.0
10-236-01499,BIHAR,Gaya,Amas,0,0,,196,10,1499,,100546.69423332924,128484051.44985774,0.0,0.0,95,0.0
10-237-01517,BIHAR,Nawada,Roh,0,0,,210,10,1517,,77804.52626079548,192537548.9783989,3.9599872589111326e-07,2.612491594420539e-07,144,3.7619878959655764e-05
10-236-01500,BIHAR,Gaya,Banke Bazar,0,0,,196,10,1500,,85166.97220092022,256240042.68049288,0.0,0.0,186,0.0
10-236-01501,BIHAR,Gaya,Imamganj,0,0,,196,10,1501,,136271.57775821586,316917295.57645696,0.0,0.0,239,0.0
10-236-01502,BIHAR,Gaya,Dumaria,0,0,,196,10,1502,,119690.94596035974,390676703.928496,0.0,0.0,285,0.0
10-236-01503,BIHAR,Gaya,Sherghati,0,0,,196,10,1503,,100322.2973073121,167902109.12194017,0.0,0.0,123,0.0
10-238-01531,BIHAR,Jamui,Gidhaur,0,0,,198,10,1531,,55211.5633940527,100392309.18230554,3.1953041076660157e-07,2.9476243438720705e-07,75,2.2107182579040527e-05
10-236-01504,BIHAR,Gaya,Dobhi,0,0,,196,10,1504,,103572.88994215836,218837778.49499393,0.0,0.0,161,0.0
10-236-01505,BIHAR,Gaya,Bodh Gaya,0,0,,196,10,1505,,120948.91182130505,306843965.9119923,0.0,0.0,230,0.0
10-236-01506,BIHAR,Gaya,Tan Kuppa,0,0,,196,10,1506,,108147.94853451202,190099968.23000297,0.0,0.0,134,0.0
10-240-01542,BIHAR,Arwal,Arwal,0,0,,611,10,1542,,73924.8054791393,147787869.27798152,6.40147705078125e-07,1.6619219266451322e-07,104,1.7283988037109374e-05
10-236-01507,BIHAR,Gaya,Wazirganj,0,0,,196,10,1507,,105472.06999302967,323030583.61833626,0.0,0.0,236,0.0
10-236-01508,BIHAR,Gaya,Fatehpur,0,0,,196,10,1508,,155359.44599717355,408449805.62920874,2.8716488647460937e-06,4.723106685437654e-08,304,1.4358244323730468e-05
10-240-01543,BIHAR,Arwal,Kaler,0,0,,611,10,1543,,67777.19153730445,176075758.749563,6.40147705078125e-07,5.326419836146231e-07,131,6.977609985351562e-05
10-236-01509,BIHAR,Gaya,Mohanpur,0,0,,196,10,1509,,119906.24818546322,418796109.2883684,0.0,0.0,303,0.0
10-240-01544,BIHAR,Arwal,Karpi,0,0,,611,10,1544,,158139.92638461498,234985661.7206014,6.40147705078125e-07,7.443577966024709e-09,172,1.28029541015625e-06
10-236-01510,BIHAR,Gaya,Barachatti,0,0,,196,10,1510,,138753.78132836288,366328956.31361085,0.0,0.0,275,0.0
10-237-01513,BIHAR,Nawada,Warisaliganj,0,0,,210,10,1513,,109792.76918459819,202861050.3008767,0.0,0.0,147,0.0
10-237-01514,BIHAR,Nawada,Kashi Chak,0,0,,210,10,1514,,73948.94452619922,98983451.20841853,0.0,0.0,72,0.0
10-237-01515,BIHAR,Nawada,Pakribarawan,0,0,,210,10,1515,,104545.76938151139,251834567.85717744,0.0,0.0,184,0.0
10-237-01516,BIHAR,Nawada,Kawakol,0,0,,210,10,1516,,121170.20018263235,362955647.76482904,5.47468605041504e-07,4.3890004753170164e-07,266,0.00011674741264343263
10-237-01518,BIHAR,Nawada,Gobindpur,0,0,,210,10,1518,,73133.35659787485,188189390.13263756,3.9599872589111326e-07,2.8851335743495394e-07,140,4.039187004089355e-05
10-237-01519,BIHAR,Nawada,Akbarpur,0,0,,210,10,1519,,91268.2921062847,249541236.96202633,0.0,0.0,184,0.0
10-237-01520,BIHAR,Nawada,Hisua,0,0,,210,10,1520,,85113.4923130193,144090762.99664384,0.0,0.0,104,0.0
10-237-01521,BIHAR,Nawada,Narhat,0,0,,210,10,1521,,62856.50481924386,99624005.77002536,0.0,0.0,69,0.0
10-237-01522,BIHAR,Nawada,Meskaur,0,0,,210,10,1522,,75185.00287586387,145604023.18435815,0.0,0.0,112,0.0
10-237-01523,BIHAR,Nawada,Sirdala,0,0,,210,10,1523,,111278.51695598938,301894539.186342,2.8716488647460937e-06,4.6104454250510683e-07,218,0.00010050771026611329
10-237-01524,BIHAR,Nawada,Rajauli,0,0,,210,10,1524,,132370.86211000624,450216393.36794454,2.8716488647460937e-06,1.2938268921539945e-06,333,0.00043084435508728016
10-238-01525,BIHAR,Jamui,Islamnagar Aliganj,0,0,,198,10,1525,,96153.77396855215,213408239.47295904,5.47468605041504e-07,2.1056484809288615e-08,156,3.284811630249024e-06
10-238-01526,BIHAR,Jamui,Sikandra,0,0,,198,10,1526,,86788.2538333537,223096734.30010977,5.47468605041504e-07,3.1004446524160876e-08,162,5.022720336914062e-06
10-238-01527,BIHAR,Jamui,Jamui,0,0,,198,10,1527,,90084.78430112793,212157753.6648698,2.742231369018555e-07,2.706847738450573e-07,155,4.195613994598388e-05
10-238-01528,BIHAR,Jamui,Barhat,0,0,,198,10,1528,,114104.37581341481,270298087.1382075,2.742231369018555e-07,2.2828728148174766e-07,197,4.497259445190429e-05
10-238-01529,BIHAR,Jamui,Lakshmipur,0,0,,198,10,1529,,112147.89260238525,307635253.00857943,2.742231369018555e-07,7.31261698404948e-08,225,1.645338821411133e-05
10-238-01530,BIHAR,Jamui,Jhajha,0,0,,198,10,1530,,147664.43327942316,507112726.974952,1.3563044738769532e-06,1.1158176433460133e-06,370,0.00041285252803802494
10-238-01532,BIHAR,Jamui,Khaira,0,0,,198,10,1532,,142747.05687020053,513762691.7981683,5.47468605041504e-07,3.927010117791376e-07,377,0.00014804828144073488
10-238-01533,BIHAR,Jamui,Sono,0,0,,198,10,1533,,117724.39892386932,474283005.7300444,1.3563044738769532e-06,4.5549103919961053e-07,349,0.00015896637268066408
10-238-01534,BIHAR,Jamui,Chakai,0,0,,198,10,1534,,243956.2217086091,956725034.6798706,1.3563044738769532e-06,5.141476090022496e-07,700,0.00035990332630157475
10-239-01535,BIHAR,Jehanabad,Ratni Faridpur,0,0,,199,10,1535,,82762.53932271499,155018952.20303965,0.0,0.0,114,0.0
10-239-01536,BIHAR,Jehanabad,Jehanabad,0,0,,199,10,1536,,97254.09844747804,201426556.69272655,0.0,0.0,148,0.0
10-239-01537,BIHAR,Jehanabad,Kako,0,0,,199,10,1537,,83599.3529020472,162373941.78194478,0.0,0.0,118,0.0
10-239-01538,BIHAR,Jehanabad,Modanganj,0,0,,199,10,1538,,66522.90037500951,97205276.85869928,0.0,0.0,69,0.0
10-239-01539,BIHAR,Jehanabad,Ghoshi,0,0,,199,10,1539,,82931.95174196921,112225161.55433495,0.0,0.0,83,0.0
10-239-01540,BIHAR,Jehanabad,Makhdumpur,0,0,,199,10,1540,,128831.72570768485,301471679.33572614,0.0,0.0,217,0.0
10-239-01541,BIHAR,Jehanabad,Hulasganj,0,0,,199,10,1541,,87179.53907708311,119677697.18988888,0.0,0.0,90,0.0
10-240-01545,BIHAR,Arwal,Sonbhadra Banshi Suryapur,0,0,,611,10,1545,,62692.97791397586,116643000.97724338,0.0,0.0,83,0.0
10-240-01546,BIHAR,Arwal,Kurtha,0,0,,611,10,1546,,71585.17106640573,106433073.5354984,0.0,0.0,78,0.0
10-224-01334,BIHAR,Bhagalpur,Gopalpur,0,0,,192,10,1334,,95407.9186210158,208941966.91883087,0.0,0.0,153,0.0
10-210-01127,BIHAR,Kishanganj,Kishanganj,0,0,,203,10,1127,,125268.33771117091,207105687.55921903,0.0,0.0,152,0.0
