object_idid,stname,dtname,sdtname,st_area_sh,st_length_,remarks,dist_lgd,state_lgd,subdt_lgd,ac_no,st_length(shape),st_area(shape),max,mean,count,sum
10-206-01064,BIHAR,Sitamarhi,Suppi,0,0,,221,10,1064,,71084.15120823232,92250451.53846286,0.0,0.0,66,0.0
10-234-01463,BIHAR,Rohtas,Nasriganj,0,0,,215,10,1463,,90034.07903274363,167356919.18355417,7.183958892822266e-06,5.100343126569476e-06,126,0.000642643233947754
10-234-01464,BIHAR,Rohtas,Rajpur,0,0,,215,10,1464,,68660.48684625747,85633596.4997788,4.442802543640137e-06,4.442802543640137e-06,63,0.00027989656024932866
10-234-01465,BIHAR,Rohtas,Sanjhauli,0,0,,215,10,1465,,56591.722358052,83833486.39015438,5.48410629272461e-06,5.285762721470424e-06,63,0.00033300305145263676
10-203-01023,BIHAR,Pashchim Champaran,Thakrahan,0,0,,211,10,1023,,79847.09402015881,199004696.79409248,0.0,0.0,145,0.0
10-204-01054,BIHAR,Purbi Champaran,Phenhara,0,0,,213,10,1054,,44565.43736457999,67645025.94776015,0.0,0.0,51,0.0
10-219-01262,BIHAR,Saran,Maker,0,0,,218,10,1262,,62357.8736467211,96585777.9808088,0.0,0.0,71,0.0
10-220-01282,BIHAR,Vaishali,Sahdai Buzurg,0,0,,224,10,1282,,74546.65030748869,114161677.3631406,0.0,0.0,84,0.0
10-229-01388,BIHAR,Nalanda,Tharthari,0,0,,209,10,1388,,71853.42144919158,77411758.12428828,0.0,0.0,54,0.0
10-229-01389,BIHAR,Nalanda,Parbalpur,0,0,,209,10,1389,,54466.2339431045,76043839.88376136,0.0,0.0,56,0.0
10-203-01022,BIHAR,Pashchim Champaran,Bhitaha,0,0,,211,10,1022,,72626.86760213553,166969906.7472905,0.0,0.0,117,0.0
10-203-01013,BIHAR,Pashchim Champaran,Sidhaw,0,0,,211,10,1013,,195582.3602130639,1085337194.6715722,0.0,0.0,781,0.0
10-203-01014,BIHAR,Pashchim Champaran,Ramnagar,0,0,,211,10,1014,,230865.78384139363,866139404.2451236,0.0,0.0,621,0.0
10-203-01015,BIHAR,Pashchim Champaran,Gaunaha,0,0,,211,10,1015,,136504.94021895694,605322845.3823951,0.0,0.0,441,0.0
10-203-01016,BIHAR,Pashchim Champaran,Mainatanr,0,0,,211,10,1016,,115419.13930249632,312998546.4010918,0.0,0.0,221,0.0
10-203-01017,BIHAR,Pashchim Champaran,Narkatiaganj,0,0,,211,10,1017,,149144.20649331805,441857686.2127825,0.0,0.0,314,0.0
10-203-01018,BIHAR,Pashchim Champaran,Lauriya,0,0,,211,10,1018,,120853.32018665274,255440417.54612216,0.0,0.0,183,0.0
10-203-01019,BIHAR,Pashchim Champaran,Bagaha,0,0,,211,10,1019,,135587.24079810514,491292931.53180623,0.0,0.0,352,0.0
10-203-01021,BIHAR,Pashchim Champaran,Madhubani,0,0,,211,10,1021,,144670.82201821523,386116138.1353823,0.0,0.0,276,0.0
10-203-01024,BIHAR,Pashchim Champaran,Jogapatti,0,0,,211,10,1024,,88530.23644360513,258722436.3759333,0.0,0.0,186,0.0
10-203-01029,BIHAR,Pashchim Champaran,Bairia,0,0,,211,10,1029,,105039.82861382668,288505226.87341565,0.0,0.0,208,0.0
10-203-01025,BIHAR,Pashchim Champaran,Chanpatia,0,0,,211,10,1025,,113543.7602983494,310017349.34780717,0.0,0.0,226,0.0
10-206-01071,BIHAR,Sitamarhi,Parsauni,0,0,,221,10,1071,,63729.135625112256,74724139.64418457,0.0,0.0,55,0.0
10-203-01026,BIHAR,Pashchim Champaran,Sikta,0,0,,211,10,1026,,93443.22825707054,255004178.86147365,0.0,0.0,183,0.0
10-203-01027,BIHAR,Pashchim Champaran,Majhaulia,0,0,,211,10,1027,,123374.4030721297,371511179.15939575,0.0,0.0,265,0.0
10-203-01028,BIHAR,Pashchim Champaran,Bettiah,0,0,,211,10,1028,,53968.26030594324,83182055.35378212,0.0,0.0,59,0.0
10-203-01030,BIHAR,Pashchim Champaran,Nautan,0,0,,211,10,1030,,122656.63983711715,245738630.13883996,0.0,0.0,171,0.0
10-204-01031,BIHAR,Purbi Champaran,Raxaul,0,0,,213,10,1031,,98709.78801801558,166685360.13968688,0.0,0.0,124,0.0
10-206-01072,BIHAR,Sitamarhi,Belsand,0,0,,221,10,1072,,66235.5873217276,97354060.86547032,0.0,0.0,70,0.0
10-206-01073,BIHAR,Sitamarhi,Runisaidpur,0,0,,221,10,1073,,152472.54206325076,334873257.0825382,0.0,0.0,243,0.0
10-204-01032,BIHAR,Purbi Champaran,Adapur,0,0,,213,10,1032,,94532.37688292323,199608924.7111849,0.0,0.0,148,0.0
10-206-01074,BIHAR,Sitamarhi,Dumra,0,0,,221,10,1074,,111649.34177378344,241159212.36062923,0.0,0.0,178,0.0
10-204-01033,BIHAR,Purbi Champaran,Ramgarhwa,0,0,,213,10,1033,,90718.26831189607,213035907.5226096,0.0,0.0,154,0.0
10-204-01034,BIHAR,Purbi Champaran,Sugauli,0,0,,213,10,1034,,84892.41923436844,209336830.19001696,0.0,0.0,149,0.0
10-204-01038,BIHAR,Purbi Champaran,Ghorasahan,0,0,,213,10,1038,,75335.10865687576,144368243.47105,0.0,0.0,104,0.0
10-204-01035,BIHAR,Purbi Champaran,Banjaria,0,0,,213,10,1035,,102381.40449613356,176960195.87167916,0.0,0.0,124,0.0
10-204-01047,BIHAR,Purbi Champaran,Kesaria,0,0,,213,10,1047,,87546.8206889307,229535442.11688668,0.0,0.0,168,0.0
10-204-01036,BIHAR,Purbi Champaran,Narkatia,0,0,,213,10,1036,,105607.09704406632,168338010.30978012,0.0,0.0,120,0.0
10-204-01037,BIHAR,Purbi Champaran,Bankatwa,0,0,,213,10,1037,,99233.37216886049,115311013.90225838,0.0,0.0,82,0.0
10-204-01039,BIHAR,Purbi Champaran,Dhaka,0,0,,213,10,1039,,97673.73467814895,202386545.86227983,0.0,0.0,145,0.0
10-204-01048,BIHAR,Purbi Champaran,Kalyanpur,0,0,,213,10,1048,,109413.20044555076,313300912.50613195,0.0,0.0,230,0.0
10-204-01040,BIHAR,Purbi Champaran,Chiraia,0,0,,213,10,1040,,110764.71696779084,272984575.32652414,0.0,0.0,199,0.0
10-204-01041,BIHAR,Purbi Champaran,Motihari,0,0,,213,10,1041,,181544.26702654368,319814691.13850176,0.0,0.0,241,0.0
10-204-01049,BIHAR,Purbi Champaran,Kotwa,0,0,,213,10,1049,,78879.98205471091,178282937.71225017,0.0,0.0,126,0.0
10-204-01042,BIHAR,Purbi Champaran,Turkaulia,0,0,,213,10,1042,,99475.78497366334,174748315.94966665,0.0,0.0,130,0.0
10-204-01050,BIHAR,Purbi Champaran,Piprakothi,0,0,,213,10,1050,,58369.33889310607,62223774.49301849,0.0,0.0,45,0.0
10-204-01043,BIHAR,Purbi Champaran,Harsidhi,0,0,,213,10,1043,,133904.34238337883,240218359.62130272,0.0,0.0,173,0.0
10-204-01044,BIHAR,Purbi Champaran,Paharpur,0,0,,213,10,1044,,108730.62076802726,192061375.0173064,0.0,0.0,144,0.0
10-204-01045,BIHAR,Purbi Champaran,Areraj,0,0,,213,10,1045,,93331.67353690567,242725576.26244012,0.0,0.0,174,0.0
10-204-01046,BIHAR,Purbi Champaran,Sangrampur,0,0,,213,10,1046,,78133.67961210197,187659878.02718252,0.0,0.0,133,0.0
10-204-01051,BIHAR,Purbi Champaran,Chakia(Pipra),0,0,,213,10,1051,,129110.66914194856,212940547.80779588,0.0,0.0,145,0.0
10-204-01052,BIHAR,Purbi Champaran,Pakri Dayal,0,0,,213,10,1052,,90143.40730437863,148110040.62869397,0.0,0.0,106,0.0
10-204-01053,BIHAR,Purbi Champaran,Patahi,0,0,,213,10,1053,,85994.51677214028,144960443.14880535,0.0,0.0,100,0.0
10-204-01055,BIHAR,Purbi Champaran,Madhuban,0,0,,213,10,1055,,112681.00006095257,152424272.44650427,0.0,0.0,114,0.0
10-204-01056,BIHAR,Purbi Champaran,Tetaria,0,0,,213,10,1056,,82320.72754353678,104458405.63845472,0.0,0.0,74,0.0
10-205-01058,BIHAR,Sheohar,Purnahiya,0,0,,220,10,1058,,57294.126150412616,80859097.14068061,0.0,0.0,59,0.0
10-204-01057,BIHAR,Purbi Champaran,Mehsi,0,0,,213,10,1057,,125063.78039343117,149773808.08158112,0.0,0.0,108,0.0
10-205-01059,BIHAR,Sheohar,Piprarhi,0,0,,220,10,1059,,105870.45511307275,104265216.9562483,0.0,0.0,77,0.0
10-205-01060,BIHAR,Sheohar,Sheohar,0,0,,220,10,1060,,81007.5322908237,115638983.35873616,0.0,0.0,83,0.0
10-205-01061,BIHAR,Sheohar,Dumri Katsari,0,0,,220,10,1061,,65038.65439014734,84655470.24819931,0.0,0.0,59,0.0
10-205-01062,BIHAR,Sheohar,Tariani Chowk,0,0,,220,10,1062,,97491.22869259815,171878914.60720828,0.0,0.0,126,0.0
10-206-01063,BIHAR,Sitamarhi,Bairgania,0,0,,221,10,1063,,59598.621146511534,94417571.99630062,0.0,0.0,70,0.0
10-206-01065,BIHAR,Sitamarhi,Majorganj,0,0,,221,10,1065,,62808.55729710282,95411217.42446172,0.0,0.0,68,0.0
10-206-01066,BIHAR,Sitamarhi,Sonbarsa,0,0,,221,10,1066,,92820.94699371175,224104085.6083578,0.0,0.0,155,0.0
10-206-01067,BIHAR,Sitamarhi,Parihar,0,0,,221,10,1067,,86838.20299610356,272812569.4060281,0.0,0.0,197,0.0
10-207-01095,BIHAR,Madhubani,Rajnagar,0,0,,206,10,1095,,78809.12744912357,223111125.2667772,0.0,0.0,158,0.0
10-206-01068,BIHAR,Sitamarhi,Sursand,0,0,,221,10,1068,,91215.71647520129,181412871.1123928,0.0,0.0,134,0.0
10-206-01069,BIHAR,Sitamarhi,Bathnaha,0,0,,221,10,1069,,120764.04051803834,251403523.12922087,0.0,0.0,185,0.0
10-206-01070,BIHAR,Sitamarhi,Riga,0,0,,221,10,1070,,129433.73210860479,163724219.02092636,0.0,0.0,114,0.0
10-210-01123,BIHAR,Kishanganj,Thakurganj,0,0,,203,10,1123,,224971.2940646554,491161543.46963537,0.0,0.0,353,0.0
10-210-01124,BIHAR,Kishanganj,Pothia,0,0,,203,10,1124,,167388.9118766352,443844792.4531903,0.0,0.0,321,0.0
10-210-01125,BIHAR,Kishanganj,Bahadurganj,0,0,,203,10,1125,,155296.13881782343,347494200.8377232,0.0,0.0,251,0.0
10-210-01126,BIHAR,Kishanganj,Kochadhamin,0,0,,203,10,1126,,139640.52665725534,360840233.8364798,0.0,0.0,258,0.0
10-211-01128,BIHAR,Purnia,Banmankhi,0,0,,214,10,1128,,142815.61519736593,459936087.34673214,0.0,0.0,333,0.0
10-206-01075,BIHAR,Sitamarhi,Bajpatti,0,0,,221,10,1075,,90407.29439213518,174303329.1783474,0.0,0.0,125,0.0
10-206-01076,BIHAR,Sitamarhi,Charaut,0,0,,221,10,1076,,85128.15752493152,91349700.81924292,0.0,0.0,62,0.0
10-206-01077,BIHAR,Sitamarhi,Pupri,0,0,,221,10,1077,,73992.24203369493,115338203.66308306,0.0,0.0,82,0.0
10-206-01078,BIHAR,Sitamarhi,Nanpur,0,0,,221,10,1078,,73315.01223618646,135892566.9983101,0.0,0.0,100,0.0
10-220-01283,BIHAR,Vaishali,Mahnar,0,0,,224,10,1283,,81638.1139853176,126474580.44313861,0.0,0.0,89,0.0
10-206-01079,BIHAR,Sitamarhi,Bokhara,0,0,,221,10,1079,,81978.13188098712,108574895.39827529,0.0,0.0,79,0.0
10-207-01080,BIHAR,Madhubani,Madhwapur,0,0,,206,10,1080,,88808.76172423853,137557654.90878707,0.0,0.0,103,0.0
10-207-01081,BIHAR,Madhubani,Harlakhi,0,0,,206,10,1081,,90217.76640094945,187441757.00046396,0.0,0.0,138,0.0
10-207-01082,BIHAR,Madhubani,Basopatti,0,0,,206,10,1082,,97634.90682970545,164238774.4639331,0.0,0.0,122,0.0
10-207-01089,BIHAR,Madhubani,Khajauli,0,0,,206,10,1089,,91171.28062794723,150968724.81279027,0.0,0.0,108,0.0
10-207-01083,BIHAR,Madhubani,Jainagar,0,0,,206,10,1083,,81489.61423509955,161880108.8306139,0.0,0.0,115,0.0
10-207-01090,BIHAR,Madhubani,Kaluahi,0,0,,206,10,1090,,62305.281593423286,101560283.08963235,0.0,0.0,75,0.0
10-207-01084,BIHAR,Madhubani,Ladania,0,0,,206,10,1084,,97928.14946240213,232665607.5684243,0.0,0.0,164,0.0
10-207-01085,BIHAR,Madhubani,Laukaha,0,0,,206,10,1085,,102032.19667129294,266340932.00179368,0.0,0.0,197,0.0
10-207-01086,BIHAR,Madhubani,Laukahi,0,0,,206,10,1086,,109679.24973352649,329223432.564553,0.0,0.0,237,0.0
10-207-01087,BIHAR,Madhubani,Phulparas,0,0,,206,10,1087,,117974.41186319289,199352334.8677591,0.0,0.0,140,0.0
10-207-01088,BIHAR,Madhubani,Babubarhi,0,0,,206,10,1088,,118996.04641992833,237192379.86086744,0.0,0.0,174,0.0
10-207-01091,BIHAR,Madhubani,Benipatti,0,0,,206,10,1091,,128414.2409747215,328987645.9449377,0.0,0.0,231,0.0
10-207-01092,BIHAR,Madhubani,Bisfi,0,0,,206,10,1092,,99754.46134559005,226192948.413646,0.0,0.0,165,0.0
10-207-01093,BIHAR,Madhubani,Madhubani,0,0,,206,10,1093,,109764.71764889831,200359220.56727448,0.0,0.0,142,0.0
10-207-01094,BIHAR,Madhubani,Pandaul,0,0,,206,10,1094,,102372.75527307783,208327489.63825428,0.0,0.0,148,0.0
10-207-01096,BIHAR,Madhubani,Andhratharhi,0,0,,206,10,1096,,97300.5167595078,186769445.10608673,0.0,0.0,134,0.0
10-207-01097,BIHAR,Madhubani,Jhanjharpur,0,0,,206,10,1097,,125261.96837896874,181284371.95402232,0.0,0.0,132,0.0
10-207-01098,BIHAR,Madhubani,Ghoghardiha,0,0,,206,10,1098,,114215.40677637524,211228851.4219488,0.0,0.0,159,0.0
10-207-01099,BIHAR,Madhubani,Lakhnaur,0,0,,206,10,1099,,72956.74167609161,146945623.14022,0.0,0.0,110,0.0
10-207-01100,BIHAR,Madhubani,Madhepur,0,0,,206,10,1100,,144505.38034518834,300452948.5687113,0.0,0.0,212,0.0
10-208-01101,BIHAR,Supaul,Nirmali,0,0,,223,10,1101,,123310.21889922836,162734364.67066902,0.0,0.0,118,0.0
10-208-01102,BIHAR,Supaul,Basantpur,0,0,,223,10,1102,,136288.63693043106,319456339.75100917,0.0,0.0,228,0.0
10-208-01103,BIHAR,Supaul,Chhatapur,0,0,,223,10,1103,,142271.17176584958,398825687.2446475,0.0,0.0,285,0.0
10-208-01104,BIHAR,Supaul,Pratapganj,0,0,,223,10,1104,,71155.69013184242,133032565.19323792,0.0,0.0,97,0.0
10-208-01105,BIHAR,Supaul,Raghopur,0,0,,223,10,1105,,111831.20983491397,255841046.48838165,0.0,0.0,187,0.0
10-221-01285,BIHAR,Samastipur,Warisnagar,0,0,,217,10,1285,,90241.30323013186,163846086.5162723,0.0,0.0,120,0.0
10-208-01106,BIHAR,Supaul,Saraigarh Bhaptiyahi,0,0,,223,10,1106,,105489.5116383213,257042943.27229512,0.0,0.0,189,0.0
10-208-01107,BIHAR,Supaul,Kishanpur,0,0,,223,10,1107,,125516.73810076228,248613546.3002807,0.0,0.0,177,0.0
10-208-01108,BIHAR,Supaul,Marauna,0,0,,223,10,1108,,114969.59778192453,206419565.01179272,0.0,0.0,149,0.0
10-208-01109,BIHAR,Supaul,Supaul,0,0,,223,10,1109,,122628.008173687,390920691.5720901,0.0,0.0,287,0.0
10-208-01110,BIHAR,Supaul,Pipra,0,0,,223,10,1110,,113516.78657800167,247320462.25611627,0.0,0.0,181,0.0
10-221-01287,BIHAR,Samastipur,Khanpur,0,0,,217,10,1287,,89337.20668890505,173313349.37261373,0.0,0.0,127,0.0
10-208-01111,BIHAR,Supaul,Tribeniganj,0,0,,223,10,1111,,136684.8917573132,402291551.99740016,0.0,0.0,290,0.0
10-209-01112,BIHAR,Araria,Narpatganj,0,0,,188,10,1112,,196352.82868709194,482872068.7863751,0.0,0.0,351,0.0
10-209-01113,BIHAR,Araria,Forbesganj,0,0,,188,10,1113,,165874.55860340688,546946456.996027,0.0,0.0,392,0.0
10-209-01114,BIHAR,Araria,Bhargama,0,0,,188,10,1114,,140909.75235341018,280499778.1128878,0.0,0.0,206,0.0
10-209-01115,BIHAR,Araria,Raniganj,0,0,,188,10,1115,,160625.61646677545,576910744.770993,0.0,0.0,418,0.0
10-209-01116,BIHAR,Araria,Araria,0,0,,188,10,1116,,192057.15187743204,506918787.2643526,0.0,0.0,371,0.0
10-209-01117,BIHAR,Araria,Kursakatta,0,0,,188,10,1117,,96566.38525637137,201032230.408231,0.0,0.0,147,0.0
10-209-01118,BIHAR,Araria,Sikti,0,0,,188,10,1118,,116798.35346995249,237753016.2819182,0.0,0.0,177,0.0
10-209-01119,BIHAR,Araria,Palasi,0,0,,188,10,1119,,132578.70192307016,306240761.34804773,0.0,0.0,222,0.0
10-209-01120,BIHAR,Araria,Jokihat,0,0,,188,10,1120,,155370.9524619173,341005127.7602247,0.0,0.0,246,0.0
10-210-01121,BIHAR,Kishanganj,Terhagachh,0,0,,203,10,1121,,121953.02658094271,245208326.38245347,0.0,0.0,175,0.0
10-210-01122,BIHAR,Kishanganj,Dighalbank,0,0,,203,10,1122,,147432.83262190674,314385668.4331173,0.0,0.0,224,0.0
10-211-01129,BIHAR,Purnia,Barhara,0,0,,214,10,1129,,111073.17449432175,288009141.38478667,0.0,0.0,212,0.0
10-211-01130,BIHAR,Purnia,Bhawanipur,0,0,,214,10,1130,,116656.34435182877,201938838.4795833,0.0,0.0,147,0.0
10-211-01131,BIHAR,Purnia,Rupauli,0,0,,214,10,1131,,113946.660566684,308195114.8462847,0.0,0.0,227,0.0
10-211-01132,BIHAR,Purnia,Dhamdaha,0,0,,214,10,1132,,135370.01293426772,446856166.039676,0.0,0.0,326,0.0
10-211-01133,BIHAR,Purnia,Krityanand Nagar,0,0,,214,10,1133,,149407.41850079046,364443041.21247435,0.0,0.0,274,0.0
10-211-01134,BIHAR,Purnia,Purnia East,0,0,,214,10,1134,,127662.13358515713,309272824.56310594,0.0,0.0,228,0.0
10-211-01135,BIHAR,Purnia,Kasba,0,0,,214,10,1135,,130095.64608516233,215123054.3424731,0.0,0.0,154,0.0
10-211-01136,BIHAR,Purnia,Srinagar,0,0,,214,10,1136,,106220.57404900706,172405807.6412187,0.0,0.0,122,0.0
10-211-01137,BIHAR,Purnia,Jalalgarh,0,0,,214,10,1137,,87146.39992638786,142107808.6772385,0.0,0.0,102,0.0
10-211-01138,BIHAR,Purnia,Amour,0,0,,214,10,1138,,141371.93624621196,307011870.96961224,0.0,0.0,225,0.0
10-211-01139,BIHAR,Purnia,Baisa,0,0,,214,10,1139,,132173.35304950457,275191667.549805,0.0,0.0,197,0.0
10-211-01140,BIHAR,Purnia,Baisi,0,0,,214,10,1140,,118169.54825440844,253873549.02719215,0.0,0.0,187,0.0
10-211-01141,BIHAR,Purnia,Dagarua,0,0,,214,10,1141,,129309.28146976323,257465778.6329552,0.0,0.0,180,0.0
10-212-01142,BIHAR,Katihar,Falka,0,0,,201,10,1142,,100518.70580952488,208374539.8829749,0.0,0.0,150,0.0
10-212-01143,BIHAR,Katihar,Korha,0,0,,201,10,1143,,137118.64195203967,368801327.90483874,0.0,0.0,273,0.0
10-212-01144,BIHAR,Katihar,Hasanganj,0,0,,201,10,1144,,78227.29832785497,86155111.41022065,0.0,0.0,62,0.0
10-212-01145,BIHAR,Katihar,Kadwa,0,0,,201,10,1145,,157692.68144088247,420129854.10490626,0.0,0.0,307,0.0
10-212-01146,BIHAR,Katihar,Balrampur,0,0,,201,10,1146,,141815.18317465586,216253207.31133217,0.0,0.0,151,0.0
10-212-01147,BIHAR,Katihar,Barsoi,0,0,,201,10,1147,,172308.8160052511,357713388.6445612,0.0,0.0,261,0.0
10-212-01148,BIHAR,Katihar,Azamnagar,0,0,,201,10,1148,,141791.77759222616,349759708.1212404,0.0,0.0,253,0.0
10-221-01290,BIHAR,Samastipur,Tajpur,0,0,,217,10,1290,,57166.77792153786,83856612.1105223,0.0,0.0,61,0.0
10-212-01149,BIHAR,Katihar,Pranpur,0,0,,201,10,1149,,111803.70370561493,191475637.62126103,0.0,0.0,141,0.0
10-212-01150,BIHAR,Katihar,Dandkhora,0,0,,201,10,1150,,70987.07501110679,111201189.06340708,0.0,0.0,81,0.0
10-212-01151,BIHAR,Katihar,Katihar,0,0,,201,10,1151,,76845.81968857624,136830037.77828172,0.0,0.0,100,0.0
10-212-01152,BIHAR,Katihar,Mansahi,0,0,,201,10,1152,,73279.06289841712,97405011.1871763,0.0,0.0,73,0.0
10-212-01155,BIHAR,Katihar,Kursela,0,0,,201,10,1155,,80348.39413748268,153683091.52761996,0.0,0.0,117,0.0
10-212-01153,BIHAR,Katihar,Barari,0,0,,201,10,1153,,107333.93297446336,407446973.1478653,0.0,0.0,292,0.0
10-212-01154,BIHAR,Katihar,Sameli,0,0,,201,10,1154,,75105.36277909,118027198.2496544,0.0,0.0,81,0.0
10-212-01156,BIHAR,Katihar,Manihari,0,0,,201,10,1156,,130162.81635074862,303859830.4099729,0.0,0.0,221,0.0
10-212-01157,BIHAR,Katihar,Amdabad,0,0,,201,10,1157,,103742.71814675455,228302986.79665467,0.0,0.0,164,0.0
10-213-01158,BIHAR,Madhepura,Gamharia,0,0,,205,10,1158,,80141.00377515821,125479849.27382244,0.0,0.0,89,0.0
10-213-01160,BIHAR,Madhepura,Ghailarh,0,0,,205,10,1160,,78865.70647224285,116219722.2388165,0.0,0.0,83,0.0
10-213-01159,BIHAR,Madhepura,Singheshwar,0,0,,205,10,1159,,111627.30849980874,111167268.35246354,0.0,0.0,78,0.0
10-216-01210,BIHAR,Muzaffarpur,Bandra,0,0,,208,10,1210,,74293.85759884378,142020443.31484023,0.0,0.0,103,0.0
10-213-01161,BIHAR,Madhepura,Madhepura,0,0,,205,10,1161,,115084.47931226583,237801277.85767865,0.0,0.0,175,0.0
10-213-01162,BIHAR,Madhepura,Shankarpur,0,0,,205,10,1162,,63984.56408470212,128790837.874554,0.0,0.0,94,0.0
10-213-01163,BIHAR,Madhepura,Kumarkhand,0,0,,205,10,1163,,118191.24796123093,316976886.68211347,0.0,0.0,230,0.0
10-213-01164,BIHAR,Madhepura,Murliganj,0,0,,205,10,1164,,94211.11378994165,247086114.21145928,0.0,0.0,179,0.0
10-221-01293,BIHAR,Samastipur,Mohanpur,0,0,,217,10,1293,,74468.46489139357,163000016.77407515,0.0,0.0,120,0.0
10-213-01165,BIHAR,Madhepura,Gwalpara,0,0,,205,10,1165,,78037.2495556277,147267353.58482873,0.0,0.0,109,0.0
10-214-01172,BIHAR,Saharsa,Satar Kataiya,0,0,,216,10,1172,,77878.75925155886,177382280.64763528,0.0,0.0,130,0.0
10-213-01166,BIHAR,Madhepura,Bihariganj,0,0,,205,10,1166,,79669.40805645821,133818744.70956944,0.0,0.0,98,0.0
10-216-01211,BIHAR,Muzaffarpur,Dholi (Moraul),0,0,,208,10,1211,,63030.361633940505,73298422.6275262,0.0,0.0,50,0.0
10-213-01167,BIHAR,Madhepura,Kishanganj,0,0,,205,10,1167,,99817.47531025465,188055937.5971522,0.0,0.0,133,0.0
10-216-01212,BIHAR,Muzaffarpur,Musahri,0,0,,208,10,1212,,211487.75457487197,365415439.5943066,0.0,0.0,267,0.0
10-213-01168,BIHAR,Madhepura,Puraini,0,0,,205,10,1168,,63416.842365887525,103114850.3546553,0.0,0.0,76,0.0
10-214-01174,BIHAR,Saharsa,Kahara,0,0,,216,10,1174,,81070.16203244023,176788302.3737116,0.0,0.0,128,0.0
10-213-01169,BIHAR,Madhepura,Alamnagar,0,0,,205,10,1169,,94357.42058114092,211989804.11375904,0.0,0.0,151,0.0
10-213-01170,BIHAR,Madhepura,Chausa,0,0,,205,10,1170,,87285.75133964,172516848.53860697,0.0,0.0,124,0.0
10-214-01171,BIHAR,Saharsa,Nauhatta,0,0,,216,10,1171,,93228.84620468391,212763144.21707585,0.0,0.0,151,0.0
10-217-01227,BIHAR,Gopalganj,Sidhwalia,0,0,,197,10,1227,,69457.48217743407,152022198.31601515,0.0,0.0,109,0.0
10-214-01173,BIHAR,Saharsa,Mahishi,0,0,,216,10,1173,,106372.46434789852,273075178.2794974,0.0,0.0,195,0.0
10-214-01175,BIHAR,Saharsa,Saur Bazar,0,0,,216,10,1175,,88121.22998090234,233228921.9025612,0.0,0.0,171,0.0
10-214-01176,BIHAR,Saharsa,Patarghat,0,0,,216,10,1176,,67497.21582029684,149681422.04156074,0.0,0.0,105,0.0
10-214-01177,BIHAR,Saharsa,Sonbarsa,0,0,,216,10,1177,,90185.02153799882,263952116.041209,0.0,0.0,193,0.0
10-216-01199,BIHAR,Muzaffarpur,Sahebganj,0,0,,208,10,1199,,80060.99972290538,253055918.70266867,0.0,0.0,189,0.0
10-214-01178,BIHAR,Saharsa,Simri Bakhtiarpur,0,0,,216,10,1178,,119116.35548129058,266466354.66217396,0.0,0.0,194,0.0
10-214-01179,BIHAR,Saharsa,Salkhua,0,0,,216,10,1179,,82412.26684571667,221182533.93573853,0.0,0.0,163,0.0
10-214-01180,BIHAR,Saharsa,Banma Itahri,0,0,,216,10,1180,,54286.501575749484,92822449.4552088,0.0,0.0,68,0.0
10-215-01181,BIHAR,Darbhanga,Jale,0,0,,195,10,1181,,112473.57051363293,234172285.01568127,0.0,0.0,171,0.0
10-215-01182,BIHAR,Darbhanga,Singhwara,0,0,,195,10,1182,,121368.62688362494,223279889.67870736,0.0,0.0,162,0.0
10-215-01183,BIHAR,Darbhanga,Keotiranway,0,0,,195,10,1183,,89515.08566239705,180205403.4644349,0.0,0.0,131,0.0
10-215-01184,BIHAR,Darbhanga,Darbhanga,0,0,,195,10,1184,,131883.04966973627,240721362.1475316,0.0,0.0,174,0.0
10-215-01185,BIHAR,Darbhanga,Manigachhi,0,0,,195,10,1185,,96856.01003306538,158887287.31255177,0.0,0.0,114,0.0
10-215-01186,BIHAR,Darbhanga,Tardih,0,0,,195,10,1186,,96398.42232606321,109520018.96976715,0.0,0.0,79,0.0
10-215-01187,BIHAR,Darbhanga,Alinagar,0,0,,195,10,1187,,105560.56246873255,146523357.5416611,0.0,0.0,105,0.0
10-215-01188,BIHAR,Darbhanga,Benipur,0,0,,195,10,1188,,118482.30854716274,204643530.87647069,0.0,0.0,150,0.0
10-215-01189,BIHAR,Darbhanga,Bahadurpur,0,0,,195,10,1189,,155637.00049509996,221161760.4253616,0.0,0.0,158,0.0
10-215-01190,BIHAR,Darbhanga,Hanumannagar,0,0,,195,10,1190,,114393.83215098479,181536916.32106537,0.0,0.0,130,0.0
10-215-01191,BIHAR,Darbhanga,Hayaghat,0,0,,195,10,1191,,66118.49929402806,108810529.75916524,0.0,0.0,77,0.0
10-215-01192,BIHAR,Darbhanga,Baheri,0,0,,195,10,1192,,128629.1579498372,271307286.95794886,0.0,0.0,195,0.0
10-215-01193,BIHAR,Darbhanga,Biraul,0,0,,195,10,1193,,135706.32971678255,230203939.26841983,0.0,0.0,167,0.0
10-215-01194,BIHAR,Darbhanga,Ghanshyampur,0,0,,195,10,1194,,76766.91373126305,103945643.9979024,0.0,0.0,78,0.0
10-215-01195,BIHAR,Darbhanga,Kiratpur,0,0,,195,10,1195,,78793.19278562842,78915927.53877336,0.0,0.0,60,0.0
10-215-01196,BIHAR,Darbhanga,Gora Bauram,0,0,,195,10,1196,,99804.03366816713,145653476.81698695,0.0,0.0,104,0.0
10-215-01197,BIHAR,Darbhanga,Kusheshwar Asthan,0,0,,195,10,1197,,87220.16498537568,144130520.9401011,0.0,0.0,107,0.0
10-215-01198,BIHAR,Darbhanga,Kusheshwar Asthan Purbi,0,0,,195,10,1198,,91858.86035222423,150084285.43545517,0.0,0.0,112,0.0
10-216-01200,BIHAR,Muzaffarpur,Baruraj (Motipur),0,0,,208,10,1200,,125110.13599018812,365259305.4740948,0.0,0.0,263,0.0
10-216-01201,BIHAR,Muzaffarpur,Paroo,0,0,,208,10,1201,,136934.87791145188,413033977.3448192,0.0,0.0,295,0.0
10-216-01202,BIHAR,Muzaffarpur,Saraiya,0,0,,208,10,1202,,155820.80051537574,301402655.1404849,0.0,0.0,218,0.0
10-216-01203,BIHAR,Muzaffarpur,Marwan,0,0,,208,10,1203,,84959.92762229654,138736310.53842777,0.0,0.0,101,0.0
10-216-01204,BIHAR,Muzaffarpur,Kanti,0,0,,208,10,1204,,97122.90469976026,124757584.36625764,0.0,0.0,91,0.0
10-216-01205,BIHAR,Muzaffarpur,Minapur,0,0,,208,10,1205,,166218.11946715685,316124209.98756105,0.0,0.0,228,0.0
10-216-01206,BIHAR,Muzaffarpur,Bochaha,0,0,,208,10,1206,,126044.68100944142,233148755.94160384,0.0,0.0,167,0.0
10-216-01207,BIHAR,Muzaffarpur,Aurai,0,0,,208,10,1207,,101267.16719990574,247748190.77792475,0.0,0.0,177,0.0
10-216-01208,BIHAR,Muzaffarpur,Katra,0,0,,208,10,1208,,118891.9342746819,235108975.17115793,0.0,0.0,171,0.0
10-216-01209,BIHAR,Muzaffarpur,Gaighat,0,0,,208,10,1209,,111008.49869520529,259762671.68662548,0.0,0.0,191,0.0
10-216-01213,BIHAR,Muzaffarpur,Kurhani,0,0,,208,10,1213,,108106.10574110712,256354911.2077163,0.0,0.0,187,0.0
10-216-01214,BIHAR,Muzaffarpur,Sakra,0,0,,208,10,1214,,105121.4777371614,236360031.18726787,0.0,0.0,175,0.0
10-217-01215,BIHAR,Gopalganj,Katiya,0,0,,197,10,1215,,94755.55253264701,158441587.458013,3.747593936920166e-06,2.9445380932944163e-06,112,0.0003297882664489746
10-217-01216,BIHAR,Gopalganj,Bijaipur,0,0,,197,10,1216,,81309.59717969262,163112176.36717936,3.747593936920166e-06,3.747593936920166e-06,120,0.00044971127243041996
10-217-01217,BIHAR,Gopalganj,Bhorey,0,0,,197,10,1217,,78790.65552761848,196013266.46535653,3.747593936920166e-06,1.95187184214592e-06,144,0.0002810695452690125
10-217-01218,BIHAR,Gopalganj,Pach Deuri,0,0,,197,10,1218,,53698.212932643866,118295317.11973979,0.0,0.0,85,0.0
10-217-01219,BIHAR,Gopalganj,Kuchaikote,0,0,,197,10,1219,,101077.28158428885,316078491.04748106,0.0,0.0,226,0.0
10-217-01220,BIHAR,Gopalganj,Phulwaria,0,0,,197,10,1220,,81339.22200232239,118763292.85091434,0.0,0.0,89,0.0
10-217-01221,BIHAR,Gopalganj,Hathua,0,0,,197,10,1221,,91546.96202775641,183613061.83342972,1.293828125e-05,8.557603346456693e-06,127,0.001086815625
10-217-01222,BIHAR,Gopalganj,Uchkagaon,0,0,,197,10,1222,,80102.93001981139,142235093.67043933,1.293828125e-05,8.544147995283018e-07,106,9.056796875e-05
10-217-01223,BIHAR,Gopalganj,Thawe,0,0,,197,10,1223,,57244.55575246375,89300191.60424533,1.293828125e-05,2.0216064453125e-07,64,1.293828125e-05
10-217-01224,BIHAR,Gopalganj,Gopalganj,0,0,,197,10,1224,,110313.13172782106,244420793.60160467,0.0,0.0,182,0.0
10-218-01232,BIHAR,Siwan,Goriakothi,0,0,,222,10,1232,,73201.39147651673,174963939.23516312,0.0,0.0,127,0.0
10-217-01225,BIHAR,Gopalganj,Manjha,0,0,,197,10,1225,,80242.78538873792,179389027.9828925,0.0,0.0,131,0.0
10-217-01226,BIHAR,Gopalganj,Barauli,0,0,,197,10,1226,,105754.79057670098,232227972.12586737,0.0,0.0,170,0.0
10-217-01228,BIHAR,Gopalganj,Baikunthpur,0,0,,197,10,1228,,97825.58906166903,256614409.24172768,0.0,0.0,185,0.0
10-218-01229,BIHAR,Siwan,Nautan,0,0,,222,10,1229,,58324.35348563096,81827813.66620097,1.293828125e-05,1.293828125e-05,58,0.0007504203125
10-218-01230,BIHAR,Siwan,Siwan,0,0,,222,10,1230,,92599.06904644772,168879532.28230655,1.293828125e-05,1.1841816737288136e-05,118,0.001397334375
10-218-01235,BIHAR,Siwan,Bhagwanpur Hat,0,0,,222,10,1235,,86430.4184146014,189582799.91524476,2.7867901611328126e-06,4.442708952530571e-07,138,6.130938354492188e-05
10-218-01231,BIHAR,Siwan,Barharia,0,0,,222,10,1231,,90315.6629531122,219606934.01516393,1.293828125e-05,2.425927734375e-07,160,3.881484375e-05
10-218-01233,BIHAR,Siwan,Lakri Nabiganj,0,0,,222,10,1233,,79648.98713303795,120773104.6039552,0.0,0.0,88,0.0
10-218-01234,BIHAR,Siwan,Basantpur,0,0,,222,10,1234,,57871.378293950496,76675463.02480637,0.0,0.0,56,0.0
10-218-01236,BIHAR,Siwan,Maharajganj,0,0,,222,10,1236,,119387.58843212528,142817377.5161484,2.7867901611328126e-06,1.0551923911085406e-06,103,0.00010868481628417969
10-218-01237,BIHAR,Siwan,Pachrukhi,0,0,,222,10,1237,,99183.2392802834,160709761.40986398,1.293828125e-05,5.529180021367521e-07,117,6.469140625e-05
10-218-01238,BIHAR,Siwan,Hussainganj,0,0,,222,10,1238,,68784.84800107122,105975934.30464326,1.9702836914062502e-05,1.1905199799408782e-05,74,0.0008809847851562499
10-218-01239,BIHAR,Siwan,Ziradei,0,0,,222,10,1239,,98825.50869312549,152221780.48504183,1.9702836914062502e-05,1.2999223192919482e-05,111,0.0014429137744140625
10-218-01240,BIHAR,Siwan,Mairwa,0,0,,222,10,1240,,65279.2242200428,88898123.37504825,1.293828125e-05,1.2350177556818182e-05,66,0.0008151117187499999
10-218-01242,BIHAR,Siwan,Darauli,0,0,,222,10,1242,,90305.00161970501,214758375.6239279,1.9702836914062502e-05,1.2098806687878025e-05,155,0.0018753150366210938
10-218-01241,BIHAR,Siwan,Guthani,0,0,,222,10,1241,,78778.78773845347,115110806.99004474,1.293828125e-05,9.46703506097561e-07,82,7.76296875e-05
10-219-01248,BIHAR,Saran,Mashrakh,0,0,,218,10,1248,,82075.7710341599,165898243.02109933,0.0,0.0,121,0.0
10-218-01243,BIHAR,Siwan,Andar,0,0,,222,10,1243,,83358.60866933218,125625010.62434034,1.9702836914062502e-05,1.8925301780262213e-05,87,0.0016465012548828126
10-219-01249,BIHAR,Saran,Panapur,0,0,,218,10,1249,,75875.09329534958,182360909.7404776,0.0,0.0,128,0.0
10-218-01244,BIHAR,Siwan,Raghunathpur,0,0,,222,10,1244,,87824.68008836384,193566358.3438411,1.9702836914062502e-05,1.9702836914062505e-05,143,0.0028175056787109382
10-219-01250,BIHAR,Saran,Taraiya,0,0,,218,10,1250,,53629.0613522338,97307015.09151264,0.0,0.0,74,0.0
10-218-01245,BIHAR,Siwan,Hasanpura,0,0,,222,10,1245,,82786.09108287447,121956119.03175904,1.9702836914062502e-05,9.916906822467673e-06,87,0.0008627708935546876
10-219-01251,BIHAR,Saran,Ishupur,0,0,,218,10,1251,,62425.60798229613,109300191.56908256,0.0,0.0,76,0.0
10-218-01246,BIHAR,Siwan,Daraundha,0,0,,222,10,1246,,105400.53795370483,157911066.26165873,2.7867901611328126e-06,2.4232957922894025e-06,115,0.0002786790161132813
10-219-01256,BIHAR,Saran,Jalalpur,0,0,,218,10,1256,,65042.73641147566,147549697.72689733,2.7867901611328126e-06,5.258094643646816e-08,106,5.573580322265625e-06
10-218-01247,BIHAR,Siwan,Siswan,0,0,,222,10,1247,,98184.39847010886,155554872.77293277,1.9702836914062502e-05,7.815885141733532e-06,111,0.000867563250732422
10-219-01259,BIHAR,Saran,Nagra,0,0,,218,10,1259,,43289.948409307304,65110006.46242106,0.0,0.0,47,0.0
10-219-01252,BIHAR,Saran,Baniapur,0,0,,218,10,1252,,89199.8841803021,219417775.87250236,2.7867901611328126e-06,6.838748861675613e-08,163,1.114716064453125e-05
10-219-01253,BIHAR,Saran,Lahladpur,0,0,,218,10,1253,,49287.19248841685,70233795.44130237,2.7867901611328126e-06,1.5048666870117189e-06,50,7.524333435058594e-05
10-219-01254,BIHAR,Saran,Ekma,0,0,,218,10,1254,,99716.17236158185,176114988.01319405,2.7867901611328126e-06,2.786790161132813e-06,128,0.00035670914062500006
10-219-01255,BIHAR,Saran,Manjhi,0,0,,218,10,1255,,127085.43562979231,244607530.98349065,2.7867901611328126e-06,2.1520212910970058e-06,180,0.000387363832397461
10-219-01257,BIHAR,Saran,Revelganj,0,0,,218,10,1257,,84877.1419542779,179359801.45379385,0.0,0.0,125,0.0
10-219-01258,BIHAR,Saran,Chapra,0,0,,218,10,1258,,119729.94798472138,239470568.44351175,0.0,0.0,176,0.0
10-219-01260,BIHAR,Saran,Marhaura,0,0,,218,10,1260,,87240.95030017926,190752130.05196184,0.0,0.0,137,0.0
10-219-01261,BIHAR,Saran,Amnour,0,0,,218,10,1261,,94922.90618840617,160109081.4065653,0.0,0.0,118,0.0
10-219-01263,BIHAR,Saran,Parsa,0,0,,218,10,1263,,85595.91054800974,122749042.93573296,0.0,0.0,88,0.0
10-219-01266,BIHAR,Saran,Dighwara,0,0,,218,10,1266,,81943.45164265168,101347015.6655549,0.0,0.0,72,0.0
10-219-01264,BIHAR,Saran,Dariapur,0,0,,218,10,1264,,115477.27251924115,281302380.67878103,0.0,0.0,202,0.0
10-219-01265,BIHAR,Saran,Garkha,0,0,,218,10,1265,,90147.74693968748,213336409.9887166,0.0,0.0,154,0.0
10-220-01269,BIHAR,Vaishali,Paterhi Belsar,0,0,,224,10,1269,,56227.36197278124,93522597.26160131,0.0,0.0,69,0.0
10-219-01267,BIHAR,Saran,Sonepur,0,0,,218,10,1267,,70412.64000247594,214865144.18564072,0.0,0.0,162,0.0
10-220-01268,BIHAR,Vaishali,Vaishali,0,0,,224,10,1268,,72706.90824879723,158663399.21103516,0.0,0.0,114,0.0
10-220-01270,BIHAR,Vaishali,Lalganj,0,0,,224,10,1270,,89595.71916906572,184177988.41986412,0.0,0.0,133,0.0
10-221-01294,BIHAR,Samastipur,Mohiuddinagar,0,0,,217,10,1294,,80607.53716768604,178536106.2701614,0.0,0.0,130,0.0
10-220-01271,BIHAR,Vaishali,Bhagwanpur,0,0,,224,10,1271,,98965.72708266653,142473218.81446454,0.0,0.0,102,0.0
10-220-01272,BIHAR,Vaishali,Goraul,0,0,,224,10,1272,,101989.77906286377,122446101.92943335,0.0,0.0,87,0.0
10-220-01273,BIHAR,Vaishali,Chehra Kalan,0,0,,224,10,1273,,63204.34388206024,89818122.94593617,0.0,0.0,66,0.0
10-220-01277,BIHAR,Vaishali,Raja Pakar,0,0,,224,10,1277,,58946.08844196175,93673217.82917874,0.0,0.0,72,0.0
10-220-01274,BIHAR,Vaishali,Patepur,0,0,,224,10,1274,,118180.33822078991,317029999.71255994,0.0,0.0,234,0.0
10-220-01275,BIHAR,Vaishali,Mahua,0,0,,224,10,1275,,86273.82517515696,171155586.12447235,0.0,0.0,125,0.0
10-220-01276,BIHAR,Vaishali,Jandaha,0,0,,224,10,1276,,99044.76663725945,179891527.10359335,0.0,0.0,128,0.0
10-220-01278,BIHAR,Vaishali,Hajipur,0,0,,224,10,1278,,80048.24731377292,194916759.16986817,0.0,0.0,140,0.0
10-220-01280,BIHAR,Vaishali,Bidupur,0,0,,224,10,1280,,88122.3198685409,139375575.9420912,0.0,0.0,99,0.0
10-220-01279,BIHAR,Vaishali,Raghopur,0,0,,224,10,1279,,128641.49950069311,338499790.0832371,0.0,0.0,246,0.0
10-220-01281,BIHAR,Vaishali,Desri,0,0,,224,10,1281,,50183.809114488824,56627949.53624974,0.0,0.0,43,0.0
10-221-01284,BIHAR,Samastipur,Kalyanpur,0,0,,217,10,1284,,147387.26660455638,294821482.9966942,0.0,0.0,214,0.0
10-221-01286,BIHAR,Samastipur,Shivaji Nagar,0,0,,217,10,1286,,96209.25031894707,172333979.18990555,0.0,0.0,130,0.0
10-221-01288,BIHAR,Samastipur,Samastipur,0,0,,217,10,1288,,112474.97484539819,170577777.20953664,0.0,0.0,123,0.0
10-221-01289,BIHAR,Samastipur,Pusa,0,0,,217,10,1289,,64081.7615729533,95008289.7510354,0.0,0.0,65,0.0
10-221-01291,BIHAR,Samastipur,Morwa,0,0,,217,10,1291,,104551.97847793197,152111293.7773472,0.0,0.0,106,0.0
10-221-01292,BIHAR,Samastipur,Patori,0,0,,217,10,1292,,69422.25062895294,130638318.44440164,0.0,0.0,93,0.0
10-221-01295,BIHAR,Samastipur,Sarairanjan,0,0,,217,10,1295,,96463.23467310029,185572344.2706523,0.0,0.0,145,0.0
10-221-01296,BIHAR,Samastipur,Vidyapati Nagar,0,0,,217,10,1296,,62930.2690484309,106322816.42401849,0.0,0.0,75,0.0
10-221-01297,BIHAR,Samastipur,Dalsinghsarai,0,0,,217,10,1297,,80515.23552986495,118201268.21451648,0.0,0.0,89,0.0
10-221-01298,BIHAR,Samastipur,Ujiarpur,0,0,,217,10,1298,,81756.09445970641,209497824.1015558,0.0,0.0,149,0.0
10-221-01300,BIHAR,Samastipur,Rosera,0,0,,217,10,1300,,84599.34785899956,138535375.895554,0.0,0.0,97,0.0
10-221-01299,BIHAR,Samastipur,Bibhutpur,0,0,,217,10,1299,,96600.53522783429,258332531.194082,0.0,0.0,187,0.0
10-221-01301,BIHAR,Samastipur,Singhia,0,0,,217,10,1301,,76055.88015393679,178639507.67998633,0.0,0.0,128,0.0
10-222-01307,BIHAR,Begusarai,Cheria Bariarpur,0,0,,191,10,1307,,80422.0696045629,127840547.1243011,0.0,0.0,89,0.0
10-221-01302,BIHAR,Samastipur,Hasanpur,0,0,,217,10,1302,,122795.93417076243,188091095.39019313,0.0,0.0,138,0.0
10-221-01303,BIHAR,Samastipur,Bithan,0,0,,217,10,1303,,72838.55780104545,149849875.79630712,0.0,0.0,109,0.0
10-222-01304,BIHAR,Begusarai,Khudabandpur,0,0,,191,10,1304,,49522.71992212785,59617610.47663844,0.0,0.0,39,0.0
10-222-01305,BIHAR,Begusarai,Chhorahi,0,0,,191,10,1305,,96201.09768359947,128309829.49376953,0.0,0.0,94,0.0
10-222-01306,BIHAR,Begusarai,Garhpura,0,0,,191,10,1306,,69581.28073662621,88651595.91159394,0.0,0.0,68,0.0
10-222-01308,BIHAR,Begusarai,Bhagwanpur,0,0,,191,10,1308,,102620.52088176137,147276258.21886113,0.0,0.0,106,0.0
10-223-01324,BIHAR,Khagaria,Mansi,0,0,,202,10,1324,,70720.37786012898,86151878.56106131,0.0,0.0,69,0.0
10-222-01309,BIHAR,Begusarai,Mansurchak,0,0,,191,10,1309,,55538.61039021854,42158333.283958256,0.0,0.0,31,0.0
10-224-01333,BIHAR,Bhagalpur,Rangra Chowk,0,0,,192,10,1333,,56200.86409227388,97946271.45940188,0.0,0.0,71,0.0
10-222-01310,BIHAR,Begusarai,Bachhwara,0,0,,191,10,1310,,112893.55520851951,186501763.14040864,0.0,0.0,138,0.0
10-222-01311,BIHAR,Begusarai,Teghra,0,0,,191,10,1311,,93442.93751421869,180050069.66821858,0.0,0.0,129,0.0
10-222-01312,BIHAR,Begusarai,Barauni,0,0,,191,10,1312,,90573.71511882372,141812926.41245717,0.0,0.0,102,0.0
10-222-01313,BIHAR,Begusarai,Birpur,0,0,,191,10,1313,,69057.86510087451,64693086.30641256,0.0,0.0,53,0.0
10-222-01314,BIHAR,Begusarai,Begusarai,0,0,,191,10,1314,,114572.02827886646,273941103.5239774,0.0,0.0,200,0.0
10-222-01315,BIHAR,Begusarai,Naokothi,0,0,,191,10,1315,,61794.845266753924,91575422.87048158,0.0,0.0,64,0.0
10-222-01316,BIHAR,Begusarai,Bakhri,0,0,,191,10,1316,,74902.13049058078,94921186.04856166,0.0,0.0,66,0.0
10-222-01317,BIHAR,Begusarai,Dandari,0,0,,191,10,1317,,77075.31892237118,85364223.36403492,0.0,0.0,65,0.0
10-222-01318,BIHAR,Begusarai,Sahebpur Kamal,0,0,,191,10,1318,,97820.3506924087,179327758.1582562,0.0,0.0,131,0.0
10-222-01319,BIHAR,Begusarai,Balia,0,0,,191,10,1319,,95726.56851828664,181873531.04775092,0.0,0.0,133,0.0
10-222-01320,BIHAR,Begusarai,Matihani,0,0,,191,10,1320,,104199.58891726227,214311339.790948,0.0,0.0,157,0.0
10-222-01321,BIHAR,Begusarai,Shamho Akha Kurha,0,0,,191,10,1321,,47884.70174269599,82130306.58899558,0.0,0.0,58,0.0
10-223-01322,BIHAR,Khagaria,Alauli,0,0,,202,10,1322,,117176.16085281859,337532903.06560946,0.0,0.0,244,0.0
10-223-01323,BIHAR,Khagaria,Khagaria,0,0,,202,10,1323,,164255.4907534744,325761754.1557925,0.0,0.0,229,0.0
10-223-01325,BIHAR,Khagaria,Chautham,0,0,,202,10,1325,,88833.5659059585,205164632.7891582,0.0,0.0,148,0.0
10-228-01376,BIHAR,Sheikhpura,Chewara,0,0,,219,10,1376,,77279.14911837938,141385828.1075451,0.0,0.0,103,0.0
10-223-01326,BIHAR,Khagaria,Beldaur,0,0,,202,10,1326,,101449.44415348554,276820454.1841197,0.0,0.0,203,0.0
10-223-01327,BIHAR,Khagaria,Gogri,0,0,,202,10,1327,,109725.85953588395,321971045.3784509,0.0,0.0,231,0.0
10-223-01328,BIHAR,Khagaria,Parbatta,0,0,,202,10,1328,,89952.53209418767,286770838.53234714,0.0,0.0,215,0.0
10-224-01329,BIHAR,Bhagalpur,Narayanpur,0,0,,192,10,1329,,96964.50839109154,173637043.38008544,0.0,0.0,125,0.0
10-224-01330,BIHAR,Bhagalpur,Bihpur,0,0,,192,10,1330,,98960.16392998041,189427956.2070791,0.0,0.0,141,0.0
10-234-01472,BIHAR,Rohtas,Akorhi Gola,0,0,,215,10,1472,,71741.57946050014,124356844.03544964,4.442802543640137e-06,4.442802543640137e-06,94,0.0004176234391021729
10-224-01331,BIHAR,Bhagalpur,Kharik,0,0,,192,10,1331,,103106.05203500649,169292223.68779984,0.0,0.0,125,0.0
10-224-01332,BIHAR,Bhagalpur,Naugachhia,0,0,,192,10,1332,,91833.23423872421,134223697.96961665,0.0,0.0,95,0.0
10-224-01335,BIHAR,Bhagalpur,Pirpainti,0,0,,192,10,1335,,138631.2255747686,411429376.6216011,0.0,0.0,294,0.0
10-224-01336,BIHAR,Bhagalpur,Kahalgaon,0,0,,192,10,1336,,128722.99744742387,352186242.20537144,0.0,0.0,255,0.0
10-224-01337,BIHAR,Bhagalpur,Ismailpur,0,0,,192,10,1337,,66332.03197363381,102752037.41138108,0.0,0.0,75,0.0
10-224-01338,BIHAR,Bhagalpur,Sabour,0,0,,192,10,1338,,85492.0541239663,141198925.34276122,0.0,0.0,102,0.0
10-226-01359,BIHAR,Munger,Dharhara,0,0,,207,10,1359,,105188.90103685112,355220468.750446,0.0,0.0,262,0.0
10-224-01339,BIHAR,Bhagalpur,Nathnagar,0,0,,192,10,1339,,105259.93673308079,163498377.60317266,0.0,0.0,117,0.0
10-226-01360,BIHAR,Munger,Kharagpur,0,0,,207,10,1360,,169586.30903503796,398589433.5102216,0.0,0.0,291,0.0
10-224-01340,BIHAR,Bhagalpur,Sultanganj,0,0,,192,10,1340,,139861.1879796442,266407467.3450057,0.0,0.0,198,0.0
10-224-01341,BIHAR,Bhagalpur,Shahkund,0,0,,192,10,1341,,93276.90256650816,208798734.37786233,0.0,0.0,153,0.0
10-224-01342,BIHAR,Bhagalpur,Goradih,0,0,,192,10,1342,,106918.08891287447,178026414.43832883,0.0,0.0,128,0.0
10-224-01343,BIHAR,Bhagalpur,Jagdishpur,0,0,,192,10,1343,,107045.71303668506,127447147.46016994,0.0,0.0,95,0.0
10-224-01344,BIHAR,Bhagalpur,Sonhaula,0,0,,192,10,1344,,84463.86530366821,214425428.57327408,0.0,0.0,160,0.0
10-225-01345,BIHAR,Banka,Shambhuganj,0,0,,190,10,1345,,85765.27415008907,217970788.89652416,0.0,0.0,157,0.0
10-225-01346,BIHAR,Banka,Amarpur,0,0,,190,10,1346,,98000.87839154692,234663534.19316816,0.0,0.0,176,0.0
10-225-01347,BIHAR,Banka,Rajaun,0,0,,190,10,1347,,86718.04358754268,242814641.5593075,0.0,0.0,179,0.0
10-226-01363,BIHAR,Munger,Tetiha Bambor,0,0,,207,10,1363,,73286.15332623897,95190725.80042528,0.0,0.0,70,0.0
10-225-01348,BIHAR,Banka,Dhuraiya,0,0,,190,10,1348,,106681.6377356153,285703540.38620996,0.0,0.0,208,0.0
10-225-01349,BIHAR,Banka,Barahat,0,0,,190,10,1349,,122910.23058217819,181202001.14064544,0.0,0.0,129,0.0
10-225-01350,BIHAR,Banka,Banka,0,0,,190,10,1350,,137083.07375503817,365153241.48788345,0.0,0.0,275,0.0
10-225-01351,BIHAR,Banka,Phulidumar,0,0,,190,10,1351,,117105.67306472127,248400685.45023423,0.0,0.0,176,0.0
10-225-01352,BIHAR,Banka,Belhar,0,0,,190,10,1352,,118426.40149548957,290570448.277483,0.0,0.0,214,0.0
10-225-01353,BIHAR,Banka,Chanan,0,0,,190,10,1353,,169565.08902723462,550876204.0147796,0.0,0.0,403,0.0
10-225-01354,BIHAR,Banka,Katoria,0,0,,190,10,1354,,180268.89530762268,687665367.2781417,0.0,0.0,502,0.0
10-225-01355,BIHAR,Banka,Bausi,0,0,,190,10,1355,,109314.78149810205,385846183.7170387,0.0,0.0,284,0.0
10-226-01356,BIHAR,Munger,Munger,0,0,,207,10,1356,,162390.1628928388,306519605.49277806,0.0,0.0,227,0.0
10-226-01357,BIHAR,Munger,Bariarpur,0,0,,207,10,1357,,122433.4478606843,198040113.63802013,0.0,0.0,143,0.0
10-226-01358,BIHAR,Munger,Jamalpur,0,0,,207,10,1358,,72817.19566814511,112971204.64248075,0.0,0.0,79,0.0
10-226-01361,BIHAR,Munger,Asarganj,0,0,,207,10,1361,,61173.52838786665,72491453.98190036,0.0,0.0,52,0.0
10-226-01362,BIHAR,Munger,Tarapur,0,0,,207,10,1362,,54416.57713098438,86962445.68425661,0.0,0.0,62,0.0
10-226-01364,BIHAR,Munger,Sangrampur,0,0,,207,10,1364,,71205.18318302365,105786037.21986651,0.0,0.0,80,0.0
10-227-01366,BIHAR,Lakhisarai,Pipariya,0,0,,204,10,1366,,87968.2901826016,106258171.87143916,0.0,0.0,76,0.0
10-227-01365,BIHAR,Lakhisarai,Barahiya,0,0,,204,10,1365,,95965.48426593257,248505135.43154767,0.0,0.0,179,0.0
10-227-01367,BIHAR,Lakhisarai,Surajgarha,0,0,,204,10,1367,,140312.1609931406,462726462.37366486,0.0,0.0,340,0.0
10-227-01368,BIHAR,Lakhisarai,Lakhisarai,0,0,,204,10,1368,,117670.76745524361,181316338.94823277,0.0,0.0,133,0.0
10-227-01369,BIHAR,Lakhisarai,Chanan*,0,0,,204,10,1369,,86014.87070350182,177670731.10250506,0.0,0.0,128,0.0
10-228-01375,BIHAR,Sheikhpura,Ghat Kusumbha,0,0,,219,10,1375,,80592.24583619394,99088070.68237934,0.0,0.0,70,0.0
10-227-01370,BIHAR,Lakhisarai,Ramgarh Chowk,0,0,,204,10,1370,,98990.57354622113,128567389.13844268,0.0,0.0,94,0.0
10-227-01371,BIHAR,Lakhisarai,Halsi,0,0,,204,10,1371,,82594.8188222393,191441208.6304817,0.0,0.0,139,0.0
10-228-01372,BIHAR,Sheikhpura,Barbigha,0,0,,219,10,1372,,83879.7675047183,115941853.486741,0.0,0.0,81,0.0
10-228-01373,BIHAR,Sheikhpura,Shekhopur Sarai,0,0,,219,10,1373,,59774.96229914819,65955650.61796794,0.0,0.0,45,0.0
10-228-01374,BIHAR,Sheikhpura,Sheikhpura,0,0,,219,10,1374,,119718.3677454689,225551054.81458032,0.0,0.0,170,0.0
10-228-01377,BIHAR,Sheikhpura,Ariari,0,0,,219,10,1377,,87552.5859976097,183445963.63454768,0.0,0.0,137,0.0
10-229-01378,BIHAR,Nalanda,Karai Parsurai,0,0,,209,10,1378,,58523.47447411047,82148146.79064696,0.0,0.0,60,0.0
10-229-01379,BIHAR,Nalanda,Nagar Nausa,0,0,,209,10,1379,,82570.35159490984,108015836.82811198,0.0,0.0,80,0.0
10-229-01380,BIHAR,Nalanda,Harnaut,0,0,,209,10,1380,,124869.90123154312,224385440.0517296,0.0,0.0,161,0.0
10-229-01381,BIHAR,Nalanda,Chandi,0,0,,209,10,1381,,70527.81459673235,147156102.481168,0.0,0.0,109,0.0
10-229-01382,BIHAR,Nalanda,Rahui,0,0,,209,10,1382,,77076.6108369453,152249665.90613127,0.0,0.0,108,0.0
10-229-01383,BIHAR,Nalanda,Bind,0,0,,209,10,1383,,70364.80140905235,88091657.81671415,0.0,0.0,66,0.0
10-229-01384,BIHAR,Nalanda,Sarmera,0,0,,209,10,1384,,91044.34634338948,167201876.42476654,0.0,0.0,123,0.0
10-229-01385,BIHAR,Nalanda,Asthawan,0,0,,209,10,1385,,92263.18064708126,171325630.7179731,0.0,0.0,125,0.0
10-229-01387,BIHAR,Nalanda,Noorsarai,0,0,,209,10,1387,,78528.62700534344,151514769.88009417,0.0,0.0,114,0.0
10-229-01386,BIHAR,Nalanda,Bihar,0,0,,209,10,1386,,98561.8371020671,215840179.0991975,0.0,0.0,160,0.0
10-229-01390,BIHAR,Nalanda,Hilsa,0,0,,209,10,1390,,93433.88804652911,175765721.10991755,0.0,0.0,131,0.0
10-229-01391,BIHAR,Nalanda,Ekangarsarai,0,0,,209,10,1391,,87121.32234693572,166605847.460251,0.0,0.0,122,0.0
10-229-01392,BIHAR,Nalanda,Islampur,0,0,,209,10,1392,,109868.69145522316,273834151.4326934,0.0,0.0,194,0.0
10-229-01393,BIHAR,Nalanda,Ben,0,0,,209,10,1393,,66947.54721379357,127526149.56798536,0.0,0.0,94,0.0
10-230-01398,BIHAR,Patna,Maner,0,0,,212,10,1398,,96133.56350709034,213315300.3597084,0.0,0.0,154,0.0
10-229-01394,BIHAR,Nalanda,Rajgir,0,0,,209,10,1394,,88740.45664753366,198129288.77271983,0.0,0.0,147,0.0
10-229-01395,BIHAR,Nalanda,Silao,0,0,,209,10,1395,,79220.42929786978,154752836.13944647,0.0,0.0,114,0.0
10-229-01396,BIHAR,Nalanda,Giriak,0,0,,209,10,1396,,88347.46773236175,99576022.5731765,0.0,0.0,73,0.0
10-229-01397,BIHAR,Nalanda,Katrisarai,0,0,,209,10,1397,,38918.76300208476,48673462.28309288,0.0,0.0,36,0.0
10-230-01399,BIHAR,Patna,Dinapur-Cum-Khagaul,0,0,,212,10,1399,,78598.21354533077,184765788.04152673,0.0,0.0,135,0.0
10-234-01474,BIHAR,Rohtas,Tilouthu,0,0,,215,10,1474,,73885.57639601533,193504401.97342023,0.0,0.0,140,0.0
10-230-01400,BIHAR,Patna,Patna Rural,0,0,,212,10,1400,,87518.10425735511,179850223.48881748,0.0,0.0,131,0.0
10-230-01401,BIHAR,Patna,Sampatchak,0,0,,212,10,1401,,53219.7118618291,78902366.60372826,0.0,0.0,57,0.0
10-230-01406,BIHAR,Patna,Dulhin Bazar,0,0,,212,10,1406,,77792.54009458271,136539622.4680228,0.0,0.0,99,0.0
10-230-01402,BIHAR,Patna,Phulwari,0,0,,212,10,1402,,70659.26045014715,135940825.49713776,0.0,0.0,96,0.0
10-230-01413,BIHAR,Patna,Khusrupur,0,0,,212,10,1413,,46143.60198551767,78201544.387751,0.0,0.0,58,0.0
10-230-01403,BIHAR,Patna,Bihta,0,0,,212,10,1403,,116564.9809665079,244879174.98088208,0.0,0.0,182,0.0
10-230-01415,BIHAR,Patna,Athmalgola,0,0,,212,10,1415,,47997.69261940102,62827293.65665197,0.0,0.0,47,0.0
10-230-01404,BIHAR,Patna,Naubatpur,0,0,,212,10,1404,,105087.74367689912,205320191.59612688,0.0,0.0,153,0.0
10-230-01405,BIHAR,Patna,Bikram,0,0,,212,10,1405,,86626.03512108007,186422313.04867813,0.0,0.0,137,0.0
10-234-01475,BIHAR,Rohtas,Rohtas,0,0,,215,10,1475,,88257.59288547112,389741138.17794544,0.0,0.0,288,0.0
10-230-01407,BIHAR,Patna,Paliganj,0,0,,212,10,1407,,129476.3041410336,293354152.7667747,0.0,0.0,214,0.0
10-230-01408,BIHAR,Patna,Masaurhi,0,0,,212,10,1408,,108866.13277400887,248716954.87290823,0.0,0.0,178,0.0
10-230-01409,BIHAR,Patna,Dhanarua,0,0,,212,10,1409,,95102.40821522896,225577653.19725513,0.0,0.0,163,0.0
10-230-01410,BIHAR,Patna,Punpun,0,0,,212,10,1410,,82554.93388622913,161116560.78819045,0.0,0.0,118,0.0
10-230-01411,BIHAR,Patna,Fatwah,0,0,,212,10,1411,,97950.27190535897,155697451.47083917,0.0,0.0,115,0.0
10-230-01412,BIHAR,Patna,Daniawan,0,0,,212,10,1412,,69689.77872311571,79566220.36857046,0.0,0.0,56,0.0
10-230-01414,BIHAR,Patna,Bakhtiarpur,0,0,,212,10,1414,,120205.01587822943,168153072.20481881,0.0,0.0,120,0.0
10-230-01416,BIHAR,Patna,Belchhi,0,0,,212,10,1416,,88573.78025963024,87443681.0926542,0.0,0.0,70,0.0
10-230-01417,BIHAR,Patna,Barh,0,0,,212,10,1417,,95365.9771693495,147280816.515725,0.0,0.0,104,0.0
10-230-01419,BIHAR,Patna,Ghoswari,0,0,,212,10,1419,,66454.95033385535,164897376.1169027,0.0,0.0,126,0.0
10-230-01418,BIHAR,Patna,Pandarak,0,0,,212,10,1418,,106894.44852036482,252509471.6555304,0.0,0.0,180,0.0
10-232-01438,BIHAR,Buxar,Chaugain,0,0,,194,10,1438,,52625.33924401454,66025696.44875917,0.0,0.0,49,0.0
10-232-01439,BIHAR,Buxar,Kesath,0,0,,194,10,1439,,34661.84662025829,38236018.49691825,0.0,0.0,29,0.0
10-230-01420,BIHAR,Patna,Mokameh,0,0,,212,10,1420,,127700.39840194934,244519830.48183808,0.0,0.0,181,0.0
10-231-01421,BIHAR,Bhojpur,Shahpur,0,0,,193,10,1421,,110658.91431619873,211766871.4500774,0.0,0.0,156,0.0
10-234-01460,BIHAR,Rohtas,Suryapura,0,0,,215,10,1460,,56159.7630280001,69765063.31452103,5.48410629272461e-06,5.48410629272461e-06,47,0.00025775299575805667
10-231-01422,BIHAR,Bhojpur,Arrah,0,0,,193,10,1422,,120924.06747051864,221925641.7145924,0.0,0.0,159,0.0
10-231-01423,BIHAR,Bhojpur,Barhara,0,0,,193,10,1423,,128817.96875565937,258494738.36324885,0.0,0.0,191,0.0
10-231-01424,BIHAR,Bhojpur,Koilwar,0,0,,193,10,1424,,94779.33453556667,208456312.66749656,0.0,0.0,149,0.0
10-231-01425,BIHAR,Bhojpur,Sandesh,0,0,,193,10,1425,,60697.76797134289,164599530.19806212,0.0,0.0,118,0.0
10-231-01426,BIHAR,Bhojpur,Udwant Nagar,0,0,,193,10,1426,,92445.60417460876,217797556.82002312,0.0,0.0,161,0.0
10-234-01461,BIHAR,Rohtas,Bikramganj,0,0,,215,10,1461,,88556.32896667719,168723569.68103397,5.48410629272461e-06,5.4841062927246105e-06,129,0.0007074497117614747
10-231-01427,BIHAR,Bhojpur,Behea,0,0,,193,10,1427,,114516.77527652554,206091349.70539597,0.0,0.0,150,0.0
10-231-01428,BIHAR,Bhojpur,Jagdishpur,0,0,,193,10,1428,,109726.00219208181,318463526.4488765,0.0,0.0,228,0.0
10-231-01429,BIHAR,Bhojpur,Piro,0,0,,193,10,1429,,100703.96274410955,268205354.86689487,7.183958892822266e-06,4.200497229003906e-06,200,0.0008400994458007812
10-234-01462,BIHAR,Rohtas,Karakat,0,0,,215,10,1462,,102232.22868007293,251121712.10833624,7.183958892822266e-06,5.56754112958908e-06,176,0.000979887238807678
10-231-01430,BIHAR,Bhojpur,Charpokhari,0,0,,193,10,1430,,88834.1327790213,135855258.49695313,7.183958892822266e-06,5.0665815349378095e-06,95,0.00048132524581909187
10-231-01431,BIHAR,Bhojpur,Garhani,0,0,,193,10,1431,,93054.52180151101,137128723.85739592,7.183958892822266e-06,8.369660846006523e-07,103,8.620750671386719e-05
10-231-01432,BIHAR,Bhojpur,Agiaon,0,0,,193,10,1432,,87534.07309197474,191419206.17039648,7.183958892822266e-06,2.7392073476228784e-06,139,0.0003807498213195801
10-231-01433,BIHAR,Bhojpur,Tarari,0,0,,193,10,1433,,95157.98131215997,247108515.4982669,7.183958892822266e-06,7.001488839704438e-06,177,0.0012392635246276855
10-231-01434,BIHAR,Bhojpur,Sahar,0,0,,193,10,1434,,61748.81499939302,157154129.14318892,7.183958892822266e-06,6.017333089714377e-06,117,0.000704027971496582
10-232-01435,BIHAR,Buxar,Simri,0,0,,194,10,1435,,87047.69219699135,222195796.247413,0.0,0.0,164,0.0
10-232-01436,BIHAR,Buxar,Chakki,0,0,,194,10,1436,,73799.54032015939,80420668.23199363,0.0,0.0,64,0.0
10-232-01437,BIHAR,Buxar,Barhampur,0,0,,194,10,1437,,133928.15369382405,240152233.65370417,0.0,0.0,173,0.0
10-232-01440,BIHAR,Buxar,Dumraon,0,0,,194,10,1440,,115797.88145848007,238641355.07175583,0.0,0.0,169,0.0
10-232-01441,BIHAR,Buxar,Buxar,0,0,,194,10,1441,,90996.21871903203,211591033.38394436,0.0,0.0,157,0.0
10-232-01442,BIHAR,Buxar,Chausa,0,0,,194,10,1442,,99103.08457070828,138502720.57991108,0.0,0.0,107,0.0
10-232-01443,BIHAR,Buxar,Rajpur,0,0,,194,10,1443,,121142.9666413415,336933113.12217736,0.0,0.0,245,0.0
10-232-01444,BIHAR,Buxar,Itarhi,0,0,,194,10,1444,,109439.3274763228,293713382.2816445,0.0,0.0,209,0.0
10-232-01445,BIHAR,Buxar,Nawanagar,0,0,,194,10,1445,,126567.10382889764,229774401.79100823,5.48410629272461e-06,7.139073280469906e-07,169,0.00012065033843994141
10-233-01446,BIHAR,Kaimur (Bhabua),Ramgarh,0,0,,200,10,1446,,124781.0721120257,206666195.02442607,0.0,0.0,151,0.0
10-233-01447,BIHAR,Kaimur (Bhabua),Nuaon,0,0,,200,10,1447,,121732.74643995032,235834986.4758632,0.0,0.0,171,0.0
10-233-01448,BIHAR,Kaimur (Bhabua),Kudra,0,0,,200,10,1448,,132624.50147962422,255577893.54332253,0.0,0.0,189,0.0
10-233-01449,BIHAR,Kaimur (Bhabua),Mohania,0,0,,200,10,1449,,142323.6809133636,349176573.6513165,0.0,0.0,256,0.0
10-233-01450,BIHAR,Kaimur (Bhabua),Durgawati,0,0,,200,10,1450,,108544.41183902678,212580801.4059764,0.0,0.0,154,0.0
10-233-01451,BIHAR,Kaimur (Bhabua),Chand,0,0,,200,10,1451,,97099.60209928264,257974481.1925409,0.0,0.0,188,0.0
10-233-01452,BIHAR,Kaimur (Bhabua),Chainpur,0,0,,200,10,1452,,170712.34536647963,555311526.8488017,0.0,0.0,407,0.0
10-233-01453,BIHAR,Kaimur (Bhabua),Bhabua,0,0,,200,10,1453,,143727.89821118704,407618990.38615096,0.0,0.0,301,0.0
10-233-01454,BIHAR,Kaimur (Bhabua),Rampur,0,0,,200,10,1454,,126612.15498309073,210660395.23746365,0.0,0.0,149,0.0
10-233-01455,BIHAR,Kaimur (Bhabua),Bhagwanpur,0,0,,200,10,1455,,134815.05705103654,292151198.96788174,0.0,0.0,211,0.0
10-233-01456,BIHAR,Kaimur (Bhabua),Adhaura,0,0,,200,10,1456,,271357.2345421078,1135984955.9859164,0.0,0.0,833,0.0
10-234-01457,BIHAR,Rohtas,Kochas,0,0,,215,10,1457,,90248.48407846906,187033418.62218276,0.0,0.0,132,0.0
10-234-01458,BIHAR,Rohtas,Dinara,0,0,,215,10,1458,,157118.7651045217,464648316.8452498,5.48410629272461e-06,1.2865938516655976e-06,341,0.00043872850341796876
10-234-01459,BIHAR,Rohtas,Dawath,0,0,,215,10,1459,,78120.6651060775,129910427.66035384,5.48410629272461e-06,5.48410629272461e-06,94,0.0005155059915161133
10-234-01466,BIHAR,Rohtas,Nokha,0,0,,215,10,1466,,82152.91978314315,208772248.59610957,4.442802543640137e-06,9.90624891487328e-07,148,0.00014661248394012453
10-235-01476,BIHAR,Aurangabad,Daudnagar,0,0,,189,10,1476,,91010.07504965532,238139281.75712803,5.8326126861572275e-06,5.656889564689549e-06,174,0.0009842987842559815
10-234-01467,BIHAR,Rohtas,Kargahar,0,0,,215,10,1467,,128509.87472624176,406135690.59563094,0.0,0.0,296,0.0
10-234-01468,BIHAR,Rohtas,Chenari,0,0,,215,10,1468,,121720.69626398994,292642418.8385522,0.0,0.0,215,0.0
10-234-01469,BIHAR,Rohtas,Nauhatta,0,0,,215,10,1469,,175494.75594492842,478591449.404211,0.0,0.0,354,0.0
10-234-01470,BIHAR,Rohtas,Sheosagar,0,0,,215,10,1470,,135463.8765525897,406503956.12222886,0.0,0.0,295,0.0
10-234-01471,BIHAR,Rohtas,Sasaram,0,0,,215,10,1471,,135810.11950728856,394273130.8742507,4.442802543640137e-06,1.6852009648290172e-07,290,4.88708279800415e-05
10-234-01473,BIHAR,Rohtas,Dehri,0,0,,215,10,1473,,97323.52013589225,199371136.99043605,4.442802543640137e-06,3.094641771776923e-06,145,0.0004487230569076539
10-235-01477,BIHAR,Aurangabad,Haspura,0,0,,189,10,1477,,88845.10694940752,164519986.5205008,5.8326126861572275e-06,5.7362058648984295e-06,121,0.00069408090965271
10-235-01478,BIHAR,Aurangabad,Goh,0,0,,189,10,1478,,122286.20877621078,374665187.3660463,5.8326126861572275e-06,1.6297006034851074e-06,272,0.00044327856414794924
10-236-01491,BIHAR,Gaya,Neem Chak Bathani,0,0,,196,10,1491,,79540.44278654993,146770773.7769567,0.0,0.0,103,0.0
10-235-01479,BIHAR,Aurangabad,Rafiganj,0,0,,189,10,1479,,167069.30684925965,465687847.79432577,5.8326126861572275e-06,1.2144149581148477e-06,341,0.0004141155007171631
10-235-01480,BIHAR,Aurangabad,Obra,0,0,,189,10,1480,,130720.05569071589,327203821.09876627,5.8326126861572275e-06,4.7587988448646e-06,237,0.0011278353262329103
10-236-01494,BIHAR,Gaya,Manpur,0,0,,196,10,1494,,77081.78707553667,161226183.41058797,0.0,0.0,115,0.0
10-235-01481,BIHAR,Aurangabad,Aurangabad,0,0,,189,10,1481,,125502.68609205673,344679798.38062614,0.0,0.0,256,0.0
10-237-01511,BIHAR,Nawada,Nardiganj,0,0,,210,10,1511,,60262.24041371029,129808165.4472442,0.0,0.0,95,0.0
10-235-01482,BIHAR,Aurangabad,Barun,0,0,,189,10,1482,,117269.30390529483,381782699.30215496,4.442802543640137e-06,1.4280436747414727e-06,280,0.00039985222892761235
10-235-01483,BIHAR,Aurangabad,Nabinagar,0,0,,189,10,1483,,173491.30877801325,657546828.2218357,0.0,0.0,483,0.0
10-235-01484,BIHAR,Aurangabad,Kutumba,0,0,,189,10,1484,,110495.73757590447,319048251.76106954,0.0,0.0,229,0.0
10-235-01485,BIHAR,Aurangabad,Deo,0,0,,189,10,1485,,158578.88849021672,336990745.1586724,0.0,0.0,251,0.0
10-235-01486,BIHAR,Aurangabad,Madanpur,0,0,,189,10,1486,,153529.37367368402,418713952.50229967,0.0,0.0,309,0.0
10-236-01487,BIHAR,Gaya,Konch,0,0,,196,10,1487,,154041.56172387034,319288521.7326548,0.0,0.0,232,0.0
10-236-01488,BIHAR,Gaya,Tikari,0,0,,196,10,1488,,122221.36853604284,290576655.12704176,0.0,0.0,218,0.0
10-236-01489,BIHAR,Gaya,Belaganj,0,0,,196,10,1489,,113473.13279109563,240372540.95814112,0.0,0.0,180,0.0
10-236-01490,BIHAR,Gaya,Khizirsarai,0,0,,196,10,1490,,103698.13096672995,223124430.97950032,0.0,0.0,165,0.0
10-236-01492,BIHAR,Gaya,Muhra,0,0,,196,10,1492,,93681.45756176667,181269438.2139707,0.0,0.0,134,0.0
10-236-01493,BIHAR,Gaya,Atri,0,0,,196,10,1493,,103075.15367958385,161340647.62451813,0.0,0.0,119,0.0
10-236-01495,BIHAR,Gaya,Gaya Town C.D.Block,0,0,,196,10,1495,,91678.58033080616,224144813.6021213,0.0,0.0,161,0.0
10-236-01496,BIHAR,Gaya,Paraiya,0,0,,196,10,1496,,75593.31264449215,167300846.5298876,0.0,0.0,120,0.0
10-236-01497,BIHAR,Gaya,Guraru,0,0,,196,10,1497,,81292.54933661391,199646285.7542363,0.0,0.0,147,0.0
10-237-01512,BIHAR,Nawada,Nawada,0,0,,210,10,1512,,86822.75137888109,219317998.1072041,0.0,0.0,157,0.0
10-236-01498,BIHAR,Gaya,Gurua,0,0,,196,10,1498,,117859.62964526065,238015237.1519128,0.0,0.0,173,0.0
10-236-01499,BIHAR,Gaya,Amas,0,0,,196,10,1499,,100546.69423332924,128484051.44985774,0.0,0.0,95,0.0
10-237-01517,BIHAR,Nawada,Roh,0,0,,210,10,1517,,77804.52626079548,192537548.9783989,0.0,0.0,144,0.0
10-236-01500,BIHAR,Gaya,Banke Bazar,0,0,,196,10,1500,,85166.97220092022,256240042.68049288,0.0,0.0,186,0.0
10-236-01501,BIHAR,Gaya,Imamganj,0,0,,196,10,1501,,136271.57775821586,316917295.57645696,0.0,0.0,239,0.0
10-236-01502,BIHAR,Gaya,Dumaria,0,0,,196,10,1502,,119690.94596035974,390676703.928496,0.0,0.0,285,0.0
10-236-01503,BIHAR,Gaya,Sherghati,0,0,,196,10,1503,,100322.2973073121,167902109.12194017,0.0,0.0,123,0.0
10-238-01531,BIHAR,Jamui,Gidhaur,0,0,,198,10,1531,,55211.5633940527,100392309.18230554,0.0,0.0,75,0.0
10-236-01504,BIHAR,Gaya,Dobhi,0,0,,196,10,1504,,103572.88994215836,218837778.49499393,0.0,0.0,161,0.0
10-236-01505,BIHAR,Gaya,Bodh Gaya,0,0,,196,10,1505,,120948.91182130505,306843965.9119923,0.0,0.0,230,0.0
10-236-01506,BIHAR,Gaya,Tan Kuppa,0,0,,196,10,1506,,108147.94853451202,190099968.23000297,0.0,0.0,134,0.0
10-240-01542,BIHAR,Arwal,Arwal,0,0,,611,10,1542,,73924.8054791393,147787869.27798152,7.183958892822266e-06,1.8650662510211653e-06,104,0.00019396689010620118
10-236-01507,BIHAR,Gaya,Wazirganj,0,0,,196,10,1507,,105472.06999302967,323030583.61833626,0.0,0.0,236,0.0
10-236-01508,BIHAR,Gaya,Fatehpur,0,0,,196,10,1508,,155359.44599717355,408449805.62920874,0.0,0.0,304,0.0
10-240-01543,BIHAR,Arwal,Kaler,0,0,,611,10,1543,,67777.19153730445,176075758.749563,7.183958892822266e-06,6.9570152550617254e-06,131,0.000911368998413086
10-236-01509,BIHAR,Gaya,Mohanpur,0,0,,196,10,1509,,119906.24818546322,418796109.2883684,0.0,0.0,303,0.0
10-240-01544,BIHAR,Arwal,Karpi,0,0,,611,10,1544,,158139.92638461498,234985661.7206014,7.183958892822266e-06,5.921924888255984e-07,172,0.00010185710807800294
10-236-01510,BIHAR,Gaya,Barachatti,0,0,,196,10,1510,,138753.78132836288,366328956.31361085,0.0,0.0,275,0.0
10-237-01513,BIHAR,Nawada,Warisaliganj,0,0,,210,10,1513,,109792.76918459819,202861050.3008767,0.0,0.0,147,0.0
10-237-01514,BIHAR,Nawada,Kashi Chak,0,0,,210,10,1514,,73948.94452619922,98983451.20841853,0.0,0.0,72,0.0
10-237-01515,BIHAR,Nawada,Pakribarawan,0,0,,210,10,1515,,104545.76938151139,251834567.85717744,0.0,0.0,184,0.0
10-237-01516,BIHAR,Nawada,Kawakol,0,0,,210,10,1516,,121170.20018263235,362955647.76482904,0.0,0.0,266,0.0
10-237-01518,BIHAR,Nawada,Gobindpur,0,0,,210,10,1518,,73133.35659787485,188189390.13263756,0.0,0.0,140,0.0
10-237-01519,BIHAR,Nawada,Akbarpur,0,0,,210,10,1519,,91268.2921062847,249541236.96202633,0.0,0.0,184,0.0
10-237-01520,BIHAR,Nawada,Hisua,0,0,,210,10,1520,,85113.4923130193,144090762.99664384,0.0,0.0,104,0.0
10-237-01521,BIHAR,Nawada,Narhat,0,0,,210,10,1521,,62856.50481924386,99624005.77002536,0.0,0.0,69,0.0
10-237-01522,BIHAR,Nawada,Meskaur,0,0,,210,10,1522,,75185.00287586387,145604023.18435815,0.0,0.0,112,0.0
10-237-01523,BIHAR,Nawada,Sirdala,0,0,,210,10,1523,,111278.51695598938,301894539.186342,0.0,0.0,218,0.0
10-237-01524,BIHAR,Nawada,Rajauli,0,0,,210,10,1524,,132370.86211000624,450216393.36794454,0.0,0.0,333,0.0
10-238-01525,BIHAR,Jamui,Islamnagar Aliganj,0,0,,198,10,1525,,96153.77396855215,213408239.47295904,0.0,0.0,156,0.0
10-238-01526,BIHAR,Jamui,Sikandra,0,0,,198,10,1526,,86788.2538333537,223096734.30010977,0.0,0.0,162,0.0
10-238-01527,BIHAR,Jamui,Jamui,0,0,,198,10,1527,,90084.78430112793,212157753.6648698,0.0,0.0,155,0.0
10-238-01528,BIHAR,Jamui,Barhat,0,0,,198,10,1528,,114104.37581341481,270298087.1382075,0.0,0.0,197,0.0
10-238-01529,BIHAR,Jamui,Lakshmipur,0,0,,198,10,1529,,112147.89260238525,307635253.00857943,0.0,0.0,225,0.0
10-238-01530,BIHAR,Jamui,Jhajha,0,0,,198,10,1530,,147664.43327942316,507112726.974952,0.0,0.0,370,0.0
10-238-01532,BIHAR,Jamui,Khaira,0,0,,198,10,1532,,142747.05687020053,513762691.7981683,0.0,0.0,377,0.0
10-238-01533,BIHAR,Jamui,Sono,0,0,,198,10,1533,,117724.39892386932,474283005.7300444,0.0,0.0,349,0.0
10-238-01534,BIHAR,Jamui,Chakai,0,0,,198,10,1534,,243956.2217086091,956725034.6798706,0.0,0.0,700,0.0
10-239-01535,BIHAR,Jehanabad,Ratni Faridpur,0,0,,199,10,1535,,82762.53932271499,155018952.20303965,0.0,0.0,114,0.0
10-239-01536,BIHAR,Jehanabad,Jehanabad,0,0,,199,10,1536,,97254.09844747804,201426556.69272655,0.0,0.0,148,0.0
10-239-01537,BIHAR,Jehanabad,Kako,0,0,,199,10,1537,,83599.3529020472,162373941.78194478,0.0,0.0,118,0.0
10-239-01538,BIHAR,Jehanabad,Modanganj,0,0,,199,10,1538,,66522.90037500951,97205276.85869928,0.0,0.0,69,0.0
10-239-01539,BIHAR,Jehanabad,Ghoshi,0,0,,199,10,1539,,82931.95174196921,112225161.55433495,0.0,0.0,83,0.0
10-239-01540,BIHAR,Jehanabad,Makhdumpur,0,0,,199,10,1540,,128831.72570768485,301471679.33572614,0.0,0.0,217,0.0
10-239-01541,BIHAR,Jehanabad,Hulasganj,0,0,,199,10,1541,,87179.53907708311,119677697.18988888,0.0,0.0,90,0.0
10-240-01545,BIHAR,Arwal,Sonbhadra Banshi Suryapur,0,0,,611,10,1545,,62692.97791397586,116643000.97724338,0.0,0.0,83,0.0
10-240-01546,BIHAR,Arwal,Kurtha,0,0,,611,10,1546,,71585.17106640573,106433073.5354984,0.0,0.0,78,0.0
10-224-01334,BIHAR,Bhagalpur,Gopalpur,0,0,,192,10,1334,,95407.9186210158,208941966.91883087,0.0,0.0,153,0.0
10-210-01127,BIHAR,Kishanganj,Kishanganj,0,0,,203,10,1127,,125268.33771117091,207105687.55921903,0.0,0.0,152,0.0
10-206-01064,BIHAR,Sitamarhi,Suppi,0,0,,221,10,1064,,71084.15120823232,92250451.53846286,0.0,0.0,66,0.0
10-234-01463,BIHAR,Rohtas,Nasriganj,0,0,,215,10,1463,,90034.07903274363,167356919.18355417,0.0,0.0,126,0.0
10-234-01464,BIHAR,Rohtas,Rajpur,0,0,,215,10,1464,,68660.48684625747,85633596.4997788,0.0,0.0,63,0.0
10-234-01465,BIHAR,Rohtas,Sanjhauli,0,0,,215,10,1465,,56591.722358052,83833486.39015438,0.0,0.0,63,0.0
10-203-01023,BIHAR,Pashchim Champaran,Thakrahan,0,0,,211,10,1023,,79847.09402015881,199004696.79409248,0.0,0.0,145,0.0
10-204-01054,BIHAR,Purbi Champaran,Phenhara,0,0,,213,10,1054,,44565.43736457999,67645025.94776015,0.0,0.0,51,0.0
10-219-01262,BIHAR,Saran,Maker,0,0,,218,10,1262,,62357.8736467211,96585777.9808088,0.0,0.0,71,0.0
10-220-01282,BIHAR,Vaishali,Sahdai Buzurg,0,0,,224,10,1282,,74546.65030748869,114161677.3631406,0.0,0.0,84,0.0
10-229-01388,BIHAR,Nalanda,Tharthari,0,0,,209,10,1388,,71853.42144919158,77411758.12428828,0.0,0.0,54,0.0
10-229-01389,BIHAR,Nalanda,Parbalpur,0,0,,209,10,1389,,54466.2339431045,76043839.88376136,0.0,0.0,56,0.0
10-203-01022,BIHAR,Pashchim Champaran,Bhitaha,0,0,,211,10,1022,,72626.86760213553,166969906.7472905,0.0,0.0,117,0.0
10-203-01013,BIHAR,Pashchim Champaran,Sidhaw,0,0,,211,10,1013,,195582.3602130639,1085337194.6715722,0.0,0.0,781,0.0
10-203-01014,BIHAR,Pashchim Champaran,Ramnagar,0,0,,211,10,1014,,230865.78384139363,866139404.2451236,0.0,0.0,621,0.0
10-203-01015,BIHAR,Pashchim Champaran,Gaunaha,0,0,,211,10,1015,,136504.94021895694,605322845.3823951,0.0,0.0,441,0.0
10-203-01016,BIHAR,Pashchim Champaran,Mainatanr,0,0,,211,10,1016,,115419.13930249632,312998546.4010918,0.0,0.0,221,0.0
10-203-01017,BIHAR,Pashchim Champaran,Narkatiaganj,0,0,,211,10,1017,,149144.20649331805,441857686.2127825,0.0,0.0,314,0.0
10-203-01018,BIHAR,Pashchim Champaran,Lauriya,0,0,,211,10,1018,,120853.32018665274,255440417.54612216,0.0,0.0,183,0.0
10-203-01019,BIHAR,Pashchim Champaran,Bagaha,0,0,,211,10,1019,,135587.24079810514,491292931.53180623,0.0,0.0,352,0.0
10-203-01021,BIHAR,Pashchim Champaran,Madhubani,0,0,,211,10,1021,,144670.82201821523,386116138.1353823,0.0,0.0,276,0.0
10-203-01024,BIHAR,Pashchim Champaran,Jogapatti,0,0,,211,10,1024,,88530.23644360513,258722436.3759333,0.0,0.0,186,0.0
10-203-01029,BIHAR,Pashchim Champaran,Bairia,0,0,,211,10,1029,,105039.82861382668,288505226.87341565,0.0,0.0,208,0.0
10-203-01025,BIHAR,Pashchim Champaran,Chanpatia,0,0,,211,10,1025,,113543.7602983494,310017349.34780717,0.0,0.0,226,0.0
10-206-01071,BIHAR,Sitamarhi,Parsauni,0,0,,221,10,1071,,63729.135625112256,74724139.64418457,0.0,0.0,55,0.0
10-203-01026,BIHAR,Pashchim Champaran,Sikta,0,0,,211,10,1026,,93443.22825707054,255004178.86147365,0.0,0.0,183,0.0
10-203-01027,BIHAR,Pashchim Champaran,Majhaulia,0,0,,211,10,1027,,123374.4030721297,371511179.15939575,0.0,0.0,265,0.0
10-203-01028,BIHAR,Pashchim Champaran,Bettiah,0,0,,211,10,1028,,53968.26030594324,83182055.35378212,0.0,0.0,59,0.0
10-203-01030,BIHAR,Pashchim Champaran,Nautan,0,0,,211,10,1030,,122656.63983711715,245738630.13883996,0.0,0.0,171,0.0
10-204-01031,BIHAR,Purbi Champaran,Raxaul,0,0,,213,10,1031,,98709.78801801558,166685360.13968688,0.0,0.0,124,0.0
10-206-01072,BIHAR,Sitamarhi,Belsand,0,0,,221,10,1072,,66235.5873217276,97354060.86547032,0.0,0.0,70,0.0
10-206-01073,BIHAR,Sitamarhi,Runisaidpur,0,0,,221,10,1073,,152472.54206325076,334873257.0825382,0.0,0.0,243,0.0
10-204-01032,BIHAR,Purbi Champaran,Adapur,0,0,,213,10,1032,,94532.37688292323,199608924.7111849,0.0,0.0,148,0.0
10-206-01074,BIHAR,Sitamarhi,Dumra,0,0,,221,10,1074,,111649.34177378344,241159212.36062923,0.0,0.0,178,0.0
10-204-01033,BIHAR,Purbi Champaran,Ramgarhwa,0,0,,213,10,1033,,90718.26831189607,213035907.5226096,0.0,0.0,154,0.0
10-204-01034,BIHAR,Purbi Champaran,Sugauli,0,0,,213,10,1034,,84892.41923436844,209336830.19001696,0.0,0.0,149,0.0
10-204-01038,BIHAR,Purbi Champaran,Ghorasahan,0,0,,213,10,1038,,75335.10865687576,144368243.47105,0.0,0.0,104,0.0
10-204-01035,BIHAR,Purbi Champaran,Banjaria,0,0,,213,10,1035,,102381.40449613356,176960195.87167916,0.0,0.0,124,0.0
10-204-01047,BIHAR,Purbi Champaran,Kesaria,0,0,,213,10,1047,,87546.8206889307,229535442.11688668,0.0,0.0,168,0.0
10-204-01036,BIHAR,Purbi Champaran,Narkatia,0,0,,213,10,1036,,105607.09704406632,168338010.30978012,0.0,0.0,120,0.0
10-204-01037,BIHAR,Purbi Champaran,Bankatwa,0,0,,213,10,1037,,99233.37216886049,115311013.90225838,0.0,0.0,82,0.0
10-204-01039,BIHAR,Purbi Champaran,Dhaka,0,0,,213,10,1039,,97673.73467814895,202386545.86227983,0.0,0.0,145,0.0
10-204-01048,BIHAR,Purbi Champaran,Kalyanpur,0,0,,213,10,1048,,109413.20044555076,313300912.50613195,0.0,0.0,230,0.0
10-204-01040,BIHAR,Purbi Champaran,Chiraia,0,0,,213,10,1040,,110764.71696779084,272984575.32652414,0.0,0.0,199,0.0
10-204-01041,BIHAR,Purbi Champaran,Motihari,0,0,,213,10,1041,,181544.26702654368,319814691.13850176,0.0,0.0,241,0.0
10-204-01049,BIHAR,Purbi Champaran,Kotwa,0,0,,213,10,1049,,78879.98205471091,178282937.71225017,0.0,0.0,126,0.0
10-204-01042,BIHAR,Purbi Champaran,Turkaulia,0,0,,213,10,1042,,99475.78497366334,174748315.94966665,0.0,0.0,130,0.0
10-204-01050,BIHAR,Purbi Champaran,Piprakothi,0,0,,213,10,1050,,58369.33889310607,62223774.49301849,0.0,0.0,45,0.0
10-204-01043,BIHAR,Purbi Champaran,Harsidhi,0,0,,213,10,1043,,133904.34238337883,240218359.62130272,0.0,0.0,173,0.0
10-204-01044,BIHAR,Purbi Champaran,Paharpur,0,0,,213,10,1044,,108730.62076802726,192061375.0173064,0.0,0.0,144,0.0
10-204-01045,BIHAR,Purbi Champaran,Areraj,0,0,,213,10,1045,,93331.67353690567,242725576.26244012,0.0,0.0,174,0.0
10-204-01046,BIHAR,Purbi Champaran,Sangrampur,0,0,,213,10,1046,,78133.67961210197,187659878.02718252,0.0,0.0,133,0.0
10-204-01051,BIHAR,Purbi Champaran,Chakia(Pipra),0,0,,213,10,1051,,129110.66914194856,212940547.80779588,0.0,0.0,145,0.0
10-204-01052,BIHAR,Purbi Champaran,Pakri Dayal,0,0,,213,10,1052,,90143.40730437863,148110040.62869397,0.0,0.0,106,0.0
10-204-01053,BIHAR,Purbi Champaran,Patahi,0,0,,213,10,1053,,85994.51677214028,144960443.14880535,0.0,0.0,100,0.0
10-204-01055,BIHAR,Purbi Champaran,Madhuban,0,0,,213,10,1055,,112681.00006095257,152424272.44650427,0.0,0.0,114,0.0
10-204-01056,BIHAR,Purbi Champaran,Tetaria,0,0,,213,10,1056,,82320.72754353678,104458405.63845472,0.0,0.0,74,0.0
10-205-01058,BIHAR,Sheohar,Purnahiya,0,0,,220,10,1058,,57294.126150412616,80859097.14068061,0.0,0.0,59,0.0
10-204-01057,BIHAR,Purbi Champaran,Mehsi,0,0,,213,10,1057,,125063.78039343117,149773808.08158112,0.0,0.0,108,0.0
10-205-01059,BIHAR,Sheohar,Piprarhi,0,0,,220,10,1059,,105870.45511307275,104265216.9562483,0.0,0.0,77,0.0
10-205-01060,BIHAR,Sheohar,Sheohar,0,0,,220,10,1060,,81007.5322908237,115638983.35873616,0.0,0.0,83,0.0
10-205-01061,BIHAR,Sheohar,Dumri Katsari,0,0,,220,10,1061,,65038.65439014734,84655470.24819931,0.0,0.0,59,0.0
10-205-01062,BIHAR,Sheohar,Tariani Chowk,0,0,,220,10,1062,,97491.22869259815,171878914.60720828,0.0,0.0,126,0.0
10-206-01063,BIHAR,Sitamarhi,Bairgania,0,0,,221,10,1063,,59598.621146511534,94417571.99630062,0.0,0.0,70,0.0
10-206-01065,BIHAR,Sitamarhi,Majorganj,0,0,,221,10,1065,,62808.55729710282,95411217.42446172,0.0,0.0,68,0.0
10-206-01066,BIHAR,Sitamarhi,Sonbarsa,0,0,,221,10,1066,,92820.94699371175,224104085.6083578,0.0,0.0,155,0.0
10-206-01067,BIHAR,Sitamarhi,Parihar,0,0,,221,10,1067,,86838.20299610356,272812569.4060281,0.0,0.0,197,0.0
10-207-01095,BIHAR,Madhubani,Rajnagar,0,0,,206,10,1095,,78809.12744912357,223111125.2667772,0.0,0.0,158,0.0
10-206-01068,BIHAR,Sitamarhi,Sursand,0,0,,221,10,1068,,91215.71647520129,181412871.1123928,0.0,0.0,134,0.0
10-206-01069,BIHAR,Sitamarhi,Bathnaha,0,0,,221,10,1069,,120764.04051803834,251403523.12922087,0.0,0.0,185,0.0
10-206-01070,BIHAR,Sitamarhi,Riga,0,0,,221,10,1070,,129433.73210860479,163724219.02092636,0.0,0.0,114,0.0
10-210-01123,BIHAR,Kishanganj,Thakurganj,0,0,,203,10,1123,,224971.2940646554,491161543.46963537,0.0,0.0,353,0.0
10-210-01124,BIHAR,Kishanganj,Pothia,0,0,,203,10,1124,,167388.9118766352,443844792.4531903,0.0,0.0,321,0.0
10-210-01125,BIHAR,Kishanganj,Bahadurganj,0,0,,203,10,1125,,155296.13881782343,347494200.8377232,0.0,0.0,251,0.0
10-210-01126,BIHAR,Kishanganj,Kochadhamin,0,0,,203,10,1126,,139640.52665725534,360840233.8364798,0.0,0.0,258,0.0
10-211-01128,BIHAR,Purnia,Banmankhi,0,0,,214,10,1128,,142815.61519736593,459936087.34673214,0.0,0.0,333,0.0
10-206-01075,BIHAR,Sitamarhi,Bajpatti,0,0,,221,10,1075,,90407.29439213518,174303329.1783474,0.0,0.0,125,0.0
10-206-01076,BIHAR,Sitamarhi,Charaut,0,0,,221,10,1076,,85128.15752493152,91349700.81924292,0.0,0.0,62,0.0
10-206-01077,BIHAR,Sitamarhi,Pupri,0,0,,221,10,1077,,73992.24203369493,115338203.66308306,0.0,0.0,82,0.0
10-206-01078,BIHAR,Sitamarhi,Nanpur,0,0,,221,10,1078,,73315.01223618646,135892566.9983101,0.0,0.0,100,0.0
10-220-01283,BIHAR,Vaishali,Mahnar,0,0,,224,10,1283,,81638.1139853176,126474580.44313861,0.0,0.0,89,0.0
10-206-01079,BIHAR,Sitamarhi,Bokhara,0,0,,221,10,1079,,81978.13188098712,108574895.39827529,0.0,0.0,79,0.0
10-207-01080,BIHAR,Madhubani,Madhwapur,0,0,,206,10,1080,,88808.76172423853,137557654.90878707,0.0,0.0,103,0.0
10-207-01081,BIHAR,Madhubani,Harlakhi,0,0,,206,10,1081,,90217.76640094945,187441757.00046396,0.0,0.0,138,0.0
10-207-01082,BIHAR,Madhubani,Basopatti,0,0,,206,10,1082,,97634.90682970545,164238774.4639331,0.0,0.0,122,0.0
10-207-01089,BIHAR,Madhubani,Khajauli,0,0,,206,10,1089,,91171.28062794723,150968724.81279027,0.0,0.0,108,0.0
10-207-01083,BIHAR,Madhubani,Jainagar,0,0,,206,10,1083,,81489.61423509955,161880108.8306139,0.0,0.0,115,0.0
10-207-01090,BIHAR,Madhubani,Kaluahi,0,0,,206,10,1090,,62305.281593423286,101560283.08963235,0.0,0.0,75,0.0
10-207-01084,BIHAR,Madhubani,Ladania,0,0,,206,10,1084,,97928.14946240213,232665607.5684243,0.0,0.0,164,0.0
10-207-01085,BIHAR,Madhubani,Laukaha,0,0,,206,10,1085,,102032.19667129294,266340932.00179368,0.0,0.0,197,0.0
10-207-01086,BIHAR,Madhubani,Laukahi,0,0,,206,10,1086,,109679.24973352649,329223432.564553,0.0,0.0,237,0.0
10-207-01087,BIHAR,Madhubani,Phulparas,0,0,,206,10,1087,,117974.41186319289,199352334.8677591,0.0,0.0,140,0.0
10-207-01088,BIHAR,Madhubani,Babubarhi,0,0,,206,10,1088,,118996.04641992833,237192379.86086744,0.0,0.0,174,0.0
10-207-01091,BIHAR,Madhubani,Benipatti,0,0,,206,10,1091,,128414.2409747215,328987645.9449377,0.0,0.0,231,0.0
10-207-01092,BIHAR,Madhubani,Bisfi,0,0,,206,10,1092,,99754.46134559005,226192948.413646,0.0,0.0,165,0.0
10-207-01093,BIHAR,Madhubani,Madhubani,0,0,,206,10,1093,,109764.71764889831,200359220.56727448,0.0,0.0,142,0.0
10-207-01094,BIHAR,Madhubani,Pandaul,0,0,,206,10,1094,,102372.75527307783,208327489.63825428,0.0,0.0,148,0.0
10-207-01096,BIHAR,Madhubani,Andhratharhi,0,0,,206,10,1096,,97300.5167595078,186769445.10608673,0.0,0.0,134,0.0
10-207-01097,BIHAR,Madhubani,Jhanjharpur,0,0,,206,10,1097,,125261.96837896874,181284371.95402232,0.0,0.0,132,0.0
10-207-01098,BIHAR,Madhubani,Ghoghardiha,0,0,,206,10,1098,,114215.40677637524,211228851.4219488,0.0,0.0,159,0.0
10-207-01099,BIHAR,Madhubani,Lakhnaur,0,0,,206,10,1099,,72956.74167609161,146945623.14022,0.0,0.0,110,0.0
10-207-01100,BIHAR,Madhubani,Madhepur,0,0,,206,10,1100,,144505.38034518834,300452948.5687113,0.0,0.0,212,0.0
10-208-01101,BIHAR,Supaul,Nirmali,0,0,,223,10,1101,,123310.21889922836,162734364.67066902,0.0,0.0,118,0.0
10-208-01102,BIHAR,Supaul,Basantpur,0,0,,223,10,1102,,136288.63693043106,319456339.75100917,0.0,0.0,228,0.0
10-208-01103,BIHAR,Supaul,Chhatapur,0,0,,223,10,1103,,142271.17176584958,398825687.2446475,0.0,0.0,285,0.0
10-208-01104,BIHAR,Supaul,Pratapganj,0,0,,223,10,1104,,71155.69013184242,133032565.19323792,0.0,0.0,97,0.0
10-208-01105,BIHAR,Supaul,Raghopur,0,0,,223,10,1105,,111831.20983491397,255841046.48838165,0.0,0.0,187,0.0
10-221-01285,BIHAR,Samastipur,Warisnagar,0,0,,217,10,1285,,90241.30323013186,163846086.5162723,0.0,0.0,120,0.0
10-208-01106,BIHAR,Supaul,Saraigarh Bhaptiyahi,0,0,,223,10,1106,,105489.5116383213,257042943.27229512,0.0,0.0,189,0.0
10-208-01107,BIHAR,Supaul,Kishanpur,0,0,,223,10,1107,,125516.73810076228,248613546.3002807,0.0,0.0,177,0.0
10-208-01108,BIHAR,Supaul,Marauna,0,0,,223,10,1108,,114969.59778192453,206419565.01179272,0.0,0.0,149,0.0
10-208-01109,BIHAR,Supaul,Supaul,0,0,,223,10,1109,,122628.008173687,390920691.5720901,0.0,0.0,287,0.0
10-208-01110,BIHAR,Supaul,Pipra,0,0,,223,10,1110,,113516.78657800167,247320462.25611627,0.0,0.0,181,0.0
10-221-01287,BIHAR,Samastipur,Khanpur,0,0,,217,10,1287,,89337.20668890505,173313349.37261373,0.0,0.0,127,0.0
10-208-01111,BIHAR,Supaul,Tribeniganj,0,0,,223,10,1111,,136684.8917573132,402291551.99740016,0.0,0.0,290,0.0
10-209-01112,BIHAR,Araria,Narpatganj,0,0,,188,10,1112,,196352.82868709194,482872068.7863751,0.0,0.0,351,0.0
10-209-01113,BIHAR,Araria,Forbesganj,0,0,,188,10,1113,,165874.55860340688,546946456.996027,0.0,0.0,392,0.0
10-209-01114,BIHAR,Araria,Bhargama,0,0,,188,10,1114,,140909.75235341018,280499778.1128878,0.0,0.0,206,0.0
10-209-01115,BIHAR,Araria,Raniganj,0,0,,188,10,1115,,160625.61646677545,576910744.770993,0.0,0.0,418,0.0
10-209-01116,BIHAR,Araria,Araria,0,0,,188,10,1116,,192057.15187743204,506918787.2643526,0.0,0.0,371,0.0
10-209-01117,BIHAR,Araria,Kursakatta,0,0,,188,10,1117,,96566.38525637137,201032230.408231,0.0,0.0,147,0.0
10-209-01118,BIHAR,Araria,Sikti,0,0,,188,10,1118,,116798.35346995249,237753016.2819182,0.0,0.0,177,0.0
10-209-01119,BIHAR,Araria,Palasi,0,0,,188,10,1119,,132578.70192307016,306240761.34804773,0.0,0.0,222,0.0
10-209-01120,BIHAR,Araria,Jokihat,0,0,,188,10,1120,,155370.9524619173,341005127.7602247,0.0,0.0,246,0.0
10-210-01121,BIHAR,Kishanganj,Terhagachh,0,0,,203,10,1121,,121953.02658094271,245208326.38245347,0.0,0.0,175,0.0
10-210-01122,BIHAR,Kishanganj,Dighalbank,0,0,,203,10,1122,,147432.83262190674,314385668.4331173,0.0,0.0,224,0.0
10-211-01129,BIHAR,Purnia,Barhara,0,0,,214,10,1129,,111073.17449432175,288009141.38478667,0.0,0.0,212,0.0
10-211-01130,BIHAR,Purnia,Bhawanipur,0,0,,214,10,1130,,116656.34435182877,201938838.4795833,0.0,0.0,147,0.0
10-211-01131,BIHAR,Purnia,Rupauli,0,0,,214,10,1131,,113946.660566684,308195114.8462847,0.0,0.0,227,0.0
10-211-01132,BIHAR,Purnia,Dhamdaha,0,0,,214,10,1132,,135370.01293426772,446856166.039676,0.0,0.0,326,0.0
10-211-01133,BIHAR,Purnia,Krityanand Nagar,0,0,,214,10,1133,,149407.41850079046,364443041.21247435,0.0,0.0,274,0.0
10-211-01134,BIHAR,Purnia,Purnia East,0,0,,214,10,1134,,127662.13358515713,309272824.56310594,0.0,0.0,228,0.0
10-211-01135,BIHAR,Purnia,Kasba,0,0,,214,10,1135,,130095.64608516233,215123054.3424731,0.0,0.0,154,0.0
10-211-01136,BIHAR,Purnia,Srinagar,0,0,,214,10,1136,,106220.57404900706,172405807.6412187,0.0,0.0,122,0.0
10-211-01137,BIHAR,Purnia,Jalalgarh,0,0,,214,10,1137,,87146.39992638786,142107808.6772385,0.0,0.0,102,0.0
10-211-01138,BIHAR,Purnia,Amour,0,0,,214,10,1138,,141371.93624621196,307011870.96961224,0.0,0.0,225,0.0
10-211-01139,BIHAR,Purnia,Baisa,0,0,,214,10,1139,,132173.35304950457,275191667.549805,0.0,0.0,197,0.0
10-211-01140,BIHAR,Purnia,Baisi,0,0,,214,10,1140,,118169.54825440844,253873549.02719215,0.0,0.0,187,0.0
10-211-01141,BIHAR,Purnia,Dagarua,0,0,,214,10,1141,,129309.28146976323,257465778.6329552,0.0,0.0,180,0.0
10-212-01142,BIHAR,Katihar,Falka,0,0,,201,10,1142,,100518.70580952488,208374539.8829749,0.0,0.0,150,0.0
10-212-01143,BIHAR,Katihar,Korha,0,0,,201,10,1143,,137118.64195203967,368801327.90483874,0.0,0.0,273,0.0
10-212-01144,BIHAR,Katihar,Hasanganj,0,0,,201,10,1144,,78227.29832785497,86155111.41022065,0.0,0.0,62,0.0
10-212-01145,BIHAR,Katihar,Kadwa,0,0,,201,10,1145,,157692.68144088247,420129854.10490626,0.0,0.0,307,0.0
10-212-01146,BIHAR,Katihar,Balrampur,0,0,,201,10,1146,,141815.18317465586,216253207.31133217,0.0,0.0,151,0.0
10-212-01147,BIHAR,Katihar,Barsoi,0,0,,201,10,1147,,172308.8160052511,357713388.6445612,0.0,0.0,261,0.0
10-212-01148,BIHAR,Katihar,Azamnagar,0,0,,201,10,1148,,141791.77759222616,349759708.1212404,0.0,0.0,253,0.0
10-221-01290,BIHAR,Samastipur,Tajpur,0,0,,217,10,1290,,57166.77792153786,83856612.1105223,0.0,0.0,61,0.0
10-212-01149,BIHAR,Katihar,Pranpur,0,0,,201,10,1149,,111803.70370561493,191475637.62126103,0.0,0.0,141,0.0
10-212-01150,BIHAR,Katihar,Dandkhora,0,0,,201,10,1150,,70987.07501110679,111201189.06340708,0.0,0.0,81,0.0
10-212-01151,BIHAR,Katihar,Katihar,0,0,,201,10,1151,,76845.81968857624,136830037.77828172,0.0,0.0,100,0.0
10-212-01152,BIHAR,Katihar,Mansahi,0,0,,201,10,1152,,73279.06289841712,97405011.1871763,0.0,0.0,73,0.0
10-212-01155,BIHAR,Katihar,Kursela,0,0,,201,10,1155,,80348.39413748268,153683091.52761996,0.0,0.0,117,0.0
10-212-01153,BIHAR,Katihar,Barari,0,0,,201,10,1153,,107333.93297446336,407446973.1478653,0.0,0.0,292,0.0
10-212-01154,BIHAR,Katihar,Sameli,0,0,,201,10,1154,,75105.36277909,118027198.2496544,0.0,0.0,81,0.0
10-212-01156,BIHAR,Katihar,Manihari,0,0,,201,10,1156,,130162.81635074862,303859830.4099729,0.0,0.0,221,0.0
10-212-01157,BIHAR,Katihar,Amdabad,0,0,,201,10,1157,,103742.71814675455,228302986.79665467,0.0,0.0,164,0.0
10-213-01158,BIHAR,Madhepura,Gamharia,0,0,,205,10,1158,,80141.00377515821,125479849.27382244,0.0,0.0,89,0.0
10-213-01160,BIHAR,Madhepura,Ghailarh,0,0,,205,10,1160,,78865.70647224285,116219722.2388165,0.0,0.0,83,0.0
10-213-01159,BIHAR,Madhepura,Singheshwar,0,0,,205,10,1159,,111627.30849980874,111167268.35246354,0.0,0.0,78,0.0
10-216-01210,BIHAR,Muzaffarpur,Bandra,0,0,,208,10,1210,,74293.85759884378,142020443.31484023,0.0,0.0,103,0.0
10-213-01161,BIHAR,Madhepura,Madhepura,0,0,,205,10,1161,,115084.47931226583,237801277.85767865,0.0,0.0,175,0.0
10-213-01162,BIHAR,Madhepura,Shankarpur,0,0,,205,10,1162,,63984.56408470212,128790837.874554,0.0,0.0,94,0.0
10-213-01163,BIHAR,Madhepura,Kumarkhand,0,0,,205,10,1163,,118191.24796123093,316976886.68211347,0.0,0.0,230,0.0
10-213-01164,BIHAR,Madhepura,Murliganj,0,0,,205,10,1164,,94211.11378994165,247086114.21145928,0.0,0.0,179,0.0
10-221-01293,BIHAR,Samastipur,Mohanpur,0,0,,217,10,1293,,74468.46489139357,163000016.77407515,0.0,0.0,120,0.0
10-213-01165,BIHAR,Madhepura,Gwalpara,0,0,,205,10,1165,,78037.2495556277,147267353.58482873,0.0,0.0,109,0.0
10-214-01172,BIHAR,Saharsa,Satar Kataiya,0,0,,216,10,1172,,77878.75925155886,177382280.64763528,0.0,0.0,130,0.0
10-213-01166,BIHAR,Madhepura,Bihariganj,0,0,,205,10,1166,,79669.40805645821,133818744.70956944,0.0,0.0,98,0.0
10-216-01211,BIHAR,Muzaffarpur,Dholi (Moraul),0,0,,208,10,1211,,63030.361633940505,73298422.6275262,0.0,0.0,50,0.0
10-213-01167,BIHAR,Madhepura,Kishanganj,0,0,,205,10,1167,,99817.47531025465,188055937.5971522,0.0,0.0,133,0.0
10-216-01212,BIHAR,Muzaffarpur,Musahri,0,0,,208,10,1212,,211487.75457487197,365415439.5943066,0.0,0.0,267,0.0
10-213-01168,BIHAR,Madhepura,Puraini,0,0,,205,10,1168,,63416.842365887525,103114850.3546553,0.0,0.0,76,0.0
10-214-01174,BIHAR,Saharsa,Kahara,0,0,,216,10,1174,,81070.16203244023,176788302.3737116,0.0,0.0,128,0.0
10-213-01169,BIHAR,Madhepura,Alamnagar,0,0,,205,10,1169,,94357.42058114092,211989804.11375904,0.0,0.0,151,0.0
10-213-01170,BIHAR,Madhepura,Chausa,0,0,,205,10,1170,,87285.75133964,172516848.53860697,0.0,0.0,124,0.0
10-214-01171,BIHAR,Saharsa,Nauhatta,0,0,,216,10,1171,,93228.84620468391,212763144.21707585,0.0,0.0,151,0.0
10-217-01227,BIHAR,Gopalganj,Sidhwalia,0,0,,197,10,1227,,69457.48217743407,152022198.31601515,0.0,0.0,109,0.0
10-214-01173,BIHAR,Saharsa,Mahishi,0,0,,216,10,1173,,106372.46434789852,273075178.2794974,0.0,0.0,195,0.0
10-214-01175,BIHAR,Saharsa,Saur Bazar,0,0,,216,10,1175,,88121.22998090234,233228921.9025612,0.0,0.0,171,0.0
10-214-01176,BIHAR,Saharsa,Patarghat,0,0,,216,10,1176,,67497.21582029684,149681422.04156074,0.0,0.0,105,0.0
10-214-01177,BIHAR,Saharsa,Sonbarsa,0,0,,216,10,1177,,90185.02153799882,263952116.041209,0.0,0.0,193,0.0
10-216-01199,BIHAR,Muzaffarpur,Sahebganj,0,0,,208,10,1199,,80060.99972290538,253055918.70266867,0.0,0.0,189,0.0
10-214-01178,BIHAR,Saharsa,Simri Bakhtiarpur,0,0,,216,10,1178,,119116.35548129058,266466354.66217396,0.0,0.0,194,0.0
10-214-01179,BIHAR,Saharsa,Salkhua,0,0,,216,10,1179,,82412.26684571667,221182533.93573853,0.0,0.0,163,0.0
10-214-01180,BIHAR,Saharsa,Banma Itahri,0,0,,216,10,1180,,54286.501575749484,92822449.4552088,0.0,0.0,68,0.0
10-215-01181,BIHAR,Darbhanga,Jale,0,0,,195,10,1181,,112473.57051363293,234172285.01568127,0.0,0.0,171,0.0
10-215-01182,BIHAR,Darbhanga,Singhwara,0,0,,195,10,1182,,121368.62688362494,223279889.67870736,0.0,0.0,162,0.0
10-215-01183,BIHAR,Darbhanga,Keotiranway,0,0,,195,10,1183,,89515.08566239705,180205403.4644349,0.0,0.0,131,0.0
10-215-01184,BIHAR,Darbhanga,Darbhanga,0,0,,195,10,1184,,131883.04966973627,240721362.1475316,0.0,0.0,174,0.0
10-215-01185,BIHAR,Darbhanga,Manigachhi,0,0,,195,10,1185,,96856.01003306538,158887287.31255177,0.0,0.0,114,0.0
10-215-01186,BIHAR,Darbhanga,Tardih,0,0,,195,10,1186,,96398.42232606321,109520018.96976715,0.0,0.0,79,0.0
10-215-01187,BIHAR,Darbhanga,Alinagar,0,0,,195,10,1187,,105560.56246873255,146523357.5416611,0.0,0.0,105,0.0
10-215-01188,BIHAR,Darbhanga,Benipur,0,0,,195,10,1188,,118482.30854716274,204643530.87647069,0.0,0.0,150,0.0
10-215-01189,BIHAR,Darbhanga,Bahadurpur,0,0,,195,10,1189,,155637.00049509996,221161760.4253616,0.0,0.0,158,0.0
10-215-01190,BIHAR,Darbhanga,Hanumannagar,0,0,,195,10,1190,,114393.83215098479,181536916.32106537,0.0,0.0,130,0.0
10-215-01191,BIHAR,Darbhanga,Hayaghat,0,0,,195,10,1191,,66118.49929402806,108810529.75916524,0.0,0.0,77,0.0
10-215-01192,BIHAR,Darbhanga,Baheri,0,0,,195,10,1192,,128629.1579498372,271307286.95794886,0.0,0.0,195,0.0
10-215-01193,BIHAR,Darbhanga,Biraul,0,0,,195,10,1193,,135706.32971678255,230203939.26841983,0.0,0.0,167,0.0
10-215-01194,BIHAR,Darbhanga,Ghanshyampur,0,0,,195,10,1194,,76766.91373126305,103945643.9979024,0.0,0.0,78,0.0
10-215-01195,BIHAR,Darbhanga,Kiratpur,0,0,,195,10,1195,,78793.19278562842,78915927.53877336,0.0,0.0,60,0.0
10-215-01196,BIHAR,Darbhanga,Gora Bauram,0,0,,195,10,1196,,99804.03366816713,145653476.81698695,0.0,0.0,104,0.0
10-215-01197,BIHAR,Darbhanga,Kusheshwar Asthan,0,0,,195,10,1197,,87220.16498537568,144130520.9401011,0.0,0.0,107,0.0
10-215-01198,BIHAR,Darbhanga,Kusheshwar Asthan Purbi,0,0,,195,10,1198,,91858.86035222423,150084285.43545517,0.0,0.0,112,0.0
10-216-01200,BIHAR,Muzaffarpur,Baruraj (Motipur),0,0,,208,10,1200,,125110.13599018812,365259305.4740948,0.0,0.0,263,0.0
10-216-01201,BIHAR,Muzaffarpur,Paroo,0,0,,208,10,1201,,136934.87791145188,413033977.3448192,0.0,0.0,295,0.0
10-216-01202,BIHAR,Muzaffarpur,Saraiya,0,0,,208,10,1202,,155820.80051537574,301402655.1404849,0.0,0.0,218,0.0
10-216-01203,BIHAR,Muzaffarpur,Marwan,0,0,,208,10,1203,,84959.92762229654,138736310.53842777,0.0,0.0,101,0.0
10-216-01204,BIHAR,Muzaffarpur,Kanti,0,0,,208,10,1204,,97122.90469976026,124757584.36625764,0.0,0.0,91,0.0
10-216-01205,BIHAR,Muzaffarpur,Minapur,0,0,,208,10,1205,,166218.11946715685,316124209.98756105,0.0,0.0,228,0.0
10-216-01206,BIHAR,Muzaffarpur,Bochaha,0,0,,208,10,1206,,126044.68100944142,233148755.94160384,0.0,0.0,167,0.0
10-216-01207,BIHAR,Muzaffarpur,Aurai,0,0,,208,10,1207,,101267.16719990574,247748190.77792475,0.0,0.0,177,0.0
10-216-01208,BIHAR,Muzaffarpur,Katra,0,0,,208,10,1208,,118891.9342746819,235108975.17115793,0.0,0.0,171,0.0
10-216-01209,BIHAR,Muzaffarpur,Gaighat,0,0,,208,10,1209,,111008.49869520529,259762671.68662548,0.0,0.0,191,0.0
10-216-01213,BIHAR,Muzaffarpur,Kurhani,0,0,,208,10,1213,,108106.10574110712,256354911.2077163,0.0,0.0,187,0.0
10-216-01214,BIHAR,Muzaffarpur,Sakra,0,0,,208,10,1214,,105121.4777371614,236360031.18726787,0.0,0.0,175,0.0
10-217-01215,BIHAR,Gopalganj,Katiya,0,0,,197,10,1215,,94755.55253264701,158441587.458013,0.0,0.0,112,0.0
10-217-01216,BIHAR,Gopalganj,Bijaipur,0,0,,197,10,1216,,81309.59717969262,163112176.36717936,0.0,0.0,120,0.0
10-217-01217,BIHAR,Gopalganj,Bhorey,0,0,,197,10,1217,,78790.65552761848,196013266.46535653,0.0,0.0,144,0.0
10-217-01218,BIHAR,Gopalganj,Pach Deuri,0,0,,197,10,1218,,53698.212932643866,118295317.11973979,0.0,0.0,85,0.0
10-217-01219,BIHAR,Gopalganj,Kuchaikote,0,0,,197,10,1219,,101077.28158428885,316078491.04748106,0.0,0.0,226,0.0
10-217-01220,BIHAR,Gopalganj,Phulwaria,0,0,,197,10,1220,,81339.22200232239,118763292.85091434,0.0,0.0,89,0.0
10-217-01221,BIHAR,Gopalganj,Hathua,0,0,,197,10,1221,,91546.96202775641,183613061.83342972,0.0,0.0,127,0.0
10-217-01222,BIHAR,Gopalganj,Uchkagaon,0,0,,197,10,1222,,80102.93001981139,142235093.67043933,0.0,0.0,106,0.0
10-217-01223,BIHAR,Gopalganj,Thawe,0,0,,197,10,1223,,57244.55575246375,89300191.60424533,0.0,0.0,64,0.0
10-217-01224,BIHAR,Gopalganj,Gopalganj,0,0,,197,10,1224,,110313.13172782106,244420793.60160467,0.0,0.0,182,0.0
10-218-01232,BIHAR,Siwan,Goriakothi,0,0,,222,10,1232,,73201.39147651673,174963939.23516312,0.0,0.0,127,0.0
10-217-01225,BIHAR,Gopalganj,Manjha,0,0,,197,10,1225,,80242.78538873792,179389027.9828925,0.0,0.0,131,0.0
10-217-01226,BIHAR,Gopalganj,Barauli,0,0,,197,10,1226,,105754.79057670098,232227972.12586737,0.0,0.0,170,0.0
10-217-01228,BIHAR,Gopalganj,Baikunthpur,0,0,,197,10,1228,,97825.58906166903,256614409.24172768,0.0,0.0,185,0.0
10-218-01229,BIHAR,Siwan,Nautan,0,0,,222,10,1229,,58324.35348563096,81827813.66620097,0.0,0.0,58,0.0
10-218-01230,BIHAR,Siwan,Siwan,0,0,,222,10,1230,,92599.06904644772,168879532.28230655,0.0,0.0,118,0.0
10-218-01235,BIHAR,Siwan,Bhagwanpur Hat,0,0,,222,10,1235,,86430.4184146014,189582799.91524476,0.0,0.0,138,0.0
10-218-01231,BIHAR,Siwan,Barharia,0,0,,222,10,1231,,90315.6629531122,219606934.01516393,0.0,0.0,160,0.0
10-218-01233,BIHAR,Siwan,Lakri Nabiganj,0,0,,222,10,1233,,79648.98713303795,120773104.6039552,0.0,0.0,88,0.0
10-218-01234,BIHAR,Siwan,Basantpur,0,0,,222,10,1234,,57871.378293950496,76675463.02480637,0.0,0.0,56,0.0
10-218-01236,BIHAR,Siwan,Maharajganj,0,0,,222,10,1236,,119387.58843212528,142817377.5161484,0.0,0.0,103,0.0
10-218-01237,BIHAR,Siwan,Pachrukhi,0,0,,222,10,1237,,99183.2392802834,160709761.40986398,0.0,0.0,117,0.0
10-218-01238,BIHAR,Siwan,Hussainganj,0,0,,222,10,1238,,68784.84800107122,105975934.30464326,0.0,0.0,74,0.0
10-218-01239,BIHAR,Siwan,Ziradei,0,0,,222,10,1239,,98825.50869312549,152221780.48504183,0.0,0.0,111,0.0
10-218-01240,BIHAR,Siwan,Mairwa,0,0,,222,10,1240,,65279.2242200428,88898123.37504825,0.0,0.0,66,0.0
10-218-01242,BIHAR,Siwan,Darauli,0,0,,222,10,1242,,90305.00161970501,214758375.6239279,0.0,0.0,155,0.0
10-218-01241,BIHAR,Siwan,Guthani,0,0,,222,10,1241,,78778.78773845347,115110806.99004474,0.0,0.0,82,0.0
10-219-01248,BIHAR,Saran,Mashrakh,0,0,,218,10,1248,,82075.7710341599,165898243.02109933,0.0,0.0,121,0.0
10-218-01243,BIHAR,Siwan,Andar,0,0,,222,10,1243,,83358.60866933218,125625010.62434034,0.0,0.0,87,0.0
10-219-01249,BIHAR,Saran,Panapur,0,0,,218,10,1249,,75875.09329534958,182360909.7404776,0.0,0.0,128,0.0
10-218-01244,BIHAR,Siwan,Raghunathpur,0,0,,222,10,1244,,87824.68008836384,193566358.3438411,0.0,0.0,143,0.0
10-219-01250,BIHAR,Saran,Taraiya,0,0,,218,10,1250,,53629.0613522338,97307015.09151264,0.0,0.0,74,0.0
10-218-01245,BIHAR,Siwan,Hasanpura,0,0,,222,10,1245,,82786.09108287447,121956119.03175904,0.0,0.0,87,0.0
10-219-01251,BIHAR,Saran,Ishupur,0,0,,218,10,1251,,62425.60798229613,109300191.56908256,0.0,0.0,76,0.0
10-218-01246,BIHAR,Siwan,Daraundha,0,0,,222,10,1246,,105400.53795370483,157911066.26165873,0.0,0.0,115,0.0
10-219-01256,BIHAR,Saran,Jalalpur,0,0,,218,10,1256,,65042.73641147566,147549697.72689733,0.0,0.0,106,0.0
10-218-01247,BIHAR,Siwan,Siswan,0,0,,222,10,1247,,98184.39847010886,155554872.77293277,0.0,0.0,111,0.0
10-219-01259,BIHAR,Saran,Nagra,0,0,,218,10,1259,,43289.948409307304,65110006.46242106,0.0,0.0,47,0.0
10-219-01252,BIHAR,Saran,Baniapur,0,0,,218,10,1252,,89199.8841803021,219417775.87250236,0.0,0.0,163,0.0
10-219-01253,BIHAR,Saran,Lahladpur,0,0,,218,10,1253,,49287.19248841685,70233795.44130237,0.0,0.0,50,0.0
10-219-01254,BIHAR,Saran,Ekma,0,0,,218,10,1254,,99716.17236158185,176114988.01319405,0.0,0.0,128,0.0
10-219-01255,BIHAR,Saran,Manjhi,0,0,,218,10,1255,,127085.43562979231,244607530.98349065,0.0,0.0,180,0.0
10-219-01257,BIHAR,Saran,Revelganj,0,0,,218,10,1257,,84877.1419542779,179359801.45379385,0.0,0.0,125,0.0
10-219-01258,BIHAR,Saran,Chapra,0,0,,218,10,1258,,119729.94798472138,239470568.44351175,0.0,0.0,176,0.0
10-219-01260,BIHAR,Saran,Marhaura,0,0,,218,10,1260,,87240.95030017926,190752130.05196184,0.0,0.0,137,0.0
10-219-01261,BIHAR,Saran,Amnour,0,0,,218,10,1261,,94922.90618840617,160109081.4065653,0.0,0.0,118,0.0
10-219-01263,BIHAR,Saran,Parsa,0,0,,218,10,1263,,85595.91054800974,122749042.93573296,0.0,0.0,88,0.0
10-219-01266,BIHAR,Saran,Dighwara,0,0,,218,10,1266,,81943.45164265168,101347015.6655549,0.0,0.0,72,0.0
10-219-01264,BIHAR,Saran,Dariapur,0,0,,218,10,1264,,115477.27251924115,281302380.67878103,0.0,0.0,202,0.0
10-219-01265,BIHAR,Saran,Garkha,0,0,,218,10,1265,,90147.74693968748,213336409.9887166,0.0,0.0,154,0.0
10-220-01269,BIHAR,Vaishali,Paterhi Belsar,0,0,,224,10,1269,,56227.36197278124,93522597.26160131,0.0,0.0,69,0.0
10-219-01267,BIHAR,Saran,Sonepur,0,0,,218,10,1267,,70412.64000247594,214865144.18564072,0.0,0.0,162,0.0
10-220-01268,BIHAR,Vaishali,Vaishali,0,0,,224,10,1268,,72706.90824879723,158663399.21103516,0.0,0.0,114,0.0
10-220-01270,BIHAR,Vaishali,Lalganj,0,0,,224,10,1270,,89595.71916906572,184177988.41986412,0.0,0.0,133,0.0
10-221-01294,BIHAR,Samastipur,Mohiuddinagar,0,0,,217,10,1294,,80607.53716768604,178536106.2701614,0.0,0.0,130,0.0
10-220-01271,BIHAR,Vaishali,Bhagwanpur,0,0,,224,10,1271,,98965.72708266653,142473218.81446454,0.0,0.0,102,0.0
10-220-01272,BIHAR,Vaishali,Goraul,0,0,,224,10,1272,,101989.77906286377,122446101.92943335,0.0,0.0,87,0.0
10-220-01273,BIHAR,Vaishali,Chehra Kalan,0,0,,224,10,1273,,63204.34388206024,89818122.94593617,0.0,0.0,66,0.0
10-220-01277,BIHAR,Vaishali,Raja Pakar,0,0,,224,10,1277,,58946.08844196175,93673217.82917874,0.0,0.0,72,0.0
10-220-01274,BIHAR,Vaishali,Patepur,0,0,,224,10,1274,,118180.33822078991,317029999.71255994,0.0,0.0,234,0.0
10-220-01275,BIHAR,Vaishali,Mahua,0,0,,224,10,1275,,86273.82517515696,171155586.12447235,0.0,0.0,125,0.0
10-220-01276,BIHAR,Vaishali,Jandaha,0,0,,224,10,1276,,99044.76663725945,179891527.10359335,0.0,0.0,128,0.0
10-220-01278,BIHAR,Vaishali,Hajipur,0,0,,224,10,1278,,80048.24731377292,194916759.16986817,0.0,0.0,140,0.0
10-220-01280,BIHAR,Vaishali,Bidupur,0,0,,224,10,1280,,88122.3198685409,139375575.9420912,0.0,0.0,99,0.0
10-220-01279,BIHAR,Vaishali,Raghopur,0,0,,224,10,1279,,128641.49950069311,338499790.0832371,0.0,0.0,246,0.0
10-220-01281,BIHAR,Vaishali,Desri,0,0,,224,10,1281,,50183.809114488824,56627949.53624974,0.0,0.0,43,0.0
10-221-01284,BIHAR,Samastipur,Kalyanpur,0,0,,217,10,1284,,147387.26660455638,294821482.9966942,0.0,0.0,214,0.0
10-221-01286,BIHAR,Samastipur,Shivaji Nagar,0,0,,217,10,1286,,96209.25031894707,172333979.18990555,0.0,0.0,130,0.0
10-221-01288,BIHAR,Samastipur,Samastipur,0,0,,217,10,1288,,112474.97484539819,170577777.20953664,0.0,0.0,123,0.0
10-221-01289,BIHAR,Samastipur,Pusa,0,0,,217,10,1289,,64081.7615729533,95008289.7510354,0.0,0.0,65,0.0
10-221-01291,BIHAR,Samastipur,Morwa,0,0,,217,10,1291,,104551.97847793197,152111293.7773472,0.0,0.0,106,0.0
10-221-01292,BIHAR,Samastipur,Patori,0,0,,217,10,1292,,69422.25062895294,130638318.44440164,0.0,0.0,93,0.0
10-221-01295,BIHAR,Samastipur,Sarairanjan,0,0,,217,10,1295,,96463.23467310029,185572344.2706523,0.0,0.0,145,0.0
10-221-01296,BIHAR,Samastipur,Vidyapati Nagar,0,0,,217,10,1296,,62930.2690484309,106322816.42401849,0.0,0.0,75,0.0
10-221-01297,BIHAR,Samastipur,Dalsinghsarai,0,0,,217,10,1297,,80515.23552986495,118201268.21451648,0.0,0.0,89,0.0
10-221-01298,BIHAR,Samastipur,Ujiarpur,0,0,,217,10,1298,,81756.09445970641,209497824.1015558,0.0,0.0,149,0.0
10-221-01300,BIHAR,Samastipur,Rosera,0,0,,217,10,1300,,84599.34785899956,138535375.895554,0.0,0.0,97,0.0
10-221-01299,BIHAR,Samastipur,Bibhutpur,0,0,,217,10,1299,,96600.53522783429,258332531.194082,0.0,0.0,187,0.0
10-221-01301,BIHAR,Samastipur,Singhia,0,0,,217,10,1301,,76055.88015393679,178639507.67998633,0.0,0.0,128,0.0
10-222-01307,BIHAR,Begusarai,Cheria Bariarpur,0,0,,191,10,1307,,80422.0696045629,127840547.1243011,0.0,0.0,89,0.0
10-221-01302,BIHAR,Samastipur,Hasanpur,0,0,,217,10,1302,,122795.93417076243,188091095.39019313,0.0,0.0,138,0.0
10-221-01303,BIHAR,Samastipur,Bithan,0,0,,217,10,1303,,72838.55780104545,149849875.79630712,0.0,0.0,109,0.0
10-222-01304,BIHAR,Begusarai,Khudabandpur,0,0,,191,10,1304,,49522.71992212785,59617610.47663844,0.0,0.0,39,0.0
10-222-01305,BIHAR,Begusarai,Chhorahi,0,0,,191,10,1305,,96201.09768359947,128309829.49376953,0.0,0.0,94,0.0
10-222-01306,BIHAR,Begusarai,Garhpura,0,0,,191,10,1306,,69581.28073662621,88651595.91159394,0.0,0.0,68,0.0
10-222-01308,BIHAR,Begusarai,Bhagwanpur,0,0,,191,10,1308,,102620.52088176137,147276258.21886113,0.0,0.0,106,0.0
10-223-01324,BIHAR,Khagaria,Mansi,0,0,,202,10,1324,,70720.37786012898,86151878.56106131,0.0,0.0,69,0.0
10-222-01309,BIHAR,Begusarai,Mansurchak,0,0,,191,10,1309,,55538.61039021854,42158333.283958256,0.0,0.0,31,0.0
10-224-01333,BIHAR,Bhagalpur,Rangra Chowk,0,0,,192,10,1333,,56200.86409227388,97946271.45940188,0.0,0.0,71,0.0
10-222-01310,BIHAR,Begusarai,Bachhwara,0,0,,191,10,1310,,112893.55520851951,186501763.14040864,0.0,0.0,138,0.0
10-222-01311,BIHAR,Begusarai,Teghra,0,0,,191,10,1311,,93442.93751421869,180050069.66821858,0.0,0.0,129,0.0
10-222-01312,BIHAR,Begusarai,Barauni,0,0,,191,10,1312,,90573.71511882372,141812926.41245717,0.0,0.0,102,0.0
10-222-01313,BIHAR,Begusarai,Birpur,0,0,,191,10,1313,,69057.86510087451,64693086.30641256,0.0,0.0,53,0.0
10-222-01314,BIHAR,Begusarai,Begusarai,0,0,,191,10,1314,,114572.02827886646,273941103.5239774,0.0,0.0,200,0.0
10-222-01315,BIHAR,Begusarai,Naokothi,0,0,,191,10,1315,,61794.845266753924,91575422.87048158,0.0,0.0,64,0.0
10-222-01316,BIHAR,Begusarai,Bakhri,0,0,,191,10,1316,,74902.13049058078,94921186.04856166,0.0,0.0,66,0.0
10-222-01317,BIHAR,Begusarai,Dandari,0,0,,191,10,1317,,77075.31892237118,85364223.36403492,0.0,0.0,65,0.0
10-222-01318,BIHAR,Begusarai,Sahebpur Kamal,0,0,,191,10,1318,,97820.3506924087,179327758.1582562,0.0,0.0,131,0.0
10-222-01319,BIHAR,Begusarai,Balia,0,0,,191,10,1319,,95726.56851828664,181873531.04775092,0.0,0.0,133,0.0
10-222-01320,BIHAR,Begusarai,Matihani,0,0,,191,10,1320,,104199.58891726227,214311339.790948,0.0,0.0,157,0.0
10-222-01321,BIHAR,Begusarai,Shamho Akha Kurha,0,0,,191,10,1321,,47884.70174269599,82130306.58899558,0.0,0.0,58,0.0
10-223-01322,BIHAR,Khagaria,Alauli,0,0,,202,10,1322,,117176.16085281859,337532903.06560946,0.0,0.0,244,0.0
10-223-01323,BIHAR,Khagaria,Khagaria,0,0,,202,10,1323,,164255.4907534744,325761754.1557925,0.0,0.0,229,0.0
10-223-01325,BIHAR,Khagaria,Chautham,0,0,,202,10,1325,,88833.5659059585,205164632.7891582,0.0,0.0,148,0.0
10-228-01376,BIHAR,Sheikhpura,Chewara,0,0,,219,10,1376,,77279.14911837938,141385828.1075451,0.0,0.0,103,0.0
10-223-01326,BIHAR,Khagaria,Beldaur,0,0,,202,10,1326,,101449.44415348554,276820454.1841197,0.0,0.0,203,0.0
10-223-01327,BIHAR,Khagaria,Gogri,0,0,,202,10,1327,,109725.85953588395,321971045.3784509,0.0,0.0,231,0.0
10-223-01328,BIHAR,Khagaria,Parbatta,0,0,,202,10,1328,,89952.53209418767,286770838.53234714,0.0,0.0,215,0.0
10-224-01329,BIHAR,Bhagalpur,Narayanpur,0,0,,192,10,1329,,96964.50839109154,173637043.38008544,0.0,0.0,125,0.0
10-224-01330,BIHAR,Bhagalpur,Bihpur,0,0,,192,10,1330,,98960.16392998041,189427956.2070791,0.0,0.0,141,0.0
10-234-01472,BIHAR,Rohtas,Akorhi Gola,0,0,,215,10,1472,,71741.57946050014,124356844.03544964,0.0,0.0,94,0.0
10-224-01331,BIHAR,Bhagalpur,Kharik,0,0,,192,10,1331,,103106.05203500649,169292223.68779984,0.0,0.0,125,0.0
10-224-01332,BIHAR,Bhagalpur,Naugachhia,0,0,,192,10,1332,,91833.23423872421,134223697.96961665,0.0,0.0,95,0.0
10-224-01335,BIHAR,Bhagalpur,Pirpainti,0,0,,192,10,1335,,138631.2255747686,411429376.6216011,0.0,0.0,294,0.0
10-224-01336,BIHAR,Bhagalpur,Kahalgaon,0,0,,192,10,1336,,128722.99744742387,352186242.20537144,0.0,0.0,255,0.0
10-224-01337,BIHAR,Bhagalpur,Ismailpur,0,0,,192,10,1337,,66332.03197363381,102752037.41138108,0.0,0.0,75,0.0
10-224-01338,BIHAR,Bhagalpur,Sabour,0,0,,192,10,1338,,85492.0541239663,141198925.34276122,0.0,0.0,102,0.0
10-226-01359,BIHAR,Munger,Dharhara,0,0,,207,10,1359,,105188.90103685112,355220468.750446,0.0,0.0,262,0.0
10-224-01339,BIHAR,Bhagalpur,Nathnagar,0,0,,192,10,1339,,105259.93673308079,163498377.60317266,0.0,0.0,117,0.0
10-226-01360,BIHAR,Munger,Kharagpur,0,0,,207,10,1360,,169586.30903503796,398589433.5102216,0.0,0.0,291,0.0
10-224-01340,BIHAR,Bhagalpur,Sultanganj,0,0,,192,10,1340,,139861.1879796442,266407467.3450057,0.0,0.0,198,0.0
10-224-01341,BIHAR,Bhagalpur,Shahkund,0,0,,192,10,1341,,93276.90256650816,208798734.37786233,0.0,0.0,153,0.0
10-224-01342,BIHAR,Bhagalpur,Goradih,0,0,,192,10,1342,,106918.08891287447,178026414.43832883,0.0,0.0,128,0.0
10-224-01343,BIHAR,Bhagalpur,Jagdishpur,0,0,,192,10,1343,,107045.71303668506,127447147.46016994,0.0,0.0,95,0.0
10-224-01344,BIHAR,Bhagalpur,Sonhaula,0,0,,192,10,1344,,84463.86530366821,214425428.57327408,0.0,0.0,160,0.0
10-225-01345,BIHAR,Banka,Shambhuganj,0,0,,190,10,1345,,85765.27415008907,217970788.89652416,0.0,0.0,157,0.0
10-225-01346,BIHAR,Banka,Amarpur,0,0,,190,10,1346,,98000.87839154692,234663534.19316816,0.0,0.0,176,0.0
10-225-01347,BIHAR,Banka,Rajaun,0,0,,190,10,1347,,86718.04358754268,242814641.5593075,0.0,0.0,179,0.0
10-226-01363,BIHAR,Munger,Tetiha Bambor,0,0,,207,10,1363,,73286.15332623897,95190725.80042528,0.0,0.0,70,0.0
10-225-01348,BIHAR,Banka,Dhuraiya,0,0,,190,10,1348,,106681.6377356153,285703540.38620996,0.0,0.0,208,0.0
10-225-01349,BIHAR,Banka,Barahat,0,0,,190,10,1349,,122910.23058217819,181202001.14064544,0.0,0.0,129,0.0
10-225-01350,BIHAR,Banka,Banka,0,0,,190,10,1350,,137083.07375503817,365153241.48788345,0.0,0.0,275,0.0
10-225-01351,BIHAR,Banka,Phulidumar,0,0,,190,10,1351,,117105.67306472127,248400685.45023423,0.0,0.0,176,0.0
10-225-01352,BIHAR,Banka,Belhar,0,0,,190,10,1352,,118426.40149548957,290570448.277483,0.0,0.0,214,0.0
10-225-01353,BIHAR,Banka,Chanan,0,0,,190,10,1353,,169565.08902723462,550876204.0147796,0.0,0.0,403,0.0
10-225-01354,BIHAR,Banka,Katoria,0,0,,190,10,1354,,180268.89530762268,687665367.2781417,0.0,0.0,502,0.0
10-225-01355,BIHAR,Banka,Bausi,0,0,,190,10,1355,,109314.78149810205,385846183.7170387,0.0,0.0,284,0.0
10-226-01356,BIHAR,Munger,Munger,0,0,,207,10,1356,,162390.1628928388,306519605.49277806,0.0,0.0,227,0.0
10-226-01357,BIHAR,Munger,Bariarpur,0,0,,207,10,1357,,122433.4478606843,198040113.63802013,0.0,0.0,143,0.0
10-226-01358,BIHAR,Munger,Jamalpur,0,0,,207,10,1358,,72817.19566814511,112971204.64248075,0.0,0.0,79,0.0
10-226-01361,BIHAR,Munger,Asarganj,0,0,,207,10,1361,,61173.52838786665,72491453.98190036,0.0,0.0,52,0.0
10-226-01362,BIHAR,Munger,Tarapur,0,0,,207,10,1362,,54416.57713098438,86962445.68425661,0.0,0.0,62,0.0
10-226-01364,BIHAR,Munger,Sangrampur,0,0,,207,10,1364,,71205.18318302365,105786037.21986651,0.0,0.0,80,0.0
10-227-01366,BIHAR,Lakhisarai,Pipariya,0,0,,204,10,1366,,87968.2901826016,106258171.87143916,0.0,0.0,76,0.0
10-227-01365,BIHAR,Lakhisarai,Barahiya,0,0,,204,10,1365,,95965.48426593257,248505135.43154767,0.0,0.0,179,0.0
10-227-01367,BIHAR,Lakhisarai,Surajgarha,0,0,,204,10,1367,,140312.1609931406,462726462.37366486,0.0,0.0,340,0.0
10-227-01368,BIHAR,Lakhisarai,Lakhisarai,0,0,,204,10,1368,,117670.76745524361,181316338.94823277,0.0,0.0,133,0.0
10-227-01369,BIHAR,Lakhisarai,Chanan*,0,0,,204,10,1369,,86014.87070350182,177670731.10250506,0.0,0.0,128,0.0
10-228-01375,BIHAR,Sheikhpura,Ghat Kusumbha,0,0,,219,10,1375,,80592.24583619394,99088070.68237934,0.0,0.0,70,0.0
10-227-01370,BIHAR,Lakhisarai,Ramgarh Chowk,0,0,,204,10,1370,,98990.57354622113,128567389.13844268,0.0,0.0,94,0.0
10-227-01371,BIHAR,Lakhisarai,Halsi,0,0,,204,10,1371,,82594.8188222393,191441208.6304817,0.0,0.0,139,0.0
10-228-01372,BIHAR,Sheikhpura,Barbigha,0,0,,219,10,1372,,83879.7675047183,115941853.486741,0.0,0.0,81,0.0
10-228-01373,BIHAR,Sheikhpura,Shekhopur Sarai,0,0,,219,10,1373,,59774.96229914819,65955650.61796794,0.0,0.0,45,0.0
10-228-01374,BIHAR,Sheikhpura,Sheikhpura,0,0,,219,10,1374,,119718.3677454689,225551054.81458032,0.0,0.0,170,0.0
10-228-01377,BIHAR,Sheikhpura,Ariari,0,0,,219,10,1377,,87552.5859976097,183445963.63454768,0.0,0.0,137,0.0
10-229-01378,BIHAR,Nalanda,Karai Parsurai,0,0,,209,10,1378,,58523.47447411047,82148146.79064696,0.0,0.0,60,0.0
10-229-01379,BIHAR,Nalanda,Nagar Nausa,0,0,,209,10,1379,,82570.35159490984,108015836.82811198,0.0,0.0,80,0.0
10-229-01380,BIHAR,Nalanda,Harnaut,0,0,,209,10,1380,,124869.90123154312,224385440.0517296,0.0,0.0,161,0.0
10-229-01381,BIHAR,Nalanda,Chandi,0,0,,209,10,1381,,70527.81459673235,147156102.481168,0.0,0.0,109,0.0
10-229-01382,BIHAR,Nalanda,Rahui,0,0,,209,10,1382,,77076.6108369453,152249665.90613127,0.0,0.0,108,0.0
10-229-01383,BIHAR,Nalanda,Bind,0,0,,209,10,1383,,70364.80140905235,88091657.81671415,0.0,0.0,66,0.0
10-229-01384,BIHAR,Nalanda,Sarmera,0,0,,209,10,1384,,91044.34634338948,167201876.42476654,0.0,0.0,123,0.0
10-229-01385,BIHAR,Nalanda,Asthawan,0,0,,209,10,1385,,92263.18064708126,171325630.7179731,0.0,0.0,125,0.0
10-229-01387,BIHAR,Nalanda,Noorsarai,0,0,,209,10,1387,,78528.62700534344,151514769.88009417,0.0,0.0,114,0.0
10-229-01386,BIHAR,Nalanda,Bihar,0,0,,209,10,1386,,98561.8371020671,215840179.0991975,0.0,0.0,160,0.0
10-229-01390,BIHAR,Nalanda,Hilsa,0,0,,209,10,1390,,93433.88804652911,175765721.10991755,0.0,0.0,131,0.0
10-229-01391,BIHAR,Nalanda,Ekangarsarai,0,0,,209,10,1391,,87121.32234693572,166605847.460251,0.0,0.0,122,0.0
10-229-01392,BIHAR,Nalanda,Islampur,0,0,,209,10,1392,,109868.69145522316,273834151.4326934,0.0,0.0,194,0.0
10-229-01393,BIHAR,Nalanda,Ben,0,0,,209,10,1393,,66947.54721379357,127526149.56798536,0.0,0.0,94,0.0
10-230-01398,BIHAR,Patna,Maner,0,0,,212,10,1398,,96133.56350709034,213315300.3597084,0.0,0.0,154,0.0
10-229-01394,BIHAR,Nalanda,Rajgir,0,0,,209,10,1394,,88740.45664753366,198129288.77271983,0.0,0.0,147,0.0
10-229-01395,BIHAR,Nalanda,Silao,0,0,,209,10,1395,,79220.42929786978,154752836.13944647,0.0,0.0,114,0.0
10-229-01396,BIHAR,Nalanda,Giriak,0,0,,209,10,1396,,88347.46773236175,99576022.5731765,0.0,0.0,73,0.0
10-229-01397,BIHAR,Nalanda,Katrisarai,0,0,,209,10,1397,,38918.76300208476,48673462.28309288,0.0,0.0,36,0.0
10-230-01399,BIHAR,Patna,Dinapur-Cum-Khagaul,0,0,,212,10,1399,,78598.21354533077,184765788.04152673,0.0,0.0,135,0.0
10-234-01474,BIHAR,Rohtas,Tilouthu,0,0,,215,10,1474,,73885.57639601533,193504401.97342023,0.0,0.0,140,0.0
10-230-01400,BIHAR,Patna,Patna Rural,0,0,,212,10,1400,,87518.10425735511,179850223.48881748,0.0,0.0,131,0.0
10-230-01401,BIHAR,Patna,Sampatchak,0,0,,212,10,1401,,53219.7118618291,78902366.60372826,0.0,0.0,57,0.0
10-230-01406,BIHAR,Patna,Dulhin Bazar,0,0,,212,10,1406,,77792.54009458271,136539622.4680228,0.0,0.0,99,0.0
10-230-01402,BIHAR,Patna,Phulwari,0,0,,212,10,1402,,70659.26045014715,135940825.49713776,0.0,0.0,96,0.0
10-230-01413,BIHAR,Patna,Khusrupur,0,0,,212,10,1413,,46143.60198551767,78201544.387751,0.0,0.0,58,0.0
10-230-01403,BIHAR,Patna,Bihta,0,0,,212,10,1403,,116564.9809665079,244879174.98088208,0.0,0.0,182,0.0
10-230-01415,BIHAR,Patna,Athmalgola,0,0,,212,10,1415,,47997.69261940102,62827293.65665197,0.0,0.0,47,0.0
10-230-01404,BIHAR,Patna,Naubatpur,0,0,,212,10,1404,,105087.74367689912,205320191.59612688,0.0,0.0,153,0.0
10-230-01405,BIHAR,Patna,Bikram,0,0,,212,10,1405,,86626.03512108007,186422313.04867813,0.0,0.0,137,0.0
10-234-01475,BIHAR,Rohtas,Rohtas,0,0,,215,10,1475,,88257.59288547112,389741138.17794544,0.0,0.0,288,0.0
10-230-01407,BIHAR,Patna,Paliganj,0,0,,212,10,1407,,129476.3041410336,293354152.7667747,0.0,0.0,214,0.0
10-230-01408,BIHAR,Patna,Masaurhi,0,0,,212,10,1408,,108866.13277400887,248716954.87290823,0.0,0.0,178,0.0
10-230-01409,BIHAR,Patna,Dhanarua,0,0,,212,10,1409,,95102.40821522896,225577653.19725513,0.0,0.0,163,0.0
10-230-01410,BIHAR,Patna,Punpun,0,0,,212,10,1410,,82554.93388622913,161116560.78819045,0.0,0.0,118,0.0
10-230-01411,BIHAR,Patna,Fatwah,0,0,,212,10,1411,,97950.27190535897,155697451.47083917,0.0,0.0,115,0.0
10-230-01412,BIHAR,Patna,Daniawan,0,0,,212,10,1412,,69689.77872311571,79566220.36857046,0.0,0.0,56,0.0
10-230-01414,BIHAR,Patna,Bakhtiarpur,0,0,,212,10,1414,,120205.01587822943,168153072.20481881,0.0,0.0,120,0.0
10-230-01416,BIHAR,Patna,Belchhi,0,0,,212,10,1416,,88573.78025963024,87443681.0926542,0.0,0.0,70,0.0
10-230-01417,BIHAR,Patna,Barh,0,0,,212,10,1417,,95365.9771693495,147280816.515725,0.0,0.0,104,0.0
10-230-01419,BIHAR,Patna,Ghoswari,0,0,,212,10,1419,,66454.95033385535,164897376.1169027,0.0,0.0,126,0.0
10-230-01418,BIHAR,Patna,Pandarak,0,0,,212,10,1418,,106894.44852036482,252509471.6555304,0.0,0.0,180,0.0
10-232-01438,BIHAR,Buxar,Chaugain,0,0,,194,10,1438,,52625.33924401454,66025696.44875917,0.0,0.0,49,0.0
10-232-01439,BIHAR,Buxar,Kesath,0,0,,194,10,1439,,34661.84662025829,38236018.49691825,0.0,0.0,29,0.0
10-230-01420,BIHAR,Patna,Mokameh,0,0,,212,10,1420,,127700.39840194934,244519830.48183808,0.0,0.0,181,0.0
10-231-01421,BIHAR,Bhojpur,Shahpur,0,0,,193,10,1421,,110658.91431619873,211766871.4500774,0.0,0.0,156,0.0
10-234-01460,BIHAR,Rohtas,Suryapura,0,0,,215,10,1460,,56159.7630280001,69765063.31452103,0.0,0.0,47,0.0
10-231-01422,BIHAR,Bhojpur,Arrah,0,0,,193,10,1422,,120924.06747051864,221925641.7145924,0.0,0.0,159,0.0
10-231-01423,BIHAR,Bhojpur,Barhara,0,0,,193,10,1423,,128817.96875565937,258494738.36324885,0.0,0.0,191,0.0
10-231-01424,BIHAR,Bhojpur,Koilwar,0,0,,193,10,1424,,94779.33453556667,208456312.66749656,0.0,0.0,149,0.0
10-231-01425,BIHAR,Bhojpur,Sandesh,0,0,,193,10,1425,,60697.76797134289,164599530.19806212,0.0,0.0,118,0.0
10-231-01426,BIHAR,Bhojpur,Udwant Nagar,0,0,,193,10,1426,,92445.60417460876,217797556.82002312,0.0,0.0,161,0.0
10-234-01461,BIHAR,Rohtas,Bikramganj,0,0,,215,10,1461,,88556.32896667719,168723569.68103397,0.0,0.0,129,0.0
10-231-01427,BIHAR,Bhojpur,Behea,0,0,,193,10,1427,,114516.77527652554,206091349.70539597,0.0,0.0,150,0.0
10-231-01428,BIHAR,Bhojpur,Jagdishpur,0,0,,193,10,1428,,109726.00219208181,318463526.4488765,0.0,0.0,228,0.0
10-231-01429,BIHAR,Bhojpur,Piro,0,0,,193,10,1429,,100703.96274410955,268205354.86689487,0.0,0.0,200,0.0
10-234-01462,BIHAR,Rohtas,Karakat,0,0,,215,10,1462,,102232.22868007293,251121712.10833624,0.0,0.0,176,0.0
10-231-01430,BIHAR,Bhojpur,Charpokhari,0,0,,193,10,1430,,88834.1327790213,135855258.49695313,0.0,0.0,95,0.0
10-231-01431,BIHAR,Bhojpur,Garhani,0,0,,193,10,1431,,93054.52180151101,137128723.85739592,0.0,0.0,103,0.0
10-231-01432,BIHAR,Bhojpur,Agiaon,0,0,,193,10,1432,,87534.07309197474,191419206.17039648,0.0,0.0,139,0.0
10-231-01433,BIHAR,Bhojpur,Tarari,0,0,,193,10,1433,,95157.98131215997,247108515.4982669,0.0,0.0,177,0.0
10-231-01434,BIHAR,Bhojpur,Sahar,0,0,,193,10,1434,,61748.81499939302,157154129.14318892,0.0,0.0,117,0.0
10-232-01435,BIHAR,Buxar,Simri,0,0,,194,10,1435,,87047.69219699135,222195796.247413,0.0,0.0,164,0.0
10-232-01436,BIHAR,Buxar,Chakki,0,0,,194,10,1436,,73799.54032015939,80420668.23199363,0.0,0.0,64,0.0
10-232-01437,BIHAR,Buxar,Barhampur,0,0,,194,10,1437,,133928.15369382405,240152233.65370417,0.0,0.0,173,0.0
10-232-01440,BIHAR,Buxar,Dumraon,0,0,,194,10,1440,,115797.88145848007,238641355.07175583,0.0,0.0,169,0.0
10-232-01441,BIHAR,Buxar,Buxar,0,0,,194,10,1441,,90996.21871903203,211591033.38394436,0.0,0.0,157,0.0
10-232-01442,BIHAR,Buxar,Chausa,0,0,,194,10,1442,,99103.08457070828,138502720.57991108,0.0,0.0,107,0.0
10-232-01443,BIHAR,Buxar,Rajpur,0,0,,194,10,1443,,121142.9666413415,336933113.12217736,0.0,0.0,245,0.0
10-232-01444,BIHAR,Buxar,Itarhi,0,0,,194,10,1444,,109439.3274763228,293713382.2816445,0.0,0.0,209,0.0
10-232-01445,BIHAR,Buxar,Nawanagar,0,0,,194,10,1445,,126567.10382889764,229774401.79100823,0.0,0.0,169,0.0
10-233-01446,BIHAR,Kaimur (Bhabua),Ramgarh,0,0,,200,10,1446,,124781.0721120257,206666195.02442607,0.0,0.0,151,0.0
10-233-01447,BIHAR,Kaimur (Bhabua),Nuaon,0,0,,200,10,1447,,121732.74643995032,235834986.4758632,0.0,0.0,171,0.0
10-233-01448,BIHAR,Kaimur (Bhabua),Kudra,0,0,,200,10,1448,,132624.50147962422,255577893.54332253,0.0,0.0,189,0.0
10-233-01449,BIHAR,Kaimur (Bhabua),Mohania,0,0,,200,10,1449,,142323.6809133636,349176573.6513165,0.0,0.0,256,0.0
10-233-01450,BIHAR,Kaimur (Bhabua),Durgawati,0,0,,200,10,1450,,108544.41183902678,212580801.4059764,0.0,0.0,154,0.0
10-233-01451,BIHAR,Kaimur (Bhabua),Chand,0,0,,200,10,1451,,97099.60209928264,257974481.1925409,0.0,0.0,188,0.0
10-233-01452,BIHAR,Kaimur (Bhabua),Chainpur,0,0,,200,10,1452,,170712.34536647963,555311526.8488017,0.0,0.0,407,0.0
10-233-01453,BIHAR,Kaimur (Bhabua),Bhabua,0,0,,200,10,1453,,143727.89821118704,407618990.38615096,0.0,0.0,301,0.0
10-233-01454,BIHAR,Kaimur (Bhabua),Rampur,0,0,,200,10,1454,,126612.15498309073,210660395.23746365,0.0,0.0,149,0.0
10-233-01455,BIHAR,Kaimur (Bhabua),Bhagwanpur,0,0,,200,10,1455,,134815.05705103654,292151198.96788174,0.0,0.0,211,0.0
10-233-01456,BIHAR,Kaimur (Bhabua),Adhaura,0,0,,200,10,1456,,271357.2345421078,1135984955.9859164,0.0,0.0,833,0.0
10-234-01457,BIHAR,Rohtas,Kochas,0,0,,215,10,1457,,90248.48407846906,187033418.62218276,0.0,0.0,132,0.0
10-234-01458,BIHAR,Rohtas,Dinara,0,0,,215,10,1458,,157118.7651045217,464648316.8452498,0.0,0.0,341,0.0
10-234-01459,BIHAR,Rohtas,Dawath,0,0,,215,10,1459,,78120.6651060775,129910427.66035384,0.0,0.0,94,0.0
10-234-01466,BIHAR,Rohtas,Nokha,0,0,,215,10,1466,,82152.91978314315,208772248.59610957,0.0,0.0,148,0.0
10-235-01476,BIHAR,Aurangabad,Daudnagar,0,0,,189,10,1476,,91010.07504965532,238139281.75712803,0.0,0.0,174,0.0
10-234-01467,BIHAR,Rohtas,Kargahar,0,0,,215,10,1467,,128509.87472624176,406135690.59563094,0.0,0.0,296,0.0
10-234-01468,BIHAR,Rohtas,Chenari,0,0,,215,10,1468,,121720.69626398994,292642418.8385522,0.0,0.0,215,0.0
10-234-01469,BIHAR,Rohtas,Nauhatta,0,0,,215,10,1469,,175494.75594492842,478591449.404211,0.0,0.0,354,0.0
10-234-01470,BIHAR,Rohtas,Sheosagar,0,0,,215,10,1470,,135463.8765525897,406503956.12222886,0.0,0.0,295,0.0
10-234-01471,BIHAR,Rohtas,Sasaram,0,0,,215,10,1471,,135810.11950728856,394273130.8742507,0.0,0.0,290,0.0
10-234-01473,BIHAR,Rohtas,Dehri,0,0,,215,10,1473,,97323.52013589225,199371136.99043605,0.0,0.0,145,0.0
10-235-01477,BIHAR,Aurangabad,Haspura,0,0,,189,10,1477,,88845.10694940752,164519986.5205008,0.0,0.0,121,0.0
10-235-01478,BIHAR,Aurangabad,Goh,0,0,,189,10,1478,,122286.20877621078,374665187.3660463,0.0,0.0,272,0.0
10-236-01491,BIHAR,Gaya,Neem Chak Bathani,0,0,,196,10,1491,,79540.44278654993,146770773.7769567,0.0,0.0,103,0.0
10-235-01479,BIHAR,Aurangabad,Rafiganj,0,0,,189,10,1479,,167069.30684925965,465687847.79432577,0.0,0.0,341,0.0
10-235-01480,BIHAR,Aurangabad,Obra,0,0,,189,10,1480,,130720.05569071589,327203821.09876627,0.0,0.0,237,0.0
10-236-01494,BIHAR,Gaya,Manpur,0,0,,196,10,1494,,77081.78707553667,161226183.41058797,0.0,0.0,115,0.0
10-235-01481,BIHAR,Aurangabad,Aurangabad,0,0,,189,10,1481,,125502.68609205673,344679798.38062614,0.0,0.0,256,0.0
10-237-01511,BIHAR,Nawada,Nardiganj,0,0,,210,10,1511,,60262.24041371029,129808165.4472442,0.0,0.0,95,0.0
10-235-01482,BIHAR,Aurangabad,Barun,0,0,,189,10,1482,,117269.30390529483,381782699.30215496,0.0,0.0,280,0.0
10-235-01483,BIHAR,Aurangabad,Nabinagar,0,0,,189,10,1483,,173491.30877801325,657546828.2218357,0.0,0.0,483,0.0
10-235-01484,BIHAR,Aurangabad,Kutumba,0,0,,189,10,1484,,110495.73757590447,319048251.76106954,0.0,0.0,229,0.0
10-235-01485,BIHAR,Aurangabad,Deo,0,0,,189,10,1485,,158578.88849021672,336990745.1586724,0.0,0.0,251,0.0
10-235-01486,BIHAR,Aurangabad,Madanpur,0,0,,189,10,1486,,153529.37367368402,418713952.50229967,0.0,0.0,309,0.0
10-236-01487,BIHAR,Gaya,Konch,0,0,,196,10,1487,,154041.56172387034,319288521.7326548,0.0,0.0,232,0.0
10-236-01488,BIHAR,Gaya,Tikari,0,0,,196,10,1488,,122221.36853604284,290576655.12704176,0.0,0.0,218,0.0
10-236-01489,BIHAR,Gaya,Belaganj,0,0,,196,10,1489,,113473.13279109563,240372540.95814112,0.0,0.0,180,0.0
10-236-01490,BIHAR,Gaya,Khizirsarai,0,0,,196,10,1490,,103698.13096672995,223124430.97950032,0.0,0.0,165,0.0
10-236-01492,BIHAR,Gaya,Muhra,0,0,,196,10,1492,,93681.45756176667,181269438.2139707,0.0,0.0,134,0.0
10-236-01493,BIHAR,Gaya,Atri,0,0,,196,10,1493,,103075.15367958385,161340647.62451813,0.0,0.0,119,0.0
10-236-01495,BIHAR,Gaya,Gaya Town C.D.Block,0,0,,196,10,1495,,91678.58033080616,224144813.6021213,0.0,0.0,161,0.0
10-236-01496,BIHAR,Gaya,Paraiya,0,0,,196,10,1496,,75593.31264449215,167300846.5298876,0.0,0.0,120,0.0
10-236-01497,BIHAR,Gaya,Guraru,0,0,,196,10,1497,,81292.54933661391,199646285.7542363,0.0,0.0,147,0.0
10-237-01512,BIHAR,Nawada,Nawada,0,0,,210,10,1512,,86822.75137888109,219317998.1072041,0.0,0.0,157,0.0
10-236-01498,BIHAR,Gaya,Gurua,0,0,,196,10,1498,,117859.62964526065,238015237.1519128,0.0,0.0,173,0.0
10-236-01499,BIHAR,Gaya,Amas,0,0,,196,10,1499,,100546.69423332924,128484051.44985774,0.0,0.0,95,0.0
10-237-01517,BIHAR,Nawada,Roh,0,0,,210,10,1517,,77804.52626079548,192537548.9783989,0.0,0.0,144,0.0
10-236-01500,BIHAR,Gaya,Banke Bazar,0,0,,196,10,1500,,85166.97220092022,256240042.68049288,0.0,0.0,186,0.0
10-236-01501,BIHAR,Gaya,Imamganj,0,0,,196,10,1501,,136271.57775821586,316917295.57645696,0.0,0.0,239,0.0
10-236-01502,BIHAR,Gaya,Dumaria,0,0,,196,10,1502,,119690.94596035974,390676703.928496,0.0,0.0,285,0.0
10-236-01503,BIHAR,Gaya,Sherghati,0,0,,196,10,1503,,100322.2973073121,167902109.12194017,0.0,0.0,123,0.0
10-238-01531,BIHAR,Jamui,Gidhaur,0,0,,198,10,1531,,55211.5633940527,100392309.18230554,0.0,0.0,75,0.0
10-236-01504,BIHAR,Gaya,Dobhi,0,0,,196,10,1504,,103572.88994215836,218837778.49499393,0.0,0.0,161,0.0
10-236-01505,BIHAR,Gaya,Bodh Gaya,0,0,,196,10,1505,,120948.91182130505,306843965.9119923,0.0,0.0,230,0.0
10-236-01506,BIHAR,Gaya,Tan Kuppa,0,0,,196,10,1506,,108147.94853451202,190099968.23000297,0.0,0.0,134,0.0
10-240-01542,BIHAR,Arwal,Arwal,0,0,,611,10,1542,,73924.8054791393,147787869.27798152,0.0,0.0,104,0.0
10-236-01507,BIHAR,Gaya,Wazirganj,0,0,,196,10,1507,,105472.06999302967,323030583.61833626,0.0,0.0,236,0.0
10-236-01508,BIHAR,Gaya,Fatehpur,0,0,,196,10,1508,,155359.44599717355,408449805.62920874,0.0,0.0,304,0.0
10-240-01543,BIHAR,Arwal,Kaler,0,0,,611,10,1543,,67777.19153730445,176075758.749563,0.0,0.0,131,0.0
10-236-01509,BIHAR,Gaya,Mohanpur,0,0,,196,10,1509,,119906.24818546322,418796109.2883684,0.0,0.0,303,0.0
10-240-01544,BIHAR,Arwal,Karpi,0,0,,611,10,1544,,158139.92638461498,234985661.7206014,0.0,0.0,172,0.0
10-236-01510,BIHAR,Gaya,Barachatti,0,0,,196,10,1510,,138753.78132836288,366328956.31361085,0.0,0.0,275,0.0
10-237-01513,BIHAR,Nawada,Warisaliganj,0,0,,210,10,1513,,109792.76918459819,202861050.3008767,0.0,0.0,147,0.0
10-237-01514,BIHAR,Nawada,Kashi Chak,0,0,,210,10,1514,,73948.94452619922,98983451.20841853,0.0,0.0,72,0.0
10-237-01515,BIHAR,Nawada,Pakribarawan,0,0,,210,10,1515,,104545.76938151139,251834567.85717744,0.0,0.0,184,0.0
10-237-01516,BIHAR,Nawada,Kawakol,0,0,,210,10,1516,,121170.20018263235,362955647.76482904,0.0,0.0,266,0.0
10-237-01518,BIHAR,Nawada,Gobindpur,0,0,,210,10,1518,,73133.35659787485,188189390.13263756,0.0,0.0,140,0.0
10-237-01519,BIHAR,Nawada,Akbarpur,0,0,,210,10,1519,,91268.2921062847,249541236.96202633,0.0,0.0,184,0.0
10-237-01520,BIHAR,Nawada,Hisua,0,0,,210,10,1520,,85113.4923130193,144090762.99664384,0.0,0.0,104,0.0
10-237-01521,BIHAR,Nawada,Narhat,0,0,,210,10,1521,,62856.50481924386,99624005.77002536,0.0,0.0,69,0.0
10-237-01522,BIHAR,Nawada,Meskaur,0,0,,210,10,1522,,75185.00287586387,145604023.18435815,0.0,0.0,112,0.0
10-237-01523,BIHAR,Nawada,Sirdala,0,0,,210,10,1523,,111278.51695598938,301894539.186342,0.0,0.0,218,0.0
10-237-01524,BIHAR,Nawada,Rajauli,0,0,,210,10,1524,,132370.86211000624,450216393.36794454,8.842006835937501e-06,6.372617539414416e-07,333,0.00021220816406250005
10-238-01525,BIHAR,Jamui,Islamnagar Aliganj,0,0,,198,10,1525,,96153.77396855215,213408239.47295904,0.0,0.0,156,0.0
10-238-01526,BIHAR,Jamui,Sikandra,0,0,,198,10,1526,,86788.2538333537,223096734.30010977,0.0,0.0,162,0.0
10-238-01527,BIHAR,Jamui,Jamui,0,0,,198,10,1527,,90084.78430112793,212157753.6648698,0.0,0.0,155,0.0
10-238-01528,BIHAR,Jamui,Barhat,0,0,,198,10,1528,,114104.37581341481,270298087.1382075,0.0,0.0,197,0.0
10-238-01529,BIHAR,Jamui,Lakshmipur,0,0,,198,10,1529,,112147.89260238525,307635253.00857943,0.0,0.0,225,0.0
10-238-01530,BIHAR,Jamui,Jhajha,0,0,,198,10,1530,,147664.43327942316,507112726.974952,0.0,0.0,370,0.0
10-238-01532,BIHAR,Jamui,Khaira,0,0,,198,10,1532,,142747.05687020053,513762691.7981683,0.0,0.0,377,0.0
10-238-01533,BIHAR,Jamui,Sono,0,0,,198,10,1533,,117724.39892386932,474283005.7300444,0.0,0.0,349,0.0
10-238-01534,BIHAR,Jamui,Chakai,0,0,,198,10,1534,,243956.2217086091,956725034.6798706,0.0,0.0,700,0.0
10-239-01535,BIHAR,Jehanabad,Ratni Faridpur,0,0,,199,10,1535,,82762.53932271499,155018952.20303965,0.0,0.0,114,0.0
10-239-01536,BIHAR,Jehanabad,Jehanabad,0,0,,199,10,1536,,97254.09844747804,201426556.69272655,0.0,0.0,148,0.0
10-239-01537,BIHAR,Jehanabad,Kako,0,0,,199,10,1537,,83599.3529020472,162373941.78194478,0.0,0.0,118,0.0
10-239-01538,BIHAR,Jehanabad,Modanganj,0,0,,199,10,1538,,66522.90037500951,97205276.85869928,0.0,0.0,69,0.0
10-239-01539,BIHAR,Jehanabad,Ghoshi,0,0,,199,10,1539,,82931.95174196921,112225161.55433495,0.0,0.0,83,0.0
10-239-01540,BIHAR,Jehanabad,Makhdumpur,0,0,,199,10,1540,,128831.72570768485,301471679.33572614,0.0,0.0,217,0.0
10-239-01541,BIHAR,Jehanabad,Hulasganj,0,0,,199,10,1541,,87179.53907708311,119677697.18988888,0.0,0.0,90,0.0
10-240-01545,BIHAR,Arwal,Sonbhadra Banshi Suryapur,0,0,,611,10,1545,,62692.97791397586,116643000.97724338,0.0,0.0,83,0.0
10-240-01546,BIHAR,Arwal,Kurtha,0,0,,611,10,1546,,71585.17106640573,106433073.5354984,0.0,0.0,78,0.0
10-224-01334,BIHAR,Bhagalpur,Gopalpur,0,0,,192,10,1334,,95407.9186210158,208941966.91883087,0.0,0.0,153,0.0
10-210-01127,BIHAR,Kishanganj,Kishanganj,0,0,,203,10,1127,,125268.33771117091,207105687.55921903,0.0,0.0,152,0.0
10-206-01064,BIHAR,Sitamarhi,Suppi,0,0,,221,10,1064,,71084.15120823232,92250451.53846286,0.0,0.0,66,0.0
10-234-01463,BIHAR,Rohtas,Nasriganj,0,0,,215,10,1463,,90034.07903274363,167356919.18355417,0.00012329859077453613,0.00011872949410574777,126,0.01495991625732422
10-234-01464,BIHAR,Rohtas,Rajpur,0,0,,215,10,1464,,68660.48684625747,85633596.4997788,0.00012329859077453613,0.00012329859077453613,63,0.007767811218795776
10-234-01465,BIHAR,Rohtas,Sanjhauli,0,0,,215,10,1465,,56591.722358052,83833486.39015438,0.00012329859077453613,0.00012006563238598052,63,0.007564134840316773
10-203-01023,BIHAR,Pashchim Champaran,Thakrahan,0,0,,211,10,1023,,79847.09402015881,199004696.79409248,0.0,0.0,145,0.0
10-204-01054,BIHAR,Purbi Champaran,Phenhara,0,0,,213,10,1054,,44565.43736457999,67645025.94776015,0.0,0.0,51,0.0
10-219-01262,BIHAR,Saran,Maker,0,0,,218,10,1262,,62357.8736467211,96585777.9808088,0.0,0.0,71,0.0
10-220-01282,BIHAR,Vaishali,Sahdai Buzurg,0,0,,224,10,1282,,74546.65030748869,114161677.3631406,0.0,0.0,84,0.0
10-229-01388,BIHAR,Nalanda,Tharthari,0,0,,209,10,1388,,71853.42144919158,77411758.12428828,0.00015023305030822755,9.593531418129252e-05,54,0.005180506965789796
10-229-01389,BIHAR,Nalanda,Parbalpur,0,0,,209,10,1389,,54466.2339431045,76043839.88376136,0.00015023305030822755,5.6735673048836856e-05,56,0.003177197690734864
10-203-01022,BIHAR,Pashchim Champaran,Bhitaha,0,0,,211,10,1022,,72626.86760213553,166969906.7472905,0.0,0.0,117,0.0
10-203-01013,BIHAR,Pashchim Champaran,Sidhaw,0,0,,211,10,1013,,195582.3602130639,1085337194.6715722,0.0,0.0,781,0.0
10-203-01014,BIHAR,Pashchim Champaran,Ramnagar,0,0,,211,10,1014,,230865.78384139363,866139404.2451236,0.0,0.0,621,0.0
10-203-01015,BIHAR,Pashchim Champaran,Gaunaha,0,0,,211,10,1015,,136504.94021895694,605322845.3823951,0.0,0.0,441,0.0
10-203-01016,BIHAR,Pashchim Champaran,Mainatanr,0,0,,211,10,1016,,115419.13930249632,312998546.4010918,0.0,0.0,221,0.0
10-203-01017,BIHAR,Pashchim Champaran,Narkatiaganj,0,0,,211,10,1017,,149144.20649331805,441857686.2127825,0.0,0.0,314,0.0
10-203-01018,BIHAR,Pashchim Champaran,Lauriya,0,0,,211,10,1018,,120853.32018665274,255440417.54612216,0.0,0.0,183,0.0
10-203-01019,BIHAR,Pashchim Champaran,Bagaha,0,0,,211,10,1019,,135587.24079810514,491292931.53180623,0.0,0.0,352,0.0
10-203-01021,BIHAR,Pashchim Champaran,Madhubani,0,0,,211,10,1021,,144670.82201821523,386116138.1353823,0.0,0.0,276,0.0
10-203-01024,BIHAR,Pashchim Champaran,Jogapatti,0,0,,211,10,1024,,88530.23644360513,258722436.3759333,0.0,0.0,186,0.0
10-203-01029,BIHAR,Pashchim Champaran,Bairia,0,0,,211,10,1029,,105039.82861382668,288505226.87341565,0.0,0.0,208,0.0
10-203-01025,BIHAR,Pashchim Champaran,Chanpatia,0,0,,211,10,1025,,113543.7602983494,310017349.34780717,0.0,0.0,226,0.0
10-206-01071,BIHAR,Sitamarhi,Parsauni,0,0,,221,10,1071,,63729.135625112256,74724139.64418457,0.0,0.0,55,0.0
10-203-01026,BIHAR,Pashchim Champaran,Sikta,0,0,,211,10,1026,,93443.22825707054,255004178.86147365,0.0,0.0,183,0.0
10-203-01027,BIHAR,Pashchim Champaran,Majhaulia,0,0,,211,10,1027,,123374.4030721297,371511179.15939575,0.0,0.0,265,0.0
10-203-01028,BIHAR,Pashchim Champaran,Bettiah,0,0,,211,10,1028,,53968.26030594324,83182055.35378212,0.0,0.0,59,0.0
10-203-01030,BIHAR,Pashchim Champaran,Nautan,0,0,,211,10,1030,,122656.63983711715,245738630.13883996,0.0,0.0,171,0.0
10-204-01031,BIHAR,Purbi Champaran,Raxaul,0,0,,213,10,1031,,98709.78801801558,166685360.13968688,0.0,0.0,124,0.0
10-206-01072,BIHAR,Sitamarhi,Belsand,0,0,,221,10,1072,,66235.5873217276,97354060.86547032,0.0,0.0,70,0.0
10-206-01073,BIHAR,Sitamarhi,Runisaidpur,0,0,,221,10,1073,,152472.54206325076,334873257.0825382,0.0,0.0,243,0.0
10-204-01032,BIHAR,Purbi Champaran,Adapur,0,0,,213,10,1032,,94532.37688292323,199608924.7111849,0.0,0.0,148,0.0
10-206-01074,BIHAR,Sitamarhi,Dumra,0,0,,221,10,1074,,111649.34177378344,241159212.36062923,0.0,0.0,178,0.0
10-204-01033,BIHAR,Purbi Champaran,Ramgarhwa,0,0,,213,10,1033,,90718.26831189607,213035907.5226096,0.0,0.0,154,0.0
10-204-01034,BIHAR,Purbi Champaran,Sugauli,0,0,,213,10,1034,,84892.41923436844,209336830.19001696,0.0,0.0,149,0.0
10-204-01038,BIHAR,Purbi Champaran,Ghorasahan,0,0,,213,10,1038,,75335.10865687576,144368243.47105,0.0,0.0,104,0.0
10-204-01035,BIHAR,Purbi Champaran,Banjaria,0,0,,213,10,1035,,102381.40449613356,176960195.87167916,0.0,0.0,124,0.0
10-204-01047,BIHAR,Purbi Champaran,Kesaria,0,0,,213,10,1047,,87546.8206889307,229535442.11688668,0.0,0.0,168,0.0
10-204-01036,BIHAR,Purbi Champaran,Narkatia,0,0,,213,10,1036,,105607.09704406632,168338010.30978012,0.0,0.0,120,0.0
10-204-01037,BIHAR,Purbi Champaran,Bankatwa,0,0,,213,10,1037,,99233.37216886049,115311013.90225838,0.0,0.0,82,0.0
10-204-01039,BIHAR,Purbi Champaran,Dhaka,0,0,,213,10,1039,,97673.73467814895,202386545.86227983,0.0,0.0,145,0.0
10-204-01048,BIHAR,Purbi Champaran,Kalyanpur,0,0,,213,10,1048,,109413.20044555076,313300912.50613195,0.0,0.0,230,0.0
10-204-01040,BIHAR,Purbi Champaran,Chiraia,0,0,,213,10,1040,,110764.71696779084,272984575.32652414,0.0,0.0,199,0.0
10-204-01041,BIHAR,Purbi Champaran,Motihari,0,0,,213,10,1041,,181544.26702654368,319814691.13850176,0.0,0.0,241,0.0
10-204-01049,BIHAR,Purbi Champaran,Kotwa,0,0,,213,10,1049,,78879.98205471091,178282937.71225017,0.0,0.0,126,0.0
10-204-01042,BIHAR,Purbi Champaran,Turkaulia,0,0,,213,10,1042,,99475.78497366334,174748315.94966665,0.0,0.0,130,0.0
10-204-01050,BIHAR,Purbi Champaran,Piprakothi,0,0,,213,10,1050,,58369.33889310607,62223774.49301849,0.0,0.0,45,0.0
10-204-01043,BIHAR,Purbi Champaran,Harsidhi,0,0,,213,10,1043,,133904.34238337883,240218359.62130272,0.0,0.0,173,0.0
10-204-01044,BIHAR,Purbi Champaran,Paharpur,0,0,,213,10,1044,,108730.62076802726,192061375.0173064,0.0,0.0,144,0.0
10-204-01045,BIHAR,Purbi Champaran,Areraj,0,0,,213,10,1045,,93331.67353690567,242725576.26244012,0.0,0.0,174,0.0
10-204-01046,BIHAR,Purbi Champaran,Sangrampur,0,0,,213,10,1046,,78133.67961210197,187659878.02718252,0.0,0.0,133,0.0
10-204-01051,BIHAR,Purbi Champaran,Chakia(Pipra),0,0,,213,10,1051,,129110.66914194856,212940547.80779588,0.0,0.0,145,0.0
10-204-01052,BIHAR,Purbi Champaran,Pakri Dayal,0,0,,213,10,1052,,90143.40730437863,148110040.62869397,0.0,0.0,106,0.0
10-204-01053,BIHAR,Purbi Champaran,Patahi,0,0,,213,10,1053,,85994.51677214028,144960443.14880535,0.0,0.0,100,0.0
10-204-01055,BIHAR,Purbi Champaran,Madhuban,0,0,,213,10,1055,,112681.00006095257,152424272.44650427,0.0,0.0,114,0.0
10-204-01056,BIHAR,Purbi Champaran,Tetaria,0,0,,213,10,1056,,82320.72754353678,104458405.63845472,0.0,0.0,74,0.0
10-205-01058,BIHAR,Sheohar,Purnahiya,0,0,,220,10,1058,,57294.126150412616,80859097.14068061,0.0,0.0,59,0.0
10-204-01057,BIHAR,Purbi Champaran,Mehsi,0,0,,213,10,1057,,125063.78039343117,149773808.08158112,0.0,0.0,108,0.0
10-205-01059,BIHAR,Sheohar,Piprarhi,0,0,,220,10,1059,,105870.45511307275,104265216.9562483,0.0,0.0,77,0.0
10-205-01060,BIHAR,Sheohar,Sheohar,0,0,,220,10,1060,,81007.5322908237,115638983.35873616,0.0,0.0,83,0.0
10-205-01061,BIHAR,Sheohar,Dumri Katsari,0,0,,220,10,1061,,65038.65439014734,84655470.24819931,0.0,0.0,59,0.0
10-205-01062,BIHAR,Sheohar,Tariani Chowk,0,0,,220,10,1062,,97491.22869259815,171878914.60720828,0.0,0.0,126,0.0
10-206-01063,BIHAR,Sitamarhi,Bairgania,0,0,,221,10,1063,,59598.621146511534,94417571.99630062,0.0,0.0,70,0.0
10-206-01065,BIHAR,Sitamarhi,Majorganj,0,0,,221,10,1065,,62808.55729710282,95411217.42446172,0.0,0.0,68,0.0
10-206-01066,BIHAR,Sitamarhi,Sonbarsa,0,0,,221,10,1066,,92820.94699371175,224104085.6083578,0.0,0.0,155,0.0
10-206-01067,BIHAR,Sitamarhi,Parihar,0,0,,221,10,1067,,86838.20299610356,272812569.4060281,0.0,0.0,197,0.0
10-207-01095,BIHAR,Madhubani,Rajnagar,0,0,,206,10,1095,,78809.12744912357,223111125.2667772,0.0,0.0,158,0.0
10-206-01068,BIHAR,Sitamarhi,Sursand,0,0,,221,10,1068,,91215.71647520129,181412871.1123928,0.0,0.0,134,0.0
10-206-01069,BIHAR,Sitamarhi,Bathnaha,0,0,,221,10,1069,,120764.04051803834,251403523.12922087,0.0,0.0,185,0.0
10-206-01070,BIHAR,Sitamarhi,Riga,0,0,,221,10,1070,,129433.73210860479,163724219.02092636,0.0,0.0,114,0.0
10-210-01123,BIHAR,Kishanganj,Thakurganj,0,0,,203,10,1123,,224971.2940646554,491161543.46963537,0.0,0.0,353,0.0
10-210-01124,BIHAR,Kishanganj,Pothia,0,0,,203,10,1124,,167388.9118766352,443844792.4531903,0.0,0.0,321,0.0
10-210-01125,BIHAR,Kishanganj,Bahadurganj,0,0,,203,10,1125,,155296.13881782343,347494200.8377232,0.0,0.0,251,0.0
10-210-01126,BIHAR,Kishanganj,Kochadhamin,0,0,,203,10,1126,,139640.52665725534,360840233.8364798,0.0,0.0,258,0.0
10-211-01128,BIHAR,Purnia,Banmankhi,0,0,,214,10,1128,,142815.61519736593,459936087.34673214,0.0,0.0,333,0.0
10-206-01075,BIHAR,Sitamarhi,Bajpatti,0,0,,221,10,1075,,90407.29439213518,174303329.1783474,0.0,0.0,125,0.0
10-206-01076,BIHAR,Sitamarhi,Charaut,0,0,,221,10,1076,,85128.15752493152,91349700.81924292,0.0,0.0,62,0.0
10-206-01077,BIHAR,Sitamarhi,Pupri,0,0,,221,10,1077,,73992.24203369493,115338203.66308306,0.0,0.0,82,0.0
10-206-01078,BIHAR,Sitamarhi,Nanpur,0,0,,221,10,1078,,73315.01223618646,135892566.9983101,0.0,0.0,100,0.0
10-220-01283,BIHAR,Vaishali,Mahnar,0,0,,224,10,1283,,81638.1139853176,126474580.44313861,0.0,0.0,89,0.0
10-206-01079,BIHAR,Sitamarhi,Bokhara,0,0,,221,10,1079,,81978.13188098712,108574895.39827529,0.0,0.0,79,0.0
10-207-01080,BIHAR,Madhubani,Madhwapur,0,0,,206,10,1080,,88808.76172423853,137557654.90878707,0.0,0.0,103,0.0
10-207-01081,BIHAR,Madhubani,Harlakhi,0,0,,206,10,1081,,90217.76640094945,187441757.00046396,0.0,0.0,138,0.0
10-207-01082,BIHAR,Madhubani,Basopatti,0,0,,206,10,1082,,97634.90682970545,164238774.4639331,0.0,0.0,122,0.0
10-207-01089,BIHAR,Madhubani,Khajauli,0,0,,206,10,1089,,91171.28062794723,150968724.81279027,0.0,0.0,108,0.0
10-207-01083,BIHAR,Madhubani,Jainagar,0,0,,206,10,1083,,81489.61423509955,161880108.8306139,0.0,0.0,115,0.0
10-207-01090,BIHAR,Madhubani,Kaluahi,0,0,,206,10,1090,,62305.281593423286,101560283.08963235,0.0,0.0,75,0.0
10-207-01084,BIHAR,Madhubani,Ladania,0,0,,206,10,1084,,97928.14946240213,232665607.5684243,0.0,0.0,164,0.0
10-207-01085,BIHAR,Madhubani,Laukaha,0,0,,206,10,1085,,102032.19667129294,266340932.00179368,0.0,0.0,197,0.0
10-207-01086,BIHAR,Madhubani,Laukahi,0,0,,206,10,1086,,109679.24973352649,329223432.564553,0.0,0.0,237,0.0
10-207-01087,BIHAR,Madhubani,Phulparas,0,0,,206,10,1087,,117974.41186319289,199352334.8677591,0.0,0.0,140,0.0
10-207-01088,BIHAR,Madhubani,Babubarhi,0,0,,206,10,1088,,118996.04641992833,237192379.86086744,0.0,0.0,174,0.0
10-207-01091,BIHAR,Madhubani,Benipatti,0,0,,206,10,1091,,128414.2409747215,328987645.9449377,0.0,0.0,231,0.0
10-207-01092,BIHAR,Madhubani,Bisfi,0,0,,206,10,1092,,99754.46134559005,226192948.413646,0.0,0.0,165,0.0
10-207-01093,BIHAR,Madhubani,Madhubani,0,0,,206,10,1093,,109764.71764889831,200359220.56727448,0.0,0.0,142,0.0
10-207-01094,BIHAR,Madhubani,Pandaul,0,0,,206,10,1094,,102372.75527307783,208327489.63825428,0.0,0.0,148,0.0
10-207-01096,BIHAR,Madhubani,Andhratharhi,0,0,,206,10,1096,,97300.5167595078,186769445.10608673,0.0,0.0,134,0.0
10-207-01097,BIHAR,Madhubani,Jhanjharpur,0,0,,206,10,1097,,125261.96837896874,181284371.95402232,0.0,0.0,132,0.0
10-207-01098,BIHAR,Madhubani,Ghoghardiha,0,0,,206,10,1098,,114215.40677637524,211228851.4219488,0.0,0.0,159,0.0
10-207-01099,BIHAR,Madhubani,Lakhnaur,0,0,,206,10,1099,,72956.74167609161,146945623.14022,0.0,0.0,110,0.0
10-207-01100,BIHAR,Madhubani,Madhepur,0,0,,206,10,1100,,144505.38034518834,300452948.5687113,0.0,0.0,212,0.0
10-208-01101,BIHAR,Supaul,Nirmali,0,0,,223,10,1101,,123310.21889922836,162734364.67066902,0.0,0.0,118,0.0
10-208-01102,BIHAR,Supaul,Basantpur,0,0,,223,10,1102,,136288.63693043106,319456339.75100917,0.0,0.0,228,0.0
10-208-01103,BIHAR,Supaul,Chhatapur,0,0,,223,10,1103,,142271.17176584958,398825687.2446475,0.0,0.0,285,0.0
10-208-01104,BIHAR,Supaul,Pratapganj,0,0,,223,10,1104,,71155.69013184242,133032565.19323792,0.0,0.0,97,0.0
10-208-01105,BIHAR,Supaul,Raghopur,0,0,,223,10,1105,,111831.20983491397,255841046.48838165,0.0,0.0,187,0.0
10-221-01285,BIHAR,Samastipur,Warisnagar,0,0,,217,10,1285,,90241.30323013186,163846086.5162723,0.0,0.0,120,0.0
10-208-01106,BIHAR,Supaul,Saraigarh Bhaptiyahi,0,0,,223,10,1106,,105489.5116383213,257042943.27229512,0.0,0.0,189,0.0
10-208-01107,BIHAR,Supaul,Kishanpur,0,0,,223,10,1107,,125516.73810076228,248613546.3002807,0.0,0.0,177,0.0
10-208-01108,BIHAR,Supaul,Marauna,0,0,,223,10,1108,,114969.59778192453,206419565.01179272,0.0,0.0,149,0.0
10-208-01109,BIHAR,Supaul,Supaul,0,0,,223,10,1109,,122628.008173687,390920691.5720901,0.0,0.0,287,0.0
10-208-01110,BIHAR,Supaul,Pipra,0,0,,223,10,1110,,113516.78657800167,247320462.25611627,0.0,0.0,181,0.0
10-221-01287,BIHAR,Samastipur,Khanpur,0,0,,217,10,1287,,89337.20668890505,173313349.37261373,0.0,0.0,127,0.0
10-208-01111,BIHAR,Supaul,Tribeniganj,0,0,,223,10,1111,,136684.8917573132,402291551.99740016,0.0,0.0,290,0.0
10-209-01112,BIHAR,Araria,Narpatganj,0,0,,188,10,1112,,196352.82868709194,482872068.7863751,0.0,0.0,351,0.0
10-209-01113,BIHAR,Araria,Forbesganj,0,0,,188,10,1113,,165874.55860340688,546946456.996027,0.0,0.0,392,0.0
10-209-01114,BIHAR,Araria,Bhargama,0,0,,188,10,1114,,140909.75235341018,280499778.1128878,0.0,0.0,206,0.0
10-209-01115,BIHAR,Araria,Raniganj,0,0,,188,10,1115,,160625.61646677545,576910744.770993,0.0,0.0,418,0.0
10-209-01116,BIHAR,Araria,Araria,0,0,,188,10,1116,,192057.15187743204,506918787.2643526,0.0,0.0,371,0.0
10-209-01117,BIHAR,Araria,Kursakatta,0,0,,188,10,1117,,96566.38525637137,201032230.408231,0.0,0.0,147,0.0
10-209-01118,BIHAR,Araria,Sikti,0,0,,188,10,1118,,116798.35346995249,237753016.2819182,0.0,0.0,177,0.0
10-209-01119,BIHAR,Araria,Palasi,0,0,,188,10,1119,,132578.70192307016,306240761.34804773,0.0,0.0,222,0.0
10-209-01120,BIHAR,Araria,Jokihat,0,0,,188,10,1120,,155370.9524619173,341005127.7602247,0.0,0.0,246,0.0
10-210-01121,BIHAR,Kishanganj,Terhagachh,0,0,,203,10,1121,,121953.02658094271,245208326.38245347,0.0,0.0,175,0.0
10-210-01122,BIHAR,Kishanganj,Dighalbank,0,0,,203,10,1122,,147432.83262190674,314385668.4331173,0.0,0.0,224,0.0
10-211-01129,BIHAR,Purnia,Barhara,0,0,,214,10,1129,,111073.17449432175,288009141.38478667,0.0,0.0,212,0.0
10-211-01130,BIHAR,Purnia,Bhawanipur,0,0,,214,10,1130,,116656.34435182877,201938838.4795833,0.0,0.0,147,0.0
10-211-01131,BIHAR,Purnia,Rupauli,0,0,,214,10,1131,,113946.660566684,308195114.8462847,0.0,0.0,227,0.0
10-211-01132,BIHAR,Purnia,Dhamdaha,0,0,,214,10,1132,,135370.01293426772,446856166.039676,0.0,0.0,326,0.0
10-211-01133,BIHAR,Purnia,Krityanand Nagar,0,0,,214,10,1133,,149407.41850079046,364443041.21247435,0.0,0.0,274,0.0
10-211-01134,BIHAR,Purnia,Purnia East,0,0,,214,10,1134,,127662.13358515713,309272824.56310594,0.0,0.0,228,0.0
10-211-01135,BIHAR,Purnia,Kasba,0,0,,214,10,1135,,130095.64608516233,215123054.3424731,0.0,0.0,154,0.0
10-211-01136,BIHAR,Purnia,Srinagar,0,0,,214,10,1136,,106220.57404900706,172405807.6412187,0.0,0.0,122,0.0
10-211-01137,BIHAR,Purnia,Jalalgarh,0,0,,214,10,1137,,87146.39992638786,142107808.6772385,0.0,0.0,102,0.0
10-211-01138,BIHAR,Purnia,Amour,0,0,,214,10,1138,,141371.93624621196,307011870.96961224,0.0,0.0,225,0.0
10-211-01139,BIHAR,Purnia,Baisa,0,0,,214,10,1139,,132173.35304950457,275191667.549805,0.0,0.0,197,0.0
10-211-01140,BIHAR,Purnia,Baisi,0,0,,214,10,1140,,118169.54825440844,253873549.02719215,0.0,0.0,187,0.0
10-211-01141,BIHAR,Purnia,Dagarua,0,0,,214,10,1141,,129309.28146976323,257465778.6329552,0.0,0.0,180,0.0
10-212-01142,BIHAR,Katihar,Falka,0,0,,201,10,1142,,100518.70580952488,208374539.8829749,0.0,0.0,150,0.0
10-212-01143,BIHAR,Katihar,Korha,0,0,,201,10,1143,,137118.64195203967,368801327.90483874,0.0,0.0,273,0.0
10-212-01144,BIHAR,Katihar,Hasanganj,0,0,,201,10,1144,,78227.29832785497,86155111.41022065,0.0,0.0,62,0.0
10-212-01145,BIHAR,Katihar,Kadwa,0,0,,201,10,1145,,157692.68144088247,420129854.10490626,0.0,0.0,307,0.0
10-212-01146,BIHAR,Katihar,Balrampur,0,0,,201,10,1146,,141815.18317465586,216253207.31133217,0.0,0.0,151,0.0
10-212-01147,BIHAR,Katihar,Barsoi,0,0,,201,10,1147,,172308.8160052511,357713388.6445612,0.0,0.0,261,0.0
10-212-01148,BIHAR,Katihar,Azamnagar,0,0,,201,10,1148,,141791.77759222616,349759708.1212404,0.0,0.0,253,0.0
10-221-01290,BIHAR,Samastipur,Tajpur,0,0,,217,10,1290,,57166.77792153786,83856612.1105223,0.0,0.0,61,0.0
10-212-01149,BIHAR,Katihar,Pranpur,0,0,,201,10,1149,,111803.70370561493,191475637.62126103,0.0,0.0,141,0.0
10-212-01150,BIHAR,Katihar,Dandkhora,0,0,,201,10,1150,,70987.07501110679,111201189.06340708,0.0,0.0,81,0.0
10-212-01151,BIHAR,Katihar,Katihar,0,0,,201,10,1151,,76845.81968857624,136830037.77828172,0.0,0.0,100,0.0
10-212-01152,BIHAR,Katihar,Mansahi,0,0,,201,10,1152,,73279.06289841712,97405011.1871763,0.0,0.0,73,0.0
10-212-01155,BIHAR,Katihar,Kursela,0,0,,201,10,1155,,80348.39413748268,153683091.52761996,0.0,0.0,117,0.0
10-212-01153,BIHAR,Katihar,Barari,0,0,,201,10,1153,,107333.93297446336,407446973.1478653,0.0,0.0,292,0.0
10-212-01154,BIHAR,Katihar,Sameli,0,0,,201,10,1154,,75105.36277909,118027198.2496544,0.0,0.0,81,0.0
10-212-01156,BIHAR,Katihar,Manihari,0,0,,201,10,1156,,130162.81635074862,303859830.4099729,0.0,0.0,221,0.0
10-212-01157,BIHAR,Katihar,Amdabad,0,0,,201,10,1157,,103742.71814675455,228302986.79665467,0.0,0.0,164,0.0
10-213-01158,BIHAR,Madhepura,Gamharia,0,0,,205,10,1158,,80141.00377515821,125479849.27382244,0.0,0.0,89,0.0
10-213-01160,BIHAR,Madhepura,Ghailarh,0,0,,205,10,1160,,78865.70647224285,116219722.2388165,0.0,0.0,83,0.0
10-213-01159,BIHAR,Madhepura,Singheshwar,0,0,,205,10,1159,,111627.30849980874,111167268.35246354,0.0,0.0,78,0.0
10-216-01210,BIHAR,Muzaffarpur,Bandra,0,0,,208,10,1210,,74293.85759884378,142020443.31484023,0.0,0.0,103,0.0
10-213-01161,BIHAR,Madhepura,Madhepura,0,0,,205,10,1161,,115084.47931226583,237801277.85767865,0.0,0.0,175,0.0
10-213-01162,BIHAR,Madhepura,Shankarpur,0,0,,205,10,1162,,63984.56408470212,128790837.874554,0.0,0.0,94,0.0
10-213-01163,BIHAR,Madhepura,Kumarkhand,0,0,,205,10,1163,,118191.24796123093,316976886.68211347,0.0,0.0,230,0.0
10-213-01164,BIHAR,Madhepura,Murliganj,0,0,,205,10,1164,,94211.11378994165,247086114.21145928,0.0,0.0,179,0.0
10-221-01293,BIHAR,Samastipur,Mohanpur,0,0,,217,10,1293,,74468.46489139357,163000016.77407515,0.0,0.0,120,0.0
10-213-01165,BIHAR,Madhepura,Gwalpara,0,0,,205,10,1165,,78037.2495556277,147267353.58482873,0.0,0.0,109,0.0
10-214-01172,BIHAR,Saharsa,Satar Kataiya,0,0,,216,10,1172,,77878.75925155886,177382280.64763528,0.0,0.0,130,0.0
10-213-01166,BIHAR,Madhepura,Bihariganj,0,0,,205,10,1166,,79669.40805645821,133818744.70956944,0.0,0.0,98,0.0
10-216-01211,BIHAR,Muzaffarpur,Dholi (Moraul),0,0,,208,10,1211,,63030.361633940505,73298422.6275262,0.0,0.0,50,0.0
10-213-01167,BIHAR,Madhepura,Kishanganj,0,0,,205,10,1167,,99817.47531025465,188055937.5971522,0.0,0.0,133,0.0
10-216-01212,BIHAR,Muzaffarpur,Musahri,0,0,,208,10,1212,,211487.75457487197,365415439.5943066,0.0,0.0,267,0.0
10-213-01168,BIHAR,Madhepura,Puraini,0,0,,205,10,1168,,63416.842365887525,103114850.3546553,0.0,0.0,76,0.0
10-214-01174,BIHAR,Saharsa,Kahara,0,0,,216,10,1174,,81070.16203244023,176788302.3737116,0.0,0.0,128,0.0
10-213-01169,BIHAR,Madhepura,Alamnagar,0,0,,205,10,1169,,94357.42058114092,211989804.11375904,0.0,0.0,151,0.0
10-213-01170,BIHAR,Madhepura,Chausa,0,0,,205,10,1170,,87285.75133964,172516848.53860697,0.0,0.0,124,0.0
10-214-01171,BIHAR,Saharsa,Nauhatta,0,0,,216,10,1171,,93228.84620468391,212763144.21707585,0.0,0.0,151,0.0
10-217-01227,BIHAR,Gopalganj,Sidhwalia,0,0,,197,10,1227,,69457.48217743407,152022198.31601515,0.0,0.0,109,0.0
10-214-01173,BIHAR,Saharsa,Mahishi,0,0,,216,10,1173,,106372.46434789852,273075178.2794974,0.0,0.0,195,0.0
10-214-01175,BIHAR,Saharsa,Saur Bazar,0,0,,216,10,1175,,88121.22998090234,233228921.9025612,0.0,0.0,171,0.0
10-214-01176,BIHAR,Saharsa,Patarghat,0,0,,216,10,1176,,67497.21582029684,149681422.04156074,0.0,0.0,105,0.0
10-214-01177,BIHAR,Saharsa,Sonbarsa,0,0,,216,10,1177,,90185.02153799882,263952116.041209,0.0,0.0,193,0.0
10-216-01199,BIHAR,Muzaffarpur,Sahebganj,0,0,,208,10,1199,,80060.99972290538,253055918.70266867,0.0,0.0,189,0.0
10-214-01178,BIHAR,Saharsa,Simri Bakhtiarpur,0,0,,216,10,1178,,119116.35548129058,266466354.66217396,0.0,0.0,194,0.0
10-214-01179,BIHAR,Saharsa,Salkhua,0,0,,216,10,1179,,82412.26684571667,221182533.93573853,0.0,0.0,163,0.0
10-214-01180,BIHAR,Saharsa,Banma Itahri,0,0,,216,10,1180,,54286.501575749484,92822449.4552088,0.0,0.0,68,0.0
10-215-01181,BIHAR,Darbhanga,Jale,0,0,,195,10,1181,,112473.57051363293,234172285.01568127,0.0,0.0,171,0.0
10-215-01182,BIHAR,Darbhanga,Singhwara,0,0,,195,10,1182,,121368.62688362494,223279889.67870736,0.0,0.0,162,0.0
10-215-01183,BIHAR,Darbhanga,Keotiranway,0,0,,195,10,1183,,89515.08566239705,180205403.4644349,0.0,0.0,131,0.0
10-215-01184,BIHAR,Darbhanga,Darbhanga,0,0,,195,10,1184,,131883.04966973627,240721362.1475316,0.0,0.0,174,0.0
10-215-01185,BIHAR,Darbhanga,Manigachhi,0,0,,195,10,1185,,96856.01003306538,158887287.31255177,0.0,0.0,114,0.0
10-215-01186,BIHAR,Darbhanga,Tardih,0,0,,195,10,1186,,96398.42232606321,109520018.96976715,0.0,0.0,79,0.0
10-215-01187,BIHAR,Darbhanga,Alinagar,0,0,,195,10,1187,,105560.56246873255,146523357.5416611,0.0,0.0,105,0.0
10-215-01188,BIHAR,Darbhanga,Benipur,0,0,,195,10,1188,,118482.30854716274,204643530.87647069,0.0,0.0,150,0.0
10-215-01189,BIHAR,Darbhanga,Bahadurpur,0,0,,195,10,1189,,155637.00049509996,221161760.4253616,0.0,0.0,158,0.0
10-215-01190,BIHAR,Darbhanga,Hanumannagar,0,0,,195,10,1190,,114393.83215098479,181536916.32106537,0.0,0.0,130,0.0
10-215-01191,BIHAR,Darbhanga,Hayaghat,0,0,,195,10,1191,,66118.49929402806,108810529.75916524,0.0,0.0,77,0.0
10-215-01192,BIHAR,Darbhanga,Baheri,0,0,,195,10,1192,,128629.1579498372,271307286.95794886,0.0,0.0,195,0.0
10-215-01193,BIHAR,Darbhanga,Biraul,0,0,,195,10,1193,,135706.32971678255,230203939.26841983,0.0,0.0,167,0.0
10-215-01194,BIHAR,Darbhanga,Ghanshyampur,0,0,,195,10,1194,,76766.91373126305,103945643.9979024,0.0,0.0,78,0.0
10-215-01195,BIHAR,Darbhanga,Kiratpur,0,0,,195,10,1195,,78793.19278562842,78915927.53877336,0.0,0.0,60,0.0
10-215-01196,BIHAR,Darbhanga,Gora Bauram,0,0,,195,10,1196,,99804.03366816713,145653476.81698695,0.0,0.0,104,0.0
10-215-01197,BIHAR,Darbhanga,Kusheshwar Asthan,0,0,,195,10,1197,,87220.16498537568,144130520.9401011,0.0,0.0,107,0.0
10-215-01198,BIHAR,Darbhanga,Kusheshwar Asthan Purbi,0,0,,195,10,1198,,91858.86035222423,150084285.43545517,0.0,0.0,112,0.0
10-216-01200,BIHAR,Muzaffarpur,Baruraj (Motipur),0,0,,208,10,1200,,125110.13599018812,365259305.4740948,0.0,0.0,263,0.0
10-216-01201,BIHAR,Muzaffarpur,Paroo,0,0,,208,10,1201,,136934.87791145188,413033977.3448192,0.0,0.0,295,0.0
10-216-01202,BIHAR,Muzaffarpur,Saraiya,0,0,,208,10,1202,,155820.80051537574,301402655.1404849,0.0,0.0,218,0.0
10-216-01203,BIHAR,Muzaffarpur,Marwan,0,0,,208,10,1203,,84959.92762229654,138736310.53842777,0.0,0.0,101,0.0
10-216-01204,BIHAR,Muzaffarpur,Kanti,0,0,,208,10,1204,,97122.90469976026,124757584.36625764,0.0,0.0,91,0.0
10-216-01205,BIHAR,Muzaffarpur,Minapur,0,0,,208,10,1205,,166218.11946715685,316124209.98756105,0.0,0.0,228,0.0
10-216-01206,BIHAR,Muzaffarpur,Bochaha,0,0,,208,10,1206,,126044.68100944142,233148755.94160384,0.0,0.0,167,0.0
10-216-01207,BIHAR,Muzaffarpur,Aurai,0,0,,208,10,1207,,101267.16719990574,247748190.77792475,0.0,0.0,177,0.0
10-216-01208,BIHAR,Muzaffarpur,Katra,0,0,,208,10,1208,,118891.9342746819,235108975.17115793,0.0,0.0,171,0.0
10-216-01209,BIHAR,Muzaffarpur,Gaighat,0,0,,208,10,1209,,111008.49869520529,259762671.68662548,0.0,0.0,191,0.0
10-216-01213,BIHAR,Muzaffarpur,Kurhani,0,0,,208,10,1213,,108106.10574110712,256354911.2077163,0.0,0.0,187,0.0
10-216-01214,BIHAR,Muzaffarpur,Sakra,0,0,,208,10,1214,,105121.4777371614,236360031.18726787,0.0,0.0,175,0.0
10-217-01215,BIHAR,Gopalganj,Katiya,0,0,,197,10,1215,,94755.55253264701,158441587.458013,0.00023663829775810244,0.00018593009109565194,112,0.020824170202713016
10-217-01216,BIHAR,Gopalganj,Bijaipur,0,0,,197,10,1216,,81309.59717969262,163112176.36717936,0.00023663829775810244,0.00023663829775810244,120,0.028396595730972293
10-217-01217,BIHAR,Gopalganj,Bhorey,0,0,,197,10,1217,,78790.65552761848,196013266.46535653,0.00023663829775810244,0.00012324911341567838,144,0.017747872331857685
10-217-01218,BIHAR,Gopalganj,Pach Deuri,0,0,,197,10,1218,,53698.212932643866,118295317.11973979,0.0,0.0,85,0.0
10-217-01219,BIHAR,Gopalganj,Kuchaikote,0,0,,197,10,1219,,101077.28158428885,316078491.04748106,0.0,0.0,226,0.0
10-217-01220,BIHAR,Gopalganj,Phulwaria,0,0,,197,10,1220,,81339.22200232239,118763292.85091434,0.0,0.0,89,0.0
10-217-01221,BIHAR,Gopalganj,Hathua,0,0,,197,10,1221,,91546.96202775641,183613061.83342972,0.0002861602557373047,0.00018927135025144563,127,0.024037461481933593
10-217-01222,BIHAR,Gopalganj,Uchkagaon,0,0,,197,10,1222,,80102.93001981139,142235093.67043933,0.0002861602557373047,1.889737537887861e-05,106,0.0020031217901611328
10-217-01223,BIHAR,Gopalganj,Thawe,0,0,,197,10,1223,,57244.55575246375,89300191.60424533,0.0002861602557373047,4.471253995895386e-06,64,0.0002861602557373047
10-217-01224,BIHAR,Gopalganj,Gopalganj,0,0,,197,10,1224,,110313.13172782106,244420793.60160467,0.0,0.0,182,0.0
10-218-01232,BIHAR,Siwan,Goriakothi,0,0,,222,10,1232,,73201.39147651673,174963939.23516312,0.0,0.0,127,0.0
10-217-01225,BIHAR,Gopalganj,Manjha,0,0,,197,10,1225,,80242.78538873792,179389027.9828925,0.0,0.0,131,0.0
10-217-01226,BIHAR,Gopalganj,Barauli,0,0,,197,10,1226,,105754.79057670098,232227972.12586737,0.0,0.0,170,0.0
10-217-01228,BIHAR,Gopalganj,Baikunthpur,0,0,,197,10,1228,,97825.58906166903,256614409.24172768,0.0,0.0,185,0.0
10-218-01229,BIHAR,Siwan,Nautan,0,0,,222,10,1229,,58324.35348563096,81827813.66620097,0.0002861602557373047,0.0002861602557373047,58,0.016597294832763673
10-218-01230,BIHAR,Siwan,Siwan,0,0,,222,10,1230,,92599.06904644772,168879532.28230655,0.0002861602557373047,0.00026190938660702466,118,0.030905307619628907
10-218-01235,BIHAR,Siwan,Bhagwanpur Hat,0,0,,222,10,1235,,86430.4184146014,189582799.91524476,0.00015041656482696534,2.397945236371911e-05,138,0.0033091644261932372
10-218-01231,BIHAR,Siwan,Barharia,0,0,,222,10,1231,,90315.6629531122,219606934.01516393,0.0002861602557373047,5.365504795074463e-06,160,0.000858480767211914
10-218-01233,BIHAR,Siwan,Lakri Nabiganj,0,0,,222,10,1233,,79648.98713303795,120773104.6039552,0.0,0.0,88,0.0
10-218-01234,BIHAR,Siwan,Basantpur,0,0,,222,10,1234,,57871.378293950496,76675463.02480637,0.0,0.0,56,0.0
10-218-01236,BIHAR,Siwan,Maharajganj,0,0,,222,10,1236,,119387.58843212528,142817377.5161484,0.00015041656482696534,5.6953844934482015e-05,103,0.005866246028251648
10-218-01237,BIHAR,Siwan,Pachrukhi,0,0,,222,10,1237,,99183.2392802834,160709761.40986398,0.0002861602557373047,1.2229070758004474e-05,117,0.0014308012786865235
10-218-01238,BIHAR,Siwan,Hussainganj,0,0,,222,10,1238,,68784.84800107122,105975934.30464326,0.0002861602557373047,0.00025314744411365406,74,0.0187329108644104
10-218-01239,BIHAR,Siwan,Ziradei,0,0,,222,10,1239,,98825.50869312549,152221780.48504183,0.0002861602557373047,0.0002858141611106116,111,0.03172537188327789
10-218-01240,BIHAR,Siwan,Mairwa,0,0,,222,10,1240,,65279.2242200428,88898123.37504825,0.0002977088786315918,0.00028668519314159046,66,0.018921222747344972
10-218-01242,BIHAR,Siwan,Darauli,0,0,,222,10,1242,,90305.00161970501,214758375.6239279,0.0002977088786315918,0.0002682406137358143,155,0.041577295129051214
10-218-01241,BIHAR,Siwan,Guthani,0,0,,222,10,1241,,78778.78773845347,115110806.99004474,0.0002977088786315918,0.00029686385744420496,82,0.024342836310424807
10-219-01248,BIHAR,Saran,Mashrakh,0,0,,218,10,1248,,82075.7710341599,165898243.02109933,0.0,0.0,121,0.0
10-218-01243,BIHAR,Siwan,Andar,0,0,,222,10,1243,,83358.60866933218,125625010.62434034,0.0002861602557373047,0.00025215944223908174,87,0.02193787147480011
10-219-01249,BIHAR,Saran,Panapur,0,0,,218,10,1249,,75875.09329534958,182360909.7404776,0.0,0.0,128,0.0
10-218-01244,BIHAR,Siwan,Raghunathpur,0,0,,222,10,1244,,87824.68008836384,193566358.3438411,0.00024774375217437745,0.00024774375217437745,143,0.03542735656093597
10-219-01250,BIHAR,Saran,Taraiya,0,0,,218,10,1250,,53629.0613522338,97307015.09151264,0.0,0.0,74,0.0
10-218-01245,BIHAR,Siwan,Hasanpura,0,0,,222,10,1245,,82786.09108287447,121956119.03175904,0.00024774375217437745,0.0001883507349671989,87,0.016386513942146304
10-219-01251,BIHAR,Saran,Ishupur,0,0,,218,10,1251,,62425.60798229613,109300191.56908256,0.0,0.0,76,0.0
10-218-01246,BIHAR,Siwan,Daraundha,0,0,,222,10,1246,,105400.53795370483,157911066.26165873,0.00015041656482696534,0.00013079701289301336,115,0.015041656482696536
10-219-01256,BIHAR,Saran,Jalalpur,0,0,,218,10,1256,,65042.73641147566,147549697.72689733,0.00015041656482696534,3.068710717309196e-05,106,0.003252833360347748
10-218-01247,BIHAR,Siwan,Siswan,0,0,,222,10,1247,,98184.39847010886,155554872.77293277,0.00024774375217437745,0.00017935167457889867,111,0.019908035878257752
10-219-01259,BIHAR,Saran,Nagra,0,0,,218,10,1259,,43289.948409307304,65110006.46242106,7.278863359451294e-05,3.097388663596295e-05,47,0.0014557726718902586
10-219-01252,BIHAR,Saran,Baniapur,0,0,,218,10,1252,,89199.8841803021,219417775.87250236,0.00015041656482696534,3.691204044833505e-06,163,0.0006016662593078614
10-219-01253,BIHAR,Saran,Lahladpur,0,0,,218,10,1253,,49287.19248841685,70233795.44130237,0.00015041656482696534,8.122494500656129e-05,50,0.004061247250328064
10-219-01254,BIHAR,Saran,Ekma,0,0,,218,10,1254,,99716.17236158185,176114988.01319405,0.00015041656482696534,0.00015041656482696534,128,0.019253320297851564
10-219-01255,BIHAR,Saran,Manjhi,0,0,,218,10,1255,,127085.43562979231,244607530.98349065,0.00015041656482696534,0.00014132024072922603,180,0.025437643331260685
10-219-01257,BIHAR,Saran,Revelganj,0,0,,218,10,1257,,84877.1419542779,179359801.45379385,0.0001132435205078125,7.602502454757692e-05,125,0.009503128068447116
10-219-01258,BIHAR,Saran,Chapra,0,0,,218,10,1258,,119729.94798472138,239470568.44351175,7.278863359451294e-05,6.823934399485588e-05,176,0.012010124543094636
10-219-01260,BIHAR,Saran,Marhaura,0,0,,218,10,1260,,87240.95030017926,190752130.05196184,7.278863359451294e-05,2.1252155794018374e-06,137,0.00029115453437805175
10-219-01261,BIHAR,Saran,Amnour,0,0,,218,10,1261,,94922.90618840617,160109081.4065653,7.278863359451294e-05,1.233705654144287e-06,118,0.00014557726718902587
10-219-01263,BIHAR,Saran,Parsa,0,0,,218,10,1263,,85595.91054800974,122749042.93573296,0.0,0.0,88,0.0
10-219-01266,BIHAR,Saran,Dighwara,0,0,,218,10,1266,,81943.45164265168,101347015.6655549,0.0,0.0,72,0.0
10-219-01264,BIHAR,Saran,Dariapur,0,0,,218,10,1264,,115477.27251924115,281302380.67878103,0.0,0.0,202,0.0
10-219-01265,BIHAR,Saran,Garkha,0,0,,218,10,1265,,90147.74693968748,213336409.9887166,7.278863359451294e-05,3.733962372705534e-05,154,0.005750302053966522
10-220-01269,BIHAR,Vaishali,Paterhi Belsar,0,0,,224,10,1269,,56227.36197278124,93522597.26160131,0.0,0.0,69,0.0
10-219-01267,BIHAR,Saran,Sonepur,0,0,,218,10,1267,,70412.64000247594,214865144.18564072,0.0,0.0,162,0.0
10-220-01268,BIHAR,Vaishali,Vaishali,0,0,,224,10,1268,,72706.90824879723,158663399.21103516,0.0,0.0,114,0.0
10-220-01270,BIHAR,Vaishali,Lalganj,0,0,,224,10,1270,,89595.71916906572,184177988.41986412,0.0,0.0,133,0.0
10-221-01294,BIHAR,Samastipur,Mohiuddinagar,0,0,,217,10,1294,,80607.53716768604,178536106.2701614,0.0,0.0,130,0.0
10-220-01271,BIHAR,Vaishali,Bhagwanpur,0,0,,224,10,1271,,98965.72708266653,142473218.81446454,0.0,0.0,102,0.0
10-220-01272,BIHAR,Vaishali,Goraul,0,0,,224,10,1272,,101989.77906286377,122446101.92943335,0.0,0.0,87,0.0
10-220-01273,BIHAR,Vaishali,Chehra Kalan,0,0,,224,10,1273,,63204.34388206024,89818122.94593617,0.0,0.0,66,0.0
10-220-01277,BIHAR,Vaishali,Raja Pakar,0,0,,224,10,1277,,58946.08844196175,93673217.82917874,0.0,0.0,72,0.0
10-220-01274,BIHAR,Vaishali,Patepur,0,0,,224,10,1274,,118180.33822078991,317029999.71255994,0.0,0.0,234,0.0
10-220-01275,BIHAR,Vaishali,Mahua,0,0,,224,10,1275,,86273.82517515696,171155586.12447235,0.0,0.0,125,0.0
10-220-01276,BIHAR,Vaishali,Jandaha,0,0,,224,10,1276,,99044.76663725945,179891527.10359335,0.0,0.0,128,0.0
10-220-01278,BIHAR,Vaishali,Hajipur,0,0,,224,10,1278,,80048.24731377292,194916759.16986817,0.0,0.0,140,0.0
10-220-01280,BIHAR,Vaishali,Bidupur,0,0,,224,10,1280,,88122.3198685409,139375575.9420912,0.0,0.0,99,0.0
10-220-01279,BIHAR,Vaishali,Raghopur,0,0,,224,10,1279,,128641.49950069311,338499790.0832371,0.0,0.0,246,0.0
10-220-01281,BIHAR,Vaishali,Desri,0,0,,224,10,1281,,50183.809114488824,56627949.53624974,0.0,0.0,43,0.0
10-221-01284,BIHAR,Samastipur,Kalyanpur,0,0,,217,10,1284,,147387.26660455638,294821482.9966942,0.0,0.0,214,0.0
10-221-01286,BIHAR,Samastipur,Shivaji Nagar,0,0,,217,10,1286,,96209.25031894707,172333979.18990555,0.0,0.0,130,0.0
10-221-01288,BIHAR,Samastipur,Samastipur,0,0,,217,10,1288,,112474.97484539819,170577777.20953664,0.0,0.0,123,0.0
10-221-01289,BIHAR,Samastipur,Pusa,0,0,,217,10,1289,,64081.7615729533,95008289.7510354,0.0,0.0,65,0.0
10-221-01291,BIHAR,Samastipur,Morwa,0,0,,217,10,1291,,104551.97847793197,152111293.7773472,0.0,0.0,106,0.0
10-221-01292,BIHAR,Samastipur,Patori,0,0,,217,10,1292,,69422.25062895294,130638318.44440164,0.0,0.0,93,0.0
10-221-01295,BIHAR,Samastipur,Sarairanjan,0,0,,217,10,1295,,96463.23467310029,185572344.2706523,0.0,0.0,145,0.0
10-221-01296,BIHAR,Samastipur,Vidyapati Nagar,0,0,,217,10,1296,,62930.2690484309,106322816.42401849,0.0,0.0,75,0.0
10-221-01297,BIHAR,Samastipur,Dalsinghsarai,0,0,,217,10,1297,,80515.23552986495,118201268.21451648,0.0,0.0,89,0.0
10-221-01298,BIHAR,Samastipur,Ujiarpur,0,0,,217,10,1298,,81756.09445970641,209497824.1015558,0.0,0.0,149,0.0
10-221-01300,BIHAR,Samastipur,Rosera,0,0,,217,10,1300,,84599.34785899956,138535375.895554,0.0,0.0,97,0.0
10-221-01299,BIHAR,Samastipur,Bibhutpur,0,0,,217,10,1299,,96600.53522783429,258332531.194082,0.0,0.0,187,0.0
10-221-01301,BIHAR,Samastipur,Singhia,0,0,,217,10,1301,,76055.88015393679,178639507.67998633,0.0,0.0,128,0.0
10-222-01307,BIHAR,Begusarai,Cheria Bariarpur,0,0,,191,10,1307,,80422.0696045629,127840547.1243011,0.0,0.0,89,0.0
10-221-01302,BIHAR,Samastipur,Hasanpur,0,0,,217,10,1302,,122795.93417076243,188091095.39019313,0.0,0.0,138,0.0
10-221-01303,BIHAR,Samastipur,Bithan,0,0,,217,10,1303,,72838.55780104545,149849875.79630712,0.0,0.0,109,0.0
10-222-01304,BIHAR,Begusarai,Khudabandpur,0,0,,191,10,1304,,49522.71992212785,59617610.47663844,0.0,0.0,39,0.0
10-222-01305,BIHAR,Begusarai,Chhorahi,0,0,,191,10,1305,,96201.09768359947,128309829.49376953,0.0,0.0,94,0.0
10-222-01306,BIHAR,Begusarai,Garhpura,0,0,,191,10,1306,,69581.28073662621,88651595.91159394,0.0,0.0,68,0.0
10-222-01308,BIHAR,Begusarai,Bhagwanpur,0,0,,191,10,1308,,102620.52088176137,147276258.21886113,0.0,0.0,106,0.0
10-223-01324,BIHAR,Khagaria,Mansi,0,0,,202,10,1324,,70720.37786012898,86151878.56106131,0.0,0.0,69,0.0
10-222-01309,BIHAR,Begusarai,Mansurchak,0,0,,191,10,1309,,55538.61039021854,42158333.283958256,0.0,0.0,31,0.0
10-224-01333,BIHAR,Bhagalpur,Rangra Chowk,0,0,,192,10,1333,,56200.86409227388,97946271.45940188,0.0,0.0,71,0.0
10-222-01310,BIHAR,Begusarai,Bachhwara,0,0,,191,10,1310,,112893.55520851951,186501763.14040864,0.0,0.0,138,0.0
10-222-01311,BIHAR,Begusarai,Teghra,0,0,,191,10,1311,,93442.93751421869,180050069.66821858,0.0,0.0,129,0.0
10-222-01312,BIHAR,Begusarai,Barauni,0,0,,191,10,1312,,90573.71511882372,141812926.41245717,0.0,0.0,102,0.0
10-222-01313,BIHAR,Begusarai,Birpur,0,0,,191,10,1313,,69057.86510087451,64693086.30641256,0.0,0.0,53,0.0
10-222-01314,BIHAR,Begusarai,Begusarai,0,0,,191,10,1314,,114572.02827886646,273941103.5239774,0.0,0.0,200,0.0
10-222-01315,BIHAR,Begusarai,Naokothi,0,0,,191,10,1315,,61794.845266753924,91575422.87048158,0.0,0.0,64,0.0
10-222-01316,BIHAR,Begusarai,Bakhri,0,0,,191,10,1316,,74902.13049058078,94921186.04856166,0.0,0.0,66,0.0
10-222-01317,BIHAR,Begusarai,Dandari,0,0,,191,10,1317,,77075.31892237118,85364223.36403492,0.0,0.0,65,0.0
10-222-01318,BIHAR,Begusarai,Sahebpur Kamal,0,0,,191,10,1318,,97820.3506924087,179327758.1582562,0.0,0.0,131,0.0
10-222-01319,BIHAR,Begusarai,Balia,0,0,,191,10,1319,,95726.56851828664,181873531.04775092,0.0,0.0,133,0.0
10-222-01320,BIHAR,Begusarai,Matihani,0,0,,191,10,1320,,104199.58891726227,214311339.790948,0.0,0.0,157,0.0
10-222-01321,BIHAR,Begusarai,Shamho Akha Kurha,0,0,,191,10,1321,,47884.70174269599,82130306.58899558,0.0,0.0,58,0.0
10-223-01322,BIHAR,Khagaria,Alauli,0,0,,202,10,1322,,117176.16085281859,337532903.06560946,0.0,0.0,244,0.0
10-223-01323,BIHAR,Khagaria,Khagaria,0,0,,202,10,1323,,164255.4907534744,325761754.1557925,0.0,0.0,229,0.0
10-223-01325,BIHAR,Khagaria,Chautham,0,0,,202,10,1325,,88833.5659059585,205164632.7891582,0.0,0.0,148,0.0
10-228-01376,BIHAR,Sheikhpura,Chewara,0,0,,219,10,1376,,77279.14911837938,141385828.1075451,3.465804075479508e-05,2.2565187701785448e-05,103,0.002324214333283901
10-223-01326,BIHAR,Khagaria,Beldaur,0,0,,202,10,1326,,101449.44415348554,276820454.1841197,0.0,0.0,203,0.0
10-223-01327,BIHAR,Khagaria,Gogri,0,0,,202,10,1327,,109725.85953588395,321971045.3784509,0.0,0.0,231,0.0
10-223-01328,BIHAR,Khagaria,Parbatta,0,0,,202,10,1328,,89952.53209418767,286770838.53234714,0.0,0.0,215,0.0
10-224-01329,BIHAR,Bhagalpur,Narayanpur,0,0,,192,10,1329,,96964.50839109154,173637043.38008544,0.0,0.0,125,0.0
10-224-01330,BIHAR,Bhagalpur,Bihpur,0,0,,192,10,1330,,98960.16392998041,189427956.2070791,0.0,0.0,141,0.0
10-234-01472,BIHAR,Rohtas,Akorhi Gola,0,0,,215,10,1472,,71741.57946050014,124356844.03544964,0.00012329859077453613,0.00012329859077453613,94,0.011590067532806395
10-224-01331,BIHAR,Bhagalpur,Kharik,0,0,,192,10,1331,,103106.05203500649,169292223.68779984,0.0,0.0,125,0.0
10-224-01332,BIHAR,Bhagalpur,Naugachhia,0,0,,192,10,1332,,91833.23423872421,134223697.96961665,0.0,0.0,95,0.0
10-224-01335,BIHAR,Bhagalpur,Pirpainti,0,0,,192,10,1335,,138631.2255747686,411429376.6216011,0.0,0.0,294,0.0
10-224-01336,BIHAR,Bhagalpur,Kahalgaon,0,0,,192,10,1336,,128722.99744742387,352186242.20537144,0.0,0.0,255,0.0
10-224-01337,BIHAR,Bhagalpur,Ismailpur,0,0,,192,10,1337,,66332.03197363381,102752037.41138108,0.0,0.0,75,0.0
10-224-01338,BIHAR,Bhagalpur,Sabour,0,0,,192,10,1338,,85492.0541239663,141198925.34276122,0.0,0.0,102,0.0
10-226-01359,BIHAR,Munger,Dharhara,0,0,,207,10,1359,,105188.90103685112,355220468.750446,0.0,0.0,262,0.0
10-224-01339,BIHAR,Bhagalpur,Nathnagar,0,0,,192,10,1339,,105259.93673308079,163498377.60317266,0.0,0.0,117,0.0
10-226-01360,BIHAR,Munger,Kharagpur,0,0,,207,10,1360,,169586.30903503796,398589433.5102216,0.0,0.0,291,0.0
10-224-01340,BIHAR,Bhagalpur,Sultanganj,0,0,,192,10,1340,,139861.1879796442,266407467.3450057,0.0,0.0,198,0.0
10-224-01341,BIHAR,Bhagalpur,Shahkund,0,0,,192,10,1341,,93276.90256650816,208798734.37786233,0.0,0.0,153,0.0
10-224-01342,BIHAR,Bhagalpur,Goradih,0,0,,192,10,1342,,106918.08891287447,178026414.43832883,0.0,0.0,128,0.0
10-224-01343,BIHAR,Bhagalpur,Jagdishpur,0,0,,192,10,1343,,107045.71303668506,127447147.46016994,0.0,0.0,95,0.0
10-224-01344,BIHAR,Bhagalpur,Sonhaula,0,0,,192,10,1344,,84463.86530366821,214425428.57327408,0.0,0.0,160,0.0
10-225-01345,BIHAR,Banka,Shambhuganj,0,0,,190,10,1345,,85765.27415008907,217970788.89652416,0.0,0.0,157,0.0
10-225-01346,BIHAR,Banka,Amarpur,0,0,,190,10,1346,,98000.87839154692,234663534.19316816,0.0,0.0,176,0.0
10-225-01347,BIHAR,Banka,Rajaun,0,0,,190,10,1347,,86718.04358754268,242814641.5593075,0.0,0.0,179,0.0
10-226-01363,BIHAR,Munger,Tetiha Bambor,0,0,,207,10,1363,,73286.15332623897,95190725.80042528,0.0,0.0,70,0.0
10-225-01348,BIHAR,Banka,Dhuraiya,0,0,,190,10,1348,,106681.6377356153,285703540.38620996,0.0,0.0,208,0.0
10-225-01349,BIHAR,Banka,Barahat,0,0,,190,10,1349,,122910.23058217819,181202001.14064544,0.0,0.0,129,0.0
10-225-01350,BIHAR,Banka,Banka,0,0,,190,10,1350,,137083.07375503817,365153241.48788345,0.0,0.0,275,0.0
10-225-01351,BIHAR,Banka,Phulidumar,0,0,,190,10,1351,,117105.67306472127,248400685.45023423,0.0,0.0,176,0.0
10-225-01352,BIHAR,Banka,Belhar,0,0,,190,10,1352,,118426.40149548957,290570448.277483,0.00010872240509033204,1.1177069682183666e-05,214,0.0023918929119873047
10-225-01353,BIHAR,Banka,Chanan,0,0,,190,10,1353,,169565.08902723462,550876204.0147796,0.00013153989757537843,6.099426284250492e-05,403,0.024580687925529483
10-225-01354,BIHAR,Banka,Katoria,0,0,,190,10,1354,,180268.89530762268,687665367.2781417,0.0001269104612350464,1.0870816400611545e-05,502,0.005457149833106995
10-225-01355,BIHAR,Banka,Bausi,0,0,,190,10,1355,,109314.78149810205,385846183.7170387,0.0,0.0,284,0.0
10-226-01356,BIHAR,Munger,Munger,0,0,,207,10,1356,,162390.1628928388,306519605.49277806,0.0,0.0,227,0.0
10-226-01357,BIHAR,Munger,Bariarpur,0,0,,207,10,1357,,122433.4478606843,198040113.63802013,0.0,0.0,143,0.0
10-226-01358,BIHAR,Munger,Jamalpur,0,0,,207,10,1358,,72817.19566814511,112971204.64248075,0.0,0.0,79,0.0
10-226-01361,BIHAR,Munger,Asarganj,0,0,,207,10,1361,,61173.52838786665,72491453.98190036,0.0,0.0,52,0.0
10-226-01362,BIHAR,Munger,Tarapur,0,0,,207,10,1362,,54416.57713098438,86962445.68425661,0.0,0.0,62,0.0
10-226-01364,BIHAR,Munger,Sangrampur,0,0,,207,10,1364,,71205.18318302365,105786037.21986651,0.0,0.0,80,0.0
10-227-01366,BIHAR,Lakhisarai,Pipariya,0,0,,204,10,1366,,87968.2901826016,106258171.87143916,0.0,0.0,76,0.0
10-227-01365,BIHAR,Lakhisarai,Barahiya,0,0,,204,10,1365,,95965.48426593257,248505135.43154767,0.0,0.0,179,0.0
10-227-01367,BIHAR,Lakhisarai,Surajgarha,0,0,,204,10,1367,,140312.1609931406,462726462.37366486,5.732745330810547e-05,7.587457055484548e-06,340,0.0025797353988647465
10-227-01368,BIHAR,Lakhisarai,Lakhisarai,0,0,,204,10,1368,,117670.76745524361,181316338.94823277,5.732745330810547e-05,3.097528555070547e-06,133,0.0004119712978243828
10-227-01369,BIHAR,Lakhisarai,Chanan*,0,0,,204,10,1369,,86014.87070350182,177670731.10250506,5.732745330810547e-05,4.65785558128357e-05,128,0.005962055144042969
10-228-01375,BIHAR,Sheikhpura,Ghat Kusumbha,0,0,,219,10,1375,,80592.24583619394,99088070.68237934,0.0,0.0,70,0.0
10-227-01370,BIHAR,Lakhisarai,Ramgarh Chowk,0,0,,204,10,1370,,98990.57354622113,128567389.13844268,5.732745330810547e-05,2.4347950803371185e-05,94,0.0022887073755168915
10-227-01371,BIHAR,Lakhisarai,Halsi,0,0,,204,10,1371,,82594.8188222393,191441208.6304817,5.732745330810547e-05,2.3349993890806925e-05,139,0.0032456491508221627
10-228-01372,BIHAR,Sheikhpura,Barbigha,0,0,,219,10,1372,,83879.7675047183,115941853.486741,0.0,0.0,81,0.0
10-228-01373,BIHAR,Sheikhpura,Shekhopur Sarai,0,0,,219,10,1373,,59774.96229914819,65955650.61796794,4.52081718826294e-05,1.433211101871067e-05,45,0.0006449449958419801
10-228-01374,BIHAR,Sheikhpura,Sheikhpura,0,0,,219,10,1374,,119718.3677454689,225551054.81458032,3.465804075479508e-05,6.999082990996979e-06,170,0.0011898441084694864
10-228-01377,BIHAR,Sheikhpura,Ariari,0,0,,219,10,1377,,87552.5859976097,183445963.63454768,3.465804075479508e-05,3.447058287768468e-05,137,0.0047224698542428015
10-229-01378,BIHAR,Nalanda,Karai Parsurai,0,0,,209,10,1378,,58523.47447411047,82148146.79064696,4.551598777770996e-05,2.0482194499969483e-05,60,0.001228931669998169
10-229-01379,BIHAR,Nalanda,Nagar Nausa,0,0,,209,10,1379,,82570.35159490984,108015836.82811198,0.00015023305030822755,2.6855947320938104e-05,80,0.0021484757856750484
10-229-01380,BIHAR,Nalanda,Harnaut,0,0,,209,10,1380,,124869.90123154312,224385440.0517296,0.00015023305030822755,5.225497402025307e-05,161,0.008413050817260743
10-229-01381,BIHAR,Nalanda,Chandi,0,0,,209,10,1381,,70527.81459673235,147156102.481168,0.00015023305030822755,0.00013782848652130967,109,0.015023305030822755
10-229-01382,BIHAR,Nalanda,Rahui,0,0,,209,10,1382,,77076.6108369453,152249665.90613127,0.00015023305030822755,0.00014466886325977468,108,0.015624237232055666
10-229-01383,BIHAR,Nalanda,Bind,0,0,,209,10,1383,,70364.80140905235,88091657.81671415,0.0,0.0,66,0.0
10-229-01384,BIHAR,Nalanda,Sarmera,0,0,,209,10,1384,,91044.34634338948,167201876.42476654,0.0,0.0,123,0.0
10-229-01385,BIHAR,Nalanda,Asthawan,0,0,,209,10,1385,,92263.18064708126,171325630.7179731,0.00015023305030822755,2.486908102743149e-05,125,0.0031086351284289365
10-229-01387,BIHAR,Nalanda,Noorsarai,0,0,,209,10,1387,,78528.62700534344,151514769.88009417,0.00015023305030822755,0.00015023305030822758,114,0.017126567735137942
10-229-01386,BIHAR,Nalanda,Bihar,0,0,,209,10,1386,,98561.8371020671,215840179.0991975,0.00015023305030822755,0.00013606603954958917,160,0.021770566327934268
10-229-01390,BIHAR,Nalanda,Hilsa,0,0,,209,10,1390,,93433.88804652911,175765721.10991755,4.551598777770996e-05,4.551598777770996e-05,131,0.005962594398880005
10-229-01391,BIHAR,Nalanda,Ekangarsarai,0,0,,209,10,1391,,87121.32234693572,166605847.460251,4.551598777770996e-05,4.551598777770996e-05,122,0.005552950508880616
10-229-01392,BIHAR,Nalanda,Islampur,0,0,,209,10,1392,,109868.69145522316,273834151.4326934,9.460129814147949e-05,7.46129501067486e-05,194,0.01447491232070923
10-229-01393,BIHAR,Nalanda,Ben,0,0,,209,10,1393,,66947.54721379357,127526149.56798536,0.00015023305030822755,9.275894047595086e-05,94,0.00871934040473938
10-230-01398,BIHAR,Patna,Maner,0,0,,212,10,1398,,96133.56350709034,213315300.3597084,0.00020036030025482178,4.075935303477498e-05,154,0.006276940367355347
10-229-01394,BIHAR,Nalanda,Rajgir,0,0,,209,10,1394,,88740.45664753366,198129288.77271983,9.460129814147949e-05,6.60406469033689e-05,147,0.009707975094795228
10-229-01395,BIHAR,Nalanda,Silao,0,0,,209,10,1395,,79220.42929786978,154752836.13944647,0.00015023305030822755,6.36335891502782e-05,114,0.007254229163131715
10-229-01396,BIHAR,Nalanda,Giriak,0,0,,209,10,1396,,88347.46773236175,99576022.5731765,4.52081718826294e-05,4.52081718826294e-05,73,0.003300196547431946
10-229-01397,BIHAR,Nalanda,Katrisarai,0,0,,209,10,1397,,38918.76300208476,48673462.28309288,4.52081718826294e-05,4.2570639100670816e-05,36,0.0015325430076241495
10-230-01399,BIHAR,Patna,Dinapur-Cum-Khagaul,0,0,,212,10,1399,,78598.21354533077,184765788.04152673,0.00020036030025482178,5.936601489031756e-05,135,0.008014412010192871
10-234-01474,BIHAR,Rohtas,Tilouthu,0,0,,215,10,1474,,73885.57639601533,193504401.97342023,0.00021694759384155272,0.00020261135847663886,140,0.02836559018672944
10-230-01400,BIHAR,Patna,Patna Rural,0,0,,212,10,1400,,87518.10425735511,179850223.48881748,0.00020036030025482178,3.5177762640159546e-05,131,0.004608286905860901
10-230-01401,BIHAR,Patna,Sampatchak,0,0,,212,10,1401,,53219.7118618291,78902366.60372826,0.00020036030025482178,7.030185973853396e-06,57,0.00040072060050964356
10-230-01406,BIHAR,Patna,Dulhin Bazar,0,0,,212,10,1406,,77792.54009458271,136539622.4680228,0.00023403576217651367,0.0001629616042743548,99,0.016133198823161124
10-230-01402,BIHAR,Patna,Phulwari,0,0,,212,10,1402,,70659.26045014715,135940825.49713776,0.00020036030025482178,0.0001920119544108709,96,0.018433147623443606
10-230-01413,BIHAR,Patna,Khusrupur,0,0,,212,10,1413,,46143.60198551767,78201544.387751,0.0,0.0,58,0.0
10-230-01403,BIHAR,Patna,Bihta,0,0,,212,10,1403,,116564.9809665079,244879174.98088208,0.00020036030025482178,0.00012918415167557012,182,0.023511515604953764
10-230-01415,BIHAR,Patna,Athmalgola,0,0,,212,10,1415,,47997.69261940102,62827293.65665197,0.0,0.0,47,0.0
10-230-01404,BIHAR,Patna,Naubatpur,0,0,,212,10,1404,,105087.74367689912,205320191.59612688,0.00020036030025482178,0.00020036030025482175,153,0.03065512593898773
10-230-01405,BIHAR,Patna,Bikram,0,0,,212,10,1405,,86626.03512108007,186422313.04867813,0.00020036030025482178,0.00011860902513462262,137,0.0162494364434433
10-234-01475,BIHAR,Rohtas,Rohtas,0,0,,215,10,1475,,88257.59288547112,389741138.17794544,0.00020358774341583256,0.00018061954193274185,288,0.05201842807662965
10-230-01407,BIHAR,Patna,Paliganj,0,0,,212,10,1407,,129476.3041410336,293354152.7667747,0.00023403576217651367,0.00018823897105644798,214,0.040283139806079865
10-230-01408,BIHAR,Patna,Masaurhi,0,0,,212,10,1408,,108866.13277400887,248716954.87290823,0.00023403576217651367,0.00022268448287706698,178,0.03963783795211792
10-230-01409,BIHAR,Patna,Dhanarua,0,0,,212,10,1409,,95102.40821522896,225577653.19725513,0.00023403576217651367,0.00013588716203911903,163,0.022149607412376402
10-230-01410,BIHAR,Patna,Punpun,0,0,,212,10,1410,,82554.93388622913,161116560.78819045,0.00020036030025482178,0.00013583749169818424,118,0.01602882402038574
10-230-01411,BIHAR,Patna,Fatwah,0,0,,212,10,1411,,97950.27190535897,155697451.47083917,0.0,0.0,115,0.0
10-230-01412,BIHAR,Patna,Daniawan,0,0,,212,10,1412,,69689.77872311571,79566220.36857046,0.0,0.0,56,0.0
10-230-01414,BIHAR,Patna,Bakhtiarpur,0,0,,212,10,1414,,120205.01587822943,168153072.20481881,0.0,0.0,120,0.0
10-230-01416,BIHAR,Patna,Belchhi,0,0,,212,10,1416,,88573.78025963024,87443681.0926542,0.0,0.0,70,0.0
10-230-01417,BIHAR,Patna,Barh,0,0,,212,10,1417,,95365.9771693495,147280816.515725,0.0,0.0,104,0.0
10-230-01419,BIHAR,Patna,Ghoswari,0,0,,212,10,1419,,66454.95033385535,164897376.1169027,0.0,0.0,126,0.0
10-230-01418,BIHAR,Patna,Pandarak,0,0,,212,10,1418,,106894.44852036482,252509471.6555304,0.0,0.0,180,0.0
10-232-01438,BIHAR,Buxar,Chaugain,0,0,,194,10,1438,,52625.33924401454,66025696.44875917,0.0001607674447631836,0.00016076744476318364,49,0.007877604793395998
10-232-01439,BIHAR,Buxar,Kesath,0,0,,194,10,1439,,34661.84662025829,38236018.49691825,0.0001607674447631836,0.00016076744476318359,29,0.004662255898132324
10-230-01420,BIHAR,Patna,Mokameh,0,0,,212,10,1420,,127700.39840194934,244519830.48183808,0.0,0.0,181,0.0
10-231-01421,BIHAR,Bhojpur,Shahpur,0,0,,193,10,1421,,110658.91431619873,211766871.4500774,0.00014964306343078615,0.0001158883382394375,156,0.01807858076535225
10-234-01460,BIHAR,Rohtas,Suryapura,0,0,,215,10,1460,,56159.7630280001,69765063.31452103,0.00011930493629455568,0.00011930493629455568,47,0.0056073320058441165
10-231-01422,BIHAR,Bhojpur,Arrah,0,0,,193,10,1422,,120924.06747051864,221925641.7145924,0.0001132435205078125,9.375683579138992e-05,159,0.014907336890830996
10-231-01423,BIHAR,Bhojpur,Barhara,0,0,,193,10,1423,,128817.96875565937,258494738.36324885,0.0001132435205078125,8.549697503324578e-05,191,0.016329922231349943
10-231-01424,BIHAR,Bhojpur,Koilwar,0,0,,193,10,1424,,94779.33453556667,208456312.66749656,8.607535442352295e-05,8.322183048709127e-05,149,0.012400052742576599
10-231-01425,BIHAR,Bhojpur,Sandesh,0,0,,193,10,1425,,60697.76797134289,164599530.19806212,0.00018269239573001864,0.00010081354716519179,118,0.011895998565492632
10-231-01426,BIHAR,Bhojpur,Udwant Nagar,0,0,,193,10,1426,,92445.60417460876,217797556.82002312,9.63653301525116e-05,9.227490501800678e-05,161,0.014856259707899092
10-234-01461,BIHAR,Rohtas,Bikramganj,0,0,,215,10,1461,,88556.32896667719,168723569.68103397,0.00011930493629455568,0.00011930493629455566,129,0.015390336781997681
10-231-01427,BIHAR,Bhojpur,Behea,0,0,,193,10,1427,,114516.77527652554,206091349.70539597,0.0001607674447631836,0.00011665973557764691,150,0.017498960336647038
10-231-01428,BIHAR,Bhojpur,Jagdishpur,0,0,,193,10,1428,,109726.00219208181,318463526.4488765,0.0001607674447631836,0.00010286203469657063,228,0.023452543910818104
10-231-01429,BIHAR,Bhojpur,Piro,0,0,,193,10,1429,,100703.96274410955,268205354.86689487,0.0001607674447631836,0.00012245773931856155,200,0.024491547863712312
10-234-01462,BIHAR,Rohtas,Karakat,0,0,,215,10,1462,,102232.22868007293,251121712.10833624,0.00012329859077453613,0.00011809865482937206,176,0.020785363249969484
10-231-01430,BIHAR,Bhojpur,Charpokhari,0,0,,193,10,1430,,88834.1327790213,135855258.49695313,0.00010862598937988281,0.00010501232139707866,95,0.009976170532722473
10-231-01431,BIHAR,Bhojpur,Garhani,0,0,,193,10,1431,,93054.52180151101,137128723.85739592,0.00010862598937988281,9.779375647026358e-05,103,0.010072756916437149
10-231-01432,BIHAR,Bhojpur,Agiaon,0,0,,193,10,1432,,87534.07309197474,191419206.17039648,0.00018269239573001864,0.0001338659343445387,139,0.018607364873890878
10-231-01433,BIHAR,Bhojpur,Tarari,0,0,,193,10,1433,,95157.98131215997,247108515.4982669,0.00011930493629455568,0.0001097723170147912,177,0.019429700111618042
10-231-01434,BIHAR,Bhojpur,Sahar,0,0,,193,10,1434,,61748.81499939302,157154129.14318892,0.00018269239573001864,0.0001206538673341784,117,0.014116502478098873
10-232-01435,BIHAR,Buxar,Simri,0,0,,194,10,1435,,87047.69219699135,222195796.247413,0.0001848352501678467,0.00016060698532383618,164,0.026339545593109134
10-232-01436,BIHAR,Buxar,Chakki,0,0,,194,10,1436,,73799.54032015939,80420668.23199363,0.0001607674447631836,0.00015138124801397326,64,0.009688399872894288
10-232-01437,BIHAR,Buxar,Barhampur,0,0,,194,10,1437,,133928.15369382405,240152233.65370417,0.0001607674447631836,0.0001584993537483877,173,0.02742038819847107
10-232-01440,BIHAR,Buxar,Dumraon,0,0,,194,10,1440,,115797.88145848007,238641355.07175583,0.0001607674447631836,0.00015494757623209755,169,0.026186140383224487
10-232-01441,BIHAR,Buxar,Buxar,0,0,,194,10,1441,,90996.21871903203,211591033.38394436,0.0001848352501678467,0.00014231040415332573,157,0.02234273345207214
10-232-01442,BIHAR,Buxar,Chausa,0,0,,194,10,1442,,99103.08457070828,138502720.57991108,0.0002157377116584778,0.00015125050986512803,107,0.016183804555568698
10-232-01443,BIHAR,Buxar,Rajpur,0,0,,194,10,1443,,121142.9666413415,336933113.12217736,0.0002157377116584778,0.00019278205032262995,245,0.04723160232904434
10-232-01444,BIHAR,Buxar,Itarhi,0,0,,194,10,1444,,109439.3274763228,293713382.2816445,0.00020853480892181397,0.0001421236517545709,209,0.02970384321670532
10-232-01445,BIHAR,Buxar,Nawanagar,0,0,,194,10,1445,,126567.10382889764,229774401.79100823,0.00020853480892181397,0.00015552792831804624,169,0.026284219885749815
10-233-01446,BIHAR,Kaimur (Bhabua),Ramgarh,0,0,,200,10,1446,,124781.0721120257,206666195.02442607,0.0002157377116584778,0.00020892255554489741,151,0.03154730588727951
10-233-01447,BIHAR,Kaimur (Bhabua),Nuaon,0,0,,200,10,1447,,121732.74643995032,235834986.4758632,0.0002157377116584778,0.000209046082623465,171,0.03574688012861252
10-233-01448,BIHAR,Kaimur (Bhabua),Kudra,0,0,,200,10,1448,,132624.50147962422,255577893.54332253,0.0002157377116584778,0.00019278284571027,189,0.03643595783924103
10-233-01449,BIHAR,Kaimur (Bhabua),Mohania,0,0,,200,10,1449,,142323.6809133636,349176573.6513165,0.0002157377116584778,0.00020941492196075622,256,0.05361022002195359
10-233-01450,BIHAR,Kaimur (Bhabua),Durgawati,0,0,,200,10,1450,,108544.41183902678,212580801.4059764,0.00019384221010208133,0.00019384221010208135,154,0.029851700355720528
10-233-01451,BIHAR,Kaimur (Bhabua),Chand,0,0,,200,10,1451,,97099.60209928264,257974481.1925409,0.00019384221010208133,0.00014831752920500777,188,0.02788369549054146
10-233-01452,BIHAR,Kaimur (Bhabua),Chainpur,0,0,,200,10,1452,,170712.34536647963,555311526.8488017,0.00019384221010208133,0.00014058223335880026,407,0.057216968977031706
10-233-01453,BIHAR,Kaimur (Bhabua),Bhabua,0,0,,200,10,1453,,143727.89821118704,407618990.38615096,0.0002157377116584778,0.00017200287854457616,301,0.05177286644191742
10-233-01454,BIHAR,Kaimur (Bhabua),Rampur,0,0,,200,10,1454,,126612.15498309073,210660395.23746365,0.00017665239936828615,0.00016192985872870325,149,0.024127548950576783
10-233-01455,BIHAR,Kaimur (Bhabua),Bhagwanpur,0,0,,200,10,1455,,134815.05705103654,292151198.96788174,0.00017665239936828615,0.00015779634208281455,211,0.03329502817947387
10-233-01456,BIHAR,Kaimur (Bhabua),Adhaura,0,0,,200,10,1456,,271357.2345421078,1135984955.9859164,0.00017665239936828615,0.0001300206982118714,833,0.1083072416104889
10-234-01457,BIHAR,Rohtas,Kochas,0,0,,215,10,1457,,90248.48407846906,187033418.62218276,0.0002157377116584778,0.00021077207416577773,132,0.02782191378988266
10-234-01458,BIHAR,Rohtas,Dinara,0,0,,215,10,1458,,157118.7651045217,464648316.8452498,0.00020853480892181397,0.00018760111446380616,341,0.0639719800321579
10-234-01459,BIHAR,Rohtas,Dawath,0,0,,215,10,1459,,78120.6651060775,129910427.66035384,0.00011930493629455568,0.00011930493629455568,94,0.011214664011688233
10-234-01466,BIHAR,Rohtas,Nokha,0,0,,215,10,1466,,82152.91978314315,208772248.59610957,0.00020853480892181397,0.00012772733382792085,148,0.018903645406532287
10-235-01476,BIHAR,Aurangabad,Daudnagar,0,0,,189,10,1476,,91010.07504965532,238139281.75712803,0.00012329859077453613,0.00011319010592668908,174,0.0196950784312439
10-234-01467,BIHAR,Rohtas,Kargahar,0,0,,215,10,1467,,128509.87472624176,406135690.59563094,0.0002157377116584778,0.000159246717628595,296,0.047137028418064116
10-234-01468,BIHAR,Rohtas,Chenari,0,0,,215,10,1468,,121720.69626398994,292642418.8385522,0.00017665239936828615,0.00015383481477781782,215,0.033074485177230835
10-234-01469,BIHAR,Rohtas,Nauhatta,0,0,,215,10,1469,,175494.75594492842,478591449.404211,0.00015577691150665284,0.0001441687332030474,354,0.05103573155387878
10-234-01470,BIHAR,Rohtas,Sheosagar,0,0,,215,10,1470,,135463.8765525897,406503956.12222886,0.00020358774341583256,0.00014277059693572483,295,0.042117326096038826
10-234-01471,BIHAR,Rohtas,Sasaram,0,0,,215,10,1471,,135810.11950728856,394273130.8742507,0.00020358774341583256,0.00013928115142664417,290,0.04039153391372681
10-234-01473,BIHAR,Rohtas,Dehri,0,0,,215,10,1473,,97323.52013589225,199371136.99043605,0.00021694759384155272,0.00013651982439422607,145,0.01979537453716278
10-235-01477,BIHAR,Aurangabad,Haspura,0,0,,189,10,1477,,88845.10694940752,164519986.5205008,0.00011172703575134277,0.00011134327240620764,121,0.013472535961151125
10-235-01478,BIHAR,Aurangabad,Goh,0,0,,189,10,1478,,122286.20877621078,374665187.3660463,0.00011172703575134277,9.499664697703194e-05,272,0.025839087977752688
10-236-01491,BIHAR,Gaya,Neem Chak Bathani,0,0,,196,10,1491,,79540.44278654993,146770773.7769567,9.460129814147949e-05,9.460129814147949e-05,103,0.009743933708572388
10-235-01479,BIHAR,Aurangabad,Rafiganj,0,0,,189,10,1479,,167069.30684925965,465687847.79432577,0.00015518990242004396,0.00013204643566478382,341,0.045027834561691286
10-235-01480,BIHAR,Aurangabad,Obra,0,0,,189,10,1480,,130720.05569071589,327203821.09876627,0.00021694759384155272,0.0001204445127775297,237,0.028545349528274536
10-236-01494,BIHAR,Gaya,Manpur,0,0,,196,10,1494,,77081.78707553667,161226183.41058797,0.0001549577406311035,0.00015404405484738555,115,0.01771506630744934
10-235-01481,BIHAR,Aurangabad,Aurangabad,0,0,,189,10,1481,,125502.68609205673,344679798.38062614,0.00021694759384155272,0.00014318159522891041,256,0.036654488378601066
10-237-01511,BIHAR,Nawada,Nardiganj,0,0,,210,10,1511,,60262.24041371029,129808165.4472442,4.52081718826294e-05,4.52081718826294e-05,95,0.004294776328849793
10-235-01482,BIHAR,Aurangabad,Barun,0,0,,189,10,1482,,117269.30390529483,381782699.30215496,0.00021694759384155272,0.00018684612857001166,280,0.05231691599960327
10-235-01483,BIHAR,Aurangabad,Nabinagar,0,0,,189,10,1483,,173491.30877801325,657546828.2218357,0.00021694759384155272,0.00018078865269347005,483,0.08732091925094604
10-235-01484,BIHAR,Aurangabad,Kutumba,0,0,,189,10,1484,,110495.73757590447,319048251.76106954,0.00021694759384155272,0.00016815382447488438,229,0.038507225804748524
10-235-01485,BIHAR,Aurangabad,Deo,0,0,,189,10,1485,,158578.88849021672,336990745.1586724,0.00021694759384155272,0.00011025140283288234,251,0.027673102111053467
10-235-01486,BIHAR,Aurangabad,Madanpur,0,0,,189,10,1486,,153529.37367368402,418713952.50229967,0.00015518990242004396,0.00010313177815607065,309,0.03186771945022583
10-236-01487,BIHAR,Gaya,Konch,0,0,,196,10,1487,,154041.56172387034,319288521.7326548,0.00015518990242004396,0.00010805365222996679,232,0.025068447317352294
10-236-01488,BIHAR,Gaya,Tikari,0,0,,196,10,1488,,122221.36853604284,290576655.12704176,0.00015518990242004396,0.00010726196287155152,218,0.02338310790599823
10-236-01489,BIHAR,Gaya,Belaganj,0,0,,196,10,1489,,113473.13279109563,240372540.95814112,0.00013394296760559082,0.00013394296760559085,180,0.02410973416900635
10-236-01490,BIHAR,Gaya,Khizirsarai,0,0,,196,10,1490,,103698.13096672995,223124430.97950032,0.0001549577406311035,0.00011488450893563937,165,0.018955943974380496
10-236-01492,BIHAR,Gaya,Muhra,0,0,,196,10,1492,,93681.45756176667,181269438.2139707,9.460129814147949e-05,9.076737459495886e-05,134,0.012162828195724487
10-236-01493,BIHAR,Gaya,Atri,0,0,,196,10,1493,,103075.15367958385,161340647.62451813,0.0001549577406311035,9.369718278676524e-05,119,0.011149964751625063
10-236-01495,BIHAR,Gaya,Gaya Town C.D.Block,0,0,,196,10,1495,,91678.58033080616,224144813.6021213,0.0001549577406311035,0.0001519556301988874,161,0.024464856462020873
10-236-01496,BIHAR,Gaya,Paraiya,0,0,,196,10,1496,,75593.31264449215,167300846.5298876,0.00015518990242004396,0.00015508929897816977,120,0.018610715877380373
10-236-01497,BIHAR,Gaya,Guraru,0,0,,196,10,1497,,81292.54933661391,199646285.7542363,0.00015518990242004396,0.00015518990242004396,147,0.02281291565574646
10-237-01512,BIHAR,Nawada,Nawada,0,0,,210,10,1512,,86822.75137888109,219317998.1072041,0.00017222245553970338,5.248924546806676e-05,157,0.008240811538486482
10-236-01498,BIHAR,Gaya,Gurua,0,0,,196,10,1498,,117859.62964526065,238015237.1519128,0.0001606003945541382,0.00015593914894853716,173,0.02697747276809693
10-236-01499,BIHAR,Gaya,Amas,0,0,,196,10,1499,,100546.69423332924,128484051.44985774,0.0001606003945541382,0.0001463271793345401,95,0.013901082036781311
10-237-01517,BIHAR,Nawada,Roh,0,0,,210,10,1517,,77804.52626079548,192537548.9783989,0.00017222245553970338,8.476532979933753e-05,144,0.012206207491104605
10-236-01500,BIHAR,Gaya,Banke Bazar,0,0,,196,10,1500,,85166.97220092022,256240042.68049288,0.0001606003945541382,0.00012926124867408508,186,0.024042592253379822
10-236-01501,BIHAR,Gaya,Imamganj,0,0,,196,10,1501,,136271.57775821586,316917295.57645696,0.0001606003945541382,6.641273031386372e-05,239,0.01587264254501343
10-236-01502,BIHAR,Gaya,Dumaria,0,0,,196,10,1502,,119690.94596035974,390676703.928496,0.00011978434875488282,6.29355443034925e-05,285,0.017936630126495365
10-236-01503,BIHAR,Gaya,Sherghati,0,0,,196,10,1503,,100322.2973073121,167902109.12194017,0.00020580781356811526,0.00016356632813647513,123,0.02011865836078644
10-238-01531,BIHAR,Jamui,Gidhaur,0,0,,198,10,1531,,55211.5633940527,100392309.18230554,7.506559379577637e-05,6.536874366251628e-05,75,0.004902655774688721
10-236-01504,BIHAR,Gaya,Dobhi,0,0,,196,10,1504,,103572.88994215836,218837778.49499393,0.00020580781356811526,0.00019766486231715045,161,0.03182404283306122
10-236-01505,BIHAR,Gaya,Bodh Gaya,0,0,,196,10,1505,,120948.91182130505,306843965.9119923,0.00020580781356811526,0.0001591604176284127,230,0.03660689605453492
10-236-01506,BIHAR,Gaya,Tan Kuppa,0,0,,196,10,1506,,108147.94853451202,190099968.23000297,0.00020580781356811526,0.00010745125912709023,134,0.01439846872303009
10-240-01542,BIHAR,Arwal,Arwal,0,0,,611,10,1542,,73924.8054791393,147787869.27798152,0.00018269239573001864,0.00016346361715834876,104,0.017000216184468273
10-236-01507,BIHAR,Gaya,Wazirganj,0,0,,196,10,1507,,105472.06999302967,323030583.61833626,0.0001549577406311035,8.278858306949421e-05,236,0.019538105604400634
10-236-01508,BIHAR,Gaya,Fatehpur,0,0,,196,10,1508,,155359.44599717355,408449805.62920874,0.00013525797634124758,9.794442986927534e-05,304,0.029775106680259705
10-240-01543,BIHAR,Arwal,Kaler,0,0,,611,10,1543,,67777.19153730445,176075758.749563,0.00011172703575134277,0.00010914677579341043,131,0.014298227628936766
10-236-01509,BIHAR,Gaya,Mohanpur,0,0,,196,10,1509,,119906.24818546322,418796109.2883684,0.00020580781356811526,0.00016671102651451289,303,0.050513441033897405
10-240-01544,BIHAR,Arwal,Karpi,0,0,,611,10,1544,,158139.92638461498,234985661.7206014,0.00018269239573001864,0.0001696189848094763,172,0.029174465387229925
10-236-01510,BIHAR,Gaya,Barachatti,0,0,,196,10,1510,,138753.78132836288,366328956.31361085,0.00020580781356811526,0.0001975849818353827,275,0.05433587000473024
10-237-01513,BIHAR,Nawada,Warisaliganj,0,0,,210,10,1513,,109792.76918459819,202861050.3008767,4.52081718826294e-05,3.860536872779431e-05,147,0.005674989202985764
10-237-01514,BIHAR,Nawada,Kashi Chak,0,0,,210,10,1514,,73948.94452619922,98983451.20841853,3.465804075479508e-05,3.465804075479508e-05,72,0.0024953789343452456
10-237-01515,BIHAR,Nawada,Pakribarawan,0,0,,210,10,1515,,104545.76938151139,251834567.85717744,3.465804075479508e-05,3.465804075479507e-05,184,0.006377079498882294
10-237-01516,BIHAR,Nawada,Kawakol,0,0,,210,10,1516,,121170.20018263235,362955647.76482904,9.145237587928773e-05,7.070375009199732e-05,266,0.018807197524471287
10-237-01518,BIHAR,Nawada,Gobindpur,0,0,,210,10,1518,,73133.35659787485,188189390.13263756,0.00017222245553970338,0.00011337568321568625,140,0.015872595650196074
10-237-01519,BIHAR,Nawada,Akbarpur,0,0,,210,10,1519,,91268.2921062847,249541236.96202633,0.00017222245553970338,0.00017222245553970335,184,0.03168893181930542
10-237-01520,BIHAR,Nawada,Hisua,0,0,,210,10,1520,,85113.4923130193,144090762.99664384,0.00017222245553970338,0.00011525849435384456,104,0.011986883412799835
10-237-01521,BIHAR,Nawada,Narhat,0,0,,210,10,1521,,62856.50481924386,99624005.77002536,0.00017222245553970338,0.00017222245553970338,69,0.011883349432239534
10-237-01522,BIHAR,Nawada,Meskaur,0,0,,210,10,1522,,75185.00287586387,145604023.18435815,0.00017222245553970338,0.00010330606055668422,112,0.011570278782348634
10-237-01523,BIHAR,Nawada,Sirdala,0,0,,210,10,1523,,111278.51695598938,301894539.186342,0.00017222245553970338,0.0001327041770752198,218,0.028929510602397922
10-237-01524,BIHAR,Nawada,Rajauli,0,0,,210,10,1524,,132370.86211000624,450216393.36794454,0.0002021588671875,0.00015272622035905766,333,0.0508578313795662
10-238-01525,BIHAR,Jamui,Islamnagar Aliganj,0,0,,198,10,1525,,96153.77396855215,213408239.47295904,6.849418545722962e-05,2.5587963388608052e-05,156,0.003991722288622856
10-238-01526,BIHAR,Jamui,Sikandra,0,0,,198,10,1526,,86788.2538333537,223096734.30010977,7.506559379577637e-05,2.538067672499904e-05,162,0.004111669629449845
10-238-01527,BIHAR,Jamui,Jamui,0,0,,198,10,1527,,90084.78430112793,212157753.6648698,5.732745330810547e-05,5.6869256183778097e-05,155,0.008814734708485605
10-238-01528,BIHAR,Jamui,Barhat,0,0,,198,10,1528,,114104.37581341481,270298087.1382075,5.732745330810547e-05,4.772437737324517e-05,197,0.009401702342529298
10-238-01529,BIHAR,Jamui,Lakshmipur,0,0,,198,10,1529,,112147.89260238525,307635253.00857943,5.732745330810547e-05,1.528732088216146e-05,225,0.0034396471984863286
10-238-01530,BIHAR,Jamui,Jhajha,0,0,,198,10,1530,,147664.43327942316,507112726.974952,0.00010872240509033204,9.702492050583299e-05,370,0.035899220587158207
10-238-01532,BIHAR,Jamui,Khaira,0,0,,198,10,1532,,142747.05687020053,513762691.7981683,7.506559379577637e-05,7.016573234790833e-05,377,0.02645248109516144
10-238-01533,BIHAR,Jamui,Sono,0,0,,198,10,1533,,117724.39892386932,474283005.7300444,0.0001462948094558716,8.041455366249414e-05,349,0.028064679228210453
10-238-01534,BIHAR,Jamui,Chakai,0,0,,198,10,1534,,243956.2217086091,956725034.6798706,0.0001462948094558716,0.00012918770175264905,700,0.09043139122685434
10-239-01535,BIHAR,Jehanabad,Ratni Faridpur,0,0,,199,10,1535,,82762.53932271499,155018952.20303965,0.00023403576217651367,0.00018886025936005408,114,0.021530069567046166
10-239-01536,BIHAR,Jehanabad,Jehanabad,0,0,,199,10,1536,,97254.09844747804,201426556.69272655,0.00023403576217651367,0.0002340357621765137,148,0.03463729280212403
10-239-01537,BIHAR,Jehanabad,Kako,0,0,,199,10,1537,,83599.3529020472,162373941.78194478,0.00023403576217651367,0.00023403576217651367,118,0.027616219936828612
10-239-01538,BIHAR,Jehanabad,Modanganj,0,0,,199,10,1538,,66522.90037500951,97205276.85869928,0.00023403576217651367,9.74272300034675e-05,69,0.006722478870239258
10-239-01539,BIHAR,Jehanabad,Ghoshi,0,0,,199,10,1539,,82931.95174196921,112225161.55433495,0.00023403576217651367,0.00016698396080752452,83,0.013859668747024535
10-239-01540,BIHAR,Jehanabad,Makhdumpur,0,0,,199,10,1540,,128831.72570768485,301471679.33572614,0.00023403576217651367,0.00014501313843371134,217,0.03146785104011536
10-239-01541,BIHAR,Jehanabad,Hulasganj,0,0,,199,10,1541,,87179.53907708311,119677697.18988888,0.00023403576217651367,9.797947688462998e-05,90,0.008818152919616698
10-240-01545,BIHAR,Arwal,Sonbhadra Banshi Suryapur,0,0,,611,10,1545,,62692.97791397586,116643000.97724338,0.00018269239573001864,0.00011120406237292004,83,0.009229937176952363
10-240-01546,BIHAR,Arwal,Kurtha,0,0,,611,10,1546,,71585.17106640573,106433073.5354984,0.00018269239573001864,0.0001343933996482996,78,0.010482685172567369
10-224-01334,BIHAR,Bhagalpur,Gopalpur,0,0,,192,10,1334,,95407.9186210158,208941966.91883087,0.0,0.0,153,0.0
10-210-01127,BIHAR,Kishanganj,Kishanganj,0,0,,203,10,1127,,125268.33771117091,207105687.55921903,0.0,0.0,152,0.0
10-206-01064,BIHAR,Sitamarhi,Suppi,0,0,,221,10,1064,,71084.15120823232,92250451.53846286,0.0,0.0,66,0.0
10-234-01463,BIHAR,Rohtas,Nasriganj,0,0,,215,10,1463,,90034.07903274363,167356919.18355417,0.0002871936619567871,0.00027542750994364424,126,0.034703866252899174
10-234-01464,BIHAR,Rohtas,Rajpur,0,0,,215,10,1464,,68660.48684625747,85633596.4997788,0.0002871936619567871,0.00028719366195678706,63,0.018093200703277586
10-234-01465,BIHAR,Rohtas,Sanjhauli,0,0,,215,10,1465,,56591.722358052,83833486.39015438,0.0002871936619567871,0.00024867294031415675,63,0.015666395239791873
10-203-01023,BIHAR,Pashchim Champaran,Thakrahan,0,0,,211,10,1023,,79847.09402015881,199004696.79409248,0.0,0.0,145,0.0
10-204-01054,BIHAR,Purbi Champaran,Phenhara,0,0,,213,10,1054,,44565.43736457999,67645025.94776015,0.0,0.0,51,0.0
10-219-01262,BIHAR,Saran,Maker,0,0,,218,10,1262,,62357.8736467211,96585777.9808088,0.0,0.0,71,0.0
10-220-01282,BIHAR,Vaishali,Sahdai Buzurg,0,0,,224,10,1282,,74546.65030748869,114161677.3631406,0.0,0.0,84,0.0
10-229-01388,BIHAR,Nalanda,Tharthari,0,0,,209,10,1388,,71853.42144919158,77411758.12428828,9.315164001464845e-05,8.98231069861518e-05,54,0.004850447777252197
10-229-01389,BIHAR,Nalanda,Parbalpur,0,0,,209,10,1389,,54466.2339431045,76043839.88376136,9.315164001464845e-05,8.742010992731368e-05,56,0.004895526155929566
10-203-01022,BIHAR,Pashchim Champaran,Bhitaha,0,0,,211,10,1022,,72626.86760213553,166969906.7472905,0.0,0.0,117,0.0
10-203-01013,BIHAR,Pashchim Champaran,Sidhaw,0,0,,211,10,1013,,195582.3602130639,1085337194.6715722,0.0,0.0,781,0.0
10-203-01014,BIHAR,Pashchim Champaran,Ramnagar,0,0,,211,10,1014,,230865.78384139363,866139404.2451236,0.0,0.0,621,0.0
10-203-01015,BIHAR,Pashchim Champaran,Gaunaha,0,0,,211,10,1015,,136504.94021895694,605322845.3823951,0.0,0.0,441,0.0
10-203-01016,BIHAR,Pashchim Champaran,Mainatanr,0,0,,211,10,1016,,115419.13930249632,312998546.4010918,0.0,0.0,221,0.0
10-203-01017,BIHAR,Pashchim Champaran,Narkatiaganj,0,0,,211,10,1017,,149144.20649331805,441857686.2127825,0.0,0.0,314,0.0
10-203-01018,BIHAR,Pashchim Champaran,Lauriya,0,0,,211,10,1018,,120853.32018665274,255440417.54612216,0.0,0.0,183,0.0
10-203-01019,BIHAR,Pashchim Champaran,Bagaha,0,0,,211,10,1019,,135587.24079810514,491292931.53180623,0.0,0.0,352,0.0
10-203-01021,BIHAR,Pashchim Champaran,Madhubani,0,0,,211,10,1021,,144670.82201821523,386116138.1353823,0.0,0.0,276,0.0
10-203-01024,BIHAR,Pashchim Champaran,Jogapatti,0,0,,211,10,1024,,88530.23644360513,258722436.3759333,0.0,0.0,186,0.0
10-203-01029,BIHAR,Pashchim Champaran,Bairia,0,0,,211,10,1029,,105039.82861382668,288505226.87341565,0.0,0.0,208,0.0
10-203-01025,BIHAR,Pashchim Champaran,Chanpatia,0,0,,211,10,1025,,113543.7602983494,310017349.34780717,0.0,0.0,226,0.0
10-206-01071,BIHAR,Sitamarhi,Parsauni,0,0,,221,10,1071,,63729.135625112256,74724139.64418457,0.0,0.0,55,0.0
10-203-01026,BIHAR,Pashchim Champaran,Sikta,0,0,,211,10,1026,,93443.22825707054,255004178.86147365,0.0,0.0,183,0.0
10-203-01027,BIHAR,Pashchim Champaran,Majhaulia,0,0,,211,10,1027,,123374.4030721297,371511179.15939575,0.0,0.0,265,0.0
10-203-01028,BIHAR,Pashchim Champaran,Bettiah,0,0,,211,10,1028,,53968.26030594324,83182055.35378212,0.0,0.0,59,0.0
10-203-01030,BIHAR,Pashchim Champaran,Nautan,0,0,,211,10,1030,,122656.63983711715,245738630.13883996,0.0,0.0,171,0.0
10-204-01031,BIHAR,Purbi Champaran,Raxaul,0,0,,213,10,1031,,98709.78801801558,166685360.13968688,0.0,0.0,124,0.0
10-206-01072,BIHAR,Sitamarhi,Belsand,0,0,,221,10,1072,,66235.5873217276,97354060.86547032,0.0,0.0,70,0.0
10-206-01073,BIHAR,Sitamarhi,Runisaidpur,0,0,,221,10,1073,,152472.54206325076,334873257.0825382,0.0,0.0,243,0.0
10-204-01032,BIHAR,Purbi Champaran,Adapur,0,0,,213,10,1032,,94532.37688292323,199608924.7111849,0.0,0.0,148,0.0
10-206-01074,BIHAR,Sitamarhi,Dumra,0,0,,221,10,1074,,111649.34177378344,241159212.36062923,0.0,0.0,178,0.0
10-204-01033,BIHAR,Purbi Champaran,Ramgarhwa,0,0,,213,10,1033,,90718.26831189607,213035907.5226096,0.0,0.0,154,0.0
10-204-01034,BIHAR,Purbi Champaran,Sugauli,0,0,,213,10,1034,,84892.41923436844,209336830.19001696,0.0,0.0,149,0.0
10-204-01038,BIHAR,Purbi Champaran,Ghorasahan,0,0,,213,10,1038,,75335.10865687576,144368243.47105,0.0,0.0,104,0.0
10-204-01035,BIHAR,Purbi Champaran,Banjaria,0,0,,213,10,1035,,102381.40449613356,176960195.87167916,0.0,0.0,124,0.0
10-204-01047,BIHAR,Purbi Champaran,Kesaria,0,0,,213,10,1047,,87546.8206889307,229535442.11688668,0.0,0.0,168,0.0
10-204-01036,BIHAR,Purbi Champaran,Narkatia,0,0,,213,10,1036,,105607.09704406632,168338010.30978012,0.0,0.0,120,0.0
10-204-01037,BIHAR,Purbi Champaran,Bankatwa,0,0,,213,10,1037,,99233.37216886049,115311013.90225838,0.0,0.0,82,0.0
10-204-01039,BIHAR,Purbi Champaran,Dhaka,0,0,,213,10,1039,,97673.73467814895,202386545.86227983,0.0,0.0,145,0.0
10-204-01048,BIHAR,Purbi Champaran,Kalyanpur,0,0,,213,10,1048,,109413.20044555076,313300912.50613195,0.0,0.0,230,0.0
10-204-01040,BIHAR,Purbi Champaran,Chiraia,0,0,,213,10,1040,,110764.71696779084,272984575.32652414,0.0,0.0,199,0.0
10-204-01041,BIHAR,Purbi Champaran,Motihari,0,0,,213,10,1041,,181544.26702654368,319814691.13850176,0.0,0.0,241,0.0
10-204-01049,BIHAR,Purbi Champaran,Kotwa,0,0,,213,10,1049,,78879.98205471091,178282937.71225017,0.0,0.0,126,0.0
10-204-01042,BIHAR,Purbi Champaran,Turkaulia,0,0,,213,10,1042,,99475.78497366334,174748315.94966665,0.0,0.0,130,0.0
10-204-01050,BIHAR,Purbi Champaran,Piprakothi,0,0,,213,10,1050,,58369.33889310607,62223774.49301849,0.0,0.0,45,0.0
10-204-01043,BIHAR,Purbi Champaran,Harsidhi,0,0,,213,10,1043,,133904.34238337883,240218359.62130272,0.0,0.0,173,0.0
10-204-01044,BIHAR,Purbi Champaran,Paharpur,0,0,,213,10,1044,,108730.62076802726,192061375.0173064,0.0,0.0,144,0.0
10-204-01045,BIHAR,Purbi Champaran,Areraj,0,0,,213,10,1045,,93331.67353690567,242725576.26244012,0.0,0.0,174,0.0
10-204-01046,BIHAR,Purbi Champaran,Sangrampur,0,0,,213,10,1046,,78133.67961210197,187659878.02718252,0.0,0.0,133,0.0
10-204-01051,BIHAR,Purbi Champaran,Chakia(Pipra),0,0,,213,10,1051,,129110.66914194856,212940547.80779588,0.0,0.0,145,0.0
10-204-01052,BIHAR,Purbi Champaran,Pakri Dayal,0,0,,213,10,1052,,90143.40730437863,148110040.62869397,0.0,0.0,106,0.0
10-204-01053,BIHAR,Purbi Champaran,Patahi,0,0,,213,10,1053,,85994.51677214028,144960443.14880535,0.0,0.0,100,0.0
10-204-01055,BIHAR,Purbi Champaran,Madhuban,0,0,,213,10,1055,,112681.00006095257,152424272.44650427,0.0,0.0,114,0.0
10-204-01056,BIHAR,Purbi Champaran,Tetaria,0,0,,213,10,1056,,82320.72754353678,104458405.63845472,0.0,0.0,74,0.0
10-205-01058,BIHAR,Sheohar,Purnahiya,0,0,,220,10,1058,,57294.126150412616,80859097.14068061,0.0,0.0,59,0.0
10-204-01057,BIHAR,Purbi Champaran,Mehsi,0,0,,213,10,1057,,125063.78039343117,149773808.08158112,0.0,0.0,108,0.0
10-205-01059,BIHAR,Sheohar,Piprarhi,0,0,,220,10,1059,,105870.45511307275,104265216.9562483,0.0,0.0,77,0.0
10-205-01060,BIHAR,Sheohar,Sheohar,0,0,,220,10,1060,,81007.5322908237,115638983.35873616,0.0,0.0,83,0.0
10-205-01061,BIHAR,Sheohar,Dumri Katsari,0,0,,220,10,1061,,65038.65439014734,84655470.24819931,0.0,0.0,59,0.0
10-205-01062,BIHAR,Sheohar,Tariani Chowk,0,0,,220,10,1062,,97491.22869259815,171878914.60720828,0.0,0.0,126,0.0
10-206-01063,BIHAR,Sitamarhi,Bairgania,0,0,,221,10,1063,,59598.621146511534,94417571.99630062,0.0,0.0,70,0.0
10-206-01065,BIHAR,Sitamarhi,Majorganj,0,0,,221,10,1065,,62808.55729710282,95411217.42446172,0.0,0.0,68,0.0
10-206-01066,BIHAR,Sitamarhi,Sonbarsa,0,0,,221,10,1066,,92820.94699371175,224104085.6083578,0.0,0.0,155,0.0
10-206-01067,BIHAR,Sitamarhi,Parihar,0,0,,221,10,1067,,86838.20299610356,272812569.4060281,0.0,0.0,197,0.0
10-207-01095,BIHAR,Madhubani,Rajnagar,0,0,,206,10,1095,,78809.12744912357,223111125.2667772,0.0,0.0,158,0.0
10-206-01068,BIHAR,Sitamarhi,Sursand,0,0,,221,10,1068,,91215.71647520129,181412871.1123928,0.0,0.0,134,0.0
10-206-01069,BIHAR,Sitamarhi,Bathnaha,0,0,,221,10,1069,,120764.04051803834,251403523.12922087,0.0,0.0,185,0.0
10-206-01070,BIHAR,Sitamarhi,Riga,0,0,,221,10,1070,,129433.73210860479,163724219.02092636,0.0,0.0,114,0.0
10-210-01123,BIHAR,Kishanganj,Thakurganj,0,0,,203,10,1123,,224971.2940646554,491161543.46963537,0.0,0.0,353,0.0
10-210-01124,BIHAR,Kishanganj,Pothia,0,0,,203,10,1124,,167388.9118766352,443844792.4531903,0.0,0.0,321,0.0
10-210-01125,BIHAR,Kishanganj,Bahadurganj,0,0,,203,10,1125,,155296.13881782343,347494200.8377232,0.0,0.0,251,0.0
10-210-01126,BIHAR,Kishanganj,Kochadhamin,0,0,,203,10,1126,,139640.52665725534,360840233.8364798,0.0,0.0,258,0.0
10-211-01128,BIHAR,Purnia,Banmankhi,0,0,,214,10,1128,,142815.61519736593,459936087.34673214,0.0,0.0,333,0.0
10-206-01075,BIHAR,Sitamarhi,Bajpatti,0,0,,221,10,1075,,90407.29439213518,174303329.1783474,0.0,0.0,125,0.0
10-206-01076,BIHAR,Sitamarhi,Charaut,0,0,,221,10,1076,,85128.15752493152,91349700.81924292,0.0,0.0,62,0.0
10-206-01077,BIHAR,Sitamarhi,Pupri,0,0,,221,10,1077,,73992.24203369493,115338203.66308306,0.0,0.0,82,0.0
10-206-01078,BIHAR,Sitamarhi,Nanpur,0,0,,221,10,1078,,73315.01223618646,135892566.9983101,0.0,0.0,100,0.0
10-220-01283,BIHAR,Vaishali,Mahnar,0,0,,224,10,1283,,81638.1139853176,126474580.44313861,0.0,0.0,89,0.0
10-206-01079,BIHAR,Sitamarhi,Bokhara,0,0,,221,10,1079,,81978.13188098712,108574895.39827529,0.0,0.0,79,0.0
10-207-01080,BIHAR,Madhubani,Madhwapur,0,0,,206,10,1080,,88808.76172423853,137557654.90878707,0.0,0.0,103,0.0
10-207-01081,BIHAR,Madhubani,Harlakhi,0,0,,206,10,1081,,90217.76640094945,187441757.00046396,0.0,0.0,138,0.0
10-207-01082,BIHAR,Madhubani,Basopatti,0,0,,206,10,1082,,97634.90682970545,164238774.4639331,0.0,0.0,122,0.0
10-207-01089,BIHAR,Madhubani,Khajauli,0,0,,206,10,1089,,91171.28062794723,150968724.81279027,0.0,0.0,108,0.0
10-207-01083,BIHAR,Madhubani,Jainagar,0,0,,206,10,1083,,81489.61423509955,161880108.8306139,0.0,0.0,115,0.0
10-207-01090,BIHAR,Madhubani,Kaluahi,0,0,,206,10,1090,,62305.281593423286,101560283.08963235,0.0,0.0,75,0.0
10-207-01084,BIHAR,Madhubani,Ladania,0,0,,206,10,1084,,97928.14946240213,232665607.5684243,0.0,0.0,164,0.0
10-207-01085,BIHAR,Madhubani,Laukaha,0,0,,206,10,1085,,102032.19667129294,266340932.00179368,0.0,0.0,197,0.0
10-207-01086,BIHAR,Madhubani,Laukahi,0,0,,206,10,1086,,109679.24973352649,329223432.564553,0.0,0.0,237,0.0
10-207-01087,BIHAR,Madhubani,Phulparas,0,0,,206,10,1087,,117974.41186319289,199352334.8677591,0.0,0.0,140,0.0
10-207-01088,BIHAR,Madhubani,Babubarhi,0,0,,206,10,1088,,118996.04641992833,237192379.86086744,0.0,0.0,174,0.0
10-207-01091,BIHAR,Madhubani,Benipatti,0,0,,206,10,1091,,128414.2409747215,328987645.9449377,0.0,0.0,231,0.0
10-207-01092,BIHAR,Madhubani,Bisfi,0,0,,206,10,1092,,99754.46134559005,226192948.413646,0.0,0.0,165,0.0
10-207-01093,BIHAR,Madhubani,Madhubani,0,0,,206,10,1093,,109764.71764889831,200359220.56727448,0.0,0.0,142,0.0
10-207-01094,BIHAR,Madhubani,Pandaul,0,0,,206,10,1094,,102372.75527307783,208327489.63825428,0.0,0.0,148,0.0
10-207-01096,BIHAR,Madhubani,Andhratharhi,0,0,,206,10,1096,,97300.5167595078,186769445.10608673,0.0,0.0,134,0.0
10-207-01097,BIHAR,Madhubani,Jhanjharpur,0,0,,206,10,1097,,125261.96837896874,181284371.95402232,0.0,0.0,132,0.0
10-207-01098,BIHAR,Madhubani,Ghoghardiha,0,0,,206,10,1098,,114215.40677637524,211228851.4219488,0.0,0.0,159,0.0
10-207-01099,BIHAR,Madhubani,Lakhnaur,0,0,,206,10,1099,,72956.74167609161,146945623.14022,0.0,0.0,110,0.0
10-207-01100,BIHAR,Madhubani,Madhepur,0,0,,206,10,1100,,144505.38034518834,300452948.5687113,0.0,0.0,212,0.0
10-208-01101,BIHAR,Supaul,Nirmali,0,0,,223,10,1101,,123310.21889922836,162734364.67066902,0.0,0.0,118,0.0
10-208-01102,BIHAR,Supaul,Basantpur,0,0,,223,10,1102,,136288.63693043106,319456339.75100917,0.0,0.0,228,0.0
10-208-01103,BIHAR,Supaul,Chhatapur,0,0,,223,10,1103,,142271.17176584958,398825687.2446475,0.0,0.0,285,0.0
10-208-01104,BIHAR,Supaul,Pratapganj,0,0,,223,10,1104,,71155.69013184242,133032565.19323792,0.0,0.0,97,0.0
10-208-01105,BIHAR,Supaul,Raghopur,0,0,,223,10,1105,,111831.20983491397,255841046.48838165,0.0,0.0,187,0.0
10-221-01285,BIHAR,Samastipur,Warisnagar,0,0,,217,10,1285,,90241.30323013186,163846086.5162723,0.0,0.0,120,0.0
10-208-01106,BIHAR,Supaul,Saraigarh Bhaptiyahi,0,0,,223,10,1106,,105489.5116383213,257042943.27229512,0.0,0.0,189,0.0
10-208-01107,BIHAR,Supaul,Kishanpur,0,0,,223,10,1107,,125516.73810076228,248613546.3002807,0.0,0.0,177,0.0
10-208-01108,BIHAR,Supaul,Marauna,0,0,,223,10,1108,,114969.59778192453,206419565.01179272,0.0,0.0,149,0.0
10-208-01109,BIHAR,Supaul,Supaul,0,0,,223,10,1109,,122628.008173687,390920691.5720901,0.0,0.0,287,0.0
10-208-01110,BIHAR,Supaul,Pipra,0,0,,223,10,1110,,113516.78657800167,247320462.25611627,0.0,0.0,181,0.0
10-221-01287,BIHAR,Samastipur,Khanpur,0,0,,217,10,1287,,89337.20668890505,173313349.37261373,0.0,0.0,127,0.0
10-208-01111,BIHAR,Supaul,Tribeniganj,0,0,,223,10,1111,,136684.8917573132,402291551.99740016,0.0,0.0,290,0.0
10-209-01112,BIHAR,Araria,Narpatganj,0,0,,188,10,1112,,196352.82868709194,482872068.7863751,0.0,0.0,351,0.0
10-209-01113,BIHAR,Araria,Forbesganj,0,0,,188,10,1113,,165874.55860340688,546946456.996027,0.0,0.0,392,0.0
10-209-01114,BIHAR,Araria,Bhargama,0,0,,188,10,1114,,140909.75235341018,280499778.1128878,0.0,0.0,206,0.0
10-209-01115,BIHAR,Araria,Raniganj,0,0,,188,10,1115,,160625.61646677545,576910744.770993,0.0,0.0,418,0.0
10-209-01116,BIHAR,Araria,Araria,0,0,,188,10,1116,,192057.15187743204,506918787.2643526,0.0,0.0,371,0.0
10-209-01117,BIHAR,Araria,Kursakatta,0,0,,188,10,1117,,96566.38525637137,201032230.408231,0.0,0.0,147,0.0
10-209-01118,BIHAR,Araria,Sikti,0,0,,188,10,1118,,116798.35346995249,237753016.2819182,0.0,0.0,177,0.0
10-209-01119,BIHAR,Araria,Palasi,0,0,,188,10,1119,,132578.70192307016,306240761.34804773,0.0,0.0,222,0.0
10-209-01120,BIHAR,Araria,Jokihat,0,0,,188,10,1120,,155370.9524619173,341005127.7602247,0.0,0.0,246,0.0
10-210-01121,BIHAR,Kishanganj,Terhagachh,0,0,,203,10,1121,,121953.02658094271,245208326.38245347,0.0,0.0,175,0.0
10-210-01122,BIHAR,Kishanganj,Dighalbank,0,0,,203,10,1122,,147432.83262190674,314385668.4331173,0.0,0.0,224,0.0
10-211-01129,BIHAR,Purnia,Barhara,0,0,,214,10,1129,,111073.17449432175,288009141.38478667,0.0,0.0,212,0.0
10-211-01130,BIHAR,Purnia,Bhawanipur,0,0,,214,10,1130,,116656.34435182877,201938838.4795833,0.0,0.0,147,0.0
10-211-01131,BIHAR,Purnia,Rupauli,0,0,,214,10,1131,,113946.660566684,308195114.8462847,0.0,0.0,227,0.0
10-211-01132,BIHAR,Purnia,Dhamdaha,0,0,,214,10,1132,,135370.01293426772,446856166.039676,0.0,0.0,326,0.0
10-211-01133,BIHAR,Purnia,Krityanand Nagar,0,0,,214,10,1133,,149407.41850079046,364443041.21247435,0.0,0.0,274,0.0
10-211-01134,BIHAR,Purnia,Purnia East,0,0,,214,10,1134,,127662.13358515713,309272824.56310594,0.0,0.0,228,0.0
10-211-01135,BIHAR,Purnia,Kasba,0,0,,214,10,1135,,130095.64608516233,215123054.3424731,0.0,0.0,154,0.0
10-211-01136,BIHAR,Purnia,Srinagar,0,0,,214,10,1136,,106220.57404900706,172405807.6412187,0.0,0.0,122,0.0
10-211-01137,BIHAR,Purnia,Jalalgarh,0,0,,214,10,1137,,87146.39992638786,142107808.6772385,0.0,0.0,102,0.0
10-211-01138,BIHAR,Purnia,Amour,0,0,,214,10,1138,,141371.93624621196,307011870.96961224,0.0,0.0,225,0.0
10-211-01139,BIHAR,Purnia,Baisa,0,0,,214,10,1139,,132173.35304950457,275191667.549805,0.0,0.0,197,0.0
10-211-01140,BIHAR,Purnia,Baisi,0,0,,214,10,1140,,118169.54825440844,253873549.02719215,0.0,0.0,187,0.0
10-211-01141,BIHAR,Purnia,Dagarua,0,0,,214,10,1141,,129309.28146976323,257465778.6329552,0.0,0.0,180,0.0
10-212-01142,BIHAR,Katihar,Falka,0,0,,201,10,1142,,100518.70580952488,208374539.8829749,0.0,0.0,150,0.0
10-212-01143,BIHAR,Katihar,Korha,0,0,,201,10,1143,,137118.64195203967,368801327.90483874,0.0,0.0,273,0.0
10-212-01144,BIHAR,Katihar,Hasanganj,0,0,,201,10,1144,,78227.29832785497,86155111.41022065,0.0,0.0,62,0.0
10-212-01145,BIHAR,Katihar,Kadwa,0,0,,201,10,1145,,157692.68144088247,420129854.10490626,0.0,0.0,307,0.0
10-212-01146,BIHAR,Katihar,Balrampur,0,0,,201,10,1146,,141815.18317465586,216253207.31133217,0.0,0.0,151,0.0
10-212-01147,BIHAR,Katihar,Barsoi,0,0,,201,10,1147,,172308.8160052511,357713388.6445612,0.0,0.0,261,0.0
10-212-01148,BIHAR,Katihar,Azamnagar,0,0,,201,10,1148,,141791.77759222616,349759708.1212404,0.0,0.0,253,0.0
10-221-01290,BIHAR,Samastipur,Tajpur,0,0,,217,10,1290,,57166.77792153786,83856612.1105223,0.0,0.0,61,0.0
10-212-01149,BIHAR,Katihar,Pranpur,0,0,,201,10,1149,,111803.70370561493,191475637.62126103,0.0,0.0,141,0.0
10-212-01150,BIHAR,Katihar,Dandkhora,0,0,,201,10,1150,,70987.07501110679,111201189.06340708,0.0,0.0,81,0.0
10-212-01151,BIHAR,Katihar,Katihar,0,0,,201,10,1151,,76845.81968857624,136830037.77828172,0.0,0.0,100,0.0
10-212-01152,BIHAR,Katihar,Mansahi,0,0,,201,10,1152,,73279.06289841712,97405011.1871763,0.0,0.0,73,0.0
10-212-01155,BIHAR,Katihar,Kursela,0,0,,201,10,1155,,80348.39413748268,153683091.52761996,0.0,0.0,117,0.0
10-212-01153,BIHAR,Katihar,Barari,0,0,,201,10,1153,,107333.93297446336,407446973.1478653,0.0,0.0,292,0.0
10-212-01154,BIHAR,Katihar,Sameli,0,0,,201,10,1154,,75105.36277909,118027198.2496544,0.0,0.0,81,0.0
10-212-01156,BIHAR,Katihar,Manihari,0,0,,201,10,1156,,130162.81635074862,303859830.4099729,0.0,0.0,221,0.0
10-212-01157,BIHAR,Katihar,Amdabad,0,0,,201,10,1157,,103742.71814675455,228302986.79665467,0.0,0.0,164,0.0
10-213-01158,BIHAR,Madhepura,Gamharia,0,0,,205,10,1158,,80141.00377515821,125479849.27382244,0.0,0.0,89,0.0
10-213-01160,BIHAR,Madhepura,Ghailarh,0,0,,205,10,1160,,78865.70647224285,116219722.2388165,0.0,0.0,83,0.0
10-213-01159,BIHAR,Madhepura,Singheshwar,0,0,,205,10,1159,,111627.30849980874,111167268.35246354,0.0,0.0,78,0.0
10-216-01210,BIHAR,Muzaffarpur,Bandra,0,0,,208,10,1210,,74293.85759884378,142020443.31484023,0.0,0.0,103,0.0
10-213-01161,BIHAR,Madhepura,Madhepura,0,0,,205,10,1161,,115084.47931226583,237801277.85767865,0.0,0.0,175,0.0
10-213-01162,BIHAR,Madhepura,Shankarpur,0,0,,205,10,1162,,63984.56408470212,128790837.874554,0.0,0.0,94,0.0
10-213-01163,BIHAR,Madhepura,Kumarkhand,0,0,,205,10,1163,,118191.24796123093,316976886.68211347,0.0,0.0,230,0.0
10-213-01164,BIHAR,Madhepura,Murliganj,0,0,,205,10,1164,,94211.11378994165,247086114.21145928,0.0,0.0,179,0.0
10-221-01293,BIHAR,Samastipur,Mohanpur,0,0,,217,10,1293,,74468.46489139357,163000016.77407515,0.0,0.0,120,0.0
10-213-01165,BIHAR,Madhepura,Gwalpara,0,0,,205,10,1165,,78037.2495556277,147267353.58482873,0.0,0.0,109,0.0
10-214-01172,BIHAR,Saharsa,Satar Kataiya,0,0,,216,10,1172,,77878.75925155886,177382280.64763528,0.0,0.0,130,0.0
10-213-01166,BIHAR,Madhepura,Bihariganj,0,0,,205,10,1166,,79669.40805645821,133818744.70956944,0.0,0.0,98,0.0
10-216-01211,BIHAR,Muzaffarpur,Dholi (Moraul),0,0,,208,10,1211,,63030.361633940505,73298422.6275262,0.0,0.0,50,0.0
10-213-01167,BIHAR,Madhepura,Kishanganj,0,0,,205,10,1167,,99817.47531025465,188055937.5971522,0.0,0.0,133,0.0
10-216-01212,BIHAR,Muzaffarpur,Musahri,0,0,,208,10,1212,,211487.75457487197,365415439.5943066,0.0,0.0,267,0.0
10-213-01168,BIHAR,Madhepura,Puraini,0,0,,205,10,1168,,63416.842365887525,103114850.3546553,0.0,0.0,76,0.0
10-214-01174,BIHAR,Saharsa,Kahara,0,0,,216,10,1174,,81070.16203244023,176788302.3737116,0.0,0.0,128,0.0
10-213-01169,BIHAR,Madhepura,Alamnagar,0,0,,205,10,1169,,94357.42058114092,211989804.11375904,0.0,0.0,151,0.0
10-213-01170,BIHAR,Madhepura,Chausa,0,0,,205,10,1170,,87285.75133964,172516848.53860697,0.0,0.0,124,0.0
10-214-01171,BIHAR,Saharsa,Nauhatta,0,0,,216,10,1171,,93228.84620468391,212763144.21707585,0.0,0.0,151,0.0
10-217-01227,BIHAR,Gopalganj,Sidhwalia,0,0,,197,10,1227,,69457.48217743407,152022198.31601515,0.0,0.0,109,0.0
10-214-01173,BIHAR,Saharsa,Mahishi,0,0,,216,10,1173,,106372.46434789852,273075178.2794974,0.0,0.0,195,0.0
10-214-01175,BIHAR,Saharsa,Saur Bazar,0,0,,216,10,1175,,88121.22998090234,233228921.9025612,0.0,0.0,171,0.0
10-214-01176,BIHAR,Saharsa,Patarghat,0,0,,216,10,1176,,67497.21582029684,149681422.04156074,0.0,0.0,105,0.0
10-214-01177,BIHAR,Saharsa,Sonbarsa,0,0,,216,10,1177,,90185.02153799882,263952116.041209,0.0,0.0,193,0.0
10-216-01199,BIHAR,Muzaffarpur,Sahebganj,0,0,,208,10,1199,,80060.99972290538,253055918.70266867,0.0,0.0,189,0.0
10-214-01178,BIHAR,Saharsa,Simri Bakhtiarpur,0,0,,216,10,1178,,119116.35548129058,266466354.66217396,0.0,0.0,194,0.0
10-214-01179,BIHAR,Saharsa,Salkhua,0,0,,216,10,1179,,82412.26684571667,221182533.93573853,0.0,0.0,163,0.0
10-214-01180,BIHAR,Saharsa,Banma Itahri,0,0,,216,10,1180,,54286.501575749484,92822449.4552088,0.0,0.0,68,0.0
10-215-01181,BIHAR,Darbhanga,Jale,0,0,,195,10,1181,,112473.57051363293,234172285.01568127,0.0,0.0,171,0.0
10-215-01182,BIHAR,Darbhanga,Singhwara,0,0,,195,10,1182,,121368.62688362494,223279889.67870736,0.0,0.0,162,0.0
10-215-01183,BIHAR,Darbhanga,Keotiranway,0,0,,195,10,1183,,89515.08566239705,180205403.4644349,0.0,0.0,131,0.0
10-215-01184,BIHAR,Darbhanga,Darbhanga,0,0,,195,10,1184,,131883.04966973627,240721362.1475316,0.0,0.0,174,0.0
10-215-01185,BIHAR,Darbhanga,Manigachhi,0,0,,195,10,1185,,96856.01003306538,158887287.31255177,0.0,0.0,114,0.0
10-215-01186,BIHAR,Darbhanga,Tardih,0,0,,195,10,1186,,96398.42232606321,109520018.96976715,0.0,0.0,79,0.0
10-215-01187,BIHAR,Darbhanga,Alinagar,0,0,,195,10,1187,,105560.56246873255,146523357.5416611,0.0,0.0,105,0.0
10-215-01188,BIHAR,Darbhanga,Benipur,0,0,,195,10,1188,,118482.30854716274,204643530.87647069,0.0,0.0,150,0.0
10-215-01189,BIHAR,Darbhanga,Bahadurpur,0,0,,195,10,1189,,155637.00049509996,221161760.4253616,0.0,0.0,158,0.0
10-215-01190,BIHAR,Darbhanga,Hanumannagar,0,0,,195,10,1190,,114393.83215098479,181536916.32106537,0.0,0.0,130,0.0
10-215-01191,BIHAR,Darbhanga,Hayaghat,0,0,,195,10,1191,,66118.49929402806,108810529.75916524,0.0,0.0,77,0.0
10-215-01192,BIHAR,Darbhanga,Baheri,0,0,,195,10,1192,,128629.1579498372,271307286.95794886,0.0,0.0,195,0.0
10-215-01193,BIHAR,Darbhanga,Biraul,0,0,,195,10,1193,,135706.32971678255,230203939.26841983,0.0,0.0,167,0.0
10-215-01194,BIHAR,Darbhanga,Ghanshyampur,0,0,,195,10,1194,,76766.91373126305,103945643.9979024,0.0,0.0,78,0.0
10-215-01195,BIHAR,Darbhanga,Kiratpur,0,0,,195,10,1195,,78793.19278562842,78915927.53877336,0.0,0.0,60,0.0
10-215-01196,BIHAR,Darbhanga,Gora Bauram,0,0,,195,10,1196,,99804.03366816713,145653476.81698695,0.0,0.0,104,0.0
10-215-01197,BIHAR,Darbhanga,Kusheshwar Asthan,0,0,,195,10,1197,,87220.16498537568,144130520.9401011,0.0,0.0,107,0.0
10-215-01198,BIHAR,Darbhanga,Kusheshwar Asthan Purbi,0,0,,195,10,1198,,91858.86035222423,150084285.43545517,0.0,0.0,112,0.0
10-216-01200,BIHAR,Muzaffarpur,Baruraj (Motipur),0,0,,208,10,1200,,125110.13599018812,365259305.4740948,0.0,0.0,263,0.0
10-216-01201,BIHAR,Muzaffarpur,Paroo,0,0,,208,10,1201,,136934.87791145188,413033977.3448192,0.0,0.0,295,0.0
10-216-01202,BIHAR,Muzaffarpur,Saraiya,0,0,,208,10,1202,,155820.80051537574,301402655.1404849,0.0,0.0,218,0.0
10-216-01203,BIHAR,Muzaffarpur,Marwan,0,0,,208,10,1203,,84959.92762229654,138736310.53842777,0.0,0.0,101,0.0
10-216-01204,BIHAR,Muzaffarpur,Kanti,0,0,,208,10,1204,,97122.90469976026,124757584.36625764,0.0,0.0,91,0.0
10-216-01205,BIHAR,Muzaffarpur,Minapur,0,0,,208,10,1205,,166218.11946715685,316124209.98756105,0.0,0.0,228,0.0
10-216-01206,BIHAR,Muzaffarpur,Bochaha,0,0,,208,10,1206,,126044.68100944142,233148755.94160384,0.0,0.0,167,0.0
10-216-01207,BIHAR,Muzaffarpur,Aurai,0,0,,208,10,1207,,101267.16719990574,247748190.77792475,0.0,0.0,177,0.0
10-216-01208,BIHAR,Muzaffarpur,Katra,0,0,,208,10,1208,,118891.9342746819,235108975.17115793,0.0,0.0,171,0.0
10-216-01209,BIHAR,Muzaffarpur,Gaighat,0,0,,208,10,1209,,111008.49869520529,259762671.68662548,0.0,0.0,191,0.0
10-216-01213,BIHAR,Muzaffarpur,Kurhani,0,0,,208,10,1213,,108106.10574110712,256354911.2077163,0.0,0.0,187,0.0
10-216-01214,BIHAR,Muzaffarpur,Sakra,0,0,,208,10,1214,,105121.4777371614,236360031.18726787,0.0,0.0,175,0.0
10-217-01215,BIHAR,Gopalganj,Katiya,0,0,,197,10,1215,,94755.55253264701,158441587.458013,1.762661954879761e-05,1.384948678834098e-05,112,0.0015511425202941898
10-217-01216,BIHAR,Gopalganj,Bijaipur,0,0,,197,10,1216,,81309.59717969262,163112176.36717936,1.762661954879761e-05,1.762661954879761e-05,120,0.0021151943458557134
10-217-01217,BIHAR,Gopalganj,Bhorey,0,0,,197,10,1217,,78790.65552761848,196013266.46535653,1.762661954879761e-05,9.180531014998756e-06,144,0.0013219964661598208
10-217-01218,BIHAR,Gopalganj,Pach Deuri,0,0,,197,10,1218,,53698.212932643866,118295317.11973979,0.0,0.0,85,0.0
10-217-01219,BIHAR,Gopalganj,Kuchaikote,0,0,,197,10,1219,,101077.28158428885,316078491.04748106,0.0,0.0,226,0.0
10-217-01220,BIHAR,Gopalganj,Phulwaria,0,0,,197,10,1220,,81339.22200232239,118763292.85091434,0.0,0.0,89,0.0
10-217-01221,BIHAR,Gopalganj,Hathua,0,0,,197,10,1221,,91546.96202775641,183613061.83342972,8.900801993370056e-05,5.8871446255361e-05,127,0.007476673674430847
10-217-01222,BIHAR,Gopalganj,Uchkagaon,0,0,,197,10,1222,,80102.93001981139,142235093.67043933,8.900801993370056e-05,5.877888108829283e-06,106,0.000623056139535904
10-217-01223,BIHAR,Gopalganj,Thawe,0,0,,197,10,1223,,57244.55575246375,89300191.60424533,8.900801993370056e-05,1.3907503114640713e-06,64,8.900801993370056e-05
10-217-01224,BIHAR,Gopalganj,Gopalganj,0,0,,197,10,1224,,110313.13172782106,244420793.60160467,0.0,0.0,182,0.0
10-218-01232,BIHAR,Siwan,Goriakothi,0,0,,222,10,1232,,73201.39147651673,174963939.23516312,0.0,0.0,127,0.0
10-217-01225,BIHAR,Gopalganj,Manjha,0,0,,197,10,1225,,80242.78538873792,179389027.9828925,0.0,0.0,131,0.0
10-217-01226,BIHAR,Gopalganj,Barauli,0,0,,197,10,1226,,105754.79057670098,232227972.12586737,0.0,0.0,170,0.0
10-217-01228,BIHAR,Gopalganj,Baikunthpur,0,0,,197,10,1228,,97825.58906166903,256614409.24172768,0.0,0.0,185,0.0
10-218-01229,BIHAR,Siwan,Nautan,0,0,,222,10,1229,,58324.35348563096,81827813.66620097,8.900801993370056e-05,8.900801993370056e-05,58,0.005162465156154632
10-218-01230,BIHAR,Siwan,Siwan,0,0,,222,10,1230,,92599.06904644772,168879532.28230655,8.900801993370056e-05,8.146496739694626e-05,118,0.009612866152839659
10-218-01235,BIHAR,Siwan,Bhagwanpur Hat,0,0,,222,10,1235,,86430.4184146014,189582799.91524476,0.00015875212562561035,2.5308309882343678e-05,138,0.0034925467637634275
10-218-01231,BIHAR,Siwan,Barharia,0,0,,222,10,1231,,90315.6629531122,219606934.01516393,8.900801993370056e-05,1.6689003737568858e-06,160,0.0002670240598011017
10-218-01233,BIHAR,Siwan,Lakri Nabiganj,0,0,,222,10,1233,,79648.98713303795,120773104.6039552,0.0,0.0,88,0.0
10-218-01234,BIHAR,Siwan,Basantpur,0,0,,222,10,1234,,57871.378293950496,76675463.02480637,0.0,0.0,56,0.0
10-218-01236,BIHAR,Siwan,Maharajganj,0,0,,222,10,1236,,119387.58843212528,142817377.5161484,0.00015875212562561035,6.011002814950295e-05,103,0.006191332899398804
10-218-01237,BIHAR,Siwan,Pachrukhi,0,0,,222,10,1237,,99183.2392802834,160709761.40986398,8.900801993370056e-05,3.803761535628229e-06,117,0.0004450400996685028
10-218-01238,BIHAR,Siwan,Hussainganj,0,0,,222,10,1238,,68784.84800107122,105975934.30464326,8.900801993370056e-05,7.92507981926686e-05,74,0.005864559066257477
10-218-01239,BIHAR,Siwan,Ziradei,0,0,,222,10,1239,,98825.50869312549,152221780.48504183,8.900801993370056e-05,8.898556441710874e-05,111,0.009877397650299071
10-218-01240,BIHAR,Siwan,Mairwa,0,0,,222,10,1240,,65279.2242200428,88898123.37504825,9.353159118652344e-05,8.921363680882887e-05,66,0.005888100029382706
10-218-01242,BIHAR,Siwan,Darauli,0,0,,222,10,1242,,90305.00161970501,214758375.6239279,0.00026200108474731446,0.00011340106942767481,155,0.017577165761289596
10-218-01241,BIHAR,Siwan,Guthani,0,0,,222,10,1241,,78778.78773845347,115110806.99004474,9.353159118652344e-05,9.320059816802422e-05,82,0.0076424490497779855
10-219-01248,BIHAR,Saran,Mashrakh,0,0,,218,10,1248,,82075.7710341599,165898243.02109933,0.0,0.0,121,0.0
10-218-01243,BIHAR,Siwan,Andar,0,0,,222,10,1243,,83358.60866933218,125625010.62434034,8.900801993370056e-05,8.680195901059557e-05,87,0.0075517704339218145
10-219-01249,BIHAR,Saran,Panapur,0,0,,218,10,1249,,75875.09329534958,182360909.7404776,0.0,0.0,128,0.0
10-218-01244,BIHAR,Siwan,Raghunathpur,0,0,,222,10,1244,,87824.68008836384,193566358.3438411,8.65154575920105e-05,8.651545759201049e-05,143,0.0123717104356575
10-219-01250,BIHAR,Saran,Taraiya,0,0,,218,10,1250,,53629.0613522338,97307015.09151264,0.0,0.0,74,0.0
10-218-01245,BIHAR,Siwan,Hasanpura,0,0,,222,10,1245,,82786.09108287447,121956119.03175904,0.00015875212562561035,0.0001243813098957895,87,0.010821173960933685
10-219-01251,BIHAR,Saran,Ishupur,0,0,,218,10,1251,,62425.60798229613,109300191.56908256,0.0,0.0,76,0.0
10-218-01246,BIHAR,Siwan,Daraundha,0,0,,222,10,1246,,105400.53795370483,157911066.26165873,0.00015875212562561035,0.00013804532663096552,115,0.015875212562561036
10-219-01256,BIHAR,Saran,Jalalpur,0,0,,218,10,1256,,65042.73641147566,147549697.72689733,0.00024335071487426762,8.506729953118091e-05,106,0.009017133750305176
10-218-01247,BIHAR,Siwan,Siswan,0,0,,222,10,1247,,98184.39847010886,155554872.77293277,0.00015875212562561035,0.00013727635945345905,111,0.015237675899333954
10-219-01259,BIHAR,Saran,Nagra,0,0,,218,10,1259,,43289.948409307304,65110006.46242106,0.0002168276611328125,9.226708984375001e-05,47,0.00433655322265625
10-219-01252,BIHAR,Saran,Baniapur,0,0,,218,10,1252,,89199.8841803021,219417775.87250236,0.00015875212562561035,3.895757684064058e-06,163,0.0006350085025024414
10-219-01253,BIHAR,Saran,Lahladpur,0,0,,218,10,1253,,49287.19248841685,70233795.44130237,0.00015875212562561035,8.572614783782958e-05,50,0.004286307391891479
10-219-01254,BIHAR,Saran,Ekma,0,0,,218,10,1254,,99716.17236158185,176114988.01319405,0.00015875212562561035,0.00015875212562561035,128,0.020320272080078125
10-219-01255,BIHAR,Saran,Manjhi,0,0,,218,10,1255,,127085.43562979231,244607530.98349065,0.00024335071487426762,0.00017666985587183633,180,0.03180057405693054
10-219-01257,BIHAR,Saran,Revelganj,0,0,,218,10,1257,,84877.1419542779,179359801.45379385,0.00024335071487426762,0.00021894950543212892,125,0.027368688179016117
10-219-01258,BIHAR,Saran,Chapra,0,0,,218,10,1258,,119729.94798472138,239470568.44351175,0.0002168276611328125,0.00020327593231201168,176,0.035776564086914056
10-219-01260,BIHAR,Saran,Marhaura,0,0,,218,10,1260,,87240.95030017926,190752130.05196184,0.0002168276611328125,6.330734631614964e-06,137,0.00086731064453125
10-219-01261,BIHAR,Saran,Amnour,0,0,,218,10,1261,,94922.90618840617,160109081.4065653,0.0002168276611328125,3.6750451039459746e-06,118,0.000433655322265625
10-219-01263,BIHAR,Saran,Parsa,0,0,,218,10,1263,,85595.91054800974,122749042.93573296,0.0,0.0,88,0.0
10-219-01266,BIHAR,Saran,Dighwara,0,0,,218,10,1266,,81943.45164265168,101347015.6655549,0.0,0.0,72,0.0
10-219-01264,BIHAR,Saran,Dariapur,0,0,,218,10,1264,,115477.27251924115,281302380.67878103,0.0,0.0,202,0.0
10-219-01265,BIHAR,Saran,Garkha,0,0,,218,10,1265,,90147.74693968748,213336409.9887166,0.0002168276611328125,0.00011122977421748173,154,0.017129385229492186
10-220-01269,BIHAR,Vaishali,Paterhi Belsar,0,0,,224,10,1269,,56227.36197278124,93522597.26160131,0.0,0.0,69,0.0
10-219-01267,BIHAR,Saran,Sonepur,0,0,,218,10,1267,,70412.64000247594,214865144.18564072,0.0,0.0,162,0.0
10-220-01268,BIHAR,Vaishali,Vaishali,0,0,,224,10,1268,,72706.90824879723,158663399.21103516,0.0,0.0,114,0.0
10-220-01270,BIHAR,Vaishali,Lalganj,0,0,,224,10,1270,,89595.71916906572,184177988.41986412,0.0,0.0,133,0.0
10-221-01294,BIHAR,Samastipur,Mohiuddinagar,0,0,,217,10,1294,,80607.53716768604,178536106.2701614,0.0,0.0,130,0.0
10-220-01271,BIHAR,Vaishali,Bhagwanpur,0,0,,224,10,1271,,98965.72708266653,142473218.81446454,0.0,0.0,102,0.0
10-220-01272,BIHAR,Vaishali,Goraul,0,0,,224,10,1272,,101989.77906286377,122446101.92943335,0.0,0.0,87,0.0
10-220-01273,BIHAR,Vaishali,Chehra Kalan,0,0,,224,10,1273,,63204.34388206024,89818122.94593617,0.0,0.0,66,0.0
10-220-01277,BIHAR,Vaishali,Raja Pakar,0,0,,224,10,1277,,58946.08844196175,93673217.82917874,0.0,0.0,72,0.0
10-220-01274,BIHAR,Vaishali,Patepur,0,0,,224,10,1274,,118180.33822078991,317029999.71255994,0.0,0.0,234,0.0
10-220-01275,BIHAR,Vaishali,Mahua,0,0,,224,10,1275,,86273.82517515696,171155586.12447235,0.0,0.0,125,0.0
10-220-01276,BIHAR,Vaishali,Jandaha,0,0,,224,10,1276,,99044.76663725945,179891527.10359335,0.0,0.0,128,0.0
10-220-01278,BIHAR,Vaishali,Hajipur,0,0,,224,10,1278,,80048.24731377292,194916759.16986817,0.0,0.0,140,0.0
10-220-01280,BIHAR,Vaishali,Bidupur,0,0,,224,10,1280,,88122.3198685409,139375575.9420912,0.0,0.0,99,0.0
10-220-01279,BIHAR,Vaishali,Raghopur,0,0,,224,10,1279,,128641.49950069311,338499790.0832371,0.0,0.0,246,0.0
10-220-01281,BIHAR,Vaishali,Desri,0,0,,224,10,1281,,50183.809114488824,56627949.53624974,0.0,0.0,43,0.0
10-221-01284,BIHAR,Samastipur,Kalyanpur,0,0,,217,10,1284,,147387.26660455638,294821482.9966942,0.0,0.0,214,0.0
10-221-01286,BIHAR,Samastipur,Shivaji Nagar,0,0,,217,10,1286,,96209.25031894707,172333979.18990555,0.0,0.0,130,0.0
10-221-01288,BIHAR,Samastipur,Samastipur,0,0,,217,10,1288,,112474.97484539819,170577777.20953664,0.0,0.0,123,0.0
10-221-01289,BIHAR,Samastipur,Pusa,0,0,,217,10,1289,,64081.7615729533,95008289.7510354,0.0,0.0,65,0.0
10-221-01291,BIHAR,Samastipur,Morwa,0,0,,217,10,1291,,104551.97847793197,152111293.7773472,0.0,0.0,106,0.0
10-221-01292,BIHAR,Samastipur,Patori,0,0,,217,10,1292,,69422.25062895294,130638318.44440164,0.0,0.0,93,0.0
10-221-01295,BIHAR,Samastipur,Sarairanjan,0,0,,217,10,1295,,96463.23467310029,185572344.2706523,0.0,0.0,145,0.0
10-221-01296,BIHAR,Samastipur,Vidyapati Nagar,0,0,,217,10,1296,,62930.2690484309,106322816.42401849,0.0,0.0,75,0.0
10-221-01297,BIHAR,Samastipur,Dalsinghsarai,0,0,,217,10,1297,,80515.23552986495,118201268.21451648,0.0,0.0,89,0.0
10-221-01298,BIHAR,Samastipur,Ujiarpur,0,0,,217,10,1298,,81756.09445970641,209497824.1015558,0.0,0.0,149,0.0
10-221-01300,BIHAR,Samastipur,Rosera,0,0,,217,10,1300,,84599.34785899956,138535375.895554,0.0,0.0,97,0.0
10-221-01299,BIHAR,Samastipur,Bibhutpur,0,0,,217,10,1299,,96600.53522783429,258332531.194082,0.0,0.0,187,0.0
10-221-01301,BIHAR,Samastipur,Singhia,0,0,,217,10,1301,,76055.88015393679,178639507.67998633,0.0,0.0,128,0.0
10-222-01307,BIHAR,Begusarai,Cheria Bariarpur,0,0,,191,10,1307,,80422.0696045629,127840547.1243011,0.0,0.0,89,0.0
10-221-01302,BIHAR,Samastipur,Hasanpur,0,0,,217,10,1302,,122795.93417076243,188091095.39019313,0.0,0.0,138,0.0
10-221-01303,BIHAR,Samastipur,Bithan,0,0,,217,10,1303,,72838.55780104545,149849875.79630712,0.0,0.0,109,0.0
10-222-01304,BIHAR,Begusarai,Khudabandpur,0,0,,191,10,1304,,49522.71992212785,59617610.47663844,0.0,0.0,39,0.0
10-222-01305,BIHAR,Begusarai,Chhorahi,0,0,,191,10,1305,,96201.09768359947,128309829.49376953,0.0,0.0,94,0.0
10-222-01306,BIHAR,Begusarai,Garhpura,0,0,,191,10,1306,,69581.28073662621,88651595.91159394,0.0,0.0,68,0.0
10-222-01308,BIHAR,Begusarai,Bhagwanpur,0,0,,191,10,1308,,102620.52088176137,147276258.21886113,0.0,0.0,106,0.0
10-223-01324,BIHAR,Khagaria,Mansi,0,0,,202,10,1324,,70720.37786012898,86151878.56106131,0.0,0.0,69,0.0
10-222-01309,BIHAR,Begusarai,Mansurchak,0,0,,191,10,1309,,55538.61039021854,42158333.283958256,0.0,0.0,31,0.0
10-224-01333,BIHAR,Bhagalpur,Rangra Chowk,0,0,,192,10,1333,,56200.86409227388,97946271.45940188,0.0,0.0,71,0.0
10-222-01310,BIHAR,Begusarai,Bachhwara,0,0,,191,10,1310,,112893.55520851951,186501763.14040864,0.0,0.0,138,0.0
10-222-01311,BIHAR,Begusarai,Teghra,0,0,,191,10,1311,,93442.93751421869,180050069.66821858,0.0,0.0,129,0.0
10-222-01312,BIHAR,Begusarai,Barauni,0,0,,191,10,1312,,90573.71511882372,141812926.41245717,0.0,0.0,102,0.0
10-222-01313,BIHAR,Begusarai,Birpur,0,0,,191,10,1313,,69057.86510087451,64693086.30641256,0.0,0.0,53,0.0
10-222-01314,BIHAR,Begusarai,Begusarai,0,0,,191,10,1314,,114572.02827886646,273941103.5239774,0.0,0.0,200,0.0
10-222-01315,BIHAR,Begusarai,Naokothi,0,0,,191,10,1315,,61794.845266753924,91575422.87048158,0.0,0.0,64,0.0
10-222-01316,BIHAR,Begusarai,Bakhri,0,0,,191,10,1316,,74902.13049058078,94921186.04856166,0.0,0.0,66,0.0
10-222-01317,BIHAR,Begusarai,Dandari,0,0,,191,10,1317,,77075.31892237118,85364223.36403492,0.0,0.0,65,0.0
10-222-01318,BIHAR,Begusarai,Sahebpur Kamal,0,0,,191,10,1318,,97820.3506924087,179327758.1582562,0.0,0.0,131,0.0
10-222-01319,BIHAR,Begusarai,Balia,0,0,,191,10,1319,,95726.56851828664,181873531.04775092,0.0,0.0,133,0.0
10-222-01320,BIHAR,Begusarai,Matihani,0,0,,191,10,1320,,104199.58891726227,214311339.790948,0.0,0.0,157,0.0
10-222-01321,BIHAR,Begusarai,Shamho Akha Kurha,0,0,,191,10,1321,,47884.70174269599,82130306.58899558,0.0,0.0,58,0.0
10-223-01322,BIHAR,Khagaria,Alauli,0,0,,202,10,1322,,117176.16085281859,337532903.06560946,0.0,0.0,244,0.0
10-223-01323,BIHAR,Khagaria,Khagaria,0,0,,202,10,1323,,164255.4907534744,325761754.1557925,0.0,0.0,229,0.0
10-223-01325,BIHAR,Khagaria,Chautham,0,0,,202,10,1325,,88833.5659059585,205164632.7891582,0.0,0.0,148,0.0
10-228-01376,BIHAR,Sheikhpura,Chewara,0,0,,219,10,1376,,77279.14911837938,141385828.1075451,1.7415268020629885e-05,1.5857505058177468e-05,103,0.001633323020992279
10-223-01326,BIHAR,Khagaria,Beldaur,0,0,,202,10,1326,,101449.44415348554,276820454.1841197,0.0,0.0,203,0.0
10-223-01327,BIHAR,Khagaria,Gogri,0,0,,202,10,1327,,109725.85953588395,321971045.3784509,0.0,0.0,231,0.0
10-223-01328,BIHAR,Khagaria,Parbatta,0,0,,202,10,1328,,89952.53209418767,286770838.53234714,0.0,0.0,215,0.0
10-224-01329,BIHAR,Bhagalpur,Narayanpur,0,0,,192,10,1329,,96964.50839109154,173637043.38008544,0.0,0.0,125,0.0
10-224-01330,BIHAR,Bhagalpur,Bihpur,0,0,,192,10,1330,,98960.16392998041,189427956.2070791,0.0,0.0,141,0.0
10-234-01472,BIHAR,Rohtas,Akorhi Gola,0,0,,215,10,1472,,71741.57946050014,124356844.03544964,0.0002871936619567871,0.0002871936619567871,94,0.02699620422393799
10-224-01331,BIHAR,Bhagalpur,Kharik,0,0,,192,10,1331,,103106.05203500649,169292223.68779984,0.0,0.0,125,0.0
10-224-01332,BIHAR,Bhagalpur,Naugachhia,0,0,,192,10,1332,,91833.23423872421,134223697.96961665,0.0,0.0,95,0.0
10-224-01335,BIHAR,Bhagalpur,Pirpainti,0,0,,192,10,1335,,138631.2255747686,411429376.6216011,0.0,0.0,294,0.0
10-224-01336,BIHAR,Bhagalpur,Kahalgaon,0,0,,192,10,1336,,128722.99744742387,352186242.20537144,0.0,0.0,255,0.0
10-224-01337,BIHAR,Bhagalpur,Ismailpur,0,0,,192,10,1337,,66332.03197363381,102752037.41138108,0.0,0.0,75,0.0
10-224-01338,BIHAR,Bhagalpur,Sabour,0,0,,192,10,1338,,85492.0541239663,141198925.34276122,0.0,0.0,102,0.0
10-226-01359,BIHAR,Munger,Dharhara,0,0,,207,10,1359,,105188.90103685112,355220468.750446,0.0,0.0,262,0.0
10-224-01339,BIHAR,Bhagalpur,Nathnagar,0,0,,192,10,1339,,105259.93673308079,163498377.60317266,0.0,0.0,117,0.0
10-226-01360,BIHAR,Munger,Kharagpur,0,0,,207,10,1360,,169586.30903503796,398589433.5102216,0.0,0.0,291,0.0
10-224-01340,BIHAR,Bhagalpur,Sultanganj,0,0,,192,10,1340,,139861.1879796442,266407467.3450057,0.0,0.0,198,0.0
10-224-01341,BIHAR,Bhagalpur,Shahkund,0,0,,192,10,1341,,93276.90256650816,208798734.37786233,0.0,0.0,153,0.0
10-224-01342,BIHAR,Bhagalpur,Goradih,0,0,,192,10,1342,,106918.08891287447,178026414.43832883,0.0,0.0,128,0.0
10-224-01343,BIHAR,Bhagalpur,Jagdishpur,0,0,,192,10,1343,,107045.71303668506,127447147.46016994,0.0,0.0,95,0.0
10-224-01344,BIHAR,Bhagalpur,Sonhaula,0,0,,192,10,1344,,84463.86530366821,214425428.57327408,0.0,0.0,160,0.0
10-225-01345,BIHAR,Banka,Shambhuganj,0,0,,190,10,1345,,85765.27415008907,217970788.89652416,0.0,0.0,157,0.0
10-225-01346,BIHAR,Banka,Amarpur,0,0,,190,10,1346,,98000.87839154692,234663534.19316816,0.0,0.0,176,0.0
10-225-01347,BIHAR,Banka,Rajaun,0,0,,190,10,1347,,86718.04358754268,242814641.5593075,0.0,0.0,179,0.0
10-226-01363,BIHAR,Munger,Tetiha Bambor,0,0,,207,10,1363,,73286.15332623897,95190725.80042528,0.0,0.0,70,0.0
10-225-01348,BIHAR,Banka,Dhuraiya,0,0,,190,10,1348,,106681.6377356153,285703540.38620996,0.0,0.0,208,0.0
10-225-01349,BIHAR,Banka,Barahat,0,0,,190,10,1349,,122910.23058217819,181202001.14064544,0.0,0.0,129,0.0
10-225-01350,BIHAR,Banka,Banka,0,0,,190,10,1350,,137083.07375503817,365153241.48788345,0.0,0.0,275,0.0
10-225-01351,BIHAR,Banka,Phulidumar,0,0,,190,10,1351,,117105.67306472127,248400685.45023423,0.0,0.0,176,0.0
10-225-01352,BIHAR,Banka,Belhar,0,0,,190,10,1352,,118426.40149548957,290570448.277483,0.00016054706573486328,1.6504838533490616e-05,214,0.003532035446166992
10-225-01353,BIHAR,Banka,Chanan,0,0,,190,10,1353,,169565.08902723462,550876204.0147796,0.00017484226081848145,8.775478911648318e-05,403,0.03536518001394272
10-225-01354,BIHAR,Banka,Katoria,0,0,,190,10,1354,,180268.89530762268,687665367.2781417,0.00017484226081848145,1.497652831712092e-05,502,0.007518217215194702
10-225-01355,BIHAR,Banka,Bausi,0,0,,190,10,1355,,109314.78149810205,385846183.7170387,0.0,0.0,284,0.0
10-226-01356,BIHAR,Munger,Munger,0,0,,207,10,1356,,162390.1628928388,306519605.49277806,0.0,0.0,227,0.0
10-226-01357,BIHAR,Munger,Bariarpur,0,0,,207,10,1357,,122433.4478606843,198040113.63802013,0.0,0.0,143,0.0
10-226-01358,BIHAR,Munger,Jamalpur,0,0,,207,10,1358,,72817.19566814511,112971204.64248075,0.0,0.0,79,0.0
10-226-01361,BIHAR,Munger,Asarganj,0,0,,207,10,1361,,61173.52838786665,72491453.98190036,0.0,0.0,52,0.0
10-226-01362,BIHAR,Munger,Tarapur,0,0,,207,10,1362,,54416.57713098438,86962445.68425661,0.0,0.0,62,0.0
10-226-01364,BIHAR,Munger,Sangrampur,0,0,,207,10,1364,,71205.18318302365,105786037.21986651,0.0,0.0,80,0.0
10-227-01366,BIHAR,Lakhisarai,Pipariya,0,0,,204,10,1366,,87968.2901826016,106258171.87143916,0.0,0.0,76,0.0
10-227-01365,BIHAR,Lakhisarai,Barahiya,0,0,,204,10,1365,,95965.48426593257,248505135.43154767,0.0,0.0,179,0.0
10-227-01367,BIHAR,Lakhisarai,Surajgarha,0,0,,204,10,1367,,140312.1609931406,462726462.37366486,8.13731017112732e-05,1.0769969344139099e-05,340,0.003661789577007294
10-227-01368,BIHAR,Lakhisarai,Lakhisarai,0,0,,204,10,1368,,117670.76745524361,181316338.94823277,8.13731017112732e-05,3.1390371397204867e-06,133,0.0004174919395828247
10-227-01369,BIHAR,Lakhisarai,Chanan*,0,0,,204,10,1369,,86014.87070350182,177670731.10250506,8.13731017112732e-05,6.611564514040949e-05,128,0.008462802577972415
10-228-01375,BIHAR,Sheikhpura,Ghat Kusumbha,0,0,,219,10,1375,,80592.24583619394,99088070.68237934,0.0,0.0,70,0.0
10-227-01370,BIHAR,Lakhisarai,Ramgarh Chowk,0,0,,204,10,1370,,98990.57354622113,128567389.13844268,8.13731017112732e-05,2.2265440546603915e-05,94,0.002092951411380768
10-227-01371,BIHAR,Lakhisarai,Halsi,0,0,,204,10,1371,,82594.8188222393,191441208.6304817,8.13731017112732e-05,1.85933192247624e-05,139,0.002584471372241974
10-228-01372,BIHAR,Sheikhpura,Barbigha,0,0,,219,10,1372,,83879.7675047183,115941853.486741,0.0,0.0,81,0.0
10-228-01373,BIHAR,Sheikhpura,Shekhopur Sarai,0,0,,219,10,1373,,59774.96229914819,65955650.61796794,1.7415268020629885e-05,6.6848321278889985e-06,45,0.00030081744575500495
10-228-01374,BIHAR,Sheikhpura,Sheikhpura,0,0,,219,10,1374,,119718.3677454689,225551054.81458032,1.7415268020629885e-05,4.0250108178082636e-06,170,0.0006842518390274048
10-228-01377,BIHAR,Sheikhpura,Ariari,0,0,,219,10,1377,,87552.5859976097,183445963.63454768,1.7415268020629885e-05,1.7391120291661177e-05,137,0.0023825834799575812
10-229-01378,BIHAR,Nalanda,Karai Parsurai,0,0,,209,10,1378,,58523.47447411047,82148146.79064696,8.67323263168335e-05,3.9029546842575076e-05,60,0.0023417728105545044
10-229-01379,BIHAR,Nalanda,Nagar Nausa,0,0,,209,10,1379,,82570.35159490984,108015836.82811198,9.315164001464845e-05,4.151882068538666e-05,80,0.0033215056548309327
10-229-01380,BIHAR,Nalanda,Harnaut,0,0,,209,10,1380,,124869.90123154312,224385440.0517296,9.315164001464845e-05,3.240057043987772e-05,161,0.005216491840820313
10-229-01381,BIHAR,Nalanda,Chandi,0,0,,209,10,1381,,70527.81459673235,147156102.481168,9.315164001464845e-05,8.546022019692519e-05,109,0.009315164001464845
10-229-01382,BIHAR,Nalanda,Rahui,0,0,,209,10,1382,,77076.6108369453,152249665.90613127,9.315164001464845e-05,8.970157927336516e-05,108,0.009687770561523437
10-229-01383,BIHAR,Nalanda,Bind,0,0,,209,10,1383,,70364.80140905235,88091657.81671415,0.0,0.0,66,0.0
10-229-01384,BIHAR,Nalanda,Sarmera,0,0,,209,10,1384,,91044.34634338948,167201876.42476654,0.0,0.0,123,0.0
10-229-01385,BIHAR,Nalanda,Asthawan,0,0,,209,10,1385,,92263.18064708126,171325630.7179731,9.315164001464845e-05,1.5322228834838868e-05,125,0.0019152786043548583
10-229-01387,BIHAR,Nalanda,Noorsarai,0,0,,209,10,1387,,78528.62700534344,151514769.88009417,9.315164001464845e-05,9.315164001464845e-05,114,0.010619286961669923
10-229-01386,BIHAR,Nalanda,Bihar,0,0,,209,10,1386,,98561.8371020671,215840179.0991975,9.315164001464845e-05,8.299066728329659e-05,160,0.013278506765327455
10-229-01390,BIHAR,Nalanda,Hilsa,0,0,,209,10,1390,,93433.88804652911,175765721.10991755,8.67323263168335e-05,8.67323263168335e-05,131,0.011361934747505189
10-229-01391,BIHAR,Nalanda,Ekangarsarai,0,0,,209,10,1391,,87121.32234693572,166605847.460251,8.67323263168335e-05,8.673232631683351e-05,122,0.010581343810653688
10-229-01392,BIHAR,Nalanda,Islampur,0,0,,209,10,1392,,109868.69145522316,273834151.4326934,0.00017017141204833986,0.00013619364002365428,194,0.02642156616458893
10-229-01393,BIHAR,Nalanda,Ben,0,0,,209,10,1393,,66947.54721379357,127526149.56798536,0.00017017141204833986,9.698448304927096e-05,94,0.00911654140663147
10-230-01398,BIHAR,Patna,Maner,0,0,,212,10,1398,,96133.56350709034,213315300.3597084,0.0002168276611328125,5.465521735253273e-05,154,0.00841690347229004
10-229-01394,BIHAR,Nalanda,Rajgir,0,0,,209,10,1394,,88740.45664753366,198129288.77271983,0.00017017141204833986,7.818358324868339e-05,147,0.011492986737556459
10-229-01395,BIHAR,Nalanda,Silao,0,0,,209,10,1395,,79220.42929786978,154752836.13944647,9.315164001464845e-05,2.548395788828532e-05,114,0.0029051711992645265
10-229-01396,BIHAR,Nalanda,Giriak,0,0,,209,10,1396,,88347.46773236175,99576022.5731765,1.108657871246338e-05,1.108657871246338e-05,73,0.0008093202460098266
10-229-01397,BIHAR,Nalanda,Katrisarai,0,0,,209,10,1397,,38918.76300208476,48673462.28309288,1.7415268020629885e-05,1.2668751039505004e-05,36,0.00045607503742218017
10-230-01399,BIHAR,Patna,Dinapur-Cum-Khagaul,0,0,,212,10,1399,,78598.21354533077,184765788.04152673,8.991364902496339e-05,2.6641081192581746e-05,135,0.0035965459609985356
10-234-01474,BIHAR,Rohtas,Tilouthu,0,0,,215,10,1474,,73885.57639601533,193504401.97342023,0.0003383081151580811,0.00031248331462982714,140,0.0437476640481758
10-230-01400,BIHAR,Patna,Patna Rural,0,0,,212,10,1400,,87518.10425735511,179850223.48881748,8.991364902496339e-05,1.5786365859344716e-05,131,0.0020680139275741577
10-230-01401,BIHAR,Patna,Sampatchak,0,0,,212,10,1401,,53219.7118618291,78902366.60372826,8.991364902496339e-05,3.154864878068891e-06,57,0.00017982729804992678
10-230-01406,BIHAR,Patna,Dulhin Bazar,0,0,,212,10,1406,,77792.54009458271,136539622.4680228,0.00014500546199798585,0.00011767205311206857,99,0.011649533258094789
10-230-01402,BIHAR,Patna,Phulwari,0,0,,212,10,1402,,70659.26045014715,135940825.49713776,8.991364902496339e-05,8.616724698225659e-05,96,0.008272055710296633
10-230-01413,BIHAR,Patna,Khusrupur,0,0,,212,10,1413,,46143.60198551767,78201544.387751,0.0,0.0,58,0.0
10-230-01403,BIHAR,Patna,Bihta,0,0,,212,10,1403,,116564.9809665079,244879174.98088208,0.0002168276611328125,0.00010644284134518969,182,0.019372597124824524
10-230-01415,BIHAR,Patna,Athmalgola,0,0,,212,10,1415,,47997.69261940102,62827293.65665197,0.0,0.0,47,0.0
10-230-01404,BIHAR,Patna,Naubatpur,0,0,,212,10,1404,,105087.74367689912,205320191.59612688,8.991364902496339e-05,8.99136490249634e-05,153,0.0137567883008194
10-230-01405,BIHAR,Patna,Bikram,0,0,,212,10,1405,,86626.03512108007,186422313.04867813,0.0001138006578063965,0.00010700070640146298,137,0.01465909677700043
10-234-01475,BIHAR,Rohtas,Rohtas,0,0,,215,10,1475,,88257.59288547112,389741138.17794544,0.0003116821161651611,0.0002745330249407225,288,0.07906551118292808
10-230-01407,BIHAR,Patna,Paliganj,0,0,,212,10,1407,,129476.3041410336,293354152.7667747,0.00014500546199798585,0.00014058011472434638,214,0.030084144551010127
10-230-01408,BIHAR,Patna,Masaurhi,0,0,,212,10,1408,,108866.13277400887,248716954.87290823,0.0001083726815032959,0.0001021505357240827,178,0.01818279535888672
10-230-01409,BIHAR,Patna,Dhanarua,0,0,,212,10,1409,,95102.40821522896,225577653.19725513,0.0001083726815032959,7.765010445741058e-05,163,0.012656967026557924
10-230-01410,BIHAR,Patna,Punpun,0,0,,212,10,1410,,82554.93388622913,161116560.78819045,8.991364902496339e-05,6.0958406118619245e-05,118,0.007193091921997071
10-230-01411,BIHAR,Patna,Fatwah,0,0,,212,10,1411,,97950.27190535897,155697451.47083917,0.0,0.0,115,0.0
10-230-01412,BIHAR,Patna,Daniawan,0,0,,212,10,1412,,69689.77872311571,79566220.36857046,0.0,0.0,56,0.0
10-230-01414,BIHAR,Patna,Bakhtiarpur,0,0,,212,10,1414,,120205.01587822943,168153072.20481881,0.0,0.0,120,0.0
10-230-01416,BIHAR,Patna,Belchhi,0,0,,212,10,1416,,88573.78025963024,87443681.0926542,0.0,0.0,70,0.0
10-230-01417,BIHAR,Patna,Barh,0,0,,212,10,1417,,95365.9771693495,147280816.515725,0.0,0.0,104,0.0
10-230-01419,BIHAR,Patna,Ghoswari,0,0,,212,10,1419,,66454.95033385535,164897376.1169027,0.0,0.0,126,0.0
10-230-01418,BIHAR,Patna,Pandarak,0,0,,212,10,1418,,106894.44852036482,252509471.6555304,0.0,0.0,180,0.0
10-232-01438,BIHAR,Buxar,Chaugain,0,0,,194,10,1438,,52625.33924401454,66025696.44875917,0.0002756271060180664,0.0002756271060180664,49,0.013505728194885255
10-232-01439,BIHAR,Buxar,Kesath,0,0,,194,10,1439,,34661.84662025829,38236018.49691825,0.0002756271060180664,0.0002756271060180664,29,0.007993186074523926
10-230-01420,BIHAR,Patna,Mokameh,0,0,,212,10,1420,,127700.39840194934,244519830.48183808,0.0,0.0,181,0.0
10-231-01421,BIHAR,Bhojpur,Shahpur,0,0,,193,10,1421,,110658.91431619873,211766871.4500774,0.00029235016210556034,0.00023307536147924577,156,0.03635975639076234
10-234-01460,BIHAR,Rohtas,Suryapura,0,0,,215,10,1460,,56159.7630280001,69765063.31452103,0.000239609241104126,0.00023960924110412598,47,0.011261634331893922
10-231-01422,BIHAR,Bhojpur,Arrah,0,0,,193,10,1422,,120924.06747051864,221925641.7145924,0.00024335071487426762,0.00014313052794882338,159,0.022757753943862917
10-231-01423,BIHAR,Bhojpur,Barhara,0,0,,193,10,1423,,128817.96875565937,258494738.36324885,0.00024335071487426762,0.00022515951047567804,191,0.0430054665008545
10-231-01424,BIHAR,Bhojpur,Koilwar,0,0,,193,10,1424,,94779.33453556667,208456312.66749656,0.0002168276611328125,0.00013592726254764022,149,0.020253162119598392
10-231-01425,BIHAR,Bhojpur,Sandesh,0,0,,193,10,1425,,60697.76797134289,164599530.19806212,0.00014500546199798585,0.00011856071268307963,118,0.013990164096603397
10-231-01426,BIHAR,Bhojpur,Udwant Nagar,0,0,,193,10,1426,,92445.60417460876,217797556.82002312,0.000126787977104187,0.00012162531601686657,161,0.019581675878715517
10-234-01461,BIHAR,Rohtas,Bikramganj,0,0,,215,10,1461,,88556.32896667719,168723569.68103397,0.000239609241104126,0.00023960924110412603,129,0.030909592102432257
10-231-01427,BIHAR,Bhojpur,Behea,0,0,,193,10,1427,,114516.77527652554,206091349.70539597,0.00029235016210556034,0.000176089953374354,150,0.026413493006153102
10-231-01428,BIHAR,Bhojpur,Jagdishpur,0,0,,193,10,1428,,109726.00219208181,318463526.4488765,0.0002756271060180664,0.00014180245063497308,228,0.03233095874477386
10-231-01429,BIHAR,Bhojpur,Piro,0,0,,193,10,1429,,100703.96274410955,268205354.86689487,0.0002756271060180664,0.00022786463322410584,200,0.04557292664482117
10-234-01462,BIHAR,Rohtas,Karakat,0,0,,215,10,1462,,102232.22868007293,251121712.10833624,0.0002871936619567871,0.0002465091534075954,176,0.043385610999736784
10-231-01430,BIHAR,Bhojpur,Charpokhari,0,0,,193,10,1430,,88834.1327790213,135855258.49695313,0.00021292417243957523,0.0001875366622354608,95,0.017815982912368775
10-231-01431,BIHAR,Bhojpur,Garhani,0,0,,193,10,1431,,93054.52180151101,137128723.85739592,0.00021292417243957523,0.0001368232619976303,103,0.01409279598575592
10-231-01432,BIHAR,Bhojpur,Agiaon,0,0,,193,10,1432,,87534.07309197474,191419206.17039648,0.00021292417243957523,0.00016515782080616024,139,0.022956937092056273
10-231-01433,BIHAR,Bhojpur,Tarari,0,0,,193,10,1433,,95157.98131215997,247108515.4982669,0.000239609241104126,0.00021578867133576992,177,0.038194594826431276
10-231-01434,BIHAR,Bhojpur,Sahar,0,0,,193,10,1434,,61748.81499939302,157154129.14318892,0.00021292417243957523,0.0002018946382653,117,0.0236216726770401
10-232-01435,BIHAR,Buxar,Simri,0,0,,194,10,1435,,87047.69219699135,222195796.247413,0.00029235016210556034,0.0002682114554345317,164,0.0439866786912632
10-232-01436,BIHAR,Buxar,Chakki,0,0,,194,10,1436,,73799.54032015939,80420668.23199363,0.00029235016210556034,0.0002897371845918894,64,0.01854317981388092
10-232-01437,BIHAR,Buxar,Barhampur,0,0,,194,10,1437,,133928.15369382405,240152233.65370417,0.00029235016210556034,0.0002784371542699075,173,0.048169627688694
10-232-01440,BIHAR,Buxar,Dumraon,0,0,,194,10,1440,,115797.88145848007,238641355.07175583,0.0002756271060180664,0.00024241622584568676,169,0.040968342167921064
10-232-01441,BIHAR,Buxar,Buxar,0,0,,194,10,1441,,90996.21871903203,211591033.38394436,0.0002461232623100281,0.00016711449761870557,157,0.026236976126136777
10-232-01442,BIHAR,Buxar,Chausa,0,0,,194,10,1442,,99103.08457070828,138502720.57991108,0.00028145246103286744,0.00018836422426437663,107,0.0201549719962883
10-232-01443,BIHAR,Buxar,Rajpur,0,0,,194,10,1443,,121142.9666413415,336933113.12217736,0.000335310340385437,0.00028867245473398486,245,0.07072475140982629
10-232-01444,BIHAR,Buxar,Itarhi,0,0,,194,10,1444,,109439.3274763228,293713382.2816445,0.000335310340385437,0.00016719962396863545,209,0.03494472140944481
10-232-01445,BIHAR,Buxar,Nawanagar,0,0,,194,10,1445,,126567.10382889764,229774401.79100823,0.000335310340385437,0.0002655410350225663,169,0.044876434918813705
10-233-01446,BIHAR,Kaimur (Bhabua),Ramgarh,0,0,,200,10,1446,,124781.0721120257,206666195.02442607,0.00028145246103286744,0.00024011487353697516,151,0.03625734590408325
10-233-01447,BIHAR,Kaimur (Bhabua),Nuaon,0,0,,200,10,1447,,121732.74643995032,235834986.4758632,0.000335310340385437,0.0002763344867919342,171,0.04725319724142075
10-233-01448,BIHAR,Kaimur (Bhabua),Kudra,0,0,,200,10,1448,,132624.50147962422,255577893.54332253,0.00028145246103286744,0.00027626888643173946,189,0.052214819535598755
10-233-01449,BIHAR,Kaimur (Bhabua),Mohania,0,0,,200,10,1449,,142323.6809133636,349176573.6513165,0.00028145246103286744,0.0002475592968377471,256,0.06337517999046326
10-233-01450,BIHAR,Kaimur (Bhabua),Durgawati,0,0,,200,10,1450,,108544.41183902678,212580801.4059764,0.00014864446716308593,0.00014864446716308593,154,0.022891247943115235
10-233-01451,BIHAR,Kaimur (Bhabua),Chand,0,0,,200,10,1451,,97099.60209928264,257974481.1925409,0.00016201381591796876,0.00015076757264350323,188,0.028344303656978608
10-233-01452,BIHAR,Kaimur (Bhabua),Chainpur,0,0,,200,10,1452,,170712.34536647963,555311526.8488017,0.00018807860717773438,0.0001666739006791361,407,0.0678362775764084
10-233-01453,BIHAR,Kaimur (Bhabua),Bhabua,0,0,,200,10,1453,,143727.89821118704,407618990.38615096,0.00028145246103286744,0.0002192104669140027,301,0.06598235054111481
10-233-01454,BIHAR,Kaimur (Bhabua),Rampur,0,0,,200,10,1454,,126612.15498309073,210660395.23746365,0.0002726263745498657,0.0002519150837751043,149,0.03753534748249054
10-233-01455,BIHAR,Kaimur (Bhabua),Bhagwanpur,0,0,,200,10,1455,,134815.05705103654,292151198.96788174,0.0002726263745498657,0.00019260600168092556,211,0.04063986635467529
10-233-01456,BIHAR,Kaimur (Bhabua),Adhaura,0,0,,200,10,1456,,271357.2345421078,1135984955.9859164,0.0002726263745498657,0.00018463726124679912,833,0.15380283861858368
10-234-01457,BIHAR,Rohtas,Kochas,0,0,,215,10,1457,,90248.48407846906,187033418.62218276,0.000335310340385437,0.0003185817566471389,132,0.042052791877422335
10-234-01458,BIHAR,Rohtas,Dinara,0,0,,215,10,1458,,157118.7651045217,464648316.8452498,0.000335310340385437,0.00031285846958630247,341,0.10668473812892915
10-234-01459,BIHAR,Rohtas,Dawath,0,0,,215,10,1459,,78120.6651060775,129910427.66035384,0.000239609241104126,0.00023960924110412598,94,0.022523268663787843
10-234-01466,BIHAR,Rohtas,Nokha,0,0,,215,10,1466,,82152.91978314315,208772248.59610957,0.000335310340385437,0.00031962644345244853,148,0.047304713630962385
10-235-01476,BIHAR,Aurangabad,Daudnagar,0,0,,189,10,1476,,91010.07504965532,238139281.75712803,0.0002871936619567871,0.0002751067600776409,174,0.04786857625350952
10-234-01467,BIHAR,Rohtas,Kargahar,0,0,,215,10,1467,,128509.87472624176,406135690.59563094,0.000335310340385437,0.00031664268501848785,296,0.0937262347654724
10-234-01468,BIHAR,Rohtas,Chenari,0,0,,215,10,1468,,121720.69626398994,292642418.8385522,0.00032782701020240787,0.0002411860164117592,215,0.05185499352852822
10-234-01469,BIHAR,Rohtas,Nauhatta,0,0,,215,10,1469,,175494.75594492842,478591449.404211,0.00020833507610321046,0.00016358834587083698,354,0.05791027443827629
10-234-01470,BIHAR,Rohtas,Sheosagar,0,0,,215,10,1470,,135463.8765525897,406503956.12222886,0.00032782701020240787,0.0003020728673368551,295,0.08911149586437225
10-234-01471,BIHAR,Rohtas,Sasaram,0,0,,215,10,1471,,135810.11950728856,394273130.8742507,0.00032782701020240787,0.00032194332549341796,290,0.09336356439309121
10-234-01473,BIHAR,Rohtas,Dehri,0,0,,215,10,1473,,97323.52013589225,199371136.99043605,0.0003383081151580811,0.00030026816362453327,145,0.04353888372555732
10-235-01477,BIHAR,Aurangabad,Haspura,0,0,,189,10,1477,,88845.10694940752,164519986.5205008,0.0003126672786808014,0.00027400709112025494,121,0.03315485802555085
10-235-01478,BIHAR,Aurangabad,Goh,0,0,,189,10,1478,,122286.20877621078,374665187.3660463,0.0003126672786808014,0.0003016836193627469,272,0.08205794446666717
10-236-01491,BIHAR,Gaya,Neem Chak Bathani,0,0,,196,10,1491,,79540.44278654993,146770773.7769567,0.00017017141204833986,0.00017017141204833986,103,0.017527655440979006
10-235-01479,BIHAR,Aurangabad,Rafiganj,0,0,,189,10,1479,,167069.30684925965,465687847.79432577,0.0003126672786808014,0.0002220264649966735,341,0.07571102456386566
10-235-01480,BIHAR,Aurangabad,Obra,0,0,,189,10,1480,,130720.05569071589,327203821.09876627,0.0003383081151580811,0.00027605072229047365,237,0.06542402118284225
10-236-01494,BIHAR,Gaya,Manpur,0,0,,196,10,1494,,77081.78707553667,161226183.41058797,0.00018558281078338623,0.00017770212054874586,115,0.020435743863105774
10-235-01481,BIHAR,Aurangabad,Aurangabad,0,0,,189,10,1481,,125502.68609205673,344679798.38062614,0.0003383081151580811,0.00023803791878879068,256,0.060937707209930414
10-237-01511,BIHAR,Nawada,Nardiganj,0,0,,210,10,1511,,60262.24041371029,129808165.4472442,1.108657871246338e-05,1.1086578712463378e-05,95,0.001053224977684021
10-235-01482,BIHAR,Aurangabad,Barun,0,0,,189,10,1482,,117269.30390529483,381782699.30215496,0.0003383081151580811,0.0003218784694862366,280,0.09012597145614626
10-235-01483,BIHAR,Aurangabad,Nabinagar,0,0,,189,10,1483,,173491.30877801325,657546828.2218357,0.0003383081151580811,0.0002749229358787221,483,0.13278777802942276
10-235-01484,BIHAR,Aurangabad,Kutumba,0,0,,189,10,1484,,110495.73757590447,319048251.76106954,0.0003383081151580811,0.00025657024696983105,229,0.058754586556091316
10-235-01485,BIHAR,Aurangabad,Deo,0,0,,189,10,1485,,158578.88849021672,336990745.1586724,0.0003383081151580811,0.00020681133079817574,251,0.05190964403034211
10-235-01486,BIHAR,Aurangabad,Madanpur,0,0,,189,10,1486,,153529.37367368402,418713952.50229967,0.0002086658410644531,0.00019373628266133923,309,0.05986451134235382
10-236-01487,BIHAR,Gaya,Konch,0,0,,196,10,1487,,154041.56172387034,319288521.7326548,0.0003126672786808014,0.00028162714182771483,232,0.06533749690402985
10-236-01488,BIHAR,Gaya,Tikari,0,0,,196,10,1488,,122221.36853604284,290576655.12704176,0.0003126672786808014,0.0002647947072893108,218,0.057725246189069754
10-236-01489,BIHAR,Gaya,Belaganj,0,0,,196,10,1489,,113473.13279109563,240372540.95814112,0.00018558281078338623,0.00018558281078338626,180,0.033404905941009526
10-236-01490,BIHAR,Gaya,Khizirsarai,0,0,,196,10,1490,,103698.13096672995,223124430.97950032,0.00018558281078338623,0.00017791734954464077,165,0.029356362674865726
10-236-01492,BIHAR,Gaya,Muhra,0,0,,196,10,1492,,93681.45756176667,181269438.2139707,0.00022528624908447266,0.00017684571613881128,134,0.023697325962600713
10-236-01493,BIHAR,Gaya,Atri,0,0,,196,10,1493,,103075.15367958385,161340647.62451813,0.00022528624908447266,0.00017992145376670264,119,0.021410652998237613
10-236-01495,BIHAR,Gaya,Gaya Town C.D.Block,0,0,,196,10,1495,,91678.58033080616,224144813.6021213,0.00018558281078338623,0.00017852089356013712,161,0.028741863863182074
10-236-01496,BIHAR,Gaya,Paraiya,0,0,,196,10,1496,,75593.31264449215,167300846.5298876,0.00020676563529968263,0.0001940162198575338,120,0.023281946382904057
10-236-01497,BIHAR,Gaya,Guraru,0,0,,196,10,1497,,81292.54933661391,199646285.7542363,0.00020676563529968263,0.00020676563529968263,147,0.030394548389053345
10-237-01512,BIHAR,Nawada,Nawada,0,0,,210,10,1512,,86822.75137888109,219317998.1072041,0.00017730685606956483,2.061512964376219e-05,157,0.0032365753540706636
10-236-01498,BIHAR,Gaya,Gurua,0,0,,196,10,1498,,117859.62964526065,238015237.1519128,0.00020676563529968263,0.00020382674439380628,173,0.035262026780128485
10-236-01499,BIHAR,Gaya,Amas,0,0,,196,10,1499,,100546.69423332924,128484051.44985774,0.0002086658410644531,0.00018779739529499259,95,0.017840752553024294
10-237-01517,BIHAR,Nawada,Roh,0,0,,210,10,1517,,77804.52626079548,192537548.9783989,0.0002849882972717285,0.00020824195104539395,144,0.02998684095053673
10-236-01500,BIHAR,Gaya,Banke Bazar,0,0,,196,10,1500,,85166.97220092022,256240042.68049288,0.00018680703535079956,0.00017893117771394793,186,0.03328119905479431
10-236-01501,BIHAR,Gaya,Imamganj,0,0,,196,10,1501,,136271.57775821586,316917295.57645696,0.00018680703535079956,0.00015604227570609568,239,0.03729410389375687
10-236-01502,BIHAR,Gaya,Dumaria,0,0,,196,10,1502,,119690.94596035974,390676703.928496,0.00017554314285278321,0.0001603816098842956,285,0.04570875881702424
10-236-01503,BIHAR,Gaya,Sherghati,0,0,,196,10,1503,,100322.2973073121,167902109.12194017,0.00020676563529968263,0.00018950028760103676,123,0.02330853537492752
10-238-01531,BIHAR,Jamui,Gidhaur,0,0,,198,10,1531,,55211.5633940527,100392309.18230554,0.000165233692817688,0.0001193899030128479,75,0.008954242725963592
10-236-01504,BIHAR,Gaya,Dobhi,0,0,,196,10,1504,,103572.88994215836,218837778.49499393,0.00019682679649353027,0.00019502199479701354,161,0.03139854116231918
10-236-01505,BIHAR,Gaya,Bodh Gaya,0,0,,196,10,1505,,120948.91182130505,306843965.9119923,0.00020676563529968263,0.00017920920452797932,230,0.04121811704143524
10-236-01506,BIHAR,Gaya,Tan Kuppa,0,0,,196,10,1506,,108147.94853451202,190099968.23000297,0.00022528624908447266,0.00020661522225750025,134,0.027686439782505033
10-240-01542,BIHAR,Arwal,Arwal,0,0,,611,10,1542,,73924.8054791393,147787869.27798152,0.00021292417243957523,0.00016263820413185999,104,0.01691437322971344
10-236-01507,BIHAR,Gaya,Wazirganj,0,0,,196,10,1507,,105472.06999302967,323030583.61833626,0.00022528624908447266,0.00022102019325272507,236,0.052160765607643114
10-236-01508,BIHAR,Gaya,Fatehpur,0,0,,196,10,1508,,155359.44599717355,408449805.62920874,0.00022528624908447266,0.00020557392521431566,304,0.062494473265151965
10-240-01543,BIHAR,Arwal,Kaler,0,0,,611,10,1543,,67777.19153730445,176075758.749563,0.00027335734006881713,0.00022307325402616546,131,0.029222596277427675
10-236-01509,BIHAR,Gaya,Mohanpur,0,0,,196,10,1509,,119906.24818546322,418796109.2883684,0.00019682679649353027,0.00019358094644722764,303,0.05865502677350998
10-240-01544,BIHAR,Arwal,Karpi,0,0,,611,10,1544,,158139.92638461498,234985661.7206014,0.0003126672786808014,0.00016771125022738479,172,0.02884633503911018
10-236-01510,BIHAR,Gaya,Barachatti,0,0,,196,10,1510,,138753.78132836288,366328956.31361085,0.00019682679649353027,0.00019652292486655495,275,0.05404380433830261
10-237-01513,BIHAR,Nawada,Warisaliganj,0,0,,210,10,1513,,109792.76918459819,202861050.3008767,1.7415268020629885e-05,1.5047391068594798e-05,147,0.0022119664870834353
10-237-01514,BIHAR,Nawada,Kashi Chak,0,0,,210,10,1514,,73948.94452619922,98983451.20841853,1.7415268020629885e-05,1.7415268020629882e-05,72,0.0012538992974853516
10-237-01515,BIHAR,Nawada,Pakribarawan,0,0,,210,10,1515,,104545.76938151139,251834567.85717744,1.7415268020629885e-05,1.7415268020629885e-05,184,0.003204409315795899
10-237-01516,BIHAR,Nawada,Kawakol,0,0,,210,10,1516,,121170.20018263235,362955647.76482904,0.0002849882972717285,0.0002044005609909574,266,0.05437054922359467
10-237-01518,BIHAR,Nawada,Gobindpur,0,0,,210,10,1518,,73133.35659787485,188189390.13263756,0.0002849882972717285,0.0002557604775168555,140,0.03580646685235977
10-237-01519,BIHAR,Nawada,Akbarpur,0,0,,210,10,1519,,91268.2921062847,249541236.96202633,0.00017730685606956483,0.0001773068560695648,184,0.03262446151679992
10-237-01520,BIHAR,Nawada,Hisua,0,0,,210,10,1520,,85113.4923130193,144090762.99664384,0.00022528624908447266,0.00016594009472672757,104,0.017257769851579667
10-237-01521,BIHAR,Nawada,Narhat,0,0,,210,10,1521,,62856.50481924386,99624005.77002536,0.00017730685606956483,0.00017730685606956483,69,0.012234173068799974
10-237-01522,BIHAR,Nawada,Meskaur,0,0,,210,10,1522,,75185.00287586387,145604023.18435815,0.00022528624908447266,0.00021157785108021323,112,0.023696719320983883
10-237-01523,BIHAR,Nawada,Sirdala,0,0,,210,10,1523,,111278.51695598938,301894539.186342,0.00022528624908447266,0.00019144394708261575,218,0.04173478046401023
10-237-01524,BIHAR,Nawada,Rajauli,0,0,,210,10,1524,,132370.86211000624,450216393.36794454,0.0002849882972717285,0.00018663100761310476,333,0.062148125535163884
10-238-01525,BIHAR,Jamui,Islamnagar Aliganj,0,0,,198,10,1525,,96153.77396855215,213408239.47295904,0.00020406135112762454,2.3257943981610813e-05,156,0.003628239261131287
10-238-01526,BIHAR,Jamui,Sikandra,0,0,,198,10,1526,,86788.2538333537,223096734.30010977,0.00020406135112762454,2.5495972806200567e-05,162,0.004130347594604492
10-238-01527,BIHAR,Jamui,Jamui,0,0,,198,10,1527,,90084.78430112793,212157753.6648698,8.13731017112732e-05,8.0526495864499e-05,155,0.012481606858997346
10-238-01528,BIHAR,Jamui,Barhat,0,0,,198,10,1528,,114104.37581341481,270298087.1382075,8.13731017112732e-05,6.774207452105993e-05,197,0.013345188680648806
10-238-01529,BIHAR,Jamui,Lakshmipur,0,0,,198,10,1529,,112147.89260238525,307635253.00857943,8.13731017112732e-05,2.1699493789672854e-05,225,0.004882386102676392
10-238-01530,BIHAR,Jamui,Jhajha,0,0,,198,10,1530,,147664.43327942316,507112726.974952,0.000165233692817688,0.00015149636764418114,370,0.05605365602834702
10-238-01532,BIHAR,Jamui,Khaira,0,0,,198,10,1532,,142747.05687020053,513762691.7981683,0.00020406135112762454,0.00016982382372175667,377,0.06402358154310227
10-238-01533,BIHAR,Jamui,Sono,0,0,,198,10,1533,,117724.39892386932,474283005.7300444,0.000165233692817688,0.00016428870079543328,349,0.057336756577606215
10-238-01534,BIHAR,Jamui,Chakai,0,0,,198,10,1534,,243956.2217086091,956725034.6798706,0.00020406135112762454,0.0001535246626879011,700,0.10746726388153077
10-239-01535,BIHAR,Jehanabad,Ratni Faridpur,0,0,,199,10,1535,,82762.53932271499,155018952.20303965,0.0003126672786808014,0.00015189158865543836,114,0.017315641106719973
10-239-01536,BIHAR,Jehanabad,Jehanabad,0,0,,199,10,1536,,97254.09844747804,201426556.69272655,0.0001083726815032959,0.00010837268150329589,148,0.016039156862487792
10-239-01537,BIHAR,Jehanabad,Kako,0,0,,199,10,1537,,83599.3529020472,162373941.78194478,0.0001083726815032959,0.00010837268150329589,118,0.012787976417388915
10-239-01538,BIHAR,Jehanabad,Modanganj,0,0,,199,10,1538,,66522.90037500951,97205276.85869928,0.0001083726815032959,9.269126470151155e-05,69,0.006395697264404297
10-239-01539,BIHAR,Jehanabad,Ghoshi,0,0,,199,10,1539,,82931.95174196921,112225161.55433495,0.00018558281078338623,0.00013594195865998786,83,0.011283182568778992
10-239-01540,BIHAR,Jehanabad,Makhdumpur,0,0,,199,10,1540,,128831.72570768485,301471679.33572614,0.00018558281078338623,0.00017704344164641773,217,0.038418426837272646
10-239-01541,BIHAR,Jehanabad,Hulasganj,0,0,,199,10,1541,,87179.53907708311,119677697.18988888,0.00018558281078338623,0.00015062457388348048,90,0.013556211649513244
10-240-01545,BIHAR,Arwal,Sonbhadra Banshi Suryapur,0,0,,611,10,1545,,62692.97791397586,116643000.97724338,0.0003126672786808014,0.00027226684092590607,83,0.022598147796850203
10-240-01546,BIHAR,Arwal,Kurtha,0,0,,611,10,1546,,71585.17106640573,106433073.5354984,0.0003126672786808014,0.00023098588080968616,78,0.01801689870315552
10-224-01334,BIHAR,Bhagalpur,Gopalpur,0,0,,192,10,1334,,95407.9186210158,208941966.91883087,0.0,0.0,153,0.0
10-210-01127,BIHAR,Kishanganj,Kishanganj,0,0,,203,10,1127,,125268.33771117091,207105687.55921903,0.0,0.0,152,0.0
10-206-01064,BIHAR,Sitamarhi,Suppi,0,0,,221,10,1064,,71084.15120823232,92250451.53846286,0.0,0.0,66,0.0
10-234-01463,BIHAR,Rohtas,Nasriganj,0,0,,215,10,1463,,90034.07903274363,167356919.18355417,0.00016421005095481874,8.427430451544506e-05,126,0.010618562368946077
10-234-01464,BIHAR,Rohtas,Rajpur,0,0,,215,10,1464,,68660.48684625747,85633596.4997788,8.095057567596437e-05,8.095057567596437e-05,63,0.005099886267585755
10-234-01465,BIHAR,Rohtas,Sanjhauli,0,0,,215,10,1465,,56591.722358052,83833486.39015438,0.00015863987725257876,0.00014384191504750936,63,0.00906204064799309
10-203-01023,BIHAR,Pashchim Champaran,Thakrahan,0,0,,211,10,1023,,79847.09402015881,199004696.79409248,0.0,0.0,145,0.0
10-204-01054,BIHAR,Purbi Champaran,Phenhara,0,0,,213,10,1054,,44565.43736457999,67645025.94776015,0.0,0.0,51,0.0
10-219-01262,BIHAR,Saran,Maker,0,0,,218,10,1262,,62357.8736467211,96585777.9808088,0.0,0.0,71,0.0
10-220-01282,BIHAR,Vaishali,Sahdai Buzurg,0,0,,224,10,1282,,74546.65030748869,114161677.3631406,0.0,0.0,84,0.0
10-229-01388,BIHAR,Nalanda,Tharthari,0,0,,209,10,1388,,71853.42144919158,77411758.12428828,4.564477749824524e-05,4.127555325190227e-05,54,0.0022288798756027227
10-229-01389,BIHAR,Nalanda,Parbalpur,0,0,,209,10,1389,,54466.2339431045,76043839.88376136,4.564477749824524e-05,4.4672505069800777e-05,56,0.0025016602839088437
10-203-01022,BIHAR,Pashchim Champaran,Bhitaha,0,0,,211,10,1022,,72626.86760213553,166969906.7472905,0.0,0.0,117,0.0
10-203-01013,BIHAR,Pashchim Champaran,Sidhaw,0,0,,211,10,1013,,195582.3602130639,1085337194.6715722,0.0,0.0,781,0.0
10-203-01014,BIHAR,Pashchim Champaran,Ramnagar,0,0,,211,10,1014,,230865.78384139363,866139404.2451236,0.0,0.0,621,0.0
10-203-01015,BIHAR,Pashchim Champaran,Gaunaha,0,0,,211,10,1015,,136504.94021895694,605322845.3823951,0.0,0.0,441,0.0
10-203-01016,BIHAR,Pashchim Champaran,Mainatanr,0,0,,211,10,1016,,115419.13930249632,312998546.4010918,0.0,0.0,221,0.0
10-203-01017,BIHAR,Pashchim Champaran,Narkatiaganj,0,0,,211,10,1017,,149144.20649331805,441857686.2127825,0.0,0.0,314,0.0
10-203-01018,BIHAR,Pashchim Champaran,Lauriya,0,0,,211,10,1018,,120853.32018665274,255440417.54612216,0.0,0.0,183,0.0
10-203-01019,BIHAR,Pashchim Champaran,Bagaha,0,0,,211,10,1019,,135587.24079810514,491292931.53180623,0.0,0.0,352,0.0
10-203-01021,BIHAR,Pashchim Champaran,Madhubani,0,0,,211,10,1021,,144670.82201821523,386116138.1353823,0.0,0.0,276,0.0
10-203-01024,BIHAR,Pashchim Champaran,Jogapatti,0,0,,211,10,1024,,88530.23644360513,258722436.3759333,0.0,0.0,186,0.0
10-203-01029,BIHAR,Pashchim Champaran,Bairia,0,0,,211,10,1029,,105039.82861382668,288505226.87341565,0.0,0.0,208,0.0
10-203-01025,BIHAR,Pashchim Champaran,Chanpatia,0,0,,211,10,1025,,113543.7602983494,310017349.34780717,0.0,0.0,226,0.0
10-206-01071,BIHAR,Sitamarhi,Parsauni,0,0,,221,10,1071,,63729.135625112256,74724139.64418457,0.0,0.0,55,0.0
10-203-01026,BIHAR,Pashchim Champaran,Sikta,0,0,,211,10,1026,,93443.22825707054,255004178.86147365,0.0,0.0,183,0.0
10-203-01027,BIHAR,Pashchim Champaran,Majhaulia,0,0,,211,10,1027,,123374.4030721297,371511179.15939575,0.0,0.0,265,0.0
10-203-01028,BIHAR,Pashchim Champaran,Bettiah,0,0,,211,10,1028,,53968.26030594324,83182055.35378212,0.0,0.0,59,0.0
10-203-01030,BIHAR,Pashchim Champaran,Nautan,0,0,,211,10,1030,,122656.63983711715,245738630.13883996,0.0,0.0,171,0.0
10-204-01031,BIHAR,Purbi Champaran,Raxaul,0,0,,213,10,1031,,98709.78801801558,166685360.13968688,0.0,0.0,124,0.0
10-206-01072,BIHAR,Sitamarhi,Belsand,0,0,,221,10,1072,,66235.5873217276,97354060.86547032,0.0,0.0,70,0.0
10-206-01073,BIHAR,Sitamarhi,Runisaidpur,0,0,,221,10,1073,,152472.54206325076,334873257.0825382,0.0,0.0,243,0.0
10-204-01032,BIHAR,Purbi Champaran,Adapur,0,0,,213,10,1032,,94532.37688292323,199608924.7111849,0.0,0.0,148,0.0
10-206-01074,BIHAR,Sitamarhi,Dumra,0,0,,221,10,1074,,111649.34177378344,241159212.36062923,0.0,0.0,178,0.0
10-204-01033,BIHAR,Purbi Champaran,Ramgarhwa,0,0,,213,10,1033,,90718.26831189607,213035907.5226096,0.0,0.0,154,0.0
10-204-01034,BIHAR,Purbi Champaran,Sugauli,0,0,,213,10,1034,,84892.41923436844,209336830.19001696,0.0,0.0,149,0.0
10-204-01038,BIHAR,Purbi Champaran,Ghorasahan,0,0,,213,10,1038,,75335.10865687576,144368243.47105,0.0,0.0,104,0.0
10-204-01035,BIHAR,Purbi Champaran,Banjaria,0,0,,213,10,1035,,102381.40449613356,176960195.87167916,0.0,0.0,124,0.0
10-204-01047,BIHAR,Purbi Champaran,Kesaria,0,0,,213,10,1047,,87546.8206889307,229535442.11688668,0.0,0.0,168,0.0
10-204-01036,BIHAR,Purbi Champaran,Narkatia,0,0,,213,10,1036,,105607.09704406632,168338010.30978012,0.0,0.0,120,0.0
10-204-01037,BIHAR,Purbi Champaran,Bankatwa,0,0,,213,10,1037,,99233.37216886049,115311013.90225838,0.0,0.0,82,0.0
10-204-01039,BIHAR,Purbi Champaran,Dhaka,0,0,,213,10,1039,,97673.73467814895,202386545.86227983,0.0,0.0,145,0.0
10-204-01048,BIHAR,Purbi Champaran,Kalyanpur,0,0,,213,10,1048,,109413.20044555076,313300912.50613195,0.0,0.0,230,0.0
10-204-01040,BIHAR,Purbi Champaran,Chiraia,0,0,,213,10,1040,,110764.71696779084,272984575.32652414,0.0,0.0,199,0.0
10-204-01041,BIHAR,Purbi Champaran,Motihari,0,0,,213,10,1041,,181544.26702654368,319814691.13850176,0.0,0.0,241,0.0
10-204-01049,BIHAR,Purbi Champaran,Kotwa,0,0,,213,10,1049,,78879.98205471091,178282937.71225017,0.0,0.0,126,0.0
10-204-01042,BIHAR,Purbi Champaran,Turkaulia,0,0,,213,10,1042,,99475.78497366334,174748315.94966665,0.0,0.0,130,0.0
10-204-01050,BIHAR,Purbi Champaran,Piprakothi,0,0,,213,10,1050,,58369.33889310607,62223774.49301849,0.0,0.0,45,0.0
10-204-01043,BIHAR,Purbi Champaran,Harsidhi,0,0,,213,10,1043,,133904.34238337883,240218359.62130272,0.0,0.0,173,0.0
10-204-01044,BIHAR,Purbi Champaran,Paharpur,0,0,,213,10,1044,,108730.62076802726,192061375.0173064,0.0,0.0,144,0.0
10-204-01045,BIHAR,Purbi Champaran,Areraj,0,0,,213,10,1045,,93331.67353690567,242725576.26244012,0.0,0.0,174,0.0
10-204-01046,BIHAR,Purbi Champaran,Sangrampur,0,0,,213,10,1046,,78133.67961210197,187659878.02718252,0.0,0.0,133,0.0
10-204-01051,BIHAR,Purbi Champaran,Chakia(Pipra),0,0,,213,10,1051,,129110.66914194856,212940547.80779588,0.0,0.0,145,0.0
10-204-01052,BIHAR,Purbi Champaran,Pakri Dayal,0,0,,213,10,1052,,90143.40730437863,148110040.62869397,0.0,0.0,106,0.0
10-204-01053,BIHAR,Purbi Champaran,Patahi,0,0,,213,10,1053,,85994.51677214028,144960443.14880535,0.0,0.0,100,0.0
10-204-01055,BIHAR,Purbi Champaran,Madhuban,0,0,,213,10,1055,,112681.00006095257,152424272.44650427,0.0,0.0,114,0.0
10-204-01056,BIHAR,Purbi Champaran,Tetaria,0,0,,213,10,1056,,82320.72754353678,104458405.63845472,0.0,0.0,74,0.0
10-205-01058,BIHAR,Sheohar,Purnahiya,0,0,,220,10,1058,,57294.126150412616,80859097.14068061,0.0,0.0,59,0.0
10-204-01057,BIHAR,Purbi Champaran,Mehsi,0,0,,213,10,1057,,125063.78039343117,149773808.08158112,0.0,0.0,108,0.0
10-205-01059,BIHAR,Sheohar,Piprarhi,0,0,,220,10,1059,,105870.45511307275,104265216.9562483,0.0,0.0,77,0.0
10-205-01060,BIHAR,Sheohar,Sheohar,0,0,,220,10,1060,,81007.5322908237,115638983.35873616,0.0,0.0,83,0.0
10-205-01061,BIHAR,Sheohar,Dumri Katsari,0,0,,220,10,1061,,65038.65439014734,84655470.24819931,0.0,0.0,59,0.0
10-205-01062,BIHAR,Sheohar,Tariani Chowk,0,0,,220,10,1062,,97491.22869259815,171878914.60720828,0.0,0.0,126,0.0
10-206-01063,BIHAR,Sitamarhi,Bairgania,0,0,,221,10,1063,,59598.621146511534,94417571.99630062,0.0,0.0,70,0.0
10-206-01065,BIHAR,Sitamarhi,Majorganj,0,0,,221,10,1065,,62808.55729710282,95411217.42446172,0.0,0.0,68,0.0
10-206-01066,BIHAR,Sitamarhi,Sonbarsa,0,0,,221,10,1066,,92820.94699371175,224104085.6083578,0.0,0.0,155,0.0
10-206-01067,BIHAR,Sitamarhi,Parihar,0,0,,221,10,1067,,86838.20299610356,272812569.4060281,0.0,0.0,197,0.0
10-207-01095,BIHAR,Madhubani,Rajnagar,0,0,,206,10,1095,,78809.12744912357,223111125.2667772,0.0,0.0,158,0.0
10-206-01068,BIHAR,Sitamarhi,Sursand,0,0,,221,10,1068,,91215.71647520129,181412871.1123928,0.0,0.0,134,0.0
10-206-01069,BIHAR,Sitamarhi,Bathnaha,0,0,,221,10,1069,,120764.04051803834,251403523.12922087,0.0,0.0,185,0.0
10-206-01070,BIHAR,Sitamarhi,Riga,0,0,,221,10,1070,,129433.73210860479,163724219.02092636,0.0,0.0,114,0.0
10-210-01123,BIHAR,Kishanganj,Thakurganj,0,0,,203,10,1123,,224971.2940646554,491161543.46963537,0.0,0.0,353,0.0
10-210-01124,BIHAR,Kishanganj,Pothia,0,0,,203,10,1124,,167388.9118766352,443844792.4531903,0.0,0.0,321,0.0
10-210-01125,BIHAR,Kishanganj,Bahadurganj,0,0,,203,10,1125,,155296.13881782343,347494200.8377232,0.0,0.0,251,0.0
10-210-01126,BIHAR,Kishanganj,Kochadhamin,0,0,,203,10,1126,,139640.52665725534,360840233.8364798,0.0,0.0,258,0.0
10-211-01128,BIHAR,Purnia,Banmankhi,0,0,,214,10,1128,,142815.61519736593,459936087.34673214,0.0,0.0,333,0.0
10-206-01075,BIHAR,Sitamarhi,Bajpatti,0,0,,221,10,1075,,90407.29439213518,174303329.1783474,0.0,0.0,125,0.0
10-206-01076,BIHAR,Sitamarhi,Charaut,0,0,,221,10,1076,,85128.15752493152,91349700.81924292,0.0,0.0,62,0.0
10-206-01077,BIHAR,Sitamarhi,Pupri,0,0,,221,10,1077,,73992.24203369493,115338203.66308306,0.0,0.0,82,0.0
10-206-01078,BIHAR,Sitamarhi,Nanpur,0,0,,221,10,1078,,73315.01223618646,135892566.9983101,0.0,0.0,100,0.0
10-220-01283,BIHAR,Vaishali,Mahnar,0,0,,224,10,1283,,81638.1139853176,126474580.44313861,0.0,0.0,89,0.0
10-206-01079,BIHAR,Sitamarhi,Bokhara,0,0,,221,10,1079,,81978.13188098712,108574895.39827529,0.0,0.0,79,0.0
10-207-01080,BIHAR,Madhubani,Madhwapur,0,0,,206,10,1080,,88808.76172423853,137557654.90878707,0.0,0.0,103,0.0
10-207-01081,BIHAR,Madhubani,Harlakhi,0,0,,206,10,1081,,90217.76640094945,187441757.00046396,0.0,0.0,138,0.0
10-207-01082,BIHAR,Madhubani,Basopatti,0,0,,206,10,1082,,97634.90682970545,164238774.4639331,0.0,0.0,122,0.0
10-207-01089,BIHAR,Madhubani,Khajauli,0,0,,206,10,1089,,91171.28062794723,150968724.81279027,0.0,0.0,108,0.0
10-207-01083,BIHAR,Madhubani,Jainagar,0,0,,206,10,1083,,81489.61423509955,161880108.8306139,0.0,0.0,115,0.0
10-207-01090,BIHAR,Madhubani,Kaluahi,0,0,,206,10,1090,,62305.281593423286,101560283.08963235,0.0,0.0,75,0.0
10-207-01084,BIHAR,Madhubani,Ladania,0,0,,206,10,1084,,97928.14946240213,232665607.5684243,0.0,0.0,164,0.0
10-207-01085,BIHAR,Madhubani,Laukaha,0,0,,206,10,1085,,102032.19667129294,266340932.00179368,0.0,0.0,197,0.0
10-207-01086,BIHAR,Madhubani,Laukahi,0,0,,206,10,1086,,109679.24973352649,329223432.564553,0.0,0.0,237,0.0
10-207-01087,BIHAR,Madhubani,Phulparas,0,0,,206,10,1087,,117974.41186319289,199352334.8677591,0.0,0.0,140,0.0
10-207-01088,BIHAR,Madhubani,Babubarhi,0,0,,206,10,1088,,118996.04641992833,237192379.86086744,0.0,0.0,174,0.0
10-207-01091,BIHAR,Madhubani,Benipatti,0,0,,206,10,1091,,128414.2409747215,328987645.9449377,0.0,0.0,231,0.0
10-207-01092,BIHAR,Madhubani,Bisfi,0,0,,206,10,1092,,99754.46134559005,226192948.413646,0.0,0.0,165,0.0
10-207-01093,BIHAR,Madhubani,Madhubani,0,0,,206,10,1093,,109764.71764889831,200359220.56727448,0.0,0.0,142,0.0
10-207-01094,BIHAR,Madhubani,Pandaul,0,0,,206,10,1094,,102372.75527307783,208327489.63825428,0.0,0.0,148,0.0
10-207-01096,BIHAR,Madhubani,Andhratharhi,0,0,,206,10,1096,,97300.5167595078,186769445.10608673,0.0,0.0,134,0.0
10-207-01097,BIHAR,Madhubani,Jhanjharpur,0,0,,206,10,1097,,125261.96837896874,181284371.95402232,0.0,0.0,132,0.0
10-207-01098,BIHAR,Madhubani,Ghoghardiha,0,0,,206,10,1098,,114215.40677637524,211228851.4219488,0.0,0.0,159,0.0
10-207-01099,BIHAR,Madhubani,Lakhnaur,0,0,,206,10,1099,,72956.74167609161,146945623.14022,0.0,0.0,110,0.0
10-207-01100,BIHAR,Madhubani,Madhepur,0,0,,206,10,1100,,144505.38034518834,300452948.5687113,0.0,0.0,212,0.0
10-208-01101,BIHAR,Supaul,Nirmali,0,0,,223,10,1101,,123310.21889922836,162734364.67066902,0.0,0.0,118,0.0
10-208-01102,BIHAR,Supaul,Basantpur,0,0,,223,10,1102,,136288.63693043106,319456339.75100917,0.0,0.0,228,0.0
10-208-01103,BIHAR,Supaul,Chhatapur,0,0,,223,10,1103,,142271.17176584958,398825687.2446475,0.0,0.0,285,0.0
10-208-01104,BIHAR,Supaul,Pratapganj,0,0,,223,10,1104,,71155.69013184242,133032565.19323792,0.0,0.0,97,0.0
10-208-01105,BIHAR,Supaul,Raghopur,0,0,,223,10,1105,,111831.20983491397,255841046.48838165,0.0,0.0,187,0.0
10-221-01285,BIHAR,Samastipur,Warisnagar,0,0,,217,10,1285,,90241.30323013186,163846086.5162723,0.0,0.0,120,0.0
10-208-01106,BIHAR,Supaul,Saraigarh Bhaptiyahi,0,0,,223,10,1106,,105489.5116383213,257042943.27229512,0.0,0.0,189,0.0
10-208-01107,BIHAR,Supaul,Kishanpur,0,0,,223,10,1107,,125516.73810076228,248613546.3002807,0.0,0.0,177,0.0
10-208-01108,BIHAR,Supaul,Marauna,0,0,,223,10,1108,,114969.59778192453,206419565.01179272,0.0,0.0,149,0.0
10-208-01109,BIHAR,Supaul,Supaul,0,0,,223,10,1109,,122628.008173687,390920691.5720901,0.0,0.0,287,0.0
10-208-01110,BIHAR,Supaul,Pipra,0,0,,223,10,1110,,113516.78657800167,247320462.25611627,0.0,0.0,181,0.0
10-221-01287,BIHAR,Samastipur,Khanpur,0,0,,217,10,1287,,89337.20668890505,173313349.37261373,0.0,0.0,127,0.0
10-208-01111,BIHAR,Supaul,Tribeniganj,0,0,,223,10,1111,,136684.8917573132,402291551.99740016,0.0,0.0,290,0.0
10-209-01112,BIHAR,Araria,Narpatganj,0,0,,188,10,1112,,196352.82868709194,482872068.7863751,0.0,0.0,351,0.0
10-209-01113,BIHAR,Araria,Forbesganj,0,0,,188,10,1113,,165874.55860340688,546946456.996027,0.0,0.0,392,0.0
10-209-01114,BIHAR,Araria,Bhargama,0,0,,188,10,1114,,140909.75235341018,280499778.1128878,0.0,0.0,206,0.0
10-209-01115,BIHAR,Araria,Raniganj,0,0,,188,10,1115,,160625.61646677545,576910744.770993,0.0,0.0,418,0.0
10-209-01116,BIHAR,Araria,Araria,0,0,,188,10,1116,,192057.15187743204,506918787.2643526,0.0,0.0,371,0.0
10-209-01117,BIHAR,Araria,Kursakatta,0,0,,188,10,1117,,96566.38525637137,201032230.408231,0.0,0.0,147,0.0
10-209-01118,BIHAR,Araria,Sikti,0,0,,188,10,1118,,116798.35346995249,237753016.2819182,0.0,0.0,177,0.0
10-209-01119,BIHAR,Araria,Palasi,0,0,,188,10,1119,,132578.70192307016,306240761.34804773,0.0,0.0,222,0.0
10-209-01120,BIHAR,Araria,Jokihat,0,0,,188,10,1120,,155370.9524619173,341005127.7602247,0.0,0.0,246,0.0
10-210-01121,BIHAR,Kishanganj,Terhagachh,0,0,,203,10,1121,,121953.02658094271,245208326.38245347,0.0,0.0,175,0.0
10-210-01122,BIHAR,Kishanganj,Dighalbank,0,0,,203,10,1122,,147432.83262190674,314385668.4331173,0.0,0.0,224,0.0
10-211-01129,BIHAR,Purnia,Barhara,0,0,,214,10,1129,,111073.17449432175,288009141.38478667,0.0,0.0,212,0.0
10-211-01130,BIHAR,Purnia,Bhawanipur,0,0,,214,10,1130,,116656.34435182877,201938838.4795833,0.0,0.0,147,0.0
10-211-01131,BIHAR,Purnia,Rupauli,0,0,,214,10,1131,,113946.660566684,308195114.8462847,0.0,0.0,227,0.0
10-211-01132,BIHAR,Purnia,Dhamdaha,0,0,,214,10,1132,,135370.01293426772,446856166.039676,0.0,0.0,326,0.0
10-211-01133,BIHAR,Purnia,Krityanand Nagar,0,0,,214,10,1133,,149407.41850079046,364443041.21247435,0.0,0.0,274,0.0
10-211-01134,BIHAR,Purnia,Purnia East,0,0,,214,10,1134,,127662.13358515713,309272824.56310594,0.0,0.0,228,0.0
10-211-01135,BIHAR,Purnia,Kasba,0,0,,214,10,1135,,130095.64608516233,215123054.3424731,0.0,0.0,154,0.0
10-211-01136,BIHAR,Purnia,Srinagar,0,0,,214,10,1136,,106220.57404900706,172405807.6412187,0.0,0.0,122,0.0
10-211-01137,BIHAR,Purnia,Jalalgarh,0,0,,214,10,1137,,87146.39992638786,142107808.6772385,0.0,0.0,102,0.0
10-211-01138,BIHAR,Purnia,Amour,0,0,,214,10,1138,,141371.93624621196,307011870.96961224,0.0,0.0,225,0.0
10-211-01139,BIHAR,Purnia,Baisa,0,0,,214,10,1139,,132173.35304950457,275191667.549805,0.0,0.0,197,0.0
10-211-01140,BIHAR,Purnia,Baisi,0,0,,214,10,1140,,118169.54825440844,253873549.02719215,0.0,0.0,187,0.0
10-211-01141,BIHAR,Purnia,Dagarua,0,0,,214,10,1141,,129309.28146976323,257465778.6329552,0.0,0.0,180,0.0
10-212-01142,BIHAR,Katihar,Falka,0,0,,201,10,1142,,100518.70580952488,208374539.8829749,0.0,0.0,150,0.0
10-212-01143,BIHAR,Katihar,Korha,0,0,,201,10,1143,,137118.64195203967,368801327.90483874,0.0,0.0,273,0.0
10-212-01144,BIHAR,Katihar,Hasanganj,0,0,,201,10,1144,,78227.29832785497,86155111.41022065,0.0,0.0,62,0.0
10-212-01145,BIHAR,Katihar,Kadwa,0,0,,201,10,1145,,157692.68144088247,420129854.10490626,0.0,0.0,307,0.0
10-212-01146,BIHAR,Katihar,Balrampur,0,0,,201,10,1146,,141815.18317465586,216253207.31133217,0.0,0.0,151,0.0
10-212-01147,BIHAR,Katihar,Barsoi,0,0,,201,10,1147,,172308.8160052511,357713388.6445612,0.0,0.0,261,0.0
10-212-01148,BIHAR,Katihar,Azamnagar,0,0,,201,10,1148,,141791.77759222616,349759708.1212404,0.0,0.0,253,0.0
10-221-01290,BIHAR,Samastipur,Tajpur,0,0,,217,10,1290,,57166.77792153786,83856612.1105223,0.0,0.0,61,0.0
10-212-01149,BIHAR,Katihar,Pranpur,0,0,,201,10,1149,,111803.70370561493,191475637.62126103,0.0,0.0,141,0.0
10-212-01150,BIHAR,Katihar,Dandkhora,0,0,,201,10,1150,,70987.07501110679,111201189.06340708,0.0,0.0,81,0.0
10-212-01151,BIHAR,Katihar,Katihar,0,0,,201,10,1151,,76845.81968857624,136830037.77828172,0.0,0.0,100,0.0
10-212-01152,BIHAR,Katihar,Mansahi,0,0,,201,10,1152,,73279.06289841712,97405011.1871763,0.0,0.0,73,0.0
10-212-01155,BIHAR,Katihar,Kursela,0,0,,201,10,1155,,80348.39413748268,153683091.52761996,0.0,0.0,117,0.0
10-212-01153,BIHAR,Katihar,Barari,0,0,,201,10,1153,,107333.93297446336,407446973.1478653,0.0,0.0,292,0.0
10-212-01154,BIHAR,Katihar,Sameli,0,0,,201,10,1154,,75105.36277909,118027198.2496544,0.0,0.0,81,0.0
10-212-01156,BIHAR,Katihar,Manihari,0,0,,201,10,1156,,130162.81635074862,303859830.4099729,0.0,0.0,221,0.0
10-212-01157,BIHAR,Katihar,Amdabad,0,0,,201,10,1157,,103742.71814675455,228302986.79665467,0.0,0.0,164,0.0
10-213-01158,BIHAR,Madhepura,Gamharia,0,0,,205,10,1158,,80141.00377515821,125479849.27382244,0.0,0.0,89,0.0
10-213-01160,BIHAR,Madhepura,Ghailarh,0,0,,205,10,1160,,78865.70647224285,116219722.2388165,0.0,0.0,83,0.0
10-213-01159,BIHAR,Madhepura,Singheshwar,0,0,,205,10,1159,,111627.30849980874,111167268.35246354,0.0,0.0,78,0.0
10-216-01210,BIHAR,Muzaffarpur,Bandra,0,0,,208,10,1210,,74293.85759884378,142020443.31484023,0.0,0.0,103,0.0
10-213-01161,BIHAR,Madhepura,Madhepura,0,0,,205,10,1161,,115084.47931226583,237801277.85767865,0.0,0.0,175,0.0
10-213-01162,BIHAR,Madhepura,Shankarpur,0,0,,205,10,1162,,63984.56408470212,128790837.874554,0.0,0.0,94,0.0
10-213-01163,BIHAR,Madhepura,Kumarkhand,0,0,,205,10,1163,,118191.24796123093,316976886.68211347,0.0,0.0,230,0.0
10-213-01164,BIHAR,Madhepura,Murliganj,0,0,,205,10,1164,,94211.11378994165,247086114.21145928,0.0,0.0,179,0.0
10-221-01293,BIHAR,Samastipur,Mohanpur,0,0,,217,10,1293,,74468.46489139357,163000016.77407515,0.0,0.0,120,0.0
10-213-01165,BIHAR,Madhepura,Gwalpara,0,0,,205,10,1165,,78037.2495556277,147267353.58482873,0.0,0.0,109,0.0
10-214-01172,BIHAR,Saharsa,Satar Kataiya,0,0,,216,10,1172,,77878.75925155886,177382280.64763528,0.0,0.0,130,0.0
10-213-01166,BIHAR,Madhepura,Bihariganj,0,0,,205,10,1166,,79669.40805645821,133818744.70956944,0.0,0.0,98,0.0
10-216-01211,BIHAR,Muzaffarpur,Dholi (Moraul),0,0,,208,10,1211,,63030.361633940505,73298422.6275262,0.0,0.0,50,0.0
10-213-01167,BIHAR,Madhepura,Kishanganj,0,0,,205,10,1167,,99817.47531025465,188055937.5971522,0.0,0.0,133,0.0
10-216-01212,BIHAR,Muzaffarpur,Musahri,0,0,,208,10,1212,,211487.75457487197,365415439.5943066,0.0,0.0,267,0.0
10-213-01168,BIHAR,Madhepura,Puraini,0,0,,205,10,1168,,63416.842365887525,103114850.3546553,0.0,0.0,76,0.0
10-214-01174,BIHAR,Saharsa,Kahara,0,0,,216,10,1174,,81070.16203244023,176788302.3737116,0.0,0.0,128,0.0
10-213-01169,BIHAR,Madhepura,Alamnagar,0,0,,205,10,1169,,94357.42058114092,211989804.11375904,0.0,0.0,151,0.0
10-213-01170,BIHAR,Madhepura,Chausa,0,0,,205,10,1170,,87285.75133964,172516848.53860697,0.0,0.0,124,0.0
10-214-01171,BIHAR,Saharsa,Nauhatta,0,0,,216,10,1171,,93228.84620468391,212763144.21707585,0.0,0.0,151,0.0
10-217-01227,BIHAR,Gopalganj,Sidhwalia,0,0,,197,10,1227,,69457.48217743407,152022198.31601515,0.0,0.0,109,0.0
10-214-01173,BIHAR,Saharsa,Mahishi,0,0,,216,10,1173,,106372.46434789852,273075178.2794974,0.0,0.0,195,0.0
10-214-01175,BIHAR,Saharsa,Saur Bazar,0,0,,216,10,1175,,88121.22998090234,233228921.9025612,0.0,0.0,171,0.0
10-214-01176,BIHAR,Saharsa,Patarghat,0,0,,216,10,1176,,67497.21582029684,149681422.04156074,0.0,0.0,105,0.0
10-214-01177,BIHAR,Saharsa,Sonbarsa,0,0,,216,10,1177,,90185.02153799882,263952116.041209,0.0,0.0,193,0.0
10-216-01199,BIHAR,Muzaffarpur,Sahebganj,0,0,,208,10,1199,,80060.99972290538,253055918.70266867,0.0,0.0,189,0.0
10-214-01178,BIHAR,Saharsa,Simri Bakhtiarpur,0,0,,216,10,1178,,119116.35548129058,266466354.66217396,0.0,0.0,194,0.0
10-214-01179,BIHAR,Saharsa,Salkhua,0,0,,216,10,1179,,82412.26684571667,221182533.93573853,0.0,0.0,163,0.0
10-214-01180,BIHAR,Saharsa,Banma Itahri,0,0,,216,10,1180,,54286.501575749484,92822449.4552088,0.0,0.0,68,0.0
10-215-01181,BIHAR,Darbhanga,Jale,0,0,,195,10,1181,,112473.57051363293,234172285.01568127,0.0,0.0,171,0.0
10-215-01182,BIHAR,Darbhanga,Singhwara,0,0,,195,10,1182,,121368.62688362494,223279889.67870736,0.0,0.0,162,0.0
10-215-01183,BIHAR,Darbhanga,Keotiranway,0,0,,195,10,1183,,89515.08566239705,180205403.4644349,0.0,0.0,131,0.0
10-215-01184,BIHAR,Darbhanga,Darbhanga,0,0,,195,10,1184,,131883.04966973627,240721362.1475316,0.0,0.0,174,0.0
10-215-01185,BIHAR,Darbhanga,Manigachhi,0,0,,195,10,1185,,96856.01003306538,158887287.31255177,0.0,0.0,114,0.0
10-215-01186,BIHAR,Darbhanga,Tardih,0,0,,195,10,1186,,96398.42232606321,109520018.96976715,0.0,0.0,79,0.0
10-215-01187,BIHAR,Darbhanga,Alinagar,0,0,,195,10,1187,,105560.56246873255,146523357.5416611,0.0,0.0,105,0.0
10-215-01188,BIHAR,Darbhanga,Benipur,0,0,,195,10,1188,,118482.30854716274,204643530.87647069,0.0,0.0,150,0.0
10-215-01189,BIHAR,Darbhanga,Bahadurpur,0,0,,195,10,1189,,155637.00049509996,221161760.4253616,0.0,0.0,158,0.0
10-215-01190,BIHAR,Darbhanga,Hanumannagar,0,0,,195,10,1190,,114393.83215098479,181536916.32106537,0.0,0.0,130,0.0
10-215-01191,BIHAR,Darbhanga,Hayaghat,0,0,,195,10,1191,,66118.49929402806,108810529.75916524,0.0,0.0,77,0.0
10-215-01192,BIHAR,Darbhanga,Baheri,0,0,,195,10,1192,,128629.1579498372,271307286.95794886,0.0,0.0,195,0.0
10-215-01193,BIHAR,Darbhanga,Biraul,0,0,,195,10,1193,,135706.32971678255,230203939.26841983,0.0,0.0,167,0.0
10-215-01194,BIHAR,Darbhanga,Ghanshyampur,0,0,,195,10,1194,,76766.91373126305,103945643.9979024,0.0,0.0,78,0.0
10-215-01195,BIHAR,Darbhanga,Kiratpur,0,0,,195,10,1195,,78793.19278562842,78915927.53877336,0.0,0.0,60,0.0
10-215-01196,BIHAR,Darbhanga,Gora Bauram,0,0,,195,10,1196,,99804.03366816713,145653476.81698695,0.0,0.0,104,0.0
10-215-01197,BIHAR,Darbhanga,Kusheshwar Asthan,0,0,,195,10,1197,,87220.16498537568,144130520.9401011,0.0,0.0,107,0.0
10-215-01198,BIHAR,Darbhanga,Kusheshwar Asthan Purbi,0,0,,195,10,1198,,91858.86035222423,150084285.43545517,0.0,0.0,112,0.0
10-216-01200,BIHAR,Muzaffarpur,Baruraj (Motipur),0,0,,208,10,1200,,125110.13599018812,365259305.4740948,0.0,0.0,263,0.0
10-216-01201,BIHAR,Muzaffarpur,Paroo,0,0,,208,10,1201,,136934.87791145188,413033977.3448192,0.0,0.0,295,0.0
10-216-01202,BIHAR,Muzaffarpur,Saraiya,0,0,,208,10,1202,,155820.80051537574,301402655.1404849,0.0,0.0,218,0.0
10-216-01203,BIHAR,Muzaffarpur,Marwan,0,0,,208,10,1203,,84959.92762229654,138736310.53842777,0.0,0.0,101,0.0
10-216-01204,BIHAR,Muzaffarpur,Kanti,0,0,,208,10,1204,,97122.90469976026,124757584.36625764,0.0,0.0,91,0.0
10-216-01205,BIHAR,Muzaffarpur,Minapur,0,0,,208,10,1205,,166218.11946715685,316124209.98756105,0.0,0.0,228,0.0
10-216-01206,BIHAR,Muzaffarpur,Bochaha,0,0,,208,10,1206,,126044.68100944142,233148755.94160384,0.0,0.0,167,0.0
10-216-01207,BIHAR,Muzaffarpur,Aurai,0,0,,208,10,1207,,101267.16719990574,247748190.77792475,0.0,0.0,177,0.0
10-216-01208,BIHAR,Muzaffarpur,Katra,0,0,,208,10,1208,,118891.9342746819,235108975.17115793,0.0,0.0,171,0.0
10-216-01209,BIHAR,Muzaffarpur,Gaighat,0,0,,208,10,1209,,111008.49869520529,259762671.68662548,0.0,0.0,191,0.0
10-216-01213,BIHAR,Muzaffarpur,Kurhani,0,0,,208,10,1213,,108106.10574110712,256354911.2077163,0.0,0.0,187,0.0
10-216-01214,BIHAR,Muzaffarpur,Sakra,0,0,,208,10,1214,,105121.4777371614,236360031.18726787,0.0,0.0,175,0.0
10-217-01215,BIHAR,Gopalganj,Katiya,0,0,,197,10,1215,,94755.55253264701,158441587.458013,0.0001684347990512848,0.00013234162782600948,112,0.014822262316513062
10-217-01216,BIHAR,Gopalganj,Bijaipur,0,0,,197,10,1216,,81309.59717969262,163112176.36717936,0.0001684347990512848,0.00016843479905128482,120,0.02021217588615418
10-217-01217,BIHAR,Gopalganj,Bhorey,0,0,,197,10,1217,,78790.65552761848,196013266.46535653,0.0001684347990512848,8.772645783921083e-05,144,0.01263260992884636
10-217-01218,BIHAR,Gopalganj,Pach Deuri,0,0,,197,10,1218,,53698.212932643866,118295317.11973979,0.0,0.0,85,0.0
10-217-01219,BIHAR,Gopalganj,Kuchaikote,0,0,,197,10,1219,,101077.28158428885,316078491.04748106,0.0,0.0,226,0.0
10-217-01220,BIHAR,Gopalganj,Phulwaria,0,0,,197,10,1220,,81339.22200232239,118763292.85091434,0.0,0.0,89,0.0
10-217-01221,BIHAR,Gopalganj,Hathua,0,0,,197,10,1221,,91546.96202775641,183613061.83342972,0.0002328341512298584,0.00015400054097092995,127,0.019558068703308104
10-217-01222,BIHAR,Gopalganj,Uchkagaon,0,0,,197,10,1222,,80102.93001981139,142235093.67043933,0.0002328341512298584,1.5375840175556688e-05,106,0.0016298390586090088
10-217-01223,BIHAR,Gopalganj,Thawe,0,0,,197,10,1223,,57244.55575246375,89300191.60424533,0.0002328341512298584,3.6380336129665375e-06,64,0.0002328341512298584
10-217-01224,BIHAR,Gopalganj,Gopalganj,0,0,,197,10,1224,,110313.13172782106,244420793.60160467,0.0,0.0,182,0.0
10-218-01232,BIHAR,Siwan,Goriakothi,0,0,,222,10,1232,,73201.39147651673,174963939.23516312,0.0,0.0,127,0.0
10-217-01225,BIHAR,Gopalganj,Manjha,0,0,,197,10,1225,,80242.78538873792,179389027.9828925,0.0,0.0,131,0.0
10-217-01226,BIHAR,Gopalganj,Barauli,0,0,,197,10,1226,,105754.79057670098,232227972.12586737,0.0,0.0,170,0.0
10-217-01228,BIHAR,Gopalganj,Baikunthpur,0,0,,197,10,1228,,97825.58906166903,256614409.24172768,0.0,0.0,185,0.0
10-218-01229,BIHAR,Siwan,Nautan,0,0,,222,10,1229,,58324.35348563096,81827813.66620097,0.0002328341512298584,0.00023283415122985843,58,0.013504380771331788
10-218-01230,BIHAR,Siwan,Siwan,0,0,,222,10,1230,,92599.06904644772,168879532.28230655,0.0002328341512298584,0.00021310244349851448,118,0.02514608833282471
10-218-01235,BIHAR,Siwan,Bhagwanpur Hat,0,0,,222,10,1235,,86430.4184146014,189582799.91524476,0.00011590624843597413,1.8477807721677035e-05,138,0.002549937465591431
10-218-01231,BIHAR,Siwan,Barharia,0,0,,222,10,1231,,90315.6629531122,219606934.01516393,0.0002328341512298584,4.365640335559845e-06,160,0.0006985024536895752
10-218-01233,BIHAR,Siwan,Lakri Nabiganj,0,0,,222,10,1233,,79648.98713303795,120773104.6039552,0.0,0.0,88,0.0
10-218-01234,BIHAR,Siwan,Basantpur,0,0,,222,10,1234,,57871.378293950496,76675463.02480637,0.0,0.0,56,0.0
10-218-01236,BIHAR,Siwan,Maharajganj,0,0,,222,10,1236,,119387.58843212528,142817377.5161484,0.00011590624843597413,4.388683193206788e-05,103,0.004520343689002991
10-218-01237,BIHAR,Siwan,Pachrukhi,0,0,,222,10,1237,,99183.2392802834,160709761.40986398,0.0002328341512298584,9.950177402985402e-06,117,0.001164170756149292
10-218-01238,BIHAR,Siwan,Hussainganj,0,0,,222,10,1238,,68784.84800107122,105975934.30464326,0.0002328341512298584,0.00020337269166173164,74,0.015049579182968141
10-218-01239,BIHAR,Siwan,Ziradei,0,0,,222,10,1239,,98825.50869312549,152221780.48504183,0.0002328341512298584,0.00023211911790057345,111,0.025765222086963652
10-218-01240,BIHAR,Siwan,Mairwa,0,0,,222,10,1240,,65279.2242200428,88898123.37504825,0.00025794072126388554,0.0002339753589586778,66,0.015442373691272736
10-218-01242,BIHAR,Siwan,Darauli,0,0,,222,10,1242,,90305.00161970501,214758375.6239279,0.0003807084535980225,0.0002279848529687697,155,0.035337652210159304
10-218-01241,BIHAR,Siwan,Guthani,0,0,,222,10,1241,,78778.78773845347,115110806.99004474,0.00025794072126388554,0.00025610365516383473,82,0.02100049972343445
10-219-01248,BIHAR,Saran,Mashrakh,0,0,,218,10,1248,,82075.7710341599,165898243.02109933,0.0,0.0,121,0.0
10-218-01243,BIHAR,Siwan,Andar,0,0,,222,10,1243,,83358.60866933218,125625010.62434034,0.0002328341512298584,0.0001625882907080376,87,0.014145181291599272
10-219-01249,BIHAR,Saran,Panapur,0,0,,218,10,1249,,75875.09329534958,182360909.7404776,0.0,0.0,128,0.0
10-218-01244,BIHAR,Siwan,Raghunathpur,0,0,,222,10,1244,,87824.68008836384,193566358.3438411,0.00015346545167922973,0.00015346545167922973,143,0.02194555959012985
10-219-01250,BIHAR,Saran,Taraiya,0,0,,218,10,1250,,53629.0613522338,97307015.09151264,0.0,0.0,74,0.0
10-218-01245,BIHAR,Siwan,Hasanpura,0,0,,222,10,1245,,82786.09108287447,121956119.03175904,0.00015346545167922973,0.00012921519123055468,87,0.011241721637058256
10-219-01251,BIHAR,Saran,Ishupur,0,0,,218,10,1251,,62425.60798229613,109300191.56908256,0.0,0.0,76,0.0
10-218-01246,BIHAR,Siwan,Daraundha,0,0,,222,10,1246,,105400.53795370483,157911066.26165873,0.00011590624843597413,0.00010078804211823838,115,0.011590624843597413
10-219-01256,BIHAR,Saran,Jalalpur,0,0,,218,10,1256,,65042.73641147566,147549697.72689733,0.00011590624843597413,2.79143103574357e-05,106,0.002958916897888184
10-218-01247,BIHAR,Siwan,Siswan,0,0,,222,10,1247,,98184.39847010886,155554872.77293277,0.00015346545167922973,0.00012707249804883388,111,0.014105047283420562
10-219-01259,BIHAR,Saran,Nagra,0,0,,218,10,1259,,43289.948409307304,65110006.46242106,6.837738609313965e-05,2.909676003963389e-05,47,0.0013675477218627928
10-219-01252,BIHAR,Saran,Baniapur,0,0,,218,10,1252,,89199.8841803021,219417775.87250236,0.00011590624843597413,2.8443251149932303e-06,163,0.0004636249937438965
10-219-01253,BIHAR,Saran,Lahladpur,0,0,,218,10,1253,,49287.19248841685,70233795.44130237,0.00011590624843597413,6.258937415542604e-05,50,0.0031294687077713015
10-219-01254,BIHAR,Saran,Ekma,0,0,,218,10,1254,,99716.17236158185,176114988.01319405,0.00011590624843597413,0.00011590624843597413,128,0.014835999799804689
10-219-01255,BIHAR,Saran,Manjhi,0,0,,218,10,1255,,127085.43562979231,244607530.98349065,0.00011590624843597413,0.0001029245681552887,180,0.018526422267951967
10-219-01257,BIHAR,Saran,Revelganj,0,0,,218,10,1257,,84877.1419542779,179359801.45379385,6.837738609313965e-05,6.773810267639161e-05,125,0.00846726283454895
10-219-01258,BIHAR,Saran,Chapra,0,0,,218,10,1258,,119729.94798472138,239470568.44351175,6.837738609313965e-05,6.410379946231843e-05,176,0.011282268705368043
10-219-01260,BIHAR,Saran,Marhaura,0,0,,218,10,1260,,87240.95030017926,190752130.05196184,6.837738609313965e-05,1.9964200319164862e-06,137,0.0002735095443725586
10-219-01261,BIHAR,Saran,Amnour,0,0,,218,10,1261,,94922.90618840617,160109081.4065653,6.837738609313965e-05,1.15893874734135e-06,118,0.0001367547721862793
10-219-01263,BIHAR,Saran,Parsa,0,0,,218,10,1263,,85595.91054800974,122749042.93573296,0.0,0.0,88,0.0
10-219-01266,BIHAR,Saran,Dighwara,0,0,,218,10,1266,,81943.45164265168,101347015.6655549,0.0,0.0,72,0.0
10-219-01264,BIHAR,Saran,Dariapur,0,0,,218,10,1264,,115477.27251924115,281302380.67878103,0.0,0.0,202,0.0
10-219-01265,BIHAR,Saran,Garkha,0,0,,218,10,1265,,90147.74693968748,213336409.9887166,6.837738609313965e-05,3.5076711047779434e-05,154,0.0054018135013580324
10-220-01269,BIHAR,Vaishali,Paterhi Belsar,0,0,,224,10,1269,,56227.36197278124,93522597.26160131,0.0,0.0,69,0.0
10-219-01267,BIHAR,Saran,Sonepur,0,0,,218,10,1267,,70412.64000247594,214865144.18564072,0.0,0.0,162,0.0
10-220-01268,BIHAR,Vaishali,Vaishali,0,0,,224,10,1268,,72706.90824879723,158663399.21103516,0.0,0.0,114,0.0
10-220-01270,BIHAR,Vaishali,Lalganj,0,0,,224,10,1270,,89595.71916906572,184177988.41986412,0.0,0.0,133,0.0
10-221-01294,BIHAR,Samastipur,Mohiuddinagar,0,0,,217,10,1294,,80607.53716768604,178536106.2701614,0.0,0.0,130,0.0
10-220-01271,BIHAR,Vaishali,Bhagwanpur,0,0,,224,10,1271,,98965.72708266653,142473218.81446454,0.0,0.0,102,0.0
10-220-01272,BIHAR,Vaishali,Goraul,0,0,,224,10,1272,,101989.77906286377,122446101.92943335,0.0,0.0,87,0.0
10-220-01273,BIHAR,Vaishali,Chehra Kalan,0,0,,224,10,1273,,63204.34388206024,89818122.94593617,0.0,0.0,66,0.0
10-220-01277,BIHAR,Vaishali,Raja Pakar,0,0,,224,10,1277,,58946.08844196175,93673217.82917874,0.0,0.0,72,0.0
10-220-01274,BIHAR,Vaishali,Patepur,0,0,,224,10,1274,,118180.33822078991,317029999.71255994,0.0,0.0,234,0.0
10-220-01275,BIHAR,Vaishali,Mahua,0,0,,224,10,1275,,86273.82517515696,171155586.12447235,0.0,0.0,125,0.0
10-220-01276,BIHAR,Vaishali,Jandaha,0,0,,224,10,1276,,99044.76663725945,179891527.10359335,0.0,0.0,128,0.0
10-220-01278,BIHAR,Vaishali,Hajipur,0,0,,224,10,1278,,80048.24731377292,194916759.16986817,0.0,0.0,140,0.0
10-220-01280,BIHAR,Vaishali,Bidupur,0,0,,224,10,1280,,88122.3198685409,139375575.9420912,0.0,0.0,99,0.0
10-220-01279,BIHAR,Vaishali,Raghopur,0,0,,224,10,1279,,128641.49950069311,338499790.0832371,0.0,0.0,246,0.0
10-220-01281,BIHAR,Vaishali,Desri,0,0,,224,10,1281,,50183.809114488824,56627949.53624974,0.0,0.0,43,0.0
10-221-01284,BIHAR,Samastipur,Kalyanpur,0,0,,217,10,1284,,147387.26660455638,294821482.9966942,0.0,0.0,214,0.0
10-221-01286,BIHAR,Samastipur,Shivaji Nagar,0,0,,217,10,1286,,96209.25031894707,172333979.18990555,0.0,0.0,130,0.0
10-221-01288,BIHAR,Samastipur,Samastipur,0,0,,217,10,1288,,112474.97484539819,170577777.20953664,0.0,0.0,123,0.0
10-221-01289,BIHAR,Samastipur,Pusa,0,0,,217,10,1289,,64081.7615729533,95008289.7510354,0.0,0.0,65,0.0
10-221-01291,BIHAR,Samastipur,Morwa,0,0,,217,10,1291,,104551.97847793197,152111293.7773472,0.0,0.0,106,0.0
10-221-01292,BIHAR,Samastipur,Patori,0,0,,217,10,1292,,69422.25062895294,130638318.44440164,0.0,0.0,93,0.0
10-221-01295,BIHAR,Samastipur,Sarairanjan,0,0,,217,10,1295,,96463.23467310029,185572344.2706523,0.0,0.0,145,0.0
10-221-01296,BIHAR,Samastipur,Vidyapati Nagar,0,0,,217,10,1296,,62930.2690484309,106322816.42401849,0.0,0.0,75,0.0
10-221-01297,BIHAR,Samastipur,Dalsinghsarai,0,0,,217,10,1297,,80515.23552986495,118201268.21451648,0.0,0.0,89,0.0
10-221-01298,BIHAR,Samastipur,Ujiarpur,0,0,,217,10,1298,,81756.09445970641,209497824.1015558,0.0,0.0,149,0.0
10-221-01300,BIHAR,Samastipur,Rosera,0,0,,217,10,1300,,84599.34785899956,138535375.895554,0.0,0.0,97,0.0
10-221-01299,BIHAR,Samastipur,Bibhutpur,0,0,,217,10,1299,,96600.53522783429,258332531.194082,0.0,0.0,187,0.0
10-221-01301,BIHAR,Samastipur,Singhia,0,0,,217,10,1301,,76055.88015393679,178639507.67998633,0.0,0.0,128,0.0
10-222-01307,BIHAR,Begusarai,Cheria Bariarpur,0,0,,191,10,1307,,80422.0696045629,127840547.1243011,0.0,0.0,89,0.0
10-221-01302,BIHAR,Samastipur,Hasanpur,0,0,,217,10,1302,,122795.93417076243,188091095.39019313,0.0,0.0,138,0.0
10-221-01303,BIHAR,Samastipur,Bithan,0,0,,217,10,1303,,72838.55780104545,149849875.79630712,0.0,0.0,109,0.0
10-222-01304,BIHAR,Begusarai,Khudabandpur,0,0,,191,10,1304,,49522.71992212785,59617610.47663844,0.0,0.0,39,0.0
10-222-01305,BIHAR,Begusarai,Chhorahi,0,0,,191,10,1305,,96201.09768359947,128309829.49376953,0.0,0.0,94,0.0
10-222-01306,BIHAR,Begusarai,Garhpura,0,0,,191,10,1306,,69581.28073662621,88651595.91159394,0.0,0.0,68,0.0
10-222-01308,BIHAR,Begusarai,Bhagwanpur,0,0,,191,10,1308,,102620.52088176137,147276258.21886113,0.0,0.0,106,0.0
10-223-01324,BIHAR,Khagaria,Mansi,0,0,,202,10,1324,,70720.37786012898,86151878.56106131,0.0,0.0,69,0.0
10-222-01309,BIHAR,Begusarai,Mansurchak,0,0,,191,10,1309,,55538.61039021854,42158333.283958256,0.0,0.0,31,0.0
10-224-01333,BIHAR,Bhagalpur,Rangra Chowk,0,0,,192,10,1333,,56200.86409227388,97946271.45940188,0.0,0.0,71,0.0
10-222-01310,BIHAR,Begusarai,Bachhwara,0,0,,191,10,1310,,112893.55520851951,186501763.14040864,0.0,0.0,138,0.0
10-222-01311,BIHAR,Begusarai,Teghra,0,0,,191,10,1311,,93442.93751421869,180050069.66821858,0.0,0.0,129,0.0
10-222-01312,BIHAR,Begusarai,Barauni,0,0,,191,10,1312,,90573.71511882372,141812926.41245717,0.0,0.0,102,0.0
10-222-01313,BIHAR,Begusarai,Birpur,0,0,,191,10,1313,,69057.86510087451,64693086.30641256,0.0,0.0,53,0.0
10-222-01314,BIHAR,Begusarai,Begusarai,0,0,,191,10,1314,,114572.02827886646,273941103.5239774,0.0,0.0,200,0.0
10-222-01315,BIHAR,Begusarai,Naokothi,0,0,,191,10,1315,,61794.845266753924,91575422.87048158,0.0,0.0,64,0.0
10-222-01316,BIHAR,Begusarai,Bakhri,0,0,,191,10,1316,,74902.13049058078,94921186.04856166,0.0,0.0,66,0.0
10-222-01317,BIHAR,Begusarai,Dandari,0,0,,191,10,1317,,77075.31892237118,85364223.36403492,0.0,0.0,65,0.0
10-222-01318,BIHAR,Begusarai,Sahebpur Kamal,0,0,,191,10,1318,,97820.3506924087,179327758.1582562,0.0,0.0,131,0.0
10-222-01319,BIHAR,Begusarai,Balia,0,0,,191,10,1319,,95726.56851828664,181873531.04775092,0.0,0.0,133,0.0
10-222-01320,BIHAR,Begusarai,Matihani,0,0,,191,10,1320,,104199.58891726227,214311339.790948,0.0,0.0,157,0.0
10-222-01321,BIHAR,Begusarai,Shamho Akha Kurha,0,0,,191,10,1321,,47884.70174269599,82130306.58899558,0.0,0.0,58,0.0
10-223-01322,BIHAR,Khagaria,Alauli,0,0,,202,10,1322,,117176.16085281859,337532903.06560946,0.0,0.0,244,0.0
10-223-01323,BIHAR,Khagaria,Khagaria,0,0,,202,10,1323,,164255.4907534744,325761754.1557925,0.0,0.0,229,0.0
10-223-01325,BIHAR,Khagaria,Chautham,0,0,,202,10,1325,,88833.5659059585,205164632.7891582,0.0,0.0,148,0.0
10-228-01376,BIHAR,Sheikhpura,Chewara,0,0,,219,10,1376,,77279.14911837938,141385828.1075451,5.443568500041962e-05,5.3703217437660797e-05,103,0.005531431396079062
10-223-01326,BIHAR,Khagaria,Beldaur,0,0,,202,10,1326,,101449.44415348554,276820454.1841197,0.0,0.0,203,0.0
10-223-01327,BIHAR,Khagaria,Gogri,0,0,,202,10,1327,,109725.85953588395,321971045.3784509,0.0,0.0,231,0.0
10-223-01328,BIHAR,Khagaria,Parbatta,0,0,,202,10,1328,,89952.53209418767,286770838.53234714,0.0,0.0,215,0.0
10-224-01329,BIHAR,Bhagalpur,Narayanpur,0,0,,192,10,1329,,96964.50839109154,173637043.38008544,0.0,0.0,125,0.0
10-224-01330,BIHAR,Bhagalpur,Bihpur,0,0,,192,10,1330,,98960.16392998041,189427956.2070791,0.0,0.0,141,0.0
10-234-01472,BIHAR,Rohtas,Akorhi Gola,0,0,,215,10,1472,,71741.57946050014,124356844.03544964,8.095057567596437e-05,8.095057567596437e-05,94,0.0076093541135406504
10-224-01331,BIHAR,Bhagalpur,Kharik,0,0,,192,10,1331,,103106.05203500649,169292223.68779984,0.0,0.0,125,0.0
10-224-01332,BIHAR,Bhagalpur,Naugachhia,0,0,,192,10,1332,,91833.23423872421,134223697.96961665,0.0,0.0,95,0.0
10-224-01335,BIHAR,Bhagalpur,Pirpainti,0,0,,192,10,1335,,138631.2255747686,411429376.6216011,0.0,0.0,294,0.0
10-224-01336,BIHAR,Bhagalpur,Kahalgaon,0,0,,192,10,1336,,128722.99744742387,352186242.20537144,0.0,0.0,255,0.0
10-224-01337,BIHAR,Bhagalpur,Ismailpur,0,0,,192,10,1337,,66332.03197363381,102752037.41138108,0.0,0.0,75,0.0
10-224-01338,BIHAR,Bhagalpur,Sabour,0,0,,192,10,1338,,85492.0541239663,141198925.34276122,0.0,0.0,102,0.0
10-226-01359,BIHAR,Munger,Dharhara,0,0,,207,10,1359,,105188.90103685112,355220468.750446,0.0,0.0,262,0.0
10-224-01339,BIHAR,Bhagalpur,Nathnagar,0,0,,192,10,1339,,105259.93673308079,163498377.60317266,0.0,0.0,117,0.0
10-226-01360,BIHAR,Munger,Kharagpur,0,0,,207,10,1360,,169586.30903503796,398589433.5102216,0.0,0.0,291,0.0
10-224-01340,BIHAR,Bhagalpur,Sultanganj,0,0,,192,10,1340,,139861.1879796442,266407467.3450057,0.0,0.0,198,0.0
10-224-01341,BIHAR,Bhagalpur,Shahkund,0,0,,192,10,1341,,93276.90256650816,208798734.37786233,0.0,0.0,153,0.0
10-224-01342,BIHAR,Bhagalpur,Goradih,0,0,,192,10,1342,,106918.08891287447,178026414.43832883,0.0,0.0,128,0.0
10-224-01343,BIHAR,Bhagalpur,Jagdishpur,0,0,,192,10,1343,,107045.71303668506,127447147.46016994,0.0,0.0,95,0.0
10-224-01344,BIHAR,Bhagalpur,Sonhaula,0,0,,192,10,1344,,84463.86530366821,214425428.57327408,0.0,0.0,160,0.0
10-225-01345,BIHAR,Banka,Shambhuganj,0,0,,190,10,1345,,85765.27415008907,217970788.89652416,0.0,0.0,157,0.0
10-225-01346,BIHAR,Banka,Amarpur,0,0,,190,10,1346,,98000.87839154692,234663534.19316816,0.0,0.0,176,0.0
10-225-01347,BIHAR,Banka,Rajaun,0,0,,190,10,1347,,86718.04358754268,242814641.5593075,0.0,0.0,179,0.0
10-226-01363,BIHAR,Munger,Tetiha Bambor,0,0,,207,10,1363,,73286.15332623897,95190725.80042528,0.0,0.0,70,0.0
10-225-01348,BIHAR,Banka,Dhuraiya,0,0,,190,10,1348,,106681.6377356153,285703540.38620996,0.0,0.0,208,0.0
10-225-01349,BIHAR,Banka,Barahat,0,0,,190,10,1349,,122910.23058217819,181202001.14064544,0.0,0.0,129,0.0
10-225-01350,BIHAR,Banka,Banka,0,0,,190,10,1350,,137083.07375503817,365153241.48788345,0.0,0.0,275,0.0
10-225-01351,BIHAR,Banka,Phulidumar,0,0,,190,10,1351,,117105.67306472127,248400685.45023423,0.0,0.0,176,0.0
10-225-01352,BIHAR,Banka,Belhar,0,0,,190,10,1352,,118426.40149548957,290570448.277483,0.00011802507427215576,1.2133418850408535e-05,214,0.0025965516339874267
10-225-01353,BIHAR,Banka,Chanan,0,0,,190,10,1353,,169565.08902723462,550876204.0147796,0.00012863753518104555,6.457564285694813e-05,403,0.0260239840713501
10-225-01354,BIHAR,Banka,Katoria,0,0,,190,10,1354,,180268.89530762268,687665367.2781417,0.00012863753518104555,1.1018753013515854e-05,502,0.005531414012784959
10-225-01355,BIHAR,Banka,Bausi,0,0,,190,10,1355,,109314.78149810205,385846183.7170387,0.0,0.0,284,0.0
10-226-01356,BIHAR,Munger,Munger,0,0,,207,10,1356,,162390.1628928388,306519605.49277806,0.0,0.0,227,0.0
10-226-01357,BIHAR,Munger,Bariarpur,0,0,,207,10,1357,,122433.4478606843,198040113.63802013,0.0,0.0,143,0.0
10-226-01358,BIHAR,Munger,Jamalpur,0,0,,207,10,1358,,72817.19566814511,112971204.64248075,0.0,0.0,79,0.0
10-226-01361,BIHAR,Munger,Asarganj,0,0,,207,10,1361,,61173.52838786665,72491453.98190036,0.0,0.0,52,0.0
10-226-01362,BIHAR,Munger,Tarapur,0,0,,207,10,1362,,54416.57713098438,86962445.68425661,0.0,0.0,62,0.0
10-226-01364,BIHAR,Munger,Sangrampur,0,0,,207,10,1364,,71205.18318302365,105786037.21986651,0.0,0.0,80,0.0
10-227-01366,BIHAR,Lakhisarai,Pipariya,0,0,,204,10,1366,,87968.2901826016,106258171.87143916,0.0,0.0,76,0.0
10-227-01365,BIHAR,Lakhisarai,Barahiya,0,0,,204,10,1365,,95965.48426593257,248505135.43154767,0.0,0.0,179,0.0
10-227-01367,BIHAR,Lakhisarai,Surajgarha,0,0,,204,10,1367,,140312.1609931406,462726462.37366486,0.00010089506339073182,1.3353758389949799e-05,340,0.004540277852582932
10-227-01368,BIHAR,Lakhisarai,Lakhisarai,0,0,,204,10,1368,,117670.76745524361,181316338.94823277,0.00010089506339073182,6.778028008848205e-06,133,0.0009014777251768113
10-227-01369,BIHAR,Lakhisarai,Chanan*,0,0,,204,10,1369,,86014.87070350182,177670731.10250506,0.00010089506339073182,8.19772390049696e-05,128,0.010493086592636109
10-228-01375,BIHAR,Sheikhpura,Ghat Kusumbha,0,0,,219,10,1375,,80592.24583619394,99088070.68237934,0.0,0.0,70,0.0
10-227-01370,BIHAR,Lakhisarai,Ramgarh Chowk,0,0,,204,10,1370,,98990.57354622113,128567389.13844268,0.00010089506339073182,5.58186995460632e-05,94,0.005246957757329941
10-227-01371,BIHAR,Lakhisarai,Halsi,0,0,,204,10,1371,,82594.8188222393,191441208.6304817,0.00010089506339073182,5.6441125794246036e-05,139,0.007845316485400199
10-228-01372,BIHAR,Sheikhpura,Barbigha,0,0,,219,10,1372,,83879.7675047183,115941853.486741,0.0,0.0,81,0.0
10-228-01373,BIHAR,Sheikhpura,Shekhopur Sarai,0,0,,219,10,1373,,59774.96229914819,65955650.61796794,5.548986431121826e-05,1.7350361438327366e-05,45,0.0007807662647247315
10-228-01374,BIHAR,Sheikhpura,Sheikhpura,0,0,,219,10,1374,,119718.3677454689,225551054.81458032,5.443568500041962e-05,1.1427414562674129e-05,170,0.001942660475654602
10-228-01377,BIHAR,Sheikhpura,Ariari,0,0,,219,10,1377,,87552.5859976097,183445963.63454768,5.443568500041962e-05,4.204522093696316e-05,137,0.005760195268363953
10-229-01378,BIHAR,Nalanda,Karai Parsurai,0,0,,209,10,1378,,58523.47447411047,82148146.79064696,4.564477749824524e-05,2.054014987421036e-05,60,0.0012324089924526215
10-229-01379,BIHAR,Nalanda,Nagar Nausa,0,0,,209,10,1379,,82570.35159490984,108015836.82811198,4.564477749824524e-05,2.1227542178392414e-05,80,0.001698203374271393
10-229-01380,BIHAR,Nalanda,Harnaut,0,0,,209,10,1380,,124869.90123154312,224385440.0517296,3.657023483276368e-05,1.2720081680961279e-05,161,0.002047933150634766
10-229-01381,BIHAR,Nalanda,Chandi,0,0,,209,10,1381,,70527.81459673235,147156102.481168,3.657023483276368e-05,3.355067415849879e-05,109,0.003657023483276368
10-229-01382,BIHAR,Nalanda,Rahui,0,0,,209,10,1382,,77076.6108369453,152249665.90613127,3.657023483276368e-05,3.521578169080947e-05,108,0.0038033044226074226
10-229-01383,BIHAR,Nalanda,Bind,0,0,,209,10,1383,,70364.80140905235,88091657.81671415,0.0,0.0,66,0.0
10-229-01384,BIHAR,Nalanda,Sarmera,0,0,,209,10,1384,,91044.34634338948,167201876.42476654,0.0,0.0,123,0.0
10-229-01385,BIHAR,Nalanda,Asthawan,0,0,,209,10,1385,,92263.18064708126,171325630.7179731,4.1861658506393434e-05,6.855917377395631e-06,125,0.0008569896721744539
10-229-01387,BIHAR,Nalanda,Noorsarai,0,0,,209,10,1387,,78528.62700534344,151514769.88009417,3.657023483276368e-05,3.6570234832763685e-05,114,0.00416900677093506
10-229-01386,BIHAR,Nalanda,Bihar,0,0,,209,10,1386,,98561.8371020671,215840179.0991975,5.548986431121826e-05,3.673607092165948e-05,160,0.005877771347465516
10-229-01390,BIHAR,Nalanda,Hilsa,0,0,,209,10,1390,,93433.88804652911,175765721.10991755,4.564477749824524e-05,4.5644777498245235e-05,131,0.005979465852270126
10-229-01391,BIHAR,Nalanda,Ekangarsarai,0,0,,209,10,1391,,87121.32234693572,166605847.460251,4.564477749824524e-05,4.564477749824524e-05,122,0.005568662854785919
10-229-01392,BIHAR,Nalanda,Islampur,0,0,,209,10,1392,,109868.69145522316,273834151.4326934,5.453734954833984e-05,5.091614752794049e-05,194,0.009877732620420455
10-229-01393,BIHAR,Nalanda,Ben,0,0,,209,10,1393,,66947.54721379357,127526149.56798536,5.548986431121826e-05,4.5112678715320346e-05,94,0.004240591799240113
10-230-01398,BIHAR,Patna,Maner,0,0,,212,10,1398,,96133.56350709034,213315300.3597084,7.256029490470887e-05,2.2405779091661627e-05,154,0.0034504899801158905
10-229-01394,BIHAR,Nalanda,Rajgir,0,0,,209,10,1394,,88740.45664753366,198129288.77271983,5.548986431121826e-05,5.5088123390820556e-05,147,0.008097954138450622
10-229-01395,BIHAR,Nalanda,Silao,0,0,,209,10,1395,,79220.42929786978,154752836.13944647,5.548986431121826e-05,5.217063106938413e-05,114,0.005947451941909791
10-229-01396,BIHAR,Nalanda,Giriak,0,0,,209,10,1396,,88347.46773236175,99576022.5731765,5.548986431121826e-05,5.5489864311218255e-05,73,0.004050760094718933
10-229-01397,BIHAR,Nalanda,Katrisarai,0,0,,209,10,1397,,38918.76300208476,48673462.28309288,5.548986431121826e-05,5.208281286001206e-05,36,0.0018749812629604342
10-230-01399,BIHAR,Patna,Dinapur-Cum-Khagaul,0,0,,212,10,1399,,78598.21354533077,184765788.04152673,6.633040512084961e-05,1.9653453369140623e-05,135,0.0026532162048339843
10-234-01474,BIHAR,Rohtas,Tilouthu,0,0,,215,10,1474,,73885.57639601533,193504401.97342023,0.00035719509576797486,0.00027563619408716485,140,0.038589067172203076
10-230-01400,BIHAR,Patna,Patna Rural,0,0,,212,10,1400,,87518.10425735511,179850223.48881748,6.633040512084961e-05,1.1645796318927795e-05,131,0.001525599317779541
10-230-01401,BIHAR,Patna,Sampatchak,0,0,,212,10,1401,,53219.7118618291,78902366.60372826,6.633040512084961e-05,2.3273826358192847e-06,57,0.00013266081024169922
10-230-01406,BIHAR,Patna,Dulhin Bazar,0,0,,212,10,1406,,77792.54009458271,136539622.4680228,0.00010943774496078492,8.740510815755287e-05,99,0.008653105707597733
10-230-01402,BIHAR,Patna,Phulwari,0,0,,212,10,1402,,70659.26045014715,135940825.49713776,6.633040512084961e-05,6.356663824081421e-05,96,0.006102397271118164
10-230-01413,BIHAR,Patna,Khusrupur,0,0,,212,10,1413,,46143.60198551767,78201544.387751,0.0,0.0,58,0.0
10-230-01403,BIHAR,Patna,Bihta,0,0,,212,10,1403,,116564.9809665079,244879174.98088208,7.256029490470887e-05,7.012946456668142e-05,182,0.012763562551136018
10-230-01415,BIHAR,Patna,Athmalgola,0,0,,212,10,1415,,47997.69261940102,62827293.65665197,0.0,0.0,47,0.0
10-230-01404,BIHAR,Patna,Naubatpur,0,0,,212,10,1404,,105087.74367689912,205320191.59612688,6.633040512084961e-05,6.633040512084961e-05,153,0.01014855198348999
10-230-01405,BIHAR,Patna,Bikram,0,0,,212,10,1405,,86626.03512108007,186422313.04867813,7.256029490470887e-05,7.078682263047156e-05,137,0.009697794700374605
10-234-01475,BIHAR,Rohtas,Rohtas,0,0,,215,10,1475,,88257.59288547112,389741138.17794544,0.0002751051736068726,0.0002242137046684739,288,0.06457354694452049
10-230-01407,BIHAR,Patna,Paliganj,0,0,,212,10,1407,,129476.3041410336,293354152.7667747,0.00010943774496078492,0.00010780759061372167,214,0.02307082439133644
10-230-01408,BIHAR,Patna,Masaurhi,0,0,,212,10,1408,,108866.13277400887,248716954.87290823,9.695872175216676e-05,8.663457007868907e-05,178,0.015420953474006655
10-230-01409,BIHAR,Patna,Dhanarua,0,0,,212,10,1409,,95102.40821522896,225577653.19725513,9.695872175216676e-05,5.916545703864538e-05,163,0.009643969497299197
10-230-01410,BIHAR,Patna,Punpun,0,0,,212,10,1410,,82554.93388622913,161116560.78819045,6.633040512084961e-05,4.4969766183626854e-05,118,0.005306432409667969
10-230-01411,BIHAR,Patna,Fatwah,0,0,,212,10,1411,,97950.27190535897,155697451.47083917,0.0,0.0,115,0.0
10-230-01412,BIHAR,Patna,Daniawan,0,0,,212,10,1412,,69689.77872311571,79566220.36857046,0.0,0.0,56,0.0
10-230-01414,BIHAR,Patna,Bakhtiarpur,0,0,,212,10,1414,,120205.01587822943,168153072.20481881,0.0,0.0,120,0.0
10-230-01416,BIHAR,Patna,Belchhi,0,0,,212,10,1416,,88573.78025963024,87443681.0926542,0.0,0.0,70,0.0
10-230-01417,BIHAR,Patna,Barh,0,0,,212,10,1417,,95365.9771693495,147280816.515725,0.0,0.0,104,0.0
10-230-01419,BIHAR,Patna,Ghoswari,0,0,,212,10,1419,,66454.95033385535,164897376.1169027,0.0,0.0,126,0.0
10-230-01418,BIHAR,Patna,Pandarak,0,0,,212,10,1418,,106894.44852036482,252509471.6555304,0.0,0.0,180,0.0
10-232-01438,BIHAR,Buxar,Chaugain,0,0,,194,10,1438,,52625.33924401454,66025696.44875917,0.00019473841396331788,0.00019473841396331788,49,0.009542182284202576
10-232-01439,BIHAR,Buxar,Kesath,0,0,,194,10,1439,,34661.84662025829,38236018.49691825,0.00019473841396331788,0.00019473841396331785,29,0.005647414004936218
10-230-01420,BIHAR,Patna,Mokameh,0,0,,212,10,1420,,127700.39840194934,244519830.48183808,0.0,0.0,181,0.0
10-231-01421,BIHAR,Bhojpur,Shahpur,0,0,,193,10,1421,,110658.91431619873,211766871.4500774,0.00020257918617248535,9.148324135159834e-05,156,0.01427138565084934
10-234-01460,BIHAR,Rohtas,Suryapura,0,0,,215,10,1460,,56159.7630280001,69765063.31452103,0.00015863987725257876,0.00015863987725257876,47,0.0074560742308712015
10-231-01422,BIHAR,Bhojpur,Arrah,0,0,,193,10,1422,,120924.06747051864,221925641.7145924,0.00020257918617248535,0.00010787649413600659,159,0.01715236256762505
10-231-01423,BIHAR,Bhojpur,Barhara,0,0,,193,10,1423,,128817.96875565937,258494738.36324885,6.837738609313965e-05,6.586711089648501e-05,191,0.012580618181228638
10-231-01424,BIHAR,Bhojpur,Koilwar,0,0,,193,10,1424,,94779.33453556667,208456312.66749656,7.256029490470887e-05,7.166195207269402e-05,149,0.010677630858831407
10-231-01425,BIHAR,Bhojpur,Sandesh,0,0,,193,10,1425,,60697.76797134289,164599530.19806212,0.00010943774496078492,7.818566864207641e-05,118,0.009225908899765016
10-231-01426,BIHAR,Bhojpur,Udwant Nagar,0,0,,193,10,1426,,92445.60417460876,217797556.82002312,0.00020257918617248535,0.00015089465796666116,161,0.024294039932632447
10-234-01461,BIHAR,Rohtas,Bikramganj,0,0,,215,10,1461,,88556.32896667719,168723569.68103397,0.00015863987725257876,0.00015863987725257876,129,0.02046454416558266
10-231-01427,BIHAR,Bhojpur,Behea,0,0,,193,10,1427,,114516.77527652554,206091349.70539597,0.00020257918617248535,0.00019602849506640435,150,0.02940427425996065
10-231-01428,BIHAR,Bhojpur,Jagdishpur,0,0,,193,10,1428,,109726.00219208181,318463526.4488765,0.00020257918617248535,0.0002017882310812097,228,0.046007716686515814
10-231-01429,BIHAR,Bhojpur,Piro,0,0,,193,10,1429,,100703.96274410955,268205354.86689487,0.00020257918617248535,0.0001720576011329651,200,0.03441152022659302
10-234-01462,BIHAR,Rohtas,Karakat,0,0,,215,10,1462,,102232.22868007293,251121712.10833624,0.00016421005095481874,0.00013934146556296133,176,0.024524097939081193
10-231-01430,BIHAR,Bhojpur,Charpokhari,0,0,,193,10,1430,,88834.1327790213,135855258.49695313,0.00020257918617248535,0.00017551884870318363,95,0.016674290626802445
10-231-01431,BIHAR,Bhojpur,Garhani,0,0,,193,10,1431,,93054.52180151101,137128723.85739592,0.00020257918617248535,0.00019810899566168925,103,0.020405226553153993
10-231-01432,BIHAR,Bhojpur,Agiaon,0,0,,193,10,1432,,87534.07309197474,191419206.17039648,0.00020257918617248535,0.00013425772231637147,139,0.018661823401975634
10-231-01433,BIHAR,Bhojpur,Tarari,0,0,,193,10,1433,,95157.98131215997,247108515.4982669,0.00016421005095481874,0.0001636121227042958,177,0.028959345718660354
10-231-01434,BIHAR,Bhojpur,Sahar,0,0,,193,10,1434,,61748.81499939302,157154129.14318892,0.00016421005095481874,0.00015531540297288163,117,0.01817190214782715
10-232-01435,BIHAR,Buxar,Simri,0,0,,194,10,1435,,87047.69219699135,222195796.247413,0.0002516696688270569,0.000181472051166674,164,0.029761416391334533
10-232-01436,BIHAR,Buxar,Chakki,0,0,,194,10,1436,,73799.54032015939,80420668.23199363,0.00019473841396331788,0.00014200155166842044,64,0.009088099306778908
10-232-01437,BIHAR,Buxar,Barhampur,0,0,,194,10,1437,,133928.15369382405,240152233.65370417,0.00019473841396331788,0.00018276186219663292,173,0.03161780216001749
10-232-01440,BIHAR,Buxar,Dumraon,0,0,,194,10,1440,,115797.88145848007,238641355.07175583,0.00019473841396331788,0.00019447360081441305,169,0.032866038537635804
10-232-01441,BIHAR,Buxar,Buxar,0,0,,194,10,1441,,90996.21871903203,211591033.38394436,0.0002516696688270569,0.0001949655221162784,157,0.030609586972255708
10-232-01442,BIHAR,Buxar,Chausa,0,0,,194,10,1442,,99103.08457070828,138502720.57991108,0.0002699972839355469,0.00021832890941869435,107,0.023361193307800295
10-232-01443,BIHAR,Buxar,Rajpur,0,0,,194,10,1443,,121142.9666413415,336933113.12217736,0.0002699972839355469,0.0001915149020690918,245,0.046921151006927495
10-232-01444,BIHAR,Buxar,Itarhi,0,0,,194,10,1444,,109439.3274763228,293713382.2816445,0.00019386089588165284,0.00019369881697969574,209,0.04048305274875641
10-232-01445,BIHAR,Buxar,Nawanagar,0,0,,194,10,1445,,126567.10382889764,229774401.79100823,0.00019473841396331788,0.00018945501560109604,169,0.03201789763658523
10-233-01446,BIHAR,Kaimur (Bhabua),Ramgarh,0,0,,200,10,1446,,124781.0721120257,206666195.02442607,0.0003499588214874268,0.00029488597443182743,151,0.04452778213920594
10-233-01447,BIHAR,Kaimur (Bhabua),Nuaon,0,0,,200,10,1447,,121732.74643995032,235834986.4758632,0.0002699972839355469,0.00026103188244289827,171,0.0446364518977356
10-233-01448,BIHAR,Kaimur (Bhabua),Kudra,0,0,,200,10,1448,,132624.50147962422,255577893.54332253,0.00030023737686157224,0.00028775733851114905,189,0.05438613697860717
10-233-01449,BIHAR,Kaimur (Bhabua),Mohania,0,0,,200,10,1449,,142323.6809133636,349176573.6513165,0.0003499588214874268,0.00029089064489454036,256,0.07446800509300233
10-233-01450,BIHAR,Kaimur (Bhabua),Durgawati,0,0,,200,10,1450,,108544.41183902678,212580801.4059764,0.0003499588214874268,0.0003499588214874268,154,0.053893658509063726
10-233-01451,BIHAR,Kaimur (Bhabua),Chand,0,0,,200,10,1451,,97099.60209928264,257974481.1925409,0.0003499588214874268,0.00024142786220413576,188,0.04538843809437752
10-233-01452,BIHAR,Kaimur (Bhabua),Chainpur,0,0,,200,10,1452,,170712.34536647963,555311526.8488017,0.0003499588214874268,0.00020503966307670543,407,0.08345114287221911
10-233-01453,BIHAR,Kaimur (Bhabua),Bhabua,0,0,,200,10,1453,,143727.89821118704,407618990.38615096,0.0003499588214874268,0.00028769592205263057,301,0.08659647253784179
10-233-01454,BIHAR,Kaimur (Bhabua),Rampur,0,0,,200,10,1454,,126612.15498309073,210660395.23746365,0.00030023737686157224,0.00023572509310831159,149,0.035123038873138425
10-233-01455,BIHAR,Kaimur (Bhabua),Bhagwanpur,0,0,,200,10,1455,,134815.05705103654,292151198.96788174,0.00030023737686157224,0.0002521056089368703,211,0.05319428348567963
10-233-01456,BIHAR,Kaimur (Bhabua),Adhaura,0,0,,200,10,1456,,271357.2345421078,1135984955.9859164,0.00030023737686157224,0.00010661645361548857,833,0.08881150586170197
10-234-01457,BIHAR,Rohtas,Kochas,0,0,,215,10,1457,,90248.48407846906,187033418.62218276,0.0002699972839355469,0.0002058328852153547,132,0.02716994084842682
10-234-01458,BIHAR,Rohtas,Dinara,0,0,,215,10,1458,,157118.7651045217,464648316.8452498,0.00017692365062713623,0.0001726342023281198,341,0.05886826299388885
10-234-01459,BIHAR,Rohtas,Dawath,0,0,,215,10,1459,,78120.6651060775,129910427.66035384,0.00015863987725257876,0.00015863987725257876,94,0.014912148461742405
10-234-01466,BIHAR,Rohtas,Nokha,0,0,,215,10,1466,,82152.91978314315,208772248.59610957,0.00035719509576797486,0.0002748931786704708,148,0.04068419044322968
10-235-01476,BIHAR,Aurangabad,Daudnagar,0,0,,189,10,1476,,91010.07504965532,238139281.75712803,8.095057567596437e-05,6.056262512645503e-05,174,0.010537896772003175
10-234-01467,BIHAR,Rohtas,Kargahar,0,0,,215,10,1467,,128509.87472624176,406135690.59563094,0.00035719509576797486,0.00029189186741287646,296,0.08639999275421142
10-234-01468,BIHAR,Rohtas,Chenari,0,0,,215,10,1468,,121720.69626398994,292642418.8385522,0.00035719509576797486,0.0002017709971046448,215,0.04338076437749863
10-234-01469,BIHAR,Rohtas,Nauhatta,0,0,,215,10,1469,,175494.75594492842,478591449.404211,0.00012439769958496095,0.00011360668473878824,354,0.04021676639753104
10-234-01470,BIHAR,Rohtas,Sheosagar,0,0,,215,10,1470,,135463.8765525897,406503956.12222886,0.00035719509576797486,0.00029376924083813165,295,0.08666192604724884
10-234-01471,BIHAR,Rohtas,Sasaram,0,0,,215,10,1471,,135810.11950728856,394273130.8742507,0.00035719509576797486,0.00032463749697632626,290,0.09414487412313462
10-234-01473,BIHAR,Rohtas,Dehri,0,0,,215,10,1473,,97323.52013589225,199371136.99043605,0.00035719509576797486,0.00014803794679220793,145,0.02146550228487015
10-235-01477,BIHAR,Aurangabad,Haspura,0,0,,189,10,1477,,88845.10694940752,164519986.5205008,8.540717480421066e-05,5.807116626191731e-05,121,0.0070266111176919945
10-235-01478,BIHAR,Aurangabad,Goh,0,0,,189,10,1478,,122286.20877621078,374665187.3660463,8.540717480421066e-05,7.764080262937966e-05,272,0.02111829831519127
10-236-01491,BIHAR,Gaya,Neem Chak Bathani,0,0,,196,10,1491,,79540.44278654993,146770773.7769567,5.453734954833984e-05,5.453734954833984e-05,103,0.0056173470034790035
10-235-01479,BIHAR,Aurangabad,Rafiganj,0,0,,189,10,1479,,167069.30684925965,465687847.79432577,9.151749988555908e-05,7.825089296498957e-05,341,0.02668355450106144
10-235-01480,BIHAR,Aurangabad,Obra,0,0,,189,10,1480,,130720.05569071589,327203821.09876627,0.00024515951457977295,7.40793022366214e-05,237,0.01755679463007927
10-236-01494,BIHAR,Gaya,Manpur,0,0,,196,10,1494,,77081.78707553667,161226183.41058797,9.92317529296875e-05,9.785146404432214e-05,115,0.011252918365097047
10-235-01481,BIHAR,Aurangabad,Aurangabad,0,0,,189,10,1481,,125502.68609205673,344679798.38062614,0.00024515951457977295,0.00011461760251849888,256,0.029342106244735714
10-237-01511,BIHAR,Nawada,Nardiganj,0,0,,210,10,1511,,60262.24041371029,129808165.4472442,5.548986431121826e-05,5.548986431121826e-05,95,0.005271537109565735
10-235-01482,BIHAR,Aurangabad,Barun,0,0,,189,10,1482,,117269.30390529483,381782699.30215496,0.00024515951457977295,0.0001923780699321202,280,0.05386585958099366
10-235-01483,BIHAR,Aurangabad,Nabinagar,0,0,,189,10,1483,,173491.30877801325,657546828.2218357,0.0002751051736068726,0.00021899696394050592,483,0.10577553358326436
10-235-01484,BIHAR,Aurangabad,Kutumba,0,0,,189,10,1484,,110495.73757590447,319048251.76106954,0.00024515951457977295,0.00020523680402864013,229,0.04699922812255859
10-235-01485,BIHAR,Aurangabad,Deo,0,0,,189,10,1485,,158578.88849021672,336990745.1586724,0.00024515951457977295,0.00012480168906933757,251,0.03132522395640373
10-235-01486,BIHAR,Aurangabad,Madanpur,0,0,,189,10,1486,,153529.37367368402,418713952.50229967,9.19880566740036e-05,8.24924948814849e-05,309,0.025490180918378832
10-236-01487,BIHAR,Gaya,Konch,0,0,,196,10,1487,,154041.56172387034,319288521.7326548,9.151749988555908e-05,8.719813215564035e-05,232,0.020229966660108564
10-236-01488,BIHAR,Gaya,Tikari,0,0,,196,10,1488,,122221.36853604284,290576655.12704176,9.92317529296875e-05,8.048494610398187e-05,218,0.017545718250668047
10-236-01489,BIHAR,Gaya,Belaganj,0,0,,196,10,1489,,113473.13279109563,240372540.95814112,6.748510856628419e-05,6.748510856628417e-05,180,0.012147319541931151
10-236-01490,BIHAR,Gaya,Khizirsarai,0,0,,196,10,1490,,103698.13096672995,223124430.97950032,9.92317529296875e-05,6.151374376794063e-05,165,0.010149767721710204
10-236-01492,BIHAR,Gaya,Muhra,0,0,,196,10,1492,,93681.45756176667,181269438.2139707,0.00018778286071777345,7.642769488605101e-05,134,0.010241311114730835
10-236-01493,BIHAR,Gaya,Atri,0,0,,196,10,1493,,103075.15367958385,161340647.62451813,0.00018778286071777345,8.058297241691782e-05,119,0.00958937371761322
10-236-01495,BIHAR,Gaya,Gaya Town C.D.Block,0,0,,196,10,1495,,91678.58033080616,224144813.6021213,9.92317529296875e-05,9.46965180206299e-05,161,0.015246139401321412
10-236-01496,BIHAR,Gaya,Paraiya,0,0,,196,10,1496,,75593.31264449215,167300846.5298876,9.92317529296875e-05,9.486034287134806e-05,120,0.011383241144561768
10-236-01497,BIHAR,Gaya,Guraru,0,0,,196,10,1497,,81292.54933661391,199646285.7542363,9.151749988555908e-05,9.151749988555909e-05,147,0.013453072483177186
10-237-01512,BIHAR,Nawada,Nawada,0,0,,210,10,1512,,86822.75137888109,219317998.1072041,0.00019713571809768678,6.360969032445532e-05,157,0.009986721380939485
10-236-01498,BIHAR,Gaya,Gurua,0,0,,196,10,1498,,117859.62964526065,238015237.1519128,9.92317529296875e-05,9.098934621910141e-05,173,0.015741156895904544
10-236-01499,BIHAR,Gaya,Amas,0,0,,196,10,1499,,100546.69423332924,128484051.44985774,9.19880566740036e-05,8.744792064541265e-05,95,0.008307552461314201
10-237-01517,BIHAR,Nawada,Roh,0,0,,210,10,1517,,77804.52626079548,192537548.9783989,0.00019713571809768678,0.00012635894597166114,144,0.018195688219919202
10-236-01500,BIHAR,Gaya,Banke Bazar,0,0,,196,10,1500,,85166.97220092022,256240042.68049288,9.19880566740036e-05,8.865000626279463e-05,186,0.0164889011648798
10-236-01501,BIHAR,Gaya,Imamganj,0,0,,196,10,1501,,136271.57775821586,316917295.57645696,0.00013168253593444826,9.963807695007723e-05,239,0.02381350039106846
10-236-01502,BIHAR,Gaya,Dumaria,0,0,,196,10,1502,,119690.94596035974,390676703.928496,0.00016566124748229982,0.00010970660877559059,285,0.03126638350104332
10-236-01503,BIHAR,Gaya,Sherghati,0,0,,196,10,1503,,100322.2973073121,167902109.12194017,0.00012655001663208009,9.129798803469031e-05,123,0.011229652528266907
10-238-01531,BIHAR,Jamui,Gidhaur,0,0,,198,10,1531,,55211.5633940527,100392309.18230554,0.00015614657929420472,0.00012594241726697288,75,0.009445681295022965
10-236-01504,BIHAR,Gaya,Dobhi,0,0,,196,10,1504,,103572.88994215836,218837778.49499393,0.00012655001663208009,0.00011949616261073522,161,0.01923888218032837
10-236-01505,BIHAR,Gaya,Bodh Gaya,0,0,,196,10,1505,,120948.91182130505,306843965.9119923,0.00012655001663208009,0.000101421398600371,230,0.02332692167808533
10-236-01506,BIHAR,Gaya,Tan Kuppa,0,0,,196,10,1506,,108147.94853451202,190099968.23000297,0.00018778286071777345,0.00015417545803105654,134,0.020659511376161576
10-240-01542,BIHAR,Arwal,Arwal,0,0,,611,10,1542,,73924.8054791393,147787869.27798152,0.00016421005095481874,0.00012365747824769752,104,0.012860377737760543
10-236-01507,BIHAR,Gaya,Wazirganj,0,0,,196,10,1507,,105472.06999302967,323030583.61833626,0.00018778286071777345,0.0001799033129908675,236,0.042457181865844726
10-236-01508,BIHAR,Gaya,Fatehpur,0,0,,196,10,1508,,155359.44599717355,408449805.62920874,0.00027909747940063476,0.00018101066887391242,304,0.055027243337669375
10-240-01543,BIHAR,Arwal,Kaler,0,0,,611,10,1543,,67777.19153730445,176075758.749563,0.00016421005095481874,0.00014630804412295802,131,0.0191663537801075
10-236-01509,BIHAR,Gaya,Mohanpur,0,0,,196,10,1509,,119906.24818546322,418796109.2883684,0.00017380886397361757,0.00014075578622103525,303,0.04264900322497368
10-240-01544,BIHAR,Arwal,Karpi,0,0,,611,10,1544,,158139.92638461498,234985661.7206014,0.00016421005095481874,0.00010401808350181856,172,0.017891110362312793
10-236-01510,BIHAR,Gaya,Barachatti,0,0,,196,10,1510,,138753.78132836288,366328956.31361085,0.00017380886397361757,0.00013067442512734154,275,0.03593546691001892
10-237-01513,BIHAR,Nawada,Warisaliganj,0,0,,210,10,1513,,109792.76918459819,202861050.3008767,5.548986431121826e-05,4.696064707282449e-05,147,0.0069032151197052005
10-237-01514,BIHAR,Nawada,Kashi Chak,0,0,,210,10,1514,,73948.94452619922,98983451.20841853,4.1861658506393434e-05,4.186165850639344e-05,72,0.0030140394124603277
10-237-01515,BIHAR,Nawada,Pakribarawan,0,0,,210,10,1515,,104545.76938151139,251834567.85717744,4.1861658506393434e-05,4.1861658506393434e-05,184,0.0077025451651763915
10-237-01516,BIHAR,Nawada,Kawakol,0,0,,210,10,1516,,121170.20018263235,362955647.76482904,0.00014826336380004883,8.934021390420153e-05,266,0.023764496898517607
10-237-01518,BIHAR,Nawada,Gobindpur,0,0,,210,10,1518,,73133.35659787485,188189390.13263756,0.00019713571809768678,0.00016152871710940772,140,0.02261402039531708
10-237-01519,BIHAR,Nawada,Akbarpur,0,0,,210,10,1519,,91268.2921062847,249541236.96202633,0.00019713571809768678,0.0001971357180976868,184,0.03627297212997437
10-237-01520,BIHAR,Nawada,Hisua,0,0,,210,10,1520,,85113.4923130193,144090762.99664384,0.00019713571809768678,0.00016397878189178613,104,0.01705379331674576
10-237-01521,BIHAR,Nawada,Narhat,0,0,,210,10,1521,,62856.50481924386,99624005.77002536,0.00019713571809768678,0.00019713571809768678,69,0.013602364548740389
10-237-01522,BIHAR,Nawada,Meskaur,0,0,,210,10,1522,,75185.00287586387,145604023.18435815,0.00019713571809768678,0.00019045510568346298,112,0.021330971836547852
10-237-01523,BIHAR,Nawada,Sirdala,0,0,,210,10,1523,,111278.51695598938,301894539.186342,0.00027909747940063476,0.00020399761078178334,218,0.04447147915042877
10-237-01524,BIHAR,Nawada,Rajauli,0,0,,210,10,1524,,132370.86211000624,450216393.36794454,0.00027909747940063476,0.00022335306745214148,333,0.07437657146156311
10-238-01525,BIHAR,Jamui,Islamnagar Aliganj,0,0,,198,10,1525,,96153.77396855215,213408239.47295904,7.078538009643555e-05,5.313005381272389e-05,156,0.008288288394784927
10-238-01526,BIHAR,Jamui,Sikandra,0,0,,198,10,1526,,86788.2538333537,223096734.30010977,0.00015614657929420472,5.838936151951919e-05,162,0.009459076566162109
10-238-01527,BIHAR,Jamui,Jamui,0,0,,198,10,1527,,90084.78430112793,212157753.6648698,0.00010089506339073182,0.00010029558754053424,155,0.015545816068782806
10-238-01528,BIHAR,Jamui,Barhat,0,0,,198,10,1528,,114104.37581341481,270298087.1382075,0.00010089506339073182,8.399385987857876e-05,197,0.016546790396080015
10-238-01529,BIHAR,Jamui,Lakshmipur,0,0,,198,10,1529,,112147.89260238525,307635253.00857943,0.00010089506339073182,2.690535023752848e-05,225,0.006053703803443908
10-238-01530,BIHAR,Jamui,Jhajha,0,0,,198,10,1530,,147664.43327942316,507112726.974952,0.00015614657929420472,0.00011673081112719872,370,0.04319040011706353
10-238-01532,BIHAR,Jamui,Khaira,0,0,,198,10,1532,,142747.05687020053,513762691.7981683,0.00015614657929420472,0.00011849186681451467,377,0.04467143378907203
10-238-01533,BIHAR,Jamui,Sono,0,0,,198,10,1533,,117724.39892386932,474283005.7300444,0.00015614657929420472,0.00015032479818519003,349,0.052463354566631315
10-238-01534,BIHAR,Jamui,Chakai,0,0,,198,10,1534,,243956.2217086091,956725034.6798706,0.00015614657929420472,0.00011487681369748797,700,0.08041376958824158
10-239-01535,BIHAR,Jehanabad,Ratni Faridpur,0,0,,199,10,1535,,82762.53932271499,155018952.20303965,0.00010943774496078492,9.639234242899375e-05,114,0.010988727036905288
10-239-01536,BIHAR,Jehanabad,Jehanabad,0,0,,199,10,1536,,97254.09844747804,201426556.69272655,9.695872175216676e-05,9.695872175216677e-05,148,0.014349890819320681
10-239-01537,BIHAR,Jehanabad,Kako,0,0,,199,10,1537,,83599.3529020472,162373941.78194478,9.695872175216676e-05,9.695872175216677e-05,118,0.011441129166755678
10-239-01538,BIHAR,Jehanabad,Modanganj,0,0,,199,10,1538,,66522.90037500951,97205276.85869928,9.695872175216676e-05,5.9774704176861306e-05,69,0.00412445458820343
10-239-01539,BIHAR,Jehanabad,Ghoshi,0,0,,199,10,1539,,82931.95174196921,112225161.55433495,9.695872175216676e-05,7.782141372588744e-05,83,0.006459177339248658
10-239-01540,BIHAR,Jehanabad,Makhdumpur,0,0,,199,10,1540,,128831.72570768485,301471679.33572614,9.695872175216676e-05,7.074486302002233e-05,217,0.015351635275344847
10-239-01541,BIHAR,Jehanabad,Hulasganj,0,0,,199,10,1541,,87179.53907708311,119677697.18988888,9.695872175216676e-05,5.727014780489603e-05,90,0.005154313302440643
10-240-01545,BIHAR,Arwal,Sonbhadra Banshi Suryapur,0,0,,611,10,1545,,62692.97791397586,116643000.97724338,0.00010943774496078492,9.119767363712011e-05,83,0.00756940691188097
10-240-01546,BIHAR,Arwal,Kurtha,0,0,,611,10,1546,,71585.17106640573,106433073.5354984,0.00010943774496078492,9.71143756497212e-05,78,0.007574921300678253
10-224-01334,BIHAR,Bhagalpur,Gopalpur,0,0,,192,10,1334,,95407.9186210158,208941966.91883087,0.0,0.0,153,0.0
10-210-01127,BIHAR,Kishanganj,Kishanganj,0,0,,203,10,1127,,125268.33771117091,207105687.55921903,0.0,0.0,152,0.0
10-206-01064,BIHAR,Sitamarhi,Suppi,0,0,,221,10,1064,,71084.15120823232,92250451.53846286,0.0,0.0,66,0.0
10-234-01463,BIHAR,Rohtas,Nasriganj,0,0,,215,10,1463,,90034.07903274363,167356919.18355417,0.00021821819322586064,0.00018586040459617732,126,0.023418410979118343
10-234-01464,BIHAR,Rohtas,Rajpur,0,0,,215,10,1464,,68660.48684625747,85633596.4997788,0.0001697544079875946,0.0001697544079875946,63,0.01069452770321846
10-234-01465,BIHAR,Rohtas,Sanjhauli,0,0,,215,10,1465,,56591.722358052,83833486.39015438,0.00019048349678993227,0.00018653509892282034,63,0.01175171123213768
10-203-01023,BIHAR,Pashchim Champaran,Thakrahan,0,0,,211,10,1023,,79847.09402015881,199004696.79409248,0.0,0.0,145,0.0
10-204-01054,BIHAR,Purbi Champaran,Phenhara,0,0,,213,10,1054,,44565.43736457999,67645025.94776015,0.0,0.0,51,0.0
10-219-01262,BIHAR,Saran,Maker,0,0,,218,10,1262,,62357.8736467211,96585777.9808088,0.0,0.0,71,0.0
10-220-01282,BIHAR,Vaishali,Sahdai Buzurg,0,0,,224,10,1282,,74546.65030748869,114161677.3631406,0.0,0.0,84,0.0
10-229-01388,BIHAR,Nalanda,Tharthari,0,0,,209,10,1388,,71853.42144919158,77411758.12428828,0.00034465625442504883,0.00029762303300080473,54,0.016071643782043454
10-229-01389,BIHAR,Nalanda,Parbalpur,0,0,,209,10,1389,,54466.2339431045,76043839.88376136,0.00034465625442504883,0.0002636679267174857,56,0.0147654038961792
10-203-01022,BIHAR,Pashchim Champaran,Bhitaha,0,0,,211,10,1022,,72626.86760213553,166969906.7472905,0.0,0.0,117,0.0
10-203-01013,BIHAR,Pashchim Champaran,Sidhaw,0,0,,211,10,1013,,195582.3602130639,1085337194.6715722,0.0,0.0,781,0.0
10-203-01014,BIHAR,Pashchim Champaran,Ramnagar,0,0,,211,10,1014,,230865.78384139363,866139404.2451236,0.0,0.0,621,0.0
10-203-01015,BIHAR,Pashchim Champaran,Gaunaha,0,0,,211,10,1015,,136504.94021895694,605322845.3823951,0.0,0.0,441,0.0
10-203-01016,BIHAR,Pashchim Champaran,Mainatanr,0,0,,211,10,1016,,115419.13930249632,312998546.4010918,0.0,0.0,221,0.0
10-203-01017,BIHAR,Pashchim Champaran,Narkatiaganj,0,0,,211,10,1017,,149144.20649331805,441857686.2127825,0.0,0.0,314,0.0
10-203-01018,BIHAR,Pashchim Champaran,Lauriya,0,0,,211,10,1018,,120853.32018665274,255440417.54612216,0.0,0.0,183,0.0
10-203-01019,BIHAR,Pashchim Champaran,Bagaha,0,0,,211,10,1019,,135587.24079810514,491292931.53180623,0.0,0.0,352,0.0
10-203-01021,BIHAR,Pashchim Champaran,Madhubani,0,0,,211,10,1021,,144670.82201821523,386116138.1353823,0.0,0.0,276,0.0
10-203-01024,BIHAR,Pashchim Champaran,Jogapatti,0,0,,211,10,1024,,88530.23644360513,258722436.3759333,0.0,0.0,186,0.0
10-203-01029,BIHAR,Pashchim Champaran,Bairia,0,0,,211,10,1029,,105039.82861382668,288505226.87341565,0.0,0.0,208,0.0
10-203-01025,BIHAR,Pashchim Champaran,Chanpatia,0,0,,211,10,1025,,113543.7602983494,310017349.34780717,0.0,0.0,226,0.0
10-206-01071,BIHAR,Sitamarhi,Parsauni,0,0,,221,10,1071,,63729.135625112256,74724139.64418457,0.0,0.0,55,0.0
10-203-01026,BIHAR,Pashchim Champaran,Sikta,0,0,,211,10,1026,,93443.22825707054,255004178.86147365,0.0,0.0,183,0.0
10-203-01027,BIHAR,Pashchim Champaran,Majhaulia,0,0,,211,10,1027,,123374.4030721297,371511179.15939575,0.0,0.0,265,0.0
10-203-01028,BIHAR,Pashchim Champaran,Bettiah,0,0,,211,10,1028,,53968.26030594324,83182055.35378212,0.0,0.0,59,0.0
10-203-01030,BIHAR,Pashchim Champaran,Nautan,0,0,,211,10,1030,,122656.63983711715,245738630.13883996,0.0,0.0,171,0.0
10-204-01031,BIHAR,Purbi Champaran,Raxaul,0,0,,213,10,1031,,98709.78801801558,166685360.13968688,0.0,0.0,124,0.0
10-206-01072,BIHAR,Sitamarhi,Belsand,0,0,,221,10,1072,,66235.5873217276,97354060.86547032,0.0,0.0,70,0.0
10-206-01073,BIHAR,Sitamarhi,Runisaidpur,0,0,,221,10,1073,,152472.54206325076,334873257.0825382,0.0,0.0,243,0.0
10-204-01032,BIHAR,Purbi Champaran,Adapur,0,0,,213,10,1032,,94532.37688292323,199608924.7111849,0.0,0.0,148,0.0
10-206-01074,BIHAR,Sitamarhi,Dumra,0,0,,221,10,1074,,111649.34177378344,241159212.36062923,0.0,0.0,178,0.0
10-204-01033,BIHAR,Purbi Champaran,Ramgarhwa,0,0,,213,10,1033,,90718.26831189607,213035907.5226096,0.0,0.0,154,0.0
10-204-01034,BIHAR,Purbi Champaran,Sugauli,0,0,,213,10,1034,,84892.41923436844,209336830.19001696,0.0,0.0,149,0.0
10-204-01038,BIHAR,Purbi Champaran,Ghorasahan,0,0,,213,10,1038,,75335.10865687576,144368243.47105,0.0,0.0,104,0.0
10-204-01035,BIHAR,Purbi Champaran,Banjaria,0,0,,213,10,1035,,102381.40449613356,176960195.87167916,0.0,0.0,124,0.0
10-204-01047,BIHAR,Purbi Champaran,Kesaria,0,0,,213,10,1047,,87546.8206889307,229535442.11688668,0.0,0.0,168,0.0
10-204-01036,BIHAR,Purbi Champaran,Narkatia,0,0,,213,10,1036,,105607.09704406632,168338010.30978012,0.0,0.0,120,0.0
10-204-01037,BIHAR,Purbi Champaran,Bankatwa,0,0,,213,10,1037,,99233.37216886049,115311013.90225838,0.0,0.0,82,0.0
10-204-01039,BIHAR,Purbi Champaran,Dhaka,0,0,,213,10,1039,,97673.73467814895,202386545.86227983,0.0,0.0,145,0.0
10-204-01048,BIHAR,Purbi Champaran,Kalyanpur,0,0,,213,10,1048,,109413.20044555076,313300912.50613195,0.0,0.0,230,0.0
10-204-01040,BIHAR,Purbi Champaran,Chiraia,0,0,,213,10,1040,,110764.71696779084,272984575.32652414,0.0,0.0,199,0.0
10-204-01041,BIHAR,Purbi Champaran,Motihari,0,0,,213,10,1041,,181544.26702654368,319814691.13850176,0.0,0.0,241,0.0
10-204-01049,BIHAR,Purbi Champaran,Kotwa,0,0,,213,10,1049,,78879.98205471091,178282937.71225017,0.0,0.0,126,0.0
10-204-01042,BIHAR,Purbi Champaran,Turkaulia,0,0,,213,10,1042,,99475.78497366334,174748315.94966665,0.0,0.0,130,0.0
10-204-01050,BIHAR,Purbi Champaran,Piprakothi,0,0,,213,10,1050,,58369.33889310607,62223774.49301849,0.0,0.0,45,0.0
10-204-01043,BIHAR,Purbi Champaran,Harsidhi,0,0,,213,10,1043,,133904.34238337883,240218359.62130272,0.0,0.0,173,0.0
10-204-01044,BIHAR,Purbi Champaran,Paharpur,0,0,,213,10,1044,,108730.62076802726,192061375.0173064,0.0,0.0,144,0.0
10-204-01045,BIHAR,Purbi Champaran,Areraj,0,0,,213,10,1045,,93331.67353690567,242725576.26244012,0.0,0.0,174,0.0
10-204-01046,BIHAR,Purbi Champaran,Sangrampur,0,0,,213,10,1046,,78133.67961210197,187659878.02718252,0.0,0.0,133,0.0
10-204-01051,BIHAR,Purbi Champaran,Chakia(Pipra),0,0,,213,10,1051,,129110.66914194856,212940547.80779588,0.0,0.0,145,0.0
10-204-01052,BIHAR,Purbi Champaran,Pakri Dayal,0,0,,213,10,1052,,90143.40730437863,148110040.62869397,0.0,0.0,106,0.0
10-204-01053,BIHAR,Purbi Champaran,Patahi,0,0,,213,10,1053,,85994.51677214028,144960443.14880535,0.0,0.0,100,0.0
10-204-01055,BIHAR,Purbi Champaran,Madhuban,0,0,,213,10,1055,,112681.00006095257,152424272.44650427,0.0,0.0,114,0.0
10-204-01056,BIHAR,Purbi Champaran,Tetaria,0,0,,213,10,1056,,82320.72754353678,104458405.63845472,0.0,0.0,74,0.0
10-205-01058,BIHAR,Sheohar,Purnahiya,0,0,,220,10,1058,,57294.126150412616,80859097.14068061,0.0,0.0,59,0.0
10-204-01057,BIHAR,Purbi Champaran,Mehsi,0,0,,213,10,1057,,125063.78039343117,149773808.08158112,0.0,0.0,108,0.0
10-205-01059,BIHAR,Sheohar,Piprarhi,0,0,,220,10,1059,,105870.45511307275,104265216.9562483,0.0,0.0,77,0.0
10-205-01060,BIHAR,Sheohar,Sheohar,0,0,,220,10,1060,,81007.5322908237,115638983.35873616,0.0,0.0,83,0.0
10-205-01061,BIHAR,Sheohar,Dumri Katsari,0,0,,220,10,1061,,65038.65439014734,84655470.24819931,0.0,0.0,59,0.0
10-205-01062,BIHAR,Sheohar,Tariani Chowk,0,0,,220,10,1062,,97491.22869259815,171878914.60720828,0.0,0.0,126,0.0
10-206-01063,BIHAR,Sitamarhi,Bairgania,0,0,,221,10,1063,,59598.621146511534,94417571.99630062,0.0,0.0,70,0.0
10-206-01065,BIHAR,Sitamarhi,Majorganj,0,0,,221,10,1065,,62808.55729710282,95411217.42446172,0.0,0.0,68,0.0
10-206-01066,BIHAR,Sitamarhi,Sonbarsa,0,0,,221,10,1066,,92820.94699371175,224104085.6083578,0.0,0.0,155,0.0
10-206-01067,BIHAR,Sitamarhi,Parihar,0,0,,221,10,1067,,86838.20299610356,272812569.4060281,0.0,0.0,197,0.0
10-207-01095,BIHAR,Madhubani,Rajnagar,0,0,,206,10,1095,,78809.12744912357,223111125.2667772,0.0,0.0,158,0.0
10-206-01068,BIHAR,Sitamarhi,Sursand,0,0,,221,10,1068,,91215.71647520129,181412871.1123928,0.0,0.0,134,0.0
10-206-01069,BIHAR,Sitamarhi,Bathnaha,0,0,,221,10,1069,,120764.04051803834,251403523.12922087,0.0,0.0,185,0.0
10-206-01070,BIHAR,Sitamarhi,Riga,0,0,,221,10,1070,,129433.73210860479,163724219.02092636,0.0,0.0,114,0.0
10-210-01123,BIHAR,Kishanganj,Thakurganj,0,0,,203,10,1123,,224971.2940646554,491161543.46963537,0.0,0.0,353,0.0
10-210-01124,BIHAR,Kishanganj,Pothia,0,0,,203,10,1124,,167388.9118766352,443844792.4531903,0.0,0.0,321,0.0
10-210-01125,BIHAR,Kishanganj,Bahadurganj,0,0,,203,10,1125,,155296.13881782343,347494200.8377232,0.0,0.0,251,0.0
10-210-01126,BIHAR,Kishanganj,Kochadhamin,0,0,,203,10,1126,,139640.52665725534,360840233.8364798,0.0,0.0,258,0.0
10-211-01128,BIHAR,Purnia,Banmankhi,0,0,,214,10,1128,,142815.61519736593,459936087.34673214,0.0,0.0,333,0.0
10-206-01075,BIHAR,Sitamarhi,Bajpatti,0,0,,221,10,1075,,90407.29439213518,174303329.1783474,0.0,0.0,125,0.0
10-206-01076,BIHAR,Sitamarhi,Charaut,0,0,,221,10,1076,,85128.15752493152,91349700.81924292,0.0,0.0,62,0.0
10-206-01077,BIHAR,Sitamarhi,Pupri,0,0,,221,10,1077,,73992.24203369493,115338203.66308306,0.0,0.0,82,0.0
10-206-01078,BIHAR,Sitamarhi,Nanpur,0,0,,221,10,1078,,73315.01223618646,135892566.9983101,0.0,0.0,100,0.0
10-220-01283,BIHAR,Vaishali,Mahnar,0,0,,224,10,1283,,81638.1139853176,126474580.44313861,0.0,0.0,89,0.0
10-206-01079,BIHAR,Sitamarhi,Bokhara,0,0,,221,10,1079,,81978.13188098712,108574895.39827529,0.0,0.0,79,0.0
10-207-01080,BIHAR,Madhubani,Madhwapur,0,0,,206,10,1080,,88808.76172423853,137557654.90878707,0.0,0.0,103,0.0
10-207-01081,BIHAR,Madhubani,Harlakhi,0,0,,206,10,1081,,90217.76640094945,187441757.00046396,0.0,0.0,138,0.0
10-207-01082,BIHAR,Madhubani,Basopatti,0,0,,206,10,1082,,97634.90682970545,164238774.4639331,0.0,0.0,122,0.0
10-207-01089,BIHAR,Madhubani,Khajauli,0,0,,206,10,1089,,91171.28062794723,150968724.81279027,0.0,0.0,108,0.0
10-207-01083,BIHAR,Madhubani,Jainagar,0,0,,206,10,1083,,81489.61423509955,161880108.8306139,0.0,0.0,115,0.0
10-207-01090,BIHAR,Madhubani,Kaluahi,0,0,,206,10,1090,,62305.281593423286,101560283.08963235,0.0,0.0,75,0.0
10-207-01084,BIHAR,Madhubani,Ladania,0,0,,206,10,1084,,97928.14946240213,232665607.5684243,0.0,0.0,164,0.0
10-207-01085,BIHAR,Madhubani,Laukaha,0,0,,206,10,1085,,102032.19667129294,266340932.00179368,0.0,0.0,197,0.0
10-207-01086,BIHAR,Madhubani,Laukahi,0,0,,206,10,1086,,109679.24973352649,329223432.564553,0.0,0.0,237,0.0
10-207-01087,BIHAR,Madhubani,Phulparas,0,0,,206,10,1087,,117974.41186319289,199352334.8677591,0.0,0.0,140,0.0
10-207-01088,BIHAR,Madhubani,Babubarhi,0,0,,206,10,1088,,118996.04641992833,237192379.86086744,0.0,0.0,174,0.0
10-207-01091,BIHAR,Madhubani,Benipatti,0,0,,206,10,1091,,128414.2409747215,328987645.9449377,0.0,0.0,231,0.0
10-207-01092,BIHAR,Madhubani,Bisfi,0,0,,206,10,1092,,99754.46134559005,226192948.413646,0.0,0.0,165,0.0
10-207-01093,BIHAR,Madhubani,Madhubani,0,0,,206,10,1093,,109764.71764889831,200359220.56727448,0.0,0.0,142,0.0
10-207-01094,BIHAR,Madhubani,Pandaul,0,0,,206,10,1094,,102372.75527307783,208327489.63825428,0.0,0.0,148,0.0
10-207-01096,BIHAR,Madhubani,Andhratharhi,0,0,,206,10,1096,,97300.5167595078,186769445.10608673,0.0,0.0,134,0.0
10-207-01097,BIHAR,Madhubani,Jhanjharpur,0,0,,206,10,1097,,125261.96837896874,181284371.95402232,0.0,0.0,132,0.0
10-207-01098,BIHAR,Madhubani,Ghoghardiha,0,0,,206,10,1098,,114215.40677637524,211228851.4219488,0.0,0.0,159,0.0
10-207-01099,BIHAR,Madhubani,Lakhnaur,0,0,,206,10,1099,,72956.74167609161,146945623.14022,0.0,0.0,110,0.0
10-207-01100,BIHAR,Madhubani,Madhepur,0,0,,206,10,1100,,144505.38034518834,300452948.5687113,0.0,0.0,212,0.0
10-208-01101,BIHAR,Supaul,Nirmali,0,0,,223,10,1101,,123310.21889922836,162734364.67066902,0.0,0.0,118,0.0
10-208-01102,BIHAR,Supaul,Basantpur,0,0,,223,10,1102,,136288.63693043106,319456339.75100917,0.0,0.0,228,0.0
10-208-01103,BIHAR,Supaul,Chhatapur,0,0,,223,10,1103,,142271.17176584958,398825687.2446475,0.0,0.0,285,0.0
10-208-01104,BIHAR,Supaul,Pratapganj,0,0,,223,10,1104,,71155.69013184242,133032565.19323792,0.0,0.0,97,0.0
10-208-01105,BIHAR,Supaul,Raghopur,0,0,,223,10,1105,,111831.20983491397,255841046.48838165,0.0,0.0,187,0.0
10-221-01285,BIHAR,Samastipur,Warisnagar,0,0,,217,10,1285,,90241.30323013186,163846086.5162723,0.0,0.0,120,0.0
10-208-01106,BIHAR,Supaul,Saraigarh Bhaptiyahi,0,0,,223,10,1106,,105489.5116383213,257042943.27229512,0.0,0.0,189,0.0
10-208-01107,BIHAR,Supaul,Kishanpur,0,0,,223,10,1107,,125516.73810076228,248613546.3002807,0.0,0.0,177,0.0
10-208-01108,BIHAR,Supaul,Marauna,0,0,,223,10,1108,,114969.59778192453,206419565.01179272,0.0,0.0,149,0.0
10-208-01109,BIHAR,Supaul,Supaul,0,0,,223,10,1109,,122628.008173687,390920691.5720901,0.0,0.0,287,0.0
10-208-01110,BIHAR,Supaul,Pipra,0,0,,223,10,1110,,113516.78657800167,247320462.25611627,0.0,0.0,181,0.0
10-221-01287,BIHAR,Samastipur,Khanpur,0,0,,217,10,1287,,89337.20668890505,173313349.37261373,0.0,0.0,127,0.0
10-208-01111,BIHAR,Supaul,Tribeniganj,0,0,,223,10,1111,,136684.8917573132,402291551.99740016,0.0,0.0,290,0.0
10-209-01112,BIHAR,Araria,Narpatganj,0,0,,188,10,1112,,196352.82868709194,482872068.7863751,0.0,0.0,351,0.0
10-209-01113,BIHAR,Araria,Forbesganj,0,0,,188,10,1113,,165874.55860340688,546946456.996027,0.0,0.0,392,0.0
10-209-01114,BIHAR,Araria,Bhargama,0,0,,188,10,1114,,140909.75235341018,280499778.1128878,0.0,0.0,206,0.0
10-209-01115,BIHAR,Araria,Raniganj,0,0,,188,10,1115,,160625.61646677545,576910744.770993,0.0,0.0,418,0.0
10-209-01116,BIHAR,Araria,Araria,0,0,,188,10,1116,,192057.15187743204,506918787.2643526,0.0,0.0,371,0.0
10-209-01117,BIHAR,Araria,Kursakatta,0,0,,188,10,1117,,96566.38525637137,201032230.408231,0.0,0.0,147,0.0
10-209-01118,BIHAR,Araria,Sikti,0,0,,188,10,1118,,116798.35346995249,237753016.2819182,0.0,0.0,177,0.0
10-209-01119,BIHAR,Araria,Palasi,0,0,,188,10,1119,,132578.70192307016,306240761.34804773,0.0,0.0,222,0.0
10-209-01120,BIHAR,Araria,Jokihat,0,0,,188,10,1120,,155370.9524619173,341005127.7602247,0.0,0.0,246,0.0
10-210-01121,BIHAR,Kishanganj,Terhagachh,0,0,,203,10,1121,,121953.02658094271,245208326.38245347,0.0,0.0,175,0.0
10-210-01122,BIHAR,Kishanganj,Dighalbank,0,0,,203,10,1122,,147432.83262190674,314385668.4331173,0.0,0.0,224,0.0
10-211-01129,BIHAR,Purnia,Barhara,0,0,,214,10,1129,,111073.17449432175,288009141.38478667,0.0,0.0,212,0.0
10-211-01130,BIHAR,Purnia,Bhawanipur,0,0,,214,10,1130,,116656.34435182877,201938838.4795833,0.0,0.0,147,0.0
10-211-01131,BIHAR,Purnia,Rupauli,0,0,,214,10,1131,,113946.660566684,308195114.8462847,0.0,0.0,227,0.0
10-211-01132,BIHAR,Purnia,Dhamdaha,0,0,,214,10,1132,,135370.01293426772,446856166.039676,0.0,0.0,326,0.0
10-211-01133,BIHAR,Purnia,Krityanand Nagar,0,0,,214,10,1133,,149407.41850079046,364443041.21247435,0.0,0.0,274,0.0
10-211-01134,BIHAR,Purnia,Purnia East,0,0,,214,10,1134,,127662.13358515713,309272824.56310594,0.0,0.0,228,0.0
10-211-01135,BIHAR,Purnia,Kasba,0,0,,214,10,1135,,130095.64608516233,215123054.3424731,0.0,0.0,154,0.0
10-211-01136,BIHAR,Purnia,Srinagar,0,0,,214,10,1136,,106220.57404900706,172405807.6412187,0.0,0.0,122,0.0
10-211-01137,BIHAR,Purnia,Jalalgarh,0,0,,214,10,1137,,87146.39992638786,142107808.6772385,0.0,0.0,102,0.0
10-211-01138,BIHAR,Purnia,Amour,0,0,,214,10,1138,,141371.93624621196,307011870.96961224,0.0,0.0,225,0.0
10-211-01139,BIHAR,Purnia,Baisa,0,0,,214,10,1139,,132173.35304950457,275191667.549805,0.0,0.0,197,0.0
10-211-01140,BIHAR,Purnia,Baisi,0,0,,214,10,1140,,118169.54825440844,253873549.02719215,0.0,0.0,187,0.0
10-211-01141,BIHAR,Purnia,Dagarua,0,0,,214,10,1141,,129309.28146976323,257465778.6329552,0.0,0.0,180,0.0
10-212-01142,BIHAR,Katihar,Falka,0,0,,201,10,1142,,100518.70580952488,208374539.8829749,0.0,0.0,150,0.0
10-212-01143,BIHAR,Katihar,Korha,0,0,,201,10,1143,,137118.64195203967,368801327.90483874,0.0,0.0,273,0.0
10-212-01144,BIHAR,Katihar,Hasanganj,0,0,,201,10,1144,,78227.29832785497,86155111.41022065,0.0,0.0,62,0.0
10-212-01145,BIHAR,Katihar,Kadwa,0,0,,201,10,1145,,157692.68144088247,420129854.10490626,0.0,0.0,307,0.0
10-212-01146,BIHAR,Katihar,Balrampur,0,0,,201,10,1146,,141815.18317465586,216253207.31133217,0.0,0.0,151,0.0
10-212-01147,BIHAR,Katihar,Barsoi,0,0,,201,10,1147,,172308.8160052511,357713388.6445612,0.0,0.0,261,0.0
10-212-01148,BIHAR,Katihar,Azamnagar,0,0,,201,10,1148,,141791.77759222616,349759708.1212404,0.0,0.0,253,0.0
10-221-01290,BIHAR,Samastipur,Tajpur,0,0,,217,10,1290,,57166.77792153786,83856612.1105223,0.0,0.0,61,0.0
10-212-01149,BIHAR,Katihar,Pranpur,0,0,,201,10,1149,,111803.70370561493,191475637.62126103,0.0,0.0,141,0.0
10-212-01150,BIHAR,Katihar,Dandkhora,0,0,,201,10,1150,,70987.07501110679,111201189.06340708,0.0,0.0,81,0.0
10-212-01151,BIHAR,Katihar,Katihar,0,0,,201,10,1151,,76845.81968857624,136830037.77828172,0.0,0.0,100,0.0
10-212-01152,BIHAR,Katihar,Mansahi,0,0,,201,10,1152,,73279.06289841712,97405011.1871763,0.0,0.0,73,0.0
10-212-01155,BIHAR,Katihar,Kursela,0,0,,201,10,1155,,80348.39413748268,153683091.52761996,0.0,0.0,117,0.0
10-212-01153,BIHAR,Katihar,Barari,0,0,,201,10,1153,,107333.93297446336,407446973.1478653,0.0,0.0,292,0.0
10-212-01154,BIHAR,Katihar,Sameli,0,0,,201,10,1154,,75105.36277909,118027198.2496544,0.0,0.0,81,0.0
10-212-01156,BIHAR,Katihar,Manihari,0,0,,201,10,1156,,130162.81635074862,303859830.4099729,0.0,0.0,221,0.0
10-212-01157,BIHAR,Katihar,Amdabad,0,0,,201,10,1157,,103742.71814675455,228302986.79665467,0.0,0.0,164,0.0
10-213-01158,BIHAR,Madhepura,Gamharia,0,0,,205,10,1158,,80141.00377515821,125479849.27382244,0.0,0.0,89,0.0
10-213-01160,BIHAR,Madhepura,Ghailarh,0,0,,205,10,1160,,78865.70647224285,116219722.2388165,0.0,0.0,83,0.0
10-213-01159,BIHAR,Madhepura,Singheshwar,0,0,,205,10,1159,,111627.30849980874,111167268.35246354,0.0,0.0,78,0.0
10-216-01210,BIHAR,Muzaffarpur,Bandra,0,0,,208,10,1210,,74293.85759884378,142020443.31484023,0.0,0.0,103,0.0
10-213-01161,BIHAR,Madhepura,Madhepura,0,0,,205,10,1161,,115084.47931226583,237801277.85767865,0.0,0.0,175,0.0
10-213-01162,BIHAR,Madhepura,Shankarpur,0,0,,205,10,1162,,63984.56408470212,128790837.874554,0.0,0.0,94,0.0
10-213-01163,BIHAR,Madhepura,Kumarkhand,0,0,,205,10,1163,,118191.24796123093,316976886.68211347,0.0,0.0,230,0.0
10-213-01164,BIHAR,Madhepura,Murliganj,0,0,,205,10,1164,,94211.11378994165,247086114.21145928,0.0,0.0,179,0.0
10-221-01293,BIHAR,Samastipur,Mohanpur,0,0,,217,10,1293,,74468.46489139357,163000016.77407515,0.0,0.0,120,0.0
10-213-01165,BIHAR,Madhepura,Gwalpara,0,0,,205,10,1165,,78037.2495556277,147267353.58482873,0.0,0.0,109,0.0
10-214-01172,BIHAR,Saharsa,Satar Kataiya,0,0,,216,10,1172,,77878.75925155886,177382280.64763528,0.0,0.0,130,0.0
10-213-01166,BIHAR,Madhepura,Bihariganj,0,0,,205,10,1166,,79669.40805645821,133818744.70956944,0.0,0.0,98,0.0
10-216-01211,BIHAR,Muzaffarpur,Dholi (Moraul),0,0,,208,10,1211,,63030.361633940505,73298422.6275262,0.0,0.0,50,0.0
10-213-01167,BIHAR,Madhepura,Kishanganj,0,0,,205,10,1167,,99817.47531025465,188055937.5971522,0.0,0.0,133,0.0
10-216-01212,BIHAR,Muzaffarpur,Musahri,0,0,,208,10,1212,,211487.75457487197,365415439.5943066,0.0,0.0,267,0.0
10-213-01168,BIHAR,Madhepura,Puraini,0,0,,205,10,1168,,63416.842365887525,103114850.3546553,0.0,0.0,76,0.0
10-214-01174,BIHAR,Saharsa,Kahara,0,0,,216,10,1174,,81070.16203244023,176788302.3737116,0.0,0.0,128,0.0
10-213-01169,BIHAR,Madhepura,Alamnagar,0,0,,205,10,1169,,94357.42058114092,211989804.11375904,0.0,0.0,151,0.0
10-213-01170,BIHAR,Madhepura,Chausa,0,0,,205,10,1170,,87285.75133964,172516848.53860697,0.0,0.0,124,0.0
10-214-01171,BIHAR,Saharsa,Nauhatta,0,0,,216,10,1171,,93228.84620468391,212763144.21707585,0.0,0.0,151,0.0
10-217-01227,BIHAR,Gopalganj,Sidhwalia,0,0,,197,10,1227,,69457.48217743407,152022198.31601515,0.0,0.0,109,0.0
10-214-01173,BIHAR,Saharsa,Mahishi,0,0,,216,10,1173,,106372.46434789852,273075178.2794974,0.0,0.0,195,0.0
10-214-01175,BIHAR,Saharsa,Saur Bazar,0,0,,216,10,1175,,88121.22998090234,233228921.9025612,0.0,0.0,171,0.0
10-214-01176,BIHAR,Saharsa,Patarghat,0,0,,216,10,1176,,67497.21582029684,149681422.04156074,0.0,0.0,105,0.0
10-214-01177,BIHAR,Saharsa,Sonbarsa,0,0,,216,10,1177,,90185.02153799882,263952116.041209,0.0,0.0,193,0.0
10-216-01199,BIHAR,Muzaffarpur,Sahebganj,0,0,,208,10,1199,,80060.99972290538,253055918.70266867,0.0,0.0,189,0.0
10-214-01178,BIHAR,Saharsa,Simri Bakhtiarpur,0,0,,216,10,1178,,119116.35548129058,266466354.66217396,0.0,0.0,194,0.0
10-214-01179,BIHAR,Saharsa,Salkhua,0,0,,216,10,1179,,82412.26684571667,221182533.93573853,0.0,0.0,163,0.0
10-214-01180,BIHAR,Saharsa,Banma Itahri,0,0,,216,10,1180,,54286.501575749484,92822449.4552088,0.0,0.0,68,0.0
10-215-01181,BIHAR,Darbhanga,Jale,0,0,,195,10,1181,,112473.57051363293,234172285.01568127,0.0,0.0,171,0.0
10-215-01182,BIHAR,Darbhanga,Singhwara,0,0,,195,10,1182,,121368.62688362494,223279889.67870736,0.0,0.0,162,0.0
10-215-01183,BIHAR,Darbhanga,Keotiranway,0,0,,195,10,1183,,89515.08566239705,180205403.4644349,0.0,0.0,131,0.0
10-215-01184,BIHAR,Darbhanga,Darbhanga,0,0,,195,10,1184,,131883.04966973627,240721362.1475316,0.0,0.0,174,0.0
10-215-01185,BIHAR,Darbhanga,Manigachhi,0,0,,195,10,1185,,96856.01003306538,158887287.31255177,0.0,0.0,114,0.0
10-215-01186,BIHAR,Darbhanga,Tardih,0,0,,195,10,1186,,96398.42232606321,109520018.96976715,0.0,0.0,79,0.0
10-215-01187,BIHAR,Darbhanga,Alinagar,0,0,,195,10,1187,,105560.56246873255,146523357.5416611,0.0,0.0,105,0.0
10-215-01188,BIHAR,Darbhanga,Benipur,0,0,,195,10,1188,,118482.30854716274,204643530.87647069,0.0,0.0,150,0.0
10-215-01189,BIHAR,Darbhanga,Bahadurpur,0,0,,195,10,1189,,155637.00049509996,221161760.4253616,0.0,0.0,158,0.0
10-215-01190,BIHAR,Darbhanga,Hanumannagar,0,0,,195,10,1190,,114393.83215098479,181536916.32106537,0.0,0.0,130,0.0
10-215-01191,BIHAR,Darbhanga,Hayaghat,0,0,,195,10,1191,,66118.49929402806,108810529.75916524,0.0,0.0,77,0.0
10-215-01192,BIHAR,Darbhanga,Baheri,0,0,,195,10,1192,,128629.1579498372,271307286.95794886,0.0,0.0,195,0.0
10-215-01193,BIHAR,Darbhanga,Biraul,0,0,,195,10,1193,,135706.32971678255,230203939.26841983,0.0,0.0,167,0.0
10-215-01194,BIHAR,Darbhanga,Ghanshyampur,0,0,,195,10,1194,,76766.91373126305,103945643.9979024,0.0,0.0,78,0.0
10-215-01195,BIHAR,Darbhanga,Kiratpur,0,0,,195,10,1195,,78793.19278562842,78915927.53877336,0.0,0.0,60,0.0
10-215-01196,BIHAR,Darbhanga,Gora Bauram,0,0,,195,10,1196,,99804.03366816713,145653476.81698695,0.0,0.0,104,0.0
10-215-01197,BIHAR,Darbhanga,Kusheshwar Asthan,0,0,,195,10,1197,,87220.16498537568,144130520.9401011,0.0,0.0,107,0.0
10-215-01198,BIHAR,Darbhanga,Kusheshwar Asthan Purbi,0,0,,195,10,1198,,91858.86035222423,150084285.43545517,0.0,0.0,112,0.0
10-216-01200,BIHAR,Muzaffarpur,Baruraj (Motipur),0,0,,208,10,1200,,125110.13599018812,365259305.4740948,0.0,0.0,263,0.0
10-216-01201,BIHAR,Muzaffarpur,Paroo,0,0,,208,10,1201,,136934.87791145188,413033977.3448192,0.0,0.0,295,0.0
10-216-01202,BIHAR,Muzaffarpur,Saraiya,0,0,,208,10,1202,,155820.80051537574,301402655.1404849,0.0,0.0,218,0.0
10-216-01203,BIHAR,Muzaffarpur,Marwan,0,0,,208,10,1203,,84959.92762229654,138736310.53842777,0.0,0.0,101,0.0
10-216-01204,BIHAR,Muzaffarpur,Kanti,0,0,,208,10,1204,,97122.90469976026,124757584.36625764,0.0,0.0,91,0.0
10-216-01205,BIHAR,Muzaffarpur,Minapur,0,0,,208,10,1205,,166218.11946715685,316124209.98756105,0.0,0.0,228,0.0
10-216-01206,BIHAR,Muzaffarpur,Bochaha,0,0,,208,10,1206,,126044.68100944142,233148755.94160384,0.0,0.0,167,0.0
10-216-01207,BIHAR,Muzaffarpur,Aurai,0,0,,208,10,1207,,101267.16719990574,247748190.77792475,0.0,0.0,177,0.0
10-216-01208,BIHAR,Muzaffarpur,Katra,0,0,,208,10,1208,,118891.9342746819,235108975.17115793,0.0,0.0,171,0.0
10-216-01209,BIHAR,Muzaffarpur,Gaighat,0,0,,208,10,1209,,111008.49869520529,259762671.68662548,0.0,0.0,191,0.0
10-216-01213,BIHAR,Muzaffarpur,Kurhani,0,0,,208,10,1213,,108106.10574110712,256354911.2077163,0.0,0.0,187,0.0
10-216-01214,BIHAR,Muzaffarpur,Sakra,0,0,,208,10,1214,,105121.4777371614,236360031.18726787,0.0,0.0,175,0.0
10-217-01215,BIHAR,Gopalganj,Katiya,0,0,,197,10,1215,,94755.55253264701,158441587.458013,0.00016784108533859254,0.00013187513848032272,112,0.014770015509796144
10-217-01216,BIHAR,Gopalganj,Bijaipur,0,0,,197,10,1216,,81309.59717969262,163112176.36717936,0.00016784108533859254,0.0001678410853385925,120,0.0201409302406311
10-217-01217,BIHAR,Gopalganj,Bhorey,0,0,,197,10,1217,,78790.65552761848,196013266.46535653,0.00016784108533859254,8.741723194718361e-05,144,0.012588081400394439
10-217-01218,BIHAR,Gopalganj,Pach Deuri,0,0,,197,10,1218,,53698.212932643866,118295317.11973979,0.0,0.0,85,0.0
10-217-01219,BIHAR,Gopalganj,Kuchaikote,0,0,,197,10,1219,,101077.28158428885,316078491.04748106,0.0,0.0,226,0.0
10-217-01220,BIHAR,Gopalganj,Phulwaria,0,0,,197,10,1220,,81339.22200232239,118763292.85091434,0.0,0.0,89,0.0
10-217-01221,BIHAR,Gopalganj,Hathua,0,0,,197,10,1221,,91546.96202775641,183613061.83342972,0.00016428405383110047,0.00010866031906938927,127,0.013799860521812438
10-217-01222,BIHAR,Gopalganj,Uchkagaon,0,0,,197,10,1222,,80102.93001981139,142235093.67043933,0.00016428405383110047,1.084894695111041e-05,106,0.0011499883768177034
10-217-01223,BIHAR,Gopalganj,Thawe,0,0,,197,10,1223,,57244.55575246375,89300191.60424533,0.00016428405383110047,2.566938341110945e-06,64,0.00016428405383110047
10-217-01224,BIHAR,Gopalganj,Gopalganj,0,0,,197,10,1224,,110313.13172782106,244420793.60160467,0.0,0.0,182,0.0
10-218-01232,BIHAR,Siwan,Goriakothi,0,0,,222,10,1232,,73201.39147651673,174963939.23516312,0.0,0.0,127,0.0
10-217-01225,BIHAR,Gopalganj,Manjha,0,0,,197,10,1225,,80242.78538873792,179389027.9828925,0.0,0.0,131,0.0
10-217-01226,BIHAR,Gopalganj,Barauli,0,0,,197,10,1226,,105754.79057670098,232227972.12586737,0.0,0.0,170,0.0
10-217-01228,BIHAR,Gopalganj,Baikunthpur,0,0,,197,10,1228,,97825.58906166903,256614409.24172768,0.0,0.0,185,0.0
10-218-01229,BIHAR,Siwan,Nautan,0,0,,222,10,1229,,58324.35348563096,81827813.66620097,0.00016428405383110047,0.00016428405383110047,58,0.009528475122203827
10-218-01230,BIHAR,Siwan,Siwan,0,0,,222,10,1230,,92599.06904644772,168879532.28230655,0.00016428405383110047,0.00015036167638778688,118,0.01774267781375885
10-218-01235,BIHAR,Siwan,Bhagwanpur Hat,0,0,,222,10,1235,,86430.4184146014,189582799.91524476,0.0001800194892692566,2.8698759158866994e-05,138,0.003960428763923645
10-218-01231,BIHAR,Siwan,Barharia,0,0,,222,10,1231,,90315.6629531122,219606934.01516393,0.00016428405383110047,3.0803260093331336e-06,160,0.0004928521614933014
10-218-01233,BIHAR,Siwan,Lakri Nabiganj,0,0,,222,10,1233,,79648.98713303795,120773104.6039552,0.0,0.0,88,0.0
10-218-01234,BIHAR,Siwan,Basantpur,0,0,,222,10,1234,,57871.378293950496,76675463.02480637,0.0,0.0,56,0.0
10-218-01236,BIHAR,Siwan,Maharajganj,0,0,,222,10,1236,,119387.58843212528,142817377.5161484,0.0001800194892692566,6.816271923787385e-05,103,0.0070207600815010065
10-218-01237,BIHAR,Siwan,Pachrukhi,0,0,,222,10,1237,,99183.2392802834,160709761.40986398,0.00016428405383110047,7.02068606115814e-06,117,0.0008214202691555024
10-218-01238,BIHAR,Siwan,Hussainganj,0,0,,222,10,1238,,68784.84800107122,105975934.30464326,0.00016428405383110047,0.00014555477599711032,74,0.010771053423786163
10-218-01239,BIHAR,Siwan,Ziradei,0,0,,222,10,1239,,98825.50869312549,152221780.48504183,0.00016428405383110047,0.00016412258056743725,111,0.018217606442985534
10-218-01240,BIHAR,Siwan,Mairwa,0,0,,222,10,1240,,65279.2242200428,88898123.37504825,0.0002034024624252319,0.0001660621633126519,66,0.010960102778635026
10-218-01242,BIHAR,Siwan,Darauli,0,0,,222,10,1242,,90305.00161970501,214758375.6239279,0.0002767285671997071,0.0001802355888144586,155,0.02793651626624108
10-218-01241,BIHAR,Siwan,Guthani,0,0,,222,10,1241,,78778.78773845347,115110806.99004474,0.0002034024624252319,0.00020054013984517353,82,0.01644429146730423
10-219-01248,BIHAR,Saran,Mashrakh,0,0,,218,10,1248,,82075.7710341599,165898243.02109933,0.0,0.0,121,0.0
10-218-01243,BIHAR,Siwan,Andar,0,0,,222,10,1243,,83358.60866933218,125625010.62434034,0.00016428405383110047,0.00014842069768708328,87,0.012912600698776247
10-219-01249,BIHAR,Saran,Panapur,0,0,,218,10,1249,,75875.09329534958,182360909.7404776,0.0,0.0,128,0.0
10-218-01244,BIHAR,Siwan,Raghunathpur,0,0,,222,10,1244,,87824.68008836384,193566358.3438411,0.00014636052156448366,0.00014636052156448366,143,0.020929554583721165
10-219-01250,BIHAR,Saran,Taraiya,0,0,,218,10,1250,,53629.0613522338,97307015.09151264,0.0,0.0,74,0.0
10-218-01245,BIHAR,Siwan,Hasanpura,0,0,,222,10,1245,,82786.09108287447,121956119.03175904,0.0001800194892692566,0.00016156637681391048,87,0.014056274782810213
10-219-01251,BIHAR,Saran,Ishupur,0,0,,218,10,1251,,62425.60798229613,109300191.56908256,0.0,0.0,76,0.0
10-218-01246,BIHAR,Siwan,Daraundha,0,0,,222,10,1246,,105400.53795370483,157911066.26165873,0.0001800194892692566,0.0001565386863210927,115,0.018001948926925658
10-219-01256,BIHAR,Saran,Jalalpur,0,0,,218,10,1256,,65042.73641147566,147549697.72689733,0.00044960528908729555,0.00017294725183963775,106,0.018332408695001603
10-218-01247,BIHAR,Siwan,Siswan,0,0,,222,10,1247,,98184.39847010886,155554872.77293277,0.0001800194892692566,0.00017001276914081062,111,0.018871417374629978
10-219-01259,BIHAR,Saran,Nagra,0,0,,218,10,1259,,43289.948409307304,65110006.46242106,0.00044960528908729555,0.00019132139961161517,47,0.008992105781745913
10-219-01252,BIHAR,Saran,Baniapur,0,0,,218,10,1252,,89199.8841803021,219417775.87250236,0.0001800194892692566,4.417656178386665e-06,163,0.0007200779570770264
10-219-01253,BIHAR,Saran,Lahladpur,0,0,,218,10,1253,,49287.19248841685,70233795.44130237,0.0001800194892692566,9.721052420539857e-05,50,0.004860526210269929
10-219-01254,BIHAR,Saran,Ekma,0,0,,218,10,1254,,99716.17236158185,176114988.01319405,0.0001800194892692566,0.00018001948926925658,128,0.023042494626464842
10-219-01255,BIHAR,Saran,Manjhi,0,0,,218,10,1255,,127085.43562979231,244607530.98349065,0.00043776344205856323,0.00023629581494871775,180,0.042533246690769196
10-219-01257,BIHAR,Saran,Revelganj,0,0,,218,10,1257,,84877.1419542779,179359801.45379385,0.00044960528908729555,0.00044865794132499694,125,0.056082242665624615
10-219-01258,BIHAR,Saran,Chapra,0,0,,218,10,1258,,119729.94798472138,239470568.44351175,0.00044960528908729555,0.00042150495851933954,176,0.07418487269940376
10-219-01260,BIHAR,Saran,Marhaura,0,0,,218,10,1260,,87240.95030017926,190752130.05196184,0.00044960528908729555,1.3127161725176513e-05,137,0.0017984211563491822
10-219-01261,BIHAR,Saran,Amnour,0,0,,218,10,1261,,94922.90618840617,160109081.4065653,0.00044960528908729555,7.62042862859823e-06,118,0.0008992105781745911
10-219-01263,BIHAR,Saran,Parsa,0,0,,218,10,1263,,85595.91054800974,122749042.93573296,0.0,0.0,88,0.0
10-219-01266,BIHAR,Saran,Dighwara,0,0,,218,10,1266,,81943.45164265168,101347015.6655549,0.0,0.0,72,0.0
10-219-01264,BIHAR,Saran,Dariapur,0,0,,218,10,1264,,115477.27251924115,281302380.67878103,0.0,0.0,202,0.0
10-219-01265,BIHAR,Saran,Garkha,0,0,,218,10,1265,,90147.74693968748,213336409.9887166,0.00044960528908729555,0.00023064167427205417,154,0.035518817837896344
10-220-01269,BIHAR,Vaishali,Paterhi Belsar,0,0,,224,10,1269,,56227.36197278124,93522597.26160131,0.0,0.0,69,0.0
10-219-01267,BIHAR,Saran,Sonepur,0,0,,218,10,1267,,70412.64000247594,214865144.18564072,0.0,0.0,162,0.0
10-220-01268,BIHAR,Vaishali,Vaishali,0,0,,224,10,1268,,72706.90824879723,158663399.21103516,0.0,0.0,114,0.0
10-220-01270,BIHAR,Vaishali,Lalganj,0,0,,224,10,1270,,89595.71916906572,184177988.41986412,0.0,0.0,133,0.0
10-221-01294,BIHAR,Samastipur,Mohiuddinagar,0,0,,217,10,1294,,80607.53716768604,178536106.2701614,0.0,0.0,130,0.0
10-220-01271,BIHAR,Vaishali,Bhagwanpur,0,0,,224,10,1271,,98965.72708266653,142473218.81446454,0.0,0.0,102,0.0
10-220-01272,BIHAR,Vaishali,Goraul,0,0,,224,10,1272,,101989.77906286377,122446101.92943335,0.0,0.0,87,0.0
10-220-01273,BIHAR,Vaishali,Chehra Kalan,0,0,,224,10,1273,,63204.34388206024,89818122.94593617,0.0,0.0,66,0.0
10-220-01277,BIHAR,Vaishali,Raja Pakar,0,0,,224,10,1277,,58946.08844196175,93673217.82917874,0.0,0.0,72,0.0
10-220-01274,BIHAR,Vaishali,Patepur,0,0,,224,10,1274,,118180.33822078991,317029999.71255994,0.0,0.0,234,0.0
10-220-01275,BIHAR,Vaishali,Mahua,0,0,,224,10,1275,,86273.82517515696,171155586.12447235,0.0,0.0,125,0.0
10-220-01276,BIHAR,Vaishali,Jandaha,0,0,,224,10,1276,,99044.76663725945,179891527.10359335,0.0,0.0,128,0.0
10-220-01278,BIHAR,Vaishali,Hajipur,0,0,,224,10,1278,,80048.24731377292,194916759.16986817,0.0,0.0,140,0.0
10-220-01280,BIHAR,Vaishali,Bidupur,0,0,,224,10,1280,,88122.3198685409,139375575.9420912,0.0,0.0,99,0.0
10-220-01279,BIHAR,Vaishali,Raghopur,0,0,,224,10,1279,,128641.49950069311,338499790.0832371,0.0,0.0,246,0.0
10-220-01281,BIHAR,Vaishali,Desri,0,0,,224,10,1281,,50183.809114488824,56627949.53624974,0.0,0.0,43,0.0
10-221-01284,BIHAR,Samastipur,Kalyanpur,0,0,,217,10,1284,,147387.26660455638,294821482.9966942,0.0,0.0,214,0.0
10-221-01286,BIHAR,Samastipur,Shivaji Nagar,0,0,,217,10,1286,,96209.25031894707,172333979.18990555,0.0,0.0,130,0.0
10-221-01288,BIHAR,Samastipur,Samastipur,0,0,,217,10,1288,,112474.97484539819,170577777.20953664,0.0,0.0,123,0.0
10-221-01289,BIHAR,Samastipur,Pusa,0,0,,217,10,1289,,64081.7615729533,95008289.7510354,0.0,0.0,65,0.0
10-221-01291,BIHAR,Samastipur,Morwa,0,0,,217,10,1291,,104551.97847793197,152111293.7773472,0.0,0.0,106,0.0
10-221-01292,BIHAR,Samastipur,Patori,0,0,,217,10,1292,,69422.25062895294,130638318.44440164,0.0,0.0,93,0.0
10-221-01295,BIHAR,Samastipur,Sarairanjan,0,0,,217,10,1295,,96463.23467310029,185572344.2706523,0.0,0.0,145,0.0
10-221-01296,BIHAR,Samastipur,Vidyapati Nagar,0,0,,217,10,1296,,62930.2690484309,106322816.42401849,0.0,0.0,75,0.0
10-221-01297,BIHAR,Samastipur,Dalsinghsarai,0,0,,217,10,1297,,80515.23552986495,118201268.21451648,0.0,0.0,89,0.0
10-221-01298,BIHAR,Samastipur,Ujiarpur,0,0,,217,10,1298,,81756.09445970641,209497824.1015558,0.0,0.0,149,0.0
10-221-01300,BIHAR,Samastipur,Rosera,0,0,,217,10,1300,,84599.34785899956,138535375.895554,0.0,0.0,97,0.0
10-221-01299,BIHAR,Samastipur,Bibhutpur,0,0,,217,10,1299,,96600.53522783429,258332531.194082,0.0,0.0,187,0.0
10-221-01301,BIHAR,Samastipur,Singhia,0,0,,217,10,1301,,76055.88015393679,178639507.67998633,0.0,0.0,128,0.0
10-222-01307,BIHAR,Begusarai,Cheria Bariarpur,0,0,,191,10,1307,,80422.0696045629,127840547.1243011,0.0,0.0,89,0.0
10-221-01302,BIHAR,Samastipur,Hasanpur,0,0,,217,10,1302,,122795.93417076243,188091095.39019313,0.0,0.0,138,0.0
10-221-01303,BIHAR,Samastipur,Bithan,0,0,,217,10,1303,,72838.55780104545,149849875.79630712,0.0,0.0,109,0.0
10-222-01304,BIHAR,Begusarai,Khudabandpur,0,0,,191,10,1304,,49522.71992212785,59617610.47663844,0.0,0.0,39,0.0
10-222-01305,BIHAR,Begusarai,Chhorahi,0,0,,191,10,1305,,96201.09768359947,128309829.49376953,0.0,0.0,94,0.0
10-222-01306,BIHAR,Begusarai,Garhpura,0,0,,191,10,1306,,69581.28073662621,88651595.91159394,0.0,0.0,68,0.0
10-222-01308,BIHAR,Begusarai,Bhagwanpur,0,0,,191,10,1308,,102620.52088176137,147276258.21886113,0.0,0.0,106,0.0
10-223-01324,BIHAR,Khagaria,Mansi,0,0,,202,10,1324,,70720.37786012898,86151878.56106131,0.0,0.0,69,0.0
10-222-01309,BIHAR,Begusarai,Mansurchak,0,0,,191,10,1309,,55538.61039021854,42158333.283958256,0.0,0.0,31,0.0
10-224-01333,BIHAR,Bhagalpur,Rangra Chowk,0,0,,192,10,1333,,56200.86409227388,97946271.45940188,0.0,0.0,71,0.0
10-222-01310,BIHAR,Begusarai,Bachhwara,0,0,,191,10,1310,,112893.55520851951,186501763.14040864,0.0,0.0,138,0.0
10-222-01311,BIHAR,Begusarai,Teghra,0,0,,191,10,1311,,93442.93751421869,180050069.66821858,0.0,0.0,129,0.0
10-222-01312,BIHAR,Begusarai,Barauni,0,0,,191,10,1312,,90573.71511882372,141812926.41245717,0.0,0.0,102,0.0
10-222-01313,BIHAR,Begusarai,Birpur,0,0,,191,10,1313,,69057.86510087451,64693086.30641256,0.0,0.0,53,0.0
10-222-01314,BIHAR,Begusarai,Begusarai,0,0,,191,10,1314,,114572.02827886646,273941103.5239774,0.0,0.0,200,0.0
10-222-01315,BIHAR,Begusarai,Naokothi,0,0,,191,10,1315,,61794.845266753924,91575422.87048158,0.0,0.0,64,0.0
10-222-01316,BIHAR,Begusarai,Bakhri,0,0,,191,10,1316,,74902.13049058078,94921186.04856166,0.0,0.0,66,0.0
10-222-01317,BIHAR,Begusarai,Dandari,0,0,,191,10,1317,,77075.31892237118,85364223.36403492,0.0,0.0,65,0.0
10-222-01318,BIHAR,Begusarai,Sahebpur Kamal,0,0,,191,10,1318,,97820.3506924087,179327758.1582562,0.0,0.0,131,0.0
10-222-01319,BIHAR,Begusarai,Balia,0,0,,191,10,1319,,95726.56851828664,181873531.04775092,0.0,0.0,133,0.0
10-222-01320,BIHAR,Begusarai,Matihani,0,0,,191,10,1320,,104199.58891726227,214311339.790948,0.0,0.0,157,0.0
10-222-01321,BIHAR,Begusarai,Shamho Akha Kurha,0,0,,191,10,1321,,47884.70174269599,82130306.58899558,0.0,0.0,58,0.0
10-223-01322,BIHAR,Khagaria,Alauli,0,0,,202,10,1322,,117176.16085281859,337532903.06560946,0.0,0.0,244,0.0
10-223-01323,BIHAR,Khagaria,Khagaria,0,0,,202,10,1323,,164255.4907534744,325761754.1557925,0.0,0.0,229,0.0
10-223-01325,BIHAR,Khagaria,Chautham,0,0,,202,10,1325,,88833.5659059585,205164632.7891582,0.0,0.0,148,0.0
10-228-01376,BIHAR,Sheikhpura,Chewara,0,0,,219,10,1376,,77279.14911837938,141385828.1075451,0.0002603785150539875,0.0002585102156788284,103,0.026626552214919327
10-223-01326,BIHAR,Khagaria,Beldaur,0,0,,202,10,1326,,101449.44415348554,276820454.1841197,0.0,0.0,203,0.0
10-223-01327,BIHAR,Khagaria,Gogri,0,0,,202,10,1327,,109725.85953588395,321971045.3784509,0.0,0.0,231,0.0
10-223-01328,BIHAR,Khagaria,Parbatta,0,0,,202,10,1328,,89952.53209418767,286770838.53234714,0.0,0.0,215,0.0
10-224-01329,BIHAR,Bhagalpur,Narayanpur,0,0,,192,10,1329,,96964.50839109154,173637043.38008544,0.0,0.0,125,0.0
10-224-01330,BIHAR,Bhagalpur,Bihpur,0,0,,192,10,1330,,98960.16392998041,189427956.2070791,0.0,0.0,141,0.0
10-234-01472,BIHAR,Rohtas,Akorhi Gola,0,0,,215,10,1472,,71741.57946050014,124356844.03544964,0.0001697544079875946,0.0001697544079875946,94,0.015956914350833892
10-224-01331,BIHAR,Bhagalpur,Kharik,0,0,,192,10,1331,,103106.05203500649,169292223.68779984,0.0,0.0,125,0.0
10-224-01332,BIHAR,Bhagalpur,Naugachhia,0,0,,192,10,1332,,91833.23423872421,134223697.96961665,0.0,0.0,95,0.0
10-224-01335,BIHAR,Bhagalpur,Pirpainti,0,0,,192,10,1335,,138631.2255747686,411429376.6216011,0.0,0.0,294,0.0
10-224-01336,BIHAR,Bhagalpur,Kahalgaon,0,0,,192,10,1336,,128722.99744742387,352186242.20537144,0.0,0.0,255,0.0
10-224-01337,BIHAR,Bhagalpur,Ismailpur,0,0,,192,10,1337,,66332.03197363381,102752037.41138108,0.0,0.0,75,0.0
10-224-01338,BIHAR,Bhagalpur,Sabour,0,0,,192,10,1338,,85492.0541239663,141198925.34276122,0.0,0.0,102,0.0
10-226-01359,BIHAR,Munger,Dharhara,0,0,,207,10,1359,,105188.90103685112,355220468.750446,0.0,0.0,262,0.0
10-224-01339,BIHAR,Bhagalpur,Nathnagar,0,0,,192,10,1339,,105259.93673308079,163498377.60317266,0.0,0.0,117,0.0
10-226-01360,BIHAR,Munger,Kharagpur,0,0,,207,10,1360,,169586.30903503796,398589433.5102216,0.0,0.0,291,0.0
10-224-01340,BIHAR,Bhagalpur,Sultanganj,0,0,,192,10,1340,,139861.1879796442,266407467.3450057,0.0,0.0,198,0.0
10-224-01341,BIHAR,Bhagalpur,Shahkund,0,0,,192,10,1341,,93276.90256650816,208798734.37786233,0.0,0.0,153,0.0
10-224-01342,BIHAR,Bhagalpur,Goradih,0,0,,192,10,1342,,106918.08891287447,178026414.43832883,0.0,0.0,128,0.0
10-224-01343,BIHAR,Bhagalpur,Jagdishpur,0,0,,192,10,1343,,107045.71303668506,127447147.46016994,0.0,0.0,95,0.0
10-224-01344,BIHAR,Bhagalpur,Sonhaula,0,0,,192,10,1344,,84463.86530366821,214425428.57327408,0.0,0.0,160,0.0
10-225-01345,BIHAR,Banka,Shambhuganj,0,0,,190,10,1345,,85765.27415008907,217970788.89652416,0.0,0.0,157,0.0
10-225-01346,BIHAR,Banka,Amarpur,0,0,,190,10,1346,,98000.87839154692,234663534.19316816,0.0,0.0,176,0.0
10-225-01347,BIHAR,Banka,Rajaun,0,0,,190,10,1347,,86718.04358754268,242814641.5593075,0.0,0.0,179,0.0
10-226-01363,BIHAR,Munger,Tetiha Bambor,0,0,,207,10,1363,,73286.15332623897,95190725.80042528,0.0,0.0,70,0.0
10-225-01348,BIHAR,Banka,Dhuraiya,0,0,,190,10,1348,,106681.6377356153,285703540.38620996,0.0,0.0,208,0.0
10-225-01349,BIHAR,Banka,Barahat,0,0,,190,10,1349,,122910.23058217819,181202001.14064544,0.0,0.0,129,0.0
10-225-01350,BIHAR,Banka,Banka,0,0,,190,10,1350,,137083.07375503817,365153241.48788345,0.0,0.0,275,0.0
10-225-01351,BIHAR,Banka,Phulidumar,0,0,,190,10,1351,,117105.67306472127,248400685.45023423,0.0,0.0,176,0.0
10-225-01352,BIHAR,Banka,Belhar,0,0,,190,10,1352,,118426.40149548957,290570448.277483,0.00027632649414062503,2.840739659389603e-05,214,0.006079182871093751
10-225-01353,BIHAR,Banka,Chanan,0,0,,190,10,1353,,169565.08902723462,550876204.0147796,0.0003092019609451294,0.00015216736209552282,403,0.0613234469244957
10-225-01354,BIHAR,Banka,Katoria,0,0,,190,10,1354,,180268.89530762268,687665367.2781417,0.0003092019609451294,2.648542693354694e-05,502,0.013295684320640565
10-225-01355,BIHAR,Banka,Bausi,0,0,,190,10,1355,,109314.78149810205,385846183.7170387,0.0,0.0,284,0.0
10-226-01356,BIHAR,Munger,Munger,0,0,,207,10,1356,,162390.1628928388,306519605.49277806,0.0,0.0,227,0.0
10-226-01357,BIHAR,Munger,Bariarpur,0,0,,207,10,1357,,122433.4478606843,198040113.63802013,0.0,0.0,143,0.0
10-226-01358,BIHAR,Munger,Jamalpur,0,0,,207,10,1358,,72817.19566814511,112971204.64248075,0.0,0.0,79,0.0
10-226-01361,BIHAR,Munger,Asarganj,0,0,,207,10,1361,,61173.52838786665,72491453.98190036,0.0,0.0,52,0.0
10-226-01362,BIHAR,Munger,Tarapur,0,0,,207,10,1362,,54416.57713098438,86962445.68425661,0.0,0.0,62,0.0
10-226-01364,BIHAR,Munger,Sangrampur,0,0,,207,10,1364,,71205.18318302365,105786037.21986651,0.0,0.0,80,0.0
10-227-01366,BIHAR,Lakhisarai,Pipariya,0,0,,204,10,1366,,87968.2901826016,106258171.87143916,0.0,0.0,76,0.0
10-227-01365,BIHAR,Lakhisarai,Barahiya,0,0,,204,10,1365,,95965.48426593257,248505135.43154767,0.0,0.0,179,0.0
10-227-01367,BIHAR,Lakhisarai,Surajgarha,0,0,,204,10,1367,,140312.1609931406,462726462.37366486,0.00023584886568069462,3.1215291045974286e-05,340,0.010613198955631257
10-227-01368,BIHAR,Lakhisarai,Lakhisarai,0,0,,204,10,1368,,117670.76745524361,181316338.94823277,0.0002603785150539875,2.68549643807214e-05,133,0.003571710262635946
10-227-01369,BIHAR,Lakhisarai,Chanan*,0,0,,204,10,1369,,86014.87070350182,177670731.10250506,0.00023584886568069462,0.0001916272033655644,128,0.024528282030792242
10-228-01375,BIHAR,Sheikhpura,Ghat Kusumbha,0,0,,219,10,1375,,80592.24583619394,99088070.68237934,0.0,0.0,70,0.0
10-227-01370,BIHAR,Lakhisarai,Ramgarh Chowk,0,0,,204,10,1370,,98990.57354622113,128567389.13844268,0.0002603785150539875,0.00023811813475096478,94,0.02238310466659069
10-227-01371,BIHAR,Lakhisarai,Halsi,0,0,,204,10,1371,,82594.8188222393,191441208.6304817,0.0002603785150539875,0.00025931968126808994,139,0.036045435696264505
10-228-01372,BIHAR,Sheikhpura,Barbigha,0,0,,219,10,1372,,83879.7675047183,115941853.486741,0.0,0.0,81,0.0
10-228-01373,BIHAR,Sheikhpura,Shekhopur Sarai,0,0,,219,10,1373,,59774.96229914819,65955650.61796794,0.00040036004501342777,9.896926153733996e-05,45,0.004453616769180298
10-228-01374,BIHAR,Sheikhpura,Sheikhpura,0,0,,219,10,1374,,119718.3677454689,225551054.81458032,0.0002603785150539875,5.845795439561675e-05,170,0.009937852247254847
10-228-01377,BIHAR,Sheikhpura,Ariari,0,0,,219,10,1377,,87552.5859976097,183445963.63454768,0.0002603785150539875,0.00022877425372602297,137,0.03134207276046515
10-229-01378,BIHAR,Nalanda,Karai Parsurai,0,0,,209,10,1378,,58523.47447411047,82148146.79064696,0.0002539493273925781,0.00011427719732666014,60,0.006856631839599609
10-229-01379,BIHAR,Nalanda,Nagar Nausa,0,0,,209,10,1379,,82570.35159490984,108015836.82811198,0.00034465625442504883,0.00012516127686309814,80,0.010012902149047851
10-229-01380,BIHAR,Nalanda,Harnaut,0,0,,209,10,1380,,124869.90123154312,224385440.0517296,0.00034465625442504883,0.00011988043632175612,161,0.019300750247802735
10-229-01381,BIHAR,Nalanda,Chandi,0,0,,209,10,1381,,70527.81459673235,147156102.481168,0.00034465625442504883,0.00031619839855509063,109,0.03446562544250488
10-229-01382,BIHAR,Nalanda,Rahui,0,0,,209,10,1382,,77076.6108369453,152249665.90613127,0.00034465625442504883,0.0003318912079648618,108,0.03584425046020508
10-229-01383,BIHAR,Nalanda,Bind,0,0,,209,10,1383,,70364.80140905235,88091657.81671415,0.0,0.0,66,0.0
10-229-01384,BIHAR,Nalanda,Sarmera,0,0,,209,10,1384,,91044.34634338948,167201876.42476654,0.0,0.0,123,0.0
10-229-01385,BIHAR,Nalanda,Asthawan,0,0,,209,10,1385,,92263.18064708126,171325630.7179731,0.00034465625442504883,6.062434572673798e-05,125,0.007578043215842248
10-229-01387,BIHAR,Nalanda,Noorsarai,0,0,,209,10,1387,,78528.62700534344,151514769.88009417,0.00034465625442504883,0.00034465625442504883,114,0.03929081300445557
10-229-01386,BIHAR,Nalanda,Bihar,0,0,,209,10,1386,,98561.8371020671,215840179.0991975,0.00040036004501342777,0.0003362575778694153,160,0.05380121245910645
10-229-01390,BIHAR,Nalanda,Hilsa,0,0,,209,10,1390,,93433.88804652911,175765721.10991755,0.0002539493273925781,0.0002539493273925781,131,0.03326736188842773
10-229-01391,BIHAR,Nalanda,Ekangarsarai,0,0,,209,10,1391,,87121.32234693572,166605847.460251,0.0002539493273925781,0.0002539493273925781,122,0.03098181794189453
10-229-01392,BIHAR,Nalanda,Islampur,0,0,,209,10,1392,,109868.69145522316,273834151.4326934,0.0003252185192871094,0.00029619652877335695,194,0.05746212658203125
10-229-01393,BIHAR,Nalanda,Ben,0,0,,209,10,1393,,66947.54721379357,127526149.56798536,0.00040036004501342777,0.000315981116216132,94,0.029702224924316407
10-230-01398,BIHAR,Patna,Maner,0,0,,212,10,1398,,96133.56350709034,213315300.3597084,0.00044960528908729555,0.0001300142349800506,154,0.020022192186927794
10-229-01394,BIHAR,Nalanda,Rajgir,0,0,,209,10,1394,,88740.45664753366,198129288.77271983,0.00040036004501342777,0.0003686677008295384,147,0.05419415202194214
10-229-01395,BIHAR,Nalanda,Silao,0,0,,209,10,1395,,79220.42929786978,154752836.13944647,0.00040036004501342777,0.0003905874501733613,114,0.04452696931976319
10-229-01396,BIHAR,Nalanda,Giriak,0,0,,209,10,1396,,88347.46773236175,99576022.5731765,0.00040036004501342777,0.0004003600450134277,73,0.029226283285980224
10-229-01397,BIHAR,Nalanda,Katrisarai,0,0,,209,10,1397,,38918.76300208476,48673462.28309288,0.00040036004501342777,0.0003573465443718433,36,0.01286447559738636
10-230-01399,BIHAR,Patna,Dinapur-Cum-Khagaul,0,0,,212,10,1399,,78598.21354533077,184765788.04152673,0.00030726488609313964,9.104144773130063e-05,135,0.012290595443725585
10-234-01474,BIHAR,Rohtas,Tilouthu,0,0,,215,10,1474,,73885.57639601533,193504401.97342023,0.00016441100852966308,0.00015033167566054208,140,0.02104643459247589
10-230-01400,BIHAR,Patna,Patna Rural,0,0,,212,10,1400,,87518.10425735511,179850223.48881748,0.00030726488609313964,5.394727007742146e-05,131,0.007067092380142212
10-230-01401,BIHAR,Patna,Sampatchak,0,0,,212,10,1401,,53219.7118618291,78902366.60372826,0.00030726488609313964,1.0781224073443496e-05,57,0.0006145297721862793
10-230-01406,BIHAR,Patna,Dulhin Bazar,0,0,,212,10,1406,,77792.54009458271,136539622.4680228,0.0004639952968597412,0.00039975157000175635,99,0.03957540543017388
10-230-01402,BIHAR,Patna,Phulwari,0,0,,212,10,1402,,70659.26045014715,135940825.49713776,0.00030726488609313964,0.00029446218250592547,96,0.028268369520568846
10-230-01413,BIHAR,Patna,Khusrupur,0,0,,212,10,1413,,46143.60198551767,78201544.387751,0.0,0.0,58,0.0
10-230-01403,BIHAR,Patna,Bihta,0,0,,212,10,1403,,116564.9809665079,244879174.98088208,0.00044960528908729555,0.0003588518141580414,182,0.06531103017676354
10-230-01415,BIHAR,Patna,Athmalgola,0,0,,212,10,1415,,47997.69261940102,62827293.65665197,0.0,0.0,47,0.0
10-230-01404,BIHAR,Patna,Naubatpur,0,0,,212,10,1404,,105087.74367689912,205320191.59612688,0.00030726488609313964,0.0003072648860931397,153,0.04701152757225037
10-230-01405,BIHAR,Patna,Bikram,0,0,,212,10,1405,,86626.03512108007,186422313.04867813,0.0003887357924461365,0.00036554334465221765,137,0.05007943821735382
10-234-01475,BIHAR,Rohtas,Rohtas,0,0,,215,10,1475,,88257.59288547112,389741138.17794544,0.0003827410645771027,0.0001757484612796373,288,0.050615556848535546
10-230-01407,BIHAR,Patna,Paliganj,0,0,,212,10,1407,,129476.3041410336,293354152.7667747,0.0004639952968597412,0.0004558631387035423,214,0.09755471168255805
10-230-01408,BIHAR,Patna,Masaurhi,0,0,,212,10,1408,,108866.13277400887,248716954.87290823,0.00039739440321922306,0.0003670136671093072,178,0.06532843274545669
10-230-01409,BIHAR,Patna,Dhanarua,0,0,,212,10,1409,,95102.40821522896,225577653.19725513,0.00039739440321922306,0.00026525205810997386,163,0.04323608547192574
10-230-01410,BIHAR,Patna,Punpun,0,0,,212,10,1410,,82554.93388622913,161116560.78819045,0.00030726488609313964,0.00020831517701229806,118,0.02458119088745117
10-230-01411,BIHAR,Patna,Fatwah,0,0,,212,10,1411,,97950.27190535897,155697451.47083917,0.0,0.0,115,0.0
10-230-01412,BIHAR,Patna,Daniawan,0,0,,212,10,1412,,69689.77872311571,79566220.36857046,0.0,0.0,56,0.0
10-230-01414,BIHAR,Patna,Bakhtiarpur,0,0,,212,10,1414,,120205.01587822943,168153072.20481881,0.0,0.0,120,0.0
10-230-01416,BIHAR,Patna,Belchhi,0,0,,212,10,1416,,88573.78025963024,87443681.0926542,0.0,0.0,70,0.0
10-230-01417,BIHAR,Patna,Barh,0,0,,212,10,1417,,95365.9771693495,147280816.515725,0.0,0.0,104,0.0
10-230-01419,BIHAR,Patna,Ghoswari,0,0,,212,10,1419,,66454.95033385535,164897376.1169027,0.0,0.0,126,0.0
10-230-01418,BIHAR,Patna,Pandarak,0,0,,212,10,1418,,106894.44852036482,252509471.6555304,0.0,0.0,180,0.0
10-232-01438,BIHAR,Buxar,Chaugain,0,0,,194,10,1438,,52625.33924401454,66025696.44875917,0.00024723429870605467,0.00024723429870605467,49,0.012114480636596679
10-232-01439,BIHAR,Buxar,Kesath,0,0,,194,10,1439,,34661.84662025829,38236018.49691825,0.00024723429870605467,0.00024723429870605467,29,0.007169794662475585
10-230-01420,BIHAR,Patna,Mokameh,0,0,,212,10,1420,,127700.39840194934,244519830.48183808,0.0,0.0,181,0.0
10-231-01421,BIHAR,Bhojpur,Shahpur,0,0,,193,10,1421,,110658.91431619873,211766871.4500774,0.00043776344205856323,0.0003997601074156395,156,0.06236257675683976
10-234-01460,BIHAR,Rohtas,Suryapura,0,0,,215,10,1460,,56159.7630280001,69765063.31452103,0.00019048349678993227,0.00019048349678993227,47,0.008952724349126816
10-231-01422,BIHAR,Bhojpur,Arrah,0,0,,193,10,1422,,120924.06747051864,221925641.7145924,0.00044960528908729555,0.0003872145316496435,159,0.061567110532293315
10-231-01423,BIHAR,Bhojpur,Barhara,0,0,,193,10,1423,,128817.96875565937,258494738.36324885,0.00044960528908729555,0.00044588533714109686,191,0.0851640993939495
10-231-01424,BIHAR,Bhojpur,Koilwar,0,0,,193,10,1424,,94779.33453556667,208456312.66749656,0.00044960528908729555,0.0004018084360200767,149,0.059869456966991426
10-231-01425,BIHAR,Bhojpur,Sandesh,0,0,,193,10,1425,,60697.76797134289,164599530.19806212,0.0004639952968597412,0.0004002160558312626,118,0.04722549458808899
10-231-01426,BIHAR,Bhojpur,Udwant Nagar,0,0,,193,10,1426,,92445.60417460876,217797556.82002312,0.0003887357924461365,0.0003645540199445642,161,0.058693197211074834
10-234-01461,BIHAR,Rohtas,Bikramganj,0,0,,215,10,1461,,88556.32896667719,168723569.68103397,0.00019048349678993227,0.00019048349678993224,129,0.02457237108590126
10-231-01427,BIHAR,Bhojpur,Behea,0,0,,193,10,1427,,114516.77527652554,206091349.70539597,0.00043776344205856323,0.00031890673883628847,150,0.04783601082544327
10-231-01428,BIHAR,Bhojpur,Jagdishpur,0,0,,193,10,1428,,109726.00219208181,318463526.4488765,0.000348599036026001,0.00033837364585776077,228,0.07714919125556946
10-231-01429,BIHAR,Bhojpur,Piro,0,0,,193,10,1429,,100703.96274410955,268205354.86689487,0.000348599036026001,0.00022602136711592677,200,0.04520427342318535
10-234-01462,BIHAR,Rohtas,Karakat,0,0,,215,10,1462,,102232.22868007293,251121712.10833624,0.00021821819322586064,0.0001909785277126052,176,0.03361222087741852
10-231-01430,BIHAR,Bhojpur,Charpokhari,0,0,,193,10,1430,,88834.1327790213,135855258.49695313,0.000348599036026001,0.00025664623110379677,95,0.024381391954860693
10-231-01431,BIHAR,Bhojpur,Garhani,0,0,,193,10,1431,,93054.52180151101,137128723.85739592,0.000348599036026001,0.000333409034923072,103,0.034341130597076414
10-231-01432,BIHAR,Bhojpur,Agiaon,0,0,,193,10,1432,,87534.07309197474,191419206.17039648,0.0004639952968597412,0.000349743433817445,139,0.04861433730062485
10-231-01433,BIHAR,Bhojpur,Tarari,0,0,,193,10,1433,,95157.98131215997,247108515.4982669,0.00021821819322586064,0.00021524102242200395,177,0.0380976609686947
10-231-01434,BIHAR,Bhojpur,Sahar,0,0,,193,10,1434,,61748.81499939302,157154129.14318892,0.0004639952968597412,0.00025813071432879856,117,0.03020129357646943
10-232-01435,BIHAR,Buxar,Simri,0,0,,194,10,1435,,87047.69219699135,222195796.247413,0.0002919830973243713,0.000267411033421435,164,0.04385540948111534
10-232-01436,BIHAR,Buxar,Chakki,0,0,,194,10,1436,,73799.54032015939,80420668.23199363,0.00026150258453369146,0.0002592731648731232,64,0.016593482551879885
10-232-01437,BIHAR,Buxar,Barhampur,0,0,,194,10,1437,,133928.15369382405,240152233.65370417,0.00043776344205856323,0.0002508923680933914,173,0.04340437968015671
10-232-01440,BIHAR,Buxar,Dumraon,0,0,,194,10,1440,,115797.88145848007,238641355.07175583,0.0002878676778316498,0.00025949644270253604,169,0.04385489881672859
10-232-01441,BIHAR,Buxar,Buxar,0,0,,194,10,1441,,90996.21871903203,211591033.38394436,0.0002919830973243713,0.00028794631642068265,157,0.045207571678047176
10-232-01442,BIHAR,Buxar,Chausa,0,0,,194,10,1442,,99103.08457070828,138502720.57991108,0.0002878676778316498,0.00021260688307147158,107,0.02274893648864746
10-232-01443,BIHAR,Buxar,Rajpur,0,0,,194,10,1443,,121142.9666413415,336933113.12217736,0.0002878676778316498,0.00020863332511944672,245,0.051115164654264446
10-232-01444,BIHAR,Buxar,Itarhi,0,0,,194,10,1444,,109439.3274763228,293713382.2816445,0.0002878676778316498,0.00028686864121984634,209,0.05995554601494789
10-232-01445,BIHAR,Buxar,Nawanagar,0,0,,194,10,1445,,126567.10382889764,229774401.79100823,0.0002878676778316498,0.00024060483003260819,169,0.04066221627551078
10-233-01446,BIHAR,Kaimur (Bhabua),Ramgarh,0,0,,200,10,1446,,124781.0721120257,206666195.02442607,0.0002917363449192047,0.00024581316464146236,151,0.03711778786086082
10-233-01447,BIHAR,Kaimur (Bhabua),Nuaon,0,0,,200,10,1447,,121732.74643995032,235834986.4758632,0.00022505941970825196,0.0002144557314715469,171,0.036671930081634524
10-233-01448,BIHAR,Kaimur (Bhabua),Kudra,0,0,,200,10,1448,,132624.50147962422,255577893.54332253,0.00022505941970825196,0.00019746034369695756,189,0.03732000495872498
10-233-01449,BIHAR,Kaimur (Bhabua),Mohania,0,0,,200,10,1449,,142323.6809133636,349176573.6513165,0.0002917363449192047,0.00024107127530250696,256,0.06171424647744178
10-233-01450,BIHAR,Kaimur (Bhabua),Durgawati,0,0,,200,10,1450,,108544.41183902678,212580801.4059764,0.0002917363449192047,0.0002917363449192047,154,0.04492739711755753
10-233-01451,BIHAR,Kaimur (Bhabua),Chand,0,0,,200,10,1451,,97099.60209928264,257974481.1925409,0.0002917363449192047,0.00023454718443053832,188,0.044094870672941204
10-233-01452,BIHAR,Kaimur (Bhabua),Chainpur,0,0,,200,10,1452,,170712.34536647963,555311526.8488017,0.0002917363449192047,0.00021153037738868,407,0.08609286359719276
10-233-01453,BIHAR,Kaimur (Bhabua),Bhabua,0,0,,200,10,1453,,143727.89821118704,407618990.38615096,0.0002917363449192047,0.00021031326135388241,301,0.06330429166751861
10-233-01454,BIHAR,Kaimur (Bhabua),Rampur,0,0,,200,10,1454,,126612.15498309073,210660395.23746365,0.00017806639839172364,0.00016171669159396385,149,0.024095787047500615
10-233-01455,BIHAR,Kaimur (Bhabua),Bhagwanpur,0,0,,200,10,1455,,134815.05705103654,292151198.96788174,0.00022635897029876708,0.0002102616275875941,211,0.04436520342098235
10-233-01456,BIHAR,Kaimur (Bhabua),Adhaura,0,0,,200,10,1456,,271357.2345421078,1135984955.9859164,0.0004304023582077026,0.0001950645540348708,833,0.16248877351104737
10-234-01457,BIHAR,Rohtas,Kochas,0,0,,215,10,1457,,90248.48407846906,187033418.62218276,0.00022505941970825196,0.0001963867896270752,132,0.025923056230773928
10-234-01458,BIHAR,Rohtas,Dinara,0,0,,215,10,1458,,157118.7651045217,464648316.8452498,0.00019048349678993227,0.00018511413369097667,341,0.06312391958862304
10-234-01459,BIHAR,Rohtas,Dawath,0,0,,215,10,1459,,78120.6651060775,129910427.66035384,0.00019048349678993227,0.00019048349678993227,94,0.017905448698253633
10-234-01466,BIHAR,Rohtas,Nokha,0,0,,215,10,1466,,82152.91978314315,208772248.59610957,0.00018346835189819336,0.0001297785912239874,148,0.019207231501150134
10-235-01476,BIHAR,Aurangabad,Daudnagar,0,0,,189,10,1476,,91010.07504965532,238139281.75712803,0.0002119688635921478,0.00020663140368812382,174,0.035953864241733545
10-234-01467,BIHAR,Rohtas,Kargahar,0,0,,215,10,1467,,128509.87472624176,406135690.59563094,0.00022505941970825196,0.00014970382855866406,296,0.04431233325336456
10-234-01468,BIHAR,Rohtas,Chenari,0,0,,215,10,1468,,121720.69626398994,292642418.8385522,0.00017806639839172364,0.00015271385255103887,215,0.032833478298473356
10-234-01469,BIHAR,Rohtas,Nauhatta,0,0,,215,10,1469,,175494.75594492842,478591449.404211,0.0004304023582077026,0.00028771674032558836,354,0.10185172607525828
10-234-01470,BIHAR,Rohtas,Sheosagar,0,0,,215,10,1470,,135463.8765525897,406503956.12222886,0.00017806639839172364,0.0001249212271718171,295,0.03685176201568604
10-234-01471,BIHAR,Rohtas,Sasaram,0,0,,215,10,1471,,135810.11950728856,394273130.8742507,0.0001697544079875946,0.00012112620674261552,290,0.0351265999553585
10-234-01473,BIHAR,Rohtas,Dehri,0,0,,215,10,1473,,97323.52013589225,199371136.99043605,0.0001697544079875946,0.0001593446689240686,145,0.023104976993989945
10-235-01477,BIHAR,Aurangabad,Haspura,0,0,,189,10,1477,,88845.10694940752,164519986.5205008,0.0004600489683991671,0.0002160693611922638,121,0.02614439270426392
10-235-01478,BIHAR,Aurangabad,Goh,0,0,,189,10,1478,,122286.20877621078,374665187.3660463,0.0004600489683991671,0.0003907324685266176,272,0.10627923143923998
10-236-01491,BIHAR,Gaya,Neem Chak Bathani,0,0,,196,10,1491,,79540.44278654993,146770773.7769567,0.0003252185192871094,0.00032521851928710935,103,0.033497507486572264
10-235-01479,BIHAR,Aurangabad,Rafiganj,0,0,,189,10,1479,,167069.30684925965,465687847.79432577,0.0004600489683991671,0.00029006291669120184,341,0.09891145459169984
10-235-01480,BIHAR,Aurangabad,Obra,0,0,,189,10,1480,,130720.05569071589,327203821.09876627,0.00030288268859863284,0.00020291896036321098,237,0.048091793606081
10-236-01494,BIHAR,Gaya,Manpur,0,0,,196,10,1494,,77081.78707553667,161226183.41058797,0.00031620579961776736,0.0002766945166040504,115,0.031819869409465795
10-235-01481,BIHAR,Aurangabad,Aurangabad,0,0,,189,10,1481,,125502.68609205673,344679798.38062614,0.00030288268859863284,0.0002715101985830069,256,0.06950661083724977
10-237-01511,BIHAR,Nawada,Nardiganj,0,0,,210,10,1511,,60262.24041371029,129808165.4472442,0.00040036004501342777,0.00040036004501342766,95,0.03803420427627563
10-235-01482,BIHAR,Aurangabad,Barun,0,0,,189,10,1482,,117269.30390529483,381782699.30215496,0.0001697544079875946,0.0001661285297839982,280,0.0465159883395195
10-235-01483,BIHAR,Aurangabad,Nabinagar,0,0,,189,10,1483,,173491.30877801325,657546828.2218357,0.0003827410645771027,0.00021913024827578052,483,0.10583990991720199
10-235-01484,BIHAR,Aurangabad,Kutumba,0,0,,189,10,1484,,110495.73757590447,319048251.76106954,0.00029602499771118167,0.00023050536990902828,229,0.05278572970916748
10-235-01485,BIHAR,Aurangabad,Deo,0,0,,189,10,1485,,158578.88849021672,336990745.1586724,0.0003992998262786865,0.00031316383004055553,251,0.07860412134017944
10-235-01486,BIHAR,Aurangabad,Madanpur,0,0,,189,10,1486,,153529.37367368402,418713952.50229967,0.0003992998262786865,0.0003323854904831575,309,0.10270711655929567
10-236-01487,BIHAR,Gaya,Konch,0,0,,196,10,1487,,154041.56172387034,319288521.7326548,0.0004600489683991671,0.00041800238512192307,232,0.09697655334828616
10-236-01488,BIHAR,Gaya,Tikari,0,0,,196,10,1488,,122221.36853604284,290576655.12704176,0.0004600489683991671,0.000403970928022126,218,0.08806566230882347
10-236-01489,BIHAR,Gaya,Belaganj,0,0,,196,10,1489,,113473.13279109563,240372540.95814112,0.00031620579961776736,0.0003162057996177674,180,0.05691704393119813
10-236-01490,BIHAR,Gaya,Khizirsarai,0,0,,196,10,1490,,103698.13096672995,223124430.97950032,0.0003252185192871094,0.0003201295316927361,165,0.05282137272930146
10-236-01492,BIHAR,Gaya,Muhra,0,0,,196,10,1492,,93681.45756176667,181269438.2139707,0.00040036004501342777,0.00032197210890698793,134,0.04314426259353638
10-236-01493,BIHAR,Gaya,Atri,0,0,,196,10,1493,,103075.15367958385,161340647.62451813,0.00040036004501342777,0.0003196313194983346,119,0.03803612702030182
10-236-01495,BIHAR,Gaya,Gaya Town C.D.Block,0,0,,196,10,1495,,91678.58033080616,224144813.6021213,0.00031620579961776736,0.0002807995849691119,161,0.04520873318002702
10-236-01496,BIHAR,Gaya,Paraiya,0,0,,196,10,1496,,75593.31264449215,167300846.5298876,0.00031659591957092285,0.00029852705907440193,120,0.03582324708892823
10-236-01497,BIHAR,Gaya,Guraru,0,0,,196,10,1497,,81292.54933661391,199646285.7542363,0.00031659591957092285,0.0003165959195709228,147,0.046539600176925655
10-237-01512,BIHAR,Nawada,Nawada,0,0,,210,10,1512,,86822.75137888109,219317998.1072041,0.0004032531305885315,0.00040052589068333816,157,0.06288256483728409
10-236-01498,BIHAR,Gaya,Gurua,0,0,,196,10,1498,,117859.62964526065,238015237.1519128,0.0003735017497634888,0.0003242493447399691,173,0.05609513664001465
10-236-01499,BIHAR,Gaya,Amas,0,0,,196,10,1499,,100546.69423332924,128484051.44985774,0.0003992998262786865,0.00036475218090619544,95,0.034651457186088565
10-237-01517,BIHAR,Nawada,Roh,0,0,,210,10,1517,,77804.52626079548,192537548.9783989,0.000517044416294098,0.0004381714568151699,144,0.06309668978138447
10-236-01500,BIHAR,Gaya,Banke Bazar,0,0,,196,10,1500,,85166.97220092022,256240042.68049288,0.0003992998262786865,0.0003805754159047526,186,0.07078702735828399
10-236-01501,BIHAR,Gaya,Imamganj,0,0,,196,10,1501,,136271.57775821586,316917295.57645696,0.0004416094271850586,0.0004044811879682342,239,0.09667100392440797
10-236-01502,BIHAR,Gaya,Dumaria,0,0,,196,10,1502,,119690.94596035974,390676703.928496,0.0004416094271850586,0.0003792737556473581,285,0.10809302035949707
10-236-01503,BIHAR,Gaya,Sherghati,0,0,,196,10,1503,,100322.2973073121,167902109.12194017,0.0005474379170227051,0.00037922350812431274,123,0.046644491499290466
10-238-01531,BIHAR,Jamui,Gidhaur,0,0,,198,10,1531,,55211.5633940527,100392309.18230554,0.00023584886568069462,0.0002049193528444926,75,0.015368951463336946
10-236-01504,BIHAR,Gaya,Dobhi,0,0,,196,10,1504,,103572.88994215836,218837778.49499393,0.0005474379170227051,0.0005161077999387469,161,0.08309335579013824
10-236-01505,BIHAR,Gaya,Bodh Gaya,0,0,,196,10,1505,,120948.91182130505,306843965.9119923,0.0005474379170227051,0.0002977752567138672,230,0.06848830904418945
10-236-01506,BIHAR,Gaya,Tan Kuppa,0,0,,196,10,1506,,108147.94853451202,190099968.23000297,0.0005474379170227051,0.00029673099932542486,134,0.039761953909606934
10-240-01542,BIHAR,Arwal,Arwal,0,0,,611,10,1542,,73924.8054791393,147787869.27798152,0.0004639952968597412,0.0004001877795701761,104,0.04161952907529831
10-236-01507,BIHAR,Gaya,Wazirganj,0,0,,196,10,1507,,105472.06999302967,323030583.61833626,0.0002986138809967041,0.00029650361842106966,236,0.06997485394737243
10-236-01508,BIHAR,Gaya,Fatehpur,0,0,,196,10,1508,,155359.44599717355,408449805.62920874,0.00043597956176757817,0.0003804862174909209,304,0.11566781011723996
10-240-01543,BIHAR,Arwal,Kaler,0,0,,611,10,1543,,67777.19153730445,176075758.749563,0.00021821819322586064,0.00021716868748584782,131,0.028449098060646064
10-236-01509,BIHAR,Gaya,Mohanpur,0,0,,196,10,1509,,119906.24818546322,418796109.2883684,0.0005474379170227051,0.0004794587713940309,303,0.14527600773239135
10-240-01544,BIHAR,Arwal,Karpi,0,0,,611,10,1544,,158139.92638461498,234985661.7206014,0.0004639952968597412,0.0004389059926774855,172,0.07549183074052751
10-236-01510,BIHAR,Gaya,Barachatti,0,0,,196,10,1510,,138753.78132836288,366328956.31361085,0.0005474379170227051,0.0005377106423822576,275,0.14787042665512085
10-237-01513,BIHAR,Nawada,Warisaliganj,0,0,,210,10,1513,,109792.76918459819,202861050.3008767,0.00040036004501342777,0.0002926799889855158,147,0.04302395838087082
10-237-01514,BIHAR,Nawada,Kashi Chak,0,0,,210,10,1514,,73948.94452619922,98983451.20841853,0.00022830604244709015,0.00022830604244709017,72,0.016438035056190493
10-237-01515,BIHAR,Nawada,Pakribarawan,0,0,,210,10,1515,,104545.76938151139,251834567.85717744,0.00022830604244709015,0.00022830604244709012,184,0.042008311810264584
10-237-01516,BIHAR,Nawada,Kawakol,0,0,,210,10,1516,,121170.20018263235,362955647.76482904,0.000517044416294098,0.00033529861210371324,266,0.08918943081958772
10-237-01518,BIHAR,Nawada,Gobindpur,0,0,,210,10,1518,,73133.35659787485,188189390.13263756,0.000517044416294098,0.0004861582101740156,140,0.06806214942436219
10-237-01519,BIHAR,Nawada,Akbarpur,0,0,,210,10,1519,,91268.2921062847,249541236.96202633,0.0004032531305885315,0.00040325313058853153,184,0.0741985760282898
10-237-01520,BIHAR,Nawada,Hisua,0,0,,210,10,1520,,85113.4923130193,144090762.99664384,0.0004032531305885315,0.00036381342629047535,104,0.03783659633420944
10-237-01521,BIHAR,Nawada,Narhat,0,0,,210,10,1521,,62856.50481924386,99624005.77002536,0.0004032531305885315,0.00040325313058853153,69,0.027824466010608676
10-237-01522,BIHAR,Nawada,Meskaur,0,0,,210,10,1522,,75185.00287586387,145604023.18435815,0.0004032531305885315,0.0003285108094515119,112,0.03679321065856933
10-237-01523,BIHAR,Nawada,Sirdala,0,0,,210,10,1523,,111278.51695598938,301894539.186342,0.00043597956176757817,0.0003724437909495721,218,0.08119274642700672
10-237-01524,BIHAR,Nawada,Rajauli,0,0,,210,10,1524,,132370.86211000624,450216393.36794454,0.000517044416294098,0.0003756977659894039,333,0.1251073560744715
10-238-01525,BIHAR,Jamui,Islamnagar Aliganj,0,0,,198,10,1525,,96153.77396855215,213408239.47295904,0.00027029570030689243,0.000255825718701115,156,0.03990881211737394
10-238-01526,BIHAR,Jamui,Sikandra,0,0,,198,10,1526,,86788.2538333537,223096734.30010977,0.00027029570030689243,0.0002582669009439739,162,0.04183923795292377
10-238-01527,BIHAR,Jamui,Jamui,0,0,,198,10,1527,,90084.78430112793,212157753.6648698,0.0002603785150539875,0.00023616537728551128,155,0.036605633479254246
10-238-01528,BIHAR,Jamui,Barhat,0,0,,198,10,1528,,114104.37581341481,270298087.1382075,0.00023584886568069462,0.0001963411876732686,197,0.038679213971633916
10-238-01529,BIHAR,Jamui,Lakshmipur,0,0,,198,10,1529,,112147.89260238525,307635253.00857943,0.00023584886568069462,6.289303084818524e-05,225,0.014150931940841677
10-238-01530,BIHAR,Jamui,Jhajha,0,0,,198,10,1530,,147664.43327942316,507112726.974952,0.00027632649414062503,0.0002433342989510717,370,0.09003369061189652
10-238-01532,BIHAR,Jamui,Khaira,0,0,,198,10,1532,,142747.05687020053,513762691.7981683,0.00027029570030689243,0.000212422004487622,377,0.0800830956918335
10-238-01533,BIHAR,Jamui,Sono,0,0,,198,10,1533,,117724.39892386932,474283005.7300444,0.00027632649414062503,0.00018244377704390826,349,0.06367287818832398
10-238-01534,BIHAR,Jamui,Chakai,0,0,,198,10,1534,,243956.2217086091,956725034.6798706,0.00027632649414062503,0.00023968699576604711,700,0.16778089703623297
10-239-01535,BIHAR,Jehanabad,Ratni Faridpur,0,0,,199,10,1535,,82762.53932271499,155018952.20303965,0.0004639952968597412,0.00041680360658518056,114,0.04751561115071058
10-239-01536,BIHAR,Jehanabad,Jehanabad,0,0,,199,10,1536,,97254.09844747804,201426556.69272655,0.00039739440321922306,0.00039739440321922306,148,0.058814371676445015
10-239-01537,BIHAR,Jehanabad,Kako,0,0,,199,10,1537,,83599.3529020472,162373941.78194478,0.00039739440321922306,0.000397394403219223,118,0.04689253957986832
10-239-01538,BIHAR,Jehanabad,Modanganj,0,0,,199,10,1538,,66522.90037500951,97205276.85869928,0.00039739440321922306,0.0002934486960984659,69,0.020247960030794147
10-239-01539,BIHAR,Jehanabad,Ghoshi,0,0,,199,10,1539,,82931.95174196921,112225161.55433495,0.00039739440321922306,0.0003443755498605751,83,0.028583170638427736
10-239-01540,BIHAR,Jehanabad,Makhdumpur,0,0,,199,10,1540,,128831.72570768485,301471679.33572614,0.00039739440321922306,0.0003251851843478823,217,0.07056518500349046
10-239-01541,BIHAR,Jehanabad,Hulasganj,0,0,,199,10,1541,,87179.53907708311,119677697.18988888,0.00039739440321922306,0.00030890201040924915,90,0.027801180936832426
10-240-01545,BIHAR,Arwal,Sonbhadra Banshi Suryapur,0,0,,611,10,1545,,62692.97791397586,116643000.97724338,0.0004639952968597412,0.00046099989091978735,83,0.03826299094634235
10-240-01546,BIHAR,Arwal,Kurtha,0,0,,611,10,1546,,71585.17106640573,106433073.5354984,0.0004639952968597412,0.00046197153867483134,78,0.036033780016636846
10-224-01334,BIHAR,Bhagalpur,Gopalpur,0,0,,192,10,1334,,95407.9186210158,208941966.91883087,0.0,0.0,153,0.0
10-210-01127,BIHAR,Kishanganj,Kishanganj,0,0,,203,10,1127,,125268.33771117091,207105687.55921903,0.0,0.0,152,0.0
10-206-01064,BIHAR,Sitamarhi,Suppi,0,0,,221,10,1064,,71084.15120823232,92250451.53846286,0.0,0.0,66,0.0
10-234-01463,BIHAR,Rohtas,Nasriganj,0,0,,215,10,1463,,90034.07903274363,167356919.18355417,0.0005694280437469483,0.0005529177031017486,126,0.06966763059082032
10-234-01464,BIHAR,Rohtas,Rajpur,0,0,,215,10,1464,,68660.48684625747,85633596.4997788,0.0005510490055084229,0.000551049005508423,63,0.03471608734703065
10-234-01465,BIHAR,Rohtas,Sanjhauli,0,0,,215,10,1465,,56591.722358052,83833486.39015438,0.0005510490055084229,0.0005217125717072259,63,0.03286789201755523
10-203-01023,BIHAR,Pashchim Champaran,Thakrahan,0,0,,211,10,1023,,79847.09402015881,199004696.79409248,0.0,0.0,145,0.0
10-204-01054,BIHAR,Purbi Champaran,Phenhara,0,0,,213,10,1054,,44565.43736457999,67645025.94776015,0.0,0.0,51,0.0
10-219-01262,BIHAR,Saran,Maker,0,0,,218,10,1262,,62357.8736467211,96585777.9808088,0.0,0.0,71,0.0
10-220-01282,BIHAR,Vaishali,Sahdai Buzurg,0,0,,224,10,1282,,74546.65030748869,114161677.3631406,0.0,0.0,84,0.0
10-229-01388,BIHAR,Nalanda,Tharthari,0,0,,209,10,1388,,71853.42144919158,77411758.12428828,0.0005830689363098145,0.000557822394226922,54,0.030122409288253785
10-229-01389,BIHAR,Nalanda,Parbalpur,0,0,,209,10,1389,,54466.2339431045,76043839.88376136,0.0005830689363098145,0.0005395959365497316,56,0.03021737244678497
10-203-01022,BIHAR,Pashchim Champaran,Bhitaha,0,0,,211,10,1022,,72626.86760213553,166969906.7472905,0.0,0.0,117,0.0
10-203-01013,BIHAR,Pashchim Champaran,Sidhaw,0,0,,211,10,1013,,195582.3602130639,1085337194.6715722,0.0,0.0,781,0.0
10-203-01014,BIHAR,Pashchim Champaran,Ramnagar,0,0,,211,10,1014,,230865.78384139363,866139404.2451236,0.0,0.0,621,0.0
10-203-01015,BIHAR,Pashchim Champaran,Gaunaha,0,0,,211,10,1015,,136504.94021895694,605322845.3823951,0.0,0.0,441,0.0
10-203-01016,BIHAR,Pashchim Champaran,Mainatanr,0,0,,211,10,1016,,115419.13930249632,312998546.4010918,0.0,0.0,221,0.0
10-203-01017,BIHAR,Pashchim Champaran,Narkatiaganj,0,0,,211,10,1017,,149144.20649331805,441857686.2127825,0.0,0.0,314,0.0
10-203-01018,BIHAR,Pashchim Champaran,Lauriya,0,0,,211,10,1018,,120853.32018665274,255440417.54612216,0.0,0.0,183,0.0
10-203-01019,BIHAR,Pashchim Champaran,Bagaha,0,0,,211,10,1019,,135587.24079810514,491292931.53180623,0.0,0.0,352,0.0
10-203-01021,BIHAR,Pashchim Champaran,Madhubani,0,0,,211,10,1021,,144670.82201821523,386116138.1353823,0.0,0.0,276,0.0
10-203-01024,BIHAR,Pashchim Champaran,Jogapatti,0,0,,211,10,1024,,88530.23644360513,258722436.3759333,0.0,0.0,186,0.0
10-203-01029,BIHAR,Pashchim Champaran,Bairia,0,0,,211,10,1029,,105039.82861382668,288505226.87341565,0.0,0.0,208,0.0
10-203-01025,BIHAR,Pashchim Champaran,Chanpatia,0,0,,211,10,1025,,113543.7602983494,310017349.34780717,0.0,0.0,226,0.0
10-206-01071,BIHAR,Sitamarhi,Parsauni,0,0,,221,10,1071,,63729.135625112256,74724139.64418457,0.0,0.0,55,0.0
10-203-01026,BIHAR,Pashchim Champaran,Sikta,0,0,,211,10,1026,,93443.22825707054,255004178.86147365,0.0,0.0,183,0.0
10-203-01027,BIHAR,Pashchim Champaran,Majhaulia,0,0,,211,10,1027,,123374.4030721297,371511179.15939575,0.0,0.0,265,0.0
10-203-01028,BIHAR,Pashchim Champaran,Bettiah,0,0,,211,10,1028,,53968.26030594324,83182055.35378212,0.0,0.0,59,0.0
10-203-01030,BIHAR,Pashchim Champaran,Nautan,0,0,,211,10,1030,,122656.63983711715,245738630.13883996,0.0,0.0,171,0.0
10-204-01031,BIHAR,Purbi Champaran,Raxaul,0,0,,213,10,1031,,98709.78801801558,166685360.13968688,0.0,0.0,124,0.0
10-206-01072,BIHAR,Sitamarhi,Belsand,0,0,,221,10,1072,,66235.5873217276,97354060.86547032,0.0,0.0,70,0.0
10-206-01073,BIHAR,Sitamarhi,Runisaidpur,0,0,,221,10,1073,,152472.54206325076,334873257.0825382,0.0,0.0,243,0.0
10-204-01032,BIHAR,Purbi Champaran,Adapur,0,0,,213,10,1032,,94532.37688292323,199608924.7111849,0.0,0.0,148,0.0
10-206-01074,BIHAR,Sitamarhi,Dumra,0,0,,221,10,1074,,111649.34177378344,241159212.36062923,0.0,0.0,178,0.0
10-204-01033,BIHAR,Purbi Champaran,Ramgarhwa,0,0,,213,10,1033,,90718.26831189607,213035907.5226096,0.0,0.0,154,0.0
10-204-01034,BIHAR,Purbi Champaran,Sugauli,0,0,,213,10,1034,,84892.41923436844,209336830.19001696,0.0,0.0,149,0.0
10-204-01038,BIHAR,Purbi Champaran,Ghorasahan,0,0,,213,10,1038,,75335.10865687576,144368243.47105,0.0,0.0,104,0.0
10-204-01035,BIHAR,Purbi Champaran,Banjaria,0,0,,213,10,1035,,102381.40449613356,176960195.87167916,0.0,0.0,124,0.0
10-204-01047,BIHAR,Purbi Champaran,Kesaria,0,0,,213,10,1047,,87546.8206889307,229535442.11688668,0.0,0.0,168,0.0
10-204-01036,BIHAR,Purbi Champaran,Narkatia,0,0,,213,10,1036,,105607.09704406632,168338010.30978012,0.0,0.0,120,0.0
10-204-01037,BIHAR,Purbi Champaran,Bankatwa,0,0,,213,10,1037,,99233.37216886049,115311013.90225838,0.0,0.0,82,0.0
10-204-01039,BIHAR,Purbi Champaran,Dhaka,0,0,,213,10,1039,,97673.73467814895,202386545.86227983,0.0,0.0,145,0.0
10-204-01048,BIHAR,Purbi Champaran,Kalyanpur,0,0,,213,10,1048,,109413.20044555076,313300912.50613195,0.0,0.0,230,0.0
10-204-01040,BIHAR,Purbi Champaran,Chiraia,0,0,,213,10,1040,,110764.71696779084,272984575.32652414,0.0,0.0,199,0.0
10-204-01041,BIHAR,Purbi Champaran,Motihari,0,0,,213,10,1041,,181544.26702654368,319814691.13850176,0.0,0.0,241,0.0
10-204-01049,BIHAR,Purbi Champaran,Kotwa,0,0,,213,10,1049,,78879.98205471091,178282937.71225017,0.0,0.0,126,0.0
10-204-01042,BIHAR,Purbi Champaran,Turkaulia,0,0,,213,10,1042,,99475.78497366334,174748315.94966665,0.0,0.0,130,0.0
10-204-01050,BIHAR,Purbi Champaran,Piprakothi,0,0,,213,10,1050,,58369.33889310607,62223774.49301849,0.0,0.0,45,0.0
10-204-01043,BIHAR,Purbi Champaran,Harsidhi,0,0,,213,10,1043,,133904.34238337883,240218359.62130272,0.0,0.0,173,0.0
10-204-01044,BIHAR,Purbi Champaran,Paharpur,0,0,,213,10,1044,,108730.62076802726,192061375.0173064,0.0,0.0,144,0.0
10-204-01045,BIHAR,Purbi Champaran,Areraj,0,0,,213,10,1045,,93331.67353690567,242725576.26244012,0.0,0.0,174,0.0
10-204-01046,BIHAR,Purbi Champaran,Sangrampur,0,0,,213,10,1046,,78133.67961210197,187659878.02718252,0.0,0.0,133,0.0
10-204-01051,BIHAR,Purbi Champaran,Chakia(Pipra),0,0,,213,10,1051,,129110.66914194856,212940547.80779588,0.0,0.0,145,0.0
10-204-01052,BIHAR,Purbi Champaran,Pakri Dayal,0,0,,213,10,1052,,90143.40730437863,148110040.62869397,0.0,0.0,106,0.0
10-204-01053,BIHAR,Purbi Champaran,Patahi,0,0,,213,10,1053,,85994.51677214028,144960443.14880535,0.0,0.0,100,0.0
10-204-01055,BIHAR,Purbi Champaran,Madhuban,0,0,,213,10,1055,,112681.00006095257,152424272.44650427,0.0,0.0,114,0.0
10-204-01056,BIHAR,Purbi Champaran,Tetaria,0,0,,213,10,1056,,82320.72754353678,104458405.63845472,0.0,0.0,74,0.0
10-205-01058,BIHAR,Sheohar,Purnahiya,0,0,,220,10,1058,,57294.126150412616,80859097.14068061,0.0,0.0,59,0.0
10-204-01057,BIHAR,Purbi Champaran,Mehsi,0,0,,213,10,1057,,125063.78039343117,149773808.08158112,0.0,0.0,108,0.0
10-205-01059,BIHAR,Sheohar,Piprarhi,0,0,,220,10,1059,,105870.45511307275,104265216.9562483,0.0,0.0,77,0.0
10-205-01060,BIHAR,Sheohar,Sheohar,0,0,,220,10,1060,,81007.5322908237,115638983.35873616,0.0,0.0,83,0.0
10-205-01061,BIHAR,Sheohar,Dumri Katsari,0,0,,220,10,1061,,65038.65439014734,84655470.24819931,0.0,0.0,59,0.0
10-205-01062,BIHAR,Sheohar,Tariani Chowk,0,0,,220,10,1062,,97491.22869259815,171878914.60720828,0.0,0.0,126,0.0
10-206-01063,BIHAR,Sitamarhi,Bairgania,0,0,,221,10,1063,,59598.621146511534,94417571.99630062,0.0,0.0,70,0.0
10-206-01065,BIHAR,Sitamarhi,Majorganj,0,0,,221,10,1065,,62808.55729710282,95411217.42446172,0.0,0.0,68,0.0
10-206-01066,BIHAR,Sitamarhi,Sonbarsa,0,0,,221,10,1066,,92820.94699371175,224104085.6083578,0.0,0.0,155,0.0
10-206-01067,BIHAR,Sitamarhi,Parihar,0,0,,221,10,1067,,86838.20299610356,272812569.4060281,0.0,0.0,197,0.0
10-207-01095,BIHAR,Madhubani,Rajnagar,0,0,,206,10,1095,,78809.12744912357,223111125.2667772,0.0,0.0,158,0.0
10-206-01068,BIHAR,Sitamarhi,Sursand,0,0,,221,10,1068,,91215.71647520129,181412871.1123928,0.0,0.0,134,0.0
10-206-01069,BIHAR,Sitamarhi,Bathnaha,0,0,,221,10,1069,,120764.04051803834,251403523.12922087,0.0,0.0,185,0.0
10-206-01070,BIHAR,Sitamarhi,Riga,0,0,,221,10,1070,,129433.73210860479,163724219.02092636,0.0,0.0,114,0.0
10-210-01123,BIHAR,Kishanganj,Thakurganj,0,0,,203,10,1123,,224971.2940646554,491161543.46963537,0.0,0.0,353,0.0
10-210-01124,BIHAR,Kishanganj,Pothia,0,0,,203,10,1124,,167388.9118766352,443844792.4531903,0.0,0.0,321,0.0
10-210-01125,BIHAR,Kishanganj,Bahadurganj,0,0,,203,10,1125,,155296.13881782343,347494200.8377232,0.0,0.0,251,0.0
10-210-01126,BIHAR,Kishanganj,Kochadhamin,0,0,,203,10,1126,,139640.52665725534,360840233.8364798,0.0,0.0,258,0.0
10-211-01128,BIHAR,Purnia,Banmankhi,0,0,,214,10,1128,,142815.61519736593,459936087.34673214,0.0,0.0,333,0.0
10-206-01075,BIHAR,Sitamarhi,Bajpatti,0,0,,221,10,1075,,90407.29439213518,174303329.1783474,0.0,0.0,125,0.0
10-206-01076,BIHAR,Sitamarhi,Charaut,0,0,,221,10,1076,,85128.15752493152,91349700.81924292,0.0,0.0,62,0.0
10-206-01077,BIHAR,Sitamarhi,Pupri,0,0,,221,10,1077,,73992.24203369493,115338203.66308306,0.0,0.0,82,0.0
10-206-01078,BIHAR,Sitamarhi,Nanpur,0,0,,221,10,1078,,73315.01223618646,135892566.9983101,0.0,0.0,100,0.0
10-220-01283,BIHAR,Vaishali,Mahnar,0,0,,224,10,1283,,81638.1139853176,126474580.44313861,0.0,0.0,89,0.0
10-206-01079,BIHAR,Sitamarhi,Bokhara,0,0,,221,10,1079,,81978.13188098712,108574895.39827529,0.0,0.0,79,0.0
10-207-01080,BIHAR,Madhubani,Madhwapur,0,0,,206,10,1080,,88808.76172423853,137557654.90878707,0.0,0.0,103,0.0
10-207-01081,BIHAR,Madhubani,Harlakhi,0,0,,206,10,1081,,90217.76640094945,187441757.00046396,0.0,0.0,138,0.0
10-207-01082,BIHAR,Madhubani,Basopatti,0,0,,206,10,1082,,97634.90682970545,164238774.4639331,0.0,0.0,122,0.0
10-207-01089,BIHAR,Madhubani,Khajauli,0,0,,206,10,1089,,91171.28062794723,150968724.81279027,0.0,0.0,108,0.0
10-207-01083,BIHAR,Madhubani,Jainagar,0,0,,206,10,1083,,81489.61423509955,161880108.8306139,0.0,0.0,115,0.0
10-207-01090,BIHAR,Madhubani,Kaluahi,0,0,,206,10,1090,,62305.281593423286,101560283.08963235,0.0,0.0,75,0.0
10-207-01084,BIHAR,Madhubani,Ladania,0,0,,206,10,1084,,97928.14946240213,232665607.5684243,0.0,0.0,164,0.0
10-207-01085,BIHAR,Madhubani,Laukaha,0,0,,206,10,1085,,102032.19667129294,266340932.00179368,0.0,0.0,197,0.0
10-207-01086,BIHAR,Madhubani,Laukahi,0,0,,206,10,1086,,109679.24973352649,329223432.564553,0.0,0.0,237,0.0
10-207-01087,BIHAR,Madhubani,Phulparas,0,0,,206,10,1087,,117974.41186319289,199352334.8677591,0.0,0.0,140,0.0
10-207-01088,BIHAR,Madhubani,Babubarhi,0,0,,206,10,1088,,118996.04641992833,237192379.86086744,0.0,0.0,174,0.0
10-207-01091,BIHAR,Madhubani,Benipatti,0,0,,206,10,1091,,128414.2409747215,328987645.9449377,0.0,0.0,231,0.0
10-207-01092,BIHAR,Madhubani,Bisfi,0,0,,206,10,1092,,99754.46134559005,226192948.413646,0.0,0.0,165,0.0
10-207-01093,BIHAR,Madhubani,Madhubani,0,0,,206,10,1093,,109764.71764889831,200359220.56727448,0.0,0.0,142,0.0
10-207-01094,BIHAR,Madhubani,Pandaul,0,0,,206,10,1094,,102372.75527307783,208327489.63825428,0.0,0.0,148,0.0
10-207-01096,BIHAR,Madhubani,Andhratharhi,0,0,,206,10,1096,,97300.5167595078,186769445.10608673,0.0,0.0,134,0.0
10-207-01097,BIHAR,Madhubani,Jhanjharpur,0,0,,206,10,1097,,125261.96837896874,181284371.95402232,0.0,0.0,132,0.0
10-207-01098,BIHAR,Madhubani,Ghoghardiha,0,0,,206,10,1098,,114215.40677637524,211228851.4219488,0.0,0.0,159,0.0
10-207-01099,BIHAR,Madhubani,Lakhnaur,0,0,,206,10,1099,,72956.74167609161,146945623.14022,0.0,0.0,110,0.0
10-207-01100,BIHAR,Madhubani,Madhepur,0,0,,206,10,1100,,144505.38034518834,300452948.5687113,0.0,0.0,212,0.0
10-208-01101,BIHAR,Supaul,Nirmali,0,0,,223,10,1101,,123310.21889922836,162734364.67066902,0.0,0.0,118,0.0
10-208-01102,BIHAR,Supaul,Basantpur,0,0,,223,10,1102,,136288.63693043106,319456339.75100917,0.0,0.0,228,0.0
10-208-01103,BIHAR,Supaul,Chhatapur,0,0,,223,10,1103,,142271.17176584958,398825687.2446475,0.0,0.0,285,0.0
10-208-01104,BIHAR,Supaul,Pratapganj,0,0,,223,10,1104,,71155.69013184242,133032565.19323792,0.0,0.0,97,0.0
10-208-01105,BIHAR,Supaul,Raghopur,0,0,,223,10,1105,,111831.20983491397,255841046.48838165,0.0,0.0,187,0.0
10-221-01285,BIHAR,Samastipur,Warisnagar,0,0,,217,10,1285,,90241.30323013186,163846086.5162723,0.0,0.0,120,0.0
10-208-01106,BIHAR,Supaul,Saraigarh Bhaptiyahi,0,0,,223,10,1106,,105489.5116383213,257042943.27229512,0.0,0.0,189,0.0
10-208-01107,BIHAR,Supaul,Kishanpur,0,0,,223,10,1107,,125516.73810076228,248613546.3002807,0.0,0.0,177,0.0
10-208-01108,BIHAR,Supaul,Marauna,0,0,,223,10,1108,,114969.59778192453,206419565.01179272,0.0,0.0,149,0.0
10-208-01109,BIHAR,Supaul,Supaul,0,0,,223,10,1109,,122628.008173687,390920691.5720901,0.0,0.0,287,0.0
10-208-01110,BIHAR,Supaul,Pipra,0,0,,223,10,1110,,113516.78657800167,247320462.25611627,0.0,0.0,181,0.0
10-221-01287,BIHAR,Samastipur,Khanpur,0,0,,217,10,1287,,89337.20668890505,173313349.37261373,0.0,0.0,127,0.0
10-208-01111,BIHAR,Supaul,Tribeniganj,0,0,,223,10,1111,,136684.8917573132,402291551.99740016,0.0,0.0,290,0.0
10-209-01112,BIHAR,Araria,Narpatganj,0,0,,188,10,1112,,196352.82868709194,482872068.7863751,0.0,0.0,351,0.0
10-209-01113,BIHAR,Araria,Forbesganj,0,0,,188,10,1113,,165874.55860340688,546946456.996027,0.0,0.0,392,0.0
10-209-01114,BIHAR,Araria,Bhargama,0,0,,188,10,1114,,140909.75235341018,280499778.1128878,0.0,0.0,206,0.0
10-209-01115,BIHAR,Araria,Raniganj,0,0,,188,10,1115,,160625.61646677545,576910744.770993,0.0,0.0,418,0.0
10-209-01116,BIHAR,Araria,Araria,0,0,,188,10,1116,,192057.15187743204,506918787.2643526,0.0,0.0,371,0.0
10-209-01117,BIHAR,Araria,Kursakatta,0,0,,188,10,1117,,96566.38525637137,201032230.408231,0.0,0.0,147,0.0
10-209-01118,BIHAR,Araria,Sikti,0,0,,188,10,1118,,116798.35346995249,237753016.2819182,0.0,0.0,177,0.0
10-209-01119,BIHAR,Araria,Palasi,0,0,,188,10,1119,,132578.70192307016,306240761.34804773,0.0,0.0,222,0.0
10-209-01120,BIHAR,Araria,Jokihat,0,0,,188,10,1120,,155370.9524619173,341005127.7602247,0.0,0.0,246,0.0
10-210-01121,BIHAR,Kishanganj,Terhagachh,0,0,,203,10,1121,,121953.02658094271,245208326.38245347,0.0,0.0,175,0.0
10-210-01122,BIHAR,Kishanganj,Dighalbank,0,0,,203,10,1122,,147432.83262190674,314385668.4331173,0.0,0.0,224,0.0
10-211-01129,BIHAR,Purnia,Barhara,0,0,,214,10,1129,,111073.17449432175,288009141.38478667,0.0,0.0,212,0.0
10-211-01130,BIHAR,Purnia,Bhawanipur,0,0,,214,10,1130,,116656.34435182877,201938838.4795833,0.0,0.0,147,0.0
10-211-01131,BIHAR,Purnia,Rupauli,0,0,,214,10,1131,,113946.660566684,308195114.8462847,0.0,0.0,227,0.0
10-211-01132,BIHAR,Purnia,Dhamdaha,0,0,,214,10,1132,,135370.01293426772,446856166.039676,0.0,0.0,326,0.0
10-211-01133,BIHAR,Purnia,Krityanand Nagar,0,0,,214,10,1133,,149407.41850079046,364443041.21247435,0.0,0.0,274,0.0
10-211-01134,BIHAR,Purnia,Purnia East,0,0,,214,10,1134,,127662.13358515713,309272824.56310594,0.0,0.0,228,0.0
10-211-01135,BIHAR,Purnia,Kasba,0,0,,214,10,1135,,130095.64608516233,215123054.3424731,0.0,0.0,154,0.0
10-211-01136,BIHAR,Purnia,Srinagar,0,0,,214,10,1136,,106220.57404900706,172405807.6412187,0.0,0.0,122,0.0
10-211-01137,BIHAR,Purnia,Jalalgarh,0,0,,214,10,1137,,87146.39992638786,142107808.6772385,0.0,0.0,102,0.0
10-211-01138,BIHAR,Purnia,Amour,0,0,,214,10,1138,,141371.93624621196,307011870.96961224,0.0,0.0,225,0.0
10-211-01139,BIHAR,Purnia,Baisa,0,0,,214,10,1139,,132173.35304950457,275191667.549805,0.0,0.0,197,0.0
10-211-01140,BIHAR,Purnia,Baisi,0,0,,214,10,1140,,118169.54825440844,253873549.02719215,0.0,0.0,187,0.0
10-211-01141,BIHAR,Purnia,Dagarua,0,0,,214,10,1141,,129309.28146976323,257465778.6329552,0.0,0.0,180,0.0
10-212-01142,BIHAR,Katihar,Falka,0,0,,201,10,1142,,100518.70580952488,208374539.8829749,0.0,0.0,150,0.0
10-212-01143,BIHAR,Katihar,Korha,0,0,,201,10,1143,,137118.64195203967,368801327.90483874,0.0,0.0,273,0.0
10-212-01144,BIHAR,Katihar,Hasanganj,0,0,,201,10,1144,,78227.29832785497,86155111.41022065,0.0,0.0,62,0.0
10-212-01145,BIHAR,Katihar,Kadwa,0,0,,201,10,1145,,157692.68144088247,420129854.10490626,0.0,0.0,307,0.0
10-212-01146,BIHAR,Katihar,Balrampur,0,0,,201,10,1146,,141815.18317465586,216253207.31133217,0.0,0.0,151,0.0
10-212-01147,BIHAR,Katihar,Barsoi,0,0,,201,10,1147,,172308.8160052511,357713388.6445612,0.0,0.0,261,0.0
10-212-01148,BIHAR,Katihar,Azamnagar,0,0,,201,10,1148,,141791.77759222616,349759708.1212404,0.0,0.0,253,0.0
10-221-01290,BIHAR,Samastipur,Tajpur,0,0,,217,10,1290,,57166.77792153786,83856612.1105223,0.0,0.0,61,0.0
10-212-01149,BIHAR,Katihar,Pranpur,0,0,,201,10,1149,,111803.70370561493,191475637.62126103,0.0,0.0,141,0.0
10-212-01150,BIHAR,Katihar,Dandkhora,0,0,,201,10,1150,,70987.07501110679,111201189.06340708,0.0,0.0,81,0.0
10-212-01151,BIHAR,Katihar,Katihar,0,0,,201,10,1151,,76845.81968857624,136830037.77828172,0.0,0.0,100,0.0
10-212-01152,BIHAR,Katihar,Mansahi,0,0,,201,10,1152,,73279.06289841712,97405011.1871763,0.0,0.0,73,0.0
10-212-01155,BIHAR,Katihar,Kursela,0,0,,201,10,1155,,80348.39413748268,153683091.52761996,0.0,0.0,117,0.0
10-212-01153,BIHAR,Katihar,Barari,0,0,,201,10,1153,,107333.93297446336,407446973.1478653,0.0,0.0,292,0.0
10-212-01154,BIHAR,Katihar,Sameli,0,0,,201,10,1154,,75105.36277909,118027198.2496544,0.0,0.0,81,0.0
10-212-01156,BIHAR,Katihar,Manihari,0,0,,201,10,1156,,130162.81635074862,303859830.4099729,0.0,0.0,221,0.0
10-212-01157,BIHAR,Katihar,Amdabad,0,0,,201,10,1157,,103742.71814675455,228302986.79665467,0.0,0.0,164,0.0
10-213-01158,BIHAR,Madhepura,Gamharia,0,0,,205,10,1158,,80141.00377515821,125479849.27382244,0.0,0.0,89,0.0
10-213-01160,BIHAR,Madhepura,Ghailarh,0,0,,205,10,1160,,78865.70647224285,116219722.2388165,0.0,0.0,83,0.0
10-213-01159,BIHAR,Madhepura,Singheshwar,0,0,,205,10,1159,,111627.30849980874,111167268.35246354,0.0,0.0,78,0.0
10-216-01210,BIHAR,Muzaffarpur,Bandra,0,0,,208,10,1210,,74293.85759884378,142020443.31484023,0.0,0.0,103,0.0
10-213-01161,BIHAR,Madhepura,Madhepura,0,0,,205,10,1161,,115084.47931226583,237801277.85767865,0.0,0.0,175,0.0
10-213-01162,BIHAR,Madhepura,Shankarpur,0,0,,205,10,1162,,63984.56408470212,128790837.874554,0.0,0.0,94,0.0
10-213-01163,BIHAR,Madhepura,Kumarkhand,0,0,,205,10,1163,,118191.24796123093,316976886.68211347,0.0,0.0,230,0.0
10-213-01164,BIHAR,Madhepura,Murliganj,0,0,,205,10,1164,,94211.11378994165,247086114.21145928,0.0,0.0,179,0.0
10-221-01293,BIHAR,Samastipur,Mohanpur,0,0,,217,10,1293,,74468.46489139357,163000016.77407515,0.0,0.0,120,0.0
10-213-01165,BIHAR,Madhepura,Gwalpara,0,0,,205,10,1165,,78037.2495556277,147267353.58482873,0.0,0.0,109,0.0
10-214-01172,BIHAR,Saharsa,Satar Kataiya,0,0,,216,10,1172,,77878.75925155886,177382280.64763528,0.0,0.0,130,0.0
10-213-01166,BIHAR,Madhepura,Bihariganj,0,0,,205,10,1166,,79669.40805645821,133818744.70956944,0.0,0.0,98,0.0
10-216-01211,BIHAR,Muzaffarpur,Dholi (Moraul),0,0,,208,10,1211,,63030.361633940505,73298422.6275262,0.0,0.0,50,0.0
10-213-01167,BIHAR,Madhepura,Kishanganj,0,0,,205,10,1167,,99817.47531025465,188055937.5971522,0.0,0.0,133,0.0
10-216-01212,BIHAR,Muzaffarpur,Musahri,0,0,,208,10,1212,,211487.75457487197,365415439.5943066,0.0,0.0,267,0.0
10-213-01168,BIHAR,Madhepura,Puraini,0,0,,205,10,1168,,63416.842365887525,103114850.3546553,0.0,0.0,76,0.0
10-214-01174,BIHAR,Saharsa,Kahara,0,0,,216,10,1174,,81070.16203244023,176788302.3737116,0.0,0.0,128,0.0
10-213-01169,BIHAR,Madhepura,Alamnagar,0,0,,205,10,1169,,94357.42058114092,211989804.11375904,0.0,0.0,151,0.0
10-213-01170,BIHAR,Madhepura,Chausa,0,0,,205,10,1170,,87285.75133964,172516848.53860697,0.0,0.0,124,0.0
10-214-01171,BIHAR,Saharsa,Nauhatta,0,0,,216,10,1171,,93228.84620468391,212763144.21707585,0.0,0.0,151,0.0
10-217-01227,BIHAR,Gopalganj,Sidhwalia,0,0,,197,10,1227,,69457.48217743407,152022198.31601515,0.0,0.0,109,0.0
10-214-01173,BIHAR,Saharsa,Mahishi,0,0,,216,10,1173,,106372.46434789852,273075178.2794974,0.0,0.0,195,0.0
10-214-01175,BIHAR,Saharsa,Saur Bazar,0,0,,216,10,1175,,88121.22998090234,233228921.9025612,0.0,0.0,171,0.0
10-214-01176,BIHAR,Saharsa,Patarghat,0,0,,216,10,1176,,67497.21582029684,149681422.04156074,0.0,0.0,105,0.0
10-214-01177,BIHAR,Saharsa,Sonbarsa,0,0,,216,10,1177,,90185.02153799882,263952116.041209,0.0,0.0,193,0.0
10-216-01199,BIHAR,Muzaffarpur,Sahebganj,0,0,,208,10,1199,,80060.99972290538,253055918.70266867,0.0,0.0,189,0.0
10-214-01178,BIHAR,Saharsa,Simri Bakhtiarpur,0,0,,216,10,1178,,119116.35548129058,266466354.66217396,0.0,0.0,194,0.0
10-214-01179,BIHAR,Saharsa,Salkhua,0,0,,216,10,1179,,82412.26684571667,221182533.93573853,0.0,0.0,163,0.0
10-214-01180,BIHAR,Saharsa,Banma Itahri,0,0,,216,10,1180,,54286.501575749484,92822449.4552088,0.0,0.0,68,0.0
10-215-01181,BIHAR,Darbhanga,Jale,0,0,,195,10,1181,,112473.57051363293,234172285.01568127,0.0,0.0,171,0.0
10-215-01182,BIHAR,Darbhanga,Singhwara,0,0,,195,10,1182,,121368.62688362494,223279889.67870736,0.0,0.0,162,0.0
10-215-01183,BIHAR,Darbhanga,Keotiranway,0,0,,195,10,1183,,89515.08566239705,180205403.4644349,0.0,0.0,131,0.0
10-215-01184,BIHAR,Darbhanga,Darbhanga,0,0,,195,10,1184,,131883.04966973627,240721362.1475316,0.0,0.0,174,0.0
10-215-01185,BIHAR,Darbhanga,Manigachhi,0,0,,195,10,1185,,96856.01003306538,158887287.31255177,0.0,0.0,114,0.0
10-215-01186,BIHAR,Darbhanga,Tardih,0,0,,195,10,1186,,96398.42232606321,109520018.96976715,0.0,0.0,79,0.0
10-215-01187,BIHAR,Darbhanga,Alinagar,0,0,,195,10,1187,,105560.56246873255,146523357.5416611,0.0,0.0,105,0.0
10-215-01188,BIHAR,Darbhanga,Benipur,0,0,,195,10,1188,,118482.30854716274,204643530.87647069,0.0,0.0,150,0.0
10-215-01189,BIHAR,Darbhanga,Bahadurpur,0,0,,195,10,1189,,155637.00049509996,221161760.4253616,0.0,0.0,158,0.0
10-215-01190,BIHAR,Darbhanga,Hanumannagar,0,0,,195,10,1190,,114393.83215098479,181536916.32106537,0.0,0.0,130,0.0
10-215-01191,BIHAR,Darbhanga,Hayaghat,0,0,,195,10,1191,,66118.49929402806,108810529.75916524,0.0,0.0,77,0.0
10-215-01192,BIHAR,Darbhanga,Baheri,0,0,,195,10,1192,,128629.1579498372,271307286.95794886,0.0,0.0,195,0.0
10-215-01193,BIHAR,Darbhanga,Biraul,0,0,,195,10,1193,,135706.32971678255,230203939.26841983,0.0,0.0,167,0.0
10-215-01194,BIHAR,Darbhanga,Ghanshyampur,0,0,,195,10,1194,,76766.91373126305,103945643.9979024,0.0,0.0,78,0.0
10-215-01195,BIHAR,Darbhanga,Kiratpur,0,0,,195,10,1195,,78793.19278562842,78915927.53877336,0.0,0.0,60,0.0
10-215-01196,BIHAR,Darbhanga,Gora Bauram,0,0,,195,10,1196,,99804.03366816713,145653476.81698695,0.0,0.0,104,0.0
10-215-01197,BIHAR,Darbhanga,Kusheshwar Asthan,0,0,,195,10,1197,,87220.16498537568,144130520.9401011,0.0,0.0,107,0.0
10-215-01198,BIHAR,Darbhanga,Kusheshwar Asthan Purbi,0,0,,195,10,1198,,91858.86035222423,150084285.43545517,0.0,0.0,112,0.0
10-216-01200,BIHAR,Muzaffarpur,Baruraj (Motipur),0,0,,208,10,1200,,125110.13599018812,365259305.4740948,0.0,0.0,263,0.0
10-216-01201,BIHAR,Muzaffarpur,Paroo,0,0,,208,10,1201,,136934.87791145188,413033977.3448192,0.0,0.0,295,0.0
10-216-01202,BIHAR,Muzaffarpur,Saraiya,0,0,,208,10,1202,,155820.80051537574,301402655.1404849,0.0,0.0,218,0.0
10-216-01203,BIHAR,Muzaffarpur,Marwan,0,0,,208,10,1203,,84959.92762229654,138736310.53842777,0.0,0.0,101,0.0
10-216-01204,BIHAR,Muzaffarpur,Kanti,0,0,,208,10,1204,,97122.90469976026,124757584.36625764,0.0,0.0,91,0.0
10-216-01205,BIHAR,Muzaffarpur,Minapur,0,0,,208,10,1205,,166218.11946715685,316124209.98756105,0.0,0.0,228,0.0
10-216-01206,BIHAR,Muzaffarpur,Bochaha,0,0,,208,10,1206,,126044.68100944142,233148755.94160384,0.0,0.0,167,0.0
10-216-01207,BIHAR,Muzaffarpur,Aurai,0,0,,208,10,1207,,101267.16719990574,247748190.77792475,0.0,0.0,177,0.0
10-216-01208,BIHAR,Muzaffarpur,Katra,0,0,,208,10,1208,,118891.9342746819,235108975.17115793,0.0,0.0,171,0.0
10-216-01209,BIHAR,Muzaffarpur,Gaighat,0,0,,208,10,1209,,111008.49869520529,259762671.68662548,0.0,0.0,191,0.0
10-216-01213,BIHAR,Muzaffarpur,Kurhani,0,0,,208,10,1213,,108106.10574110712,256354911.2077163,0.0,0.0,187,0.0
10-216-01214,BIHAR,Muzaffarpur,Sakra,0,0,,208,10,1214,,105121.4777371614,236360031.18726787,0.0,0.0,175,0.0
10-217-01215,BIHAR,Gopalganj,Katiya,0,0,,197,10,1215,,94755.55253264701,158441587.458013,0.0008333155562496186,0.0006547479370532717,112,0.07333176894996643
10-217-01216,BIHAR,Gopalganj,Bijaipur,0,0,,197,10,1216,,81309.59717969262,163112176.36717936,0.0008333155562496186,0.0008333155562496186,120,0.09999786674995423
10-217-01217,BIHAR,Gopalganj,Bhorey,0,0,,197,10,1217,,78790.65552761848,196013266.46535653,0.0008333155562496186,0.0004340185188800096,144,0.06249866671872138
10-217-01218,BIHAR,Gopalganj,Pach Deuri,0,0,,197,10,1218,,53698.212932643866,118295317.11973979,0.0,0.0,85,0.0
10-217-01219,BIHAR,Gopalganj,Kuchaikote,0,0,,197,10,1219,,101077.28158428885,316078491.04748106,0.0,0.0,226,0.0
10-217-01220,BIHAR,Gopalganj,Phulwaria,0,0,,197,10,1220,,81339.22200232239,118763292.85091434,0.0,0.0,89,0.0
10-217-01221,BIHAR,Gopalganj,Hathua,0,0,,197,10,1221,,91546.96202775641,183613061.83342972,0.0007478423645782471,0.0004946358946816752,127,0.06281875862457276
10-217-01222,BIHAR,Gopalganj,Uchkagaon,0,0,,197,10,1222,,80102.93001981139,142235093.67043933,0.0007478423645782471,4.938581652875217e-05,106,0.00523489655204773
10-217-01223,BIHAR,Gopalganj,Thawe,0,0,,197,10,1223,,57244.55575246375,89300191.60424533,0.0007478423645782471,1.1685036946535111e-05,64,0.0007478423645782471
10-217-01224,BIHAR,Gopalganj,Gopalganj,0,0,,197,10,1224,,110313.13172782106,244420793.60160467,0.0,0.0,182,0.0
10-218-01232,BIHAR,Siwan,Goriakothi,0,0,,222,10,1232,,73201.39147651673,174963939.23516312,0.0,0.0,127,0.0
10-217-01225,BIHAR,Gopalganj,Manjha,0,0,,197,10,1225,,80242.78538873792,179389027.9828925,0.0,0.0,131,0.0
10-217-01226,BIHAR,Gopalganj,Barauli,0,0,,197,10,1226,,105754.79057670098,232227972.12586737,0.0,0.0,170,0.0
10-217-01228,BIHAR,Gopalganj,Baikunthpur,0,0,,197,10,1228,,97825.58906166903,256614409.24172768,0.0,0.0,185,0.0
10-218-01229,BIHAR,Siwan,Nautan,0,0,,222,10,1229,,58324.35348563096,81827813.66620097,0.0007478423645782471,0.0007478423645782471,58,0.043374857145538334
10-218-01230,BIHAR,Siwan,Siwan,0,0,,222,10,1230,,92599.06904644772,168879532.28230655,0.0007478423645782471,0.0006844658930038193,118,0.08076697537445068
10-218-01235,BIHAR,Siwan,Bhagwanpur Hat,0,0,,222,10,1235,,86430.4184146014,189582799.91524476,0.0004692729007148743,7.48116218530959e-05,138,0.010324003815727234
10-218-01231,BIHAR,Siwan,Barharia,0,0,,222,10,1231,,90315.6629531122,219606934.01516393,0.0007478423645782471,1.4022044335842132e-05,160,0.0022435270937347413
10-218-01233,BIHAR,Siwan,Lakri Nabiganj,0,0,,222,10,1233,,79648.98713303795,120773104.6039552,0.0,0.0,88,0.0
10-218-01234,BIHAR,Siwan,Basantpur,0,0,,222,10,1234,,57871.378293950496,76675463.02480637,0.0,0.0,56,0.0
10-218-01236,BIHAR,Siwan,Maharajganj,0,0,,222,10,1236,,119387.58843212528,142817377.5161484,0.0004692729007148743,0.0001776858556104864,103,0.018301643127880098
10-218-01237,BIHAR,Siwan,Pachrukhi,0,0,,222,10,1237,,99183.2392802834,160709761.40986398,0.0007478423645782471,3.1959075409326804e-05,117,0.0037392118228912357
10-218-01238,BIHAR,Siwan,Hussainganj,0,0,,222,10,1238,,68784.84800107122,105975934.30464326,0.0007478423645782471,0.0006537003141485678,74,0.04837382324699402
10-218-01239,BIHAR,Siwan,Ziradei,0,0,,222,10,1239,,98825.50869312549,152221780.48504183,0.0007478423645782471,0.0007456266600395753,111,0.08276455926439286
10-218-01240,BIHAR,Siwan,Mairwa,0,0,,222,10,1240,,65279.2242200428,88898123.37504825,0.0010056579804992676,0.0007595612562110208,66,0.05013104290992737
10-218-01242,BIHAR,Siwan,Darauli,0,0,,222,10,1242,,90305.00161970501,214758375.6239279,0.0010056579804992676,0.000708341787293834,155,0.10979297703054428
10-218-01241,BIHAR,Siwan,Guthani,0,0,,222,10,1241,,78778.78773845347,115110806.99004474,0.0010056579804992676,0.000986793423236754,82,0.08091706070541382
10-219-01248,BIHAR,Saran,Mashrakh,0,0,,218,10,1248,,82075.7710341599,165898243.02109933,0.0,0.0,121,0.0
10-218-01243,BIHAR,Siwan,Andar,0,0,,222,10,1243,,83358.60866933218,125625010.62434034,0.0007478423645782471,0.0005301684945549361,87,0.04612465902627944
10-219-01249,BIHAR,Saran,Panapur,0,0,,218,10,1249,,75875.09329534958,182360909.7404776,0.0,0.0,128,0.0
10-218-01244,BIHAR,Siwan,Raghunathpur,0,0,,222,10,1244,,87824.68008836384,193566358.3438411,0.000501899160785675,0.000501899160785675,143,0.07177157999235152
10-219-01250,BIHAR,Saran,Taraiya,0,0,,218,10,1250,,53629.0613522338,97307015.09151264,0.0,0.0,74,0.0
10-218-01245,BIHAR,Siwan,Hasanpura,0,0,,222,10,1245,,82786.09108287447,121956119.03175904,0.000501899160785675,0.00047236055383199937,87,0.04109536818338395
10-219-01251,BIHAR,Saran,Ishupur,0,0,,218,10,1251,,62425.60798229613,109300191.56908256,0.0,0.0,76,0.0
10-218-01246,BIHAR,Siwan,Daraundha,0,0,,222,10,1246,,105400.53795370483,157911066.26165873,0.0004692729007148743,0.00040806339192597774,115,0.04692729007148744
10-219-01256,BIHAR,Saran,Jalalpur,0,0,,218,10,1256,,65042.73641147566,147549697.72689733,0.0005306476751708984,0.0001636249185157272,106,0.017344241362667084
10-218-01247,BIHAR,Siwan,Siswan,0,0,,222,10,1247,,98184.39847010886,155554872.77293277,0.000501899160785675,0.0004789725996548421,111,0.053165958561687474
10-219-01259,BIHAR,Saran,Nagra,0,0,,218,10,1259,,43289.948409307304,65110006.46242106,0.00040705250989913944,0.0001732138339996338,47,0.008141050197982789
10-219-01252,BIHAR,Saran,Baniapur,0,0,,218,10,1252,,89199.8841803021,219417775.87250236,0.0004692729007148743,1.1515899404045995e-05,163,0.0018770916028594971
10-219-01253,BIHAR,Saran,Lahladpur,0,0,,218,10,1253,,49287.19248841685,70233795.44130237,0.0004692729007148743,0.0002534073663860321,50,0.012670368319301606
10-219-01254,BIHAR,Saran,Ekma,0,0,,218,10,1254,,99716.17236158185,176114988.01319405,0.0004692729007148743,0.0004692729007148743,128,0.06006693129150391
10-219-01255,BIHAR,Saran,Manjhi,0,0,,218,10,1255,,127085.43562979231,244607530.98349065,0.0005306476751708984,0.0004803046678122415,180,0.08645484020620348
10-219-01257,BIHAR,Saran,Revelganj,0,0,,218,10,1257,,84877.1419542779,179359801.45379385,0.0005306476751708984,0.00041694012312088017,125,0.052117515390110024
10-219-01258,BIHAR,Saran,Chapra,0,0,,218,10,1258,,119729.94798472138,239470568.44351175,0.00040705250989913944,0.0003816117280304432,176,0.067163664133358
10-219-01260,BIHAR,Saran,Marhaura,0,0,,218,10,1260,,87240.95030017926,190752130.05196184,0.00040705250989913944,1.1884744814573413e-05,137,0.0016282100395965577
10-219-01261,BIHAR,Saran,Amnour,0,0,,218,10,1261,,94922.90618840617,160109081.4065653,0.00040705250989913944,6.8991950830362615e-06,118,0.0008141050197982789
10-219-01263,BIHAR,Saran,Parsa,0,0,,218,10,1263,,85595.91054800974,122749042.93573296,0.0,0.0,88,0.0
10-219-01266,BIHAR,Saran,Dighwara,0,0,,218,10,1266,,81943.45164265168,101347015.6655549,0.0,0.0,72,0.0
10-219-01264,BIHAR,Saran,Dariapur,0,0,,218,10,1264,,115477.27251924115,281302380.67878103,0.0,0.0,202,0.0
10-219-01265,BIHAR,Saran,Garkha,0,0,,218,10,1265,,90147.74693968748,213336409.9887166,0.00040705250989913944,0.00020881265118202609,154,0.03215714828203202
10-220-01269,BIHAR,Vaishali,Paterhi Belsar,0,0,,224,10,1269,,56227.36197278124,93522597.26160131,0.0,0.0,69,0.0
10-219-01267,BIHAR,Saran,Sonepur,0,0,,218,10,1267,,70412.64000247594,214865144.18564072,0.0,0.0,162,0.0
10-220-01268,BIHAR,Vaishali,Vaishali,0,0,,224,10,1268,,72706.90824879723,158663399.21103516,0.0,0.0,114,0.0
10-220-01270,BIHAR,Vaishali,Lalganj,0,0,,224,10,1270,,89595.71916906572,184177988.41986412,0.0,0.0,133,0.0
10-221-01294,BIHAR,Samastipur,Mohiuddinagar,0,0,,217,10,1294,,80607.53716768604,178536106.2701614,0.0,0.0,130,0.0
10-220-01271,BIHAR,Vaishali,Bhagwanpur,0,0,,224,10,1271,,98965.72708266653,142473218.81446454,0.0,0.0,102,0.0
10-220-01272,BIHAR,Vaishali,Goraul,0,0,,224,10,1272,,101989.77906286377,122446101.92943335,0.0,0.0,87,0.0
10-220-01273,BIHAR,Vaishali,Chehra Kalan,0,0,,224,10,1273,,63204.34388206024,89818122.94593617,0.0,0.0,66,0.0
10-220-01277,BIHAR,Vaishali,Raja Pakar,0,0,,224,10,1277,,58946.08844196175,93673217.82917874,0.0,0.0,72,0.0
10-220-01274,BIHAR,Vaishali,Patepur,0,0,,224,10,1274,,118180.33822078991,317029999.71255994,0.0,0.0,234,0.0
10-220-01275,BIHAR,Vaishali,Mahua,0,0,,224,10,1275,,86273.82517515696,171155586.12447235,0.0,0.0,125,0.0
10-220-01276,BIHAR,Vaishali,Jandaha,0,0,,224,10,1276,,99044.76663725945,179891527.10359335,0.0,0.0,128,0.0
10-220-01278,BIHAR,Vaishali,Hajipur,0,0,,224,10,1278,,80048.24731377292,194916759.16986817,0.0,0.0,140,0.0
10-220-01280,BIHAR,Vaishali,Bidupur,0,0,,224,10,1280,,88122.3198685409,139375575.9420912,0.0,0.0,99,0.0
10-220-01279,BIHAR,Vaishali,Raghopur,0,0,,224,10,1279,,128641.49950069311,338499790.0832371,0.0,0.0,246,0.0
10-220-01281,BIHAR,Vaishali,Desri,0,0,,224,10,1281,,50183.809114488824,56627949.53624974,0.0,0.0,43,0.0
10-221-01284,BIHAR,Samastipur,Kalyanpur,0,0,,217,10,1284,,147387.26660455638,294821482.9966942,0.0,0.0,214,0.0
10-221-01286,BIHAR,Samastipur,Shivaji Nagar,0,0,,217,10,1286,,96209.25031894707,172333979.18990555,0.0,0.0,130,0.0
10-221-01288,BIHAR,Samastipur,Samastipur,0,0,,217,10,1288,,112474.97484539819,170577777.20953664,0.0,0.0,123,0.0
10-221-01289,BIHAR,Samastipur,Pusa,0,0,,217,10,1289,,64081.7615729533,95008289.7510354,0.0,0.0,65,0.0
10-221-01291,BIHAR,Samastipur,Morwa,0,0,,217,10,1291,,104551.97847793197,152111293.7773472,0.0,0.0,106,0.0
10-221-01292,BIHAR,Samastipur,Patori,0,0,,217,10,1292,,69422.25062895294,130638318.44440164,0.0,0.0,93,0.0
10-221-01295,BIHAR,Samastipur,Sarairanjan,0,0,,217,10,1295,,96463.23467310029,185572344.2706523,0.0,0.0,145,0.0
10-221-01296,BIHAR,Samastipur,Vidyapati Nagar,0,0,,217,10,1296,,62930.2690484309,106322816.42401849,0.0,0.0,75,0.0
10-221-01297,BIHAR,Samastipur,Dalsinghsarai,0,0,,217,10,1297,,80515.23552986495,118201268.21451648,0.0,0.0,89,0.0
10-221-01298,BIHAR,Samastipur,Ujiarpur,0,0,,217,10,1298,,81756.09445970641,209497824.1015558,0.0,0.0,149,0.0
10-221-01300,BIHAR,Samastipur,Rosera,0,0,,217,10,1300,,84599.34785899956,138535375.895554,0.0,0.0,97,0.0
10-221-01299,BIHAR,Samastipur,Bibhutpur,0,0,,217,10,1299,,96600.53522783429,258332531.194082,0.0,0.0,187,0.0
10-221-01301,BIHAR,Samastipur,Singhia,0,0,,217,10,1301,,76055.88015393679,178639507.67998633,0.0,0.0,128,0.0
10-222-01307,BIHAR,Begusarai,Cheria Bariarpur,0,0,,191,10,1307,,80422.0696045629,127840547.1243011,0.0,0.0,89,0.0
10-221-01302,BIHAR,Samastipur,Hasanpur,0,0,,217,10,1302,,122795.93417076243,188091095.39019313,0.0,0.0,138,0.0
10-221-01303,BIHAR,Samastipur,Bithan,0,0,,217,10,1303,,72838.55780104545,149849875.79630712,0.0,0.0,109,0.0
10-222-01304,BIHAR,Begusarai,Khudabandpur,0,0,,191,10,1304,,49522.71992212785,59617610.47663844,0.0,0.0,39,0.0
10-222-01305,BIHAR,Begusarai,Chhorahi,0,0,,191,10,1305,,96201.09768359947,128309829.49376953,0.0,0.0,94,0.0
10-222-01306,BIHAR,Begusarai,Garhpura,0,0,,191,10,1306,,69581.28073662621,88651595.91159394,0.0,0.0,68,0.0
10-222-01308,BIHAR,Begusarai,Bhagwanpur,0,0,,191,10,1308,,102620.52088176137,147276258.21886113,0.0,0.0,106,0.0
10-223-01324,BIHAR,Khagaria,Mansi,0,0,,202,10,1324,,70720.37786012898,86151878.56106131,0.0,0.0,69,0.0
10-222-01309,BIHAR,Begusarai,Mansurchak,0,0,,191,10,1309,,55538.61039021854,42158333.283958256,0.0,0.0,31,0.0
10-224-01333,BIHAR,Bhagalpur,Rangra Chowk,0,0,,192,10,1333,,56200.86409227388,97946271.45940188,0.0,0.0,71,0.0
10-222-01310,BIHAR,Begusarai,Bachhwara,0,0,,191,10,1310,,112893.55520851951,186501763.14040864,0.0,0.0,138,0.0
10-222-01311,BIHAR,Begusarai,Teghra,0,0,,191,10,1311,,93442.93751421869,180050069.66821858,0.0,0.0,129,0.0
10-222-01312,BIHAR,Begusarai,Barauni,0,0,,191,10,1312,,90573.71511882372,141812926.41245717,0.0,0.0,102,0.0
10-222-01313,BIHAR,Begusarai,Birpur,0,0,,191,10,1313,,69057.86510087451,64693086.30641256,0.0,0.0,53,0.0
10-222-01314,BIHAR,Begusarai,Begusarai,0,0,,191,10,1314,,114572.02827886646,273941103.5239774,0.0,0.0,200,0.0
10-222-01315,BIHAR,Begusarai,Naokothi,0,0,,191,10,1315,,61794.845266753924,91575422.87048158,0.0,0.0,64,0.0
10-222-01316,BIHAR,Begusarai,Bakhri,0,0,,191,10,1316,,74902.13049058078,94921186.04856166,0.0,0.0,66,0.0
10-222-01317,BIHAR,Begusarai,Dandari,0,0,,191,10,1317,,77075.31892237118,85364223.36403492,0.0,0.0,65,0.0
10-222-01318,BIHAR,Begusarai,Sahebpur Kamal,0,0,,191,10,1318,,97820.3506924087,179327758.1582562,0.0,0.0,131,0.0
10-222-01319,BIHAR,Begusarai,Balia,0,0,,191,10,1319,,95726.56851828664,181873531.04775092,0.0,0.0,133,0.0
10-222-01320,BIHAR,Begusarai,Matihani,0,0,,191,10,1320,,104199.58891726227,214311339.790948,0.0,0.0,157,0.0
10-222-01321,BIHAR,Begusarai,Shamho Akha Kurha,0,0,,191,10,1321,,47884.70174269599,82130306.58899558,0.0,0.0,58,0.0
10-223-01322,BIHAR,Khagaria,Alauli,0,0,,202,10,1322,,117176.16085281859,337532903.06560946,0.0,0.0,244,0.0
10-223-01323,BIHAR,Khagaria,Khagaria,0,0,,202,10,1323,,164255.4907534744,325761754.1557925,0.0,0.0,229,0.0
10-223-01325,BIHAR,Khagaria,Chautham,0,0,,202,10,1325,,88833.5659059585,205164632.7891582,0.0,0.0,148,0.0
10-228-01376,BIHAR,Sheikhpura,Chewara,0,0,,219,10,1376,,77279.14911837938,141385828.1075451,0.0005897813864660263,0.0005710305153500919,103,0.05881614308105946
10-223-01326,BIHAR,Khagaria,Beldaur,0,0,,202,10,1326,,101449.44415348554,276820454.1841197,0.0,0.0,203,0.0
10-223-01327,BIHAR,Khagaria,Gogri,0,0,,202,10,1327,,109725.85953588395,321971045.3784509,0.0,0.0,231,0.0
10-223-01328,BIHAR,Khagaria,Parbatta,0,0,,202,10,1328,,89952.53209418767,286770838.53234714,0.0,0.0,215,0.0
10-224-01329,BIHAR,Bhagalpur,Narayanpur,0,0,,192,10,1329,,96964.50839109154,173637043.38008544,0.0,0.0,125,0.0
10-224-01330,BIHAR,Bhagalpur,Bihpur,0,0,,192,10,1330,,98960.16392998041,189427956.2070791,0.0,0.0,141,0.0
10-234-01472,BIHAR,Rohtas,Akorhi Gola,0,0,,215,10,1472,,71741.57946050014,124356844.03544964,0.0005510490055084229,0.0005510490055084229,94,0.05179860651779175
10-224-01331,BIHAR,Bhagalpur,Kharik,0,0,,192,10,1331,,103106.05203500649,169292223.68779984,0.0,0.0,125,0.0
10-224-01332,BIHAR,Bhagalpur,Naugachhia,0,0,,192,10,1332,,91833.23423872421,134223697.96961665,0.0,0.0,95,0.0
10-224-01335,BIHAR,Bhagalpur,Pirpainti,0,0,,192,10,1335,,138631.2255747686,411429376.6216011,0.0,0.0,294,0.0
10-224-01336,BIHAR,Bhagalpur,Kahalgaon,0,0,,192,10,1336,,128722.99744742387,352186242.20537144,0.0,0.0,255,0.0
10-224-01337,BIHAR,Bhagalpur,Ismailpur,0,0,,192,10,1337,,66332.03197363381,102752037.41138108,0.0,0.0,75,0.0
10-224-01338,BIHAR,Bhagalpur,Sabour,0,0,,192,10,1338,,85492.0541239663,141198925.34276122,0.0,0.0,102,0.0
10-226-01359,BIHAR,Munger,Dharhara,0,0,,207,10,1359,,105188.90103685112,355220468.750446,0.0,0.0,262,0.0
10-224-01339,BIHAR,Bhagalpur,Nathnagar,0,0,,192,10,1339,,105259.93673308079,163498377.60317266,0.0,0.0,117,0.0
10-226-01360,BIHAR,Munger,Kharagpur,0,0,,207,10,1360,,169586.30903503796,398589433.5102216,0.0,0.0,291,0.0
10-224-01340,BIHAR,Bhagalpur,Sultanganj,0,0,,192,10,1340,,139861.1879796442,266407467.3450057,0.0,0.0,198,0.0
10-224-01341,BIHAR,Bhagalpur,Shahkund,0,0,,192,10,1341,,93276.90256650816,208798734.37786233,0.0,0.0,153,0.0
10-224-01342,BIHAR,Bhagalpur,Goradih,0,0,,192,10,1342,,106918.08891287447,178026414.43832883,0.0,0.0,128,0.0
10-224-01343,BIHAR,Bhagalpur,Jagdishpur,0,0,,192,10,1343,,107045.71303668506,127447147.46016994,0.0,0.0,95,0.0
10-224-01344,BIHAR,Bhagalpur,Sonhaula,0,0,,192,10,1344,,84463.86530366821,214425428.57327408,0.0,0.0,160,0.0
10-225-01345,BIHAR,Banka,Shambhuganj,0,0,,190,10,1345,,85765.27415008907,217970788.89652416,0.0,0.0,157,0.0
10-225-01346,BIHAR,Banka,Amarpur,0,0,,190,10,1346,,98000.87839154692,234663534.19316816,0.0,0.0,176,0.0
10-225-01347,BIHAR,Banka,Rajaun,0,0,,190,10,1347,,86718.04358754268,242814641.5593075,0.0,0.0,179,0.0
10-226-01363,BIHAR,Munger,Tetiha Bambor,0,0,,207,10,1363,,73286.15332623897,95190725.80042528,0.0,0.0,70,0.0
10-225-01348,BIHAR,Banka,Dhuraiya,0,0,,190,10,1348,,106681.6377356153,285703540.38620996,0.0,0.0,208,0.0
10-225-01349,BIHAR,Banka,Barahat,0,0,,190,10,1349,,122910.23058217819,181202001.14064544,0.0,0.0,129,0.0
10-225-01350,BIHAR,Banka,Banka,0,0,,190,10,1350,,137083.07375503817,365153241.48788345,0.0,0.0,275,0.0
10-225-01351,BIHAR,Banka,Phulidumar,0,0,,190,10,1351,,117105.67306472127,248400685.45023423,0.0,0.0,176,0.0
10-225-01352,BIHAR,Banka,Belhar,0,0,,190,10,1352,,118426.40149548957,290570448.277483,0.0006480463861465455,6.662159109917758e-05,214,0.014257020495224001
10-225-01353,BIHAR,Banka,Chanan,0,0,,190,10,1353,,169565.08902723462,550876204.0147796,0.0006480463861465455,0.00033732822157993514,403,0.13594327329671385
10-225-01354,BIHAR,Banka,Katoria,0,0,,190,10,1354,,180268.89530762268,687665367.2781417,0.0006045349464035034,5.178287389512081e-05,502,0.02599500269535065
10-225-01355,BIHAR,Banka,Bausi,0,0,,190,10,1355,,109314.78149810205,385846183.7170387,0.0,0.0,284,0.0
10-226-01356,BIHAR,Munger,Munger,0,0,,207,10,1356,,162390.1628928388,306519605.49277806,0.0,0.0,227,0.0
10-226-01357,BIHAR,Munger,Bariarpur,0,0,,207,10,1357,,122433.4478606843,198040113.63802013,0.0,0.0,143,0.0
10-226-01358,BIHAR,Munger,Jamalpur,0,0,,207,10,1358,,72817.19566814511,112971204.64248075,0.0,0.0,79,0.0
10-226-01361,BIHAR,Munger,Asarganj,0,0,,207,10,1361,,61173.52838786665,72491453.98190036,0.0,0.0,52,0.0
10-226-01362,BIHAR,Munger,Tarapur,0,0,,207,10,1362,,54416.57713098438,86962445.68425661,0.0,0.0,62,0.0
10-226-01364,BIHAR,Munger,Sangrampur,0,0,,207,10,1364,,71205.18318302365,105786037.21986651,0.0,0.0,80,0.0
10-227-01366,BIHAR,Lakhisarai,Pipariya,0,0,,204,10,1366,,87968.2901826016,106258171.87143916,0.0,0.0,76,0.0
10-227-01365,BIHAR,Lakhisarai,Barahiya,0,0,,204,10,1365,,95965.48426593257,248505135.43154767,0.0,0.0,179,0.0
10-227-01367,BIHAR,Lakhisarai,Surajgarha,0,0,,204,10,1367,,140312.1609931406,462726462.37366486,0.0007152361333799363,9.4663605888521e-05,340,0.03218562600209714
10-227-01368,BIHAR,Lakhisarai,Lakhisarai,0,0,,204,10,1368,,117670.76745524361,181316338.94823277,0.0007152361333799363,6.491205752831653e-05,133,0.008633303651266098
10-227-01369,BIHAR,Lakhisarai,Chanan*,0,0,,204,10,1369,,86014.87070350182,177670731.10250506,0.0007152361333799363,0.0005811293583711983,128,0.07438455787151338
10-228-01375,BIHAR,Sheikhpura,Ghat Kusumbha,0,0,,219,10,1375,,80592.24583619394,99088070.68237934,0.0,0.0,70,0.0
10-227-01370,BIHAR,Lakhisarai,Ramgarh Chowk,0,0,,204,10,1370,,98990.57354622113,128567389.13844268,0.0007152361333799363,0.0005605423706233756,94,0.0526909828385973
10-227-01371,BIHAR,Lakhisarai,Halsi,0,0,,204,10,1371,,82594.8188222393,191441208.6304817,0.0007152361333799363,0.0005951966992824542,139,0.08273234120026113
10-228-01372,BIHAR,Sheikhpura,Barbigha,0,0,,219,10,1372,,83879.7675047183,115941853.486741,0.0,0.0,81,0.0
10-228-01373,BIHAR,Sheikhpura,Shekhopur Sarai,0,0,,219,10,1373,,59774.96229914819,65955650.61796794,0.0003858585890388489,0.00011239955766720241,45,0.0050579800950241085
10-228-01374,BIHAR,Sheikhpura,Sheikhpura,0,0,,219,10,1374,,119718.3677454689,225551054.81458032,0.0005897813864660263,9.869157587940553e-05,170,0.01677756789949894
10-228-01377,BIHAR,Sheikhpura,Ariari,0,0,,219,10,1377,,87552.5859976097,183445963.63454768,0.0005897813864660263,0.00027259055572749925,137,0.0373449061346674
10-229-01378,BIHAR,Nalanda,Karai Parsurai,0,0,,209,10,1378,,58523.47447411047,82148146.79064696,0.0005343791765785217,0.00024047062946033483,60,0.014428237767620089
10-229-01379,BIHAR,Nalanda,Nagar Nausa,0,0,,209,10,1379,,82570.35159490984,108015836.82811198,0.0005830689363098145,0.00025626459686136244,80,0.020501167748908995
10-229-01380,BIHAR,Nalanda,Harnaut,0,0,,209,10,1380,,124869.90123154312,224385440.0517296,0.0005830689363098145,0.00020280658654254417,161,0.03265186043334961
10-229-01381,BIHAR,Nalanda,Chandi,0,0,,209,10,1381,,70527.81459673235,147156102.481168,0.0005830689363098145,0.0005349256296420317,109,0.058306893630981446
10-229-01382,BIHAR,Nalanda,Rahui,0,0,,209,10,1382,,77076.6108369453,152249665.90613127,0.0005830689363098145,0.0005614737905205621,108,0.06063916937622071
10-229-01383,BIHAR,Nalanda,Bind,0,0,,209,10,1383,,70364.80140905235,88091657.81671415,0.0,0.0,66,0.0
10-229-01384,BIHAR,Nalanda,Sarmera,0,0,,209,10,1384,,91044.34634338948,167201876.42476654,0.0,0.0,123,0.0
10-229-01385,BIHAR,Nalanda,Asthawan,0,0,,209,10,1385,,92263.18064708126,171325630.7179731,0.0005830689363098145,9.972042418498994e-05,125,0.012465053023123743
10-229-01387,BIHAR,Nalanda,Noorsarai,0,0,,209,10,1387,,78528.62700534344,151514769.88009417,0.0005830689363098145,0.0005830689363098145,114,0.06646985873931885
10-229-01386,BIHAR,Nalanda,Bihar,0,0,,209,10,1386,,98561.8371020671,215840179.0991975,0.0005830689363098145,0.0005451805104824305,160,0.08722888167718887
10-229-01390,BIHAR,Nalanda,Hilsa,0,0,,209,10,1390,,93433.88804652911,175765721.10991755,0.0005343791765785217,0.0005343791765785217,131,0.07000367213178635
10-229-01391,BIHAR,Nalanda,Ekangarsarai,0,0,,209,10,1391,,87121.32234693572,166605847.460251,0.0005343791765785217,0.0005343791765785216,122,0.06519425954257964
10-229-01392,BIHAR,Nalanda,Islampur,0,0,,209,10,1392,,109868.69145522316,273834151.4326934,0.0005343791765785217,0.0005268852488042891,194,0.10221573826803207
10-229-01393,BIHAR,Nalanda,Ben,0,0,,209,10,1393,,66947.54721379357,127526149.56798536,0.0005830689363098145,0.0005337695085943506,94,0.050174333807868954
10-230-01398,BIHAR,Patna,Maner,0,0,,212,10,1398,,96133.56350709034,213315300.3597084,0.000457996026763916,0.0001416704836756223,154,0.021817254486045837
10-229-01394,BIHAR,Nalanda,Rajgir,0,0,,209,10,1394,,88740.45664753366,198129288.77271983,0.0005217372462463379,0.0004431679546637762,147,0.0651456893355751
10-229-01395,BIHAR,Nalanda,Silao,0,0,,209,10,1395,,79220.42929786978,154752836.13944647,0.0005830689363098145,0.0004204568955776147,114,0.04793208609584808
10-229-01396,BIHAR,Nalanda,Giriak,0,0,,209,10,1396,,88347.46773236175,99576022.5731765,0.0003858585890388489,0.0003858585890388489,73,0.028167676999835967
10-229-01397,BIHAR,Nalanda,Katrisarai,0,0,,209,10,1397,,38918.76300208476,48673462.28309288,0.0003858585890388489,0.0003563667998564243,36,0.012829204794831276
10-230-01399,BIHAR,Patna,Dinapur-Cum-Khagaul,0,0,,212,10,1399,,78598.21354533077,184765788.04152673,0.00045738415811538696,0.00013552123203418873,135,0.018295366324615477
10-234-01474,BIHAR,Rohtas,Tilouthu,0,0,,215,10,1474,,73885.57639601533,193504401.97342023,0.0008937779310035707,0.0007784525835914612,140,0.10898336170280457
10-230-01400,BIHAR,Patna,Patna Rural,0,0,,212,10,1400,,87518.10425735511,179850223.48881748,0.00045738415811538696,8.030408882941908e-05,131,0.0105198356366539
10-230-01401,BIHAR,Patna,Sampatchak,0,0,,212,10,1401,,53219.7118618291,78902366.60372826,0.00045738415811538696,1.6048566951417088e-05,57,0.0009147683162307739
10-230-01406,BIHAR,Patna,Dulhin Bazar,0,0,,212,10,1406,,77792.54009458271,136539622.4680228,0.0006290950398635865,0.0005146727714448023,99,0.050952604373035434
10-230-01402,BIHAR,Patna,Phulwari,0,0,,212,10,1402,,70659.26045014715,135940825.49713776,0.00045738415811538696,0.00043832648486057915,96,0.0420793425466156
10-230-01413,BIHAR,Patna,Khusrupur,0,0,,212,10,1413,,46143.60198551767,78201544.387751,0.0,0.0,58,0.0
10-230-01403,BIHAR,Patna,Bihta,0,0,,212,10,1403,,116564.9809665079,244879174.98088208,0.000457996026763916,0.0004569243262840104,182,0.08316022738368989
10-230-01415,BIHAR,Patna,Athmalgola,0,0,,212,10,1415,,47997.69261940102,62827293.65665197,0.0,0.0,47,0.0
10-230-01404,BIHAR,Patna,Naubatpur,0,0,,212,10,1404,,105087.74367689912,205320191.59612688,0.00045738415811538696,0.00045738415811538686,153,0.06997977619165419
10-230-01405,BIHAR,Patna,Bikram,0,0,,212,10,1405,,86626.03512108007,186422313.04867813,0.000457996026763916,0.0004578218451778385,137,0.06272159278936387
10-234-01475,BIHAR,Rohtas,Rohtas,0,0,,215,10,1475,,88257.59288547112,389741138.17794544,0.0014661878355407716,0.0009685046544671722,288,0.2789293404865456
10-230-01407,BIHAR,Patna,Paliganj,0,0,,212,10,1407,,129476.3041410336,293354152.7667747,0.0006290950398635865,0.0006133859893630375,214,0.13126460172369003
10-230-01408,BIHAR,Patna,Masaurhi,0,0,,212,10,1408,,108866.13277400887,248716954.87290823,0.0005014695281028747,0.00048660929102844065,178,0.08661645380306243
10-230-01409,BIHAR,Patna,Dhanarua,0,0,,212,10,1409,,95102.40821522896,225577653.19725513,0.0005343791765785217,0.0003986919514470012,163,0.0649867880858612
10-230-01410,BIHAR,Patna,Punpun,0,0,,212,10,1410,,82554.93388622913,161116560.78819045,0.00045738415811538696,0.0003100909546544996,118,0.036590732649230955
10-230-01411,BIHAR,Patna,Fatwah,0,0,,212,10,1411,,97950.27190535897,155697451.47083917,0.0,0.0,115,0.0
10-230-01412,BIHAR,Patna,Daniawan,0,0,,212,10,1412,,69689.77872311571,79566220.36857046,0.0,0.0,56,0.0
10-230-01414,BIHAR,Patna,Bakhtiarpur,0,0,,212,10,1414,,120205.01587822943,168153072.20481881,0.0,0.0,120,0.0
10-230-01416,BIHAR,Patna,Belchhi,0,0,,212,10,1416,,88573.78025963024,87443681.0926542,0.0,0.0,70,0.0
10-230-01417,BIHAR,Patna,Barh,0,0,,212,10,1417,,95365.9771693495,147280816.515725,0.0,0.0,104,0.0
10-230-01419,BIHAR,Patna,Ghoswari,0,0,,212,10,1419,,66454.95033385535,164897376.1169027,0.0,0.0,126,0.0
10-230-01418,BIHAR,Patna,Pandarak,0,0,,212,10,1418,,106894.44852036482,252509471.6555304,0.0,0.0,180,0.0
10-232-01438,BIHAR,Buxar,Chaugain,0,0,,194,10,1438,,52625.33924401454,66025696.44875917,0.0006610799920272828,0.0006610799920272828,49,0.03239291960933686
10-232-01439,BIHAR,Buxar,Kesath,0,0,,194,10,1439,,34661.84662025829,38236018.49691825,0.0006610799920272828,0.0006610799920272828,29,0.0191713197687912
10-230-01420,BIHAR,Patna,Mokameh,0,0,,212,10,1420,,127700.39840194934,244519830.48183808,0.0,0.0,181,0.0
10-231-01421,BIHAR,Bhojpur,Shahpur,0,0,,193,10,1421,,110658.91431619873,211766871.4500774,0.0006765291299438477,0.000551941242660009,156,0.0861028338549614
10-234-01460,BIHAR,Rohtas,Suryapura,0,0,,215,10,1460,,56159.7630280001,69765063.31452103,0.000514809881401062,0.000514809881401062,47,0.024196064425849918
10-231-01422,BIHAR,Bhojpur,Arrah,0,0,,193,10,1422,,120924.06747051864,221925641.7145924,0.0005355348283576966,0.0004927183671822939,159,0.07834222038198473
10-231-01423,BIHAR,Bhojpur,Barhara,0,0,,193,10,1423,,128817.96875565937,258494738.36324885,0.0005306476751708984,0.0004458782162672313,191,0.08516273930704119
10-231-01424,BIHAR,Bhojpur,Koilwar,0,0,,193,10,1424,,94779.33453556667,208456312.66749656,0.000457996026763916,0.00044705513723591027,149,0.06661121544815063
10-231-01425,BIHAR,Bhojpur,Sandesh,0,0,,193,10,1425,,60697.76797134289,164599530.19806212,0.0006290950398635865,0.0004840958762197979,118,0.057123313393936156
10-231-01426,BIHAR,Bhojpur,Udwant Nagar,0,0,,193,10,1426,,92445.60417460876,217797556.82002312,0.0005355348283576966,0.0005047119507055105,161,0.08125862406358719
10-234-01461,BIHAR,Rohtas,Bikramganj,0,0,,215,10,1461,,88556.32896667719,168723569.68103397,0.000514809881401062,0.0005148098814010619,129,0.066410474700737
10-231-01427,BIHAR,Bhojpur,Behea,0,0,,193,10,1427,,114516.77527652554,206091349.70539597,0.0006765291299438477,0.0005750835526687623,150,0.08626253290031434
10-231-01428,BIHAR,Bhojpur,Jagdishpur,0,0,,193,10,1428,,109726.00219208181,318463526.4488765,0.0006610799920272828,0.0005481994720612075,228,0.12498947962995531
10-231-01429,BIHAR,Bhojpur,Piro,0,0,,193,10,1429,,100703.96274410955,268205354.86689487,0.0006610799920272828,0.0005490504498775483,200,0.10981008997550966
10-234-01462,BIHAR,Rohtas,Karakat,0,0,,215,10,1462,,102232.22868007293,251121712.10833624,0.0005694280437469483,0.000526645750412074,176,0.09268965207252503
10-231-01430,BIHAR,Bhojpur,Charpokhari,0,0,,193,10,1430,,88834.1327790213,135855258.49695313,0.0005355348283576966,0.000528710155625996,95,0.050227464784469614
10-231-01431,BIHAR,Bhojpur,Garhani,0,0,,193,10,1431,,93054.52180151101,137128723.85739592,0.0005355348283576966,0.0005344074371224932,103,0.0550439660236168
10-231-01432,BIHAR,Bhojpur,Agiaon,0,0,,193,10,1432,,87534.07309197474,191419206.17039648,0.0006290950398635865,0.0005588243545547321,139,0.07767658528310777
10-231-01433,BIHAR,Bhojpur,Tarari,0,0,,193,10,1433,,95157.98131215997,247108515.4982669,0.0005258580535888672,0.0005246720916026057,177,0.09286696021366121
10-231-01434,BIHAR,Bhojpur,Sahar,0,0,,193,10,1434,,61748.81499939302,157154129.14318892,0.0006290950398635865,0.0005426230342659585,117,0.06348689500911714
10-232-01435,BIHAR,Buxar,Simri,0,0,,194,10,1435,,87047.69219699135,222195796.247413,0.0007446778673553467,0.0006932381381802444,164,0.11369105466156007
10-232-01436,BIHAR,Buxar,Chakki,0,0,,194,10,1436,,73799.54032015939,80420668.23199363,0.0006765291299438477,0.0006741152021443844,64,0.043143372937240604
10-232-01437,BIHAR,Buxar,Barhampur,0,0,,194,10,1437,,133928.15369382405,240152233.65370417,0.0006765291299438477,0.0006630943906316592,173,0.11471532957927705
10-232-01440,BIHAR,Buxar,Dumraon,0,0,,194,10,1440,,115797.88145848007,238641355.07175583,0.0007278150057220459,0.0006812189606570633,169,0.1151260043510437
10-232-01441,BIHAR,Buxar,Buxar,0,0,,194,10,1441,,90996.21871903203,211591033.38394436,0.0007446778673553467,0.0007281372260080326,157,0.11431754448326112
10-232-01442,BIHAR,Buxar,Chausa,0,0,,194,10,1442,,99103.08457070828,138502720.57991108,0.0009405516278076173,0.0007222304825256917,107,0.07727866163024902
10-232-01443,BIHAR,Buxar,Rajpur,0,0,,194,10,1443,,121142.9666413415,336933113.12217736,0.0009405516278076173,0.000795430994495937,245,0.19488059365150456
10-232-01444,BIHAR,Buxar,Itarhi,0,0,,194,10,1444,,109439.3274763228,293713382.2816445,0.0008020123697137834,0.0007285250283439763,209,0.15226173092389106
10-232-01445,BIHAR,Buxar,Nawanagar,0,0,,194,10,1445,,126567.10382889764,229774401.79100823,0.0008020123697137834,0.0006505522086266795,169,0.10994332325790883
10-233-01446,BIHAR,Kaimur (Bhabua),Ramgarh,0,0,,200,10,1446,,124781.0721120257,206666195.02442607,0.0014205956730651856,0.0010899693107685822,151,0.1645853659260559
10-233-01447,BIHAR,Kaimur (Bhabua),Nuaon,0,0,,200,10,1447,,121732.74643995032,235834986.4758632,0.0009405516278076173,0.0009077337425879429,171,0.15522246998253825
10-233-01448,BIHAR,Kaimur (Bhabua),Kudra,0,0,,200,10,1448,,132624.50147962422,255577893.54332253,0.0009900319747924804,0.0009696115141320606,189,0.18325657617095945
10-233-01449,BIHAR,Kaimur (Bhabua),Mohania,0,0,,200,10,1449,,142323.6809133636,349176573.6513165,0.0014205956730651856,0.0010634042242008447,256,0.27223148139541625
10-233-01450,BIHAR,Kaimur (Bhabua),Durgawati,0,0,,200,10,1450,,108544.41183902678,212580801.4059764,0.0014205956730651856,0.0014205956730651854,154,0.21877173365203856
10-233-01451,BIHAR,Kaimur (Bhabua),Chand,0,0,,200,10,1451,,97099.60209928264,257974481.1925409,0.0014205956730651856,0.0012904832740682237,188,0.24261085552482606
10-233-01452,BIHAR,Kaimur (Bhabua),Chainpur,0,0,,200,10,1452,,170712.34536647963,555311526.8488017,0.0014205956730651856,0.0013049893041991252,407,0.531130646809044
10-233-01453,BIHAR,Kaimur (Bhabua),Bhabua,0,0,,200,10,1453,,143727.89821118704,407618990.38615096,0.0014205956730651856,0.0011694135230108115,301,0.3519934704262543
10-233-01454,BIHAR,Kaimur (Bhabua),Rampur,0,0,,200,10,1454,,126612.15498309073,210660395.23746365,0.001400669190788269,0.0011223177893414592,149,0.16722535061187743
10-233-01455,BIHAR,Kaimur (Bhabua),Bhagwanpur,0,0,,200,10,1455,,134815.05705103654,292151198.96788174,0.0013570436595916747,0.0012533511126296781,211,0.26445708476486207
10-233-01456,BIHAR,Kaimur (Bhabua),Adhaura,0,0,,200,10,1456,,271357.2345421078,1135984955.9859164,0.0014661878355407716,0.0013035062400443271,833,1.0858206979569245
10-234-01457,BIHAR,Rohtas,Kochas,0,0,,215,10,1457,,90248.48407846906,187033418.62218276,0.0009405516278076173,0.0008450435029095953,132,0.11154574238406659
10-234-01458,BIHAR,Rohtas,Dinara,0,0,,215,10,1458,,157118.7651045217,464648316.8452498,0.0008020123697137834,0.0007346334868251684,341,0.25051001900738246
10-234-01459,BIHAR,Rohtas,Dawath,0,0,,215,10,1459,,78120.6651060775,129910427.66035384,0.000514809881401062,0.000514809881401062,94,0.048392128851699835
10-234-01466,BIHAR,Rohtas,Nokha,0,0,,215,10,1466,,82152.91978314315,208772248.59610957,0.0008937779310035707,0.0008068180047652851,148,0.11940906470526219
10-235-01476,BIHAR,Aurangabad,Daudnagar,0,0,,189,10,1476,,91010.07504965532,238139281.75712803,0.0005694280437469483,0.0005671042573029969,174,0.09867614077072145
10-234-01467,BIHAR,Rohtas,Kargahar,0,0,,215,10,1467,,128509.87472624176,406135690.59563094,0.0009900319747924804,0.0008891617302389888,296,0.2631918721507407
10-234-01468,BIHAR,Rohtas,Chenari,0,0,,215,10,1468,,121720.69626398994,292642418.8385522,0.001400669190788269,0.0011920379787541764,215,0.25628816543214794
10-234-01469,BIHAR,Rohtas,Nauhatta,0,0,,215,10,1469,,175494.75594492842,478591449.404211,0.0014661878355407716,0.0014194391844114208,354,0.502481471281643
10-234-01470,BIHAR,Rohtas,Sheosagar,0,0,,215,10,1470,,135463.8765525897,406503956.12222886,0.001400669190788269,0.0009494190420234809,295,0.28007861739692685
10-234-01471,BIHAR,Rohtas,Sasaram,0,0,,215,10,1471,,135810.11950728856,394273130.8742507,0.0008937779310035707,0.0008488785992700643,290,0.24617479378831864
10-234-01473,BIHAR,Rohtas,Dehri,0,0,,215,10,1473,,97323.52013589225,199371136.99043605,0.0008937779310035707,0.0006453914695036001,145,0.09358176307802202
10-235-01477,BIHAR,Aurangabad,Haspura,0,0,,189,10,1477,,88845.10694940752,164519986.5205008,0.0009387313338661194,0.0005755322303604883,121,0.06963939987361908
10-235-01478,BIHAR,Aurangabad,Goh,0,0,,189,10,1478,,122286.20877621078,374665187.3660463,0.0009387313338661194,0.0008355436498622335,272,0.2272678727625275
10-236-01491,BIHAR,Gaya,Neem Chak Bathani,0,0,,196,10,1491,,79540.44278654993,146770773.7769567,0.0005217372462463379,0.0005217372462463379,103,0.053738936363372805
10-235-01479,BIHAR,Aurangabad,Rafiganj,0,0,,189,10,1479,,167069.30684925965,465687847.79432577,0.0010358583071136476,0.0008501869994899045,341,0.28991376682605746
10-235-01480,BIHAR,Aurangabad,Obra,0,0,,189,10,1480,,130720.05569071589,327203821.09876627,0.0008489214748764038,0.0005923992417437719,237,0.14039862029327393
10-236-01494,BIHAR,Gaya,Manpur,0,0,,196,10,1494,,77081.78707553667,161226183.41058797,0.0009643752525138856,0.0009499106010755251,115,0.10923971912368538
10-235-01481,BIHAR,Aurangabad,Aurangabad,0,0,,189,10,1481,,125502.68609205673,344679798.38062614,0.0008489214748764038,0.0008265591511496902,256,0.2115991426943207
10-237-01511,BIHAR,Nawada,Nardiganj,0,0,,210,10,1511,,60262.24041371029,129808165.4472442,0.0003858585890388489,0.0003858585890388489,95,0.03665656595869064
10-235-01482,BIHAR,Aurangabad,Barun,0,0,,189,10,1482,,117269.30390529483,381782699.30215496,0.0008489214748764038,0.0007531767525795529,280,0.2108894907222748
10-235-01483,BIHAR,Aurangabad,Nabinagar,0,0,,189,10,1483,,173491.30877801325,657546828.2218357,0.001411964954586029,0.0009098423014543269,483,0.4394538316024399
10-235-01484,BIHAR,Aurangabad,Kutumba,0,0,,189,10,1484,,110495.73757590447,319048251.76106954,0.0008489214748764038,0.0008199366808585622,229,0.18776549991661073
10-235-01485,BIHAR,Aurangabad,Deo,0,0,,189,10,1485,,158578.88849021672,336990745.1586724,0.0008489214748764038,0.000829135953821737,251,0.208113124409256
10-235-01486,BIHAR,Aurangabad,Madanpur,0,0,,189,10,1486,,153529.37367368402,418713952.50229967,0.0010358583071136476,0.0008496681602359514,309,0.262547461512909
10-236-01487,BIHAR,Gaya,Konch,0,0,,196,10,1487,,154041.56172387034,319288521.7326548,0.0010358583071136476,0.0009671995846455674,232,0.22439030363777163
10-236-01488,BIHAR,Gaya,Tikari,0,0,,196,10,1488,,122221.36853604284,290576655.12704176,0.0010358583071136476,0.0008473441542100033,218,0.1847210256177807
10-236-01489,BIHAR,Gaya,Belaganj,0,0,,196,10,1489,,113473.13279109563,240372540.95814112,0.000631688269431591,0.0006316882694315909,180,0.11370388849768637
10-236-01490,BIHAR,Gaya,Khizirsarai,0,0,,196,10,1490,,103698.13096672995,223124430.97950032,0.0009643752525138856,0.0005817448820871006,165,0.09598790554437159
10-236-01492,BIHAR,Gaya,Muhra,0,0,,196,10,1492,,93681.45756176667,181269438.2139707,0.0007475595263099671,0.0005567845062984638,134,0.07460912384399415
10-236-01493,BIHAR,Gaya,Atri,0,0,,196,10,1493,,103075.15367958385,161340647.62451813,0.0009643752525138856,0.0005753271089004468,119,0.06846392595915317
10-236-01495,BIHAR,Gaya,Gaya Town C.D.Block,0,0,,196,10,1495,,91678.58033080616,224144813.6021213,0.0009643752525138856,0.0009168485406449865,161,0.14761261504384282
10-236-01496,BIHAR,Gaya,Paraiya,0,0,,196,10,1496,,75593.31264449215,167300846.5298876,0.0010358583071136476,0.001004882316787084,120,0.1205858780144501
10-236-01497,BIHAR,Gaya,Guraru,0,0,,196,10,1497,,81292.54933661391,199646285.7542363,0.0010358583071136476,0.0010358583071136476,147,0.1522711711457062
10-237-01512,BIHAR,Nawada,Nawada,0,0,,210,10,1512,,86822.75137888109,219317998.1072041,0.0005925819058895112,0.00039770897025958744,157,0.06244030833075523
10-236-01498,BIHAR,Gaya,Gurua,0,0,,196,10,1498,,117859.62964526065,238015237.1519128,0.0010358583071136476,0.0010068388558509035,173,0.1741831220622063
10-236-01499,BIHAR,Gaya,Amas,0,0,,196,10,1499,,100546.69423332924,128484051.44985774,0.0010358583071136476,0.0008521123132047151,95,0.08095066975444794
10-237-01517,BIHAR,Nawada,Roh,0,0,,210,10,1517,,77804.52626079548,192537548.9783989,0.0006056919355201721,0.0005225159144742952,144,0.07524229168429851
10-236-01500,BIHAR,Gaya,Banke Bazar,0,0,,196,10,1500,,85166.97220092022,256240042.68049288,0.000845093253555298,0.0008338879895899373,186,0.15510316606372834
10-236-01501,BIHAR,Gaya,Imamganj,0,0,,196,10,1501,,136271.57775821586,316917295.57645696,0.0008590827034759522,0.0008458236641440931,239,0.20215185573043826
10-236-01502,BIHAR,Gaya,Dumaria,0,0,,196,10,1502,,119690.94596035974,390676703.928496,0.0008590827034759522,0.0008342462481946445,285,0.23776018073547367
10-236-01503,BIHAR,Gaya,Sherghati,0,0,,196,10,1503,,100322.2973073121,167902109.12194017,0.0010358583071136476,0.0008535000954299244,123,0.1049805117378807
10-238-01531,BIHAR,Jamui,Gidhaur,0,0,,198,10,1531,,55211.5633940527,100392309.18230554,0.0007521693173313141,0.0007319791767712274,75,0.05489843825784206
10-236-01504,BIHAR,Gaya,Dobhi,0,0,,196,10,1504,,103572.88994215836,218837778.49499393,0.00082965488986969,0.000817205467433811,161,0.13157008025684358
10-236-01505,BIHAR,Gaya,Bodh Gaya,0,0,,196,10,1505,,120948.91182130505,306843965.9119923,0.0010358583071136476,0.0009526133972329679,230,0.2191010813635826
10-236-01506,BIHAR,Gaya,Tan Kuppa,0,0,,196,10,1506,,108147.94853451202,190099968.23000297,0.0009643752525138856,0.000822764272498871,134,0.11025041251484873
10-240-01542,BIHAR,Arwal,Arwal,0,0,,611,10,1542,,73924.8054791393,147787869.27798152,0.0006290950398635865,0.0006022931299653419,104,0.06263848551639556
10-236-01507,BIHAR,Gaya,Wazirganj,0,0,,196,10,1507,,105472.06999302967,323030583.61833626,0.0009643752525138856,0.0007668524510992989,236,0.18097717845943453
10-236-01508,BIHAR,Gaya,Fatehpur,0,0,,196,10,1508,,155359.44599717355,408449805.62920874,0.0007475595263099671,0.0006107798817045282,304,0.18567708403817657
10-240-01543,BIHAR,Arwal,Kaler,0,0,,611,10,1543,,67777.19153730445,176075758.749563,0.0005694280437469483,0.0005331751511726671,131,0.0698459448036194
10-236-01509,BIHAR,Gaya,Mohanpur,0,0,,196,10,1509,,119906.24818546322,418796109.2883684,0.0009643752525138856,0.0007241540582764819,303,0.219418679657774
10-240-01544,BIHAR,Arwal,Karpi,0,0,,611,10,1544,,158139.92638461498,234985661.7206014,0.0009387313338661194,0.0006424934138154984,172,0.11050886717626572
10-236-01510,BIHAR,Gaya,Barachatti,0,0,,196,10,1510,,138753.78132836288,366328956.31361085,0.0008144703670501709,0.000788838692915483,275,0.21693064055175781
10-237-01513,BIHAR,Nawada,Warisaliganj,0,0,,210,10,1513,,109792.76918459819,202861050.3008767,0.0003858585890388489,0.00031202880387468405,147,0.04586823416957855
10-237-01514,BIHAR,Nawada,Kashi Chak,0,0,,210,10,1514,,73948.94452619922,98983451.20841853,0.0002678914323091507,0.0002678914323091507,72,0.01928818312625885
10-237-01515,BIHAR,Nawada,Pakribarawan,0,0,,210,10,1515,,104545.76938151139,251834567.85717744,0.0002678914323091507,0.0002678914323091507,184,0.049292023544883726
10-237-01516,BIHAR,Nawada,Kawakol,0,0,,210,10,1516,,121170.20018263235,362955647.76482904,0.0006056919355201721,0.0005658658685548861,266,0.1505203210355997
10-237-01518,BIHAR,Nawada,Gobindpur,0,0,,210,10,1518,,73133.35659787485,188189390.13263756,0.0006056919355201721,0.0006021334989061355,140,0.08429868984685897
10-237-01519,BIHAR,Nawada,Akbarpur,0,0,,210,10,1519,,91268.2921062847,249541236.96202633,0.0005925819058895112,0.0005925819058895111,184,0.10903507068367005
10-237-01520,BIHAR,Nawada,Hisua,0,0,,210,10,1520,,85113.4923130193,144090762.99664384,0.0007475595263099671,0.0006075405311783462,104,0.063184215242548
10-237-01521,BIHAR,Nawada,Narhat,0,0,,210,10,1521,,62856.50481924386,99624005.77002536,0.0005925819058895112,0.0005925819058895112,69,0.04088815150637627
10-237-01522,BIHAR,Nawada,Meskaur,0,0,,210,10,1522,,75185.00287586387,145604023.18435815,0.0007475595263099671,0.0007032802061898368,112,0.07876738309326173
10-237-01523,BIHAR,Nawada,Sirdala,0,0,,210,10,1523,,111278.51695598938,301894539.186342,0.0007475595263099671,0.0006175218538454695,218,0.13461976413831234
10-237-01524,BIHAR,Nawada,Rajauli,0,0,,210,10,1524,,132370.86211000624,450216393.36794454,0.000753656081237793,0.0006064036193473203,333,0.20193240524265768
10-238-01525,BIHAR,Jamui,Islamnagar Aliganj,0,0,,198,10,1525,,96153.77396855215,213408239.47295904,0.0005989518252897262,0.0005406125642428032,156,0.0843355600218773
10-238-01526,BIHAR,Jamui,Sikandra,0,0,,198,10,1526,,86788.2538333537,223096734.30010977,0.0007521693173313141,0.0005982079024681045,162,0.09690968019983293
10-238-01527,BIHAR,Jamui,Jamui,0,0,,198,10,1527,,90084.78430112793,212157753.6648698,0.0007152361333799363,0.0007136173624520148,155,0.11061069118006231
10-238-01528,BIHAR,Jamui,Barhat,0,0,,198,10,1528,,114104.37581341481,270298087.1382075,0.0007152361333799363,0.0005954250044381196,197,0.11729872587430956
10-238-01529,BIHAR,Jamui,Lakshmipur,0,0,,198,10,1529,,112147.89260238525,307635253.00857943,0.0007152361333799363,0.00019072963556798303,225,0.04291416800279618
10-238-01530,BIHAR,Jamui,Jhajha,0,0,,198,10,1530,,147664.43327942316,507112726.974952,0.0007521693173313141,0.0006254546385745358,370,0.23141821627257825
10-238-01532,BIHAR,Jamui,Khaira,0,0,,198,10,1532,,142747.05687020053,513762691.7981683,0.0007521693173313141,0.0006897974879327693,377,0.260053652950654
10-238-01533,BIHAR,Jamui,Sono,0,0,,198,10,1533,,117724.39892386932,474283005.7300444,0.0007521693173313141,0.0007368783022683808,349,0.2571705274916649
10-238-01534,BIHAR,Jamui,Chakai,0,0,,198,10,1534,,243956.2217086091,956725034.6798706,0.0007521693173313141,0.0005713268988955906,700,0.3999288292269134
10-239-01535,BIHAR,Jehanabad,Ratni Faridpur,0,0,,199,10,1535,,82762.53932271499,155018952.20303965,0.0009387313338661194,0.0006071502211417231,114,0.06921512521015644
10-239-01536,BIHAR,Jehanabad,Jehanabad,0,0,,199,10,1536,,97254.09844747804,201426556.69272655,0.0005014695281028747,0.0005014695281028747,148,0.07421749015922546
10-239-01537,BIHAR,Jehanabad,Kako,0,0,,199,10,1537,,83599.3529020472,162373941.78194478,0.0005014695281028747,0.0005014695281028746,118,0.05917340431613921
10-239-01538,BIHAR,Jehanabad,Modanganj,0,0,,199,10,1538,,66522.90037500951,97205276.85869928,0.0005343791765785217,0.0005253170994620393,69,0.03624687986288071
10-239-01539,BIHAR,Jehanabad,Ghoshi,0,0,,199,10,1539,,82931.95174196921,112225161.55433495,0.000631688269431591,0.0005580012660011327,83,0.04631410507809401
10-239-01540,BIHAR,Jehanabad,Makhdumpur,0,0,,199,10,1540,,128831.72570768485,301471679.33572614,0.000631688269431591,0.000617286196657908,217,0.13395110467476604
10-239-01541,BIHAR,Jehanabad,Hulasganj,0,0,,199,10,1541,,87179.53907708311,119677697.18988888,0.000631688269431591,0.0005495819471532769,90,0.04946237524379492
10-240-01545,BIHAR,Arwal,Sonbhadra Banshi Suryapur,0,0,,611,10,1545,,62692.97791397586,116643000.97724338,0.0009387313338661194,0.0008641201786847862,83,0.07172197483083725
10-240-01546,BIHAR,Arwal,Kurtha,0,0,,611,10,1546,,71585.17106640573,106433073.5354984,0.0009387313338661194,0.0007878828829418086,78,0.06145486486946107
10-224-01334,BIHAR,Bhagalpur,Gopalpur,0,0,,192,10,1334,,95407.9186210158,208941966.91883087,0.0,0.0,153,0.0
10-210-01127,BIHAR,Kishanganj,Kishanganj,0,0,,203,10,1127,,125268.33771117091,207105687.55921903,0.0,0.0,152,0.0
10-206-01064,BIHAR,Sitamarhi,Suppi,0,0,,221,10,1064,,71084.15120823232,92250451.53846286,0.0,0.0,66,0.0
10-234-01463,BIHAR,Rohtas,Nasriganj,0,0,,215,10,1463,,90034.07903274363,167356919.18355417,0.0004050349842071533,0.00039972405151934853,126,0.050365230491437915
10-234-01464,BIHAR,Rohtas,Rajpur,0,0,,215,10,1464,,68660.48684625747,85633596.4997788,0.0004050349842071533,0.00040503498420715325,63,0.025517204005050656
10-234-01465,BIHAR,Rohtas,Sanjhauli,0,0,,215,10,1465,,56591.722358052,83833486.39015438,0.0004050349842071533,0.00038741852034160075,63,0.024407366781520848
10-203-01023,BIHAR,Pashchim Champaran,Thakrahan,0,0,,211,10,1023,,79847.09402015881,199004696.79409248,0.0,0.0,145,0.0
10-204-01054,BIHAR,Purbi Champaran,Phenhara,0,0,,213,10,1054,,44565.43736457999,67645025.94776015,0.0,0.0,51,0.0
10-219-01262,BIHAR,Saran,Maker,0,0,,218,10,1262,,62357.8736467211,96585777.9808088,0.0,0.0,71,0.0
10-220-01282,BIHAR,Vaishali,Sahdai Buzurg,0,0,,224,10,1282,,74546.65030748869,114161677.3631406,0.0,0.0,84,0.0
10-229-01388,BIHAR,Nalanda,Tharthari,0,0,,209,10,1388,,71853.42144919158,77411758.12428828,0.0007347920641326904,0.0006093698341989517,54,0.03290597104674339
10-229-01389,BIHAR,Nalanda,Parbalpur,0,0,,209,10,1389,,54466.2339431045,76043839.88376136,0.0007347920641326904,0.0005188226630988292,56,0.029054069133534432
10-203-01022,BIHAR,Pashchim Champaran,Bhitaha,0,0,,211,10,1022,,72626.86760213553,166969906.7472905,0.0,0.0,117,0.0
10-203-01013,BIHAR,Pashchim Champaran,Sidhaw,0,0,,211,10,1013,,195582.3602130639,1085337194.6715722,0.0,0.0,781,0.0
10-203-01014,BIHAR,Pashchim Champaran,Ramnagar,0,0,,211,10,1014,,230865.78384139363,866139404.2451236,0.0,0.0,621,0.0
10-203-01015,BIHAR,Pashchim Champaran,Gaunaha,0,0,,211,10,1015,,136504.94021895694,605322845.3823951,0.0,0.0,441,0.0
10-203-01016,BIHAR,Pashchim Champaran,Mainatanr,0,0,,211,10,1016,,115419.13930249632,312998546.4010918,0.0,0.0,221,0.0
10-203-01017,BIHAR,Pashchim Champaran,Narkatiaganj,0,0,,211,10,1017,,149144.20649331805,441857686.2127825,0.0,0.0,314,0.0
10-203-01018,BIHAR,Pashchim Champaran,Lauriya,0,0,,211,10,1018,,120853.32018665274,255440417.54612216,0.0,0.0,183,0.0
10-203-01019,BIHAR,Pashchim Champaran,Bagaha,0,0,,211,10,1019,,135587.24079810514,491292931.53180623,0.0,0.0,352,0.0
10-203-01021,BIHAR,Pashchim Champaran,Madhubani,0,0,,211,10,1021,,144670.82201821523,386116138.1353823,0.0,0.0,276,0.0
10-203-01024,BIHAR,Pashchim Champaran,Jogapatti,0,0,,211,10,1024,,88530.23644360513,258722436.3759333,0.0,0.0,186,0.0
10-203-01029,BIHAR,Pashchim Champaran,Bairia,0,0,,211,10,1029,,105039.82861382668,288505226.87341565,0.0,0.0,208,0.0
10-203-01025,BIHAR,Pashchim Champaran,Chanpatia,0,0,,211,10,1025,,113543.7602983494,310017349.34780717,0.0,0.0,226,0.0
10-206-01071,BIHAR,Sitamarhi,Parsauni,0,0,,221,10,1071,,63729.135625112256,74724139.64418457,0.0,0.0,55,0.0
10-203-01026,BIHAR,Pashchim Champaran,Sikta,0,0,,211,10,1026,,93443.22825707054,255004178.86147365,0.0,0.0,183,0.0
10-203-01027,BIHAR,Pashchim Champaran,Majhaulia,0,0,,211,10,1027,,123374.4030721297,371511179.15939575,0.0,0.0,265,0.0
10-203-01028,BIHAR,Pashchim Champaran,Bettiah,0,0,,211,10,1028,,53968.26030594324,83182055.35378212,0.0,0.0,59,0.0
10-203-01030,BIHAR,Pashchim Champaran,Nautan,0,0,,211,10,1030,,122656.63983711715,245738630.13883996,0.0,0.0,171,0.0
10-204-01031,BIHAR,Purbi Champaran,Raxaul,0,0,,213,10,1031,,98709.78801801558,166685360.13968688,0.0,0.0,124,0.0
10-206-01072,BIHAR,Sitamarhi,Belsand,0,0,,221,10,1072,,66235.5873217276,97354060.86547032,0.0,0.0,70,0.0
10-206-01073,BIHAR,Sitamarhi,Runisaidpur,0,0,,221,10,1073,,152472.54206325076,334873257.0825382,0.0,0.0,243,0.0
10-204-01032,BIHAR,Purbi Champaran,Adapur,0,0,,213,10,1032,,94532.37688292323,199608924.7111849,0.0,0.0,148,0.0
10-206-01074,BIHAR,Sitamarhi,Dumra,0,0,,221,10,1074,,111649.34177378344,241159212.36062923,0.0,0.0,178,0.0
10-204-01033,BIHAR,Purbi Champaran,Ramgarhwa,0,0,,213,10,1033,,90718.26831189607,213035907.5226096,0.0,0.0,154,0.0
10-204-01034,BIHAR,Purbi Champaran,Sugauli,0,0,,213,10,1034,,84892.41923436844,209336830.19001696,0.0,0.0,149,0.0
10-204-01038,BIHAR,Purbi Champaran,Ghorasahan,0,0,,213,10,1038,,75335.10865687576,144368243.47105,0.0,0.0,104,0.0
10-204-01035,BIHAR,Purbi Champaran,Banjaria,0,0,,213,10,1035,,102381.40449613356,176960195.87167916,0.0,0.0,124,0.0
10-204-01047,BIHAR,Purbi Champaran,Kesaria,0,0,,213,10,1047,,87546.8206889307,229535442.11688668,0.0,0.0,168,0.0
10-204-01036,BIHAR,Purbi Champaran,Narkatia,0,0,,213,10,1036,,105607.09704406632,168338010.30978012,0.0,0.0,120,0.0
10-204-01037,BIHAR,Purbi Champaran,Bankatwa,0,0,,213,10,1037,,99233.37216886049,115311013.90225838,0.0,0.0,82,0.0
10-204-01039,BIHAR,Purbi Champaran,Dhaka,0,0,,213,10,1039,,97673.73467814895,202386545.86227983,0.0,0.0,145,0.0
10-204-01048,BIHAR,Purbi Champaran,Kalyanpur,0,0,,213,10,1048,,109413.20044555076,313300912.50613195,0.0,0.0,230,0.0
10-204-01040,BIHAR,Purbi Champaran,Chiraia,0,0,,213,10,1040,,110764.71696779084,272984575.32652414,0.0,0.0,199,0.0
10-204-01041,BIHAR,Purbi Champaran,Motihari,0,0,,213,10,1041,,181544.26702654368,319814691.13850176,0.0,0.0,241,0.0
10-204-01049,BIHAR,Purbi Champaran,Kotwa,0,0,,213,10,1049,,78879.98205471091,178282937.71225017,0.0,0.0,126,0.0
10-204-01042,BIHAR,Purbi Champaran,Turkaulia,0,0,,213,10,1042,,99475.78497366334,174748315.94966665,0.0,0.0,130,0.0
10-204-01050,BIHAR,Purbi Champaran,Piprakothi,0,0,,213,10,1050,,58369.33889310607,62223774.49301849,0.0,0.0,45,0.0
10-204-01043,BIHAR,Purbi Champaran,Harsidhi,0,0,,213,10,1043,,133904.34238337883,240218359.62130272,0.0,0.0,173,0.0
10-204-01044,BIHAR,Purbi Champaran,Paharpur,0,0,,213,10,1044,,108730.62076802726,192061375.0173064,0.0,0.0,144,0.0
10-204-01045,BIHAR,Purbi Champaran,Areraj,0,0,,213,10,1045,,93331.67353690567,242725576.26244012,0.0,0.0,174,0.0
10-204-01046,BIHAR,Purbi Champaran,Sangrampur,0,0,,213,10,1046,,78133.67961210197,187659878.02718252,0.0,0.0,133,0.0
10-204-01051,BIHAR,Purbi Champaran,Chakia(Pipra),0,0,,213,10,1051,,129110.66914194856,212940547.80779588,0.0,0.0,145,0.0
10-204-01052,BIHAR,Purbi Champaran,Pakri Dayal,0,0,,213,10,1052,,90143.40730437863,148110040.62869397,0.0,0.0,106,0.0
10-204-01053,BIHAR,Purbi Champaran,Patahi,0,0,,213,10,1053,,85994.51677214028,144960443.14880535,0.0,0.0,100,0.0
10-204-01055,BIHAR,Purbi Champaran,Madhuban,0,0,,213,10,1055,,112681.00006095257,152424272.44650427,0.0,0.0,114,0.0
10-204-01056,BIHAR,Purbi Champaran,Tetaria,0,0,,213,10,1056,,82320.72754353678,104458405.63845472,0.0,0.0,74,0.0
10-205-01058,BIHAR,Sheohar,Purnahiya,0,0,,220,10,1058,,57294.126150412616,80859097.14068061,0.0,0.0,59,0.0
10-204-01057,BIHAR,Purbi Champaran,Mehsi,0,0,,213,10,1057,,125063.78039343117,149773808.08158112,0.0,0.0,108,0.0
10-205-01059,BIHAR,Sheohar,Piprarhi,0,0,,220,10,1059,,105870.45511307275,104265216.9562483,0.0,0.0,77,0.0
10-205-01060,BIHAR,Sheohar,Sheohar,0,0,,220,10,1060,,81007.5322908237,115638983.35873616,0.0,0.0,83,0.0
10-205-01061,BIHAR,Sheohar,Dumri Katsari,0,0,,220,10,1061,,65038.65439014734,84655470.24819931,0.0,0.0,59,0.0
10-205-01062,BIHAR,Sheohar,Tariani Chowk,0,0,,220,10,1062,,97491.22869259815,171878914.60720828,0.0,0.0,126,0.0
10-206-01063,BIHAR,Sitamarhi,Bairgania,0,0,,221,10,1063,,59598.621146511534,94417571.99630062,0.0,0.0,70,0.0
10-206-01065,BIHAR,Sitamarhi,Majorganj,0,0,,221,10,1065,,62808.55729710282,95411217.42446172,0.0,0.0,68,0.0
10-206-01066,BIHAR,Sitamarhi,Sonbarsa,0,0,,221,10,1066,,92820.94699371175,224104085.6083578,0.0,0.0,155,0.0
10-206-01067,BIHAR,Sitamarhi,Parihar,0,0,,221,10,1067,,86838.20299610356,272812569.4060281,0.0,0.0,197,0.0
10-207-01095,BIHAR,Madhubani,Rajnagar,0,0,,206,10,1095,,78809.12744912357,223111125.2667772,0.0,0.0,158,0.0
10-206-01068,BIHAR,Sitamarhi,Sursand,0,0,,221,10,1068,,91215.71647520129,181412871.1123928,0.0,0.0,134,0.0
10-206-01069,BIHAR,Sitamarhi,Bathnaha,0,0,,221,10,1069,,120764.04051803834,251403523.12922087,0.0,0.0,185,0.0
10-206-01070,BIHAR,Sitamarhi,Riga,0,0,,221,10,1070,,129433.73210860479,163724219.02092636,0.0,0.0,114,0.0
10-210-01123,BIHAR,Kishanganj,Thakurganj,0,0,,203,10,1123,,224971.2940646554,491161543.46963537,0.0,0.0,353,0.0
10-210-01124,BIHAR,Kishanganj,Pothia,0,0,,203,10,1124,,167388.9118766352,443844792.4531903,0.0,0.0,321,0.0
10-210-01125,BIHAR,Kishanganj,Bahadurganj,0,0,,203,10,1125,,155296.13881782343,347494200.8377232,0.0,0.0,251,0.0
10-210-01126,BIHAR,Kishanganj,Kochadhamin,0,0,,203,10,1126,,139640.52665725534,360840233.8364798,0.0,0.0,258,0.0
10-211-01128,BIHAR,Purnia,Banmankhi,0,0,,214,10,1128,,142815.61519736593,459936087.34673214,0.0,0.0,333,0.0
10-206-01075,BIHAR,Sitamarhi,Bajpatti,0,0,,221,10,1075,,90407.29439213518,174303329.1783474,0.0,0.0,125,0.0
10-206-01076,BIHAR,Sitamarhi,Charaut,0,0,,221,10,1076,,85128.15752493152,91349700.81924292,0.0,0.0,62,0.0
10-206-01077,BIHAR,Sitamarhi,Pupri,0,0,,221,10,1077,,73992.24203369493,115338203.66308306,0.0,0.0,82,0.0
10-206-01078,BIHAR,Sitamarhi,Nanpur,0,0,,221,10,1078,,73315.01223618646,135892566.9983101,0.0,0.0,100,0.0
10-220-01283,BIHAR,Vaishali,Mahnar,0,0,,224,10,1283,,81638.1139853176,126474580.44313861,0.0,0.0,89,0.0
10-206-01079,BIHAR,Sitamarhi,Bokhara,0,0,,221,10,1079,,81978.13188098712,108574895.39827529,0.0,0.0,79,0.0
10-207-01080,BIHAR,Madhubani,Madhwapur,0,0,,206,10,1080,,88808.76172423853,137557654.90878707,0.0,0.0,103,0.0
10-207-01081,BIHAR,Madhubani,Harlakhi,0,0,,206,10,1081,,90217.76640094945,187441757.00046396,0.0,0.0,138,0.0
10-207-01082,BIHAR,Madhubani,Basopatti,0,0,,206,10,1082,,97634.90682970545,164238774.4639331,0.0,0.0,122,0.0
10-207-01089,BIHAR,Madhubani,Khajauli,0,0,,206,10,1089,,91171.28062794723,150968724.81279027,0.0,0.0,108,0.0
10-207-01083,BIHAR,Madhubani,Jainagar,0,0,,206,10,1083,,81489.61423509955,161880108.8306139,0.0,0.0,115,0.0
10-207-01090,BIHAR,Madhubani,Kaluahi,0,0,,206,10,1090,,62305.281593423286,101560283.08963235,0.0,0.0,75,0.0
10-207-01084,BIHAR,Madhubani,Ladania,0,0,,206,10,1084,,97928.14946240213,232665607.5684243,0.0,0.0,164,0.0
10-207-01085,BIHAR,Madhubani,Laukaha,0,0,,206,10,1085,,102032.19667129294,266340932.00179368,0.0,0.0,197,0.0
10-207-01086,BIHAR,Madhubani,Laukahi,0,0,,206,10,1086,,109679.24973352649,329223432.564553,0.0,0.0,237,0.0
10-207-01087,BIHAR,Madhubani,Phulparas,0,0,,206,10,1087,,117974.41186319289,199352334.8677591,0.0,0.0,140,0.0
10-207-01088,BIHAR,Madhubani,Babubarhi,0,0,,206,10,1088,,118996.04641992833,237192379.86086744,0.0,0.0,174,0.0
10-207-01091,BIHAR,Madhubani,Benipatti,0,0,,206,10,1091,,128414.2409747215,328987645.9449377,0.0,0.0,231,0.0
10-207-01092,BIHAR,Madhubani,Bisfi,0,0,,206,10,1092,,99754.46134559005,226192948.413646,0.0,0.0,165,0.0
10-207-01093,BIHAR,Madhubani,Madhubani,0,0,,206,10,1093,,109764.71764889831,200359220.56727448,0.0,0.0,142,0.0
10-207-01094,BIHAR,Madhubani,Pandaul,0,0,,206,10,1094,,102372.75527307783,208327489.63825428,0.0,0.0,148,0.0
10-207-01096,BIHAR,Madhubani,Andhratharhi,0,0,,206,10,1096,,97300.5167595078,186769445.10608673,0.0,0.0,134,0.0
10-207-01097,BIHAR,Madhubani,Jhanjharpur,0,0,,206,10,1097,,125261.96837896874,181284371.95402232,0.0,0.0,132,0.0
10-207-01098,BIHAR,Madhubani,Ghoghardiha,0,0,,206,10,1098,,114215.40677637524,211228851.4219488,0.0,0.0,159,0.0
10-207-01099,BIHAR,Madhubani,Lakhnaur,0,0,,206,10,1099,,72956.74167609161,146945623.14022,0.0,0.0,110,0.0
10-207-01100,BIHAR,Madhubani,Madhepur,0,0,,206,10,1100,,144505.38034518834,300452948.5687113,0.0,0.0,212,0.0
10-208-01101,BIHAR,Supaul,Nirmali,0,0,,223,10,1101,,123310.21889922836,162734364.67066902,0.0,0.0,118,0.0
10-208-01102,BIHAR,Supaul,Basantpur,0,0,,223,10,1102,,136288.63693043106,319456339.75100917,0.0,0.0,228,0.0
10-208-01103,BIHAR,Supaul,Chhatapur,0,0,,223,10,1103,,142271.17176584958,398825687.2446475,0.0,0.0,285,0.0
10-208-01104,BIHAR,Supaul,Pratapganj,0,0,,223,10,1104,,71155.69013184242,133032565.19323792,0.0,0.0,97,0.0
10-208-01105,BIHAR,Supaul,Raghopur,0,0,,223,10,1105,,111831.20983491397,255841046.48838165,0.0,0.0,187,0.0
10-221-01285,BIHAR,Samastipur,Warisnagar,0,0,,217,10,1285,,90241.30323013186,163846086.5162723,0.0,0.0,120,0.0
10-208-01106,BIHAR,Supaul,Saraigarh Bhaptiyahi,0,0,,223,10,1106,,105489.5116383213,257042943.27229512,0.0,0.0,189,0.0
10-208-01107,BIHAR,Supaul,Kishanpur,0,0,,223,10,1107,,125516.73810076228,248613546.3002807,0.0,0.0,177,0.0
10-208-01108,BIHAR,Supaul,Marauna,0,0,,223,10,1108,,114969.59778192453,206419565.01179272,0.0,0.0,149,0.0
10-208-01109,BIHAR,Supaul,Supaul,0,0,,223,10,1109,,122628.008173687,390920691.5720901,0.0,0.0,287,0.0
10-208-01110,BIHAR,Supaul,Pipra,0,0,,223,10,1110,,113516.78657800167,247320462.25611627,0.0,0.0,181,0.0
10-221-01287,BIHAR,Samastipur,Khanpur,0,0,,217,10,1287,,89337.20668890505,173313349.37261373,0.0,0.0,127,0.0
10-208-01111,BIHAR,Supaul,Tribeniganj,0,0,,223,10,1111,,136684.8917573132,402291551.99740016,0.0,0.0,290,0.0
10-209-01112,BIHAR,Araria,Narpatganj,0,0,,188,10,1112,,196352.82868709194,482872068.7863751,0.0,0.0,351,0.0
10-209-01113,BIHAR,Araria,Forbesganj,0,0,,188,10,1113,,165874.55860340688,546946456.996027,0.0,0.0,392,0.0
10-209-01114,BIHAR,Araria,Bhargama,0,0,,188,10,1114,,140909.75235341018,280499778.1128878,0.0,0.0,206,0.0
10-209-01115,BIHAR,Araria,Raniganj,0,0,,188,10,1115,,160625.61646677545,576910744.770993,0.0,0.0,418,0.0
10-209-01116,BIHAR,Araria,Araria,0,0,,188,10,1116,,192057.15187743204,506918787.2643526,0.0,0.0,371,0.0
10-209-01117,BIHAR,Araria,Kursakatta,0,0,,188,10,1117,,96566.38525637137,201032230.408231,0.0,0.0,147,0.0
10-209-01118,BIHAR,Araria,Sikti,0,0,,188,10,1118,,116798.35346995249,237753016.2819182,0.0,0.0,177,0.0
10-209-01119,BIHAR,Araria,Palasi,0,0,,188,10,1119,,132578.70192307016,306240761.34804773,0.0,0.0,222,0.0
10-209-01120,BIHAR,Araria,Jokihat,0,0,,188,10,1120,,155370.9524619173,341005127.7602247,0.0,0.0,246,0.0
10-210-01121,BIHAR,Kishanganj,Terhagachh,0,0,,203,10,1121,,121953.02658094271,245208326.38245347,0.0,0.0,175,0.0
10-210-01122,BIHAR,Kishanganj,Dighalbank,0,0,,203,10,1122,,147432.83262190674,314385668.4331173,0.0,0.0,224,0.0
10-211-01129,BIHAR,Purnia,Barhara,0,0,,214,10,1129,,111073.17449432175,288009141.38478667,0.0,0.0,212,0.0
10-211-01130,BIHAR,Purnia,Bhawanipur,0,0,,214,10,1130,,116656.34435182877,201938838.4795833,0.0,0.0,147,0.0
10-211-01131,BIHAR,Purnia,Rupauli,0,0,,214,10,1131,,113946.660566684,308195114.8462847,0.0,0.0,227,0.0
10-211-01132,BIHAR,Purnia,Dhamdaha,0,0,,214,10,1132,,135370.01293426772,446856166.039676,0.0,0.0,326,0.0
10-211-01133,BIHAR,Purnia,Krityanand Nagar,0,0,,214,10,1133,,149407.41850079046,364443041.21247435,0.0,0.0,274,0.0
10-211-01134,BIHAR,Purnia,Purnia East,0,0,,214,10,1134,,127662.13358515713,309272824.56310594,0.0,0.0,228,0.0
10-211-01135,BIHAR,Purnia,Kasba,0,0,,214,10,1135,,130095.64608516233,215123054.3424731,0.0,0.0,154,0.0
10-211-01136,BIHAR,Purnia,Srinagar,0,0,,214,10,1136,,106220.57404900706,172405807.6412187,0.0,0.0,122,0.0
10-211-01137,BIHAR,Purnia,Jalalgarh,0,0,,214,10,1137,,87146.39992638786,142107808.6772385,0.0,0.0,102,0.0
10-211-01138,BIHAR,Purnia,Amour,0,0,,214,10,1138,,141371.93624621196,307011870.96961224,0.0,0.0,225,0.0
10-211-01139,BIHAR,Purnia,Baisa,0,0,,214,10,1139,,132173.35304950457,275191667.549805,0.0,0.0,197,0.0
10-211-01140,BIHAR,Purnia,Baisi,0,0,,214,10,1140,,118169.54825440844,253873549.02719215,0.0,0.0,187,0.0
10-211-01141,BIHAR,Purnia,Dagarua,0,0,,214,10,1141,,129309.28146976323,257465778.6329552,0.0,0.0,180,0.0
10-212-01142,BIHAR,Katihar,Falka,0,0,,201,10,1142,,100518.70580952488,208374539.8829749,0.0,0.0,150,0.0
10-212-01143,BIHAR,Katihar,Korha,0,0,,201,10,1143,,137118.64195203967,368801327.90483874,0.0,0.0,273,0.0
10-212-01144,BIHAR,Katihar,Hasanganj,0,0,,201,10,1144,,78227.29832785497,86155111.41022065,0.0,0.0,62,0.0
10-212-01145,BIHAR,Katihar,Kadwa,0,0,,201,10,1145,,157692.68144088247,420129854.10490626,0.0,0.0,307,0.0
10-212-01146,BIHAR,Katihar,Balrampur,0,0,,201,10,1146,,141815.18317465586,216253207.31133217,0.0,0.0,151,0.0
10-212-01147,BIHAR,Katihar,Barsoi,0,0,,201,10,1147,,172308.8160052511,357713388.6445612,0.0,0.0,261,0.0
10-212-01148,BIHAR,Katihar,Azamnagar,0,0,,201,10,1148,,141791.77759222616,349759708.1212404,0.0,0.0,253,0.0
10-221-01290,BIHAR,Samastipur,Tajpur,0,0,,217,10,1290,,57166.77792153786,83856612.1105223,0.0,0.0,61,0.0
10-212-01149,BIHAR,Katihar,Pranpur,0,0,,201,10,1149,,111803.70370561493,191475637.62126103,0.0,0.0,141,0.0
10-212-01150,BIHAR,Katihar,Dandkhora,0,0,,201,10,1150,,70987.07501110679,111201189.06340708,0.0,0.0,81,0.0
10-212-01151,BIHAR,Katihar,Katihar,0,0,,201,10,1151,,76845.81968857624,136830037.77828172,0.0,0.0,100,0.0
10-212-01152,BIHAR,Katihar,Mansahi,0,0,,201,10,1152,,73279.06289841712,97405011.1871763,0.0,0.0,73,0.0
10-212-01155,BIHAR,Katihar,Kursela,0,0,,201,10,1155,,80348.39413748268,153683091.52761996,0.0,0.0,117,0.0
10-212-01153,BIHAR,Katihar,Barari,0,0,,201,10,1153,,107333.93297446336,407446973.1478653,0.0,0.0,292,0.0
10-212-01154,BIHAR,Katihar,Sameli,0,0,,201,10,1154,,75105.36277909,118027198.2496544,0.0,0.0,81,0.0
10-212-01156,BIHAR,Katihar,Manihari,0,0,,201,10,1156,,130162.81635074862,303859830.4099729,0.0,0.0,221,0.0
10-212-01157,BIHAR,Katihar,Amdabad,0,0,,201,10,1157,,103742.71814675455,228302986.79665467,0.0,0.0,164,0.0
10-213-01158,BIHAR,Madhepura,Gamharia,0,0,,205,10,1158,,80141.00377515821,125479849.27382244,0.0,0.0,89,0.0
10-213-01160,BIHAR,Madhepura,Ghailarh,0,0,,205,10,1160,,78865.70647224285,116219722.2388165,0.0,0.0,83,0.0
10-213-01159,BIHAR,Madhepura,Singheshwar,0,0,,205,10,1159,,111627.30849980874,111167268.35246354,0.0,0.0,78,0.0
10-216-01210,BIHAR,Muzaffarpur,Bandra,0,0,,208,10,1210,,74293.85759884378,142020443.31484023,0.0,0.0,103,0.0
10-213-01161,BIHAR,Madhepura,Madhepura,0,0,,205,10,1161,,115084.47931226583,237801277.85767865,0.0,0.0,175,0.0
10-213-01162,BIHAR,Madhepura,Shankarpur,0,0,,205,10,1162,,63984.56408470212,128790837.874554,0.0,0.0,94,0.0
10-213-01163,BIHAR,Madhepura,Kumarkhand,0,0,,205,10,1163,,118191.24796123093,316976886.68211347,0.0,0.0,230,0.0
10-213-01164,BIHAR,Madhepura,Murliganj,0,0,,205,10,1164,,94211.11378994165,247086114.21145928,0.0,0.0,179,0.0
10-221-01293,BIHAR,Samastipur,Mohanpur,0,0,,217,10,1293,,74468.46489139357,163000016.77407515,0.0,0.0,120,0.0
10-213-01165,BIHAR,Madhepura,Gwalpara,0,0,,205,10,1165,,78037.2495556277,147267353.58482873,0.0,0.0,109,0.0
10-214-01172,BIHAR,Saharsa,Satar Kataiya,0,0,,216,10,1172,,77878.75925155886,177382280.64763528,0.0,0.0,130,0.0
10-213-01166,BIHAR,Madhepura,Bihariganj,0,0,,205,10,1166,,79669.40805645821,133818744.70956944,0.0,0.0,98,0.0
10-216-01211,BIHAR,Muzaffarpur,Dholi (Moraul),0,0,,208,10,1211,,63030.361633940505,73298422.6275262,0.0,0.0,50,0.0
10-213-01167,BIHAR,Madhepura,Kishanganj,0,0,,205,10,1167,,99817.47531025465,188055937.5971522,0.0,0.0,133,0.0
10-216-01212,BIHAR,Muzaffarpur,Musahri,0,0,,208,10,1212,,211487.75457487197,365415439.5943066,0.0,0.0,267,0.0
10-213-01168,BIHAR,Madhepura,Puraini,0,0,,205,10,1168,,63416.842365887525,103114850.3546553,0.0,0.0,76,0.0
10-214-01174,BIHAR,Saharsa,Kahara,0,0,,216,10,1174,,81070.16203244023,176788302.3737116,0.0,0.0,128,0.0
10-213-01169,BIHAR,Madhepura,Alamnagar,0,0,,205,10,1169,,94357.42058114092,211989804.11375904,0.0,0.0,151,0.0
10-213-01170,BIHAR,Madhepura,Chausa,0,0,,205,10,1170,,87285.75133964,172516848.53860697,0.0,0.0,124,0.0
10-214-01171,BIHAR,Saharsa,Nauhatta,0,0,,216,10,1171,,93228.84620468391,212763144.21707585,0.0,0.0,151,0.0
10-217-01227,BIHAR,Gopalganj,Sidhwalia,0,0,,197,10,1227,,69457.48217743407,152022198.31601515,0.0,0.0,109,0.0
10-214-01173,BIHAR,Saharsa,Mahishi,0,0,,216,10,1173,,106372.46434789852,273075178.2794974,0.0,0.0,195,0.0
10-214-01175,BIHAR,Saharsa,Saur Bazar,0,0,,216,10,1175,,88121.22998090234,233228921.9025612,0.0,0.0,171,0.0
10-214-01176,BIHAR,Saharsa,Patarghat,0,0,,216,10,1176,,67497.21582029684,149681422.04156074,0.0,0.0,105,0.0
10-214-01177,BIHAR,Saharsa,Sonbarsa,0,0,,216,10,1177,,90185.02153799882,263952116.041209,0.0,0.0,193,0.0
10-216-01199,BIHAR,Muzaffarpur,Sahebganj,0,0,,208,10,1199,,80060.99972290538,253055918.70266867,0.0,0.0,189,0.0
10-214-01178,BIHAR,Saharsa,Simri Bakhtiarpur,0,0,,216,10,1178,,119116.35548129058,266466354.66217396,0.0,0.0,194,0.0
10-214-01179,BIHAR,Saharsa,Salkhua,0,0,,216,10,1179,,82412.26684571667,221182533.93573853,0.0,0.0,163,0.0
10-214-01180,BIHAR,Saharsa,Banma Itahri,0,0,,216,10,1180,,54286.501575749484,92822449.4552088,0.0,0.0,68,0.0
10-215-01181,BIHAR,Darbhanga,Jale,0,0,,195,10,1181,,112473.57051363293,234172285.01568127,0.0,0.0,171,0.0
10-215-01182,BIHAR,Darbhanga,Singhwara,0,0,,195,10,1182,,121368.62688362494,223279889.67870736,0.0,0.0,162,0.0
10-215-01183,BIHAR,Darbhanga,Keotiranway,0,0,,195,10,1183,,89515.08566239705,180205403.4644349,0.0,0.0,131,0.0
10-215-01184,BIHAR,Darbhanga,Darbhanga,0,0,,195,10,1184,,131883.04966973627,240721362.1475316,0.0,0.0,174,0.0
10-215-01185,BIHAR,Darbhanga,Manigachhi,0,0,,195,10,1185,,96856.01003306538,158887287.31255177,0.0,0.0,114,0.0
10-215-01186,BIHAR,Darbhanga,Tardih,0,0,,195,10,1186,,96398.42232606321,109520018.96976715,0.0,0.0,79,0.0
10-215-01187,BIHAR,Darbhanga,Alinagar,0,0,,195,10,1187,,105560.56246873255,146523357.5416611,0.0,0.0,105,0.0
10-215-01188,BIHAR,Darbhanga,Benipur,0,0,,195,10,1188,,118482.30854716274,204643530.87647069,0.0,0.0,150,0.0
10-215-01189,BIHAR,Darbhanga,Bahadurpur,0,0,,195,10,1189,,155637.00049509996,221161760.4253616,0.0,0.0,158,0.0
10-215-01190,BIHAR,Darbhanga,Hanumannagar,0,0,,195,10,1190,,114393.83215098479,181536916.32106537,0.0,0.0,130,0.0
10-215-01191,BIHAR,Darbhanga,Hayaghat,0,0,,195,10,1191,,66118.49929402806,108810529.75916524,0.0,0.0,77,0.0
10-215-01192,BIHAR,Darbhanga,Baheri,0,0,,195,10,1192,,128629.1579498372,271307286.95794886,0.0,0.0,195,0.0
10-215-01193,BIHAR,Darbhanga,Biraul,0,0,,195,10,1193,,135706.32971678255,230203939.26841983,0.0,0.0,167,0.0
10-215-01194,BIHAR,Darbhanga,Ghanshyampur,0,0,,195,10,1194,,76766.91373126305,103945643.9979024,0.0,0.0,78,0.0
10-215-01195,BIHAR,Darbhanga,Kiratpur,0,0,,195,10,1195,,78793.19278562842,78915927.53877336,0.0,0.0,60,0.0
10-215-01196,BIHAR,Darbhanga,Gora Bauram,0,0,,195,10,1196,,99804.03366816713,145653476.81698695,0.0,0.0,104,0.0
10-215-01197,BIHAR,Darbhanga,Kusheshwar Asthan,0,0,,195,10,1197,,87220.16498537568,144130520.9401011,0.0,0.0,107,0.0
10-215-01198,BIHAR,Darbhanga,Kusheshwar Asthan Purbi,0,0,,195,10,1198,,91858.86035222423,150084285.43545517,0.0,0.0,112,0.0
10-216-01200,BIHAR,Muzaffarpur,Baruraj (Motipur),0,0,,208,10,1200,,125110.13599018812,365259305.4740948,0.0,0.0,263,0.0
10-216-01201,BIHAR,Muzaffarpur,Paroo,0,0,,208,10,1201,,136934.87791145188,413033977.3448192,0.0,0.0,295,0.0
10-216-01202,BIHAR,Muzaffarpur,Saraiya,0,0,,208,10,1202,,155820.80051537574,301402655.1404849,0.0,0.0,218,0.0
10-216-01203,BIHAR,Muzaffarpur,Marwan,0,0,,208,10,1203,,84959.92762229654,138736310.53842777,0.0,0.0,101,0.0
10-216-01204,BIHAR,Muzaffarpur,Kanti,0,0,,208,10,1204,,97122.90469976026,124757584.36625764,0.0,0.0,91,0.0
10-216-01205,BIHAR,Muzaffarpur,Minapur,0,0,,208,10,1205,,166218.11946715685,316124209.98756105,0.0,0.0,228,0.0
10-216-01206,BIHAR,Muzaffarpur,Bochaha,0,0,,208,10,1206,,126044.68100944142,233148755.94160384,0.0,0.0,167,0.0
10-216-01207,BIHAR,Muzaffarpur,Aurai,0,0,,208,10,1207,,101267.16719990574,247748190.77792475,0.0,0.0,177,0.0
10-216-01208,BIHAR,Muzaffarpur,Katra,0,0,,208,10,1208,,118891.9342746819,235108975.17115793,0.0,0.0,171,0.0
10-216-01209,BIHAR,Muzaffarpur,Gaighat,0,0,,208,10,1209,,111008.49869520529,259762671.68662548,0.0,0.0,191,0.0
10-216-01213,BIHAR,Muzaffarpur,Kurhani,0,0,,208,10,1213,,108106.10574110712,256354911.2077163,0.0,0.0,187,0.0
10-216-01214,BIHAR,Muzaffarpur,Sakra,0,0,,208,10,1214,,105121.4777371614,236360031.18726787,0.0,0.0,175,0.0
10-217-01215,BIHAR,Gopalganj,Katiya,0,0,,197,10,1215,,94755.55253264701,158441587.458013,0.0002763791234874725,0.00021715502559729982,112,0.02432136286689758
10-217-01216,BIHAR,Gopalganj,Bijaipur,0,0,,197,10,1216,,81309.59717969262,163112176.36717936,0.0002763791234874725,0.00027637912348747257,120,0.03316549481849671
10-217-01217,BIHAR,Gopalganj,Bhorey,0,0,,197,10,1217,,78790.65552761848,196013266.46535653,0.0002763791234874725,0.0001439474601497253,144,0.020728434261560444
10-217-01218,BIHAR,Gopalganj,Pach Deuri,0,0,,197,10,1218,,53698.212932643866,118295317.11973979,0.0,0.0,85,0.0
10-217-01219,BIHAR,Gopalganj,Kuchaikote,0,0,,197,10,1219,,101077.28158428885,316078491.04748106,0.0,0.0,226,0.0
10-217-01220,BIHAR,Gopalganj,Phulwaria,0,0,,197,10,1220,,81339.22200232239,118763292.85091434,0.0,0.0,89,0.0
10-217-01221,BIHAR,Gopalganj,Hathua,0,0,,197,10,1221,,91546.96202775641,183613061.83342972,0.00037708606246948244,0.00024941125391682306,127,0.03167522924743653
10-217-01222,BIHAR,Gopalganj,Uchkagaon,0,0,,197,10,1222,,80102.93001981139,142235093.67043933,0.00037708606246948244,2.490190978572054e-05,106,0.0026396024372863773
10-217-01223,BIHAR,Gopalganj,Thawe,0,0,,197,10,1223,,57244.55575246375,89300191.60424533,0.00037708606246948244,5.891969726085663e-06,64,0.00037708606246948244
10-217-01224,BIHAR,Gopalganj,Gopalganj,0,0,,197,10,1224,,110313.13172782106,244420793.60160467,0.0,0.0,182,0.0
10-218-01232,BIHAR,Siwan,Goriakothi,0,0,,222,10,1232,,73201.39147651673,174963939.23516312,0.0,0.0,127,0.0
10-217-01225,BIHAR,Gopalganj,Manjha,0,0,,197,10,1225,,80242.78538873792,179389027.9828925,0.0,0.0,131,0.0
10-217-01226,BIHAR,Gopalganj,Barauli,0,0,,197,10,1226,,105754.79057670098,232227972.12586737,0.0,0.0,170,0.0
10-217-01228,BIHAR,Gopalganj,Baikunthpur,0,0,,197,10,1228,,97825.58906166903,256614409.24172768,0.0,0.0,185,0.0
10-218-01229,BIHAR,Siwan,Nautan,0,0,,222,10,1229,,58324.35348563096,81827813.66620097,0.00037708606246948244,0.00037708606246948244,58,0.02187099162322998
10-218-01230,BIHAR,Siwan,Siwan,0,0,,222,10,1230,,92599.06904644772,168879532.28230655,0.00037708606246948244,0.00034512961649749233,118,0.0407252947467041
10-218-01235,BIHAR,Siwan,Bhagwanpur Hat,0,0,,222,10,1235,,86430.4184146014,189582799.91524476,0.00022132511869430544,3.528371457445449e-05,138,0.00486915261127472
10-218-01231,BIHAR,Siwan,Barharia,0,0,,222,10,1231,,90315.6629531122,219606934.01516393,0.00037708606246948244,7.070363671302796e-06,160,0.0011312581874084473
10-218-01233,BIHAR,Siwan,Lakri Nabiganj,0,0,,222,10,1233,,79648.98713303795,120773104.6039552,0.0,0.0,88,0.0
10-218-01234,BIHAR,Siwan,Basantpur,0,0,,222,10,1234,,57871.378293950496,76675463.02480637,0.0,0.0,56,0.0
10-218-01236,BIHAR,Siwan,Maharajganj,0,0,,222,10,1236,,119387.58843212528,142817377.5161484,0.00022132511869430544,8.380271484541663e-05,103,0.008631679629077913
10-218-01237,BIHAR,Siwan,Pachrukhi,0,0,,222,10,1237,,99183.2392802834,160709761.40986398,0.00037708606246948244,1.6114788994422325e-05,117,0.0018854303123474123
10-218-01238,BIHAR,Siwan,Hussainganj,0,0,,222,10,1238,,68784.84800107122,105975934.30464326,0.00037708606246948244,0.0003310736811292494,74,0.024499452403564454
10-218-01239,BIHAR,Siwan,Ziradei,0,0,,222,10,1239,,98825.50869312549,152221780.48504183,0.00037708606246948244,0.0003762116757140289,111,0.041759496004257206
10-218-01240,BIHAR,Siwan,Mairwa,0,0,,222,10,1240,,65279.2242200428,88898123.37504825,0.00039939694786071775,0.0003781001936236295,66,0.024954612779159547
10-218-01242,BIHAR,Siwan,Darauli,0,0,,222,10,1242,,90305.00161970501,214758375.6239279,0.0005164880053710938,0.00036381430626260085,155,0.05639121747070313
10-218-01241,BIHAR,Siwan,Guthani,0,0,,222,10,1241,,78778.78773845347,115110806.99004474,0.00039939694786071775,0.000397764444051603,82,0.03261668441223144
10-219-01248,BIHAR,Saran,Mashrakh,0,0,,218,10,1248,,82075.7710341599,165898243.02109933,0.0,0.0,121,0.0
10-218-01243,BIHAR,Siwan,Andar,0,0,,222,10,1243,,83358.60866933218,125625010.62434034,0.00037708606246948244,0.0002911851015630262,87,0.02533310383598328
10-219-01249,BIHAR,Saran,Panapur,0,0,,218,10,1249,,75875.09329534958,182360909.7404776,0.0,0.0,128,0.0
10-218-01244,BIHAR,Siwan,Raghunathpur,0,0,,222,10,1244,,87824.68008836384,193566358.3438411,0.00028002913261413576,0.0002800291326141358,143,0.04004416596382142
10-219-01250,BIHAR,Saran,Taraiya,0,0,,218,10,1250,,53629.0613522338,97307015.09151264,0.0,0.0,74,0.0
10-218-01245,BIHAR,Siwan,Hasanpura,0,0,,222,10,1245,,82786.09108287447,121956119.03175904,0.00028002913261413576,0.000241203259816663,87,0.020984683604049682
10-219-01251,BIHAR,Saran,Ishupur,0,0,,218,10,1251,,62425.60798229613,109300191.56908256,0.0,0.0,76,0.0
10-218-01246,BIHAR,Siwan,Daraundha,0,0,,222,10,1246,,105400.53795370483,157911066.26165873,0.00022132511869430544,0.00019245662495156993,115,0.022132511869430542
10-219-01256,BIHAR,Saran,Jalalpur,0,0,,218,10,1256,,65042.73641147566,147549697.72689733,0.00035605972333192825,0.000138333255175712,106,0.014663325048625471
10-218-01247,BIHAR,Siwan,Siswan,0,0,,222,10,1247,,98184.39847010886,155554872.77293277,0.00028002913261413576,0.0002387776633731739,111,0.026504320634422304
10-219-01259,BIHAR,Saran,Nagra,0,0,,218,10,1259,,43289.948409307304,65110006.46242106,0.00035605972333192825,0.00015151477588592688,47,0.007121194466638564
10-219-01252,BIHAR,Saran,Baniapur,0,0,,218,10,1252,,89199.8841803021,219417775.87250236,0.00022132511869430544,5.431291256301974e-06,163,0.0008853004747772218
10-219-01253,BIHAR,Saran,Lahladpur,0,0,,218,10,1253,,49287.19248841685,70233795.44130237,0.00022132511869430544,0.00011951556409492494,50,0.005975778204746247
10-219-01254,BIHAR,Saran,Ekma,0,0,,218,10,1254,,99716.17236158185,176114988.01319405,0.00022132511869430544,0.00022132511869430541,128,0.028329615192871093
10-219-01255,BIHAR,Saran,Manjhi,0,0,,218,10,1255,,127085.43562979231,244607530.98349065,0.0003343456012916565,0.0002452111975009706,180,0.044138015550174714
10-219-01257,BIHAR,Saran,Revelganj,0,0,,218,10,1257,,84877.1419542779,179359801.45379385,0.00035605972333192825,0.0003543225935687066,125,0.044290324196088325
10-219-01258,BIHAR,Saran,Chapra,0,0,,218,10,1258,,119729.94798472138,239470568.44351175,0.00035605972333192825,0.0003338059906236828,176,0.05874985434976817
10-219-01260,BIHAR,Saran,Marhaura,0,0,,218,10,1260,,87240.95030017926,190752130.05196184,0.00035605972333192825,1.0395904330859218e-05,137,0.001424238893327713
10-219-01261,BIHAR,Saran,Amnour,0,0,,218,10,1261,,94922.90618840617,160109081.4065653,0.00035605972333192825,6.034910564947937e-06,118,0.0007121194466638565
10-219-01263,BIHAR,Saran,Parsa,0,0,,218,10,1263,,85595.91054800974,122749042.93573296,0.0,0.0,88,0.0
10-219-01266,BIHAR,Saran,Dighwara,0,0,,218,10,1266,,81943.45164265168,101347015.6655549,0.0,0.0,72,0.0
10-219-01264,BIHAR,Saran,Dariapur,0,0,,218,10,1264,,115477.27251924115,281302380.67878103,0.0,0.0,202,0.0
10-219-01265,BIHAR,Saran,Garkha,0,0,,218,10,1265,,90147.74693968748,213336409.9887166,0.00035605972333192825,0.00018265401391702815,154,0.028128718143222334
10-220-01269,BIHAR,Vaishali,Paterhi Belsar,0,0,,224,10,1269,,56227.36197278124,93522597.26160131,0.0,0.0,69,0.0
10-219-01267,BIHAR,Saran,Sonepur,0,0,,218,10,1267,,70412.64000247594,214865144.18564072,0.0,0.0,162,0.0
10-220-01268,BIHAR,Vaishali,Vaishali,0,0,,224,10,1268,,72706.90824879723,158663399.21103516,0.0,0.0,114,0.0
10-220-01270,BIHAR,Vaishali,Lalganj,0,0,,224,10,1270,,89595.71916906572,184177988.41986412,0.0,0.0,133,0.0
10-221-01294,BIHAR,Samastipur,Mohiuddinagar,0,0,,217,10,1294,,80607.53716768604,178536106.2701614,0.0,0.0,130,0.0
10-220-01271,BIHAR,Vaishali,Bhagwanpur,0,0,,224,10,1271,,98965.72708266653,142473218.81446454,0.0,0.0,102,0.0
10-220-01272,BIHAR,Vaishali,Goraul,0,0,,224,10,1272,,101989.77906286377,122446101.92943335,0.0,0.0,87,0.0
10-220-01273,BIHAR,Vaishali,Chehra Kalan,0,0,,224,10,1273,,63204.34388206024,89818122.94593617,0.0,0.0,66,0.0
10-220-01277,BIHAR,Vaishali,Raja Pakar,0,0,,224,10,1277,,58946.08844196175,93673217.82917874,0.0,0.0,72,0.0
10-220-01274,BIHAR,Vaishali,Patepur,0,0,,224,10,1274,,118180.33822078991,317029999.71255994,0.0,0.0,234,0.0
10-220-01275,BIHAR,Vaishali,Mahua,0,0,,224,10,1275,,86273.82517515696,171155586.12447235,0.0,0.0,125,0.0
10-220-01276,BIHAR,Vaishali,Jandaha,0,0,,224,10,1276,,99044.76663725945,179891527.10359335,0.0,0.0,128,0.0
10-220-01278,BIHAR,Vaishali,Hajipur,0,0,,224,10,1278,,80048.24731377292,194916759.16986817,0.0,0.0,140,0.0
10-220-01280,BIHAR,Vaishali,Bidupur,0,0,,224,10,1280,,88122.3198685409,139375575.9420912,0.0,0.0,99,0.0
10-220-01279,BIHAR,Vaishali,Raghopur,0,0,,224,10,1279,,128641.49950069311,338499790.0832371,0.0,0.0,246,0.0
10-220-01281,BIHAR,Vaishali,Desri,0,0,,224,10,1281,,50183.809114488824,56627949.53624974,0.0,0.0,43,0.0
10-221-01284,BIHAR,Samastipur,Kalyanpur,0,0,,217,10,1284,,147387.26660455638,294821482.9966942,0.0,0.0,214,0.0
10-221-01286,BIHAR,Samastipur,Shivaji Nagar,0,0,,217,10,1286,,96209.25031894707,172333979.18990555,0.0,0.0,130,0.0
10-221-01288,BIHAR,Samastipur,Samastipur,0,0,,217,10,1288,,112474.97484539819,170577777.20953664,0.0,0.0,123,0.0
10-221-01289,BIHAR,Samastipur,Pusa,0,0,,217,10,1289,,64081.7615729533,95008289.7510354,0.0,0.0,65,0.0
10-221-01291,BIHAR,Samastipur,Morwa,0,0,,217,10,1291,,104551.97847793197,152111293.7773472,0.0,0.0,106,0.0
10-221-01292,BIHAR,Samastipur,Patori,0,0,,217,10,1292,,69422.25062895294,130638318.44440164,0.0,0.0,93,0.0
10-221-01295,BIHAR,Samastipur,Sarairanjan,0,0,,217,10,1295,,96463.23467310029,185572344.2706523,0.0,0.0,145,0.0
10-221-01296,BIHAR,Samastipur,Vidyapati Nagar,0,0,,217,10,1296,,62930.2690484309,106322816.42401849,0.0,0.0,75,0.0
10-221-01297,BIHAR,Samastipur,Dalsinghsarai,0,0,,217,10,1297,,80515.23552986495,118201268.21451648,0.0,0.0,89,0.0
10-221-01298,BIHAR,Samastipur,Ujiarpur,0,0,,217,10,1298,,81756.09445970641,209497824.1015558,0.0,0.0,149,0.0
10-221-01300,BIHAR,Samastipur,Rosera,0,0,,217,10,1300,,84599.34785899956,138535375.895554,0.0,0.0,97,0.0
10-221-01299,BIHAR,Samastipur,Bibhutpur,0,0,,217,10,1299,,96600.53522783429,258332531.194082,0.0,0.0,187,0.0
10-221-01301,BIHAR,Samastipur,Singhia,0,0,,217,10,1301,,76055.88015393679,178639507.67998633,0.0,0.0,128,0.0
10-222-01307,BIHAR,Begusarai,Cheria Bariarpur,0,0,,191,10,1307,,80422.0696045629,127840547.1243011,0.0,0.0,89,0.0
10-221-01302,BIHAR,Samastipur,Hasanpur,0,0,,217,10,1302,,122795.93417076243,188091095.39019313,0.0,0.0,138,0.0
10-221-01303,BIHAR,Samastipur,Bithan,0,0,,217,10,1303,,72838.55780104545,149849875.79630712,0.0,0.0,109,0.0
10-222-01304,BIHAR,Begusarai,Khudabandpur,0,0,,191,10,1304,,49522.71992212785,59617610.47663844,0.0,0.0,39,0.0
10-222-01305,BIHAR,Begusarai,Chhorahi,0,0,,191,10,1305,,96201.09768359947,128309829.49376953,0.0,0.0,94,0.0
10-222-01306,BIHAR,Begusarai,Garhpura,0,0,,191,10,1306,,69581.28073662621,88651595.91159394,0.0,0.0,68,0.0
10-222-01308,BIHAR,Begusarai,Bhagwanpur,0,0,,191,10,1308,,102620.52088176137,147276258.21886113,0.0,0.0,106,0.0
10-223-01324,BIHAR,Khagaria,Mansi,0,0,,202,10,1324,,70720.37786012898,86151878.56106131,0.0,0.0,69,0.0
10-222-01309,BIHAR,Begusarai,Mansurchak,0,0,,191,10,1309,,55538.61039021854,42158333.283958256,0.0,0.0,31,0.0
10-224-01333,BIHAR,Bhagalpur,Rangra Chowk,0,0,,192,10,1333,,56200.86409227388,97946271.45940188,0.0,0.0,71,0.0
10-222-01310,BIHAR,Begusarai,Bachhwara,0,0,,191,10,1310,,112893.55520851951,186501763.14040864,0.0,0.0,138,0.0
10-222-01311,BIHAR,Begusarai,Teghra,0,0,,191,10,1311,,93442.93751421869,180050069.66821858,0.0,0.0,129,0.0
10-222-01312,BIHAR,Begusarai,Barauni,0,0,,191,10,1312,,90573.71511882372,141812926.41245717,0.0,0.0,102,0.0
10-222-01313,BIHAR,Begusarai,Birpur,0,0,,191,10,1313,,69057.86510087451,64693086.30641256,0.0,0.0,53,0.0
10-222-01314,BIHAR,Begusarai,Begusarai,0,0,,191,10,1314,,114572.02827886646,273941103.5239774,0.0,0.0,200,0.0
10-222-01315,BIHAR,Begusarai,Naokothi,0,0,,191,10,1315,,61794.845266753924,91575422.87048158,0.0,0.0,64,0.0
10-222-01316,BIHAR,Begusarai,Bakhri,0,0,,191,10,1316,,74902.13049058078,94921186.04856166,0.0,0.0,66,0.0
10-222-01317,BIHAR,Begusarai,Dandari,0,0,,191,10,1317,,77075.31892237118,85364223.36403492,0.0,0.0,65,0.0
10-222-01318,BIHAR,Begusarai,Sahebpur Kamal,0,0,,191,10,1318,,97820.3506924087,179327758.1582562,0.0,0.0,131,0.0
10-222-01319,BIHAR,Begusarai,Balia,0,0,,191,10,1319,,95726.56851828664,181873531.04775092,0.0,0.0,133,0.0
10-222-01320,BIHAR,Begusarai,Matihani,0,0,,191,10,1320,,104199.58891726227,214311339.790948,0.0,0.0,157,0.0
10-222-01321,BIHAR,Begusarai,Shamho Akha Kurha,0,0,,191,10,1321,,47884.70174269599,82130306.58899558,0.0,0.0,58,0.0
10-223-01322,BIHAR,Khagaria,Alauli,0,0,,202,10,1322,,117176.16085281859,337532903.06560946,0.0,0.0,244,0.0
10-223-01323,BIHAR,Khagaria,Khagaria,0,0,,202,10,1323,,164255.4907534744,325761754.1557925,0.0,0.0,229,0.0
10-223-01325,BIHAR,Khagaria,Chautham,0,0,,202,10,1325,,88833.5659059585,205164632.7891582,0.0,0.0,148,0.0
10-228-01376,BIHAR,Sheikhpura,Chewara,0,0,,219,10,1376,,77279.14911837938,141385828.1075451,0.0010268601088428498,0.0007777620836117199,103,0.08010949461200714
10-223-01326,BIHAR,Khagaria,Beldaur,0,0,,202,10,1326,,101449.44415348554,276820454.1841197,0.0,0.0,203,0.0
10-223-01327,BIHAR,Khagaria,Gogri,0,0,,202,10,1327,,109725.85953588395,321971045.3784509,0.0,0.0,231,0.0
10-223-01328,BIHAR,Khagaria,Parbatta,0,0,,202,10,1328,,89952.53209418767,286770838.53234714,0.0,0.0,215,0.0
10-224-01329,BIHAR,Bhagalpur,Narayanpur,0,0,,192,10,1329,,96964.50839109154,173637043.38008544,0.0,0.0,125,0.0
10-224-01330,BIHAR,Bhagalpur,Bihpur,0,0,,192,10,1330,,98960.16392998041,189427956.2070791,0.0,0.0,141,0.0
10-234-01472,BIHAR,Rohtas,Akorhi Gola,0,0,,215,10,1472,,71741.57946050014,124356844.03544964,0.0004050349842071533,0.0004050349842071533,94,0.03807328851547241
10-224-01331,BIHAR,Bhagalpur,Kharik,0,0,,192,10,1331,,103106.05203500649,169292223.68779984,0.0,0.0,125,0.0
10-224-01332,BIHAR,Bhagalpur,Naugachhia,0,0,,192,10,1332,,91833.23423872421,134223697.96961665,0.0,0.0,95,0.0
10-224-01335,BIHAR,Bhagalpur,Pirpainti,0,0,,192,10,1335,,138631.2255747686,411429376.6216011,0.0,0.0,294,0.0
10-224-01336,BIHAR,Bhagalpur,Kahalgaon,0,0,,192,10,1336,,128722.99744742387,352186242.20537144,0.0,0.0,255,0.0
10-224-01337,BIHAR,Bhagalpur,Ismailpur,0,0,,192,10,1337,,66332.03197363381,102752037.41138108,0.0,0.0,75,0.0
10-224-01338,BIHAR,Bhagalpur,Sabour,0,0,,192,10,1338,,85492.0541239663,141198925.34276122,0.0,0.0,102,0.0
10-226-01359,BIHAR,Munger,Dharhara,0,0,,207,10,1359,,105188.90103685112,355220468.750446,0.0,0.0,262,0.0
10-224-01339,BIHAR,Bhagalpur,Nathnagar,0,0,,192,10,1339,,105259.93673308079,163498377.60317266,0.0,0.0,117,0.0
10-226-01360,BIHAR,Munger,Kharagpur,0,0,,207,10,1360,,169586.30903503796,398589433.5102216,0.0,0.0,291,0.0
10-224-01340,BIHAR,Bhagalpur,Sultanganj,0,0,,192,10,1340,,139861.1879796442,266407467.3450057,0.0,0.0,198,0.0
10-224-01341,BIHAR,Bhagalpur,Shahkund,0,0,,192,10,1341,,93276.90256650816,208798734.37786233,0.0,0.0,153,0.0
10-224-01342,BIHAR,Bhagalpur,Goradih,0,0,,192,10,1342,,106918.08891287447,178026414.43832883,0.0,0.0,128,0.0
10-224-01343,BIHAR,Bhagalpur,Jagdishpur,0,0,,192,10,1343,,107045.71303668506,127447147.46016994,0.0,0.0,95,0.0
10-224-01344,BIHAR,Bhagalpur,Sonhaula,0,0,,192,10,1344,,84463.86530366821,214425428.57327408,0.0,0.0,160,0.0
10-225-01345,BIHAR,Banka,Shambhuganj,0,0,,190,10,1345,,85765.27415008907,217970788.89652416,0.0,0.0,157,0.0
10-225-01346,BIHAR,Banka,Amarpur,0,0,,190,10,1346,,98000.87839154692,234663534.19316816,0.0,0.0,176,0.0
10-225-01347,BIHAR,Banka,Rajaun,0,0,,190,10,1347,,86718.04358754268,242814641.5593075,0.0,0.0,179,0.0
10-226-01363,BIHAR,Munger,Tetiha Bambor,0,0,,207,10,1363,,73286.15332623897,95190725.80042528,0.0,0.0,70,0.0
10-225-01348,BIHAR,Banka,Dhuraiya,0,0,,190,10,1348,,106681.6377356153,285703540.38620996,0.0,0.0,208,0.0
10-225-01349,BIHAR,Banka,Barahat,0,0,,190,10,1349,,122910.23058217819,181202001.14064544,0.0,0.0,129,0.0
10-225-01350,BIHAR,Banka,Banka,0,0,,190,10,1350,,137083.07375503817,365153241.48788345,0.0,0.0,275,0.0
10-225-01351,BIHAR,Banka,Phulidumar,0,0,,190,10,1351,,117105.67306472127,248400685.45023423,0.0,0.0,176,0.0
10-225-01352,BIHAR,Banka,Belhar,0,0,,190,10,1352,,118426.40149548957,290570448.277483,0.00047062413562774655,4.8381920485095437e-05,214,0.010353730983810424
10-225-01353,BIHAR,Banka,Chanan,0,0,,190,10,1353,,169565.08902723462,550876204.0147796,0.00047062413562774655,0.0002467175751058399,403,0.09942718276765347
10-225-01354,BIHAR,Banka,Katoria,0,0,,190,10,1354,,180268.89530762268,687665367.2781417,0.0004453856008529663,3.8150559435612654e-05,502,0.01915158083667755
10-225-01355,BIHAR,Banka,Bausi,0,0,,190,10,1355,,109314.78149810205,385846183.7170387,0.0,0.0,284,0.0
10-226-01356,BIHAR,Munger,Munger,0,0,,207,10,1356,,162390.1628928388,306519605.49277806,0.0,0.0,227,0.0
10-226-01357,BIHAR,Munger,Bariarpur,0,0,,207,10,1357,,122433.4478606843,198040113.63802013,0.0,0.0,143,0.0
10-226-01358,BIHAR,Munger,Jamalpur,0,0,,207,10,1358,,72817.19566814511,112971204.64248075,0.0,0.0,79,0.0
10-226-01361,BIHAR,Munger,Asarganj,0,0,,207,10,1361,,61173.52838786665,72491453.98190036,0.0,0.0,52,0.0
10-226-01362,BIHAR,Munger,Tarapur,0,0,,207,10,1362,,54416.57713098438,86962445.68425661,0.0,0.0,62,0.0
10-226-01364,BIHAR,Munger,Sangrampur,0,0,,207,10,1364,,71205.18318302365,105786037.21986651,0.0,0.0,80,0.0
10-227-01366,BIHAR,Lakhisarai,Pipariya,0,0,,204,10,1366,,87968.2901826016,106258171.87143916,0.0,0.0,76,0.0
10-227-01365,BIHAR,Lakhisarai,Barahiya,0,0,,204,10,1365,,95965.48426593257,248505135.43154767,0.0,0.0,179,0.0
10-227-01367,BIHAR,Lakhisarai,Surajgarha,0,0,,204,10,1367,,140312.1609931406,462726462.37366486,0.0006235033853864671,8.252250688938534e-05,340,0.028057652342391017
10-227-01368,BIHAR,Lakhisarai,Lakhisarai,0,0,,204,10,1368,,117670.76745524361,181316338.94823277,0.0007623539583396913,7.711581727741357e-05,133,0.010256403697896006
10-227-01369,BIHAR,Lakhisarai,Chanan*,0,0,,204,10,1369,,86014.87070350182,177670731.10250506,0.0006235033853864671,0.0005065965006265044,128,0.06484435208019257
10-228-01375,BIHAR,Sheikhpura,Ghat Kusumbha,0,0,,219,10,1375,,80592.24583619394,99088070.68237934,0.0,0.0,70,0.0
10-227-01370,BIHAR,Lakhisarai,Ramgarh Chowk,0,0,,204,10,1370,,98990.57354622113,128567389.13844268,0.0007623539583396913,0.0006893344475858264,94,0.06479743807306768
10-227-01371,BIHAR,Lakhisarai,Halsi,0,0,,204,10,1371,,82594.8188222393,191441208.6304817,0.0007623539583396913,0.0007563604084280413,139,0.10513409677149774
10-228-01372,BIHAR,Sheikhpura,Barbigha,0,0,,219,10,1372,,83879.7675047183,115941853.486741,0.0,0.0,81,0.0
10-228-01373,BIHAR,Sheikhpura,Shekhopur Sarai,0,0,,219,10,1373,,59774.96229914819,65955650.61796794,0.0010268601088428498,0.00039685386217297447,45,0.01785842379778385
10-228-01374,BIHAR,Sheikhpura,Sheikhpura,0,0,,219,10,1374,,119718.3677454689,225551054.81458032,0.0010268601088428498,0.00021964796325588226,170,0.037340153753499986
10-228-01377,BIHAR,Sheikhpura,Ariari,0,0,,219,10,1377,,87552.5859976097,183445963.63454768,0.0010268601088428498,0.0010229987051858691,137,0.14015082261046408
10-229-01378,BIHAR,Nalanda,Karai Parsurai,0,0,,209,10,1378,,58523.47447411047,82148146.79064696,0.0004929063349747658,0.0002218078507386446,60,0.013308471044318676
10-229-01379,BIHAR,Nalanda,Nagar Nausa,0,0,,209,10,1379,,82570.35159490984,108015836.82811198,0.0007347920641326904,0.00024622479557091,80,0.0196979836456728
10-229-01380,BIHAR,Nalanda,Harnaut,0,0,,209,10,1380,,124869.90123154312,224385440.0517296,0.0007347920641326904,0.0002555798483939793,161,0.041148355591430666
10-229-01381,BIHAR,Nalanda,Chandi,0,0,,209,10,1381,,70527.81459673235,147156102.481168,0.0007347920641326904,0.0006741211597547619,109,0.07347920641326905
10-229-01382,BIHAR,Nalanda,Rahui,0,0,,209,10,1382,,77076.6108369453,152249665.90613127,0.0007347920641326904,0.000707577543238887,108,0.0764183746697998
10-229-01383,BIHAR,Nalanda,Bind,0,0,,209,10,1383,,70364.80140905235,88091657.81671415,0.0,0.0,66,0.0
10-229-01384,BIHAR,Nalanda,Sarmera,0,0,,209,10,1384,,91044.34634338948,167201876.42476654,0.0,0.0,123,0.0
10-229-01385,BIHAR,Nalanda,Asthawan,0,0,,209,10,1385,,92263.18064708126,171325630.7179731,0.0010268601088428498,0.00014221137287345886,125,0.017776421609182358
10-229-01387,BIHAR,Nalanda,Noorsarai,0,0,,209,10,1387,,78528.62700534344,151514769.88009417,0.0007347920641326904,0.0007347920641326903,114,0.0837662953111267
10-229-01386,BIHAR,Nalanda,Bihar,0,0,,209,10,1386,,98561.8371020671,215840179.0991975,0.0007347920641326904,0.00070557490255405,160,0.112891984408648
10-229-01390,BIHAR,Nalanda,Hilsa,0,0,,209,10,1390,,93433.88804652911,175765721.10991755,0.0004929063349747658,0.0004929063349747658,131,0.06457072988169432
10-229-01391,BIHAR,Nalanda,Ekangarsarai,0,0,,209,10,1391,,87121.32234693572,166605847.460251,0.0004929063349747658,0.0004929063349747659,122,0.060134572866921435
10-229-01392,BIHAR,Nalanda,Islampur,0,0,,209,10,1392,,109868.69145522316,273834151.4326934,0.0006377794410324097,0.0005787847225862557,194,0.11228423618173361
10-229-01393,BIHAR,Nalanda,Ben,0,0,,209,10,1393,,66947.54721379357,127526149.56798536,0.0007347920641326904,0.0006316943948912622,94,0.05937927311977864
10-230-01398,BIHAR,Patna,Maner,0,0,,212,10,1398,,96133.56350709034,213315300.3597084,0.00035605972333192825,0.00011394003306243325,154,0.01754676509161472
10-229-01394,BIHAR,Nalanda,Rajgir,0,0,,209,10,1394,,88740.45664753366,198129288.77271983,0.000714331028149128,0.0006820439641951379,147,0.10026046273668528
10-229-01395,BIHAR,Nalanda,Silao,0,0,,209,10,1395,,79220.42929786978,154752836.13944647,0.0007347920641326904,0.0007179206835848408,114,0.08184295792867186
10-229-01396,BIHAR,Nalanda,Giriak,0,0,,209,10,1396,,88347.46773236175,99576022.5731765,0.000714331028149128,0.0007143310281491281,73,0.052146165054886354
10-229-01397,BIHAR,Nalanda,Katrisarai,0,0,,209,10,1397,,38918.76300208476,48673462.28309288,0.0010268601088428498,0.0007924632983225584,36,0.028528678739612102
10-230-01399,BIHAR,Patna,Dinapur-Cum-Khagaul,0,0,,212,10,1399,,78598.21354533077,184765788.04152673,0.00032835320115327837,9.728983737874914e-05,135,0.013134128046131134
10-234-01474,BIHAR,Rohtas,Tilouthu,0,0,,215,10,1474,,73885.57639601533,193504401.97342023,0.0007101056414794922,0.0007083723696407249,140,0.09917213174970149
10-230-01400,BIHAR,Patna,Patna Rural,0,0,,212,10,1400,,87518.10425735511,179850223.48881748,0.00032835320115327837,5.764979867576643e-05,131,0.007552123626525402
10-230-01401,BIHAR,Patna,Sampatchak,0,0,,212,10,1401,,53219.7118618291,78902366.60372826,0.00032835320115327837,1.1521164952746609e-05,57,0.0006567064023065567
10-230-01406,BIHAR,Patna,Dulhin Bazar,0,0,,212,10,1406,,77792.54009458271,136539622.4680228,0.00042868184463500976,0.0003619352942532722,99,0.03583159413107395
10-230-01402,BIHAR,Patna,Phulwari,0,0,,212,10,1402,,70659.26045014715,135940825.49713776,0.00032835320115327837,0.0003146718177718918,96,0.030208494506101614
10-230-01413,BIHAR,Patna,Khusrupur,0,0,,212,10,1413,,46143.60198551767,78201544.387751,0.0,0.0,58,0.0
10-230-01403,BIHAR,Patna,Bihta,0,0,,212,10,1403,,116564.9809665079,244879174.98088208,0.00035605972333192825,0.0003104097834869008,182,0.05649458059461594
10-230-01415,BIHAR,Patna,Athmalgola,0,0,,212,10,1415,,47997.69261940102,62827293.65665197,0.0,0.0,47,0.0
10-230-01404,BIHAR,Patna,Naubatpur,0,0,,212,10,1404,,105087.74367689912,205320191.59612688,0.00032835320115327837,0.0003283532011532784,153,0.050238039776451596
10-230-01405,BIHAR,Patna,Bikram,0,0,,212,10,1405,,86626.03512108007,186422313.04867813,0.00032835320115327837,0.0003065758610724533,137,0.04200089296692611
10-234-01475,BIHAR,Rohtas,Rohtas,0,0,,215,10,1475,,88257.59288547112,389741138.17794544,0.0012373976345443727,0.0008457658968615531,288,0.24358057829612728
10-230-01407,BIHAR,Patna,Paliganj,0,0,,212,10,1407,,129476.3041410336,293354152.7667747,0.00042868184463500976,0.0004076936531246933,214,0.08724644176868437
10-230-01408,BIHAR,Patna,Masaurhi,0,0,,212,10,1408,,108866.13277400887,248716954.87290823,0.00042868184463500976,0.00039486320076476323,178,0.07028564973612786
10-230-01409,BIHAR,Patna,Dhanarua,0,0,,212,10,1409,,95102.40821522896,225577653.19725513,0.0004929063349747658,0.0003365541423347537,163,0.054858325200564856
10-230-01410,BIHAR,Patna,Punpun,0,0,,212,10,1410,,82554.93388622913,161116560.78819045,0.00032835320115327837,0.0002226123397649345,118,0.02626825609226227
10-230-01411,BIHAR,Patna,Fatwah,0,0,,212,10,1411,,97950.27190535897,155697451.47083917,0.0,0.0,115,0.0
10-230-01412,BIHAR,Patna,Daniawan,0,0,,212,10,1412,,69689.77872311571,79566220.36857046,0.0,0.0,56,0.0
10-230-01414,BIHAR,Patna,Bakhtiarpur,0,0,,212,10,1414,,120205.01587822943,168153072.20481881,0.0,0.0,120,0.0
10-230-01416,BIHAR,Patna,Belchhi,0,0,,212,10,1416,,88573.78025963024,87443681.0926542,0.0,0.0,70,0.0
10-230-01417,BIHAR,Patna,Barh,0,0,,212,10,1417,,95365.9771693495,147280816.515725,0.0,0.0,104,0.0
10-230-01419,BIHAR,Patna,Ghoswari,0,0,,212,10,1419,,66454.95033385535,164897376.1169027,0.0,0.0,126,0.0
10-230-01418,BIHAR,Patna,Pandarak,0,0,,212,10,1418,,106894.44852036482,252509471.6555304,0.0,0.0,180,0.0
10-232-01438,BIHAR,Buxar,Chaugain,0,0,,194,10,1438,,52625.33924401454,66025696.44875917,0.00033874838922500616,0.00033874838922500616,49,0.0165986710720253
10-232-01439,BIHAR,Buxar,Kesath,0,0,,194,10,1439,,34661.84662025829,38236018.49691825,0.00033874838922500616,0.0003387483892250061,29,0.009823703287525177
10-230-01420,BIHAR,Patna,Mokameh,0,0,,212,10,1420,,127700.39840194934,244519830.48183808,0.0,0.0,181,0.0
10-231-01421,BIHAR,Bhojpur,Shahpur,0,0,,193,10,1421,,110658.91431619873,211766871.4500774,0.0003343456012916565,0.0003224946626770191,156,0.050309167377614976
10-234-01460,BIHAR,Rohtas,Suryapura,0,0,,215,10,1460,,56159.7630280001,69765063.31452103,0.0003832734700202942,0.0003832734700202943,47,0.01801385309095383
10-231-01422,BIHAR,Bhojpur,Arrah,0,0,,193,10,1422,,120924.06747051864,221925641.7145924,0.00035605972333192825,0.0003054373929926885,159,0.04856454548583747
10-231-01423,BIHAR,Bhojpur,Barhara,0,0,,193,10,1423,,128817.96875565937,258494738.36324885,0.00035605972333192825,0.0003492385331622094,191,0.06670455983398199
10-231-01424,BIHAR,Bhojpur,Koilwar,0,0,,193,10,1424,,94779.33453556667,208456312.66749656,0.00035605972333192825,0.00031039803538124034,149,0.04624930727180481
10-231-01425,BIHAR,Bhojpur,Sandesh,0,0,,193,10,1425,,60697.76797134289,164599530.19806212,0.0004054866291713715,0.0003143194591882674,118,0.03708969618421555
10-231-01426,BIHAR,Bhojpur,Udwant Nagar,0,0,,193,10,1426,,92445.60417460876,217797556.82002312,0.00029790936859130864,0.00029746214262950496,161,0.0478914049633503
10-234-01461,BIHAR,Rohtas,Bikramganj,0,0,,215,10,1461,,88556.32896667719,168723569.68103397,0.0003832734700202942,0.0003832734700202942,129,0.04944227763261796
10-231-01427,BIHAR,Bhojpur,Behea,0,0,,193,10,1427,,114516.77527652554,206091349.70539597,0.00033874838922500616,0.00030994808617509207,150,0.04649221292626381
10-231-01428,BIHAR,Bhojpur,Jagdishpur,0,0,,193,10,1428,,109726.00219208181,318463526.4488765,0.00033874838922500616,0.0003013616729033203,228,0.06871046142195703
10-231-01429,BIHAR,Bhojpur,Piro,0,0,,193,10,1429,,100703.96274410955,268205354.86689487,0.0003832734700202942,0.00036272976265976434,200,0.07254595253195287
10-234-01462,BIHAR,Rohtas,Karakat,0,0,,215,10,1462,,102232.22868007293,251121712.10833624,0.0004050349842071533,0.0003871092300234057,176,0.0681312244841194
10-231-01430,BIHAR,Bhojpur,Charpokhari,0,0,,193,10,1430,,88834.1327790213,135855258.49695313,0.0003744286262369156,0.0003516567978699835,95,0.03340739579764843
10-231-01431,BIHAR,Bhojpur,Garhani,0,0,,193,10,1431,,93054.52180151101,137128723.85739592,0.0003744286262369156,0.0003061684125641944,103,0.03153534649411202
10-231-01432,BIHAR,Bhojpur,Agiaon,0,0,,193,10,1432,,87534.07309197474,191419206.17039648,0.0004054866291713715,0.0003695828941281065,139,0.0513720222838068
10-231-01433,BIHAR,Bhojpur,Tarari,0,0,,193,10,1433,,95157.98131215997,247108515.4982669,0.0003832734700202942,0.00037537807274473596,177,0.06644191887581827
10-231-01434,BIHAR,Bhojpur,Sahar,0,0,,193,10,1434,,61748.81499939302,157154129.14318892,0.0004054866291713715,0.000379472233551058,117,0.044398251325473786
10-232-01435,BIHAR,Buxar,Simri,0,0,,194,10,1435,,87047.69219699135,222195796.247413,0.0005116036826515197,0.0003653768596266537,164,0.05992180497877121
10-232-01436,BIHAR,Buxar,Chakki,0,0,,194,10,1436,,73799.54032015939,80420668.23199363,0.00033874838922500616,0.00029692518059045076,64,0.01900321155778885
10-232-01437,BIHAR,Buxar,Barhampur,0,0,,194,10,1437,,133928.15369382405,240152233.65370417,0.00033874838922500616,0.0003298407681075411,173,0.05706245288260461
10-232-01440,BIHAR,Buxar,Dumraon,0,0,,194,10,1440,,115797.88145848007,238641355.07175583,0.0004159225636672974,0.0003620376371336266,169,0.061184360675582895
10-232-01441,BIHAR,Buxar,Buxar,0,0,,194,10,1441,,90996.21871903203,211591033.38394436,0.0005116036826515197,0.00041775086530393857,157,0.06558688585271835
10-232-01442,BIHAR,Buxar,Chausa,0,0,,194,10,1442,,99103.08457070828,138502720.57991108,0.0006730987645721436,0.0004892229192295253,107,0.052346852357559204
10-232-01443,BIHAR,Buxar,Rajpur,0,0,,194,10,1443,,121142.9666413415,336933113.12217736,0.0006730987645721436,0.0005747927712506665,245,0.14082422895641328
10-232-01444,BIHAR,Buxar,Itarhi,0,0,,194,10,1444,,109439.3274763228,293713382.2816445,0.0006151203110218049,0.0004178287622065749,209,0.08732621130117416
10-232-01445,BIHAR,Buxar,Nawanagar,0,0,,194,10,1445,,126567.10382889764,229774401.79100823,0.0006151203110218049,0.00035774440878326376,169,0.06045880508437158
10-233-01446,BIHAR,Kaimur (Bhabua),Ramgarh,0,0,,200,10,1446,,124781.0721120257,206666195.02442607,0.0006730987645721436,0.0006609779614659493,151,0.09980767218135835
10-233-01447,BIHAR,Kaimur (Bhabua),Nuaon,0,0,,200,10,1447,,121732.74643995032,235834986.4758632,0.0006730987645721436,0.0006559295316422892,171,0.11216394991083145
10-233-01448,BIHAR,Kaimur (Bhabua),Kudra,0,0,,200,10,1448,,132624.50147962422,255577893.54332253,0.0009181162874221803,0.000816997944658673,189,0.1544126115404892
10-233-01449,BIHAR,Kaimur (Bhabua),Mohania,0,0,,200,10,1449,,142323.6809133636,349176573.6513165,0.0009181162874221803,0.0006679968226990104,256,0.17100718661094666
10-233-01450,BIHAR,Kaimur (Bhabua),Durgawati,0,0,,200,10,1450,,108544.41183902678,212580801.4059764,0.000634157460975647,0.0006341574609756471,154,0.09766024899024965
10-233-01451,BIHAR,Kaimur (Bhabua),Chand,0,0,,200,10,1451,,97099.60209928264,257974481.1925409,0.0009198989868164062,0.0007896599637085326,188,0.14845607317720413
10-233-01452,BIHAR,Kaimur (Bhabua),Chainpur,0,0,,200,10,1452,,170712.34536647963,555311526.8488017,0.001283122613773346,0.0009741042834473125,407,0.3964604433630562
10-233-01453,BIHAR,Kaimur (Bhabua),Bhabua,0,0,,200,10,1453,,143727.89821118704,407618990.38615096,0.0009181162874221803,0.0008680592863347761,301,0.2612858451867676
10-233-01454,BIHAR,Kaimur (Bhabua),Rampur,0,0,,200,10,1454,,126612.15498309073,210660395.23746365,0.0012373976345443727,0.001020972023407853,149,0.1521248314877701
10-233-01455,BIHAR,Kaimur (Bhabua),Bhagwanpur,0,0,,200,10,1455,,134815.05705103654,292151198.96788174,0.001283122613773346,0.000920183061173968,211,0.19415862590770724
10-233-01456,BIHAR,Kaimur (Bhabua),Adhaura,0,0,,200,10,1456,,271357.2345421078,1135984955.9859164,0.001283122613773346,0.0012120518265922701,833,1.009639171551361
10-234-01457,BIHAR,Rohtas,Kochas,0,0,,215,10,1457,,90248.48407846906,187033418.62218276,0.0006730987645721436,0.000633128770079107,132,0.08357299765044213
10-234-01458,BIHAR,Rohtas,Dinara,0,0,,215,10,1458,,157118.7651045217,464648316.8452498,0.0006151203110218049,0.0005607280902589872,341,0.19120827877831462
10-234-01459,BIHAR,Rohtas,Dawath,0,0,,215,10,1459,,78120.6651060775,129910427.66035384,0.0003832734700202942,0.0003832734700202943,94,0.03602770618190766
10-234-01466,BIHAR,Rohtas,Nokha,0,0,,215,10,1466,,82152.91978314315,208772248.59610957,0.0006246476634502411,0.0005745856134076377,148,0.08503867078433038
10-235-01476,BIHAR,Aurangabad,Daudnagar,0,0,,189,10,1476,,91010.07504965532,238139281.75712803,0.0004050349842071533,0.0003984644646173236,174,0.0693328168434143
10-234-01467,BIHAR,Rohtas,Kargahar,0,0,,215,10,1467,,128509.87472624176,406135690.59563094,0.0009181162874221803,0.0006741139230417882,296,0.19953772122036934
10-234-01468,BIHAR,Rohtas,Chenari,0,0,,215,10,1468,,121720.69626398994,292642418.8385522,0.0012373976345443727,0.001074164446356973,215,0.2309453559667492
10-234-01469,BIHAR,Rohtas,Nauhatta,0,0,,215,10,1469,,175494.75594492842,478591449.404211,0.0012373976345443727,0.0011520687200123846,354,0.40783232688438414
10-234-01470,BIHAR,Rohtas,Sheosagar,0,0,,215,10,1470,,135463.8765525897,406503956.12222886,0.0012373976345443727,0.0007579644081823058,295,0.22359950041378024
10-234-01471,BIHAR,Rohtas,Sasaram,0,0,,215,10,1471,,135810.11950728856,394273130.8742507,0.0007101056414794922,0.0006393027766040606,290,0.18539780521517757
10-234-01473,BIHAR,Rohtas,Dehri,0,0,,215,10,1473,,97323.52013589225,199371136.99043605,0.0007101056414794922,0.0004822628378151203,145,0.06992811148319245
10-235-01477,BIHAR,Aurangabad,Haspura,0,0,,189,10,1477,,88845.10694940752,164519986.5205008,0.00040422157015621664,0.0003976243460765259,121,0.048112545875259635
10-235-01478,BIHAR,Aurangabad,Goh,0,0,,189,10,1478,,122286.20877621078,374665187.3660463,0.00040422157015621664,0.0004023472475957608,272,0.10943845134604693
10-236-01491,BIHAR,Gaya,Neem Chak Bathani,0,0,,196,10,1491,,79540.44278654993,146770773.7769567,0.0006377794410324097,0.0006377794410324098,103,0.0656912824263382
10-235-01479,BIHAR,Aurangabad,Rafiganj,0,0,,189,10,1479,,167069.30684925965,465687847.79432577,0.0005784044943237305,0.0005194798558125433,341,0.17714263083207726
10-235-01480,BIHAR,Aurangabad,Obra,0,0,,189,10,1480,,130720.05569071589,327203821.09876627,0.0006861916076898576,0.00042425452313439246,237,0.10054832198285102
10-236-01494,BIHAR,Gaya,Manpur,0,0,,196,10,1494,,77081.78707553667,161226183.41058797,0.0005969585023593903,0.0004186615483976448,115,0.04814607806572915
10-235-01481,BIHAR,Aurangabad,Aurangabad,0,0,,189,10,1481,,125502.68609205673,344679798.38062614,0.0006861916076898576,0.0006028250121957437,256,0.1543232031221104
10-237-01511,BIHAR,Nawada,Nardiganj,0,0,,210,10,1511,,60262.24041371029,129808165.4472442,0.000714331028149128,0.000714331028149128,95,0.06786144767416716
10-235-01482,BIHAR,Aurangabad,Barun,0,0,,189,10,1482,,117269.30390529483,381782699.30215496,0.0006861916076898576,0.0005958198358561312,280,0.16682955403971675
10-235-01483,BIHAR,Aurangabad,Nabinagar,0,0,,189,10,1483,,173491.30877801325,657546828.2218357,0.0010271399324417113,0.0007696945934073527,483,0.37176248861575134
10-235-01484,BIHAR,Aurangabad,Kutumba,0,0,,189,10,1484,,110495.73757590447,319048251.76106954,0.0008112404121398926,0.0007489890422390019,229,0.17151849067273145
10-235-01485,BIHAR,Aurangabad,Deo,0,0,,189,10,1485,,158578.88849021672,336990745.1586724,0.0008112404121398926,0.0006731918457030109,251,0.16897115327145576
10-235-01486,BIHAR,Aurangabad,Madanpur,0,0,,189,10,1486,,153529.37367368402,418713952.50229967,0.0006863855365943909,0.0006043146913449433,309,0.1867332396255875
10-236-01487,BIHAR,Gaya,Konch,0,0,,196,10,1487,,154041.56172387034,319288521.7326548,0.000524903152923584,0.00043959375820872086,232,0.10198575190442324
10-236-01488,BIHAR,Gaya,Tikari,0,0,,196,10,1488,,122221.36853604284,290576655.12704176,0.0005969585023593903,0.0004689734648840006,218,0.10223621534471214
10-236-01489,BIHAR,Gaya,Belaganj,0,0,,196,10,1489,,113473.13279109563,240372540.95814112,0.0005969585023593903,0.0005969585023593903,180,0.10745253042469025
10-236-01490,BIHAR,Gaya,Khizirsarai,0,0,,196,10,1490,,103698.13096672995,223124430.97950032,0.0006377794410324097,0.0006147384618175392,165,0.10143184619989395
10-236-01492,BIHAR,Gaya,Muhra,0,0,,196,10,1492,,93681.45756176667,181269438.2139707,0.0009411447619628908,0.0006887282487540813,134,0.0922895853330469
10-236-01493,BIHAR,Gaya,Atri,0,0,,196,10,1493,,103075.15367958385,161340647.62451813,0.0009411447619628908,0.0006886300159591587,119,0.08194697189913988
10-236-01495,BIHAR,Gaya,Gaya Town C.D.Block,0,0,,196,10,1495,,91678.58033080616,224144813.6021213,0.0005969585023593903,0.0004371859072508132,161,0.07038693106738092
10-236-01496,BIHAR,Gaya,Paraiya,0,0,,196,10,1496,,75593.31264449215,167300846.5298876,0.000524903152923584,0.00047535321459643055,120,0.05704238575157167
10-236-01497,BIHAR,Gaya,Guraru,0,0,,196,10,1497,,81292.54933661391,199646285.7542363,0.000524903152923584,0.000524903152923584,147,0.07716076347976686
10-237-01512,BIHAR,Nawada,Nawada,0,0,,210,10,1512,,86822.75137888109,219317998.1072041,0.0012115470295715333,0.000742833856256145,157,0.11662491543221476
10-236-01498,BIHAR,Gaya,Gurua,0,0,,196,10,1498,,117859.62964526065,238015237.1519128,0.0007050096198654175,0.0005492280615656638,173,0.09501645465085984
10-236-01499,BIHAR,Gaya,Amas,0,0,,196,10,1499,,100546.69423332924,128484051.44985774,0.0007050096198654175,0.0006749578588375292,95,0.06412099658956527
10-237-01517,BIHAR,Nawada,Roh,0,0,,210,10,1517,,77804.52626079548,192537548.9783989,0.0012115470295715333,0.0011515237186082701,144,0.1658194154795909
10-236-01500,BIHAR,Gaya,Banke Bazar,0,0,,196,10,1500,,85166.97220092022,256240042.68049288,0.0007050096198654175,0.0006999030163878778,186,0.13018196104814528
10-236-01501,BIHAR,Gaya,Imamganj,0,0,,196,10,1501,,136271.57775821586,316917295.57645696,0.0007873150203895569,0.0007101499425398855,239,0.16972583626703264
10-236-01502,BIHAR,Gaya,Dumaria,0,0,,196,10,1502,,119690.94596035974,390676703.928496,0.0008112404121398926,0.0007180668003888046,285,0.2046490381108093
10-236-01503,BIHAR,Gaya,Sherghati,0,0,,196,10,1503,,100322.2973073121,167902109.12194017,0.0009230095135498047,0.0006965157778426691,123,0.0856714406746483
10-238-01531,BIHAR,Jamui,Gidhaur,0,0,,198,10,1531,,55211.5633940527,100392309.18230554,0.0006235033853864671,0.0005259530393459957,75,0.039446477950949674
10-236-01504,BIHAR,Gaya,Dobhi,0,0,,196,10,1504,,103572.88994215836,218837778.49499393,0.0009230095135498047,0.0008837424519544804,161,0.14228253476467134
10-236-01505,BIHAR,Gaya,Bodh Gaya,0,0,,196,10,1505,,120948.91182130505,306843965.9119923,0.0009230095135498047,0.00045388447659028107,230,0.10439342961576464
10-236-01506,BIHAR,Gaya,Tan Kuppa,0,0,,196,10,1506,,108147.94853451202,190099968.23000297,0.0009411447619628908,0.0007443479048707236,134,0.09974261925267697
10-240-01542,BIHAR,Arwal,Arwal,0,0,,611,10,1542,,73924.8054791393,147787869.27798152,0.0004054866291713715,0.00039742349379415703,104,0.041332043354592334
10-236-01507,BIHAR,Gaya,Wazirganj,0,0,,196,10,1507,,105472.06999302967,323030583.61833626,0.0009411447619628908,0.0008939314567432565,236,0.21096782379140855
10-236-01508,BIHAR,Gaya,Fatehpur,0,0,,196,10,1508,,155359.44599717355,408449805.62920874,0.0009411447619628908,0.0008715856251659519,304,0.2649620300504494
10-240-01543,BIHAR,Arwal,Kaler,0,0,,611,10,1543,,67777.19153730445,176075758.749563,0.0003975134683609009,0.00037830546995239406,131,0.04955801656376362
10-236-01509,BIHAR,Gaya,Mohanpur,0,0,,196,10,1509,,119906.24818546322,418796109.2883684,0.0009230095135498047,0.0008368480465714137,303,0.2535649581111383
10-240-01544,BIHAR,Arwal,Karpi,0,0,,611,10,1544,,158139.92638461498,234985661.7206014,0.0004054866291713715,0.00040434925087373967,172,0.06954807115028322
10-236-01510,BIHAR,Gaya,Barachatti,0,0,,196,10,1510,,138753.78132836288,366328956.31361085,0.0009230095135498047,0.000914825973166587,275,0.25157714262081143
10-237-01513,BIHAR,Nawada,Warisaliganj,0,0,,210,10,1513,,109792.76918459819,202861050.3008767,0.0010268601088428498,0.0009099274596037021,147,0.1337593365617442
10-237-01514,BIHAR,Nawada,Kashi Chak,0,0,,210,10,1514,,73948.94452619922,98983451.20841853,0.0010268601088428498,0.0010268601088428498,72,0.07393392783668518
10-237-01515,BIHAR,Nawada,Pakribarawan,0,0,,210,10,1515,,104545.76938151139,251834567.85717744,0.0010268601088428498,0.0010268601088428498,184,0.18894226002708436
10-237-01516,BIHAR,Nawada,Kawakol,0,0,,210,10,1516,,121170.20018263235,362955647.76482904,0.001200420288619995,0.0007817983795285045,266,0.2079583689545822
10-237-01518,BIHAR,Nawada,Gobindpur,0,0,,210,10,1518,,73133.35659787485,188189390.13263756,0.0012115470295715333,0.001203440404021127,140,0.16848165656295777
10-237-01519,BIHAR,Nawada,Akbarpur,0,0,,210,10,1519,,91268.2921062847,249541236.96202633,0.0012115470295715333,0.0012115470295715333,184,0.2229246534411621
10-237-01520,BIHAR,Nawada,Hisua,0,0,,210,10,1520,,85113.4923130193,144090762.99664384,0.0012115470295715333,0.0010116855936755814,104,0.10521530174226046
10-237-01521,BIHAR,Nawada,Narhat,0,0,,210,10,1521,,62856.50481924386,99624005.77002536,0.0012115470295715333,0.0012115470295715333,69,0.0835967450404358
10-237-01522,BIHAR,Nawada,Meskaur,0,0,,210,10,1522,,75185.00287586387,145604023.18435815,0.0012115470295715333,0.0010184025527082172,112,0.11406108590332031
10-237-01523,BIHAR,Nawada,Sirdala,0,0,,210,10,1523,,111278.51695598938,301894539.186342,0.0012115470295715333,0.0010047844672473854,218,0.21904301385993002
10-237-01524,BIHAR,Nawada,Rajauli,0,0,,210,10,1524,,132370.86211000624,450216393.36794454,0.0012115470295715333,0.0009681977853689108,333,0.3224098625278473
10-238-01525,BIHAR,Jamui,Islamnagar Aliganj,0,0,,198,10,1525,,96153.77396855215,213408239.47295904,0.0010268601088428498,0.0007945593237898901,156,0.12395125451122285
10-238-01526,BIHAR,Jamui,Sikandra,0,0,,198,10,1526,,86788.2538333537,223096734.30010977,0.0007623539583396913,0.0007456773206577773,162,0.12079972594655991
10-238-01527,BIHAR,Jamui,Jamui,0,0,,198,10,1527,,90084.78430112793,212157753.6648698,0.0007623539583396913,0.0006252950056826377,155,0.09692072588080886
10-238-01528,BIHAR,Jamui,Barhat,0,0,,198,10,1528,,114104.37581341481,270298087.1382075,0.0006235033853864671,0.0005190586558547239,197,0.1022545552033806
10-238-01529,BIHAR,Jamui,Lakshmipur,0,0,,198,10,1529,,112147.89260238525,307635253.00857943,0.0006235033853864671,0.0001662675694363912,225,0.03741020312318802
10-238-01530,BIHAR,Jamui,Jhajha,0,0,,198,10,1530,,147664.43327942316,507112726.974952,0.0006235033853864671,0.0004336242691104863,370,0.16044097957087994
10-238-01532,BIHAR,Jamui,Khaira,0,0,,198,10,1532,,142747.05687020053,513762691.7981683,0.0007623539583396913,0.0004811966301191897,377,0.18141112955493452
10-238-01533,BIHAR,Jamui,Sono,0,0,,198,10,1533,,117724.39892386932,474283005.7300444,0.0005394148258781433,0.00041821202189311606,349,0.1459559956406975
10-238-01534,BIHAR,Jamui,Chakai,0,0,,198,10,1534,,243956.2217086091,956725034.6798706,0.0005416688580322266,0.0004619504584783623,700,0.3233653209348536
10-239-01535,BIHAR,Jehanabad,Ratni Faridpur,0,0,,199,10,1535,,82762.53932271499,155018952.20303965,0.0005969585023593903,0.00043883742806758797,114,0.05002746679970503
10-239-01536,BIHAR,Jehanabad,Jehanabad,0,0,,199,10,1536,,97254.09844747804,201426556.69272655,0.00042868184463500976,0.00042868184463500976,148,0.06344491300598144
10-239-01537,BIHAR,Jehanabad,Kako,0,0,,199,10,1537,,83599.3529020472,162373941.78194478,0.00042868184463500976,0.00042868184463500976,118,0.05058445766693115
10-239-01538,BIHAR,Jehanabad,Modanganj,0,0,,199,10,1538,,66522.90037500951,97205276.85869928,0.0004929063349747658,0.00047522133038845613,69,0.03279027179680347
10-239-01539,BIHAR,Jehanabad,Ghoshi,0,0,,199,10,1539,,82931.95174196921,112225161.55433495,0.0005969585023593903,0.0005048724902853908,83,0.041904416693687434
10-239-01540,BIHAR,Jehanabad,Makhdumpur,0,0,,199,10,1540,,128831.72570768485,301471679.33572614,0.0005969585023593903,0.0005783472591087675,217,0.12550135522660255
10-239-01541,BIHAR,Jehanabad,Hulasganj,0,0,,199,10,1541,,87179.53907708311,119677697.18988888,0.0006377794410324097,0.0005835479029102855,90,0.052519311261925695
10-240-01545,BIHAR,Arwal,Sonbhadra Banshi Suryapur,0,0,,611,10,1545,,62692.97791397586,116643000.97724338,0.0004054866291713715,0.0004045264036538444,83,0.033575691503269084
10-240-01546,BIHAR,Arwal,Kurtha,0,0,,611,10,1546,,71585.17106640573,106433073.5354984,0.0004054866291713715,0.00040483788095847155,78,0.03157735471476078
10-224-01334,BIHAR,Bhagalpur,Gopalpur,0,0,,192,10,1334,,95407.9186210158,208941966.91883087,0.0,0.0,153,0.0
10-210-01127,BIHAR,Kishanganj,Kishanganj,0,0,,203,10,1127,,125268.33771117091,207105687.55921903,0.0,0.0,152,0.0
10-206-01064,BIHAR,Sitamarhi,Suppi,0,0,,221,10,1064,,71084.15120823232,92250451.53846286,0.0,0.0,66,0.0
10-234-01463,BIHAR,Rohtas,Nasriganj,0,0,,215,10,1463,,90034.07903274363,167356919.18355417,0.0011382495416259767,0.0010996883663189601,126,0.13856073415618897
10-234-01464,BIHAR,Rohtas,Rajpur,0,0,,215,10,1464,,68660.48684625747,85633596.4997788,0.0011382495416259767,0.0011382495416259767,63,0.07170972112243654
10-234-01465,BIHAR,Rohtas,Sanjhauli,0,0,,215,10,1465,,56591.722358052,83833486.39015438,0.0011382495416259767,0.000998039670962379,63,0.06287649927062988
10-203-01023,BIHAR,Pashchim Champaran,Thakrahan,0,0,,211,10,1023,,79847.09402015881,199004696.79409248,0.0,0.0,145,0.0
10-204-01054,BIHAR,Purbi Champaran,Phenhara,0,0,,213,10,1054,,44565.43736457999,67645025.94776015,0.0,0.0,51,0.0
10-219-01262,BIHAR,Saran,Maker,0,0,,218,10,1262,,62357.8736467211,96585777.9808088,0.0,0.0,71,0.0
10-220-01282,BIHAR,Vaishali,Sahdai Buzurg,0,0,,224,10,1282,,74546.65030748869,114161677.3631406,0.0,0.0,84,0.0
10-229-01388,BIHAR,Nalanda,Tharthari,0,0,,209,10,1388,,71853.42144919158,77411758.12428828,0.0004582933677101136,0.0003617534149134601,54,0.019534684405326845
10-229-01389,BIHAR,Nalanda,Parbalpur,0,0,,209,10,1389,,54466.2339431045,76043839.88376136,0.0004582933677101136,0.00029205747960363114,56,0.016355218857803343
10-203-01022,BIHAR,Pashchim Champaran,Bhitaha,0,0,,211,10,1022,,72626.86760213553,166969906.7472905,0.0,0.0,117,0.0
10-203-01013,BIHAR,Pashchim Champaran,Sidhaw,0,0,,211,10,1013,,195582.3602130639,1085337194.6715722,0.0,0.0,781,0.0
10-203-01014,BIHAR,Pashchim Champaran,Ramnagar,0,0,,211,10,1014,,230865.78384139363,866139404.2451236,0.0,0.0,621,0.0
10-203-01015,BIHAR,Pashchim Champaran,Gaunaha,0,0,,211,10,1015,,136504.94021895694,605322845.3823951,0.0,0.0,441,0.0
10-203-01016,BIHAR,Pashchim Champaran,Mainatanr,0,0,,211,10,1016,,115419.13930249632,312998546.4010918,0.0,0.0,221,0.0
10-203-01017,BIHAR,Pashchim Champaran,Narkatiaganj,0,0,,211,10,1017,,149144.20649331805,441857686.2127825,0.0,0.0,314,0.0
10-203-01018,BIHAR,Pashchim Champaran,Lauriya,0,0,,211,10,1018,,120853.32018665274,255440417.54612216,0.0,0.0,183,0.0
10-203-01019,BIHAR,Pashchim Champaran,Bagaha,0,0,,211,10,1019,,135587.24079810514,491292931.53180623,0.0,0.0,352,0.0
10-203-01021,BIHAR,Pashchim Champaran,Madhubani,0,0,,211,10,1021,,144670.82201821523,386116138.1353823,0.0,0.0,276,0.0
10-203-01024,BIHAR,Pashchim Champaran,Jogapatti,0,0,,211,10,1024,,88530.23644360513,258722436.3759333,0.0,0.0,186,0.0
10-203-01029,BIHAR,Pashchim Champaran,Bairia,0,0,,211,10,1029,,105039.82861382668,288505226.87341565,0.0,0.0,208,0.0
10-203-01025,BIHAR,Pashchim Champaran,Chanpatia,0,0,,211,10,1025,,113543.7602983494,310017349.34780717,0.0,0.0,226,0.0
10-206-01071,BIHAR,Sitamarhi,Parsauni,0,0,,221,10,1071,,63729.135625112256,74724139.64418457,0.0,0.0,55,0.0
10-203-01026,BIHAR,Pashchim Champaran,Sikta,0,0,,211,10,1026,,93443.22825707054,255004178.86147365,0.0,0.0,183,0.0
10-203-01027,BIHAR,Pashchim Champaran,Majhaulia,0,0,,211,10,1027,,123374.4030721297,371511179.15939575,0.0,0.0,265,0.0
10-203-01028,BIHAR,Pashchim Champaran,Bettiah,0,0,,211,10,1028,,53968.26030594324,83182055.35378212,0.0,0.0,59,0.0
10-203-01030,BIHAR,Pashchim Champaran,Nautan,0,0,,211,10,1030,,122656.63983711715,245738630.13883996,0.0,0.0,171,0.0
10-204-01031,BIHAR,Purbi Champaran,Raxaul,0,0,,213,10,1031,,98709.78801801558,166685360.13968688,0.0,0.0,124,0.0
10-206-01072,BIHAR,Sitamarhi,Belsand,0,0,,221,10,1072,,66235.5873217276,97354060.86547032,0.0,0.0,70,0.0
10-206-01073,BIHAR,Sitamarhi,Runisaidpur,0,0,,221,10,1073,,152472.54206325076,334873257.0825382,0.0,0.0,243,0.0
10-204-01032,BIHAR,Purbi Champaran,Adapur,0,0,,213,10,1032,,94532.37688292323,199608924.7111849,0.0,0.0,148,0.0
10-206-01074,BIHAR,Sitamarhi,Dumra,0,0,,221,10,1074,,111649.34177378344,241159212.36062923,0.0,0.0,178,0.0
10-204-01033,BIHAR,Purbi Champaran,Ramgarhwa,0,0,,213,10,1033,,90718.26831189607,213035907.5226096,0.0,0.0,154,0.0
10-204-01034,BIHAR,Purbi Champaran,Sugauli,0,0,,213,10,1034,,84892.41923436844,209336830.19001696,0.0,0.0,149,0.0
10-204-01038,BIHAR,Purbi Champaran,Ghorasahan,0,0,,213,10,1038,,75335.10865687576,144368243.47105,0.0,0.0,104,0.0
10-204-01035,BIHAR,Purbi Champaran,Banjaria,0,0,,213,10,1035,,102381.40449613356,176960195.87167916,0.0,0.0,124,0.0
10-204-01047,BIHAR,Purbi Champaran,Kesaria,0,0,,213,10,1047,,87546.8206889307,229535442.11688668,0.0,0.0,168,0.0
10-204-01036,BIHAR,Purbi Champaran,Narkatia,0,0,,213,10,1036,,105607.09704406632,168338010.30978012,0.0,0.0,120,0.0
10-204-01037,BIHAR,Purbi Champaran,Bankatwa,0,0,,213,10,1037,,99233.37216886049,115311013.90225838,0.0,0.0,82,0.0
10-204-01039,BIHAR,Purbi Champaran,Dhaka,0,0,,213,10,1039,,97673.73467814895,202386545.86227983,0.0,0.0,145,0.0
10-204-01048,BIHAR,Purbi Champaran,Kalyanpur,0,0,,213,10,1048,,109413.20044555076,313300912.50613195,0.0,0.0,230,0.0
10-204-01040,BIHAR,Purbi Champaran,Chiraia,0,0,,213,10,1040,,110764.71696779084,272984575.32652414,0.0,0.0,199,0.0
10-204-01041,BIHAR,Purbi Champaran,Motihari,0,0,,213,10,1041,,181544.26702654368,319814691.13850176,0.0,0.0,241,0.0
10-204-01049,BIHAR,Purbi Champaran,Kotwa,0,0,,213,10,1049,,78879.98205471091,178282937.71225017,0.0,0.0,126,0.0
10-204-01042,BIHAR,Purbi Champaran,Turkaulia,0,0,,213,10,1042,,99475.78497366334,174748315.94966665,0.0,0.0,130,0.0
10-204-01050,BIHAR,Purbi Champaran,Piprakothi,0,0,,213,10,1050,,58369.33889310607,62223774.49301849,0.0,0.0,45,0.0
10-204-01043,BIHAR,Purbi Champaran,Harsidhi,0,0,,213,10,1043,,133904.34238337883,240218359.62130272,0.0,0.0,173,0.0
10-204-01044,BIHAR,Purbi Champaran,Paharpur,0,0,,213,10,1044,,108730.62076802726,192061375.0173064,0.0,0.0,144,0.0
10-204-01045,BIHAR,Purbi Champaran,Areraj,0,0,,213,10,1045,,93331.67353690567,242725576.26244012,0.0,0.0,174,0.0
10-204-01046,BIHAR,Purbi Champaran,Sangrampur,0,0,,213,10,1046,,78133.67961210197,187659878.02718252,0.0,0.0,133,0.0
10-204-01051,BIHAR,Purbi Champaran,Chakia(Pipra),0,0,,213,10,1051,,129110.66914194856,212940547.80779588,0.0,0.0,145,0.0
10-204-01052,BIHAR,Purbi Champaran,Pakri Dayal,0,0,,213,10,1052,,90143.40730437863,148110040.62869397,0.0,0.0,106,0.0
10-204-01053,BIHAR,Purbi Champaran,Patahi,0,0,,213,10,1053,,85994.51677214028,144960443.14880535,0.0,0.0,100,0.0
10-204-01055,BIHAR,Purbi Champaran,Madhuban,0,0,,213,10,1055,,112681.00006095257,152424272.44650427,0.0,0.0,114,0.0
10-204-01056,BIHAR,Purbi Champaran,Tetaria,0,0,,213,10,1056,,82320.72754353678,104458405.63845472,0.0,0.0,74,0.0
10-205-01058,BIHAR,Sheohar,Purnahiya,0,0,,220,10,1058,,57294.126150412616,80859097.14068061,0.0,0.0,59,0.0
10-204-01057,BIHAR,Purbi Champaran,Mehsi,0,0,,213,10,1057,,125063.78039343117,149773808.08158112,0.0,0.0,108,0.0
10-205-01059,BIHAR,Sheohar,Piprarhi,0,0,,220,10,1059,,105870.45511307275,104265216.9562483,0.0,0.0,77,0.0
10-205-01060,BIHAR,Sheohar,Sheohar,0,0,,220,10,1060,,81007.5322908237,115638983.35873616,0.0,0.0,83,0.0
10-205-01061,BIHAR,Sheohar,Dumri Katsari,0,0,,220,10,1061,,65038.65439014734,84655470.24819931,0.0,0.0,59,0.0
10-205-01062,BIHAR,Sheohar,Tariani Chowk,0,0,,220,10,1062,,97491.22869259815,171878914.60720828,0.0,0.0,126,0.0
10-206-01063,BIHAR,Sitamarhi,Bairgania,0,0,,221,10,1063,,59598.621146511534,94417571.99630062,0.0,0.0,70,0.0
10-206-01065,BIHAR,Sitamarhi,Majorganj,0,0,,221,10,1065,,62808.55729710282,95411217.42446172,0.0,0.0,68,0.0
10-206-01066,BIHAR,Sitamarhi,Sonbarsa,0,0,,221,10,1066,,92820.94699371175,224104085.6083578,0.0,0.0,155,0.0
10-206-01067,BIHAR,Sitamarhi,Parihar,0,0,,221,10,1067,,86838.20299610356,272812569.4060281,0.0,0.0,197,0.0
10-207-01095,BIHAR,Madhubani,Rajnagar,0,0,,206,10,1095,,78809.12744912357,223111125.2667772,0.0,0.0,158,0.0
10-206-01068,BIHAR,Sitamarhi,Sursand,0,0,,221,10,1068,,91215.71647520129,181412871.1123928,0.0,0.0,134,0.0
10-206-01069,BIHAR,Sitamarhi,Bathnaha,0,0,,221,10,1069,,120764.04051803834,251403523.12922087,0.0,0.0,185,0.0
10-206-01070,BIHAR,Sitamarhi,Riga,0,0,,221,10,1070,,129433.73210860479,163724219.02092636,0.0,0.0,114,0.0
10-210-01123,BIHAR,Kishanganj,Thakurganj,0,0,,203,10,1123,,224971.2940646554,491161543.46963537,0.0,0.0,353,0.0
10-210-01124,BIHAR,Kishanganj,Pothia,0,0,,203,10,1124,,167388.9118766352,443844792.4531903,0.0,0.0,321,0.0
10-210-01125,BIHAR,Kishanganj,Bahadurganj,0,0,,203,10,1125,,155296.13881782343,347494200.8377232,0.0,0.0,251,0.0
10-210-01126,BIHAR,Kishanganj,Kochadhamin,0,0,,203,10,1126,,139640.52665725534,360840233.8364798,0.0,0.0,258,0.0
10-211-01128,BIHAR,Purnia,Banmankhi,0,0,,214,10,1128,,142815.61519736593,459936087.34673214,0.0,0.0,333,0.0
10-206-01075,BIHAR,Sitamarhi,Bajpatti,0,0,,221,10,1075,,90407.29439213518,174303329.1783474,0.0,0.0,125,0.0
10-206-01076,BIHAR,Sitamarhi,Charaut,0,0,,221,10,1076,,85128.15752493152,91349700.81924292,0.0,0.0,62,0.0
10-206-01077,BIHAR,Sitamarhi,Pupri,0,0,,221,10,1077,,73992.24203369493,115338203.66308306,0.0,0.0,82,0.0
10-206-01078,BIHAR,Sitamarhi,Nanpur,0,0,,221,10,1078,,73315.01223618646,135892566.9983101,0.0,0.0,100,0.0
10-220-01283,BIHAR,Vaishali,Mahnar,0,0,,224,10,1283,,81638.1139853176,126474580.44313861,0.0,0.0,89,0.0
10-206-01079,BIHAR,Sitamarhi,Bokhara,0,0,,221,10,1079,,81978.13188098712,108574895.39827529,0.0,0.0,79,0.0
10-207-01080,BIHAR,Madhubani,Madhwapur,0,0,,206,10,1080,,88808.76172423853,137557654.90878707,0.0,0.0,103,0.0
10-207-01081,BIHAR,Madhubani,Harlakhi,0,0,,206,10,1081,,90217.76640094945,187441757.00046396,0.0,0.0,138,0.0
10-207-01082,BIHAR,Madhubani,Basopatti,0,0,,206,10,1082,,97634.90682970545,164238774.4639331,0.0,0.0,122,0.0
10-207-01089,BIHAR,Madhubani,Khajauli,0,0,,206,10,1089,,91171.28062794723,150968724.81279027,0.0,0.0,108,0.0
10-207-01083,BIHAR,Madhubani,Jainagar,0,0,,206,10,1083,,81489.61423509955,161880108.8306139,0.0,0.0,115,0.0
10-207-01090,BIHAR,Madhubani,Kaluahi,0,0,,206,10,1090,,62305.281593423286,101560283.08963235,0.0,0.0,75,0.0
10-207-01084,BIHAR,Madhubani,Ladania,0,0,,206,10,1084,,97928.14946240213,232665607.5684243,0.0,0.0,164,0.0
10-207-01085,BIHAR,Madhubani,Laukaha,0,0,,206,10,1085,,102032.19667129294,266340932.00179368,0.0,0.0,197,0.0
10-207-01086,BIHAR,Madhubani,Laukahi,0,0,,206,10,1086,,109679.24973352649,329223432.564553,0.0,0.0,237,0.0
10-207-01087,BIHAR,Madhubani,Phulparas,0,0,,206,10,1087,,117974.41186319289,199352334.8677591,0.0,0.0,140,0.0
10-207-01088,BIHAR,Madhubani,Babubarhi,0,0,,206,10,1088,,118996.04641992833,237192379.86086744,0.0,0.0,174,0.0
10-207-01091,BIHAR,Madhubani,Benipatti,0,0,,206,10,1091,,128414.2409747215,328987645.9449377,0.0,0.0,231,0.0
10-207-01092,BIHAR,Madhubani,Bisfi,0,0,,206,10,1092,,99754.46134559005,226192948.413646,0.0,0.0,165,0.0
10-207-01093,BIHAR,Madhubani,Madhubani,0,0,,206,10,1093,,109764.71764889831,200359220.56727448,0.0,0.0,142,0.0
10-207-01094,BIHAR,Madhubani,Pandaul,0,0,,206,10,1094,,102372.75527307783,208327489.63825428,0.0,0.0,148,0.0
10-207-01096,BIHAR,Madhubani,Andhratharhi,0,0,,206,10,1096,,97300.5167595078,186769445.10608673,0.0,0.0,134,0.0
10-207-01097,BIHAR,Madhubani,Jhanjharpur,0,0,,206,10,1097,,125261.96837896874,181284371.95402232,0.0,0.0,132,0.0
10-207-01098,BIHAR,Madhubani,Ghoghardiha,0,0,,206,10,1098,,114215.40677637524,211228851.4219488,0.0,0.0,159,0.0
10-207-01099,BIHAR,Madhubani,Lakhnaur,0,0,,206,10,1099,,72956.74167609161,146945623.14022,0.0,0.0,110,0.0
10-207-01100,BIHAR,Madhubani,Madhepur,0,0,,206,10,1100,,144505.38034518834,300452948.5687113,0.0,0.0,212,0.0
10-208-01101,BIHAR,Supaul,Nirmali,0,0,,223,10,1101,,123310.21889922836,162734364.67066902,0.0,0.0,118,0.0
10-208-01102,BIHAR,Supaul,Basantpur,0,0,,223,10,1102,,136288.63693043106,319456339.75100917,0.0,0.0,228,0.0
10-208-01103,BIHAR,Supaul,Chhatapur,0,0,,223,10,1103,,142271.17176584958,398825687.2446475,0.0,0.0,285,0.0
10-208-01104,BIHAR,Supaul,Pratapganj,0,0,,223,10,1104,,71155.69013184242,133032565.19323792,0.0,0.0,97,0.0
10-208-01105,BIHAR,Supaul,Raghopur,0,0,,223,10,1105,,111831.20983491397,255841046.48838165,0.0,0.0,187,0.0
10-221-01285,BIHAR,Samastipur,Warisnagar,0,0,,217,10,1285,,90241.30323013186,163846086.5162723,0.0,0.0,120,0.0
10-208-01106,BIHAR,Supaul,Saraigarh Bhaptiyahi,0,0,,223,10,1106,,105489.5116383213,257042943.27229512,0.0,0.0,189,0.0
10-208-01107,BIHAR,Supaul,Kishanpur,0,0,,223,10,1107,,125516.73810076228,248613546.3002807,0.0,0.0,177,0.0
10-208-01108,BIHAR,Supaul,Marauna,0,0,,223,10,1108,,114969.59778192453,206419565.01179272,0.0,0.0,149,0.0
10-208-01109,BIHAR,Supaul,Supaul,0,0,,223,10,1109,,122628.008173687,390920691.5720901,0.0,0.0,287,0.0
10-208-01110,BIHAR,Supaul,Pipra,0,0,,223,10,1110,,113516.78657800167,247320462.25611627,0.0,0.0,181,0.0
10-221-01287,BIHAR,Samastipur,Khanpur,0,0,,217,10,1287,,89337.20668890505,173313349.37261373,0.0,0.0,127,0.0
10-208-01111,BIHAR,Supaul,Tribeniganj,0,0,,223,10,1111,,136684.8917573132,402291551.99740016,0.0,0.0,290,0.0
10-209-01112,BIHAR,Araria,Narpatganj,0,0,,188,10,1112,,196352.82868709194,482872068.7863751,0.0,0.0,351,0.0
10-209-01113,BIHAR,Araria,Forbesganj,0,0,,188,10,1113,,165874.55860340688,546946456.996027,0.0,0.0,392,0.0
10-209-01114,BIHAR,Araria,Bhargama,0,0,,188,10,1114,,140909.75235341018,280499778.1128878,0.0,0.0,206,0.0
10-209-01115,BIHAR,Araria,Raniganj,0,0,,188,10,1115,,160625.61646677545,576910744.770993,0.0,0.0,418,0.0
10-209-01116,BIHAR,Araria,Araria,0,0,,188,10,1116,,192057.15187743204,506918787.2643526,0.0,0.0,371,0.0
10-209-01117,BIHAR,Araria,Kursakatta,0,0,,188,10,1117,,96566.38525637137,201032230.408231,0.0,0.0,147,0.0
10-209-01118,BIHAR,Araria,Sikti,0,0,,188,10,1118,,116798.35346995249,237753016.2819182,0.0,0.0,177,0.0
10-209-01119,BIHAR,Araria,Palasi,0,0,,188,10,1119,,132578.70192307016,306240761.34804773,0.0,0.0,222,0.0
10-209-01120,BIHAR,Araria,Jokihat,0,0,,188,10,1120,,155370.9524619173,341005127.7602247,0.0,0.0,246,0.0
10-210-01121,BIHAR,Kishanganj,Terhagachh,0,0,,203,10,1121,,121953.02658094271,245208326.38245347,0.0,0.0,175,0.0
10-210-01122,BIHAR,Kishanganj,Dighalbank,0,0,,203,10,1122,,147432.83262190674,314385668.4331173,0.0,0.0,224,0.0
10-211-01129,BIHAR,Purnia,Barhara,0,0,,214,10,1129,,111073.17449432175,288009141.38478667,0.0,0.0,212,0.0
10-211-01130,BIHAR,Purnia,Bhawanipur,0,0,,214,10,1130,,116656.34435182877,201938838.4795833,0.0,0.0,147,0.0
10-211-01131,BIHAR,Purnia,Rupauli,0,0,,214,10,1131,,113946.660566684,308195114.8462847,0.0,0.0,227,0.0
10-211-01132,BIHAR,Purnia,Dhamdaha,0,0,,214,10,1132,,135370.01293426772,446856166.039676,0.0,0.0,326,0.0
10-211-01133,BIHAR,Purnia,Krityanand Nagar,0,0,,214,10,1133,,149407.41850079046,364443041.21247435,0.0,0.0,274,0.0
10-211-01134,BIHAR,Purnia,Purnia East,0,0,,214,10,1134,,127662.13358515713,309272824.56310594,0.0,0.0,228,0.0
10-211-01135,BIHAR,Purnia,Kasba,0,0,,214,10,1135,,130095.64608516233,215123054.3424731,0.0,0.0,154,0.0
10-211-01136,BIHAR,Purnia,Srinagar,0,0,,214,10,1136,,106220.57404900706,172405807.6412187,0.0,0.0,122,0.0
10-211-01137,BIHAR,Purnia,Jalalgarh,0,0,,214,10,1137,,87146.39992638786,142107808.6772385,0.0,0.0,102,0.0
10-211-01138,BIHAR,Purnia,Amour,0,0,,214,10,1138,,141371.93624621196,307011870.96961224,0.0,0.0,225,0.0
10-211-01139,BIHAR,Purnia,Baisa,0,0,,214,10,1139,,132173.35304950457,275191667.549805,0.0,0.0,197,0.0
10-211-01140,BIHAR,Purnia,Baisi,0,0,,214,10,1140,,118169.54825440844,253873549.02719215,0.0,0.0,187,0.0
10-211-01141,BIHAR,Purnia,Dagarua,0,0,,214,10,1141,,129309.28146976323,257465778.6329552,0.0,0.0,180,0.0
10-212-01142,BIHAR,Katihar,Falka,0,0,,201,10,1142,,100518.70580952488,208374539.8829749,0.0,0.0,150,0.0
10-212-01143,BIHAR,Katihar,Korha,0,0,,201,10,1143,,137118.64195203967,368801327.90483874,0.0,0.0,273,0.0
10-212-01144,BIHAR,Katihar,Hasanganj,0,0,,201,10,1144,,78227.29832785497,86155111.41022065,0.0,0.0,62,0.0
10-212-01145,BIHAR,Katihar,Kadwa,0,0,,201,10,1145,,157692.68144088247,420129854.10490626,0.0,0.0,307,0.0
10-212-01146,BIHAR,Katihar,Balrampur,0,0,,201,10,1146,,141815.18317465586,216253207.31133217,0.0,0.0,151,0.0
10-212-01147,BIHAR,Katihar,Barsoi,0,0,,201,10,1147,,172308.8160052511,357713388.6445612,0.0,0.0,261,0.0
10-212-01148,BIHAR,Katihar,Azamnagar,0,0,,201,10,1148,,141791.77759222616,349759708.1212404,0.0,0.0,253,0.0
10-221-01290,BIHAR,Samastipur,Tajpur,0,0,,217,10,1290,,57166.77792153786,83856612.1105223,0.0,0.0,61,0.0
10-212-01149,BIHAR,Katihar,Pranpur,0,0,,201,10,1149,,111803.70370561493,191475637.62126103,0.0,0.0,141,0.0
10-212-01150,BIHAR,Katihar,Dandkhora,0,0,,201,10,1150,,70987.07501110679,111201189.06340708,0.0,0.0,81,0.0
10-212-01151,BIHAR,Katihar,Katihar,0,0,,201,10,1151,,76845.81968857624,136830037.77828172,0.0,0.0,100,0.0
10-212-01152,BIHAR,Katihar,Mansahi,0,0,,201,10,1152,,73279.06289841712,97405011.1871763,0.0,0.0,73,0.0
10-212-01155,BIHAR,Katihar,Kursela,0,0,,201,10,1155,,80348.39413748268,153683091.52761996,0.0,0.0,117,0.0
10-212-01153,BIHAR,Katihar,Barari,0,0,,201,10,1153,,107333.93297446336,407446973.1478653,0.0,0.0,292,0.0
10-212-01154,BIHAR,Katihar,Sameli,0,0,,201,10,1154,,75105.36277909,118027198.2496544,0.0,0.0,81,0.0
10-212-01156,BIHAR,Katihar,Manihari,0,0,,201,10,1156,,130162.81635074862,303859830.4099729,0.0,0.0,221,0.0
10-212-01157,BIHAR,Katihar,Amdabad,0,0,,201,10,1157,,103742.71814675455,228302986.79665467,0.0,0.0,164,0.0
10-213-01158,BIHAR,Madhepura,Gamharia,0,0,,205,10,1158,,80141.00377515821,125479849.27382244,0.0,0.0,89,0.0
10-213-01160,BIHAR,Madhepura,Ghailarh,0,0,,205,10,1160,,78865.70647224285,116219722.2388165,0.0,0.0,83,0.0
10-213-01159,BIHAR,Madhepura,Singheshwar,0,0,,205,10,1159,,111627.30849980874,111167268.35246354,0.0,0.0,78,0.0
10-216-01210,BIHAR,Muzaffarpur,Bandra,0,0,,208,10,1210,,74293.85759884378,142020443.31484023,0.0,0.0,103,0.0
10-213-01161,BIHAR,Madhepura,Madhepura,0,0,,205,10,1161,,115084.47931226583,237801277.85767865,0.0,0.0,175,0.0
10-213-01162,BIHAR,Madhepura,Shankarpur,0,0,,205,10,1162,,63984.56408470212,128790837.874554,0.0,0.0,94,0.0
10-213-01163,BIHAR,Madhepura,Kumarkhand,0,0,,205,10,1163,,118191.24796123093,316976886.68211347,0.0,0.0,230,0.0
10-213-01164,BIHAR,Madhepura,Murliganj,0,0,,205,10,1164,,94211.11378994165,247086114.21145928,0.0,0.0,179,0.0
10-221-01293,BIHAR,Samastipur,Mohanpur,0,0,,217,10,1293,,74468.46489139357,163000016.77407515,0.0,0.0,120,0.0
10-213-01165,BIHAR,Madhepura,Gwalpara,0,0,,205,10,1165,,78037.2495556277,147267353.58482873,0.0,0.0,109,0.0
10-214-01172,BIHAR,Saharsa,Satar Kataiya,0,0,,216,10,1172,,77878.75925155886,177382280.64763528,0.0,0.0,130,0.0
10-213-01166,BIHAR,Madhepura,Bihariganj,0,0,,205,10,1166,,79669.40805645821,133818744.70956944,0.0,0.0,98,0.0
10-216-01211,BIHAR,Muzaffarpur,Dholi (Moraul),0,0,,208,10,1211,,63030.361633940505,73298422.6275262,0.0,0.0,50,0.0
10-213-01167,BIHAR,Madhepura,Kishanganj,0,0,,205,10,1167,,99817.47531025465,188055937.5971522,0.0,0.0,133,0.0
10-216-01212,BIHAR,Muzaffarpur,Musahri,0,0,,208,10,1212,,211487.75457487197,365415439.5943066,0.0,0.0,267,0.0
10-213-01168,BIHAR,Madhepura,Puraini,0,0,,205,10,1168,,63416.842365887525,103114850.3546553,0.0,0.0,76,0.0
10-214-01174,BIHAR,Saharsa,Kahara,0,0,,216,10,1174,,81070.16203244023,176788302.3737116,0.0,0.0,128,0.0
10-213-01169,BIHAR,Madhepura,Alamnagar,0,0,,205,10,1169,,94357.42058114092,211989804.11375904,0.0,0.0,151,0.0
10-213-01170,BIHAR,Madhepura,Chausa,0,0,,205,10,1170,,87285.75133964,172516848.53860697,0.0,0.0,124,0.0
10-214-01171,BIHAR,Saharsa,Nauhatta,0,0,,216,10,1171,,93228.84620468391,212763144.21707585,0.0,0.0,151,0.0
10-217-01227,BIHAR,Gopalganj,Sidhwalia,0,0,,197,10,1227,,69457.48217743407,152022198.31601515,0.0,0.0,109,0.0
10-214-01173,BIHAR,Saharsa,Mahishi,0,0,,216,10,1173,,106372.46434789852,273075178.2794974,0.0,0.0,195,0.0
10-214-01175,BIHAR,Saharsa,Saur Bazar,0,0,,216,10,1175,,88121.22998090234,233228921.9025612,0.0,0.0,171,0.0
10-214-01176,BIHAR,Saharsa,Patarghat,0,0,,216,10,1176,,67497.21582029684,149681422.04156074,0.0,0.0,105,0.0
10-214-01177,BIHAR,Saharsa,Sonbarsa,0,0,,216,10,1177,,90185.02153799882,263952116.041209,0.0,0.0,193,0.0
10-216-01199,BIHAR,Muzaffarpur,Sahebganj,0,0,,208,10,1199,,80060.99972290538,253055918.70266867,0.0,0.0,189,0.0
10-214-01178,BIHAR,Saharsa,Simri Bakhtiarpur,0,0,,216,10,1178,,119116.35548129058,266466354.66217396,0.0,0.0,194,0.0
10-214-01179,BIHAR,Saharsa,Salkhua,0,0,,216,10,1179,,82412.26684571667,221182533.93573853,0.0,0.0,163,0.0
10-214-01180,BIHAR,Saharsa,Banma Itahri,0,0,,216,10,1180,,54286.501575749484,92822449.4552088,0.0,0.0,68,0.0
10-215-01181,BIHAR,Darbhanga,Jale,0,0,,195,10,1181,,112473.57051363293,234172285.01568127,0.0,0.0,171,0.0
10-215-01182,BIHAR,Darbhanga,Singhwara,0,0,,195,10,1182,,121368.62688362494,223279889.67870736,0.0,0.0,162,0.0
10-215-01183,BIHAR,Darbhanga,Keotiranway,0,0,,195,10,1183,,89515.08566239705,180205403.4644349,0.0,0.0,131,0.0
10-215-01184,BIHAR,Darbhanga,Darbhanga,0,0,,195,10,1184,,131883.04966973627,240721362.1475316,0.0,0.0,174,0.0
10-215-01185,BIHAR,Darbhanga,Manigachhi,0,0,,195,10,1185,,96856.01003306538,158887287.31255177,0.0,0.0,114,0.0
10-215-01186,BIHAR,Darbhanga,Tardih,0,0,,195,10,1186,,96398.42232606321,109520018.96976715,0.0,0.0,79,0.0
10-215-01187,BIHAR,Darbhanga,Alinagar,0,0,,195,10,1187,,105560.56246873255,146523357.5416611,0.0,0.0,105,0.0
10-215-01188,BIHAR,Darbhanga,Benipur,0,0,,195,10,1188,,118482.30854716274,204643530.87647069,0.0,0.0,150,0.0
10-215-01189,BIHAR,Darbhanga,Bahadurpur,0,0,,195,10,1189,,155637.00049509996,221161760.4253616,0.0,0.0,158,0.0
10-215-01190,BIHAR,Darbhanga,Hanumannagar,0,0,,195,10,1190,,114393.83215098479,181536916.32106537,0.0,0.0,130,0.0
10-215-01191,BIHAR,Darbhanga,Hayaghat,0,0,,195,10,1191,,66118.49929402806,108810529.75916524,0.0,0.0,77,0.0
10-215-01192,BIHAR,Darbhanga,Baheri,0,0,,195,10,1192,,128629.1579498372,271307286.95794886,0.0,0.0,195,0.0
10-215-01193,BIHAR,Darbhanga,Biraul,0,0,,195,10,1193,,135706.32971678255,230203939.26841983,0.0,0.0,167,0.0
10-215-01194,BIHAR,Darbhanga,Ghanshyampur,0,0,,195,10,1194,,76766.91373126305,103945643.9979024,0.0,0.0,78,0.0
10-215-01195,BIHAR,Darbhanga,Kiratpur,0,0,,195,10,1195,,78793.19278562842,78915927.53877336,0.0,0.0,60,0.0
10-215-01196,BIHAR,Darbhanga,Gora Bauram,0,0,,195,10,1196,,99804.03366816713,145653476.81698695,0.0,0.0,104,0.0
10-215-01197,BIHAR,Darbhanga,Kusheshwar Asthan,0,0,,195,10,1197,,87220.16498537568,144130520.9401011,0.0,0.0,107,0.0
10-215-01198,BIHAR,Darbhanga,Kusheshwar Asthan Purbi,0,0,,195,10,1198,,91858.86035222423,150084285.43545517,0.0,0.0,112,0.0
10-216-01200,BIHAR,Muzaffarpur,Baruraj (Motipur),0,0,,208,10,1200,,125110.13599018812,365259305.4740948,0.0,0.0,263,0.0
10-216-01201,BIHAR,Muzaffarpur,Paroo,0,0,,208,10,1201,,136934.87791145188,413033977.3448192,0.0,0.0,295,0.0
10-216-01202,BIHAR,Muzaffarpur,Saraiya,0,0,,208,10,1202,,155820.80051537574,301402655.1404849,0.0,0.0,218,0.0
10-216-01203,BIHAR,Muzaffarpur,Marwan,0,0,,208,10,1203,,84959.92762229654,138736310.53842777,0.0,0.0,101,0.0
10-216-01204,BIHAR,Muzaffarpur,Kanti,0,0,,208,10,1204,,97122.90469976026,124757584.36625764,0.0,0.0,91,0.0
10-216-01205,BIHAR,Muzaffarpur,Minapur,0,0,,208,10,1205,,166218.11946715685,316124209.98756105,0.0,0.0,228,0.0
10-216-01206,BIHAR,Muzaffarpur,Bochaha,0,0,,208,10,1206,,126044.68100944142,233148755.94160384,0.0,0.0,167,0.0
10-216-01207,BIHAR,Muzaffarpur,Aurai,0,0,,208,10,1207,,101267.16719990574,247748190.77792475,0.0,0.0,177,0.0
10-216-01208,BIHAR,Muzaffarpur,Katra,0,0,,208,10,1208,,118891.9342746819,235108975.17115793,0.0,0.0,171,0.0
10-216-01209,BIHAR,Muzaffarpur,Gaighat,0,0,,208,10,1209,,111008.49869520529,259762671.68662548,0.0,0.0,191,0.0
10-216-01213,BIHAR,Muzaffarpur,Kurhani,0,0,,208,10,1213,,108106.10574110712,256354911.2077163,0.0,0.0,187,0.0
10-216-01214,BIHAR,Muzaffarpur,Sakra,0,0,,208,10,1214,,105121.4777371614,236360031.18726787,0.0,0.0,175,0.0
10-217-01215,BIHAR,Gopalganj,Katiya,0,0,,197,10,1215,,94755.55253264701,158441587.458013,0.0003870036254882813,0.0003040742771693639,112,0.034056319042968755
10-217-01216,BIHAR,Gopalganj,Bijaipur,0,0,,197,10,1216,,81309.59717969262,163112176.36717936,0.0003870036254882813,0.0003870036254882813,120,0.04644043505859376
10-217-01217,BIHAR,Gopalganj,Bhorey,0,0,,197,10,1217,,78790.65552761848,196013266.46535653,0.0003870036254882813,0.00020156438827514651,144,0.029025271911621096
10-217-01218,BIHAR,Gopalganj,Pach Deuri,0,0,,197,10,1218,,53698.212932643866,118295317.11973979,0.0,0.0,85,0.0
10-217-01219,BIHAR,Gopalganj,Kuchaikote,0,0,,197,10,1219,,101077.28158428885,316078491.04748106,0.0,0.0,226,0.0
10-217-01220,BIHAR,Gopalganj,Phulwaria,0,0,,197,10,1220,,81339.22200232239,118763292.85091434,0.0,0.0,89,0.0
10-217-01221,BIHAR,Gopalganj,Hathua,0,0,,197,10,1221,,91546.96202775641,183613061.83342972,0.0005049837208938599,0.00033400498074869476,127,0.04241863255508423
10-217-01222,BIHAR,Gopalganj,Uchkagaon,0,0,,197,10,1222,,80102.93001981139,142235093.67043933,0.0005049837208938599,3.334798156846245e-05,106,0.003534886046257019
10-217-01223,BIHAR,Gopalganj,Thawe,0,0,,197,10,1223,,57244.55575246375,89300191.60424533,0.0005049837208938599,7.89037063896656e-06,64,0.0005049837208938599
10-217-01224,BIHAR,Gopalganj,Gopalganj,0,0,,197,10,1224,,110313.13172782106,244420793.60160467,0.0,0.0,182,0.0
10-218-01232,BIHAR,Siwan,Goriakothi,0,0,,222,10,1232,,73201.39147651673,174963939.23516312,0.0,0.0,127,0.0
10-217-01225,BIHAR,Gopalganj,Manjha,0,0,,197,10,1225,,80242.78538873792,179389027.9828925,0.0,0.0,131,0.0
10-217-01226,BIHAR,Gopalganj,Barauli,0,0,,197,10,1226,,105754.79057670098,232227972.12586737,0.0,0.0,170,0.0
10-217-01228,BIHAR,Gopalganj,Baikunthpur,0,0,,197,10,1228,,97825.58906166903,256614409.24172768,0.0,0.0,185,0.0
10-218-01229,BIHAR,Siwan,Nautan,0,0,,222,10,1229,,58324.35348563096,81827813.66620097,0.0005049837208938599,0.0005049837208938599,58,0.029289055811843875
10-218-01230,BIHAR,Siwan,Siwan,0,0,,222,10,1230,,92599.06904644772,168879532.28230655,0.0005049837208938599,0.00046218849030963446,118,0.05453824185653686
10-218-01235,BIHAR,Siwan,Bhagwanpur Hat,0,0,,222,10,1235,,86430.4184146014,189582799.91524476,0.0005104636080551148,8.13782563566125e-05,138,0.011230199377212525
10-218-01231,BIHAR,Siwan,Barharia,0,0,,222,10,1231,,90315.6629531122,219606934.01516393,0.0005049837208938599,9.468444766759873e-06,160,0.0015149511626815796
10-218-01233,BIHAR,Siwan,Lakri Nabiganj,0,0,,222,10,1233,,79648.98713303795,120773104.6039552,0.0,0.0,88,0.0
10-218-01234,BIHAR,Siwan,Basantpur,0,0,,222,10,1234,,57871.378293950496,76675463.02480637,0.0,0.0,56,0.0
10-218-01236,BIHAR,Siwan,Maharajganj,0,0,,222,10,1236,,119387.58843212528,142817377.5161484,0.0005104636080551148,0.00019328233703057746,103,0.019908080714149477
10-218-01237,BIHAR,Siwan,Pachrukhi,0,0,,222,10,1237,,99183.2392802834,160709761.40986398,0.0005049837208938599,2.1580500892899996e-05,117,0.0025249186044692994
10-218-01238,BIHAR,Siwan,Hussainganj,0,0,,222,10,1238,,68784.84800107122,105975934.30464326,0.0005049837208938599,0.0004452600987542642,74,0.03294924730781555
10-218-01239,BIHAR,Siwan,Ziradei,0,0,,222,10,1239,,98825.50869312549,152221780.48504183,0.0005049837208938599,0.0005041285896524654,111,0.05595827345142365
10-218-01240,BIHAR,Siwan,Mairwa,0,0,,222,10,1240,,65279.2242200428,88898123.37504825,0.0005702605603027344,0.0005079508499578996,66,0.03352475609722137
10-218-01242,BIHAR,Siwan,Darauli,0,0,,222,10,1242,,90305.00161970501,214758375.6239279,0.0007895994892883301,0.0005206209277895035,155,0.08069624380737304
10-218-01241,BIHAR,Siwan,Guthani,0,0,,222,10,1241,,78778.78773845347,115110806.99004474,0.0005702605603027344,0.000565484206199646,82,0.04636970490837097
10-219-01248,BIHAR,Saran,Mashrakh,0,0,,218,10,1248,,82075.7710341599,165898243.02109933,0.0,0.0,121,0.0
10-218-01243,BIHAR,Siwan,Andar,0,0,,222,10,1243,,83358.60866933218,125625010.62434034,0.0005049837208938599,0.0004209744482478877,87,0.03662477699756623
10-219-01249,BIHAR,Saran,Panapur,0,0,,218,10,1249,,75875.09329534958,182360909.7404776,0.0,0.0,128,0.0
10-218-01244,BIHAR,Siwan,Raghunathpur,0,0,,222,10,1244,,87824.68008836384,193566358.3438411,0.00041006415309906004,0.00041006415309906004,143,0.058639173893165586
10-219-01250,BIHAR,Saran,Taraiya,0,0,,218,10,1250,,53629.0613522338,97307015.09151264,0.0,0.0,74,0.0
10-218-01245,BIHAR,Siwan,Hasanpura,0,0,,222,10,1245,,82786.09108287447,121956119.03175904,0.0005104636080551148,0.00045603019369322683,87,0.039674626851310735
10-219-01251,BIHAR,Saran,Ishupur,0,0,,218,10,1251,,62425.60798229613,109300191.56908256,0.0,0.0,76,0.0
10-218-01246,BIHAR,Siwan,Daraundha,0,0,,222,10,1246,,105400.53795370483,157911066.26165873,0.0005104636080551148,0.0004438813983087955,115,0.05104636080551148
10-219-01256,BIHAR,Saran,Jalalpur,0,0,,218,10,1256,,65042.73641147566,147549697.72689733,0.0010504509843158722,0.0003366018310217138,106,0.035679794088301665
10-218-01247,BIHAR,Siwan,Siswan,0,0,,222,10,1247,,98184.39847010886,155554872.77293277,0.0005104636080551148,0.000480615121446558,111,0.05334827848056794
10-219-01259,BIHAR,Saran,Nagra,0,0,,218,10,1259,,43289.948409307304,65110006.46242106,0.0008617542535352709,0.00036670393767458334,47,0.017235085070705418
10-219-01252,BIHAR,Saran,Baniapur,0,0,,218,10,1252,,89199.8841803021,219417775.87250236,0.0005104636080551148,1.2526714308100977e-05,163,0.002041854432220459
10-219-01253,BIHAR,Saran,Lahladpur,0,0,,218,10,1253,,49287.19248841685,70233795.44130237,0.0005104636080551148,0.000275650348349762,50,0.0137825174174881
10-219-01254,BIHAR,Saran,Ekma,0,0,,218,10,1254,,99716.17236158185,176114988.01319405,0.0005104636080551148,0.0005104636080551148,128,0.06533934183105469
10-219-01255,BIHAR,Saran,Manjhi,0,0,,218,10,1255,,127085.43562979231,244607530.98349065,0.0010504509843158722,0.0006276248938460881,180,0.11297248089229585
10-219-01257,BIHAR,Saran,Revelganj,0,0,,218,10,1257,,84877.1419542779,179359801.45379385,0.0010504509843158722,0.000876849991997719,125,0.10960624899971487
10-219-01258,BIHAR,Saran,Chapra,0,0,,218,10,1258,,119729.94798472138,239470568.44351175,0.0008617542535352709,0.0008078946126893164,176,0.14218945183331969
10-219-01260,BIHAR,Saran,Marhaura,0,0,,218,10,1260,,87240.95030017926,190752130.05196184,0.0008617542535352709,2.5160708132416667e-05,137,0.0034470170141410834
10-219-01261,BIHAR,Saran,Amnour,0,0,,218,10,1261,,94922.90618840617,160109081.4065653,0.0008617542535352709,1.460600429720798e-05,118,0.0017235085070705417
10-219-01263,BIHAR,Saran,Parsa,0,0,,218,10,1263,,85595.91054800974,122749042.93573296,0.0,0.0,88,0.0
10-219-01266,BIHAR,Saran,Dighwara,0,0,,218,10,1266,,81943.45164265168,101347015.6655549,0.0,0.0,72,0.0
10-219-01264,BIHAR,Saran,Dariapur,0,0,,218,10,1264,,115477.27251924115,281302380.67878103,0.0,0.0,202,0.0
10-219-01265,BIHAR,Saran,Garkha,0,0,,218,10,1265,,90147.74693968748,213336409.9887166,0.0008617542535352709,0.0004420687404499116,154,0.06807858602928639
10-220-01269,BIHAR,Vaishali,Paterhi Belsar,0,0,,224,10,1269,,56227.36197278124,93522597.26160131,0.0,0.0,69,0.0
10-219-01267,BIHAR,Saran,Sonepur,0,0,,218,10,1267,,70412.64000247594,214865144.18564072,0.0,0.0,162,0.0
10-220-01268,BIHAR,Vaishali,Vaishali,0,0,,224,10,1268,,72706.90824879723,158663399.21103516,0.0,0.0,114,0.0
10-220-01270,BIHAR,Vaishali,Lalganj,0,0,,224,10,1270,,89595.71916906572,184177988.41986412,0.0,0.0,133,0.0
10-221-01294,BIHAR,Samastipur,Mohiuddinagar,0,0,,217,10,1294,,80607.53716768604,178536106.2701614,0.0,0.0,130,0.0
10-220-01271,BIHAR,Vaishali,Bhagwanpur,0,0,,224,10,1271,,98965.72708266653,142473218.81446454,0.0,0.0,102,0.0
10-220-01272,BIHAR,Vaishali,Goraul,0,0,,224,10,1272,,101989.77906286377,122446101.92943335,0.0,0.0,87,0.0
10-220-01273,BIHAR,Vaishali,Chehra Kalan,0,0,,224,10,1273,,63204.34388206024,89818122.94593617,0.0,0.0,66,0.0
10-220-01277,BIHAR,Vaishali,Raja Pakar,0,0,,224,10,1277,,58946.08844196175,93673217.82917874,0.0,0.0,72,0.0
10-220-01274,BIHAR,Vaishali,Patepur,0,0,,224,10,1274,,118180.33822078991,317029999.71255994,0.0,0.0,234,0.0
10-220-01275,BIHAR,Vaishali,Mahua,0,0,,224,10,1275,,86273.82517515696,171155586.12447235,0.0,0.0,125,0.0
10-220-01276,BIHAR,Vaishali,Jandaha,0,0,,224,10,1276,,99044.76663725945,179891527.10359335,0.0,0.0,128,0.0
10-220-01278,BIHAR,Vaishali,Hajipur,0,0,,224,10,1278,,80048.24731377292,194916759.16986817,0.0,0.0,140,0.0
10-220-01280,BIHAR,Vaishali,Bidupur,0,0,,224,10,1280,,88122.3198685409,139375575.9420912,0.0,0.0,99,0.0
10-220-01279,BIHAR,Vaishali,Raghopur,0,0,,224,10,1279,,128641.49950069311,338499790.0832371,0.0,0.0,246,0.0
10-220-01281,BIHAR,Vaishali,Desri,0,0,,224,10,1281,,50183.809114488824,56627949.53624974,0.0,0.0,43,0.0
10-221-01284,BIHAR,Samastipur,Kalyanpur,0,0,,217,10,1284,,147387.26660455638,294821482.9966942,0.0,0.0,214,0.0
10-221-01286,BIHAR,Samastipur,Shivaji Nagar,0,0,,217,10,1286,,96209.25031894707,172333979.18990555,0.0,0.0,130,0.0
10-221-01288,BIHAR,Samastipur,Samastipur,0,0,,217,10,1288,,112474.97484539819,170577777.20953664,0.0,0.0,123,0.0
10-221-01289,BIHAR,Samastipur,Pusa,0,0,,217,10,1289,,64081.7615729533,95008289.7510354,0.0,0.0,65,0.0
10-221-01291,BIHAR,Samastipur,Morwa,0,0,,217,10,1291,,104551.97847793197,152111293.7773472,0.0,0.0,106,0.0
10-221-01292,BIHAR,Samastipur,Patori,0,0,,217,10,1292,,69422.25062895294,130638318.44440164,0.0,0.0,93,0.0
10-221-01295,BIHAR,Samastipur,Sarairanjan,0,0,,217,10,1295,,96463.23467310029,185572344.2706523,0.0,0.0,145,0.0
10-221-01296,BIHAR,Samastipur,Vidyapati Nagar,0,0,,217,10,1296,,62930.2690484309,106322816.42401849,0.0,0.0,75,0.0
10-221-01297,BIHAR,Samastipur,Dalsinghsarai,0,0,,217,10,1297,,80515.23552986495,118201268.21451648,0.0,0.0,89,0.0
10-221-01298,BIHAR,Samastipur,Ujiarpur,0,0,,217,10,1298,,81756.09445970641,209497824.1015558,0.0,0.0,149,0.0
10-221-01300,BIHAR,Samastipur,Rosera,0,0,,217,10,1300,,84599.34785899956,138535375.895554,0.0,0.0,97,0.0
10-221-01299,BIHAR,Samastipur,Bibhutpur,0,0,,217,10,1299,,96600.53522783429,258332531.194082,0.0,0.0,187,0.0
10-221-01301,BIHAR,Samastipur,Singhia,0,0,,217,10,1301,,76055.88015393679,178639507.67998633,0.0,0.0,128,0.0
10-222-01307,BIHAR,Begusarai,Cheria Bariarpur,0,0,,191,10,1307,,80422.0696045629,127840547.1243011,0.0,0.0,89,0.0
10-221-01302,BIHAR,Samastipur,Hasanpur,0,0,,217,10,1302,,122795.93417076243,188091095.39019313,0.0,0.0,138,0.0
10-221-01303,BIHAR,Samastipur,Bithan,0,0,,217,10,1303,,72838.55780104545,149849875.79630712,0.0,0.0,109,0.0
10-222-01304,BIHAR,Begusarai,Khudabandpur,0,0,,191,10,1304,,49522.71992212785,59617610.47663844,0.0,0.0,39,0.0
10-222-01305,BIHAR,Begusarai,Chhorahi,0,0,,191,10,1305,,96201.09768359947,128309829.49376953,0.0,0.0,94,0.0
10-222-01306,BIHAR,Begusarai,Garhpura,0,0,,191,10,1306,,69581.28073662621,88651595.91159394,0.0,0.0,68,0.0
10-222-01308,BIHAR,Begusarai,Bhagwanpur,0,0,,191,10,1308,,102620.52088176137,147276258.21886113,0.0,0.0,106,0.0
10-223-01324,BIHAR,Khagaria,Mansi,0,0,,202,10,1324,,70720.37786012898,86151878.56106131,0.0,0.0,69,0.0
10-222-01309,BIHAR,Begusarai,Mansurchak,0,0,,191,10,1309,,55538.61039021854,42158333.283958256,0.0,0.0,31,0.0
10-224-01333,BIHAR,Bhagalpur,Rangra Chowk,0,0,,192,10,1333,,56200.86409227388,97946271.45940188,0.0,0.0,71,0.0
10-222-01310,BIHAR,Begusarai,Bachhwara,0,0,,191,10,1310,,112893.55520851951,186501763.14040864,0.0,0.0,138,0.0
10-222-01311,BIHAR,Begusarai,Teghra,0,0,,191,10,1311,,93442.93751421869,180050069.66821858,0.0,0.0,129,0.0
10-222-01312,BIHAR,Begusarai,Barauni,0,0,,191,10,1312,,90573.71511882372,141812926.41245717,0.0,0.0,102,0.0
10-222-01313,BIHAR,Begusarai,Birpur,0,0,,191,10,1313,,69057.86510087451,64693086.30641256,0.0,0.0,53,0.0
10-222-01314,BIHAR,Begusarai,Begusarai,0,0,,191,10,1314,,114572.02827886646,273941103.5239774,0.0,0.0,200,0.0
10-222-01315,BIHAR,Begusarai,Naokothi,0,0,,191,10,1315,,61794.845266753924,91575422.87048158,0.0,0.0,64,0.0
10-222-01316,BIHAR,Begusarai,Bakhri,0,0,,191,10,1316,,74902.13049058078,94921186.04856166,0.0,0.0,66,0.0
10-222-01317,BIHAR,Begusarai,Dandari,0,0,,191,10,1317,,77075.31892237118,85364223.36403492,0.0,0.0,65,0.0
10-222-01318,BIHAR,Begusarai,Sahebpur Kamal,0,0,,191,10,1318,,97820.3506924087,179327758.1582562,0.0,0.0,131,0.0
10-222-01319,BIHAR,Begusarai,Balia,0,0,,191,10,1319,,95726.56851828664,181873531.04775092,0.0,0.0,133,0.0
10-222-01320,BIHAR,Begusarai,Matihani,0,0,,191,10,1320,,104199.58891726227,214311339.790948,0.0,0.0,157,0.0
10-222-01321,BIHAR,Begusarai,Shamho Akha Kurha,0,0,,191,10,1321,,47884.70174269599,82130306.58899558,0.0,0.0,58,0.0
10-223-01322,BIHAR,Khagaria,Alauli,0,0,,202,10,1322,,117176.16085281859,337532903.06560946,0.0,0.0,244,0.0
10-223-01323,BIHAR,Khagaria,Khagaria,0,0,,202,10,1323,,164255.4907534744,325761754.1557925,0.0,0.0,229,0.0
10-223-01325,BIHAR,Khagaria,Chautham,0,0,,202,10,1325,,88833.5659059585,205164632.7891582,0.0,0.0,148,0.0
10-228-01376,BIHAR,Sheikhpura,Chewara,0,0,,219,10,1376,,77279.14911837938,141385828.1075451,0.0006408706493997574,0.0006360849604190437,103,0.0655167509231615
10-223-01326,BIHAR,Khagaria,Beldaur,0,0,,202,10,1326,,101449.44415348554,276820454.1841197,0.0,0.0,203,0.0
10-223-01327,BIHAR,Khagaria,Gogri,0,0,,202,10,1327,,109725.85953588395,321971045.3784509,0.0,0.0,231,0.0
10-223-01328,BIHAR,Khagaria,Parbatta,0,0,,202,10,1328,,89952.53209418767,286770838.53234714,0.0,0.0,215,0.0
10-224-01329,BIHAR,Bhagalpur,Narayanpur,0,0,,192,10,1329,,96964.50839109154,173637043.38008544,0.0,0.0,125,0.0
10-224-01330,BIHAR,Bhagalpur,Bihpur,0,0,,192,10,1330,,98960.16392998041,189427956.2070791,0.0,0.0,141,0.0
10-234-01472,BIHAR,Rohtas,Akorhi Gola,0,0,,215,10,1472,,71741.57946050014,124356844.03544964,0.0011382495416259767,0.0011382495416259767,94,0.10699545691284182
10-224-01331,BIHAR,Bhagalpur,Kharik,0,0,,192,10,1331,,103106.05203500649,169292223.68779984,0.0,0.0,125,0.0
10-224-01332,BIHAR,Bhagalpur,Naugachhia,0,0,,192,10,1332,,91833.23423872421,134223697.96961665,0.0,0.0,95,0.0
10-224-01335,BIHAR,Bhagalpur,Pirpainti,0,0,,192,10,1335,,138631.2255747686,411429376.6216011,0.0,0.0,294,0.0
10-224-01336,BIHAR,Bhagalpur,Kahalgaon,0,0,,192,10,1336,,128722.99744742387,352186242.20537144,0.0,0.0,255,0.0
10-224-01337,BIHAR,Bhagalpur,Ismailpur,0,0,,192,10,1337,,66332.03197363381,102752037.41138108,0.0,0.0,75,0.0
10-224-01338,BIHAR,Bhagalpur,Sabour,0,0,,192,10,1338,,85492.0541239663,141198925.34276122,0.0,0.0,102,0.0
10-226-01359,BIHAR,Munger,Dharhara,0,0,,207,10,1359,,105188.90103685112,355220468.750446,0.0,0.0,262,0.0
10-224-01339,BIHAR,Bhagalpur,Nathnagar,0,0,,192,10,1339,,105259.93673308079,163498377.60317266,0.0,0.0,117,0.0
10-226-01360,BIHAR,Munger,Kharagpur,0,0,,207,10,1360,,169586.30903503796,398589433.5102216,0.0,0.0,291,0.0
10-224-01340,BIHAR,Bhagalpur,Sultanganj,0,0,,192,10,1340,,139861.1879796442,266407467.3450057,0.0,0.0,198,0.0
10-224-01341,BIHAR,Bhagalpur,Shahkund,0,0,,192,10,1341,,93276.90256650816,208798734.37786233,0.0,0.0,153,0.0
10-224-01342,BIHAR,Bhagalpur,Goradih,0,0,,192,10,1342,,106918.08891287447,178026414.43832883,0.0,0.0,128,0.0
10-224-01343,BIHAR,Bhagalpur,Jagdishpur,0,0,,192,10,1343,,107045.71303668506,127447147.46016994,0.0,0.0,95,0.0
10-224-01344,BIHAR,Bhagalpur,Sonhaula,0,0,,192,10,1344,,84463.86530366821,214425428.57327408,0.0,0.0,160,0.0
10-225-01345,BIHAR,Banka,Shambhuganj,0,0,,190,10,1345,,85765.27415008907,217970788.89652416,0.0,0.0,157,0.0
10-225-01346,BIHAR,Banka,Amarpur,0,0,,190,10,1346,,98000.87839154692,234663534.19316816,0.0,0.0,176,0.0
10-225-01347,BIHAR,Banka,Rajaun,0,0,,190,10,1347,,86718.04358754268,242814641.5593075,0.0,0.0,179,0.0
10-226-01363,BIHAR,Munger,Tetiha Bambor,0,0,,207,10,1363,,73286.15332623897,95190725.80042528,0.0,0.0,70,0.0
10-225-01348,BIHAR,Banka,Dhuraiya,0,0,,190,10,1348,,106681.6377356153,285703540.38620996,0.0,0.0,208,0.0
10-225-01349,BIHAR,Banka,Barahat,0,0,,190,10,1349,,122910.23058217819,181202001.14064544,0.0,0.0,129,0.0
10-225-01350,BIHAR,Banka,Banka,0,0,,190,10,1350,,137083.07375503817,365153241.48788345,0.0,0.0,275,0.0
10-225-01351,BIHAR,Banka,Phulidumar,0,0,,190,10,1351,,117105.67306472127,248400685.45023423,0.0,0.0,176,0.0
10-225-01352,BIHAR,Banka,Belhar,0,0,,190,10,1352,,118426.40149548957,290570448.277483,0.0006279998039245606,6.456072750626323e-05,214,0.013815995686340333
10-225-01353,BIHAR,Banka,Chanan,0,0,,190,10,1353,,169565.08902723462,550876204.0147796,0.0006858762075805664,0.0003439178890813965,403,0.13859890929980279
10-225-01354,BIHAR,Banka,Katoria,0,0,,190,10,1354,,180268.89530762268,687665367.2781417,0.0006858762075805664,5.875035244216007e-05,502,0.029492676925964356
10-225-01355,BIHAR,Banka,Bausi,0,0,,190,10,1355,,109314.78149810205,385846183.7170387,0.0,0.0,284,0.0
10-226-01356,BIHAR,Munger,Munger,0,0,,207,10,1356,,162390.1628928388,306519605.49277806,0.0,0.0,227,0.0
10-226-01357,BIHAR,Munger,Bariarpur,0,0,,207,10,1357,,122433.4478606843,198040113.63802013,0.0,0.0,143,0.0
10-226-01358,BIHAR,Munger,Jamalpur,0,0,,207,10,1358,,72817.19566814511,112971204.64248075,0.0,0.0,79,0.0
10-226-01361,BIHAR,Munger,Asarganj,0,0,,207,10,1361,,61173.52838786665,72491453.98190036,0.0,0.0,52,0.0
10-226-01362,BIHAR,Munger,Tarapur,0,0,,207,10,1362,,54416.57713098438,86962445.68425661,0.0,0.0,62,0.0
10-226-01364,BIHAR,Munger,Sangrampur,0,0,,207,10,1364,,71205.18318302365,105786037.21986651,0.0,0.0,80,0.0
10-227-01366,BIHAR,Lakhisarai,Pipariya,0,0,,204,10,1366,,87968.2901826016,106258171.87143916,0.0,0.0,76,0.0
10-227-01365,BIHAR,Lakhisarai,Barahiya,0,0,,204,10,1365,,95965.48426593257,248505135.43154767,0.0,0.0,179,0.0
10-227-01367,BIHAR,Lakhisarai,Surajgarha,0,0,,204,10,1367,,140312.1609931406,462726462.37366486,0.0006513568978404999,8.620900118477205e-05,340,0.029311060402822497
10-227-01368,BIHAR,Lakhisarai,Lakhisarai,0,0,,204,10,1368,,117670.76745524361,181316338.94823277,0.0006513568978404999,6.769660027758519e-05,133,0.009003647836918831
10-227-01369,BIHAR,Lakhisarai,Chanan*,0,0,,204,10,1369,,86014.87070350182,177670731.10250506,0.0006513568978404999,0.0005292274794954062,128,0.067741117375412
10-228-01375,BIHAR,Sheikhpura,Ghat Kusumbha,0,0,,219,10,1375,,80592.24583619394,99088070.68237934,0.0,0.0,70,0.0
10-227-01370,BIHAR,Lakhisarai,Ramgarh Chowk,0,0,,204,10,1370,,98990.57354622113,128567389.13844268,0.0006513568978404999,0.0005943733535173092,94,0.05587109523062706
10-227-01371,BIHAR,Lakhisarai,Halsi,0,0,,204,10,1371,,82594.8188222393,191441208.6304817,0.0006513568978404999,0.0006413232932173434,139,0.08914393775721073
10-228-01372,BIHAR,Sheikhpura,Barbigha,0,0,,219,10,1372,,83879.7675047183,115941853.486741,0.0,0.0,81,0.0
10-228-01373,BIHAR,Sheikhpura,Shekhopur Sarai,0,0,,219,10,1373,,59774.96229914819,65955650.61796794,0.0006000795133399964,0.00022532489282311337,45,0.010139620177040102
10-228-01374,BIHAR,Sheikhpura,Sheikhpura,0,0,,219,10,1374,,119718.3677454689,225551054.81458032,0.0006408706493997574,0.00014344792407551936,170,0.02438614709283829
10-228-01377,BIHAR,Sheikhpura,Ariari,0,0,,219,10,1377,,87552.5859976097,183445963.63454768,0.0006408706493997574,0.0005599156551457149,137,0.07670844475496294
10-229-01378,BIHAR,Nalanda,Karai Parsurai,0,0,,209,10,1378,,58523.47447411047,82148146.79064696,0.00027210917303085324,0.00012244912786388396,60,0.0073469476718330375
10-229-01379,BIHAR,Nalanda,Nagar Nausa,0,0,,209,10,1379,,82570.35159490984,108015836.82811198,0.0004582933677101136,0.0001385610669236183,80,0.011084885353889464
10-229-01380,BIHAR,Nalanda,Harnaut,0,0,,209,10,1380,,124869.90123154312,224385440.0517296,0.0004582933677101136,0.00015940638876873515,161,0.02566442859176636
10-229-01381,BIHAR,Nalanda,Chandi,0,0,,209,10,1381,,70527.81459673235,147156102.481168,0.0004582933677101136,0.0004204526309267097,109,0.04582933677101136
10-229-01382,BIHAR,Nalanda,Rahui,0,0,,209,10,1382,,77076.6108369453,152249665.90613127,0.0004582933677101136,0.0004413195392764056,108,0.04766251024185181
10-229-01383,BIHAR,Nalanda,Bind,0,0,,209,10,1383,,70364.80140905235,88091657.81671415,0.0,0.0,66,0.0
10-229-01384,BIHAR,Nalanda,Sarmera,0,0,,209,10,1384,,91044.34634338948,167201876.42476654,0.0,0.0,123,0.0
10-229-01385,BIHAR,Nalanda,Asthawan,0,0,,209,10,1385,,92263.18064708126,171325630.7179731,0.0005587163218975068,8.673613055915835e-05,125,0.010842016319894794
10-229-01387,BIHAR,Nalanda,Noorsarai,0,0,,209,10,1387,,78528.62700534344,151514769.88009417,0.0004582933677101136,0.0004582933677101135,114,0.052245443918952944
10-229-01386,BIHAR,Nalanda,Bihar,0,0,,209,10,1386,,98561.8371020671,215840179.0991975,0.0006000795133399964,0.0004526274907534123,160,0.07242039852054596
10-229-01390,BIHAR,Nalanda,Hilsa,0,0,,209,10,1390,,93433.88804652911,175765721.10991755,0.00027210917303085324,0.00027210917303085324,131,0.035646301667041774
10-229-01391,BIHAR,Nalanda,Ekangarsarai,0,0,,209,10,1391,,87121.32234693572,166605847.460251,0.00027210917303085324,0.0002721091730308532,122,0.03319731910976409
10-229-01392,BIHAR,Nalanda,Islampur,0,0,,209,10,1392,,109868.69145522316,273834151.4326934,0.0007269954874420167,0.000541758276934378,194,0.10510110572526934
10-229-01393,BIHAR,Nalanda,Ben,0,0,,209,10,1393,,66947.54721379357,127526149.56798536,0.0007269954874420167,0.0004614487441115684,94,0.04337618194648743
10-230-01398,BIHAR,Patna,Maner,0,0,,212,10,1398,,96133.56350709034,213315300.3597084,0.0009705452578735352,0.00029890966286708786,154,0.04603208808153153
10-229-01394,BIHAR,Nalanda,Rajgir,0,0,,209,10,1394,,88740.45664753366,198129288.77271983,0.0007269954874420167,0.0006536086996959506,147,0.09608047885530473
10-229-01395,BIHAR,Nalanda,Silao,0,0,,209,10,1395,,79220.42929786978,154752836.13944647,0.0006000795133399964,0.0005752047509487889,114,0.06557334160816193
10-229-01396,BIHAR,Nalanda,Giriak,0,0,,209,10,1396,,88347.46773236175,99576022.5731765,0.0006000795133399964,0.0006000795133399964,73,0.04380580447381974
10-229-01397,BIHAR,Nalanda,Katrisarai,0,0,,209,10,1397,,38918.76300208476,48673462.28309288,0.0006000795133399964,0.0005897387154793739,36,0.02123059375725746
10-230-01399,BIHAR,Patna,Dinapur-Cum-Khagaul,0,0,,212,10,1399,,78598.21354533077,184765788.04152673,0.0009705452578735352,0.00028756896529586227,135,0.038821810314941405
10-234-01474,BIHAR,Rohtas,Tilouthu,0,0,,215,10,1474,,73885.57639601533,193504401.97342023,0.0009005850514221192,0.0008332849421752521,140,0.1166598919045353
10-230-01400,BIHAR,Patna,Patna Rural,0,0,,212,10,1400,,87518.10425735511,179850223.48881748,0.0009705452578735352,0.00017040107580985732,131,0.02232254093109131
10-230-01401,BIHAR,Patna,Sampatchak,0,0,,212,10,1401,,53219.7118618291,78902366.60372826,0.0009705452578735352,3.4054219574510005e-05,57,0.0019410905157470704
10-230-01406,BIHAR,Patna,Dulhin Bazar,0,0,,212,10,1406,,77792.54009458271,136539622.4680228,0.0010307598936367035,0.0009054183691124966,99,0.08963641854213716
10-230-01402,BIHAR,Patna,Phulwari,0,0,,212,10,1402,,70659.26045014715,135940825.49713776,0.0009705452578735352,0.0009301058721288045,96,0.08929016372436523
10-230-01413,BIHAR,Patna,Khusrupur,0,0,,212,10,1413,,46143.60198551767,78201544.387751,0.0,0.0,58,0.0
10-230-01403,BIHAR,Patna,Bihta,0,0,,212,10,1403,,116564.9809665079,244879174.98088208,0.0009705452578735352,0.0008466701677702025,182,0.15409397053417684
10-230-01415,BIHAR,Patna,Athmalgola,0,0,,212,10,1415,,47997.69261940102,62827293.65665197,0.0,0.0,47,0.0
10-230-01404,BIHAR,Patna,Naubatpur,0,0,,212,10,1404,,105087.74367689912,205320191.59612688,0.0009705452578735352,0.000970545257873535,153,0.14849342445465086
10-230-01405,BIHAR,Patna,Bikram,0,0,,212,10,1405,,86626.03512108007,186422313.04867813,0.0009705452578735352,0.0008260561038053472,137,0.11316968622133257
10-234-01475,BIHAR,Rohtas,Rohtas,0,0,,215,10,1475,,88257.59288547112,389741138.17794544,0.0010804973847198486,0.0008903803545991331,288,0.2564295421245503
10-230-01407,BIHAR,Patna,Paliganj,0,0,,212,10,1407,,129476.3041410336,293354152.7667747,0.0010307598936367035,0.000951814765740154,214,0.20368835986839295
10-230-01408,BIHAR,Patna,Masaurhi,0,0,,212,10,1408,,108866.13277400887,248716954.87290823,0.0010307598936367035,0.0010104628254019275,178,0.1798623829215431
10-230-01409,BIHAR,Patna,Dhanarua,0,0,,212,10,1409,,95102.40821522896,225577653.19725513,0.0010307598936367035,0.0006330243914697214,163,0.10318297580956459
10-230-01410,BIHAR,Patna,Punpun,0,0,,212,10,1410,,82554.93388622913,161116560.78819045,0.0009705452578735352,0.0006579967849990069,118,0.07764362062988281
10-230-01411,BIHAR,Patna,Fatwah,0,0,,212,10,1411,,97950.27190535897,155697451.47083917,0.0,0.0,115,0.0
10-230-01412,BIHAR,Patna,Daniawan,0,0,,212,10,1412,,69689.77872311571,79566220.36857046,0.0,0.0,56,0.0
10-230-01414,BIHAR,Patna,Bakhtiarpur,0,0,,212,10,1414,,120205.01587822943,168153072.20481881,0.0,0.0,120,0.0
10-230-01416,BIHAR,Patna,Belchhi,0,0,,212,10,1416,,88573.78025963024,87443681.0926542,0.0,0.0,70,0.0
10-230-01417,BIHAR,Patna,Barh,0,0,,212,10,1417,,95365.9771693495,147280816.515725,0.0,0.0,104,0.0
10-230-01419,BIHAR,Patna,Ghoswari,0,0,,212,10,1419,,66454.95033385535,164897376.1169027,0.0,0.0,126,0.0
10-230-01418,BIHAR,Patna,Pandarak,0,0,,212,10,1418,,106894.44852036482,252509471.6555304,0.0,0.0,180,0.0
10-232-01438,BIHAR,Buxar,Chaugain,0,0,,194,10,1438,,52625.33924401454,66025696.44875917,0.0007148658303833008,0.0007148658303833008,49,0.03502842568878174
10-232-01439,BIHAR,Buxar,Kesath,0,0,,194,10,1439,,34661.84662025829,38236018.49691825,0.0007148658303833008,0.0007148658303833008,29,0.020731109081115723
10-230-01420,BIHAR,Patna,Mokameh,0,0,,212,10,1420,,127700.39840194934,244519830.48183808,0.0,0.0,181,0.0
10-231-01421,BIHAR,Bhojpur,Shahpur,0,0,,193,10,1421,,110658.91431619873,211766871.4500774,0.0010504509843158722,0.0009611601401101013,156,0.1499409818571758
10-234-01460,BIHAR,Rohtas,Suryapura,0,0,,215,10,1460,,56159.7630280001,69765063.31452103,0.0009650491131591798,0.0009650491131591798,47,0.04535730831848145
10-231-01422,BIHAR,Bhojpur,Arrah,0,0,,193,10,1422,,120924.06747051864,221925641.7145924,0.0010504509843158722,0.0008175213172878109,159,0.12998588944876194
10-231-01423,BIHAR,Bhojpur,Barhara,0,0,,193,10,1423,,128817.96875565937,258494738.36324885,0.0010504509843158722,0.0009210307134663498,191,0.1759168662720728
10-231-01424,BIHAR,Bhojpur,Koilwar,0,0,,193,10,1424,,94779.33453556667,208456312.66749656,0.0008617542535352709,0.0007885711967747964,149,0.11749710831944467
10-231-01425,BIHAR,Bhojpur,Sandesh,0,0,,193,10,1425,,60697.76797134289,164599530.19806212,0.0009422915277099611,0.0007950574516868592,118,0.09381677929904939
10-231-01426,BIHAR,Bhojpur,Udwant Nagar,0,0,,193,10,1426,,92445.60417460876,217797556.82002312,0.0007685553180027008,0.0007597933962359341,161,0.12232673679398538
10-234-01461,BIHAR,Rohtas,Bikramganj,0,0,,215,10,1461,,88556.32896667719,168723569.68103397,0.0009650491131591798,0.0009650491131591798,129,0.1244913355975342
10-231-01427,BIHAR,Bhojpur,Behea,0,0,,193,10,1427,,114516.77527652554,206091349.70539597,0.0010504509843158722,0.0007479221034202259,150,0.11218831551303388
10-231-01428,BIHAR,Bhojpur,Jagdishpur,0,0,,193,10,1428,,109726.00219208181,318463526.4488765,0.0007540123344516754,0.0007500633450061816,228,0.17101444266140942
10-231-01429,BIHAR,Bhojpur,Piro,0,0,,193,10,1429,,100703.96274410955,268205354.86689487,0.0009650491131591798,0.0008779013482394218,200,0.17558026964788437
10-234-01462,BIHAR,Rohtas,Karakat,0,0,,215,10,1462,,102232.22868007293,251121712.10833624,0.0011382495416259767,0.0009984238806321404,176,0.17572260299125672
10-231-01430,BIHAR,Bhojpur,Charpokhari,0,0,,193,10,1430,,88834.1327790213,135855258.49695313,0.0009083264082336425,0.0008628443654347468,95,0.08197021471630095
10-231-01431,BIHAR,Bhojpur,Garhani,0,0,,193,10,1431,,93054.52180151101,137128723.85739592,0.0009083264082336425,0.0007719906731447202,103,0.07951503933390618
10-231-01432,BIHAR,Bhojpur,Agiaon,0,0,,193,10,1432,,87534.07309197474,191419206.17039648,0.0009422915277099611,0.000889233739081664,139,0.1236034897323513
10-231-01433,BIHAR,Bhojpur,Tarari,0,0,,193,10,1433,,95157.98131215997,247108515.4982669,0.0009650491131591798,0.0009144152861635024,177,0.16185150565093992
10-231-01434,BIHAR,Bhojpur,Sahar,0,0,,193,10,1434,,61748.81499939302,157154129.14318892,0.0009422915277099611,0.0009138421113964634,117,0.10691952703338622
10-232-01435,BIHAR,Buxar,Simri,0,0,,194,10,1435,,87047.69219699135,222195796.247413,0.000738913383255005,0.0007219039422054407,164,0.11839224652169228
10-232-01436,BIHAR,Buxar,Chakki,0,0,,194,10,1436,,73799.54032015939,80420668.23199363,0.0007272108593511581,0.0007252819485749303,64,0.04641804470879554
10-232-01437,BIHAR,Buxar,Barhampur,0,0,,194,10,1437,,133928.15369382405,240152233.65370417,0.0010504509843158722,0.0007190177439783074,173,0.12439006970824719
10-232-01440,BIHAR,Buxar,Dumraon,0,0,,194,10,1440,,115797.88145848007,238641355.07175583,0.0007148658303833008,0.0006950984220216401,169,0.11747163332165718
10-232-01441,BIHAR,Buxar,Buxar,0,0,,194,10,1441,,90996.21871903203,211591033.38394436,0.000738913383255005,0.0006510732370985238,157,0.10221849822446824
10-232-01442,BIHAR,Buxar,Chausa,0,0,,194,10,1442,,99103.08457070828,138502720.57991108,0.0009243377335357665,0.0007315053199233295,107,0.07827106923179626
10-232-01443,BIHAR,Buxar,Rajpur,0,0,,194,10,1443,,121142.9666413415,336933113.12217736,0.0009243377335357665,0.0007588774719880162,245,0.18592498063706397
10-232-01444,BIHAR,Buxar,Itarhi,0,0,,194,10,1444,,109439.3274763228,293713382.2816445,0.000769529822845459,0.0006505119961132159,209,0.13595700718766213
10-232-01445,BIHAR,Buxar,Nawanagar,0,0,,194,10,1445,,126567.10382889764,229774401.79100823,0.0009650491131591798,0.0007447877875950492,169,0.12586913610356332
10-233-01446,BIHAR,Kaimur (Bhabua),Ramgarh,0,0,,200,10,1446,,124781.0721120257,206666195.02442607,0.0011690764613056183,0.0010005146885369788,151,0.1510777179690838
10-233-01447,BIHAR,Kaimur (Bhabua),Nuaon,0,0,,200,10,1447,,121732.74643995032,235834986.4758632,0.0009243377335357665,0.0009013105111723337,171,0.15412409741046906
10-233-01448,BIHAR,Kaimur (Bhabua),Kudra,0,0,,200,10,1448,,132624.50147962422,255577893.54332253,0.0010169202070999146,0.000978711567216298,189,0.1849764862038803
10-233-01449,BIHAR,Kaimur (Bhabua),Mohania,0,0,,200,10,1449,,142323.6809133636,349176573.6513165,0.0011690764613056183,0.0009882866775703801,256,0.2530013894580173
10-233-01450,BIHAR,Kaimur (Bhabua),Durgawati,0,0,,200,10,1450,,108544.41183902678,212580801.4059764,0.0011690764613056183,0.0011690764613056183,154,0.18003777504106522
10-233-01451,BIHAR,Kaimur (Bhabua),Chand,0,0,,200,10,1451,,97099.60209928264,257974481.1925409,0.0018750641143035888,0.001333741718202297,188,0.25074344302203183
10-233-01452,BIHAR,Kaimur (Bhabua),Chainpur,0,0,,200,10,1452,,170712.34536647963,555311526.8488017,0.0016445971989440921,0.0012401119610513927,407,0.5047255681479168
10-233-01453,BIHAR,Kaimur (Bhabua),Bhabua,0,0,,200,10,1453,,143727.89821118704,407618990.38615096,0.0012188290773010254,0.001103044961974185,301,0.3320165335542297
10-233-01454,BIHAR,Kaimur (Bhabua),Rampur,0,0,,200,10,1454,,126612.15498309073,210660395.23746365,0.0010493500239562989,0.0010273673964227765,149,0.1530777420669937
10-233-01455,BIHAR,Kaimur (Bhabua),Bhagwanpur,0,0,,200,10,1455,,134815.05705103654,292151198.96788174,0.0012188290773010254,0.0011642739719023864,211,0.24566180807140353
10-233-01456,BIHAR,Kaimur (Bhabua),Adhaura,0,0,,200,10,1456,,271357.2345421078,1135984955.9859164,0.0012188290773010254,0.0011081799563987889,833,0.9231139036801912
10-234-01457,BIHAR,Rohtas,Kochas,0,0,,215,10,1457,,90248.48407846906,187033418.62218276,0.0009243377335357665,0.0008176140981356304,132,0.10792506095390321
10-234-01458,BIHAR,Rohtas,Dinara,0,0,,215,10,1458,,157118.7651045217,464648316.8452498,0.0009650491131591798,0.000815399451071552,341,0.27805121281539924
10-234-01459,BIHAR,Rohtas,Dawath,0,0,,215,10,1459,,78120.6651060775,129910427.66035384,0.0009650491131591798,0.0009650491131591798,94,0.0907146166369629
10-234-01466,BIHAR,Rohtas,Nokha,0,0,,215,10,1466,,82152.91978314315,208772248.59610957,0.0011382495416259767,0.000892028222309383,148,0.1320201769017887
10-235-01476,BIHAR,Aurangabad,Daudnagar,0,0,,189,10,1476,,91010.07504965532,238139281.75712803,0.0011382495416259767,0.001093485317196901,174,0.19026644519226077
10-234-01467,BIHAR,Rohtas,Kargahar,0,0,,215,10,1467,,128509.87472624176,406135690.59563094,0.0010169202070999146,0.0008529534253050509,296,0.25247421389029506
10-234-01468,BIHAR,Rohtas,Chenari,0,0,,215,10,1468,,121720.69626398994,292642418.8385522,0.0010493500239562989,0.0010320411701871517,215,0.22188885159023763
10-234-01469,BIHAR,Rohtas,Nauhatta,0,0,,215,10,1469,,175494.75594492842,478591449.404211,0.0010804973847198486,0.0010456659540344832,354,0.3701657477282071
10-234-01470,BIHAR,Rohtas,Sheosagar,0,0,,215,10,1470,,135463.8765525897,406503956.12222886,0.0010493500239562989,0.0008756215679519138,295,0.2583083625458146
10-234-01471,BIHAR,Rohtas,Sasaram,0,0,,215,10,1471,,135810.11950728856,394273130.8742507,0.0011382495416259767,0.0008424392849452742,290,0.24430739263412954
10-234-01473,BIHAR,Rohtas,Dehri,0,0,,215,10,1473,,97323.52013589225,199371136.99043605,0.0011382495416259767,0.0010535903316117978,145,0.15277059808371068
10-235-01477,BIHAR,Aurangabad,Haspura,0,0,,189,10,1477,,88845.10694940752,164519986.5205008,0.0010870062847137452,0.0010811344178049034,121,0.1308172645543933
10-235-01478,BIHAR,Aurangabad,Goh,0,0,,189,10,1478,,122286.20877621078,374665187.3660463,0.0010870062847137452,0.0008310187927834252,272,0.22603711163709164
10-236-01491,BIHAR,Gaya,Neem Chak Bathani,0,0,,196,10,1491,,79540.44278654993,146770773.7769567,0.0007269954874420167,0.0007269954874420166,103,0.07488053520652771
10-235-01479,BIHAR,Aurangabad,Rafiganj,0,0,,189,10,1479,,167069.30684925965,465687847.79432577,0.0010870062847137452,0.0009013049968874629,341,0.30734500393862485
10-235-01480,BIHAR,Aurangabad,Obra,0,0,,189,10,1480,,130720.05569071589,327203821.09876627,0.0011382495416259767,0.0010862966415942875,237,0.25745230405784614
10-236-01494,BIHAR,Gaya,Manpur,0,0,,196,10,1494,,77081.78707553667,161226183.41058797,0.0008576946889781952,0.0006383575119495391,115,0.07341111387419699
10-235-01481,BIHAR,Aurangabad,Aurangabad,0,0,,189,10,1481,,125502.68609205673,344679798.38062614,0.0009560079035949707,0.0009434511636495592,256,0.24152349789428715
10-237-01511,BIHAR,Nawada,Nardiganj,0,0,,210,10,1511,,60262.24041371029,129808165.4472442,0.0006000795133399964,0.0006000795133399963,95,0.05700755376729965
10-235-01482,BIHAR,Aurangabad,Barun,0,0,,189,10,1482,,117269.30390529483,381782699.30215496,0.0011382495416259767,0.0009769772089876446,280,0.27355361851654053
10-235-01483,BIHAR,Aurangabad,Nabinagar,0,0,,189,10,1483,,173491.30877801325,657546828.2218357,0.0009764902374196053,0.0008663461142218434,483,0.41844517316915036
10-235-01484,BIHAR,Aurangabad,Kutumba,0,0,,189,10,1484,,110495.73757590447,319048251.76106954,0.0009005850514221192,0.0008207071988548046,229,0.18794194853775026
10-235-01485,BIHAR,Aurangabad,Deo,0,0,,189,10,1485,,158578.88849021672,336990745.1586724,0.0012447962454986573,0.001015248335154256,251,0.2548273321237183
10-235-01486,BIHAR,Aurangabad,Madanpur,0,0,,189,10,1486,,153529.37367368402,418713952.50229967,0.0012447962454986573,0.0010180394176535004,309,0.31457418005493165
10-236-01487,BIHAR,Gaya,Konch,0,0,,196,10,1487,,154041.56172387034,319288521.7326548,0.0007427824996185303,0.0007349895568861426,232,0.1705175771975851
10-236-01488,BIHAR,Gaya,Tikari,0,0,,196,10,1488,,122221.36853604284,290576655.12704176,0.0008576946889781952,0.0007681265494849539,218,0.16745158778771996
10-236-01489,BIHAR,Gaya,Belaganj,0,0,,196,10,1489,,113473.13279109563,240372540.95814112,0.0008576946889781952,0.000857694688978195,180,0.1543850440160751
10-236-01490,BIHAR,Gaya,Khizirsarai,0,0,,196,10,1490,,103698.13096672995,223124430.97950032,0.0008576946889781952,0.0007907537833912011,165,0.1304743742595482
10-236-01492,BIHAR,Gaya,Muhra,0,0,,196,10,1492,,93681.45756176667,181269438.2139707,0.0018164604909515383,0.000903968607807729,134,0.12113179344623567
10-236-01493,BIHAR,Gaya,Atri,0,0,,196,10,1493,,103075.15367958385,161340647.62451813,0.0018164604909515383,0.0009322752657443136,119,0.11094075662357332
10-236-01495,BIHAR,Gaya,Gaya Town C.D.Block,0,0,,196,10,1495,,91678.58033080616,224144813.6021213,0.0008576946889781952,0.0006611457900823865,161,0.10644447220326422
10-236-01496,BIHAR,Gaya,Paraiya,0,0,,196,10,1496,,75593.31264449215,167300846.5298876,0.0007427824996185303,0.0006932113938992818,120,0.08318536726791381
10-236-01497,BIHAR,Gaya,Guraru,0,0,,196,10,1497,,81292.54933661391,199646285.7542363,0.0007427824996185303,0.0007427824996185305,147,0.10918902744392397
10-237-01512,BIHAR,Nawada,Nawada,0,0,,210,10,1512,,86822.75137888109,219317998.1072041,0.0008252263747024536,0.0006129860213161882,157,0.09623880534664155
10-236-01498,BIHAR,Gaya,Gurua,0,0,,196,10,1498,,117859.62964526065,238015237.1519128,0.0009238697080993653,0.0007672431825329116,173,0.1327330705781937
10-236-01499,BIHAR,Gaya,Amas,0,0,,196,10,1499,,100546.69423332924,128484051.44985774,0.0012447962454986573,0.0009375795409441498,95,0.08907005638969423
10-237-01517,BIHAR,Nawada,Roh,0,0,,210,10,1517,,77804.52626079548,192537548.9783989,0.0008281039788627625,0.0007613590140675838,144,0.10963569802573206
10-236-01500,BIHAR,Gaya,Banke Bazar,0,0,,196,10,1500,,85166.97220092022,256240042.68049288,0.0012447962454986573,0.0010118656941604616,186,0.18820701911384585
10-236-01501,BIHAR,Gaya,Imamganj,0,0,,196,10,1501,,136271.57775821586,316917295.57645696,0.0012447962454986573,0.001135121261209464,239,0.2712939814290619
10-236-01502,BIHAR,Gaya,Dumaria,0,0,,196,10,1502,,119690.94596035974,390676703.928496,0.0012447962454986573,0.0011220459291017768,285,0.3197830897940064
10-236-01503,BIHAR,Gaya,Sherghati,0,0,,196,10,1503,,100322.2973073121,167902109.12194017,0.0012860846722412109,0.0009269719010072414,123,0.11401754382389069
10-238-01531,BIHAR,Jamui,Gidhaur,0,0,,198,10,1531,,55211.5633940527,100392309.18230554,0.0006513568978404999,0.0006236114054421743,75,0.04677085540816307
10-236-01504,BIHAR,Gaya,Dobhi,0,0,,196,10,1504,,103572.88994215836,218837778.49499393,0.0012860846722412109,0.0012208409830479592,161,0.19655539827072144
10-236-01505,BIHAR,Gaya,Bodh Gaya,0,0,,196,10,1505,,120948.91182130505,306843965.9119923,0.0012860846722412109,0.0006837138721195717,230,0.1572541905875015
10-236-01506,BIHAR,Gaya,Tan Kuppa,0,0,,196,10,1506,,108147.94853451202,190099968.23000297,0.0018164604909515383,0.0013606433982516761,134,0.1823262153657246
10-240-01542,BIHAR,Arwal,Arwal,0,0,,611,10,1542,,73924.8054791393,147787869.27798152,0.0009422915277099611,0.0009334736601536093,104,0.09708126065597536
10-236-01507,BIHAR,Gaya,Wazirganj,0,0,,196,10,1507,,105472.06999302967,323030583.61833626,0.0018164604909515383,0.0017107421440685406,236,0.40373514600017557
10-236-01508,BIHAR,Gaya,Fatehpur,0,0,,196,10,1508,,155359.44599717355,408449805.62920874,0.0018164604909515383,0.0014475473013262686,304,0.44005437960318566
10-240-01543,BIHAR,Arwal,Kaler,0,0,,611,10,1543,,67777.19153730445,176075758.749563,0.0010870062847137452,0.0009383337157341177,131,0.12292171676116942
10-236-01509,BIHAR,Gaya,Mohanpur,0,0,,196,10,1509,,119906.24818546322,418796109.2883684,0.0012860846722412109,0.001193369201128459,303,0.3615908679419231
10-240-01544,BIHAR,Arwal,Karpi,0,0,,611,10,1544,,158139.92638461498,234985661.7206014,0.0010870062847137452,0.0009410527254733999,172,0.16186106878142478
10-236-01510,BIHAR,Gaya,Barachatti,0,0,,196,10,1510,,138753.78132836288,366328956.31361085,0.0012860846722412109,0.0012799161880329478,275,0.3519769517090606
10-237-01513,BIHAR,Nawada,Warisaliganj,0,0,,210,10,1513,,109792.76918459819,202861050.3008767,0.0006000795133399964,0.0005741923459066015,147,0.08440627484827042
10-237-01514,BIHAR,Nawada,Kashi Chak,0,0,,210,10,1514,,73948.94452619922,98983451.20841853,0.0005587163218975068,0.0005587163218975068,72,0.04022757517662049
10-237-01515,BIHAR,Nawada,Pakribarawan,0,0,,210,10,1515,,104545.76938151139,251834567.85717744,0.0005587163218975068,0.0005587163218975068,184,0.10280380322914126
10-237-01516,BIHAR,Nawada,Kawakol,0,0,,210,10,1516,,121170.20018263235,362955647.76482904,0.0008839872582769395,0.0008303357597423676,266,0.2208693120914698
10-237-01518,BIHAR,Nawada,Gobindpur,0,0,,210,10,1518,,73133.35659787485,188189390.13263756,0.0008281039788627625,0.0008273229148763931,140,0.11582520808269503
10-237-01519,BIHAR,Nawada,Akbarpur,0,0,,210,10,1519,,91268.2921062847,249541236.96202633,0.0008252263747024536,0.0008252263747024534,184,0.15184165294525143
10-237-01520,BIHAR,Nawada,Hisua,0,0,,210,10,1520,,85113.4923130193,144090762.99664384,0.0018164604909515383,0.0011172892880606652,104,0.11619808595830919
10-237-01521,BIHAR,Nawada,Narhat,0,0,,210,10,1521,,62856.50481924386,99624005.77002536,0.0008252263747024536,0.0008252263747024536,69,0.0569406198544693
10-237-01522,BIHAR,Nawada,Meskaur,0,0,,210,10,1522,,75185.00287586387,145604023.18435815,0.0018164604909515383,0.0015332507434518,112,0.1717240832666016
10-237-01523,BIHAR,Nawada,Sirdala,0,0,,210,10,1523,,111278.51695598938,301894539.186342,0.0018164604909515383,0.0011616845278998472,218,0.2532472270821667
10-237-01524,BIHAR,Nawada,Rajauli,0,0,,210,10,1524,,132370.86211000624,450216393.36794454,0.0010245677712154388,0.0009106869593089622,333,0.3032587574498844
10-238-01525,BIHAR,Jamui,Islamnagar Aliganj,0,0,,198,10,1525,,96153.77396855215,213408239.47295904,0.0008839872582769395,0.0006375821608946874,156,0.09946281709957124
10-238-01526,BIHAR,Jamui,Sikandra,0,0,,198,10,1526,,86788.2538333537,223096734.30010977,0.0008839872582769395,0.0006467652317195468,162,0.10477596753856658
10-238-01527,BIHAR,Jamui,Jamui,0,0,,198,10,1527,,90084.78430112793,212157753.6648698,0.0006513568978404999,0.0006512215914090064,155,0.10093934666839599
10-238-01528,BIHAR,Jamui,Barhat,0,0,,198,10,1528,,114104.37581341481,270298087.1382075,0.0006513568978404999,0.000542246351501736,197,0.10682253124584198
10-238-01529,BIHAR,Jamui,Lakshmipur,0,0,,198,10,1529,,112147.89260238525,307635253.00857943,0.0006513568978404999,0.00017369517275746664,225,0.039081413870429994
10-238-01530,BIHAR,Jamui,Jhajha,0,0,,198,10,1530,,147664.43327942316,507112726.974952,0.0006513568978404999,0.0005849943290915361,370,0.21644790176386833
10-238-01532,BIHAR,Jamui,Khaira,0,0,,198,10,1532,,142747.05687020053,513762691.7981683,0.0008839872582769395,0.0007034949210701192,377,0.2652175852434349
10-238-01533,BIHAR,Jamui,Sono,0,0,,198,10,1533,,117724.39892386932,474283005.7300444,0.0008236596254730225,0.0005979266584824833,349,0.20867640381038666
10-238-01534,BIHAR,Jamui,Chakai,0,0,,198,10,1534,,243956.2217086091,956725034.6798706,0.0008839872582769395,0.0006914918357318129,700,0.48404428501226904
10-239-01535,BIHAR,Jehanabad,Ratni Faridpur,0,0,,199,10,1535,,82762.53932271499,155018952.20303965,0.0010307598936367035,0.0009477669303098897,114,0.10804543005532743
10-239-01536,BIHAR,Jehanabad,Jehanabad,0,0,,199,10,1536,,97254.09844747804,201426556.69272655,0.0010307598936367035,0.0010307598936367033,148,0.1525524642582321
10-239-01537,BIHAR,Jehanabad,Kako,0,0,,199,10,1537,,83599.3529020472,162373941.78194478,0.0010307598936367035,0.0010307598936367035,118,0.12162966744913102
10-239-01538,BIHAR,Jehanabad,Modanganj,0,0,,199,10,1538,,66522.90037500951,97205276.85869928,0.0010307598936367035,0.0004810129946469569,69,0.03318989663064002
10-239-01539,BIHAR,Jehanabad,Ghoshi,0,0,,199,10,1539,,82931.95174196921,112225161.55433495,0.0010307598936367035,0.0008522663948294629,83,0.07073811077084542
10-239-01540,BIHAR,Jehanabad,Makhdumpur,0,0,,199,10,1540,,128831.72570768485,301471679.33572614,0.0010307598936367035,0.0008768355411063249,217,0.1902733124200725
10-239-01541,BIHAR,Jehanabad,Hulasganj,0,0,,199,10,1541,,87179.53907708311,119677697.18988888,0.0010307598936367035,0.00065979817566416,90,0.0593818358097744
10-240-01545,BIHAR,Arwal,Sonbhadra Banshi Suryapur,0,0,,611,10,1545,,62692.97791397586,116643000.97724338,0.0009422915277099611,0.0007824892261218596,83,0.06494660576811434
10-240-01546,BIHAR,Arwal,Kurtha,0,0,,611,10,1546,,71585.17106640573,106433073.5354984,0.0009422915277099611,0.000834325788745269,78,0.06507741152213098
10-224-01334,BIHAR,Bhagalpur,Gopalpur,0,0,,192,10,1334,,95407.9186210158,208941966.91883087,0.0,0.0,153,0.0
10-210-01127,BIHAR,Kishanganj,Kishanganj,0,0,,203,10,1127,,125268.33771117091,207105687.55921903,0.0,0.0,152,0.0
10-206-01064,BIHAR,Sitamarhi,Suppi,0,0,,221,10,1064,,71084.15120823232,92250451.53846286,0.0,0.0,66,0.0
10-234-01463,BIHAR,Rohtas,Nasriganj,0,0,,215,10,1463,,90034.07903274363,167356919.18355417,8.726133960723878e-05,6.512322804163373e-05,126,0.00820552673324585
10-234-01464,BIHAR,Rohtas,Rajpur,0,0,,215,10,1464,,68660.48684625747,85633596.4997788,5.507502235412598e-05,5.507502235412597e-05,63,0.0034697264083099364
10-234-01465,BIHAR,Rohtas,Sanjhauli,0,0,,215,10,1465,,56591.722358052,83833486.39015438,5.9247203292846685e-05,5.845250216166179e-05,63,0.003682507636184693
10-203-01023,BIHAR,Pashchim Champaran,Thakrahan,0,0,,211,10,1023,,79847.09402015881,199004696.79409248,0.0,0.0,145,0.0
10-204-01054,BIHAR,Purbi Champaran,Phenhara,0,0,,213,10,1054,,44565.43736457999,67645025.94776015,0.0,0.0,51,0.0
10-219-01262,BIHAR,Saran,Maker,0,0,,218,10,1262,,62357.8736467211,96585777.9808088,0.0,0.0,71,0.0
10-220-01282,BIHAR,Vaishali,Sahdai Buzurg,0,0,,224,10,1282,,74546.65030748869,114161677.3631406,0.0,0.0,84,0.0
10-229-01388,BIHAR,Nalanda,Tharthari,0,0,,209,10,1388,,71853.42144919158,77411758.12428828,9.935188476562501e-05,8.894698895489729e-05,54,0.004803137403564453
10-229-01389,BIHAR,Nalanda,Parbalpur,0,0,,209,10,1389,,54466.2339431045,76043839.88376136,9.935188476562501e-05,8.143529121398927e-05,56,0.004560376307983399
10-203-01022,BIHAR,Pashchim Champaran,Bhitaha,0,0,,211,10,1022,,72626.86760213553,166969906.7472905,0.0,0.0,117,0.0
10-203-01013,BIHAR,Pashchim Champaran,Sidhaw,0,0,,211,10,1013,,195582.3602130639,1085337194.6715722,0.0,0.0,781,0.0
10-203-01014,BIHAR,Pashchim Champaran,Ramnagar,0,0,,211,10,1014,,230865.78384139363,866139404.2451236,0.0,0.0,621,0.0
10-203-01015,BIHAR,Pashchim Champaran,Gaunaha,0,0,,211,10,1015,,136504.94021895694,605322845.3823951,0.0,0.0,441,0.0
10-203-01016,BIHAR,Pashchim Champaran,Mainatanr,0,0,,211,10,1016,,115419.13930249632,312998546.4010918,0.0,0.0,221,0.0
10-203-01017,BIHAR,Pashchim Champaran,Narkatiaganj,0,0,,211,10,1017,,149144.20649331805,441857686.2127825,0.0,0.0,314,0.0
10-203-01018,BIHAR,Pashchim Champaran,Lauriya,0,0,,211,10,1018,,120853.32018665274,255440417.54612216,0.0,0.0,183,0.0
10-203-01019,BIHAR,Pashchim Champaran,Bagaha,0,0,,211,10,1019,,135587.24079810514,491292931.53180623,0.0,0.0,352,0.0
10-203-01021,BIHAR,Pashchim Champaran,Madhubani,0,0,,211,10,1021,,144670.82201821523,386116138.1353823,0.0,0.0,276,0.0
10-203-01024,BIHAR,Pashchim Champaran,Jogapatti,0,0,,211,10,1024,,88530.23644360513,258722436.3759333,0.0,0.0,186,0.0
10-203-01029,BIHAR,Pashchim Champaran,Bairia,0,0,,211,10,1029,,105039.82861382668,288505226.87341565,0.0,0.0,208,0.0
10-203-01025,BIHAR,Pashchim Champaran,Chanpatia,0,0,,211,10,1025,,113543.7602983494,310017349.34780717,0.0,0.0,226,0.0
10-206-01071,BIHAR,Sitamarhi,Parsauni,0,0,,221,10,1071,,63729.135625112256,74724139.64418457,0.0,0.0,55,0.0
10-203-01026,BIHAR,Pashchim Champaran,Sikta,0,0,,211,10,1026,,93443.22825707054,255004178.86147365,0.0,0.0,183,0.0
10-203-01027,BIHAR,Pashchim Champaran,Majhaulia,0,0,,211,10,1027,,123374.4030721297,371511179.15939575,0.0,0.0,265,0.0
10-203-01028,BIHAR,Pashchim Champaran,Bettiah,0,0,,211,10,1028,,53968.26030594324,83182055.35378212,0.0,0.0,59,0.0
10-203-01030,BIHAR,Pashchim Champaran,Nautan,0,0,,211,10,1030,,122656.63983711715,245738630.13883996,0.0,0.0,171,0.0
10-204-01031,BIHAR,Purbi Champaran,Raxaul,0,0,,213,10,1031,,98709.78801801558,166685360.13968688,0.0,0.0,124,0.0
10-206-01072,BIHAR,Sitamarhi,Belsand,0,0,,221,10,1072,,66235.5873217276,97354060.86547032,0.0,0.0,70,0.0
10-206-01073,BIHAR,Sitamarhi,Runisaidpur,0,0,,221,10,1073,,152472.54206325076,334873257.0825382,0.0,0.0,243,0.0
10-204-01032,BIHAR,Purbi Champaran,Adapur,0,0,,213,10,1032,,94532.37688292323,199608924.7111849,0.0,0.0,148,0.0
10-206-01074,BIHAR,Sitamarhi,Dumra,0,0,,221,10,1074,,111649.34177378344,241159212.36062923,0.0,0.0,178,0.0
10-204-01033,BIHAR,Purbi Champaran,Ramgarhwa,0,0,,213,10,1033,,90718.26831189607,213035907.5226096,0.0,0.0,154,0.0
10-204-01034,BIHAR,Purbi Champaran,Sugauli,0,0,,213,10,1034,,84892.41923436844,209336830.19001696,0.0,0.0,149,0.0
10-204-01038,BIHAR,Purbi Champaran,Ghorasahan,0,0,,213,10,1038,,75335.10865687576,144368243.47105,0.0,0.0,104,0.0
10-204-01035,BIHAR,Purbi Champaran,Banjaria,0,0,,213,10,1035,,102381.40449613356,176960195.87167916,0.0,0.0,124,0.0
10-204-01047,BIHAR,Purbi Champaran,Kesaria,0,0,,213,10,1047,,87546.8206889307,229535442.11688668,0.0,0.0,168,0.0
10-204-01036,BIHAR,Purbi Champaran,Narkatia,0,0,,213,10,1036,,105607.09704406632,168338010.30978012,0.0,0.0,120,0.0
10-204-01037,BIHAR,Purbi Champaran,Bankatwa,0,0,,213,10,1037,,99233.37216886049,115311013.90225838,0.0,0.0,82,0.0
10-204-01039,BIHAR,Purbi Champaran,Dhaka,0,0,,213,10,1039,,97673.73467814895,202386545.86227983,0.0,0.0,145,0.0
10-204-01048,BIHAR,Purbi Champaran,Kalyanpur,0,0,,213,10,1048,,109413.20044555076,313300912.50613195,0.0,0.0,230,0.0
10-204-01040,BIHAR,Purbi Champaran,Chiraia,0,0,,213,10,1040,,110764.71696779084,272984575.32652414,0.0,0.0,199,0.0
10-204-01041,BIHAR,Purbi Champaran,Motihari,0,0,,213,10,1041,,181544.26702654368,319814691.13850176,0.0,0.0,241,0.0
10-204-01049,BIHAR,Purbi Champaran,Kotwa,0,0,,213,10,1049,,78879.98205471091,178282937.71225017,0.0,0.0,126,0.0
10-204-01042,BIHAR,Purbi Champaran,Turkaulia,0,0,,213,10,1042,,99475.78497366334,174748315.94966665,0.0,0.0,130,0.0
10-204-01050,BIHAR,Purbi Champaran,Piprakothi,0,0,,213,10,1050,,58369.33889310607,62223774.49301849,0.0,0.0,45,0.0
10-204-01043,BIHAR,Purbi Champaran,Harsidhi,0,0,,213,10,1043,,133904.34238337883,240218359.62130272,0.0,0.0,173,0.0
10-204-01044,BIHAR,Purbi Champaran,Paharpur,0,0,,213,10,1044,,108730.62076802726,192061375.0173064,0.0,0.0,144,0.0
10-204-01045,BIHAR,Purbi Champaran,Areraj,0,0,,213,10,1045,,93331.67353690567,242725576.26244012,0.0,0.0,174,0.0
10-204-01046,BIHAR,Purbi Champaran,Sangrampur,0,0,,213,10,1046,,78133.67961210197,187659878.02718252,0.0,0.0,133,0.0
10-204-01051,BIHAR,Purbi Champaran,Chakia(Pipra),0,0,,213,10,1051,,129110.66914194856,212940547.80779588,0.0,0.0,145,0.0
10-204-01052,BIHAR,Purbi Champaran,Pakri Dayal,0,0,,213,10,1052,,90143.40730437863,148110040.62869397,0.0,0.0,106,0.0
10-204-01053,BIHAR,Purbi Champaran,Patahi,0,0,,213,10,1053,,85994.51677214028,144960443.14880535,0.0,0.0,100,0.0
10-204-01055,BIHAR,Purbi Champaran,Madhuban,0,0,,213,10,1055,,112681.00006095257,152424272.44650427,0.0,0.0,114,0.0
10-204-01056,BIHAR,Purbi Champaran,Tetaria,0,0,,213,10,1056,,82320.72754353678,104458405.63845472,0.0,0.0,74,0.0
10-205-01058,BIHAR,Sheohar,Purnahiya,0,0,,220,10,1058,,57294.126150412616,80859097.14068061,0.0,0.0,59,0.0
10-204-01057,BIHAR,Purbi Champaran,Mehsi,0,0,,213,10,1057,,125063.78039343117,149773808.08158112,0.0,0.0,108,0.0
10-205-01059,BIHAR,Sheohar,Piprarhi,0,0,,220,10,1059,,105870.45511307275,104265216.9562483,0.0,0.0,77,0.0
10-205-01060,BIHAR,Sheohar,Sheohar,0,0,,220,10,1060,,81007.5322908237,115638983.35873616,0.0,0.0,83,0.0
10-205-01061,BIHAR,Sheohar,Dumri Katsari,0,0,,220,10,1061,,65038.65439014734,84655470.24819931,0.0,0.0,59,0.0
10-205-01062,BIHAR,Sheohar,Tariani Chowk,0,0,,220,10,1062,,97491.22869259815,171878914.60720828,0.0,0.0,126,0.0
10-206-01063,BIHAR,Sitamarhi,Bairgania,0,0,,221,10,1063,,59598.621146511534,94417571.99630062,0.0,0.0,70,0.0
10-206-01065,BIHAR,Sitamarhi,Majorganj,0,0,,221,10,1065,,62808.55729710282,95411217.42446172,0.0,0.0,68,0.0
10-206-01066,BIHAR,Sitamarhi,Sonbarsa,0,0,,221,10,1066,,92820.94699371175,224104085.6083578,0.0,0.0,155,0.0
10-206-01067,BIHAR,Sitamarhi,Parihar,0,0,,221,10,1067,,86838.20299610356,272812569.4060281,0.0,0.0,197,0.0
10-207-01095,BIHAR,Madhubani,Rajnagar,0,0,,206,10,1095,,78809.12744912357,223111125.2667772,0.0,0.0,158,0.0
10-206-01068,BIHAR,Sitamarhi,Sursand,0,0,,221,10,1068,,91215.71647520129,181412871.1123928,0.0,0.0,134,0.0
10-206-01069,BIHAR,Sitamarhi,Bathnaha,0,0,,221,10,1069,,120764.04051803834,251403523.12922087,0.0,0.0,185,0.0
10-206-01070,BIHAR,Sitamarhi,Riga,0,0,,221,10,1070,,129433.73210860479,163724219.02092636,0.0,0.0,114,0.0
10-210-01123,BIHAR,Kishanganj,Thakurganj,0,0,,203,10,1123,,224971.2940646554,491161543.46963537,0.0,0.0,353,0.0
10-210-01124,BIHAR,Kishanganj,Pothia,0,0,,203,10,1124,,167388.9118766352,443844792.4531903,0.0,0.0,321,0.0
10-210-01125,BIHAR,Kishanganj,Bahadurganj,0,0,,203,10,1125,,155296.13881782343,347494200.8377232,0.0,0.0,251,0.0
10-210-01126,BIHAR,Kishanganj,Kochadhamin,0,0,,203,10,1126,,139640.52665725534,360840233.8364798,0.0,0.0,258,0.0
10-211-01128,BIHAR,Purnia,Banmankhi,0,0,,214,10,1128,,142815.61519736593,459936087.34673214,0.0,0.0,333,0.0
10-206-01075,BIHAR,Sitamarhi,Bajpatti,0,0,,221,10,1075,,90407.29439213518,174303329.1783474,0.0,0.0,125,0.0
10-206-01076,BIHAR,Sitamarhi,Charaut,0,0,,221,10,1076,,85128.15752493152,91349700.81924292,0.0,0.0,62,0.0
10-206-01077,BIHAR,Sitamarhi,Pupri,0,0,,221,10,1077,,73992.24203369493,115338203.66308306,0.0,0.0,82,0.0
10-206-01078,BIHAR,Sitamarhi,Nanpur,0,0,,221,10,1078,,73315.01223618646,135892566.9983101,0.0,0.0,100,0.0
10-220-01283,BIHAR,Vaishali,Mahnar,0,0,,224,10,1283,,81638.1139853176,126474580.44313861,0.0,0.0,89,0.0
10-206-01079,BIHAR,Sitamarhi,Bokhara,0,0,,221,10,1079,,81978.13188098712,108574895.39827529,0.0,0.0,79,0.0
10-207-01080,BIHAR,Madhubani,Madhwapur,0,0,,206,10,1080,,88808.76172423853,137557654.90878707,0.0,0.0,103,0.0
10-207-01081,BIHAR,Madhubani,Harlakhi,0,0,,206,10,1081,,90217.76640094945,187441757.00046396,0.0,0.0,138,0.0
10-207-01082,BIHAR,Madhubani,Basopatti,0,0,,206,10,1082,,97634.90682970545,164238774.4639331,0.0,0.0,122,0.0
10-207-01089,BIHAR,Madhubani,Khajauli,0,0,,206,10,1089,,91171.28062794723,150968724.81279027,0.0,0.0,108,0.0
10-207-01083,BIHAR,Madhubani,Jainagar,0,0,,206,10,1083,,81489.61423509955,161880108.8306139,0.0,0.0,115,0.0
10-207-01090,BIHAR,Madhubani,Kaluahi,0,0,,206,10,1090,,62305.281593423286,101560283.08963235,0.0,0.0,75,0.0
10-207-01084,BIHAR,Madhubani,Ladania,0,0,,206,10,1084,,97928.14946240213,232665607.5684243,0.0,0.0,164,0.0
10-207-01085,BIHAR,Madhubani,Laukaha,0,0,,206,10,1085,,102032.19667129294,266340932.00179368,0.0,0.0,197,0.0
10-207-01086,BIHAR,Madhubani,Laukahi,0,0,,206,10,1086,,109679.24973352649,329223432.564553,0.0,0.0,237,0.0
10-207-01087,BIHAR,Madhubani,Phulparas,0,0,,206,10,1087,,117974.41186319289,199352334.8677591,0.0,0.0,140,0.0
10-207-01088,BIHAR,Madhubani,Babubarhi,0,0,,206,10,1088,,118996.04641992833,237192379.86086744,0.0,0.0,174,0.0
10-207-01091,BIHAR,Madhubani,Benipatti,0,0,,206,10,1091,,128414.2409747215,328987645.9449377,0.0,0.0,231,0.0
10-207-01092,BIHAR,Madhubani,Bisfi,0,0,,206,10,1092,,99754.46134559005,226192948.413646,0.0,0.0,165,0.0
10-207-01093,BIHAR,Madhubani,Madhubani,0,0,,206,10,1093,,109764.71764889831,200359220.56727448,0.0,0.0,142,0.0
10-207-01094,BIHAR,Madhubani,Pandaul,0,0,,206,10,1094,,102372.75527307783,208327489.63825428,0.0,0.0,148,0.0
10-207-01096,BIHAR,Madhubani,Andhratharhi,0,0,,206,10,1096,,97300.5167595078,186769445.10608673,0.0,0.0,134,0.0
10-207-01097,BIHAR,Madhubani,Jhanjharpur,0,0,,206,10,1097,,125261.96837896874,181284371.95402232,0.0,0.0,132,0.0
10-207-01098,BIHAR,Madhubani,Ghoghardiha,0,0,,206,10,1098,,114215.40677637524,211228851.4219488,0.0,0.0,159,0.0
10-207-01099,BIHAR,Madhubani,Lakhnaur,0,0,,206,10,1099,,72956.74167609161,146945623.14022,0.0,0.0,110,0.0
10-207-01100,BIHAR,Madhubani,Madhepur,0,0,,206,10,1100,,144505.38034518834,300452948.5687113,0.0,0.0,212,0.0
10-208-01101,BIHAR,Supaul,Nirmali,0,0,,223,10,1101,,123310.21889922836,162734364.67066902,0.0,0.0,118,0.0
10-208-01102,BIHAR,Supaul,Basantpur,0,0,,223,10,1102,,136288.63693043106,319456339.75100917,0.0,0.0,228,0.0
10-208-01103,BIHAR,Supaul,Chhatapur,0,0,,223,10,1103,,142271.17176584958,398825687.2446475,0.0,0.0,285,0.0
10-208-01104,BIHAR,Supaul,Pratapganj,0,0,,223,10,1104,,71155.69013184242,133032565.19323792,0.0,0.0,97,0.0
10-208-01105,BIHAR,Supaul,Raghopur,0,0,,223,10,1105,,111831.20983491397,255841046.48838165,0.0,0.0,187,0.0
10-221-01285,BIHAR,Samastipur,Warisnagar,0,0,,217,10,1285,,90241.30323013186,163846086.5162723,0.0,0.0,120,0.0
10-208-01106,BIHAR,Supaul,Saraigarh Bhaptiyahi,0,0,,223,10,1106,,105489.5116383213,257042943.27229512,0.0,0.0,189,0.0
10-208-01107,BIHAR,Supaul,Kishanpur,0,0,,223,10,1107,,125516.73810076228,248613546.3002807,0.0,0.0,177,0.0
10-208-01108,BIHAR,Supaul,Marauna,0,0,,223,10,1108,,114969.59778192453,206419565.01179272,0.0,0.0,149,0.0
10-208-01109,BIHAR,Supaul,Supaul,0,0,,223,10,1109,,122628.008173687,390920691.5720901,0.0,0.0,287,0.0
10-208-01110,BIHAR,Supaul,Pipra,0,0,,223,10,1110,,113516.78657800167,247320462.25611627,0.0,0.0,181,0.0
10-221-01287,BIHAR,Samastipur,Khanpur,0,0,,217,10,1287,,89337.20668890505,173313349.37261373,0.0,0.0,127,0.0
10-208-01111,BIHAR,Supaul,Tribeniganj,0,0,,223,10,1111,,136684.8917573132,402291551.99740016,0.0,0.0,290,0.0
10-209-01112,BIHAR,Araria,Narpatganj,0,0,,188,10,1112,,196352.82868709194,482872068.7863751,0.0,0.0,351,0.0
10-209-01113,BIHAR,Araria,Forbesganj,0,0,,188,10,1113,,165874.55860340688,546946456.996027,0.0,0.0,392,0.0
10-209-01114,BIHAR,Araria,Bhargama,0,0,,188,10,1114,,140909.75235341018,280499778.1128878,0.0,0.0,206,0.0
10-209-01115,BIHAR,Araria,Raniganj,0,0,,188,10,1115,,160625.61646677545,576910744.770993,0.0,0.0,418,0.0
10-209-01116,BIHAR,Araria,Araria,0,0,,188,10,1116,,192057.15187743204,506918787.2643526,0.0,0.0,371,0.0
10-209-01117,BIHAR,Araria,Kursakatta,0,0,,188,10,1117,,96566.38525637137,201032230.408231,0.0,0.0,147,0.0
10-209-01118,BIHAR,Araria,Sikti,0,0,,188,10,1118,,116798.35346995249,237753016.2819182,0.0,0.0,177,0.0
10-209-01119,BIHAR,Araria,Palasi,0,0,,188,10,1119,,132578.70192307016,306240761.34804773,0.0,0.0,222,0.0
10-209-01120,BIHAR,Araria,Jokihat,0,0,,188,10,1120,,155370.9524619173,341005127.7602247,0.0,0.0,246,0.0
10-210-01121,BIHAR,Kishanganj,Terhagachh,0,0,,203,10,1121,,121953.02658094271,245208326.38245347,0.0,0.0,175,0.0
10-210-01122,BIHAR,Kishanganj,Dighalbank,0,0,,203,10,1122,,147432.83262190674,314385668.4331173,0.0,0.0,224,0.0
10-211-01129,BIHAR,Purnia,Barhara,0,0,,214,10,1129,,111073.17449432175,288009141.38478667,0.0,0.0,212,0.0
10-211-01130,BIHAR,Purnia,Bhawanipur,0,0,,214,10,1130,,116656.34435182877,201938838.4795833,0.0,0.0,147,0.0
10-211-01131,BIHAR,Purnia,Rupauli,0,0,,214,10,1131,,113946.660566684,308195114.8462847,0.0,0.0,227,0.0
10-211-01132,BIHAR,Purnia,Dhamdaha,0,0,,214,10,1132,,135370.01293426772,446856166.039676,0.0,0.0,326,0.0
10-211-01133,BIHAR,Purnia,Krityanand Nagar,0,0,,214,10,1133,,149407.41850079046,364443041.21247435,0.0,0.0,274,0.0
10-211-01134,BIHAR,Purnia,Purnia East,0,0,,214,10,1134,,127662.13358515713,309272824.56310594,0.0,0.0,228,0.0
10-211-01135,BIHAR,Purnia,Kasba,0,0,,214,10,1135,,130095.64608516233,215123054.3424731,0.0,0.0,154,0.0
10-211-01136,BIHAR,Purnia,Srinagar,0,0,,214,10,1136,,106220.57404900706,172405807.6412187,0.0,0.0,122,0.0
10-211-01137,BIHAR,Purnia,Jalalgarh,0,0,,214,10,1137,,87146.39992638786,142107808.6772385,0.0,0.0,102,0.0
10-211-01138,BIHAR,Purnia,Amour,0,0,,214,10,1138,,141371.93624621196,307011870.96961224,0.0,0.0,225,0.0
10-211-01139,BIHAR,Purnia,Baisa,0,0,,214,10,1139,,132173.35304950457,275191667.549805,0.0,0.0,197,0.0
10-211-01140,BIHAR,Purnia,Baisi,0,0,,214,10,1140,,118169.54825440844,253873549.02719215,0.0,0.0,187,0.0
10-211-01141,BIHAR,Purnia,Dagarua,0,0,,214,10,1141,,129309.28146976323,257465778.6329552,0.0,0.0,180,0.0
10-212-01142,BIHAR,Katihar,Falka,0,0,,201,10,1142,,100518.70580952488,208374539.8829749,0.0,0.0,150,0.0
10-212-01143,BIHAR,Katihar,Korha,0,0,,201,10,1143,,137118.64195203967,368801327.90483874,0.0,0.0,273,0.0
10-212-01144,BIHAR,Katihar,Hasanganj,0,0,,201,10,1144,,78227.29832785497,86155111.41022065,0.0,0.0,62,0.0
10-212-01145,BIHAR,Katihar,Kadwa,0,0,,201,10,1145,,157692.68144088247,420129854.10490626,0.0,0.0,307,0.0
10-212-01146,BIHAR,Katihar,Balrampur,0,0,,201,10,1146,,141815.18317465586,216253207.31133217,0.0,0.0,151,0.0
10-212-01147,BIHAR,Katihar,Barsoi,0,0,,201,10,1147,,172308.8160052511,357713388.6445612,0.0,0.0,261,0.0
10-212-01148,BIHAR,Katihar,Azamnagar,0,0,,201,10,1148,,141791.77759222616,349759708.1212404,0.0,0.0,253,0.0
10-221-01290,BIHAR,Samastipur,Tajpur,0,0,,217,10,1290,,57166.77792153786,83856612.1105223,0.0,0.0,61,0.0
10-212-01149,BIHAR,Katihar,Pranpur,0,0,,201,10,1149,,111803.70370561493,191475637.62126103,0.0,0.0,141,0.0
10-212-01150,BIHAR,Katihar,Dandkhora,0,0,,201,10,1150,,70987.07501110679,111201189.06340708,0.0,0.0,81,0.0
10-212-01151,BIHAR,Katihar,Katihar,0,0,,201,10,1151,,76845.81968857624,136830037.77828172,0.0,0.0,100,0.0
10-212-01152,BIHAR,Katihar,Mansahi,0,0,,201,10,1152,,73279.06289841712,97405011.1871763,0.0,0.0,73,0.0
10-212-01155,BIHAR,Katihar,Kursela,0,0,,201,10,1155,,80348.39413748268,153683091.52761996,0.0,0.0,117,0.0
10-212-01153,BIHAR,Katihar,Barari,0,0,,201,10,1153,,107333.93297446336,407446973.1478653,0.0,0.0,292,0.0
10-212-01154,BIHAR,Katihar,Sameli,0,0,,201,10,1154,,75105.36277909,118027198.2496544,0.0,0.0,81,0.0
10-212-01156,BIHAR,Katihar,Manihari,0,0,,201,10,1156,,130162.81635074862,303859830.4099729,0.0,0.0,221,0.0
10-212-01157,BIHAR,Katihar,Amdabad,0,0,,201,10,1157,,103742.71814675455,228302986.79665467,0.0,0.0,164,0.0
10-213-01158,BIHAR,Madhepura,Gamharia,0,0,,205,10,1158,,80141.00377515821,125479849.27382244,0.0,0.0,89,0.0
10-213-01160,BIHAR,Madhepura,Ghailarh,0,0,,205,10,1160,,78865.70647224285,116219722.2388165,0.0,0.0,83,0.0
10-213-01159,BIHAR,Madhepura,Singheshwar,0,0,,205,10,1159,,111627.30849980874,111167268.35246354,0.0,0.0,78,0.0
10-216-01210,BIHAR,Muzaffarpur,Bandra,0,0,,208,10,1210,,74293.85759884378,142020443.31484023,0.0,0.0,103,0.0
10-213-01161,BIHAR,Madhepura,Madhepura,0,0,,205,10,1161,,115084.47931226583,237801277.85767865,0.0,0.0,175,0.0
10-213-01162,BIHAR,Madhepura,Shankarpur,0,0,,205,10,1162,,63984.56408470212,128790837.874554,0.0,0.0,94,0.0
10-213-01163,BIHAR,Madhepura,Kumarkhand,0,0,,205,10,1163,,118191.24796123093,316976886.68211347,0.0,0.0,230,0.0
10-213-01164,BIHAR,Madhepura,Murliganj,0,0,,205,10,1164,,94211.11378994165,247086114.21145928,0.0,0.0,179,0.0
10-221-01293,BIHAR,Samastipur,Mohanpur,0,0,,217,10,1293,,74468.46489139357,163000016.77407515,0.0,0.0,120,0.0
10-213-01165,BIHAR,Madhepura,Gwalpara,0,0,,205,10,1165,,78037.2495556277,147267353.58482873,0.0,0.0,109,0.0
10-214-01172,BIHAR,Saharsa,Satar Kataiya,0,0,,216,10,1172,,77878.75925155886,177382280.64763528,0.0,0.0,130,0.0
10-213-01166,BIHAR,Madhepura,Bihariganj,0,0,,205,10,1166,,79669.40805645821,133818744.70956944,0.0,0.0,98,0.0
10-216-01211,BIHAR,Muzaffarpur,Dholi (Moraul),0,0,,208,10,1211,,63030.361633940505,73298422.6275262,0.0,0.0,50,0.0
10-213-01167,BIHAR,Madhepura,Kishanganj,0,0,,205,10,1167,,99817.47531025465,188055937.5971522,0.0,0.0,133,0.0
10-216-01212,BIHAR,Muzaffarpur,Musahri,0,0,,208,10,1212,,211487.75457487197,365415439.5943066,0.0,0.0,267,0.0
10-213-01168,BIHAR,Madhepura,Puraini,0,0,,205,10,1168,,63416.842365887525,103114850.3546553,0.0,0.0,76,0.0
10-214-01174,BIHAR,Saharsa,Kahara,0,0,,216,10,1174,,81070.16203244023,176788302.3737116,0.0,0.0,128,0.0
10-213-01169,BIHAR,Madhepura,Alamnagar,0,0,,205,10,1169,,94357.42058114092,211989804.11375904,0.0,0.0,151,0.0
10-213-01170,BIHAR,Madhepura,Chausa,0,0,,205,10,1170,,87285.75133964,172516848.53860697,0.0,0.0,124,0.0
10-214-01171,BIHAR,Saharsa,Nauhatta,0,0,,216,10,1171,,93228.84620468391,212763144.21707585,0.0,0.0,151,0.0
10-217-01227,BIHAR,Gopalganj,Sidhwalia,0,0,,197,10,1227,,69457.48217743407,152022198.31601515,0.0,0.0,109,0.0
10-214-01173,BIHAR,Saharsa,Mahishi,0,0,,216,10,1173,,106372.46434789852,273075178.2794974,0.0,0.0,195,0.0
10-214-01175,BIHAR,Saharsa,Saur Bazar,0,0,,216,10,1175,,88121.22998090234,233228921.9025612,0.0,0.0,171,0.0
10-214-01176,BIHAR,Saharsa,Patarghat,0,0,,216,10,1176,,67497.21582029684,149681422.04156074,0.0,0.0,105,0.0
10-214-01177,BIHAR,Saharsa,Sonbarsa,0,0,,216,10,1177,,90185.02153799882,263952116.041209,0.0,0.0,193,0.0
10-216-01199,BIHAR,Muzaffarpur,Sahebganj,0,0,,208,10,1199,,80060.99972290538,253055918.70266867,0.0,0.0,189,0.0
10-214-01178,BIHAR,Saharsa,Simri Bakhtiarpur,0,0,,216,10,1178,,119116.35548129058,266466354.66217396,0.0,0.0,194,0.0
10-214-01179,BIHAR,Saharsa,Salkhua,0,0,,216,10,1179,,82412.26684571667,221182533.93573853,0.0,0.0,163,0.0
10-214-01180,BIHAR,Saharsa,Banma Itahri,0,0,,216,10,1180,,54286.501575749484,92822449.4552088,0.0,0.0,68,0.0
10-215-01181,BIHAR,Darbhanga,Jale,0,0,,195,10,1181,,112473.57051363293,234172285.01568127,0.0,0.0,171,0.0
10-215-01182,BIHAR,Darbhanga,Singhwara,0,0,,195,10,1182,,121368.62688362494,223279889.67870736,0.0,0.0,162,0.0
10-215-01183,BIHAR,Darbhanga,Keotiranway,0,0,,195,10,1183,,89515.08566239705,180205403.4644349,0.0,0.0,131,0.0
10-215-01184,BIHAR,Darbhanga,Darbhanga,0,0,,195,10,1184,,131883.04966973627,240721362.1475316,0.0,0.0,174,0.0
10-215-01185,BIHAR,Darbhanga,Manigachhi,0,0,,195,10,1185,,96856.01003306538,158887287.31255177,0.0,0.0,114,0.0
10-215-01186,BIHAR,Darbhanga,Tardih,0,0,,195,10,1186,,96398.42232606321,109520018.96976715,0.0,0.0,79,0.0
10-215-01187,BIHAR,Darbhanga,Alinagar,0,0,,195,10,1187,,105560.56246873255,146523357.5416611,0.0,0.0,105,0.0
10-215-01188,BIHAR,Darbhanga,Benipur,0,0,,195,10,1188,,118482.30854716274,204643530.87647069,0.0,0.0,150,0.0
10-215-01189,BIHAR,Darbhanga,Bahadurpur,0,0,,195,10,1189,,155637.00049509996,221161760.4253616,0.0,0.0,158,0.0
10-215-01190,BIHAR,Darbhanga,Hanumannagar,0,0,,195,10,1190,,114393.83215098479,181536916.32106537,0.0,0.0,130,0.0
10-215-01191,BIHAR,Darbhanga,Hayaghat,0,0,,195,10,1191,,66118.49929402806,108810529.75916524,0.0,0.0,77,0.0
10-215-01192,BIHAR,Darbhanga,Baheri,0,0,,195,10,1192,,128629.1579498372,271307286.95794886,0.0,0.0,195,0.0
10-215-01193,BIHAR,Darbhanga,Biraul,0,0,,195,10,1193,,135706.32971678255,230203939.26841983,0.0,0.0,167,0.0
10-215-01194,BIHAR,Darbhanga,Ghanshyampur,0,0,,195,10,1194,,76766.91373126305,103945643.9979024,0.0,0.0,78,0.0
10-215-01195,BIHAR,Darbhanga,Kiratpur,0,0,,195,10,1195,,78793.19278562842,78915927.53877336,0.0,0.0,60,0.0
10-215-01196,BIHAR,Darbhanga,Gora Bauram,0,0,,195,10,1196,,99804.03366816713,145653476.81698695,0.0,0.0,104,0.0
10-215-01197,BIHAR,Darbhanga,Kusheshwar Asthan,0,0,,195,10,1197,,87220.16498537568,144130520.9401011,0.0,0.0,107,0.0
10-215-01198,BIHAR,Darbhanga,Kusheshwar Asthan Purbi,0,0,,195,10,1198,,91858.86035222423,150084285.43545517,0.0,0.0,112,0.0
10-216-01200,BIHAR,Muzaffarpur,Baruraj (Motipur),0,0,,208,10,1200,,125110.13599018812,365259305.4740948,0.0,0.0,263,0.0
10-216-01201,BIHAR,Muzaffarpur,Paroo,0,0,,208,10,1201,,136934.87791145188,413033977.3448192,0.0,0.0,295,0.0
10-216-01202,BIHAR,Muzaffarpur,Saraiya,0,0,,208,10,1202,,155820.80051537574,301402655.1404849,0.0,0.0,218,0.0
10-216-01203,BIHAR,Muzaffarpur,Marwan,0,0,,208,10,1203,,84959.92762229654,138736310.53842777,0.0,0.0,101,0.0
10-216-01204,BIHAR,Muzaffarpur,Kanti,0,0,,208,10,1204,,97122.90469976026,124757584.36625764,0.0,0.0,91,0.0
10-216-01205,BIHAR,Muzaffarpur,Minapur,0,0,,208,10,1205,,166218.11946715685,316124209.98756105,0.0,0.0,228,0.0
10-216-01206,BIHAR,Muzaffarpur,Bochaha,0,0,,208,10,1206,,126044.68100944142,233148755.94160384,0.0,0.0,167,0.0
10-216-01207,BIHAR,Muzaffarpur,Aurai,0,0,,208,10,1207,,101267.16719990574,247748190.77792475,0.0,0.0,177,0.0
10-216-01208,BIHAR,Muzaffarpur,Katra,0,0,,208,10,1208,,118891.9342746819,235108975.17115793,0.0,0.0,171,0.0
10-216-01209,BIHAR,Muzaffarpur,Gaighat,0,0,,208,10,1209,,111008.49869520529,259762671.68662548,0.0,0.0,191,0.0
10-216-01213,BIHAR,Muzaffarpur,Kurhani,0,0,,208,10,1213,,108106.10574110712,256354911.2077163,0.0,0.0,187,0.0
10-216-01214,BIHAR,Muzaffarpur,Sakra,0,0,,208,10,1214,,105121.4777371614,236360031.18726787,0.0,0.0,175,0.0
10-217-01215,BIHAR,Gopalganj,Katiya,0,0,,197,10,1215,,94755.55253264701,158441587.458013,2.406328510284424e-05,1.8906866866520472e-05,112,0.002117569089050293
10-217-01216,BIHAR,Gopalganj,Bijaipur,0,0,,197,10,1216,,81309.59717969262,163112176.36717936,2.406328510284424e-05,2.406328510284424e-05,120,0.002887594212341309
10-217-01217,BIHAR,Gopalganj,Bhorey,0,0,,197,10,1217,,78790.65552761848,196013266.46535653,2.406328510284424e-05,1.2532960991064707e-05,144,0.001804746382713318
10-217-01218,BIHAR,Gopalganj,Pach Deuri,0,0,,197,10,1218,,53698.212932643866,118295317.11973979,0.0,0.0,85,0.0
10-217-01219,BIHAR,Gopalganj,Kuchaikote,0,0,,197,10,1219,,101077.28158428885,316078491.04748106,0.0,0.0,226,0.0
10-217-01220,BIHAR,Gopalganj,Phulwaria,0,0,,197,10,1220,,81339.22200232239,118763292.85091434,0.0,0.0,89,0.0
10-217-01221,BIHAR,Gopalganj,Hathua,0,0,,197,10,1221,,91546.96202775641,183613061.83342972,1.7183133811950684e-05,1.13652223638099e-05,127,0.0014433832402038574
10-217-01222,BIHAR,Gopalganj,Uchkagaon,0,0,,197,10,1222,,80102.93001981139,142235093.67043933,1.7183133811950684e-05,1.1347352517325924e-06,106,0.00012028193668365479
10-217-01223,BIHAR,Gopalganj,Thawe,0,0,,197,10,1223,,57244.55575246375,89300191.60424533,1.7183133811950684e-05,2.6848646581172944e-07,64,1.7183133811950684e-05
10-217-01224,BIHAR,Gopalganj,Gopalganj,0,0,,197,10,1224,,110313.13172782106,244420793.60160467,0.0,0.0,182,0.0
10-218-01232,BIHAR,Siwan,Goriakothi,0,0,,222,10,1232,,73201.39147651673,174963939.23516312,0.0,0.0,127,0.0
10-217-01225,BIHAR,Gopalganj,Manjha,0,0,,197,10,1225,,80242.78538873792,179389027.9828925,0.0,0.0,131,0.0
10-217-01226,BIHAR,Gopalganj,Barauli,0,0,,197,10,1226,,105754.79057670098,232227972.12586737,0.0,0.0,170,0.0
10-217-01228,BIHAR,Gopalganj,Baikunthpur,0,0,,197,10,1228,,97825.58906166903,256614409.24172768,0.0,0.0,185,0.0
10-218-01229,BIHAR,Siwan,Nautan,0,0,,222,10,1229,,58324.35348563096,81827813.66620097,1.7183133811950684e-05,1.718313381195068e-05,58,0.0009966217610931395
10-218-01230,BIHAR,Siwan,Siwan,0,0,,222,10,1230,,92599.06904644772,168879532.28230655,1.7183133811950684e-05,1.5726936031276897e-05,118,0.001855778451690674
10-218-01235,BIHAR,Siwan,Bhagwanpur Hat,0,0,,222,10,1235,,86430.4184146014,189582799.91524476,6.165718517303468e-06,9.829406331933063e-07,138,0.00013564580738067628
10-218-01231,BIHAR,Siwan,Barharia,0,0,,222,10,1231,,90315.6629531122,219606934.01516393,1.7183133811950684e-05,3.221837589740753e-07,160,5.154940143585205e-05
10-218-01233,BIHAR,Siwan,Lakri Nabiganj,0,0,,222,10,1233,,79648.98713303795,120773104.6039552,0.0,0.0,88,0.0
10-218-01234,BIHAR,Siwan,Basantpur,0,0,,222,10,1234,,57871.378293950496,76675463.02480637,0.0,0.0,56,0.0
10-218-01236,BIHAR,Siwan,Maharajganj,0,0,,222,10,1236,,119387.58843212528,142817377.5161484,6.165718517303468e-06,2.334592448299371e-06,103,0.00024046302217483522
10-218-01237,BIHAR,Siwan,Pachrukhi,0,0,,222,10,1237,,99183.2392802834,160709761.40986398,1.7183133811950684e-05,7.343219577756702e-07,117,8.591566905975342e-05
10-218-01238,BIHAR,Siwan,Hussainganj,0,0,,222,10,1238,,68784.84800107122,105975934.30464326,2.0890750217437745e-05,1.5525909421766125e-05,74,0.0011489172972106933
10-218-01239,BIHAR,Siwan,Ziradei,0,0,,222,10,1239,,98825.50869312549,152221780.48504183,2.0890750217437745e-05,1.7216535761549667e-05,111,0.0019110354695320128
10-218-01240,BIHAR,Siwan,Mairwa,0,0,,222,10,1240,,65279.2242200428,88898123.37504825,1.8220593566894534e-05,1.723029107353904e-05,66,0.0011371992108535765
10-218-01242,BIHAR,Siwan,Darauli,0,0,,222,10,1242,,90305.00161970501,214758375.6239279,3.66078821182251e-05,2.1532199902565248e-05,155,0.0033374909848976134
10-218-01241,BIHAR,Siwan,Guthani,0,0,,222,10,1241,,78778.78773845347,115110806.99004474,1.8220593566894534e-05,1.8144681877508394e-05,82,0.0014878639139556883
10-219-01248,BIHAR,Saran,Mashrakh,0,0,,218,10,1248,,82075.7710341599,165898243.02109933,0.0,0.0,121,0.0
10-218-01243,BIHAR,Siwan,Andar,0,0,,222,10,1243,,83358.60866933218,125625010.62434034,2.0890750217437745e-05,2.0464587412209344e-05,87,0.001780419104862213
10-219-01249,BIHAR,Saran,Panapur,0,0,,218,10,1249,,75875.09329534958,182360909.7404776,0.0,0.0,128,0.0
10-218-01244,BIHAR,Siwan,Raghunathpur,0,0,,222,10,1244,,87824.68008836384,193566358.3438411,2.0890750217437745e-05,2.089075021743775e-05,143,0.002987377281093598
10-219-01250,BIHAR,Saran,Taraiya,0,0,,218,10,1250,,53629.0613522338,97307015.09151264,0.0,0.0,74,0.0
10-218-01245,BIHAR,Siwan,Hasanpura,0,0,,222,10,1245,,82786.09108287447,121956119.03175904,2.0890750217437745e-05,1.2286347665238657e-05,87,0.001068912246875763
10-219-01251,BIHAR,Saran,Ishupur,0,0,,218,10,1251,,62425.60798229613,109300191.56908256,0.0,0.0,76,0.0
10-218-01246,BIHAR,Siwan,Daraundha,0,0,,222,10,1246,,105400.53795370483,157911066.26165873,6.165718517303468e-06,5.36149436287258e-06,115,0.0006165718517303467
10-219-01256,BIHAR,Saran,Jalalpur,0,0,,218,10,1256,,65042.73641147566,147549697.72689733,5.076029514312744e-05,1.7594496848628203e-05,106,0.0018650166659545896
10-218-01247,BIHAR,Siwan,Siswan,0,0,,222,10,1247,,98184.39847010886,155554872.77293277,2.0890750217437745e-05,1.0543430644370415e-05,111,0.0011703208015251161
10-219-01259,BIHAR,Saran,Nagra,0,0,,218,10,1259,,43289.948409307304,65110006.46242106,4.620320343017578e-05,1.9660937629862032e-05,47,0.0009240640686035155
10-219-01252,BIHAR,Saran,Baniapur,0,0,,218,10,1252,,89199.8841803021,219417775.87250236,6.165718517303468e-06,1.5130597588474768e-07,163,2.466287406921387e-05
10-219-01253,BIHAR,Saran,Lahladpur,0,0,,218,10,1253,,49287.19248841685,70233795.44130237,6.165718517303468e-06,3.329487999343872e-06,50,0.0001664743999671936
10-219-01254,BIHAR,Saran,Ekma,0,0,,218,10,1254,,99716.17236158185,176114988.01319405,6.165718517303468e-06,6.165718517303467e-06,128,0.0007892119702148437
10-219-01255,BIHAR,Saran,Manjhi,0,0,,218,10,1255,,127085.43562979231,244607530.98349065,5.076029514312744e-05,1.604137044239044e-05,180,0.0028874466796302792
10-219-01257,BIHAR,Saran,Revelganj,0,0,,218,10,1257,,84877.1419542779,179359801.45379385,5.076029514312744e-05,4.656777076721191e-05,125,0.005820971345901489
10-219-01258,BIHAR,Saran,Chapra,0,0,,218,10,1258,,119729.94798472138,239470568.44351175,4.620320343017578e-05,4.331550321578979e-05,176,0.007623528565979003
10-219-01260,BIHAR,Saran,Marhaura,0,0,,218,10,1260,,87240.95030017926,190752130.05196184,4.620320343017578e-05,1.348998640297103e-06,137,0.00018481281372070312
10-219-01261,BIHAR,Saran,Amnour,0,0,,218,10,1261,,94922.90618840617,160109081.4065653,4.620320343017578e-05,7.831051428843352e-07,118,9.240640686035156e-05
10-219-01263,BIHAR,Saran,Parsa,0,0,,218,10,1263,,85595.91054800974,122749042.93573296,0.0,0.0,88,0.0
10-219-01266,BIHAR,Saran,Dighwara,0,0,,218,10,1266,,81943.45164265168,101347015.6655549,0.0,0.0,72,0.0
10-219-01264,BIHAR,Saran,Dariapur,0,0,,218,10,1264,,115477.27251924115,281302380.67878103,0.0,0.0,202,0.0
10-219-01265,BIHAR,Saran,Garkha,0,0,,218,10,1265,,90147.74693968748,213336409.9887166,4.620320343017578e-05,2.3701643318077183e-05,154,0.003650053070983886
10-220-01269,BIHAR,Vaishali,Paterhi Belsar,0,0,,224,10,1269,,56227.36197278124,93522597.26160131,0.0,0.0,69,0.0
10-219-01267,BIHAR,Saran,Sonepur,0,0,,218,10,1267,,70412.64000247594,214865144.18564072,0.0,0.0,162,0.0
10-220-01268,BIHAR,Vaishali,Vaishali,0,0,,224,10,1268,,72706.90824879723,158663399.21103516,0.0,0.0,114,0.0
10-220-01270,BIHAR,Vaishali,Lalganj,0,0,,224,10,1270,,89595.71916906572,184177988.41986412,0.0,0.0,133,0.0
10-221-01294,BIHAR,Samastipur,Mohiuddinagar,0,0,,217,10,1294,,80607.53716768604,178536106.2701614,0.0,0.0,130,0.0
10-220-01271,BIHAR,Vaishali,Bhagwanpur,0,0,,224,10,1271,,98965.72708266653,142473218.81446454,0.0,0.0,102,0.0
10-220-01272,BIHAR,Vaishali,Goraul,0,0,,224,10,1272,,101989.77906286377,122446101.92943335,0.0,0.0,87,0.0
10-220-01273,BIHAR,Vaishali,Chehra Kalan,0,0,,224,10,1273,,63204.34388206024,89818122.94593617,0.0,0.0,66,0.0
10-220-01277,BIHAR,Vaishali,Raja Pakar,0,0,,224,10,1277,,58946.08844196175,93673217.82917874,0.0,0.0,72,0.0
10-220-01274,BIHAR,Vaishali,Patepur,0,0,,224,10,1274,,118180.33822078991,317029999.71255994,0.0,0.0,234,0.0
10-220-01275,BIHAR,Vaishali,Mahua,0,0,,224,10,1275,,86273.82517515696,171155586.12447235,0.0,0.0,125,0.0
10-220-01276,BIHAR,Vaishali,Jandaha,0,0,,224,10,1276,,99044.76663725945,179891527.10359335,0.0,0.0,128,0.0
10-220-01278,BIHAR,Vaishali,Hajipur,0,0,,224,10,1278,,80048.24731377292,194916759.16986817,0.0,0.0,140,0.0
10-220-01280,BIHAR,Vaishali,Bidupur,0,0,,224,10,1280,,88122.3198685409,139375575.9420912,0.0,0.0,99,0.0
10-220-01279,BIHAR,Vaishali,Raghopur,0,0,,224,10,1279,,128641.49950069311,338499790.0832371,0.0,0.0,246,0.0
10-220-01281,BIHAR,Vaishali,Desri,0,0,,224,10,1281,,50183.809114488824,56627949.53624974,0.0,0.0,43,0.0
10-221-01284,BIHAR,Samastipur,Kalyanpur,0,0,,217,10,1284,,147387.26660455638,294821482.9966942,0.0,0.0,214,0.0
10-221-01286,BIHAR,Samastipur,Shivaji Nagar,0,0,,217,10,1286,,96209.25031894707,172333979.18990555,0.0,0.0,130,0.0
10-221-01288,BIHAR,Samastipur,Samastipur,0,0,,217,10,1288,,112474.97484539819,170577777.20953664,0.0,0.0,123,0.0
10-221-01289,BIHAR,Samastipur,Pusa,0,0,,217,10,1289,,64081.7615729533,95008289.7510354,0.0,0.0,65,0.0
10-221-01291,BIHAR,Samastipur,Morwa,0,0,,217,10,1291,,104551.97847793197,152111293.7773472,0.0,0.0,106,0.0
10-221-01292,BIHAR,Samastipur,Patori,0,0,,217,10,1292,,69422.25062895294,130638318.44440164,0.0,0.0,93,0.0
10-221-01295,BIHAR,Samastipur,Sarairanjan,0,0,,217,10,1295,,96463.23467310029,185572344.2706523,0.0,0.0,145,0.0
10-221-01296,BIHAR,Samastipur,Vidyapati Nagar,0,0,,217,10,1296,,62930.2690484309,106322816.42401849,0.0,0.0,75,0.0
10-221-01297,BIHAR,Samastipur,Dalsinghsarai,0,0,,217,10,1297,,80515.23552986495,118201268.21451648,0.0,0.0,89,0.0
10-221-01298,BIHAR,Samastipur,Ujiarpur,0,0,,217,10,1298,,81756.09445970641,209497824.1015558,0.0,0.0,149,0.0
10-221-01300,BIHAR,Samastipur,Rosera,0,0,,217,10,1300,,84599.34785899956,138535375.895554,0.0,0.0,97,0.0
10-221-01299,BIHAR,Samastipur,Bibhutpur,0,0,,217,10,1299,,96600.53522783429,258332531.194082,0.0,0.0,187,0.0
10-221-01301,BIHAR,Samastipur,Singhia,0,0,,217,10,1301,,76055.88015393679,178639507.67998633,0.0,0.0,128,0.0
10-222-01307,BIHAR,Begusarai,Cheria Bariarpur,0,0,,191,10,1307,,80422.0696045629,127840547.1243011,0.0,0.0,89,0.0
10-221-01302,BIHAR,Samastipur,Hasanpur,0,0,,217,10,1302,,122795.93417076243,188091095.39019313,0.0,0.0,138,0.0
10-221-01303,BIHAR,Samastipur,Bithan,0,0,,217,10,1303,,72838.55780104545,149849875.79630712,0.0,0.0,109,0.0
10-222-01304,BIHAR,Begusarai,Khudabandpur,0,0,,191,10,1304,,49522.71992212785,59617610.47663844,0.0,0.0,39,0.0
10-222-01305,BIHAR,Begusarai,Chhorahi,0,0,,191,10,1305,,96201.09768359947,128309829.49376953,0.0,0.0,94,0.0
10-222-01306,BIHAR,Begusarai,Garhpura,0,0,,191,10,1306,,69581.28073662621,88651595.91159394,0.0,0.0,68,0.0
10-222-01308,BIHAR,Begusarai,Bhagwanpur,0,0,,191,10,1308,,102620.52088176137,147276258.21886113,0.0,0.0,106,0.0
10-223-01324,BIHAR,Khagaria,Mansi,0,0,,202,10,1324,,70720.37786012898,86151878.56106131,0.0,0.0,69,0.0
10-222-01309,BIHAR,Begusarai,Mansurchak,0,0,,191,10,1309,,55538.61039021854,42158333.283958256,0.0,0.0,31,0.0
10-224-01333,BIHAR,Bhagalpur,Rangra Chowk,0,0,,192,10,1333,,56200.86409227388,97946271.45940188,0.0,0.0,71,0.0
10-222-01310,BIHAR,Begusarai,Bachhwara,0,0,,191,10,1310,,112893.55520851951,186501763.14040864,0.0,0.0,138,0.0
10-222-01311,BIHAR,Begusarai,Teghra,0,0,,191,10,1311,,93442.93751421869,180050069.66821858,0.0,0.0,129,0.0
10-222-01312,BIHAR,Begusarai,Barauni,0,0,,191,10,1312,,90573.71511882372,141812926.41245717,0.0,0.0,102,0.0
10-222-01313,BIHAR,Begusarai,Birpur,0,0,,191,10,1313,,69057.86510087451,64693086.30641256,0.0,0.0,53,0.0
10-222-01314,BIHAR,Begusarai,Begusarai,0,0,,191,10,1314,,114572.02827886646,273941103.5239774,0.0,0.0,200,0.0
10-222-01315,BIHAR,Begusarai,Naokothi,0,0,,191,10,1315,,61794.845266753924,91575422.87048158,0.0,0.0,64,0.0
10-222-01316,BIHAR,Begusarai,Bakhri,0,0,,191,10,1316,,74902.13049058078,94921186.04856166,0.0,0.0,66,0.0
10-222-01317,BIHAR,Begusarai,Dandari,0,0,,191,10,1317,,77075.31892237118,85364223.36403492,0.0,0.0,65,0.0
10-222-01318,BIHAR,Begusarai,Sahebpur Kamal,0,0,,191,10,1318,,97820.3506924087,179327758.1582562,0.0,0.0,131,0.0
10-222-01319,BIHAR,Begusarai,Balia,0,0,,191,10,1319,,95726.56851828664,181873531.04775092,0.0,0.0,133,0.0
10-222-01320,BIHAR,Begusarai,Matihani,0,0,,191,10,1320,,104199.58891726227,214311339.790948,0.0,0.0,157,0.0
10-222-01321,BIHAR,Begusarai,Shamho Akha Kurha,0,0,,191,10,1321,,47884.70174269599,82130306.58899558,0.0,0.0,58,0.0
10-223-01322,BIHAR,Khagaria,Alauli,0,0,,202,10,1322,,117176.16085281859,337532903.06560946,0.0,0.0,244,0.0
10-223-01323,BIHAR,Khagaria,Khagaria,0,0,,202,10,1323,,164255.4907534744,325761754.1557925,0.0,0.0,229,0.0
10-223-01325,BIHAR,Khagaria,Chautham,0,0,,202,10,1325,,88833.5659059585,205164632.7891582,0.0,0.0,148,0.0
10-228-01376,BIHAR,Sheikhpura,Chewara,0,0,,219,10,1376,,77279.14911837938,141385828.1075451,0.0005737996884155273,0.0005694764939150764,103,0.05865607887325287
10-223-01326,BIHAR,Khagaria,Beldaur,0,0,,202,10,1326,,101449.44415348554,276820454.1841197,0.0,0.0,203,0.0
10-223-01327,BIHAR,Khagaria,Gogri,0,0,,202,10,1327,,109725.85953588395,321971045.3784509,0.0,0.0,231,0.0
10-223-01328,BIHAR,Khagaria,Parbatta,0,0,,202,10,1328,,89952.53209418767,286770838.53234714,0.0,0.0,215,0.0
10-224-01329,BIHAR,Bhagalpur,Narayanpur,0,0,,192,10,1329,,96964.50839109154,173637043.38008544,0.0,0.0,125,0.0
10-224-01330,BIHAR,Bhagalpur,Bihpur,0,0,,192,10,1330,,98960.16392998041,189427956.2070791,0.0,0.0,141,0.0
10-234-01472,BIHAR,Rohtas,Akorhi Gola,0,0,,215,10,1472,,71741.57946050014,124356844.03544964,5.507502235412598e-05,5.507502235412597e-05,94,0.0051770521012878415
10-224-01331,BIHAR,Bhagalpur,Kharik,0,0,,192,10,1331,,103106.05203500649,169292223.68779984,0.0,0.0,125,0.0
10-224-01332,BIHAR,Bhagalpur,Naugachhia,0,0,,192,10,1332,,91833.23423872421,134223697.96961665,0.0,0.0,95,0.0
10-224-01335,BIHAR,Bhagalpur,Pirpainti,0,0,,192,10,1335,,138631.2255747686,411429376.6216011,0.0,0.0,294,0.0
10-224-01336,BIHAR,Bhagalpur,Kahalgaon,0,0,,192,10,1336,,128722.99744742387,352186242.20537144,0.0,0.0,255,0.0
10-224-01337,BIHAR,Bhagalpur,Ismailpur,0,0,,192,10,1337,,66332.03197363381,102752037.41138108,0.0,0.0,75,0.0
10-224-01338,BIHAR,Bhagalpur,Sabour,0,0,,192,10,1338,,85492.0541239663,141198925.34276122,0.0,0.0,102,0.0
10-226-01359,BIHAR,Munger,Dharhara,0,0,,207,10,1359,,105188.90103685112,355220468.750446,0.0,0.0,262,0.0
10-224-01339,BIHAR,Bhagalpur,Nathnagar,0,0,,192,10,1339,,105259.93673308079,163498377.60317266,0.0,0.0,117,0.0
10-226-01360,BIHAR,Munger,Kharagpur,0,0,,207,10,1360,,169586.30903503796,398589433.5102216,0.0,0.0,291,0.0
10-224-01340,BIHAR,Bhagalpur,Sultanganj,0,0,,192,10,1340,,139861.1879796442,266407467.3450057,0.0,0.0,198,0.0
10-224-01341,BIHAR,Bhagalpur,Shahkund,0,0,,192,10,1341,,93276.90256650816,208798734.37786233,0.0,0.0,153,0.0
10-224-01342,BIHAR,Bhagalpur,Goradih,0,0,,192,10,1342,,106918.08891287447,178026414.43832883,0.0,0.0,128,0.0
10-224-01343,BIHAR,Bhagalpur,Jagdishpur,0,0,,192,10,1343,,107045.71303668506,127447147.46016994,0.0,0.0,95,0.0
10-224-01344,BIHAR,Bhagalpur,Sonhaula,0,0,,192,10,1344,,84463.86530366821,214425428.57327408,0.0,0.0,160,0.0
10-225-01345,BIHAR,Banka,Shambhuganj,0,0,,190,10,1345,,85765.27415008907,217970788.89652416,0.0,0.0,157,0.0
10-225-01346,BIHAR,Banka,Amarpur,0,0,,190,10,1346,,98000.87839154692,234663534.19316816,0.0,0.0,176,0.0
10-225-01347,BIHAR,Banka,Rajaun,0,0,,190,10,1347,,86718.04358754268,242814641.5593075,0.0,0.0,179,0.0
10-226-01363,BIHAR,Munger,Tetiha Bambor,0,0,,207,10,1363,,73286.15332623897,95190725.80042528,0.0,0.0,70,0.0
10-225-01348,BIHAR,Banka,Dhuraiya,0,0,,190,10,1348,,106681.6377356153,285703540.38620996,0.0,0.0,208,0.0
10-225-01349,BIHAR,Banka,Barahat,0,0,,190,10,1349,,122910.23058217819,181202001.14064544,0.0,0.0,129,0.0
10-225-01350,BIHAR,Banka,Banka,0,0,,190,10,1350,,137083.07375503817,365153241.48788345,0.0,0.0,275,0.0
10-225-01351,BIHAR,Banka,Phulidumar,0,0,,190,10,1351,,117105.67306472127,248400685.45023423,0.0,0.0,176,0.0
10-225-01352,BIHAR,Banka,Belhar,0,0,,190,10,1352,,118426.40149548957,290570448.277483,0.00035699837287902835,3.670076730532067e-05,214,0.007853964203338623
10-225-01353,BIHAR,Banka,Chanan,0,0,,190,10,1353,,169565.08902723462,550876204.0147796,0.00035699837287902835,0.00017711902627116696,403,0.07137896758728028
10-225-01354,BIHAR,Banka,Katoria,0,0,,190,10,1354,,180268.89530762268,687665367.2781417,0.0002759661692428589,2.3638536409248874e-05,502,0.011866545277442934
10-225-01355,BIHAR,Banka,Bausi,0,0,,190,10,1355,,109314.78149810205,385846183.7170387,0.0,0.0,284,0.0
10-226-01356,BIHAR,Munger,Munger,0,0,,207,10,1356,,162390.1628928388,306519605.49277806,0.0,0.0,227,0.0
10-226-01357,BIHAR,Munger,Bariarpur,0,0,,207,10,1357,,122433.4478606843,198040113.63802013,0.0,0.0,143,0.0
10-226-01358,BIHAR,Munger,Jamalpur,0,0,,207,10,1358,,72817.19566814511,112971204.64248075,0.0,0.0,79,0.0
10-226-01361,BIHAR,Munger,Asarganj,0,0,,207,10,1361,,61173.52838786665,72491453.98190036,0.0,0.0,52,0.0
10-226-01362,BIHAR,Munger,Tarapur,0,0,,207,10,1362,,54416.57713098438,86962445.68425661,0.0,0.0,62,0.0
10-226-01364,BIHAR,Munger,Sangrampur,0,0,,207,10,1364,,71205.18318302365,105786037.21986651,0.0,0.0,80,0.0
10-227-01366,BIHAR,Lakhisarai,Pipariya,0,0,,204,10,1366,,87968.2901826016,106258171.87143916,0.0,0.0,76,0.0
10-227-01365,BIHAR,Lakhisarai,Barahiya,0,0,,204,10,1365,,95965.48426593257,248505135.43154767,0.0,0.0,179,0.0
10-227-01367,BIHAR,Lakhisarai,Surajgarha,0,0,,204,10,1367,,140312.1609931406,462726462.37366486,0.0004460811918640137,5.90401577467077e-05,340,0.02007365363388062
10-227-01368,BIHAR,Lakhisarai,Lakhisarai,0,0,,204,10,1368,,117670.76745524361,181316338.94823277,0.0005737996884155273,5.751909885836723e-05,133,0.007650040148162842
10-227-01369,BIHAR,Lakhisarai,Chanan*,0,0,,204,10,1369,,86014.87070350182,177670731.10250506,0.0004460811918640137,0.00036244096838951106,128,0.046392443953857415
10-228-01375,BIHAR,Sheikhpura,Ghat Kusumbha,0,0,,219,10,1375,,80592.24583619394,99088070.68237934,0.0,0.0,70,0.0
10-227-01370,BIHAR,Lakhisarai,Ramgarh Chowk,0,0,,204,10,1370,,98990.57354622113,128567389.13844268,0.0005737996884155273,0.0005161241428732365,94,0.04851566943008423
10-227-01371,BIHAR,Lakhisarai,Halsi,0,0,,204,10,1371,,82594.8188222393,191441208.6304817,0.0005737996884155273,0.0005682866597874046,139,0.07899184571044923
10-228-01372,BIHAR,Sheikhpura,Barbigha,0,0,,219,10,1372,,83879.7675047183,115941853.486741,0.0,0.0,81,0.0
10-228-01373,BIHAR,Sheikhpura,Shekhopur Sarai,0,0,,219,10,1373,,59774.96229914819,65955650.61796794,0.0004995848494911194,0.0001973049462551541,45,0.008878722581481934
10-228-01374,BIHAR,Sheikhpura,Sheikhpura,0,0,,219,10,1374,,119718.3677454689,225551054.81458032,0.0005737996884155273,0.00012834615252808965,170,0.02181884592977524
10-228-01377,BIHAR,Sheikhpura,Ariari,0,0,,219,10,1377,,87552.5859976097,183445963.63454768,0.0005737996884155273,0.0005006682777965852,137,0.06859155405813218
10-229-01378,BIHAR,Nalanda,Karai Parsurai,0,0,,209,10,1378,,58523.47447411047,82148146.79064696,7.928529998779297e-05,3.5678384994506835e-05,60,0.0021407030996704103
10-229-01379,BIHAR,Nalanda,Nagar Nausa,0,0,,209,10,1379,,82570.35159490984,108015836.82811198,9.935188476562501e-05,3.866384673309327e-05,80,0.0030931077386474612
10-229-01380,BIHAR,Nalanda,Harnaut,0,0,,209,10,1380,,124869.90123154312,224385440.0517296,9.935188476562501e-05,3.4557177309782614e-05,161,0.0055637055468750005
10-229-01381,BIHAR,Nalanda,Chandi,0,0,,209,10,1381,,70527.81459673235,147156102.481168,9.935188476562501e-05,9.114851813360094e-05,109,0.009935188476562502
10-229-01382,BIHAR,Nalanda,Rahui,0,0,,209,10,1382,,77076.6108369453,152249665.90613127,9.935188476562501e-05,9.567218532986113e-05,108,0.010332596015625002
10-229-01383,BIHAR,Nalanda,Bind,0,0,,209,10,1383,,70364.80140905235,88091657.81671415,0.0,0.0,66,0.0
10-229-01384,BIHAR,Nalanda,Sarmera,0,0,,209,10,1384,,91044.34634338948,167201876.42476654,0.0,0.0,123,0.0
10-229-01385,BIHAR,Nalanda,Asthawan,0,0,,209,10,1385,,92263.18064708126,171325630.7179731,0.0004995848494911194,2.788633795028687e-05,125,0.0034857922437858584
10-229-01387,BIHAR,Nalanda,Noorsarai,0,0,,209,10,1387,,78528.62700534344,151514769.88009417,9.935188476562501e-05,9.935188476562501e-05,114,0.011326114863281252
10-229-01386,BIHAR,Nalanda,Bihar,0,0,,209,10,1386,,98561.8371020671,215840179.0991975,0.00044268249481201175,0.00012352180115318302,160,0.019763488184509282
10-229-01390,BIHAR,Nalanda,Hilsa,0,0,,209,10,1390,,93433.88804652911,175765721.10991755,7.928529998779297e-05,7.928529998779299e-05,131,0.01038637429840088
10-229-01391,BIHAR,Nalanda,Ekangarsarai,0,0,,209,10,1391,,87121.32234693572,166605847.460251,7.928529998779297e-05,7.928529998779299e-05,122,0.009672806598510744
10-229-01392,BIHAR,Nalanda,Islampur,0,0,,209,10,1392,,109868.69145522316,273834151.4326934,0.00019538444969177248,0.00014810696089479113,194,0.028732750413589477
10-229-01393,BIHAR,Nalanda,Ben,0,0,,209,10,1393,,66947.54721379357,127526149.56798536,0.00044268249481201175,0.0001474344545129005,94,0.013858838724212648
10-230-01398,BIHAR,Patna,Maner,0,0,,212,10,1398,,96133.56350709034,213315300.3597084,7.476049884796143e-05,1.8158739268563007e-05,154,0.002796445847358703
10-229-01394,BIHAR,Nalanda,Rajgir,0,0,,209,10,1394,,88740.45664753366,198129288.77271983,0.00044268249481201175,0.0003383799179585775,147,0.04974184793991089
10-229-01395,BIHAR,Nalanda,Silao,0,0,,209,10,1395,,79220.42929786978,154752836.13944647,0.00044268249481201175,0.00038244905445299657,114,0.04359919220764161
10-229-01396,BIHAR,Nalanda,Giriak,0,0,,209,10,1396,,88347.46773236175,99576022.5731765,0.00044268249481201175,0.00044268249481201175,73,0.03231582212127686
10-229-01397,BIHAR,Nalanda,Katrisarai,0,0,,209,10,1397,,38918.76300208476,48673462.28309288,0.0004995848494911194,0.0004569080834817887,36,0.016448691005344393
10-230-01399,BIHAR,Patna,Dinapur-Cum-Khagaul,0,0,,212,10,1399,,78598.21354533077,184765788.04152673,6.677946228027343e-05,1.9786507342303243e-05,135,0.0026711784912109376
10-234-01474,BIHAR,Rohtas,Tilouthu,0,0,,215,10,1474,,73885.57639601533,193504401.97342023,0.00018037112869262697,0.00017934258596883504,140,0.025107962035636904
10-230-01400,BIHAR,Patna,Patna Rural,0,0,,212,10,1400,,87518.10425735511,179850223.48881748,6.677946228027343e-05,1.1724638415620526e-05,131,0.0015359276324462888
10-230-01401,BIHAR,Patna,Sampatchak,0,0,,212,10,1401,,53219.7118618291,78902366.60372826,6.677946228027343e-05,2.3431390273780154e-06,57,0.00013355892456054687
10-230-01406,BIHAR,Patna,Dulhin Bazar,0,0,,212,10,1406,,77792.54009458271,136539622.4680228,0.00015389769485473634,9.954459337687251e-05,99,0.009854914744310378
10-230-01402,BIHAR,Patna,Phulwari,0,0,,212,10,1402,,70659.26045014715,135940825.49713776,6.677946228027343e-05,6.399698468526203e-05,96,0.006143710529785155
10-230-01413,BIHAR,Patna,Khusrupur,0,0,,212,10,1413,,46143.60198551767,78201544.387751,0.0,0.0,58,0.0
10-230-01403,BIHAR,Patna,Bihta,0,0,,212,10,1403,,116564.9809665079,244879174.98088208,7.476049884796143e-05,7.126399659837994e-05,182,0.01297004738090515
10-230-01415,BIHAR,Patna,Athmalgola,0,0,,212,10,1415,,47997.69261940102,62827293.65665197,0.0,0.0,47,0.0
10-230-01404,BIHAR,Patna,Naubatpur,0,0,,212,10,1404,,105087.74367689912,205320191.59612688,6.677946228027343e-05,6.677946228027342e-05,153,0.010217257728881834
10-230-01405,BIHAR,Patna,Bikram,0,0,,212,10,1405,,86626.03512108007,186422313.04867813,7.476049884796143e-05,7.248852493453199e-05,137,0.009930927916030882
10-234-01475,BIHAR,Rohtas,Rohtas,0,0,,215,10,1475,,88257.59288547112,389741138.17794544,0.00030250724121093754,0.0001967360532058279,288,0.056659983323278436
10-230-01407,BIHAR,Patna,Paliganj,0,0,,212,10,1407,,129476.3041410336,293354152.7667747,0.00015389769485473634,0.00014646013821945013,214,0.03134246957896233
10-230-01408,BIHAR,Patna,Masaurhi,0,0,,212,10,1408,,108866.13277400887,248716954.87290823,9.33976978969574e-05,8.442525892504146e-05,178,0.01502769608865738
10-230-01409,BIHAR,Patna,Dhanarua,0,0,,212,10,1409,,95102.40821522896,225577653.19725513,9.33976978969574e-05,6.580998669144566e-05,163,0.010727027830705643
10-230-01410,BIHAR,Patna,Punpun,0,0,,212,10,1410,,82554.93388622913,161116560.78819045,6.677946228027343e-05,4.5274211715439614e-05,118,0.005342356982421874
10-230-01411,BIHAR,Patna,Fatwah,0,0,,212,10,1411,,97950.27190535897,155697451.47083917,0.0,0.0,115,0.0
10-230-01412,BIHAR,Patna,Daniawan,0,0,,212,10,1412,,69689.77872311571,79566220.36857046,0.0,0.0,56,0.0
10-230-01414,BIHAR,Patna,Bakhtiarpur,0,0,,212,10,1414,,120205.01587822943,168153072.20481881,0.0,0.0,120,0.0
10-230-01416,BIHAR,Patna,Belchhi,0,0,,212,10,1416,,88573.78025963024,87443681.0926542,0.0,0.0,70,0.0
10-230-01417,BIHAR,Patna,Barh,0,0,,212,10,1417,,95365.9771693495,147280816.515725,0.0,0.0,104,0.0
10-230-01419,BIHAR,Patna,Ghoswari,0,0,,212,10,1419,,66454.95033385535,164897376.1169027,0.0,0.0,126,0.0
10-230-01418,BIHAR,Patna,Pandarak,0,0,,212,10,1418,,106894.44852036482,252509471.6555304,0.0,0.0,180,0.0
10-232-01438,BIHAR,Buxar,Chaugain,0,0,,194,10,1438,,52625.33924401454,66025696.44875917,4.6277915039062504e-05,4.6277915039062504e-05,49,0.0022676178369140628
10-232-01439,BIHAR,Buxar,Kesath,0,0,,194,10,1439,,34661.84662025829,38236018.49691825,4.6277915039062504e-05,4.6277915039062504e-05,29,0.0013420595361328127
10-230-01420,BIHAR,Patna,Mokameh,0,0,,212,10,1420,,127700.39840194934,244519830.48183808,0.0,0.0,181,0.0
10-231-01421,BIHAR,Bhojpur,Shahpur,0,0,,193,10,1421,,110658.91431619873,211766871.4500774,8.01031770992279e-05,5.3241260816928677e-05,156,0.008305636687440873
10-234-01460,BIHAR,Rohtas,Suryapura,0,0,,215,10,1460,,56159.7630280001,69765063.31452103,5.9247203292846685e-05,5.9247203292846685e-05,47,0.0027846185547637944
10-231-01422,BIHAR,Bhojpur,Arrah,0,0,,193,10,1422,,120924.06747051864,221925641.7145924,8.01031770992279e-05,7.138996680937474e-05,159,0.011351004722690582
10-231-01423,BIHAR,Bhojpur,Barhara,0,0,,193,10,1423,,128817.96875565937,258494738.36324885,5.076029514312744e-05,4.763475056513441e-05,191,0.009098237357940672
10-231-01424,BIHAR,Bhojpur,Koilwar,0,0,,193,10,1424,,94779.33453556667,208456312.66749656,7.476049884796143e-05,6.862738842266519e-05,149,0.010225480874977112
10-231-01425,BIHAR,Bhojpur,Sandesh,0,0,,193,10,1425,,60697.76797134289,164599530.19806212,0.00015389769485473634,8.683227451001185e-05,118,0.010246208392181398
10-231-01426,BIHAR,Bhojpur,Udwant Nagar,0,0,,193,10,1426,,92445.60417460876,217797556.82002312,8.01031770992279e-05,7.797937953350706e-05,161,0.012554680104894637
10-234-01461,BIHAR,Rohtas,Bikramganj,0,0,,215,10,1461,,88556.32896667719,168723569.68103397,5.9247203292846685e-05,5.9247203292846685e-05,129,0.007642889224777223
10-231-01427,BIHAR,Bhojpur,Behea,0,0,,193,10,1427,,114516.77527652554,206091349.70539597,8.01031770992279e-05,6.874569800465902e-05,150,0.010311854700698852
10-231-01428,BIHAR,Bhojpur,Jagdishpur,0,0,,193,10,1428,,109726.00219208181,318463526.4488765,8.01031770992279e-05,7.669097961070245e-05,228,0.017485543351240158
10-231-01429,BIHAR,Bhojpur,Piro,0,0,,193,10,1429,,100703.96274410955,268205354.86689487,8.01031770992279e-05,6.205727431001664e-05,200,0.012411454862003329
10-234-01462,BIHAR,Rohtas,Karakat,0,0,,215,10,1462,,102232.22868007293,251121712.10833624,8.726133960723878e-05,6.0935907938480386e-05,176,0.010724719797172547
10-231-01430,BIHAR,Bhojpur,Charpokhari,0,0,,193,10,1430,,88834.1327790213,135855258.49695313,8.01031770992279e-05,7.434609369498806e-05,95,0.007062878901023866
10-231-01431,BIHAR,Bhojpur,Garhani,0,0,,193,10,1431,,93054.52180151101,137128723.85739592,8.01031770992279e-05,7.915214462845071e-05,103,0.008152670896730423
10-231-01432,BIHAR,Bhojpur,Agiaon,0,0,,193,10,1432,,87534.07309197474,191419206.17039648,0.00015389769485473634,0.00010549806736205121,139,0.014664231363325118
10-231-01433,BIHAR,Bhojpur,Tarari,0,0,,193,10,1433,,95157.98131215997,247108515.4982669,7.194014839172364e-05,7.057762886133571e-05,177,0.012492240308456422
10-231-01434,BIHAR,Bhojpur,Sahar,0,0,,193,10,1434,,61748.81499939302,157154129.14318892,0.00015389769485473634,8.524949354383682e-05,117,0.009974190744628908
10-232-01435,BIHAR,Buxar,Simri,0,0,,194,10,1435,,87047.69219699135,222195796.247413,9.090473818302155e-05,5.503637158251391e-05,164,0.009025964939532281
10-232-01436,BIHAR,Buxar,Chakki,0,0,,194,10,1436,,73799.54032015939,80420668.23199363,4.6277915039062504e-05,3.902000524520874e-05,64,0.0024972803356933596
10-232-01437,BIHAR,Buxar,Barhampur,0,0,,194,10,1437,,133928.15369382405,240152233.65370417,5.076029514312744e-05,4.476243179078736e-05,173,0.007743900699806214
10-232-01440,BIHAR,Buxar,Dumraon,0,0,,194,10,1440,,115797.88145848007,238641355.07175583,9.090473818302155e-05,5.97451811949318e-05,169,0.010096935621943474
10-232-01441,BIHAR,Buxar,Buxar,0,0,,194,10,1441,,90996.21871903203,211591033.38394436,9.090473818302155e-05,9.078129575893379e-05,157,0.014252663434152605
10-232-01442,BIHAR,Buxar,Chausa,0,0,,194,10,1442,,99103.08457070828,138502720.57991108,0.0001863089437866211,0.00014116026770761084,107,0.01510414864471436
10-232-01443,BIHAR,Buxar,Rajpur,0,0,,194,10,1443,,121142.9666413415,336933113.12217736,0.0001863089437866211,0.00010418402084087841,245,0.02552508510601521
10-232-01444,BIHAR,Buxar,Itarhi,0,0,,194,10,1444,,109439.3274763228,293713382.2816445,0.00010420915039062502,9.103205313237662e-05,209,0.019025699104666713
10-232-01445,BIHAR,Buxar,Nawanagar,0,0,,194,10,1445,,126567.10382889764,229774401.79100823,0.00010420915039062502,5.2584871091870866e-05,169,0.008886843214526177
10-233-01446,BIHAR,Kaimur (Bhabua),Ramgarh,0,0,,200,10,1446,,124781.0721120257,206666195.02442607,0.00010247345329284669,8.835189605914994e-05,151,0.013341136304931642
10-233-01447,BIHAR,Kaimur (Bhabua),Nuaon,0,0,,200,10,1447,,121732.74643995032,235834986.4758632,0.0001863089437866211,0.00011139974452013163,171,0.01904935631294251
10-233-01448,BIHAR,Kaimur (Bhabua),Kudra,0,0,,200,10,1448,,132624.50147962422,255577893.54332253,0.00015887868011474612,0.00013560033253745432,189,0.025628462849578867
10-233-01449,BIHAR,Kaimur (Bhabua),Mohania,0,0,,200,10,1449,,142323.6809133636,349176573.6513165,0.00015887868011474612,9.205557962715626e-05,256,0.023566228384552003
10-233-01450,BIHAR,Kaimur (Bhabua),Durgawati,0,0,,200,10,1450,,108544.41183902678,212580801.4059764,5.7104194946289066e-05,5.710419494628908e-05,154,0.008794046021728518
10-233-01451,BIHAR,Kaimur (Bhabua),Chand,0,0,,200,10,1451,,97099.60209928264,257974481.1925409,0.0001210807763671875,9.188115015577762e-05,188,0.017273656229286193
10-233-01452,BIHAR,Kaimur (Bhabua),Chainpur,0,0,,200,10,1452,,170712.34536647963,555311526.8488017,0.0002170073571777344,0.00013452626693463148,407,0.05475219064239502
10-233-01453,BIHAR,Kaimur (Bhabua),Bhabua,0,0,,200,10,1453,,143727.89821118704,407618990.38615096,0.00015887868011474612,0.00012899456559241414,301,0.038827364243316655
10-233-01454,BIHAR,Kaimur (Bhabua),Rampur,0,0,,200,10,1454,,126612.15498309073,210660395.23746365,0.00024836153961181644,0.00018770537310709094,149,0.02796810059295655
10-233-01455,BIHAR,Kaimur (Bhabua),Bhagwanpur,0,0,,200,10,1455,,134815.05705103654,292151198.96788174,0.0002170073571777344,0.00013043244797259146,211,0.027521246522216797
10-233-01456,BIHAR,Kaimur (Bhabua),Adhaura,0,0,,200,10,1456,,271357.2345421078,1135984955.9859164,0.00030250724121093754,0.00023232913598288438,833,0.1935301702737427
10-234-01457,BIHAR,Rohtas,Kochas,0,0,,215,10,1457,,90248.48407846906,187033418.62218276,0.00010420915039062502,0.00010367003235267871,132,0.01368444427055359
10-234-01458,BIHAR,Rohtas,Dinara,0,0,,215,10,1458,,157118.7651045217,464648316.8452498,0.00010420915039062502,9.366089300698204e-05,341,0.031938364515380874
10-234-01459,BIHAR,Rohtas,Dawath,0,0,,215,10,1459,,78120.6651060775,129910427.66035384,5.9247203292846685e-05,5.9247203292846685e-05,94,0.005569237109527589
10-234-01466,BIHAR,Rohtas,Nokha,0,0,,215,10,1466,,82152.91978314315,208772248.59610957,0.0001263313870048523,0.0001079020758162318,148,0.015969507220802308
10-235-01476,BIHAR,Aurangabad,Daudnagar,0,0,,189,10,1476,,91010.07504965532,238139281.75712803,8.726133960723878e-05,8.319180524190267e-05,174,0.014475374112091065
10-234-01467,BIHAR,Rohtas,Kargahar,0,0,,215,10,1467,,128509.87472624176,406135690.59563094,0.00015887868011474612,0.00012352885040528067,296,0.03656453971996308
10-234-01468,BIHAR,Rohtas,Chenari,0,0,,215,10,1468,,121720.69626398994,292642418.8385522,0.00024836153961181644,0.00020284442808488366,215,0.043611552038249984
10-234-01469,BIHAR,Rohtas,Nauhatta,0,0,,215,10,1469,,175494.75594492842,478591449.404211,0.00030250724121093754,0.00026851656174177506,354,0.09505486285658837
10-234-01470,BIHAR,Rohtas,Sheosagar,0,0,,215,10,1470,,135463.8765525897,406503956.12222886,0.00024836153961181644,0.00016042478498555848,295,0.047325311570739756
10-234-01471,BIHAR,Rohtas,Sasaram,0,0,,215,10,1471,,135810.11950728856,394273130.8742507,0.00018037112869262697,0.00013816338645481242,290,0.0400673820718956
10-234-01473,BIHAR,Rohtas,Dehri,0,0,,215,10,1473,,97323.52013589225,199371136.99043605,0.00018037112869262697,8.37832645314973e-05,145,0.012148573357067108
10-235-01477,BIHAR,Aurangabad,Haspura,0,0,,189,10,1477,,88845.10694940752,164519986.5205008,0.0003250885249078274,9.119236746344685e-05,121,0.011034276463077069
10-235-01478,BIHAR,Aurangabad,Goh,0,0,,189,10,1478,,122286.20877621078,374665187.3660463,0.0003250885249078274,0.00025863681136795706,272,0.07034921269208431
10-236-01491,BIHAR,Gaya,Neem Chak Bathani,0,0,,196,10,1491,,79540.44278654993,146770773.7769567,0.00019538444969177248,0.00019538444969177245,103,0.020124598318252564
10-235-01479,BIHAR,Aurangabad,Rafiganj,0,0,,189,10,1479,,167069.30684925965,465687847.79432577,0.0003250885249078274,0.0001359436704019997,341,0.04635679160708189
10-235-01480,BIHAR,Aurangabad,Obra,0,0,,189,10,1480,,130720.05569071589,327203821.09876627,0.00016839896270751952,8.293962595122775e-05,237,0.01965669135044098
10-236-01494,BIHAR,Gaya,Manpur,0,0,,196,10,1494,,77081.78707553667,161226183.41058797,0.00016252856063842774,0.00012288456379102626,115,0.014131724835968019
10-235-01481,BIHAR,Aurangabad,Aurangabad,0,0,,189,10,1481,,125502.68609205673,344679798.38062614,0.00016839896270751952,0.00013204561838388445,256,0.03380367830627442
10-237-01511,BIHAR,Nawada,Nardiganj,0,0,,210,10,1511,,60262.24041371029,129808165.4472442,0.00044268249481201175,0.0004426824948120118,95,0.04205483700714112
10-235-01482,BIHAR,Aurangabad,Barun,0,0,,189,10,1482,,117269.30390529483,381782699.30215496,0.00016839896270751952,0.00013197341045107161,280,0.03695255492630005
10-235-01483,BIHAR,Aurangabad,Nabinagar,0,0,,189,10,1483,,173491.30877801325,657546828.2218357,0.0002240604598236084,0.00018705488775016358,483,0.090347510783329
10-235-01484,BIHAR,Aurangabad,Kutumba,0,0,,189,10,1484,,110495.73757590447,319048251.76106954,0.0002240604598236084,0.00019635124291865583,229,0.044964434628372185
10-235-01485,BIHAR,Aurangabad,Deo,0,0,,189,10,1485,,158578.88849021672,336990745.1586724,0.0002240604598236084,0.00016755564008948337,251,0.042056465662460324
10-235-01486,BIHAR,Aurangabad,Madanpur,0,0,,189,10,1486,,153529.37367368402,418713952.50229967,0.00018142545532226563,0.00014448164128078226,309,0.04464482715576172
10-236-01487,BIHAR,Gaya,Konch,0,0,,196,10,1487,,154041.56172387034,319288521.7326548,0.0003250885249078274,0.0002812377591206082,232,0.06524716011598111
10-236-01488,BIHAR,Gaya,Tikari,0,0,,196,10,1488,,122221.36853604284,290576655.12704176,0.0003250885249078274,0.0002623408769379023,218,0.057190311172462704
10-236-01489,BIHAR,Gaya,Belaganj,0,0,,196,10,1489,,113473.13279109563,240372540.95814112,0.00016252856063842774,0.00016252856063842774,180,0.029255140914916995
10-236-01490,BIHAR,Gaya,Khizirsarai,0,0,,196,10,1490,,103698.13096672995,223124430.97950032,0.00019538444969177248,0.00017815543954698967,165,0.029395647525253296
10-236-01492,BIHAR,Gaya,Muhra,0,0,,196,10,1492,,93681.45756176667,181269438.2139707,0.00044268249481201175,0.00020926674117017149,134,0.02804174331680298
10-236-01493,BIHAR,Gaya,Atri,0,0,,196,10,1493,,103075.15367958385,161340647.62451813,0.00044268249481201175,0.00020603310437370748,119,0.02451793942047119
10-236-01495,BIHAR,Gaya,Gaya Town C.D.Block,0,0,,196,10,1495,,91678.58033080616,224144813.6021213,0.00016252856063842774,0.0001270034206063407,161,0.020447550717620853
10-236-01496,BIHAR,Gaya,Paraiya,0,0,,196,10,1496,,75593.31264449215,167300846.5298876,0.0001754800298690796,0.00015190779463068645,120,0.018228935355682374
10-236-01497,BIHAR,Gaya,Guraru,0,0,,196,10,1497,,81292.54933661391,199646285.7542363,0.0001754800298690796,0.0001754800298690796,147,0.0257955643907547
10-237-01512,BIHAR,Nawada,Nawada,0,0,,210,10,1512,,86822.75137888109,219317998.1072041,0.00044268249481201175,0.0004257137791107567,157,0.0668370633203888
10-236-01498,BIHAR,Gaya,Gurua,0,0,,196,10,1498,,117859.62964526065,238015237.1519128,0.00017761588546752932,0.00017546189731664053,173,0.030354908235778813
10-236-01499,BIHAR,Gaya,Amas,0,0,,196,10,1499,,100546.69423332924,128484051.44985774,0.00018142545532226563,0.00017360949585683725,95,0.01649290210639954
10-237-01517,BIHAR,Nawada,Roh,0,0,,210,10,1517,,77804.52626079548,192537548.9783989,0.0004995848494911194,0.00029273242329928606,144,0.042153468955097195
10-236-01500,BIHAR,Gaya,Banke Bazar,0,0,,196,10,1500,,85166.97220092022,256240042.68049288,0.00018142545532226563,0.00017866044494382796,186,0.033230842759552
10-236-01501,BIHAR,Gaya,Imamganj,0,0,,196,10,1501,,136271.57775821586,316917295.57645696,0.00022338807857990263,0.00018966229962277115,239,0.0453292896098423
10-236-01502,BIHAR,Gaya,Dumaria,0,0,,196,10,1502,,119690.94596035974,390676703.928496,0.0002240604598236084,0.00019261216409485803,285,0.054894466767034536
10-236-01503,BIHAR,Gaya,Sherghati,0,0,,196,10,1503,,100322.2973073121,167902109.12194017,0.0003435857019042969,0.0001895047641422303,123,0.023309085989494327
10-238-01531,BIHAR,Jamui,Gidhaur,0,0,,198,10,1531,,55211.5633940527,100392309.18230554,0.0004460811918640137,0.00039765598609008785,75,0.02982419895675659
10-236-01504,BIHAR,Gaya,Dobhi,0,0,,196,10,1504,,103572.88994215836,218837778.49499393,0.0003435857019042969,0.0003136905175771773,161,0.050504173329925545
10-236-01505,BIHAR,Gaya,Bodh Gaya,0,0,,196,10,1505,,120948.91182130505,306843965.9119923,0.0003435857019042969,0.00013993627938345204,230,0.03218534425819397
10-236-01506,BIHAR,Gaya,Tan Kuppa,0,0,,196,10,1506,,108147.94853451202,190099968.23000297,0.0003435857019042969,0.0002087231665387083,134,0.027968904316186913
10-240-01542,BIHAR,Arwal,Arwal,0,0,,611,10,1542,,73924.8054791393,147787869.27798152,0.00015389769485473634,0.00013262025490760806,104,0.013792506510391237
10-236-01507,BIHAR,Gaya,Wazirganj,0,0,,196,10,1507,,105472.06999302967,323030583.61833626,0.0002574585845947266,0.0002453234302139283,236,0.05789632953048708
10-236-01508,BIHAR,Gaya,Fatehpur,0,0,,196,10,1508,,155359.44599717355,408449805.62920874,0.0002992210344696045,0.00025412403769806813,304,0.07725370746021272
10-240-01543,BIHAR,Arwal,Kaler,0,0,,611,10,1543,,67777.19153730445,176075758.749563,8.726133960723878e-05,7.451317287066511e-05,131,0.00976122564605713
10-236-01509,BIHAR,Gaya,Mohanpur,0,0,,196,10,1509,,119906.24818546322,418796109.2883684,0.0003435857019042969,0.00028739509624541005,303,0.08708071416235924
10-240-01544,BIHAR,Arwal,Karpi,0,0,,611,10,1544,,158139.92638461498,234985661.7206014,0.0003250885249078274,0.0001580816408369777,172,0.02719004222396016
10-236-01510,BIHAR,Gaya,Barachatti,0,0,,196,10,1510,,138753.78132836288,366328956.31361085,0.0003435857019042969,0.00033547641917863324,275,0.09225601527412414
10-237-01513,BIHAR,Nawada,Warisaliganj,0,0,,210,10,1513,,109792.76918459819,202861050.3008767,0.0004995848494911194,0.00047829485284247376,147,0.07030934336784364
10-237-01514,BIHAR,Nawada,Kashi Chak,0,0,,210,10,1514,,73948.94452619922,98983451.20841853,0.0004995848494911194,0.0004995848494911194,72,0.0359701091633606
10-237-01515,BIHAR,Nawada,Pakribarawan,0,0,,210,10,1515,,104545.76938151139,251834567.85717744,0.0004995848494911194,0.0004995848494911194,184,0.09192361230636598
10-237-01516,BIHAR,Nawada,Kawakol,0,0,,210,10,1516,,121170.20018263235,362955647.76482904,0.0005737996884155273,0.000257940036141245,266,0.06861204961357117
10-237-01518,BIHAR,Nawada,Gobindpur,0,0,,210,10,1518,,73133.35659787485,188189390.13263756,0.00023613028045654295,0.0002118489308024815,140,0.02965885031234741
10-237-01519,BIHAR,Nawada,Akbarpur,0,0,,210,10,1519,,91268.2921062847,249541236.96202633,0.00014667267646789551,0.00014667267646789551,184,0.026987772470092774
10-237-01520,BIHAR,Nawada,Hisua,0,0,,210,10,1520,,85113.4923130193,144090762.99664384,0.00044268249481201175,0.00023468452802951527,104,0.02440719091506959
10-237-01521,BIHAR,Nawada,Narhat,0,0,,210,10,1521,,62856.50481924386,99624005.77002536,0.00014667267646789551,0.00014667267646789551,69,0.01012041467628479
10-237-01522,BIHAR,Nawada,Meskaur,0,0,,210,10,1522,,75185.00287586387,145604023.18435815,0.0002574585845947266,0.00022580546798706063,112,0.02529021241455079
10-237-01523,BIHAR,Nawada,Sirdala,0,0,,210,10,1523,,111278.51695598938,301894539.186342,0.0002992210344696045,0.00021571780429253883,218,0.047026481335773467
10-237-01524,BIHAR,Nawada,Rajauli,0,0,,210,10,1524,,132370.86211000624,450216393.36794454,0.0003395097952270508,0.0002338221262103015,333,0.0778627680280304
10-238-01525,BIHAR,Jamui,Islamnagar Aliganj,0,0,,198,10,1525,,96153.77396855215,213408239.47295904,0.0005737996884155273,0.0005486869443482621,156,0.08559516331832888
10-238-01526,BIHAR,Jamui,Sikandra,0,0,,198,10,1526,,86788.2538333537,223096734.30010977,0.0005737996884155273,0.0005558051603943625,162,0.09004043598388672
10-238-01527,BIHAR,Jamui,Jamui,0,0,,198,10,1527,,90084.78430112793,212157753.6648698,0.0005737996884155273,0.00044772917246467834,155,0.06939802173202514
10-238-01528,BIHAR,Jamui,Barhat,0,0,,198,10,1528,,114104.37581341481,270298087.1382075,0.0004460811918640137,0.00037135693129796056,197,0.07315731546569823
10-238-01529,BIHAR,Jamui,Lakshmipur,0,0,,198,10,1529,,112147.89260238525,307635253.00857943,0.0004460811918640137,0.00011895498449707032,225,0.026764871511840822
10-238-01530,BIHAR,Jamui,Jhajha,0,0,,198,10,1530,,147664.43327942316,507112726.974952,0.0004460811918640137,0.00033332761421677875,370,0.12333121726020814
10-238-01532,BIHAR,Jamui,Khaira,0,0,,198,10,1532,,142747.05687020053,513762691.7981683,0.0005737996884155273,0.0003079678334684903,377,0.11610387321762086
10-238-01533,BIHAR,Jamui,Sono,0,0,,198,10,1533,,117724.39892386932,474283005.7300444,0.00036208405429840094,0.0003419111847433184,349,0.11932700347541811
10-238-01534,BIHAR,Jamui,Chakai,0,0,,198,10,1534,,243956.2217086091,956725034.6798706,0.00036208405429840094,0.00030469464448672705,700,0.21328625114070893
10-239-01535,BIHAR,Jehanabad,Ratni Faridpur,0,0,,199,10,1535,,82762.53932271499,155018952.20303965,0.0003250885249078274,0.00014697332845717143,114,0.016754959444117545
10-239-01536,BIHAR,Jehanabad,Jehanabad,0,0,,199,10,1536,,97254.09844747804,201426556.69272655,9.33976978969574e-05,9.339769789695739e-05,148,0.013822859288749694
10-239-01537,BIHAR,Jehanabad,Kako,0,0,,199,10,1537,,83599.3529020472,162373941.78194478,9.33976978969574e-05,9.339769789695739e-05,118,0.011020928351840972
10-239-01538,BIHAR,Jehanabad,Modanganj,0,0,,199,10,1538,,66522.90037500951,97205276.85869928,9.33976978969574e-05,8.317132260046143e-05,69,0.005738821259431839
10-239-01539,BIHAR,Jehanabad,Ghoshi,0,0,,199,10,1539,,82931.95174196921,112225161.55433495,0.00016252856063842774,0.0001188431159157351,83,0.009863978621006013
10-239-01540,BIHAR,Jehanabad,Makhdumpur,0,0,,199,10,1540,,128831.72570768485,301471679.33572614,0.00016252856063842774,0.000154882750934302,217,0.033609556952743536
10-239-01541,BIHAR,Jehanabad,Hulasganj,0,0,,199,10,1541,,87179.53907708311,119677697.18988888,0.00019538444969177248,0.0001548055389052497,90,0.013932498501472474
10-240-01545,BIHAR,Arwal,Sonbhadra Banshi Suryapur,0,0,,611,10,1545,,62692.97791397586,116643000.97724338,0.0003250885249078274,0.0002838377224853958,83,0.02355853096628785
10-240-01546,BIHAR,Arwal,Kurtha,0,0,,611,10,1546,,71585.17106640573,106433073.5354984,0.0003250885249078274,0.00024168786411273173,78,0.018851653400793075
10-224-01334,BIHAR,Bhagalpur,Gopalpur,0,0,,192,10,1334,,95407.9186210158,208941966.91883087,0.0,0.0,153,0.0
10-210-01127,BIHAR,Kishanganj,Kishanganj,0,0,,203,10,1127,,125268.33771117091,207105687.55921903,0.0,0.0,152,0.0
10-206-01064,BIHAR,Sitamarhi,Suppi,0,0,,221,10,1064,,71084.15120823232,92250451.53846286,0.0,0.0,66,0.0
10-234-01463,BIHAR,Rohtas,Nasriganj,0,0,,215,10,1463,,90034.07903274363,167356919.18355417,1.788862678527832e-05,1.6103350520058286e-05,126,0.002029022165527344
10-234-01464,BIHAR,Rohtas,Rajpur,0,0,,215,10,1464,,68660.48684625747,85633596.4997788,1.788862678527832e-05,1.7888626785278324e-05,63,0.0011269834874725344
10-234-01465,BIHAR,Rohtas,Sanjhauli,0,0,,215,10,1465,,56591.722358052,83833486.39015438,1.788862678527832e-05,1.2611634457906087e-05,63,0.0007945329708480835
10-203-01023,BIHAR,Pashchim Champaran,Thakrahan,0,0,,211,10,1023,,79847.09402015881,199004696.79409248,0.0,0.0,145,0.0
10-204-01054,BIHAR,Purbi Champaran,Phenhara,0,0,,213,10,1054,,44565.43736457999,67645025.94776015,0.0,0.0,51,0.0
10-219-01262,BIHAR,Saran,Maker,0,0,,218,10,1262,,62357.8736467211,96585777.9808088,0.0,0.0,71,0.0
10-220-01282,BIHAR,Vaishali,Sahdai Buzurg,0,0,,224,10,1282,,74546.65030748869,114161677.3631406,0.0,0.0,84,0.0
10-229-01388,BIHAR,Nalanda,Tharthari,0,0,,209,10,1388,,71853.42144919158,77411758.12428828,2.5925977783203125e-05,1.637135241844036e-05,54,0.0008840530305957795
10-229-01389,BIHAR,Nalanda,Parbalpur,0,0,,209,10,1389,,54466.2339431045,76043839.88376136,2.5925977783203125e-05,9.473497882144792e-06,56,0.0005305158814001083
10-203-01022,BIHAR,Pashchim Champaran,Bhitaha,0,0,,211,10,1022,,72626.86760213553,166969906.7472905,0.0,0.0,117,0.0
10-203-01013,BIHAR,Pashchim Champaran,Sidhaw,0,0,,211,10,1013,,195582.3602130639,1085337194.6715722,0.0,0.0,781,0.0
10-203-01014,BIHAR,Pashchim Champaran,Ramnagar,0,0,,211,10,1014,,230865.78384139363,866139404.2451236,0.0,0.0,621,0.0
10-203-01015,BIHAR,Pashchim Champaran,Gaunaha,0,0,,211,10,1015,,136504.94021895694,605322845.3823951,0.0,0.0,441,0.0
10-203-01016,BIHAR,Pashchim Champaran,Mainatanr,0,0,,211,10,1016,,115419.13930249632,312998546.4010918,0.0,0.0,221,0.0
10-203-01017,BIHAR,Pashchim Champaran,Narkatiaganj,0,0,,211,10,1017,,149144.20649331805,441857686.2127825,0.0,0.0,314,0.0
10-203-01018,BIHAR,Pashchim Champaran,Lauriya,0,0,,211,10,1018,,120853.32018665274,255440417.54612216,0.0,0.0,183,0.0
10-203-01019,BIHAR,Pashchim Champaran,Bagaha,0,0,,211,10,1019,,135587.24079810514,491292931.53180623,0.0,0.0,352,0.0
10-203-01021,BIHAR,Pashchim Champaran,Madhubani,0,0,,211,10,1021,,144670.82201821523,386116138.1353823,0.0,0.0,276,0.0
10-203-01024,BIHAR,Pashchim Champaran,Jogapatti,0,0,,211,10,1024,,88530.23644360513,258722436.3759333,0.0,0.0,186,0.0
10-203-01029,BIHAR,Pashchim Champaran,Bairia,0,0,,211,10,1029,,105039.82861382668,288505226.87341565,0.0,0.0,208,0.0
10-203-01025,BIHAR,Pashchim Champaran,Chanpatia,0,0,,211,10,1025,,113543.7602983494,310017349.34780717,0.0,0.0,226,0.0
10-206-01071,BIHAR,Sitamarhi,Parsauni,0,0,,221,10,1071,,63729.135625112256,74724139.64418457,0.0,0.0,55,0.0
10-203-01026,BIHAR,Pashchim Champaran,Sikta,0,0,,211,10,1026,,93443.22825707054,255004178.86147365,0.0,0.0,183,0.0
10-203-01027,BIHAR,Pashchim Champaran,Majhaulia,0,0,,211,10,1027,,123374.4030721297,371511179.15939575,0.0,0.0,265,0.0
10-203-01028,BIHAR,Pashchim Champaran,Bettiah,0,0,,211,10,1028,,53968.26030594324,83182055.35378212,0.0,0.0,59,0.0
10-203-01030,BIHAR,Pashchim Champaran,Nautan,0,0,,211,10,1030,,122656.63983711715,245738630.13883996,0.0,0.0,171,0.0
10-204-01031,BIHAR,Purbi Champaran,Raxaul,0,0,,213,10,1031,,98709.78801801558,166685360.13968688,0.0,0.0,124,0.0
10-206-01072,BIHAR,Sitamarhi,Belsand,0,0,,221,10,1072,,66235.5873217276,97354060.86547032,0.0,0.0,70,0.0
10-206-01073,BIHAR,Sitamarhi,Runisaidpur,0,0,,221,10,1073,,152472.54206325076,334873257.0825382,0.0,0.0,243,0.0
10-204-01032,BIHAR,Purbi Champaran,Adapur,0,0,,213,10,1032,,94532.37688292323,199608924.7111849,0.0,0.0,148,0.0
10-206-01074,BIHAR,Sitamarhi,Dumra,0,0,,221,10,1074,,111649.34177378344,241159212.36062923,0.0,0.0,178,0.0
10-204-01033,BIHAR,Purbi Champaran,Ramgarhwa,0,0,,213,10,1033,,90718.26831189607,213035907.5226096,0.0,0.0,154,0.0
10-204-01034,BIHAR,Purbi Champaran,Sugauli,0,0,,213,10,1034,,84892.41923436844,209336830.19001696,0.0,0.0,149,0.0
10-204-01038,BIHAR,Purbi Champaran,Ghorasahan,0,0,,213,10,1038,,75335.10865687576,144368243.47105,0.0,0.0,104,0.0
10-204-01035,BIHAR,Purbi Champaran,Banjaria,0,0,,213,10,1035,,102381.40449613356,176960195.87167916,0.0,0.0,124,0.0
10-204-01047,BIHAR,Purbi Champaran,Kesaria,0,0,,213,10,1047,,87546.8206889307,229535442.11688668,0.0,0.0,168,0.0
10-204-01036,BIHAR,Purbi Champaran,Narkatia,0,0,,213,10,1036,,105607.09704406632,168338010.30978012,0.0,0.0,120,0.0
10-204-01037,BIHAR,Purbi Champaran,Bankatwa,0,0,,213,10,1037,,99233.37216886049,115311013.90225838,0.0,0.0,82,0.0
10-204-01039,BIHAR,Purbi Champaran,Dhaka,0,0,,213,10,1039,,97673.73467814895,202386545.86227983,0.0,0.0,145,0.0
10-204-01048,BIHAR,Purbi Champaran,Kalyanpur,0,0,,213,10,1048,,109413.20044555076,313300912.50613195,0.0,0.0,230,0.0
10-204-01040,BIHAR,Purbi Champaran,Chiraia,0,0,,213,10,1040,,110764.71696779084,272984575.32652414,0.0,0.0,199,0.0
10-204-01041,BIHAR,Purbi Champaran,Motihari,0,0,,213,10,1041,,181544.26702654368,319814691.13850176,0.0,0.0,241,0.0
10-204-01049,BIHAR,Purbi Champaran,Kotwa,0,0,,213,10,1049,,78879.98205471091,178282937.71225017,0.0,0.0,126,0.0
10-204-01042,BIHAR,Purbi Champaran,Turkaulia,0,0,,213,10,1042,,99475.78497366334,174748315.94966665,0.0,0.0,130,0.0
10-204-01050,BIHAR,Purbi Champaran,Piprakothi,0,0,,213,10,1050,,58369.33889310607,62223774.49301849,0.0,0.0,45,0.0
10-204-01043,BIHAR,Purbi Champaran,Harsidhi,0,0,,213,10,1043,,133904.34238337883,240218359.62130272,0.0,0.0,173,0.0
10-204-01044,BIHAR,Purbi Champaran,Paharpur,0,0,,213,10,1044,,108730.62076802726,192061375.0173064,0.0,0.0,144,0.0
10-204-01045,BIHAR,Purbi Champaran,Areraj,0,0,,213,10,1045,,93331.67353690567,242725576.26244012,0.0,0.0,174,0.0
10-204-01046,BIHAR,Purbi Champaran,Sangrampur,0,0,,213,10,1046,,78133.67961210197,187659878.02718252,0.0,0.0,133,0.0
10-204-01051,BIHAR,Purbi Champaran,Chakia(Pipra),0,0,,213,10,1051,,129110.66914194856,212940547.80779588,0.0,0.0,145,0.0
10-204-01052,BIHAR,Purbi Champaran,Pakri Dayal,0,0,,213,10,1052,,90143.40730437863,148110040.62869397,0.0,0.0,106,0.0
10-204-01053,BIHAR,Purbi Champaran,Patahi,0,0,,213,10,1053,,85994.51677214028,144960443.14880535,0.0,0.0,100,0.0
10-204-01055,BIHAR,Purbi Champaran,Madhuban,0,0,,213,10,1055,,112681.00006095257,152424272.44650427,0.0,0.0,114,0.0
10-204-01056,BIHAR,Purbi Champaran,Tetaria,0,0,,213,10,1056,,82320.72754353678,104458405.63845472,0.0,0.0,74,0.0
10-205-01058,BIHAR,Sheohar,Purnahiya,0,0,,220,10,1058,,57294.126150412616,80859097.14068061,0.0,0.0,59,0.0
10-204-01057,BIHAR,Purbi Champaran,Mehsi,0,0,,213,10,1057,,125063.78039343117,149773808.08158112,0.0,0.0,108,0.0
10-205-01059,BIHAR,Sheohar,Piprarhi,0,0,,220,10,1059,,105870.45511307275,104265216.9562483,0.0,0.0,77,0.0
10-205-01060,BIHAR,Sheohar,Sheohar,0,0,,220,10,1060,,81007.5322908237,115638983.35873616,0.0,0.0,83,0.0
10-205-01061,BIHAR,Sheohar,Dumri Katsari,0,0,,220,10,1061,,65038.65439014734,84655470.24819931,0.0,0.0,59,0.0
10-205-01062,BIHAR,Sheohar,Tariani Chowk,0,0,,220,10,1062,,97491.22869259815,171878914.60720828,0.0,0.0,126,0.0
10-206-01063,BIHAR,Sitamarhi,Bairgania,0,0,,221,10,1063,,59598.621146511534,94417571.99630062,0.0,0.0,70,0.0
10-206-01065,BIHAR,Sitamarhi,Majorganj,0,0,,221,10,1065,,62808.55729710282,95411217.42446172,0.0,0.0,68,0.0
10-206-01066,BIHAR,Sitamarhi,Sonbarsa,0,0,,221,10,1066,,92820.94699371175,224104085.6083578,0.0,0.0,155,0.0
10-206-01067,BIHAR,Sitamarhi,Parihar,0,0,,221,10,1067,,86838.20299610356,272812569.4060281,0.0,0.0,197,0.0
10-207-01095,BIHAR,Madhubani,Rajnagar,0,0,,206,10,1095,,78809.12744912357,223111125.2667772,0.0,0.0,158,0.0
10-206-01068,BIHAR,Sitamarhi,Sursand,0,0,,221,10,1068,,91215.71647520129,181412871.1123928,0.0,0.0,134,0.0
10-206-01069,BIHAR,Sitamarhi,Bathnaha,0,0,,221,10,1069,,120764.04051803834,251403523.12922087,0.0,0.0,185,0.0
10-206-01070,BIHAR,Sitamarhi,Riga,0,0,,221,10,1070,,129433.73210860479,163724219.02092636,0.0,0.0,114,0.0
10-210-01123,BIHAR,Kishanganj,Thakurganj,0,0,,203,10,1123,,224971.2940646554,491161543.46963537,0.0,0.0,353,0.0
10-210-01124,BIHAR,Kishanganj,Pothia,0,0,,203,10,1124,,167388.9118766352,443844792.4531903,0.0,0.0,321,0.0
10-210-01125,BIHAR,Kishanganj,Bahadurganj,0,0,,203,10,1125,,155296.13881782343,347494200.8377232,0.0,0.0,251,0.0
10-210-01126,BIHAR,Kishanganj,Kochadhamin,0,0,,203,10,1126,,139640.52665725534,360840233.8364798,0.0,0.0,258,0.0
10-211-01128,BIHAR,Purnia,Banmankhi,0,0,,214,10,1128,,142815.61519736593,459936087.34673214,0.0,0.0,333,0.0
10-206-01075,BIHAR,Sitamarhi,Bajpatti,0,0,,221,10,1075,,90407.29439213518,174303329.1783474,0.0,0.0,125,0.0
10-206-01076,BIHAR,Sitamarhi,Charaut,0,0,,221,10,1076,,85128.15752493152,91349700.81924292,0.0,0.0,62,0.0
10-206-01077,BIHAR,Sitamarhi,Pupri,0,0,,221,10,1077,,73992.24203369493,115338203.66308306,0.0,0.0,82,0.0
10-206-01078,BIHAR,Sitamarhi,Nanpur,0,0,,221,10,1078,,73315.01223618646,135892566.9983101,0.0,0.0,100,0.0
10-220-01283,BIHAR,Vaishali,Mahnar,0,0,,224,10,1283,,81638.1139853176,126474580.44313861,0.0,0.0,89,0.0
10-206-01079,BIHAR,Sitamarhi,Bokhara,0,0,,221,10,1079,,81978.13188098712,108574895.39827529,0.0,0.0,79,0.0
10-207-01080,BIHAR,Madhubani,Madhwapur,0,0,,206,10,1080,,88808.76172423853,137557654.90878707,0.0,0.0,103,0.0
10-207-01081,BIHAR,Madhubani,Harlakhi,0,0,,206,10,1081,,90217.76640094945,187441757.00046396,0.0,0.0,138,0.0
10-207-01082,BIHAR,Madhubani,Basopatti,0,0,,206,10,1082,,97634.90682970545,164238774.4639331,0.0,0.0,122,0.0
10-207-01089,BIHAR,Madhubani,Khajauli,0,0,,206,10,1089,,91171.28062794723,150968724.81279027,0.0,0.0,108,0.0
10-207-01083,BIHAR,Madhubani,Jainagar,0,0,,206,10,1083,,81489.61423509955,161880108.8306139,0.0,0.0,115,0.0
10-207-01090,BIHAR,Madhubani,Kaluahi,0,0,,206,10,1090,,62305.281593423286,101560283.08963235,0.0,0.0,75,0.0
10-207-01084,BIHAR,Madhubani,Ladania,0,0,,206,10,1084,,97928.14946240213,232665607.5684243,0.0,0.0,164,0.0
10-207-01085,BIHAR,Madhubani,Laukaha,0,0,,206,10,1085,,102032.19667129294,266340932.00179368,0.0,0.0,197,0.0
10-207-01086,BIHAR,Madhubani,Laukahi,0,0,,206,10,1086,,109679.24973352649,329223432.564553,0.0,0.0,237,0.0
10-207-01087,BIHAR,Madhubani,Phulparas,0,0,,206,10,1087,,117974.41186319289,199352334.8677591,0.0,0.0,140,0.0
10-207-01088,BIHAR,Madhubani,Babubarhi,0,0,,206,10,1088,,118996.04641992833,237192379.86086744,0.0,0.0,174,0.0
10-207-01091,BIHAR,Madhubani,Benipatti,0,0,,206,10,1091,,128414.2409747215,328987645.9449377,0.0,0.0,231,0.0
10-207-01092,BIHAR,Madhubani,Bisfi,0,0,,206,10,1092,,99754.46134559005,226192948.413646,0.0,0.0,165,0.0
10-207-01093,BIHAR,Madhubani,Madhubani,0,0,,206,10,1093,,109764.71764889831,200359220.56727448,0.0,0.0,142,0.0
10-207-01094,BIHAR,Madhubani,Pandaul,0,0,,206,10,1094,,102372.75527307783,208327489.63825428,0.0,0.0,148,0.0
10-207-01096,BIHAR,Madhubani,Andhratharhi,0,0,,206,10,1096,,97300.5167595078,186769445.10608673,0.0,0.0,134,0.0
10-207-01097,BIHAR,Madhubani,Jhanjharpur,0,0,,206,10,1097,,125261.96837896874,181284371.95402232,0.0,0.0,132,0.0
10-207-01098,BIHAR,Madhubani,Ghoghardiha,0,0,,206,10,1098,,114215.40677637524,211228851.4219488,0.0,0.0,159,0.0
10-207-01099,BIHAR,Madhubani,Lakhnaur,0,0,,206,10,1099,,72956.74167609161,146945623.14022,0.0,0.0,110,0.0
10-207-01100,BIHAR,Madhubani,Madhepur,0,0,,206,10,1100,,144505.38034518834,300452948.5687113,0.0,0.0,212,0.0
10-208-01101,BIHAR,Supaul,Nirmali,0,0,,223,10,1101,,123310.21889922836,162734364.67066902,0.0,0.0,118,0.0
10-208-01102,BIHAR,Supaul,Basantpur,0,0,,223,10,1102,,136288.63693043106,319456339.75100917,0.0,0.0,228,0.0
10-208-01103,BIHAR,Supaul,Chhatapur,0,0,,223,10,1103,,142271.17176584958,398825687.2446475,0.0,0.0,285,0.0
10-208-01104,BIHAR,Supaul,Pratapganj,0,0,,223,10,1104,,71155.69013184242,133032565.19323792,0.0,0.0,97,0.0
10-208-01105,BIHAR,Supaul,Raghopur,0,0,,223,10,1105,,111831.20983491397,255841046.48838165,0.0,0.0,187,0.0
10-221-01285,BIHAR,Samastipur,Warisnagar,0,0,,217,10,1285,,90241.30323013186,163846086.5162723,0.0,0.0,120,0.0
10-208-01106,BIHAR,Supaul,Saraigarh Bhaptiyahi,0,0,,223,10,1106,,105489.5116383213,257042943.27229512,0.0,0.0,189,0.0
10-208-01107,BIHAR,Supaul,Kishanpur,0,0,,223,10,1107,,125516.73810076228,248613546.3002807,0.0,0.0,177,0.0
10-208-01108,BIHAR,Supaul,Marauna,0,0,,223,10,1108,,114969.59778192453,206419565.01179272,0.0,0.0,149,0.0
10-208-01109,BIHAR,Supaul,Supaul,0,0,,223,10,1109,,122628.008173687,390920691.5720901,0.0,0.0,287,0.0
10-208-01110,BIHAR,Supaul,Pipra,0,0,,223,10,1110,,113516.78657800167,247320462.25611627,0.0,0.0,181,0.0
10-221-01287,BIHAR,Samastipur,Khanpur,0,0,,217,10,1287,,89337.20668890505,173313349.37261373,0.0,0.0,127,0.0
10-208-01111,BIHAR,Supaul,Tribeniganj,0,0,,223,10,1111,,136684.8917573132,402291551.99740016,0.0,0.0,290,0.0
10-209-01112,BIHAR,Araria,Narpatganj,0,0,,188,10,1112,,196352.82868709194,482872068.7863751,0.0,0.0,351,0.0
10-209-01113,BIHAR,Araria,Forbesganj,0,0,,188,10,1113,,165874.55860340688,546946456.996027,0.0,0.0,392,0.0
10-209-01114,BIHAR,Araria,Bhargama,0,0,,188,10,1114,,140909.75235341018,280499778.1128878,0.0,0.0,206,0.0
10-209-01115,BIHAR,Araria,Raniganj,0,0,,188,10,1115,,160625.61646677545,576910744.770993,0.0,0.0,418,0.0
10-209-01116,BIHAR,Araria,Araria,0,0,,188,10,1116,,192057.15187743204,506918787.2643526,0.0,0.0,371,0.0
10-209-01117,BIHAR,Araria,Kursakatta,0,0,,188,10,1117,,96566.38525637137,201032230.408231,0.0,0.0,147,0.0
10-209-01118,BIHAR,Araria,Sikti,0,0,,188,10,1118,,116798.35346995249,237753016.2819182,0.0,0.0,177,0.0
10-209-01119,BIHAR,Araria,Palasi,0,0,,188,10,1119,,132578.70192307016,306240761.34804773,0.0,0.0,222,0.0
10-209-01120,BIHAR,Araria,Jokihat,0,0,,188,10,1120,,155370.9524619173,341005127.7602247,0.0,0.0,246,0.0
10-210-01121,BIHAR,Kishanganj,Terhagachh,0,0,,203,10,1121,,121953.02658094271,245208326.38245347,0.0,0.0,175,0.0
10-210-01122,BIHAR,Kishanganj,Dighalbank,0,0,,203,10,1122,,147432.83262190674,314385668.4331173,0.0,0.0,224,0.0
10-211-01129,BIHAR,Purnia,Barhara,0,0,,214,10,1129,,111073.17449432175,288009141.38478667,0.0,0.0,212,0.0
10-211-01130,BIHAR,Purnia,Bhawanipur,0,0,,214,10,1130,,116656.34435182877,201938838.4795833,0.0,0.0,147,0.0
10-211-01131,BIHAR,Purnia,Rupauli,0,0,,214,10,1131,,113946.660566684,308195114.8462847,0.0,0.0,227,0.0
10-211-01132,BIHAR,Purnia,Dhamdaha,0,0,,214,10,1132,,135370.01293426772,446856166.039676,0.0,0.0,326,0.0
10-211-01133,BIHAR,Purnia,Krityanand Nagar,0,0,,214,10,1133,,149407.41850079046,364443041.21247435,0.0,0.0,274,0.0
10-211-01134,BIHAR,Purnia,Purnia East,0,0,,214,10,1134,,127662.13358515713,309272824.56310594,0.0,0.0,228,0.0
10-211-01135,BIHAR,Purnia,Kasba,0,0,,214,10,1135,,130095.64608516233,215123054.3424731,0.0,0.0,154,0.0
10-211-01136,BIHAR,Purnia,Srinagar,0,0,,214,10,1136,,106220.57404900706,172405807.6412187,0.0,0.0,122,0.0
10-211-01137,BIHAR,Purnia,Jalalgarh,0,0,,214,10,1137,,87146.39992638786,142107808.6772385,0.0,0.0,102,0.0
10-211-01138,BIHAR,Purnia,Amour,0,0,,214,10,1138,,141371.93624621196,307011870.96961224,0.0,0.0,225,0.0
10-211-01139,BIHAR,Purnia,Baisa,0,0,,214,10,1139,,132173.35304950457,275191667.549805,0.0,0.0,197,0.0
10-211-01140,BIHAR,Purnia,Baisi,0,0,,214,10,1140,,118169.54825440844,253873549.02719215,0.0,0.0,187,0.0
10-211-01141,BIHAR,Purnia,Dagarua,0,0,,214,10,1141,,129309.28146976323,257465778.6329552,0.0,0.0,180,0.0
10-212-01142,BIHAR,Katihar,Falka,0,0,,201,10,1142,,100518.70580952488,208374539.8829749,0.0,0.0,150,0.0
10-212-01143,BIHAR,Katihar,Korha,0,0,,201,10,1143,,137118.64195203967,368801327.90483874,0.0,0.0,273,0.0
10-212-01144,BIHAR,Katihar,Hasanganj,0,0,,201,10,1144,,78227.29832785497,86155111.41022065,0.0,0.0,62,0.0
10-212-01145,BIHAR,Katihar,Kadwa,0,0,,201,10,1145,,157692.68144088247,420129854.10490626,0.0,0.0,307,0.0
10-212-01146,BIHAR,Katihar,Balrampur,0,0,,201,10,1146,,141815.18317465586,216253207.31133217,0.0,0.0,151,0.0
10-212-01147,BIHAR,Katihar,Barsoi,0,0,,201,10,1147,,172308.8160052511,357713388.6445612,0.0,0.0,261,0.0
10-212-01148,BIHAR,Katihar,Azamnagar,0,0,,201,10,1148,,141791.77759222616,349759708.1212404,0.0,0.0,253,0.0
10-221-01290,BIHAR,Samastipur,Tajpur,0,0,,217,10,1290,,57166.77792153786,83856612.1105223,0.0,0.0,61,0.0
10-212-01149,BIHAR,Katihar,Pranpur,0,0,,201,10,1149,,111803.70370561493,191475637.62126103,0.0,0.0,141,0.0
10-212-01150,BIHAR,Katihar,Dandkhora,0,0,,201,10,1150,,70987.07501110679,111201189.06340708,0.0,0.0,81,0.0
10-212-01151,BIHAR,Katihar,Katihar,0,0,,201,10,1151,,76845.81968857624,136830037.77828172,0.0,0.0,100,0.0
10-212-01152,BIHAR,Katihar,Mansahi,0,0,,201,10,1152,,73279.06289841712,97405011.1871763,0.0,0.0,73,0.0
10-212-01155,BIHAR,Katihar,Kursela,0,0,,201,10,1155,,80348.39413748268,153683091.52761996,0.0,0.0,117,0.0
10-212-01153,BIHAR,Katihar,Barari,0,0,,201,10,1153,,107333.93297446336,407446973.1478653,0.0,0.0,292,0.0
10-212-01154,BIHAR,Katihar,Sameli,0,0,,201,10,1154,,75105.36277909,118027198.2496544,0.0,0.0,81,0.0
10-212-01156,BIHAR,Katihar,Manihari,0,0,,201,10,1156,,130162.81635074862,303859830.4099729,0.0,0.0,221,0.0
10-212-01157,BIHAR,Katihar,Amdabad,0,0,,201,10,1157,,103742.71814675455,228302986.79665467,0.0,0.0,164,0.0
10-213-01158,BIHAR,Madhepura,Gamharia,0,0,,205,10,1158,,80141.00377515821,125479849.27382244,0.0,0.0,89,0.0
10-213-01160,BIHAR,Madhepura,Ghailarh,0,0,,205,10,1160,,78865.70647224285,116219722.2388165,0.0,0.0,83,0.0
10-213-01159,BIHAR,Madhepura,Singheshwar,0,0,,205,10,1159,,111627.30849980874,111167268.35246354,0.0,0.0,78,0.0
10-216-01210,BIHAR,Muzaffarpur,Bandra,0,0,,208,10,1210,,74293.85759884378,142020443.31484023,0.0,0.0,103,0.0
10-213-01161,BIHAR,Madhepura,Madhepura,0,0,,205,10,1161,,115084.47931226583,237801277.85767865,0.0,0.0,175,0.0
10-213-01162,BIHAR,Madhepura,Shankarpur,0,0,,205,10,1162,,63984.56408470212,128790837.874554,0.0,0.0,94,0.0
10-213-01163,BIHAR,Madhepura,Kumarkhand,0,0,,205,10,1163,,118191.24796123093,316976886.68211347,0.0,0.0,230,0.0
10-213-01164,BIHAR,Madhepura,Murliganj,0,0,,205,10,1164,,94211.11378994165,247086114.21145928,0.0,0.0,179,0.0
10-221-01293,BIHAR,Samastipur,Mohanpur,0,0,,217,10,1293,,74468.46489139357,163000016.77407515,0.0,0.0,120,0.0
10-213-01165,BIHAR,Madhepura,Gwalpara,0,0,,205,10,1165,,78037.2495556277,147267353.58482873,0.0,0.0,109,0.0
10-214-01172,BIHAR,Saharsa,Satar Kataiya,0,0,,216,10,1172,,77878.75925155886,177382280.64763528,0.0,0.0,130,0.0
10-213-01166,BIHAR,Madhepura,Bihariganj,0,0,,205,10,1166,,79669.40805645821,133818744.70956944,0.0,0.0,98,0.0
10-216-01211,BIHAR,Muzaffarpur,Dholi (Moraul),0,0,,208,10,1211,,63030.361633940505,73298422.6275262,0.0,0.0,50,0.0
10-213-01167,BIHAR,Madhepura,Kishanganj,0,0,,205,10,1167,,99817.47531025465,188055937.5971522,0.0,0.0,133,0.0
10-216-01212,BIHAR,Muzaffarpur,Musahri,0,0,,208,10,1212,,211487.75457487197,365415439.5943066,0.0,0.0,267,0.0
10-213-01168,BIHAR,Madhepura,Puraini,0,0,,205,10,1168,,63416.842365887525,103114850.3546553,0.0,0.0,76,0.0
10-214-01174,BIHAR,Saharsa,Kahara,0,0,,216,10,1174,,81070.16203244023,176788302.3737116,0.0,0.0,128,0.0
10-213-01169,BIHAR,Madhepura,Alamnagar,0,0,,205,10,1169,,94357.42058114092,211989804.11375904,0.0,0.0,151,0.0
10-213-01170,BIHAR,Madhepura,Chausa,0,0,,205,10,1170,,87285.75133964,172516848.53860697,0.0,0.0,124,0.0
10-214-01171,BIHAR,Saharsa,Nauhatta,0,0,,216,10,1171,,93228.84620468391,212763144.21707585,0.0,0.0,151,0.0
10-217-01227,BIHAR,Gopalganj,Sidhwalia,0,0,,197,10,1227,,69457.48217743407,152022198.31601515,0.0,0.0,109,0.0
10-214-01173,BIHAR,Saharsa,Mahishi,0,0,,216,10,1173,,106372.46434789852,273075178.2794974,0.0,0.0,195,0.0
10-214-01175,BIHAR,Saharsa,Saur Bazar,0,0,,216,10,1175,,88121.22998090234,233228921.9025612,0.0,0.0,171,0.0
10-214-01176,BIHAR,Saharsa,Patarghat,0,0,,216,10,1176,,67497.21582029684,149681422.04156074,0.0,0.0,105,0.0
10-214-01177,BIHAR,Saharsa,Sonbarsa,0,0,,216,10,1177,,90185.02153799882,263952116.041209,0.0,0.0,193,0.0
10-216-01199,BIHAR,Muzaffarpur,Sahebganj,0,0,,208,10,1199,,80060.99972290538,253055918.70266867,0.0,0.0,189,0.0
10-214-01178,BIHAR,Saharsa,Simri Bakhtiarpur,0,0,,216,10,1178,,119116.35548129058,266466354.66217396,0.0,0.0,194,0.0
10-214-01179,BIHAR,Saharsa,Salkhua,0,0,,216,10,1179,,82412.26684571667,221182533.93573853,0.0,0.0,163,0.0
10-214-01180,BIHAR,Saharsa,Banma Itahri,0,0,,216,10,1180,,54286.501575749484,92822449.4552088,0.0,0.0,68,0.0
10-215-01181,BIHAR,Darbhanga,Jale,0,0,,195,10,1181,,112473.57051363293,234172285.01568127,0.0,0.0,171,0.0
10-215-01182,BIHAR,Darbhanga,Singhwara,0,0,,195,10,1182,,121368.62688362494,223279889.67870736,0.0,0.0,162,0.0
10-215-01183,BIHAR,Darbhanga,Keotiranway,0,0,,195,10,1183,,89515.08566239705,180205403.4644349,0.0,0.0,131,0.0
10-215-01184,BIHAR,Darbhanga,Darbhanga,0,0,,195,10,1184,,131883.04966973627,240721362.1475316,0.0,0.0,174,0.0
10-215-01185,BIHAR,Darbhanga,Manigachhi,0,0,,195,10,1185,,96856.01003306538,158887287.31255177,0.0,0.0,114,0.0
10-215-01186,BIHAR,Darbhanga,Tardih,0,0,,195,10,1186,,96398.42232606321,109520018.96976715,0.0,0.0,79,0.0
10-215-01187,BIHAR,Darbhanga,Alinagar,0,0,,195,10,1187,,105560.56246873255,146523357.5416611,0.0,0.0,105,0.0
10-215-01188,BIHAR,Darbhanga,Benipur,0,0,,195,10,1188,,118482.30854716274,204643530.87647069,0.0,0.0,150,0.0
10-215-01189,BIHAR,Darbhanga,Bahadurpur,0,0,,195,10,1189,,155637.00049509996,221161760.4253616,0.0,0.0,158,0.0
10-215-01190,BIHAR,Darbhanga,Hanumannagar,0,0,,195,10,1190,,114393.83215098479,181536916.32106537,0.0,0.0,130,0.0
10-215-01191,BIHAR,Darbhanga,Hayaghat,0,0,,195,10,1191,,66118.49929402806,108810529.75916524,0.0,0.0,77,0.0
10-215-01192,BIHAR,Darbhanga,Baheri,0,0,,195,10,1192,,128629.1579498372,271307286.95794886,0.0,0.0,195,0.0
10-215-01193,BIHAR,Darbhanga,Biraul,0,0,,195,10,1193,,135706.32971678255,230203939.26841983,0.0,0.0,167,0.0
10-215-01194,BIHAR,Darbhanga,Ghanshyampur,0,0,,195,10,1194,,76766.91373126305,103945643.9979024,0.0,0.0,78,0.0
10-215-01195,BIHAR,Darbhanga,Kiratpur,0,0,,195,10,1195,,78793.19278562842,78915927.53877336,0.0,0.0,60,0.0
10-215-01196,BIHAR,Darbhanga,Gora Bauram,0,0,,195,10,1196,,99804.03366816713,145653476.81698695,0.0,0.0,104,0.0
10-215-01197,BIHAR,Darbhanga,Kusheshwar Asthan,0,0,,195,10,1197,,87220.16498537568,144130520.9401011,0.0,0.0,107,0.0
10-215-01198,BIHAR,Darbhanga,Kusheshwar Asthan Purbi,0,0,,195,10,1198,,91858.86035222423,150084285.43545517,0.0,0.0,112,0.0
10-216-01200,BIHAR,Muzaffarpur,Baruraj (Motipur),0,0,,208,10,1200,,125110.13599018812,365259305.4740948,0.0,0.0,263,0.0
10-216-01201,BIHAR,Muzaffarpur,Paroo,0,0,,208,10,1201,,136934.87791145188,413033977.3448192,0.0,0.0,295,0.0
10-216-01202,BIHAR,Muzaffarpur,Saraiya,0,0,,208,10,1202,,155820.80051537574,301402655.1404849,0.0,0.0,218,0.0
10-216-01203,BIHAR,Muzaffarpur,Marwan,0,0,,208,10,1203,,84959.92762229654,138736310.53842777,0.0,0.0,101,0.0
10-216-01204,BIHAR,Muzaffarpur,Kanti,0,0,,208,10,1204,,97122.90469976026,124757584.36625764,0.0,0.0,91,0.0
10-216-01205,BIHAR,Muzaffarpur,Minapur,0,0,,208,10,1205,,166218.11946715685,316124209.98756105,0.0,0.0,228,0.0
10-216-01206,BIHAR,Muzaffarpur,Bochaha,0,0,,208,10,1206,,126044.68100944142,233148755.94160384,0.0,0.0,167,0.0
10-216-01207,BIHAR,Muzaffarpur,Aurai,0,0,,208,10,1207,,101267.16719990574,247748190.77792475,0.0,0.0,177,0.0
10-216-01208,BIHAR,Muzaffarpur,Katra,0,0,,208,10,1208,,118891.9342746819,235108975.17115793,0.0,0.0,171,0.0
10-216-01209,BIHAR,Muzaffarpur,Gaighat,0,0,,208,10,1209,,111008.49869520529,259762671.68662548,0.0,0.0,191,0.0
10-216-01213,BIHAR,Muzaffarpur,Kurhani,0,0,,208,10,1213,,108106.10574110712,256354911.2077163,0.0,0.0,187,0.0
10-216-01214,BIHAR,Muzaffarpur,Sakra,0,0,,208,10,1214,,105121.4777371614,236360031.18726787,0.0,0.0,175,0.0
10-217-01215,BIHAR,Gopalganj,Katiya,0,0,,197,10,1215,,94755.55253264701,158441587.458013,3.0780594863891605e-05,2.4184753107343402e-05,112,0.002708692348022461
10-217-01216,BIHAR,Gopalganj,Bijaipur,0,0,,197,10,1216,,81309.59717969262,163112176.36717936,3.0780594863891605e-05,3.0780594863891605e-05,120,0.003693671383666992
10-217-01217,BIHAR,Gopalganj,Bhorey,0,0,,197,10,1217,,78790.65552761848,196013266.46535653,3.0780594863891605e-05,1.6031559824943543e-05,144,0.0023085446147918702
10-217-01218,BIHAR,Gopalganj,Pach Deuri,0,0,,197,10,1218,,53698.212932643866,118295317.11973979,0.0,0.0,85,0.0
10-217-01219,BIHAR,Gopalganj,Kuchaikote,0,0,,197,10,1219,,101077.28158428885,316078491.04748106,0.0,0.0,226,0.0
10-217-01220,BIHAR,Gopalganj,Phulwaria,0,0,,197,10,1220,,81339.22200232239,118763292.85091434,0.0,0.0,89,0.0
10-217-01221,BIHAR,Gopalganj,Hathua,0,0,,197,10,1221,,91546.96202775641,183613061.83342972,4.016321296691895e-05,2.6564644797017254e-05,127,0.0033737098892211914
10-217-01222,BIHAR,Gopalganj,Uchkagaon,0,0,,197,10,1222,,80102.93001981139,142235093.67043933,4.016321296691895e-05,2.652287648758799e-06,106,0.0002811424907684327
10-217-01223,BIHAR,Gopalganj,Thawe,0,0,,197,10,1223,,57244.55575246375,89300191.60424533,4.016321296691895e-05,6.275502026081086e-07,64,4.016321296691895e-05
10-217-01224,BIHAR,Gopalganj,Gopalganj,0,0,,197,10,1224,,110313.13172782106,244420793.60160467,0.0,0.0,182,0.0
10-218-01232,BIHAR,Siwan,Goriakothi,0,0,,222,10,1232,,73201.39147651673,174963939.23516312,0.0,0.0,127,0.0
10-217-01225,BIHAR,Gopalganj,Manjha,0,0,,197,10,1225,,80242.78538873792,179389027.9828925,0.0,0.0,131,0.0
10-217-01226,BIHAR,Gopalganj,Barauli,0,0,,197,10,1226,,105754.79057670098,232227972.12586737,0.0,0.0,170,0.0
10-217-01228,BIHAR,Gopalganj,Baikunthpur,0,0,,197,10,1228,,97825.58906166903,256614409.24172768,0.0,0.0,185,0.0
10-218-01229,BIHAR,Siwan,Nautan,0,0,,222,10,1229,,58324.35348563096,81827813.66620097,4.016321296691895e-05,4.016321296691895e-05,58,0.002329466352081299
10-218-01230,BIHAR,Siwan,Siwan,0,0,,222,10,1230,,92599.06904644772,168879532.28230655,4.016321296691895e-05,3.6759550851078366e-05,118,0.004337627000427247
10-218-01235,BIHAR,Siwan,Bhagwanpur Hat,0,0,,222,10,1235,,86430.4184146014,189582799.91524476,3.0279184112548828e-05,4.82711630779764e-06,138,0.0006661420504760743
10-218-01231,BIHAR,Siwan,Barharia,0,0,,222,10,1231,,90315.6629531122,219606934.01516393,4.016321296691895e-05,7.530602431297303e-07,160,0.00012048963890075685
10-218-01233,BIHAR,Siwan,Lakri Nabiganj,0,0,,222,10,1233,,79648.98713303795,120773104.6039552,0.0,0.0,88,0.0
10-218-01234,BIHAR,Siwan,Basantpur,0,0,,222,10,1234,,57871.378293950496,76675463.02480637,0.0,0.0,56,0.0
10-218-01236,BIHAR,Siwan,Maharajganj,0,0,,222,10,1236,,119387.58843212528,142817377.5161484,3.0279184112548828e-05,1.1464933790188391e-05,103,0.0011808881803894043
10-218-01237,BIHAR,Siwan,Pachrukhi,0,0,,222,10,1237,,99183.2392802834,160709761.40986398,4.016321296691895e-05,1.716376622517904e-06,117,0.00020081606483459476
10-218-01238,BIHAR,Siwan,Hussainganj,0,0,,222,10,1238,,68784.84800107122,105975934.30464326,5.169112438201905e-05,3.644437434428447e-05,74,0.002696883701477051
10-218-01239,BIHAR,Siwan,Ziradei,0,0,,222,10,1239,,98825.50869312549,152221780.48504183,5.169112438201905e-05,4.0267068024712646e-05,111,0.004469644550743104
10-218-01240,BIHAR,Siwan,Mairwa,0,0,,222,10,1240,,65279.2242200428,88898123.37504825,4.016321296691895e-05,3.962987659107556e-05,66,0.002615571855010987
10-218-01242,BIHAR,Siwan,Darauli,0,0,,222,10,1242,,90305.00161970501,214758375.6239279,5.169112438201905e-05,4.1682178373521376e-05,155,0.006460737647895814
10-218-01241,BIHAR,Siwan,Guthani,0,0,,222,10,1241,,78778.78773845347,115110806.99004474,4.016321296691895e-05,2.9288354181429236e-05,82,0.0024016450428771974
10-219-01248,BIHAR,Saran,Mashrakh,0,0,,218,10,1248,,82075.7710341599,165898243.02109933,0.0,0.0,121,0.0
10-218-01243,BIHAR,Siwan,Andar,0,0,,222,10,1243,,83358.60866933218,125625010.62434034,5.169112438201905e-05,5.0366077092927086e-05,87,0.004381848707084656
10-219-01249,BIHAR,Saran,Panapur,0,0,,218,10,1249,,75875.09329534958,182360909.7404776,0.0,0.0,128,0.0
10-218-01244,BIHAR,Siwan,Raghunathpur,0,0,,222,10,1244,,87824.68008836384,193566358.3438411,5.169112438201905e-05,5.169112438201905e-05,143,0.007391830786628724
10-219-01250,BIHAR,Saran,Taraiya,0,0,,218,10,1250,,53629.0613522338,97307015.09151264,0.0,0.0,74,0.0
10-218-01245,BIHAR,Siwan,Hasanpura,0,0,,222,10,1245,,82786.09108287447,121956119.03175904,5.169112438201905e-05,3.8689338385483325e-05,87,0.003365972439537049
10-219-01251,BIHAR,Saran,Ishupur,0,0,,218,10,1251,,62425.60798229613,109300191.56908256,0.0,0.0,76,0.0
10-218-01246,BIHAR,Siwan,Daraundha,0,0,,222,10,1246,,105400.53795370483,157911066.26165873,3.0279184112548828e-05,2.632972531525985e-05,115,0.0030279184112548827
10-219-01256,BIHAR,Saran,Jalalpur,0,0,,218,10,1256,,65042.73641147566,147549697.72689733,7.42934253692627e-05,2.8478540912124347e-05,106,0.003018725336685181
10-218-01247,BIHAR,Siwan,Siswan,0,0,,222,10,1247,,98184.39847010886,155554872.77293277,5.169112438201905e-05,3.6644896084553486e-05,111,0.004067583465385437
10-219-01259,BIHAR,Saran,Nagra,0,0,,218,10,1259,,43289.948409307304,65110006.46242106,7.39454754638672e-05,3.146615977185838e-05,47,0.0014789095092773439
10-219-01252,BIHAR,Saran,Baniapur,0,0,,218,10,1252,,89199.8841803021,219417775.87250236,3.0279184112548828e-05,7.430474628846338e-07,163,0.00012111673645019531
10-219-01253,BIHAR,Saran,Lahladpur,0,0,,218,10,1253,,49287.19248841685,70233795.44130237,3.0279184112548828e-05,1.6350759420776367e-05,50,0.0008175379710388183
10-219-01254,BIHAR,Saran,Ekma,0,0,,218,10,1254,,99716.17236158185,176114988.01319405,3.0279184112548828e-05,3.0279184112548828e-05,128,0.00387573556640625
10-219-01255,BIHAR,Saran,Manjhi,0,0,,218,10,1255,,127085.43562979231,244607530.98349065,7.42934253692627e-05,3.9891908924526635e-05,180,0.007180543606414794
10-219-01257,BIHAR,Saran,Revelganj,0,0,,218,10,1257,,84877.1419542779,179359801.45379385,7.42934253692627e-05,7.397331145629884e-05,125,0.009246663932037356
10-219-01258,BIHAR,Saran,Chapra,0,0,,218,10,1258,,119729.94798472138,239470568.44351175,7.39454754638672e-05,6.93238832473755e-05,176,0.012201003451538087
10-219-01260,BIHAR,Saran,Marhaura,0,0,,218,10,1260,,87240.95030017926,190752130.05196184,7.39454754638672e-05,2.1589919843464874e-06,137,0.0002957819018554688
10-219-01261,BIHAR,Saran,Amnour,0,0,,218,10,1261,,94922.90618840617,160109081.4065653,7.39454754638672e-05,1.2533131434553762e-06,118,0.0001478909509277344
10-219-01263,BIHAR,Saran,Parsa,0,0,,218,10,1263,,85595.91054800974,122749042.93573296,0.0,0.0,88,0.0
10-219-01266,BIHAR,Saran,Dighwara,0,0,,218,10,1266,,81943.45164265168,101347015.6655549,0.0,0.0,72,0.0
10-219-01264,BIHAR,Saran,Dariapur,0,0,,218,10,1264,,115477.27251924115,281302380.67878103,0.0,0.0,202,0.0
10-219-01265,BIHAR,Saran,Garkha,0,0,,218,10,1265,,90147.74693968748,213336409.9887166,7.39454754638672e-05,3.793306858211369e-05,154,0.005841692561645509
10-220-01269,BIHAR,Vaishali,Paterhi Belsar,0,0,,224,10,1269,,56227.36197278124,93522597.26160131,0.0,0.0,69,0.0
10-219-01267,BIHAR,Saran,Sonepur,0,0,,218,10,1267,,70412.64000247594,214865144.18564072,0.0,0.0,162,0.0
10-220-01268,BIHAR,Vaishali,Vaishali,0,0,,224,10,1268,,72706.90824879723,158663399.21103516,0.0,0.0,114,0.0
10-220-01270,BIHAR,Vaishali,Lalganj,0,0,,224,10,1270,,89595.71916906572,184177988.41986412,0.0,0.0,133,0.0
10-221-01294,BIHAR,Samastipur,Mohiuddinagar,0,0,,217,10,1294,,80607.53716768604,178536106.2701614,0.0,0.0,130,0.0
10-220-01271,BIHAR,Vaishali,Bhagwanpur,0,0,,224,10,1271,,98965.72708266653,142473218.81446454,0.0,0.0,102,0.0
10-220-01272,BIHAR,Vaishali,Goraul,0,0,,224,10,1272,,101989.77906286377,122446101.92943335,0.0,0.0,87,0.0
10-220-01273,BIHAR,Vaishali,Chehra Kalan,0,0,,224,10,1273,,63204.34388206024,89818122.94593617,0.0,0.0,66,0.0
10-220-01277,BIHAR,Vaishali,Raja Pakar,0,0,,224,10,1277,,58946.08844196175,93673217.82917874,0.0,0.0,72,0.0
10-220-01274,BIHAR,Vaishali,Patepur,0,0,,224,10,1274,,118180.33822078991,317029999.71255994,0.0,0.0,234,0.0
10-220-01275,BIHAR,Vaishali,Mahua,0,0,,224,10,1275,,86273.82517515696,171155586.12447235,0.0,0.0,125,0.0
10-220-01276,BIHAR,Vaishali,Jandaha,0,0,,224,10,1276,,99044.76663725945,179891527.10359335,0.0,0.0,128,0.0
10-220-01278,BIHAR,Vaishali,Hajipur,0,0,,224,10,1278,,80048.24731377292,194916759.16986817,0.0,0.0,140,0.0
10-220-01280,BIHAR,Vaishali,Bidupur,0,0,,224,10,1280,,88122.3198685409,139375575.9420912,0.0,0.0,99,0.0
10-220-01279,BIHAR,Vaishali,Raghopur,0,0,,224,10,1279,,128641.49950069311,338499790.0832371,0.0,0.0,246,0.0
10-220-01281,BIHAR,Vaishali,Desri,0,0,,224,10,1281,,50183.809114488824,56627949.53624974,0.0,0.0,43,0.0
10-221-01284,BIHAR,Samastipur,Kalyanpur,0,0,,217,10,1284,,147387.26660455638,294821482.9966942,0.0,0.0,214,0.0
10-221-01286,BIHAR,Samastipur,Shivaji Nagar,0,0,,217,10,1286,,96209.25031894707,172333979.18990555,0.0,0.0,130,0.0
10-221-01288,BIHAR,Samastipur,Samastipur,0,0,,217,10,1288,,112474.97484539819,170577777.20953664,0.0,0.0,123,0.0
10-221-01289,BIHAR,Samastipur,Pusa,0,0,,217,10,1289,,64081.7615729533,95008289.7510354,0.0,0.0,65,0.0
10-221-01291,BIHAR,Samastipur,Morwa,0,0,,217,10,1291,,104551.97847793197,152111293.7773472,0.0,0.0,106,0.0
10-221-01292,BIHAR,Samastipur,Patori,0,0,,217,10,1292,,69422.25062895294,130638318.44440164,0.0,0.0,93,0.0
10-221-01295,BIHAR,Samastipur,Sarairanjan,0,0,,217,10,1295,,96463.23467310029,185572344.2706523,0.0,0.0,145,0.0
10-221-01296,BIHAR,Samastipur,Vidyapati Nagar,0,0,,217,10,1296,,62930.2690484309,106322816.42401849,0.0,0.0,75,0.0
10-221-01297,BIHAR,Samastipur,Dalsinghsarai,0,0,,217,10,1297,,80515.23552986495,118201268.21451648,0.0,0.0,89,0.0
10-221-01298,BIHAR,Samastipur,Ujiarpur,0,0,,217,10,1298,,81756.09445970641,209497824.1015558,0.0,0.0,149,0.0
10-221-01300,BIHAR,Samastipur,Rosera,0,0,,217,10,1300,,84599.34785899956,138535375.895554,0.0,0.0,97,0.0
10-221-01299,BIHAR,Samastipur,Bibhutpur,0,0,,217,10,1299,,96600.53522783429,258332531.194082,0.0,0.0,187,0.0
10-221-01301,BIHAR,Samastipur,Singhia,0,0,,217,10,1301,,76055.88015393679,178639507.67998633,0.0,0.0,128,0.0
10-222-01307,BIHAR,Begusarai,Cheria Bariarpur,0,0,,191,10,1307,,80422.0696045629,127840547.1243011,0.0,0.0,89,0.0
10-221-01302,BIHAR,Samastipur,Hasanpur,0,0,,217,10,1302,,122795.93417076243,188091095.39019313,0.0,0.0,138,0.0
10-221-01303,BIHAR,Samastipur,Bithan,0,0,,217,10,1303,,72838.55780104545,149849875.79630712,0.0,0.0,109,0.0
10-222-01304,BIHAR,Begusarai,Khudabandpur,0,0,,191,10,1304,,49522.71992212785,59617610.47663844,0.0,0.0,39,0.0
10-222-01305,BIHAR,Begusarai,Chhorahi,0,0,,191,10,1305,,96201.09768359947,128309829.49376953,0.0,0.0,94,0.0
10-222-01306,BIHAR,Begusarai,Garhpura,0,0,,191,10,1306,,69581.28073662621,88651595.91159394,0.0,0.0,68,0.0
10-222-01308,BIHAR,Begusarai,Bhagwanpur,0,0,,191,10,1308,,102620.52088176137,147276258.21886113,0.0,0.0,106,0.0
10-223-01324,BIHAR,Khagaria,Mansi,0,0,,202,10,1324,,70720.37786012898,86151878.56106131,0.0,0.0,69,0.0
10-222-01309,BIHAR,Begusarai,Mansurchak,0,0,,191,10,1309,,55538.61039021854,42158333.283958256,0.0,0.0,31,0.0
10-224-01333,BIHAR,Bhagalpur,Rangra Chowk,0,0,,192,10,1333,,56200.86409227388,97946271.45940188,0.0,0.0,71,0.0
10-222-01310,BIHAR,Begusarai,Bachhwara,0,0,,191,10,1310,,112893.55520851951,186501763.14040864,0.0,0.0,138,0.0
10-222-01311,BIHAR,Begusarai,Teghra,0,0,,191,10,1311,,93442.93751421869,180050069.66821858,0.0,0.0,129,0.0
10-222-01312,BIHAR,Begusarai,Barauni,0,0,,191,10,1312,,90573.71511882372,141812926.41245717,0.0,0.0,102,0.0
10-222-01313,BIHAR,Begusarai,Birpur,0,0,,191,10,1313,,69057.86510087451,64693086.30641256,0.0,0.0,53,0.0
10-222-01314,BIHAR,Begusarai,Begusarai,0,0,,191,10,1314,,114572.02827886646,273941103.5239774,0.0,0.0,200,0.0
10-222-01315,BIHAR,Begusarai,Naokothi,0,0,,191,10,1315,,61794.845266753924,91575422.87048158,0.0,0.0,64,0.0
10-222-01316,BIHAR,Begusarai,Bakhri,0,0,,191,10,1316,,74902.13049058078,94921186.04856166,0.0,0.0,66,0.0
10-222-01317,BIHAR,Begusarai,Dandari,0,0,,191,10,1317,,77075.31892237118,85364223.36403492,0.0,0.0,65,0.0
10-222-01318,BIHAR,Begusarai,Sahebpur Kamal,0,0,,191,10,1318,,97820.3506924087,179327758.1582562,0.0,0.0,131,0.0
10-222-01319,BIHAR,Begusarai,Balia,0,0,,191,10,1319,,95726.56851828664,181873531.04775092,0.0,0.0,133,0.0
10-222-01320,BIHAR,Begusarai,Matihani,0,0,,191,10,1320,,104199.58891726227,214311339.790948,0.0,0.0,157,0.0
10-222-01321,BIHAR,Begusarai,Shamho Akha Kurha,0,0,,191,10,1321,,47884.70174269599,82130306.58899558,0.0,0.0,58,0.0
10-223-01322,BIHAR,Khagaria,Alauli,0,0,,202,10,1322,,117176.16085281859,337532903.06560946,0.0,0.0,244,0.0
10-223-01323,BIHAR,Khagaria,Khagaria,0,0,,202,10,1323,,164255.4907534744,325761754.1557925,0.0,0.0,229,0.0
10-223-01325,BIHAR,Khagaria,Chautham,0,0,,202,10,1325,,88833.5659059585,205164632.7891582,0.0,0.0,148,0.0
10-228-01376,BIHAR,Sheikhpura,Chewara,0,0,,219,10,1376,,77279.14911837938,141385828.1075451,4.347149791240693e-05,4.0352638925464405e-05,103,0.004156321809322834
10-223-01326,BIHAR,Khagaria,Beldaur,0,0,,202,10,1326,,101449.44415348554,276820454.1841197,0.0,0.0,203,0.0
10-223-01327,BIHAR,Khagaria,Gogri,0,0,,202,10,1327,,109725.85953588395,321971045.3784509,0.0,0.0,231,0.0
10-223-01328,BIHAR,Khagaria,Parbatta,0,0,,202,10,1328,,89952.53209418767,286770838.53234714,0.0,0.0,215,0.0
10-224-01329,BIHAR,Bhagalpur,Narayanpur,0,0,,192,10,1329,,96964.50839109154,173637043.38008544,0.0,0.0,125,0.0
10-224-01330,BIHAR,Bhagalpur,Bihpur,0,0,,192,10,1330,,98960.16392998041,189427956.2070791,0.0,0.0,141,0.0
10-234-01472,BIHAR,Rohtas,Akorhi Gola,0,0,,215,10,1472,,71741.57946050014,124356844.03544964,1.788862678527832e-05,1.788862678527832e-05,94,0.0016815309178161621
10-224-01331,BIHAR,Bhagalpur,Kharik,0,0,,192,10,1331,,103106.05203500649,169292223.68779984,0.0,0.0,125,0.0
10-224-01332,BIHAR,Bhagalpur,Naugachhia,0,0,,192,10,1332,,91833.23423872421,134223697.96961665,0.0,0.0,95,0.0
10-224-01335,BIHAR,Bhagalpur,Pirpainti,0,0,,192,10,1335,,138631.2255747686,411429376.6216011,0.0,0.0,294,0.0
10-224-01336,BIHAR,Bhagalpur,Kahalgaon,0,0,,192,10,1336,,128722.99744742387,352186242.20537144,0.0,0.0,255,0.0
10-224-01337,BIHAR,Bhagalpur,Ismailpur,0,0,,192,10,1337,,66332.03197363381,102752037.41138108,0.0,0.0,75,0.0
10-224-01338,BIHAR,Bhagalpur,Sabour,0,0,,192,10,1338,,85492.0541239663,141198925.34276122,0.0,0.0,102,0.0
10-226-01359,BIHAR,Munger,Dharhara,0,0,,207,10,1359,,105188.90103685112,355220468.750446,0.0,0.0,262,0.0
10-224-01339,BIHAR,Bhagalpur,Nathnagar,0,0,,192,10,1339,,105259.93673308079,163498377.60317266,0.0,0.0,117,0.0
10-226-01360,BIHAR,Munger,Kharagpur,0,0,,207,10,1360,,169586.30903503796,398589433.5102216,0.0,0.0,291,0.0
10-224-01340,BIHAR,Bhagalpur,Sultanganj,0,0,,192,10,1340,,139861.1879796442,266407467.3450057,0.0,0.0,198,0.0
10-224-01341,BIHAR,Bhagalpur,Shahkund,0,0,,192,10,1341,,93276.90256650816,208798734.37786233,0.0,0.0,153,0.0
10-224-01342,BIHAR,Bhagalpur,Goradih,0,0,,192,10,1342,,106918.08891287447,178026414.43832883,0.0,0.0,128,0.0
10-224-01343,BIHAR,Bhagalpur,Jagdishpur,0,0,,192,10,1343,,107045.71303668506,127447147.46016994,0.0,0.0,95,0.0
10-224-01344,BIHAR,Bhagalpur,Sonhaula,0,0,,192,10,1344,,84463.86530366821,214425428.57327408,0.0,0.0,160,0.0
10-225-01345,BIHAR,Banka,Shambhuganj,0,0,,190,10,1345,,85765.27415008907,217970788.89652416,0.0,0.0,157,0.0
10-225-01346,BIHAR,Banka,Amarpur,0,0,,190,10,1346,,98000.87839154692,234663534.19316816,0.0,0.0,176,0.0
10-225-01347,BIHAR,Banka,Rajaun,0,0,,190,10,1347,,86718.04358754268,242814641.5593075,0.0,0.0,179,0.0
10-226-01363,BIHAR,Munger,Tetiha Bambor,0,0,,207,10,1363,,73286.15332623897,95190725.80042528,0.0,0.0,70,0.0
10-225-01348,BIHAR,Banka,Dhuraiya,0,0,,190,10,1348,,106681.6377356153,285703540.38620996,0.0,0.0,208,0.0
10-225-01349,BIHAR,Banka,Barahat,0,0,,190,10,1349,,122910.23058217819,181202001.14064544,0.0,0.0,129,0.0
10-225-01350,BIHAR,Banka,Banka,0,0,,190,10,1350,,137083.07375503817,365153241.48788345,0.0,0.0,275,0.0
10-225-01351,BIHAR,Banka,Phulidumar,0,0,,190,10,1351,,117105.67306472127,248400685.45023423,0.0,0.0,176,0.0
10-225-01352,BIHAR,Banka,Belhar,0,0,,190,10,1352,,118426.40149548957,290570448.277483,3.238502059936524e-05,3.3293011831123147e-06,214,0.0007124704531860353
10-225-01353,BIHAR,Banka,Chanan,0,0,,190,10,1353,,169565.08902723462,550876204.0147796,3.238502059936524e-05,1.5787144354732696e-05,403,0.006362219174957277
10-225-01354,BIHAR,Banka,Katoria,0,0,,190,10,1354,,180268.89530762268,687665367.2781417,2.2974239044189452e-05,1.9679129061755906e-06,502,0.0009878922789001464
10-225-01355,BIHAR,Banka,Bausi,0,0,,190,10,1355,,109314.78149810205,385846183.7170387,0.0,0.0,284,0.0
10-226-01356,BIHAR,Munger,Munger,0,0,,207,10,1356,,162390.1628928388,306519605.49277806,0.0,0.0,227,0.0
10-226-01357,BIHAR,Munger,Bariarpur,0,0,,207,10,1357,,122433.4478606843,198040113.63802013,0.0,0.0,143,0.0
10-226-01358,BIHAR,Munger,Jamalpur,0,0,,207,10,1358,,72817.19566814511,112971204.64248075,0.0,0.0,79,0.0
10-226-01361,BIHAR,Munger,Asarganj,0,0,,207,10,1361,,61173.52838786665,72491453.98190036,0.0,0.0,52,0.0
10-226-01362,BIHAR,Munger,Tarapur,0,0,,207,10,1362,,54416.57713098438,86962445.68425661,0.0,0.0,62,0.0
10-226-01364,BIHAR,Munger,Sangrampur,0,0,,207,10,1364,,71205.18318302365,105786037.21986651,0.0,0.0,80,0.0
10-227-01366,BIHAR,Lakhisarai,Pipariya,0,0,,204,10,1366,,87968.2901826016,106258171.87143916,0.0,0.0,76,0.0
10-227-01365,BIHAR,Lakhisarai,Barahiya,0,0,,204,10,1365,,95965.48426593257,248505135.43154767,0.0,0.0,179,0.0
10-227-01367,BIHAR,Lakhisarai,Surajgarha,0,0,,204,10,1367,,140312.1609931406,462726462.37366486,3.1840925788879396e-05,4.21424017793992e-06,340,0.0014328416604995728
10-227-01368,BIHAR,Lakhisarai,Lakhisarai,0,0,,204,10,1368,,117670.76745524361,181316338.94823277,4.015971981287003e-05,4.039696957204575e-06,133,0.0005372796953082085
10-227-01369,BIHAR,Lakhisarai,Chanan*,0,0,,204,10,1369,,86014.87070350182,177670731.10250506,3.1840925788879396e-05,2.587075220346451e-05,128,0.003311456282043457
10-228-01375,BIHAR,Sheikhpura,Ghat Kusumbha,0,0,,219,10,1375,,80592.24583619394,99088070.68237934,0.0,0.0,70,0.0
10-227-01370,BIHAR,Lakhisarai,Ramgarh Chowk,0,0,,204,10,1370,,98990.57354622113,128567389.13844268,4.015971981287003e-05,3.6195626483572296e-05,94,0.0034023888894557956
10-227-01371,BIHAR,Lakhisarai,Halsi,0,0,,204,10,1371,,82594.8188222393,191441208.6304817,4.015971981287003e-05,3.9800635178740935e-05,139,0.00553228828984499
10-228-01372,BIHAR,Sheikhpura,Barbigha,0,0,,219,10,1372,,83879.7675047183,115941853.486741,0.0,0.0,81,0.0
10-228-01373,BIHAR,Sheikhpura,Shekhopur Sarai,0,0,,219,10,1373,,59774.96229914819,65955650.61796794,4.347149791240693e-05,1.5745354109552176e-05,45,0.0007085409349298479
10-228-01374,BIHAR,Sheikhpura,Sheikhpura,0,0,,219,10,1374,,119718.3677454689,225551054.81458032,4.347149791240693e-05,1.0133643580100118e-05,170,0.00172271940861702
10-228-01377,BIHAR,Sheikhpura,Ariari,0,0,,219,10,1377,,87552.5859976097,183445963.63454768,4.347149791240693e-05,4.342315078686625e-05,137,0.005948971657800676
10-229-01378,BIHAR,Nalanda,Karai Parsurai,0,0,,209,10,1378,,58523.47447411047,82148146.79064696,7.4992002940177925e-06,3.3746401323080063e-06,60,0.00020247840793848038
10-229-01379,BIHAR,Nalanda,Nagar Nausa,0,0,,209,10,1379,,82570.35159490984,108015836.82811198,2.5925977783203125e-05,4.483459014117718e-06,80,0.00035867672112941746
10-229-01380,BIHAR,Nalanda,Harnaut,0,0,,209,10,1380,,124869.90123154312,224385440.0517296,2.5925977783203125e-05,9.01773140285326e-06,161,0.001451854755859375
10-229-01381,BIHAR,Nalanda,Chandi,0,0,,209,10,1381,,70527.81459673235,147156102.481168,2.5925977783203125e-05,2.378530071853498e-05,109,0.002592597778320313
10-229-01382,BIHAR,Nalanda,Rahui,0,0,,209,10,1382,,77076.6108369453,152249665.90613127,2.5925977783203125e-05,2.4965756383825235e-05,108,0.0026963016894531256
10-229-01383,BIHAR,Nalanda,Bind,0,0,,209,10,1383,,70364.80140905235,88091657.81671415,0.0,0.0,66,0.0
10-229-01384,BIHAR,Nalanda,Sarmera,0,0,,209,10,1384,,91044.34634338948,167201876.42476654,0.0,0.0,123,0.0
10-229-01385,BIHAR,Nalanda,Asthawan,0,0,,209,10,1385,,92263.18064708126,171325630.7179731,4.347149791240693e-05,5.191472395210267e-06,125,0.0006489340494012833
10-229-01387,BIHAR,Nalanda,Noorsarai,0,0,,209,10,1387,,78528.62700534344,151514769.88009417,2.5925977783203125e-05,2.5925977783203132e-05,114,0.002955561467285157
10-229-01386,BIHAR,Nalanda,Bihar,0,0,,209,10,1386,,98561.8371020671,215840179.0991975,2.5925977783203125e-05,2.3375269759908322e-05,160,0.0037400431615853317
10-229-01390,BIHAR,Nalanda,Hilsa,0,0,,209,10,1390,,93433.88804652911,175765721.10991755,7.4992002940177925e-06,7.499200294017793e-06,131,0.0009823952385163309
10-229-01391,BIHAR,Nalanda,Ekangarsarai,0,0,,209,10,1391,,87121.32234693572,166605847.460251,7.4992002940177925e-06,7.4992002940177925e-06,122,0.0009149024358701707
10-229-01392,BIHAR,Nalanda,Islampur,0,0,,209,10,1392,,109868.69145522316,273834151.4326934,7.4992002940177925e-06,3.795413901891906e-06,194,0.0007363102969670297
10-229-01393,BIHAR,Nalanda,Ben,0,0,,209,10,1393,,66947.54721379357,127526149.56798536,2.5925977783203125e-05,1.2861295978921527e-05,94,0.0012089618220186235
10-230-01398,BIHAR,Patna,Maner,0,0,,212,10,1398,,96133.56350709034,213315300.3597084,7.39454754638672e-05,1.8814976929503605e-05,154,0.002897506447143555
10-229-01394,BIHAR,Nalanda,Rajgir,0,0,,209,10,1394,,88740.45664753366,198129288.77271983,6.4984841656684875e-06,4.285290629474485e-06,147,0.0006299377225327492
10-229-01395,BIHAR,Nalanda,Silao,0,0,,209,10,1395,,79220.42929786978,154752836.13944647,2.5925977783203125e-05,9.906816379271056e-06,114,0.0011293770672369003
10-229-01396,BIHAR,Nalanda,Giriak,0,0,,209,10,1396,,88347.46773236175,99576022.5731765,6.4984841656684875e-06,6.498484165668487e-06,73,0.00047438934409379954
10-229-01397,BIHAR,Nalanda,Katrisarai,0,0,,209,10,1397,,38918.76300208476,48673462.28309288,4.347149791240693e-05,1.5741737602353094e-05,36,0.0005667025536847115
10-230-01399,BIHAR,Patna,Dinapur-Cum-Khagaul,0,0,,212,10,1399,,78598.21354533077,184765788.04152673,3.2126248359680177e-05,9.5188884028682e-06,135,0.001285049934387207
10-234-01474,BIHAR,Rohtas,Tilouthu,0,0,,215,10,1474,,73885.57639601533,193504401.97342023,4.6734029693603516e-05,4.651268919045584e-05,140,0.006511776486663818
10-230-01400,BIHAR,Patna,Patna Rural,0,0,,212,10,1400,,87518.10425735511,179850223.48881748,3.2126248359680177e-05,5.640486353226291e-06,131,0.0007389037122726441
10-230-01401,BIHAR,Patna,Sampatchak,0,0,,212,10,1401,,53219.7118618291,78902366.60372826,3.2126248359680177e-05,1.1272367845501816e-06,57,6.425249671936035e-05
10-230-01406,BIHAR,Patna,Dulhin Bazar,0,0,,212,10,1406,,77792.54009458271,136539622.4680228,3.661721603393555e-05,2.4580804225266584e-05,99,0.002433499618301392
10-230-01402,BIHAR,Patna,Phulwari,0,0,,212,10,1402,,70659.26045014715,135940825.49713776,3.2126248359680177e-05,3.078765467802683e-05,96,0.002955614849090576
10-230-01413,BIHAR,Patna,Khusrupur,0,0,,212,10,1413,,46143.60198551767,78201544.387751,0.0,0.0,58,0.0
10-230-01403,BIHAR,Patna,Bihta,0,0,,212,10,1403,,116564.9809665079,244879174.98088208,7.39454754638672e-05,3.552989740078266e-05,182,0.0064664413269424435
10-230-01415,BIHAR,Patna,Athmalgola,0,0,,212,10,1415,,47997.69261940102,62827293.65665197,0.0,0.0,47,0.0
10-230-01404,BIHAR,Patna,Naubatpur,0,0,,212,10,1404,,105087.74367689912,205320191.59612688,3.2126248359680177e-05,3.212624835968018e-05,153,0.004915315999031068
10-230-01405,BIHAR,Patna,Bikram,0,0,,212,10,1405,,86626.03512108007,186422313.04867813,3.661721603393555e-05,3.533876538214023e-05,137,0.004841410857353211
10-234-01475,BIHAR,Rohtas,Rohtas,0,0,,215,10,1475,,88257.59288547112,389741138.17794544,4.6734029693603516e-05,3.665202619382905e-05,288,0.010555783543822765
10-230-01407,BIHAR,Patna,Paliganj,0,0,,212,10,1407,,129476.3041410336,293354152.7667747,3.661721603393555e-05,1.3997241993128698e-05,214,0.0029954097865295412
10-230-01408,BIHAR,Patna,Masaurhi,0,0,,212,10,1408,,108866.13277400887,248716954.87290823,3.2126248359680177e-05,2.0296541596316223e-05,178,0.0036127844041442874
10-230-01409,BIHAR,Patna,Dhanarua,0,0,,212,10,1409,,95102.40821522896,225577653.19725513,3.2126248359680177e-05,1.34217212167108e-05,163,0.0021877405583238603
10-230-01410,BIHAR,Patna,Punpun,0,0,,212,10,1410,,82554.93388622913,161116560.78819045,3.2126248359680177e-05,2.1780507362495036e-05,118,0.002570099868774414
10-230-01411,BIHAR,Patna,Fatwah,0,0,,212,10,1411,,97950.27190535897,155697451.47083917,0.0,0.0,115,0.0
10-230-01412,BIHAR,Patna,Daniawan,0,0,,212,10,1412,,69689.77872311571,79566220.36857046,0.0,0.0,56,0.0
10-230-01414,BIHAR,Patna,Bakhtiarpur,0,0,,212,10,1414,,120205.01587822943,168153072.20481881,0.0,0.0,120,0.0
10-230-01416,BIHAR,Patna,Belchhi,0,0,,212,10,1416,,88573.78025963024,87443681.0926542,0.0,0.0,70,0.0
10-230-01417,BIHAR,Patna,Barh,0,0,,212,10,1417,,95365.9771693495,147280816.515725,0.0,0.0,104,0.0
10-230-01419,BIHAR,Patna,Ghoswari,0,0,,212,10,1419,,66454.95033385535,164897376.1169027,0.0,0.0,126,0.0
10-230-01418,BIHAR,Patna,Pandarak,0,0,,212,10,1418,,106894.44852036482,252509471.6555304,0.0,0.0,180,0.0
10-232-01438,BIHAR,Buxar,Chaugain,0,0,,194,10,1438,,52625.33924401454,66025696.44875917,1.3003904724121093e-05,1.3003904724121093e-05,49,0.0006371913314819335
10-232-01439,BIHAR,Buxar,Kesath,0,0,,194,10,1439,,34661.84662025829,38236018.49691825,1.3003904724121093e-05,1.3003904724121093e-05,29,0.0003771132369995117
10-230-01420,BIHAR,Patna,Mokameh,0,0,,212,10,1420,,127700.39840194934,244519830.48183808,0.0,0.0,181,0.0
10-231-01421,BIHAR,Bhojpur,Shahpur,0,0,,193,10,1421,,110658.91431619873,211766871.4500774,7.42934253692627e-05,5.872966716289521e-05,156,0.009161828077411652
10-234-01460,BIHAR,Rohtas,Suryapura,0,0,,215,10,1460,,56159.7630280001,69765063.31452103,1.1369989204406739e-05,1.1369989204406737e-05,47,0.0005343894926071167
10-231-01422,BIHAR,Bhojpur,Arrah,0,0,,193,10,1422,,120924.06747051864,221925641.7145924,7.42934253692627e-05,3.857512605751086e-05,159,0.006133445043144226
10-231-01423,BIHAR,Bhojpur,Barhara,0,0,,193,10,1423,,128817.96875565937,258494738.36324885,7.42934253692627e-05,7.405477909906997e-05,191,0.014144462807922364
10-231-01424,BIHAR,Bhojpur,Koilwar,0,0,,193,10,1424,,94779.33453556667,208456312.66749656,7.39454754638672e-05,4.4634023428283287e-05,149,0.00665046949081421
10-231-01425,BIHAR,Bhojpur,Sandesh,0,0,,193,10,1425,,60697.76797134289,164599530.19806212,3.661721603393555e-05,3.314259291826669e-05,118,0.003910825964355469
10-231-01426,BIHAR,Bhojpur,Udwant Nagar,0,0,,193,10,1426,,92445.60417460876,217797556.82002312,3.661721603393555e-05,2.491739777025969e-05,161,0.004011701041011811
10-234-01461,BIHAR,Rohtas,Bikramganj,0,0,,215,10,1461,,88556.32896667719,168723569.68103397,1.1369989204406739e-05,1.1369989204406737e-05,129,0.0014667286073684691
10-231-01427,BIHAR,Bhojpur,Behea,0,0,,193,10,1427,,114516.77527652554,206091349.70539597,7.42934253692627e-05,1.7238093444824222e-05,150,0.002585714016723633
10-231-01428,BIHAR,Bhojpur,Jagdishpur,0,0,,193,10,1428,,109726.00219208181,318463526.4488765,1.719793004989624e-05,1.6774848547734715e-05,228,0.003824665468883515
10-231-01429,BIHAR,Bhojpur,Piro,0,0,,193,10,1429,,100703.96274410955,268205354.86689487,1.719793004989624e-05,1.100293325767517e-05,200,0.0022005866515350343
10-234-01462,BIHAR,Rohtas,Karakat,0,0,,215,10,1462,,102232.22868007293,251121712.10833624,1.788862678527832e-05,1.19490407111428e-05,176,0.002103031165161133
10-231-01430,BIHAR,Bhojpur,Charpokhari,0,0,,193,10,1430,,88834.1327790213,135855258.49695313,1.719793004989624e-05,9.244985284905684e-06,95,0.00087827360206604
10-231-01431,BIHAR,Bhojpur,Garhani,0,0,,193,10,1431,,93054.52180151101,137128723.85739592,1.719793004989624e-05,1.588415566472174e-05,103,0.0016360680334663391
10-231-01432,BIHAR,Bhojpur,Agiaon,0,0,,193,10,1432,,87534.07309197474,191419206.17039648,3.661721603393555e-05,1.4083939725889578e-05,139,0.0019576676218986512
10-231-01433,BIHAR,Bhojpur,Tarari,0,0,,193,10,1433,,95157.98131215997,247108515.4982669,1.1369989204406739e-05,6.506246972164866e-06,177,0.0011516057140731812
10-231-01434,BIHAR,Bhojpur,Sahar,0,0,,193,10,1434,,61748.81499939302,157154129.14318892,1.3839131164550782e-05,7.207157407581296e-06,117,0.0008432374166870117
10-232-01435,BIHAR,Buxar,Simri,0,0,,194,10,1435,,87047.69219699135,222195796.247413,2.362297592163086e-05,1.630082564092264e-05,164,0.002673335405111313
10-232-01436,BIHAR,Buxar,Chakki,0,0,,194,10,1436,,73799.54032015939,80420668.23199363,2.362297592163086e-05,2.1963746047019958e-05,64,0.0014056797470092773
10-232-01437,BIHAR,Buxar,Barhampur,0,0,,194,10,1437,,133928.15369382405,240152233.65370417,7.42934253692627e-05,1.5261018757461813e-05,173,0.0026401562450408937
10-232-01440,BIHAR,Buxar,Dumraon,0,0,,194,10,1440,,115797.88145848007,238641355.07175583,1.3003904724121093e-05,9.242825550722652e-06,169,0.0015620375180721282
10-232-01441,BIHAR,Buxar,Buxar,0,0,,194,10,1441,,90996.21871903203,211591033.38394436,1.0887244415283203e-05,7.38425069553837e-07,157,0.0001159327359199524
10-232-01442,BIHAR,Buxar,Chausa,0,0,,194,10,1442,,99103.08457070828,138502720.57991108,6.0345412063598635e-05,7.162230025674695e-06,107,0.0007663586127471924
10-232-01443,BIHAR,Buxar,Rajpur,0,0,,194,10,1443,,121142.9666413415,336933113.12217736,6.0345412063598635e-05,1.976133080902878e-05,245,0.004841526048212051
10-232-01444,BIHAR,Buxar,Itarhi,0,0,,194,10,1444,,109439.3274763228,293713382.2816445,2.084390609741211e-05,7.350096511384518e-07,209,0.00015361701708793642
10-232-01445,BIHAR,Buxar,Nawanagar,0,0,,194,10,1445,,126567.10382889764,229774401.79100823,2.084390609741211e-05,1.2211945210688214e-05,169,0.0020638187406063083
10-233-01446,BIHAR,Kaimur (Bhabua),Ramgarh,0,0,,200,10,1446,,124781.0721120257,206666195.02442607,0.00012070922645568848,7.913414899358686e-05,151,0.011949256498031616
10-233-01447,BIHAR,Kaimur (Bhabua),Nuaon,0,0,,200,10,1447,,121732.74643995032,235834986.4758632,6.0345412063598635e-05,5.273467702899062e-05,171,0.009017629771957397
10-233-01448,BIHAR,Kaimur (Bhabua),Kudra,0,0,,200,10,1448,,132624.50147962422,255577893.54332253,6.0345412063598635e-05,5.9254331023201104e-05,189,0.011199068563385008
10-233-01449,BIHAR,Kaimur (Bhabua),Mohania,0,0,,200,10,1449,,142323.6809133636,349176573.6513165,0.00012070922645568848,7.563587691634893e-05,256,0.019362784490585327
10-233-01450,BIHAR,Kaimur (Bhabua),Durgawati,0,0,,200,10,1450,,108544.41183902678,212580801.4059764,0.00012070922645568848,0.00012070922645568848,154,0.018589220874176027
10-233-01451,BIHAR,Kaimur (Bhabua),Chand,0,0,,200,10,1451,,97099.60209928264,257974481.1925409,0.00012070922645568848,7.403664973563337e-05,188,0.013918890150299073
10-233-01452,BIHAR,Kaimur (Bhabua),Chainpur,0,0,,200,10,1452,,170712.34536647963,555311526.8488017,0.00012070922645568848,5.677481556280825e-05,407,0.023107349934062958
10-233-01453,BIHAR,Kaimur (Bhabua),Bhabua,0,0,,200,10,1453,,143727.89821118704,407618990.38615096,0.00012070922645568848,7.265827509908581e-05,301,0.021870140804824828
10-233-01454,BIHAR,Kaimur (Bhabua),Rampur,0,0,,200,10,1454,,126612.15498309073,210660395.23746365,5.8487625427246096e-05,4.0879903358357064e-05,149,0.006091105600395203
10-233-01455,BIHAR,Kaimur (Bhabua),Bhagwanpur,0,0,,200,10,1455,,134815.05705103654,292151198.96788174,7.596638572692871e-05,6.774016145335555e-05,211,0.014293174066658022
10-233-01456,BIHAR,Kaimur (Bhabua),Adhaura,0,0,,200,10,1456,,271357.2345421078,1135984955.9859164,7.596638572692871e-05,7.207887544649131e-06,833,0.006004170324692726
10-234-01457,BIHAR,Rohtas,Kochas,0,0,,215,10,1457,,90248.48407846906,187033418.62218276,6.0345412063598635e-05,3.311331325357611e-05,132,0.004370957349472046
10-234-01458,BIHAR,Rohtas,Dinara,0,0,,215,10,1458,,157118.7651045217,464648316.8452498,2.084390609741211e-05,1.8621286298466566e-05,341,0.006349858627777099
10-234-01459,BIHAR,Rohtas,Dawath,0,0,,215,10,1459,,78120.6651060775,129910427.66035384,1.1369989204406739e-05,1.1369989204406737e-05,94,0.0010687789852142334
10-234-01466,BIHAR,Rohtas,Nokha,0,0,,215,10,1466,,82152.91978314315,208772248.59610957,3.267202613830567e-05,2.8017092223811795e-05,148,0.004146529649124145
10-235-01476,BIHAR,Aurangabad,Daudnagar,0,0,,189,10,1476,,91010.07504965532,238139281.75712803,1.788862678527832e-05,1.6321586320372836e-05,174,0.0028399560197448735
10-234-01467,BIHAR,Rohtas,Kargahar,0,0,,215,10,1467,,128509.87472624176,406135690.59563094,6.0345412063598635e-05,3.6225771755270055e-05,296,0.010722828439559937
10-234-01468,BIHAR,Rohtas,Chenari,0,0,,215,10,1468,,121720.69626398994,292642418.8385522,5.8487625427246096e-05,3.1420230938689654e-05,215,0.0067553496518182755
10-234-01469,BIHAR,Rohtas,Nauhatta,0,0,,215,10,1469,,175494.75594492842,478591449.404211,2.9336628723144532e-05,1.0604598283686882e-05,354,0.003754027792425156
10-234-01470,BIHAR,Rohtas,Sheosagar,0,0,,215,10,1470,,135463.8765525897,406503956.12222886,5.8487625427246096e-05,3.3094436412083905e-05,295,0.009762858741564752
10-234-01471,BIHAR,Rohtas,Sasaram,0,0,,215,10,1471,,135810.11950728856,394273130.8742507,4.6734029693603516e-05,3.589347056737439e-05,290,0.010409106464538574
10-234-01473,BIHAR,Rohtas,Dehri,0,0,,215,10,1473,,97323.52013589225,199371136.99043605,4.6734029693603516e-05,2.4486652118551323e-05,145,0.0035505645571899417
10-235-01477,BIHAR,Aurangabad,Haspura,0,0,,189,10,1477,,88845.10694940752,164519986.5205008,4.30458203125e-05,1.6540249608567926e-05,121,0.002001370202636719
10-235-01478,BIHAR,Aurangabad,Goh,0,0,,189,10,1478,,122286.20877621078,374665187.3660463,4.30458203125e-05,3.5515381972369026e-05,272,0.009660183896484376
10-236-01491,BIHAR,Gaya,Neem Chak Bathani,0,0,,196,10,1491,,79540.44278654993,146770773.7769567,1.251073684692383e-06,1.2510736846923827e-06,103,0.00012886058952331543
10-235-01479,BIHAR,Aurangabad,Rafiganj,0,0,,189,10,1479,,167069.30684925965,465687847.79432577,4.30458203125e-05,1.5389820752633285e-05,341,0.00524792887664795
10-235-01480,BIHAR,Aurangabad,Obra,0,0,,189,10,1480,,130720.05569071589,327203821.09876627,4.5779475250244144e-05,1.7123624848957307e-05,237,0.004058299089202882
10-236-01494,BIHAR,Gaya,Manpur,0,0,,196,10,1494,,77081.78707553667,161226183.41058797,3.167158447265625e-05,3.072346735415251e-05,115,0.0035331987457275387
10-235-01481,BIHAR,Aurangabad,Aurangabad,0,0,,189,10,1481,,125502.68609205673,344679798.38062614,4.5779475250244144e-05,1.384084681868553e-05,256,0.0035432567855834957
10-237-01511,BIHAR,Nawada,Nardiganj,0,0,,210,10,1511,,60262.24041371029,129808165.4472442,6.4984841656684875e-06,6.498484165668486e-06,95,0.0006173559957385062
10-235-01482,BIHAR,Aurangabad,Barun,0,0,,189,10,1482,,117269.30390529483,381782699.30215496,4.5779475250244144e-05,3.6814559672219414e-05,280,0.010308076708221436
10-235-01483,BIHAR,Aurangabad,Nabinagar,0,0,,189,10,1483,,173491.30877801325,657546828.2218357,4.6734029693603516e-05,3.7648535333163496e-05,483,0.01818424256591797
10-235-01484,BIHAR,Aurangabad,Kutumba,0,0,,189,10,1484,,110495.73757590447,319048251.76106954,4.5779475250244144e-05,2.9421329179122452e-05,229,0.006737484382019042
10-235-01485,BIHAR,Aurangabad,Deo,0,0,,189,10,1485,,158578.88849021672,336990745.1586724,4.5779475250244144e-05,1.1211144568454697e-05,251,0.002813997286682129
10-235-01486,BIHAR,Aurangabad,Madanpur,0,0,,189,10,1486,,153529.37367368402,418713952.50229967,2.6323107910156253e-05,5.4402935840396825e-06,309,0.0016810507174682618
10-236-01487,BIHAR,Gaya,Konch,0,0,,196,10,1487,,154041.56172387034,319288521.7326548,4.30458203125e-05,3.814433564284752e-05,232,0.008849485869140625
10-236-01488,BIHAR,Gaya,Tikari,0,0,,196,10,1488,,122221.36853604284,290576655.12704176,4.30458203125e-05,3.17169003099914e-05,218,0.006914284267578125
10-236-01489,BIHAR,Gaya,Belaganj,0,0,,196,10,1489,,113473.13279109563,240372540.95814112,9.864890747070312e-06,9.864890747070312e-06,180,0.0017756803344726561
10-236-01490,BIHAR,Gaya,Khizirsarai,0,0,,196,10,1490,,103698.13096672995,223124430.97950032,3.167158447265625e-05,5.90061320403128e-06,165,0.0009736011786651612
10-236-01492,BIHAR,Gaya,Muhra,0,0,,196,10,1492,,93681.45756176667,181269438.2139707,1.0330023193359376e-05,2.8199670440403387e-06,134,0.00037787558390140537
10-236-01493,BIHAR,Gaya,Atri,0,0,,196,10,1493,,103075.15367958385,161340647.62451813,3.167158447265625e-05,3.919210017649066e-06,119,0.0004663859921002388
10-236-01495,BIHAR,Gaya,Gaya Town C.D.Block,0,0,,196,10,1495,,91678.58033080616,224144813.6021213,3.167158447265625e-05,2.855634251185826e-05,161,0.00459757114440918
10-236-01496,BIHAR,Gaya,Paraiya,0,0,,196,10,1496,,75593.31264449215,167300846.5298876,3.167158447265625e-05,2.8640781087239586e-05,120,0.0034368937304687505
10-236-01497,BIHAR,Gaya,Guraru,0,0,,196,10,1497,,81292.54933661391,199646285.7542363,2.6323107910156253e-05,2.6323107910156256e-05,147,0.0038694968627929695
10-237-01512,BIHAR,Nawada,Nawada,0,0,,210,10,1512,,86822.75137888109,219317998.1072041,3.211461315155029e-05,7.966924680782732e-06,157,0.0012508071748828888
10-236-01498,BIHAR,Gaya,Gurua,0,0,,196,10,1498,,117859.62964526065,238015237.1519128,3.167158447265625e-05,2.413732129752981e-05,173,0.004175756584472657
10-236-01499,BIHAR,Gaya,Amas,0,0,,196,10,1499,,100546.69423332924,128484051.44985774,2.6323107910156253e-05,1.0614617338481704e-05,95,0.001008388647155762
10-237-01517,BIHAR,Nawada,Roh,0,0,,210,10,1517,,77804.52626079548,192537548.9783989,4.347149791240693e-05,1.8262078862438602e-05,144,0.002629739356191159
10-236-01500,BIHAR,Gaya,Banke Bazar,0,0,,196,10,1500,,85166.97220092022,256240042.68049288,1.0344376220703126e-05,7.50801499889743e-06,186,0.001396490789794922
10-236-01501,BIHAR,Gaya,Imamganj,0,0,,196,10,1501,,136271.57775821586,316917295.57645696,1.0344376220703126e-05,1.4715849016899843e-06,239,0.00035170879150390625
10-236-01502,BIHAR,Gaya,Dumaria,0,0,,196,10,1502,,119690.94596035974,390676703.928496,1.3205427856445312e-05,2.826424909625137e-06,285,0.0008055310992431641
10-236-01503,BIHAR,Gaya,Sherghati,0,0,,196,10,1503,,100322.2973073121,167902109.12194017,3.167158447265625e-05,1.1874997700016673e-05,123,0.001460624717102051
10-238-01531,BIHAR,Jamui,Gidhaur,0,0,,198,10,1531,,55211.5633940527,100392309.18230554,3.1840925788879396e-05,2.449345682322184e-05,75,0.001837009261741638
10-236-01504,BIHAR,Gaya,Dobhi,0,0,,196,10,1504,,103572.88994215836,218837778.49499393,1.0344376220703126e-05,3.503439755647079e-06,161,0.0005640538006591797
10-236-01505,BIHAR,Gaya,Bodh Gaya,0,0,,196,10,1505,,120948.91182130505,306843965.9119923,3.167158447265625e-05,2.917398695108165e-05,230,0.006710016998748779
10-236-01506,BIHAR,Gaya,Tan Kuppa,0,0,,196,10,1506,,108147.94853451202,190099968.23000297,3.167158447265625e-05,1.7790680493312098e-05,134,0.002383951186103821
10-240-01542,BIHAR,Arwal,Arwal,0,0,,611,10,1542,,73924.8054791393,147787869.27798152,1.3839131164550782e-05,1.178355766589825e-05,104,0.001225489997253418
10-236-01507,BIHAR,Gaya,Wazirganj,0,0,,196,10,1507,,105472.06999302967,323030583.61833626,3.167158447265625e-05,1.2229060425839182e-05,236,0.002886058260498047
10-236-01508,BIHAR,Gaya,Fatehpur,0,0,,196,10,1508,,155359.44599717355,408449805.62920874,1.8337913818359376e-05,4.6690888429942895e-06,304,0.0014194030082702639
10-240-01543,BIHAR,Arwal,Kaler,0,0,,611,10,1543,,67777.19153730445,176075758.749563,1.6094777832031253e-05,7.62987839094555e-06,131,0.0009995140692138672
10-236-01509,BIHAR,Gaya,Mohanpur,0,0,,196,10,1509,,119906.24818546322,418796109.2883684,3.167158447265625e-05,4.51324428432452e-06,303,0.0013675130181503297
10-240-01544,BIHAR,Arwal,Karpi,0,0,,611,10,1544,,158139.92638461498,234985661.7206014,4.30458203125e-05,1.5811647161439406e-05,172,0.002719603311767578
10-236-01510,BIHAR,Gaya,Barachatti,0,0,,196,10,1510,,138753.78132836288,366328956.31361085,2.0005067443847656e-06,1.873645879017223e-06,275,0.0005152526167297363
10-237-01513,BIHAR,Nawada,Warisaliganj,0,0,,210,10,1513,,109792.76918459819,202861050.3008767,4.347149791240693e-05,2.9638057394919756e-05,147,0.004356794437053204
10-237-01514,BIHAR,Nawada,Kashi Chak,0,0,,210,10,1514,,73948.94452619922,98983451.20841853,4.347149791240693e-05,4.347149791240692e-05,72,0.0031299478496932985
10-237-01515,BIHAR,Nawada,Pakribarawan,0,0,,210,10,1515,,104545.76938151139,251834567.85717744,4.347149791240693e-05,4.3471497912406934e-05,184,0.007998755615882876
10-237-01516,BIHAR,Nawada,Kawakol,0,0,,210,10,1516,,121170.20018263235,362955647.76482904,4.347149791240693e-05,1.8340769357448233e-05,266,0.00487864464908123
10-237-01518,BIHAR,Nawada,Gobindpur,0,0,,210,10,1518,,73133.35659787485,188189390.13263756,3.211461315155029e-05,1.4531548318931033e-05,140,0.0020344167646503446
10-237-01519,BIHAR,Nawada,Akbarpur,0,0,,210,10,1519,,91268.2921062847,249541236.96202633,3.211461315155029e-05,3.211461315155029e-05,184,0.005909088819885253
10-237-01520,BIHAR,Nawada,Hisua,0,0,,210,10,1520,,85113.4923130193,144090762.99664384,3.211461315155029e-05,1.9112184895483346e-05,104,0.001987667229130268
10-237-01521,BIHAR,Nawada,Narhat,0,0,,210,10,1521,,62856.50481924386,99624005.77002536,3.211461315155029e-05,3.211461315155028e-05,69,0.0022159083074569695
10-237-01522,BIHAR,Nawada,Meskaur,0,0,,210,10,1522,,75185.00287586387,145604023.18435815,3.211461315155029e-05,1.6554191752842494e-05,112,0.0018540694763183594
10-237-01523,BIHAR,Nawada,Sirdala,0,0,,210,10,1523,,111278.51695598938,301894539.186342,3.211461315155029e-05,1.9203803366739817e-05,218,0.00418642913394928
10-237-01524,BIHAR,Nawada,Rajauli,0,0,,210,10,1524,,132370.86211000624,450216393.36794454,3.211461315155029e-05,2.27920696305799e-05,333,0.0075897591869831076
10-238-01525,BIHAR,Jamui,Islamnagar Aliganj,0,0,,198,10,1525,,96153.77396855215,213408239.47295904,4.347149791240693e-05,3.982665852665901e-05,156,0.006212958730158806
10-238-01526,BIHAR,Jamui,Sikandra,0,0,,198,10,1526,,86788.2538333537,223096734.30010977,4.015971981287003e-05,3.890521322114968e-05,162,0.006302644541826248
10-238-01527,BIHAR,Jamui,Jamui,0,0,,198,10,1527,,90084.78430112793,212157753.6648698,4.015971981287003e-05,3.1948265066608304e-05,155,0.004951981085324287
10-238-01528,BIHAR,Jamui,Barhat,0,0,,198,10,1528,,114104.37581341481,270298087.1382075,3.1840925788879396e-05,2.65071666465798e-05,197,0.005221911829376221
10-238-01529,BIHAR,Jamui,Lakshmipur,0,0,,198,10,1529,,112147.89260238525,307635253.00857943,3.1840925788879396e-05,8.490913543701171e-06,225,0.0019104555473327637
10-238-01530,BIHAR,Jamui,Jhajha,0,0,,198,10,1530,,147664.43327942316,507112726.974952,3.238502059936524e-05,2.7922554716471086e-05,370,0.010331345245094301
10-238-01532,BIHAR,Jamui,Khaira,0,0,,198,10,1532,,142747.05687020053,513762691.7981683,4.015971981287003e-05,1.8359421256644654e-05,377,0.006921501813755035
10-238-01533,BIHAR,Jamui,Sono,0,0,,198,10,1533,,117724.39892386932,474283005.7300444,3.238502059936524e-05,1.7737410480969273e-05,349,0.0061903562578582766
10-238-01534,BIHAR,Jamui,Chakai,0,0,,198,10,1534,,243956.2217086091,956725034.6798706,3.238502059936524e-05,1.9644245599229e-05,700,0.0137509719194603
10-239-01535,BIHAR,Jehanabad,Ratni Faridpur,0,0,,199,10,1535,,82762.53932271499,155018952.20303965,4.30458203125e-05,1.6615568563896314e-05,114,0.0018941748162841798
10-239-01536,BIHAR,Jehanabad,Jehanabad,0,0,,199,10,1536,,97254.09844747804,201426556.69272655,1.4281436462402344e-05,1.4281436462402344e-05,148,0.002113652596435547
10-239-01537,BIHAR,Jehanabad,Kako,0,0,,199,10,1537,,83599.3529020472,162373941.78194478,1.4281436462402344e-05,1.4281436462402344e-05,118,0.0016852095025634765
10-239-01538,BIHAR,Jehanabad,Modanganj,0,0,,199,10,1538,,66522.90037500951,97205276.85869928,1.4281436462402344e-05,9.36677257226861e-06,69,0.0006463073074865341
10-239-01539,BIHAR,Jehanabad,Ghoshi,0,0,,199,10,1539,,82931.95174196921,112225161.55433495,1.4281436462402344e-05,1.1544896189793047e-05,83,0.0009582263837528229
10-239-01540,BIHAR,Jehanabad,Makhdumpur,0,0,,199,10,1540,,128831.72570768485,301471679.33572614,1.4281436462402344e-05,1.0353356632636988e-05,217,0.0022466783892822265
10-239-01541,BIHAR,Jehanabad,Hulasganj,0,0,,199,10,1541,,87179.53907708311,119677697.18988888,1.4281436462402344e-05,5.367411404980554e-06,90,0.00048306702644824984
10-240-01545,BIHAR,Arwal,Sonbhadra Banshi Suryapur,0,0,,611,10,1545,,62692.97791397586,116643000.97724338,4.30458203125e-05,3.600806389130741e-05,83,0.0029886693029785153
10-240-01546,BIHAR,Arwal,Kurtha,0,0,,611,10,1546,,71585.17106640573,106433073.5354984,4.30458203125e-05,2.8816920471191408e-05,78,0.0022477197967529297
10-224-01334,BIHAR,Bhagalpur,Gopalpur,0,0,,192,10,1334,,95407.9186210158,208941966.91883087,0.0,0.0,153,0.0
10-210-01127,BIHAR,Kishanganj,Kishanganj,0,0,,203,10,1127,,125268.33771117091,207105687.55921903,0.0,0.0,152,0.0
10-206-01064,BIHAR,Sitamarhi,Suppi,0,0,,221,10,1064,,71084.15120823232,92250451.53846286,0.0,0.0,66,0.0
10-234-01463,BIHAR,Rohtas,Nasriganj,0,0,,215,10,1463,,90034.07903274363,167356919.18355417,0.00010586396606445314,7.029265819731213e-05,126,0.008856874932861329
10-234-01464,BIHAR,Rohtas,Rajpur,0,0,,215,10,1464,,68660.48684625747,85633596.4997788,6.657097152709961e-05,6.657097152709961e-05,63,0.0041939712062072755
10-234-01465,BIHAR,Rohtas,Sanjhauli,0,0,,215,10,1465,,56591.722358052,83833486.39015438,0.00010888283325195313,0.0001008234310186477,63,0.006351876154174805
10-203-01023,BIHAR,Pashchim Champaran,Thakrahan,0,0,,211,10,1023,,79847.09402015881,199004696.79409248,0.0,0.0,145,0.0
10-204-01054,BIHAR,Purbi Champaran,Phenhara,0,0,,213,10,1054,,44565.43736457999,67645025.94776015,0.0,0.0,51,0.0
10-219-01262,BIHAR,Saran,Maker,0,0,,218,10,1262,,62357.8736467211,96585777.9808088,0.0,0.0,71,0.0
10-220-01282,BIHAR,Vaishali,Sahdai Buzurg,0,0,,224,10,1282,,74546.65030748869,114161677.3631406,0.0,0.0,84,0.0
10-229-01388,BIHAR,Nalanda,Tharthari,0,0,,209,10,1388,,71853.42144919158,77411758.12428828,2.4935658721923827e-05,1.5966008187046756e-05,54,0.0008621644421005248
10-229-01389,BIHAR,Nalanda,Parbalpur,0,0,,209,10,1389,,54466.2339431045,76043839.88376136,2.4935658721923827e-05,9.490469663143159e-06,56,0.0005314663011360169
10-203-01022,BIHAR,Pashchim Champaran,Bhitaha,0,0,,211,10,1022,,72626.86760213553,166969906.7472905,0.0,0.0,117,0.0
10-203-01013,BIHAR,Pashchim Champaran,Sidhaw,0,0,,211,10,1013,,195582.3602130639,1085337194.6715722,0.0,0.0,781,0.0
10-203-01014,BIHAR,Pashchim Champaran,Ramnagar,0,0,,211,10,1014,,230865.78384139363,866139404.2451236,0.0,0.0,621,0.0
10-203-01015,BIHAR,Pashchim Champaran,Gaunaha,0,0,,211,10,1015,,136504.94021895694,605322845.3823951,0.0,0.0,441,0.0
10-203-01016,BIHAR,Pashchim Champaran,Mainatanr,0,0,,211,10,1016,,115419.13930249632,312998546.4010918,0.0,0.0,221,0.0
10-203-01017,BIHAR,Pashchim Champaran,Narkatiaganj,0,0,,211,10,1017,,149144.20649331805,441857686.2127825,0.0,0.0,314,0.0
10-203-01018,BIHAR,Pashchim Champaran,Lauriya,0,0,,211,10,1018,,120853.32018665274,255440417.54612216,0.0,0.0,183,0.0
10-203-01019,BIHAR,Pashchim Champaran,Bagaha,0,0,,211,10,1019,,135587.24079810514,491292931.53180623,0.0,0.0,352,0.0
10-203-01021,BIHAR,Pashchim Champaran,Madhubani,0,0,,211,10,1021,,144670.82201821523,386116138.1353823,0.0,0.0,276,0.0
10-203-01024,BIHAR,Pashchim Champaran,Jogapatti,0,0,,211,10,1024,,88530.23644360513,258722436.3759333,0.0,0.0,186,0.0
10-203-01029,BIHAR,Pashchim Champaran,Bairia,0,0,,211,10,1029,,105039.82861382668,288505226.87341565,0.0,0.0,208,0.0
10-203-01025,BIHAR,Pashchim Champaran,Chanpatia,0,0,,211,10,1025,,113543.7602983494,310017349.34780717,0.0,0.0,226,0.0
10-206-01071,BIHAR,Sitamarhi,Parsauni,0,0,,221,10,1071,,63729.135625112256,74724139.64418457,0.0,0.0,55,0.0
10-203-01026,BIHAR,Pashchim Champaran,Sikta,0,0,,211,10,1026,,93443.22825707054,255004178.86147365,0.0,0.0,183,0.0
10-203-01027,BIHAR,Pashchim Champaran,Majhaulia,0,0,,211,10,1027,,123374.4030721297,371511179.15939575,0.0,0.0,265,0.0
10-203-01028,BIHAR,Pashchim Champaran,Bettiah,0,0,,211,10,1028,,53968.26030594324,83182055.35378212,0.0,0.0,59,0.0
10-203-01030,BIHAR,Pashchim Champaran,Nautan,0,0,,211,10,1030,,122656.63983711715,245738630.13883996,0.0,0.0,171,0.0
10-204-01031,BIHAR,Purbi Champaran,Raxaul,0,0,,213,10,1031,,98709.78801801558,166685360.13968688,0.0,0.0,124,0.0
10-206-01072,BIHAR,Sitamarhi,Belsand,0,0,,221,10,1072,,66235.5873217276,97354060.86547032,0.0,0.0,70,0.0
10-206-01073,BIHAR,Sitamarhi,Runisaidpur,0,0,,221,10,1073,,152472.54206325076,334873257.0825382,0.0,0.0,243,0.0
10-204-01032,BIHAR,Purbi Champaran,Adapur,0,0,,213,10,1032,,94532.37688292323,199608924.7111849,0.0,0.0,148,0.0
10-206-01074,BIHAR,Sitamarhi,Dumra,0,0,,221,10,1074,,111649.34177378344,241159212.36062923,0.0,0.0,178,0.0
10-204-01033,BIHAR,Purbi Champaran,Ramgarhwa,0,0,,213,10,1033,,90718.26831189607,213035907.5226096,0.0,0.0,154,0.0
10-204-01034,BIHAR,Purbi Champaran,Sugauli,0,0,,213,10,1034,,84892.41923436844,209336830.19001696,0.0,0.0,149,0.0
10-204-01038,BIHAR,Purbi Champaran,Ghorasahan,0,0,,213,10,1038,,75335.10865687576,144368243.47105,0.0,0.0,104,0.0
10-204-01035,BIHAR,Purbi Champaran,Banjaria,0,0,,213,10,1035,,102381.40449613356,176960195.87167916,0.0,0.0,124,0.0
10-204-01047,BIHAR,Purbi Champaran,Kesaria,0,0,,213,10,1047,,87546.8206889307,229535442.11688668,0.0,0.0,168,0.0
10-204-01036,BIHAR,Purbi Champaran,Narkatia,0,0,,213,10,1036,,105607.09704406632,168338010.30978012,0.0,0.0,120,0.0
10-204-01037,BIHAR,Purbi Champaran,Bankatwa,0,0,,213,10,1037,,99233.37216886049,115311013.90225838,0.0,0.0,82,0.0
10-204-01039,BIHAR,Purbi Champaran,Dhaka,0,0,,213,10,1039,,97673.73467814895,202386545.86227983,0.0,0.0,145,0.0
10-204-01048,BIHAR,Purbi Champaran,Kalyanpur,0,0,,213,10,1048,,109413.20044555076,313300912.50613195,0.0,0.0,230,0.0
10-204-01040,BIHAR,Purbi Champaran,Chiraia,0,0,,213,10,1040,,110764.71696779084,272984575.32652414,0.0,0.0,199,0.0
10-204-01041,BIHAR,Purbi Champaran,Motihari,0,0,,213,10,1041,,181544.26702654368,319814691.13850176,0.0,0.0,241,0.0
10-204-01049,BIHAR,Purbi Champaran,Kotwa,0,0,,213,10,1049,,78879.98205471091,178282937.71225017,0.0,0.0,126,0.0
10-204-01042,BIHAR,Purbi Champaran,Turkaulia,0,0,,213,10,1042,,99475.78497366334,174748315.94966665,0.0,0.0,130,0.0
10-204-01050,BIHAR,Purbi Champaran,Piprakothi,0,0,,213,10,1050,,58369.33889310607,62223774.49301849,0.0,0.0,45,0.0
10-204-01043,BIHAR,Purbi Champaran,Harsidhi,0,0,,213,10,1043,,133904.34238337883,240218359.62130272,0.0,0.0,173,0.0
10-204-01044,BIHAR,Purbi Champaran,Paharpur,0,0,,213,10,1044,,108730.62076802726,192061375.0173064,0.0,0.0,144,0.0
10-204-01045,BIHAR,Purbi Champaran,Areraj,0,0,,213,10,1045,,93331.67353690567,242725576.26244012,0.0,0.0,174,0.0
10-204-01046,BIHAR,Purbi Champaran,Sangrampur,0,0,,213,10,1046,,78133.67961210197,187659878.02718252,0.0,0.0,133,0.0
10-204-01051,BIHAR,Purbi Champaran,Chakia(Pipra),0,0,,213,10,1051,,129110.66914194856,212940547.80779588,0.0,0.0,145,0.0
10-204-01052,BIHAR,Purbi Champaran,Pakri Dayal,0,0,,213,10,1052,,90143.40730437863,148110040.62869397,0.0,0.0,106,0.0
10-204-01053,BIHAR,Purbi Champaran,Patahi,0,0,,213,10,1053,,85994.51677214028,144960443.14880535,0.0,0.0,100,0.0
10-204-01055,BIHAR,Purbi Champaran,Madhuban,0,0,,213,10,1055,,112681.00006095257,152424272.44650427,0.0,0.0,114,0.0
10-204-01056,BIHAR,Purbi Champaran,Tetaria,0,0,,213,10,1056,,82320.72754353678,104458405.63845472,0.0,0.0,74,0.0
10-205-01058,BIHAR,Sheohar,Purnahiya,0,0,,220,10,1058,,57294.126150412616,80859097.14068061,0.0,0.0,59,0.0
10-204-01057,BIHAR,Purbi Champaran,Mehsi,0,0,,213,10,1057,,125063.78039343117,149773808.08158112,0.0,0.0,108,0.0
10-205-01059,BIHAR,Sheohar,Piprarhi,0,0,,220,10,1059,,105870.45511307275,104265216.9562483,0.0,0.0,77,0.0
10-205-01060,BIHAR,Sheohar,Sheohar,0,0,,220,10,1060,,81007.5322908237,115638983.35873616,0.0,0.0,83,0.0
10-205-01061,BIHAR,Sheohar,Dumri Katsari,0,0,,220,10,1061,,65038.65439014734,84655470.24819931,0.0,0.0,59,0.0
10-205-01062,BIHAR,Sheohar,Tariani Chowk,0,0,,220,10,1062,,97491.22869259815,171878914.60720828,0.0,0.0,126,0.0
10-206-01063,BIHAR,Sitamarhi,Bairgania,0,0,,221,10,1063,,59598.621146511534,94417571.99630062,0.0,0.0,70,0.0
10-206-01065,BIHAR,Sitamarhi,Majorganj,0,0,,221,10,1065,,62808.55729710282,95411217.42446172,0.0,0.0,68,0.0
10-206-01066,BIHAR,Sitamarhi,Sonbarsa,0,0,,221,10,1066,,92820.94699371175,224104085.6083578,0.0,0.0,155,0.0
10-206-01067,BIHAR,Sitamarhi,Parihar,0,0,,221,10,1067,,86838.20299610356,272812569.4060281,0.0,0.0,197,0.0
10-207-01095,BIHAR,Madhubani,Rajnagar,0,0,,206,10,1095,,78809.12744912357,223111125.2667772,0.0,0.0,158,0.0
10-206-01068,BIHAR,Sitamarhi,Sursand,0,0,,221,10,1068,,91215.71647520129,181412871.1123928,0.0,0.0,134,0.0
10-206-01069,BIHAR,Sitamarhi,Bathnaha,0,0,,221,10,1069,,120764.04051803834,251403523.12922087,0.0,0.0,185,0.0
10-206-01070,BIHAR,Sitamarhi,Riga,0,0,,221,10,1070,,129433.73210860479,163724219.02092636,0.0,0.0,114,0.0
10-210-01123,BIHAR,Kishanganj,Thakurganj,0,0,,203,10,1123,,224971.2940646554,491161543.46963537,0.0,0.0,353,0.0
10-210-01124,BIHAR,Kishanganj,Pothia,0,0,,203,10,1124,,167388.9118766352,443844792.4531903,0.0,0.0,321,0.0
10-210-01125,BIHAR,Kishanganj,Bahadurganj,0,0,,203,10,1125,,155296.13881782343,347494200.8377232,0.0,0.0,251,0.0
10-210-01126,BIHAR,Kishanganj,Kochadhamin,0,0,,203,10,1126,,139640.52665725534,360840233.8364798,0.0,0.0,258,0.0
10-211-01128,BIHAR,Purnia,Banmankhi,0,0,,214,10,1128,,142815.61519736593,459936087.34673214,0.0,0.0,333,0.0
10-206-01075,BIHAR,Sitamarhi,Bajpatti,0,0,,221,10,1075,,90407.29439213518,174303329.1783474,0.0,0.0,125,0.0
10-206-01076,BIHAR,Sitamarhi,Charaut,0,0,,221,10,1076,,85128.15752493152,91349700.81924292,0.0,0.0,62,0.0
10-206-01077,BIHAR,Sitamarhi,Pupri,0,0,,221,10,1077,,73992.24203369493,115338203.66308306,0.0,0.0,82,0.0
10-206-01078,BIHAR,Sitamarhi,Nanpur,0,0,,221,10,1078,,73315.01223618646,135892566.9983101,0.0,0.0,100,0.0
10-220-01283,BIHAR,Vaishali,Mahnar,0,0,,224,10,1283,,81638.1139853176,126474580.44313861,0.0,0.0,89,0.0
10-206-01079,BIHAR,Sitamarhi,Bokhara,0,0,,221,10,1079,,81978.13188098712,108574895.39827529,0.0,0.0,79,0.0
10-207-01080,BIHAR,Madhubani,Madhwapur,0,0,,206,10,1080,,88808.76172423853,137557654.90878707,0.0,0.0,103,0.0
10-207-01081,BIHAR,Madhubani,Harlakhi,0,0,,206,10,1081,,90217.76640094945,187441757.00046396,0.0,0.0,138,0.0
10-207-01082,BIHAR,Madhubani,Basopatti,0,0,,206,10,1082,,97634.90682970545,164238774.4639331,0.0,0.0,122,0.0
10-207-01089,BIHAR,Madhubani,Khajauli,0,0,,206,10,1089,,91171.28062794723,150968724.81279027,0.0,0.0,108,0.0
10-207-01083,BIHAR,Madhubani,Jainagar,0,0,,206,10,1083,,81489.61423509955,161880108.8306139,0.0,0.0,115,0.0
10-207-01090,BIHAR,Madhubani,Kaluahi,0,0,,206,10,1090,,62305.281593423286,101560283.08963235,0.0,0.0,75,0.0
10-207-01084,BIHAR,Madhubani,Ladania,0,0,,206,10,1084,,97928.14946240213,232665607.5684243,0.0,0.0,164,0.0
10-207-01085,BIHAR,Madhubani,Laukaha,0,0,,206,10,1085,,102032.19667129294,266340932.00179368,0.0,0.0,197,0.0
10-207-01086,BIHAR,Madhubani,Laukahi,0,0,,206,10,1086,,109679.24973352649,329223432.564553,0.0,0.0,237,0.0
10-207-01087,BIHAR,Madhubani,Phulparas,0,0,,206,10,1087,,117974.41186319289,199352334.8677591,0.0,0.0,140,0.0
10-207-01088,BIHAR,Madhubani,Babubarhi,0,0,,206,10,1088,,118996.04641992833,237192379.86086744,0.0,0.0,174,0.0
10-207-01091,BIHAR,Madhubani,Benipatti,0,0,,206,10,1091,,128414.2409747215,328987645.9449377,0.0,0.0,231,0.0
10-207-01092,BIHAR,Madhubani,Bisfi,0,0,,206,10,1092,,99754.46134559005,226192948.413646,0.0,0.0,165,0.0
10-207-01093,BIHAR,Madhubani,Madhubani,0,0,,206,10,1093,,109764.71764889831,200359220.56727448,0.0,0.0,142,0.0
10-207-01094,BIHAR,Madhubani,Pandaul,0,0,,206,10,1094,,102372.75527307783,208327489.63825428,0.0,0.0,148,0.0
10-207-01096,BIHAR,Madhubani,Andhratharhi,0,0,,206,10,1096,,97300.5167595078,186769445.10608673,0.0,0.0,134,0.0
10-207-01097,BIHAR,Madhubani,Jhanjharpur,0,0,,206,10,1097,,125261.96837896874,181284371.95402232,0.0,0.0,132,0.0
10-207-01098,BIHAR,Madhubani,Ghoghardiha,0,0,,206,10,1098,,114215.40677637524,211228851.4219488,0.0,0.0,159,0.0
10-207-01099,BIHAR,Madhubani,Lakhnaur,0,0,,206,10,1099,,72956.74167609161,146945623.14022,0.0,0.0,110,0.0
10-207-01100,BIHAR,Madhubani,Madhepur,0,0,,206,10,1100,,144505.38034518834,300452948.5687113,0.0,0.0,212,0.0
10-208-01101,BIHAR,Supaul,Nirmali,0,0,,223,10,1101,,123310.21889922836,162734364.67066902,0.0,0.0,118,0.0
10-208-01102,BIHAR,Supaul,Basantpur,0,0,,223,10,1102,,136288.63693043106,319456339.75100917,0.0,0.0,228,0.0
10-208-01103,BIHAR,Supaul,Chhatapur,0,0,,223,10,1103,,142271.17176584958,398825687.2446475,0.0,0.0,285,0.0
10-208-01104,BIHAR,Supaul,Pratapganj,0,0,,223,10,1104,,71155.69013184242,133032565.19323792,0.0,0.0,97,0.0
10-208-01105,BIHAR,Supaul,Raghopur,0,0,,223,10,1105,,111831.20983491397,255841046.48838165,0.0,0.0,187,0.0
10-221-01285,BIHAR,Samastipur,Warisnagar,0,0,,217,10,1285,,90241.30323013186,163846086.5162723,0.0,0.0,120,0.0
10-208-01106,BIHAR,Supaul,Saraigarh Bhaptiyahi,0,0,,223,10,1106,,105489.5116383213,257042943.27229512,0.0,0.0,189,0.0
10-208-01107,BIHAR,Supaul,Kishanpur,0,0,,223,10,1107,,125516.73810076228,248613546.3002807,0.0,0.0,177,0.0
10-208-01108,BIHAR,Supaul,Marauna,0,0,,223,10,1108,,114969.59778192453,206419565.01179272,0.0,0.0,149,0.0
10-208-01109,BIHAR,Supaul,Supaul,0,0,,223,10,1109,,122628.008173687,390920691.5720901,0.0,0.0,287,0.0
10-208-01110,BIHAR,Supaul,Pipra,0,0,,223,10,1110,,113516.78657800167,247320462.25611627,0.0,0.0,181,0.0
10-221-01287,BIHAR,Samastipur,Khanpur,0,0,,217,10,1287,,89337.20668890505,173313349.37261373,0.0,0.0,127,0.0
10-208-01111,BIHAR,Supaul,Tribeniganj,0,0,,223,10,1111,,136684.8917573132,402291551.99740016,0.0,0.0,290,0.0
10-209-01112,BIHAR,Araria,Narpatganj,0,0,,188,10,1112,,196352.82868709194,482872068.7863751,0.0,0.0,351,0.0
10-209-01113,BIHAR,Araria,Forbesganj,0,0,,188,10,1113,,165874.55860340688,546946456.996027,0.0,0.0,392,0.0
10-209-01114,BIHAR,Araria,Bhargama,0,0,,188,10,1114,,140909.75235341018,280499778.1128878,0.0,0.0,206,0.0
10-209-01115,BIHAR,Araria,Raniganj,0,0,,188,10,1115,,160625.61646677545,576910744.770993,0.0,0.0,418,0.0
10-209-01116,BIHAR,Araria,Araria,0,0,,188,10,1116,,192057.15187743204,506918787.2643526,0.0,0.0,371,0.0
10-209-01117,BIHAR,Araria,Kursakatta,0,0,,188,10,1117,,96566.38525637137,201032230.408231,0.0,0.0,147,0.0
10-209-01118,BIHAR,Araria,Sikti,0,0,,188,10,1118,,116798.35346995249,237753016.2819182,0.0,0.0,177,0.0
10-209-01119,BIHAR,Araria,Palasi,0,0,,188,10,1119,,132578.70192307016,306240761.34804773,0.0,0.0,222,0.0
10-209-01120,BIHAR,Araria,Jokihat,0,0,,188,10,1120,,155370.9524619173,341005127.7602247,0.0,0.0,246,0.0
10-210-01121,BIHAR,Kishanganj,Terhagachh,0,0,,203,10,1121,,121953.02658094271,245208326.38245347,0.0,0.0,175,0.0
10-210-01122,BIHAR,Kishanganj,Dighalbank,0,0,,203,10,1122,,147432.83262190674,314385668.4331173,0.0,0.0,224,0.0
10-211-01129,BIHAR,Purnia,Barhara,0,0,,214,10,1129,,111073.17449432175,288009141.38478667,0.0,0.0,212,0.0
10-211-01130,BIHAR,Purnia,Bhawanipur,0,0,,214,10,1130,,116656.34435182877,201938838.4795833,0.0,0.0,147,0.0
10-211-01131,BIHAR,Purnia,Rupauli,0,0,,214,10,1131,,113946.660566684,308195114.8462847,0.0,0.0,227,0.0
10-211-01132,BIHAR,Purnia,Dhamdaha,0,0,,214,10,1132,,135370.01293426772,446856166.039676,0.0,0.0,326,0.0
10-211-01133,BIHAR,Purnia,Krityanand Nagar,0,0,,214,10,1133,,149407.41850079046,364443041.21247435,0.0,0.0,274,0.0
10-211-01134,BIHAR,Purnia,Purnia East,0,0,,214,10,1134,,127662.13358515713,309272824.56310594,0.0,0.0,228,0.0
10-211-01135,BIHAR,Purnia,Kasba,0,0,,214,10,1135,,130095.64608516233,215123054.3424731,0.0,0.0,154,0.0
10-211-01136,BIHAR,Purnia,Srinagar,0,0,,214,10,1136,,106220.57404900706,172405807.6412187,0.0,0.0,122,0.0
10-211-01137,BIHAR,Purnia,Jalalgarh,0,0,,214,10,1137,,87146.39992638786,142107808.6772385,0.0,0.0,102,0.0
10-211-01138,BIHAR,Purnia,Amour,0,0,,214,10,1138,,141371.93624621196,307011870.96961224,0.0,0.0,225,0.0
10-211-01139,BIHAR,Purnia,Baisa,0,0,,214,10,1139,,132173.35304950457,275191667.549805,0.0,0.0,197,0.0
10-211-01140,BIHAR,Purnia,Baisi,0,0,,214,10,1140,,118169.54825440844,253873549.02719215,0.0,0.0,187,0.0
10-211-01141,BIHAR,Purnia,Dagarua,0,0,,214,10,1141,,129309.28146976323,257465778.6329552,0.0,0.0,180,0.0
10-212-01142,BIHAR,Katihar,Falka,0,0,,201,10,1142,,100518.70580952488,208374539.8829749,0.0,0.0,150,0.0
10-212-01143,BIHAR,Katihar,Korha,0,0,,201,10,1143,,137118.64195203967,368801327.90483874,0.0,0.0,273,0.0
10-212-01144,BIHAR,Katihar,Hasanganj,0,0,,201,10,1144,,78227.29832785497,86155111.41022065,0.0,0.0,62,0.0
10-212-01145,BIHAR,Katihar,Kadwa,0,0,,201,10,1145,,157692.68144088247,420129854.10490626,0.0,0.0,307,0.0
10-212-01146,BIHAR,Katihar,Balrampur,0,0,,201,10,1146,,141815.18317465586,216253207.31133217,0.0,0.0,151,0.0
10-212-01147,BIHAR,Katihar,Barsoi,0,0,,201,10,1147,,172308.8160052511,357713388.6445612,0.0,0.0,261,0.0
10-212-01148,BIHAR,Katihar,Azamnagar,0,0,,201,10,1148,,141791.77759222616,349759708.1212404,0.0,0.0,253,0.0
10-221-01290,BIHAR,Samastipur,Tajpur,0,0,,217,10,1290,,57166.77792153786,83856612.1105223,0.0,0.0,61,0.0
10-212-01149,BIHAR,Katihar,Pranpur,0,0,,201,10,1149,,111803.70370561493,191475637.62126103,0.0,0.0,141,0.0
10-212-01150,BIHAR,Katihar,Dandkhora,0,0,,201,10,1150,,70987.07501110679,111201189.06340708,0.0,0.0,81,0.0
10-212-01151,BIHAR,Katihar,Katihar,0,0,,201,10,1151,,76845.81968857624,136830037.77828172,0.0,0.0,100,0.0
10-212-01152,BIHAR,Katihar,Mansahi,0,0,,201,10,1152,,73279.06289841712,97405011.1871763,0.0,0.0,73,0.0
10-212-01155,BIHAR,Katihar,Kursela,0,0,,201,10,1155,,80348.39413748268,153683091.52761996,0.0,0.0,117,0.0
10-212-01153,BIHAR,Katihar,Barari,0,0,,201,10,1153,,107333.93297446336,407446973.1478653,0.0,0.0,292,0.0
10-212-01154,BIHAR,Katihar,Sameli,0,0,,201,10,1154,,75105.36277909,118027198.2496544,0.0,0.0,81,0.0
10-212-01156,BIHAR,Katihar,Manihari,0,0,,201,10,1156,,130162.81635074862,303859830.4099729,0.0,0.0,221,0.0
10-212-01157,BIHAR,Katihar,Amdabad,0,0,,201,10,1157,,103742.71814675455,228302986.79665467,0.0,0.0,164,0.0
10-213-01158,BIHAR,Madhepura,Gamharia,0,0,,205,10,1158,,80141.00377515821,125479849.27382244,0.0,0.0,89,0.0
10-213-01160,BIHAR,Madhepura,Ghailarh,0,0,,205,10,1160,,78865.70647224285,116219722.2388165,0.0,0.0,83,0.0
10-213-01159,BIHAR,Madhepura,Singheshwar,0,0,,205,10,1159,,111627.30849980874,111167268.35246354,0.0,0.0,78,0.0
10-216-01210,BIHAR,Muzaffarpur,Bandra,0,0,,208,10,1210,,74293.85759884378,142020443.31484023,0.0,0.0,103,0.0
10-213-01161,BIHAR,Madhepura,Madhepura,0,0,,205,10,1161,,115084.47931226583,237801277.85767865,0.0,0.0,175,0.0
10-213-01162,BIHAR,Madhepura,Shankarpur,0,0,,205,10,1162,,63984.56408470212,128790837.874554,0.0,0.0,94,0.0
10-213-01163,BIHAR,Madhepura,Kumarkhand,0,0,,205,10,1163,,118191.24796123093,316976886.68211347,0.0,0.0,230,0.0
10-213-01164,BIHAR,Madhepura,Murliganj,0,0,,205,10,1164,,94211.11378994165,247086114.21145928,0.0,0.0,179,0.0
10-221-01293,BIHAR,Samastipur,Mohanpur,0,0,,217,10,1293,,74468.46489139357,163000016.77407515,0.0,0.0,120,0.0
10-213-01165,BIHAR,Madhepura,Gwalpara,0,0,,205,10,1165,,78037.2495556277,147267353.58482873,0.0,0.0,109,0.0
10-214-01172,BIHAR,Saharsa,Satar Kataiya,0,0,,216,10,1172,,77878.75925155886,177382280.64763528,0.0,0.0,130,0.0
10-213-01166,BIHAR,Madhepura,Bihariganj,0,0,,205,10,1166,,79669.40805645821,133818744.70956944,0.0,0.0,98,0.0
10-216-01211,BIHAR,Muzaffarpur,Dholi (Moraul),0,0,,208,10,1211,,63030.361633940505,73298422.6275262,0.0,0.0,50,0.0
10-213-01167,BIHAR,Madhepura,Kishanganj,0,0,,205,10,1167,,99817.47531025465,188055937.5971522,0.0,0.0,133,0.0
10-216-01212,BIHAR,Muzaffarpur,Musahri,0,0,,208,10,1212,,211487.75457487197,365415439.5943066,0.0,0.0,267,0.0
10-213-01168,BIHAR,Madhepura,Puraini,0,0,,205,10,1168,,63416.842365887525,103114850.3546553,0.0,0.0,76,0.0
10-214-01174,BIHAR,Saharsa,Kahara,0,0,,216,10,1174,,81070.16203244023,176788302.3737116,0.0,0.0,128,0.0
10-213-01169,BIHAR,Madhepura,Alamnagar,0,0,,205,10,1169,,94357.42058114092,211989804.11375904,0.0,0.0,151,0.0
10-213-01170,BIHAR,Madhepura,Chausa,0,0,,205,10,1170,,87285.75133964,172516848.53860697,0.0,0.0,124,0.0
10-214-01171,BIHAR,Saharsa,Nauhatta,0,0,,216,10,1171,,93228.84620468391,212763144.21707585,0.0,0.0,151,0.0
10-217-01227,BIHAR,Gopalganj,Sidhwalia,0,0,,197,10,1227,,69457.48217743407,152022198.31601515,0.0,0.0,109,0.0
10-214-01173,BIHAR,Saharsa,Mahishi,0,0,,216,10,1173,,106372.46434789852,273075178.2794974,0.0,0.0,195,0.0
10-214-01175,BIHAR,Saharsa,Saur Bazar,0,0,,216,10,1175,,88121.22998090234,233228921.9025612,0.0,0.0,171,0.0
10-214-01176,BIHAR,Saharsa,Patarghat,0,0,,216,10,1176,,67497.21582029684,149681422.04156074,0.0,0.0,105,0.0
10-214-01177,BIHAR,Saharsa,Sonbarsa,0,0,,216,10,1177,,90185.02153799882,263952116.041209,0.0,0.0,193,0.0
10-216-01199,BIHAR,Muzaffarpur,Sahebganj,0,0,,208,10,1199,,80060.99972290538,253055918.70266867,0.0,0.0,189,0.0
10-214-01178,BIHAR,Saharsa,Simri Bakhtiarpur,0,0,,216,10,1178,,119116.35548129058,266466354.66217396,0.0,0.0,194,0.0
10-214-01179,BIHAR,Saharsa,Salkhua,0,0,,216,10,1179,,82412.26684571667,221182533.93573853,0.0,0.0,163,0.0
10-214-01180,BIHAR,Saharsa,Banma Itahri,0,0,,216,10,1180,,54286.501575749484,92822449.4552088,0.0,0.0,68,0.0
10-215-01181,BIHAR,Darbhanga,Jale,0,0,,195,10,1181,,112473.57051363293,234172285.01568127,0.0,0.0,171,0.0
10-215-01182,BIHAR,Darbhanga,Singhwara,0,0,,195,10,1182,,121368.62688362494,223279889.67870736,0.0,0.0,162,0.0
10-215-01183,BIHAR,Darbhanga,Keotiranway,0,0,,195,10,1183,,89515.08566239705,180205403.4644349,0.0,0.0,131,0.0
10-215-01184,BIHAR,Darbhanga,Darbhanga,0,0,,195,10,1184,,131883.04966973627,240721362.1475316,0.0,0.0,174,0.0
10-215-01185,BIHAR,Darbhanga,Manigachhi,0,0,,195,10,1185,,96856.01003306538,158887287.31255177,0.0,0.0,114,0.0
10-215-01186,BIHAR,Darbhanga,Tardih,0,0,,195,10,1186,,96398.42232606321,109520018.96976715,0.0,0.0,79,0.0
10-215-01187,BIHAR,Darbhanga,Alinagar,0,0,,195,10,1187,,105560.56246873255,146523357.5416611,0.0,0.0,105,0.0
10-215-01188,BIHAR,Darbhanga,Benipur,0,0,,195,10,1188,,118482.30854716274,204643530.87647069,0.0,0.0,150,0.0
10-215-01189,BIHAR,Darbhanga,Bahadurpur,0,0,,195,10,1189,,155637.00049509996,221161760.4253616,0.0,0.0,158,0.0
10-215-01190,BIHAR,Darbhanga,Hanumannagar,0,0,,195,10,1190,,114393.83215098479,181536916.32106537,0.0,0.0,130,0.0
10-215-01191,BIHAR,Darbhanga,Hayaghat,0,0,,195,10,1191,,66118.49929402806,108810529.75916524,0.0,0.0,77,0.0
10-215-01192,BIHAR,Darbhanga,Baheri,0,0,,195,10,1192,,128629.1579498372,271307286.95794886,0.0,0.0,195,0.0
10-215-01193,BIHAR,Darbhanga,Biraul,0,0,,195,10,1193,,135706.32971678255,230203939.26841983,0.0,0.0,167,0.0
10-215-01194,BIHAR,Darbhanga,Ghanshyampur,0,0,,195,10,1194,,76766.91373126305,103945643.9979024,0.0,0.0,78,0.0
10-215-01195,BIHAR,Darbhanga,Kiratpur,0,0,,195,10,1195,,78793.19278562842,78915927.53877336,0.0,0.0,60,0.0
10-215-01196,BIHAR,Darbhanga,Gora Bauram,0,0,,195,10,1196,,99804.03366816713,145653476.81698695,0.0,0.0,104,0.0
10-215-01197,BIHAR,Darbhanga,Kusheshwar Asthan,0,0,,195,10,1197,,87220.16498537568,144130520.9401011,0.0,0.0,107,0.0
10-215-01198,BIHAR,Darbhanga,Kusheshwar Asthan Purbi,0,0,,195,10,1198,,91858.86035222423,150084285.43545517,0.0,0.0,112,0.0
10-216-01200,BIHAR,Muzaffarpur,Baruraj (Motipur),0,0,,208,10,1200,,125110.13599018812,365259305.4740948,0.0,0.0,263,0.0
10-216-01201,BIHAR,Muzaffarpur,Paroo,0,0,,208,10,1201,,136934.87791145188,413033977.3448192,0.0,0.0,295,0.0
10-216-01202,BIHAR,Muzaffarpur,Saraiya,0,0,,208,10,1202,,155820.80051537574,301402655.1404849,0.0,0.0,218,0.0
10-216-01203,BIHAR,Muzaffarpur,Marwan,0,0,,208,10,1203,,84959.92762229654,138736310.53842777,0.0,0.0,101,0.0
10-216-01204,BIHAR,Muzaffarpur,Kanti,0,0,,208,10,1204,,97122.90469976026,124757584.36625764,0.0,0.0,91,0.0
10-216-01205,BIHAR,Muzaffarpur,Minapur,0,0,,208,10,1205,,166218.11946715685,316124209.98756105,0.0,0.0,228,0.0
10-216-01206,BIHAR,Muzaffarpur,Bochaha,0,0,,208,10,1206,,126044.68100944142,233148755.94160384,0.0,0.0,167,0.0
10-216-01207,BIHAR,Muzaffarpur,Aurai,0,0,,208,10,1207,,101267.16719990574,247748190.77792475,0.0,0.0,177,0.0
10-216-01208,BIHAR,Muzaffarpur,Katra,0,0,,208,10,1208,,118891.9342746819,235108975.17115793,0.0,0.0,171,0.0
10-216-01209,BIHAR,Muzaffarpur,Gaighat,0,0,,208,10,1209,,111008.49869520529,259762671.68662548,0.0,0.0,191,0.0
10-216-01213,BIHAR,Muzaffarpur,Kurhani,0,0,,208,10,1213,,108106.10574110712,256354911.2077163,0.0,0.0,187,0.0
10-216-01214,BIHAR,Muzaffarpur,Sakra,0,0,,208,10,1214,,105121.4777371614,236360031.18726787,0.0,0.0,175,0.0
10-217-01215,BIHAR,Gopalganj,Katiya,0,0,,197,10,1215,,94755.55253264701,158441587.458013,7.150569324493409e-05,5.618304469244821e-05,112,0.006292501005554199
10-217-01216,BIHAR,Gopalganj,Bijaipur,0,0,,197,10,1216,,81309.59717969262,163112176.36717936,7.150569324493409e-05,7.150569324493409e-05,120,0.008580683189392091
10-217-01217,BIHAR,Gopalganj,Bhorey,0,0,,197,10,1217,,78790.65552761848,196013266.46535653,7.150569324493409e-05,3.724254856506984e-05,144,0.005362926993370057
10-217-01218,BIHAR,Gopalganj,Pach Deuri,0,0,,197,10,1218,,53698.212932643866,118295317.11973979,0.0,0.0,85,0.0
10-217-01219,BIHAR,Gopalganj,Kuchaikote,0,0,,197,10,1219,,101077.28158428885,316078491.04748106,0.0,0.0,226,0.0
10-217-01220,BIHAR,Gopalganj,Phulwaria,0,0,,197,10,1220,,81339.22200232239,118763292.85091434,0.0,0.0,89,0.0
10-217-01221,BIHAR,Gopalganj,Hathua,0,0,,197,10,1221,,91546.96202775641,183613061.83342972,6.189539337158203e-05,4.0938685379629054e-05,127,0.00519921304321289
10-217-01222,BIHAR,Gopalganj,Uchkagaon,0,0,,197,10,1222,,80102.93001981139,142235093.67043933,6.189539337158203e-05,4.087431637745983e-06,106,0.0004332677536010742
10-217-01223,BIHAR,Gopalganj,Thawe,0,0,,197,10,1223,,57244.55575246375,89300191.60424533,6.189539337158203e-05,9.671155214309692e-07,64,6.189539337158203e-05
10-217-01224,BIHAR,Gopalganj,Gopalganj,0,0,,197,10,1224,,110313.13172782106,244420793.60160467,0.0,0.0,182,0.0
10-218-01232,BIHAR,Siwan,Goriakothi,0,0,,222,10,1232,,73201.39147651673,174963939.23516312,0.0,0.0,127,0.0
10-217-01225,BIHAR,Gopalganj,Manjha,0,0,,197,10,1225,,80242.78538873792,179389027.9828925,0.0,0.0,131,0.0
10-217-01226,BIHAR,Gopalganj,Barauli,0,0,,197,10,1226,,105754.79057670098,232227972.12586737,0.0,0.0,170,0.0
10-217-01228,BIHAR,Gopalganj,Baikunthpur,0,0,,197,10,1228,,97825.58906166903,256614409.24172768,0.0,0.0,185,0.0
10-218-01229,BIHAR,Siwan,Nautan,0,0,,222,10,1229,,58324.35348563096,81827813.66620097,6.189539337158203e-05,6.189539337158203e-05,58,0.0035899328155517577
10-218-01230,BIHAR,Siwan,Siwan,0,0,,222,10,1230,,92599.06904644772,168879532.28230655,6.189539337158203e-05,5.665002105195644e-05,118,0.006684702484130859
10-218-01235,BIHAR,Siwan,Bhagwanpur Hat,0,0,,222,10,1235,,86430.4184146014,189582799.91524476,0.00012987124476432802,2.0704111484168235e-05,138,0.0028571673848152165
10-218-01231,BIHAR,Siwan,Barharia,0,0,,222,10,1231,,90315.6629531122,219606934.01516393,6.189539337158203e-05,1.160538625717163e-06,160,0.0001856861801147461
10-218-01233,BIHAR,Siwan,Lakri Nabiganj,0,0,,222,10,1233,,79648.98713303795,120773104.6039552,0.0,0.0,88,0.0
10-218-01234,BIHAR,Siwan,Basantpur,0,0,,222,10,1234,,57871.378293950496,76675463.02480637,0.0,0.0,56,0.0
10-218-01236,BIHAR,Siwan,Maharajganj,0,0,,222,10,1236,,119387.58843212528,142817377.5161484,0.00012987124476432802,4.917454898843488e-05,103,0.005064978545808793
10-218-01237,BIHAR,Siwan,Pachrukhi,0,0,,222,10,1237,,99183.2392802834,160709761.40986398,6.189539337158203e-05,2.6451022808368386e-06,117,0.00030947696685791013
10-218-01238,BIHAR,Siwan,Hussainganj,0,0,,222,10,1238,,68784.84800107122,105975934.30464326,7.795966590881349e-05,5.607233854963972e-05,74,0.004149353052673339
10-218-01239,BIHAR,Siwan,Ziradei,0,0,,222,10,1239,,98825.50869312549,152221780.48504183,7.795966590881349e-05,6.204011654759312e-05,111,0.006886452936782837
10-218-01240,BIHAR,Siwan,Mairwa,0,0,,222,10,1240,,65279.2242200428,88898123.37504825,6.519818756103517e-05,6.204552038019355e-05,66,0.004095004345092774
10-218-01242,BIHAR,Siwan,Darauli,0,0,,222,10,1242,,90305.00161970501,214758375.6239279,7.795966590881349e-05,6.791963972571588e-05,155,0.010527544157485962
10-218-01241,BIHAR,Siwan,Guthani,0,0,,222,10,1241,,78778.78773845347,115110806.99004474,6.519818756103517e-05,6.495651969351421e-05,82,0.005326434614868165
10-219-01248,BIHAR,Saran,Mashrakh,0,0,,218,10,1248,,82075.7710341599,165898243.02109933,0.0,0.0,121,0.0
10-218-01243,BIHAR,Siwan,Andar,0,0,,222,10,1243,,83358.60866933218,125625010.62434034,7.795966590881349e-05,7.611319780108574e-05,87,0.006621848208694459
10-219-01249,BIHAR,Saran,Panapur,0,0,,218,10,1249,,75875.09329534958,182360909.7404776,0.0,0.0,128,0.0
10-218-01244,BIHAR,Siwan,Raghunathpur,0,0,,222,10,1244,,87824.68008836384,193566358.3438411,7.795966590881349e-05,7.795966590881349e-05,143,0.011148232224960329
10-219-01250,BIHAR,Saran,Taraiya,0,0,,218,10,1250,,53629.0613522338,97307015.09151264,0.0,0.0,74,0.0
10-218-01245,BIHAR,Siwan,Hasanpura,0,0,,222,10,1245,,82786.09108287447,121956119.03175904,0.00012987124476432802,0.00010480836077372234,87,0.009118327387313843
10-219-01251,BIHAR,Saran,Ishupur,0,0,,218,10,1251,,62425.60798229613,109300191.56908256,0.0,0.0,76,0.0
10-218-01246,BIHAR,Siwan,Daraundha,0,0,,222,10,1246,,105400.53795370483,157911066.26165873,0.00012987124476432802,0.00011293151718637219,115,0.012987124476432802
10-219-01256,BIHAR,Saran,Jalalpur,0,0,,218,10,1256,,65042.73641147566,147549697.72689733,0.0001663121697998047,5.5422339050544875e-05,106,0.005874767939357757
10-218-01247,BIHAR,Siwan,Siswan,0,0,,222,10,1247,,98184.39847010886,155554872.77293277,0.00012987124476432802,0.00011443807267214801,111,0.012702626066608429
10-219-01259,BIHAR,Saran,Nagra,0,0,,218,10,1259,,43289.948409307304,65110006.46242106,0.00013971059692382813,5.945131783992686e-05,47,0.0027942119384765625
10-219-01252,BIHAR,Saran,Baniapur,0,0,,218,10,1252,,89199.8841803021,219417775.87250236,0.00012987124476432802,3.1870244113945525e-06,163,0.0005194849790573121
10-219-01253,BIHAR,Saran,Lahladpur,0,0,,218,10,1253,,49287.19248841685,70233795.44130237,0.00012987124476432802,7.013047217273713e-05,50,0.0035065236086368567
10-219-01254,BIHAR,Saran,Ekma,0,0,,218,10,1254,,99716.17236158185,176114988.01319405,0.00012987124476432802,0.00012987124476432802,128,0.016623519329833986
10-219-01255,BIHAR,Saran,Manjhi,0,0,,218,10,1255,,127085.43562979231,244607530.98349065,0.0001663121697998047,0.00013724772119018768,180,0.024704589814233784
10-219-01257,BIHAR,Saran,Revelganj,0,0,,218,10,1257,,84877.1419542779,179359801.45379385,0.0001663121697998047,0.00014183872275390626,125,0.017729840344238284
10-219-01258,BIHAR,Saran,Chapra,0,0,,218,10,1258,,119729.94798472138,239470568.44351175,0.00013971059692382813,0.00013097868461608888,176,0.02305224849243164
10-219-01260,BIHAR,Saran,Marhaura,0,0,,218,10,1260,,87240.95030017926,190752130.05196184,0.00013971059692382813,4.079141516024179e-06,137,0.0005588423876953125
10-219-01261,BIHAR,Saran,Amnour,0,0,,218,10,1261,,94922.90618840617,160109081.4065653,0.00013971059692382813,2.3679762190479343e-06,118,0.00027942119384765626
10-219-01263,BIHAR,Saran,Parsa,0,0,,218,10,1263,,85595.91054800974,122749042.93573296,0.0,0.0,88,0.0
10-219-01266,BIHAR,Saran,Dighwara,0,0,,218,10,1266,,81943.45164265168,101347015.6655549,0.0,0.0,72,0.0
10-219-01264,BIHAR,Saran,Dariapur,0,0,,218,10,1264,,115477.27251924115,281302380.67878103,0.0,0.0,202,0.0
10-219-01265,BIHAR,Saran,Garkha,0,0,,218,10,1265,,90147.74693968748,213336409.9887166,0.00013971059692382813,7.166972179858716e-05,154,0.011037137156982423
10-220-01269,BIHAR,Vaishali,Paterhi Belsar,0,0,,224,10,1269,,56227.36197278124,93522597.26160131,0.0,0.0,69,0.0
10-219-01267,BIHAR,Saran,Sonepur,0,0,,218,10,1267,,70412.64000247594,214865144.18564072,0.0,0.0,162,0.0
10-220-01268,BIHAR,Vaishali,Vaishali,0,0,,224,10,1268,,72706.90824879723,158663399.21103516,0.0,0.0,114,0.0
10-220-01270,BIHAR,Vaishali,Lalganj,0,0,,224,10,1270,,89595.71916906572,184177988.41986412,0.0,0.0,133,0.0
10-221-01294,BIHAR,Samastipur,Mohiuddinagar,0,0,,217,10,1294,,80607.53716768604,178536106.2701614,0.0,0.0,130,0.0
10-220-01271,BIHAR,Vaishali,Bhagwanpur,0,0,,224,10,1271,,98965.72708266653,142473218.81446454,0.0,0.0,102,0.0
10-220-01272,BIHAR,Vaishali,Goraul,0,0,,224,10,1272,,101989.77906286377,122446101.92943335,0.0,0.0,87,0.0
10-220-01273,BIHAR,Vaishali,Chehra Kalan,0,0,,224,10,1273,,63204.34388206024,89818122.94593617,0.0,0.0,66,0.0
10-220-01277,BIHAR,Vaishali,Raja Pakar,0,0,,224,10,1277,,58946.08844196175,93673217.82917874,0.0,0.0,72,0.0
10-220-01274,BIHAR,Vaishali,Patepur,0,0,,224,10,1274,,118180.33822078991,317029999.71255994,0.0,0.0,234,0.0
10-220-01275,BIHAR,Vaishali,Mahua,0,0,,224,10,1275,,86273.82517515696,171155586.12447235,0.0,0.0,125,0.0
10-220-01276,BIHAR,Vaishali,Jandaha,0,0,,224,10,1276,,99044.76663725945,179891527.10359335,0.0,0.0,128,0.0
10-220-01278,BIHAR,Vaishali,Hajipur,0,0,,224,10,1278,,80048.24731377292,194916759.16986817,0.0,0.0,140,0.0
10-220-01280,BIHAR,Vaishali,Bidupur,0,0,,224,10,1280,,88122.3198685409,139375575.9420912,0.0,0.0,99,0.0
10-220-01279,BIHAR,Vaishali,Raghopur,0,0,,224,10,1279,,128641.49950069311,338499790.0832371,0.0,0.0,246,0.0
10-220-01281,BIHAR,Vaishali,Desri,0,0,,224,10,1281,,50183.809114488824,56627949.53624974,0.0,0.0,43,0.0
10-221-01284,BIHAR,Samastipur,Kalyanpur,0,0,,217,10,1284,,147387.26660455638,294821482.9966942,0.0,0.0,214,0.0
10-221-01286,BIHAR,Samastipur,Shivaji Nagar,0,0,,217,10,1286,,96209.25031894707,172333979.18990555,0.0,0.0,130,0.0
10-221-01288,BIHAR,Samastipur,Samastipur,0,0,,217,10,1288,,112474.97484539819,170577777.20953664,0.0,0.0,123,0.0
10-221-01289,BIHAR,Samastipur,Pusa,0,0,,217,10,1289,,64081.7615729533,95008289.7510354,0.0,0.0,65,0.0
10-221-01291,BIHAR,Samastipur,Morwa,0,0,,217,10,1291,,104551.97847793197,152111293.7773472,0.0,0.0,106,0.0
10-221-01292,BIHAR,Samastipur,Patori,0,0,,217,10,1292,,69422.25062895294,130638318.44440164,0.0,0.0,93,0.0
10-221-01295,BIHAR,Samastipur,Sarairanjan,0,0,,217,10,1295,,96463.23467310029,185572344.2706523,0.0,0.0,145,0.0
10-221-01296,BIHAR,Samastipur,Vidyapati Nagar,0,0,,217,10,1296,,62930.2690484309,106322816.42401849,0.0,0.0,75,0.0
10-221-01297,BIHAR,Samastipur,Dalsinghsarai,0,0,,217,10,1297,,80515.23552986495,118201268.21451648,0.0,0.0,89,0.0
10-221-01298,BIHAR,Samastipur,Ujiarpur,0,0,,217,10,1298,,81756.09445970641,209497824.1015558,0.0,0.0,149,0.0
10-221-01300,BIHAR,Samastipur,Rosera,0,0,,217,10,1300,,84599.34785899956,138535375.895554,0.0,0.0,97,0.0
10-221-01299,BIHAR,Samastipur,Bibhutpur,0,0,,217,10,1299,,96600.53522783429,258332531.194082,0.0,0.0,187,0.0
10-221-01301,BIHAR,Samastipur,Singhia,0,0,,217,10,1301,,76055.88015393679,178639507.67998633,0.0,0.0,128,0.0
10-222-01307,BIHAR,Begusarai,Cheria Bariarpur,0,0,,191,10,1307,,80422.0696045629,127840547.1243011,0.0,0.0,89,0.0
10-221-01302,BIHAR,Samastipur,Hasanpur,0,0,,217,10,1302,,122795.93417076243,188091095.39019313,0.0,0.0,138,0.0
10-221-01303,BIHAR,Samastipur,Bithan,0,0,,217,10,1303,,72838.55780104545,149849875.79630712,0.0,0.0,109,0.0
10-222-01304,BIHAR,Begusarai,Khudabandpur,0,0,,191,10,1304,,49522.71992212785,59617610.47663844,0.0,0.0,39,0.0
10-222-01305,BIHAR,Begusarai,Chhorahi,0,0,,191,10,1305,,96201.09768359947,128309829.49376953,0.0,0.0,94,0.0
10-222-01306,BIHAR,Begusarai,Garhpura,0,0,,191,10,1306,,69581.28073662621,88651595.91159394,0.0,0.0,68,0.0
10-222-01308,BIHAR,Begusarai,Bhagwanpur,0,0,,191,10,1308,,102620.52088176137,147276258.21886113,0.0,0.0,106,0.0
10-223-01324,BIHAR,Khagaria,Mansi,0,0,,202,10,1324,,70720.37786012898,86151878.56106131,0.0,0.0,69,0.0
10-222-01309,BIHAR,Begusarai,Mansurchak,0,0,,191,10,1309,,55538.61039021854,42158333.283958256,0.0,0.0,31,0.0
10-224-01333,BIHAR,Bhagalpur,Rangra Chowk,0,0,,192,10,1333,,56200.86409227388,97946271.45940188,0.0,0.0,71,0.0
10-222-01310,BIHAR,Begusarai,Bachhwara,0,0,,191,10,1310,,112893.55520851951,186501763.14040864,0.0,0.0,138,0.0
10-222-01311,BIHAR,Begusarai,Teghra,0,0,,191,10,1311,,93442.93751421869,180050069.66821858,0.0,0.0,129,0.0
10-222-01312,BIHAR,Begusarai,Barauni,0,0,,191,10,1312,,90573.71511882372,141812926.41245717,0.0,0.0,102,0.0
10-222-01313,BIHAR,Begusarai,Birpur,0,0,,191,10,1313,,69057.86510087451,64693086.30641256,0.0,0.0,53,0.0
10-222-01314,BIHAR,Begusarai,Begusarai,0,0,,191,10,1314,,114572.02827886646,273941103.5239774,0.0,0.0,200,0.0
10-222-01315,BIHAR,Begusarai,Naokothi,0,0,,191,10,1315,,61794.845266753924,91575422.87048158,0.0,0.0,64,0.0
10-222-01316,BIHAR,Begusarai,Bakhri,0,0,,191,10,1316,,74902.13049058078,94921186.04856166,0.0,0.0,66,0.0
10-222-01317,BIHAR,Begusarai,Dandari,0,0,,191,10,1317,,77075.31892237118,85364223.36403492,0.0,0.0,65,0.0
10-222-01318,BIHAR,Begusarai,Sahebpur Kamal,0,0,,191,10,1318,,97820.3506924087,179327758.1582562,0.0,0.0,131,0.0
10-222-01319,BIHAR,Begusarai,Balia,0,0,,191,10,1319,,95726.56851828664,181873531.04775092,0.0,0.0,133,0.0
10-222-01320,BIHAR,Begusarai,Matihani,0,0,,191,10,1320,,104199.58891726227,214311339.790948,0.0,0.0,157,0.0
10-222-01321,BIHAR,Begusarai,Shamho Akha Kurha,0,0,,191,10,1321,,47884.70174269599,82130306.58899558,0.0,0.0,58,0.0
10-223-01322,BIHAR,Khagaria,Alauli,0,0,,202,10,1322,,117176.16085281859,337532903.06560946,0.0,0.0,244,0.0
10-223-01323,BIHAR,Khagaria,Khagaria,0,0,,202,10,1323,,164255.4907534744,325761754.1557925,0.0,0.0,229,0.0
10-223-01325,BIHAR,Khagaria,Chautham,0,0,,202,10,1325,,88833.5659059585,205164632.7891582,0.0,0.0,148,0.0
10-228-01376,BIHAR,Sheikhpura,Chewara,0,0,,219,10,1376,,77279.14911837938,141385828.1075451,8.575209693908693e-06,5.706589292976462e-06,103,0.0005877786971765756
10-223-01326,BIHAR,Khagaria,Beldaur,0,0,,202,10,1326,,101449.44415348554,276820454.1841197,0.0,0.0,203,0.0
10-223-01327,BIHAR,Khagaria,Gogri,0,0,,202,10,1327,,109725.85953588395,321971045.3784509,0.0,0.0,231,0.0
10-223-01328,BIHAR,Khagaria,Parbatta,0,0,,202,10,1328,,89952.53209418767,286770838.53234714,0.0,0.0,215,0.0
10-224-01329,BIHAR,Bhagalpur,Narayanpur,0,0,,192,10,1329,,96964.50839109154,173637043.38008544,0.0,0.0,125,0.0
10-224-01330,BIHAR,Bhagalpur,Bihpur,0,0,,192,10,1330,,98960.16392998041,189427956.2070791,0.0,0.0,141,0.0
10-234-01472,BIHAR,Rohtas,Akorhi Gola,0,0,,215,10,1472,,71741.57946050014,124356844.03544964,6.657097152709961e-05,6.657097152709961e-05,94,0.006257671323547364
10-224-01331,BIHAR,Bhagalpur,Kharik,0,0,,192,10,1331,,103106.05203500649,169292223.68779984,0.0,0.0,125,0.0
10-224-01332,BIHAR,Bhagalpur,Naugachhia,0,0,,192,10,1332,,91833.23423872421,134223697.96961665,0.0,0.0,95,0.0
10-224-01335,BIHAR,Bhagalpur,Pirpainti,0,0,,192,10,1335,,138631.2255747686,411429376.6216011,0.0,0.0,294,0.0
10-224-01336,BIHAR,Bhagalpur,Kahalgaon,0,0,,192,10,1336,,128722.99744742387,352186242.20537144,0.0,0.0,255,0.0
10-224-01337,BIHAR,Bhagalpur,Ismailpur,0,0,,192,10,1337,,66332.03197363381,102752037.41138108,0.0,0.0,75,0.0
10-224-01338,BIHAR,Bhagalpur,Sabour,0,0,,192,10,1338,,85492.0541239663,141198925.34276122,0.0,0.0,102,0.0
10-226-01359,BIHAR,Munger,Dharhara,0,0,,207,10,1359,,105188.90103685112,355220468.750446,0.0,0.0,262,0.0
10-224-01339,BIHAR,Bhagalpur,Nathnagar,0,0,,192,10,1339,,105259.93673308079,163498377.60317266,0.0,0.0,117,0.0
10-226-01360,BIHAR,Munger,Kharagpur,0,0,,207,10,1360,,169586.30903503796,398589433.5102216,0.0,0.0,291,0.0
10-224-01340,BIHAR,Bhagalpur,Sultanganj,0,0,,192,10,1340,,139861.1879796442,266407467.3450057,0.0,0.0,198,0.0
10-224-01341,BIHAR,Bhagalpur,Shahkund,0,0,,192,10,1341,,93276.90256650816,208798734.37786233,0.0,0.0,153,0.0
10-224-01342,BIHAR,Bhagalpur,Goradih,0,0,,192,10,1342,,106918.08891287447,178026414.43832883,0.0,0.0,128,0.0
10-224-01343,BIHAR,Bhagalpur,Jagdishpur,0,0,,192,10,1343,,107045.71303668506,127447147.46016994,0.0,0.0,95,0.0
10-224-01344,BIHAR,Bhagalpur,Sonhaula,0,0,,192,10,1344,,84463.86530366821,214425428.57327408,0.0,0.0,160,0.0
10-225-01345,BIHAR,Banka,Shambhuganj,0,0,,190,10,1345,,85765.27415008907,217970788.89652416,0.0,0.0,157,0.0
10-225-01346,BIHAR,Banka,Amarpur,0,0,,190,10,1346,,98000.87839154692,234663534.19316816,0.0,0.0,176,0.0
10-225-01347,BIHAR,Banka,Rajaun,0,0,,190,10,1347,,86718.04358754268,242814641.5593075,0.0,0.0,179,0.0
10-226-01363,BIHAR,Munger,Tetiha Bambor,0,0,,207,10,1363,,73286.15332623897,95190725.80042528,0.0,0.0,70,0.0
10-225-01348,BIHAR,Banka,Dhuraiya,0,0,,190,10,1348,,106681.6377356153,285703540.38620996,0.0,0.0,208,0.0
10-225-01349,BIHAR,Banka,Barahat,0,0,,190,10,1349,,122910.23058217819,181202001.14064544,0.0,0.0,129,0.0
10-225-01350,BIHAR,Banka,Banka,0,0,,190,10,1350,,137083.07375503817,365153241.48788345,0.0,0.0,275,0.0
10-225-01351,BIHAR,Banka,Phulidumar,0,0,,190,10,1351,,117105.67306472127,248400685.45023423,0.0,0.0,176,0.0
10-225-01352,BIHAR,Banka,Belhar,0,0,,190,10,1352,,118426.40149548957,290570448.277483,3.300021423339844e-05,3.3925453884802135e-06,214,0.0007260047131347657
10-225-01353,BIHAR,Banka,Chanan,0,0,,190,10,1353,,169565.08902723462,550876204.0147796,3.300021423339844e-05,1.3846203290499171e-05,403,0.005580019926071166
10-225-01354,BIHAR,Banka,Katoria,0,0,,190,10,1354,,180268.89530762268,687665367.2781417,9.830906143188476e-06,8.420895700340727e-07,502,0.00042272896415710445
10-225-01355,BIHAR,Banka,Bausi,0,0,,190,10,1355,,109314.78149810205,385846183.7170387,0.0,0.0,284,0.0
10-226-01356,BIHAR,Munger,Munger,0,0,,207,10,1356,,162390.1628928388,306519605.49277806,0.0,0.0,227,0.0
10-226-01357,BIHAR,Munger,Bariarpur,0,0,,207,10,1357,,122433.4478606843,198040113.63802013,0.0,0.0,143,0.0
10-226-01358,BIHAR,Munger,Jamalpur,0,0,,207,10,1358,,72817.19566814511,112971204.64248075,0.0,0.0,79,0.0
10-226-01361,BIHAR,Munger,Asarganj,0,0,,207,10,1361,,61173.52838786665,72491453.98190036,0.0,0.0,52,0.0
10-226-01362,BIHAR,Munger,Tarapur,0,0,,207,10,1362,,54416.57713098438,86962445.68425661,0.0,0.0,62,0.0
10-226-01364,BIHAR,Munger,Sangrampur,0,0,,207,10,1364,,71205.18318302365,105786037.21986651,0.0,0.0,80,0.0
10-227-01366,BIHAR,Lakhisarai,Pipariya,0,0,,204,10,1366,,87968.2901826016,106258171.87143916,0.0,0.0,76,0.0
10-227-01365,BIHAR,Lakhisarai,Barahiya,0,0,,204,10,1365,,95965.48426593257,248505135.43154767,0.0,0.0,179,0.0
10-227-01367,BIHAR,Lakhisarai,Surajgarha,0,0,,204,10,1367,,140312.1609931406,462726462.37366486,2.274302688598633e-05,3.010106499615838e-06,340,0.0010234362098693849
10-227-01368,BIHAR,Lakhisarai,Lakhisarai,0,0,,204,10,1368,,117670.76745524361,181316338.94823277,2.274302688598633e-05,9.70298632118935e-07,133,0.00012904971807181837
10-227-01369,BIHAR,Lakhisarai,Chanan*,0,0,,204,10,1369,,86014.87070350182,177670731.10250506,2.274302688598633e-05,1.8478709344863892e-05,128,0.002365274796142578
10-228-01375,BIHAR,Sheikhpura,Ghat Kusumbha,0,0,,219,10,1375,,80592.24583619394,99088070.68237934,0.0,0.0,70,0.0
10-227-01370,BIHAR,Lakhisarai,Ramgarh Chowk,0,0,,204,10,1370,,98990.57354622113,128567389.13844268,2.274302688598633e-05,7.131793710500636e-06,94,0.0006703886087870598
10-227-01371,BIHAR,Lakhisarai,Halsi,0,0,,204,10,1371,,82594.8188222393,191441208.6304817,2.274302688598633e-05,6.27219395063335e-06,139,0.0008718349591380357
10-228-01372,BIHAR,Sheikhpura,Barbigha,0,0,,219,10,1372,,83879.7675047183,115941853.486741,0.0,0.0,81,0.0
10-228-01373,BIHAR,Sheikhpura,Shekhopur Sarai,0,0,,219,10,1373,,59774.96229914819,65955650.61796794,1.8472026357650758e-05,3.869942395952013e-06,45,0.00017414740781784057
10-228-01374,BIHAR,Sheikhpura,Sheikhpura,0,0,,219,10,1374,,119718.3677454689,225551054.81458032,8.575209693908693e-06,1.7456147197905708e-06,170,0.00029675450236439703
10-228-01377,BIHAR,Sheikhpura,Ariari,0,0,,219,10,1377,,87552.5859976097,183445963.63454768,8.575209693908693e-06,8.53074165247653e-06,137,0.0011687116063892845
10-229-01378,BIHAR,Nalanda,Karai Parsurai,0,0,,209,10,1378,,58523.47447411047,82148146.79064696,7.637046976089478e-06,3.4366711392402652e-06,60,0.00020620026835441592
10-229-01379,BIHAR,Nalanda,Nagar Nausa,0,0,,209,10,1379,,82570.35159490984,108015836.82811198,2.4935658721923827e-05,4.4925279009342195e-06,80,0.00035940223207473756
10-229-01380,BIHAR,Nalanda,Harnaut,0,0,,209,10,1380,,124869.90123154312,224385440.0517296,2.4935658721923827e-05,8.673272598930028e-06,161,0.0013963968884277344
10-229-01381,BIHAR,Nalanda,Chandi,0,0,,209,10,1381,,70527.81459673235,147156102.481168,2.4935658721923827e-05,2.287675112103103e-05,109,0.0024935658721923822
10-229-01382,BIHAR,Nalanda,Rahui,0,0,,209,10,1382,,77076.6108369453,152249665.90613127,2.4935658721923827e-05,2.4012115806297013e-05,108,0.0025933085070800775
10-229-01383,BIHAR,Nalanda,Bind,0,0,,209,10,1383,,70364.80140905235,88091657.81671415,0.0,0.0,66,0.0
10-229-01384,BIHAR,Nalanda,Sarmera,0,0,,209,10,1384,,91044.34634338948,167201876.42476654,0.0,0.0,123,0.0
10-229-01385,BIHAR,Nalanda,Asthawan,0,0,,209,10,1385,,92263.18064708126,171325630.7179731,2.4935658721923827e-05,4.19551042816162e-06,125,0.0005244388035202025
10-229-01387,BIHAR,Nalanda,Noorsarai,0,0,,209,10,1387,,78528.62700534344,151514769.88009417,2.4935658721923827e-05,2.493565872192382e-05,114,0.0028426650942993156
10-229-01386,BIHAR,Nalanda,Bihar,0,0,,209,10,1386,,98561.8371020671,215840179.0991975,2.4935658721923827e-05,2.347540139025449e-05,160,0.0037560642224407186
10-229-01390,BIHAR,Nalanda,Hilsa,0,0,,209,10,1390,,93433.88804652911,175765721.10991755,7.637046976089478e-06,7.637046976089478e-06,131,0.0010004531538677216
10-229-01391,BIHAR,Nalanda,Ekangarsarai,0,0,,209,10,1391,,87121.32234693572,166605847.460251,7.637046976089478e-06,7.637046976089478e-06,122,0.0009317197310829163
10-229-01392,BIHAR,Nalanda,Islampur,0,0,,209,10,1392,,109868.69145522316,273834151.4326934,2.940639698028565e-05,2.054155857651505e-05,194,0.0039850623638439196
10-229-01393,BIHAR,Nalanda,Ben,0,0,,209,10,1393,,66947.54721379357,127526149.56798536,2.940639698028565e-05,1.921524796810556e-05,94,0.0018062333090019225
10-230-01398,BIHAR,Patna,Maner,0,0,,212,10,1398,,96133.56350709034,213315300.3597084,0.00013971059692382813,3.338497907366072e-05,154,0.00514128677734375
10-229-01394,BIHAR,Nalanda,Rajgir,0,0,,209,10,1394,,88740.45664753366,198129288.77271983,2.940639698028565e-05,2.308380172229949e-05,147,0.003393318853178025
10-229-01395,BIHAR,Nalanda,Silao,0,0,,209,10,1395,,79220.42929786978,154752836.13944647,2.4935658721923827e-05,1.9605996947874104e-05,114,0.002235083652057648
10-229-01396,BIHAR,Nalanda,Giriak,0,0,,209,10,1396,,88347.46773236175,99576022.5731765,1.8472026357650758e-05,1.8472026357650758e-05,73,0.0013484579241085054
10-229-01397,BIHAR,Nalanda,Katrisarai,0,0,,209,10,1397,,38918.76300208476,48673462.28309288,1.8472026357650758e-05,1.599782219171524e-05,36,0.0005759215989017487
10-230-01399,BIHAR,Patna,Dinapur-Cum-Khagaul,0,0,,212,10,1399,,78598.21354533077,184765788.04152673,4.254255111694336e-05,1.2605200330946182e-05,135,0.0017017020446777344
10-234-01474,BIHAR,Rohtas,Tilouthu,0,0,,215,10,1474,,73885.57639601533,193504401.97342023,7.192229919433594e-05,5.719831022317068e-05,140,0.008007763431243896
10-230-01400,BIHAR,Patna,Patna Rural,0,0,,212,10,1400,,87518.10425735511,179850223.48881748,4.254255111694336e-05,7.469302867860286e-06,131,0.0009784786756896974
10-230-01401,BIHAR,Patna,Sampatchak,0,0,,212,10,1401,,53219.7118618291,78902366.60372826,4.254255111694336e-05,1.492721091822574e-06,57,8.508510223388672e-05
10-230-01406,BIHAR,Patna,Dulhin Bazar,0,0,,212,10,1406,,77792.54009458271,136539622.4680228,9.911784729003907e-05,7.396213636918502e-05,99,0.007322251500549317
10-230-01402,BIHAR,Patna,Phulwari,0,0,,212,10,1402,,70659.26045014715,135940825.49713776,4.254255111694336e-05,4.076994482040406e-05,96,0.00391391470275879
10-230-01413,BIHAR,Patna,Khusrupur,0,0,,212,10,1413,,46143.60198551767,78201544.387751,0.0,0.0,58,0.0
10-230-01403,BIHAR,Patna,Bihta,0,0,,212,10,1403,,116564.9809665079,244879174.98088208,0.00013971059692382813,7.833808252607073e-05,182,0.014257531019744873
10-230-01415,BIHAR,Patna,Athmalgola,0,0,,212,10,1415,,47997.69261940102,62827293.65665197,0.0,0.0,47,0.0
10-230-01404,BIHAR,Patna,Naubatpur,0,0,,212,10,1404,,105087.74367689912,205320191.59612688,4.254255111694336e-05,4.254255111694337e-05,153,0.006509010320892335
10-230-01405,BIHAR,Patna,Bikram,0,0,,212,10,1405,,86626.03512108007,186422313.04867813,9.911784729003907e-05,8.3012471007187e-05,137,0.011372708527984618
10-234-01475,BIHAR,Rohtas,Rohtas,0,0,,215,10,1475,,88257.59288547112,389741138.17794544,5.862237636566162e-05,5.5188945553700124e-05,288,0.015894416319465636
10-230-01407,BIHAR,Patna,Paliganj,0,0,,212,10,1407,,129476.3041410336,293354152.7667747,9.911784729003907e-05,7.119780334187446e-05,214,0.015236329915161134
10-230-01408,BIHAR,Patna,Masaurhi,0,0,,212,10,1408,,108866.13277400887,248716954.87290823,5.58265625e-05,5.1348805854025854e-05,178,0.009140087442016602
10-230-01409,BIHAR,Patna,Dhanarua,0,0,,212,10,1409,,95102.40821522896,225577653.19725513,5.58265625e-05,3.0600485640800806e-05,163,0.0049878791594505315
10-230-01410,BIHAR,Patna,Punpun,0,0,,212,10,1410,,82554.93388622913,161116560.78819045,4.254255111694336e-05,2.8842407536910752e-05,118,0.003403404089355469
10-230-01411,BIHAR,Patna,Fatwah,0,0,,212,10,1411,,97950.27190535897,155697451.47083917,0.0,0.0,115,0.0
10-230-01412,BIHAR,Patna,Daniawan,0,0,,212,10,1412,,69689.77872311571,79566220.36857046,0.0,0.0,56,0.0
10-230-01414,BIHAR,Patna,Bakhtiarpur,0,0,,212,10,1414,,120205.01587822943,168153072.20481881,0.0,0.0,120,0.0
10-230-01416,BIHAR,Patna,Belchhi,0,0,,212,10,1416,,88573.78025963024,87443681.0926542,0.0,0.0,70,0.0
10-230-01417,BIHAR,Patna,Barh,0,0,,212,10,1417,,95365.9771693495,147280816.515725,0.0,0.0,104,0.0
10-230-01419,BIHAR,Patna,Ghoswari,0,0,,212,10,1419,,66454.95033385535,164897376.1169027,0.0,0.0,126,0.0
10-230-01418,BIHAR,Patna,Pandarak,0,0,,212,10,1418,,106894.44852036482,252509471.6555304,0.0,0.0,180,0.0
10-232-01438,BIHAR,Buxar,Chaugain,0,0,,194,10,1438,,52625.33924401454,66025696.44875917,0.00014841989990234375,0.00014841989990234375,49,0.0072725750952148446
10-232-01439,BIHAR,Buxar,Kesath,0,0,,194,10,1439,,34661.84662025829,38236018.49691825,0.00014841989990234375,0.00014841989990234375,29,0.004304177097167969
10-230-01420,BIHAR,Patna,Mokameh,0,0,,212,10,1420,,127700.39840194934,244519830.48183808,0.0,0.0,181,0.0
10-231-01421,BIHAR,Bhojpur,Shahpur,0,0,,193,10,1421,,110658.91431619873,211766871.4500774,0.0001663121697998047,0.0001577725200537535,156,0.024612513128385548
10-234-01460,BIHAR,Rohtas,Suryapura,0,0,,215,10,1460,,56159.7630280001,69765063.31452103,0.00010888283325195313,0.00010888283325195313,47,0.005117493162841797
10-231-01422,BIHAR,Bhojpur,Arrah,0,0,,193,10,1422,,120924.06747051864,221925641.7145924,0.0001663121697998047,0.00012194613879317758,159,0.019389436068115235
10-231-01423,BIHAR,Bhojpur,Barhara,0,0,,193,10,1423,,128817.96875565937,258494738.36324885,0.0001663121697998047,0.00014806711196340195,191,0.028280818385009773
10-231-01424,BIHAR,Bhojpur,Koilwar,0,0,,193,10,1424,,94779.33453556667,208456312.66749656,0.00013971059692382813,0.0001078357532516582,149,0.016067527234497073
10-231-01425,BIHAR,Bhojpur,Sandesh,0,0,,193,10,1425,,60697.76797134289,164599530.19806212,9.911784729003907e-05,9.51480072642181e-05,118,0.011227464857177735
10-231-01426,BIHAR,Bhojpur,Udwant Nagar,0,0,,193,10,1426,,92445.60417460876,217797556.82002312,0.000133015341796875,0.00011954056137179737,161,0.019246030380859376
10-234-01461,BIHAR,Rohtas,Bikramganj,0,0,,215,10,1461,,88556.32896667719,168723569.68103397,0.00010888283325195313,0.00010888283325195313,129,0.014045885489501954
10-231-01427,BIHAR,Bhojpur,Behea,0,0,,193,10,1427,,114516.77527652554,206091349.70539597,0.0001663121697998047,0.0001383510140979449,150,0.02075265211469173
10-231-01428,BIHAR,Bhojpur,Jagdishpur,0,0,,193,10,1428,,109726.00219208181,318463526.4488765,0.00014841989990234375,0.00013456931037768985,228,0.030681802766113285
10-231-01429,BIHAR,Bhojpur,Piro,0,0,,193,10,1429,,100703.96274410955,268205354.86689487,0.00014841989990234375,0.00011870520006103516,200,0.023741040012207032
10-234-01462,BIHAR,Rohtas,Karakat,0,0,,215,10,1462,,102232.22868007293,251121712.10833624,0.00010888283325195313,9.719214346820658e-05,176,0.01710581725040436
10-231-01430,BIHAR,Bhojpur,Charpokhari,0,0,,193,10,1430,,88834.1327790213,135855258.49695313,0.000133015341796875,0.00011386647680664064,95,0.01081731529663086
10-231-01431,BIHAR,Bhojpur,Garhani,0,0,,193,10,1431,,93054.52180151101,137128723.85739592,0.000133015341796875,0.00012985207472125305,103,0.013374763696289064
10-231-01432,BIHAR,Bhojpur,Agiaon,0,0,,193,10,1432,,87534.07309197474,191419206.17039648,0.000133015341796875,9.456291094224233e-05,139,0.013144244620971683
10-231-01433,BIHAR,Bhojpur,Tarari,0,0,,193,10,1433,,95157.98131215997,247108515.4982669,0.00010888283325195313,0.00010618802525407179,177,0.018795280469970706
10-231-01434,BIHAR,Bhojpur,Sahar,0,0,,193,10,1434,,61748.81499939302,157154129.14318892,0.00010586396606445314,0.0001005422405379858,117,0.011763442142944338
10-232-01435,BIHAR,Buxar,Simri,0,0,,194,10,1435,,87047.69219699135,222195796.247413,0.00016641118896484373,0.00013464568257052725,164,0.02208189194156647
10-232-01436,BIHAR,Buxar,Chakki,0,0,,194,10,1436,,73799.54032015939,80420668.23199363,0.00014841989990234375,0.00014179537401959297,64,0.00907490393725395
10-232-01437,BIHAR,Buxar,Barhampur,0,0,,194,10,1437,,133928.15369382405,240152233.65370417,0.0001663121697998047,0.00014711644488447662,173,0.025451144965014456
10-232-01440,BIHAR,Buxar,Dumraon,0,0,,194,10,1440,,115797.88145848007,238641355.07175583,0.00016641118896484373,0.00015384922382061296,169,0.02600051882568359
10-232-01441,BIHAR,Buxar,Buxar,0,0,,194,10,1441,,90996.21871903203,211591033.38394436,0.00016641118896484373,0.00016518582351587378,157,0.025934174291992185
10-232-01442,BIHAR,Buxar,Chausa,0,0,,194,10,1442,,99103.08457070828,138502720.57991108,0.00016641118896484373,0.00011373499217238381,107,0.012169644162445068
10-232-01443,BIHAR,Buxar,Rajpur,0,0,,194,10,1443,,121142.9666413415,336933113.12217736,0.00016641118896484373,9.934750188523894e-05,245,0.024340137961883543
10-232-01444,BIHAR,Buxar,Itarhi,0,0,,194,10,1444,,109439.3274763228,293713382.2816445,0.00016641118896484373,0.00016561477239435368,209,0.03461348743041992
10-232-01445,BIHAR,Buxar,Nawanagar,0,0,,194,10,1445,,126567.10382889764,229774401.79100823,0.00016641118896484373,0.00014251408629648786,169,0.024084880584106447
10-233-01446,BIHAR,Kaimur (Bhabua),Ramgarh,0,0,,200,10,1446,,124781.0721120257,206666195.02442607,6.832566482543946e-05,6.165923874204522e-05,151,0.009310545050048828
10-233-01447,BIHAR,Kaimur (Bhabua),Nuaon,0,0,,200,10,1447,,121732.74643995032,235834986.4758632,8.318565734863281e-05,6.947792750576086e-05,171,0.011880725603485107
10-233-01448,BIHAR,Kaimur (Bhabua),Kudra,0,0,,200,10,1448,,132624.50147962422,255577893.54332253,6.832566482543946e-05,6.287872681753976e-05,189,0.011884079368515014
10-233-01449,BIHAR,Kaimur (Bhabua),Mohania,0,0,,200,10,1449,,142323.6809133636,349176573.6513165,6.832566482543946e-05,6.270644247800112e-05,256,0.016052849274368286
10-233-01450,BIHAR,Kaimur (Bhabua),Durgawati,0,0,,200,10,1450,,108544.41183902678,212580801.4059764,4.6907998046875007e-05,4.6907998046875007e-05,154,0.007223831699218751
10-233-01451,BIHAR,Kaimur (Bhabua),Chand,0,0,,200,10,1451,,97099.60209928264,257974481.1925409,8.3104169921875e-05,5.292201692621759e-05,188,0.009949339182128907
10-233-01452,BIHAR,Kaimur (Bhabua),Chainpur,0,0,,200,10,1452,,170712.34536647963,555311526.8488017,5.9488356933593756e-05,5.1018223386150606e-05,407,0.020764416918163296
10-233-01453,BIHAR,Kaimur (Bhabua),Bhabua,0,0,,200,10,1453,,143727.89821118704,407618990.38615096,6.832566482543946e-05,5.4422458144786745e-05,301,0.01638115990158081
10-233-01454,BIHAR,Kaimur (Bhabua),Rampur,0,0,,200,10,1454,,126612.15498309073,210660395.23746365,5.905114875793457e-05,5.89130207389473e-05,149,0.008778040090103148
10-233-01455,BIHAR,Kaimur (Bhabua),Bhagwanpur,0,0,,200,10,1455,,134815.05705103654,292151198.96788174,5.905114875793457e-05,5.226798332160118e-05,211,0.01102854448085785
10-233-01456,BIHAR,Kaimur (Bhabua),Adhaura,0,0,,200,10,1456,,271357.2345421078,1135984955.9859164,6.074845932006836e-05,5.6323904505085125e-05,833,0.04691781245273591
10-234-01457,BIHAR,Rohtas,Kochas,0,0,,215,10,1457,,90248.48407846906,187033418.62218276,8.318565734863281e-05,7.857005361036821e-05,132,0.010371247076568604
10-234-01458,BIHAR,Rohtas,Dinara,0,0,,215,10,1458,,157118.7651045217,464648316.8452498,0.00010888283325195313,8.92143203171537e-05,341,0.030422083228149415
10-234-01459,BIHAR,Rohtas,Dawath,0,0,,215,10,1459,,78120.6651060775,129910427.66035384,0.00010888283325195313,0.00010888283325195313,94,0.010234986325683594
10-234-01466,BIHAR,Rohtas,Nokha,0,0,,215,10,1466,,82152.91978314315,208772248.59610957,8.318565734863281e-05,6.411011915670858e-05,148,0.00948829763519287
10-235-01476,BIHAR,Aurangabad,Daudnagar,0,0,,189,10,1476,,91010.07504965532,238139281.75712803,6.657097152709961e-05,6.435514012128457e-05,174,0.011197794381103516
10-234-01467,BIHAR,Rohtas,Kargahar,0,0,,215,10,1467,,128509.87472624176,406135690.59563094,8.318565734863281e-05,6.678041184708879e-05,296,0.01976700190673828
10-234-01468,BIHAR,Rohtas,Chenari,0,0,,215,10,1468,,121720.69626398994,292642418.8385522,5.9972442855834965e-05,5.884403908592046e-05,215,0.0126514684034729
10-234-01469,BIHAR,Rohtas,Nauhatta,0,0,,215,10,1469,,175494.75594492842,478591449.404211,6.074845932006836e-05,5.497571067314364e-05,354,0.019461401578292847
10-234-01470,BIHAR,Rohtas,Sheosagar,0,0,,215,10,1470,,135463.8765525897,406503956.12222886,5.9972442855834965e-05,5.894186636455989e-05,295,0.017387850577545168
10-234-01471,BIHAR,Rohtas,Sasaram,0,0,,215,10,1471,,135810.11950728856,394273130.8742507,6.657097152709961e-05,5.937752638954952e-05,290,0.01721948265296936
10-234-01473,BIHAR,Rohtas,Dehri,0,0,,215,10,1473,,97323.52013589225,199371136.99043605,7.192229919433594e-05,6.594373014305378e-05,145,0.009561840870742798
10-235-01477,BIHAR,Aurangabad,Haspura,0,0,,189,10,1477,,88845.10694940752,164519986.5205008,6.403442768096924e-05,6.366606275416604e-05,121,0.007703593593254091
10-235-01478,BIHAR,Aurangabad,Goh,0,0,,189,10,1478,,122286.20877621078,374665187.3660463,6.403442768096924e-05,4.7975342011732216e-05,272,0.013049293027191163
10-236-01491,BIHAR,Gaya,Neem Chak Bathani,0,0,,196,10,1491,,79540.44278654993,146770773.7769567,2.940639698028565e-05,2.9406396980285652e-05,103,0.003028858888969422
10-235-01479,BIHAR,Aurangabad,Rafiganj,0,0,,189,10,1479,,167069.30684925965,465687847.79432577,6.403442768096924e-05,2.6243691857637196e-05,341,0.008949098923454284
10-235-01480,BIHAR,Aurangabad,Obra,0,0,,189,10,1480,,130720.05569071589,327203821.09876627,7.192229919433594e-05,6.19289562429758e-05,237,0.014677162629585265
10-236-01494,BIHAR,Gaya,Manpur,0,0,,196,10,1494,,77081.78707553667,161226183.41058797,3.483148681640626e-05,3.0421020189368202e-05,115,0.0034984173217773432
10-235-01481,BIHAR,Aurangabad,Aurangabad,0,0,,189,10,1481,,125502.68609205673,344679798.38062614,7.192229919433594e-05,2.8813520951271054e-05,256,0.00737626136352539
10-237-01511,BIHAR,Nawada,Nardiganj,0,0,,210,10,1511,,60262.24041371029,129808165.4472442,1.8472026357650758e-05,1.8472026357650758e-05,95,0.001754842503976822
10-235-01482,BIHAR,Aurangabad,Barun,0,0,,189,10,1482,,117269.30390529483,381782699.30215496,7.192229919433594e-05,7.020222958700998e-05,280,0.019656624284362795
10-235-01483,BIHAR,Aurangabad,Nabinagar,0,0,,189,10,1483,,173491.30877801325,657546828.2218357,7.192229919433594e-05,5.607050756292561e-05,483,0.02708205515289307
10-235-01484,BIHAR,Aurangabad,Kutumba,0,0,,189,10,1484,,110495.73757590447,319048251.76106954,7.192229919433594e-05,5.3023225469464304e-05,229,0.012142318632507325
10-235-01485,BIHAR,Aurangabad,Deo,0,0,,189,10,1485,,158578.88849021672,336990745.1586724,7.192229919433594e-05,2.8775188381833385e-05,251,0.00722257228384018
10-235-01486,BIHAR,Aurangabad,Madanpur,0,0,,189,10,1486,,153529.37367368402,418713952.50229967,1.7039146642684938e-05,1.6419335513500724e-05,309,0.005073574673671723
10-236-01487,BIHAR,Gaya,Konch,0,0,,196,10,1487,,154041.56172387034,319288521.7326548,4.1748349609375e-05,3.421356624208647e-05,232,0.007937547368164061
10-236-01488,BIHAR,Gaya,Tikari,0,0,,196,10,1488,,122221.36853604284,290576655.12704176,4.1748349609375e-05,3.82772644266951e-05,218,0.00834444364501953
10-236-01489,BIHAR,Gaya,Belaganj,0,0,,196,10,1489,,113473.13279109563,240372540.95814112,3.483148681640626e-05,3.483148681640626e-05,180,0.006269667626953126
10-236-01490,BIHAR,Gaya,Khizirsarai,0,0,,196,10,1490,,103698.13096672995,223124430.97950032,3.483148681640626e-05,3.211237068615538e-05,165,0.005298541163215638
10-236-01492,BIHAR,Gaya,Muhra,0,0,,196,10,1492,,93681.45756176667,181269438.2139707,2.940639698028565e-05,2.8971866515857078e-05,134,0.0038822301131248484
10-236-01493,BIHAR,Gaya,Atri,0,0,,196,10,1493,,103075.15367958385,161340647.62451813,3.483148681640626e-05,2.92961963274499e-05,119,0.0034862473629665384
10-236-01495,BIHAR,Gaya,Gaya Town C.D.Block,0,0,,196,10,1495,,91678.58033080616,224144813.6021213,3.483148681640626e-05,3.087925048828125e-05,161,0.004971559328613281
10-236-01496,BIHAR,Gaya,Paraiya,0,0,,196,10,1496,,75593.31264449215,167300846.5298876,3.022054443359375e-05,2.2185719523111975e-05,120,0.002662286342773437
10-236-01497,BIHAR,Gaya,Guraru,0,0,,196,10,1497,,81292.54933661391,199646285.7542363,1.6041441650390624e-05,1.6041441650390624e-05,147,0.002358091922607422
10-237-01512,BIHAR,Nawada,Nawada,0,0,,210,10,1512,,86822.75137888109,219317998.1072041,4.65758212184906e-05,2.008307192292183e-05,157,0.0031530422918987274
10-236-01498,BIHAR,Gaya,Gurua,0,0,,196,10,1498,,117859.62964526065,238015237.1519128,3.022054443359375e-05,1.6715743972690116e-05,173,0.00289182370727539
10-236-01499,BIHAR,Gaya,Amas,0,0,,196,10,1499,,100546.69423332924,128484051.44985774,2.0311241607666016e-05,1.9247813540709643e-05,95,0.0018285422863674162
10-237-01517,BIHAR,Nawada,Roh,0,0,,210,10,1517,,77804.52626079548,192537548.9783989,4.65758212184906e-05,2.3296902477906813e-05,144,0.003354753956818581
10-236-01500,BIHAR,Gaya,Banke Bazar,0,0,,196,10,1500,,85166.97220092022,256240042.68049288,2.0311241607666016e-05,1.9414054278558303e-05,186,0.003611014095811844
10-236-01501,BIHAR,Gaya,Imamganj,0,0,,196,10,1501,,136271.57775821586,316917295.57645696,3.10484440612793e-05,2.0435448315233366e-05,239,0.004884072147340775
10-236-01502,BIHAR,Gaya,Dumaria,0,0,,196,10,1502,,119690.94596035974,390676703.928496,3.4288491516113286e-05,2.141928769931459e-05,285,0.006104496994304659
10-236-01503,BIHAR,Gaya,Sherghati,0,0,,196,10,1503,,100322.2973073121,167902109.12194017,5.529141845703125e-05,2.2945569067233946e-05,123,0.0028223049952697753
10-238-01531,BIHAR,Jamui,Gidhaur,0,0,,198,10,1531,,55211.5633940527,100392309.18230554,5.54537971496582e-05,3.7571909405517576e-05,75,0.002817893205413818
10-236-01504,BIHAR,Gaya,Dobhi,0,0,,196,10,1504,,103572.88994215836,218837778.49499393,5.529141845703125e-05,4.899064126056174e-05,161,0.00788749324295044
10-236-01505,BIHAR,Gaya,Bodh Gaya,0,0,,196,10,1505,,120948.91182130505,306843965.9119923,5.529141845703125e-05,3.2168320089589e-05,230,0.007398713620605469
10-236-01506,BIHAR,Gaya,Tan Kuppa,0,0,,196,10,1506,,108147.94853451202,190099968.23000297,5.529141845703125e-05,2.8937472834800604e-05,134,0.003877621359863281
10-240-01542,BIHAR,Arwal,Arwal,0,0,,611,10,1542,,73924.8054791393,147787869.27798152,0.00010586396606445314,8.160109902601976e-05,104,0.008486514298706055
10-236-01507,BIHAR,Gaya,Wazirganj,0,0,,196,10,1507,,105472.06999302967,323030583.61833626,3.022054443359375e-05,2.7973248446189753e-05,236,0.0066016866333007814
10-236-01508,BIHAR,Gaya,Fatehpur,0,0,,196,10,1508,,155359.44599717355,408449805.62920874,5.014091165542602e-05,2.4701757917466915e-05,304,0.007509334406909943
10-240-01543,BIHAR,Arwal,Kaler,0,0,,611,10,1543,,67777.19153730445,176075758.749563,0.00010586396606445314,9.883915809165433e-05,131,0.012947929710006717
10-236-01509,BIHAR,Gaya,Mohanpur,0,0,,196,10,1509,,119906.24818546322,418796109.2883684,5.529141845703125e-05,4.0742165035839524e-05,303,0.012344876005859375
10-240-01544,BIHAR,Arwal,Karpi,0,0,,611,10,1544,,158139.92638461498,234985661.7206014,0.00010586396606445314,7.067975126998369e-05,172,0.012156917218437195
10-236-01510,BIHAR,Gaya,Barachatti,0,0,,196,10,1510,,138753.78132836288,366328956.31361085,5.529141845703125e-05,5.2384014266690346e-05,275,0.014405603923339845
10-237-01513,BIHAR,Nawada,Warisaliganj,0,0,,210,10,1513,,109792.76918459819,202861050.3008767,1.8472026357650758e-05,1.2278100282383615e-05,147,0.0018048807415103915
10-237-01514,BIHAR,Nawada,Kashi Chak,0,0,,210,10,1514,,73948.94452619922,98983451.20841853,8.575209693908693e-06,8.575209693908693e-06,72,0.0006174150979614259
10-237-01515,BIHAR,Nawada,Pakribarawan,0,0,,210,10,1515,,104545.76938151139,251834567.85717744,8.575209693908693e-06,8.575209693908693e-06,184,0.0015778385836791994
10-237-01516,BIHAR,Nawada,Kawakol,0,0,,210,10,1516,,121170.20018263235,362955647.76482904,2.5377581915855408e-05,1.4733316640898698e-05,266,0.0039190622264790535
10-237-01518,BIHAR,Nawada,Gobindpur,0,0,,210,10,1518,,73133.35659787485,188189390.13263756,4.65758212184906e-05,3.1131389726570674e-05,140,0.004358394561719894
10-237-01519,BIHAR,Nawada,Akbarpur,0,0,,210,10,1519,,91268.2921062847,249541236.96202633,4.65758212184906e-05,4.65758212184906e-05,184,0.008569951104202271
10-237-01520,BIHAR,Nawada,Hisua,0,0,,210,10,1520,,85113.4923130193,144090762.99664384,4.65758212184906e-05,3.482212605146261e-05,104,0.0036215011093521116
10-237-01521,BIHAR,Nawada,Narhat,0,0,,210,10,1521,,62856.50481924386,99624005.77002536,4.65758212184906e-05,4.65758212184906e-05,69,0.0032137316640758517
10-237-01522,BIHAR,Nawada,Meskaur,0,0,,210,10,1522,,75185.00287586387,145604023.18435815,4.65758212184906e-05,3.313148114613124e-05,112,0.0037107258883666994
10-237-01523,BIHAR,Nawada,Sirdala,0,0,,210,10,1523,,111278.51695598938,301894539.186342,5.014091165542602e-05,3.837073251151164e-05,218,0.008364819687509538
10-237-01524,BIHAR,Nawada,Rajauli,0,0,,210,10,1524,,132370.86211000624,450216393.36794454,5.014091165542602e-05,4.619086015200113e-05,333,0.015381556430616377
10-238-01525,BIHAR,Jamui,Islamnagar Aliganj,0,0,,198,10,1525,,96153.77396855215,213408239.47295904,1.1028434691429138e-05,6.209284593806817e-06,156,0.0009686483966338635
10-238-01526,BIHAR,Jamui,Sikandra,0,0,,198,10,1526,,86788.2538333537,223096734.30010977,5.54537971496582e-05,7.131355424766187e-06,162,0.0011552795788121223
10-238-01527,BIHAR,Jamui,Jamui,0,0,,198,10,1527,,90084.78430112793,212157753.6648698,2.274302688598633e-05,2.2520912330758186e-05,155,0.003490741411267519
10-238-01528,BIHAR,Jamui,Barhat,0,0,,198,10,1528,,114104.37581341481,270298087.1382075,2.274302688598633e-05,1.893328126549116e-05,197,0.0037298564093017584
10-238-01529,BIHAR,Jamui,Lakshmipur,0,0,,198,10,1529,,112147.89260238525,307635253.00857943,2.274302688598633e-05,6.0648071695963535e-06,225,0.0013645816131591796
10-238-01530,BIHAR,Jamui,Jhajha,0,0,,198,10,1530,,147664.43327942316,507112726.974952,5.54537971496582e-05,3.4408697322123757e-05,370,0.01273121800918579
10-238-01532,BIHAR,Jamui,Khaira,0,0,,198,10,1532,,142747.05687020053,513762691.7981683,5.54537971496582e-05,3.5616371305539056e-05,377,0.013427371982188224
10-238-01533,BIHAR,Jamui,Sono,0,0,,198,10,1533,,117724.39892386932,474283005.7300444,5.54537971496582e-05,5.194107378066097e-05,349,0.01812743474945068
10-238-01534,BIHAR,Jamui,Chakai,0,0,,198,10,1534,,243956.2217086091,956725034.6798706,5.54537971496582e-05,1.561746118645668e-05,700,0.010932222830519676
10-239-01535,BIHAR,Jehanabad,Ratni Faridpur,0,0,,199,10,1535,,82762.53932271499,155018952.20303965,7.309334045410157e-05,5.767335834168551e-05,114,0.006574762850952148
10-239-01536,BIHAR,Jehanabad,Jehanabad,0,0,,199,10,1536,,97254.09844747804,201426556.69272655,5.58265625e-05,5.5826562500000006e-05,148,0.008262331250000001
10-239-01537,BIHAR,Jehanabad,Kako,0,0,,199,10,1537,,83599.3529020472,162373941.78194478,5.58265625e-05,5.5826562500000006e-05,118,0.006587534375000001
10-239-01538,BIHAR,Jehanabad,Modanganj,0,0,,199,10,1538,,66522.90037500951,97205276.85869928,5.58265625e-05,2.090662371455759e-05,69,0.0014425570363044739
10-239-01539,BIHAR,Jehanabad,Ghoshi,0,0,,199,10,1539,,82931.95174196921,112225161.55433495,5.58265625e-05,4.0511963899451574e-05,83,0.0033624930036544806
10-239-01540,BIHAR,Jehanabad,Makhdumpur,0,0,,199,10,1540,,128831.72570768485,301471679.33572614,5.58265625e-05,3.715352283671155e-05,217,0.008062314455566407
10-239-01541,BIHAR,Jehanabad,Hulasganj,0,0,,199,10,1541,,87179.53907708311,119677697.18988888,5.58265625e-05,2.652508418634203e-05,90,0.002387257576770783
10-240-01545,BIHAR,Arwal,Sonbhadra Banshi Suryapur,0,0,,611,10,1545,,62692.97791397586,116643000.97724338,7.309334045410157e-05,4.930135945147779e-05,83,0.004092012834472657
10-240-01546,BIHAR,Arwal,Kurtha,0,0,,611,10,1546,,71585.17106640573,106433073.5354984,7.309334045410157e-05,5.701898617475462e-05,78,0.00444748092163086
10-224-01334,BIHAR,Bhagalpur,Gopalpur,0,0,,192,10,1334,,95407.9186210158,208941966.91883087,0.0,0.0,153,0.0
10-210-01127,BIHAR,Kishanganj,Kishanganj,0,0,,203,10,1127,,125268.33771117091,207105687.55921903,0.0,0.0,152,0.0
