object_id,stname,dtname,sdtname,st_area_sh,st_length_,remarks,dist_lgd,state_lgd,subdt_lgd,ac_no,st_length(shape),st_area(shape),max,mean,count,sum
10-206-01064,BIHAR,Sitamarhi,Suppi,0.0,0.0,,221,10,1064,,71084.15120823232,92250451.53846286,0.0,0.0,68,0.0
10-234-01463,BIHAR,Rohtas,Nasriganj,0.0,0.0,,215,10,1463,,90034.07903274363,167356919.18355417,0.0,0.0,124,0.0
10-234-01464,BIHAR,Rohtas,Rajpur,0.0,0.0,,215,10,1464,,68660.48684625747,85633596.4997788,0.0,0.0,66,0.0
10-234-01465,BIHAR,Rohtas,Sanjhauli,0.0,0.0,,215,10,1465,,56591.722358052,83833486.39015438,0.0,0.0,62,0.0
10-203-01023,BIHAR,Pashchim Champaran,Thakrahan,0.0,0.0,,211,10,1023,,79847.09402015881,199004696.79409248,0.0,0.0,145,0.0
10-204-01054,BIHAR,Purbi Champaran,Phenhara,0.0,0.0,,213,10,1054,,44565.43736457999,67645025.94776015,0.0,0.0,51,0.0
10-219-01262,BIHAR,Saran,Maker,0.0,0.0,,218,10,1262,,62357.8736467211,96585777.9808088,0.0,0.0,68,0.0
10-220-01282,BIHAR,Vaishali,Sahdai Buzurg,0.0,0.0,,224,10,1282,,74546.65030748869,114161677.3631406,0.0,0.0,83,0.0
10-229-01388,BIHAR,Nalanda,Tharthari,0.0,0.0,,209,10,1388,,71853.42144919158,77411758.12428828,0.0,0.0,56,0.0
10-229-01389,BIHAR,Nalanda,Parbalpur,0.0,0.0,,209,10,1389,,54466.2339431045,76043839.88376136,0.0,0.0,57,0.0
10-203-01022,BIHAR,Pashchim Champaran,Bhitaha,0.0,0.0,,211,10,1022,,72626.86760213553,166969906.7472905,0.0,0.0,122,0.0
10-203-01013,BIHAR,Pashchim Champaran,Sidhaw,0.0,0.0,,211,10,1013,,195582.3602130639,1085337194.6715722,0.002100503659248352,0.0008446897388270705,778,0.6571686168074609
10-203-01014,BIHAR,Pashchim Champaran,Ramnagar,0.0,0.0,,211,10,1014,,230865.78384139363,866139404.2451236,0.002100503659248352,0.0004297565599441528,625,0.2685978499650955
10-203-01015,BIHAR,Pashchim Champaran,Gaunaha,0.0,0.0,,211,10,1015,,136504.94021895694,605322845.3823951,0.0,0.0,436,0.0
10-203-01016,BIHAR,Pashchim Champaran,Mainatanr,0.0,0.0,,211,10,1016,,115419.13930249632,312998546.4010918,0.0,0.0,224,0.0
10-203-01017,BIHAR,Pashchim Champaran,Narkatiaganj,0.0,0.0,,211,10,1017,,149144.20649331805,441857686.2127825,0.0,0.0,316,0.0
10-203-01018,BIHAR,Pashchim Champaran,Lauriya,0.0,0.0,,211,10,1018,,120853.32018665274,255440417.54612216,0.0,0.0,183,0.0
10-203-01019,BIHAR,Pashchim Champaran,Bagaha,0.0,0.0,,211,10,1019,,135587.24079810514,491292931.53180623,0.000734999430179596,4.1999967438834056e-06,350,0.001469998860359192
10-203-01021,BIHAR,Pashchim Champaran,Madhubani,0.0,0.0,,211,10,1021,,144670.82201821523,386116138.1353823,0.000734999430179596,8.460425095592472e-05,278,0.023519981765747072
10-203-01024,BIHAR,Pashchim Champaran,Jogapatti,0.0,0.0,,211,10,1024,,88530.23644360513,258722436.3759333,0.0,0.0,186,0.0
10-203-01029,BIHAR,Pashchim Champaran,Bairia,0.0,0.0,,211,10,1029,,105039.82861382668,288505226.87341565,0.0,0.0,209,0.0
10-203-01025,BIHAR,Pashchim Champaran,Chanpatia,0.0,0.0,,211,10,1025,,113543.7602983494,310017349.34780717,0.0,0.0,220,0.0
10-206-01071,BIHAR,Sitamarhi,Parsauni,0.0,0.0,,221,10,1071,,63729.135625112256,74724139.64418457,0.0,0.0,55,0.0
10-203-01026,BIHAR,Pashchim Champaran,Sikta,0.0,0.0,,211,10,1026,,93443.22825707054,255004178.86147365,0.0,0.0,185,0.0
10-203-01027,BIHAR,Pashchim Champaran,Majhaulia,0.0,0.0,,211,10,1027,,123374.4030721297,371511179.15939575,0.0,0.0,269,0.0
10-203-01028,BIHAR,Pashchim Champaran,Bettiah,0.0,0.0,,211,10,1028,,53968.26030594324,83182055.35378212,0.0,0.0,60,0.0
10-203-01030,BIHAR,Pashchim Champaran,Nautan,0.0,0.0,,211,10,1030,,122656.63983711715,245738630.13883996,0.0,0.0,178,0.0
10-204-01031,BIHAR,Purbi Champaran,Raxaul,0.0,0.0,,213,10,1031,,98709.78801801558,166685360.13968688,0.0,0.0,120,0.0
10-206-01072,BIHAR,Sitamarhi,Belsand,0.0,0.0,,221,10,1072,,66235.5873217276,97354060.86547032,0.0,0.0,71,0.0
10-206-01073,BIHAR,Sitamarhi,Runisaidpur,0.0,0.0,,221,10,1073,,152472.54206325076,334873257.0825382,0.0,0.0,239,0.0
10-204-01032,BIHAR,Purbi Champaran,Adapur,0.0,0.0,,213,10,1032,,94532.37688292323,199608924.7111849,0.0,0.0,147,0.0
10-206-01074,BIHAR,Sitamarhi,Dumra,0.0,0.0,,221,10,1074,,111649.34177378344,241159212.36062923,0.0,0.0,172,0.0
10-204-01033,BIHAR,Purbi Champaran,Ramgarhwa,0.0,0.0,,213,10,1033,,90718.26831189607,213035907.5226096,0.0,0.0,153,0.0
10-204-01034,BIHAR,Purbi Champaran,Sugauli,0.0,0.0,,213,10,1034,,84892.41923436844,209336830.19001696,0.0,0.0,150,0.0
10-204-01038,BIHAR,Purbi Champaran,Ghorasahan,0.0,0.0,,213,10,1038,,75335.10865687576,144368243.47105,0.0,0.0,104,0.0
10-204-01035,BIHAR,Purbi Champaran,Banjaria,0.0,0.0,,213,10,1035,,102381.40449613356,176960195.87167916,0.0,0.0,127,0.0
10-204-01047,BIHAR,Purbi Champaran,Kesaria,0.0,0.0,,213,10,1047,,87546.8206889307,229535442.11688668,0.0,0.0,168,0.0
10-204-01036,BIHAR,Purbi Champaran,Narkatia,0.0,0.0,,213,10,1036,,105607.09704406632,168338010.30978012,0.0,0.0,118,0.0
10-204-01037,BIHAR,Purbi Champaran,Bankatwa,0.0,0.0,,213,10,1037,,99233.37216886049,115311013.90225838,0.0,0.0,87,0.0
10-204-01039,BIHAR,Purbi Champaran,Dhaka,0.0,0.0,,213,10,1039,,97673.73467814895,202386545.86227983,0.0,0.0,148,0.0
10-204-01048,BIHAR,Purbi Champaran,Kalyanpur,0.0,0.0,,213,10,1048,,109413.20044555076,313300912.50613195,0.0,0.0,229,0.0
10-204-01040,BIHAR,Purbi Champaran,Chiraia,0.0,0.0,,213,10,1040,,110764.71696779084,272984575.32652414,0.0,0.0,194,0.0
10-204-01041,BIHAR,Purbi Champaran,Motihari,0.0,0.0,,213,10,1041,,181544.26702654368,319814691.13850176,0.0,0.0,239,0.0
10-204-01049,BIHAR,Purbi Champaran,Kotwa,0.0,0.0,,213,10,1049,,78879.98205471091,178282937.71225017,0.0,0.0,130,0.0
10-204-01042,BIHAR,Purbi Champaran,Turkaulia,0.0,0.0,,213,10,1042,,99475.78497366334,174748315.94966665,0.0,0.0,126,0.0
10-204-01050,BIHAR,Purbi Champaran,Piprakothi,0.0,0.0,,213,10,1050,,58369.33889310607,62223774.49301849,0.0,0.0,43,0.0
10-204-01043,BIHAR,Purbi Champaran,Harsidhi,0.0,0.0,,213,10,1043,,133904.34238337883,240218359.62130272,0.0,0.0,171,0.0
10-204-01044,BIHAR,Purbi Champaran,Paharpur,0.0,0.0,,213,10,1044,,108730.62076802726,192061375.0173064,0.0,0.0,139,0.0
10-204-01045,BIHAR,Purbi Champaran,Areraj,0.0,0.0,,213,10,1045,,93331.67353690567,242725576.26244012,0.0,0.0,176,0.0
10-204-01046,BIHAR,Purbi Champaran,Sangrampur,0.0,0.0,,213,10,1046,,78133.67961210197,187659878.02718252,0.0,0.0,136,0.0
10-204-01051,BIHAR,Purbi Champaran,Chakia(Pipra),0.0,0.0,,213,10,1051,,129110.66914194856,212940547.80779588,0.0,0.0,152,0.0
10-204-01052,BIHAR,Purbi Champaran,Pakri Dayal,0.0,0.0,,213,10,1052,,90143.40730437863,148110040.62869397,0.0,0.0,110,0.0
10-204-01053,BIHAR,Purbi Champaran,Patahi,0.0,0.0,,213,10,1053,,85994.51677214028,144960443.14880535,0.0,0.0,102,0.0
10-204-01055,BIHAR,Purbi Champaran,Madhuban,0.0,0.0,,213,10,1055,,112681.00006095257,152424272.44650427,0.0,0.0,108,0.0
10-204-01056,BIHAR,Purbi Champaran,Tetaria,0.0,0.0,,213,10,1056,,82320.72754353678,104458405.63845472,0.0,0.0,77,0.0
10-205-01058,BIHAR,Sheohar,Purnahiya,0.0,0.0,,220,10,1058,,57294.126150412616,80859097.14068061,0.0,0.0,57,0.0
10-204-01057,BIHAR,Purbi Champaran,Mehsi,0.0,0.0,,213,10,1057,,125063.78039343117,149773808.08158112,0.0,0.0,111,0.0
10-205-01059,BIHAR,Sheohar,Piprarhi,0.0,0.0,,220,10,1059,,105870.45511307275,104265216.9562483,0.0,0.0,74,0.0
10-205-01060,BIHAR,Sheohar,Sheohar,0.0,0.0,,220,10,1060,,81007.5322908237,115638983.35873616,0.0,0.0,80,0.0
10-205-01061,BIHAR,Sheohar,Dumri Katsari,0.0,0.0,,220,10,1061,,65038.65439014734,84655470.24819931,0.0,0.0,63,0.0
10-205-01062,BIHAR,Sheohar,Tariani Chowk,0.0,0.0,,220,10,1062,,97491.22869259815,171878914.60720828,0.0,0.0,126,0.0
10-206-01063,BIHAR,Sitamarhi,Bairgania,0.0,0.0,,221,10,1063,,59598.621146511534,94417571.99630062,0.0,0.0,67,0.0
10-206-01065,BIHAR,Sitamarhi,Majorganj,0.0,0.0,,221,10,1065,,62808.55729710282,95411217.42446172,0.0,0.0,64,0.0
10-206-01066,BIHAR,Sitamarhi,Sonbarsa,0.0,0.0,,221,10,1066,,92820.94699371175,224104085.6083578,0.0,0.0,159,0.0
10-206-01067,BIHAR,Sitamarhi,Parihar,0.0,0.0,,221,10,1067,,86838.20299610356,272812569.4060281,0.0,0.0,196,0.0
10-207-01095,BIHAR,Madhubani,Rajnagar,0.0,0.0,,206,10,1095,,78809.12744912357,223111125.2667772,2.0549437403678896e-05,1.1072538052656637e-05,161,0.0017826786264777184
10-206-01068,BIHAR,Sitamarhi,Sursand,0.0,0.0,,221,10,1068,,91215.71647520129,181412871.1123928,0.0,0.0,130,0.0
10-206-01069,BIHAR,Sitamarhi,Bathnaha,0.0,0.0,,221,10,1069,,120764.04051803834,251403523.12922087,0.0,0.0,189,0.0
10-206-01070,BIHAR,Sitamarhi,Riga,0.0,0.0,,221,10,1070,,129433.73210860479,163724219.02092636,0.0,0.0,121,0.0
10-210-01123,BIHAR,Kishanganj,Thakurganj,0.0,0.0,,203,10,1123,,224971.2940646554,491161543.46963537,0.002561595439910889,0.0008397516731388314,363,0.30482985734939577
10-210-01124,BIHAR,Kishanganj,Pothia,0.0,0.0,,203,10,1124,,167388.9118766352,443844792.4531903,0.002561595439910889,0.0009623343388239544,315,0.30313531672954563
10-210-01125,BIHAR,Kishanganj,Bahadurganj,0.0,0.0,,203,10,1125,,155296.13881782343,347494200.8377232,0.0,0.0,255,0.0
10-210-01126,BIHAR,Kishanganj,Kochadhamin,0.0,0.0,,203,10,1126,,139640.52665725534,360840233.8364798,0.0,0.0,261,0.0
10-211-01128,BIHAR,Purnia,Banmankhi,0.0,0.0,,214,10,1128,,142815.61519736593,459936087.34673214,0.0,0.0,334,0.0
10-206-01075,BIHAR,Sitamarhi,Bajpatti,0.0,0.0,,221,10,1075,,90407.29439213518,174303329.1783474,0.0,0.0,123,0.0
10-206-01076,BIHAR,Sitamarhi,Charaut,0.0,0.0,,221,10,1076,,85128.15752493152,91349700.81924292,0.0,0.0,68,0.0
10-206-01077,BIHAR,Sitamarhi,Pupri,0.0,0.0,,221,10,1077,,73992.24203369493,115338203.66308306,0.0,0.0,81,0.0
10-206-01078,BIHAR,Sitamarhi,Nanpur,0.0,0.0,,221,10,1078,,73315.01223618646,135892566.9983101,0.0,0.0,96,0.0
10-220-01283,BIHAR,Vaishali,Mahnar,0.0,0.0,,224,10,1283,,81638.1139853176,126474580.44313861,0.0,0.0,94,0.0
10-206-01079,BIHAR,Sitamarhi,Bokhara,0.0,0.0,,221,10,1079,,81978.13188098712,108574895.39827529,0.0,0.0,79,0.0
10-207-01080,BIHAR,Madhubani,Madhwapur,0.0,0.0,,206,10,1080,,88808.76172423853,137557654.90878707,0.0,0.0,98,0.0
10-207-01081,BIHAR,Madhubani,Harlakhi,0.0,0.0,,206,10,1081,,90217.76640094945,187441757.00046396,0.0,0.0,137,0.0
10-207-01082,BIHAR,Madhubani,Basopatti,0.0,0.0,,206,10,1082,,97634.90682970545,164238774.4639331,0.0,0.0,119,0.0
10-207-01089,BIHAR,Madhubani,Khajauli,0.0,0.0,,206,10,1089,,91171.28062794723,150968724.81279027,1.078866794705391e-05,8.611138636639359e-06,109,0.0009386141113936901
10-207-01083,BIHAR,Madhubani,Jainagar,0.0,0.0,,206,10,1083,,81489.61423509955,161880108.8306139,1.078866794705391e-05,6.270336926492871e-06,117,0.0007336294203996659
10-207-01090,BIHAR,Madhubani,Kaluahi,0.0,0.0,,206,10,1090,,62305.281593423286,101560283.08963235,1.078866794705391e-05,1.4195615719807777e-07,76,1.078866794705391e-05
10-207-01084,BIHAR,Madhubani,Ladania,0.0,0.0,,206,10,1084,,97928.14946240213,232665607.5684243,1.078866794705391e-05,1.013874819120729e-05,166,0.00168303219974041
10-207-01085,BIHAR,Madhubani,Laukaha,0.0,0.0,,206,10,1085,,102032.19667129294,266340932.00179368,0.0,0.0,193,0.0
10-207-01086,BIHAR,Madhubani,Laukahi,0.0,0.0,,206,10,1086,,109679.24973352649,329223432.564553,2.612884044647217e-05,3.968937789337545e-06,237,0.0009406382560729981
10-207-01087,BIHAR,Madhubani,Phulparas,0.0,0.0,,206,10,1087,,117974.41186319289,199352334.8677591,2.612884044647217e-05,1.2004625776859178e-05,146,0.00175267536342144
10-207-01088,BIHAR,Madhubani,Babubarhi,0.0,0.0,,206,10,1088,,118996.04641992833,237192379.86086744,1.078866794705391e-05,9.541423097683517e-06,173,0.0016506661958992483
10-207-01091,BIHAR,Madhubani,Benipatti,0.0,0.0,,206,10,1091,,128414.2409747215,328987645.9449377,0.0,0.0,232,0.0
10-207-01092,BIHAR,Madhubani,Bisfi,0.0,0.0,,206,10,1092,,99754.46134559005,226192948.413646,0.0,0.0,163,0.0
10-207-01093,BIHAR,Madhubani,Madhubani,0.0,0.0,,206,10,1093,,109764.71764889831,200359220.56727448,0.0,0.0,141,0.0
10-207-01094,BIHAR,Madhubani,Pandaul,0.0,0.0,,206,10,1094,,102372.75527307783,208327489.63825428,2.0549437403678896e-05,9.315744956334433e-06,150,0.0013973617434501649
10-207-01096,BIHAR,Madhubani,Andhratharhi,0.0,0.0,,206,10,1096,,97300.5167595078,186769445.10608673,2.0549437403678896e-05,1.627884538460324e-05,131,0.0021325287453830243
10-207-01097,BIHAR,Madhubani,Jhanjharpur,0.0,0.0,,206,10,1097,,125261.96837896874,181284371.95402232,2.612884044647217e-05,2.071980085536724e-05,131,0.0027142939120531084
10-207-01098,BIHAR,Madhubani,Ghoghardiha,0.0,0.0,,206,10,1098,,114215.40677637524,211228851.4219488,2.612884044647217e-05,2.612884044647217e-05,154,0.004023841428756714
10-207-01099,BIHAR,Madhubani,Lakhnaur,0.0,0.0,,206,10,1099,,72956.74167609161,146945623.14022,2.612884044647217e-05,2.1056655862114648e-05,110,0.0023162321448326113
10-207-01100,BIHAR,Madhubani,Madhepur,0.0,0.0,,206,10,1100,,144505.38034518834,300452948.5687113,8.904508948326112e-05,2.4007033152239664e-05,210,0.005041476961970329
10-208-01101,BIHAR,Supaul,Nirmali,0.0,0.0,,223,10,1101,,123310.21889922836,162734364.67066902,2.612884044647217e-05,3.5731747619107237e-06,117,0.00041806144714355467
10-208-01102,BIHAR,Supaul,Basantpur,0.0,0.0,,223,10,1102,,136288.63693043106,319456339.75100917,0.0,0.0,231,0.0
10-208-01103,BIHAR,Supaul,Chhatapur,0.0,0.0,,223,10,1103,,142271.17176584958,398825687.2446475,0.0,0.0,289,0.0
10-208-01104,BIHAR,Supaul,Pratapganj,0.0,0.0,,223,10,1104,,71155.69013184242,133032565.19323792,0.0,0.0,98,0.0
10-208-01105,BIHAR,Supaul,Raghopur,0.0,0.0,,223,10,1105,,111831.20983491397,255841046.48838165,0.0,0.0,183,0.0
10-221-01285,BIHAR,Samastipur,Warisnagar,0.0,0.0,,217,10,1285,,90241.30323013186,163846086.5162723,1.350274533033371e-05,6.2407646484735635e-06,119,0.0007426509931683541
10-208-01106,BIHAR,Supaul,Saraigarh Bhaptiyahi,0.0,0.0,,223,10,1106,,105489.5116383213,257042943.27229512,0.0,0.0,186,0.0
10-208-01107,BIHAR,Supaul,Kishanpur,0.0,0.0,,223,10,1107,,125516.73810076228,248613546.3002807,2.612884044647217e-05,8.414372347169003e-06,177,0.0014893439054489137
10-208-01108,BIHAR,Supaul,Marauna,0.0,0.0,,223,10,1108,,114969.59778192453,206419565.01179272,2.612884044647217e-05,2.612884044647217e-05,154,0.004023841428756714
10-208-01109,BIHAR,Supaul,Supaul,0.0,0.0,,223,10,1109,,122628.008173687,390920691.5720901,2.612884044647217e-05,3.345214866849378e-06,289,0.0009667670965194703
10-208-01110,BIHAR,Supaul,Pipra,0.0,0.0,,223,10,1110,,113516.78657800167,247320462.25611627,0.0,0.0,180,0.0
10-221-01287,BIHAR,Samastipur,Khanpur,0.0,0.0,,217,10,1287,,89337.20668890505,173313349.37261373,1.350274533033371e-05,4.393750464632398e-06,126,0.0005536125585436822
10-208-01111,BIHAR,Supaul,Tribeniganj,0.0,0.0,,223,10,1111,,136684.8917573132,402291551.99740016,0.0,0.0,290,0.0
10-209-01112,BIHAR,Araria,Narpatganj,0.0,0.0,,188,10,1112,,196352.82868709194,482872068.7863751,0.0,0.0,347,0.0
10-209-01113,BIHAR,Araria,Forbesganj,0.0,0.0,,188,10,1113,,165874.55860340688,546946456.996027,0.0,0.0,398,0.0
10-209-01114,BIHAR,Araria,Bhargama,0.0,0.0,,188,10,1114,,140909.75235341018,280499778.1128878,0.0,0.0,204,0.0
10-209-01115,BIHAR,Araria,Raniganj,0.0,0.0,,188,10,1115,,160625.61646677545,576910744.770993,0.0,0.0,420,0.0
10-209-01116,BIHAR,Araria,Araria,0.0,0.0,,188,10,1116,,192057.15187743204,506918787.2643526,0.0,0.0,363,0.0
10-209-01117,BIHAR,Araria,Kursakatta,0.0,0.0,,188,10,1117,,96566.38525637137,201032230.408231,0.0,0.0,146,0.0
10-209-01118,BIHAR,Araria,Sikti,0.0,0.0,,188,10,1118,,116798.35346995249,237753016.2819182,0.0,0.0,176,0.0
10-209-01119,BIHAR,Araria,Palasi,0.0,0.0,,188,10,1119,,132578.70192307016,306240761.34804773,0.0,0.0,220,0.0
10-209-01120,BIHAR,Araria,Jokihat,0.0,0.0,,188,10,1120,,155370.9524619173,341005127.7602247,0.0,0.0,245,0.0
10-210-01121,BIHAR,Kishanganj,Terhagachh,0.0,0.0,,203,10,1121,,121953.02658094271,245208326.38245347,0.0,0.0,178,0.0
10-210-01122,BIHAR,Kishanganj,Dighalbank,0.0,0.0,,203,10,1122,,147432.83262190674,314385668.4331173,0.0,0.0,223,0.0
10-211-01129,BIHAR,Purnia,Barhara,0.0,0.0,,214,10,1129,,111073.17449432175,288009141.38478667,0.0,0.0,209,0.0
10-211-01130,BIHAR,Purnia,Bhawanipur,0.0,0.0,,214,10,1130,,116656.34435182877,201938838.4795833,0.0,0.0,147,0.0
10-211-01131,BIHAR,Purnia,Rupauli,0.0,0.0,,214,10,1131,,113946.660566684,308195114.8462847,0.0,0.0,225,0.0
10-211-01132,BIHAR,Purnia,Dhamdaha,0.0,0.0,,214,10,1132,,135370.01293426772,446856166.039676,0.0,0.0,328,0.0
10-211-01133,BIHAR,Purnia,Krityanand Nagar,0.0,0.0,,214,10,1133,,149407.41850079046,364443041.21247435,0.0,0.0,265,0.0
10-211-01134,BIHAR,Purnia,Purnia East,0.0,0.0,,214,10,1134,,127662.13358515713,309272824.56310594,0.0,0.0,228,0.0
10-211-01135,BIHAR,Purnia,Kasba,0.0,0.0,,214,10,1135,,130095.64608516233,215123054.3424731,0.0,0.0,157,0.0
10-211-01136,BIHAR,Purnia,Srinagar,0.0,0.0,,214,10,1136,,106220.57404900706,172405807.6412187,0.0,0.0,127,0.0
10-211-01137,BIHAR,Purnia,Jalalgarh,0.0,0.0,,214,10,1137,,87146.39992638786,142107808.6772385,0.0,0.0,99,0.0
10-211-01138,BIHAR,Purnia,Amour,0.0,0.0,,214,10,1138,,141371.93624621196,307011870.96961224,0.0,0.0,226,0.0
10-211-01139,BIHAR,Purnia,Baisa,0.0,0.0,,214,10,1139,,132173.35304950457,275191667.549805,0.0,0.0,197,0.0
10-211-01140,BIHAR,Purnia,Baisi,0.0,0.0,,214,10,1140,,118169.54825440844,253873549.02719215,0.0,0.0,187,0.0
10-211-01141,BIHAR,Purnia,Dagarua,0.0,0.0,,214,10,1141,,129309.28146976323,257465778.6329552,0.0,0.0,184,0.0
10-212-01142,BIHAR,Katihar,Falka,0.0,0.0,,201,10,1142,,100518.70580952488,208374539.8829749,0.0,0.0,151,0.0
10-212-01143,BIHAR,Katihar,Korha,0.0,0.0,,201,10,1143,,137118.64195203967,368801327.90483874,0.0,0.0,271,0.0
10-212-01144,BIHAR,Katihar,Hasanganj,0.0,0.0,,201,10,1144,,78227.29832785497,86155111.41022065,0.0,0.0,60,0.0
10-212-01145,BIHAR,Katihar,Kadwa,0.0,0.0,,201,10,1145,,157692.68144088247,420129854.10490626,0.0,0.0,303,0.0
10-212-01146,BIHAR,Katihar,Balrampur,0.0,0.0,,201,10,1146,,141815.18317465586,216253207.31133217,0.0,0.0,157,0.0
10-212-01147,BIHAR,Katihar,Barsoi,0.0,0.0,,201,10,1147,,172308.8160052511,357713388.6445612,0.0,0.0,265,0.0
10-212-01148,BIHAR,Katihar,Azamnagar,0.0,0.0,,201,10,1148,,141791.77759222616,349759708.1212404,0.0,0.0,251,0.0
10-221-01290,BIHAR,Samastipur,Tajpur,0.0,0.0,,217,10,1290,,57166.77792153786,83856612.1105223,0.0,0.0,61,0.0
10-212-01149,BIHAR,Katihar,Pranpur,0.0,0.0,,201,10,1149,,111803.70370561493,191475637.62126103,0.0,0.0,135,0.0
10-212-01150,BIHAR,Katihar,Dandkhora,0.0,0.0,,201,10,1150,,70987.07501110679,111201189.06340708,0.0,0.0,81,0.0
10-212-01151,BIHAR,Katihar,Katihar,0.0,0.0,,201,10,1151,,76845.81968857624,136830037.77828172,0.0,0.0,102,0.0
10-212-01152,BIHAR,Katihar,Mansahi,0.0,0.0,,201,10,1152,,73279.06289841712,97405011.1871763,0.0,0.0,71,0.0
10-212-01155,BIHAR,Katihar,Kursela,0.0,0.0,,201,10,1155,,80348.39413748268,153683091.52761996,0.0,0.0,116,0.0
10-212-01153,BIHAR,Katihar,Barari,0.0,0.0,,201,10,1153,,107333.93297446336,407446973.1478653,0.0,0.0,295,0.0
10-212-01154,BIHAR,Katihar,Sameli,0.0,0.0,,201,10,1154,,75105.36277909,118027198.2496544,0.0,0.0,83,0.0
10-212-01156,BIHAR,Katihar,Manihari,0.0,0.0,,201,10,1156,,130162.81635074862,303859830.4099729,0.0,0.0,222,0.0
10-212-01157,BIHAR,Katihar,Amdabad,0.0,0.0,,201,10,1157,,103742.71814675455,228302986.79665467,0.0,0.0,169,0.0
10-213-01158,BIHAR,Madhepura,Gamharia,0.0,0.0,,205,10,1158,,80141.00377515821,125479849.27382244,0.0,0.0,93,0.0
10-213-01160,BIHAR,Madhepura,Ghailarh,0.0,0.0,,205,10,1160,,78865.70647224285,116219722.2388165,0.0,0.0,83,0.0
10-213-01159,BIHAR,Madhepura,Singheshwar,0.0,0.0,,205,10,1159,,111627.30849980874,111167268.35246354,0.0,0.0,80,0.0
10-216-01210,BIHAR,Muzaffarpur,Bandra,0.0,0.0,,208,10,1210,,74293.85759884378,142020443.31484023,0.0,0.0,105,0.0
10-213-01161,BIHAR,Madhepura,Madhepura,0.0,0.0,,205,10,1161,,115084.47931226583,237801277.85767865,0.0,0.0,173,0.0
10-213-01162,BIHAR,Madhepura,Shankarpur,0.0,0.0,,205,10,1162,,63984.56408470212,128790837.874554,0.0,0.0,93,0.0
10-213-01163,BIHAR,Madhepura,Kumarkhand,0.0,0.0,,205,10,1163,,118191.24796123093,316976886.68211347,0.0,0.0,230,0.0
10-213-01164,BIHAR,Madhepura,Murliganj,0.0,0.0,,205,10,1164,,94211.11378994165,247086114.21145928,0.0,0.0,180,0.0
10-221-01293,BIHAR,Samastipur,Mohanpur,0.0,0.0,,217,10,1293,,74468.46489139357,163000016.77407515,0.0,0.0,121,0.0
10-213-01165,BIHAR,Madhepura,Gwalpara,0.0,0.0,,205,10,1165,,78037.2495556277,147267353.58482873,0.0,0.0,108,0.0
10-214-01172,BIHAR,Saharsa,Satar Kataiya,0.0,0.0,,216,10,1172,,77878.75925155886,177382280.64763528,0.0,0.0,132,0.0
10-213-01166,BIHAR,Madhepura,Bihariganj,0.0,0.0,,205,10,1166,,79669.40805645821,133818744.70956944,0.0,0.0,97,0.0
10-216-01211,BIHAR,Muzaffarpur,Dholi (Moraul),0.0,0.0,,208,10,1211,,63030.361633940505,73298422.6275262,0.0,0.0,52,0.0
10-213-01167,BIHAR,Madhepura,Kishanganj,0.0,0.0,,205,10,1167,,99817.47531025465,188055937.5971522,0.0,0.0,135,0.0
10-216-01212,BIHAR,Muzaffarpur,Musahri,0.0,0.0,,208,10,1212,,211487.75457487197,365415439.5943066,0.0,0.0,262,0.0
10-213-01168,BIHAR,Madhepura,Puraini,0.0,0.0,,205,10,1168,,63416.842365887525,103114850.3546553,0.0,0.0,75,0.0
10-214-01174,BIHAR,Saharsa,Kahara,0.0,0.0,,216,10,1174,,81070.16203244023,176788302.3737116,0.0,0.0,132,0.0
10-213-01169,BIHAR,Madhepura,Alamnagar,0.0,0.0,,205,10,1169,,94357.42058114092,211989804.11375904,0.0,0.0,151,0.0
10-213-01170,BIHAR,Madhepura,Chausa,0.0,0.0,,205,10,1170,,87285.75133964,172516848.53860697,0.0,0.0,124,0.0
10-214-01171,BIHAR,Saharsa,Nauhatta,0.0,0.0,,216,10,1171,,93228.84620468391,212763144.21707585,0.0,0.0,151,0.0
10-217-01227,BIHAR,Gopalganj,Sidhwalia,0.0,0.0,,197,10,1227,,69457.48217743407,152022198.31601515,0.0,0.0,108,0.0
10-214-01173,BIHAR,Saharsa,Mahishi,0.0,0.0,,216,10,1173,,106372.46434789852,273075178.2794974,8.904508948326112e-05,8.219546721531795e-06,195,0.0016028116106987
10-214-01175,BIHAR,Saharsa,Saur Bazar,0.0,0.0,,216,10,1175,,88121.22998090234,233228921.9025612,0.0,0.0,169,0.0
10-214-01176,BIHAR,Saharsa,Patarghat,0.0,0.0,,216,10,1176,,67497.21582029684,149681422.04156074,0.0,0.0,104,0.0
10-214-01177,BIHAR,Saharsa,Sonbarsa,0.0,0.0,,216,10,1177,,90185.02153799882,263952116.041209,0.0,0.0,190,0.0
10-216-01199,BIHAR,Muzaffarpur,Sahebganj,0.0,0.0,,208,10,1199,,80060.99972290538,253055918.70266867,0.0,0.0,184,0.0
10-214-01178,BIHAR,Saharsa,Simri Bakhtiarpur,0.0,0.0,,216,10,1178,,119116.35548129058,266466354.66217396,0.0,0.0,190,0.0
10-214-01179,BIHAR,Saharsa,Salkhua,0.0,0.0,,216,10,1179,,82412.26684571667,221182533.93573853,0.0,0.0,162,0.0
10-214-01180,BIHAR,Saharsa,Banma Itahri,0.0,0.0,,216,10,1180,,54286.501575749484,92822449.4552088,0.0,0.0,70,0.0
10-215-01181,BIHAR,Darbhanga,Jale,0.0,0.0,,195,10,1181,,112473.57051363293,234172285.01568127,0.0,0.0,178,0.0
10-215-01182,BIHAR,Darbhanga,Singhwara,0.0,0.0,,195,10,1182,,121368.62688362494,223279889.67870736,0.0,0.0,156,0.0
10-215-01183,BIHAR,Darbhanga,Keotiranway,0.0,0.0,,195,10,1183,,89515.08566239705,180205403.4644349,0.0,0.0,130,0.0
10-215-01184,BIHAR,Darbhanga,Darbhanga,0.0,0.0,,195,10,1184,,131883.04966973627,240721362.1475316,0.0,0.0,176,0.0
10-215-01185,BIHAR,Darbhanga,Manigachhi,0.0,0.0,,195,10,1185,,96856.01003306538,158887287.31255177,2.0549437403678896e-05,1.4295260802559232e-05,115,0.0016439549922943118
10-215-01186,BIHAR,Darbhanga,Tardih,0.0,0.0,,195,10,1186,,96398.42232606321,109520018.96976715,8.904508948326112e-05,2.9967589564621454e-05,80,0.0023974071651697163
10-215-01187,BIHAR,Darbhanga,Alinagar,0.0,0.0,,195,10,1187,,105560.56246873255,146523357.5416611,8.904508948326112e-05,8.37761931694471e-05,104,0.008712724089622498
10-215-01188,BIHAR,Darbhanga,Benipur,0.0,0.0,,195,10,1188,,118482.30854716274,204643530.87647069,8.904508948326112e-05,4.7600022693475095e-05,150,0.007140003404021264
10-215-01189,BIHAR,Darbhanga,Bahadurpur,0.0,0.0,,195,10,1189,,155637.00049509996,221161760.4253616,1.350274533033371e-05,8.335027981687477e-06,162,0.0013502745330333712
10-215-01190,BIHAR,Darbhanga,Hanumannagar,0.0,0.0,,195,10,1190,,114393.83215098479,181536916.32106537,1.350274533033371e-05,6.280346665271494e-07,129,8.101647198200227e-05
10-215-01191,BIHAR,Darbhanga,Hayaghat,0.0,0.0,,195,10,1191,,66118.49929402806,108810529.75916524,1.350274533033371e-05,1.2699010489242418e-05,84,0.001066716881096363
10-215-01192,BIHAR,Darbhanga,Baheri,0.0,0.0,,195,10,1192,,128629.1579498372,271307286.95794886,8.904508948326112e-05,1.428556754953503e-05,193,0.0027571145370602606
10-215-01193,BIHAR,Darbhanga,Biraul,0.0,0.0,,195,10,1193,,135706.32971678255,230203939.26841983,8.904508948326112e-05,7.983260848900166e-05,164,0.013092547792196273
10-215-01194,BIHAR,Darbhanga,Ghanshyampur,0.0,0.0,,195,10,1194,,76766.91373126305,103945643.9979024,8.904508948326112e-05,8.64106413263541e-05,78,0.00674003002345562
10-215-01195,BIHAR,Darbhanga,Kiratpur,0.0,0.0,,195,10,1195,,78793.19278562842,78915927.53877336,8.904508948326112e-05,6.404997664585449e-05,57,0.0036508486688137057
10-215-01196,BIHAR,Darbhanga,Gora Bauram,0.0,0.0,,195,10,1196,,99804.03366816713,145653476.81698695,8.904508948326112e-05,8.821289238528672e-05,107,0.009438779485225679
10-215-01197,BIHAR,Darbhanga,Kusheshwar Asthan,0.0,0.0,,195,10,1197,,87220.16498537568,144130520.9401011,8.904508948326112e-05,1.815482406940275e-05,103,0.0018699468791484833
10-215-01198,BIHAR,Darbhanga,Kusheshwar Asthan Purbi,0.0,0.0,,195,10,1198,,91858.86035222423,150084285.43545517,0.0,0.0,112,0.0
10-216-01200,BIHAR,Muzaffarpur,Baruraj (Motipur),0.0,0.0,,208,10,1200,,125110.13599018812,365259305.4740948,0.0,0.0,263,0.0
10-216-01201,BIHAR,Muzaffarpur,Paroo,0.0,0.0,,208,10,1201,,136934.87791145188,413033977.3448192,0.0,0.0,300,0.0
10-216-01202,BIHAR,Muzaffarpur,Saraiya,0.0,0.0,,208,10,1202,,155820.80051537574,301402655.1404849,0.0,0.0,218,0.0
10-216-01203,BIHAR,Muzaffarpur,Marwan,0.0,0.0,,208,10,1203,,84959.92762229654,138736310.53842777,0.0,0.0,100,0.0
10-216-01204,BIHAR,Muzaffarpur,Kanti,0.0,0.0,,208,10,1204,,97122.90469976026,124757584.36625764,0.0,0.0,92,0.0
10-216-01205,BIHAR,Muzaffarpur,Minapur,0.0,0.0,,208,10,1205,,166218.11946715685,316124209.98756105,0.0,0.0,224,0.0
10-216-01206,BIHAR,Muzaffarpur,Bochaha,0.0,0.0,,208,10,1206,,126044.68100944142,233148755.94160384,0.0,0.0,170,0.0
10-216-01207,BIHAR,Muzaffarpur,Aurai,0.0,0.0,,208,10,1207,,101267.16719990574,247748190.77792475,0.0,0.0,184,0.0
10-216-01208,BIHAR,Muzaffarpur,Katra,0.0,0.0,,208,10,1208,,118891.9342746819,235108975.17115793,0.0,0.0,172,0.0
10-216-01209,BIHAR,Muzaffarpur,Gaighat,0.0,0.0,,208,10,1209,,111008.49869520529,259762671.68662548,0.0,0.0,191,0.0
10-216-01213,BIHAR,Muzaffarpur,Kurhani,0.0,0.0,,208,10,1213,,108106.10574110712,256354911.2077163,0.0,0.0,183,0.0
10-216-01214,BIHAR,Muzaffarpur,Sakra,0.0,0.0,,208,10,1214,,105121.4777371614,236360031.18726787,0.0,0.0,174,0.0
10-217-01215,BIHAR,Gopalganj,Katiya,0.0,0.0,,197,10,1215,,94755.55253264701,158441587.458013,0.0,0.0,115,0.0
10-217-01216,BIHAR,Gopalganj,Bijaipur,0.0,0.0,,197,10,1216,,81309.59717969262,163112176.36717936,0.0,0.0,117,0.0
10-217-01217,BIHAR,Gopalganj,Bhorey,0.0,0.0,,197,10,1217,,78790.65552761848,196013266.46535653,0.0,0.0,141,0.0
10-217-01218,BIHAR,Gopalganj,Pach Deuri,0.0,0.0,,197,10,1218,,53698.212932643866,118295317.11973979,0.0,0.0,87,0.0
10-217-01219,BIHAR,Gopalganj,Kuchaikote,0.0,0.0,,197,10,1219,,101077.28158428885,316078491.04748106,0.0,0.0,223,0.0
10-217-01220,BIHAR,Gopalganj,Phulwaria,0.0,0.0,,197,10,1220,,81339.22200232239,118763292.85091434,0.0,0.0,86,0.0
10-217-01221,BIHAR,Gopalganj,Hathua,0.0,0.0,,197,10,1221,,91546.96202775641,183613061.83342972,0.0,0.0,130,0.0
10-217-01222,BIHAR,Gopalganj,Uchkagaon,0.0,0.0,,197,10,1222,,80102.93001981139,142235093.67043933,0.0,0.0,107,0.0
10-217-01223,BIHAR,Gopalganj,Thawe,0.0,0.0,,197,10,1223,,57244.55575246375,89300191.60424533,0.0,0.0,65,0.0
10-217-01224,BIHAR,Gopalganj,Gopalganj,0.0,0.0,,197,10,1224,,110313.13172782106,244420793.60160467,0.0,0.0,177,0.0
10-218-01232,BIHAR,Siwan,Goriakothi,0.0,0.0,,222,10,1232,,73201.39147651673,174963939.23516312,0.0,0.0,128,0.0
10-217-01225,BIHAR,Gopalganj,Manjha,0.0,0.0,,197,10,1225,,80242.78538873792,179389027.9828925,0.0,0.0,131,0.0
10-217-01226,BIHAR,Gopalganj,Barauli,0.0,0.0,,197,10,1226,,105754.79057670098,232227972.12586737,0.0,0.0,166,0.0
10-217-01228,BIHAR,Gopalganj,Baikunthpur,0.0,0.0,,197,10,1228,,97825.58906166903,256614409.24172768,0.0,0.0,179,0.0
10-218-01229,BIHAR,Siwan,Nautan,0.0,0.0,,222,10,1229,,58324.35348563096,81827813.66620097,0.0,0.0,58,0.0
10-218-01230,BIHAR,Siwan,Siwan,0.0,0.0,,222,10,1230,,92599.06904644772,168879532.28230655,0.0,0.0,121,0.0
10-218-01235,BIHAR,Siwan,Bhagwanpur Hat,0.0,0.0,,222,10,1235,,86430.4184146014,189582799.91524476,0.0,0.0,136,0.0
10-218-01231,BIHAR,Siwan,Barharia,0.0,0.0,,222,10,1231,,90315.6629531122,219606934.01516393,0.0,0.0,156,0.0
10-218-01233,BIHAR,Siwan,Lakri Nabiganj,0.0,0.0,,222,10,1233,,79648.98713303795,120773104.6039552,0.0,0.0,93,0.0
10-218-01234,BIHAR,Siwan,Basantpur,0.0,0.0,,222,10,1234,,57871.378293950496,76675463.02480637,0.0,0.0,53,0.0
10-218-01236,BIHAR,Siwan,Maharajganj,0.0,0.0,,222,10,1236,,119387.58843212528,142817377.5161484,0.0,0.0,103,0.0
10-218-01237,BIHAR,Siwan,Pachrukhi,0.0,0.0,,222,10,1237,,99183.2392802834,160709761.40986398,0.0,0.0,118,0.0
10-218-01238,BIHAR,Siwan,Hussainganj,0.0,0.0,,222,10,1238,,68784.84800107122,105975934.30464326,0.0,0.0,77,0.0
10-218-01239,BIHAR,Siwan,Ziradei,0.0,0.0,,222,10,1239,,98825.50869312549,152221780.48504183,0.0,0.0,109,0.0
10-218-01240,BIHAR,Siwan,Mairwa,0.0,0.0,,222,10,1240,,65279.2242200428,88898123.37504825,0.0,0.0,68,0.0
10-218-01242,BIHAR,Siwan,Darauli,0.0,0.0,,222,10,1242,,90305.00161970501,214758375.6239279,0.0,0.0,156,0.0
10-218-01241,BIHAR,Siwan,Guthani,0.0,0.0,,222,10,1241,,78778.78773845347,115110806.99004474,0.0,0.0,79,0.0
10-219-01248,BIHAR,Saran,Mashrakh,0.0,0.0,,218,10,1248,,82075.7710341599,165898243.02109933,0.0,0.0,121,0.0
10-218-01243,BIHAR,Siwan,Andar,0.0,0.0,,222,10,1243,,83358.60866933218,125625010.62434034,0.0,0.0,88,0.0
10-219-01249,BIHAR,Saran,Panapur,0.0,0.0,,218,10,1249,,75875.09329534958,182360909.7404776,0.0,0.0,133,0.0
10-218-01244,BIHAR,Siwan,Raghunathpur,0.0,0.0,,222,10,1244,,87824.68008836384,193566358.3438411,0.0,0.0,143,0.0
10-219-01250,BIHAR,Saran,Taraiya,0.0,0.0,,218,10,1250,,53629.0613522338,97307015.09151264,0.0,0.0,72,0.0
10-218-01245,BIHAR,Siwan,Hasanpura,0.0,0.0,,222,10,1245,,82786.09108287447,121956119.03175904,0.0,0.0,88,0.0
10-219-01251,BIHAR,Saran,Ishupur,0.0,0.0,,218,10,1251,,62425.60798229613,109300191.56908256,0.0,0.0,75,0.0
10-218-01246,BIHAR,Siwan,Daraundha,0.0,0.0,,222,10,1246,,105400.53795370483,157911066.26165873,0.0,0.0,116,0.0
10-219-01256,BIHAR,Saran,Jalalpur,0.0,0.0,,218,10,1256,,65042.73641147566,147549697.72689733,0.0004272181510925293,0.00015427322122785783,108,0.016661507892608646
10-218-01247,BIHAR,Siwan,Siswan,0.0,0.0,,222,10,1247,,98184.39847010886,155554872.77293277,0.0,0.0,111,0.0
10-219-01259,BIHAR,Saran,Nagra,0.0,0.0,,218,10,1259,,43289.948409307304,65110006.46242106,0.0004272181510925293,0.00017645967110343602,46,0.008117144870758057
10-219-01252,BIHAR,Saran,Baniapur,0.0,0.0,,218,10,1252,,89199.8841803021,219417775.87250236,0.0,0.0,161,0.0
10-219-01253,BIHAR,Saran,Lahladpur,0.0,0.0,,218,10,1253,,49287.19248841685,70233795.44130237,0.0,0.0,51,0.0
10-219-01254,BIHAR,Saran,Ekma,0.0,0.0,,218,10,1254,,99716.17236158185,176114988.01319405,0.0,0.0,126,0.0
10-219-01255,BIHAR,Saran,Manjhi,0.0,0.0,,218,10,1255,,127085.43562979231,244607530.98349065,0.0,0.0,179,0.0
10-219-01257,BIHAR,Saran,Revelganj,0.0,0.0,,218,10,1257,,84877.1419542779,179359801.45379385,0.0004272181510925293,0.0003812100425133338,130,0.049557305526733396
10-219-01258,BIHAR,Saran,Chapra,0.0,0.0,,218,10,1258,,119729.94798472138,239470568.44351175,0.0004272181510925293,0.00040081702939579996,178,0.07134543123245239
10-219-01260,BIHAR,Saran,Marhaura,0.0,0.0,,218,10,1260,,87240.95030017926,190752130.05196184,0.0004272181510925293,1.5478918517845265e-05,138,0.0021360907554626466
10-219-01261,BIHAR,Saran,Amnour,0.0,0.0,,218,10,1261,,94922.90618840617,160109081.4065653,0.0004272181510925293,7.240985611737785e-06,118,0.0008544363021850586
10-219-01263,BIHAR,Saran,Parsa,0.0,0.0,,218,10,1263,,85595.91054800974,122749042.93573296,0.0,0.0,94,0.0
10-219-01266,BIHAR,Saran,Dighwara,0.0,0.0,,218,10,1266,,81943.45164265168,101347015.6655549,0.0,0.0,74,0.0
10-219-01264,BIHAR,Saran,Dariapur,0.0,0.0,,218,10,1264,,115477.27251924115,281302380.67878103,0.0,0.0,200,0.0
10-219-01265,BIHAR,Saran,Garkha,0.0,0.0,,218,10,1265,,90147.74693968748,213336409.9887166,0.0004272181510925293,0.00021779748879226989,153,0.03332301578521729
10-220-01269,BIHAR,Vaishali,Paterhi Belsar,0.0,0.0,,224,10,1269,,56227.36197278124,93522597.26160131,0.0,0.0,72,0.0
10-219-01267,BIHAR,Saran,Sonepur,0.0,0.0,,218,10,1267,,70412.64000247594,214865144.18564072,0.0,0.0,157,0.0
10-220-01268,BIHAR,Vaishali,Vaishali,0.0,0.0,,224,10,1268,,72706.90824879723,158663399.21103516,0.0,0.0,115,0.0
10-220-01270,BIHAR,Vaishali,Lalganj,0.0,0.0,,224,10,1270,,89595.71916906572,184177988.41986412,0.0,0.0,130,0.0
10-221-01294,BIHAR,Samastipur,Mohiuddinagar,0.0,0.0,,217,10,1294,,80607.53716768604,178536106.2701614,0.0,0.0,128,0.0
10-220-01271,BIHAR,Vaishali,Bhagwanpur,0.0,0.0,,224,10,1271,,98965.72708266653,142473218.81446454,0.0,0.0,105,0.0
10-220-01272,BIHAR,Vaishali,Goraul,0.0,0.0,,224,10,1272,,101989.77906286377,122446101.92943335,0.0,0.0,88,0.0
10-220-01273,BIHAR,Vaishali,Chehra Kalan,0.0,0.0,,224,10,1273,,63204.34388206024,89818122.94593617,0.0,0.0,65,0.0
10-220-01277,BIHAR,Vaishali,Raja Pakar,0.0,0.0,,224,10,1277,,58946.08844196175,93673217.82917874,0.0,0.0,69,0.0
10-220-01274,BIHAR,Vaishali,Patepur,0.0,0.0,,224,10,1274,,118180.33822078991,317029999.71255994,0.0,0.0,230,0.0
10-220-01275,BIHAR,Vaishali,Mahua,0.0,0.0,,224,10,1275,,86273.82517515696,171155586.12447235,0.0,0.0,125,0.0
10-220-01276,BIHAR,Vaishali,Jandaha,0.0,0.0,,224,10,1276,,99044.76663725945,179891527.10359335,0.0,0.0,130,0.0
10-220-01278,BIHAR,Vaishali,Hajipur,0.0,0.0,,224,10,1278,,80048.24731377292,194916759.16986817,0.0,0.0,141,0.0
10-220-01280,BIHAR,Vaishali,Bidupur,0.0,0.0,,224,10,1280,,88122.3198685409,139375575.9420912,0.0,0.0,100,0.0
10-220-01279,BIHAR,Vaishali,Raghopur,0.0,0.0,,224,10,1279,,128641.49950069311,338499790.0832371,0.0,0.0,245,0.0
10-220-01281,BIHAR,Vaishali,Desri,0.0,0.0,,224,10,1281,,50183.809114488824,56627949.53624974,0.0,0.0,42,0.0
10-221-01284,BIHAR,Samastipur,Kalyanpur,0.0,0.0,,217,10,1284,,147387.26660455638,294821482.9966942,1.350274533033371e-05,1.9198216109479207e-07,211,4.050823599100113e-05
10-221-01286,BIHAR,Samastipur,Shivaji Nagar,0.0,0.0,,217,10,1286,,96209.25031894707,172333979.18990555,1.350274533033371e-05,7.384313852526249e-06,128,0.0009451921731233599
10-221-01288,BIHAR,Samastipur,Samastipur,0.0,0.0,,217,10,1288,,112474.97484539819,170577777.20953664,0.0,0.0,124,0.0
10-221-01289,BIHAR,Samastipur,Pusa,0.0,0.0,,217,10,1289,,64081.7615729533,95008289.7510354,0.0,0.0,67,0.0
10-221-01291,BIHAR,Samastipur,Morwa,0.0,0.0,,217,10,1291,,104551.97847793197,152111293.7773472,0.0,0.0,110,0.0
10-221-01292,BIHAR,Samastipur,Patori,0.0,0.0,,217,10,1292,,69422.25062895294,130638318.44440164,0.0,0.0,93,0.0
10-221-01295,BIHAR,Samastipur,Sarairanjan,0.0,0.0,,217,10,1295,,96463.23467310029,185572344.2706523,0.0,0.0,138,0.0
10-221-01296,BIHAR,Samastipur,Vidyapati Nagar,0.0,0.0,,217,10,1296,,62930.2690484309,106322816.42401849,0.0,0.0,79,0.0
10-221-01297,BIHAR,Samastipur,Dalsinghsarai,0.0,0.0,,217,10,1297,,80515.23552986495,118201268.21451648,0.0,0.0,86,0.0
10-221-01298,BIHAR,Samastipur,Ujiarpur,0.0,0.0,,217,10,1298,,81756.09445970641,209497824.1015558,0.0,0.0,150,0.0
10-221-01300,BIHAR,Samastipur,Rosera,0.0,0.0,,217,10,1300,,84599.34785899956,138535375.895554,0.0,0.0,100,0.0
10-221-01299,BIHAR,Samastipur,Bibhutpur,0.0,0.0,,217,10,1299,,96600.53522783429,258332531.194082,0.0,0.0,190,0.0
10-221-01301,BIHAR,Samastipur,Singhia,0.0,0.0,,217,10,1301,,76055.88015393679,178639507.67998633,8.904508948326112e-05,1.3746989618136189e-05,127,0.001745867681503296
10-222-01307,BIHAR,Begusarai,Cheria Bariarpur,0.0,0.0,,191,10,1307,,80422.0696045629,127840547.1243011,0.0,0.0,89,0.0
10-221-01302,BIHAR,Samastipur,Hasanpur,0.0,0.0,,217,10,1302,,122795.93417076243,188091095.39019313,0.0,0.0,140,0.0
10-221-01303,BIHAR,Samastipur,Bithan,0.0,0.0,,217,10,1303,,72838.55780104545,149849875.79630712,0.0,0.0,107,0.0
10-222-01304,BIHAR,Begusarai,Khudabandpur,0.0,0.0,,191,10,1304,,49522.71992212785,59617610.47663844,0.0,0.0,42,0.0
10-222-01305,BIHAR,Begusarai,Chhorahi,0.0,0.0,,191,10,1305,,96201.09768359947,128309829.49376953,0.0,0.0,96,0.0
10-222-01306,BIHAR,Begusarai,Garhpura,0.0,0.0,,191,10,1306,,69581.28073662621,88651595.91159394,0.0,0.0,67,0.0
10-222-01308,BIHAR,Begusarai,Bhagwanpur,0.0,0.0,,191,10,1308,,102620.52088176137,147276258.21886113,0.0,0.0,107,0.0
10-223-01324,BIHAR,Khagaria,Mansi,0.0,0.0,,202,10,1324,,70720.37786012898,86151878.56106131,0.0,0.0,68,0.0
10-222-01309,BIHAR,Begusarai,Mansurchak,0.0,0.0,,191,10,1309,,55538.61039021854,42158333.283958256,0.0,0.0,32,0.0
10-224-01333,BIHAR,Bhagalpur,Rangra Chowk,0.0,0.0,,192,10,1333,,56200.86409227388,97946271.45940188,0.0,0.0,69,0.0
10-222-01310,BIHAR,Begusarai,Bachhwara,0.0,0.0,,191,10,1310,,112893.55520851951,186501763.14040864,0.0,0.0,135,0.0
10-222-01311,BIHAR,Begusarai,Teghra,0.0,0.0,,191,10,1311,,93442.93751421869,180050069.66821858,0.0,0.0,130,0.0
10-222-01312,BIHAR,Begusarai,Barauni,0.0,0.0,,191,10,1312,,90573.71511882372,141812926.41245717,0.0,0.0,103,0.0
10-222-01313,BIHAR,Begusarai,Birpur,0.0,0.0,,191,10,1313,,69057.86510087451,64693086.30641256,0.0,0.0,49,0.0
10-222-01314,BIHAR,Begusarai,Begusarai,0.0,0.0,,191,10,1314,,114572.02827886646,273941103.5239774,0.0,0.0,196,0.0
10-222-01315,BIHAR,Begusarai,Naokothi,0.0,0.0,,191,10,1315,,61794.845266753924,91575422.87048158,0.0,0.0,67,0.0
10-222-01316,BIHAR,Begusarai,Bakhri,0.0,0.0,,191,10,1316,,74902.13049058078,94921186.04856166,0.0,0.0,68,0.0
10-222-01317,BIHAR,Begusarai,Dandari,0.0,0.0,,191,10,1317,,77075.31892237118,85364223.36403492,0.0,0.0,62,0.0
10-222-01318,BIHAR,Begusarai,Sahebpur Kamal,0.0,0.0,,191,10,1318,,97820.3506924087,179327758.1582562,0.0,0.0,135,0.0
10-222-01319,BIHAR,Begusarai,Balia,0.0,0.0,,191,10,1319,,95726.56851828664,181873531.04775092,0.0,0.0,134,0.0
10-222-01320,BIHAR,Begusarai,Matihani,0.0,0.0,,191,10,1320,,104199.58891726227,214311339.790948,0.0,0.0,159,0.0
10-222-01321,BIHAR,Begusarai,Shamho Akha Kurha,0.0,0.0,,191,10,1321,,47884.70174269599,82130306.58899558,0.0,0.0,60,0.0
10-223-01322,BIHAR,Khagaria,Alauli,0.0,0.0,,202,10,1322,,117176.16085281859,337532903.06560946,0.0,0.0,243,0.0
10-223-01323,BIHAR,Khagaria,Khagaria,0.0,0.0,,202,10,1323,,164255.4907534744,325761754.1557925,0.0,0.0,236,0.0
10-223-01325,BIHAR,Khagaria,Chautham,0.0,0.0,,202,10,1325,,88833.5659059585,205164632.7891582,0.0,0.0,147,0.0
10-228-01376,BIHAR,Sheikhpura,Chewara,0.0,0.0,,219,10,1376,,77279.14911837938,141385828.1075451,0.0,0.0,105,0.0
10-223-01326,BIHAR,Khagaria,Beldaur,0.0,0.0,,202,10,1326,,101449.44415348554,276820454.1841197,0.0,0.0,209,0.0
10-223-01327,BIHAR,Khagaria,Gogri,0.0,0.0,,202,10,1327,,109725.85953588395,321971045.3784509,0.0,0.0,233,0.0
10-223-01328,BIHAR,Khagaria,Parbatta,0.0,0.0,,202,10,1328,,89952.53209418767,286770838.53234714,0.0,0.0,209,0.0
10-224-01329,BIHAR,Bhagalpur,Narayanpur,0.0,0.0,,192,10,1329,,96964.50839109154,173637043.38008544,0.0,0.0,127,0.0
10-224-01330,BIHAR,Bhagalpur,Bihpur,0.0,0.0,,192,10,1330,,98960.16392998041,189427956.2070791,0.0,0.0,139,0.0
10-234-01472,BIHAR,Rohtas,Akorhi Gola,0.0,0.0,,215,10,1472,,71741.57946050014,124356844.03544964,0.0,0.0,93,0.0
10-224-01331,BIHAR,Bhagalpur,Kharik,0.0,0.0,,192,10,1331,,103106.05203500649,169292223.68779984,0.0,0.0,127,0.0
10-224-01332,BIHAR,Bhagalpur,Naugachhia,0.0,0.0,,192,10,1332,,91833.23423872421,134223697.96961665,0.0,0.0,99,0.0
10-224-01335,BIHAR,Bhagalpur,Pirpainti,0.0,0.0,,192,10,1335,,138631.2255747686,411429376.6216011,0.0,0.0,295,0.0
10-224-01336,BIHAR,Bhagalpur,Kahalgaon,0.0,0.0,,192,10,1336,,128722.99744742387,352186242.20537144,0.0,0.0,258,0.0
10-224-01337,BIHAR,Bhagalpur,Ismailpur,0.0,0.0,,192,10,1337,,66332.03197363381,102752037.41138108,0.0,0.0,72,0.0
10-224-01338,BIHAR,Bhagalpur,Sabour,0.0,0.0,,192,10,1338,,85492.0541239663,141198925.34276122,0.0,0.0,105,0.0
10-226-01359,BIHAR,Munger,Dharhara,0.0,0.0,,207,10,1359,,105188.90103685112,355220468.750446,0.0,0.0,258,0.0
10-224-01339,BIHAR,Bhagalpur,Nathnagar,0.0,0.0,,192,10,1339,,105259.93673308079,163498377.60317266,0.0,0.0,118,0.0
10-226-01360,BIHAR,Munger,Kharagpur,0.0,0.0,,207,10,1360,,169586.30903503796,398589433.5102216,0.0,0.0,297,0.0
10-224-01340,BIHAR,Bhagalpur,Sultanganj,0.0,0.0,,192,10,1340,,139861.1879796442,266407467.3450057,0.0,0.0,192,0.0
10-224-01341,BIHAR,Bhagalpur,Shahkund,0.0,0.0,,192,10,1341,,93276.90256650816,208798734.37786233,0.0,0.0,154,0.0
10-224-01342,BIHAR,Bhagalpur,Goradih,0.0,0.0,,192,10,1342,,106918.08891287447,178026414.43832883,0.0,0.0,129,0.0
10-224-01343,BIHAR,Bhagalpur,Jagdishpur,0.0,0.0,,192,10,1343,,107045.71303668506,127447147.46016994,0.0,0.0,93,0.0
10-224-01344,BIHAR,Bhagalpur,Sonhaula,0.0,0.0,,192,10,1344,,84463.86530366821,214425428.57327408,0.0,0.0,159,0.0
10-225-01345,BIHAR,Banka,Shambhuganj,0.0,0.0,,190,10,1345,,85765.27415008907,217970788.89652416,0.0,0.0,160,0.0
10-225-01346,BIHAR,Banka,Amarpur,0.0,0.0,,190,10,1346,,98000.87839154692,234663534.19316816,0.0,0.0,171,0.0
10-225-01347,BIHAR,Banka,Rajaun,0.0,0.0,,190,10,1347,,86718.04358754268,242814641.5593075,0.0,0.0,180,0.0
10-226-01363,BIHAR,Munger,Tetiha Bambor,0.0,0.0,,207,10,1363,,73286.15332623897,95190725.80042528,0.0,0.0,69,0.0
10-225-01348,BIHAR,Banka,Dhuraiya,0.0,0.0,,190,10,1348,,106681.6377356153,285703540.38620996,0.0,0.0,207,0.0
10-225-01349,BIHAR,Banka,Barahat,0.0,0.0,,190,10,1349,,122910.23058217819,181202001.14064544,0.0,0.0,131,0.0
10-225-01350,BIHAR,Banka,Banka,0.0,0.0,,190,10,1350,,137083.07375503817,365153241.48788345,0.0,0.0,274,0.0
10-225-01351,BIHAR,Banka,Phulidumar,0.0,0.0,,190,10,1351,,117105.67306472127,248400685.45023423,0.0,0.0,178,0.0
10-225-01352,BIHAR,Banka,Belhar,0.0,0.0,,190,10,1352,,118426.40149548957,290570448.277483,0.0,0.0,213,0.0
10-225-01353,BIHAR,Banka,Chanan,0.0,0.0,,190,10,1353,,169565.08902723462,550876204.0147796,0.0,0.0,402,0.0
10-225-01354,BIHAR,Banka,Katoria,0.0,0.0,,190,10,1354,,180268.89530762268,687665367.2781417,0.0,0.0,503,0.0
10-225-01355,BIHAR,Banka,Bausi,0.0,0.0,,190,10,1355,,109314.78149810205,385846183.7170387,0.0,0.0,284,0.0
10-226-01356,BIHAR,Munger,Munger,0.0,0.0,,207,10,1356,,162390.1628928388,306519605.49277806,0.0,0.0,220,0.0
10-226-01357,BIHAR,Munger,Bariarpur,0.0,0.0,,207,10,1357,,122433.4478606843,198040113.63802013,0.0,0.0,145,0.0
10-226-01358,BIHAR,Munger,Jamalpur,0.0,0.0,,207,10,1358,,72817.19566814511,112971204.64248075,0.0,0.0,83,0.0
10-226-01361,BIHAR,Munger,Asarganj,0.0,0.0,,207,10,1361,,61173.52838786665,72491453.98190036,0.0,0.0,52,0.0
10-226-01362,BIHAR,Munger,Tarapur,0.0,0.0,,207,10,1362,,54416.57713098438,86962445.68425661,0.0,0.0,61,0.0
10-226-01364,BIHAR,Munger,Sangrampur,0.0,0.0,,207,10,1364,,71205.18318302365,105786037.21986651,0.0,0.0,84,0.0
10-227-01366,BIHAR,Lakhisarai,Pipariya,0.0,0.0,,204,10,1366,,87968.2901826016,106258171.87143916,0.0,0.0,73,0.0
10-227-01365,BIHAR,Lakhisarai,Barahiya,0.0,0.0,,204,10,1365,,95965.48426593257,248505135.43154767,0.0,0.0,179,0.0
10-227-01367,BIHAR,Lakhisarai,Surajgarha,0.0,0.0,,204,10,1367,,140312.1609931406,462726462.37366486,0.0,0.0,338,0.0
10-227-01368,BIHAR,Lakhisarai,Lakhisarai,0.0,0.0,,204,10,1368,,117670.76745524361,181316338.94823277,0.0,0.0,131,0.0
10-227-01369,BIHAR,Lakhisarai,Chanan*,0.0,0.0,,204,10,1369,,86014.87070350182,177670731.10250506,0.0,0.0,128,0.0
10-228-01375,BIHAR,Sheikhpura,Ghat Kusumbha,0.0,0.0,,219,10,1375,,80592.24583619394,99088070.68237934,0.0,0.0,71,0.0
10-227-01370,BIHAR,Lakhisarai,Ramgarh Chowk,0.0,0.0,,204,10,1370,,98990.57354622113,128567389.13844268,0.0,0.0,96,0.0
10-227-01371,BIHAR,Lakhisarai,Halsi,0.0,0.0,,204,10,1371,,82594.8188222393,191441208.6304817,0.0,0.0,139,0.0
10-228-01372,BIHAR,Sheikhpura,Barbigha,0.0,0.0,,219,10,1372,,83879.7675047183,115941853.486741,0.0,0.0,81,0.0
10-228-01373,BIHAR,Sheikhpura,Shekhopur Sarai,0.0,0.0,,219,10,1373,,59774.96229914819,65955650.61796794,0.0,0.0,46,0.0
10-228-01374,BIHAR,Sheikhpura,Sheikhpura,0.0,0.0,,219,10,1374,,119718.3677454689,225551054.81458032,0.0,0.0,168,0.0
10-228-01377,BIHAR,Sheikhpura,Ariari,0.0,0.0,,219,10,1377,,87552.5859976097,183445963.63454768,0.0,0.0,135,0.0
10-229-01378,BIHAR,Nalanda,Karai Parsurai,0.0,0.0,,209,10,1378,,58523.47447411047,82148146.79064696,0.0,0.0,61,0.0
10-229-01379,BIHAR,Nalanda,Nagar Nausa,0.0,0.0,,209,10,1379,,82570.35159490984,108015836.82811198,0.0,0.0,80,0.0
10-229-01380,BIHAR,Nalanda,Harnaut,0.0,0.0,,209,10,1380,,124869.90123154312,224385440.0517296,0.0,0.0,156,0.0
10-229-01381,BIHAR,Nalanda,Chandi,0.0,0.0,,209,10,1381,,70527.81459673235,147156102.481168,0.0,0.0,106,0.0
10-229-01382,BIHAR,Nalanda,Rahui,0.0,0.0,,209,10,1382,,77076.6108369453,152249665.90613127,0.0,0.0,114,0.0
10-229-01383,BIHAR,Nalanda,Bind,0.0,0.0,,209,10,1383,,70364.80140905235,88091657.81671415,0.0,0.0,65,0.0
10-229-01384,BIHAR,Nalanda,Sarmera,0.0,0.0,,209,10,1384,,91044.34634338948,167201876.42476654,0.0,0.0,123,0.0
10-229-01385,BIHAR,Nalanda,Asthawan,0.0,0.0,,209,10,1385,,92263.18064708126,171325630.7179731,0.0,0.0,124,0.0
10-229-01387,BIHAR,Nalanda,Noorsarai,0.0,0.0,,209,10,1387,,78528.62700534344,151514769.88009417,0.0,0.0,114,0.0
10-229-01386,BIHAR,Nalanda,Bihar,0.0,0.0,,209,10,1386,,98561.8371020671,215840179.0991975,0.0,0.0,157,0.0
10-229-01390,BIHAR,Nalanda,Hilsa,0.0,0.0,,209,10,1390,,93433.88804652911,175765721.10991755,0.0,0.0,132,0.0
10-229-01391,BIHAR,Nalanda,Ekangarsarai,0.0,0.0,,209,10,1391,,87121.32234693572,166605847.460251,0.0,0.0,122,0.0
10-229-01392,BIHAR,Nalanda,Islampur,0.0,0.0,,209,10,1392,,109868.69145522316,273834151.4326934,0.0,0.0,198,0.0
10-229-01393,BIHAR,Nalanda,Ben,0.0,0.0,,209,10,1393,,66947.54721379357,127526149.56798536,0.0,0.0,94,0.0
10-230-01398,BIHAR,Patna,Maner,0.0,0.0,,212,10,1398,,96133.56350709034,213315300.3597084,0.00045974202156066896,0.0001409101966201075,151,0.021277439689636232
10-229-01394,BIHAR,Nalanda,Rajgir,0.0,0.0,,209,10,1394,,88740.45664753366,198129288.77271983,0.0,0.0,142,0.0
10-229-01395,BIHAR,Nalanda,Silao,0.0,0.0,,209,10,1395,,79220.42929786978,154752836.13944647,0.0,0.0,112,0.0
10-229-01396,BIHAR,Nalanda,Giriak,0.0,0.0,,209,10,1396,,88347.46773236175,99576022.5731765,0.0,0.0,74,0.0
10-229-01397,BIHAR,Nalanda,Katrisarai,0.0,0.0,,209,10,1397,,38918.76300208476,48673462.28309288,0.0,0.0,34,0.0
10-230-01399,BIHAR,Patna,Dinapur-Cum-Khagaul,0.0,0.0,,212,10,1399,,78598.21354533077,184765788.04152673,0.00045974202156066896,0.0001375870283502732,137,0.018849422883987426
10-234-01474,BIHAR,Rohtas,Tilouthu,0.0,0.0,,215,10,1474,,73885.57639601533,193504401.97342023,0.0,0.0,141,0.0
10-230-01400,BIHAR,Patna,Patna Rural,0.0,0.0,,212,10,1400,,87518.10425735511,179850223.48881748,0.00045974202156066896,8.392116266583639e-05,126,0.010574066495895386
10-230-01401,BIHAR,Patna,Sampatchak,0.0,0.0,,212,10,1401,,53219.7118618291,78902366.60372826,0.00045974202156066896,1.5853173157264445e-05,58,0.0009194840431213379
10-230-01406,BIHAR,Patna,Dulhin Bazar,0.0,0.0,,212,10,1406,,77792.54009458271,136539622.4680228,0.00045974202156066896,0.0001423454284667969,99,0.014092197418212892
10-230-01402,BIHAR,Patna,Phulwari,0.0,0.0,,212,10,1402,,70659.26045014715,135940825.49713776,0.00045974202156066896,0.00043604397921218085,97,0.04229626598358154
10-230-01413,BIHAR,Patna,Khusrupur,0.0,0.0,,212,10,1413,,46143.60198551767,78201544.387751,0.0,0.0,57,0.0
10-230-01403,BIHAR,Patna,Bihta,0.0,0.0,,212,10,1403,,116564.9809665079,244879174.98088208,0.00045974202156066896,0.00031499646961359693,181,0.05701436100006104
10-230-01415,BIHAR,Patna,Athmalgola,0.0,0.0,,212,10,1415,,47997.69261940102,62827293.65665197,0.0,0.0,44,0.0
10-230-01404,BIHAR,Patna,Naubatpur,0.0,0.0,,212,10,1404,,105087.74367689912,205320191.59612688,0.00045974202156066896,0.0004597420215606689,148,0.068041819190979
10-230-01405,BIHAR,Patna,Bikram,0.0,0.0,,212,10,1405,,86626.03512108007,186422313.04867813,0.00045974202156066896,0.00028761066292687284,139,0.03997788214683533
10-234-01475,BIHAR,Rohtas,Rohtas,0.0,0.0,,215,10,1475,,88257.59288547112,389741138.17794544,0.0,0.0,287,0.0
10-230-01407,BIHAR,Patna,Paliganj,0.0,0.0,,212,10,1407,,129476.3041410336,293354152.7667747,0.00021806263923645022,1.018984295497431e-06,214,0.00021806263923645022
10-230-01408,BIHAR,Patna,Masaurhi,0.0,0.0,,212,10,1408,,108866.13277400887,248716954.87290823,0.00045974202156066896,0.00015324734052022296,180,0.027584521293640134
10-230-01409,BIHAR,Patna,Dhanarua,0.0,0.0,,212,10,1409,,95102.40821522896,225577653.19725513,0.00045974202156066896,9.693355876279164e-05,166,0.016090970754623412
10-230-01410,BIHAR,Patna,Punpun,0.0,0.0,,212,10,1410,,82554.93388622913,161116560.78819045,0.00045974202156066896,0.0003141570480664571,120,0.03769884576797485
10-230-01411,BIHAR,Patna,Fatwah,0.0,0.0,,212,10,1411,,97950.27190535897,155697451.47083917,0.0,0.0,114,0.0
10-230-01412,BIHAR,Patna,Daniawan,0.0,0.0,,212,10,1412,,69689.77872311571,79566220.36857046,0.0,0.0,55,0.0
10-230-01414,BIHAR,Patna,Bakhtiarpur,0.0,0.0,,212,10,1414,,120205.01587822943,168153072.20481881,0.0,0.0,128,0.0
10-230-01416,BIHAR,Patna,Belchhi,0.0,0.0,,212,10,1416,,88573.78025963024,87443681.0926542,0.0,0.0,64,0.0
10-230-01417,BIHAR,Patna,Barh,0.0,0.0,,212,10,1417,,95365.9771693495,147280816.515725,0.0,0.0,108,0.0
10-230-01419,BIHAR,Patna,Ghoswari,0.0,0.0,,212,10,1419,,66454.95033385535,164897376.1169027,0.0,0.0,122,0.0
10-230-01418,BIHAR,Patna,Pandarak,0.0,0.0,,212,10,1418,,106894.44852036482,252509471.6555304,0.0,0.0,187,0.0
10-232-01438,BIHAR,Buxar,Chaugain,0.0,0.0,,194,10,1438,,52625.33924401454,66025696.44875917,0.0,0.0,46,0.0
10-232-01439,BIHAR,Buxar,Kesath,0.0,0.0,,194,10,1439,,34661.84662025829,38236018.49691825,0.0,0.0,29,0.0
10-230-01420,BIHAR,Patna,Mokameh,0.0,0.0,,212,10,1420,,127700.39840194934,244519830.48183808,0.0,0.0,178,0.0
10-231-01421,BIHAR,Bhojpur,Shahpur,0.0,0.0,,193,10,1421,,110658.91431619873,211766871.4500774,0.0,0.0,156,0.0
10-234-01460,BIHAR,Rohtas,Suryapura,0.0,0.0,,215,10,1460,,56159.7630280001,69765063.31452103,0.0,0.0,50,0.0
10-231-01422,BIHAR,Bhojpur,Arrah,0.0,0.0,,193,10,1422,,120924.06747051864,221925641.7145924,0.0004272181510925293,0.00012032264833864959,161,0.019371946382522584
10-231-01423,BIHAR,Bhojpur,Barhara,0.0,0.0,,193,10,1423,,128817.96875565937,258494738.36324885,0.0004272181510925293,0.0002932794875067633,185,0.05425670518875121
10-231-01424,BIHAR,Bhojpur,Koilwar,0.0,0.0,,193,10,1424,,94779.33453556667,208456312.66749656,0.0004272181510925293,0.00026328545261073756,148,0.03896624698638916
10-231-01425,BIHAR,Bhojpur,Sandesh,0.0,0.0,,193,10,1425,,60697.76797134289,164599530.19806212,0.00021806263923645022,0.00018898762067159019,120,0.02267851448059082
10-231-01426,BIHAR,Bhojpur,Udwant Nagar,0.0,0.0,,193,10,1426,,92445.60417460876,217797556.82002312,0.00021806263923645022,8.345607180654268e-05,162,0.013519883632659914
10-234-01461,BIHAR,Rohtas,Bikramganj,0.0,0.0,,215,10,1461,,88556.32896667719,168723569.68103397,0.0,0.0,124,0.0
10-231-01427,BIHAR,Bhojpur,Behea,0.0,0.0,,193,10,1427,,114516.77527652554,206091349.70539597,0.0,0.0,149,0.0
10-231-01428,BIHAR,Bhojpur,Jagdishpur,0.0,0.0,,193,10,1428,,109726.00219208181,318463526.4488765,0.0,0.0,233,0.0
10-231-01429,BIHAR,Bhojpur,Piro,0.0,0.0,,193,10,1429,,100703.96274410955,268205354.86689487,0.0,0.0,197,0.0
10-234-01462,BIHAR,Rohtas,Karakat,0.0,0.0,,215,10,1462,,102232.22868007293,251121712.10833624,0.0,0.0,179,0.0
10-231-01430,BIHAR,Bhojpur,Charpokhari,0.0,0.0,,193,10,1430,,88834.1327790213,135855258.49695313,0.0,0.0,102,0.0
10-231-01431,BIHAR,Bhojpur,Garhani,0.0,0.0,,193,10,1431,,93054.52180151101,137128723.85739592,0.0,0.0,99,0.0
10-231-01432,BIHAR,Bhojpur,Agiaon,0.0,0.0,,193,10,1432,,87534.07309197474,191419206.17039648,0.00021806263923645022,3.1375919314597155e-05,139,0.004361252784729004
10-231-01433,BIHAR,Bhojpur,Tarari,0.0,0.0,,193,10,1433,,95157.98131215997,247108515.4982669,0.0,0.0,180,0.0
10-231-01434,BIHAR,Bhojpur,Sahar,0.0,0.0,,193,10,1434,,61748.81499939302,157154129.14318892,0.0,0.0,115,0.0
10-232-01435,BIHAR,Buxar,Simri,0.0,0.0,,194,10,1435,,87047.69219699135,222195796.247413,0.0,0.0,162,0.0
10-232-01436,BIHAR,Buxar,Chakki,0.0,0.0,,194,10,1436,,73799.54032015939,80420668.23199363,0.0,0.0,66,0.0
10-232-01437,BIHAR,Buxar,Barhampur,0.0,0.0,,194,10,1437,,133928.15369382405,240152233.65370417,0.0,0.0,173,0.0
10-232-01440,BIHAR,Buxar,Dumraon,0.0,0.0,,194,10,1440,,115797.88145848007,238641355.07175583,0.0,0.0,172,0.0
10-232-01441,BIHAR,Buxar,Buxar,0.0,0.0,,194,10,1441,,90996.21871903203,211591033.38394436,0.0,0.0,158,0.0
10-232-01442,BIHAR,Buxar,Chausa,0.0,0.0,,194,10,1442,,99103.08457070828,138502720.57991108,0.0,0.0,102,0.0
10-232-01443,BIHAR,Buxar,Rajpur,0.0,0.0,,194,10,1443,,121142.9666413415,336933113.12217736,0.0,0.0,247,0.0
10-232-01444,BIHAR,Buxar,Itarhi,0.0,0.0,,194,10,1444,,109439.3274763228,293713382.2816445,0.0,0.0,207,0.0
10-232-01445,BIHAR,Buxar,Nawanagar,0.0,0.0,,194,10,1445,,126567.10382889764,229774401.79100823,0.0,0.0,169,0.0
10-233-01446,BIHAR,Kaimur (Bhabua),Ramgarh,0.0,0.0,,200,10,1446,,124781.0721120257,206666195.02442607,0.0,0.0,147,0.0
10-233-01447,BIHAR,Kaimur (Bhabua),Nuaon,0.0,0.0,,200,10,1447,,121732.74643995032,235834986.4758632,0.0,0.0,171,0.0
10-233-01448,BIHAR,Kaimur (Bhabua),Kudra,0.0,0.0,,200,10,1448,,132624.50147962422,255577893.54332253,0.0,0.0,187,0.0
10-233-01449,BIHAR,Kaimur (Bhabua),Mohania,0.0,0.0,,200,10,1449,,142323.6809133636,349176573.6513165,0.0,0.0,262,0.0
10-233-01450,BIHAR,Kaimur (Bhabua),Durgawati,0.0,0.0,,200,10,1450,,108544.41183902678,212580801.4059764,0.0,0.0,156,0.0
10-233-01451,BIHAR,Kaimur (Bhabua),Chand,0.0,0.0,,200,10,1451,,97099.60209928264,257974481.1925409,0.0,0.0,185,0.0
10-233-01452,BIHAR,Kaimur (Bhabua),Chainpur,0.0,0.0,,200,10,1452,,170712.34536647963,555311526.8488017,0.0,0.0,409,0.0
10-233-01453,BIHAR,Kaimur (Bhabua),Bhabua,0.0,0.0,,200,10,1453,,143727.89821118704,407618990.38615096,0.0,0.0,298,0.0
10-233-01454,BIHAR,Kaimur (Bhabua),Rampur,0.0,0.0,,200,10,1454,,126612.15498309073,210660395.23746365,0.0,0.0,154,0.0
10-233-01455,BIHAR,Kaimur (Bhabua),Bhagwanpur,0.0,0.0,,200,10,1455,,134815.05705103654,292151198.96788174,0.0,0.0,212,0.0
10-233-01456,BIHAR,Kaimur (Bhabua),Adhaura,0.0,0.0,,200,10,1456,,271357.2345421078,1135984955.9859164,0.0,0.0,827,0.0
10-234-01457,BIHAR,Rohtas,Kochas,0.0,0.0,,215,10,1457,,90248.48407846906,187033418.62218276,0.0,0.0,131,0.0
10-234-01458,BIHAR,Rohtas,Dinara,0.0,0.0,,215,10,1458,,157118.7651045217,464648316.8452498,0.0,0.0,341,0.0
10-234-01459,BIHAR,Rohtas,Dawath,0.0,0.0,,215,10,1459,,78120.6651060775,129910427.66035384,0.0,0.0,94,0.0
10-234-01466,BIHAR,Rohtas,Nokha,0.0,0.0,,215,10,1466,,82152.91978314315,208772248.59610957,0.0,0.0,148,0.0
10-235-01476,BIHAR,Aurangabad,Daudnagar,0.0,0.0,,189,10,1476,,91010.07504965532,238139281.75712803,0.0,0.0,175,0.0
10-234-01467,BIHAR,Rohtas,Kargahar,0.0,0.0,,215,10,1467,,128509.87472624176,406135690.59563094,0.0,0.0,298,0.0
10-234-01468,BIHAR,Rohtas,Chenari,0.0,0.0,,215,10,1468,,121720.69626398994,292642418.8385522,0.0,0.0,217,0.0
10-234-01469,BIHAR,Rohtas,Nauhatta,0.0,0.0,,215,10,1469,,175494.75594492842,478591449.404211,0.0,0.0,353,0.0
10-234-01470,BIHAR,Rohtas,Sheosagar,0.0,0.0,,215,10,1470,,135463.8765525897,406503956.12222886,0.0,0.0,295,0.0
10-234-01471,BIHAR,Rohtas,Sasaram,0.0,0.0,,215,10,1471,,135810.11950728856,394273130.8742507,0.0,0.0,290,0.0
10-234-01473,BIHAR,Rohtas,Dehri,0.0,0.0,,215,10,1473,,97323.52013589225,199371136.99043605,0.0,0.0,144,0.0
10-235-01477,BIHAR,Aurangabad,Haspura,0.0,0.0,,189,10,1477,,88845.10694940752,164519986.5205008,0.0,0.0,121,0.0
10-235-01478,BIHAR,Aurangabad,Goh,0.0,0.0,,189,10,1478,,122286.20877621078,374665187.3660463,0.0,0.0,271,0.0
10-236-01491,BIHAR,Gaya,Neem Chak Bathani,0.0,0.0,,196,10,1491,,79540.44278654993,146770773.7769567,0.0,0.0,102,0.0
10-235-01479,BIHAR,Aurangabad,Rafiganj,0.0,0.0,,189,10,1479,,167069.30684925965,465687847.79432577,0.0,0.0,343,0.0
10-235-01480,BIHAR,Aurangabad,Obra,0.0,0.0,,189,10,1480,,130720.05569071589,327203821.09876627,0.0,0.0,235,0.0
10-236-01494,BIHAR,Gaya,Manpur,0.0,0.0,,196,10,1494,,77081.78707553667,161226183.41058797,0.0,0.0,117,0.0
10-235-01481,BIHAR,Aurangabad,Aurangabad,0.0,0.0,,189,10,1481,,125502.68609205673,344679798.38062614,0.0,0.0,253,0.0
10-237-01511,BIHAR,Nawada,Nardiganj,0.0,0.0,,210,10,1511,,60262.24041371029,129808165.4472442,0.0,0.0,95,0.0
10-235-01482,BIHAR,Aurangabad,Barun,0.0,0.0,,189,10,1482,,117269.30390529483,381782699.30215496,0.0,0.0,278,0.0
10-235-01483,BIHAR,Aurangabad,Nabinagar,0.0,0.0,,189,10,1483,,173491.30877801325,657546828.2218357,0.0,0.0,483,0.0
10-235-01484,BIHAR,Aurangabad,Kutumba,0.0,0.0,,189,10,1484,,110495.73757590447,319048251.76106954,0.0,0.0,233,0.0
10-235-01485,BIHAR,Aurangabad,Deo,0.0,0.0,,189,10,1485,,158578.88849021672,336990745.1586724,0.0,0.0,255,0.0
10-235-01486,BIHAR,Aurangabad,Madanpur,0.0,0.0,,189,10,1486,,153529.37367368402,418713952.50229967,0.0,0.0,306,0.0
10-236-01487,BIHAR,Gaya,Konch,0.0,0.0,,196,10,1487,,154041.56172387034,319288521.7326548,0.0,0.0,231,0.0
10-236-01488,BIHAR,Gaya,Tikari,0.0,0.0,,196,10,1488,,122221.36853604284,290576655.12704176,0.0,0.0,214,0.0
10-236-01489,BIHAR,Gaya,Belaganj,0.0,0.0,,196,10,1489,,113473.13279109563,240372540.95814112,0.0,0.0,176,0.0
10-236-01490,BIHAR,Gaya,Khizirsarai,0.0,0.0,,196,10,1490,,103698.13096672995,223124430.97950032,0.0,0.0,167,0.0
10-236-01492,BIHAR,Gaya,Muhra,0.0,0.0,,196,10,1492,,93681.45756176667,181269438.2139707,0.0,0.0,134,0.0
10-236-01493,BIHAR,Gaya,Atri,0.0,0.0,,196,10,1493,,103075.15367958385,161340647.62451813,0.0,0.0,120,0.0
10-236-01495,BIHAR,Gaya,Gaya Town C.D.Block,0.0,0.0,,196,10,1495,,91678.58033080616,224144813.6021213,0.0,0.0,167,0.0
10-236-01496,BIHAR,Gaya,Paraiya,0.0,0.0,,196,10,1496,,75593.31264449215,167300846.5298876,0.0,0.0,123,0.0
10-236-01497,BIHAR,Gaya,Guraru,0.0,0.0,,196,10,1497,,81292.54933661391,199646285.7542363,0.0,0.0,149,0.0
10-237-01512,BIHAR,Nawada,Nawada,0.0,0.0,,210,10,1512,,86822.75137888109,219317998.1072041,0.0,0.0,158,0.0
10-236-01498,BIHAR,Gaya,Gurua,0.0,0.0,,196,10,1498,,117859.62964526065,238015237.1519128,0.0,0.0,174,0.0
10-236-01499,BIHAR,Gaya,Amas,0.0,0.0,,196,10,1499,,100546.69423332924,128484051.44985774,0.0,0.0,97,0.0
10-237-01517,BIHAR,Nawada,Roh,0.0,0.0,,210,10,1517,,77804.52626079548,192537548.9783989,0.0,0.0,143,0.0
10-236-01500,BIHAR,Gaya,Banke Bazar,0.0,0.0,,196,10,1500,,85166.97220092022,256240042.68049288,0.0,0.0,184,0.0
10-236-01501,BIHAR,Gaya,Imamganj,0.0,0.0,,196,10,1501,,136271.57775821586,316917295.57645696,0.0,0.0,233,0.0
10-236-01502,BIHAR,Gaya,Dumaria,0.0,0.0,,196,10,1502,,119690.94596035974,390676703.928496,0.0,0.0,284,0.0
10-236-01503,BIHAR,Gaya,Sherghati,0.0,0.0,,196,10,1503,,100322.2973073121,167902109.12194017,0.0,0.0,122,0.0
10-238-01531,BIHAR,Jamui,Gidhaur,0.0,0.0,,198,10,1531,,55211.5633940527,100392309.18230554,0.0,0.0,79,0.0
10-236-01504,BIHAR,Gaya,Dobhi,0.0,0.0,,196,10,1504,,103572.88994215836,218837778.49499393,0.0,0.0,166,0.0
10-236-01505,BIHAR,Gaya,Bodh Gaya,0.0,0.0,,196,10,1505,,120948.91182130505,306843965.9119923,0.0,0.0,224,0.0
10-236-01506,BIHAR,Gaya,Tan Kuppa,0.0,0.0,,196,10,1506,,108147.94853451202,190099968.23000297,0.0,0.0,137,0.0
10-240-01542,BIHAR,Arwal,Arwal,0.0,0.0,,611,10,1542,,73924.8054791393,147787869.27798152,0.0,0.0,103,0.0
10-236-01507,BIHAR,Gaya,Wazirganj,0.0,0.0,,196,10,1507,,105472.06999302967,323030583.61833626,0.0,0.0,236,0.0
10-236-01508,BIHAR,Gaya,Fatehpur,0.0,0.0,,196,10,1508,,155359.44599717355,408449805.62920874,0.0,0.0,297,0.0
10-240-01543,BIHAR,Arwal,Kaler,0.0,0.0,,611,10,1543,,67777.19153730445,176075758.749563,0.0,0.0,131,0.0
10-236-01509,BIHAR,Gaya,Mohanpur,0.0,0.0,,196,10,1509,,119906.24818546322,418796109.2883684,0.0,0.0,308,0.0
10-240-01544,BIHAR,Arwal,Karpi,0.0,0.0,,611,10,1544,,158139.92638461498,234985661.7206014,0.0,0.0,172,0.0
10-236-01510,BIHAR,Gaya,Barachatti,0.0,0.0,,196,10,1510,,138753.78132836288,366328956.31361085,0.0,0.0,267,0.0
10-237-01513,BIHAR,Nawada,Warisaliganj,0.0,0.0,,210,10,1513,,109792.76918459819,202861050.3008767,0.0,0.0,154,0.0
10-237-01514,BIHAR,Nawada,Kashi Chak,0.0,0.0,,210,10,1514,,73948.94452619922,98983451.20841853,0.0,0.0,72,0.0
10-237-01515,BIHAR,Nawada,Pakribarawan,0.0,0.0,,210,10,1515,,104545.76938151139,251834567.85717744,0.0,0.0,181,0.0
10-237-01516,BIHAR,Nawada,Kawakol,0.0,0.0,,210,10,1516,,121170.20018263235,362955647.76482904,0.0,0.0,266,0.0
10-237-01518,BIHAR,Nawada,Gobindpur,0.0,0.0,,210,10,1518,,73133.35659787485,188189390.13263756,0.0,0.0,138,0.0
10-237-01519,BIHAR,Nawada,Akbarpur,0.0,0.0,,210,10,1519,,91268.2921062847,249541236.96202633,0.0,0.0,183,0.0
10-237-01520,BIHAR,Nawada,Hisua,0.0,0.0,,210,10,1520,,85113.4923130193,144090762.99664384,0.0,0.0,106,0.0
10-237-01521,BIHAR,Nawada,Narhat,0.0,0.0,,210,10,1521,,62856.50481924386,99624005.77002536,0.0,0.0,69,0.0
10-237-01522,BIHAR,Nawada,Meskaur,0.0,0.0,,210,10,1522,,75185.00287586387,145604023.18435815,0.0,0.0,109,0.0
10-237-01523,BIHAR,Nawada,Sirdala,0.0,0.0,,210,10,1523,,111278.51695598938,301894539.186342,0.0,0.0,225,0.0
10-237-01524,BIHAR,Nawada,Rajauli,0.0,0.0,,210,10,1524,,132370.86211000624,450216393.36794454,0.0,0.0,331,0.0
10-238-01525,BIHAR,Jamui,Islamnagar Aliganj,0.0,0.0,,198,10,1525,,96153.77396855215,213408239.47295904,0.0,0.0,156,0.0
10-238-01526,BIHAR,Jamui,Sikandra,0.0,0.0,,198,10,1526,,86788.2538333537,223096734.30010977,0.0,0.0,160,0.0
10-238-01527,BIHAR,Jamui,Jamui,0.0,0.0,,198,10,1527,,90084.78430112793,212157753.6648698,0.0,0.0,161,0.0
10-238-01528,BIHAR,Jamui,Barhat,0.0,0.0,,198,10,1528,,114104.37581341481,270298087.1382075,0.0,0.0,198,0.0
10-238-01529,BIHAR,Jamui,Lakshmipur,0.0,0.0,,198,10,1529,,112147.89260238525,307635253.00857943,0.0,0.0,222,0.0
10-238-01530,BIHAR,Jamui,Jhajha,0.0,0.0,,198,10,1530,,147664.43327942316,507112726.974952,0.0,0.0,366,0.0
10-238-01532,BIHAR,Jamui,Khaira,0.0,0.0,,198,10,1532,,142747.05687020053,513762691.7981683,0.0,0.0,379,0.0
10-238-01533,BIHAR,Jamui,Sono,0.0,0.0,,198,10,1533,,117724.39892386932,474283005.7300444,0.0,0.0,346,0.0
10-238-01534,BIHAR,Jamui,Chakai,0.0,0.0,,198,10,1534,,243956.2217086091,956725034.6798706,0.0,0.0,705,0.0
10-239-01535,BIHAR,Jehanabad,Ratni Faridpur,0.0,0.0,,199,10,1535,,82762.53932271499,155018952.20303965,0.0,0.0,112,0.0
10-239-01536,BIHAR,Jehanabad,Jehanabad,0.0,0.0,,199,10,1536,,97254.09844747804,201426556.69272655,0.0,0.0,147,0.0
10-239-01537,BIHAR,Jehanabad,Kako,0.0,0.0,,199,10,1537,,83599.3529020472,162373941.78194478,0.0,0.0,118,0.0
10-239-01538,BIHAR,Jehanabad,Modanganj,0.0,0.0,,199,10,1538,,66522.90037500951,97205276.85869928,0.0,0.0,73,0.0
10-239-01539,BIHAR,Jehanabad,Ghoshi,0.0,0.0,,199,10,1539,,82931.95174196921,112225161.55433495,0.0,0.0,81,0.0
10-239-01540,BIHAR,Jehanabad,Makhdumpur,0.0,0.0,,199,10,1540,,128831.72570768485,301471679.33572614,0.0,0.0,218,0.0
10-239-01541,BIHAR,Jehanabad,Hulasganj,0.0,0.0,,199,10,1541,,87179.53907708311,119677697.18988888,0.0,0.0,88,0.0
10-240-01545,BIHAR,Arwal,Sonbhadra Banshi Suryapur,0.0,0.0,,611,10,1545,,62692.97791397586,116643000.97724338,0.0,0.0,85,0.0
10-240-01546,BIHAR,Arwal,Kurtha,0.0,0.0,,611,10,1546,,71585.17106640573,106433073.5354984,0.0,0.0,79,0.0
10-224-01334,BIHAR,Bhagalpur,Gopalpur,0.0,0.0,,192,10,1334,,95407.9186210158,208941966.91883087,0.0,0.0,154,0.0
10-210-01127,BIHAR,Kishanganj,Kishanganj,0.0,0.0,,203,10,1127,,125268.33771117091,207105687.55921903,0.0,0.0,150,0.0
10-206-01064,BIHAR,Sitamarhi,Suppi,0.0,0.0,,221,10,1064,,71084.15120823232,92250451.53846286,0.0,0.0,68,0.0
10-234-01463,BIHAR,Rohtas,Nasriganj,0.0,0.0,,215,10,1463,,90034.07903274363,167356919.18355417,0.00014013628959655763,9.041050941713395e-05,124,0.01121090316772461
10-234-01464,BIHAR,Rohtas,Rajpur,0.0,0.0,,215,10,1464,,68660.48684625747,85633596.4997788,0.00014013628959655763,0.00014013628959655763,66,0.009248995113372804
10-234-01465,BIHAR,Rohtas,Sanjhauli,0.0,0.0,,215,10,1465,,56591.722358052,83833486.39015438,0.00014013628959655763,2.7123152825140188e-05,62,0.0016816354751586916
10-203-01023,BIHAR,Pashchim Champaran,Thakrahan,0.0,0.0,,211,10,1023,,79847.09402015881,199004696.79409248,7.532559037208557e-05,6.597482742934393e-05,145,0.009566349977254869
10-204-01054,BIHAR,Purbi Champaran,Phenhara,0.0,0.0,,213,10,1054,,44565.43736457999,67645025.94776015,0.0,0.0,51,0.0
10-219-01262,BIHAR,Saran,Maker,0.0,0.0,,218,10,1262,,62357.8736467211,96585777.9808088,0.0,0.0,68,0.0
10-220-01282,BIHAR,Vaishali,Sahdai Buzurg,0.0,0.0,,224,10,1282,,74546.65030748869,114161677.3631406,0.0,0.0,83,0.0
10-229-01388,BIHAR,Nalanda,Tharthari,0.0,0.0,,209,10,1388,,71853.42144919158,77411758.12428828,0.0002112987995147705,0.0001094225926058633,56,0.006127665185928345
10-229-01389,BIHAR,Nalanda,Parbalpur,0.0,0.0,,209,10,1389,,54466.2339431045,76043839.88376136,0.0002112987995147705,2.5948975379006905e-05,57,0.0014790915966033935
10-203-01022,BIHAR,Pashchim Champaran,Bhitaha,0.0,0.0,,211,10,1022,,72626.86760213553,166969906.7472905,7.532559037208557e-05,1.2965880309949157e-05,122,0.001581837397813797
10-203-01013,BIHAR,Pashchim Champaran,Sidhaw,0.0,0.0,,211,10,1013,,195582.3602130639,1085337194.6715722,0.0,0.0,778,0.0
10-203-01014,BIHAR,Pashchim Champaran,Ramnagar,0.0,0.0,,211,10,1014,,230865.78384139363,866139404.2451236,0.0,0.0,625,0.0
10-203-01015,BIHAR,Pashchim Champaran,Gaunaha,0.0,0.0,,211,10,1015,,136504.94021895694,605322845.3823951,0.0,0.0,436,0.0
10-203-01016,BIHAR,Pashchim Champaran,Mainatanr,0.0,0.0,,211,10,1016,,115419.13930249632,312998546.4010918,0.0,0.0,224,0.0
10-203-01017,BIHAR,Pashchim Champaran,Narkatiaganj,0.0,0.0,,211,10,1017,,149144.20649331805,441857686.2127825,0.0,0.0,316,0.0
10-203-01018,BIHAR,Pashchim Champaran,Lauriya,0.0,0.0,,211,10,1018,,120853.32018665274,255440417.54612216,0.0,0.0,183,0.0
10-203-01019,BIHAR,Pashchim Champaran,Bagaha,0.0,0.0,,211,10,1019,,135587.24079810514,491292931.53180623,0.0,0.0,350,0.0
10-203-01021,BIHAR,Pashchim Champaran,Madhubani,0.0,0.0,,211,10,1021,,144670.82201821523,386116138.1353823,0.0,0.0,278,0.0
10-203-01024,BIHAR,Pashchim Champaran,Jogapatti,0.0,0.0,,211,10,1024,,88530.23644360513,258722436.3759333,7.532559037208557e-05,1.1744312477368182e-05,186,0.0021844421207904818
10-203-01029,BIHAR,Pashchim Champaran,Bairia,0.0,0.0,,211,10,1029,,105039.82861382668,288505226.87341565,7.532559037208557e-05,1.621842854901364e-05,209,0.003389651566743851
10-203-01025,BIHAR,Pashchim Champaran,Chanpatia,0.0,0.0,,211,10,1025,,113543.7602983494,310017349.34780717,0.0,0.0,220,0.0
10-206-01071,BIHAR,Sitamarhi,Parsauni,0.0,0.0,,221,10,1071,,63729.135625112256,74724139.64418457,0.0,0.0,55,0.0
10-203-01026,BIHAR,Pashchim Champaran,Sikta,0.0,0.0,,211,10,1026,,93443.22825707054,255004178.86147365,0.0,0.0,185,0.0
10-203-01027,BIHAR,Pashchim Champaran,Majhaulia,0.0,0.0,,211,10,1027,,123374.4030721297,371511179.15939575,0.0,0.0,269,0.0
10-203-01028,BIHAR,Pashchim Champaran,Bettiah,0.0,0.0,,211,10,1028,,53968.26030594324,83182055.35378212,0.0,0.0,60,0.0
10-203-01030,BIHAR,Pashchim Champaran,Nautan,0.0,0.0,,211,10,1030,,122656.63983711715,245738630.13883996,0.0,0.0,178,0.0
10-204-01031,BIHAR,Purbi Champaran,Raxaul,0.0,0.0,,213,10,1031,,98709.78801801558,166685360.13968688,0.0,0.0,120,0.0
10-206-01072,BIHAR,Sitamarhi,Belsand,0.0,0.0,,221,10,1072,,66235.5873217276,97354060.86547032,0.0,0.0,71,0.0
10-206-01073,BIHAR,Sitamarhi,Runisaidpur,0.0,0.0,,221,10,1073,,152472.54206325076,334873257.0825382,0.0,0.0,239,0.0
10-204-01032,BIHAR,Purbi Champaran,Adapur,0.0,0.0,,213,10,1032,,94532.37688292323,199608924.7111849,0.0,0.0,147,0.0
10-206-01074,BIHAR,Sitamarhi,Dumra,0.0,0.0,,221,10,1074,,111649.34177378344,241159212.36062923,0.0,0.0,172,0.0
10-204-01033,BIHAR,Purbi Champaran,Ramgarhwa,0.0,0.0,,213,10,1033,,90718.26831189607,213035907.5226096,0.0,0.0,153,0.0
10-204-01034,BIHAR,Purbi Champaran,Sugauli,0.0,0.0,,213,10,1034,,84892.41923436844,209336830.19001696,0.0,0.0,150,0.0
10-204-01038,BIHAR,Purbi Champaran,Ghorasahan,0.0,0.0,,213,10,1038,,75335.10865687576,144368243.47105,0.0,0.0,104,0.0
10-204-01035,BIHAR,Purbi Champaran,Banjaria,0.0,0.0,,213,10,1035,,102381.40449613356,176960195.87167916,0.0,0.0,127,0.0
10-204-01047,BIHAR,Purbi Champaran,Kesaria,0.0,0.0,,213,10,1047,,87546.8206889307,229535442.11688668,0.0,0.0,168,0.0
10-204-01036,BIHAR,Purbi Champaran,Narkatia,0.0,0.0,,213,10,1036,,105607.09704406632,168338010.30978012,0.0,0.0,118,0.0
10-204-01037,BIHAR,Purbi Champaran,Bankatwa,0.0,0.0,,213,10,1037,,99233.37216886049,115311013.90225838,0.0,0.0,87,0.0
10-204-01039,BIHAR,Purbi Champaran,Dhaka,0.0,0.0,,213,10,1039,,97673.73467814895,202386545.86227983,0.0,0.0,148,0.0
10-204-01048,BIHAR,Purbi Champaran,Kalyanpur,0.0,0.0,,213,10,1048,,109413.20044555076,313300912.50613195,0.0,0.0,229,0.0
10-204-01040,BIHAR,Purbi Champaran,Chiraia,0.0,0.0,,213,10,1040,,110764.71696779084,272984575.32652414,0.0,0.0,194,0.0
10-204-01041,BIHAR,Purbi Champaran,Motihari,0.0,0.0,,213,10,1041,,181544.26702654368,319814691.13850176,0.0,0.0,239,0.0
10-204-01049,BIHAR,Purbi Champaran,Kotwa,0.0,0.0,,213,10,1049,,78879.98205471091,178282937.71225017,0.0,0.0,130,0.0
10-204-01042,BIHAR,Purbi Champaran,Turkaulia,0.0,0.0,,213,10,1042,,99475.78497366334,174748315.94966665,0.0,0.0,126,0.0
10-204-01050,BIHAR,Purbi Champaran,Piprakothi,0.0,0.0,,213,10,1050,,58369.33889310607,62223774.49301849,0.0,0.0,43,0.0
10-204-01043,BIHAR,Purbi Champaran,Harsidhi,0.0,0.0,,213,10,1043,,133904.34238337883,240218359.62130272,0.0,0.0,171,0.0
10-204-01044,BIHAR,Purbi Champaran,Paharpur,0.0,0.0,,213,10,1044,,108730.62076802726,192061375.0173064,0.0,0.0,139,0.0
10-204-01045,BIHAR,Purbi Champaran,Areraj,0.0,0.0,,213,10,1045,,93331.67353690567,242725576.26244012,0.0,0.0,176,0.0
10-204-01046,BIHAR,Purbi Champaran,Sangrampur,0.0,0.0,,213,10,1046,,78133.67961210197,187659878.02718252,0.0,0.0,136,0.0
10-204-01051,BIHAR,Purbi Champaran,Chakia(Pipra),0.0,0.0,,213,10,1051,,129110.66914194856,212940547.80779588,0.0,0.0,152,0.0
10-204-01052,BIHAR,Purbi Champaran,Pakri Dayal,0.0,0.0,,213,10,1052,,90143.40730437863,148110040.62869397,0.0,0.0,110,0.0
10-204-01053,BIHAR,Purbi Champaran,Patahi,0.0,0.0,,213,10,1053,,85994.51677214028,144960443.14880535,0.0,0.0,102,0.0
10-204-01055,BIHAR,Purbi Champaran,Madhuban,0.0,0.0,,213,10,1055,,112681.00006095257,152424272.44650427,0.0,0.0,108,0.0
10-204-01056,BIHAR,Purbi Champaran,Tetaria,0.0,0.0,,213,10,1056,,82320.72754353678,104458405.63845472,0.0,0.0,77,0.0
10-205-01058,BIHAR,Sheohar,Purnahiya,0.0,0.0,,220,10,1058,,57294.126150412616,80859097.14068061,0.0,0.0,57,0.0
10-204-01057,BIHAR,Purbi Champaran,Mehsi,0.0,0.0,,213,10,1057,,125063.78039343117,149773808.08158112,0.0,0.0,111,0.0
10-205-01059,BIHAR,Sheohar,Piprarhi,0.0,0.0,,220,10,1059,,105870.45511307275,104265216.9562483,0.0,0.0,74,0.0
10-205-01060,BIHAR,Sheohar,Sheohar,0.0,0.0,,220,10,1060,,81007.5322908237,115638983.35873616,0.0,0.0,80,0.0
10-205-01061,BIHAR,Sheohar,Dumri Katsari,0.0,0.0,,220,10,1061,,65038.65439014734,84655470.24819931,0.0,0.0,63,0.0
10-205-01062,BIHAR,Sheohar,Tariani Chowk,0.0,0.0,,220,10,1062,,97491.22869259815,171878914.60720828,0.0,0.0,126,0.0
10-206-01063,BIHAR,Sitamarhi,Bairgania,0.0,0.0,,221,10,1063,,59598.621146511534,94417571.99630062,0.0,0.0,67,0.0
10-206-01065,BIHAR,Sitamarhi,Majorganj,0.0,0.0,,221,10,1065,,62808.55729710282,95411217.42446172,0.0,0.0,64,0.0
10-206-01066,BIHAR,Sitamarhi,Sonbarsa,0.0,0.0,,221,10,1066,,92820.94699371175,224104085.6083578,0.0,0.0,159,0.0
10-206-01067,BIHAR,Sitamarhi,Parihar,0.0,0.0,,221,10,1067,,86838.20299610356,272812569.4060281,0.0,0.0,196,0.0
10-207-01095,BIHAR,Madhubani,Rajnagar,0.0,0.0,,206,10,1095,,78809.12744912357,223111125.2667772,0.0,0.0,161,0.0
10-206-01068,BIHAR,Sitamarhi,Sursand,0.0,0.0,,221,10,1068,,91215.71647520129,181412871.1123928,0.0,0.0,130,0.0
10-206-01069,BIHAR,Sitamarhi,Bathnaha,0.0,0.0,,221,10,1069,,120764.04051803834,251403523.12922087,0.0,0.0,189,0.0
10-206-01070,BIHAR,Sitamarhi,Riga,0.0,0.0,,221,10,1070,,129433.73210860479,163724219.02092636,0.0,0.0,121,0.0
10-210-01123,BIHAR,Kishanganj,Thakurganj,0.0,0.0,,203,10,1123,,224971.2940646554,491161543.46963537,0.004210342359542847,0.0013802499746159744,363,0.5010307407855987
10-210-01124,BIHAR,Kishanganj,Pothia,0.0,0.0,,203,10,1124,,167388.9118766352,443844792.4531903,0.004210342359542847,0.0008786461300320095,315,0.276773530960083
10-210-01125,BIHAR,Kishanganj,Bahadurganj,0.0,0.0,,203,10,1125,,155296.13881782343,347494200.8377232,0.0003467319488525391,0.00024067276449764476,255,0.061371554946899415
10-210-01126,BIHAR,Kishanganj,Kochadhamin,0.0,0.0,,203,10,1126,,139640.52665725534,360840233.8364798,0.0020076478958129884,0.0005759802602716789,261,0.1503308479309082
10-211-01128,BIHAR,Purnia,Banmankhi,0.0,0.0,,214,10,1128,,142815.61519736593,459936087.34673214,0.002986635780334473,0.0007595169448567008,334,0.2536786595821381
10-206-01075,BIHAR,Sitamarhi,Bajpatti,0.0,0.0,,221,10,1075,,90407.29439213518,174303329.1783474,0.0,0.0,123,0.0
10-206-01076,BIHAR,Sitamarhi,Charaut,0.0,0.0,,221,10,1076,,85128.15752493152,91349700.81924292,0.0,0.0,68,0.0
10-206-01077,BIHAR,Sitamarhi,Pupri,0.0,0.0,,221,10,1077,,73992.24203369493,115338203.66308306,0.0,0.0,81,0.0
10-206-01078,BIHAR,Sitamarhi,Nanpur,0.0,0.0,,221,10,1078,,73315.01223618646,135892566.9983101,0.0,0.0,96,0.0
10-220-01283,BIHAR,Vaishali,Mahnar,0.0,0.0,,224,10,1283,,81638.1139853176,126474580.44313861,0.0,0.0,94,0.0
10-206-01079,BIHAR,Sitamarhi,Bokhara,0.0,0.0,,221,10,1079,,81978.13188098712,108574895.39827529,0.0,0.0,79,0.0
10-207-01080,BIHAR,Madhubani,Madhwapur,0.0,0.0,,206,10,1080,,88808.76172423853,137557654.90878707,0.0,0.0,98,0.0
10-207-01081,BIHAR,Madhubani,Harlakhi,0.0,0.0,,206,10,1081,,90217.76640094945,187441757.00046396,0.0,0.0,137,0.0
10-207-01082,BIHAR,Madhubani,Basopatti,0.0,0.0,,206,10,1082,,97634.90682970545,164238774.4639331,0.0,0.0,119,0.0
10-207-01089,BIHAR,Madhubani,Khajauli,0.0,0.0,,206,10,1089,,91171.28062794723,150968724.81279027,0.0,0.0,109,0.0
10-207-01083,BIHAR,Madhubani,Jainagar,0.0,0.0,,206,10,1083,,81489.61423509955,161880108.8306139,0.0,0.0,117,0.0
10-207-01090,BIHAR,Madhubani,Kaluahi,0.0,0.0,,206,10,1090,,62305.281593423286,101560283.08963235,0.0,0.0,76,0.0
10-207-01084,BIHAR,Madhubani,Ladania,0.0,0.0,,206,10,1084,,97928.14946240213,232665607.5684243,0.022567503356933596,0.0013594881540321443,166,0.22567503356933596
10-207-01085,BIHAR,Madhubani,Laukaha,0.0,0.0,,206,10,1085,,102032.19667129294,266340932.00179368,0.022567503356933596,0.022567503356933596,193,4.355528147888184
10-207-01086,BIHAR,Madhubani,Laukahi,0.0,0.0,,206,10,1086,,109679.24973352649,329223432.564553,0.023088868713378907,0.018155259241031695,237,4.302796440124512
10-207-01087,BIHAR,Madhubani,Phulparas,0.0,0.0,,206,10,1087,,117974.41186319289,199352334.8677591,0.022567503356933596,0.011902039441670459,146,1.7376977584838869
10-207-01088,BIHAR,Madhubani,Babubarhi,0.0,0.0,,206,10,1088,,118996.04641992833,237192379.86086744,0.022567503356933596,0.0026089599256570637,173,0.451350067138672
10-207-01091,BIHAR,Madhubani,Benipatti,0.0,0.0,,206,10,1091,,128414.2409747215,328987645.9449377,0.0,0.0,232,0.0
10-207-01092,BIHAR,Madhubani,Bisfi,0.0,0.0,,206,10,1092,,99754.46134559005,226192948.413646,0.0,0.0,163,0.0
10-207-01093,BIHAR,Madhubani,Madhubani,0.0,0.0,,206,10,1093,,109764.71764889831,200359220.56727448,0.0,0.0,141,0.0
10-207-01094,BIHAR,Madhubani,Pandaul,0.0,0.0,,206,10,1094,,102372.75527307783,208327489.63825428,0.0,0.0,150,0.0
10-207-01096,BIHAR,Madhubani,Andhratharhi,0.0,0.0,,206,10,1096,,97300.5167595078,186769445.10608673,0.022567503356933596,0.0005168130539755785,131,0.06770251007080079
10-207-01097,BIHAR,Madhubani,Jhanjharpur,0.0,0.0,,206,10,1097,,125261.96837896874,181284371.95402232,0.0,0.0,131,0.0
10-207-01098,BIHAR,Madhubani,Ghoghardiha,0.0,0.0,,206,10,1098,,114215.40677637524,211228851.4219488,0.0,0.0,154,0.0
10-207-01099,BIHAR,Madhubani,Lakhnaur,0.0,0.0,,206,10,1099,,72956.74167609161,146945623.14022,0.0,0.0,110,0.0
10-207-01100,BIHAR,Madhubani,Madhepur,0.0,0.0,,206,10,1100,,144505.38034518834,300452948.5687113,0.0,0.0,210,0.0
10-208-01101,BIHAR,Supaul,Nirmali,0.0,0.0,,223,10,1101,,123310.21889922836,162734364.67066902,0.023088868713378907,0.011248423219338442,117,1.3160655166625976
10-208-01102,BIHAR,Supaul,Basantpur,0.0,0.0,,223,10,1102,,136288.63693043106,319456339.75100917,0.023088868713378907,0.0038246517429104104,231,0.8834945526123048
10-208-01103,BIHAR,Supaul,Chhatapur,0.0,0.0,,223,10,1103,,142271.17176584958,398825687.2446475,0.0012749759674072266,0.00014921753926260662,289,0.043123868846893315
10-208-01104,BIHAR,Supaul,Pratapganj,0.0,0.0,,223,10,1104,,71155.69013184242,133032565.19323792,0.0,0.0,98,0.0
10-208-01105,BIHAR,Supaul,Raghopur,0.0,0.0,,223,10,1105,,111831.20983491397,255841046.48838165,0.023088868713378907,0.0005449547981303898,183,0.09972672805786134
10-221-01285,BIHAR,Samastipur,Warisnagar,0.0,0.0,,217,10,1285,,90241.30323013186,163846086.5162723,0.0,0.0,119,0.0
10-208-01106,BIHAR,Supaul,Saraigarh Bhaptiyahi,0.0,0.0,,223,10,1106,,105489.5116383213,257042943.27229512,0.023088868713378907,0.0031033425690025415,186,0.5772217178344727
10-208-01107,BIHAR,Supaul,Kishanpur,0.0,0.0,,223,10,1107,,125516.73810076228,248613546.3002807,0.0,0.0,177,0.0
10-208-01108,BIHAR,Supaul,Marauna,0.0,0.0,,223,10,1108,,114969.59778192453,206419565.01179272,0.0,0.0,154,0.0
10-208-01109,BIHAR,Supaul,Supaul,0.0,0.0,,223,10,1109,,122628.008173687,390920691.5720901,0.0,0.0,289,0.0
10-208-01110,BIHAR,Supaul,Pipra,0.0,0.0,,223,10,1110,,113516.78657800167,247320462.25611627,0.0,0.0,180,0.0
10-221-01287,BIHAR,Samastipur,Khanpur,0.0,0.0,,217,10,1287,,89337.20668890505,173313349.37261373,0.0010373589515686036,0.0006998056419312009,126,0.08817551088333131
10-208-01111,BIHAR,Supaul,Tribeniganj,0.0,0.0,,223,10,1111,,136684.8917573132,402291551.99740016,0.000530324411392212,0.0001975001256219272,290,0.05727503643035889
10-209-01112,BIHAR,Araria,Narpatganj,0.0,0.0,,188,10,1112,,196352.82868709194,482872068.7863751,0.0012749759674072266,0.00024250263357025062,347,0.08414841384887696
10-209-01113,BIHAR,Araria,Forbesganj,0.0,0.0,,188,10,1113,,165874.55860340688,546946456.996027,8.675172924995423e-05,9.154705096728838e-06,398,0.0036435726284980777
10-209-01114,BIHAR,Araria,Bhargama,0.0,0.0,,188,10,1114,,140909.75235341018,280499778.1128878,0.000530324411392212,0.00010918443763957305,204,0.022273625278472903
10-209-01115,BIHAR,Araria,Raniganj,0.0,0.0,,188,10,1115,,160625.61646677545,576910744.770993,0.0003491501808166504,4.674970316035406e-05,420,0.019634875327348707
10-209-01116,BIHAR,Araria,Araria,0.0,0.0,,188,10,1116,,192057.15187743204,506918787.2643526,0.0003491501808166504,0.00019879514520818538,363,0.0721626377105713
10-209-01117,BIHAR,Araria,Kursakatta,0.0,0.0,,188,10,1117,,96566.38525637137,201032230.408231,8.675172924995423e-05,4.515843440408576e-05,146,0.006593131422996521
10-209-01118,BIHAR,Araria,Sikti,0.0,0.0,,188,10,1118,,116798.35346995249,237753016.2819182,0.0003467319488525391,5.569386648183519e-05,176,0.009802120500802994
10-209-01119,BIHAR,Araria,Palasi,0.0,0.0,,188,10,1119,,132578.70192307016,306240761.34804773,0.0003467319488525391,0.00017656307783993808,220,0.038843877124786375
10-209-01120,BIHAR,Araria,Jokihat,0.0,0.0,,188,10,1120,,155370.9524619173,341005127.7602247,0.0020076478958129884,0.0005183396902862861,245,0.12699322412014008
10-210-01121,BIHAR,Kishanganj,Terhagachh,0.0,0.0,,203,10,1121,,121953.02658094271,245208326.38245347,0.0003467319488525391,0.00024397890638099627,178,0.043428245335817336
10-210-01122,BIHAR,Kishanganj,Dighalbank,0.0,0.0,,203,10,1122,,147432.83262190674,314385668.4331173,0.0003467319488525391,9.018140373743171e-05,223,0.02011045303344727
10-211-01129,BIHAR,Purnia,Barhara,0.0,0.0,,214,10,1129,,111073.17449432175,288009141.38478667,0.002986635780334473,0.001975435837376061,209,0.41286609001159674
10-211-01130,BIHAR,Purnia,Bhawanipur,0.0,0.0,,214,10,1130,,116656.34435182877,201938838.4795833,0.014066815185546876,0.005604653514161403,147,0.8238840665817262
10-211-01131,BIHAR,Purnia,Rupauli,0.0,0.0,,214,10,1131,,113946.660566684,308195114.8462847,0.014066815185546876,0.006171467163085939,225,1.3885801116943361
10-211-01132,BIHAR,Purnia,Dhamdaha,0.0,0.0,,214,10,1132,,135370.01293426772,446856166.039676,0.0030329437255859374,0.0029591062778379857,328,0.9705868591308593
10-211-01133,BIHAR,Purnia,Krityanand Nagar,0.0,0.0,,214,10,1133,,149407.41850079046,364443041.21247435,0.002986635780334473,0.0023283311037747365,265,0.6170077425003052
10-211-01134,BIHAR,Purnia,Purnia East,0.0,0.0,,214,10,1134,,127662.13358515713,309272824.56310594,0.004037249374389648,0.002561559094880757,228,0.5840354736328126
10-211-01135,BIHAR,Purnia,Kasba,0.0,0.0,,214,10,1135,,130095.64608516233,215123054.3424731,0.004037249374389648,0.0012751499759163828,157,0.2001985462188721
10-211-01136,BIHAR,Purnia,Srinagar,0.0,0.0,,214,10,1136,,106220.57404900706,172405807.6412187,0.0024795763015747073,0.0007616763828307625,127,0.09673290061950685
10-211-01137,BIHAR,Purnia,Jalalgarh,0.0,0.0,,214,10,1137,,87146.39992638786,142107808.6772385,0.0003491501808166504,0.0003491501808166504,99,0.03456586790084839
10-211-01138,BIHAR,Purnia,Amour,0.0,0.0,,214,10,1138,,141371.93624621196,307011870.96961224,0.0020076478958129884,0.0018315242446629348,226,0.41392447929382326
10-211-01139,BIHAR,Purnia,Baisa,0.0,0.0,,214,10,1139,,132173.35304950457,275191667.549805,0.0020076478958129884,0.002007647895812988,197,0.39550663547515863
10-211-01140,BIHAR,Purnia,Baisi,0.0,0.0,,214,10,1140,,118169.54825440844,253873549.02719215,0.004037249374389648,0.003375186859987636,187,0.631159942817688
10-211-01141,BIHAR,Purnia,Dagarua,0.0,0.0,,214,10,1141,,129309.28146976323,257465778.6329552,0.004037249374389648,0.003470024931430817,184,0.6384845873832703
10-212-01142,BIHAR,Katihar,Falka,0.0,0.0,,201,10,1142,,100518.70580952488,208374539.8829749,0.0037990459442138673,0.002993933114310764,151,0.4520839002609253
10-212-01143,BIHAR,Katihar,Korha,0.0,0.0,,201,10,1143,,137118.64195203967,368801327.90483874,0.0037990459442138673,0.0032585343188465303,271,0.8830628004074097
10-212-01144,BIHAR,Katihar,Hasanganj,0.0,0.0,,201,10,1144,,78227.29832785497,86155111.41022065,0.004626994323730469,0.0031146154880523683,60,0.1868769292831421
10-212-01145,BIHAR,Katihar,Kadwa,0.0,0.0,,201,10,1145,,157692.68144088247,420129854.10490626,0.004626994323730469,0.004126742045084635,303,1.2504028396606444
10-212-01146,BIHAR,Katihar,Balrampur,0.0,0.0,,201,10,1146,,141815.18317465586,216253207.31133217,0.004037249374389648,0.004010797585651373,157,0.6296952209472656
10-212-01147,BIHAR,Katihar,Barsoi,0.0,0.0,,201,10,1147,,172308.8160052511,357713388.6445612,0.009012912273406982,0.006533954782665901,265,1.7314980174064636
10-212-01148,BIHAR,Katihar,Azamnagar,0.0,0.0,,201,10,1148,,141791.77759222616,349759708.1212404,0.009012912273406982,0.0054375232590147225,251,1.3648183380126953
10-221-01290,BIHAR,Samastipur,Tajpur,0.0,0.0,,217,10,1290,,57166.77792153786,83856612.1105223,0.0,0.0,61,0.0
10-212-01149,BIHAR,Katihar,Pranpur,0.0,0.0,,201,10,1149,,111803.70370561493,191475637.62126103,0.004626994323730469,0.004626994323730469,135,0.6246442337036133
10-212-01150,BIHAR,Katihar,Dandkhora,0.0,0.0,,201,10,1150,,70987.07501110679,111201189.06340708,0.004626994323730469,0.004506019163720403,81,0.3649875522613526
10-212-01151,BIHAR,Katihar,Katihar,0.0,0.0,,201,10,1151,,76845.81968857624,136830037.77828172,0.004626994323730469,0.0038315145081164793,102,0.39081447982788087
10-212-01152,BIHAR,Katihar,Mansahi,0.0,0.0,,201,10,1152,,73279.06289841712,97405011.1871763,0.004626994323730469,0.004008948350288498,71,0.28463533287048337
10-212-01155,BIHAR,Katihar,Kursela,0.0,0.0,,201,10,1155,,80348.39413748268,153683091.52761996,0.0038373062133789065,0.0030468120443409887,116,0.35343019714355467
10-212-01153,BIHAR,Katihar,Barari,0.0,0.0,,201,10,1153,,107333.93297446336,407446973.1478653,0.0037990459442138673,0.0036665113099954897,295,1.0816208364486695
10-212-01154,BIHAR,Katihar,Sameli,0.0,0.0,,201,10,1154,,75105.36277909,118027198.2496544,0.0030329437255859374,0.0030329437255859374,83,0.2517343292236328
10-212-01156,BIHAR,Katihar,Manihari,0.0,0.0,,201,10,1156,,130162.81635074862,303859830.4099729,0.0066599792480468755,0.004524712549673546,222,1.0044861860275272
10-212-01157,BIHAR,Katihar,Amdabad,0.0,0.0,,201,10,1157,,103742.71814675455,228302986.79665467,0.0066599792480468755,0.006383300826394347,169,1.0787778396606447
10-213-01158,BIHAR,Madhepura,Gamharia,0.0,0.0,,205,10,1158,,80141.00377515821,125479849.27382244,0.0,0.0,93,0.0
10-213-01160,BIHAR,Madhepura,Ghailarh,0.0,0.0,,205,10,1160,,78865.70647224285,116219722.2388165,0.0,0.0,83,0.0
10-213-01159,BIHAR,Madhepura,Singheshwar,0.0,0.0,,205,10,1159,,111627.30849980874,111167268.35246354,0.0,0.0,80,0.0
10-216-01210,BIHAR,Muzaffarpur,Bandra,0.0,0.0,,208,10,1210,,74293.85759884378,142020443.31484023,0.0,0.0,105,0.0
10-213-01161,BIHAR,Madhepura,Madhepura,0.0,0.0,,205,10,1161,,115084.47931226583,237801277.85767865,0.000530324411392212,5.2112803431604644e-05,173,0.009015514993667604
10-213-01162,BIHAR,Madhepura,Shankarpur,0.0,0.0,,205,10,1162,,63984.56408470212,128790837.874554,0.000530324411392212,0.0002337989340546311,93,0.021743300867080692
10-213-01163,BIHAR,Madhepura,Kumarkhand,0.0,0.0,,205,10,1163,,118191.24796123093,316976886.68211347,0.000530324411392212,0.000530324411392212,230,0.12197461462020875
10-213-01164,BIHAR,Madhepura,Murliganj,0.0,0.0,,205,10,1164,,94211.11378994165,247086114.21145928,0.0016900665283203127,0.0010560619921154446,180,0.19009115858078002
10-221-01293,BIHAR,Samastipur,Mohanpur,0.0,0.0,,217,10,1293,,74468.46489139357,163000016.77407515,0.002972456741333008,0.0008598015367492172,121,0.10403598594665528
10-213-01165,BIHAR,Madhepura,Gwalpara,0.0,0.0,,205,10,1165,,78037.2495556277,147267353.58482873,0.0016900665283203127,0.0012988474245424625,108,0.14027552185058595
10-214-01172,BIHAR,Saharsa,Satar Kataiya,0.0,0.0,,216,10,1172,,77878.75925155886,177382280.64763528,0.0,0.0,132,0.0
10-213-01166,BIHAR,Madhepura,Bihariganj,0.0,0.0,,205,10,1166,,79669.40805645821,133818744.70956944,0.0016900665283203127,0.001690066528320313,97,0.16393645324707035
10-216-01211,BIHAR,Muzaffarpur,Dholi (Moraul),0.0,0.0,,208,10,1211,,63030.361633940505,73298422.6275262,0.0,0.0,52,0.0
10-213-01167,BIHAR,Madhepura,Kishanganj,0.0,0.0,,205,10,1167,,99817.47531025465,188055937.5971522,0.014066815185546876,0.0016277229309082035,135,0.21974259567260745
10-216-01212,BIHAR,Muzaffarpur,Musahri,0.0,0.0,,208,10,1212,,211487.75457487197,365415439.5943066,0.0,0.0,262,0.0
10-213-01168,BIHAR,Madhepura,Puraini,0.0,0.0,,205,10,1168,,63416.842365887525,103114850.3546553,0.014066815185546876,0.013241698608398439,75,0.993127395629883
10-214-01174,BIHAR,Saharsa,Kahara,0.0,0.0,,216,10,1174,,81070.16203244023,176788302.3737116,0.0,0.0,132,0.0
10-213-01169,BIHAR,Madhepura,Alamnagar,0.0,0.0,,205,10,1169,,94357.42058114092,211989804.11375904,0.014066815185546876,0.010726058803330985,151,1.6196348793029787
10-213-01170,BIHAR,Madhepura,Chausa,0.0,0.0,,205,10,1170,,87285.75133964,172516848.53860697,0.014066815185546876,0.014066815185546876,124,1.7442850830078127
10-214-01171,BIHAR,Saharsa,Nauhatta,0.0,0.0,,216,10,1171,,93228.84620468391,212763144.21707585,0.0,0.0,151,0.0
10-217-01227,BIHAR,Gopalganj,Sidhwalia,0.0,0.0,,197,10,1227,,69457.48217743407,152022198.31601515,0.0,0.0,108,0.0
10-214-01173,BIHAR,Saharsa,Mahishi,0.0,0.0,,216,10,1173,,106372.46434789852,273075178.2794974,0.00032127950191497806,1.977104627169096e-05,195,0.003855354022979737
10-214-01175,BIHAR,Saharsa,Saur Bazar,0.0,0.0,,216,10,1175,,88121.22998090234,233228921.9025612,0.0,0.0,169,0.0
10-214-01176,BIHAR,Saharsa,Patarghat,0.0,0.0,,216,10,1176,,67497.21582029684,149681422.04156074,0.0,0.0,104,0.0
10-214-01177,BIHAR,Saharsa,Sonbarsa,0.0,0.0,,216,10,1177,,90185.02153799882,263952116.041209,0.0,0.0,190,0.0
10-216-01199,BIHAR,Muzaffarpur,Sahebganj,0.0,0.0,,208,10,1199,,80060.99972290538,253055918.70266867,0.0,0.0,184,0.0
10-214-01178,BIHAR,Saharsa,Simri Bakhtiarpur,0.0,0.0,,216,10,1178,,119116.35548129058,266466354.66217396,0.0,0.0,190,0.0
10-214-01179,BIHAR,Saharsa,Salkhua,0.0,0.0,,216,10,1179,,82412.26684571667,221182533.93573853,0.00549988021850586,0.0005771479241641952,162,0.09349796371459962
10-214-01180,BIHAR,Saharsa,Banma Itahri,0.0,0.0,,216,10,1180,,54286.501575749484,92822449.4552088,0.0,0.0,70,0.0
10-215-01181,BIHAR,Darbhanga,Jale,0.0,0.0,,195,10,1181,,112473.57051363293,234172285.01568127,0.0,0.0,178,0.0
10-215-01182,BIHAR,Darbhanga,Singhwara,0.0,0.0,,195,10,1182,,121368.62688362494,223279889.67870736,0.0,0.0,156,0.0
10-215-01183,BIHAR,Darbhanga,Keotiranway,0.0,0.0,,195,10,1183,,89515.08566239705,180205403.4644349,0.0,0.0,130,0.0
10-215-01184,BIHAR,Darbhanga,Darbhanga,0.0,0.0,,195,10,1184,,131883.04966973627,240721362.1475316,0.0,0.0,176,0.0
10-215-01185,BIHAR,Darbhanga,Manigachhi,0.0,0.0,,195,10,1185,,96856.01003306538,158887287.31255177,0.0,0.0,115,0.0
10-215-01186,BIHAR,Darbhanga,Tardih,0.0,0.0,,195,10,1186,,96398.42232606321,109520018.96976715,0.0,0.0,80,0.0
10-215-01187,BIHAR,Darbhanga,Alinagar,0.0,0.0,,195,10,1187,,105560.56246873255,146523357.5416611,0.0,0.0,104,0.0
10-215-01188,BIHAR,Darbhanga,Benipur,0.0,0.0,,195,10,1188,,118482.30854716274,204643530.87647069,0.0,0.0,150,0.0
10-215-01189,BIHAR,Darbhanga,Bahadurpur,0.0,0.0,,195,10,1189,,155637.00049509996,221161760.4253616,0.0,0.0,162,0.0
10-215-01190,BIHAR,Darbhanga,Hanumannagar,0.0,0.0,,195,10,1190,,114393.83215098479,181536916.32106537,0.0,0.0,129,0.0
10-215-01191,BIHAR,Darbhanga,Hayaghat,0.0,0.0,,195,10,1191,,66118.49929402806,108810529.75916524,0.0,0.0,84,0.0
10-215-01192,BIHAR,Darbhanga,Baheri,0.0,0.0,,195,10,1192,,128629.1579498372,271307286.95794886,0.0,0.0,193,0.0
10-215-01193,BIHAR,Darbhanga,Biraul,0.0,0.0,,195,10,1193,,135706.32971678255,230203939.26841983,0.0,0.0,164,0.0
10-215-01194,BIHAR,Darbhanga,Ghanshyampur,0.0,0.0,,195,10,1194,,76766.91373126305,103945643.9979024,0.0,0.0,78,0.0
10-215-01195,BIHAR,Darbhanga,Kiratpur,0.0,0.0,,195,10,1195,,78793.19278562842,78915927.53877336,0.0,0.0,57,0.0
10-215-01196,BIHAR,Darbhanga,Gora Bauram,0.0,0.0,,195,10,1196,,99804.03366816713,145653476.81698695,0.00032127950191497806,3.0026121674297016e-06,107,0.00032127950191497806
10-215-01197,BIHAR,Darbhanga,Kusheshwar Asthan,0.0,0.0,,195,10,1197,,87220.16498537568,144130520.9401011,0.00032127950191497806,0.0002557759141459049,103,0.026344919157028204
10-215-01198,BIHAR,Darbhanga,Kusheshwar Asthan Purbi,0.0,0.0,,195,10,1198,,91858.86035222423,150084285.43545517,0.00032127950191497806,0.00022948535851069862,112,0.025702360153198246
10-216-01200,BIHAR,Muzaffarpur,Baruraj (Motipur),0.0,0.0,,208,10,1200,,125110.13599018812,365259305.4740948,0.0,0.0,263,0.0
10-216-01201,BIHAR,Muzaffarpur,Paroo,0.0,0.0,,208,10,1201,,136934.87791145188,413033977.3448192,0.0,0.0,300,0.0
10-216-01202,BIHAR,Muzaffarpur,Saraiya,0.0,0.0,,208,10,1202,,155820.80051537574,301402655.1404849,0.0,0.0,218,0.0
10-216-01203,BIHAR,Muzaffarpur,Marwan,0.0,0.0,,208,10,1203,,84959.92762229654,138736310.53842777,0.0,0.0,100,0.0
10-216-01204,BIHAR,Muzaffarpur,Kanti,0.0,0.0,,208,10,1204,,97122.90469976026,124757584.36625764,0.0,0.0,92,0.0
10-216-01205,BIHAR,Muzaffarpur,Minapur,0.0,0.0,,208,10,1205,,166218.11946715685,316124209.98756105,0.0,0.0,224,0.0
10-216-01206,BIHAR,Muzaffarpur,Bochaha,0.0,0.0,,208,10,1206,,126044.68100944142,233148755.94160384,0.0,0.0,170,0.0
10-216-01207,BIHAR,Muzaffarpur,Aurai,0.0,0.0,,208,10,1207,,101267.16719990574,247748190.77792475,0.0,0.0,184,0.0
10-216-01208,BIHAR,Muzaffarpur,Katra,0.0,0.0,,208,10,1208,,118891.9342746819,235108975.17115793,0.0,0.0,172,0.0
10-216-01209,BIHAR,Muzaffarpur,Gaighat,0.0,0.0,,208,10,1209,,111008.49869520529,259762671.68662548,0.0,0.0,191,0.0
10-216-01213,BIHAR,Muzaffarpur,Kurhani,0.0,0.0,,208,10,1213,,108106.10574110712,256354911.2077163,0.0,0.0,183,0.0
10-216-01214,BIHAR,Muzaffarpur,Sakra,0.0,0.0,,208,10,1214,,105121.4777371614,236360031.18726787,0.0,0.0,174,0.0
10-217-01215,BIHAR,Gopalganj,Katiya,0.0,0.0,,197,10,1215,,94755.55253264701,158441587.458013,0.00017452809810638428,0.00011731233487958494,115,0.013490918511152267
10-217-01216,BIHAR,Gopalganj,Bijaipur,0.0,0.0,,197,10,1216,,81309.59717969262,163112176.36717936,0.0001083876132965088,0.0001083876132965088,117,0.01268135075569153
10-217-01217,BIHAR,Gopalganj,Bhorey,0.0,0.0,,197,10,1217,,78790.65552761848,196013266.46535653,0.00017452809810638428,0.0001407542335226181,141,0.01984634692668915
10-217-01218,BIHAR,Gopalganj,Pach Deuri,0.0,0.0,,197,10,1218,,53698.212932643866,118295317.11973979,0.00017452809810638428,0.00017452809810638428,87,0.015183944535255432
10-217-01219,BIHAR,Gopalganj,Kuchaikote,0.0,0.0,,197,10,1219,,101077.28158428885,316078491.04748106,0.00017452809810638428,0.00014635315850176618,223,0.03263675434589386
10-217-01220,BIHAR,Gopalganj,Phulwaria,0.0,0.0,,197,10,1220,,81339.22200232239,118763292.85091434,0.00017452809810638428,0.00017452809810638428,86,0.015009416437149047
10-217-01221,BIHAR,Gopalganj,Hathua,0.0,0.0,,197,10,1221,,91546.96202775641,183613061.83342972,0.00017452809810638428,5.907104858985314e-05,130,0.007679236316680908
10-217-01222,BIHAR,Gopalganj,Uchkagaon,0.0,0.0,,197,10,1222,,80102.93001981139,142235093.67043933,0.00017452809810638428,0.00015984816462080056,107,0.01710375361442566
10-217-01223,BIHAR,Gopalganj,Thawe,0.0,0.0,,197,10,1223,,57244.55575246375,89300191.60424533,0.00017452809810638428,2.953552429492657e-05,65,0.001919809079170227
10-217-01224,BIHAR,Gopalganj,Gopalganj,0.0,0.0,,197,10,1224,,110313.13172782106,244420793.60160467,0.0,0.0,177,0.0
10-218-01232,BIHAR,Siwan,Goriakothi,0.0,0.0,,222,10,1232,,73201.39147651673,174963939.23516312,0.0,0.0,128,0.0
10-217-01225,BIHAR,Gopalganj,Manjha,0.0,0.0,,197,10,1225,,80242.78538873792,179389027.9828925,0.0,0.0,131,0.0
10-217-01226,BIHAR,Gopalganj,Barauli,0.0,0.0,,197,10,1226,,105754.79057670098,232227972.12586737,0.0,0.0,166,0.0
10-217-01228,BIHAR,Gopalganj,Baikunthpur,0.0,0.0,,197,10,1228,,97825.58906166903,256614409.24172768,0.0,0.0,179,0.0
10-218-01229,BIHAR,Siwan,Nautan,0.0,0.0,,222,10,1229,,58324.35348563096,81827813.66620097,0.0,0.0,58,0.0
10-218-01230,BIHAR,Siwan,Siwan,0.0,0.0,,222,10,1230,,92599.06904644772,168879532.28230655,0.0,0.0,121,0.0
10-218-01235,BIHAR,Siwan,Bhagwanpur Hat,0.0,0.0,,222,10,1235,,86430.4184146014,189582799.91524476,0.0,0.0,136,0.0
10-218-01231,BIHAR,Siwan,Barharia,0.0,0.0,,222,10,1231,,90315.6629531122,219606934.01516393,0.0,0.0,156,0.0
10-218-01233,BIHAR,Siwan,Lakri Nabiganj,0.0,0.0,,222,10,1233,,79648.98713303795,120773104.6039552,0.0,0.0,93,0.0
10-218-01234,BIHAR,Siwan,Basantpur,0.0,0.0,,222,10,1234,,57871.378293950496,76675463.02480637,0.0,0.0,53,0.0
10-218-01236,BIHAR,Siwan,Maharajganj,0.0,0.0,,222,10,1236,,119387.58843212528,142817377.5161484,0.0,0.0,103,0.0
10-218-01237,BIHAR,Siwan,Pachrukhi,0.0,0.0,,222,10,1237,,99183.2392802834,160709761.40986398,0.0,0.0,118,0.0
10-218-01238,BIHAR,Siwan,Hussainganj,0.0,0.0,,222,10,1238,,68784.84800107122,105975934.30464326,0.0,0.0,77,0.0
10-218-01239,BIHAR,Siwan,Ziradei,0.0,0.0,,222,10,1239,,98825.50869312549,152221780.48504183,0.0,0.0,109,0.0
10-218-01240,BIHAR,Siwan,Mairwa,0.0,0.0,,222,10,1240,,65279.2242200428,88898123.37504825,0.0,0.0,68,0.0
10-218-01242,BIHAR,Siwan,Darauli,0.0,0.0,,222,10,1242,,90305.00161970501,214758375.6239279,0.0,0.0,156,0.0
10-218-01241,BIHAR,Siwan,Guthani,0.0,0.0,,222,10,1241,,78778.78773845347,115110806.99004474,0.0,0.0,79,0.0
10-219-01248,BIHAR,Saran,Mashrakh,0.0,0.0,,218,10,1248,,82075.7710341599,165898243.02109933,0.0,0.0,121,0.0
10-218-01243,BIHAR,Siwan,Andar,0.0,0.0,,222,10,1243,,83358.60866933218,125625010.62434034,0.0,0.0,88,0.0
10-219-01249,BIHAR,Saran,Panapur,0.0,0.0,,218,10,1249,,75875.09329534958,182360909.7404776,0.0,0.0,133,0.0
10-218-01244,BIHAR,Siwan,Raghunathpur,0.0,0.0,,222,10,1244,,87824.68008836384,193566358.3438411,0.0,0.0,143,0.0
10-219-01250,BIHAR,Saran,Taraiya,0.0,0.0,,218,10,1250,,53629.0613522338,97307015.09151264,0.0,0.0,72,0.0
10-218-01245,BIHAR,Siwan,Hasanpura,0.0,0.0,,222,10,1245,,82786.09108287447,121956119.03175904,0.0,0.0,88,0.0
10-219-01251,BIHAR,Saran,Ishupur,0.0,0.0,,218,10,1251,,62425.60798229613,109300191.56908256,0.0,0.0,75,0.0
10-218-01246,BIHAR,Siwan,Daraundha,0.0,0.0,,222,10,1246,,105400.53795370483,157911066.26165873,0.0,0.0,116,0.0
10-219-01256,BIHAR,Saran,Jalalpur,0.0,0.0,,218,10,1256,,65042.73641147566,147549697.72689733,0.0,0.0,108,0.0
10-218-01247,BIHAR,Siwan,Siswan,0.0,0.0,,222,10,1247,,98184.39847010886,155554872.77293277,0.0,0.0,111,0.0
10-219-01259,BIHAR,Saran,Nagra,0.0,0.0,,218,10,1259,,43289.948409307304,65110006.46242106,0.0,0.0,46,0.0
10-219-01252,BIHAR,Saran,Baniapur,0.0,0.0,,218,10,1252,,89199.8841803021,219417775.87250236,0.0,0.0,161,0.0
10-219-01253,BIHAR,Saran,Lahladpur,0.0,0.0,,218,10,1253,,49287.19248841685,70233795.44130237,0.0,0.0,51,0.0
10-219-01254,BIHAR,Saran,Ekma,0.0,0.0,,218,10,1254,,99716.17236158185,176114988.01319405,0.0,0.0,126,0.0
10-219-01255,BIHAR,Saran,Manjhi,0.0,0.0,,218,10,1255,,127085.43562979231,244607530.98349065,0.0,0.0,179,0.0
10-219-01257,BIHAR,Saran,Revelganj,0.0,0.0,,218,10,1257,,84877.1419542779,179359801.45379385,0.0,0.0,130,0.0
10-219-01258,BIHAR,Saran,Chapra,0.0,0.0,,218,10,1258,,119729.94798472138,239470568.44351175,0.0,0.0,178,0.0
10-219-01260,BIHAR,Saran,Marhaura,0.0,0.0,,218,10,1260,,87240.95030017926,190752130.05196184,0.0,0.0,138,0.0
10-219-01261,BIHAR,Saran,Amnour,0.0,0.0,,218,10,1261,,94922.90618840617,160109081.4065653,0.0,0.0,118,0.0
10-219-01263,BIHAR,Saran,Parsa,0.0,0.0,,218,10,1263,,85595.91054800974,122749042.93573296,0.0,0.0,94,0.0
10-219-01266,BIHAR,Saran,Dighwara,0.0,0.0,,218,10,1266,,81943.45164265168,101347015.6655549,0.0,0.0,74,0.0
10-219-01264,BIHAR,Saran,Dariapur,0.0,0.0,,218,10,1264,,115477.27251924115,281302380.67878103,0.0,0.0,200,0.0
10-219-01265,BIHAR,Saran,Garkha,0.0,0.0,,218,10,1265,,90147.74693968748,213336409.9887166,0.0,0.0,153,0.0
10-220-01269,BIHAR,Vaishali,Paterhi Belsar,0.0,0.0,,224,10,1269,,56227.36197278124,93522597.26160131,0.0,0.0,72,0.0
10-219-01267,BIHAR,Saran,Sonepur,0.0,0.0,,218,10,1267,,70412.64000247594,214865144.18564072,0.0,0.0,157,0.0
10-220-01268,BIHAR,Vaishali,Vaishali,0.0,0.0,,224,10,1268,,72706.90824879723,158663399.21103516,0.0,0.0,115,0.0
10-220-01270,BIHAR,Vaishali,Lalganj,0.0,0.0,,224,10,1270,,89595.71916906572,184177988.41986412,0.0,0.0,130,0.0
10-221-01294,BIHAR,Samastipur,Mohiuddinagar,0.0,0.0,,217,10,1294,,80607.53716768604,178536106.2701614,0.002972456741333008,0.0026241219669580463,128,0.3358876117706299
10-220-01271,BIHAR,Vaishali,Bhagwanpur,0.0,0.0,,224,10,1271,,98965.72708266653,142473218.81446454,0.0,0.0,105,0.0
10-220-01272,BIHAR,Vaishali,Goraul,0.0,0.0,,224,10,1272,,101989.77906286377,122446101.92943335,0.0,0.0,88,0.0
10-220-01273,BIHAR,Vaishali,Chehra Kalan,0.0,0.0,,224,10,1273,,63204.34388206024,89818122.94593617,0.0,0.0,65,0.0
10-220-01277,BIHAR,Vaishali,Raja Pakar,0.0,0.0,,224,10,1277,,58946.08844196175,93673217.82917874,0.0,0.0,69,0.0
10-220-01274,BIHAR,Vaishali,Patepur,0.0,0.0,,224,10,1274,,118180.33822078991,317029999.71255994,0.0,0.0,230,0.0
10-220-01275,BIHAR,Vaishali,Mahua,0.0,0.0,,224,10,1275,,86273.82517515696,171155586.12447235,0.0,0.0,125,0.0
10-220-01276,BIHAR,Vaishali,Jandaha,0.0,0.0,,224,10,1276,,99044.76663725945,179891527.10359335,0.0,0.0,130,0.0
10-220-01278,BIHAR,Vaishali,Hajipur,0.0,0.0,,224,10,1278,,80048.24731377292,194916759.16986817,0.0,0.0,141,0.0
10-220-01280,BIHAR,Vaishali,Bidupur,0.0,0.0,,224,10,1280,,88122.3198685409,139375575.9420912,0.0,0.0,100,0.0
10-220-01279,BIHAR,Vaishali,Raghopur,0.0,0.0,,224,10,1279,,128641.49950069311,338499790.0832371,0.0,0.0,245,0.0
10-220-01281,BIHAR,Vaishali,Desri,0.0,0.0,,224,10,1281,,50183.809114488824,56627949.53624974,0.0,0.0,42,0.0
10-221-01284,BIHAR,Samastipur,Kalyanpur,0.0,0.0,,217,10,1284,,147387.26660455638,294821482.9966942,0.0,0.0,211,0.0
10-221-01286,BIHAR,Samastipur,Shivaji Nagar,0.0,0.0,,217,10,1286,,96209.25031894707,172333979.18990555,0.0010373589515686036,0.0004700532749295235,128,0.06016681919097901
10-221-01288,BIHAR,Samastipur,Samastipur,0.0,0.0,,217,10,1288,,112474.97484539819,170577777.20953664,0.0010373589515686036,5.0194787979125974e-05,124,0.006224153709411621
10-221-01289,BIHAR,Samastipur,Pusa,0.0,0.0,,217,10,1289,,64081.7615729533,95008289.7510354,0.0,0.0,67,0.0
10-221-01291,BIHAR,Samastipur,Morwa,0.0,0.0,,217,10,1291,,104551.97847793197,152111293.7773472,0.0,0.0,110,0.0
10-221-01292,BIHAR,Samastipur,Patori,0.0,0.0,,217,10,1292,,69422.25062895294,130638318.44440164,0.002972456741333008,0.00015980950222220473,93,0.01486228370666504
10-221-01295,BIHAR,Samastipur,Sarairanjan,0.0,0.0,,217,10,1295,,96463.23467310029,185572344.2706523,0.0,0.0,138,0.0
10-221-01296,BIHAR,Samastipur,Vidyapati Nagar,0.0,0.0,,217,10,1296,,62930.2690484309,106322816.42401849,0.002972456741333008,0.0018436757003204732,79,0.14565038032531738
10-221-01297,BIHAR,Samastipur,Dalsinghsarai,0.0,0.0,,217,10,1297,,80515.23552986495,118201268.21451648,0.002972456741333008,0.00012943846791289574,86,0.011131708240509033
10-221-01298,BIHAR,Samastipur,Ujiarpur,0.0,0.0,,217,10,1298,,81756.09445970641,209497824.1015558,0.0010373589515686036,0.0002213032430013021,150,0.033195486450195315
10-221-01300,BIHAR,Samastipur,Rosera,0.0,0.0,,217,10,1300,,84599.34785899956,138535375.895554,0.0010373589515686036,0.0010373589515686036,100,0.10373589515686035
10-221-01299,BIHAR,Samastipur,Bibhutpur,0.0,0.0,,217,10,1299,,96600.53522783429,258332531.194082,0.009112994384765625,0.0013652912114795886,190,0.25940533018112183
10-221-01301,BIHAR,Samastipur,Singhia,0.0,0.0,,217,10,1301,,76055.88015393679,178639507.67998633,0.0010373589515686036,0.0003025639712341189,127,0.0384256243467331
10-222-01307,BIHAR,Begusarai,Cheria Bariarpur,0.0,0.0,,191,10,1307,,80422.0696045629,127840547.1243011,0.009112994384765625,0.0065799430064940705,89,0.5856149275779723
10-221-01302,BIHAR,Samastipur,Hasanpur,0.0,0.0,,217,10,1302,,122795.93417076243,188091095.39019313,0.0010373589515686036,0.0004235765661512103,140,0.059300719261169435
10-221-01303,BIHAR,Samastipur,Bithan,0.0,0.0,,217,10,1303,,72838.55780104545,149849875.79630712,0.00032127950191497806,0.00031527427758011866,107,0.0337343477010727
10-222-01304,BIHAR,Begusarai,Khudabandpur,0.0,0.0,,191,10,1304,,49522.71992212785,59617610.47663844,0.0010373589515686036,0.0010373589515686036,42,0.04356907596588135
10-222-01305,BIHAR,Begusarai,Chhorahi,0.0,0.0,,191,10,1305,,96201.09768359947,128309829.49376953,0.009112994384765625,0.0015647859568397205,96,0.15021945185661317
10-222-01306,BIHAR,Begusarai,Garhpura,0.0,0.0,,191,10,1306,,69581.28073662621,88651595.91159394,0.007023417663574219,0.0017217262819631777,67,0.1153556608915329
10-222-01308,BIHAR,Begusarai,Bhagwanpur,0.0,0.0,,191,10,1308,,102620.52088176137,147276258.21886113,0.009112994384765625,0.009112994384765625,107,0.9750903991699218
10-223-01324,BIHAR,Khagaria,Mansi,0.0,0.0,,202,10,1324,,70720.37786012898,86151878.56106131,0.00549988021850586,0.00549988021850586,68,0.3739918548583985
10-222-01309,BIHAR,Begusarai,Mansurchak,0.0,0.0,,191,10,1309,,55538.61039021854,42158333.283958256,0.009112994384765625,0.00396846983730793,32,0.12699103479385376
10-224-01333,BIHAR,Bhagalpur,Rangra Chowk,0.0,0.0,,192,10,1333,,56200.86409227388,97946271.45940188,0.014066815185546876,0.0035709644041199617,69,0.24639654388427737
10-222-01310,BIHAR,Begusarai,Bachhwara,0.0,0.0,,191,10,1310,,112893.55520851951,186501763.14040864,0.009112994384765625,0.0054417373657226565,135,0.7346345443725586
10-222-01311,BIHAR,Begusarai,Teghra,0.0,0.0,,191,10,1311,,93442.93751421869,180050069.66821858,0.009112994384765625,0.009112994384765625,130,1.1846892700195313
10-222-01312,BIHAR,Begusarai,Barauni,0.0,0.0,,191,10,1312,,90573.71511882372,141812926.41245717,0.009112994384765625,0.008950380152174569,103,0.9218891556739807
10-222-01313,BIHAR,Begusarai,Birpur,0.0,0.0,,191,10,1313,,69057.86510087451,64693086.30641256,0.009112994384765625,0.009112994384765625,49,0.4465367248535156
10-222-01314,BIHAR,Begusarai,Begusarai,0.0,0.0,,191,10,1314,,114572.02827886646,273941103.5239774,0.009112994384765625,0.007439200786668428,196,1.458083354187012
10-222-01315,BIHAR,Begusarai,Naokothi,0.0,0.0,,191,10,1315,,61794.845266753924,91575422.87048158,0.007023417663574219,0.0070234176635742196,67,0.47056898345947273
10-222-01316,BIHAR,Begusarai,Bakhri,0.0,0.0,,191,10,1316,,74902.13049058078,94921186.04856166,0.007023417663574219,0.006629174242300146,68,0.4507838484764099
10-222-01317,BIHAR,Begusarai,Dandari,0.0,0.0,,191,10,1317,,77075.31892237118,85364223.36403492,0.007023417663574219,0.0070234176635742196,62,0.4354518951416016
10-222-01318,BIHAR,Begusarai,Sahebpur Kamal,0.0,0.0,,191,10,1318,,97820.3506924087,179327758.1582562,0.007023417663574219,0.005888067618652626,135,0.7948891285181046
10-222-01319,BIHAR,Begusarai,Balia,0.0,0.0,,191,10,1319,,95726.56851828664,181873531.04775092,0.007023417663574219,0.004035050934820033,134,0.5406968252658845
10-222-01320,BIHAR,Begusarai,Matihani,0.0,0.0,,191,10,1320,,104199.58891726227,214311339.790948,0.009112994384765625,0.0019352547734038635,159,0.3077055089712143
10-222-01321,BIHAR,Begusarai,Shamho Akha Kurha,0.0,0.0,,191,10,1321,,47884.70174269599,82130306.58899558,0.00011926004886627198,0.00011926004886627198,60,0.007155602931976319
10-223-01322,BIHAR,Khagaria,Alauli,0.0,0.0,,202,10,1322,,117176.16085281859,337532903.06560946,0.007023417663574219,0.0030297011959209363,243,0.7362173906087875
10-223-01323,BIHAR,Khagaria,Khagaria,0.0,0.0,,202,10,1323,,164255.4907534744,325761754.1557925,0.007023417663574219,0.005887220246913069,236,1.3893839782714843
10-223-01325,BIHAR,Khagaria,Chautham,0.0,0.0,,202,10,1325,,88833.5659059585,205164632.7891582,0.006845430755615235,0.006256410710341265,147,0.919692374420166
10-228-01376,BIHAR,Sheikhpura,Chewara,0.0,0.0,,219,10,1376,,77279.14911837938,141385828.1075451,0.0,0.0,105,0.0
10-223-01326,BIHAR,Khagaria,Beldaur,0.0,0.0,,202,10,1326,,101449.44415348554,276820454.1841197,0.006845430755615235,0.00605935258272162,209,1.2664046897888186
10-223-01327,BIHAR,Khagaria,Gogri,0.0,0.0,,202,10,1327,,109725.85953588395,321971045.3784509,0.01966395416259766,0.007338140263373249,233,1.709786681365967
10-223-01328,BIHAR,Khagaria,Parbatta,0.0,0.0,,202,10,1328,,89952.53209418767,286770838.53234714,0.01966395416259766,0.017087982951625114,209,3.5713884368896487
10-224-01329,BIHAR,Bhagalpur,Narayanpur,0.0,0.0,,192,10,1329,,96964.50839109154,173637043.38008544,0.01966395416259766,0.014648326224980393,127,1.86033743057251
10-224-01330,BIHAR,Bhagalpur,Bihpur,0.0,0.0,,192,10,1330,,98960.16392998041,189427956.2070791,0.014066815185546876,0.013598437253005214,139,1.8901827781677247
10-234-01472,BIHAR,Rohtas,Akorhi Gola,0.0,0.0,,215,10,1472,,71741.57946050014,124356844.03544964,0.00014013628959655763,0.0001401362895965576,93,0.013032674932479858
10-224-01331,BIHAR,Bhagalpur,Kharik,0.0,0.0,,192,10,1331,,103106.05203500649,169292223.68779984,0.014066815185546876,0.013474310519000679,127,1.7112374359130862
10-224-01332,BIHAR,Bhagalpur,Naugachhia,0.0,0.0,,192,10,1332,,91833.23423872421,134223697.96961665,0.014066815185546876,0.01372770179209083,99,1.3590424774169922
10-224-01335,BIHAR,Bhagalpur,Pirpainti,0.0,0.0,,192,10,1335,,138631.2255747686,411429376.6216011,0.0038373062133789065,0.003176424407958985,295,0.9370452003479005
10-224-01336,BIHAR,Bhagalpur,Kahalgaon,0.0,0.0,,192,10,1336,,128722.99744742387,352186242.20537144,0.012909152221679689,0.004083441570193269,258,1.0535279251098633
10-224-01337,BIHAR,Bhagalpur,Ismailpur,0.0,0.0,,192,10,1337,,66332.03197363381,102752037.41138108,0.012909152221679689,0.01076718858083089,72,0.7752375778198242
10-224-01338,BIHAR,Bhagalpur,Sabour,0.0,0.0,,192,10,1338,,85492.0541239663,141198925.34276122,0.012909152221679689,0.011872369820731025,105,1.2465988311767577
10-226-01359,BIHAR,Munger,Dharhara,0.0,0.0,,207,10,1359,,105188.90103685112,355220468.750446,0.006207397079467773,0.005877033054551412,258,1.5162745280742644
10-224-01339,BIHAR,Bhagalpur,Nathnagar,0.0,0.0,,192,10,1339,,105259.93673308079,163498377.60317266,0.01966395416259766,0.013252616727150094,118,1.563808773803711
10-226-01360,BIHAR,Munger,Kharagpur,0.0,0.0,,207,10,1360,,169586.30903503796,398589433.5102216,0.006207397079467773,0.0030244745898327045,297,0.8982689531803132
10-224-01340,BIHAR,Bhagalpur,Sultanganj,0.0,0.0,,192,10,1340,,139861.1879796442,266407467.3450057,0.01966395416259766,0.018798119395971303,192,3.60923892402649
10-224-01341,BIHAR,Bhagalpur,Shahkund,0.0,0.0,,192,10,1341,,93276.90256650816,208798734.37786233,0.01966395416259766,0.014017015517841689,154,2.15862038974762
10-224-01342,BIHAR,Bhagalpur,Goradih,0.0,0.0,,192,10,1342,,106918.08891287447,178026414.43832883,0.012909152221679689,0.009413918904740682,129,1.214395538711548
10-224-01343,BIHAR,Bhagalpur,Jagdishpur,0.0,0.0,,192,10,1343,,107045.71303668506,127447147.46016994,0.012909152221679689,0.011504049426253124,93,1.0698765966415404
10-224-01344,BIHAR,Bhagalpur,Sonhaula,0.0,0.0,,192,10,1344,,84463.86530366821,214425428.57327408,0.0038373062133789065,0.0028911435972969485,159,0.45969183197021485
10-225-01345,BIHAR,Banka,Shambhuganj,0.0,0.0,,190,10,1345,,85765.27415008907,217970788.89652416,0.0019433460235595704,0.0019433460235595702,160,0.31093536376953124
10-225-01346,BIHAR,Banka,Amarpur,0.0,0.0,,190,10,1346,,98000.87839154692,234663534.19316816,0.002857262992858887,0.0024884894789310927,171,0.4255317008972168
10-225-01347,BIHAR,Banka,Rajaun,0.0,0.0,,190,10,1347,,86718.04358754268,242814641.5593075,0.002857262992858887,0.002857262992858887,180,0.5143073387145997
10-226-01363,BIHAR,Munger,Tetiha Bambor,0.0,0.0,,207,10,1363,,73286.15332623897,95190725.80042528,0.0006137403964996338,0.0006137403964996339,69,0.042348087358474736
10-225-01348,BIHAR,Banka,Dhuraiya,0.0,0.0,,190,10,1348,,106681.6377356153,285703540.38620996,0.005116674041748047,0.0025948232401972232,207,0.5371284107208252
10-225-01349,BIHAR,Banka,Barahat,0.0,0.0,,190,10,1349,,122910.23058217819,181202001.14064544,0.005116674041748047,0.004047334461357758,131,0.5302008144378663
10-225-01350,BIHAR,Banka,Banka,0.0,0.0,,190,10,1350,,137083.07375503817,365153241.48788345,0.005116674041748047,0.0027629781615125,274,0.7570560162544251
10-225-01351,BIHAR,Banka,Phulidumar,0.0,0.0,,190,10,1351,,117105.67306472127,248400685.45023423,0.0019433460235595704,0.0018834112638837833,178,0.33524720497131344
10-225-01352,BIHAR,Banka,Belhar,0.0,0.0,,190,10,1352,,118426.40149548957,290570448.277483,0.0019433460235595704,0.0010650977349617112,213,0.22686581754684448
10-225-01353,BIHAR,Banka,Chanan,0.0,0.0,,190,10,1353,,169565.08902723462,550876204.0147796,0.0019433460235595704,0.0005204423425209463,402,0.2092178216934204
10-225-01354,BIHAR,Banka,Katoria,0.0,0.0,,190,10,1354,,180268.89530762268,687665367.2781417,0.005116674041748047,0.0014902120330461688,503,0.7495766526222228
10-225-01355,BIHAR,Banka,Bausi,0.0,0.0,,190,10,1355,,109314.78149810205,385846183.7170387,0.005116674041748047,0.005062624668067609,284,1.437785405731201
10-226-01356,BIHAR,Munger,Munger,0.0,0.0,,207,10,1356,,162390.1628928388,306519605.49277806,0.006207397079467773,0.004805267329432747,220,1.0571588124752043
10-226-01357,BIHAR,Munger,Bariarpur,0.0,0.0,,207,10,1357,,122433.4478606843,198040113.63802013,0.01966395416259766,0.010620550108284787,145,1.5399797657012941
10-226-01358,BIHAR,Munger,Jamalpur,0.0,0.0,,207,10,1358,,72817.19566814511,112971204.64248075,0.006207397079467773,0.006207397079467773,83,0.5152139575958252
10-226-01361,BIHAR,Munger,Asarganj,0.0,0.0,,207,10,1361,,61173.52838786665,72491453.98190036,0.01966395416259766,0.01914639427478497,52,0.9956125022888184
10-226-01362,BIHAR,Munger,Tarapur,0.0,0.0,,207,10,1362,,54416.57713098438,86962445.68425661,0.01966395416259766,0.005200507293763708,61,0.3172309449195862
10-226-01364,BIHAR,Munger,Sangrampur,0.0,0.0,,207,10,1364,,71205.18318302365,105786037.21986651,0.0019433460235595704,0.0010094563569341387,84,0.08479433398246765
10-227-01366,BIHAR,Lakhisarai,Pipariya,0.0,0.0,,204,10,1366,,87968.2901826016,106258171.87143916,0.000738361406326294,0.0002803960186161407,73,0.020468909358978275
10-227-01365,BIHAR,Lakhisarai,Barahiya,0.0,0.0,,204,10,1365,,95965.48426593257,248505135.43154767,0.000738361406326294,0.0007383614063262938,179,0.13216669173240658
10-227-01367,BIHAR,Lakhisarai,Surajgarha,0.0,0.0,,204,10,1367,,140312.1609931406,462726462.37366486,0.006207397079467773,0.00022627591790532224,338,0.07648126025199892
10-227-01368,BIHAR,Lakhisarai,Lakhisarai,0.0,0.0,,204,10,1368,,117670.76745524361,181316338.94823277,0.000738361406326294,0.0006593162387381983,131,0.08637042727470398
10-227-01369,BIHAR,Lakhisarai,Chanan*,0.0,0.0,,204,10,1369,,86014.87070350182,177670731.10250506,0.000738361406326294,0.000440562324784696,128,0.05639197757244109
10-228-01375,BIHAR,Sheikhpura,Ghat Kusumbha,0.0,0.0,,219,10,1375,,80592.24583619394,99088070.68237934,0.00353326530456543,0.0010532801554236613,71,0.07478289103507996
10-227-01370,BIHAR,Lakhisarai,Ramgarh Chowk,0.0,0.0,,204,10,1370,,98990.57354622113,128567389.13844268,0.000738361406326294,0.000122739706436793,96,0.011783011817932128
10-227-01371,BIHAR,Lakhisarai,Halsi,0.0,0.0,,204,10,1371,,82594.8188222393,191441208.6304817,0.0004896767139434815,2.1137124342884087e-05,139,0.0029380602836608883
10-228-01372,BIHAR,Sheikhpura,Barbigha,0.0,0.0,,219,10,1372,,83879.7675047183,115941853.486741,0.00353326530456543,0.00353326530456543,81,0.2861944896697998
10-228-01373,BIHAR,Sheikhpura,Shekhopur Sarai,0.0,0.0,,219,10,1373,,59774.96229914819,65955650.61796794,0.00353326530456543,0.001944998876426531,46,0.08946994831562043
10-228-01374,BIHAR,Sheikhpura,Sheikhpura,0.0,0.0,,219,10,1374,,119718.3677454689,225551054.81458032,0.00353326530456543,0.001976649353333882,168,0.3320770913600922
10-228-01377,BIHAR,Sheikhpura,Ariari,0.0,0.0,,219,10,1377,,87552.5859976097,183445963.63454768,0.0,0.0,135,0.0
10-229-01378,BIHAR,Nalanda,Karai Parsurai,0.0,0.0,,209,10,1378,,58523.47447411047,82148146.79064696,0.0,0.0,61,0.0
10-229-01379,BIHAR,Nalanda,Nagar Nausa,0.0,0.0,,209,10,1379,,82570.35159490984,108015836.82811198,0.0002112987995147705,1.3206174969673155e-05,80,0.0010564939975738524
10-229-01380,BIHAR,Nalanda,Harnaut,0.0,0.0,,209,10,1380,,124869.90123154312,224385440.0517296,0.00353326530456543,0.0002357492865660252,156,0.03677688870429993
10-229-01381,BIHAR,Nalanda,Chandi,0.0,0.0,,209,10,1381,,70527.81459673235,147156102.481168,0.0002112987995147705,0.00018937156560286036,106,0.0200733859539032
10-229-01382,BIHAR,Nalanda,Rahui,0.0,0.0,,209,10,1382,,77076.6108369453,152249665.90613127,0.00353326530456543,0.00038613914188585785,114,0.044019862174987795
10-229-01383,BIHAR,Nalanda,Bind,0.0,0.0,,209,10,1383,,70364.80140905235,88091657.81671415,0.00353326530456543,0.00353326530456543,65,0.22966224479675296
10-229-01384,BIHAR,Nalanda,Sarmera,0.0,0.0,,209,10,1384,,91044.34634338948,167201876.42476654,0.00353326530456543,0.003056086590231919,123,0.375898650598526
10-229-01385,BIHAR,Nalanda,Asthawan,0.0,0.0,,209,10,1385,,92263.18064708126,171325630.7179731,0.00353326530456543,0.002942180127866807,124,0.3648303358554841
10-229-01387,BIHAR,Nalanda,Noorsarai,0.0,0.0,,209,10,1387,,78528.62700534344,151514769.88009417,0.0002112987995147705,0.00021129879951477048,114,0.024088063144683834
10-229-01386,BIHAR,Nalanda,Bihar,0.0,0.0,,209,10,1386,,98561.8371020671,215840179.0991975,0.00353326530456543,0.0003733343569336424,157,0.058613494038581855
10-229-01390,BIHAR,Nalanda,Hilsa,0.0,0.0,,209,10,1390,,93433.88804652911,175765721.10991755,0.0,0.0,132,0.0
10-229-01391,BIHAR,Nalanda,Ekangarsarai,0.0,0.0,,209,10,1391,,87121.32234693572,166605847.460251,0.0,0.0,122,0.0
10-229-01392,BIHAR,Nalanda,Islampur,0.0,0.0,,209,10,1392,,109868.69145522316,273834151.4326934,0.0,0.0,198,0.0
10-229-01393,BIHAR,Nalanda,Ben,0.0,0.0,,209,10,1393,,66947.54721379357,127526149.56798536,0.0003794385671615601,0.00011858175130600627,94,0.011146684622764589
10-230-01398,BIHAR,Patna,Maner,0.0,0.0,,212,10,1398,,96133.56350709034,213315300.3597084,0.0,0.0,151,0.0
10-229-01394,BIHAR,Nalanda,Rajgir,0.0,0.0,,209,10,1394,,88740.45664753366,198129288.77271983,0.0003794385671615601,0.0002217845146085175,142,0.03149340107440948
10-229-01395,BIHAR,Nalanda,Silao,0.0,0.0,,209,10,1395,,79220.42929786978,154752836.13944647,0.0003794385671615601,0.00035091485657862256,112,0.039302463936805726
10-229-01396,BIHAR,Nalanda,Giriak,0.0,0.0,,209,10,1396,,88347.46773236175,99576022.5731765,0.0003794385671615601,0.0003794385671615601,74,0.028078453969955446
10-229-01397,BIHAR,Nalanda,Katrisarai,0.0,0.0,,209,10,1397,,38918.76300208476,48673462.28309288,0.0003794385671615601,0.00030131886215770945,34,0.010244841313362122
10-230-01399,BIHAR,Patna,Dinapur-Cum-Khagaul,0.0,0.0,,212,10,1399,,78598.21354533077,184765788.04152673,0.0,0.0,137,0.0
10-234-01474,BIHAR,Rohtas,Tilouthu,0.0,0.0,,215,10,1474,,73885.57639601533,193504401.97342023,0.0005678237438201904,0.0005477084215651168,141,0.07722688744068147
10-230-01400,BIHAR,Patna,Patna Rural,0.0,0.0,,212,10,1400,,87518.10425735511,179850223.48881748,0.0,0.0,126,0.0
10-230-01401,BIHAR,Patna,Sampatchak,0.0,0.0,,212,10,1401,,53219.7118618291,78902366.60372826,0.0,0.0,58,0.0
10-230-01406,BIHAR,Patna,Dulhin Bazar,0.0,0.0,,212,10,1406,,77792.54009458271,136539622.4680228,0.0,0.0,99,0.0
10-230-01402,BIHAR,Patna,Phulwari,0.0,0.0,,212,10,1402,,70659.26045014715,135940825.49713776,0.0,0.0,97,0.0
10-230-01413,BIHAR,Patna,Khusrupur,0.0,0.0,,212,10,1413,,46143.60198551767,78201544.387751,0.0,0.0,57,0.0
10-230-01403,BIHAR,Patna,Bihta,0.0,0.0,,212,10,1403,,116564.9809665079,244879174.98088208,0.0,0.0,181,0.0
10-230-01415,BIHAR,Patna,Athmalgola,0.0,0.0,,212,10,1415,,47997.69261940102,62827293.65665197,0.002972456741333008,0.0004728908452120695,44,0.020807197189331057
10-230-01404,BIHAR,Patna,Naubatpur,0.0,0.0,,212,10,1404,,105087.74367689912,205320191.59612688,0.0,0.0,148,0.0
10-230-01405,BIHAR,Patna,Bikram,0.0,0.0,,212,10,1405,,86626.03512108007,186422313.04867813,0.0,0.0,139,0.0
10-234-01475,BIHAR,Rohtas,Rohtas,0.0,0.0,,215,10,1475,,88257.59288547112,389741138.17794544,0.0005678237438201904,0.0003966365976616066,287,0.11383470352888109
10-230-01407,BIHAR,Patna,Paliganj,0.0,0.0,,212,10,1407,,129476.3041410336,293354152.7667747,0.0,0.0,214,0.0
10-230-01408,BIHAR,Patna,Masaurhi,0.0,0.0,,212,10,1408,,108866.13277400887,248716954.87290823,0.0,0.0,180,0.0
10-230-01409,BIHAR,Patna,Dhanarua,0.0,0.0,,212,10,1409,,95102.40821522896,225577653.19725513,0.0,0.0,166,0.0
10-230-01410,BIHAR,Patna,Punpun,0.0,0.0,,212,10,1410,,82554.93388622913,161116560.78819045,0.0,0.0,120,0.0
10-230-01411,BIHAR,Patna,Fatwah,0.0,0.0,,212,10,1411,,97950.27190535897,155697451.47083917,0.0,0.0,114,0.0
10-230-01412,BIHAR,Patna,Daniawan,0.0,0.0,,212,10,1412,,69689.77872311571,79566220.36857046,0.0,0.0,55,0.0
10-230-01414,BIHAR,Patna,Bakhtiarpur,0.0,0.0,,212,10,1414,,120205.01587822943,168153072.20481881,0.002972456741333008,6.966695487499238e-05,128,0.008917370223999025
10-230-01416,BIHAR,Patna,Belchhi,0.0,0.0,,212,10,1416,,88573.78025963024,87443681.0926542,0.00353326530456543,0.0032765174567699435,64,0.2096971172332764
10-230-01417,BIHAR,Patna,Barh,0.0,0.0,,212,10,1417,,95365.9771693495,147280816.515725,0.002972456741333008,0.0029724567413330076,108,0.32102532806396483
10-230-01419,BIHAR,Patna,Ghoswari,0.0,0.0,,212,10,1419,,66454.95033385535,164897376.1169027,0.009112994384765625,0.0025064669491814784,122,0.30578896780014037
10-230-01418,BIHAR,Patna,Pandarak,0.0,0.0,,212,10,1418,,106894.44852036482,252509471.6555304,0.00353326530456543,0.0030864178397438744,187,0.5771601360321045
10-232-01438,BIHAR,Buxar,Chaugain,0.0,0.0,,194,10,1438,,52625.33924401454,66025696.44875917,0.0,0.0,46,0.0
10-232-01439,BIHAR,Buxar,Kesath,0.0,0.0,,194,10,1439,,34661.84662025829,38236018.49691825,0.0,0.0,29,0.0
10-230-01420,BIHAR,Patna,Mokameh,0.0,0.0,,212,10,1420,,127700.39840194934,244519830.48183808,0.009112994384765625,0.003746599354101031,178,0.6668946850299835
10-231-01421,BIHAR,Bhojpur,Shahpur,0.0,0.0,,193,10,1421,,110658.91431619873,211766871.4500774,0.0,0.0,156,0.0
10-234-01460,BIHAR,Rohtas,Suryapura,0.0,0.0,,215,10,1460,,56159.7630280001,69765063.31452103,0.0,0.0,50,0.0
10-231-01422,BIHAR,Bhojpur,Arrah,0.0,0.0,,193,10,1422,,120924.06747051864,221925641.7145924,0.0,0.0,161,0.0
10-231-01423,BIHAR,Bhojpur,Barhara,0.0,0.0,,193,10,1423,,128817.96875565937,258494738.36324885,0.0,0.0,185,0.0
10-231-01424,BIHAR,Bhojpur,Koilwar,0.0,0.0,,193,10,1424,,94779.33453556667,208456312.66749656,0.0,0.0,148,0.0
10-231-01425,BIHAR,Bhojpur,Sandesh,0.0,0.0,,193,10,1425,,60697.76797134289,164599530.19806212,0.0,0.0,120,0.0
10-231-01426,BIHAR,Bhojpur,Udwant Nagar,0.0,0.0,,193,10,1426,,92445.60417460876,217797556.82002312,0.0,0.0,162,0.0
10-234-01461,BIHAR,Rohtas,Bikramganj,0.0,0.0,,215,10,1461,,88556.32896667719,168723569.68103397,0.0,0.0,124,0.0
10-231-01427,BIHAR,Bhojpur,Behea,0.0,0.0,,193,10,1427,,114516.77527652554,206091349.70539597,0.0,0.0,149,0.0
10-231-01428,BIHAR,Bhojpur,Jagdishpur,0.0,0.0,,193,10,1428,,109726.00219208181,318463526.4488765,0.0,0.0,233,0.0
10-231-01429,BIHAR,Bhojpur,Piro,0.0,0.0,,193,10,1429,,100703.96274410955,268205354.86689487,0.0,0.0,197,0.0
10-234-01462,BIHAR,Rohtas,Karakat,0.0,0.0,,215,10,1462,,102232.22868007293,251121712.10833624,0.00014013628959655763,3.5229793473994935e-05,179,0.006306133031845094
10-231-01430,BIHAR,Bhojpur,Charpokhari,0.0,0.0,,193,10,1430,,88834.1327790213,135855258.49695313,0.0,0.0,102,0.0
10-231-01431,BIHAR,Bhojpur,Garhani,0.0,0.0,,193,10,1431,,93054.52180151101,137128723.85739592,0.0,0.0,99,0.0
10-231-01432,BIHAR,Bhojpur,Agiaon,0.0,0.0,,193,10,1432,,87534.07309197474,191419206.17039648,0.0,0.0,139,0.0
10-231-01433,BIHAR,Bhojpur,Tarari,0.0,0.0,,193,10,1433,,95157.98131215997,247108515.4982669,0.0,0.0,180,0.0
10-231-01434,BIHAR,Bhojpur,Sahar,0.0,0.0,,193,10,1434,,61748.81499939302,157154129.14318892,0.0,0.0,115,0.0
10-232-01435,BIHAR,Buxar,Simri,0.0,0.0,,194,10,1435,,87047.69219699135,222195796.247413,0.0,0.0,162,0.0
10-232-01436,BIHAR,Buxar,Chakki,0.0,0.0,,194,10,1436,,73799.54032015939,80420668.23199363,0.0,0.0,66,0.0
10-232-01437,BIHAR,Buxar,Barhampur,0.0,0.0,,194,10,1437,,133928.15369382405,240152233.65370417,0.0,0.0,173,0.0
10-232-01440,BIHAR,Buxar,Dumraon,0.0,0.0,,194,10,1440,,115797.88145848007,238641355.07175583,0.0,0.0,172,0.0
10-232-01441,BIHAR,Buxar,Buxar,0.0,0.0,,194,10,1441,,90996.21871903203,211591033.38394436,0.0,0.0,158,0.0
10-232-01442,BIHAR,Buxar,Chausa,0.0,0.0,,194,10,1442,,99103.08457070828,138502720.57991108,0.0,0.0,102,0.0
10-232-01443,BIHAR,Buxar,Rajpur,0.0,0.0,,194,10,1443,,121142.9666413415,336933113.12217736,0.0,0.0,247,0.0
10-232-01444,BIHAR,Buxar,Itarhi,0.0,0.0,,194,10,1444,,109439.3274763228,293713382.2816445,0.0,0.0,207,0.0
10-232-01445,BIHAR,Buxar,Nawanagar,0.0,0.0,,194,10,1445,,126567.10382889764,229774401.79100823,0.0,0.0,169,0.0
10-233-01446,BIHAR,Kaimur (Bhabua),Ramgarh,0.0,0.0,,200,10,1446,,124781.0721120257,206666195.02442607,0.0,0.0,147,0.0
10-233-01447,BIHAR,Kaimur (Bhabua),Nuaon,0.0,0.0,,200,10,1447,,121732.74643995032,235834986.4758632,0.0,0.0,171,0.0
10-233-01448,BIHAR,Kaimur (Bhabua),Kudra,0.0,0.0,,200,10,1448,,132624.50147962422,255577893.54332253,0.0,0.0,187,0.0
10-233-01449,BIHAR,Kaimur (Bhabua),Mohania,0.0,0.0,,200,10,1449,,142323.6809133636,349176573.6513165,0.0,0.0,262,0.0
10-233-01450,BIHAR,Kaimur (Bhabua),Durgawati,0.0,0.0,,200,10,1450,,108544.41183902678,212580801.4059764,0.0,0.0,156,0.0
10-233-01451,BIHAR,Kaimur (Bhabua),Chand,0.0,0.0,,200,10,1451,,97099.60209928264,257974481.1925409,0.0,0.0,185,0.0
10-233-01452,BIHAR,Kaimur (Bhabua),Chainpur,0.0,0.0,,200,10,1452,,170712.34536647963,555311526.8488017,0.0,0.0,409,0.0
10-233-01453,BIHAR,Kaimur (Bhabua),Bhabua,0.0,0.0,,200,10,1453,,143727.89821118704,407618990.38615096,0.0,0.0,298,0.0
10-233-01454,BIHAR,Kaimur (Bhabua),Rampur,0.0,0.0,,200,10,1454,,126612.15498309073,210660395.23746365,0.0,0.0,154,0.0
10-233-01455,BIHAR,Kaimur (Bhabua),Bhagwanpur,0.0,0.0,,200,10,1455,,134815.05705103654,292151198.96788174,0.0,0.0,212,0.0
10-233-01456,BIHAR,Kaimur (Bhabua),Adhaura,0.0,0.0,,200,10,1456,,271357.2345421078,1135984955.9859164,0.0,0.0,827,0.0
10-234-01457,BIHAR,Rohtas,Kochas,0.0,0.0,,215,10,1457,,90248.48407846906,187033418.62218276,0.0,0.0,131,0.0
10-234-01458,BIHAR,Rohtas,Dinara,0.0,0.0,,215,10,1458,,157118.7651045217,464648316.8452498,0.0,0.0,341,0.0
10-234-01459,BIHAR,Rohtas,Dawath,0.0,0.0,,215,10,1459,,78120.6651060775,129910427.66035384,0.0,0.0,94,0.0
10-234-01466,BIHAR,Rohtas,Nokha,0.0,0.0,,215,10,1466,,82152.91978314315,208772248.59610957,0.00014013628959655763,3.124660511274596e-05,148,0.004624497556686402
10-235-01476,BIHAR,Aurangabad,Daudnagar,0.0,0.0,,189,10,1476,,91010.07504965532,238139281.75712803,0.00014013628959655763,2.0019469942365376e-05,175,0.0035034072399139408
10-234-01467,BIHAR,Rohtas,Kargahar,0.0,0.0,,215,10,1467,,128509.87472624176,406135690.59563094,0.0,0.0,298,0.0
10-234-01468,BIHAR,Rohtas,Chenari,0.0,0.0,,215,10,1468,,121720.69626398994,292642418.8385522,0.0,0.0,217,0.0
10-234-01469,BIHAR,Rohtas,Nauhatta,0.0,0.0,,215,10,1469,,175494.75594492842,478591449.404211,2.5387227535247804e-05,2.9486581556520106e-06,353,0.0010408763289451598
10-234-01470,BIHAR,Rohtas,Sheosagar,0.0,0.0,,215,10,1470,,135463.8765525897,406503956.12222886,0.0005678237438201904,0.0001366626637668933,295,0.04031548581123352
10-234-01471,BIHAR,Rohtas,Sasaram,0.0,0.0,,215,10,1471,,135810.11950728856,394273130.8742507,0.0005678237438201904,0.00016099009004132502,290,0.04668712611198426
10-234-01473,BIHAR,Rohtas,Dehri,0.0,0.0,,215,10,1473,,97323.52013589225,199371136.99043605,0.0005678237438201904,0.00013784133593241373,144,0.019849152374267577
10-235-01477,BIHAR,Aurangabad,Haspura,0.0,0.0,,189,10,1477,,88845.10694940752,164519986.5205008,0.0,0.0,121,0.0
10-235-01478,BIHAR,Aurangabad,Goh,0.0,0.0,,189,10,1478,,122286.20877621078,374665187.3660463,0.0,0.0,271,0.0
10-236-01491,BIHAR,Gaya,Neem Chak Bathani,0.0,0.0,,196,10,1491,,79540.44278654993,146770773.7769567,0.0,0.0,102,0.0
10-235-01479,BIHAR,Aurangabad,Rafiganj,0.0,0.0,,189,10,1479,,167069.30684925965,465687847.79432577,0.0,0.0,343,0.0
10-235-01480,BIHAR,Aurangabad,Obra,0.0,0.0,,189,10,1480,,130720.05569071589,327203821.09876627,0.0001902273416519165,5.1243307742666694e-05,235,0.012042177319526674
10-236-01494,BIHAR,Gaya,Manpur,0.0,0.0,,196,10,1494,,77081.78707553667,161226183.41058797,0.0,0.0,117,0.0
10-235-01481,BIHAR,Aurangabad,Aurangabad,0.0,0.0,,189,10,1481,,125502.68609205673,344679798.38062614,0.0001902273416519165,4.285754337612348e-05,253,0.010842958474159241
10-237-01511,BIHAR,Nawada,Nardiganj,0.0,0.0,,210,10,1511,,60262.24041371029,129808165.4472442,0.0003794385671615601,0.00037943856716156,95,0.036046663880348204
10-235-01482,BIHAR,Aurangabad,Barun,0.0,0.0,,189,10,1482,,117269.30390529483,381782699.30215496,0.0001902273416519165,0.00017401081400809527,278,0.04837500629425048
10-235-01483,BIHAR,Aurangabad,Nabinagar,0.0,0.0,,189,10,1483,,173491.30877801325,657546828.2218357,0.0005678237438201904,0.0002940824919852658,483,0.1420418436288834
10-235-01484,BIHAR,Aurangabad,Kutumba,0.0,0.0,,189,10,1484,,110495.73757590447,319048251.76106954,0.00034316973686218265,0.0002676831469515363,233,0.06237017323970795
10-235-01485,BIHAR,Aurangabad,Deo,0.0,0.0,,189,10,1485,,158578.88849021672,336990745.1586724,0.00034316973686218265,8.785363646114574e-05,255,0.022402677297592162
10-235-01486,BIHAR,Aurangabad,Madanpur,0.0,0.0,,189,10,1486,,153529.37367368402,418713952.50229967,0.0,0.0,306,0.0
10-236-01487,BIHAR,Gaya,Konch,0.0,0.0,,196,10,1487,,154041.56172387034,319288521.7326548,0.0,0.0,231,0.0
10-236-01488,BIHAR,Gaya,Tikari,0.0,0.0,,196,10,1488,,122221.36853604284,290576655.12704176,0.0,0.0,214,0.0
10-236-01489,BIHAR,Gaya,Belaganj,0.0,0.0,,196,10,1489,,113473.13279109563,240372540.95814112,0.0,0.0,176,0.0
10-236-01490,BIHAR,Gaya,Khizirsarai,0.0,0.0,,196,10,1490,,103698.13096672995,223124430.97950032,0.0,0.0,167,0.0
10-236-01492,BIHAR,Gaya,Muhra,0.0,0.0,,196,10,1492,,93681.45756176667,181269438.2139707,0.0003794385671615601,5.663262196441195e-06,134,0.0007588771343231202
10-236-01493,BIHAR,Gaya,Atri,0.0,0.0,,196,10,1493,,103075.15367958385,161340647.62451813,0.0003794385671615601,3.1619880596796672e-06,120,0.0003794385671615601
10-236-01495,BIHAR,Gaya,Gaya Town C.D.Block,0.0,0.0,,196,10,1495,,91678.58033080616,224144813.6021213,0.0,0.0,167,0.0
10-236-01496,BIHAR,Gaya,Paraiya,0.0,0.0,,196,10,1496,,75593.31264449215,167300846.5298876,0.0,0.0,123,0.0
10-236-01497,BIHAR,Gaya,Guraru,0.0,0.0,,196,10,1497,,81292.54933661391,199646285.7542363,0.0,0.0,149,0.0
10-237-01512,BIHAR,Nawada,Nawada,0.0,0.0,,210,10,1512,,86822.75137888109,219317998.1072041,0.0003794385671615601,0.0003530219580553755,158,0.05577746937274933
10-236-01498,BIHAR,Gaya,Gurua,0.0,0.0,,196,10,1498,,117859.62964526065,238015237.1519128,0.0,0.0,174,0.0
10-236-01499,BIHAR,Gaya,Amas,0.0,0.0,,196,10,1499,,100546.69423332924,128484051.44985774,0.0,0.0,97,0.0
10-237-01517,BIHAR,Nawada,Roh,0.0,0.0,,210,10,1517,,77804.52626079548,192537548.9783989,0.0003794385671615601,1.0613666214309373e-05,143,0.0015177542686462403
10-236-01500,BIHAR,Gaya,Banke Bazar,0.0,0.0,,196,10,1500,,85166.97220092022,256240042.68049288,0.0,0.0,184,0.0
10-236-01501,BIHAR,Gaya,Imamganj,0.0,0.0,,196,10,1501,,136271.57775821586,316917295.57645696,0.0,0.0,233,0.0
10-236-01502,BIHAR,Gaya,Dumaria,0.0,0.0,,196,10,1502,,119690.94596035974,390676703.928496,0.00034316973686218265,7.129230448897457e-05,284,0.020247014474868777
10-236-01503,BIHAR,Gaya,Sherghati,0.0,0.0,,196,10,1503,,100322.2973073121,167902109.12194017,0.0,0.0,122,0.0
10-238-01531,BIHAR,Jamui,Gidhaur,0.0,0.0,,198,10,1531,,55211.5633940527,100392309.18230554,0.0004896767139434815,0.0002603344555142559,79,0.020566421985626217
10-236-01504,BIHAR,Gaya,Dobhi,0.0,0.0,,196,10,1504,,103572.88994215836,218837778.49499393,0.0,0.0,166,0.0
10-236-01505,BIHAR,Gaya,Bodh Gaya,0.0,0.0,,196,10,1505,,120948.91182130505,306843965.9119923,0.0,0.0,224,0.0
10-236-01506,BIHAR,Gaya,Tan Kuppa,0.0,0.0,,196,10,1506,,108147.94853451202,190099968.23000297,0.0,0.0,137,0.0
10-240-01542,BIHAR,Arwal,Arwal,0.0,0.0,,611,10,1542,,73924.8054791393,147787869.27798152,0.0,0.0,103,0.0
10-236-01507,BIHAR,Gaya,Wazirganj,0.0,0.0,,196,10,1507,,105472.06999302967,323030583.61833626,0.0,0.0,236,0.0
10-236-01508,BIHAR,Gaya,Fatehpur,0.0,0.0,,196,10,1508,,155359.44599717355,408449805.62920874,0.0,0.0,297,0.0
10-240-01543,BIHAR,Arwal,Kaler,0.0,0.0,,611,10,1543,,67777.19153730445,176075758.749563,0.0,0.0,131,0.0
10-236-01509,BIHAR,Gaya,Mohanpur,0.0,0.0,,196,10,1509,,119906.24818546322,418796109.2883684,0.0,0.0,308,0.0
10-240-01544,BIHAR,Arwal,Karpi,0.0,0.0,,611,10,1544,,158139.92638461498,234985661.7206014,0.0,0.0,172,0.0
10-236-01510,BIHAR,Gaya,Barachatti,0.0,0.0,,196,10,1510,,138753.78132836288,366328956.31361085,0.0,0.0,267,0.0
10-237-01513,BIHAR,Nawada,Warisaliganj,0.0,0.0,,210,10,1513,,109792.76918459819,202861050.3008767,0.0003794385671615601,0.00013797766078602186,154,0.021248559761047364
10-237-01514,BIHAR,Nawada,Kashi Chak,0.0,0.0,,210,10,1514,,73948.94452619922,98983451.20841853,0.0,0.0,72,0.0
10-237-01515,BIHAR,Nawada,Pakribarawan,0.0,0.0,,210,10,1515,,104545.76938151139,251834567.85717744,0.0,0.0,181,0.0
10-237-01516,BIHAR,Nawada,Kawakol,0.0,0.0,,210,10,1516,,121170.20018263235,362955647.76482904,0.0,0.0,266,0.0
10-237-01518,BIHAR,Nawada,Gobindpur,0.0,0.0,,210,10,1518,,73133.35659787485,188189390.13263756,0.0,0.0,138,0.0
10-237-01519,BIHAR,Nawada,Akbarpur,0.0,0.0,,210,10,1519,,91268.2921062847,249541236.96202633,0.0,0.0,183,0.0
10-237-01520,BIHAR,Nawada,Hisua,0.0,0.0,,210,10,1520,,85113.4923130193,144090762.99664384,0.0003794385671615601,5.727374598665058e-05,106,0.006071017074584961
10-237-01521,BIHAR,Nawada,Narhat,0.0,0.0,,210,10,1521,,62856.50481924386,99624005.77002536,0.0,0.0,69,0.0
10-237-01522,BIHAR,Nawada,Meskaur,0.0,0.0,,210,10,1522,,75185.00287586387,145604023.18435815,0.0,0.0,109,0.0
10-237-01523,BIHAR,Nawada,Sirdala,0.0,0.0,,210,10,1523,,111278.51695598938,301894539.186342,0.0,0.0,225,0.0
10-237-01524,BIHAR,Nawada,Rajauli,0.0,0.0,,210,10,1524,,132370.86211000624,450216393.36794454,0.0,0.0,331,0.0
10-238-01525,BIHAR,Jamui,Islamnagar Aliganj,0.0,0.0,,198,10,1525,,96153.77396855215,213408239.47295904,0.0,0.0,156,0.0
10-238-01526,BIHAR,Jamui,Sikandra,0.0,0.0,,198,10,1526,,86788.2538333537,223096734.30010977,0.0004896767139434815,2.1423356235027315e-05,160,0.0034277369976043704
10-238-01527,BIHAR,Jamui,Jamui,0.0,0.0,,198,10,1527,,90084.78430112793,212157753.6648698,0.0004896767139434815,0.0004775108328517179,161,0.07687924408912658
10-238-01528,BIHAR,Jamui,Barhat,0.0,0.0,,198,10,1528,,114104.37581341481,270298087.1382075,0.006207397079467773,0.0006981200316939691,198,0.13822776627540587
10-238-01529,BIHAR,Jamui,Lakshmipur,0.0,0.0,,198,10,1529,,112147.89260238525,307635253.00857943,0.0006137403964996338,0.0005813273623182968,222,0.12905467443466187
10-238-01530,BIHAR,Jamui,Jhajha,0.0,0.0,,198,10,1530,,147664.43327942316,507112726.974952,0.0006137403964996338,3.353772658467944e-05,366,0.012274807929992675
10-238-01532,BIHAR,Jamui,Khaira,0.0,0.0,,198,10,1532,,142747.05687020053,513762691.7981683,0.0004896767139434815,3.6176643774188594e-05,379,0.013710947990417478
10-238-01533,BIHAR,Jamui,Sono,0.0,0.0,,198,10,1533,,117724.39892386932,474283005.7300444,0.0,0.0,346,0.0
10-238-01534,BIHAR,Jamui,Chakai,0.0,0.0,,198,10,1534,,243956.2217086091,956725034.6798706,0.0,0.0,705,0.0
10-239-01535,BIHAR,Jehanabad,Ratni Faridpur,0.0,0.0,,199,10,1535,,82762.53932271499,155018952.20303965,0.0,0.0,112,0.0
10-239-01536,BIHAR,Jehanabad,Jehanabad,0.0,0.0,,199,10,1536,,97254.09844747804,201426556.69272655,0.0,0.0,147,0.0
10-239-01537,BIHAR,Jehanabad,Kako,0.0,0.0,,199,10,1537,,83599.3529020472,162373941.78194478,0.0,0.0,118,0.0
10-239-01538,BIHAR,Jehanabad,Modanganj,0.0,0.0,,199,10,1538,,66522.90037500951,97205276.85869928,0.0,0.0,73,0.0
10-239-01539,BIHAR,Jehanabad,Ghoshi,0.0,0.0,,199,10,1539,,82931.95174196921,112225161.55433495,0.0,0.0,81,0.0
10-239-01540,BIHAR,Jehanabad,Makhdumpur,0.0,0.0,,199,10,1540,,128831.72570768485,301471679.33572614,0.0,0.0,218,0.0
10-239-01541,BIHAR,Jehanabad,Hulasganj,0.0,0.0,,199,10,1541,,87179.53907708311,119677697.18988888,0.0,0.0,88,0.0
10-240-01545,BIHAR,Arwal,Sonbhadra Banshi Suryapur,0.0,0.0,,611,10,1545,,62692.97791397586,116643000.97724338,0.0,0.0,85,0.0
10-240-01546,BIHAR,Arwal,Kurtha,0.0,0.0,,611,10,1546,,71585.17106640573,106433073.5354984,0.0,0.0,79,0.0
10-224-01334,BIHAR,Bhagalpur,Gopalpur,0.0,0.0,,192,10,1334,,95407.9186210158,208941966.91883087,0.014066815185546876,0.004530828064757508,154,0.6977475219726562
10-210-01127,BIHAR,Kishanganj,Kishanganj,0.0,0.0,,203,10,1127,,125268.33771117091,207105687.55921903,0.0020076478958129884,0.0005244262212117514,150,0.07866393318176271
10-206-01064,BIHAR,Sitamarhi,Suppi,0.0,0.0,,221,10,1064,,71084.15120823232,92250451.53846286,0.007244464492797852,0.004380142384416917,68,0.29784968214035035
10-234-01463,BIHAR,Rohtas,Nasriganj,0.0,0.0,,215,10,1463,,90034.07903274363,167356919.18355417,0.003575998914241791,0.0031655862377535917,124,0.39253269348144537
10-234-01464,BIHAR,Rohtas,Rajpur,0.0,0.0,,215,10,1464,,68660.48684625747,85633596.4997788,0.0032042185068130494,0.00320421850681305,66,0.21147842144966128
10-234-01465,BIHAR,Rohtas,Sanjhauli,0.0,0.0,,215,10,1465,,56591.722358052,83833486.39015438,0.0032042185068130494,0.002688072719881612,62,0.16666050863265994
10-203-01023,BIHAR,Pashchim Champaran,Thakrahan,0.0,0.0,,211,10,1023,,79847.09402015881,199004696.79409248,0.0001802175521850586,2.2371834064352103e-05,145,0.0032439159393310548
10-204-01054,BIHAR,Purbi Champaran,Phenhara,0.0,0.0,,213,10,1054,,44565.43736457999,67645025.94776015,0.00278277804851532,0.0027827780485153203,51,0.14192168047428133
10-219-01262,BIHAR,Saran,Maker,0.0,0.0,,218,10,1262,,62357.8736467211,96585777.9808088,0.0,0.0,68,0.0
10-220-01282,BIHAR,Vaishali,Sahdai Buzurg,0.0,0.0,,224,10,1282,,74546.65030748869,114161677.3631406,0.0007851817607879639,0.00029326065764369736,83,0.024340634584426882
10-229-01388,BIHAR,Nalanda,Tharthari,0.0,0.0,,209,10,1388,,71853.42144919158,77411758.12428828,0.002096483898162842,0.0011621579703741838,56,0.06508084634095429
10-229-01389,BIHAR,Nalanda,Parbalpur,0.0,0.0,,209,10,1389,,54466.2339431045,76043839.88376136,0.002096483898162842,0.0018749135632002564,57,0.10687007310241461
10-203-01022,BIHAR,Pashchim Champaran,Bhitaha,0.0,0.0,,211,10,1022,,72626.86760213553,166969906.7472905,0.0001802175521850586,0.00014181053286693135,122,0.017300885009765624
10-203-01013,BIHAR,Pashchim Champaran,Sidhaw,0.0,0.0,,211,10,1013,,195582.3602130639,1085337194.6715722,0.004286850166320801,0.002034065705093443,778,1.5825031185626988
10-203-01014,BIHAR,Pashchim Champaran,Ramnagar,0.0,0.0,,211,10,1014,,230865.78384139363,866139404.2451236,0.004286850166320801,0.00335625290977478,625,2.0976580686092374
10-203-01015,BIHAR,Pashchim Champaran,Gaunaha,0.0,0.0,,211,10,1015,,136504.94021895694,605322845.3823951,0.004286850166320801,0.0013263256784425965,436,0.5782779958009721
10-203-01016,BIHAR,Pashchim Champaran,Mainatanr,0.0,0.0,,211,10,1016,,115419.13930249632,312998546.4010918,0.001075446105003357,0.0006416261912722674,224,0.1437242668449879
10-203-01017,BIHAR,Pashchim Champaran,Narkatiaganj,0.0,0.0,,211,10,1017,,149144.20649331805,441857686.2127825,0.004286850166320801,0.0004694822315126659,316,0.14835638515800242
10-203-01018,BIHAR,Pashchim Champaran,Lauriya,0.0,0.0,,211,10,1018,,120853.32018665274,255440417.54612216,0.0001802175521850586,0.00014981460197538625,183,0.027416072161495685
10-203-01019,BIHAR,Pashchim Champaran,Bagaha,0.0,0.0,,211,10,1019,,135587.24079810514,491292931.53180623,0.004286850166320801,0.0008857105998992919,350,0.30999870996475215
10-203-01021,BIHAR,Pashchim Champaran,Madhubani,0.0,0.0,,211,10,1021,,144670.82201821523,386116138.1353823,0.0012726870059967042,0.00018863354346735012,278,0.05244012508392334
10-203-01024,BIHAR,Pashchim Champaran,Jogapatti,0.0,0.0,,211,10,1024,,88530.23644360513,258722436.3759333,0.0013403074264526369,0.00027980633731330593,186,0.05204397874027491
10-203-01029,BIHAR,Pashchim Champaran,Bairia,0.0,0.0,,211,10,1029,,105039.82861382668,288505226.87341565,0.0013403074264526369,0.001051724487742739,209,0.21981041793823244
10-203-01025,BIHAR,Pashchim Champaran,Chanpatia,0.0,0.0,,211,10,1025,,113543.7602983494,310017349.34780717,0.0013403074264526369,0.0005225954744964838,220,0.11497100438922644
10-206-01071,BIHAR,Sitamarhi,Parsauni,0.0,0.0,,221,10,1071,,63729.135625112256,74724139.64418457,0.012846717834472656,0.012114794940948486,55,0.6663137217521667
10-203-01026,BIHAR,Pashchim Champaran,Sikta,0.0,0.0,,211,10,1026,,93443.22825707054,255004178.86147365,0.00043778958320617677,0.0003634971168395636,185,0.06724696661531926
10-203-01027,BIHAR,Pashchim Champaran,Majhaulia,0.0,0.0,,211,10,1027,,123374.4030721297,371511179.15939575,0.0013403074264526369,0.001253254663285048,269,0.33712550442367795
10-203-01028,BIHAR,Pashchim Champaran,Bettiah,0.0,0.0,,211,10,1028,,53968.26030594324,83182055.35378212,0.0013403074264526369,0.0013403074264526369,60,0.08041844558715822
10-203-01030,BIHAR,Pashchim Champaran,Nautan,0.0,0.0,,211,10,1030,,122656.63983711715,245738630.13883996,0.0013403074264526369,0.001305498211035568,178,0.23237868156433109
10-204-01031,BIHAR,Purbi Champaran,Raxaul,0.0,0.0,,213,10,1031,,98709.78801801558,166685360.13968688,0.0027350032806396484,0.0004569330306847891,120,0.05483196368217469
10-206-01072,BIHAR,Sitamarhi,Belsand,0.0,0.0,,221,10,1072,,66235.5873217276,97354060.86547032,0.012846717834472656,0.011854498418955736,71,0.8416693877458573
10-206-01073,BIHAR,Sitamarhi,Runisaidpur,0.0,0.0,,221,10,1073,,152472.54206325076,334873257.0825382,0.021722389221191407,0.015684461343039028,239,3.748586260986328
10-204-01032,BIHAR,Purbi Champaran,Adapur,0.0,0.0,,213,10,1032,,94532.37688292323,199608924.7111849,0.0027350032806396484,0.00205780936795838,147,0.3024979770898819
10-206-01074,BIHAR,Sitamarhi,Dumra,0.0,0.0,,221,10,1074,,111649.34177378344,241159212.36062923,0.012846717834472656,0.012521005430886913,172,2.153612934112549
10-204-01033,BIHAR,Purbi Champaran,Ramgarhwa,0.0,0.0,,213,10,1033,,90718.26831189607,213035907.5226096,0.001306637167930603,0.0008466590348412009,153,0.12953883233070373
10-204-01034,BIHAR,Purbi Champaran,Sugauli,0.0,0.0,,213,10,1034,,84892.41923436844,209336830.19001696,0.001306637167930603,0.001306637167930603,150,0.19599557518959046
10-204-01038,BIHAR,Purbi Champaran,Ghorasahan,0.0,0.0,,213,10,1038,,75335.10865687576,144368243.47105,0.002916155529022217,0.0020555391889352068,104,0.2137760756492615
10-204-01035,BIHAR,Purbi Champaran,Banjaria,0.0,0.0,,213,10,1035,,102381.40449613356,176960195.87167916,0.001306637167930603,0.0009560613857479548,127,0.12141979598999025
10-204-01047,BIHAR,Purbi Champaran,Kesaria,0.0,0.0,,213,10,1047,,87546.8206889307,229535442.11688668,0.0033195053100585938,0.00026827765277453834,168,0.04507064566612244
10-204-01036,BIHAR,Purbi Champaran,Narkatia,0.0,0.0,,213,10,1036,,105607.09704406632,168338010.30978012,0.0027350032806396484,0.0006678113856558072,118,0.07880174350738525
10-204-01037,BIHAR,Purbi Champaran,Bankatwa,0.0,0.0,,213,10,1037,,99233.37216886049,115311013.90225838,0.002916155529022217,0.0006083455732499046,87,0.0529260648727417
10-204-01039,BIHAR,Purbi Champaran,Dhaka,0.0,0.0,,213,10,1039,,97673.73467814895,202386545.86227983,0.002916155529022217,0.0028653187445692114,148,0.4240671741962433
10-204-01048,BIHAR,Purbi Champaran,Kalyanpur,0.0,0.0,,213,10,1048,,109413.20044555076,313300912.50613195,0.0033195053100585938,0.001963992880941999,229,0.4497543697357178
10-204-01040,BIHAR,Purbi Champaran,Chiraia,0.0,0.0,,213,10,1040,,110764.71696779084,272984575.32652414,0.0033195053100585938,0.0011019080939981126,194,0.21377017023563386
10-204-01041,BIHAR,Purbi Champaran,Motihari,0.0,0.0,,213,10,1041,,181544.26702654368,319814691.13850176,0.0033195053100585938,0.0016308012615187898,239,0.38976150150299077
10-204-01049,BIHAR,Purbi Champaran,Kotwa,0.0,0.0,,213,10,1049,,78879.98205471091,178282937.71225017,0.0033195053100585938,0.0010939323531664335,130,0.14221120591163636
10-204-01042,BIHAR,Purbi Champaran,Turkaulia,0.0,0.0,,213,10,1042,,99475.78497366334,174748315.94966665,0.0033195053100585938,0.001156890923068637,126,0.14576825630664825
10-204-01050,BIHAR,Purbi Champaran,Piprakothi,0.0,0.0,,213,10,1050,,58369.33889310607,62223774.49301849,0.0033195053100585938,0.003200417232513428,43,0.1376179409980774
10-204-01043,BIHAR,Purbi Champaran,Harsidhi,0.0,0.0,,213,10,1043,,133904.34238337883,240218359.62130272,0.001306637167930603,0.000977975262535943,171,0.16723376989364624
10-204-01044,BIHAR,Purbi Champaran,Paharpur,0.0,0.0,,213,10,1044,,108730.62076802726,192061375.0173064,0.0013403074264526369,0.0011291422871376972,139,0.1569507779121399
10-204-01045,BIHAR,Purbi Champaran,Areraj,0.0,0.0,,213,10,1045,,93331.67353690567,242725576.26244012,0.0009530549049377442,0.0008902437348257411,176,0.15668289732933044
10-204-01046,BIHAR,Purbi Champaran,Sangrampur,0.0,0.0,,213,10,1046,,78133.67961210197,187659878.02718252,0.0007591116428375245,0.0007367848298128913,136,0.10020273685455322
10-204-01051,BIHAR,Purbi Champaran,Chakia(Pipra),0.0,0.0,,213,10,1051,,129110.66914194856,212940547.80779588,0.0033195053100585938,0.0033195053100585933,152,0.5045648071289062
10-204-01052,BIHAR,Purbi Champaran,Pakri Dayal,0.0,0.0,,213,10,1052,,90143.40730437863,148110040.62869397,0.0033195053100585938,0.003270711922645569,110,0.3597783114910126
10-204-01053,BIHAR,Purbi Champaran,Patahi,0.0,0.0,,213,10,1053,,85994.51677214028,144960443.14880535,0.0033195053100585938,0.0028064098785905277,102,0.2862538076162338
10-204-01055,BIHAR,Purbi Champaran,Madhuban,0.0,0.0,,213,10,1055,,112681.00006095257,152424272.44650427,0.0033195053100585938,0.0030710204667515227,108,0.33167021040916445
10-204-01056,BIHAR,Purbi Champaran,Tetaria,0.0,0.0,,213,10,1056,,82320.72754353678,104458405.63845472,0.021722389221191407,0.007224160589180985,77,0.5562603653669358
10-205-01058,BIHAR,Sheohar,Purnahiya,0.0,0.0,,220,10,1058,,57294.126150412616,80859097.14068061,0.002916155529022217,0.002841276943474485,57,0.16195278577804564
10-204-01057,BIHAR,Purbi Champaran,Mehsi,0.0,0.0,,213,10,1057,,125063.78039343117,149773808.08158112,0.021722389221191407,0.014299536586452175,111,1.5872485610961915
10-205-01059,BIHAR,Sheohar,Piprarhi,0.0,0.0,,220,10,1059,,105870.45511307275,104265216.9562483,0.012846717834472656,0.0037347723525923654,74,0.27637315409183505
10-205-01060,BIHAR,Sheohar,Sheohar,0.0,0.0,,220,10,1060,,81007.5322908237,115638983.35873616,0.00278277804851532,0.00278277804851532,80,0.2226222438812256
10-205-01061,BIHAR,Sheohar,Dumri Katsari,0.0,0.0,,220,10,1061,,65038.65439014734,84655470.24819931,0.00278277804851532,0.00278277804851532,63,0.17531501705646516
10-205-01062,BIHAR,Sheohar,Tariani Chowk,0.0,0.0,,220,10,1062,,97491.22869259815,171878914.60720828,0.021722389221191407,0.0069851845071429285,126,0.880133247900009
10-206-01063,BIHAR,Sitamarhi,Bairgania,0.0,0.0,,221,10,1063,,59598.621146511534,94417571.99630062,0.002916155529022217,0.002916155529022217,67,0.19538242044448853
10-206-01065,BIHAR,Sitamarhi,Majorganj,0.0,0.0,,221,10,1065,,62808.55729710282,95411217.42446172,0.007244464492797852,0.006635796044766903,64,0.4246909468650818
10-206-01066,BIHAR,Sitamarhi,Sonbarsa,0.0,0.0,,221,10,1066,,92820.94699371175,224104085.6083578,0.035954553222656255,0.009411263642221127,159,1.4963909191131592
10-206-01067,BIHAR,Sitamarhi,Parihar,0.0,0.0,,221,10,1067,,86838.20299610356,272812569.4060281,0.035954553222656255,0.03419679268817513,196,6.702571366882325
10-207-01095,BIHAR,Madhubani,Rajnagar,0.0,0.0,,206,10,1095,,78809.12744912357,223111125.2667772,0.03556092987060547,0.01624189735184545,161,2.6149454736471176
10-206-01068,BIHAR,Sitamarhi,Sursand,0.0,0.0,,221,10,1068,,91215.71647520129,181412871.1123928,0.035954553222656255,0.032096057671767014,130,4.172487497329712
10-206-01069,BIHAR,Sitamarhi,Bathnaha,0.0,0.0,,221,10,1069,,120764.04051803834,251403523.12922087,0.012846717834472656,0.00783729553424492,189,1.48124885597229
10-206-01070,BIHAR,Sitamarhi,Riga,0.0,0.0,,221,10,1070,,129433.73210860479,163724219.02092636,0.012846717834472656,0.009748510754798068,121,1.1795698013305662
10-210-01123,BIHAR,Kishanganj,Thakurganj,0.0,0.0,,203,10,1123,,224971.2940646554,491161543.46963537,0.026706336569786073,0.016995151203788673,363,6.169239886975289
10-210-01124,BIHAR,Kishanganj,Pothia,0.0,0.0,,203,10,1124,,167388.9118766352,443844792.4531903,0.026706336569786073,0.015959815767833167,315,5.027341966867447
10-210-01125,BIHAR,Kishanganj,Bahadurganj,0.0,0.0,,203,10,1125,,155296.13881782343,347494200.8377232,0.008479387998580933,0.007491376275174758,255,1.9103009501695634
10-210-01126,BIHAR,Kishanganj,Kochadhamin,0.0,0.0,,203,10,1126,,139640.52665725534,360840233.8364798,0.008479387998580933,0.007219240755413686,261,1.884221837162972
10-211-01128,BIHAR,Purnia,Banmankhi,0.0,0.0,,214,10,1128,,142815.61519736593,459936087.34673214,0.027600582122802735,0.02341108050439172,334,7.8193008884668345
10-206-01075,BIHAR,Sitamarhi,Bajpatti,0.0,0.0,,221,10,1075,,90407.29439213518,174303329.1783474,0.03404591674804688,0.024738951371355757,123,3.042891018676758
10-206-01076,BIHAR,Sitamarhi,Charaut,0.0,0.0,,221,10,1076,,85128.15752493152,91349700.81924292,0.03404591674804688,0.034045916748046884,68,2.315122338867188
10-206-01077,BIHAR,Sitamarhi,Pupri,0.0,0.0,,221,10,1077,,73992.24203369493,115338203.66308306,0.03404591674804688,0.034045916748046884,81,2.7577192565917974
10-206-01078,BIHAR,Sitamarhi,Nanpur,0.0,0.0,,221,10,1078,,73315.01223618646,135892566.9983101,0.03404591674804688,0.025610257228215538,96,2.4585846939086915
10-220-01283,BIHAR,Vaishali,Mahnar,0.0,0.0,,224,10,1283,,81638.1139853176,126474580.44313861,0.0007851817607879639,0.0003842378829387908,94,0.03611836099624634
10-206-01079,BIHAR,Sitamarhi,Bokhara,0.0,0.0,,221,10,1079,,81978.13188098712,108574895.39827529,0.03404591674804688,0.011430300236955473,79,0.9029937187194824
10-207-01080,BIHAR,Madhubani,Madhwapur,0.0,0.0,,206,10,1080,,88808.76172423853,137557654.90878707,0.03556092987060547,0.03418505060624103,98,3.350134959411621
10-207-01081,BIHAR,Madhubani,Harlakhi,0.0,0.0,,206,10,1081,,90217.76640094945,187441757.00046396,0.03556092987060547,0.03536519813259152,137,4.845032144165039
10-207-01082,BIHAR,Madhubani,Basopatti,0.0,0.0,,206,10,1082,,97634.90682970545,164238774.4639331,0.03556092987060547,0.03536765076452944,119,4.208750440979004
10-207-01089,BIHAR,Madhubani,Khajauli,0.0,0.0,,206,10,1089,,91171.28062794723,150968724.81279027,0.03556092987060547,0.01832438620121107,109,1.9973580959320065
10-207-01083,BIHAR,Madhubani,Jainagar,0.0,0.0,,206,10,1083,,81489.61423509955,161880108.8306139,0.03556092987060547,0.022960721959823217,117,2.6864044692993163
10-207-01090,BIHAR,Madhubani,Kaluahi,0.0,0.0,,206,10,1090,,62305.281593423286,101560283.08963235,0.03556092987060547,0.03527678237212331,76,2.6810354602813717
10-207-01084,BIHAR,Madhubani,Ladania,0.0,0.0,,206,10,1084,,97928.14946240213,232665607.5684243,0.03225781478881836,0.015067653407820736,166,2.5012304656982423
10-207-01085,BIHAR,Madhubani,Laukaha,0.0,0.0,,206,10,1085,,102032.19667129294,266340932.00179368,0.03225781478881836,0.03225781478881836,193,6.225758254241944
10-207-01086,BIHAR,Madhubani,Laukahi,0.0,0.0,,206,10,1086,,109679.24973352649,329223432.564553,0.047879837036132813,0.03360736492494994,237,7.964945487213136
10-207-01087,BIHAR,Madhubani,Phulparas,0.0,0.0,,206,10,1087,,117974.41186319289,199352334.8677591,0.03225781478881836,0.028045690118450015,146,4.094670757293702
10-207-01088,BIHAR,Madhubani,Babubarhi,0.0,0.0,,206,10,1088,,118996.04641992833,237192379.86086744,0.03225781478881836,0.016080413026754566,173,2.78191145362854
10-207-01091,BIHAR,Madhubani,Benipatti,0.0,0.0,,206,10,1091,,128414.2409747215,328987645.9449377,0.03556092987060547,0.03505810223941144,232,8.133479719543455
10-207-01092,BIHAR,Madhubani,Bisfi,0.0,0.0,,206,10,1092,,99754.46134559005,226192948.413646,0.03556092987060547,0.009311199633658299,163,1.5177255402863026
10-207-01093,BIHAR,Madhubani,Madhubani,0.0,0.0,,206,10,1093,,109764.71764889831,200359220.56727448,0.03556092987060547,0.008175379427062705,141,1.1527284992158413
10-207-01094,BIHAR,Madhubani,Pandaul,0.0,0.0,,206,10,1094,,102372.75527307783,208327489.63825428,0.01775707702636719,0.008123994610071182,150,1.2185991915106773
10-207-01096,BIHAR,Madhubani,Andhratharhi,0.0,0.0,,206,10,1096,,97300.5167595078,186769445.10608673,0.03225781478881836,0.01661313049374646,131,2.1763200946807864
10-207-01097,BIHAR,Madhubani,Jhanjharpur,0.0,0.0,,206,10,1097,,125261.96837896874,181284371.95402232,0.02418342208862305,0.017953301303077294,131,2.3518824707031256
10-207-01098,BIHAR,Madhubani,Ghoghardiha,0.0,0.0,,206,10,1098,,114215.40677637524,211228851.4219488,0.02418342208862305,0.02418342208862305,154,3.7242470016479494
10-207-01099,BIHAR,Madhubani,Lakhnaur,0.0,0.0,,206,10,1099,,72956.74167609161,146945623.14022,0.02418342208862305,0.018341290213844997,110,2.0175419235229497
10-207-01100,BIHAR,Madhubani,Madhepur,0.0,0.0,,206,10,1100,,144505.38034518834,300452948.5687113,0.02418342208862305,0.01987523653229078,210,4.1737996717810635
10-208-01101,BIHAR,Supaul,Nirmali,0.0,0.0,,223,10,1101,,123310.21889922836,162734364.67066902,0.047879837036132813,0.039891139751010475,117,4.667263350868225
10-208-01102,BIHAR,Supaul,Basantpur,0.0,0.0,,223,10,1102,,136288.63693043106,319456339.75100917,0.057419692993164066,0.055165475496069184,231,12.743224839591981
10-208-01103,BIHAR,Supaul,Chhatapur,0.0,0.0,,223,10,1103,,142271.17176584958,398825687.2446475,0.07269857177734375,0.06903358748280879,289,19.95070678253174
10-208-01104,BIHAR,Supaul,Pratapganj,0.0,0.0,,223,10,1104,,71155.69013184242,133032565.19323792,0.07269857177734375,0.07269857177734375,98,7.1244600341796875
10-208-01105,BIHAR,Supaul,Raghopur,0.0,0.0,,223,10,1105,,111831.20983491397,255841046.48838165,0.07269857177734375,0.05647262809419892,183,10.334490941238403
10-221-01285,BIHAR,Samastipur,Warisnagar,0.0,0.0,,217,10,1285,,90241.30323013186,163846086.5162723,0.0005131043314933777,0.0004067208499467674,119,0.04839978114366532
10-208-01106,BIHAR,Supaul,Saraigarh Bhaptiyahi,0.0,0.0,,223,10,1106,,105489.5116383213,257042943.27229512,0.047879837036132813,0.04656986027891918,186,8.661994011878967
10-208-01107,BIHAR,Supaul,Kishanpur,0.0,0.0,,223,10,1107,,125516.73810076228,248613546.3002807,0.047879837036132813,0.04024878815473136,177,7.124035503387451
10-208-01108,BIHAR,Supaul,Marauna,0.0,0.0,,223,10,1108,,114969.59778192453,206419565.01179272,0.02418342208862305,0.02418342208862305,154,3.7242470016479494
10-208-01109,BIHAR,Supaul,Supaul,0.0,0.0,,223,10,1109,,122628.008173687,390920691.5720901,0.047879837036132813,0.017435010798579682,289,5.038718120789528
10-208-01110,BIHAR,Supaul,Pipra,0.0,0.0,,223,10,1110,,113516.78657800167,247320462.25611627,0.047879837036132813,0.039787646616299945,180,7.16177639093399
10-221-01287,BIHAR,Samastipur,Khanpur,0.0,0.0,,217,10,1287,,89337.20668890505,173313349.37261373,0.0005131043314933777,0.00016696252056530545,126,0.021037277591228486
10-208-01111,BIHAR,Supaul,Tribeniganj,0.0,0.0,,223,10,1111,,136684.8917573132,402291551.99740016,0.07269857177734375,0.048696888271857953,290,14.122097598838806
10-209-01112,BIHAR,Araria,Narpatganj,0.0,0.0,,188,10,1112,,196352.82868709194,482872068.7863751,0.07269857177734375,0.0420526017851376,347,14.592252819442749
10-209-01113,BIHAR,Araria,Forbesganj,0.0,0.0,,188,10,1113,,165874.55860340688,546946456.996027,0.02381178092956543,0.01849454471262256,398,7.360828795623779
10-209-01114,BIHAR,Araria,Bhargama,0.0,0.0,,188,10,1114,,140909.75235341018,280499778.1128878,0.07269857177734375,0.02771821019789752,204,5.654514880371094
10-209-01115,BIHAR,Araria,Raniganj,0.0,0.0,,188,10,1115,,160625.61646677545,576910744.770993,0.023424214935302737,0.020777653399365284,420,8.72661442773342
10-209-01116,BIHAR,Araria,Araria,0.0,0.0,,188,10,1116,,192057.15187743204,506918787.2643526,0.009671390306949615,0.005635198127566618,363,2.0455769203066825
10-209-01117,BIHAR,Araria,Kursakatta,0.0,0.0,,188,10,1117,,96566.38525637137,201032230.408231,0.02381178092956543,0.008715002561595343,146,1.27239037399292
10-209-01118,BIHAR,Araria,Sikti,0.0,0.0,,188,10,1118,,116798.35346995249,237753016.2819182,0.011414204788208008,0.006032772057977589,176,1.0617678822040557
10-209-01119,BIHAR,Araria,Palasi,0.0,0.0,,188,10,1119,,132578.70192307016,306240761.34804773,0.007055981278419495,0.004157311995679682,220,0.91460863904953
10-209-01120,BIHAR,Araria,Jokihat,0.0,0.0,,188,10,1120,,155370.9524619173,341005127.7602247,0.009671390306949615,0.007632718964401556,245,1.8700161462783813
10-210-01121,BIHAR,Kishanganj,Terhagachh,0.0,0.0,,203,10,1121,,121953.02658094271,245208326.38245347,0.007055981278419495,0.0055818196426616635,178,0.9935638963937761
10-210-01122,BIHAR,Kishanganj,Dighalbank,0.0,0.0,,203,10,1122,,147432.83262190674,314385668.4331173,0.01972591438293457,0.008131887582171659,223,1.8134109308242798
10-211-01129,BIHAR,Purnia,Barhara,0.0,0.0,,214,10,1129,,111073.17449432175,288009141.38478667,0.021292409014701846,0.016894183084611117,209,3.5308842646837237
10-211-01130,BIHAR,Purnia,Bhawanipur,0.0,0.0,,214,10,1130,,116656.34435182877,201938838.4795833,0.021292409014701846,0.008796219506069108,147,1.2930442673921587
10-211-01131,BIHAR,Purnia,Rupauli,0.0,0.0,,214,10,1131,,113946.660566684,308195114.8462847,0.0025041591644287113,0.001906063420613607,225,0.42886426963806157
10-211-01132,BIHAR,Purnia,Dhamdaha,0.0,0.0,,214,10,1132,,135370.01293426772,446856166.039676,0.021292409014701846,0.021114773797334695,328,6.92564580552578
10-211-01133,BIHAR,Purnia,Krityanand Nagar,0.0,0.0,,214,10,1133,,149407.41850079046,364443041.21247435,0.023424214935302737,0.015914300774988142,265,4.217289705371858
10-211-01134,BIHAR,Purnia,Purnia East,0.0,0.0,,214,10,1134,,127662.13358515713,309272824.56310594,0.010407007598876954,0.009939992935406533,228,2.2663183892726897
10-211-01135,BIHAR,Purnia,Kasba,0.0,0.0,,214,10,1135,,130095.64608516233,215123054.3424731,0.010407007598876954,0.009758089747246665,157,1.5320200903177263
10-211-01136,BIHAR,Purnia,Srinagar,0.0,0.0,,214,10,1136,,106220.57404900706,172405807.6412187,0.023424214935302737,0.01330227954960245,127,1.6893895027995112
10-211-01137,BIHAR,Purnia,Jalalgarh,0.0,0.0,,214,10,1137,,87146.39992638786,142107808.6772385,0.009671390306949615,0.009671390306949617,99,0.957467640388012
10-211-01138,BIHAR,Purnia,Amour,0.0,0.0,,214,10,1138,,141371.93624621196,307011870.96961224,0.009671390306949615,0.006641842485529131,226,1.5010564017295835
10-211-01139,BIHAR,Purnia,Baisa,0.0,0.0,,214,10,1139,,132173.35304950457,275191667.549805,0.006281896209716797,0.006281896209716796,197,1.237533553314209
10-211-01140,BIHAR,Purnia,Baisi,0.0,0.0,,214,10,1140,,118169.54825440844,253873549.02719215,0.010407007598876954,0.009061383028081396,187,1.694478626251221
10-211-01141,BIHAR,Purnia,Dagarua,0.0,0.0,,214,10,1141,,129309.28146976323,257465778.6329552,0.010407007598876954,0.010002703304491616,184,1.8404974080264573
10-212-01142,BIHAR,Katihar,Falka,0.0,0.0,,201,10,1142,,100518.70580952488,208374539.8829749,0.021292409014701846,0.01321041040850791,151,1.9947719716846946
10-212-01143,BIHAR,Katihar,Korha,0.0,0.0,,201,10,1143,,137118.64195203967,368801327.90483874,0.021292409014701846,0.006175502096726886,271,1.6735610682129862
10-212-01144,BIHAR,Katihar,Hasanganj,0.0,0.0,,201,10,1144,,78227.29832785497,86155111.41022065,0.010407007598876954,0.009391092922985556,60,0.5634655753791333
10-212-01145,BIHAR,Katihar,Kadwa,0.0,0.0,,201,10,1145,,157692.68144088247,420129854.10490626,0.010407007598876954,0.009610528149856594,303,2.911990029406548
10-212-01146,BIHAR,Katihar,Balrampur,0.0,0.0,,201,10,1146,,141815.18317465586,216253207.31133217,0.010407007598876954,0.008812521846734797,157,1.383565929937363
10-212-01147,BIHAR,Katihar,Barsoi,0.0,0.0,,201,10,1147,,172308.8160052511,357713388.6445612,0.010407007598876954,0.007058415006716859,265,1.8704799767799676
10-212-01148,BIHAR,Katihar,Azamnagar,0.0,0.0,,201,10,1148,,141791.77759222616,349759708.1212404,0.010407007598876954,0.006112124878809273,251,1.5341433445811274
10-221-01290,BIHAR,Samastipur,Tajpur,0.0,0.0,,217,10,1290,,57166.77792153786,83856612.1105223,0.0003736859798431397,6.125999669559667e-05,61,0.003736859798431397
10-212-01149,BIHAR,Katihar,Pranpur,0.0,0.0,,201,10,1149,,111803.70370561493,191475637.62126103,0.0058337677001953124,0.0058337677001953124,135,0.7875586395263672
10-212-01150,BIHAR,Katihar,Dandkhora,0.0,0.0,,201,10,1150,,70987.07501110679,111201189.06340708,0.010407007598876954,0.006358622468548057,81,0.5150484199523926
10-212-01151,BIHAR,Katihar,Katihar,0.0,0.0,,201,10,1151,,76845.81968857624,136830037.77828172,0.0058337677001953124,0.003962063142365101,102,0.4041304405212403
10-212-01152,BIHAR,Katihar,Mansahi,0.0,0.0,,201,10,1152,,73279.06289841712,97405011.1871763,0.0058337677001953124,0.004379551712895784,71,0.3109481716156006
10-212-01155,BIHAR,Katihar,Kursela,0.0,0.0,,201,10,1155,,80348.39413748268,153683091.52761996,0.0025041591644287113,0.0024869849710628905,116,0.2884902566432953
10-212-01153,BIHAR,Katihar,Barari,0.0,0.0,,201,10,1153,,107333.93297446336,407446973.1478653,0.0038856670379638675,0.003593378093182031,295,1.0600465374886991
10-212-01154,BIHAR,Katihar,Sameli,0.0,0.0,,201,10,1154,,75105.36277909,118027198.2496544,0.0025041591644287113,0.0025041591644287113,83,0.20784521064758305
10-212-01156,BIHAR,Katihar,Manihari,0.0,0.0,,201,10,1156,,130162.81635074862,303859830.4099729,0.0058337677001953124,0.002922904272202973,222,0.64888474842906
10-212-01157,BIHAR,Katihar,Amdabad,0.0,0.0,,201,10,1157,,103742.71814675455,228302986.79665467,0.0058337677001953124,0.001759522362009308,169,0.29735927917957305
10-213-01158,BIHAR,Madhepura,Gamharia,0.0,0.0,,205,10,1158,,80141.00377515821,125479849.27382244,0.008512424182891847,0.008512424182891847,93,0.7916554490089418
10-213-01160,BIHAR,Madhepura,Ghailarh,0.0,0.0,,205,10,1160,,78865.70647224285,116219722.2388165,0.01913047317266464,0.008768280785055045,83,0.7277673051595688
10-213-01159,BIHAR,Madhepura,Singheshwar,0.0,0.0,,205,10,1159,,111627.30849980874,111167268.35246354,0.008512424182891847,0.008512424182891847,80,0.6809939346313477
10-216-01210,BIHAR,Muzaffarpur,Bandra,0.0,0.0,,208,10,1210,,74293.85759884378,142020443.31484023,0.0006112557888031006,0.0005117027260008314,105,0.0537287862300873
10-213-01161,BIHAR,Madhepura,Madhepura,0.0,0.0,,205,10,1161,,115084.47931226583,237801277.85767865,0.027600582122802735,0.009839245802818695,173,1.7021895238876343
10-213-01162,BIHAR,Madhepura,Shankarpur,0.0,0.0,,205,10,1162,,63984.56408470212,128790837.874554,0.027600582122802735,0.016927633597261165,93,1.5742699245452885
10-213-01163,BIHAR,Madhepura,Kumarkhand,0.0,0.0,,205,10,1163,,118191.24796123093,316976886.68211347,0.027600582122802735,0.027600582122802735,230,6.348133888244629
10-213-01164,BIHAR,Madhepura,Murliganj,0.0,0.0,,205,10,1164,,94211.11378994165,247086114.21145928,0.027600582122802735,0.019817683013280237,180,3.5671829423904424
10-221-01293,BIHAR,Samastipur,Mohanpur,0.0,0.0,,217,10,1293,,74468.46489139357,163000016.77407515,0.0017225372180342674,0.0010563176368509444,121,0.12781443405896425
10-213-01165,BIHAR,Madhepura,Gwalpara,0.0,0.0,,205,10,1165,,78037.2495556277,147267353.58482873,0.015652965950965884,0.01253465312299905,108,1.3537425372838974
10-214-01172,BIHAR,Saharsa,Satar Kataiya,0.0,0.0,,216,10,1172,,77878.75925155886,177382280.64763528,0.01913047317266464,0.018406515286998316,132,2.4296600178837777
10-213-01166,BIHAR,Madhepura,Bihariganj,0.0,0.0,,205,10,1166,,79669.40805645821,133818744.70956944,0.015652965950965884,0.015652965950965884,97,1.5183376972436906
10-216-01211,BIHAR,Muzaffarpur,Dholi (Moraul),0.0,0.0,,208,10,1211,,63030.361633940505,73298422.6275262,0.0006112557888031006,0.0005975498382861798,52,0.03107259159088135
10-213-01167,BIHAR,Madhepura,Kishanganj,0.0,0.0,,205,10,1167,,99817.47531025465,188055937.5971522,0.015652965950965884,0.012204581058113664,135,1.6476184428453446
10-216-01212,BIHAR,Muzaffarpur,Musahri,0.0,0.0,,208,10,1212,,211487.75457487197,365415439.5943066,0.021722389221191407,0.009867731352070816,262,2.585345614242554
10-213-01168,BIHAR,Madhepura,Puraini,0.0,0.0,,205,10,1168,,63416.842365887525,103114850.3546553,0.015652965950965884,0.0014182446241378782,75,0.10636834681034087
10-214-01174,BIHAR,Saharsa,Kahara,0.0,0.0,,216,10,1174,,81070.16203244023,176788302.3737116,0.01913047317266464,0.011354586475365093,132,1.4988054147481922
10-213-01169,BIHAR,Madhepura,Alamnagar,0.0,0.0,,205,10,1169,,94357.42058114092,211989804.11375904,0.015652965950965884,0.0006416627280759497,151,0.0968910719394684
10-213-01170,BIHAR,Madhepura,Chausa,0.0,0.0,,205,10,1170,,87285.75133964,172516848.53860697,0.0004014788150787354,0.0004014788150787354,124,0.04978337306976319
10-214-01171,BIHAR,Saharsa,Nauhatta,0.0,0.0,,216,10,1171,,93228.84620468391,212763144.21707585,0.01913047317266464,0.01913047317266464,151,2.888701449072361
10-217-01227,BIHAR,Gopalganj,Sidhwalia,0.0,0.0,,197,10,1227,,69457.48217743407,152022198.31601515,0.0007591116428375245,0.00019680672221713598,108,0.021255125999450685
10-214-01173,BIHAR,Saharsa,Mahishi,0.0,0.0,,216,10,1173,,106372.46434789852,273075178.2794974,0.01913047317266464,0.011005854311722978,195,2.1461415907859807
10-214-01175,BIHAR,Saharsa,Saur Bazar,0.0,0.0,,216,10,1175,,88121.22998090234,233228921.9025612,0.008512424182891847,0.003801806722449128,169,0.6425053360939026
10-214-01176,BIHAR,Saharsa,Patarghat,0.0,0.0,,216,10,1176,,67497.21582029684,149681422.04156074,0.00218185453414917,0.00218185453414917,104,0.22691287155151368
10-214-01177,BIHAR,Saharsa,Sonbarsa,0.0,0.0,,216,10,1177,,90185.02153799882,263952116.041209,0.00218185453414917,0.0021818545341491698,190,0.4145523614883423
10-216-01199,BIHAR,Muzaffarpur,Sahebganj,0.0,0.0,,208,10,1199,,80060.99972290538,253055918.70266867,0.0,0.0,184,0.0
10-214-01178,BIHAR,Saharsa,Simri Bakhtiarpur,0.0,0.0,,216,10,1178,,119116.35548129058,266466354.66217396,0.00803510971069336,0.007357364374461929,190,1.3978992311477665
10-214-01179,BIHAR,Saharsa,Salkhua,0.0,0.0,,216,10,1179,,82412.26684571667,221182533.93573853,0.00803510971069336,0.007056942290067675,162,1.1432246509909634
10-214-01180,BIHAR,Saharsa,Banma Itahri,0.0,0.0,,216,10,1180,,54286.501575749484,92822449.4552088,0.00803510971069336,0.0026835621207101008,70,0.18784934844970705
10-215-01181,BIHAR,Darbhanga,Jale,0.0,0.0,,195,10,1181,,112473.57051363293,234172285.01568127,0.03404591674804688,0.01417007516153743,178,2.5222733787536624
10-215-01182,BIHAR,Darbhanga,Singhwara,0.0,0.0,,195,10,1182,,121368.62688362494,223279889.67870736,0.0027370689392089845,0.0025855700315573276,156,0.4033489249229431
10-215-01183,BIHAR,Darbhanga,Keotiranway,0.0,0.0,,195,10,1183,,89515.08566239705,180205403.4644349,0.0027370689392089845,0.0007159158783234083,130,0.09306906418204308
10-215-01184,BIHAR,Darbhanga,Darbhanga,0.0,0.0,,195,10,1184,,131883.04966973627,240721362.1475316,0.0027370689392089845,0.0004903326384045861,176,0.08629854435920717
10-215-01185,BIHAR,Darbhanga,Manigachhi,0.0,0.0,,195,10,1185,,96856.01003306538,158887287.31255177,0.01775707702636719,0.012394014175301015,115,1.4253116301596167
10-215-01186,BIHAR,Darbhanga,Tardih,0.0,0.0,,195,10,1186,,96398.42232606321,109520018.96976715,0.01775707702636719,0.016039511230587965,80,1.283160898447037
10-215-01187,BIHAR,Darbhanga,Alinagar,0.0,0.0,,195,10,1187,,105560.56246873255,146523357.5416611,0.01775707702636719,0.006226565390366775,104,0.6475628005981446
10-215-01188,BIHAR,Darbhanga,Benipur,0.0,0.0,,195,10,1188,,118482.30854716274,204643530.87647069,0.01775707702636719,0.003057204790274302,150,0.45858071854114535
10-215-01189,BIHAR,Darbhanga,Bahadurpur,0.0,0.0,,195,10,1189,,155637.00049509996,221161760.4253616,0.0027370689392089845,0.0007556051860988876,162,0.1224080401480198
10-215-01190,BIHAR,Darbhanga,Hanumannagar,0.0,0.0,,195,10,1190,,114393.83215098479,181536916.32106537,0.0027370689392089845,0.0005633785356846891,129,0.0726758311033249
10-215-01191,BIHAR,Darbhanga,Hayaghat,0.0,0.0,,195,10,1191,,66118.49929402806,108810529.75916524,0.0005131043314933777,0.0005048056200856254,84,0.042403672087192534
10-215-01192,BIHAR,Darbhanga,Baheri,0.0,0.0,,195,10,1192,,128629.1579498372,271307286.95794886,0.005265689420700073,0.0005623539179100274,193,0.10853430615663529
10-215-01193,BIHAR,Darbhanga,Biraul,0.0,0.0,,195,10,1193,,135706.32971678255,230203939.26841983,0.005265689420700073,0.0046861058732358424,164,0.7685213632106782
10-215-01194,BIHAR,Darbhanga,Ghanshyampur,0.0,0.0,,195,10,1194,,76766.91373126305,103945643.9979024,0.01775707702636719,0.005746127405533424,78,0.4481979376316071
10-215-01195,BIHAR,Darbhanga,Kiratpur,0.0,0.0,,195,10,1195,,78793.19278562842,78915927.53877336,0.01913047317266464,0.009157558544058548,57,0.5219808370113372
10-215-01196,BIHAR,Darbhanga,Gora Bauram,0.0,0.0,,195,10,1196,,99804.03366816713,145653476.81698695,0.005265689420700073,0.005228520062705066,107,0.5594516467094421
10-215-01197,BIHAR,Darbhanga,Kusheshwar Asthan,0.0,0.0,,195,10,1197,,87220.16498537568,144130520.9401011,0.005265689420700073,0.0020994375076108765,103,0.21624206328392026
10-215-01198,BIHAR,Darbhanga,Kusheshwar Asthan Purbi,0.0,0.0,,195,10,1198,,91858.86035222423,150084285.43545517,0.00803510971069336,0.003216151428222656,112,0.3602089599609375
10-216-01200,BIHAR,Muzaffarpur,Baruraj (Motipur),0.0,0.0,,208,10,1200,,125110.13599018812,365259305.4740948,0.021722389221191407,0.009333193847888322,263,2.454629981994629
10-216-01201,BIHAR,Muzaffarpur,Paroo,0.0,0.0,,208,10,1201,,136934.87791145188,413033977.3448192,0.0,0.0,300,0.0
10-216-01202,BIHAR,Muzaffarpur,Saraiya,0.0,0.0,,208,10,1202,,155820.80051537574,301402655.1404849,0.021722389221191407,0.001992879745063432,218,0.43444778442382814
10-216-01203,BIHAR,Muzaffarpur,Marwan,0.0,0.0,,208,10,1203,,84959.92762229654,138736310.53842777,0.021722389221191407,0.00847173179626465,100,0.8471731796264649
10-216-01204,BIHAR,Muzaffarpur,Kanti,0.0,0.0,,208,10,1204,,97122.90469976026,124757584.36625764,0.021722389221191407,0.021722389221191407,92,1.9984598083496095
10-216-01205,BIHAR,Muzaffarpur,Minapur,0.0,0.0,,208,10,1205,,166218.11946715685,316124209.98756105,0.021722389221191407,0.02163604289463588,224,4.846473608398437
10-216-01206,BIHAR,Muzaffarpur,Bochaha,0.0,0.0,,208,10,1206,,126044.68100944142,233148755.94160384,0.021319439697265626,0.018517744227297166,170,3.1480165186405182
10-216-01207,BIHAR,Muzaffarpur,Aurai,0.0,0.0,,208,10,1207,,101267.16719990574,247748190.77792475,0.021319439697265626,0.02098821154470029,184,3.8618309242248534
10-216-01208,BIHAR,Muzaffarpur,Katra,0.0,0.0,,208,10,1208,,118891.9342746819,235108975.17115793,0.021319439697265626,0.00900321721808855,172,1.5485533615112306
10-216-01209,BIHAR,Muzaffarpur,Gaighat,0.0,0.0,,208,10,1209,,111008.49869520529,259762671.68662548,0.021319439697265626,0.006937574286735495,191,1.3250766887664795
10-216-01213,BIHAR,Muzaffarpur,Kurhani,0.0,0.0,,208,10,1213,,108106.10574110712,256354911.2077163,0.0006112557888031006,0.00023715388527333412,183,0.04339916100502014
10-216-01214,BIHAR,Muzaffarpur,Sakra,0.0,0.0,,208,10,1214,,105121.4777371614,236360031.18726787,0.0006112557888031006,0.000600333038965861,174,0.10445794878005982
10-217-01215,BIHAR,Gopalganj,Katiya,0.0,0.0,,197,10,1215,,94755.55253264701,158441587.458013,0.0,0.0,115,0.0
10-217-01216,BIHAR,Gopalganj,Bijaipur,0.0,0.0,,197,10,1216,,81309.59717969262,163112176.36717936,0.0,0.0,117,0.0
10-217-01217,BIHAR,Gopalganj,Bhorey,0.0,0.0,,197,10,1217,,78790.65552761848,196013266.46535653,0.0,0.0,141,0.0
10-217-01218,BIHAR,Gopalganj,Pach Deuri,0.0,0.0,,197,10,1218,,53698.212932643866,118295317.11973979,0.0,0.0,87,0.0
10-217-01219,BIHAR,Gopalganj,Kuchaikote,0.0,0.0,,197,10,1219,,101077.28158428885,316078491.04748106,0.0009530549049377442,0.0001538563972096807,223,0.03430997657775879
10-217-01220,BIHAR,Gopalganj,Phulwaria,0.0,0.0,,197,10,1220,,81339.22200232239,118763292.85091434,0.0,0.0,86,0.0
10-217-01221,BIHAR,Gopalganj,Hathua,0.0,0.0,,197,10,1221,,91546.96202775641,183613061.83342972,0.0,0.0,130,0.0
10-217-01222,BIHAR,Gopalganj,Uchkagaon,0.0,0.0,,197,10,1222,,80102.93001981139,142235093.67043933,0.0009530549049377442,2.6721165559002174e-05,107,0.0028591647148132325
10-217-01223,BIHAR,Gopalganj,Thawe,0.0,0.0,,197,10,1223,,57244.55575246375,89300191.60424533,0.0009530549049377442,0.0007331191576444187,65,0.047652745246887215
10-217-01224,BIHAR,Gopalganj,Gopalganj,0.0,0.0,,197,10,1224,,110313.13172782106,244420793.60160467,0.0013403074264526369,0.0009552427722909358,177,0.16907797069549563
10-218-01232,BIHAR,Siwan,Goriakothi,0.0,0.0,,222,10,1232,,73201.39147651673,174963939.23516312,0.0,0.0,128,0.0
10-217-01225,BIHAR,Gopalganj,Manjha,0.0,0.0,,197,10,1225,,80242.78538873792,179389027.9828925,0.0009530549049377442,0.000792999882734459,131,0.10388298463821412
10-217-01226,BIHAR,Gopalganj,Barauli,0.0,0.0,,197,10,1226,,105754.79057670098,232227972.12586737,0.0009530549049377442,0.0005606755793812763,166,0.09307214617729187
10-217-01228,BIHAR,Gopalganj,Baikunthpur,0.0,0.0,,197,10,1228,,97825.58906166903,256614409.24172768,0.0,0.0,179,0.0
10-218-01229,BIHAR,Siwan,Nautan,0.0,0.0,,222,10,1229,,58324.35348563096,81827813.66620097,0.0,0.0,58,0.0
10-218-01230,BIHAR,Siwan,Siwan,0.0,0.0,,222,10,1230,,92599.06904644772,168879532.28230655,0.0,0.0,121,0.0
10-218-01235,BIHAR,Siwan,Bhagwanpur Hat,0.0,0.0,,222,10,1235,,86430.4184146014,189582799.91524476,0.0003507874011993408,5.416570165578057e-05,136,0.0073665354251861576
10-218-01231,BIHAR,Siwan,Barharia,0.0,0.0,,222,10,1231,,90315.6629531122,219606934.01516393,0.0,0.0,156,0.0
10-218-01233,BIHAR,Siwan,Lakri Nabiganj,0.0,0.0,,222,10,1233,,79648.98713303795,120773104.6039552,0.0,0.0,93,0.0
10-218-01234,BIHAR,Siwan,Basantpur,0.0,0.0,,222,10,1234,,57871.378293950496,76675463.02480637,0.0,0.0,53,0.0
10-218-01236,BIHAR,Siwan,Maharajganj,0.0,0.0,,222,10,1236,,119387.58843212528,142817377.5161484,0.0003507874011993408,0.00013282241404635235,103,0.013680708646774292
10-218-01237,BIHAR,Siwan,Pachrukhi,0.0,0.0,,222,10,1237,,99183.2392802834,160709761.40986398,0.0,0.0,118,0.0
10-218-01238,BIHAR,Siwan,Hussainganj,0.0,0.0,,222,10,1238,,68784.84800107122,105975934.30464326,0.0,0.0,77,0.0
10-218-01239,BIHAR,Siwan,Ziradei,0.0,0.0,,222,10,1239,,98825.50869312549,152221780.48504183,0.0,0.0,109,0.0
10-218-01240,BIHAR,Siwan,Mairwa,0.0,0.0,,222,10,1240,,65279.2242200428,88898123.37504825,0.0,0.0,68,0.0
10-218-01242,BIHAR,Siwan,Darauli,0.0,0.0,,222,10,1242,,90305.00161970501,214758375.6239279,0.0,0.0,156,0.0
10-218-01241,BIHAR,Siwan,Guthani,0.0,0.0,,222,10,1241,,78778.78773845347,115110806.99004474,0.0,0.0,79,0.0
10-219-01248,BIHAR,Saran,Mashrakh,0.0,0.0,,218,10,1248,,82075.7710341599,165898243.02109933,0.0,0.0,121,0.0
10-218-01243,BIHAR,Siwan,Andar,0.0,0.0,,222,10,1243,,83358.60866933218,125625010.62434034,0.0,0.0,88,0.0
10-219-01249,BIHAR,Saran,Panapur,0.0,0.0,,218,10,1249,,75875.09329534958,182360909.7404776,0.0,0.0,133,0.0
10-218-01244,BIHAR,Siwan,Raghunathpur,0.0,0.0,,222,10,1244,,87824.68008836384,193566358.3438411,0.0,0.0,143,0.0
10-219-01250,BIHAR,Saran,Taraiya,0.0,0.0,,218,10,1250,,53629.0613522338,97307015.09151264,0.0,0.0,72,0.0
10-218-01245,BIHAR,Siwan,Hasanpura,0.0,0.0,,222,10,1245,,82786.09108287447,121956119.03175904,0.0003507874011993408,0.0001993110234087164,88,0.017539370059967044
10-219-01251,BIHAR,Saran,Ishupur,0.0,0.0,,218,10,1251,,62425.60798229613,109300191.56908256,0.0,0.0,75,0.0
10-218-01246,BIHAR,Siwan,Daraundha,0.0,0.0,,222,10,1246,,105400.53795370483,157911066.26165873,0.0003507874011993408,0.0003054269613890812,116,0.03542952752113342
10-219-01256,BIHAR,Saran,Jalalpur,0.0,0.0,,218,10,1256,,65042.73641147566,147549697.72689733,0.0018373050689697266,0.0006485451367166308,108,0.07004287476539613
10-218-01247,BIHAR,Siwan,Siswan,0.0,0.0,,222,10,1247,,98184.39847010886,155554872.77293277,0.0003507874011993408,0.00024333900803918238,111,0.027010629892349244
10-219-01259,BIHAR,Saran,Nagra,0.0,0.0,,218,10,1259,,43289.948409307304,65110006.46242106,0.0017128825664520266,0.0007074949730997502,46,0.03254476876258851
10-219-01252,BIHAR,Saran,Baniapur,0.0,0.0,,218,10,1252,,89199.8841803021,219417775.87250236,0.0003507874011993408,1.0894018670786982e-05,161,0.0017539370059967041
10-219-01253,BIHAR,Saran,Lahladpur,0.0,0.0,,218,10,1253,,49287.19248841685,70233795.44130237,0.0003507874011993408,0.0001788327927682914,51,0.009120472431182861
10-219-01254,BIHAR,Saran,Ekma,0.0,0.0,,218,10,1254,,99716.17236158185,176114988.01319405,0.0003507874011993408,0.0003507874011993408,126,0.044199212551116945
10-219-01255,BIHAR,Saran,Manjhi,0.0,0.0,,218,10,1255,,127085.43562979231,244607530.98349065,0.0018373050689697266,0.0006790507079502724,179,0.12155007672309875
10-219-01257,BIHAR,Saran,Revelganj,0.0,0.0,,218,10,1257,,84877.1419542779,179359801.45379385,0.0018373050689697266,0.0017262819128770095,130,0.22441664867401123
10-219-01258,BIHAR,Saran,Chapra,0.0,0.0,,218,10,1258,,119729.94798472138,239470568.44351175,0.0017128825664520266,0.0016656695261430207,178,0.29648917565345767
10-219-01260,BIHAR,Saran,Marhaura,0.0,0.0,,218,10,1260,,87240.95030017926,190752130.05196184,0.0017128825664520266,6.206096255260965e-05,138,0.008564412832260133
10-219-01261,BIHAR,Saran,Amnour,0.0,0.0,,218,10,1261,,94922.90618840617,160109081.4065653,0.0017128825664520266,0.00018181923769288147,118,0.021454670047760013
10-219-01263,BIHAR,Saran,Parsa,0.0,0.0,,218,10,1263,,85595.91054800974,122749042.93573296,0.0009488897323608399,0.00011104028782945998,94,0.010437787055969238
10-219-01266,BIHAR,Saran,Dighwara,0.0,0.0,,218,10,1266,,81943.45164265168,101347015.6655549,0.0009488897323608399,0.0009488897323608398,74,0.07021784019470215
10-219-01264,BIHAR,Saran,Dariapur,0.0,0.0,,218,10,1264,,115477.27251924115,281302380.67878103,0.0009488897323608399,0.000763856234550476,200,0.1527712469100952
10-219-01265,BIHAR,Saran,Garkha,0.0,0.0,,218,10,1265,,90147.74693968748,213336409.9887166,0.0017128825664520266,0.0013383762752308564,153,0.20477157011032104
10-220-01269,BIHAR,Vaishali,Paterhi Belsar,0.0,0.0,,224,10,1269,,56227.36197278124,93522597.26160131,0.0,0.0,72,0.0
10-219-01267,BIHAR,Saran,Sonepur,0.0,0.0,,218,10,1267,,70412.64000247594,214865144.18564072,0.0009488897323608399,0.00038076466967345803,157,0.059780053138732914
10-220-01268,BIHAR,Vaishali,Vaishali,0.0,0.0,,224,10,1268,,72706.90824879723,158663399.21103516,0.0,0.0,115,0.0
10-220-01270,BIHAR,Vaishali,Lalganj,0.0,0.0,,224,10,1270,,89595.71916906572,184177988.41986412,0.0009488897323608399,7.299151787391076e-06,130,0.0009488897323608399
10-221-01294,BIHAR,Samastipur,Mohiuddinagar,0.0,0.0,,217,10,1294,,80607.53716768604,178536106.2701614,0.0017225372180342674,0.0015206773877958768,128,0.19464670563787223
10-220-01271,BIHAR,Vaishali,Bhagwanpur,0.0,0.0,,224,10,1271,,98965.72708266653,142473218.81446454,0.0,0.0,105,0.0
10-220-01272,BIHAR,Vaishali,Goraul,0.0,0.0,,224,10,1272,,101989.77906286377,122446101.92943335,0.0006112557888031006,6.9460885091261435e-06,88,0.0006112557888031006
10-220-01273,BIHAR,Vaishali,Chehra Kalan,0.0,0.0,,224,10,1273,,63204.34388206024,89818122.94593617,0.0006112557888031006,0.0004701967606177697,65,0.03056278944015503
10-220-01277,BIHAR,Vaishali,Raja Pakar,0.0,0.0,,224,10,1277,,58946.08844196175,93673217.82917874,0.0,0.0,69,0.0
10-220-01274,BIHAR,Vaishali,Patepur,0.0,0.0,,224,10,1274,,118180.33822078991,317029999.71255994,0.0006112557888031006,0.00020478851422019634,230,0.047101358270645155
10-220-01275,BIHAR,Vaishali,Mahua,0.0,0.0,,224,10,1275,,86273.82517515696,171155586.12447235,0.0,0.0,125,0.0
10-220-01276,BIHAR,Vaishali,Jandaha,0.0,0.0,,224,10,1276,,99044.76663725945,179891527.10359335,0.0,0.0,130,0.0
10-220-01278,BIHAR,Vaishali,Hajipur,0.0,0.0,,224,10,1278,,80048.24731377292,194916759.16986817,0.0,0.0,141,0.0
10-220-01280,BIHAR,Vaishali,Bidupur,0.0,0.0,,224,10,1280,,88122.3198685409,139375575.9420912,0.0007851817607879639,0.00014526666712760925,100,0.014526666712760924
10-220-01279,BIHAR,Vaishali,Raghopur,0.0,0.0,,224,10,1279,,128641.49950069311,338499790.0832371,0.0007851817607879639,0.000422681675735785,245,0.10355701055526732
10-220-01281,BIHAR,Vaishali,Desri,0.0,0.0,,224,10,1281,,50183.809114488824,56627949.53624974,0.0007851817607879639,0.00028042205742427286,42,0.01177772641181946
10-221-01284,BIHAR,Samastipur,Kalyanpur,0.0,0.0,,217,10,1284,,147387.26660455638,294821482.9966942,0.0005131043314933777,0.00037566823128840375,211,0.07926599680185319
10-221-01286,BIHAR,Samastipur,Shivaji Nagar,0.0,0.0,,217,10,1286,,96209.25031894707,172333979.18990555,0.0005131043314933777,0.00028060393128544095,128,0.03591730320453644
10-221-01288,BIHAR,Samastipur,Samastipur,0.0,0.0,,217,10,1288,,112474.97484539819,170577777.20953664,0.0003736859798431397,0.00012054386446552892,124,0.014947439193725586
10-221-01289,BIHAR,Samastipur,Pusa,0.0,0.0,,217,10,1289,,64081.7615729533,95008289.7510354,0.0003736859798431397,0.00037368597984313974,67,0.02503696064949036
10-221-01291,BIHAR,Samastipur,Morwa,0.0,0.0,,217,10,1291,,104551.97847793197,152111293.7773472,0.0,0.0,110,0.0
10-221-01292,BIHAR,Samastipur,Patori,0.0,0.0,,217,10,1292,,69422.25062895294,130638318.44440164,0.0017225372180342674,0.0004303221131364505,93,0.040019956521689895
10-221-01295,BIHAR,Samastipur,Sarairanjan,0.0,0.0,,217,10,1295,,96463.23467310029,185572344.2706523,0.0,0.0,138,0.0
10-221-01296,BIHAR,Samastipur,Vidyapati Nagar,0.0,0.0,,217,10,1296,,62930.2690484309,106322816.42401849,0.0017225372180342674,0.0010684091605529,79,0.0844043236836791
10-221-01297,BIHAR,Samastipur,Dalsinghsarai,0.0,0.0,,217,10,1297,,80515.23552986495,118201268.21451648,0.0017225372180342674,4.005900507056436e-05,86,0.003445074436068535
10-221-01298,BIHAR,Samastipur,Ujiarpur,0.0,0.0,,217,10,1298,,81756.09445970641,209497824.1015558,0.0,0.0,150,0.0
10-221-01300,BIHAR,Samastipur,Rosera,0.0,0.0,,217,10,1300,,84599.34785899956,138535375.895554,0.0,0.0,100,0.0
10-221-01299,BIHAR,Samastipur,Bibhutpur,0.0,0.0,,217,10,1299,,96600.53522783429,258332531.194082,0.0033618968963623048,0.00015924774772242497,190,0.03025707206726074
10-221-01301,BIHAR,Samastipur,Singhia,0.0,0.0,,217,10,1301,,76055.88015393679,178639507.67998633,0.005265689420700073,0.0017881230196614905,127,0.2270916234970093
10-222-01307,BIHAR,Begusarai,Cheria Bariarpur,0.0,0.0,,191,10,1307,,80422.0696045629,127840547.1243011,0.0033618968963623048,0.0017753837542587453,89,0.15800915412902833
10-221-01302,BIHAR,Samastipur,Hasanpur,0.0,0.0,,217,10,1302,,122795.93417076243,188091095.39019313,0.0012885681152343751,0.0011044869559151786,140,0.15462817382812502
10-221-01303,BIHAR,Samastipur,Bithan,0.0,0.0,,217,10,1303,,72838.55780104545,149849875.79630712,0.00803510971069336,0.0014146716964579073,107,0.1513698715209961
10-222-01304,BIHAR,Begusarai,Khudabandpur,0.0,0.0,,191,10,1304,,49522.71992212785,59617610.47663844,0.0,0.0,42,0.0
10-222-01305,BIHAR,Begusarai,Chhorahi,0.0,0.0,,191,10,1305,,96201.09768359947,128309829.49376953,0.0033618968963623048,0.0005077368140220642,96,0.04874273414611817
10-222-01306,BIHAR,Begusarai,Garhpura,0.0,0.0,,191,10,1306,,69581.28073662621,88651595.91159394,0.0012885681152343751,0.0010193150762301774,67,0.06829411010742188
10-222-01308,BIHAR,Begusarai,Bhagwanpur,0.0,0.0,,191,10,1308,,102620.52088176137,147276258.21886113,0.0033618968963623048,0.0033618968963623043,107,0.3597229679107666
10-223-01324,BIHAR,Khagaria,Mansi,0.0,0.0,,202,10,1324,,70720.37786012898,86151878.56106131,9.098609685897828e-05,9.098609685897826e-05,68,0.006187054586410522
10-222-01309,BIHAR,Begusarai,Mansurchak,0.0,0.0,,191,10,1309,,55538.61039021854,42158333.283958256,0.0033618968963623048,0.0012607113361358642,32,0.040342762756347655
10-224-01333,BIHAR,Bhagalpur,Rangra Chowk,0.0,0.0,,192,10,1333,,56200.86409227388,97946271.45940188,0.0025041591644287113,0.0023405568872672928,69,0.1614984252214432
10-222-01310,BIHAR,Begusarai,Bachhwara,0.0,0.0,,191,10,1310,,112893.55520851951,186501763.14040864,0.0033618968963623048,0.0023253945598006253,135,0.3139282655730844
10-222-01311,BIHAR,Begusarai,Teghra,0.0,0.0,,191,10,1311,,93442.93751421869,180050069.66821858,0.0033618968963623048,0.0033618968963623048,130,0.4370465965270996
10-222-01312,BIHAR,Begusarai,Barauni,0.0,0.0,,191,10,1312,,90573.71511882372,141812926.41245717,0.0033618968963623048,0.003304809981410943,103,0.34039542808532713
10-222-01313,BIHAR,Begusarai,Birpur,0.0,0.0,,191,10,1313,,69057.86510087451,64693086.30641256,0.0033618968963623048,0.0033618968963623043,49,0.16473294792175291
10-222-01314,BIHAR,Begusarai,Begusarai,0.0,0.0,,191,10,1314,,114572.02827886646,273941103.5239774,0.0033618968963623048,0.0006689488722353565,196,0.13111397895812987
10-222-01315,BIHAR,Begusarai,Naokothi,0.0,0.0,,191,10,1315,,61794.845266753924,91575422.87048158,0.0,0.0,67,0.0
10-222-01316,BIHAR,Begusarai,Bakhri,0.0,0.0,,191,10,1316,,74902.13049058078,94921186.04856166,0.0012885681152343751,7.579812442555148e-05,68,0.0051542724609375005
10-222-01317,BIHAR,Begusarai,Dandari,0.0,0.0,,191,10,1317,,77075.31892237118,85364223.36403492,0.0,0.0,62,0.0
10-222-01318,BIHAR,Begusarai,Sahebpur Kamal,0.0,0.0,,191,10,1318,,97820.3506924087,179327758.1582562,0.00040769904851913454,7.006723924919411e-05,135,0.009459077298641205
10-222-01319,BIHAR,Begusarai,Balia,0.0,0.0,,191,10,1319,,95726.56851828664,181873531.04775092,0.0,0.0,134,0.0
10-222-01320,BIHAR,Begusarai,Matihani,0.0,0.0,,191,10,1320,,104199.58891726227,214311339.790948,0.0033618968963623048,0.0004682452771648671,159,0.07445099906921387
10-222-01321,BIHAR,Begusarai,Shamho Akha Kurha,0.0,0.0,,191,10,1321,,47884.70174269599,82130306.58899558,0.0,0.0,60,0.0
10-223-01322,BIHAR,Khagaria,Alauli,0.0,0.0,,202,10,1322,,117176.16085281859,337532903.06560946,0.00803510971069336,0.002989622921315731,243,0.7264783698797227
10-223-01323,BIHAR,Khagaria,Khagaria,0.0,0.0,,202,10,1323,,164255.4907534744,325761754.1557925,9.098609685897828e-05,6.785403833550922e-05,236,0.016013553047180176
10-223-01325,BIHAR,Khagaria,Chautham,0.0,0.0,,202,10,1325,,88833.5659059585,205164632.7891582,0.00218185453414917,9.253693794717596e-05,147,0.013602929878234866
10-228-01376,BIHAR,Sheikhpura,Chewara,0.0,0.0,,219,10,1376,,77279.14911837938,141385828.1075451,0.003085441017150879,0.0029109493843146733,105,0.3056496853530407
10-223-01326,BIHAR,Khagaria,Beldaur,0.0,0.0,,202,10,1326,,101449.44415348554,276820454.1841197,0.00218185453414917,0.00025834561968534193,209,0.05399423451423646
10-223-01327,BIHAR,Khagaria,Gogri,0.0,0.0,,202,10,1327,,109725.85953588395,321971045.3784509,0.00013482226133346557,2.5527274403960916e-05,233,0.005947854936122893
10-223-01328,BIHAR,Khagaria,Parbatta,0.0,0.0,,202,10,1328,,89952.53209418767,286770838.53234714,0.00013482226133346557,0.00010949908814361791,209,0.022885309422016144
10-224-01329,BIHAR,Bhagalpur,Narayanpur,0.0,0.0,,192,10,1329,,96964.50839109154,173637043.38008544,0.0022965606570243837,0.0003040196380277319,127,0.03861049402952195
10-224-01330,BIHAR,Bhagalpur,Bihpur,0.0,0.0,,192,10,1330,,98960.16392998041,189427956.2070791,0.0022965606570243837,0.0010803379705483966,139,0.15016697790622713
10-234-01472,BIHAR,Rohtas,Akorhi Gola,0.0,0.0,,215,10,1472,,71741.57946050014,124356844.03544964,0.0032042185068130494,0.003204218506813049,93,0.29799232113361357
10-224-01331,BIHAR,Bhagalpur,Kharik,0.0,0.0,,192,10,1331,,103106.05203500649,169292223.68779984,0.0022965606570243837,0.0013714025924524923,127,0.17416812924146652
10-224-01332,BIHAR,Bhagalpur,Naugachhia,0.0,0.0,,192,10,1332,,91833.23423872421,134223697.96961665,0.0022965606570243837,0.0009566037990830162,99,0.09470377610921861
10-224-01335,BIHAR,Bhagalpur,Pirpainti,0.0,0.0,,192,10,1335,,138631.2255747686,411429376.6216011,0.0038856670379638675,0.0007674675071037422,295,0.22640291459560397
10-224-01336,BIHAR,Bhagalpur,Kahalgaon,0.0,0.0,,192,10,1336,,128722.99744742387,352186242.20537144,0.0022965606570243837,0.0015294494877952014,258,0.39459796785116197
10-224-01337,BIHAR,Bhagalpur,Ismailpur,0.0,0.0,,192,10,1337,,66332.03197363381,102752037.41138108,0.0022965606570243837,0.002110385934346252,72,0.15194778727293015
10-224-01338,BIHAR,Bhagalpur,Sabour,0.0,0.0,,192,10,1338,,85492.0541239663,141198925.34276122,0.0022965606570243837,0.002206445833274297,105,0.23167681249380115
10-226-01359,BIHAR,Munger,Dharhara,0.0,0.0,,207,10,1359,,105188.90103685112,355220468.750446,0.00040769904851913454,0.00038557584433592575,258,0.09947856783866885
10-224-01339,BIHAR,Bhagalpur,Nathnagar,0.0,0.0,,192,10,1339,,105259.93673308079,163498377.60317266,0.0022965606570243837,0.0021866417555485742,118,0.25802372715473176
10-226-01360,BIHAR,Munger,Kharagpur,0.0,0.0,,207,10,1360,,169586.30903503796,398589433.5102216,0.00040769904851913454,0.0003555703027481182,297,0.10560437991619112
10-224-01340,BIHAR,Bhagalpur,Sultanganj,0.0,0.0,,192,10,1340,,139861.1879796442,266407467.3450057,0.0022965606570243837,0.00018653009639432033,192,0.035813778507709504
10-224-01341,BIHAR,Bhagalpur,Shahkund,0.0,0.0,,192,10,1341,,93276.90256650816,208798734.37786233,0.024402845764160158,0.0036480755506397835,154,0.5618036347985267
10-224-01342,BIHAR,Bhagalpur,Goradih,0.0,0.0,,192,10,1342,,106918.08891287447,178026414.43832883,0.024402845764160158,0.0074760224809018215,129,0.964406900036335
10-224-01343,BIHAR,Bhagalpur,Jagdishpur,0.0,0.0,,192,10,1343,,107045.71303668506,127447147.46016994,0.024402845764160158,0.005386686532215405,93,0.5009618474960327
10-224-01344,BIHAR,Bhagalpur,Sonhaula,0.0,0.0,,192,10,1344,,84463.86530366821,214425428.57327408,0.01029710464477539,0.005488002528334563,159,0.8725924020051956
10-225-01345,BIHAR,Banka,Shambhuganj,0.0,0.0,,190,10,1345,,85765.27415008907,217970788.89652416,0.0009977295875549317,0.0009977295875549317,160,0.15963673400878908
10-225-01346,BIHAR,Banka,Amarpur,0.0,0.0,,190,10,1346,,98000.87839154692,234663534.19316816,0.024402845764160158,0.014958676078863314,171,2.5579336094856266
10-225-01347,BIHAR,Banka,Rajaun,0.0,0.0,,190,10,1347,,86718.04358754268,242814641.5593075,0.024402845764160158,0.024402845764160158,180,4.392512237548829
10-226-01363,BIHAR,Munger,Tetiha Bambor,0.0,0.0,,207,10,1363,,73286.15332623897,95190725.80042528,0.0003160881757736206,0.00031608817577362066,69,0.021810084128379825
10-225-01348,BIHAR,Banka,Dhuraiya,0.0,0.0,,190,10,1348,,106681.6377356153,285703540.38620996,0.024402845764160158,0.02014683201382126,207,4.170394226861001
10-225-01349,BIHAR,Banka,Barahat,0.0,0.0,,190,10,1349,,122910.23058217819,181202001.14064544,0.024402845764160158,0.015884366970389856,131,2.080852073121071
10-225-01350,BIHAR,Banka,Banka,0.0,0.0,,190,10,1350,,137083.07375503817,365153241.48788345,0.024402845764160158,0.009275002053271246,274,2.5413505625963215
10-225-01351,BIHAR,Banka,Phulidumar,0.0,0.0,,190,10,1351,,117105.67306472127,248400685.45023423,0.0013764943122863771,0.0010232642880986247,178,0.1821410432815552
10-225-01352,BIHAR,Banka,Belhar,0.0,0.0,,190,10,1352,,118426.40149548957,290570448.277483,0.0018170379638671875,0.0007264850833606272,213,0.1547413227558136
10-225-01353,BIHAR,Banka,Chanan,0.0,0.0,,190,10,1353,,169565.08902723462,550876204.0147796,0.01834305319786072,0.0040888310983999455,402,1.643710101556778
10-225-01354,BIHAR,Banka,Katoria,0.0,0.0,,190,10,1354,,180268.89530762268,687665367.2781417,0.02213505609035492,0.005110534760824018,503,2.570598984694481
10-225-01355,BIHAR,Banka,Bausi,0.0,0.0,,190,10,1355,,109314.78149810205,385846183.7170387,0.02213505609035492,0.008376965209967654,284,2.379058119630814
10-226-01356,BIHAR,Munger,Munger,0.0,0.0,,207,10,1356,,162390.1628928388,306519605.49277806,0.00040769904851913454,0.00018036143227057023,220,0.03967951509952545
10-226-01357,BIHAR,Munger,Bariarpur,0.0,0.0,,207,10,1357,,122433.4478606843,198040113.63802013,0.00040769904851913454,0.0002752176501833159,145,0.03990655927658081
10-226-01358,BIHAR,Munger,Jamalpur,0.0,0.0,,207,10,1358,,72817.19566814511,112971204.64248075,0.00040769904851913454,0.00040769904851913454,83,0.03383902102708817
10-226-01361,BIHAR,Munger,Asarganj,0.0,0.0,,207,10,1361,,61173.52838786665,72491453.98190036,0.00040769904851913454,0.00014531752237906823,52,0.007556511163711548
10-226-01362,BIHAR,Munger,Tarapur,0.0,0.0,,207,10,1362,,54416.57713098438,86962445.68425661,0.0009977295875549317,0.0006916883275157117,61,0.04219298797845841
10-226-01364,BIHAR,Munger,Sangrampur,0.0,0.0,,207,10,1364,,71205.18318302365,105786037.21986651,0.0009977295875549317,0.0005189576435656775,84,0.043592442059516914
10-227-01366,BIHAR,Lakhisarai,Pipariya,0.0,0.0,,204,10,1366,,87968.2901826016,106258171.87143916,0.0004219207763671875,0.00010981499658872004,73,0.008016494750976563
10-227-01365,BIHAR,Lakhisarai,Barahiya,0.0,0.0,,204,10,1365,,95965.48426593257,248505135.43154767,0.0004219207763671875,0.00042192077636718755,179,0.07552381896972657
10-227-01367,BIHAR,Lakhisarai,Surajgarha,0.0,0.0,,204,10,1367,,140312.1609931406,462726462.37366486,0.0007233727931976318,0.00010242223192954204,338,0.03461871439218521
10-227-01368,BIHAR,Lakhisarai,Lakhisarai,0.0,0.0,,204,10,1368,,117670.76745524361,181316338.94823277,0.003085441017150879,0.0006483382508954929,131,0.08493231086730957
10-227-01369,BIHAR,Lakhisarai,Chanan*,0.0,0.0,,204,10,1369,,86014.87070350182,177670731.10250506,0.0007233727931976318,0.0005905638810247181,128,0.07559217677116392
10-228-01375,BIHAR,Sheikhpura,Ghat Kusumbha,0.0,0.0,,219,10,1375,,80592.24583619394,99088070.68237934,0.0019726478576660156,0.0005966505883445202,71,0.042362191772460936
10-227-01370,BIHAR,Lakhisarai,Ramgarh Chowk,0.0,0.0,,204,10,1370,,98990.57354622113,128567389.13844268,0.003085441017150879,0.0025682224690914157,96,0.24654935703277592
10-227-01371,BIHAR,Lakhisarai,Halsi,0.0,0.0,,204,10,1371,,82594.8188222393,191441208.6304817,0.003085441017150879,0.0029834812376996604,139,0.41470389204025276
10-228-01372,BIHAR,Sheikhpura,Barbigha,0.0,0.0,,219,10,1372,,83879.7675047183,115941853.486741,0.0019726478576660156,0.0019726478576660156,81,0.15978447647094726
10-228-01373,BIHAR,Sheikhpura,Shekhopur Sarai,0.0,0.0,,219,10,1373,,59774.96229914819,65955650.61796794,0.0019726478576660156,0.0011022838268591008,46,0.05070505603551864
10-228-01374,BIHAR,Sheikhpura,Sheikhpura,0.0,0.0,,219,10,1374,,119718.3677454689,225551054.81458032,0.003085441017150879,0.0014226334509218023,168,0.23900241975486278
10-228-01377,BIHAR,Sheikhpura,Ariari,0.0,0.0,,219,10,1377,,87552.5859976097,183445963.63454768,0.003085441017150879,7.707601399333388e-05,135,0.010405261889100074
10-229-01378,BIHAR,Nalanda,Karai Parsurai,0.0,0.0,,209,10,1378,,58523.47447411047,82148146.79064696,0.002096483898162842,0.0010091616145900038,61,0.06155885848999024
10-229-01379,BIHAR,Nalanda,Nagar Nausa,0.0,0.0,,209,10,1379,,82570.35159490984,108015836.82811198,0.002096483898162842,0.001116038842443377,80,0.08928310739547016
10-229-01380,BIHAR,Nalanda,Harnaut,0.0,0.0,,209,10,1380,,124869.90123154312,224385440.0517296,0.0019726478576660156,0.0006583625055371951,156,0.10270455086380244
10-229-01381,BIHAR,Nalanda,Chandi,0.0,0.0,,209,10,1381,,70527.81459673235,147156102.481168,0.0007851817607879639,0.0003434197089441542,106,0.03640248914808035
10-229-01382,BIHAR,Nalanda,Rahui,0.0,0.0,,209,10,1382,,77076.6108369453,152249665.90613127,0.0019726478576660156,0.0003807093421095296,114,0.04340086500048637
10-229-01383,BIHAR,Nalanda,Bind,0.0,0.0,,209,10,1383,,70364.80140905235,88091657.81671415,0.0019726478576660156,0.0019726478576660156,65,0.128222110748291
10-229-01384,BIHAR,Nalanda,Sarmera,0.0,0.0,,209,10,1384,,91044.34634338948,167201876.42476654,0.0019726478576660156,0.001707889575493045,123,0.21007041778564453
10-229-01385,BIHAR,Nalanda,Asthawan,0.0,0.0,,209,10,1385,,92263.18064708126,171325630.7179731,0.0019726478576660156,0.0016724157540908744,124,0.20737955350726842
10-229-01387,BIHAR,Nalanda,Noorsarai,0.0,0.0,,209,10,1387,,78528.62700534344,151514769.88009417,0.0002922683134675026,0.0002922683134675026,114,0.033318587735295294
10-229-01386,BIHAR,Nalanda,Bihar,0.0,0.0,,209,10,1386,,98561.8371020671,215840179.0991975,0.0019726478576660156,0.00036550550959102673,157,0.057384365005791194
10-229-01390,BIHAR,Nalanda,Hilsa,0.0,0.0,,209,10,1390,,93433.88804652911,175765721.10991755,0.002096483898162842,0.002096483898162842,132,0.27673587455749515
10-229-01391,BIHAR,Nalanda,Ekangarsarai,0.0,0.0,,209,10,1391,,87121.32234693572,166605847.460251,0.002096483898162842,0.0020964838981628424,122,0.2557710355758668
10-229-01392,BIHAR,Nalanda,Islampur,0.0,0.0,,209,10,1392,,109868.69145522316,273834151.4326934,0.003835733926296234,0.0031417907332531134,198,0.6220745651841164
10-229-01393,BIHAR,Nalanda,Ben,0.0,0.0,,209,10,1393,,66947.54721379357,127526149.56798536,0.003835733926296234,0.0015641224861937637,94,0.14702751370221379
10-230-01398,BIHAR,Patna,Maner,0.0,0.0,,212,10,1398,,96133.56350709034,213315300.3597084,0.009031710314750672,0.001615714855146724,151,0.2439729431271553
10-229-01394,BIHAR,Nalanda,Rajgir,0.0,0.0,,209,10,1394,,88740.45664753366,198129288.77271983,0.003835733926296234,0.001752664582452304,142,0.24887837070822716
10-229-01395,BIHAR,Nalanda,Silao,0.0,0.0,,209,10,1395,,79220.42929786978,154752836.13944647,0.0002922683134675026,0.0002753790396531778,112,0.030842452441155913
10-229-01396,BIHAR,Nalanda,Giriak,0.0,0.0,,209,10,1396,,88347.46773236175,99576022.5731765,0.00027192854285240176,0.00027192854285240176,74,0.02012271217107773
10-229-01397,BIHAR,Nalanda,Katrisarai,0.0,0.0,,209,10,1397,,38918.76300208476,48673462.28309288,0.00027192854285240176,0.0002224980221951709,34,0.00756493275463581
10-230-01399,BIHAR,Patna,Dinapur-Cum-Khagaul,0.0,0.0,,212,10,1399,,78598.21354533077,184765788.04152673,0.0050032423853874205,0.002162236146770255,137,0.2962263521075249
10-234-01474,BIHAR,Rohtas,Tilouthu,0.0,0.0,,215,10,1474,,73885.57639601533,193504401.97342023,0.007050249361991882,0.00693269086695732,141,0.9775094122409822
10-230-01400,BIHAR,Patna,Patna Rural,0.0,0.0,,212,10,1400,,87518.10425735511,179850223.48881748,0.0050032423853874205,0.0011871605629958802,126,0.1495822309374809
10-230-01401,BIHAR,Patna,Sampatchak,0.0,0.0,,212,10,1401,,53219.7118618291,78902366.60372826,0.0050032423853874205,0.0004178410295782418,58,0.024234779715538023
10-230-01406,BIHAR,Patna,Dulhin Bazar,0.0,0.0,,212,10,1406,,77792.54009458271,136539622.4680228,0.009031710314750672,0.005755032851358856,99,0.5697482522845267
10-230-01402,BIHAR,Patna,Phulwari,0.0,0.0,,212,10,1402,,70659.26045014715,135940825.49713776,0.0050032423853874205,0.004758440030235605,97,0.4615686829328537
10-230-01413,BIHAR,Patna,Khusrupur,0.0,0.0,,212,10,1413,,46143.60198551767,78201544.387751,0.0007851817607879639,0.00042179408449875686,57,0.02404226281642914
10-230-01403,BIHAR,Patna,Bihta,0.0,0.0,,212,10,1403,,116564.9809665079,244879174.98088208,0.009031710314750672,0.007352432755080376,181,1.330790328669548
10-230-01415,BIHAR,Patna,Athmalgola,0.0,0.0,,212,10,1415,,47997.69261940102,62827293.65665197,0.0017225372180342674,0.0009343064926226032,44,0.04110948567539454
10-230-01404,BIHAR,Patna,Naubatpur,0.0,0.0,,212,10,1404,,105087.74367689912,205320191.59612688,0.0050032423853874205,0.005003242385387421,148,0.7404798730373383
10-230-01405,BIHAR,Patna,Bikram,0.0,0.0,,212,10,1405,,86626.03512108007,186422313.04867813,0.009031710314750672,0.007872438968171318,139,1.0942690165758133
10-234-01475,BIHAR,Rohtas,Rohtas,0.0,0.0,,215,10,1475,,88257.59288547112,389741138.17794544,0.007709499987959862,0.006422798971961599,287,1.843343304952979
10-230-01407,BIHAR,Patna,Paliganj,0.0,0.0,,212,10,1407,,129476.3041410336,293354152.7667747,0.009031710314750672,0.004323769927136253,214,0.9252867644071581
10-230-01408,BIHAR,Patna,Masaurhi,0.0,0.0,,212,10,1408,,108866.13277400887,248716954.87290823,0.0050032423853874205,0.0037081968585650125,180,0.6674754345417022
10-230-01409,BIHAR,Patna,Dhanarua,0.0,0.0,,212,10,1409,,95102.40821522896,225577653.19725513,0.0050032423853874205,0.002691595471551619,166,0.4468048482775688
10-230-01410,BIHAR,Patna,Punpun,0.0,0.0,,212,10,1410,,82554.93388622913,161116560.78819045,0.0050032423853874205,0.003499339916904767,120,0.4199207900285721
10-230-01411,BIHAR,Patna,Fatwah,0.0,0.0,,212,10,1411,,97950.27190535897,155697451.47083917,0.0002540766954421997,0.0002540766954421997,114,0.028964743280410765
10-230-01412,BIHAR,Patna,Daniawan,0.0,0.0,,212,10,1412,,69689.77872311571,79566220.36857046,0.0002540766954421997,0.0002540766954421997,55,0.013974218249320984
10-230-01414,BIHAR,Patna,Bakhtiarpur,0.0,0.0,,212,10,1414,,120205.01587822943,168153072.20481881,0.0017225372180342674,0.0008071510293171742,128,0.1033153317525983
10-230-01416,BIHAR,Patna,Belchhi,0.0,0.0,,212,10,1416,,88573.78025963024,87443681.0926542,0.0019726478576660156,0.0018642101887846366,64,0.11930945208221674
10-230-01417,BIHAR,Patna,Barh,0.0,0.0,,212,10,1417,,95365.9771693495,147280816.515725,0.0017225372180342674,0.0017225372180342674,108,0.18603401954770088
10-230-01419,BIHAR,Patna,Ghoswari,0.0,0.0,,212,10,1419,,66454.95033385535,164897376.1169027,0.0033618968963623048,0.0013349965481973085,122,0.16286957888007164
10-230-01418,BIHAR,Patna,Pandarak,0.0,0.0,,212,10,1418,,106894.44852036482,252509471.6555304,0.0019726478576660156,0.0017733618399915212,187,0.33161866407841445
10-232-01438,BIHAR,Buxar,Chaugain,0.0,0.0,,194,10,1438,,52625.33924401454,66025696.44875917,0.002956681251525879,0.0029566812515258788,46,0.13600733757019043
10-232-01439,BIHAR,Buxar,Kesath,0.0,0.0,,194,10,1439,,34661.84662025829,38236018.49691825,0.002956681251525879,0.0029566812515258788,29,0.08574375629425049
10-230-01420,BIHAR,Patna,Mokameh,0.0,0.0,,212,10,1420,,127700.39840194934,244519830.48183808,0.0033618968963623048,0.0016404227461038015,178,0.29199524880647665
10-231-01421,BIHAR,Bhojpur,Shahpur,0.0,0.0,,193,10,1421,,110658.91431619873,211766871.4500774,0.0018373050689697266,0.001578938487859873,156,0.2463144041061402
10-234-01460,BIHAR,Rohtas,Suryapura,0.0,0.0,,215,10,1460,,56159.7630280001,69765063.31452103,0.0025641977310180667,0.0025641977310180662,50,0.12820988655090332
10-231-01422,BIHAR,Bhojpur,Arrah,0.0,0.0,,193,10,1422,,120924.06747051864,221925641.7145924,0.009031710314750672,0.005005113827219661,161,0.8058233261823654
10-231-01423,BIHAR,Bhojpur,Barhara,0.0,0.0,,193,10,1423,,128817.96875565937,258494738.36324885,0.0018373050689697266,0.0017518907023764943,185,0.32409977993965144
10-231-01424,BIHAR,Bhojpur,Koilwar,0.0,0.0,,193,10,1424,,94779.33453556667,208456312.66749656,0.009031710314750672,0.007449261071875289,148,1.1024906386375428
10-231-01425,BIHAR,Bhojpur,Sandesh,0.0,0.0,,193,10,1425,,60697.76797134289,164599530.19806212,0.009031710314750672,0.00842204938093821,120,1.0106459257125853
10-231-01426,BIHAR,Bhojpur,Udwant Nagar,0.0,0.0,,193,10,1426,,92445.60417460876,217797556.82002312,0.009031710314750672,0.0035773646969854103,162,0.5795330809116365
10-234-01461,BIHAR,Rohtas,Bikramganj,0.0,0.0,,215,10,1461,,88556.32896667719,168723569.68103397,0.0025641977310180667,0.002564197731018067,124,0.3179605186462403
10-231-01427,BIHAR,Bhojpur,Behea,0.0,0.0,,193,10,1427,,114516.77527652554,206091349.70539597,0.002956681251525879,0.001064910041885888,149,0.15867159624099733
10-231-01428,BIHAR,Bhojpur,Jagdishpur,0.0,0.0,,193,10,1428,,109726.00219208181,318463526.4488765,0.002956681251525879,0.00048006638007102605,233,0.11185546655654907
10-231-01429,BIHAR,Bhojpur,Piro,0.0,0.0,,193,10,1429,,100703.96274410955,268205354.86689487,0.002956681251525879,0.002196498439033625,197,0.43271019248962406
10-234-01462,BIHAR,Rohtas,Karakat,0.0,0.0,,215,10,1462,,102232.22868007293,251121712.10833624,0.003575998914241791,0.002589637707331993,179,0.46354514961242677
10-231-01430,BIHAR,Bhojpur,Charpokhari,0.0,0.0,,193,10,1430,,88834.1327790213,135855258.49695313,0.001813603973388672,0.0013694653492347865,102,0.13968546562194822
10-231-01431,BIHAR,Bhojpur,Garhani,0.0,0.0,,193,10,1431,,93054.52180151101,137128723.85739592,0.001813603973388672,0.00034275528300892227,99,0.033932773017883305
10-231-01432,BIHAR,Bhojpur,Agiaon,0.0,0.0,,193,10,1432,,87534.07309197474,191419206.17039648,0.009031710314750672,0.0037900156323000685,139,0.5268121728897095
10-231-01433,BIHAR,Bhojpur,Tarari,0.0,0.0,,193,10,1433,,95157.98131215997,247108515.4982669,0.0025641977310180667,0.0018970032797919379,180,0.34146059036254883
10-231-01434,BIHAR,Bhojpur,Sahar,0.0,0.0,,193,10,1434,,61748.81499939302,157154129.14318892,0.0044592533111572265,0.002250711255280868,115,0.2588317943572998
10-232-01435,BIHAR,Buxar,Simri,0.0,0.0,,194,10,1435,,87047.69219699135,222195796.247413,0.0031084440112113952,0.002385600597843712,162,0.3864672968506813
10-232-01436,BIHAR,Buxar,Chakki,0.0,0.0,,194,10,1436,,73799.54032015939,80420668.23199363,0.002956681251525879,0.0018784085909525556,66,0.12397496700286867
10-232-01437,BIHAR,Buxar,Barhampur,0.0,0.0,,194,10,1437,,133928.15369382405,240152233.65370417,0.002956681251525879,0.002727848361682341,173,0.47191776657104495
10-232-01440,BIHAR,Buxar,Dumraon,0.0,0.0,,194,10,1440,,115797.88145848007,238641355.07175583,0.0031084440112113952,0.003003445357708044,172,0.5165926015257836
10-232-01441,BIHAR,Buxar,Buxar,0.0,0.0,,194,10,1441,,90996.21871903203,211591033.38394436,0.0031084440112113952,0.0031038908346544334,158,0.4904147518754005
10-232-01442,BIHAR,Buxar,Chausa,0.0,0.0,,194,10,1442,,99103.08457070828,138502720.57991108,0.003543868514895439,0.003283983763993955,102,0.33496634392738345
10-232-01443,BIHAR,Buxar,Rajpur,0.0,0.0,,194,10,1443,,121142.9666413415,336933113.12217736,0.003543868514895439,0.0024565662210407524,247,0.6067718565970659
10-232-01444,BIHAR,Buxar,Itarhi,0.0,0.0,,194,10,1444,,109439.3274763228,293713382.2816445,0.0031084440112113952,0.0031005258105803223,207,0.6418088427901267
10-232-01445,BIHAR,Buxar,Nawanagar,0.0,0.0,,194,10,1445,,126567.10382889764,229774401.79100823,0.0031084440112113952,0.0028908609208270646,169,0.4885554956197739
10-233-01446,BIHAR,Kaimur (Bhabua),Ramgarh,0.0,0.0,,200,10,1446,,124781.0721120257,206666195.02442607,0.00152943754196167,0.001141432337209481,147,0.16779055356979372
10-233-01447,BIHAR,Kaimur (Bhabua),Nuaon,0.0,0.0,,200,10,1447,,121732.74643995032,235834986.4758632,0.003543868514895439,0.0017976768140381542,171,0.30740273520052436
10-233-01448,BIHAR,Kaimur (Bhabua),Kudra,0.0,0.0,,200,10,1448,,132624.50147962422,255577893.54332253,0.0028055533647537234,0.0022800939083099368,187,0.42637756085395817
10-233-01449,BIHAR,Kaimur (Bhabua),Mohania,0.0,0.0,,200,10,1449,,142323.6809133636,349176573.6513165,0.0028055533647537234,0.001251045427431587,262,0.3277739019870758
10-233-01450,BIHAR,Kaimur (Bhabua),Durgawati,0.0,0.0,,200,10,1450,,108544.41183902678,212580801.4059764,0.00028950786590576174,0.00028950786590576174,156,0.04516322708129883
10-233-01451,BIHAR,Kaimur (Bhabua),Chand,0.0,0.0,,200,10,1451,,97099.60209928264,257974481.1925409,0.0016518613815307618,0.0008164647044362249,185,0.1510459703207016
10-233-01452,BIHAR,Kaimur (Bhabua),Chainpur,0.0,0.0,,200,10,1452,,170712.34536647963,555311526.8488017,0.010774435043334961,0.00258232926506285,409,1.0561726694107056
10-233-01453,BIHAR,Kaimur (Bhabua),Bhabua,0.0,0.0,,200,10,1453,,143727.89821118704,407618990.38615096,0.0028055533647537234,0.002046958281289811,298,0.6099935678243638
10-233-01454,BIHAR,Kaimur (Bhabua),Rampur,0.0,0.0,,200,10,1454,,126612.15498309073,210660395.23746365,0.003381186056137085,0.0029924470957223472,154,0.4608368527412415
10-233-01455,BIHAR,Kaimur (Bhabua),Bhagwanpur,0.0,0.0,,200,10,1455,,134815.05705103654,292151198.96788174,0.006396463394165039,0.0022251725853614087,212,0.47173658809661867
10-233-01456,BIHAR,Kaimur (Bhabua),Adhaura,0.0,0.0,,200,10,1456,,271357.2345421078,1135984955.9859164,0.006396463394165039,0.0046248101945367374,827,3.824718030881882
10-234-01457,BIHAR,Rohtas,Kochas,0.0,0.0,,215,10,1457,,90248.48407846906,187033418.62218276,0.002288910245895386,0.0020512126820688035,131,0.26870886135101324
10-234-01458,BIHAR,Rohtas,Dinara,0.0,0.0,,215,10,1458,,157118.7651045217,464648316.8452498,0.0025641977310180667,0.0023543011147954948,341,0.8028166801452638
10-234-01459,BIHAR,Rohtas,Dawath,0.0,0.0,,215,10,1459,,78120.6651060775,129910427.66035384,0.0025641977310180667,0.0025641977310180667,94,0.24103458671569827
10-234-01466,BIHAR,Rohtas,Nokha,0.0,0.0,,215,10,1466,,82152.91978314315,208772248.59610957,0.0032042185068130494,0.002377168801507435,148,0.35182098262310035
10-235-01476,BIHAR,Aurangabad,Daudnagar,0.0,0.0,,189,10,1476,,91010.07504965532,238139281.75712803,0.003575998914241791,0.003522887427466257,175,0.616505299806595
10-234-01467,BIHAR,Rohtas,Kargahar,0.0,0.0,,215,10,1467,,128509.87472624176,406135690.59563094,0.0028055533647537234,0.0022185873188428433,298,0.6611390210151673
10-234-01468,BIHAR,Rohtas,Chenari,0.0,0.0,,215,10,1468,,121720.69626398994,292642418.8385522,0.003381186056137085,0.00308885640592619,217,0.6702818400859832
10-234-01469,BIHAR,Rohtas,Nauhatta,0.0,0.0,,215,10,1469,,175494.75594492842,478591449.404211,0.007709499987959862,0.003934594222261616,353,1.3889117604583503
10-234-01470,BIHAR,Rohtas,Sheosagar,0.0,0.0,,215,10,1470,,135463.8765525897,406503956.12222886,0.007050249361991882,0.003537533020973206,295,1.0435722411870958
10-234-01471,BIHAR,Rohtas,Sasaram,0.0,0.0,,215,10,1471,,135810.11950728856,394273130.8742507,0.007050249361991882,0.0035095462900194625,290,1.0177684241056442
10-234-01473,BIHAR,Rohtas,Dehri,0.0,0.0,,215,10,1473,,97323.52013589225,199371136.99043605,0.007050249361991882,0.003559191005263063,144,0.5125235047578811
10-235-01477,BIHAR,Aurangabad,Haspura,0.0,0.0,,189,10,1477,,88845.10694940752,164519986.5205008,0.0050694690704345706,0.003600684371368944,121,0.43568280893564226
10-235-01478,BIHAR,Aurangabad,Goh,0.0,0.0,,189,10,1478,,122286.20877621078,374665187.3660463,0.0050694690704345706,0.00465614707148823,271,1.2618158563733102
10-236-01491,BIHAR,Gaya,Neem Chak Bathani,0.0,0.0,,196,10,1491,,79540.44278654993,146770773.7769567,0.003835733926296234,0.003835733926296235,102,0.39124486048221596
10-235-01479,BIHAR,Aurangabad,Rafiganj,0.0,0.0,,189,10,1479,,167069.30684925965,465687847.79432577,0.013713569974899293,0.010763168960792331,343,3.6917669535517694
10-235-01480,BIHAR,Aurangabad,Obra,0.0,0.0,,189,10,1480,,130720.05569071589,327203821.09876627,0.011881507682800293,0.004199552902262261,235,0.9868949320316314
10-236-01494,BIHAR,Gaya,Manpur,0.0,0.0,,196,10,1494,,77081.78707553667,161226183.41058797,0.00939814567565918,0.009166514078776042,117,1.072482147216797
10-235-01481,BIHAR,Aurangabad,Aurangabad,0.0,0.0,,189,10,1481,,125502.68609205673,344679798.38062614,0.011881507682800293,0.010660346699609115,253,2.697067715001106
10-237-01511,BIHAR,Nawada,Nardiganj,0.0,0.0,,210,10,1511,,60262.24041371029,129808165.4472442,0.00027192854285240176,0.00027192854285240176,95,0.025833211570978166
10-235-01482,BIHAR,Aurangabad,Barun,0.0,0.0,,189,10,1482,,117269.30390529483,381782699.30215496,0.006461266827583313,0.005406826723736826,278,1.5030978291988375
10-235-01483,BIHAR,Aurangabad,Nabinagar,0.0,0.0,,189,10,1483,,173491.30877801325,657546828.2218357,0.011030939340591432,0.007613366011482342,483,3.677255783545971
10-235-01484,BIHAR,Aurangabad,Kutumba,0.0,0.0,,189,10,1484,,110495.73757590447,319048251.76106954,0.011030939340591432,0.008775521576660388,233,2.0446965273618702
10-235-01485,BIHAR,Aurangabad,Deo,0.0,0.0,,189,10,1485,,158578.88849021672,336990745.1586724,0.02071480522155762,0.013966302946315092,255,3.5614072513103485
10-235-01486,BIHAR,Aurangabad,Madanpur,0.0,0.0,,189,10,1486,,153529.37367368402,418713952.50229967,0.02071480522155762,0.014648244730475683,306,4.482362887525559
10-236-01487,BIHAR,Gaya,Konch,0.0,0.0,,196,10,1487,,154041.56172387034,319288521.7326548,0.013713569974899293,0.007576632536231698,231,1.7502021158695222
10-236-01488,BIHAR,Gaya,Tikari,0.0,0.0,,196,10,1488,,122221.36853604284,290576655.12704176,0.013713569974899293,0.00515711864043619,214,1.1036233890533447
10-236-01489,BIHAR,Gaya,Belaganj,0.0,0.0,,196,10,1489,,113473.13279109563,240372540.95814112,0.00397796630859375,0.00397796630859375,176,0.7001220703125
10-236-01490,BIHAR,Gaya,Khizirsarai,0.0,0.0,,196,10,1490,,103698.13096672995,223124430.97950032,0.00939814567565918,0.003938028744951694,167,0.6576508004069328
10-236-01492,BIHAR,Gaya,Muhra,0.0,0.0,,196,10,1492,,93681.45756176667,181269438.2139707,0.008089164924621582,0.004480867293432577,134,0.6004362173199653
10-236-01493,BIHAR,Gaya,Atri,0.0,0.0,,196,10,1493,,103075.15367958385,161340647.62451813,0.00939814567565918,0.004685649712731441,120,0.5622779655277729
10-236-01495,BIHAR,Gaya,Gaya Town C.D.Block,0.0,0.0,,196,10,1495,,91678.58033080616,224144813.6021213,0.00939814567565918,0.00852182925104381,167,1.4231454849243164
10-236-01496,BIHAR,Gaya,Paraiya,0.0,0.0,,196,10,1496,,75593.31264449215,167300846.5298876,0.013713569974899293,0.011783908702881356,123,1.4494207704544069
10-236-01497,BIHAR,Gaya,Guraru,0.0,0.0,,196,10,1497,,81292.54933661391,199646285.7542363,0.013713569974899293,0.013713569974899293,149,2.0433219262599946
10-237-01512,BIHAR,Nawada,Nawada,0.0,0.0,,210,10,1512,,86822.75137888109,219317998.1072041,0.0014044717609882356,0.0003507764884188206,158,0.05542268517017365
10-236-01498,BIHAR,Gaya,Gurua,0.0,0.0,,196,10,1498,,117859.62964526065,238015237.1519128,0.017081830978393556,0.014230787697879749,174,2.4761570594310762
10-236-01499,BIHAR,Gaya,Amas,0.0,0.0,,196,10,1499,,100546.69423332924,128484051.44985774,0.02071480522155762,0.01667749935769543,97,1.6177174376964567
10-237-01517,BIHAR,Nawada,Roh,0.0,0.0,,210,10,1517,,77804.52626079548,192537548.9783989,0.0014044717609882356,0.00018547757970286416,143,0.026523293897509577
10-236-01500,BIHAR,Gaya,Banke Bazar,0.0,0.0,,196,10,1500,,85166.97220092022,256240042.68049288,0.02071480522155762,0.01812828551582668,184,3.3356045349121093
10-236-01501,BIHAR,Gaya,Imamganj,0.0,0.0,,196,10,1501,,136271.57775821586,316917295.57645696,0.03170566177368164,0.022401711374700324,233,5.219598750305176
10-236-01502,BIHAR,Gaya,Dumaria,0.0,0.0,,196,10,1502,,119690.94596035974,390676703.928496,0.03170566177368164,0.019206118771559758,284,5.454537731122971
10-236-01503,BIHAR,Gaya,Sherghati,0.0,0.0,,196,10,1503,,100322.2973073121,167902109.12194017,0.017081830978393556,0.01621361556795777,122,1.9780610992908478
10-238-01531,BIHAR,Jamui,Gidhaur,0.0,0.0,,198,10,1531,,55211.5633940527,100392309.18230554,0.003838161087036133,0.0021821976903118666,79,0.17239361753463747
10-236-01504,BIHAR,Gaya,Dobhi,0.0,0.0,,196,10,1504,,103572.88994215836,218837778.49499393,0.017081830978393556,0.014451176321650126,166,2.398895269393921
10-236-01505,BIHAR,Gaya,Bodh Gaya,0.0,0.0,,196,10,1505,,120948.91182130505,306843965.9119923,0.013847100067138672,0.00979418151336057,224,2.1938966589927675
10-236-01506,BIHAR,Gaya,Tan Kuppa,0.0,0.0,,196,10,1506,,108147.94853451202,190099968.23000297,0.02621735305786133,0.009245190976832036,137,1.2665911638259888
10-240-01542,BIHAR,Arwal,Arwal,0.0,0.0,,611,10,1542,,73924.8054791393,147787869.27798152,0.0044592533111572265,0.0037657335818392554,103,0.38787055892944333
10-236-01507,BIHAR,Gaya,Wazirganj,0.0,0.0,,196,10,1507,,105472.06999302967,323030583.61833626,0.00939814567565918,0.008200095496743413,236,1.9352225372314453
10-236-01508,BIHAR,Gaya,Fatehpur,0.0,0.0,,196,10,1508,,155359.44599717355,408449805.62920874,0.03855849943161011,0.019303194007488214,297,5.733048620223999
10-240-01543,BIHAR,Arwal,Kaler,0.0,0.0,,611,10,1543,,67777.19153730445,176075758.749563,0.003575998914241791,0.0021095786962800358,131,0.2763548092126847
10-236-01509,BIHAR,Gaya,Mohanpur,0.0,0.0,,196,10,1509,,119906.24818546322,418796109.2883684,0.02621735305786133,0.01777392922190877,308,5.474370200347901
10-240-01544,BIHAR,Arwal,Karpi,0.0,0.0,,611,10,1544,,158139.92638461498,234985661.7206014,0.0050694690704345706,0.004366422725278278,172,0.7510247087478639
10-236-01510,BIHAR,Gaya,Barachatti,0.0,0.0,,196,10,1510,,138753.78132836288,366328956.31361085,0.02621735305786133,0.014959032920237338,267,3.9940617897033692
10-237-01513,BIHAR,Nawada,Warisaliganj,0.0,0.0,,210,10,1513,,109792.76918459819,202861050.3008767,0.00027192854285240176,0.00011914329718459736,154,0.018348067766427993
10-237-01514,BIHAR,Nawada,Kashi Chak,0.0,0.0,,210,10,1514,,73948.94452619922,98983451.20841853,3.183744251728058e-05,3.183744251728058e-05,72,0.0022922958612442016
10-237-01515,BIHAR,Nawada,Pakribarawan,0.0,0.0,,210,10,1515,,104545.76938151139,251834567.85717744,3.183744251728058e-05,3.183744251728058e-05,181,0.005762577095627785
10-237-01516,BIHAR,Nawada,Kawakol,0.0,0.0,,210,10,1516,,121170.20018263235,362955647.76482904,0.00404229965209961,0.0024660396817483402,266,0.6559665553450585
10-237-01518,BIHAR,Nawada,Gobindpur,0.0,0.0,,210,10,1518,,73133.35659787485,188189390.13263756,0.0014044717609882356,0.0004150776220404584,138,0.05728071184158326
10-237-01519,BIHAR,Nawada,Akbarpur,0.0,0.0,,210,10,1519,,91268.2921062847,249541236.96202633,0.0014044717609882356,0.0014044717609882353,183,0.2570183322608471
10-237-01520,BIHAR,Nawada,Hisua,0.0,0.0,,210,10,1520,,85113.4923130193,144090762.99664384,0.008089164924621582,0.003744603454897988,106,0.39692796621918675
10-237-01521,BIHAR,Nawada,Narhat,0.0,0.0,,210,10,1521,,62856.50481924386,99624005.77002536,0.0014044717609882356,0.0014044717609882356,69,0.09690855150818825
10-237-01522,BIHAR,Nawada,Meskaur,0.0,0.0,,210,10,1522,,75185.00287586387,145604023.18435815,0.008089164924621582,0.006188013657900172,109,0.6744934887111187
10-237-01523,BIHAR,Nawada,Sirdala,0.0,0.0,,210,10,1523,,111278.51695598938,301894539.186342,0.03855849943161011,0.013250352410554885,225,2.9813292923748493
10-237-01524,BIHAR,Nawada,Rajauli,0.0,0.0,,210,10,1524,,132370.86211000624,450216393.36794454,0.03855849943161011,0.018400618164344854,331,6.090604612398147
10-238-01525,BIHAR,Jamui,Islamnagar Aliganj,0.0,0.0,,198,10,1525,,96153.77396855215,213408239.47295904,0.00404229965209961,0.0026390174343226816,156,0.4116867197543383
10-238-01526,BIHAR,Jamui,Sikandra,0.0,0.0,,198,10,1526,,86788.2538333537,223096734.30010977,0.00404229965209961,0.0030154309991002083,160,0.48246895985603333
10-238-01527,BIHAR,Jamui,Jamui,0.0,0.0,,198,10,1527,,90084.78430112793,212157753.6648698,0.003085441017150879,0.0007820577180163461,161,0.12591129260063172
10-238-01528,BIHAR,Jamui,Barhat,0.0,0.0,,198,10,1528,,114104.37581341481,270298087.1382075,0.0007233727931976318,0.0006523451721427416,198,0.12916434408426283
10-238-01529,BIHAR,Jamui,Lakshmipur,0.0,0.0,,198,10,1529,,112147.89260238525,307635253.00857943,0.0007233727931976318,0.00042249586861412794,222,0.09379408283233641
10-238-01530,BIHAR,Jamui,Jhajha,0.0,0.0,,198,10,1530,,147664.43327942316,507112726.974952,0.003838161087036133,0.0020332173433460173,366,0.7441575476646424
10-238-01532,BIHAR,Jamui,Khaira,0.0,0.0,,198,10,1532,,142747.05687020053,513762691.7981683,0.00404229965209961,0.003670088329667467,379,1.39096347694397
10-238-01533,BIHAR,Jamui,Sono,0.0,0.0,,198,10,1533,,117724.39892386932,474283005.7300444,0.007338368225097656,0.0036141964884851712,346,1.2505119850158692
10-238-01534,BIHAR,Jamui,Chakai,0.0,0.0,,198,10,1534,,243956.2217086091,956725034.6798706,0.010765532875061035,0.007996919457996991,705,5.637828217887879
10-239-01535,BIHAR,Jehanabad,Ratni Faridpur,0.0,0.0,,199,10,1535,,82762.53932271499,155018952.20303965,0.0050694690704345706,0.0038553360428128926,112,0.43179763679504396
10-239-01536,BIHAR,Jehanabad,Jehanabad,0.0,0.0,,199,10,1536,,97254.09844747804,201426556.69272655,0.0030606740951538087,0.0030606740951538082,147,0.4499190919876098
10-239-01537,BIHAR,Jehanabad,Kako,0.0,0.0,,199,10,1537,,83599.3529020472,162373941.78194478,0.0030606740951538087,0.0030606740951538082,118,0.36115954322814936
10-239-01538,BIHAR,Jehanabad,Modanganj,0.0,0.0,,199,10,1538,,66522.90037500951,97205276.85869928,0.0030606740951538087,0.002387061765749161,73,0.17425550889968874
10-239-01539,BIHAR,Jehanabad,Ghoshi,0.0,0.0,,199,10,1539,,82931.95174196921,112225161.55433495,0.00397796630859375,0.0032802181502919136,81,0.265697670173645
10-239-01540,BIHAR,Jehanabad,Makhdumpur,0.0,0.0,,199,10,1540,,128831.72570768485,301471679.33572614,0.00397796630859375,0.003881187772313389,218,0.8460989343643188
10-239-01541,BIHAR,Jehanabad,Hulasganj,0.0,0.0,,199,10,1541,,87179.53907708311,119677697.18988888,0.00397796630859375,0.0033814853176474574,88,0.29757070795297624
10-240-01545,BIHAR,Arwal,Sonbhadra Banshi Suryapur,0.0,0.0,,611,10,1545,,62692.97791397586,116643000.97724338,0.0050694690704345706,0.00491153087391573,85,0.417480124282837
10-240-01546,BIHAR,Arwal,Kurtha,0.0,0.0,,611,10,1546,,71585.17106640573,106433073.5354984,0.0050694690704345706,0.0047836718160894865,79,0.3779100734710694
10-224-01334,BIHAR,Bhagalpur,Gopalpur,0.0,0.0,,192,10,1334,,95407.9186210158,208941966.91883087,0.0025041591644287113,0.0015830649590337434,154,0.24379200369119647
10-210-01127,BIHAR,Kishanganj,Kishanganj,0.0,0.0,,203,10,1127,,125268.33771117091,207105687.55921903,0.008479387998580933,0.007412438593864441,150,1.1118657890796662
10-206-01064,BIHAR,Sitamarhi,Suppi,0.0,0.0,,221,10,1064,,71084.15120823232,92250451.53846286,0.1270367744445801,0.12653759339837467,68,8.604556351089478
10-234-01463,BIHAR,Rohtas,Nasriganj,0.0,0.0,,215,10,1463,,90034.07903274363,167356919.18355417,0.015556810951232911,0.012586378673584232,124,1.5607109555244447
10-234-01464,BIHAR,Rohtas,Rajpur,0.0,0.0,,215,10,1464,,68660.48684625747,85633596.4997788,0.015556810951232911,0.015556810951232911,66,1.026749522781372
10-234-01465,BIHAR,Rohtas,Sanjhauli,0.0,0.0,,215,10,1465,,56591.722358052,83833486.39015438,0.015997779941558838,0.015912431104721562,62,0.9865707284927369
10-203-01023,BIHAR,Pashchim Champaran,Thakrahan,0.0,0.0,,211,10,1023,,79847.09402015881,199004696.79409248,0.05691085245907307,0.05367511235800281,145,7.782891291910408
10-204-01054,BIHAR,Purbi Champaran,Phenhara,0.0,0.0,,213,10,1054,,44565.43736457999,67645025.94776015,0.04691161231994629,0.04691161231994629,51,2.392492228317261
10-219-01262,BIHAR,Saran,Maker,0.0,0.0,,218,10,1262,,62357.8736467211,96585777.9808088,0.04483325538635254,0.04483325538635254,68,3.048661366271973
10-220-01282,BIHAR,Vaishali,Sahdai Buzurg,0.0,0.0,,224,10,1282,,74546.65030748869,114161677.3631406,0.10959251040220261,0.07307712281712567,83,6.0654011938214305
10-229-01388,BIHAR,Nalanda,Tharthari,0.0,0.0,,209,10,1388,,71853.42144919158,77411758.12428828,0.1413252353668213,0.1296598726174661,56,7.260952866578101
10-229-01389,BIHAR,Nalanda,Parbalpur,0.0,0.0,,209,10,1389,,54466.2339431045,76043839.88376136,0.1413252353668213,0.1385588577517292,57,7.897854891848564
10-203-01022,BIHAR,Pashchim Champaran,Bhitaha,0.0,0.0,,211,10,1022,,72626.86760213553,166969906.7472905,0.068775062417984,0.05676117805066656,122,6.92486372218132
10-203-01013,BIHAR,Pashchim Champaran,Sidhaw,0.0,0.0,,211,10,1013,,195582.3602130639,1085337194.6715722,0.068775062417984,0.04243223011862189,778,33.01227503228783
10-203-01014,BIHAR,Pashchim Champaran,Ramnagar,0.0,0.0,,211,10,1014,,230865.78384139363,866139404.2451236,0.05712442455291748,0.05287602220456124,625,33.047513877850776
10-203-01015,BIHAR,Pashchim Champaran,Gaunaha,0.0,0.0,,211,10,1015,,136504.94021895694,605322845.3823951,0.058903975677490235,0.05694646702728004,436,24.828659623894097
10-203-01016,BIHAR,Pashchim Champaran,Mainatanr,0.0,0.0,,211,10,1016,,115419.13930249632,312998546.4010918,0.06235019662380219,0.058955898969088295,224,13.206121369075777
10-203-01017,BIHAR,Pashchim Champaran,Narkatiaganj,0.0,0.0,,211,10,1017,,149144.20649331805,441857686.2127825,0.06235019662380219,0.06035584231072778,316,19.072446170189977
10-203-01018,BIHAR,Pashchim Champaran,Lauriya,0.0,0.0,,211,10,1018,,120853.32018665274,255440417.54612216,0.06235019662380219,0.06092348340026669,183,11.148997462248804
10-203-01019,BIHAR,Pashchim Champaran,Bagaha,0.0,0.0,,211,10,1019,,135587.24079810514,491292931.53180623,0.068775062417984,0.057452799901996345,350,20.10847996569872
10-203-01021,BIHAR,Pashchim Champaran,Madhubani,0.0,0.0,,211,10,1021,,144670.82201821523,386116138.1353823,0.068775062417984,0.061984278011590024,278,17.231629287222027
10-203-01024,BIHAR,Pashchim Champaran,Jogapatti,0.0,0.0,,211,10,1024,,88530.23644360513,258722436.3759333,0.06235019662380219,0.0564830805973981,186,10.505852991116047
10-203-01029,BIHAR,Pashchim Champaran,Bairia,0.0,0.0,,211,10,1029,,105039.82861382668,288505226.87341565,0.05321650352478027,0.04875641795893034,209,10.190091353416442
10-203-01025,BIHAR,Pashchim Champaran,Chanpatia,0.0,0.0,,211,10,1025,,113543.7602983494,310017349.34780717,0.06235019662380219,0.05761575386816805,220,12.675465850996972
10-206-01071,BIHAR,Sitamarhi,Parsauni,0.0,0.0,,221,10,1071,,63729.135625112256,74724139.64418457,0.11592391662597656,0.11090483994917437,55,6.09976619720459
10-203-01026,BIHAR,Pashchim Champaran,Sikta,0.0,0.0,,211,10,1026,,93443.22825707054,255004178.86147365,0.06235019662380219,0.05908435626390818,185,10.930605908823013
10-203-01027,BIHAR,Pashchim Champaran,Majhaulia,0.0,0.0,,211,10,1027,,123374.4030721297,371511179.15939575,0.06235019662380219,0.048143602053051106,269,12.950628952270748
10-203-01028,BIHAR,Pashchim Champaran,Bettiah,0.0,0.0,,211,10,1028,,53968.26030594324,83182055.35378212,0.04753261399269104,0.04753261399269104,60,2.8519568395614625
10-203-01030,BIHAR,Pashchim Champaran,Nautan,0.0,0.0,,211,10,1030,,122656.63983711715,245738630.13883996,0.050996579694747926,0.047843981696246714,178,8.516228741931915
10-204-01031,BIHAR,Purbi Champaran,Raxaul,0.0,0.0,,213,10,1031,,98709.78801801558,166685360.13968688,0.08427837672233582,0.058222531246741614,120,6.986703749608994
10-206-01072,BIHAR,Sitamarhi,Belsand,0.0,0.0,,221,10,1072,,66235.5873217276,97354060.86547032,0.11592391662597656,0.10911988662397358,71,7.747511950302124
10-206-01073,BIHAR,Sitamarhi,Runisaidpur,0.0,0.0,,221,10,1073,,152472.54206325076,334873257.0825382,0.11592391662597656,0.1094245419837441,239,26.15246553411484
10-204-01032,BIHAR,Purbi Champaran,Adapur,0.0,0.0,,213,10,1032,,94532.37688292323,199608924.7111849,0.08427837672233582,0.07431301934078437,147,10.924013843095302
10-206-01074,BIHAR,Sitamarhi,Dumra,0.0,0.0,,221,10,1074,,111649.34177378344,241159212.36062923,0.12556093482971192,0.11648420838200768,172,20.035283841705322
10-204-01033,BIHAR,Purbi Champaran,Ramgarhwa,0.0,0.0,,213,10,1033,,90718.26831189607,213035907.5226096,0.05800357456207276,0.05293407296853907,153,8.098913164186477
10-204-01034,BIHAR,Purbi Champaran,Sugauli,0.0,0.0,,213,10,1034,,84892.41923436844,209336830.19001696,0.04723088367581368,0.04723088367581368,150,7.084632551372052
10-204-01038,BIHAR,Purbi Champaran,Ghorasahan,0.0,0.0,,213,10,1038,,75335.10865687576,144368243.47105,0.1270367744445801,0.1000765918878122,104,10.407965556332469
10-204-01035,BIHAR,Purbi Champaran,Banjaria,0.0,0.0,,213,10,1035,,102381.40449613356,176960195.87167916,0.05125680185258389,0.048974391547643305,127,6.2197477265506995
10-204-01047,BIHAR,Purbi Champaran,Kesaria,0.0,0.0,,213,10,1047,,87546.8206889307,229535442.11688668,0.09210360221862793,0.057373263030037994,168,9.638708189046383
10-204-01036,BIHAR,Purbi Champaran,Narkatia,0.0,0.0,,213,10,1036,,105607.09704406632,168338010.30978012,0.08427837672233582,0.05377539654603955,118,6.345496792432667
10-204-01037,BIHAR,Purbi Champaran,Bankatwa,0.0,0.0,,213,10,1037,,99233.37216886049,115311013.90225838,0.1270367744445801,0.05474093852348027,87,4.762461651542783
10-204-01039,BIHAR,Purbi Champaran,Dhaka,0.0,0.0,,213,10,1039,,97673.73467814895,202386545.86227983,0.1270367744445801,0.12441792145792294,148,18.413852375772596
10-204-01048,BIHAR,Purbi Champaran,Kalyanpur,0.0,0.0,,213,10,1048,,109413.20044555076,313300912.50613195,0.09210360221862793,0.07236126535147039,229,16.570729765486718
10-204-01040,BIHAR,Purbi Champaran,Chiraia,0.0,0.0,,213,10,1040,,110764.71696779084,272984575.32652414,0.1270367744445801,0.06528003174793168,194,12.664326159098746
10-204-01041,BIHAR,Purbi Champaran,Motihari,0.0,0.0,,213,10,1041,,181544.26702654368,319814691.13850176,0.06695911186933518,0.057564005876048846,239,13.757797404375674
10-204-01049,BIHAR,Purbi Champaran,Kotwa,0.0,0.0,,213,10,1049,,78879.98205471091,178282937.71225017,0.06695911186933518,0.04346294839079564,130,5.650183290803433
10-204-01042,BIHAR,Purbi Champaran,Turkaulia,0.0,0.0,,213,10,1042,,99475.78497366334,174748315.94966665,0.06695911186933518,0.04548746888173951,126,5.731421079099178
10-204-01050,BIHAR,Purbi Champaran,Piprakothi,0.0,0.0,,213,10,1050,,58369.33889310607,62223774.49301849,0.06695911186933518,0.06570185677478481,43,2.8251798413157467
10-204-01043,BIHAR,Purbi Champaran,Harsidhi,0.0,0.0,,213,10,1043,,133904.34238337883,240218359.62130272,0.050996579694747926,0.042896875192826256,171,7.3353656579732895
10-204-01044,BIHAR,Purbi Champaran,Paharpur,0.0,0.0,,213,10,1044,,108730.62076802726,192061375.0173064,0.050996579694747926,0.047808924516156426,139,6.645440507745743
10-204-01045,BIHAR,Purbi Champaran,Areraj,0.0,0.0,,213,10,1045,,93331.67353690567,242725576.26244012,0.050996579694747926,0.047411910465088754,176,8.344496241855621
10-204-01046,BIHAR,Purbi Champaran,Sangrampur,0.0,0.0,,213,10,1046,,78133.67961210197,187659878.02718252,0.0594380313873291,0.04050194804387935,136,5.508264933967591
10-204-01051,BIHAR,Purbi Champaran,Chakia(Pipra),0.0,0.0,,213,10,1051,,129110.66914194856,212940547.80779588,0.06695911186933518,0.06695911186933518,152,10.177785004138947
10-204-01052,BIHAR,Purbi Champaran,Pakri Dayal,0.0,0.0,,213,10,1052,,90143.40730437863,148110040.62869397,0.06695911186933518,0.06513661191029983,110,7.165027310132981
10-204-01053,BIHAR,Purbi Champaran,Patahi,0.0,0.0,,213,10,1053,,85994.51677214028,144960443.14880535,0.1270367744445801,0.05221448949049501,102,5.325877928030491
10-204-01055,BIHAR,Purbi Champaran,Madhuban,0.0,0.0,,213,10,1055,,112681.00006095257,152424272.44650427,0.06695911186933518,0.05767786207795143,108,6.2292091044187545
10-204-01056,BIHAR,Purbi Champaran,Tetaria,0.0,0.0,,213,10,1056,,82320.72754353678,104458405.63845472,0.0987447395324707,0.0595491615267543,77,4.585285437560081
10-205-01058,BIHAR,Sheohar,Purnahiya,0.0,0.0,,220,10,1058,,57294.126150412616,80859097.14068061,0.1270367744445801,0.08205422728689094,57,4.677090955352783
10-204-01057,BIHAR,Purbi Champaran,Mehsi,0.0,0.0,,213,10,1057,,125063.78039343117,149773808.08158112,0.0987447395324707,0.09482567838215612,111,10.52565030041933
10-205-01059,BIHAR,Sheohar,Piprarhi,0.0,0.0,,220,10,1059,,105870.45511307275,104265216.9562483,0.11592391662597656,0.053439803267814015,74,3.954545441818237
10-205-01060,BIHAR,Sheohar,Sheohar,0.0,0.0,,220,10,1060,,81007.5322908237,115638983.35873616,0.04691161231994629,0.04691161231994629,80,3.752928985595703
10-205-01061,BIHAR,Sheohar,Dumri Katsari,0.0,0.0,,220,10,1061,,65038.65439014734,84655470.24819931,0.04691161231994629,0.04691161231994629,63,2.955431576156616
10-205-01062,BIHAR,Sheohar,Tariani Chowk,0.0,0.0,,220,10,1062,,97491.22869259815,171878914.60720828,0.0987447395324707,0.0583941163032774,126,7.357658654212952
10-206-01063,BIHAR,Sitamarhi,Bairgania,0.0,0.0,,221,10,1063,,59598.621146511534,94417571.99630062,0.1270367744445801,0.12703677444458011,67,8.511463887786867
10-206-01065,BIHAR,Sitamarhi,Majorganj,0.0,0.0,,221,10,1065,,62808.55729710282,95411217.42446172,0.1270367744445801,0.12576847477555275,64,8.049182385635376
10-206-01066,BIHAR,Sitamarhi,Sonbarsa,0.0,0.0,,221,10,1066,,92820.94699371175,224104085.6083578,0.12556093482971192,0.12320488960338091,159,19.589577446937565
10-206-01067,BIHAR,Sitamarhi,Parihar,0.0,0.0,,221,10,1067,,86838.20299610356,272812569.4060281,0.12556093482971192,0.0962546171674923,196,18.86590496482849
10-207-01095,BIHAR,Madhubani,Rajnagar,0.0,0.0,,206,10,1095,,78809.12744912357,223111125.2667772,0.11500040874481202,0.10242377141025495,161,16.49022719705105
10-206-01068,BIHAR,Sitamarhi,Sursand,0.0,0.0,,221,10,1068,,91215.71647520129,181412871.1123928,0.12556093482971192,0.0938140762937986,130,12.19582991819382
10-206-01069,BIHAR,Sitamarhi,Bathnaha,0.0,0.0,,221,10,1069,,120764.04051803834,251403523.12922087,0.12556093482971192,0.12454114454360238,189,23.53827631874085
10-206-01070,BIHAR,Sitamarhi,Riga,0.0,0.0,,221,10,1070,,129433.73210860479,163724219.02092636,0.1270367744445801,0.11544739739599306,121,13.96913508491516
10-210-01123,BIHAR,Kishanganj,Thakurganj,0.0,0.0,,203,10,1123,,224971.2940646554,491161543.46963537,0.2970824307322502,0.23793733976839662,363,86.37125433592797
10-210-01124,BIHAR,Kishanganj,Pothia,0.0,0.0,,203,10,1124,,167388.9118766352,443844792.4531903,0.3260475093364716,0.2681338827887036,315,84.46217307844164
10-210-01125,BIHAR,Kishanganj,Bahadurganj,0.0,0.0,,203,10,1125,,155296.13881782343,347494200.8377232,0.19348243977427484,0.19262974540247638,255,49.120585077631475
10-210-01126,BIHAR,Kishanganj,Kochadhamin,0.0,0.0,,203,10,1126,,139640.52665725534,360840233.8364798,0.19348243977427484,0.17757841165620708,261,46.347965442270045
10-211-01128,BIHAR,Purnia,Banmankhi,0.0,0.0,,214,10,1128,,142815.61519736593,459936087.34673214,0.09991465266942978,0.09330106337466638,334,31.162555167138574
10-206-01075,BIHAR,Sitamarhi,Bajpatti,0.0,0.0,,221,10,1075,,90407.29439213518,174303329.1783474,0.11592391662597656,0.10072112022958149,123,12.388697788238524
10-206-01076,BIHAR,Sitamarhi,Charaut,0.0,0.0,,221,10,1076,,85128.15752493152,91349700.81924292,0.0888232795715332,0.08882327957153321,68,6.039983010864258
10-206-01077,BIHAR,Sitamarhi,Pupri,0.0,0.0,,221,10,1077,,73992.24203369493,115338203.66308306,0.0888232795715332,0.0888232795715332,81,7.194685645294189
10-206-01078,BIHAR,Sitamarhi,Nanpur,0.0,0.0,,221,10,1078,,73315.01223618646,135892566.9983101,0.11592391662597656,0.09942780489325521,96,9.545069269752501
10-220-01283,BIHAR,Vaishali,Mahnar,0.0,0.0,,224,10,1283,,81638.1139853176,126474580.44313861,0.10959251040220261,0.07983037780421845,94,7.504055513596534
10-206-01079,BIHAR,Sitamarhi,Bokhara,0.0,0.0,,221,10,1079,,81978.13188098712,108574895.39827529,0.09647870950698853,0.07673131803077989,79,6.061774124431611
10-207-01080,BIHAR,Madhubani,Madhwapur,0.0,0.0,,206,10,1080,,88808.76172423853,137557654.90878707,0.0888232795715332,0.08862627508980887,98,8.685374958801269
10-207-01081,BIHAR,Madhubani,Harlakhi,0.0,0.0,,206,10,1081,,90217.76640094945,187441757.00046396,0.0888232795715332,0.08696431766426477,137,11.914111520004273
10-207-01082,BIHAR,Madhubani,Basopatti,0.0,0.0,,206,10,1082,,97634.90682970545,164238774.4639331,0.0883628454208374,0.08696126684621602,119,10.348390754699707
10-207-01089,BIHAR,Madhubani,Khajauli,0.0,0.0,,206,10,1089,,91171.28062794723,150968724.81279027,0.09765841774940491,0.09544221079546378,109,10.403200976705552
10-207-01083,BIHAR,Madhubani,Jainagar,0.0,0.0,,206,10,1083,,81489.61423509955,161880108.8306139,0.09765841774940491,0.09313182819725102,117,10.89642389907837
10-207-01090,BIHAR,Madhubani,Kaluahi,0.0,0.0,,206,10,1090,,62305.281593423286,101560283.08963235,0.09765841774940491,0.08682259726587095,76,6.598517392206192
10-207-01084,BIHAR,Madhubani,Ladania,0.0,0.0,,206,10,1084,,97928.14946240213,232665607.5684243,0.09765841774940491,0.09652882421189043,166,16.023784819173812
10-207-01085,BIHAR,Madhubani,Laukaha,0.0,0.0,,206,10,1085,,102032.19667129294,266340932.00179368,0.07890716502666474,0.07890716502666474,193,15.229082850146295
10-207-01086,BIHAR,Madhubani,Laukahi,0.0,0.0,,206,10,1086,,109679.24973352649,329223432.564553,0.20536797652244568,0.10091680847149861,237,23.917283607745173
10-207-01087,BIHAR,Madhubani,Phulparas,0.0,0.0,,206,10,1087,,117974.41186319289,199352334.8677591,0.20536797652244568,0.132835824427621,146,19.39403036643267
10-207-01088,BIHAR,Madhubani,Babubarhi,0.0,0.0,,206,10,1088,,118996.04641992833,237192379.86086744,0.09765841774940491,0.09549064286816325,173,16.519881216192243
10-207-01091,BIHAR,Madhubani,Benipatti,0.0,0.0,,206,10,1091,,128414.2409747215,328987645.9449377,0.0888232795715332,0.08739009083714978,232,20.27450107421875
10-207-01092,BIHAR,Madhubani,Bisfi,0.0,0.0,,206,10,1092,,99754.46134559005,226192948.413646,0.11500040874481202,0.09564873558641211,163,15.590743900585174
10-207-01093,BIHAR,Madhubani,Madhubani,0.0,0.0,,206,10,1093,,109764.71764889831,200359220.56727448,0.11500040874481202,0.10857265519351825,141,15.308744382286072
10-207-01094,BIHAR,Madhubani,Pandaul,0.0,0.0,,206,10,1094,,102372.75527307783,208327489.63825428,0.11500040874481202,0.11304081946659086,150,16.95612291998863
10-207-01096,BIHAR,Madhubani,Andhratharhi,0.0,0.0,,206,10,1096,,97300.5167595078,186769445.10608673,0.11067778533697128,0.10488160512401858,131,13.739490271246433
10-207-01097,BIHAR,Madhubani,Jhanjharpur,0.0,0.0,,206,10,1097,,125261.96837896874,181284371.95402232,0.20536797652244568,0.11356908888461935,131,14.877550643885135
10-207-01098,BIHAR,Madhubani,Ghoghardiha,0.0,0.0,,206,10,1098,,114215.40677637524,211228851.4219488,0.20536797652244568,0.20536797652244568,154,31.626668384456636
10-207-01099,BIHAR,Madhubani,Lakhnaur,0.0,0.0,,206,10,1099,,72956.74167609161,146945623.14022,0.20536797652244568,0.11928598453565077,110,13.121458298921585
10-207-01100,BIHAR,Madhubani,Madhepur,0.0,0.0,,206,10,1100,,144505.38034518834,300452948.5687113,0.20536797652244568,0.16812891869493893,210,35.30707292593718
10-208-01101,BIHAR,Supaul,Nirmali,0.0,0.0,,223,10,1101,,123310.21889922836,162734364.67066902,0.20536797652244568,0.11111511075680074,117,13.000467958545686
10-208-01102,BIHAR,Supaul,Basantpur,0.0,0.0,,223,10,1102,,136288.63693043106,319456339.75100917,0.09285567173957825,0.09161414462498256,231,21.16286740837097
10-208-01103,BIHAR,Supaul,Chhatapur,0.0,0.0,,223,10,1103,,142271.17176584958,398825687.2446475,0.10347877352237701,0.10227688929448904,289,29.55802100610733
10-208-01104,BIHAR,Supaul,Pratapganj,0.0,0.0,,223,10,1104,,71155.69013184242,133032565.19323792,0.10347877352237701,0.10347877352237701,98,10.140919805192947
10-208-01105,BIHAR,Supaul,Raghopur,0.0,0.0,,223,10,1105,,111831.20983491397,255841046.48838165,0.11425587351322175,0.10616760255143941,183,19.428671266913412
10-221-01285,BIHAR,Samastipur,Warisnagar,0.0,0.0,,217,10,1285,,90241.30323013186,163846086.5162723,0.13808027534484865,0.10449473336649544,119,12.434873270612957
10-208-01106,BIHAR,Supaul,Saraigarh Bhaptiyahi,0.0,0.0,,223,10,1106,,105489.5116383213,257042943.27229512,0.11425587351322175,0.1099518202906014,186,20.45103857405186
10-208-01107,BIHAR,Supaul,Kishanpur,0.0,0.0,,223,10,1107,,125516.73810076228,248613546.3002807,0.20536797652244568,0.14359705922805654,177,25.41667948336601
10-208-01108,BIHAR,Supaul,Marauna,0.0,0.0,,223,10,1108,,114969.59778192453,206419565.01179272,0.20536797652244568,0.20536797652244568,154,31.626668384456636
10-208-01109,BIHAR,Supaul,Supaul,0.0,0.0,,223,10,1109,,122628.008173687,390920691.5720901,0.20536797652244568,0.1377949223130632,289,39.822732548475265
10-208-01110,BIHAR,Supaul,Pipra,0.0,0.0,,223,10,1110,,113516.78657800167,247320462.25611627,0.11425587351322175,0.10845292696197828,180,19.52152685315609
10-221-01287,BIHAR,Samastipur,Khanpur,0.0,0.0,,217,10,1287,,89337.20668890505,173313349.37261373,0.07372345523834228,0.07246234677178519,126,9.130255693244933
10-208-01111,BIHAR,Supaul,Tribeniganj,0.0,0.0,,223,10,1111,,136684.8917573132,402291551.99740016,0.11425587351322175,0.10309266123360601,290,29.896871757745743
10-209-01112,BIHAR,Araria,Narpatganj,0.0,0.0,,188,10,1112,,196352.82868709194,482872068.7863751,0.13128311935067177,0.11462305612677456,347,39.774200475990774
10-209-01113,BIHAR,Araria,Forbesganj,0.0,0.0,,188,10,1113,,165874.55860340688,546946456.996027,0.18522655363082888,0.1364429501816256,398,54.304294172286994
10-209-01114,BIHAR,Araria,Bhargama,0.0,0.0,,188,10,1114,,140909.75235341018,280499778.1128878,0.13128311935067177,0.10232557768690237,204,20.874417848128083
10-209-01115,BIHAR,Araria,Raniganj,0.0,0.0,,188,10,1115,,160625.61646677545,576910744.770993,0.18522655363082888,0.09945178845690827,420,41.769751151901474
10-209-01116,BIHAR,Araria,Araria,0.0,0.0,,188,10,1116,,192057.15187743204,506918787.2643526,0.18522655363082888,0.14839238063225077,363,53.86643416950703
10-209-01117,BIHAR,Araria,Kursakatta,0.0,0.0,,188,10,1117,,96566.38525637137,201032230.408231,0.18522655363082888,0.16666738498149672,146,24.33343820729852
10-209-01118,BIHAR,Araria,Sikti,0.0,0.0,,188,10,1118,,116798.35346995249,237753016.2819182,0.19225398178100586,0.17310854726366023,176,30.4671043184042
10-209-01119,BIHAR,Araria,Palasi,0.0,0.0,,188,10,1119,,132578.70192307016,306240761.34804773,0.19225398178100586,0.18765421062816276,220,41.283926338195805
10-209-01120,BIHAR,Araria,Jokihat,0.0,0.0,,188,10,1120,,155370.9524619173,341005127.7602247,0.19225398178100586,0.127806099003967,245,31.312494255971913
10-210-01121,BIHAR,Kishanganj,Terhagachh,0.0,0.0,,203,10,1121,,121953.02658094271,245208326.38245347,0.19225398178100586,0.16588216569236156,178,29.527025493240355
10-210-01122,BIHAR,Kishanganj,Dighalbank,0.0,0.0,,203,10,1122,,147432.83262190674,314385668.4331173,0.2399303638458252,0.16935591111942258,223,37.766368179631236
10-211-01129,BIHAR,Purnia,Barhara,0.0,0.0,,214,10,1129,,111073.17449432175,288009141.38478667,0.09123034201860428,0.08952318828060295,209,18.710346350646017
10-211-01130,BIHAR,Purnia,Bhawanipur,0.0,0.0,,214,10,1130,,116656.34435182877,201938838.4795833,0.09258431564569473,0.08457264325618745,147,12.432178558659555
10-211-01131,BIHAR,Purnia,Rupauli,0.0,0.0,,214,10,1131,,113946.660566684,308195114.8462847,0.09258431564569473,0.08524325437657038,225,19.179732234728334
10-211-01132,BIHAR,Purnia,Dhamdaha,0.0,0.0,,214,10,1132,,135370.01293426772,446856166.039676,0.09258431564569473,0.09118775507753214,328,29.909583665430542
10-211-01133,BIHAR,Purnia,Krityanand Nagar,0.0,0.0,,214,10,1133,,149407.41850079046,364443041.21247435,0.09123034201860428,0.08416992916039699,265,22.305031227505204
10-211-01134,BIHAR,Purnia,Purnia East,0.0,0.0,,214,10,1134,,127662.13358515713,309272824.56310594,0.07714107038974763,0.07675062531734766,228,17.499142572355268
10-211-01135,BIHAR,Purnia,Kasba,0.0,0.0,,214,10,1135,,130095.64608516233,215123054.3424731,0.11080367166996002,0.08977053581286387,157,14.093974122619628
10-211-01136,BIHAR,Purnia,Srinagar,0.0,0.0,,214,10,1136,,106220.57404900706,172405807.6412187,0.09896329686641693,0.09171806541765769,127,11.648194308042527
10-211-01137,BIHAR,Purnia,Jalalgarh,0.0,0.0,,214,10,1137,,87146.39992638786,142107808.6772385,0.09896329686641693,0.09896329686641694,99,9.797366389775277
10-211-01138,BIHAR,Purnia,Amour,0.0,0.0,,214,10,1138,,141371.93624621196,307011870.96961224,0.11080367166996002,0.10954628673507052,226,24.757460802125937
10-211-01139,BIHAR,Purnia,Baisa,0.0,0.0,,214,10,1139,,132173.35304950457,275191667.549805,0.11080367166996002,0.11080367166996004,197,21.82832331898213
10-211-01140,BIHAR,Purnia,Baisi,0.0,0.0,,214,10,1140,,118169.54825440844,253873549.02719215,0.11080367166996002,0.08312338683235454,187,15.5440733376503
10-211-01141,BIHAR,Purnia,Dagarua,0.0,0.0,,214,10,1141,,129309.28146976323,257465778.6329552,0.11080367166996002,0.07453629736809626,184,13.714678715729713
10-212-01142,BIHAR,Katihar,Falka,0.0,0.0,,201,10,1142,,100518.70580952488,208374539.8829749,0.09258431564569473,0.09111008159869553,151,13.757622321403026
10-212-01143,BIHAR,Katihar,Korha,0.0,0.0,,201,10,1143,,137118.64195203967,368801327.90483874,0.09258431564569473,0.06991267068944734,271,18.94633375684023
10-212-01144,BIHAR,Katihar,Hasanganj,0.0,0.0,,201,10,1144,,78227.29832785497,86155111.41022065,0.07714107038974763,0.07290283433119457,60,4.374170059871674
10-212-01145,BIHAR,Katihar,Kadwa,0.0,0.0,,201,10,1145,,157692.68144088247,420129854.10490626,0.0712965700507164,0.06734357868574634,303,20.40510434178114
10-212-01146,BIHAR,Katihar,Balrampur,0.0,0.0,,201,10,1146,,141815.18317465586,216253207.31133217,0.11080367166996002,0.0711081065903044,157,11.163972734677792
10-212-01147,BIHAR,Katihar,Barsoi,0.0,0.0,,201,10,1147,,172308.8160052511,357713388.6445612,0.0712965700507164,0.06678487222327377,265,17.69799113916755
10-212-01148,BIHAR,Katihar,Azamnagar,0.0,0.0,,201,10,1148,,141791.77759222616,349759708.1212404,0.0712965700507164,0.05613438114284045,251,14.089729666852953
10-221-01290,BIHAR,Samastipur,Tajpur,0.0,0.0,,217,10,1290,,57166.77792153786,83856612.1105223,0.13808027534484865,0.0944817605025944,61,5.7633873906582584
10-212-01149,BIHAR,Katihar,Pranpur,0.0,0.0,,201,10,1149,,111803.70370561493,191475637.62126103,0.053675630950927734,0.053675630950927734,135,7.246210178375244
10-212-01150,BIHAR,Katihar,Dandkhora,0.0,0.0,,201,10,1150,,70987.07501110679,111201189.06340708,0.06972261401414871,0.05621284369053665,81,4.553240338933469
10-212-01151,BIHAR,Katihar,Katihar,0.0,0.0,,201,10,1151,,76845.81968857624,136830037.77828172,0.060924985504150396,0.06064069709029852,102,6.185351103210449
10-212-01152,BIHAR,Katihar,Mansahi,0.0,0.0,,201,10,1152,,73279.06289841712,97405011.1871763,0.060924985504150396,0.05908712096953057,71,4.1951855888366705
10-212-01155,BIHAR,Katihar,Kursela,0.0,0.0,,201,10,1155,,80348.39413748268,153683091.52761996,0.09258431564569473,0.09252202174848524,116,10.732554522824287
10-212-01153,BIHAR,Katihar,Barari,0.0,0.0,,201,10,1153,,107333.93297446336,407446973.1478653,0.09258431564569473,0.06607178305834027,295,19.49117600221038
10-212-01154,BIHAR,Katihar,Sameli,0.0,0.0,,201,10,1154,,75105.36277909,118027198.2496544,0.09258431564569473,0.09258431564569473,83,7.684498198592663
10-212-01156,BIHAR,Katihar,Manihari,0.0,0.0,,201,10,1156,,130162.81635074862,303859830.4099729,0.07882423582673073,0.06510487833799006,222,14.453282991033792
10-212-01157,BIHAR,Katihar,Amdabad,0.0,0.0,,201,10,1157,,103742.71814675455,228302986.79665467,0.06968132801055908,0.06750303787818322,169,11.408013401412965
10-213-01158,BIHAR,Madhepura,Gamharia,0.0,0.0,,205,10,1158,,80141.00377515821,125479849.27382244,0.08602532272338867,0.08602532272338868,93,8.000355013275147
10-213-01160,BIHAR,Madhepura,Ghailarh,0.0,0.0,,205,10,1160,,78865.70647224285,116219722.2388165,0.14853347203731537,0.0875315431887845,83,7.265118084669114
10-213-01159,BIHAR,Madhepura,Singheshwar,0.0,0.0,,205,10,1159,,111627.30849980874,111167268.35246354,0.08602532272338867,0.08602532272338867,80,6.882025817871094
10-216-01210,BIHAR,Muzaffarpur,Bandra,0.0,0.0,,208,10,1210,,74293.85759884378,142020443.31484023,0.13808027534484865,0.12348754739625115,105,12.96619247660637
10-213-01161,BIHAR,Madhepura,Madhepura,0.0,0.0,,205,10,1161,,115084.47931226583,237801277.85767865,0.09991465266942978,0.08568430400742272,173,14.82338459328413
10-213-01162,BIHAR,Madhepura,Shankarpur,0.0,0.0,,205,10,1162,,63984.56408470212,128790837.874554,0.09991465266942978,0.09214857571035304,93,8.569817541062832
10-213-01163,BIHAR,Madhepura,Kumarkhand,0.0,0.0,,205,10,1163,,118191.24796123093,316976886.68211347,0.09991465266942978,0.09991465266942978,230,22.98037011396885
10-213-01164,BIHAR,Madhepura,Murliganj,0.0,0.0,,205,10,1164,,94211.11378994165,247086114.21145928,0.09991465266942978,0.09209764294981956,180,16.57757573096752
10-221-01293,BIHAR,Samastipur,Mohanpur,0.0,0.0,,217,10,1293,,74468.46489139357,163000016.77407515,0.13984515733718872,0.11834327604455397,121,14.31953640139103
10-213-01165,BIHAR,Madhepura,Gwalpara,0.0,0.0,,205,10,1165,,78037.2495556277,147267353.58482873,0.08904141483306885,0.0837890038980378,108,9.049212420988082
10-214-01172,BIHAR,Saharsa,Satar Kataiya,0.0,0.0,,216,10,1172,,77878.75925155886,177382280.64763528,0.14853347203731537,0.14427155276591128,132,19.043844965100288
10-213-01166,BIHAR,Madhepura,Bihariganj,0.0,0.0,,205,10,1166,,79669.40805645821,133818744.70956944,0.08904141483306885,0.08904141483306885,97,8.637017238807678
10-216-01211,BIHAR,Muzaffarpur,Dholi (Moraul),0.0,0.0,,208,10,1211,,63030.361633940505,73298422.6275262,0.13808027534484865,0.1144107970045163,52,5.949361444234848
10-213-01167,BIHAR,Madhepura,Kishanganj,0.0,0.0,,205,10,1167,,99817.47531025465,188055937.5971522,0.08904141483306885,0.08334508938780537,135,11.251587067353725
10-216-01212,BIHAR,Muzaffarpur,Musahri,0.0,0.0,,208,10,1212,,211487.75457487197,365415439.5943066,0.11296164526939392,0.09339358433130134,262,24.46911909480095
10-213-01168,BIHAR,Madhepura,Puraini,0.0,0.0,,205,10,1168,,63416.842365887525,103114850.3546553,0.08904141483306885,0.06826026496887207,75,5.119519872665405
10-214-01174,BIHAR,Saharsa,Kahara,0.0,0.0,,216,10,1174,,81070.16203244023,176788302.3737116,0.14853347203731537,0.13509870539361782,132,17.83302911195755
10-213-01169,BIHAR,Madhepura,Alamnagar,0.0,0.0,,205,10,1169,,94357.42058114092,211989804.11375904,0.08904141483306885,0.06768721781384866,151,10.220769889891148
10-213-01170,BIHAR,Madhepura,Chausa,0.0,0.0,,205,10,1170,,87285.75133964,172516848.53860697,0.06677589712142945,0.06677589712142945,124,8.280211243057252
10-214-01171,BIHAR,Saharsa,Nauhatta,0.0,0.0,,216,10,1171,,93228.84620468391,212763144.21707585,0.14853347203731537,0.1485334720373154,151,22.428554277634625
10-217-01227,BIHAR,Gopalganj,Sidhwalia,0.0,0.0,,197,10,1227,,69457.48217743407,152022198.31601515,0.0594380313873291,0.053882083702363345,108,5.8192650398552415
10-214-01173,BIHAR,Saharsa,Mahishi,0.0,0.0,,216,10,1173,,106372.46434789852,273075178.2794974,0.14853347203731537,0.13666839950561524,195,26.65033790359497
10-214-01175,BIHAR,Saharsa,Saur Bazar,0.0,0.0,,216,10,1175,,88121.22998090234,233228921.9025612,0.13420478439331054,0.07432416429435008,169,12.560783765745164
10-214-01176,BIHAR,Saharsa,Patarghat,0.0,0.0,,216,10,1176,,67497.21582029684,149681422.04156074,0.06635099959373475,0.06635099959373475,104,6.9005039577484135
10-214-01177,BIHAR,Saharsa,Sonbarsa,0.0,0.0,,216,10,1177,,90185.02153799882,263952116.041209,0.06635099959373475,0.06635099959373476,190,12.606689922809604
10-216-01199,BIHAR,Muzaffarpur,Sahebganj,0.0,0.0,,208,10,1199,,80060.99972290538,253055918.70266867,0.09210360221862793,0.09210360221862791,184,16.947062808227535
10-214-01178,BIHAR,Saharsa,Simri Bakhtiarpur,0.0,0.0,,216,10,1178,,119116.35548129058,266466354.66217396,0.13420478439331054,0.12634803036388598,190,24.006125769138336
10-214-01179,BIHAR,Saharsa,Salkhua,0.0,0.0,,216,10,1179,,82412.26684571667,221182533.93573853,0.1794719168663025,0.1372796369417214,162,22.23930118455887
10-214-01180,BIHAR,Saharsa,Banma Itahri,0.0,0.0,,216,10,1180,,54286.501575749484,92822449.4552088,0.13420478439331054,0.07216703829084126,70,5.0516926803588875
10-215-01181,BIHAR,Darbhanga,Jale,0.0,0.0,,195,10,1181,,112473.57051363293,234172285.01568127,0.0888232795715332,0.07646419789871474,178,13.610627225971223
10-215-01182,BIHAR,Darbhanga,Singhwara,0.0,0.0,,195,10,1182,,121368.62688362494,223279889.67870736,0.13808027534484865,0.0737604585317465,156,11.506631530952454
10-215-01183,BIHAR,Darbhanga,Keotiranway,0.0,0.0,,195,10,1183,,89515.08566239705,180205403.4644349,0.11500040874481202,0.10481796954154969,130,13.62633604040146
10-215-01184,BIHAR,Darbhanga,Darbhanga,0.0,0.0,,195,10,1184,,131883.04966973627,240721362.1475316,0.11500040874481202,0.10877603368325667,176,19.144581928253174
10-215-01185,BIHAR,Darbhanga,Manigachhi,0.0,0.0,,195,10,1185,,96856.01003306538,158887287.31255177,0.11500040874481202,0.1119933663741402,115,12.879237133026123
10-215-01186,BIHAR,Darbhanga,Tardih,0.0,0.0,,195,10,1186,,96398.42232606321,109520018.96976715,0.13784886016845704,0.11441380812630057,80,9.153104650104046
10-215-01187,BIHAR,Darbhanga,Alinagar,0.0,0.0,,195,10,1187,,105560.56246873255,146523357.5416611,0.13784886016845704,0.13575877748911197,104,14.118912858867645
10-215-01188,BIHAR,Darbhanga,Benipur,0.0,0.0,,195,10,1188,,118482.30854716274,204643530.87647069,0.13784886016845704,0.11031882730809847,150,16.54782409621477
10-215-01189,BIHAR,Darbhanga,Bahadurpur,0.0,0.0,,195,10,1189,,155637.00049509996,221161760.4253616,0.13808027534484865,0.08474990537961324,162,13.729484671497346
10-215-01190,BIHAR,Darbhanga,Hanumannagar,0.0,0.0,,195,10,1190,,114393.83215098479,181536916.32106537,0.13808027534484865,0.12975939350128174,129,16.738961761665344
10-215-01191,BIHAR,Darbhanga,Hayaghat,0.0,0.0,,195,10,1191,,66118.49929402806,108810529.75916524,0.13808027534484865,0.07755421833992004,84,6.514554340553284
10-215-01192,BIHAR,Darbhanga,Baheri,0.0,0.0,,195,10,1192,,128629.1579498372,271307286.95794886,0.13784886016845704,0.07438796720653001,193,14.356877670860293
10-215-01193,BIHAR,Darbhanga,Biraul,0.0,0.0,,195,10,1193,,135706.32971678255,230203939.26841983,0.13784886016845704,0.13002868883551624,164,21.324704969024666
10-215-01194,BIHAR,Darbhanga,Ghanshyampur,0.0,0.0,,195,10,1194,,76766.91373126305,103945643.9979024,0.13784886016845704,0.13680381882878453,78,10.670697868645194
10-215-01195,BIHAR,Darbhanga,Kiratpur,0.0,0.0,,195,10,1195,,78793.19278562842,78915927.53877336,0.14853347203731537,0.14084804946497873,57,8.028338819503787
10-215-01196,BIHAR,Darbhanga,Gora Bauram,0.0,0.0,,195,10,1196,,99804.03366816713,145653476.81698695,0.13784886016845704,0.13742366286661026,107,14.704331926727297
10-215-01197,BIHAR,Darbhanga,Kusheshwar Asthan,0.0,0.0,,195,10,1197,,87220.16498537568,144130520.9401011,0.13784886016845704,0.10162865505774045,103,10.467751470947267
10-215-01198,BIHAR,Darbhanga,Kusheshwar Asthan Purbi,0.0,0.0,,195,10,1198,,91858.86035222423,150084285.43545517,0.13420478439331054,0.10431047330583845,112,11.682773010253907
10-216-01200,BIHAR,Muzaffarpur,Baruraj (Motipur),0.0,0.0,,208,10,1200,,125110.13599018812,365259305.4740948,0.0987447395324707,0.09495701863103946,263,24.973695899963378
10-216-01201,BIHAR,Muzaffarpur,Paroo,0.0,0.0,,208,10,1201,,136934.87791145188,413033977.3448192,0.09210360221862793,0.06342317608944575,300,19.026952826833725
10-216-01202,BIHAR,Muzaffarpur,Saraiya,0.0,0.0,,208,10,1202,,155820.80051537574,301402655.1404849,0.0987447395324707,0.04276414396084777,218,9.322583383464814
10-216-01203,BIHAR,Muzaffarpur,Marwan,0.0,0.0,,208,10,1203,,84959.92762229654,138736310.53842777,0.0987447395324707,0.05753960570955277,100,5.753960570955277
10-216-01204,BIHAR,Muzaffarpur,Kanti,0.0,0.0,,208,10,1204,,97122.90469976026,124757584.36625764,0.0987447395324707,0.0987447395324707,92,9.084516036987305
10-216-01205,BIHAR,Muzaffarpur,Minapur,0.0,0.0,,208,10,1205,,166218.11946715685,316124209.98756105,0.0987447395324707,0.0982591616698674,224,22.010052214050297
10-216-01206,BIHAR,Muzaffarpur,Bochaha,0.0,0.0,,208,10,1206,,126044.68100944142,233148755.94160384,0.11296164526939392,0.09870875375719632,170,16.780488138723374
10-216-01207,BIHAR,Muzaffarpur,Aurai,0.0,0.0,,208,10,1207,,101267.16719990574,247748190.77792475,0.11592391662597656,0.0968597003641336,184,17.822184867000583
10-216-01208,BIHAR,Muzaffarpur,Katra,0.0,0.0,,208,10,1208,,118891.9342746819,235108975.17115793,0.09647870950698853,0.07850136160961418,172,13.502234196853639
10-216-01209,BIHAR,Muzaffarpur,Gaighat,0.0,0.0,,208,10,1209,,111008.49869520529,259762671.68662548,0.13808027534484865,0.09922708259802214,191,18.95237277622223
10-216-01213,BIHAR,Muzaffarpur,Kurhani,0.0,0.0,,208,10,1213,,108106.10574110712,256354911.2077163,0.11296164526939392,0.06291887909441048,183,11.514154874277116
10-216-01214,BIHAR,Muzaffarpur,Sakra,0.0,0.0,,208,10,1214,,105121.4777371614,236360031.18726787,0.13808027534484865,0.11411652481309298,174,19.85627531747818
10-217-01215,BIHAR,Gopalganj,Katiya,0.0,0.0,,197,10,1215,,94755.55253264701,158441587.458013,0.07253673458099366,0.06950628085167512,115,7.993222297942639
10-217-01216,BIHAR,Gopalganj,Bijaipur,0.0,0.0,,197,10,1216,,81309.59717969262,163112176.36717936,0.07253673458099366,0.07253673458099365,117,8.486797945976257
10-217-01217,BIHAR,Gopalganj,Bhorey,0.0,0.0,,197,10,1217,,78790.65552761848,196013266.46535653,0.07253673458099366,0.06592505230066624,141,9.29543237439394
10-217-01218,BIHAR,Gopalganj,Pach Deuri,0.0,0.0,,197,10,1218,,53698.212932643866,118295317.11973979,0.05902590557336808,0.05902590557336808,87,5.135253784883023
10-217-01219,BIHAR,Gopalganj,Kuchaikote,0.0,0.0,,197,10,1219,,101077.28158428885,316078491.04748106,0.05902590557336808,0.05772969153018276,223,12.873721211230755
10-217-01220,BIHAR,Gopalganj,Phulwaria,0.0,0.0,,197,10,1220,,81339.22200232239,118763292.85091434,0.05902590557336808,0.05902590557336808,86,5.076227879309655
10-217-01221,BIHAR,Gopalganj,Hathua,0.0,0.0,,197,10,1221,,91546.96202775641,183613061.83342972,0.09658290252685547,0.08387130355798282,130,10.903269462537766
10-217-01222,BIHAR,Gopalganj,Uchkagaon,0.0,0.0,,197,10,1222,,80102.93001981139,142235093.67043933,0.09658290252685547,0.060906784116219144,107,6.517025900435448
10-217-01223,BIHAR,Gopalganj,Thawe,0.0,0.0,,197,10,1223,,57244.55575246375,89300191.60424533,0.09658290252685547,0.052950029550790784,65,3.441751920801401
10-217-01224,BIHAR,Gopalganj,Gopalganj,0.0,0.0,,197,10,1224,,110313.13172782106,244420793.60160467,0.050996579694747926,0.05097700926705268,177,9.022930640268324
10-218-01232,BIHAR,Siwan,Goriakothi,0.0,0.0,,222,10,1232,,73201.39147651673,174963939.23516312,0.0594380313873291,0.0488530398159288,128,6.253189096438886
10-217-01225,BIHAR,Gopalganj,Manjha,0.0,0.0,,197,10,1225,,80242.78538873792,179389027.9828925,0.050996579694747926,0.050608379514617774,131,6.629697716414928
10-217-01226,BIHAR,Gopalganj,Barauli,0.0,0.0,,197,10,1226,,105754.79057670098,232227972.12586737,0.0594380313873291,0.047556857591436574,166,7.894438360178471
10-217-01228,BIHAR,Gopalganj,Baikunthpur,0.0,0.0,,197,10,1228,,97825.58906166903,256614409.24172768,0.09210360221862793,0.06035047749993522,179,10.802735472488404
10-218-01229,BIHAR,Siwan,Nautan,0.0,0.0,,222,10,1229,,58324.35348563096,81827813.66620097,0.09658290252685547,0.09658290252685547,58,5.601808346557617
10-218-01230,BIHAR,Siwan,Siwan,0.0,0.0,,222,10,1230,,92599.06904644772,168879532.28230655,0.09658290252685547,0.09143684947022723,121,11.063858785897494
10-218-01235,BIHAR,Siwan,Bhagwanpur Hat,0.0,0.0,,222,10,1235,,86430.4184146014,189582799.91524476,0.0594380313873291,0.04299344091972008,136,5.847107965081931
10-218-01231,BIHAR,Siwan,Barharia,0.0,0.0,,222,10,1231,,90315.6629531122,219606934.01516393,0.09658290252685547,0.04960613712381859,156,7.7385573913157
10-218-01233,BIHAR,Siwan,Lakri Nabiganj,0.0,0.0,,222,10,1233,,79648.98713303795,120773104.6039552,0.0594380313873291,0.05839741777662308,93,5.430959853225946
10-218-01234,BIHAR,Siwan,Basantpur,0.0,0.0,,222,10,1234,,57871.378293950496,76675463.02480637,0.0594380313873291,0.057003388222658415,53,3.021179575800896
10-218-01236,BIHAR,Siwan,Maharajganj,0.0,0.0,,222,10,1236,,119387.58843212528,142817377.5161484,0.048685024076700216,0.04586670600928149,103,4.724270718955994
10-218-01237,BIHAR,Siwan,Pachrukhi,0.0,0.0,,222,10,1237,,99183.2392802834,160709761.40986398,0.09658290252685547,0.05071459519746951,118,5.984322233301402
10-218-01238,BIHAR,Siwan,Hussainganj,0.0,0.0,,222,10,1238,,68784.84800107122,105975934.30464326,0.10151168460845948,0.09068244961654985,77,6.982548620474339
10-218-01239,BIHAR,Siwan,Ziradei,0.0,0.0,,222,10,1239,,98825.50869312549,152221780.48504183,0.10151168460845948,0.09662812071109035,109,10.532465157508849
10-218-01240,BIHAR,Siwan,Mairwa,0.0,0.0,,222,10,1240,,65279.2242200428,88898123.37504825,0.09658290252685547,0.09415111630033046,68,6.402275908422471
10-218-01242,BIHAR,Siwan,Darauli,0.0,0.0,,222,10,1242,,90305.00161970501,214758375.6239279,0.10151168460845948,0.08261172418624928,156,12.887428973054888
10-218-01241,BIHAR,Siwan,Guthani,0.0,0.0,,222,10,1241,,78778.78773845347,115110806.99004474,0.09658290252685547,0.05733571975698955,79,4.529521860802174
10-219-01248,BIHAR,Saran,Mashrakh,0.0,0.0,,218,10,1248,,82075.7710341599,165898243.02109933,0.0594380313873291,0.0361311151231616,121,4.371864929902554
10-218-01243,BIHAR,Siwan,Andar,0.0,0.0,,222,10,1243,,83358.60866933218,125625010.62434034,0.10151168460845948,0.10100760462284089,88,8.888669206809999
10-219-01249,BIHAR,Saran,Panapur,0.0,0.0,,218,10,1249,,75875.09329534958,182360909.7404776,0.09210360221862793,0.05752039198552756,133,7.650212134075165
10-218-01244,BIHAR,Siwan,Raghunathpur,0.0,0.0,,222,10,1244,,87824.68008836384,193566358.3438411,0.10151168460845948,0.10151168460845948,143,14.516170899009706
10-219-01250,BIHAR,Saran,Taraiya,0.0,0.0,,218,10,1250,,53629.0613522338,97307015.09151264,0.04483325538635254,0.039252041702800326,72,2.8261470026016235
10-218-01245,BIHAR,Siwan,Hasanpura,0.0,0.0,,222,10,1245,,82786.09108287447,121956119.03175904,0.10151168460845948,0.06666711414083838,88,5.866706044393778
10-219-01251,BIHAR,Saran,Ishupur,0.0,0.0,,218,10,1251,,62425.60798229613,109300191.56908256,0.019717793810367586,0.019717793810367586,75,1.478834535777569
10-218-01246,BIHAR,Siwan,Daraundha,0.0,0.0,,222,10,1246,,105400.53795370483,157911066.26165873,0.048685024076700216,0.04220426305650637,116,4.895694514554739
10-219-01256,BIHAR,Saran,Jalalpur,0.0,0.0,,218,10,1256,,65042.73641147566,147549697.72689733,0.06402966277599335,0.03686556707421939,108,3.9814812440156944
10-218-01247,BIHAR,Siwan,Siswan,0.0,0.0,,222,10,1247,,98184.39847010886,155554872.77293277,0.10151168460845948,0.05970282755843154,111,6.627013858985901
10-219-01259,BIHAR,Saran,Nagra,0.0,0.0,,218,10,1259,,43289.948409307304,65110006.46242106,0.06402966277599335,0.038020522296169534,46,1.7489440256237985
10-219-01252,BIHAR,Saran,Baniapur,0.0,0.0,,218,10,1252,,89199.8841803021,219417775.87250236,0.04124177379608154,0.020386240393774853,161,3.282184703397751
10-219-01253,BIHAR,Saran,Lahladpur,0.0,0.0,,218,10,1253,,49287.19248841685,70233795.44130237,0.04124177379608154,0.030690803214849214,51,1.5652309639573099
10-219-01254,BIHAR,Saran,Ekma,0.0,0.0,,218,10,1254,,99716.17236158185,176114988.01319405,0.04124177379608154,0.04124177379608155,126,5.196463498306275
10-219-01255,BIHAR,Saran,Manjhi,0.0,0.0,,218,10,1255,,127085.43562979231,244607530.98349065,0.05741849670410157,0.0446161925466367,179,7.98629846584797
10-219-01257,BIHAR,Saran,Revelganj,0.0,0.0,,218,10,1257,,84877.1419542779,179359801.45379385,0.06402966277599335,0.06331769104517423,130,8.231299835872651
10-219-01258,BIHAR,Saran,Chapra,0.0,0.0,,218,10,1258,,119729.94798472138,239470568.44351175,0.06402966277599335,0.06354413275785661,178,11.310855630898477
10-219-01260,BIHAR,Saran,Marhaura,0.0,0.0,,218,10,1260,,87240.95030017926,190752130.05196184,0.06402966277599335,0.024417229981526085,138,3.3695777374505997
10-219-01261,BIHAR,Saran,Amnour,0.0,0.0,,218,10,1261,,94922.90618840617,160109081.4065653,0.06402966277599335,0.045281750738418704,118,5.343246587133407
10-219-01263,BIHAR,Saran,Parsa,0.0,0.0,,218,10,1263,,85595.91054800974,122749042.93573296,0.0561729043006897,0.046160235578455826,94,4.339062144374847
10-219-01266,BIHAR,Saran,Dighwara,0.0,0.0,,218,10,1266,,81943.45164265168,101347015.6655549,0.0561729043006897,0.0561729043006897,74,4.1567949182510375
10-219-01264,BIHAR,Saran,Dariapur,0.0,0.0,,218,10,1264,,115477.27251924115,281302380.67878103,0.0561729043006897,0.05534683019042015,200,11.06936603808403
10-219-01265,BIHAR,Saran,Garkha,0.0,0.0,,218,10,1265,,90147.74693968748,213336409.9887166,0.06402966277599335,0.06017831058221706,153,9.20728151907921
10-220-01269,BIHAR,Vaishali,Paterhi Belsar,0.0,0.0,,224,10,1269,,56227.36197278124,93522597.26160131,0.031195339822769168,0.031195339822769168,72,2.24606446723938
10-219-01267,BIHAR,Saran,Sonepur,0.0,0.0,,218,10,1267,,70412.64000247594,214865144.18564072,0.0561729043006897,0.05440980233477939,157,8.542338966560365
10-220-01268,BIHAR,Vaishali,Vaishali,0.0,0.0,,224,10,1268,,72706.90824879723,158663399.21103516,0.04483325538635254,0.03522741920678513,115,4.051153208780289
10-220-01270,BIHAR,Vaishali,Lalganj,0.0,0.0,,224,10,1270,,89595.71916906572,184177988.41986412,0.0561729043006897,0.04564014502818768,130,5.933218853664399
10-221-01294,BIHAR,Samastipur,Mohiuddinagar,0.0,0.0,,217,10,1294,,80607.53716768604,178536106.2701614,0.13984515733718872,0.13428222910098267,128,17.18812532492578
10-220-01271,BIHAR,Vaishali,Bhagwanpur,0.0,0.0,,224,10,1271,,98965.72708266653,142473218.81446454,0.05322814888954163,0.048401914522534326,105,5.082201024866104
10-220-01272,BIHAR,Vaishali,Goraul,0.0,0.0,,224,10,1272,,101989.77906286377,122446101.92943335,0.11296164526939392,0.0395484229835597,88,3.480261222553253
10-220-01273,BIHAR,Vaishali,Chehra Kalan,0.0,0.0,,224,10,1273,,63204.34388206024,89818122.94593617,0.11296164526939392,0.09811509670697725,65,6.377481285953522
10-220-01277,BIHAR,Vaishali,Raja Pakar,0.0,0.0,,224,10,1277,,58946.08844196175,93673217.82917874,0.05322814888954163,0.052866444647139396,69,3.6477846806526184
10-220-01274,BIHAR,Vaishali,Patepur,0.0,0.0,,224,10,1274,,118180.33822078991,317029999.71255994,0.13808027534484865,0.07303096334954966,230,16.79712157039642
10-220-01275,BIHAR,Vaishali,Mahua,0.0,0.0,,224,10,1275,,86273.82517515696,171155586.12447235,0.05322814888954163,0.05155407036209106,125,6.444258795261383
10-220-01276,BIHAR,Vaishali,Jandaha,0.0,0.0,,224,10,1276,,99044.76663725945,179891527.10359335,0.051308334064483645,0.051308334064483645,130,6.670083428382874
10-220-01278,BIHAR,Vaishali,Hajipur,0.0,0.0,,224,10,1278,,80048.24731377292,194916759.16986817,0.05322814888954163,0.05322814888954163,141,7.50516899342537
10-220-01280,BIHAR,Vaishali,Bidupur,0.0,0.0,,224,10,1280,,88122.3198685409,139375575.9420912,0.10959251040220261,0.06540793192040921,100,6.540793192040921
10-220-01279,BIHAR,Vaishali,Raghopur,0.0,0.0,,224,10,1279,,128641.49950069311,338499790.0832371,0.10959251040220261,0.08889071204287666,245,21.77822445050478
10-220-01281,BIHAR,Vaishali,Desri,0.0,0.0,,224,10,1281,,50183.809114488824,56627949.53624974,0.10959251040220261,0.07212411132795471,42,3.029212675774098
10-221-01284,BIHAR,Samastipur,Kalyanpur,0.0,0.0,,217,10,1284,,147387.26660455638,294821482.9966942,0.13808027534484865,0.1371652494665571,211,28.941867637443547
10-221-01286,BIHAR,Samastipur,Shivaji Nagar,0.0,0.0,,217,10,1286,,96209.25031894707,172333979.18990555,0.07372345523834228,0.07287637980878353,128,9.328176615524292
10-221-01288,BIHAR,Samastipur,Samastipur,0.0,0.0,,217,10,1288,,112474.97484539819,170577777.20953664,0.13808027534484865,0.10612558497127987,124,13.159572536438704
10-221-01289,BIHAR,Samastipur,Pusa,0.0,0.0,,217,10,1289,,64081.7615729533,95008289.7510354,0.13808027534484865,0.13808027534484865,67,9.251378448104859
10-221-01291,BIHAR,Samastipur,Morwa,0.0,0.0,,217,10,1291,,104551.97847793197,152111293.7773472,0.09237483638823032,0.07930822201249275,110,8.723904421374202
10-221-01292,BIHAR,Samastipur,Patori,0.0,0.0,,217,10,1292,,69422.25062895294,130638318.44440164,0.13984515733718872,0.09129307302489718,93,8.490255791315438
10-221-01295,BIHAR,Samastipur,Sarairanjan,0.0,0.0,,217,10,1295,,96463.23467310029,185572344.2706523,0.09237483638823032,0.09237483638823031,138,12.747727421575783
10-221-01296,BIHAR,Samastipur,Vidyapati Nagar,0.0,0.0,,217,10,1296,,62930.2690484309,106322816.42401849,0.13984515733718872,0.1218184531793564,79,9.623657801169156
10-221-01297,BIHAR,Samastipur,Dalsinghsarai,0.0,0.0,,217,10,1297,,80515.23552986495,118201268.21451648,0.13984515733718872,0.09228572821294845,86,7.936572626313566
10-221-01298,BIHAR,Samastipur,Ujiarpur,0.0,0.0,,217,10,1298,,81756.09445970641,209497824.1015558,0.09237483638823032,0.08799706806941825,150,13.199560210412738
10-221-01300,BIHAR,Samastipur,Rosera,0.0,0.0,,217,10,1300,,84599.34785899956,138535375.895554,0.07185404739379883,0.07185404739379883,100,7.185404739379884
10-221-01299,BIHAR,Samastipur,Bibhutpur,0.0,0.0,,217,10,1299,,96600.53522783429,258332531.194082,0.16993575882911682,0.0775800647246524,190,14.740212297683955
10-221-01301,BIHAR,Samastipur,Singhia,0.0,0.0,,217,10,1301,,76055.88015393679,178639507.67998633,0.13784886016845704,0.09744265461718946,127,12.37521713638306
10-222-01307,BIHAR,Begusarai,Cheria Bariarpur,0.0,0.0,,191,10,1307,,80422.0696045629,127840547.1243011,0.16993575882911682,0.12856048055847039,89,11.441882769703865
10-221-01302,BIHAR,Samastipur,Hasanpur,0.0,0.0,,217,10,1302,,122795.93417076243,188091095.39019313,0.09235274887084961,0.08942436294555665,140,12.51941081237793
10-221-01303,BIHAR,Samastipur,Bithan,0.0,0.0,,217,10,1303,,72838.55780104545,149849875.79630712,0.13420478439331054,0.09313502990865262,107,9.96544820022583
10-222-01304,BIHAR,Begusarai,Khudabandpur,0.0,0.0,,191,10,1304,,49522.71992212785,59617610.47663844,0.07185404739379883,0.07185404739379883,42,3.017869990539551
10-222-01305,BIHAR,Begusarai,Chhorahi,0.0,0.0,,191,10,1305,,96201.09768359947,128309829.49376953,0.16993575882911682,0.08324175260613363,96,7.991208250188828
10-222-01306,BIHAR,Begusarai,Garhpura,0.0,0.0,,191,10,1306,,69581.28073662621,88651595.91159394,0.09485573761463166,0.0928757614441772,67,6.2226760167598725
10-222-01308,BIHAR,Begusarai,Bhagwanpur,0.0,0.0,,191,10,1308,,102620.52088176137,147276258.21886113,0.16993575882911682,0.1699357588291168,107,18.1831261947155
10-223-01324,BIHAR,Khagaria,Mansi,0.0,0.0,,202,10,1324,,70720.37786012898,86151878.56106131,0.1794719168663025,0.17947191686630254,68,12.204090346908572
10-222-01309,BIHAR,Begusarai,Mansurchak,0.0,0.0,,191,10,1309,,55538.61039021854,42158333.283958256,0.16993575882911682,0.11055851315027103,32,3.537872420808673
10-224-01333,BIHAR,Bhagalpur,Rangra Chowk,0.0,0.0,,192,10,1333,,56200.86409227388,97946271.45940188,0.09258431564569473,0.09120039556216503,69,6.2928272937893865
10-222-01310,BIHAR,Begusarai,Bachhwara,0.0,0.0,,191,10,1310,,112893.55520851951,186501763.14040864,0.16993575882911682,0.1494806305402959,135,20.179885122939947
10-222-01311,BIHAR,Begusarai,Teghra,0.0,0.0,,191,10,1311,,93442.93751421869,180050069.66821858,0.16993575882911682,0.16993575882911682,130,22.09164864778519
10-222-01312,BIHAR,Begusarai,Barauni,0.0,0.0,,191,10,1312,,90573.71511882372,141812926.41245717,0.16993575882911682,0.16879487879415161,103,17.385872515797615
10-222-01313,BIHAR,Begusarai,Birpur,0.0,0.0,,191,10,1313,,69057.86510087451,64693086.30641256,0.16993575882911682,0.1699357588291168,49,8.326852182626723
10-222-01314,BIHAR,Begusarai,Begusarai,0.0,0.0,,191,10,1314,,114572.02827886646,273941103.5239774,0.16993575882911682,0.1097951295909833,196,21.519845399832725
10-222-01315,BIHAR,Begusarai,Naokothi,0.0,0.0,,191,10,1315,,61794.845266753924,91575422.87048158,0.09485573761463166,0.09485573761463166,67,6.355334420180322
10-222-01316,BIHAR,Begusarai,Bakhri,0.0,0.0,,191,10,1316,,74902.13049058078,94921186.04856166,0.09485573761463166,0.09470850298264448,68,6.4401782028198244
10-222-01317,BIHAR,Begusarai,Dandari,0.0,0.0,,191,10,1317,,77075.31892237118,85364223.36403492,0.09485573761463166,0.09485573761463165,62,5.881055732107162
10-222-01318,BIHAR,Begusarai,Sahebpur Kamal,0.0,0.0,,191,10,1318,,97820.3506924087,179327758.1582562,0.1794719168663025,0.15518346010322925,135,20.94976711393595
10-222-01319,BIHAR,Begusarai,Balia,0.0,0.0,,191,10,1319,,95726.56851828664,181873531.04775092,0.09485573761463166,0.08438433611731032,134,11.307501039719583
10-222-01320,BIHAR,Begusarai,Matihani,0.0,0.0,,191,10,1320,,104199.58891726227,214311339.790948,0.16993575882911682,0.09415955165377204,159,14.971368712949754
10-222-01321,BIHAR,Begusarai,Shamho Akha Kurha,0.0,0.0,,191,10,1321,,47884.70174269599,82130306.58899558,0.07066318932771683,0.07066318932771681,60,4.239791359663009
10-223-01322,BIHAR,Khagaria,Alauli,0.0,0.0,,202,10,1322,,117176.16085281859,337532903.06560946,0.1794719168663025,0.13364152201281654,243,32.47488984911442
10-223-01323,BIHAR,Khagaria,Khagaria,0.0,0.0,,202,10,1323,,164255.4907534744,325761754.1557925,0.1794719168663025,0.15795932892096246,236,37.278401625347136
10-223-01325,BIHAR,Khagaria,Chautham,0.0,0.0,,202,10,1325,,88833.5659059585,205164632.7891582,0.1794719168663025,0.10101544798774785,147,14.849270854198934
10-228-01376,BIHAR,Sheikhpura,Chewara,0.0,0.0,,219,10,1376,,77279.14911837938,141385828.1075451,0.11337464303970338,0.11145750873684883,105,11.703038417369127
10-223-01326,BIHAR,Khagaria,Beldaur,0.0,0.0,,202,10,1326,,101449.44415348554,276820454.1841197,0.06754649003744126,0.06740920883816397,209,14.08852464717627
10-223-01327,BIHAR,Khagaria,Gogri,0.0,0.0,,202,10,1327,,109725.85953588395,321971045.3784509,0.1794719168663025,0.08393350981540436,233,19.556507786989215
10-223-01328,BIHAR,Khagaria,Parbatta,0.0,0.0,,202,10,1328,,89952.53209418767,286770838.53234714,0.1152413425564766,0.10565673104547428,209,22.082256788504125
10-224-01329,BIHAR,Bhagalpur,Narayanpur,0.0,0.0,,192,10,1329,,96964.50839109154,173637043.38008544,0.1152413425564766,0.09168678071911879,127,11.644221151328086
10-224-01330,BIHAR,Bhagalpur,Bihpur,0.0,0.0,,192,10,1330,,98960.16392998041,189427956.2070791,0.07496061878204346,0.06972558543759284,139,9.691856375825406
10-234-01472,BIHAR,Rohtas,Akorhi Gola,0.0,0.0,,215,10,1472,,71741.57946050014,124356844.03544964,0.015556810951232911,0.01555681095123291,93,1.4467834184646606
10-224-01331,BIHAR,Bhagalpur,Kharik,0.0,0.0,,192,10,1331,,103106.05203500649,169292223.68779984,0.07496061878204346,0.07096492789260984,127,9.012545842361451
10-224-01332,BIHAR,Bhagalpur,Naugachhia,0.0,0.0,,192,10,1332,,91833.23423872421,134223697.96961665,0.07496061878204346,0.06917344185029618,99,6.848170743179322
10-224-01335,BIHAR,Bhagalpur,Pirpainti,0.0,0.0,,192,10,1335,,138631.2255747686,411429376.6216011,0.09258431564569473,0.08127376757617724,295,23.975761434972284
10-224-01336,BIHAR,Bhagalpur,Kahalgaon,0.0,0.0,,192,10,1336,,128722.99744742387,352186242.20537144,0.08897126960754395,0.08859113567041797,258,22.856513002967837
10-224-01337,BIHAR,Bhagalpur,Ismailpur,0.0,0.0,,192,10,1337,,66332.03197363381,102752037.41138108,0.08897126960754395,0.0782686891158422,72,5.635345616340638
10-224-01338,BIHAR,Bhagalpur,Sabour,0.0,0.0,,192,10,1338,,85492.0541239663,141198925.34276122,0.08897126960754395,0.07656183601924352,105,8.03899278202057
10-226-01359,BIHAR,Munger,Dharhara,0.0,0.0,,207,10,1359,,105188.90103685112,355220468.750446,0.15980476528406143,0.1549676255034846,258,39.98164737989903
10-224-01339,BIHAR,Bhagalpur,Nathnagar,0.0,0.0,,192,10,1339,,105259.93673308079,163498377.60317266,0.1152413425564766,0.07700879117735362,118,9.087037358927727
10-226-01360,BIHAR,Munger,Kharagpur,0.0,0.0,,207,10,1360,,169586.30903503796,398589433.5102216,0.16342260856628418,0.16186340338067975,297,48.073430804061886
10-224-01340,BIHAR,Bhagalpur,Sultanganj,0.0,0.0,,192,10,1340,,139861.1879796442,266407467.3450057,0.14984492815732955,0.1166535901951914,192,22.39748931747675
10-224-01341,BIHAR,Bhagalpur,Shahkund,0.0,0.0,,192,10,1341,,93276.90256650816,208798734.37786233,0.14984492815732955,0.10946595191692378,154,16.85775659520626
10-224-01342,BIHAR,Bhagalpur,Goradih,0.0,0.0,,192,10,1342,,106918.08891287447,178026414.43832883,0.09776477766036988,0.08114306565144266,129,10.467455469036103
10-224-01343,BIHAR,Bhagalpur,Jagdishpur,0.0,0.0,,192,10,1343,,107045.71303668506,127447147.46016994,0.09348655934333802,0.0775502663873857,93,7.21217477402687
10-224-01344,BIHAR,Bhagalpur,Sonhaula,0.0,0.0,,192,10,1344,,84463.86530366821,214425428.57327408,0.09776477766036988,0.09295323551825757,159,14.779564447402954
10-225-01345,BIHAR,Banka,Shambhuganj,0.0,0.0,,190,10,1345,,85765.27415008907,217970788.89652416,0.14984492815732955,0.14984492815732958,160,23.97518850517273
10-225-01346,BIHAR,Banka,Amarpur,0.0,0.0,,190,10,1346,,98000.87839154692,234663534.19316816,0.14984492815732955,0.11622765553143988,171,19.87492909587622
10-225-01347,BIHAR,Banka,Rajaun,0.0,0.0,,190,10,1347,,86718.04358754268,242814641.5593075,0.09348655934333802,0.09348655934333804,180,16.827580681800846
10-226-01363,BIHAR,Munger,Tetiha Bambor,0.0,0.0,,207,10,1363,,73286.15332623897,95190725.80042528,0.16342260856628418,0.16342260856628418,69,11.276159991073609
10-225-01348,BIHAR,Banka,Dhuraiya,0.0,0.0,,190,10,1348,,106681.6377356153,285703540.38620996,0.11221088123321533,0.09519662029103958,207,19.705700400245192
10-225-01349,BIHAR,Banka,Barahat,0.0,0.0,,190,10,1349,,122910.23058217819,181202001.14064544,0.11221088123321533,0.10334898843037263,131,13.538717484378815
10-225-01350,BIHAR,Banka,Banka,0.0,0.0,,190,10,1350,,137083.07375503817,365153241.48788345,0.14984492815732955,0.12315820597867026,274,33.74534843815565
10-225-01351,BIHAR,Banka,Phulidumar,0.0,0.0,,190,10,1351,,117105.67306472127,248400685.45023423,0.14984492815732955,0.14947884000673722,178,26.607233521199227
10-225-01352,BIHAR,Banka,Belhar,0.0,0.0,,190,10,1352,,118426.40149548957,290570448.277483,0.16342260856628418,0.154472723408708,213,32.902690086054804
10-225-01353,BIHAR,Banka,Chanan,0.0,0.0,,190,10,1353,,169565.08902723462,550876204.0147796,0.16342260856628418,0.13251211637860505,402,53.269870784199234
10-225-01354,BIHAR,Banka,Katoria,0.0,0.0,,190,10,1354,,180268.89530762268,687665367.2781417,0.14984492815732955,0.13459435997649166,503,67.70096306817531
10-225-01355,BIHAR,Banka,Bausi,0.0,0.0,,190,10,1355,,109314.78149810205,385846183.7170387,0.11221088123321533,0.11214248241605894,284,31.84846500616074
10-226-01356,BIHAR,Munger,Munger,0.0,0.0,,207,10,1356,,162390.1628928388,306519605.49277806,0.1794719168663025,0.1541517636300759,220,33.9133879986167
10-226-01357,BIHAR,Munger,Bariarpur,0.0,0.0,,207,10,1357,,122433.4478606843,198040113.63802013,0.1794719168663025,0.14363467772138527,145,20.827028269600866
10-226-01358,BIHAR,Munger,Jamalpur,0.0,0.0,,207,10,1358,,72817.19566814511,112971204.64248075,0.15980476528406143,0.15980476528406143,83,13.263795518577098
10-226-01361,BIHAR,Munger,Asarganj,0.0,0.0,,207,10,1361,,61173.52838786665,72491453.98190036,0.15980476528406143,0.1169553203536914,52,6.081676658391952
10-226-01362,BIHAR,Munger,Tarapur,0.0,0.0,,207,10,1362,,54416.57713098438,86962445.68425661,0.16342260856628418,0.14648389063252776,61,8.935517328584194
10-226-01364,BIHAR,Munger,Sangrampur,0.0,0.0,,207,10,1364,,71205.18318302365,105786037.21986651,0.16342260856628418,0.15938163225409532,84,13.388057109344008
10-227-01366,BIHAR,Lakhisarai,Pipariya,0.0,0.0,,204,10,1366,,87968.2901826016,106258171.87143916,0.11118043702840806,0.08120877434570495,73,5.928240527236461
10-227-01365,BIHAR,Lakhisarai,Barahiya,0.0,0.0,,204,10,1365,,95965.48426593257,248505135.43154767,0.11118043702840806,0.11118043702840805,179,19.90129822808504
10-227-01367,BIHAR,Lakhisarai,Surajgarha,0.0,0.0,,204,10,1367,,140312.1609931406,462726462.37366486,0.15980476528406143,0.07432492811753905,338,25.1218257037282
10-227-01368,BIHAR,Lakhisarai,Lakhisarai,0.0,0.0,,204,10,1368,,117670.76745524361,181316338.94823277,0.11337464303970338,0.11011229606948736,131,14.424710785102844
10-227-01369,BIHAR,Lakhisarai,Chanan*,0.0,0.0,,204,10,1369,,86014.87070350182,177670731.10250506,0.11118043702840806,0.08815445914296433,128,11.283770770299434
10-228-01375,BIHAR,Sheikhpura,Ghat Kusumbha,0.0,0.0,,219,10,1375,,80592.24583619394,99088070.68237934,0.15585463259220125,0.11621414920461011,71,8.251204593527317
10-227-01370,BIHAR,Lakhisarai,Ramgarh Chowk,0.0,0.0,,204,10,1370,,98990.57354622113,128567389.13844268,0.11337464303970338,0.11032288440167903,96,10.590996902561187
10-227-01371,BIHAR,Lakhisarai,Halsi,0.0,0.0,,204,10,1371,,82594.8188222393,191441208.6304817,0.11337464303970338,0.11238394094919986,139,15.62136779193878
10-228-01372,BIHAR,Sheikhpura,Barbigha,0.0,0.0,,219,10,1372,,83879.7675047183,115941853.486741,0.15585463259220125,0.15585463259220123,81,12.6242252399683
10-228-01373,BIHAR,Sheikhpura,Shekhopur Sarai,0.0,0.0,,219,10,1373,,59774.96229914819,65955650.61796794,0.15585463259220125,0.1224604768956485,46,5.633181937199831
10-228-01374,BIHAR,Sheikhpura,Sheikhpura,0.0,0.0,,219,10,1374,,119718.3677454689,225551054.81458032,0.15585463259220125,0.1297127483764752,168,21.791741727247835
10-228-01377,BIHAR,Sheikhpura,Ariari,0.0,0.0,,219,10,1377,,87552.5859976097,183445963.63454768,0.11337464303970338,0.08032182755900753,135,10.843446720466018
10-229-01378,BIHAR,Nalanda,Karai Parsurai,0.0,0.0,,209,10,1378,,58523.47447411047,82148146.79064696,0.1413252353668213,0.10684540328979492,61,6.51756960067749
10-229-01379,BIHAR,Nalanda,Nagar Nausa,0.0,0.0,,209,10,1379,,82570.35159490984,108015836.82811198,0.1413252353668213,0.11424930685922505,80,9.139944548738004
10-229-01380,BIHAR,Nalanda,Harnaut,0.0,0.0,,209,10,1380,,124869.90123154312,224385440.0517296,0.15585463259220125,0.11503229096699985,156,17.945037390851976
10-229-01381,BIHAR,Nalanda,Chandi,0.0,0.0,,209,10,1381,,70527.81459673235,147156102.481168,0.11879901764392853,0.11784362538299471,106,12.49142429059744
10-229-01382,BIHAR,Nalanda,Rahui,0.0,0.0,,209,10,1382,,77076.6108369453,152249665.90613127,0.15585463259220125,0.12074931316752185,114,13.765421701097491
10-229-01383,BIHAR,Nalanda,Bind,0.0,0.0,,209,10,1383,,70364.80140905235,88091657.81671415,0.15585463259220125,0.15585463259220125,65,10.13055111849308
10-229-01384,BIHAR,Nalanda,Sarmera,0.0,0.0,,209,10,1384,,91044.34634338948,167201876.42476654,0.15585463259220125,0.14822733091057802,123,18.231961702001097
10-229-01385,BIHAR,Nalanda,Asthawan,0.0,0.0,,209,10,1385,,92263.18064708126,171325630.7179731,0.15585463259220125,0.14896594102957078,124,18.471776687666775
10-229-01387,BIHAR,Nalanda,Noorsarai,0.0,0.0,,209,10,1387,,78528.62700534344,151514769.88009417,0.11879901764392853,0.11879901764392854,114,13.543088011407853
10-229-01386,BIHAR,Nalanda,Bihar,0.0,0.0,,209,10,1386,,98561.8371020671,215840179.0991975,0.15585463259220125,0.11889374018284926,157,18.666317208707333
10-229-01390,BIHAR,Nalanda,Hilsa,0.0,0.0,,209,10,1390,,93433.88804652911,175765721.10991755,0.1413252353668213,0.1413252353668213,132,18.65493106842041
10-229-01391,BIHAR,Nalanda,Ekangarsarai,0.0,0.0,,209,10,1391,,87121.32234693572,166605847.460251,0.1413252353668213,0.1413252353668213,122,17.241678714752197
10-229-01392,BIHAR,Nalanda,Islampur,0.0,0.0,,209,10,1392,,109868.69145522316,273834151.4326934,0.1413252353668213,0.1186349739038583,198,23.489724832963944
10-229-01393,BIHAR,Nalanda,Ben,0.0,0.0,,209,10,1393,,66947.54721379357,127526149.56798536,0.1413252353668213,0.1217522187135321,94,11.444708559072017
10-230-01398,BIHAR,Patna,Maner,0.0,0.0,,212,10,1398,,96133.56350709034,213315300.3597084,0.06895686752796173,0.05923718402440974,151,8.944814787685871
10-229-01394,BIHAR,Nalanda,Rajgir,0.0,0.0,,209,10,1394,,88740.45664753366,198129288.77271983,0.10357169108390808,0.10147813879679628,142,14.409895709145072
10-229-01395,BIHAR,Nalanda,Silao,0.0,0.0,,209,10,1395,,79220.42929786978,154752836.13944647,0.11879901764392853,0.10318077482762085,112,11.556246780693535
10-229-01396,BIHAR,Nalanda,Giriak,0.0,0.0,,209,10,1396,,88347.46773236175,99576022.5731765,0.09998995102643968,0.09998995102643968,74,7.399256375956536
10-229-01397,BIHAR,Nalanda,Katrisarai,0.0,0.0,,209,10,1397,,38918.76300208476,48673462.28309288,0.09998995102643968,0.09583830079094455,34,3.2585022268921144
10-230-01399,BIHAR,Patna,Dinapur-Cum-Khagaul,0.0,0.0,,212,10,1399,,78598.21354533077,184765788.04152673,0.06895686752796173,0.0599987619088514,137,8.219830381512642
10-234-01474,BIHAR,Rohtas,Tilouthu,0.0,0.0,,215,10,1474,,73885.57639601533,193504401.97342023,0.016669637107849123,0.016624602302084582,141,2.344068924593926
10-230-01400,BIHAR,Patna,Patna Rural,0.0,0.0,,212,10,1400,,87518.10425735511,179850223.48881748,0.08290107545852661,0.0778101640593438,126,9.804080671477319
10-230-01401,BIHAR,Patna,Sampatchak,0.0,0.0,,212,10,1401,,53219.7118618291,78902366.60372826,0.08290107545852661,0.08242024070230024,58,4.780373960733414
10-230-01406,BIHAR,Patna,Dulhin Bazar,0.0,0.0,,212,10,1406,,77792.54009458271,136539622.4680228,0.06895686752796173,0.05635662917356298,99,5.579306288182735
10-230-01402,BIHAR,Patna,Phulwari,0.0,0.0,,212,10,1402,,70659.26045014715,135940825.49713776,0.08290107545852661,0.06967564113263003,97,6.7585371898651125
10-230-01413,BIHAR,Patna,Khusrupur,0.0,0.0,,212,10,1413,,46143.60198551767,78201544.387751,0.10959251040220261,0.09132994965126642,57,5.205807130122186
10-230-01403,BIHAR,Patna,Bihta,0.0,0.0,,212,10,1403,,116564.9809665079,244879174.98088208,0.06895686752796173,0.06233278040661996,181,11.282233253598212
10-230-01415,BIHAR,Patna,Athmalgola,0.0,0.0,,212,10,1415,,47997.69261940102,62827293.65665197,0.13984515733718872,0.11440543150549587,44,5.033838986241818
10-230-01404,BIHAR,Patna,Naubatpur,0.0,0.0,,212,10,1404,,105087.74367689912,205320191.59612688,0.06895686752796173,0.06895686752796172,148,10.205616394138335
10-230-01405,BIHAR,Patna,Bikram,0.0,0.0,,212,10,1405,,86626.03512108007,186422313.04867813,0.06895686752796173,0.061147539169582536,139,8.499507944571972
10-234-01475,BIHAR,Rohtas,Rohtas,0.0,0.0,,215,10,1475,,88257.59288547112,389741138.17794544,0.024957023811340334,0.017978904316981913,287,5.159945538973809
10-230-01407,BIHAR,Patna,Paliganj,0.0,0.0,,212,10,1407,,129476.3041410336,293354152.7667747,0.057992254984378815,0.048375423450837625,214,10.352340618479252
10-230-01408,BIHAR,Patna,Masaurhi,0.0,0.0,,212,10,1408,,108866.13277400887,248716954.87290823,0.06895686752796173,0.06126067972977957,180,11.026922351360323
10-230-01409,BIHAR,Patna,Dhanarua,0.0,0.0,,212,10,1409,,95102.40821522896,225577653.19725513,0.1413252353668213,0.08412252980355758,166,13.964339947390558
10-230-01410,BIHAR,Patna,Punpun,0.0,0.0,,212,10,1410,,82554.93388622913,161116560.78819045,0.08290107545852661,0.07337253337264062,120,8.804704004716873
10-230-01411,BIHAR,Patna,Fatwah,0.0,0.0,,212,10,1411,,97950.27190535897,155697451.47083917,0.08290107545852661,0.08290107545852661,114,9.450722602272034
10-230-01412,BIHAR,Patna,Daniawan,0.0,0.0,,212,10,1412,,69689.77872311571,79566220.36857046,0.08290107545852661,0.08290107545852661,55,4.559559150218964
10-230-01414,BIHAR,Patna,Bakhtiarpur,0.0,0.0,,212,10,1414,,120205.01587822943,168153072.20481881,0.13984515733718872,0.11030155681474134,128,14.118599272286891
10-230-01416,BIHAR,Patna,Belchhi,0.0,0.0,,212,10,1416,,88573.78025963024,87443681.0926542,0.15585463259220125,0.1493783817632124,64,9.560216432845593
10-230-01417,BIHAR,Patna,Barh,0.0,0.0,,212,10,1417,,95365.9771693495,147280816.515725,0.13984515733718872,0.13984515733718872,108,15.103276992416381
10-230-01419,BIHAR,Patna,Ghoswari,0.0,0.0,,212,10,1419,,66454.95033385535,164897376.1169027,0.16993575882911682,0.13613300283580532,122,16.608226345968248
10-230-01418,BIHAR,Patna,Pandarak,0.0,0.0,,212,10,1418,,106894.44852036482,252509471.6555304,0.15585463259220125,0.1430984196884747,187,26.759404481744767
10-232-01438,BIHAR,Buxar,Chaugain,0.0,0.0,,194,10,1438,,52625.33924401454,66025696.44875917,0.015244824028015138,0.015244824028015138,46,0.7012619052886964
10-232-01439,BIHAR,Buxar,Kesath,0.0,0.0,,194,10,1439,,34661.84662025829,38236018.49691825,0.015244824028015138,0.015244824028015138,29,0.442099896812439
10-230-01420,BIHAR,Patna,Mokameh,0.0,0.0,,212,10,1420,,127700.39840194934,244519830.48183808,0.16993575882911682,0.13637276908192741,178,24.274352896583082
10-231-01421,BIHAR,Bhojpur,Shahpur,0.0,0.0,,193,10,1421,,110658.91431619873,211766871.4500774,0.05899471006393433,0.054683832208926864,156,8.53067782459259
10-234-01460,BIHAR,Rohtas,Suryapura,0.0,0.0,,215,10,1460,,56159.7630280001,69765063.31452103,0.015997779941558838,0.015997779941558835,50,0.7998889970779418
10-231-01422,BIHAR,Bhojpur,Arrah,0.0,0.0,,193,10,1422,,120924.06747051864,221925641.7145924,0.06402966277599335,0.05830217665952186,161,9.386650442183019
10-231-01423,BIHAR,Bhojpur,Barhara,0.0,0.0,,193,10,1423,,128817.96875565937,258494738.36324885,0.06402966277599335,0.06195697287237323,185,11.462039981389047
10-231-01424,BIHAR,Bhojpur,Koilwar,0.0,0.0,,193,10,1424,,94779.33453556667,208456312.66749656,0.06402966277599335,0.05929764045283601,148,8.776050787019729
10-231-01425,BIHAR,Bhojpur,Sandesh,0.0,0.0,,193,10,1425,,60697.76797134289,164599530.19806212,0.057992254984378815,0.056550216262340545,120,6.786025951480865
10-231-01426,BIHAR,Bhojpur,Udwant Nagar,0.0,0.0,,193,10,1426,,92445.60417460876,217797556.82002312,0.05899471006393433,0.058611054416203213,162,9.49499081542492
10-234-01461,BIHAR,Rohtas,Bikramganj,0.0,0.0,,215,10,1461,,88556.32896667719,168723569.68103397,0.015997779941558838,0.015997779941558838,124,1.9837247127532958
10-231-01427,BIHAR,Bhojpur,Behea,0.0,0.0,,193,10,1427,,114516.77527652554,206091349.70539597,0.05899471006393433,0.045778875708740036,149,6.821052480602265
10-231-01428,BIHAR,Bhojpur,Jagdishpur,0.0,0.0,,193,10,1428,,109726.00219208181,318463526.4488765,0.05899471006393433,0.054488284034483414,233,12.695770180034636
10-231-01429,BIHAR,Bhojpur,Piro,0.0,0.0,,193,10,1429,,100703.96274410955,268205354.86689487,0.05899471006393433,0.018022938838222913,197,3.550518951129914
10-234-01462,BIHAR,Rohtas,Karakat,0.0,0.0,,215,10,1462,,102232.22868007293,251121712.10833624,0.015997779941558838,0.013691205731450516,179,2.4507258259296423
10-231-01430,BIHAR,Bhojpur,Charpokhari,0.0,0.0,,193,10,1430,,88834.1327790213,135855258.49695313,0.05899471006393433,0.01998887220971725,102,2.0388649653911592
10-231-01431,BIHAR,Bhojpur,Garhani,0.0,0.0,,193,10,1431,,93054.52180151101,137128723.85739592,0.05899471006393433,0.05410700065222654,99,5.356593064570427
10-231-01432,BIHAR,Bhojpur,Agiaon,0.0,0.0,,193,10,1432,,87534.07309197474,191419206.17039648,0.05899471006393433,0.03397591414451599,139,4.722652066087723
10-231-01433,BIHAR,Bhojpur,Tarari,0.0,0.0,,193,10,1433,,95157.98131215997,247108515.4982669,0.015997779941558838,0.006426336913638645,180,1.1567406444549562
10-231-01434,BIHAR,Bhojpur,Sahar,0.0,0.0,,193,10,1434,,61748.81499939302,157154129.14318892,0.047176964569091796,0.0121602900364088,115,1.398433354187012
10-232-01435,BIHAR,Buxar,Simri,0.0,0.0,,194,10,1435,,87047.69219699135,222195796.247413,0.03819831523895264,0.02661347761205685,162,4.31138337315321
10-232-01436,BIHAR,Buxar,Chakki,0.0,0.0,,194,10,1436,,73799.54032015939,80420668.23199363,0.03819831523895264,0.03437273337046305,66,2.2686004024505615
10-232-01437,BIHAR,Buxar,Barhampur,0.0,0.0,,194,10,1437,,133928.15369382405,240152233.65370417,0.05741849670410157,0.01969117531087357,173,3.406573328781128
10-232-01440,BIHAR,Buxar,Dumraon,0.0,0.0,,194,10,1440,,115797.88145848007,238641355.07175583,0.016768871450424196,0.015714443291896998,172,2.702884246206284
10-232-01441,BIHAR,Buxar,Buxar,0.0,0.0,,194,10,1441,,90996.21871903203,211591033.38394436,0.02056709169149399,0.01684098955626729,158,2.660876349890232
10-232-01442,BIHAR,Buxar,Chausa,0.0,0.0,,194,10,1442,,99103.08457070828,138502720.57991108,0.07054273829683662,0.04450600093109351,102,4.539612094971538
10-232-01443,BIHAR,Buxar,Rajpur,0.0,0.0,,194,10,1443,,121142.9666413415,336933113.12217736,0.07054273829683662,0.01972486170158997,247,4.872040840292723
10-232-01444,BIHAR,Buxar,Itarhi,0.0,0.0,,194,10,1444,,109439.3274763228,293713382.2816445,0.016768871450424196,0.01676190209020163,207,3.469713732671737
10-232-01445,BIHAR,Buxar,Nawanagar,0.0,0.0,,194,10,1445,,126567.10382889764,229774401.79100823,0.016768871450424196,0.015461521165046467,169,2.612997076892853
10-233-01446,BIHAR,Kaimur (Bhabua),Ramgarh,0.0,0.0,,200,10,1446,,124781.0721120257,206666195.02442607,0.027750915122032167,0.021844707223509445,147,3.2111719618558885
10-233-01447,BIHAR,Kaimur (Bhabua),Nuaon,0.0,0.0,,200,10,1447,,121732.74643995032,235834986.4758632,0.07054273829683662,0.03182115439556931,171,5.441417401642353
10-233-01448,BIHAR,Kaimur (Bhabua),Kudra,0.0,0.0,,200,10,1448,,132624.50147962422,255577893.54332253,0.027750915122032167,0.0226757874993717,187,4.2403722623825075
10-233-01449,BIHAR,Kaimur (Bhabua),Mohania,0.0,0.0,,200,10,1449,,142323.6809133636,349176573.6513165,0.027750915122032167,0.022870806729156555,262,5.992151363039017
10-233-01450,BIHAR,Kaimur (Bhabua),Durgawati,0.0,0.0,,200,10,1450,,108544.41183902678,212580801.4059764,0.008876729011535646,0.008876729011535646,156,1.3847697257995608
10-233-01451,BIHAR,Kaimur (Bhabua),Chand,0.0,0.0,,200,10,1451,,97099.60209928264,257974481.1925409,0.01145247049331665,0.008357776265659847,185,1.5461886091470718
10-233-01452,BIHAR,Kaimur (Bhabua),Chainpur,0.0,0.0,,200,10,1452,,170712.34536647963,555311526.8488017,0.028236576628685,0.009303545331372027,409,3.8051500405311587
10-233-01453,BIHAR,Kaimur (Bhabua),Bhabua,0.0,0.0,,200,10,1453,,143727.89821118704,407618990.38615096,0.027750915122032167,0.014053706049719112,298,4.188004402816295
10-233-01454,BIHAR,Kaimur (Bhabua),Rampur,0.0,0.0,,200,10,1454,,126612.15498309073,210660395.23746365,0.024957023811340334,0.021017297399818124,154,3.236663799571991
10-233-01455,BIHAR,Kaimur (Bhabua),Bhagwanpur,0.0,0.0,,200,10,1455,,134815.05705103654,292151198.96788174,0.01912319816350937,0.011212986013574422,212,2.3771530348777774
10-233-01456,BIHAR,Kaimur (Bhabua),Adhaura,0.0,0.0,,200,10,1456,,271357.2345421078,1135984955.9859164,0.024957023811340334,0.016180655257632685,827,13.38140189806223
10-234-01457,BIHAR,Rohtas,Kochas,0.0,0.0,,215,10,1457,,90248.48407846906,187033418.62218276,0.027750915122032167,0.019710430229529168,131,2.582066360068321
10-234-01458,BIHAR,Rohtas,Dinara,0.0,0.0,,215,10,1458,,157118.7651045217,464648316.8452498,0.016047542667388916,0.016035722195857433,341,5.468181268787385
10-234-01459,BIHAR,Rohtas,Dawath,0.0,0.0,,215,10,1459,,78120.6651060775,129910427.66035384,0.015997779941558838,0.015997779941558838,94,1.5037913145065307
10-234-01466,BIHAR,Rohtas,Nokha,0.0,0.0,,215,10,1466,,82152.91978314315,208772248.59610957,0.016231642150878908,0.016060026469746153,148,2.376883917522431
10-235-01476,BIHAR,Aurangabad,Daudnagar,0.0,0.0,,189,10,1476,,91010.07504965532,238139281.75712803,0.015556810951232911,0.009010094448498316,175,1.5767665284872054
10-234-01467,BIHAR,Rohtas,Kargahar,0.0,0.0,,215,10,1467,,128509.87472624176,406135690.59563094,0.027750915122032167,0.017729085688302983,298,5.283267535114289
10-234-01468,BIHAR,Rohtas,Chenari,0.0,0.0,,215,10,1468,,121720.69626398994,292642418.8385522,0.024957023811340334,0.02201334384992925,217,4.776895615434647
10-234-01469,BIHAR,Rohtas,Nauhatta,0.0,0.0,,215,10,1469,,175494.75594492842,478591449.404211,0.024957023811340334,0.014391048431565336,353,5.080040096342564
10-234-01470,BIHAR,Rohtas,Sheosagar,0.0,0.0,,215,10,1470,,135463.8765525897,406503956.12222886,0.024957023811340334,0.01784448223526195,295,5.264122259402275
10-234-01471,BIHAR,Rohtas,Sasaram,0.0,0.0,,215,10,1471,,135810.11950728856,394273130.8742507,0.016669637107849123,0.016331525308674783,290,4.736142339515687
10-234-01473,BIHAR,Rohtas,Dehri,0.0,0.0,,215,10,1473,,97323.52013589225,199371136.99043605,0.016669637107849123,0.015615408827530017,144,2.2486188711643225
10-235-01477,BIHAR,Aurangabad,Haspura,0.0,0.0,,189,10,1477,,88845.10694940752,164519986.5205008,0.03592039756774903,0.008381808461729161,121,1.0141988238692285
10-235-01478,BIHAR,Aurangabad,Goh,0.0,0.0,,189,10,1478,,122286.20877621078,374665187.3660463,0.03592039756774903,0.028170926386095946,271,7.634321050632002
10-236-01491,BIHAR,Gaya,Neem Chak Bathani,0.0,0.0,,196,10,1491,,79540.44278654993,146770773.7769567,0.10357169108390808,0.10357169108390808,102,10.564312490558624
10-235-01479,BIHAR,Aurangabad,Rafiganj,0.0,0.0,,189,10,1479,,167069.30684925965,465687847.79432577,0.03592039756774903,0.021820269738654707,343,7.484352520358565
10-235-01480,BIHAR,Aurangabad,Obra,0.0,0.0,,189,10,1480,,130720.05569071589,327203821.09876627,0.0227533833026886,0.011630734706736628,235,2.7332226560831074
10-236-01494,BIHAR,Gaya,Manpur,0.0,0.0,,196,10,1494,,77081.78707553667,161226183.41058797,0.1206331949710846,0.06341627425862174,117,7.419704088258744
10-235-01481,BIHAR,Aurangabad,Aurangabad,0.0,0.0,,189,10,1481,,125502.68609205673,344679798.38062614,0.0227533833026886,0.021004545100310103,253,5.314149910378456
10-237-01511,BIHAR,Nawada,Nardiganj,0.0,0.0,,210,10,1511,,60262.24041371029,129808165.4472442,0.09998995102643968,0.09998995102643969,95,9.499045347511771
10-235-01482,BIHAR,Aurangabad,Barun,0.0,0.0,,189,10,1482,,117269.30390529483,381782699.30215496,0.015556810951232911,0.015174173633314724,278,4.218420270061493
10-235-01483,BIHAR,Aurangabad,Nabinagar,0.0,0.0,,189,10,1483,,173491.30877801325,657546828.2218357,0.018640596246719363,0.01627459648534131,483,7.8606301024198535
10-235-01484,BIHAR,Aurangabad,Kutumba,0.0,0.0,,189,10,1484,,110495.73757590447,319048251.76106954,0.018640596246719363,0.016839291499612673,233,3.9235549194097525
10-235-01485,BIHAR,Aurangabad,Deo,0.0,0.0,,189,10,1485,,158578.88849021672,336990745.1586724,0.0227533833026886,0.018782767107907467,255,4.789605612516404
10-235-01486,BIHAR,Aurangabad,Madanpur,0.0,0.0,,189,10,1486,,153529.37367368402,418713952.50229967,0.02846283929347992,0.02170884266289231,306,6.642905854845047
10-236-01487,BIHAR,Gaya,Konch,0.0,0.0,,196,10,1487,,154041.56172387034,319288521.7326548,0.03592039756774903,0.03375738283019046,231,7.797955433773996
10-236-01488,BIHAR,Gaya,Tikari,0.0,0.0,,196,10,1488,,122221.36853604284,290576655.12704176,0.1206331949710846,0.06235073360416377,214,13.343056991291048
10-236-01489,BIHAR,Gaya,Belaganj,0.0,0.0,,196,10,1489,,113473.13279109563,240372540.95814112,0.1206331949710846,0.1206331949710846,176,21.23144231491089
10-236-01490,BIHAR,Gaya,Khizirsarai,0.0,0.0,,196,10,1490,,103698.13096672995,223124430.97950032,0.1206331949710846,0.11159128432473736,167,18.63574448223114
10-236-01492,BIHAR,Gaya,Muhra,0.0,0.0,,196,10,1492,,93681.45756176667,181269438.2139707,0.10357169108390808,0.09628072517576503,134,12.901617173552513
10-236-01493,BIHAR,Gaya,Atri,0.0,0.0,,196,10,1493,,103075.15367958385,161340647.62451813,0.1206331949710846,0.09560120645393928,120,11.472144774472714
10-236-01495,BIHAR,Gaya,Gaya Town C.D.Block,0.0,0.0,,196,10,1495,,91678.58033080616,224144813.6021213,0.1206331949710846,0.07052556231121818,167,11.777768905973435
10-236-01496,BIHAR,Gaya,Paraiya,0.0,0.0,,196,10,1496,,75593.31264449215,167300846.5298876,0.06086194744110108,0.04295024537574954,123,5.282880181217194
10-236-01497,BIHAR,Gaya,Guraru,0.0,0.0,,196,10,1497,,81292.54933661391,199646285.7542363,0.02846283929347992,0.028462839293479918,149,4.240963054728508
10-237-01512,BIHAR,Nawada,Nawada,0.0,0.0,,210,10,1512,,86822.75137888109,219317998.1072041,0.09998995102643968,0.09906740762651724,158,15.652650404989723
10-236-01498,BIHAR,Gaya,Gurua,0.0,0.0,,196,10,1498,,117859.62964526065,238015237.1519128,0.06086194744110108,0.02784022302285008,174,4.844198805975914
10-236-01499,BIHAR,Gaya,Amas,0.0,0.0,,196,10,1499,,100546.69423332924,128484051.44985774,0.02846283929347992,0.023253583542833623,97,2.2555976036548615
10-237-01517,BIHAR,Nawada,Roh,0.0,0.0,,210,10,1517,,77804.52626079548,192537548.9783989,0.10550344684869052,0.09771750959265275,143,13.973603871749344
10-236-01500,BIHAR,Gaya,Banke Bazar,0.0,0.0,,196,10,1500,,85166.97220092022,256240042.68049288,0.02343661289215088,0.02159556546923907,184,3.9735840463399885
10-236-01501,BIHAR,Gaya,Imamganj,0.0,0.0,,196,10,1501,,136271.57775821586,316917295.57645696,0.055850157737731936,0.02580536549449479,233,6.0126501602172855
10-236-01502,BIHAR,Gaya,Dumaria,0.0,0.0,,196,10,1502,,119690.94596035974,390676703.928496,0.055850157737731936,0.01915281077119666,284,5.4393982590198515
10-236-01503,BIHAR,Gaya,Sherghati,0.0,0.0,,196,10,1503,,100322.2973073121,167902109.12194017,0.0686715325474739,0.028682666959528064,122,3.4992853690624237
10-238-01531,BIHAR,Jamui,Gidhaur,0.0,0.0,,198,10,1531,,55211.5633940527,100392309.18230554,0.1192829779624939,0.10393989947113809,79,8.211252058219909
10-236-01504,BIHAR,Gaya,Dobhi,0.0,0.0,,196,10,1504,,103572.88994215836,218837778.49499393,0.0686715325474739,0.06022404755160034,166,9.997191893565656
10-236-01505,BIHAR,Gaya,Bodh Gaya,0.0,0.0,,196,10,1505,,120948.91182130505,306843965.9119923,0.0686715325474739,0.06120022563583084,224,13.70885054242611
10-236-01506,BIHAR,Gaya,Tan Kuppa,0.0,0.0,,196,10,1506,,108147.94853451202,190099968.23000297,0.09432666513919831,0.061255112583967895,137,8.391950424003602
10-240-01542,BIHAR,Arwal,Arwal,0.0,0.0,,611,10,1542,,73924.8054791393,147787869.27798152,0.047176964569091796,0.03618113382232999,103,3.7266567836999895
10-236-01507,BIHAR,Gaya,Wazirganj,0.0,0.0,,196,10,1507,,105472.06999302967,323030583.61833626,0.06086194744110108,0.059605070755845424,236,14.06679669837952
10-236-01508,BIHAR,Gaya,Fatehpur,0.0,0.0,,196,10,1508,,155359.44599717355,408449805.62920874,0.09432666513919831,0.08026087081705281,297,23.837478632664684
10-240-01543,BIHAR,Arwal,Kaler,0.0,0.0,,611,10,1543,,67777.19153730445,176075758.749563,0.007918975031375886,0.005681505824591367,131,0.7442772630214691
10-236-01509,BIHAR,Gaya,Mohanpur,0.0,0.0,,196,10,1509,,119906.24818546322,418796109.2883684,0.09432666513919831,0.07697198284446419,308,23.70737071609497
10-240-01544,BIHAR,Arwal,Karpi,0.0,0.0,,611,10,1544,,158139.92638461498,234985661.7206014,0.047176964569091796,0.04213897226258766,172,7.247903229165077
10-236-01510,BIHAR,Gaya,Barachatti,0.0,0.0,,196,10,1510,,138753.78132836288,366328956.31361085,0.09432666513919831,0.07097761188156149,267,18.95102237237692
10-237-01513,BIHAR,Nawada,Warisaliganj,0.0,0.0,,210,10,1513,,109792.76918459819,202861050.3008767,0.09998995102643968,0.08715757757127286,154,13.42226694597602
10-237-01514,BIHAR,Nawada,Kashi Chak,0.0,0.0,,210,10,1514,,73948.94452619922,98983451.20841853,0.07982479273974896,0.07982479273974896,72,5.747385077261925
10-237-01515,BIHAR,Nawada,Pakribarawan,0.0,0.0,,210,10,1515,,104545.76938151139,251834567.85717744,0.07982479273974896,0.07982479273974895,181,14.44828748589456
10-237-01516,BIHAR,Nawada,Kawakol,0.0,0.0,,210,10,1516,,121170.20018263235,362955647.76482904,0.11337464303970338,0.09968566693134914,266,26.51638740373887
10-237-01518,BIHAR,Nawada,Gobindpur,0.0,0.0,,210,10,1518,,73133.35659787485,188189390.13263756,0.10550344684869052,0.10060834065345318,138,13.88395101017654
10-237-01519,BIHAR,Nawada,Akbarpur,0.0,0.0,,210,10,1519,,91268.2921062847,249541236.96202633,0.08673887310028076,0.08673887310028075,183,15.873213777351378
10-237-01520,BIHAR,Nawada,Hisua,0.0,0.0,,210,10,1520,,85113.4923130193,144090762.99664384,0.10357169108390808,0.07976410426778613,106,8.45499505238533
10-237-01521,BIHAR,Nawada,Narhat,0.0,0.0,,210,10,1521,,62856.50481924386,99624005.77002536,0.08673887310028076,0.08673887310028076,69,5.984982243919373
10-237-01522,BIHAR,Nawada,Meskaur,0.0,0.0,,210,10,1522,,75185.00287586387,145604023.18435815,0.08673887310028076,0.06723874442511742,109,7.329023142337799
10-237-01523,BIHAR,Nawada,Sirdala,0.0,0.0,,210,10,1523,,111278.51695598938,301894539.186342,0.09432666513919831,0.07770207879765828,225,17.482967729473113
10-237-01524,BIHAR,Nawada,Rajauli,0.0,0.0,,210,10,1524,,132370.86211000624,450216393.36794454,0.10550344684869052,0.07702355228480165,331,25.494795806269344
10-238-01525,BIHAR,Jamui,Islamnagar Aliganj,0.0,0.0,,198,10,1525,,96153.77396855215,213408239.47295904,0.11337464303970338,0.10739682216314506,156,16.75390425745063
10-238-01526,BIHAR,Jamui,Sikandra,0.0,0.0,,198,10,1526,,86788.2538333537,223096734.30010977,0.1192829779624939,0.11210940152381546,160,17.937504243810473
10-238-01527,BIHAR,Jamui,Jamui,0.0,0.0,,198,10,1527,,90084.78430112793,212157753.6648698,0.11337464303970338,0.09099359570941569,161,14.649968909215927
10-238-01528,BIHAR,Jamui,Barhat,0.0,0.0,,198,10,1528,,114104.37581341481,270298087.1382075,0.16342260856628418,0.10058808516847965,198,19.91644086335897
10-238-01529,BIHAR,Jamui,Lakshmipur,0.0,0.0,,198,10,1529,,112147.89260238525,307635253.00857943,0.16342260856628418,0.14435073750255345,222,32.04586372556687
10-238-01530,BIHAR,Jamui,Jhajha,0.0,0.0,,198,10,1530,,147664.43327942316,507112726.974952,0.16342260856628418,0.12678490122133265,366,46.403273847007746
10-238-01532,BIHAR,Jamui,Khaira,0.0,0.0,,198,10,1532,,142747.05687020053,513762691.7981683,0.1192829779624939,0.10985876300687308,379,41.6364711796049
10-238-01533,BIHAR,Jamui,Sono,0.0,0.0,,198,10,1533,,117724.39892386932,474283005.7300444,0.12566281118392944,0.11991341011138319,346,41.49003989853858
10-238-01534,BIHAR,Jamui,Chakai,0.0,0.0,,198,10,1534,,243956.2217086091,956725034.6798706,0.12566281118392944,0.10647538083117587,705,75.065143485979
10-239-01535,BIHAR,Jehanabad,Ratni Faridpur,0.0,0.0,,199,10,1535,,82762.53932271499,155018952.20303965,0.1206331949710846,0.060295991708125385,112,6.753151071310043
10-239-01536,BIHAR,Jehanabad,Jehanabad,0.0,0.0,,199,10,1536,,97254.09844747804,201426556.69272655,0.05741258583068848,0.05741258583068848,147,8.439650117111206
10-239-01537,BIHAR,Jehanabad,Kako,0.0,0.0,,199,10,1537,,83599.3529020472,162373941.78194478,0.05741258583068848,0.05741258583068847,118,6.77468512802124
10-239-01538,BIHAR,Jehanabad,Modanganj,0.0,0.0,,199,10,1538,,66522.90037500951,97205276.85869928,0.1413252353668213,0.11603649167100043,73,8.470663891983031
10-239-01539,BIHAR,Jehanabad,Ghoshi,0.0,0.0,,199,10,1539,,82931.95174196921,112225161.55433495,0.1413252353668213,0.09482013258286465,81,7.680430739212037
10-239-01540,BIHAR,Jehanabad,Makhdumpur,0.0,0.0,,199,10,1540,,128831.72570768485,301471679.33572614,0.1206331949710846,0.11396313070397858,218,24.84396249346733
10-239-01541,BIHAR,Jehanabad,Hulasganj,0.0,0.0,,199,10,1541,,87179.53907708311,119677697.18988888,0.1413252353668213,0.11560632952722635,88,10.173356998395919
10-240-01545,BIHAR,Arwal,Sonbhadra Banshi Suryapur,0.0,0.0,,611,10,1545,,62692.97791397586,116643000.97724338,0.047176964569091796,0.03883386196809657,85,3.3008782672882084
10-240-01546,BIHAR,Arwal,Kurtha,0.0,0.0,,611,10,1546,,71585.17106640573,106433073.5354984,0.047176964569091796,0.04119246059369438,79,3.254204386901856
10-224-01334,BIHAR,Bhagalpur,Gopalpur,0.0,0.0,,192,10,1334,,95407.9186210158,208941966.91883087,0.09258431564569473,0.08792022839056982,154,13.539715172147751
10-210-01127,BIHAR,Kishanganj,Kishanganj,0.0,0.0,,203,10,1127,,125268.33771117091,207105687.55921903,0.19348243977427484,0.17519403579787415,150,26.279105369681123
10-206-01064,BIHAR,Sitamarhi,Suppi,0.0,0.0,,221,10,1064,,71084.15120823232,92250451.53846286,0.04691118805408478,0.034019073854825076,68,2.313297022128105
10-234-01463,BIHAR,Rohtas,Nasriganj,0.0,0.0,,215,10,1463,,90034.07903274363,167356919.18355417,0.02807472392320633,0.022889051535821735,124,2.838242390441895
10-234-01464,BIHAR,Rohtas,Rajpur,0.0,0.0,,215,10,1464,,68660.48684625747,85633596.4997788,0.02807472392320633,0.02807472392320633,66,1.8529317789316178
10-234-01465,BIHAR,Rohtas,Sanjhauli,0.0,0.0,,215,10,1465,,56591.722358052,83833486.39015438,0.02807472392320633,0.02421550220904812,62,1.5013611369609834
10-203-01023,BIHAR,Pashchim Champaran,Thakrahan,0.0,0.0,,211,10,1023,,79847.09402015881,199004696.79409248,0.14217583091259003,0.12987732659586546,145,18.83221235640049
10-204-01054,BIHAR,Purbi Champaran,Phenhara,0.0,0.0,,213,10,1054,,44565.43736457999,67645025.94776015,0.0886095651626587,0.08860956516265871,51,4.519087823295594
10-219-01262,BIHAR,Saran,Maker,0.0,0.0,,218,10,1262,,62357.8736467211,96585777.9808088,0.04068582274913788,0.04068582274913787,68,2.7666359469413755
10-220-01282,BIHAR,Vaishali,Sahdai Buzurg,0.0,0.0,,224,10,1282,,74546.65030748869,114161677.3631406,0.08190147094726563,0.08029435388693609,83,6.664431372615695
10-229-01388,BIHAR,Nalanda,Tharthari,0.0,0.0,,209,10,1388,,71853.42144919158,77411758.12428828,0.062371935021877295,0.03925453510816608,56,2.1982539660573006
10-229-01389,BIHAR,Nalanda,Parbalpur,0.0,0.0,,209,10,1389,,54466.2339431045,76043839.88376136,0.062371935021877295,0.05688976879914603,57,3.2427168215513236
10-203-01022,BIHAR,Pashchim Champaran,Bhitaha,0.0,0.0,,211,10,1022,,72626.86760213553,166969906.7472905,0.14217583091259003,0.13618281413791852,122,16.61430332482606
10-203-01013,BIHAR,Pashchim Champaran,Sidhaw,0.0,0.0,,211,10,1013,,195582.3602130639,1085337194.6715722,0.16264942812919617,0.1495159819225611,778,116.32343393575253
10-203-01014,BIHAR,Pashchim Champaran,Ramnagar,0.0,0.0,,211,10,1014,,230865.78384139363,866139404.2451236,0.15355615282058716,0.13606335093893054,625,85.03959433683158
10-203-01015,BIHAR,Pashchim Champaran,Gaunaha,0.0,0.0,,211,10,1015,,136504.94021895694,605322845.3823951,0.15355615282058716,0.15118344196144046,436,65.91598069518804
10-203-01016,BIHAR,Pashchim Champaran,Mainatanr,0.0,0.0,,211,10,1016,,115419.13930249632,312998546.4010918,0.1607581009566784,0.14162956576847602,224,31.72502273213863
10-203-01017,BIHAR,Pashchim Champaran,Narkatiaganj,0.0,0.0,,211,10,1017,,149144.20649331805,441857686.2127825,0.1607581009566784,0.1573529835142478,316,49.72354279050231
10-203-01018,BIHAR,Pashchim Champaran,Lauriya,0.0,0.0,,211,10,1018,,120853.32018665274,255440417.54612216,0.1607581009566784,0.15588406291232734,183,28.526783512955905
10-203-01019,BIHAR,Pashchim Champaran,Bagaha,0.0,0.0,,211,10,1019,,135587.24079810514,491292931.53180623,0.1605922674417496,0.1320796083300114,350,46.227862915503984
10-203-01021,BIHAR,Pashchim Champaran,Madhubani,0.0,0.0,,211,10,1021,,144670.82201821523,386116138.1353823,0.1605922674417496,0.08748586890494331,278,24.32107155557424
10-203-01024,BIHAR,Pashchim Champaran,Jogapatti,0.0,0.0,,211,10,1024,,88530.23644360513,258722436.3759333,0.1607581009566784,0.14116034735341867,186,26.25582460773587
10-203-01029,BIHAR,Pashchim Champaran,Bairia,0.0,0.0,,211,10,1029,,105039.82861382668,288505226.87341565,0.12813423149585723,0.1184398988907417,209,24.753938868165015
10-203-01025,BIHAR,Pashchim Champaran,Chanpatia,0.0,0.0,,211,10,1025,,113543.7602983494,310017349.34780717,0.1607581009566784,0.14631504027233883,220,32.18930885991454
10-206-01071,BIHAR,Sitamarhi,Parsauni,0.0,0.0,,221,10,1071,,63729.135625112256,74724139.64418457,0.0886095651626587,0.07612320641300896,55,4.186776352715492
10-203-01026,BIHAR,Pashchim Champaran,Sikta,0.0,0.0,,211,10,1026,,93443.22825707054,255004178.86147365,0.1607581009566784,0.1389711013706955,185,25.709653753578664
10-203-01027,BIHAR,Pashchim Champaran,Majhaulia,0.0,0.0,,211,10,1027,,123374.4030721297,371511179.15939575,0.1607581009566784,0.0825640619656632,269,22.2097326687634
10-203-01028,BIHAR,Pashchim Champaran,Bettiah,0.0,0.0,,211,10,1028,,53968.26030594324,83182055.35378212,0.11577986860275269,0.11577986860275269,60,6.946792116165161
10-203-01030,BIHAR,Pashchim Champaran,Nautan,0.0,0.0,,211,10,1030,,122656.63983711715,245738630.13883996,0.11577986860275269,0.11462094525862275,178,20.40252825603485
10-204-01031,BIHAR,Purbi Champaran,Raxaul,0.0,0.0,,213,10,1031,,98709.78801801558,166685360.13968688,0.13176101517677308,0.1308708318801721,120,15.704499825620651
10-206-01072,BIHAR,Sitamarhi,Belsand,0.0,0.0,,221,10,1072,,66235.5873217276,97354060.86547032,0.0886095651626587,0.07647148651069319,71,5.429475542259216
10-206-01073,BIHAR,Sitamarhi,Runisaidpur,0.0,0.0,,221,10,1073,,152472.54206325076,334873257.0825382,0.07514388415813446,0.07497683299261156,239,17.919463085234163
10-204-01032,BIHAR,Purbi Champaran,Adapur,0.0,0.0,,213,10,1032,,94532.37688292323,199608924.7111849,0.13176101517677308,0.03705736564653261,147,5.447432750040293
10-206-01074,BIHAR,Sitamarhi,Dumra,0.0,0.0,,221,10,1074,,111649.34177378344,241159212.36062923,0.07514388415813446,0.07350244833813156,172,12.64242111415863
10-204-01033,BIHAR,Purbi Champaran,Ramgarhwa,0.0,0.0,,213,10,1033,,90718.26831189607,213035907.5226096,0.13176101517677308,0.09776022980914396,153,14.957315160799027
10-204-01034,BIHAR,Purbi Champaran,Sugauli,0.0,0.0,,213,10,1034,,84892.41923436844,209336830.19001696,0.059509346270561224,0.059509346270561224,150,8.926401940584183
10-204-01038,BIHAR,Purbi Champaran,Ghorasahan,0.0,0.0,,213,10,1038,,75335.10865687576,144368243.47105,0.0393891291230917,0.031684542666920106,104,3.295192437359691
10-204-01035,BIHAR,Purbi Champaran,Banjaria,0.0,0.0,,213,10,1035,,102381.40449613356,176960195.87167916,0.059509346270561224,0.05079586640354686,127,6.451075033250451
10-204-01047,BIHAR,Purbi Champaran,Kesaria,0.0,0.0,,213,10,1047,,87546.8206889307,229535442.11688668,0.06351479072570801,0.05807972940706781,168,9.757394540387391
10-204-01036,BIHAR,Purbi Champaran,Narkatia,0.0,0.0,,213,10,1036,,105607.09704406632,168338010.30978012,0.0393891291230917,0.03828700212439743,118,4.517866250678897
10-204-01037,BIHAR,Purbi Champaran,Bankatwa,0.0,0.0,,213,10,1037,,99233.37216886049,115311013.90225838,0.0393891291230917,0.03883927357912748,87,3.379016801384091
10-204-01039,BIHAR,Purbi Champaran,Dhaka,0.0,0.0,,213,10,1039,,97673.73467814895,202386545.86227983,0.0886095651626587,0.028498944437040673,148,4.217843776682019
10-204-01048,BIHAR,Purbi Champaran,Kalyanpur,0.0,0.0,,213,10,1048,,109413.20044555076,313300912.50613195,0.06351479072570801,0.03799199046156812,229,8.7001658156991
10-204-01040,BIHAR,Purbi Champaran,Chiraia,0.0,0.0,,213,10,1040,,110764.71696779084,272984575.32652414,0.0886095651626587,0.03736711858444914,194,7.249221005383133
10-204-01041,BIHAR,Purbi Champaran,Motihari,0.0,0.0,,213,10,1041,,181544.26702654368,319814691.13850176,0.0393891291230917,0.03403429018000928,239,8.134195353022218
10-204-01049,BIHAR,Purbi Champaran,Kotwa,0.0,0.0,,213,10,1049,,78879.98205471091,178282937.71225017,0.06351479072570801,0.058616570344200494,130,7.620154144746064
10-204-01042,BIHAR,Purbi Champaran,Turkaulia,0.0,0.0,,213,10,1042,,99475.78497366334,174748315.94966665,0.06351479072570801,0.058175742006159964,126,7.3301434927761555
10-204-01050,BIHAR,Purbi Champaran,Piprakothi,0.0,0.0,,213,10,1050,,58369.33889310607,62223774.49301849,0.06351479072570801,0.02779999642552332,43,1.1953998462975026
10-204-01043,BIHAR,Purbi Champaran,Harsidhi,0.0,0.0,,213,10,1043,,133904.34238337883,240218359.62130272,0.10288684639930726,0.06215222834397477,171,10.628031046819686
10-204-01044,BIHAR,Purbi Champaran,Paharpur,0.0,0.0,,213,10,1044,,108730.62076802726,192061375.0173064,0.11577986860275269,0.09226435746151766,139,12.824745687150955
10-204-01045,BIHAR,Purbi Champaran,Areraj,0.0,0.0,,213,10,1045,,93331.67353690567,242725576.26244012,0.10288684639930726,0.09013566927774384,176,15.863877792882917
10-204-01046,BIHAR,Purbi Champaran,Sangrampur,0.0,0.0,,213,10,1046,,78133.67961210197,187659878.02718252,0.06351479072570801,0.06332213019202737,136,8.611809706115721
10-204-01051,BIHAR,Purbi Champaran,Chakia(Pipra),0.0,0.0,,213,10,1051,,129110.66914194856,212940547.80779588,0.026057811337709427,0.026057811337709427,152,3.9607873233318327
10-204-01052,BIHAR,Purbi Champaran,Pakri Dayal,0.0,0.0,,213,10,1052,,90143.40730437863,148110040.62869397,0.0886095651626587,0.031744334412704814,110,3.4918767853975297
10-204-01053,BIHAR,Purbi Champaran,Patahi,0.0,0.0,,213,10,1053,,85994.51677214028,144960443.14880535,0.0886095651626587,0.0831709962783491,102,8.48344162039161
10-204-01055,BIHAR,Purbi Champaran,Madhuban,0.0,0.0,,213,10,1055,,112681.00006095257,152424272.44650427,0.0886095651626587,0.055016956627037795,108,5.941831315720082
10-204-01056,BIHAR,Purbi Champaran,Tetaria,0.0,0.0,,213,10,1056,,82320.72754353678,104458405.63845472,0.0886095651626587,0.08307607541873858,77,6.396857807242871
10-205-01058,BIHAR,Sheohar,Purnahiya,0.0,0.0,,220,10,1058,,57294.126150412616,80859097.14068061,0.0886095651626587,0.061776322127225114,57,3.5212503612518313
10-204-01057,BIHAR,Purbi Champaran,Mehsi,0.0,0.0,,213,10,1057,,125063.78039343117,149773808.08158112,0.07188872057199479,0.06283542266681388,111,6.97473191601634
10-205-01059,BIHAR,Sheohar,Piprarhi,0.0,0.0,,220,10,1059,,105870.45511307275,104265216.9562483,0.0886095651626587,0.08733578452709559,74,6.4628480550050735
10-205-01060,BIHAR,Sheohar,Sheohar,0.0,0.0,,220,10,1060,,81007.5322908237,115638983.35873616,0.0886095651626587,0.0886095651626587,80,7.088765213012696
10-205-01061,BIHAR,Sheohar,Dumri Katsari,0.0,0.0,,220,10,1061,,65038.65439014734,84655470.24819931,0.0886095651626587,0.0886095651626587,63,5.5824026052474975
10-205-01062,BIHAR,Sheohar,Tariani Chowk,0.0,0.0,,220,10,1062,,97491.22869259815,171878914.60720828,0.0886095651626587,0.08493812327820158,126,10.7022035330534
10-206-01063,BIHAR,Sitamarhi,Bairgania,0.0,0.0,,221,10,1063,,59598.621146511534,94417571.99630062,0.027429771041870117,0.027429771041870117,67,1.8377946598052979
10-206-01065,BIHAR,Sitamarhi,Majorganj,0.0,0.0,,221,10,1065,,62808.55729710282,95411217.42446172,0.04691118805408478,0.04417161378674209,64,2.8269832823514935
10-206-01066,BIHAR,Sitamarhi,Sonbarsa,0.0,0.0,,221,10,1066,,92820.94699371175,224104085.6083578,0.10511441531181336,0.05130388445089448,159,8.157317627692223
10-206-01067,BIHAR,Sitamarhi,Parihar,0.0,0.0,,221,10,1067,,86838.20299610356,272812569.4060281,0.10511441531181336,0.10155095241848304,196,19.903986674022676
10-207-01095,BIHAR,Madhubani,Rajnagar,0.0,0.0,,206,10,1095,,78809.12744912357,223111125.2667772,0.11919041471481324,0.09182864994765809,161,14.784412641572953
10-206-01068,BIHAR,Sitamarhi,Sursand,0.0,0.0,,221,10,1068,,91215.71647520129,181412871.1123928,0.10786778938770294,0.10183599517382107,130,13.238679372596739
10-206-01069,BIHAR,Sitamarhi,Bathnaha,0.0,0.0,,221,10,1069,,120764.04051803834,251403523.12922087,0.07514388415813446,0.04989877494340221,189,9.430868464303018
10-206-01070,BIHAR,Sitamarhi,Riga,0.0,0.0,,221,10,1070,,129433.73210860479,163724219.02092636,0.0886095651626587,0.06381243880859092,121,7.721305095839501
10-210-01123,BIHAR,Kishanganj,Thakurganj,0.0,0.0,,203,10,1123,,224971.2940646554,491161543.46963537,0.6431449530422688,0.4338154488001809,363,157.47500791446566
10-210-01124,BIHAR,Kishanganj,Pothia,0.0,0.0,,203,10,1124,,167388.9118766352,443844792.4531903,0.6431449530422688,0.444833443358815,315,140.12253465802672
10-210-01125,BIHAR,Kishanganj,Bahadurganj,0.0,0.0,,203,10,1125,,155296.13881782343,347494200.8377232,0.3105972966194153,0.31008656245456023,255,79.07207342591286
10-210-01126,BIHAR,Kishanganj,Kochadhamin,0.0,0.0,,203,10,1126,,139640.52665725534,360840233.8364798,0.3105972966194153,0.2920781720411047,261,76.23240290272832
10-211-01128,BIHAR,Purnia,Banmankhi,0.0,0.0,,214,10,1128,,142815.61519736593,459936087.34673214,0.38787213134765625,0.32521367617974023,334,108.62136784403323
10-206-01075,BIHAR,Sitamarhi,Bajpatti,0.0,0.0,,221,10,1075,,90407.29439213518,174303329.1783474,0.10786778938770294,0.0935011968478924,123,11.500647212290765
10-206-01076,BIHAR,Sitamarhi,Charaut,0.0,0.0,,221,10,1076,,85128.15752493152,91349700.81924292,0.10786778938770294,0.10786778938770294,68,7.3350096783638
10-206-01077,BIHAR,Sitamarhi,Pupri,0.0,0.0,,221,10,1077,,73992.24203369493,115338203.66308306,0.10786778938770294,0.10786778938770293,81,8.737290940403938
10-206-01078,BIHAR,Sitamarhi,Nanpur,0.0,0.0,,221,10,1078,,73315.01223618646,135892566.9983101,0.10786778938770294,0.09456403251240651,96,9.078147121191025
10-220-01283,BIHAR,Vaishali,Mahnar,0.0,0.0,,224,10,1283,,81638.1139853176,126474580.44313861,0.08190147094726563,0.07979578359780161,94,7.500803658193351
10-206-01079,BIHAR,Sitamarhi,Bokhara,0.0,0.0,,221,10,1079,,81978.13188098712,108574895.39827529,0.10786778938770294,0.07336219848982894,79,5.795613680696487
10-207-01080,BIHAR,Madhubani,Madhwapur,0.0,0.0,,206,10,1080,,88808.76172423853,137557654.90878707,0.11919041471481324,0.10890762232590696,98,10.672946987938882
10-207-01081,BIHAR,Madhubani,Harlakhi,0.0,0.0,,206,10,1081,,90217.76640094945,187441757.00046396,0.11919041471481324,0.11750639249234304,137,16.098375771450996
10-207-01082,BIHAR,Madhubani,Basopatti,0.0,0.0,,206,10,1082,,97634.90682970545,164238774.4639331,0.11919041471481324,0.11751441456850838,119,13.984215333652497
10-207-01089,BIHAR,Madhubani,Khajauli,0.0,0.0,,206,10,1089,,91171.28062794723,150968724.81279027,0.11919041471481324,0.08893733241656505,109,9.69416923340559
10-207-01083,BIHAR,Madhubani,Jainagar,0.0,0.0,,206,10,1083,,81489.61423509955,161880108.8306139,0.11919041471481324,0.09673499145385549,117,11.317994000101091
10-207-01090,BIHAR,Madhubani,Kaluahi,0.0,0.0,,206,10,1090,,62305.281593423286,101560283.08963235,0.11919041471481324,0.1186916872540587,76,9.020568231308461
10-207-01084,BIHAR,Madhubani,Ladania,0.0,0.0,,206,10,1084,,97928.14946240213,232665607.5684243,0.11409899673461915,0.08326374631416368,166,13.82178188815117
10-207-01085,BIHAR,Madhubani,Laukaha,0.0,0.0,,206,10,1085,,102032.19667129294,266340932.00179368,0.11409899673461915,0.11409899673461912,193,22.021106369781492
10-207-01086,BIHAR,Madhubani,Laukahi,0.0,0.0,,206,10,1086,,109679.24973352649,329223432.564553,0.3825186361551285,0.14393131604617157,237,34.11172190294266
10-207-01087,BIHAR,Madhubani,Phulparas,0.0,0.0,,206,10,1087,,117974.41186319289,199352334.8677591,0.1452326110601425,0.12539726888676211,146,18.308001257467268
10-207-01088,BIHAR,Madhubani,Babubarhi,0.0,0.0,,206,10,1088,,118996.04641992833,237192379.86086744,0.11409899673461915,0.08508040735494195,173,14.718910472404957
10-207-01091,BIHAR,Madhubani,Benipatti,0.0,0.0,,206,10,1091,,128414.2409747215,328987645.9449377,0.11919041471481324,0.11543247441228095,232,26.780334063649182
10-207-01092,BIHAR,Madhubani,Bisfi,0.0,0.0,,206,10,1092,,99754.46134559005,226192948.413646,0.11919041471481324,0.09657953512994058,163,15.742464226180315
10-207-01093,BIHAR,Madhubani,Madhubani,0.0,0.0,,206,10,1093,,109764.71764889831,200359220.56727448,0.11919041471481324,0.10822370925013054,141,15.259543004268407
10-207-01094,BIHAR,Madhubani,Pandaul,0.0,0.0,,206,10,1094,,102372.75527307783,208327489.63825428,0.10500412599444389,0.09812276330653828,150,14.718414495980742
10-207-01096,BIHAR,Madhubani,Andhratharhi,0.0,0.0,,206,10,1096,,97300.5167595078,186769445.10608673,0.11409899673461915,0.08705678253819925,131,11.404438512504102
10-207-01097,BIHAR,Madhubani,Jhanjharpur,0.0,0.0,,206,10,1097,,125261.96837896874,181284371.95402232,0.1452326110601425,0.09151649563221531,131,11.988660927820206
10-207-01098,BIHAR,Madhubani,Ghoghardiha,0.0,0.0,,206,10,1098,,114215.40677637524,211228851.4219488,0.1452326110601425,0.1452326110601425,154,22.365822103261948
10-207-01099,BIHAR,Madhubani,Lakhnaur,0.0,0.0,,206,10,1099,,72956.74167609161,146945623.14022,0.1452326110601425,0.09486173689365388,110,10.434791058301926
10-207-01100,BIHAR,Madhubani,Madhepur,0.0,0.0,,206,10,1100,,144505.38034518834,300452948.5687113,0.15786925592422485,0.13631028464714687,210,28.62515977590084
10-208-01101,BIHAR,Supaul,Nirmali,0.0,0.0,,223,10,1101,,123310.21889922836,162734364.67066902,0.3825186361551285,0.2377622129035811,117,27.818178909718988
10-208-01102,BIHAR,Supaul,Basantpur,0.0,0.0,,223,10,1102,,136288.63693043106,319456339.75100917,0.39168669595718386,0.36367062378843107,231,84.00791409512757
10-208-01103,BIHAR,Supaul,Chhatapur,0.0,0.0,,223,10,1103,,142271.17176584958,398825687.2446475,0.46649392112493515,0.45235224014289654,289,130.7297974012971
10-208-01104,BIHAR,Supaul,Pratapganj,0.0,0.0,,223,10,1104,,71155.69013184242,133032565.19323792,0.46649392112493515,0.46649392112493515,98,45.71640427024364
10-208-01105,BIHAR,Supaul,Raghopur,0.0,0.0,,223,10,1105,,111831.20983491397,255841046.48838165,0.46649392112493515,0.4041296863522035,183,73.95573260245324
10-221-01285,BIHAR,Samastipur,Warisnagar,0.0,0.0,,217,10,1285,,90241.30323013186,163846086.5162723,0.16127348205149175,0.07493174871481768,119,8.916878097063304
10-208-01106,BIHAR,Supaul,Saraigarh Bhaptiyahi,0.0,0.0,,223,10,1106,,105489.5116383213,257042943.27229512,0.3825186361551285,0.3515340928639776,186,65.38534127269983
10-208-01107,BIHAR,Supaul,Kishanpur,0.0,0.0,,223,10,1107,,125516.73810076228,248613546.3002807,0.3825186361551285,0.306104492480472,177,54.180495169043546
10-208-01108,BIHAR,Supaul,Marauna,0.0,0.0,,223,10,1108,,114969.59778192453,206419565.01179272,0.1452326110601425,0.1452326110601425,154,22.365822103261948
10-208-01109,BIHAR,Supaul,Supaul,0.0,0.0,,223,10,1109,,122628.008173687,390920691.5720901,0.3825186361551285,0.15092727108669943,289,43.61798134405613
10-208-01110,BIHAR,Supaul,Pipra,0.0,0.0,,223,10,1110,,113516.78657800167,247320462.25611627,0.3825186361551285,0.3289238163673878,180,59.20628694612981
10-221-01287,BIHAR,Samastipur,Khanpur,0.0,0.0,,217,10,1287,,89337.20668890505,173313349.37261373,0.08416995935440064,0.07565993539832887,126,9.533151860189438
10-208-01111,BIHAR,Supaul,Tribeniganj,0.0,0.0,,223,10,1111,,136684.8917573132,402291551.99740016,0.46649392112493515,0.38295524374073947,290,111.05702068481445
10-209-01112,BIHAR,Araria,Narpatganj,0.0,0.0,,188,10,1112,,196352.82868709194,482872068.7863751,0.46649392112493515,0.39256366256345765,347,136.2195909095198
10-209-01113,BIHAR,Araria,Forbesganj,0.0,0.0,,188,10,1113,,165874.55860340688,546946456.996027,0.38103014630079274,0.3582759891184955,398,142.5938436691612
10-209-01114,BIHAR,Araria,Bhargama,0.0,0.0,,188,10,1114,,140909.75235341018,280499778.1128878,0.46649392112493515,0.3745299633551316,204,76.40411252444684
10-209-01115,BIHAR,Araria,Raniganj,0.0,0.0,,188,10,1115,,160625.61646677545,576910744.770993,0.38787213134765625,0.3770761287185762,420,158.371974061802
10-209-01116,BIHAR,Araria,Araria,0.0,0.0,,188,10,1116,,192057.15187743204,506918787.2643526,0.38103014630079274,0.36308526527963725,363,131.7999512965083
10-209-01117,BIHAR,Araria,Kursakatta,0.0,0.0,,188,10,1117,,96566.38525637137,201032230.408231,0.38103014630079274,0.36377251532502375,146,53.110787237453465
10-209-01118,BIHAR,Araria,Sikti,0.0,0.0,,188,10,1118,,116798.35346995249,237753016.2819182,0.38103014630079274,0.3563085709917952,176,62.71030849455595
10-209-01119,BIHAR,Araria,Palasi,0.0,0.0,,188,10,1119,,132578.70192307016,306240761.34804773,0.38103014630079274,0.3566987982290442,220,78.47373561038972
10-209-01120,BIHAR,Araria,Jokihat,0.0,0.0,,188,10,1120,,155370.9524619173,341005127.7602247,0.38103014630079274,0.32638737672367873,245,79.9649072973013
10-210-01121,BIHAR,Kishanganj,Terhagachh,0.0,0.0,,203,10,1121,,121953.02658094271,245208326.38245347,0.38103014630079274,0.2587263003198618,178,46.05328145693541
10-210-01122,BIHAR,Kishanganj,Dighalbank,0.0,0.0,,203,10,1122,,147432.83262190674,314385668.4331173,0.37676206245422367,0.25848419200999856,223,57.641974818229684
10-211-01129,BIHAR,Purnia,Barhara,0.0,0.0,,214,10,1129,,111073.17449432175,288009141.38478667,0.24948708119392396,0.1871989029575193,209,39.12457071812153
10-211-01130,BIHAR,Purnia,Bhawanipur,0.0,0.0,,214,10,1130,,116656.34435182877,201938838.4795833,0.2629308229893446,0.2122871574133635,147,31.206212139764432
10-211-01131,BIHAR,Purnia,Rupauli,0.0,0.0,,214,10,1131,,113946.660566684,308195114.8462847,0.2629308229893446,0.23714227999431559,225,53.357012998721004
10-211-01132,BIHAR,Purnia,Dhamdaha,0.0,0.0,,214,10,1132,,135370.01293426772,446856166.039676,0.2629308229893446,0.2478236015656282,328,81.28614131352604
10-211-01133,BIHAR,Purnia,Krityanand Nagar,0.0,0.0,,214,10,1133,,149407.41850079046,364443041.21247435,0.38787213134765625,0.31131927989114005,265,82.49960917115212
10-211-01134,BIHAR,Purnia,Purnia East,0.0,0.0,,214,10,1134,,127662.13358515713,309272824.56310594,0.3475417167663574,0.3364923791132475,228,76.72026243782042
10-211-01135,BIHAR,Purnia,Kasba,0.0,0.0,,214,10,1135,,130095.64608516233,215123054.3424731,0.3475417167663574,0.3370308524315144,157,52.91384383174777
10-211-01136,BIHAR,Purnia,Srinagar,0.0,0.0,,214,10,1136,,106220.57404900706,172405807.6412187,0.38787213134765625,0.3509639155658211,127,44.572417276859284
10-211-01137,BIHAR,Purnia,Jalalgarh,0.0,0.0,,214,10,1137,,87146.39992638786,142107808.6772385,0.339004392683506,0.339004392683506,99,33.561434875667096
10-211-01138,BIHAR,Purnia,Amour,0.0,0.0,,214,10,1138,,141371.93624621196,307011870.96961224,0.339004392683506,0.2256117236501875,226,50.98824954494238
10-211-01139,BIHAR,Purnia,Baisa,0.0,0.0,,214,10,1139,,132173.35304950457,275191667.549805,0.21213932732939722,0.21213932732939722,197,41.791447483891254
10-211-01140,BIHAR,Purnia,Baisi,0.0,0.0,,214,10,1140,,118169.54825440844,253873549.02719215,0.3475417167663574,0.30337302288585166,187,56.73075527965426
10-211-01141,BIHAR,Purnia,Dagarua,0.0,0.0,,214,10,1141,,129309.28146976323,257465778.6329552,0.3475417167663574,0.3355587695118526,184,61.74281359018087
10-212-01142,BIHAR,Katihar,Falka,0.0,0.0,,201,10,1142,,100518.70580952488,208374539.8829749,0.3358785270214081,0.25801957939955966,151,38.96095648933351
10-212-01143,BIHAR,Katihar,Korha,0.0,0.0,,201,10,1143,,137118.64195203967,368801327.90483874,0.3358785270214081,0.30051270764789023,271,81.43894377257826
10-212-01144,BIHAR,Katihar,Hasanganj,0.0,0.0,,201,10,1144,,78227.29832785497,86155111.41022065,0.43429010822474956,0.33601670742149153,60,20.16100244528949
10-212-01145,BIHAR,Katihar,Kadwa,0.0,0.0,,201,10,1145,,157692.68144088247,420129854.10490626,0.43429010822474956,0.36102102236403494,303,109.38936977630259
10-212-01146,BIHAR,Katihar,Balrampur,0.0,0.0,,201,10,1146,,141815.18317465586,216253207.31133217,0.35606931576728823,0.35048801444282957,157,55.02661826752424
10-212-01147,BIHAR,Katihar,Barsoi,0.0,0.0,,201,10,1147,,172308.8160052511,357713388.6445612,0.4125231065273285,0.384177470401548,265,101.80702965641022
10-212-01148,BIHAR,Katihar,Azamnagar,0.0,0.0,,201,10,1148,,141791.77759222616,349759708.1212404,0.43429010822474956,0.42611605889019505,251,106.95513078143895
10-221-01290,BIHAR,Samastipur,Tajpur,0.0,0.0,,217,10,1290,,57166.77792153786,83856612.1105223,0.16127348205149175,0.13691269945194487,61,8.351674666568638
10-212-01149,BIHAR,Katihar,Pranpur,0.0,0.0,,201,10,1149,,111803.70370561493,191475637.62126103,0.43429010822474956,0.43429010822474956,135,58.62916461034119
10-212-01150,BIHAR,Katihar,Dandkhora,0.0,0.0,,201,10,1150,,70987.07501110679,111201189.06340708,0.43429010822474956,0.41518001671124377,81,33.629581353610746
10-212-01151,BIHAR,Katihar,Katihar,0.0,0.0,,201,10,1151,,76845.81968857624,136830037.77828172,0.43429010822474956,0.2916892738079324,102,29.752305928409104
10-212-01152,BIHAR,Katihar,Mansahi,0.0,0.0,,201,10,1152,,73279.06289841712,97405011.1871763,0.43429010822474956,0.3234967608753224,71,22.96827002214789
10-212-01155,BIHAR,Katihar,Kursela,0.0,0.0,,201,10,1155,,80348.39413748268,153683091.52761996,0.2629308229893446,0.26153624416317406,116,30.338204322928192
10-212-01153,BIHAR,Katihar,Barari,0.0,0.0,,201,10,1153,,107333.93297446336,407446973.1478653,0.2858688315868378,0.28048706773376064,295,82.74368498145938
10-212-01154,BIHAR,Katihar,Sameli,0.0,0.0,,201,10,1154,,75105.36277909,118027198.2496544,0.2629308229893446,0.2629308229893446,83,21.8232583081156
10-212-01156,BIHAR,Katihar,Manihari,0.0,0.0,,201,10,1156,,130162.81635074862,303859830.4099729,0.43429010822474956,0.3092237508074792,222,68.64767267926038
10-212-01157,BIHAR,Katihar,Amdabad,0.0,0.0,,201,10,1157,,103742.71814675455,228302986.79665467,0.43429010822474956,0.3186716592381163,169,53.85551041124165
10-213-01158,BIHAR,Madhepura,Gamharia,0.0,0.0,,205,10,1158,,80141.00377515821,125479849.27382244,0.1217870804309845,0.12178708043098452,93,11.32619848008156
10-213-01160,BIHAR,Madhepura,Ghailarh,0.0,0.0,,205,10,1160,,78865.70647224285,116219722.2388165,0.15786925592422485,0.12265653044286982,83,10.180492026758195
10-213-01159,BIHAR,Madhepura,Singheshwar,0.0,0.0,,205,10,1159,,111627.30849980874,111167268.35246354,0.1217870804309845,0.12178708043098449,80,9.74296643447876
10-216-01210,BIHAR,Muzaffarpur,Bandra,0.0,0.0,,208,10,1210,,74293.85759884378,142020443.31484023,0.07617031707763672,0.06516507321584791,105,6.842332687664031
10-213-01161,BIHAR,Madhepura,Madhepura,0.0,0.0,,205,10,1161,,115084.47931226583,237801277.85767865,0.3241836711883545,0.13587030542820178,173,23.505562839078905
10-213-01162,BIHAR,Madhepura,Shankarpur,0.0,0.0,,205,10,1162,,63984.56408470212,128790837.874554,0.3241836711883545,0.21101568495842715,93,19.624458701133726
10-213-01163,BIHAR,Madhepura,Kumarkhand,0.0,0.0,,205,10,1163,,118191.24796123093,316976886.68211347,0.3241836711883545,0.3241836711883545,230,74.56224437332153
10-213-01164,BIHAR,Madhepura,Murliganj,0.0,0.0,,205,10,1164,,94211.11378994165,247086114.21145928,0.3241836711883545,0.22804183659738966,180,41.04753058753014
10-221-01293,BIHAR,Samastipur,Mohanpur,0.0,0.0,,217,10,1293,,74468.46489139357,163000016.77407515,0.07759854462444783,0.06208742849036805,121,7.5125788473345345
10-213-01165,BIHAR,Madhepura,Gwalpara,0.0,0.0,,205,10,1165,,78037.2495556277,147267353.58482873,0.16962064406871796,0.14304892226435525,108,15.449283604550367
10-214-01172,BIHAR,Saharsa,Satar Kataiya,0.0,0.0,,216,10,1172,,77878.75925155886,177382280.64763528,0.15786925592422485,0.1554091075951403,132,20.51400220255852
10-213-01166,BIHAR,Madhepura,Bihariganj,0.0,0.0,,205,10,1166,,79669.40805645821,133818744.70956944,0.16962064406871796,0.169620644068718,97,16.453202474665645
10-216-01211,BIHAR,Muzaffarpur,Dholi (Moraul),0.0,0.0,,208,10,1211,,63030.361633940505,73298422.6275262,0.07617031707763672,0.05831975602186644,52,3.0326273131370547
10-213-01167,BIHAR,Madhepura,Kishanganj,0.0,0.0,,205,10,1167,,99817.47531025465,188055937.5971522,0.17533516812324526,0.1442129505544239,135,19.468748324847226
10-216-01212,BIHAR,Muzaffarpur,Musahri,0.0,0.0,,208,10,1212,,211487.75457487197,365415439.5943066,0.09387637596130372,0.07003154169539459,262,18.348263924193382
10-213-01168,BIHAR,Madhepura,Puraini,0.0,0.0,,205,10,1168,,63416.842365887525,103114850.3546553,0.1722679765224457,0.17209148769219718,75,12.906861576914789
10-214-01174,BIHAR,Saharsa,Kahara,0.0,0.0,,216,10,1174,,81070.16203244023,176788302.3737116,0.15786925592422485,0.10292574830271982,132,13.586198775959016
10-213-01169,BIHAR,Madhepura,Alamnagar,0.0,0.0,,205,10,1169,,94357.42058114092,211989804.11375904,0.17533516812324526,0.17347753772135602,151,26.19510819592476
10-213-01170,BIHAR,Madhepura,Chausa,0.0,0.0,,205,10,1170,,87285.75133964,172516848.53860697,0.1722679765224457,0.1722679765224457,124,21.361229088783265
10-214-01171,BIHAR,Saharsa,Nauhatta,0.0,0.0,,216,10,1171,,93228.84620468391,212763144.21707585,0.15786925592422485,0.15786925592422485,151,23.838257644557952
10-217-01227,BIHAR,Gopalganj,Sidhwalia,0.0,0.0,,197,10,1227,,69457.48217743407,152022198.31601515,0.06351479072570801,0.058191092243404303,108,6.284637962287665
10-214-01173,BIHAR,Saharsa,Mahishi,0.0,0.0,,216,10,1173,,106372.46434789852,273075178.2794974,0.15786925592422485,0.10361111788933094,195,20.204167988419535
10-214-01175,BIHAR,Saharsa,Saur Bazar,0.0,0.0,,216,10,1175,,88121.22998090234,233228921.9025612,0.1217870804309845,0.06961465492953917,169,11.764876683092119
10-214-01176,BIHAR,Saharsa,Patarghat,0.0,0.0,,216,10,1176,,67497.21582029684,149681422.04156074,0.054830805873870854,0.054830805873870854,104,5.7024038108825685
10-214-01177,BIHAR,Saharsa,Sonbarsa,0.0,0.0,,216,10,1177,,90185.02153799882,263952116.041209,0.054830805873870854,0.05483080587387086,190,10.417853116035463
10-216-01199,BIHAR,Muzaffarpur,Sahebganj,0.0,0.0,,208,10,1199,,80060.99972290538,253055918.70266867,0.05051060485839844,0.050510604858398436,184,9.293951293945312
10-214-01178,BIHAR,Saharsa,Simri Bakhtiarpur,0.0,0.0,,216,10,1178,,119116.35548129058,266466354.66217396,0.07702652142047882,0.07445649119929264,190,14.1467333278656
10-214-01179,BIHAR,Saharsa,Salkhua,0.0,0.0,,216,10,1179,,82412.26684571667,221182533.93573853,0.09831650731563568,0.0787126133836346,162,12.751443368148804
10-214-01180,BIHAR,Saharsa,Banma Itahri,0.0,0.0,,216,10,1180,,54286.501575749484,92822449.4552088,0.07702652142047882,0.056733295777865816,70,3.971330704450607
10-215-01181,BIHAR,Darbhanga,Jale,0.0,0.0,,195,10,1181,,112473.57051363293,234172285.01568127,0.10786778938770294,0.0791918432510301,178,14.096148098683358
10-215-01182,BIHAR,Darbhanga,Singhwara,0.0,0.0,,195,10,1182,,121368.62688362494,223279889.67870736,0.07617031707763672,0.06356051505651229,156,9.915440348815917
10-215-01183,BIHAR,Darbhanga,Keotiranway,0.0,0.0,,195,10,1183,,89515.08566239705,180205403.4644349,0.10500412599444389,0.09556634457730329,130,12.423624795049427
10-215-01184,BIHAR,Darbhanga,Darbhanga,0.0,0.0,,195,10,1184,,131883.04966973627,240721362.1475316,0.10500412599444389,0.09923494926609777,176,17.465351070833208
10-215-01185,BIHAR,Darbhanga,Manigachhi,0.0,0.0,,195,10,1185,,96856.01003306538,158887287.31255177,0.10500412599444389,0.09444449015622554,115,10.861116367965938
10-215-01186,BIHAR,Darbhanga,Tardih,0.0,0.0,,195,10,1186,,96398.42232606321,109520018.96976715,0.10109560751914978,0.09137440620779991,80,7.309952496623993
10-215-01187,BIHAR,Darbhanga,Alinagar,0.0,0.0,,195,10,1187,,105560.56246873255,146523357.5416611,0.10109560751914978,0.10022861074667712,104,10.42377551765442
10-215-01188,BIHAR,Darbhanga,Benipur,0.0,0.0,,195,10,1188,,118482.30854716274,204643530.87647069,0.10500412599444389,0.08530871972894669,150,12.796307959342002
10-215-01189,BIHAR,Darbhanga,Bahadurpur,0.0,0.0,,195,10,1189,,155637.00049509996,221161760.4253616,0.10500412599444389,0.06785742331555597,162,10.992902577120066
10-215-01190,BIHAR,Darbhanga,Hanumannagar,0.0,0.0,,195,10,1190,,114393.83215098479,181536916.32106537,0.07617031707763672,0.07428152981765511,129,9.58231734647751
10-215-01191,BIHAR,Darbhanga,Hayaghat,0.0,0.0,,195,10,1191,,66118.49929402806,108810529.75916524,0.07617031707763672,0.059097745322613485,84,4.964210607099533
10-215-01192,BIHAR,Darbhanga,Baheri,0.0,0.0,,195,10,1192,,128629.1579498372,271307286.95794886,0.10109560751914978,0.05846361114546425,193,11.2834769510746
10-215-01193,BIHAR,Darbhanga,Biraul,0.0,0.0,,195,10,1193,,135706.32971678255,230203939.26841983,0.10109560751914978,0.09584214352979895,164,15.718111538887026
10-215-01194,BIHAR,Darbhanga,Ghanshyampur,0.0,0.0,,195,10,1194,,76766.91373126305,103945643.9979024,0.10109560751914978,0.10066210913291346,78,7.851644512367249
10-215-01195,BIHAR,Darbhanga,Kiratpur,0.0,0.0,,195,10,1195,,78793.19278562842,78915927.53877336,0.15786925592422485,0.1170320702293463,57,6.670828003072739
10-215-01196,BIHAR,Darbhanga,Gora Bauram,0.0,0.0,,195,10,1196,,99804.03366816713,145653476.81698695,0.10109560751914978,0.1005410816003229,107,10.757895731234552
10-215-01197,BIHAR,Darbhanga,Kusheshwar Asthan,0.0,0.0,,195,10,1197,,87220.16498537568,144130520.9401011,0.10109560751914978,0.053858613229955284,103,5.547437162685394
10-215-01198,BIHAR,Darbhanga,Kusheshwar Asthan Purbi,0.0,0.0,,195,10,1198,,91858.86035222423,150084285.43545517,0.07702652142047882,0.05183710198061807,112,5.8057554218292236
10-216-01200,BIHAR,Muzaffarpur,Baruraj (Motipur),0.0,0.0,,208,10,1200,,125110.13599018812,365259305.4740948,0.07188872057199479,0.05969587891024782,263,15.700016153395177
10-216-01201,BIHAR,Muzaffarpur,Paroo,0.0,0.0,,208,10,1201,,136934.87791145188,413033977.3448192,0.09387637596130372,0.04585684850112597,300,13.757054550337791
10-216-01202,BIHAR,Muzaffarpur,Saraiya,0.0,0.0,,208,10,1202,,155820.80051537574,301402655.1404849,0.09387637596130372,0.07447190894008779,218,16.234876148939136
10-216-01203,BIHAR,Muzaffarpur,Marwan,0.0,0.0,,208,10,1203,,84959.92762229654,138736310.53842777,0.09387637596130372,0.08530119035947323,100,8.530119035947322
10-216-01204,BIHAR,Muzaffarpur,Kanti,0.0,0.0,,208,10,1204,,97122.90469976026,124757584.36625764,0.07188872057199479,0.07188872057199477,92,6.61376229262352
10-216-01205,BIHAR,Muzaffarpur,Minapur,0.0,0.0,,208,10,1205,,166218.11946715685,316124209.98756105,0.07467970612049103,0.07248678890381541,224,16.23704071445465
10-216-01206,BIHAR,Muzaffarpur,Bochaha,0.0,0.0,,208,10,1206,,126044.68100944142,233148755.94160384,0.07467970612049103,0.07231843931688982,170,12.294134683871269
10-216-01207,BIHAR,Muzaffarpur,Aurai,0.0,0.0,,208,10,1207,,101267.16719990574,247748190.77792475,0.07514388415813446,0.07462719532730787,184,13.731403940224649
10-216-01208,BIHAR,Muzaffarpur,Katra,0.0,0.0,,208,10,1208,,118891.9342746819,235108975.17115793,0.07467970612049103,0.06673756728754486,172,11.478861573457717
10-216-01209,BIHAR,Muzaffarpur,Gaighat,0.0,0.0,,208,10,1209,,111008.49869520529,259762671.68662548,0.07617031707763672,0.06845950466325769,191,13.07576539068222
10-216-01213,BIHAR,Muzaffarpur,Kurhani,0.0,0.0,,208,10,1213,,108106.10574110712,256354911.2077163,0.09387637596130372,0.0796571666076535,183,14.577261489200591
10-216-01214,BIHAR,Muzaffarpur,Sakra,0.0,0.0,,208,10,1214,,105121.4777371614,236360031.18726787,0.07617031707763672,0.05809782786424133,174,10.109022048377991
10-217-01215,BIHAR,Gopalganj,Katiya,0.0,0.0,,197,10,1215,,94755.55253264701,158441587.458013,0.12813423149585723,0.06735970710567805,115,7.746366317152977
10-217-01216,BIHAR,Gopalganj,Bijaipur,0.0,0.0,,197,10,1216,,81309.59717969262,163112176.36717936,0.0574326313495636,0.057432631349563605,117,6.7196178678989416
10-217-01217,BIHAR,Gopalganj,Bhorey,0.0,0.0,,197,10,1217,,78790.65552761848,196013266.46535653,0.10962543358802795,0.08297378989179083,141,11.699304374742507
10-217-01218,BIHAR,Gopalganj,Pach Deuri,0.0,0.0,,197,10,1218,,53698.212932643866,118295317.11973979,0.10962543358802795,0.10962543358802795,87,9.537412722158432
10-217-01219,BIHAR,Gopalganj,Kuchaikote,0.0,0.0,,197,10,1219,,101077.28158428885,316078491.04748106,0.10962543358802795,0.10853758991630624,223,24.203882551336292
10-217-01220,BIHAR,Gopalganj,Phulwaria,0.0,0.0,,197,10,1220,,81339.22200232239,118763292.85091434,0.10962543358802795,0.10962543358802797,86,9.427787288570405
10-217-01221,BIHAR,Gopalganj,Hathua,0.0,0.0,,197,10,1221,,91546.96202775641,183613061.83342972,0.10962543358802795,0.08115314619797925,130,10.549909005737304
10-217-01222,BIHAR,Gopalganj,Uchkagaon,0.0,0.0,,197,10,1222,,80102.93001981139,142235093.67043933,0.10962543358802795,0.10702307109520816,107,11.451468607187273
10-217-01223,BIHAR,Gopalganj,Thawe,0.0,0.0,,197,10,1223,,57244.55575246375,89300191.60424533,0.10962543358802795,0.1008791899366562,65,6.557147345882654
10-217-01224,BIHAR,Gopalganj,Gopalganj,0.0,0.0,,197,10,1224,,110313.13172782106,244420793.60160467,0.11577986860275269,0.10295968833266005,177,18.22386483488083
10-218-01232,BIHAR,Siwan,Goriakothi,0.0,0.0,,222,10,1232,,73201.39147651673,174963939.23516312,0.05696433258056641,0.04693890938656405,128,6.008180401480199
10-217-01225,BIHAR,Gopalganj,Manjha,0.0,0.0,,197,10,1225,,80242.78538873792,179389027.9828925,0.10288684639930726,0.09346428490531354,131,12.243821322596073
10-217-01226,BIHAR,Gopalganj,Barauli,0.0,0.0,,197,10,1226,,105754.79057670098,232227972.12586737,0.10288684639930726,0.07300546440123076,166,12.118907090604306
10-217-01228,BIHAR,Gopalganj,Baikunthpur,0.0,0.0,,197,10,1228,,97825.58906166903,256614409.24172768,0.05696433258056641,0.05678406085648351,179,10.16434689331055
10-218-01229,BIHAR,Siwan,Nautan,0.0,0.0,,222,10,1229,,58324.35348563096,81827813.66620097,0.06658592939376831,0.06658592939376831,58,3.861983904838562
10-218-01230,BIHAR,Siwan,Siwan,0.0,0.0,,222,10,1230,,92599.06904644772,168879532.28230655,0.06658592939376831,0.06445799552423895,121,7.799417458432913
10-218-01235,BIHAR,Siwan,Bhagwanpur Hat,0.0,0.0,,222,10,1235,,86430.4184146014,189582799.91524476,0.05696433258056641,0.03566841154170826,136,4.8509039696723235
10-218-01231,BIHAR,Siwan,Barharia,0.0,0.0,,222,10,1231,,90315.6629531122,219606934.01516393,0.06658592939376831,0.04716066325639303,156,7.357063467997313
10-218-01233,BIHAR,Siwan,Lakri Nabiganj,0.0,0.0,,222,10,1233,,79648.98713303795,120773104.6039552,0.05696433258056641,0.05597873030035727,93,5.206021917933226
10-218-01234,BIHAR,Siwan,Basantpur,0.0,0.0,,222,10,1234,,57871.378293950496,76675463.02480637,0.05696433258056641,0.054658395170265786,53,2.8968949440240865
10-218-01236,BIHAR,Siwan,Maharajganj,0.0,0.0,,222,10,1236,,119387.58843212528,142817377.5161484,0.046779775685071946,0.04316587979955581,103,4.446085619354248
10-218-01237,BIHAR,Siwan,Pachrukhi,0.0,0.0,,222,10,1237,,99183.2392802834,160709761.40986398,0.06658592939376831,0.0476190194862879,118,5.619044299381972
10-218-01238,BIHAR,Siwan,Hussainganj,0.0,0.0,,222,10,1238,,68784.84800107122,105975934.30464326,0.06658592939376831,0.0632922274404532,77,4.8735015129148955
10-218-01239,BIHAR,Siwan,Ziradei,0.0,0.0,,222,10,1239,,98825.50869312549,152221780.48504183,0.06658592939376831,0.06648399634180813,109,7.246755601257086
10-218-01240,BIHAR,Siwan,Mairwa,0.0,0.0,,222,10,1240,,65279.2242200428,88898123.37504825,0.06658592939376831,0.06578875519878724,68,4.473635353517532
10-218-01242,BIHAR,Siwan,Darauli,0.0,0.0,,222,10,1242,,90305.00161970501,214758375.6239279,0.06658592939376831,0.0527755980782784,156,8.23299330021143
10-218-01241,BIHAR,Siwan,Guthani,0.0,0.0,,222,10,1241,,78778.78773845347,115110806.99004474,0.06658592939376831,0.053720143335529526,79,4.2438913235068325
10-219-01248,BIHAR,Saran,Mashrakh,0.0,0.0,,218,10,1248,,82075.7710341599,165898243.02109933,0.05696433258056641,0.02450467185336204,121,2.965065294256807
10-218-01243,BIHAR,Siwan,Andar,0.0,0.0,,222,10,1243,,83358.60866933218,125625010.62434034,0.06658592939376831,0.05661154859343713,88,4.981816276222467
10-219-01249,BIHAR,Saran,Panapur,0.0,0.0,,218,10,1249,,75875.09329534958,182360909.7404776,0.05696433258056641,0.04219846707663142,133,5.612396121191979
10-218-01244,BIHAR,Siwan,Raghunathpur,0.0,0.0,,222,10,1244,,87824.68008836384,193566358.3438411,0.05547522673010826,0.05547522673010826,143,7.932957422405481
10-219-01250,BIHAR,Saran,Taraiya,0.0,0.0,,218,10,1250,,53629.0613522338,97307015.09151264,0.04068582274913788,0.03201025232672691,72,2.304738167524338
10-218-01245,BIHAR,Siwan,Hasanpura,0.0,0.0,,222,10,1245,,82786.09108287447,121956119.03175904,0.05547522673010826,0.04501286777352745,88,3.9611323640704152
10-219-01251,BIHAR,Saran,Ishupur,0.0,0.0,,218,10,1251,,62425.60798229613,109300191.56908256,0.0016457558482885363,0.001645755848288536,75,0.12343168862164021
10-218-01246,BIHAR,Siwan,Daraundha,0.0,0.0,,222,10,1246,,105400.53795370483,157911066.26165873,0.046779775685071946,0.03846957256901881,116,4.462470418006182
10-219-01256,BIHAR,Saran,Jalalpur,0.0,0.0,,218,10,1256,,65042.73641147566,147549697.72689733,0.06251647319793702,0.025062159974762684,108,2.70671327727437
10-218-01247,BIHAR,Siwan,Siswan,0.0,0.0,,222,10,1247,,98184.39847010886,155554872.77293277,0.05547522673010826,0.04282236284554542,111,4.7532822758555415
10-219-01259,BIHAR,Saran,Nagra,0.0,0.0,,218,10,1259,,43289.948409307304,65110006.46242106,0.06251647319793702,0.026788008666621604,46,1.2322483986645938
10-219-01252,BIHAR,Saran,Baniapur,0.0,0.0,,218,10,1252,,89199.8841803021,219417775.87250236,0.03723538398742676,0.002751023802920158,161,0.4429148322701454
10-219-01253,BIHAR,Saran,Lahladpur,0.0,0.0,,218,10,1253,,49287.19248841685,70233795.44130237,0.03723538398742676,0.01978948784079038,51,1.0092638798803093
10-219-01254,BIHAR,Saran,Ekma,0.0,0.0,,218,10,1254,,99716.17236158185,176114988.01319405,0.03723538398742676,0.03723538398742676,126,4.691658382415772
10-219-01255,BIHAR,Saran,Manjhi,0.0,0.0,,218,10,1255,,127085.43562979231,244607530.98349065,0.03723538398742676,0.03171271290815743,179,5.67657561056018
10-219-01257,BIHAR,Saran,Revelganj,0.0,0.0,,218,10,1257,,84877.1419542779,179359801.45379385,0.06251647319793702,0.05732402817973725,130,7.4521236633658425
10-219-01258,BIHAR,Saran,Chapra,0.0,0.0,,218,10,1258,,119729.94798472138,239470568.44351175,0.0769927323140204,0.06341107348039161,178,11.287171079509706
10-219-01260,BIHAR,Saran,Marhaura,0.0,0.0,,218,10,1260,,87240.95030017926,190752130.05196184,0.06251647319793702,0.008660500225554342,138,1.1951490311264992
10-219-01261,BIHAR,Saran,Amnour,0.0,0.0,,218,10,1261,,94922.90618840617,160109081.4065653,0.0769927323140204,0.044255077388320685,118,5.222099131821841
10-219-01263,BIHAR,Saran,Parsa,0.0,0.0,,218,10,1263,,85595.91054800974,122749042.93573296,0.0769927323140204,0.04493450365566669,94,4.223843343632669
10-219-01266,BIHAR,Saran,Dighwara,0.0,0.0,,218,10,1266,,81943.45164265168,101347015.6655549,0.0769927323140204,0.0769927323140204,74,5.697462191237509
10-219-01264,BIHAR,Saran,Dariapur,0.0,0.0,,218,10,1264,,115477.27251924115,281302380.67878103,0.0769927323140204,0.06981574570043757,200,13.963149140087515
10-219-01265,BIHAR,Saran,Garkha,0.0,0.0,,218,10,1265,,90147.74693968748,213336409.9887166,0.0769927323140204,0.0696126786469975,153,10.650739832990617
10-220-01269,BIHAR,Vaishali,Paterhi Belsar,0.0,0.0,,224,10,1269,,56227.36197278124,93522597.26160131,0.09387637596130372,0.09387637596130372,72,6.7590990692138675
10-219-01267,BIHAR,Saran,Sonepur,0.0,0.0,,218,10,1267,,70412.64000247594,214865144.18564072,0.0769927323140204,0.0549023537498893,157,8.61966953873262
10-220-01268,BIHAR,Vaishali,Vaishali,0.0,0.0,,224,10,1268,,72706.90824879723,158663399.21103516,0.09387637596130372,0.07815047327248947,115,8.987304426336289
10-220-01270,BIHAR,Vaishali,Lalganj,0.0,0.0,,224,10,1270,,89595.71916906572,184177988.41986412,0.09387637596130372,0.05819208549951705,130,7.564971114937217
10-221-01294,BIHAR,Samastipur,Mohiuddinagar,0.0,0.0,,217,10,1294,,80607.53716768604,178536106.2701614,0.16127348205149175,0.04006413642085972,128,5.1282094618700444
10-220-01271,BIHAR,Vaishali,Bhagwanpur,0.0,0.0,,224,10,1271,,98965.72708266653,142473218.81446454,0.09387637596130372,0.05187732237793151,105,5.447118849682808
10-220-01272,BIHAR,Vaishali,Goraul,0.0,0.0,,224,10,1272,,101989.77906286377,122446101.92943335,0.09387637596130372,0.07702625885145231,88,6.778310778927803
10-220-01273,BIHAR,Vaishali,Chehra Kalan,0.0,0.0,,224,10,1273,,63204.34388206024,89818122.94593617,0.09387637596130372,0.06328946308722863,65,4.113815100669861
10-220-01277,BIHAR,Vaishali,Raja Pakar,0.0,0.0,,224,10,1277,,58946.08844196175,93673217.82917874,0.08190147094726563,0.04797328585610874,69,3.310156724071503
10-220-01274,BIHAR,Vaishali,Patepur,0.0,0.0,,224,10,1274,,118180.33822078991,317029999.71255994,0.08190147094726563,0.07383809423280799,230,16.982761673545838
10-220-01275,BIHAR,Vaishali,Mahua,0.0,0.0,,224,10,1275,,86273.82517515696,171155586.12447235,0.08190147094726563,0.07655051147003175,125,9.568813933753969
10-220-01276,BIHAR,Vaishali,Jandaha,0.0,0.0,,224,10,1276,,99044.76663725945,179891527.10359335,0.08190147094726563,0.08190147094726563,130,10.647191223144532
10-220-01278,BIHAR,Vaishali,Hajipur,0.0,0.0,,224,10,1278,,80048.24731377292,194916759.16986817,0.040097100031375885,0.04009710003137589,141,5.653691104424
10-220-01280,BIHAR,Vaishali,Bidupur,0.0,0.0,,224,10,1280,,88122.3198685409,139375575.9420912,0.08190147094726563,0.05448797618074716,100,5.448797618074716
10-220-01279,BIHAR,Vaishali,Raghopur,0.0,0.0,,224,10,1279,,128641.49950069311,338499790.0832371,0.07759854462444783,0.06924156519094292,245,16.964183471781016
10-220-01281,BIHAR,Vaishali,Desri,0.0,0.0,,224,10,1281,,50183.809114488824,56627949.53624974,0.08190147094726563,0.08036471154625928,42,3.3753178849428895
10-221-01284,BIHAR,Samastipur,Kalyanpur,0.0,0.0,,217,10,1284,,147387.26660455638,294821482.9966942,0.07617031707763672,0.07591221592686187,211,16.017477560567855
10-221-01286,BIHAR,Samastipur,Shivaji Nagar,0.0,0.0,,217,10,1286,,96209.25031894707,172333979.18990555,0.08416995935440064,0.06986767061725258,128,8.94306183900833
10-221-01288,BIHAR,Samastipur,Samastipur,0.0,0.0,,217,10,1288,,112474.97484539819,170577777.20953664,0.16127348205149175,0.1300900325745825,124,16.13116403924823
10-221-01289,BIHAR,Samastipur,Pusa,0.0,0.0,,217,10,1289,,64081.7615729533,95008289.7510354,0.07617031707763672,0.07617031707763672,67,5.10341124420166
10-221-01291,BIHAR,Samastipur,Morwa,0.0,0.0,,217,10,1291,,104551.97847793197,152111293.7773472,0.16127348205149175,0.13601875124560164,110,14.96206263701618
10-221-01292,BIHAR,Samastipur,Patori,0.0,0.0,,217,10,1292,,69422.25062895294,130638318.44440164,0.16127348205149175,0.09656602846472977,93,8.980640647219868
10-221-01295,BIHAR,Samastipur,Sarairanjan,0.0,0.0,,217,10,1295,,96463.23467310029,185572344.2706523,0.16127348205149175,0.16127348205149178,138,22.255740523105864
10-221-01296,BIHAR,Samastipur,Vidyapati Nagar,0.0,0.0,,217,10,1296,,62930.2690484309,106322816.42401849,0.16127348205149175,0.07611329208898206,79,6.012950075029583
10-221-01297,BIHAR,Samastipur,Dalsinghsarai,0.0,0.0,,217,10,1297,,80515.23552986495,118201268.21451648,0.16127348205149175,0.15359771720221224,86,13.209403679390253
10-221-01298,BIHAR,Samastipur,Ujiarpur,0.0,0.0,,217,10,1298,,81756.09445970641,209497824.1015558,0.16127348205149175,0.144824730542779,150,21.72370958141685
10-221-01300,BIHAR,Samastipur,Rosera,0.0,0.0,,217,10,1300,,84599.34785899956,138535375.895554,0.08416995935440064,0.08416995935440064,100,8.416995935440063
10-221-01299,BIHAR,Samastipur,Bibhutpur,0.0,0.0,,217,10,1299,,96600.53522783429,258332531.194082,0.16127348205149175,0.08873585445745998,190,16.859812346917394
10-221-01301,BIHAR,Samastipur,Singhia,0.0,0.0,,217,10,1301,,76055.88015393679,178639507.67998633,0.10109560751914978,0.05348759438916453,127,6.792924487423896
10-222-01307,BIHAR,Begusarai,Cheria Bariarpur,0.0,0.0,,191,10,1307,,80422.0696045629,127840547.1243011,0.09489049742221833,0.09094272216116445,89,8.093902272343636
10-221-01302,BIHAR,Samastipur,Hasanpur,0.0,0.0,,217,10,1302,,122795.93417076243,188091095.39019313,0.08416995935440064,0.047819709226063316,140,6.6947592916488645
10-221-01303,BIHAR,Samastipur,Bithan,0.0,0.0,,217,10,1303,,72838.55780104545,149849875.79630712,0.07702652142047882,0.04242049658253928,107,4.538993134331704
10-222-01304,BIHAR,Begusarai,Khudabandpur,0.0,0.0,,191,10,1304,,49522.71992212785,59617610.47663844,0.08416995935440064,0.08416995935440064,42,3.5351382928848265
10-222-01305,BIHAR,Begusarai,Chhorahi,0.0,0.0,,191,10,1305,,96201.09768359947,128309829.49376953,0.09489049742221833,0.07168609923347831,96,6.881865526413917
10-222-01306,BIHAR,Begusarai,Garhpura,0.0,0.0,,191,10,1306,,69581.28073662621,88651595.91159394,0.08937578043937683,0.0517106214775968,67,3.464611638998986
10-222-01308,BIHAR,Begusarai,Bhagwanpur,0.0,0.0,,191,10,1308,,102620.52088176137,147276258.21886113,0.09489049742221833,0.09489049742221833,107,10.153283224177361
10-223-01324,BIHAR,Khagaria,Mansi,0.0,0.0,,202,10,1324,,70720.37786012898,86151878.56106131,0.09831650731563568,0.09831650731563568,68,6.685522497463227
10-222-01309,BIHAR,Begusarai,Mansurchak,0.0,0.0,,191,10,1309,,55538.61039021854,42158333.283958256,0.16127348205149175,0.09541861638268456,32,3.053395724245906
10-224-01333,BIHAR,Bhagalpur,Rangra Chowk,0.0,0.0,,192,10,1333,,56200.86409227388,97946271.45940188,0.2629308229893446,0.25312768677209596,69,17.465810387274622
10-222-01310,BIHAR,Begusarai,Bachhwara,0.0,0.0,,191,10,1310,,112893.55520851951,186501763.14040864,0.16127348205149175,0.058751415230946416,135,7.931441056177766
10-222-01311,BIHAR,Begusarai,Teghra,0.0,0.0,,191,10,1311,,93442.93751421869,180050069.66821858,0.09489049742221833,0.09489049742221832,130,12.335764664888382
10-222-01312,BIHAR,Begusarai,Barauni,0.0,0.0,,191,10,1312,,90573.71511882372,141812926.41245717,0.09489049742221833,0.09348173480797742,103,9.628618685221674
10-222-01313,BIHAR,Begusarai,Birpur,0.0,0.0,,191,10,1313,,69057.86510087451,64693086.30641256,0.09489049742221833,0.09489049742221833,49,4.6496343736886985
10-222-01314,BIHAR,Begusarai,Begusarai,0.0,0.0,,191,10,1314,,114572.02827886646,273941103.5239774,0.09489049742221833,0.09047309657371774,196,17.732726928448677
10-222-01315,BIHAR,Begusarai,Naokothi,0.0,0.0,,191,10,1315,,61794.845266753924,91575422.87048158,0.08937578043937683,0.08937578043937681,67,5.988177289438247
10-222-01316,BIHAR,Begusarai,Bakhri,0.0,0.0,,191,10,1316,,74902.13049058078,94921186.04856166,0.08937578043937683,0.08657493066086487,68,5.887095284938812
10-222-01317,BIHAR,Begusarai,Dandari,0.0,0.0,,191,10,1317,,77075.31892237118,85364223.36403492,0.08937578043937683,0.08937578043937681,62,5.541298387241363
10-222-01318,BIHAR,Begusarai,Sahebpur Kamal,0.0,0.0,,191,10,1318,,97820.3506924087,179327758.1582562,0.09831650731563568,0.09500363186061384,135,12.825490301182867
10-222-01319,BIHAR,Begusarai,Balia,0.0,0.0,,191,10,1319,,95726.56851828664,181873531.04775092,0.08937578043937683,0.08718697396841511,134,11.683054511767626
10-222-01320,BIHAR,Begusarai,Matihani,0.0,0.0,,191,10,1320,,104199.58891726227,214311339.790948,0.09489049742221833,0.06997587490346072,159,11.126164109650254
10-222-01321,BIHAR,Begusarai,Shamho Akha Kurha,0.0,0.0,,191,10,1321,,47884.70174269599,82130306.58899558,0.08431888273060323,0.08431888273060323,60,5.059132963836194
10-223-01322,BIHAR,Khagaria,Alauli,0.0,0.0,,202,10,1322,,117176.16085281859,337532903.06560946,0.09831650731563568,0.079846698112841,243,19.402747641420362
10-223-01323,BIHAR,Khagaria,Khagaria,0.0,0.0,,202,10,1323,,164255.4907534744,325761754.1557925,0.09831650731563568,0.09604344116065461,236,22.66625211391449
10-223-01325,BIHAR,Khagaria,Chautham,0.0,0.0,,202,10,1325,,88833.5659059585,205164632.7891582,0.17533516812324526,0.14900293326248118,147,21.903431189584733
10-228-01376,BIHAR,Sheikhpura,Chewara,0.0,0.0,,219,10,1376,,77279.14911837938,141385828.1075451,0.1206609498500824,0.11868483704021998,105,12.461907889223099
10-223-01326,BIHAR,Khagaria,Beldaur,0.0,0.0,,202,10,1326,,101449.44415348554,276820454.1841197,0.17533516812324526,0.16149734662092477,209,33.75294544377328
10-223-01327,BIHAR,Khagaria,Gogri,0.0,0.0,,202,10,1327,,109725.85953588395,321971045.3784509,0.17533516812324526,0.1602194660171419,233,37.33113558199406
10-223-01328,BIHAR,Khagaria,Parbatta,0.0,0.0,,202,10,1328,,89952.53209418767,286770838.53234714,0.17533516812324526,0.08954341758124565,209,18.71457427448034
10-224-01329,BIHAR,Bhagalpur,Narayanpur,0.0,0.0,,192,10,1329,,96964.50839109154,173637043.38008544,0.17533516812324526,0.11637515492936758,127,14.779644676029683
10-224-01330,BIHAR,Bhagalpur,Bihpur,0.0,0.0,,192,10,1330,,98960.16392998041,189427956.2070791,0.17533516812324526,0.14923550994876478,139,20.743735882878305
10-234-01472,BIHAR,Rohtas,Akorhi Gola,0.0,0.0,,215,10,1472,,71741.57946050014,124356844.03544964,0.02807472392320633,0.028074723923206334,93,2.610949324858189
10-224-01331,BIHAR,Bhagalpur,Kharik,0.0,0.0,,192,10,1331,,103106.05203500649,169292223.68779984,0.1722679765224457,0.13946518865673563,127,17.712078959405424
10-224-01332,BIHAR,Bhagalpur,Naugachhia,0.0,0.0,,192,10,1332,,91833.23423872421,134223697.96961665,0.1722679765224457,0.15349366918609603,99,15.195873249423506
10-224-01335,BIHAR,Bhagalpur,Pirpainti,0.0,0.0,,192,10,1335,,138631.2255747686,411429376.6216011,0.2858688315868378,0.20804927911939258,295,61.37453734022081
10-224-01336,BIHAR,Bhagalpur,Kahalgaon,0.0,0.0,,192,10,1336,,128722.99744742387,352186242.20537144,0.1820452510714531,0.18004105677613919,258,46.45059264824391
10-224-01337,BIHAR,Bhagalpur,Ismailpur,0.0,0.0,,192,10,1337,,66332.03197363381,102752037.41138108,0.1820452510714531,0.12561763787600733,72,9.044469927072527
10-224-01338,BIHAR,Bhagalpur,Sabour,0.0,0.0,,192,10,1338,,85492.0541239663,141198925.34276122,0.1820452510714531,0.11661853281055178,105,12.244945945107936
10-226-01359,BIHAR,Munger,Dharhara,0.0,0.0,,207,10,1359,,105188.90103685112,355220468.750446,0.08431888273060323,0.04911932061178278,258,12.672784717839956
10-224-01339,BIHAR,Bhagalpur,Nathnagar,0.0,0.0,,192,10,1339,,105259.93673308079,163498377.60317266,0.10817637561559677,0.10613183359352209,118,12.523556364035606
10-226-01360,BIHAR,Munger,Kharagpur,0.0,0.0,,207,10,1360,,169586.30903503796,398589433.5102216,0.148266607016325,0.10466604312186692,297,31.085814807194474
10-224-01340,BIHAR,Bhagalpur,Sultanganj,0.0,0.0,,192,10,1340,,139861.1879796442,266407467.3450057,0.1847258234485984,0.07364954030041117,192,14.140711737678945
10-224-01341,BIHAR,Bhagalpur,Shahkund,0.0,0.0,,192,10,1341,,93276.90256650816,208798734.37786233,0.2712529454827309,0.11578313997144049,154,17.830603555601837
10-224-01342,BIHAR,Bhagalpur,Goradih,0.0,0.0,,192,10,1342,,106918.08891287447,178026414.43832883,0.2712529454827309,0.1562715284865956,129,20.15902717477083
10-224-01343,BIHAR,Bhagalpur,Jagdishpur,0.0,0.0,,192,10,1343,,107045.71303668506,127447147.46016994,0.2712529454827309,0.13097202516691658,93,12.180398340523242
10-224-01344,BIHAR,Bhagalpur,Sonhaula,0.0,0.0,,192,10,1344,,84463.86530366821,214425428.57327408,0.2470830595970154,0.21149633417736816,159,33.62791713420154
10-225-01345,BIHAR,Banka,Shambhuganj,0.0,0.0,,190,10,1345,,85765.27415008907,217970788.89652416,0.1847258234485984,0.1847258234485984,160,29.556131751775744
10-225-01346,BIHAR,Banka,Amarpur,0.0,0.0,,190,10,1346,,98000.87839154692,234663534.19316816,0.2712529454827309,0.23633849273211602,171,40.41388225719184
10-225-01347,BIHAR,Banka,Rajaun,0.0,0.0,,190,10,1347,,86718.04358754268,242814641.5593075,0.2712529454827309,0.2712529454827309,180,48.825530186891555
10-226-01363,BIHAR,Munger,Tetiha Bambor,0.0,0.0,,207,10,1363,,73286.15332623897,95190725.80042528,0.148266607016325,0.14826660701632496,69,10.230395884126423
10-225-01348,BIHAR,Banka,Dhuraiya,0.0,0.0,,190,10,1348,,106681.6377356153,285703540.38620996,0.2712529454827309,0.26328834741766327,207,54.5006879154563
10-225-01349,BIHAR,Banka,Barahat,0.0,0.0,,190,10,1349,,122910.23058217819,181202001.14064544,0.2712529454827309,0.24333321768172828,131,31.876651516306403
10-225-01350,BIHAR,Banka,Banka,0.0,0.0,,190,10,1350,,137083.07375503817,365153241.48788345,0.2712529454827309,0.22324476894524736,274,61.16906669099778
10-225-01351,BIHAR,Banka,Phulidumar,0.0,0.0,,190,10,1351,,117105.67306472127,248400685.45023423,0.20630104837417604,0.18618033299414294,178,33.14009927295744
10-225-01352,BIHAR,Banka,Belhar,0.0,0.0,,190,10,1352,,118426.40149548957,290570448.277483,0.2069097639143467,0.16808426918677044,213,35.8019493367821
10-225-01353,BIHAR,Banka,Chanan,0.0,0.0,,190,10,1353,,169565.08902723462,550876204.0147796,0.23000407762527467,0.20665755485848186,402,83.07633705310971
10-225-01354,BIHAR,Banka,Katoria,0.0,0.0,,190,10,1354,,180268.89530762268,687665367.2781417,0.21824592603445053,0.20847570180548708,503,104.86327800816
10-225-01355,BIHAR,Banka,Bausi,0.0,0.0,,190,10,1355,,109314.78149810205,385846183.7170387,0.21824592603445053,0.21813183994339383,284,61.94944254392385
10-226-01356,BIHAR,Munger,Munger,0.0,0.0,,207,10,1356,,162390.1628928388,306519605.49277806,0.09831650731563568,0.07890405915604397,220,17.358893014329674
10-226-01357,BIHAR,Munger,Bariarpur,0.0,0.0,,207,10,1357,,122433.4478606843,198040113.63802013,0.17533516812324526,0.06302126214635782,145,9.138083011221884
10-226-01358,BIHAR,Munger,Jamalpur,0.0,0.0,,207,10,1358,,72817.19566814511,112971204.64248075,0.04709967360496521,0.04709967360496521,83,3.9092729092121123
10-226-01361,BIHAR,Munger,Asarganj,0.0,0.0,,207,10,1361,,61173.52838786665,72491453.98190036,0.06796704918146133,0.06716445781313456,52,3.492551806282997
10-226-01362,BIHAR,Munger,Tarapur,0.0,0.0,,207,10,1362,,54416.57713098438,86962445.68425661,0.1847258234485984,0.1486693762250611,61,9.068831949728727
10-226-01364,BIHAR,Munger,Sangrampur,0.0,0.0,,207,10,1364,,71205.18318302365,105786037.21986651,0.1847258234485984,0.1591175642878349,84,13.365875400178133
10-227-01366,BIHAR,Lakhisarai,Pipariya,0.0,0.0,,204,10,1366,,87968.2901826016,106258171.87143916,0.08431888273060323,0.068187190416986,73,4.977664900439978
10-227-01365,BIHAR,Lakhisarai,Barahiya,0.0,0.0,,204,10,1365,,95965.48426593257,248505135.43154767,0.02233922278881073,0.022339222788810727,179,3.9987208791971205
10-227-01367,BIHAR,Lakhisarai,Surajgarha,0.0,0.0,,204,10,1367,,140312.1609931406,462726462.37366486,0.1369860604584217,0.09063369353087344,338,30.634188413435226
10-227-01368,BIHAR,Lakhisarai,Lakhisarai,0.0,0.0,,204,10,1368,,117670.76745524361,181316338.94823277,0.1369860604584217,0.03504216682114675,131,4.5905238535702235
10-227-01369,BIHAR,Lakhisarai,Chanan*,0.0,0.0,,204,10,1369,,86014.87070350182,177670731.10250506,0.1369860604584217,0.12297128109668845,128,15.740323980376122
10-228-01375,BIHAR,Sheikhpura,Ghat Kusumbha,0.0,0.0,,219,10,1375,,80592.24583619394,99088070.68237934,0.04538176999092102,0.024935566135527387,71,1.7704251956224444
10-227-01370,BIHAR,Lakhisarai,Ramgarh Chowk,0.0,0.0,,204,10,1370,,98990.57354622113,128567389.13844268,0.1369860604584217,0.11450811142101884,96,10.992778696417808
10-227-01371,BIHAR,Lakhisarai,Halsi,0.0,0.0,,204,10,1371,,82594.8188222393,191441208.6304817,0.1369860604584217,0.1213656308835359,139,16.86982269281149
10-228-01372,BIHAR,Sheikhpura,Barbigha,0.0,0.0,,219,10,1372,,83879.7675047183,115941853.486741,0.04538176999092102,0.04538176999092102,81,3.675923369264603
10-228-01373,BIHAR,Sheikhpura,Shekhopur Sarai,0.0,0.0,,219,10,1373,,59774.96229914819,65955650.61796794,0.08607897567749023,0.05913070437674937,46,2.7200124013304707
10-228-01374,BIHAR,Sheikhpura,Sheikhpura,0.0,0.0,,219,10,1374,,119718.3677454689,225551054.81458032,0.1206609498500824,0.052673152483219195,168,8.849089617180825
10-228-01377,BIHAR,Sheikhpura,Ariari,0.0,0.0,,219,10,1377,,87552.5859976097,183445963.63454768,0.1206609498500824,0.0865913012207879,135,11.689825664806365
10-229-01378,BIHAR,Nalanda,Karai Parsurai,0.0,0.0,,209,10,1378,,58523.47447411047,82148146.79064696,0.07148093097656966,0.06774773591317114,61,4.13261189070344
10-229-01379,BIHAR,Nalanda,Nagar Nausa,0.0,0.0,,209,10,1379,,82570.35159490984,108015836.82811198,0.07759854462444783,0.06551117943299935,80,5.240894354639948
10-229-01380,BIHAR,Nalanda,Harnaut,0.0,0.0,,209,10,1380,,124869.90123154312,224385440.0517296,0.07759854462444783,0.05427840062616729,156,8.467430497682097
10-229-01381,BIHAR,Nalanda,Chandi,0.0,0.0,,209,10,1381,,70527.81459673235,147156102.481168,0.07759854462444783,0.023944062843047224,106,2.538070661363006
10-229-01382,BIHAR,Nalanda,Rahui,0.0,0.0,,209,10,1382,,77076.6108369453,152249665.90613127,0.04538176999092102,0.01918671923436617,114,2.1872859927177433
10-229-01383,BIHAR,Nalanda,Bind,0.0,0.0,,209,10,1383,,70364.80140905235,88091657.81671415,0.04538176999092102,0.04538176999092102,65,2.9498150494098665
10-229-01384,BIHAR,Nalanda,Sarmera,0.0,0.0,,209,10,1384,,91044.34634338948,167201876.42476654,0.04538176999092102,0.04144767656617049,123,5.09806421763897
10-229-01385,BIHAR,Nalanda,Asthawan,0.0,0.0,,209,10,1385,,92263.18064708126,171325630.7179731,0.08607897567749023,0.04102725585583718,124,5.08737972612381
10-229-01387,BIHAR,Nalanda,Noorsarai,0.0,0.0,,209,10,1387,,78528.62700534344,151514769.88009417,0.017731438636779787,0.017731438636779787,114,2.0213840045928957
10-229-01386,BIHAR,Nalanda,Bihar,0.0,0.0,,209,10,1386,,98561.8371020671,215840179.0991975,0.04538176999092102,0.018490964142759893,157,2.9030813704133034
10-229-01390,BIHAR,Nalanda,Hilsa,0.0,0.0,,209,10,1390,,93433.88804652911,175765721.10991755,0.062371935021877295,0.0623719350218773,132,8.233095422887803
10-229-01391,BIHAR,Nalanda,Ekangarsarai,0.0,0.0,,209,10,1391,,87121.32234693572,166605847.460251,0.062371935021877295,0.06237193502187731,122,7.609376072669032
10-229-01392,BIHAR,Nalanda,Islampur,0.0,0.0,,209,10,1392,,109868.69145522316,273834151.4326934,0.1566118980407715,0.11901110471505108,198,23.564198733580113
10-229-01393,BIHAR,Nalanda,Ben,0.0,0.0,,209,10,1393,,66947.54721379357,127526149.56798536,0.1566118980407715,0.05785089813927387,94,5.437984425091743
10-230-01398,BIHAR,Patna,Maner,0.0,0.0,,212,10,1398,,96133.56350709034,213315300.3597084,0.0769927323140204,0.07223665874863894,151,10.90773547104448
10-229-01394,BIHAR,Nalanda,Rajgir,0.0,0.0,,209,10,1394,,88740.45664753366,198129288.77271983,0.1566118980407715,0.07209430251247446,142,10.237390956771375
10-229-01395,BIHAR,Nalanda,Silao,0.0,0.0,,209,10,1395,,79220.42929786978,154752836.13944647,0.017731438636779787,0.012985192895893541,112,1.4543416043400765
10-229-01396,BIHAR,Nalanda,Giriak,0.0,0.0,,209,10,1396,,88347.46773236175,99576022.5731765,0.012015529787540436,0.012015529787540436,74,0.8891492042779923
10-229-01397,BIHAR,Nalanda,Katrisarai,0.0,0.0,,209,10,1397,,38918.76300208476,48673462.28309288,0.08607897567749023,0.027263886294294805,34,0.9269721340060234
10-230-01399,BIHAR,Patna,Dinapur-Cum-Khagaul,0.0,0.0,,212,10,1399,,78598.21354533077,184765788.04152673,0.0769927323140204,0.07326980477119015,137,10.03796325365305
10-234-01474,BIHAR,Rohtas,Tilouthu,0.0,0.0,,215,10,1474,,73885.57639601533,193504401.97342023,0.07373369617462158,0.07233816674313646,141,10.199681510782241
10-230-01400,BIHAR,Patna,Patna Rural,0.0,0.0,,212,10,1400,,87518.10425735511,179850223.48881748,0.0769927323140204,0.07074118847401134,126,8.913389747725429
10-230-01401,BIHAR,Patna,Sampatchak,0.0,0.0,,212,10,1401,,53219.7118618291,78902366.60372826,0.07148093097656966,0.07124202667166447,58,4.132037546956539
10-230-01406,BIHAR,Patna,Dulhin Bazar,0.0,0.0,,212,10,1406,,77792.54009458271,136539622.4680228,0.13849793667793275,0.05748837741938505,99,5.6913493645191195
10-230-01402,BIHAR,Patna,Phulwari,0.0,0.0,,212,10,1402,,70659.26045014715,135940825.49713776,0.07148093097656966,0.06490983112618787,97,6.296253619240224
10-230-01413,BIHAR,Patna,Khusrupur,0.0,0.0,,212,10,1413,,46143.60198551767,78201544.387751,0.07759854462444783,0.07341280897063643,57,4.184530111326277
10-230-01403,BIHAR,Patna,Bihta,0.0,0.0,,212,10,1403,,116564.9809665079,244879174.98088208,0.06455270613431931,0.037380164758276546,181,6.765809821248054
10-230-01415,BIHAR,Patna,Athmalgola,0.0,0.0,,212,10,1415,,47997.69261940102,62827293.65665197,0.07759854462444783,0.06906743075070394,44,3.0389669530309735
10-230-01404,BIHAR,Patna,Naubatpur,0.0,0.0,,212,10,1404,,105087.74367689912,205320191.59612688,0.06455270613431931,0.06455270613431931,148,9.553800507879258
10-230-01405,BIHAR,Patna,Bikram,0.0,0.0,,212,10,1405,,86626.03512108007,186422313.04867813,0.06455270613431931,0.03215862088683698,139,4.47004830327034
10-234-01475,BIHAR,Rohtas,Rohtas,0.0,0.0,,215,10,1475,,88257.59288547112,389741138.17794544,0.09807021872997285,0.07745287997345682,287,22.228976552382107
10-230-01407,BIHAR,Patna,Paliganj,0.0,0.0,,212,10,1407,,129476.3041410336,293354152.7667747,0.13849793667793275,0.047500976558656344,214,10.165208983552457
10-230-01408,BIHAR,Patna,Masaurhi,0.0,0.0,,212,10,1408,,108866.13277400887,248716954.87290823,0.13849793667793275,0.11384952649672826,180,20.492914769411087
10-230-01409,BIHAR,Patna,Dhanarua,0.0,0.0,,212,10,1409,,95102.40821522896,225577653.19725513,0.13849793667793275,0.09215798294238119,166,15.298225168435277
10-230-01410,BIHAR,Patna,Punpun,0.0,0.0,,212,10,1410,,82554.93388622913,161116560.78819045,0.07148093097656966,0.0667466440010319,120,8.00959728012383
10-230-01411,BIHAR,Patna,Fatwah,0.0,0.0,,212,10,1411,,97950.27190535897,155697451.47083917,0.07148093097656966,0.07148093097656967,114,8.148826131328942
10-230-01412,BIHAR,Patna,Daniawan,0.0,0.0,,212,10,1412,,69689.77872311571,79566220.36857046,0.07148093097656966,0.07148093097656966,55,3.9314512037113314
10-230-01414,BIHAR,Patna,Bakhtiarpur,0.0,0.0,,212,10,1414,,120205.01587822943,168153072.20481881,0.07759854462444783,0.07634172874126235,128,9.771741278881581
10-230-01416,BIHAR,Patna,Belchhi,0.0,0.0,,212,10,1416,,88573.78025963024,87443681.0926542,0.07759854462444783,0.038191883602982854,64,2.4442805505909027
10-230-01417,BIHAR,Patna,Barh,0.0,0.0,,212,10,1417,,95365.9771693495,147280816.515725,0.023974400275200605,0.023974400275200605,108,2.589235229721665
10-230-01419,BIHAR,Patna,Ghoswari,0.0,0.0,,212,10,1419,,66454.95033385535,164897376.1169027,0.09489049742221833,0.03650977498583618,122,4.4541925482720135
10-230-01418,BIHAR,Patna,Pandarak,0.0,0.0,,212,10,1418,,106894.44852036482,252509471.6555304,0.04538176999092102,0.028324560966095664,187,5.296692900659889
10-232-01438,BIHAR,Buxar,Chaugain,0.0,0.0,,194,10,1438,,52625.33924401454,66025696.44875917,0.029479260444641116,0.029479260444641112,46,1.3560459804534912
10-232-01439,BIHAR,Buxar,Kesath,0.0,0.0,,194,10,1439,,34661.84662025829,38236018.49691825,0.029479260444641116,0.029479260444641116,29,0.8548985528945924
10-230-01420,BIHAR,Patna,Mokameh,0.0,0.0,,212,10,1420,,127700.39840194934,244519830.48183808,0.09489049742221833,0.04282564074541076,178,7.622964052683115
10-231-01421,BIHAR,Bhojpur,Shahpur,0.0,0.0,,193,10,1421,,110658.91431619873,211766871.4500774,0.03953442840576172,0.01840703803354349,156,2.8714979332327846
10-234-01460,BIHAR,Rohtas,Suryapura,0.0,0.0,,215,10,1460,,56159.7630280001,69765063.31452103,0.023289288997650148,0.023289288997650148,50,1.1644644498825074
10-231-01422,BIHAR,Bhojpur,Arrah,0.0,0.0,,193,10,1422,,120924.06747051864,221925641.7145924,0.06251647319793702,0.02479433643418069,161,3.9918881659030916
10-231-01423,BIHAR,Bhojpur,Barhara,0.0,0.0,,193,10,1423,,128817.96875565937,258494738.36324885,0.06251647319793702,0.047400243299394046,185,8.769045010387899
10-231-01424,BIHAR,Bhojpur,Koilwar,0.0,0.0,,193,10,1424,,94779.33453556667,208456312.66749656,0.06251647319793702,0.02846391167125186,148,4.2126589273452755
10-231-01425,BIHAR,Bhojpur,Sandesh,0.0,0.0,,193,10,1425,,60697.76797134289,164599530.19806212,0.03609623492956162,0.02134025270620982,120,2.5608303247451785
10-231-01426,BIHAR,Bhojpur,Udwant Nagar,0.0,0.0,,193,10,1426,,92445.60417460876,217797556.82002312,0.03953442840576172,0.031702402095441465,162,5.135789139461517
10-234-01461,BIHAR,Rohtas,Bikramganj,0.0,0.0,,215,10,1461,,88556.32896667719,168723569.68103397,0.023289288997650148,0.023289288997650148,124,2.8878718357086184
10-231-01427,BIHAR,Bhojpur,Behea,0.0,0.0,,193,10,1427,,114516.77527652554,206091349.70539597,0.03953442840576172,0.03554268036140692,149,5.2958593738496305
10-231-01428,BIHAR,Bhojpur,Jagdishpur,0.0,0.0,,193,10,1428,,109726.00219208181,318463526.4488765,0.03953442840576172,0.038498702950539004,233,8.970197787475588
10-231-01429,BIHAR,Bhojpur,Piro,0.0,0.0,,193,10,1429,,100703.96274410955,268205354.86689487,0.03953442840576172,0.02357309497165196,197,4.643899709415436
10-234-01462,BIHAR,Rohtas,Karakat,0.0,0.0,,215,10,1462,,102232.22868007293,251121712.10833624,0.02807472392320633,0.0221525435545591,179,3.965305296266079
10-231-01430,BIHAR,Bhojpur,Charpokhari,0.0,0.0,,193,10,1430,,88834.1327790213,135855258.49695313,0.03953442840576172,0.019449703297895544,102,1.9838697363853455
10-231-01431,BIHAR,Bhojpur,Garhani,0.0,0.0,,193,10,1431,,93054.52180151101,137128723.85739592,0.03953442840576172,0.03701766923991116,99,3.6647492547512055
10-231-01432,BIHAR,Bhojpur,Agiaon,0.0,0.0,,193,10,1432,,87534.07309197474,191419206.17039648,0.03953442840576172,0.024848013918348358,139,3.4538739346504217
10-231-01433,BIHAR,Bhojpur,Tarari,0.0,0.0,,193,10,1433,,95157.98131215997,247108515.4982669,0.023289288997650148,0.013121101072099472,180,2.361798192977905
10-231-01434,BIHAR,Bhojpur,Sahar,0.0,0.0,,193,10,1434,,61748.81499939302,157154129.14318892,0.03609623492956162,0.015855964447622717,115,1.8234359114766123
10-232-01435,BIHAR,Buxar,Simri,0.0,0.0,,194,10,1435,,87047.69219699135,222195796.247413,0.08284548928737641,0.03860078859888477,162,6.253327753019333
10-232-01436,BIHAR,Buxar,Chakki,0.0,0.0,,194,10,1436,,73799.54032015939,80420668.23199363,0.029479260444641116,0.019796548744042717,66,1.3065722171068193
10-232-01437,BIHAR,Buxar,Barhampur,0.0,0.0,,194,10,1437,,133928.15369382405,240152233.65370417,0.029479260444641116,0.02733547918724187,173,4.729037899392844
10-232-01440,BIHAR,Buxar,Dumraon,0.0,0.0,,194,10,1440,,115797.88145848007,238641355.07175583,0.03884471147060394,0.03236512616775756,172,5.566801700854301
10-232-01441,BIHAR,Buxar,Buxar,0.0,0.0,,194,10,1441,,90996.21871903203,211591033.38394436,0.08284548928737641,0.03968016927725152,158,6.26946674580574
10-232-01442,BIHAR,Buxar,Chausa,0.0,0.0,,194,10,1442,,99103.08457070828,138502720.57991108,0.05171198653802276,0.04566037824986612,102,4.657358581486345
10-232-01443,BIHAR,Buxar,Rajpur,0.0,0.0,,194,10,1443,,121142.9666413415,336933113.12217736,0.05171198653802276,0.029237843199300503,247,7.221747270227224
10-232-01444,BIHAR,Buxar,Itarhi,0.0,0.0,,194,10,1444,,109439.3274763228,293713382.2816445,0.03884471147060394,0.03867871536897576,207,8.006494081377983
10-232-01445,BIHAR,Buxar,Nawanagar,0.0,0.0,,194,10,1445,,126567.10382889764,229774401.79100823,0.03884471147060394,0.028950173258076046,169,4.892579280614852
10-233-01446,BIHAR,Kaimur (Bhabua),Ramgarh,0.0,0.0,,200,10,1446,,124781.0721120257,206666195.02442607,0.04754461413025856,0.043515515299759756,147,6.396780749064684
10-233-01447,BIHAR,Kaimur (Bhabua),Nuaon,0.0,0.0,,200,10,1447,,121732.74643995032,235834986.4758632,0.05171198653802276,0.04649417602479545,171,7.950504100240021
10-233-01448,BIHAR,Kaimur (Bhabua),Kudra,0.0,0.0,,200,10,1448,,132624.50147962422,255577893.54332253,0.10700060578584672,0.08251872686883982,187,15.431001924473048
10-233-01449,BIHAR,Kaimur (Bhabua),Mohania,0.0,0.0,,200,10,1449,,142323.6809133636,349176573.6513165,0.10700060578584672,0.045711873869017795,262,11.976510953682663
10-233-01450,BIHAR,Kaimur (Bhabua),Durgawati,0.0,0.0,,200,10,1450,,108544.41183902678,212580801.4059764,0.034669015693664554,0.03466901569366455,156,5.40836644821167
10-233-01451,BIHAR,Kaimur (Bhabua),Chand,0.0,0.0,,200,10,1451,,97099.60209928264,257974481.1925409,0.049321265411376956,0.039826572386767414,185,7.367915891551972
10-233-01452,BIHAR,Kaimur (Bhabua),Chainpur,0.0,0.0,,200,10,1452,,170712.34536647963,555311526.8488017,0.049321265411376956,0.04007044680331331,409,16.388812742555142
10-233-01453,BIHAR,Kaimur (Bhabua),Bhabua,0.0,0.0,,200,10,1453,,143727.89821118704,407618990.38615096,0.10700060578584672,0.0732473361748777,298,21.827706180113555
10-233-01454,BIHAR,Kaimur (Bhabua),Rampur,0.0,0.0,,200,10,1454,,126612.15498309073,210660395.23746365,0.10700060578584672,0.10410112946900454,154,16.0315739382267
10-233-01455,BIHAR,Kaimur (Bhabua),Bhagwanpur,0.0,0.0,,200,10,1455,,134815.05705103654,292151198.96788174,0.10700060578584672,0.057460667989164035,212,12.181661613702776
10-233-01456,BIHAR,Kaimur (Bhabua),Adhaura,0.0,0.0,,200,10,1456,,271357.2345421078,1135984955.9859164,0.10700060578584672,0.06358540452508281,827,52.58512954224348
10-234-01457,BIHAR,Rohtas,Kochas,0.0,0.0,,215,10,1457,,90248.48407846906,187033418.62218276,0.04754461413025856,0.029764118511667683,131,3.8990995250284666
10-234-01458,BIHAR,Rohtas,Dinara,0.0,0.0,,215,10,1458,,157118.7651045217,464648316.8452498,0.023289288997650148,0.022050153361737202,341,7.519102296352386
10-234-01459,BIHAR,Rohtas,Dawath,0.0,0.0,,215,10,1459,,78120.6651060775,129910427.66035384,0.023289288997650148,0.023289288997650148,94,2.189193165779114
10-234-01466,BIHAR,Rohtas,Nokha,0.0,0.0,,215,10,1466,,82152.91978314315,208772248.59610957,0.0397527592420578,0.035071123306574054,148,5.19052624937296
10-235-01476,BIHAR,Aurangabad,Daudnagar,0.0,0.0,,189,10,1476,,91010.07504965532,238139281.75712803,0.02807472392320633,0.016065948389257706,175,2.8115409681200987
10-234-01467,BIHAR,Rohtas,Kargahar,0.0,0.0,,215,10,1467,,128509.87472624176,406135690.59563094,0.10700060578584672,0.04633933554807765,298,13.809121993327139
10-234-01468,BIHAR,Rohtas,Chenari,0.0,0.0,,215,10,1468,,121720.69626398994,292642418.8385522,0.10700060578584672,0.10224609127626993,217,22.187401806950575
10-234-01469,BIHAR,Rohtas,Nauhatta,0.0,0.0,,215,10,1469,,175494.75594492842,478591449.404211,0.09807021872997285,0.07622815836645218,353,26.90853990335762
10-234-01470,BIHAR,Rohtas,Sheosagar,0.0,0.0,,215,10,1470,,135463.8765525897,406503956.12222886,0.10700060578584672,0.060930364113096463,295,17.974457413363456
10-234-01471,BIHAR,Rohtas,Sasaram,0.0,0.0,,215,10,1471,,135810.11950728856,394273130.8742507,0.07373369617462158,0.04876438902390414,290,14.141672816932202
10-234-01473,BIHAR,Rohtas,Dehri,0.0,0.0,,215,10,1473,,97323.52013589225,199371136.99043605,0.07373369617462158,0.0328023287633227,144,4.723535341918469
10-235-01477,BIHAR,Aurangabad,Haspura,0.0,0.0,,189,10,1477,,88845.10694940752,164519986.5205008,0.02790361261367798,0.01429323169800861,121,1.7294810354590417
10-235-01478,BIHAR,Aurangabad,Goh,0.0,0.0,,189,10,1478,,122286.20877621078,374665187.3660463,0.02790361261367798,0.024073595967899833,271,6.523944507300855
10-236-01491,BIHAR,Gaya,Neem Chak Bathani,0.0,0.0,,196,10,1491,,79540.44278654993,146770773.7769567,0.1566118980407715,0.1566118980407715,102,15.974413600158693
10-235-01479,BIHAR,Aurangabad,Rafiganj,0.0,0.0,,189,10,1479,,167069.30684925965,465687847.79432577,0.05431655868589878,0.04421182840503861,343,15.164657142928244
10-235-01480,BIHAR,Aurangabad,Obra,0.0,0.0,,189,10,1480,,130720.05569071589,327203821.09876627,0.05090148477554322,0.022275629602848217,235,5.234772956669331
10-236-01494,BIHAR,Gaya,Manpur,0.0,0.0,,196,10,1494,,77081.78707553667,161226183.41058797,0.11585365881919861,0.05452728846582592,117,6.379692750501633
10-235-01481,BIHAR,Aurangabad,Aurangabad,0.0,0.0,,189,10,1481,,125502.68609205673,344679798.38062614,0.05090148477554322,0.048924117613309934,253,12.377801756167413
10-237-01511,BIHAR,Nawada,Nardiganj,0.0,0.0,,210,10,1511,,60262.24041371029,129808165.4472442,0.012015529787540436,0.012015529787540436,95,1.1414753298163414
10-235-01482,BIHAR,Aurangabad,Barun,0.0,0.0,,189,10,1482,,117269.30390529483,381782699.30215496,0.04212474982738495,0.037576180290060934,278,10.44617812063694
10-235-01483,BIHAR,Aurangabad,Nabinagar,0.0,0.0,,189,10,1483,,173491.30877801325,657546828.2218357,0.07373369617462158,0.059140676030683216,483,28.564946522819994
10-235-01484,BIHAR,Aurangabad,Kutumba,0.0,0.0,,189,10,1484,,110495.73757590447,319048251.76106954,0.06608736329078675,0.05426032231099616,233,12.642655098462106
10-235-01485,BIHAR,Aurangabad,Deo,0.0,0.0,,189,10,1485,,158578.88849021672,336990745.1586724,0.06608736329078675,0.046868162918090824,255,11.95138154411316
10-235-01486,BIHAR,Aurangabad,Madanpur,0.0,0.0,,189,10,1486,,153529.37367368402,418713952.50229967,0.05431655868589878,0.047076109005939344,306,14.40528935581744
10-236-01487,BIHAR,Gaya,Konch,0.0,0.0,,196,10,1487,,154041.56172387034,319288521.7326548,0.05431655868589878,0.035564510392200904,231,8.215401900598408
10-236-01488,BIHAR,Gaya,Tikari,0.0,0.0,,196,10,1488,,122221.36853604284,290576655.12704176,0.11585365881919861,0.056573874648486344,214,12.106809174776078
10-236-01489,BIHAR,Gaya,Belaganj,0.0,0.0,,196,10,1489,,113473.13279109563,240372540.95814112,0.11585365881919861,0.11585365881919861,176,20.390243952178956
10-236-01490,BIHAR,Gaya,Khizirsarai,0.0,0.0,,196,10,1490,,103698.13096672995,223124430.97950032,0.1566118980407715,0.13621525270596235,167,22.747947201895713
10-236-01492,BIHAR,Gaya,Muhra,0.0,0.0,,196,10,1492,,93681.45756176667,181269438.2139707,0.1566118980407715,0.1423115398328251,134,19.069746337598563
10-236-01493,BIHAR,Gaya,Atri,0.0,0.0,,196,10,1493,,103075.15367958385,161340647.62451813,0.1566118980407715,0.13806318258350095,120,16.567581910020113
10-236-01495,BIHAR,Gaya,Gaya Town C.D.Block,0.0,0.0,,196,10,1495,,91678.58033080616,224144813.6021213,0.11585365881919861,0.062147181788176124,167,10.378579358625412
10-236-01496,BIHAR,Gaya,Paraiya,0.0,0.0,,196,10,1496,,75593.31264449215,167300846.5298876,0.05431655868589878,0.053186574916820224,123,6.541948714768887
10-236-01497,BIHAR,Gaya,Guraru,0.0,0.0,,196,10,1497,,81292.54933661391,199646285.7542363,0.05431655868589878,0.05431655868589879,149,8.09316724419892
10-237-01512,BIHAR,Nawada,Nawada,0.0,0.0,,210,10,1512,,86822.75137888109,219317998.1072041,0.06702370146512986,0.015845212625853623,158,2.5035435948848725
10-236-01498,BIHAR,Gaya,Gurua,0.0,0.0,,196,10,1498,,117859.62964526065,238015237.1519128,0.05431655868589878,0.052198003019769304,174,9.082452525439859
10-236-01499,BIHAR,Gaya,Amas,0.0,0.0,,196,10,1499,,100546.69423332924,128484051.44985774,0.05431655868589878,0.042809821538243094,97,4.15255268920958
10-237-01517,BIHAR,Nawada,Roh,0.0,0.0,,210,10,1517,,77804.52626079548,192537548.9783989,0.08607897567749023,0.03402545102384541,143,4.8656394964098935
10-236-01500,BIHAR,Gaya,Banke Bazar,0.0,0.0,,196,10,1500,,85166.97220092022,256240042.68049288,0.041241500425338744,0.039870789487335995,184,7.336225265669823
10-236-01501,BIHAR,Gaya,Imamganj,0.0,0.0,,196,10,1501,,136271.57775821586,316917295.57645696,0.06016606340408325,0.041954517095999656,233,9.77540248336792
10-236-01502,BIHAR,Gaya,Dumaria,0.0,0.0,,196,10,1502,,119690.94596035974,390676703.928496,0.06608736329078675,0.043717141190884816,284,12.415668098211288
10-236-01503,BIHAR,Gaya,Sherghati,0.0,0.0,,196,10,1503,,100322.2973073121,167902109.12194017,0.061349634265899664,0.04475667438651207,122,5.460314275154472
10-238-01531,BIHAR,Jamui,Gidhaur,0.0,0.0,,198,10,1531,,55211.5633940527,100392309.18230554,0.17846319506764413,0.15641206021210816,79,12.356552756756544
10-236-01504,BIHAR,Gaya,Dobhi,0.0,0.0,,196,10,1504,,103572.88994215836,218837778.49499393,0.061349634265899664,0.05759450083784311,166,9.560687139081956
10-236-01505,BIHAR,Gaya,Bodh Gaya,0.0,0.0,,196,10,1505,,120948.91182130505,306843965.9119923,0.061349634265899664,0.052580291810126176,224,11.777985365468263
10-236-01506,BIHAR,Gaya,Tan Kuppa,0.0,0.0,,196,10,1506,,108147.94853451202,190099968.23000297,0.09049307886362076,0.07144751195596517,137,9.788309137967229
10-240-01542,BIHAR,Arwal,Arwal,0.0,0.0,,611,10,1542,,73924.8054791393,147787869.27798152,0.03609623492956162,0.029740446110142094,103,3.0632659493446357
10-236-01507,BIHAR,Gaya,Wazirganj,0.0,0.0,,196,10,1507,,105472.06999302967,323030583.61833626,0.08265484061539173,0.08003913412892213,236,18.889235654425622
10-236-01508,BIHAR,Gaya,Fatehpur,0.0,0.0,,196,10,1508,,155359.44599717355,408449805.62920874,0.11061402707695961,0.08770266861466046,297,26.047692578554155
10-240-01543,BIHAR,Arwal,Kaler,0.0,0.0,,611,10,1543,,67777.19153730445,176075758.749563,0.014064485800266266,0.012221962931137958,131,1.6010771439790725
10-236-01509,BIHAR,Gaya,Mohanpur,0.0,0.0,,196,10,1509,,119906.24818546322,418796109.2883684,0.09049307886362076,0.07070266828947254,308,21.776421833157542
10-240-01544,BIHAR,Arwal,Karpi,0.0,0.0,,611,10,1544,,158139.92638461498,234985661.7206014,0.03609623492956162,0.03314755655007307,172,5.7013797266125685
10-236-01510,BIHAR,Gaya,Barachatti,0.0,0.0,,196,10,1510,,138753.78132836288,366328956.31361085,0.09049307886362076,0.06396926973535774,267,17.079795019340516
10-237-01513,BIHAR,Nawada,Warisaliganj,0.0,0.0,,210,10,1513,,109792.76918459819,202861050.3008767,0.08607897567749023,0.059146813535690304,154,9.108609284496307
10-237-01514,BIHAR,Nawada,Kashi Chak,0.0,0.0,,210,10,1514,,73948.94452619922,98983451.20841853,0.08607897567749023,0.08607897567749023,72,6.197686248779297
10-237-01515,BIHAR,Nawada,Pakribarawan,0.0,0.0,,210,10,1515,,104545.76938151139,251834567.85717744,0.08607897567749023,0.08607897567749022,181,15.58029459762573
10-237-01516,BIHAR,Nawada,Kawakol,0.0,0.0,,210,10,1516,,121170.20018263235,362955647.76482904,0.12331034169197083,0.08750673805537978,266,23.276792322731023
10-237-01518,BIHAR,Nawada,Gobindpur,0.0,0.0,,210,10,1518,,73133.35659787485,188189390.13263756,0.06702370146512986,0.02627185481631238,138,3.6255159646511084
10-237-01519,BIHAR,Nawada,Akbarpur,0.0,0.0,,210,10,1519,,91268.2921062847,249541236.96202633,0.06702370146512986,0.06702370146512986,183,12.265337368118765
10-237-01520,BIHAR,Nawada,Hisua,0.0,0.0,,210,10,1520,,85113.4923130193,144090762.99664384,0.1566118980407715,0.06855005546274051,106,7.266305879050494
10-237-01521,BIHAR,Nawada,Narhat,0.0,0.0,,210,10,1521,,62856.50481924386,99624005.77002536,0.06702370146512986,0.06702370146512986,69,4.62463540109396
10-237-01522,BIHAR,Nawada,Meskaur,0.0,0.0,,210,10,1522,,75185.00287586387,145604023.18435815,0.08265484061539173,0.07820928727907872,109,8.52481231341958
10-237-01523,BIHAR,Nawada,Sirdala,0.0,0.0,,210,10,1523,,111278.51695598938,301894539.186342,0.11061402707695961,0.08169359082320003,225,18.381057935220007
10-237-01524,BIHAR,Nawada,Rajauli,0.0,0.0,,210,10,1524,,132370.86211000624,450216393.36794454,0.11061402707695961,0.08228543686647069,331,27.2364796028018
10-238-01525,BIHAR,Jamui,Islamnagar Aliganj,0.0,0.0,,198,10,1525,,96153.77396855215,213408239.47295904,0.12331034169197083,0.1152378497768671,156,17.97710456519127
10-238-01526,BIHAR,Jamui,Sikandra,0.0,0.0,,198,10,1526,,86788.2538333537,223096734.30010977,0.17846319506764413,0.12216393630046399,160,19.546229808074237
10-238-01527,BIHAR,Jamui,Jamui,0.0,0.0,,198,10,1527,,90084.78430112793,212157753.6648698,0.1369860604584217,0.1365804676482766,161,21.989455291372536
10-238-01528,BIHAR,Jamui,Barhat,0.0,0.0,,198,10,1528,,114104.37581341481,270298087.1382075,0.148266607016325,0.13399766957654494,198,26.531538576155896
10-238-01529,BIHAR,Jamui,Lakshmipur,0.0,0.0,,198,10,1529,,112147.89260238525,307635253.00857943,0.148266607016325,0.14531943719489082,222,32.26091505726576
10-238-01530,BIHAR,Jamui,Jhajha,0.0,0.0,,198,10,1530,,147664.43327942316,507112726.974952,0.2069097639143467,0.1995081850736845,366,73.01999573696853
10-238-01532,BIHAR,Jamui,Khaira,0.0,0.0,,198,10,1532,,142747.05687020053,513762691.7981683,0.17846319506764413,0.1538127259078787,379,58.295023119086025
10-238-01533,BIHAR,Jamui,Sono,0.0,0.0,,198,10,1533,,117724.39892386932,474283005.7300444,0.21974049015045166,0.18292381706535818,346,63.291640704613926
10-238-01534,BIHAR,Jamui,Chakai,0.0,0.0,,198,10,1534,,243956.2217086091,956725034.6798706,0.23000407762527467,0.2205915189878146,705,155.51702088640928
10-239-01535,BIHAR,Jehanabad,Ratni Faridpur,0.0,0.0,,199,10,1535,,82762.53932271499,155018952.20303965,0.13849793667793275,0.08985984382948706,112,10.06430250890255
10-239-01536,BIHAR,Jehanabad,Jehanabad,0.0,0.0,,199,10,1536,,97254.09844747804,201426556.69272655,0.13849793667793275,0.13849793667793275,147,20.359196691656116
10-239-01537,BIHAR,Jehanabad,Kako,0.0,0.0,,199,10,1537,,83599.3529020472,162373941.78194478,0.13849793667793275,0.13849793667793275,118,16.342756527996066
10-239-01538,BIHAR,Jehanabad,Modanganj,0.0,0.0,,199,10,1538,,66522.90037500951,97205276.85869928,0.13849793667793275,0.08531401771274333,73,6.227923293030263
10-239-01539,BIHAR,Jehanabad,Ghoshi,0.0,0.0,,199,10,1539,,82931.95174196921,112225161.55433495,0.13849793667793275,0.11827412295753574,81,9.580203959560395
10-239-01540,BIHAR,Jehanabad,Makhdumpur,0.0,0.0,,199,10,1540,,128831.72570768485,301471679.33572614,0.13849793667793275,0.11824273400612928,218,25.776916013336184
10-239-01541,BIHAR,Jehanabad,Hulasganj,0.0,0.0,,199,10,1541,,87179.53907708311,119677697.18988888,0.1566118980407715,0.12096807692985644,88,10.645190769827366
10-240-01545,BIHAR,Arwal,Sonbhadra Banshi Suryapur,0.0,0.0,,611,10,1545,,62692.97791397586,116643000.97724338,0.03609623492956162,0.03002405603661257,85,2.5520447631120686
10-240-01546,BIHAR,Arwal,Kurtha,0.0,0.0,,611,10,1546,,71585.17106640573,106433073.5354984,0.03609623492956162,0.031740663571750066,79,2.507512422168255
10-224-01334,BIHAR,Bhagalpur,Gopalpur,0.0,0.0,,192,10,1334,,95407.9186210158,208941966.91883087,0.2629308229893446,0.17880633797475273,154,27.53617604811192
10-210-01127,BIHAR,Kishanganj,Kishanganj,0.0,0.0,,203,10,1127,,125268.33771117091,207105687.55921903,0.30892758877277376,0.2836363254698515,150,42.54544882047773
10-206-01064,BIHAR,Sitamarhi,Suppi,0.0,0.0,,221,10,1064,,71084.15120823232,92250451.53846286,0.12576926531791688,0.10249878014255975,68,6.969917049694063
10-234-01463,BIHAR,Rohtas,Nasriganj,0.0,0.0,,215,10,1463,,90034.07903274363,167356919.18355417,0.17994000535011292,0.150632680839877,124,18.678452424144748
10-234-01464,BIHAR,Rohtas,Rajpur,0.0,0.0,,215,10,1464,,68660.48684625747,85633596.4997788,0.17994000535011292,0.17994000535011292,66,11.876040353107452
10-234-01465,BIHAR,Rohtas,Sanjhauli,0.0,0.0,,215,10,1465,,56591.722358052,83833486.39015438,0.17994000535011292,0.1248827647120722,62,7.742731412148476
10-203-01023,BIHAR,Pashchim Champaran,Thakrahan,0.0,0.0,,211,10,1023,,79847.09402015881,199004696.79409248,0.20404975372552872,0.19266924990867748,145,27.937041236758233
10-204-01054,BIHAR,Purbi Champaran,Phenhara,0.0,0.0,,213,10,1054,,44565.43736457999,67645025.94776015,0.033656623458862306,0.033656623458862306,51,1.7164877964019776
10-219-01262,BIHAR,Saran,Maker,0.0,0.0,,218,10,1262,,62357.8736467211,96585777.9808088,0.06180173218250275,0.06180173218250274,68,4.202517788410186
10-220-01282,BIHAR,Vaishali,Sahdai Buzurg,0.0,0.0,,224,10,1282,,74546.65030748869,114161677.3631406,0.13921574602127076,0.10281468832751355,83,8.533619131183624
10-229-01388,BIHAR,Nalanda,Tharthari,0.0,0.0,,209,10,1388,,71853.42144919158,77411758.12428828,0.24472772767543793,0.2185560312207256,56,12.239137748360633
10-229-01389,BIHAR,Nalanda,Parbalpur,0.0,0.0,,209,10,1389,,54466.2339431045,76043839.88376136,0.24472772767543793,0.197111905665565,57,11.235378622937205
10-203-01022,BIHAR,Pashchim Champaran,Bhitaha,0.0,0.0,,211,10,1022,,72626.86760213553,166969906.7472905,0.20404975372552872,0.19505391377503756,122,23.796577480554582
10-203-01013,BIHAR,Pashchim Champaran,Sidhaw,0.0,0.0,,211,10,1013,,195582.3602130639,1085337194.6715722,0.346992926812172,0.2537216021352608,778,197.39540646123288
10-203-01014,BIHAR,Pashchim Champaran,Ramnagar,0.0,0.0,,211,10,1014,,230865.78384139363,866139404.2451236,0.329152171254158,0.26401903241075514,625,165.01189525672197
10-203-01015,BIHAR,Pashchim Champaran,Gaunaha,0.0,0.0,,211,10,1015,,136504.94021895694,605322845.3823951,0.2552325723648071,0.1975846064743646,436,86.14688842282297
10-203-01016,BIHAR,Pashchim Champaran,Mainatanr,0.0,0.0,,211,10,1016,,115419.13930249632,312998546.4010918,0.1931990167617798,0.16518180519800102,224,37.00072436435223
10-203-01017,BIHAR,Pashchim Champaran,Narkatiaganj,0.0,0.0,,211,10,1017,,149144.20649331805,441857686.2127825,0.2552325723648071,0.17589817320329104,316,55.583822732239966
10-203-01018,BIHAR,Pashchim Champaran,Lauriya,0.0,0.0,,211,10,1018,,120853.32018665274,255440417.54612216,0.20404975372552872,0.17449853078801122,183,31.933231134206054
10-203-01019,BIHAR,Pashchim Champaran,Bagaha,0.0,0.0,,211,10,1019,,135587.24079810514,491292931.53180623,0.2552325723648071,0.19803833406788962,350,69.31341692376137
10-203-01021,BIHAR,Pashchim Champaran,Madhubani,0.0,0.0,,211,10,1021,,144670.82201821523,386116138.1353823,0.2297888272345066,0.09963274953884187,278,27.69790437179804
10-203-01024,BIHAR,Pashchim Champaran,Jogapatti,0.0,0.0,,211,10,1024,,88530.23644360513,258722436.3759333,0.20404975372552872,0.18105394856830437,186,33.676034433704615
10-203-01029,BIHAR,Pashchim Champaran,Bairia,0.0,0.0,,211,10,1029,,105039.82861382668,288505226.87341565,0.19105626511573792,0.12357144607950056,209,25.826432230615616
10-203-01025,BIHAR,Pashchim Champaran,Chanpatia,0.0,0.0,,211,10,1025,,113543.7602983494,310017349.34780717,0.16399142929911614,0.14509387097897855,220,31.92065161537528
10-206-01071,BIHAR,Sitamarhi,Parsauni,0.0,0.0,,221,10,1071,,63729.135625112256,74724139.64418457,0.050185112544894224,0.048983040611364624,55,2.6940672336250544
10-203-01026,BIHAR,Pashchim Champaran,Sikta,0.0,0.0,,211,10,1026,,93443.22825707054,255004178.86147365,0.16399142929911614,0.1400521068117425,185,25.90963976017236
10-203-01027,BIHAR,Pashchim Champaran,Majhaulia,0.0,0.0,,211,10,1027,,123374.4030721297,371511179.15939575,0.16399142929911614,0.09284851487624601,269,24.976250501710176
10-203-01028,BIHAR,Pashchim Champaran,Bettiah,0.0,0.0,,211,10,1028,,53968.26030594324,83182055.35378212,0.10505427012443543,0.10505427012443543,60,6.303256207466125
10-203-01030,BIHAR,Pashchim Champaran,Nautan,0.0,0.0,,211,10,1030,,122656.63983711715,245738630.13883996,0.10505427012443543,0.10264377909831787,178,18.27059267950058
10-204-01031,BIHAR,Purbi Champaran,Raxaul,0.0,0.0,,213,10,1031,,98709.78801801558,166685360.13968688,0.14307158470153808,0.1322209231265386,120,15.866510775184633
10-206-01072,BIHAR,Sitamarhi,Belsand,0.0,0.0,,221,10,1072,,66235.5873217276,97354060.86547032,0.050185112544894224,0.04855554319838404,71,3.4474435670852666
10-206-01073,BIHAR,Sitamarhi,Runisaidpur,0.0,0.0,,221,10,1073,,152472.54206325076,334873257.0825382,0.09843544130325318,0.06307748305571878,239,15.075518450316789
10-204-01032,BIHAR,Purbi Champaran,Adapur,0.0,0.0,,213,10,1032,,94532.37688292323,199608924.7111849,0.14307158470153808,0.1245828927710348,147,18.313685237342117
10-206-01074,BIHAR,Sitamarhi,Dumra,0.0,0.0,,221,10,1074,,111649.34177378344,241159212.36062923,0.05696957001686097,0.050579557746752754,172,8.699683932441474
10-204-01033,BIHAR,Purbi Champaran,Ramgarhwa,0.0,0.0,,213,10,1033,,90718.26831189607,213035907.5226096,0.13212974109649658,0.10806349992191089,153,16.533715488052366
10-204-01034,BIHAR,Purbi Champaran,Sugauli,0.0,0.0,,213,10,1034,,84892.41923436844,209336830.19001696,0.08098897860050201,0.08098897860050201,150,12.148346790075301
10-204-01038,BIHAR,Purbi Champaran,Ghorasahan,0.0,0.0,,213,10,1038,,75335.10865687576,144368243.47105,0.12576926531791688,0.10480266005565914,104,10.89947664578855
10-204-01035,BIHAR,Purbi Champaran,Banjaria,0.0,0.0,,213,10,1035,,102381.40449613356,176960195.87167916,0.08098897860050201,0.07485978119037752,127,9.507192211177944
10-204-01047,BIHAR,Purbi Champaran,Kesaria,0.0,0.0,,213,10,1047,,87546.8206889307,229535442.11688668,0.1827255839109421,0.046470522282237095,168,7.807047743415832
10-204-01036,BIHAR,Purbi Champaran,Narkatia,0.0,0.0,,213,10,1036,,105607.09704406632,168338010.30978012,0.14307158470153808,0.07265067509844646,118,8.572779661616682
10-204-01037,BIHAR,Purbi Champaran,Bankatwa,0.0,0.0,,213,10,1037,,99233.37216886049,115311013.90225838,0.12576926531791688,0.0695456751893649,87,6.050473741474747
10-204-01039,BIHAR,Purbi Champaran,Dhaka,0.0,0.0,,213,10,1039,,97673.73467814895,202386545.86227983,0.12576926531791688,0.12332990879136567,148,18.25282650112212
10-204-01048,BIHAR,Purbi Champaran,Kalyanpur,0.0,0.0,,213,10,1048,,109413.20044555076,313300912.50613195,0.1827255839109421,0.12174565353757949,229,27.879754660105704
10-204-01040,BIHAR,Purbi Champaran,Chiraia,0.0,0.0,,213,10,1040,,110764.71696779084,272984575.32652414,0.1827255839109421,0.08262519641065412,194,16.0292881036669
10-204-01041,BIHAR,Purbi Champaran,Motihari,0.0,0.0,,213,10,1041,,181544.26702654368,319814691.13850176,0.1827255839109421,0.11338585360041473,239,27.09921901049912
10-204-01049,BIHAR,Purbi Champaran,Kotwa,0.0,0.0,,213,10,1049,,78879.98205471091,178282937.71225017,0.1827255839109421,0.07005608114150855,130,9.107290548396112
10-204-01042,BIHAR,Purbi Champaran,Turkaulia,0.0,0.0,,213,10,1042,,99475.78497366334,174748315.94966665,0.1827255839109421,0.07460327132547658,126,9.400012187010049
10-204-01050,BIHAR,Purbi Champaran,Piprakothi,0.0,0.0,,213,10,1050,,58369.33889310607,62223774.49301849,0.1827255839109421,0.17669675684363345,43,7.597960544276239
10-204-01043,BIHAR,Purbi Champaran,Harsidhi,0.0,0.0,,213,10,1043,,133904.34238337883,240218359.62130272,0.08098897860050201,0.06434081814386691,171,11.002279902601241
10-204-01044,BIHAR,Purbi Champaran,Paharpur,0.0,0.0,,213,10,1044,,108730.62076802726,192061375.0173064,0.10505427012443543,0.0840810058082608,139,11.687259807348251
10-204-01045,BIHAR,Purbi Champaran,Areraj,0.0,0.0,,213,10,1045,,93331.67353690567,242725576.26244012,0.07823755745887757,0.07009829573604194,176,12.337300049543382
10-204-01046,BIHAR,Purbi Champaran,Sangrampur,0.0,0.0,,213,10,1046,,78133.67961210197,187659878.02718252,0.053105801963806154,0.05280767122962896,136,7.181843287229539
10-204-01051,BIHAR,Purbi Champaran,Chakia(Pipra),0.0,0.0,,213,10,1051,,129110.66914194856,212940547.80779588,0.1827255839109421,0.1827255839109421,152,27.7742887544632
10-204-01052,BIHAR,Purbi Champaran,Pakri Dayal,0.0,0.0,,213,10,1052,,90143.40730437863,148110040.62869397,0.1827255839109421,0.16917386023348027,110,18.60912462568283
10-204-01053,BIHAR,Purbi Champaran,Patahi,0.0,0.0,,213,10,1053,,85994.51677214028,144960443.14880535,0.1827255839109421,0.04345939534622081,102,4.432858325314522
10-204-01055,BIHAR,Purbi Champaran,Madhuban,0.0,0.0,,213,10,1055,,112681.00006095257,152424272.44650427,0.1827255839109421,0.1137121762942385,108,12.280915039777758
10-204-01056,BIHAR,Purbi Champaran,Tetaria,0.0,0.0,,213,10,1056,,82320.72754353678,104458405.63845472,0.1827255839109421,0.05267164478487784,77,4.0557166484355935
10-205-01058,BIHAR,Sheohar,Purnahiya,0.0,0.0,,220,10,1058,,57294.126150412616,80859097.14068061,0.12576926531791688,0.0740569049759915,57,4.221243583631516
10-204-01057,BIHAR,Purbi Champaran,Mehsi,0.0,0.0,,213,10,1057,,125063.78039343117,149773808.08158112,0.1827255839109421,0.08633162507345013,111,9.582810383152964
10-205-01059,BIHAR,Sheohar,Piprarhi,0.0,0.0,,220,10,1059,,105870.45511307275,104265216.9562483,0.050185112544894224,0.035220129183216674,74,2.606289559558034
10-205-01060,BIHAR,Sheohar,Sheohar,0.0,0.0,,220,10,1060,,81007.5322908237,115638983.35873616,0.033656623458862306,0.033656623458862306,80,2.6925298767089845
10-205-01061,BIHAR,Sheohar,Dumri Katsari,0.0,0.0,,220,10,1061,,65038.65439014734,84655470.24819931,0.033656623458862306,0.03365662345886231,63,2.1203672779083256
10-205-01062,BIHAR,Sheohar,Tariani Chowk,0.0,0.0,,220,10,1062,,97491.22869259815,171878914.60720828,0.09843544130325318,0.04789544660278729,126,6.034826271951198
10-206-01063,BIHAR,Sitamarhi,Bairgania,0.0,0.0,,221,10,1063,,59598.621146511534,94417571.99630062,0.12576926531791688,0.12576926531791688,67,8.426540776300431
10-206-01065,BIHAR,Sitamarhi,Majorganj,0.0,0.0,,221,10,1065,,62808.55729710282,95411217.42446172,0.12576926531791688,0.06664452716857194,64,4.265249738788604
10-206-01066,BIHAR,Sitamarhi,Sonbarsa,0.0,0.0,,221,10,1066,,92820.94699371175,224104085.6083578,0.09117253004312516,0.059550925490541286,159,9.468597152996065
10-206-01067,BIHAR,Sitamarhi,Parihar,0.0,0.0,,221,10,1067,,86838.20299610356,272812569.4060281,0.09117253004312516,0.08907847126600694,196,17.45938036813736
10-207-01095,BIHAR,Madhubani,Rajnagar,0.0,0.0,,206,10,1095,,78809.12744912357,223111125.2667772,0.2664426404424012,0.1284825950385621,161,20.685697801208498
10-206-01068,BIHAR,Sitamarhi,Sursand,0.0,0.0,,221,10,1068,,91215.71647520129,181412871.1123928,0.09117253004312516,0.0858736946317095,130,11.163580302122236
10-206-01069,BIHAR,Sitamarhi,Bathnaha,0.0,0.0,,221,10,1069,,120764.04051803834,251403523.12922087,0.05696957001686097,0.056251638009245444,189,10.63155958374739
10-206-01070,BIHAR,Sitamarhi,Riga,0.0,0.0,,221,10,1070,,129433.73210860479,163724219.02092636,0.12576926531791688,0.05308906964393687,121,6.423777426916361
10-210-01123,BIHAR,Kishanganj,Thakurganj,0.0,0.0,,203,10,1123,,224971.2940646554,491161543.46963537,0.6896433290481567,0.5704996219504963,363,207.09136276803017
10-210-01124,BIHAR,Kishanganj,Pothia,0.0,0.0,,203,10,1124,,167388.9118766352,443844792.4531903,0.6896433290481567,0.5313331072991991,315,167.36992879924773
10-210-01125,BIHAR,Kishanganj,Bahadurganj,0.0,0.0,,203,10,1125,,155296.13881782343,347494200.8377232,0.4918453042507172,0.45277064648235554,255,115.45651485300067
10-210-01126,BIHAR,Kishanganj,Kochadhamin,0.0,0.0,,203,10,1126,,139640.52665725534,360840233.8364798,0.4918453042507172,0.4154246250243022,261,108.42582713134288
10-211-01128,BIHAR,Purnia,Banmankhi,0.0,0.0,,214,10,1128,,142815.61519736593,459936087.34673214,0.2233493438720703,0.19806189439118269,334,66.15267272665501
10-206-01075,BIHAR,Sitamarhi,Bajpatti,0.0,0.0,,221,10,1075,,90407.29439213518,174303329.1783474,0.08842477949559689,0.07163663302943475,123,8.811305862620474
10-206-01076,BIHAR,Sitamarhi,Charaut,0.0,0.0,,221,10,1076,,85128.15752493152,91349700.81924292,0.08842477949559689,0.08842477949559689,68,6.012885005700588
10-206-01077,BIHAR,Sitamarhi,Pupri,0.0,0.0,,221,10,1077,,73992.24203369493,115338203.66308306,0.08842477949559689,0.08842477949559689,81,7.162407139143348
10-206-01078,BIHAR,Sitamarhi,Nanpur,0.0,0.0,,221,10,1078,,73315.01223618646,135892566.9983101,0.08857784954905511,0.07368976348446062,96,7.07421729450822
10-220-01283,BIHAR,Vaishali,Mahnar,0.0,0.0,,224,10,1283,,81638.1139853176,126474580.44313861,0.13921574602127076,0.10954679883388763,94,10.297399090385436
10-206-01079,BIHAR,Sitamarhi,Bokhara,0.0,0.0,,221,10,1079,,81978.13188098712,108574895.39827529,0.08857784954905511,0.08282955147571203,79,6.54353456658125
10-207-01080,BIHAR,Madhubani,Madhwapur,0.0,0.0,,206,10,1080,,88808.76172423853,137557654.90878707,0.13646726999282838,0.09283684494942428,98,9.098010805043579
10-207-01081,BIHAR,Madhubani,Harlakhi,0.0,0.0,,206,10,1081,,90217.76640094945,187441757.00046396,0.13646726999282838,0.13112215762823606,137,17.96373559506834
10-207-01082,BIHAR,Madhubani,Basopatti,0.0,0.0,,206,10,1082,,97634.90682970545,164238774.4639331,0.13646726999282838,0.13124008967615977,119,15.617570671463014
10-207-01089,BIHAR,Madhubani,Khajauli,0.0,0.0,,206,10,1089,,91171.28062794723,150968724.81279027,0.13646726999282838,0.10849224120595861,109,11.825654291449489
10-207-01083,BIHAR,Madhubani,Jainagar,0.0,0.0,,206,10,1083,,81489.61423509955,161880108.8306139,0.13646726999282838,0.11476767643521996,117,13.427818142920735
10-207-01090,BIHAR,Madhubani,Kaluahi,0.0,0.0,,206,10,1090,,62305.281593423286,101560283.08963235,0.13646726999282838,0.13600609665075808,76,10.336463345457615
10-207-01084,BIHAR,Madhubani,Ladania,0.0,0.0,,206,10,1084,,97928.14946240213,232665607.5684243,0.10141809599548579,0.0972070802007454,166,16.136375313323736
10-207-01085,BIHAR,Madhubani,Laukaha,0.0,0.0,,206,10,1085,,102032.19667129294,266340932.00179368,0.03151523380279541,0.03151523380279541,193,6.082440123939515
10-207-01086,BIHAR,Madhubani,Laukahi,0.0,0.0,,206,10,1086,,109679.24973352649,329223432.564553,0.2364522557735443,0.060658182417893704,237,14.375989233040809
10-207-01087,BIHAR,Madhubani,Phulparas,0.0,0.0,,206,10,1087,,117974.41186319289,199352334.8677591,0.1279241264104843,0.07583998901337792,146,11.072638395953177
10-207-01088,BIHAR,Madhubani,Babubarhi,0.0,0.0,,206,10,1088,,118996.04641992833,237192379.86086744,0.10141809599548579,0.0933368402506661,173,16.147273363365237
10-207-01091,BIHAR,Madhubani,Benipatti,0.0,0.0,,206,10,1091,,128414.2409747215,328987645.9449377,0.13646726999282838,0.12052213306055758,232,27.961134870049356
10-207-01092,BIHAR,Madhubani,Bisfi,0.0,0.0,,206,10,1092,,99754.46134559005,226192948.413646,0.2664426404424012,0.1832982822753855,163,29.877620010887835
10-207-01093,BIHAR,Madhubani,Madhubani,0.0,0.0,,206,10,1093,,109764.71764889831,200359220.56727448,0.2664426404424012,0.2369446840283137,141,33.409200447992234
10-207-01094,BIHAR,Madhubani,Pandaul,0.0,0.0,,206,10,1094,,102372.75527307783,208327489.63825428,0.2664426404424012,0.19454065157414477,150,29.181097736121714
10-207-01096,BIHAR,Madhubani,Andhratharhi,0.0,0.0,,206,10,1096,,97300.5167595078,186769445.10608673,0.10783531205654145,0.10358921851551033,131,13.570187625531853
10-207-01097,BIHAR,Madhubani,Jhanjharpur,0.0,0.0,,206,10,1097,,125261.96837896874,181284371.95402232,0.1279241264104843,0.10844871096811223,131,14.206781136822702
10-207-01098,BIHAR,Madhubani,Ghoghardiha,0.0,0.0,,206,10,1098,,114215.40677637524,211228851.4219488,0.1279241264104843,0.12792412641048434,154,19.700315467214587
10-207-01099,BIHAR,Madhubani,Lakhnaur,0.0,0.0,,206,10,1099,,72956.74167609161,146945623.14022,0.1279241264104843,0.10966156790689989,110,12.062772469758988
10-207-01100,BIHAR,Madhubani,Madhepur,0.0,0.0,,206,10,1100,,144505.38034518834,300452948.5687113,0.24905772285461428,0.12281922599299322,210,25.792037458528576
10-208-01101,BIHAR,Supaul,Nirmali,0.0,0.0,,223,10,1101,,123310.21889922836,162734364.67066902,0.2364522557735443,0.12837986486521033,117,15.02044418922961
10-208-01102,BIHAR,Supaul,Basantpur,0.0,0.0,,223,10,1102,,136288.63693043106,319456339.75100917,0.2789698569774628,0.2516324893730415,231,58.127105045172584
10-208-01103,BIHAR,Supaul,Chhatapur,0.0,0.0,,223,10,1103,,142271.17176584958,398825687.2446475,0.3924866919577122,0.3732799987710265,289,107.87791964482666
10-208-01104,BIHAR,Supaul,Pratapganj,0.0,0.0,,223,10,1104,,71155.69013184242,133032565.19323792,0.3924866919577122,0.39248669195771224,98,38.4636958118558
10-208-01105,BIHAR,Supaul,Raghopur,0.0,0.0,,223,10,1105,,111831.20983491397,255841046.48838165,0.3924866919577122,0.28504599705905215,183,52.16341746180654
10-221-01285,BIHAR,Samastipur,Warisnagar,0.0,0.0,,217,10,1285,,90241.30323013186,163846086.5162723,0.18533132656775417,0.16092717380600693,119,19.150333682914827
10-208-01106,BIHAR,Supaul,Saraigarh Bhaptiyahi,0.0,0.0,,223,10,1106,,105489.5116383213,257042943.27229512,0.2364522557735443,0.21073064742967965,186,39.19590042192041
10-208-01107,BIHAR,Supaul,Kishanpur,0.0,0.0,,223,10,1107,,125516.73810076228,248613546.3002807,0.2364522557735443,0.20150251919899956,177,35.66594589822292
10-208-01108,BIHAR,Supaul,Marauna,0.0,0.0,,223,10,1108,,114969.59778192453,206419565.01179272,0.1279241264104843,0.12792412641048434,154,19.700315467214587
10-208-01109,BIHAR,Supaul,Supaul,0.0,0.0,,223,10,1109,,122628.008173687,390920691.5720901,0.2364522557735443,0.09725658499640784,289,28.107153063961867
10-208-01110,BIHAR,Supaul,Pipra,0.0,0.0,,223,10,1110,,113516.78657800167,247320462.25611627,0.2364522557735443,0.21062617375625503,180,37.912711276125904
10-221-01287,BIHAR,Samastipur,Khanpur,0.0,0.0,,217,10,1287,,89337.20668890505,173313349.37261373,0.16835926082134248,0.1461604330607823,126,18.41621456565857
10-208-01111,BIHAR,Supaul,Tribeniganj,0.0,0.0,,223,10,1111,,136684.8917573132,402291551.99740016,0.3924866919577122,0.28995767531362077,290,84.08772584095001
10-209-01112,BIHAR,Araria,Narpatganj,0.0,0.0,,188,10,1112,,196352.82868709194,482872068.7863751,0.3924866919577122,0.27610564065536947,347,95.8086573074132
10-209-01113,BIHAR,Araria,Forbesganj,0.0,0.0,,188,10,1113,,165874.55860340688,546946456.996027,0.44392286546826365,0.23180893972220284,398,92.25995800943673
10-209-01114,BIHAR,Araria,Bhargama,0.0,0.0,,188,10,1114,,140909.75235341018,280499778.1128878,0.3924866919577122,0.2334685797266662,204,47.627590264239906
10-209-01115,BIHAR,Araria,Raniganj,0.0,0.0,,188,10,1115,,160625.61646677545,576910744.770993,0.44392286546826365,0.23246367646474925,420,97.63474411519468
10-209-01116,BIHAR,Araria,Araria,0.0,0.0,,188,10,1116,,192057.15187743204,506918787.2643526,0.44392286546826365,0.37267512739466574,363,135.28107124426367
10-209-01117,BIHAR,Araria,Kursakatta,0.0,0.0,,188,10,1117,,96566.38525637137,201032230.408231,0.44392286546826365,0.3664101898388912,146,53.49588771647811
10-209-01118,BIHAR,Araria,Sikti,0.0,0.0,,188,10,1118,,116798.35346995249,237753016.2819182,0.44392286546826365,0.4000954180280255,176,70.41679357293249
10-209-01119,BIHAR,Araria,Palasi,0.0,0.0,,188,10,1119,,132578.70192307016,306240761.34804773,0.44392286546826365,0.44103087211825637,220,97.0267918660164
10-209-01120,BIHAR,Araria,Jokihat,0.0,0.0,,188,10,1120,,155370.9524619173,341005127.7602247,0.44392286546826365,0.3247781547675815,245,79.57064791805746
10-210-01121,BIHAR,Kishanganj,Terhagachh,0.0,0.0,,203,10,1121,,121953.02658094271,245208326.38245347,0.44392286546826365,0.43326925943289585,178,77.12192817905546
10-210-01122,BIHAR,Kishanganj,Dighalbank,0.0,0.0,,203,10,1122,,147432.83262190674,314385668.4331173,0.5529861868619919,0.46645834253326135,223,104.02021038491728
10-211-01129,BIHAR,Purnia,Barhara,0.0,0.0,,214,10,1129,,111073.17449432175,288009141.38478667,0.1395148361682892,0.11370551414763529,209,23.764452456855775
10-211-01130,BIHAR,Purnia,Bhawanipur,0.0,0.0,,214,10,1130,,116656.34435182877,201938838.4795833,0.21340220865905285,0.14827205186930237,147,21.795991624787447
10-211-01131,BIHAR,Purnia,Rupauli,0.0,0.0,,214,10,1131,,113946.660566684,308195114.8462847,0.21340220865905285,0.15492763551680247,225,34.85871799128056
10-211-01132,BIHAR,Purnia,Dhamdaha,0.0,0.0,,214,10,1132,,135370.01293426772,446856166.039676,0.1395148361682892,0.1387847072290938,328,45.52138397114277
10-211-01133,BIHAR,Purnia,Krityanand Nagar,0.0,0.0,,214,10,1133,,149407.41850079046,364443041.21247435,0.2989197780132294,0.23030538183194282,265,61.03092618546485
10-211-01134,BIHAR,Purnia,Purnia East,0.0,0.0,,214,10,1134,,127662.13358515713,309272824.56310594,0.31589806317687036,0.2998133719692105,228,68.35744880898
10-211-01135,BIHAR,Purnia,Kasba,0.0,0.0,,214,10,1135,,130095.64608516233,215123054.3424731,0.31589806317687036,0.28635630461767225,157,44.957939824974545
10-211-01136,BIHAR,Purnia,Srinagar,0.0,0.0,,214,10,1136,,106220.57404900706,172405807.6412187,0.2989197780132294,0.26827006533840514,127,34.07029829797745
10-211-01137,BIHAR,Purnia,Jalalgarh,0.0,0.0,,214,10,1137,,87146.39992638786,142107808.6772385,0.27706525952816013,0.27706525952816013,99,27.429460693287854
10-211-01138,BIHAR,Purnia,Amour,0.0,0.0,,214,10,1138,,141371.93624621196,307011870.96961224,0.27706525952816013,0.26128002200485323,226,59.04928497309683
10-211-01139,BIHAR,Purnia,Baisa,0.0,0.0,,214,10,1139,,132173.35304950457,275191667.549805,0.25940454823970793,0.2594045482397079,197,51.102696003222455
10-211-01140,BIHAR,Purnia,Baisi,0.0,0.0,,214,10,1140,,118169.54825440844,253873549.02719215,0.31589806317687036,0.2974696973417532,187,55.62683340290785
10-211-01141,BIHAR,Purnia,Dagarua,0.0,0.0,,214,10,1141,,129309.28146976323,257465778.6329552,0.31589806317687036,0.3074812645034298,184,56.57655266863108
10-212-01142,BIHAR,Katihar,Falka,0.0,0.0,,201,10,1142,,100518.70580952488,208374539.8829749,0.2989197780132294,0.1417984265062983,151,21.41156240245104
10-212-01143,BIHAR,Katihar,Korha,0.0,0.0,,201,10,1143,,137118.64195203967,368801327.90483874,0.2989197780132294,0.2080579160208192,271,56.383695241642
10-212-01144,BIHAR,Katihar,Hasanganj,0.0,0.0,,201,10,1144,,78227.29832785497,86155111.41022065,0.31589806317687036,0.2898748713372151,60,17.392492280232908
10-212-01145,BIHAR,Katihar,Kadwa,0.0,0.0,,201,10,1145,,157692.68144088247,420129854.10490626,0.31589806317687036,0.3050861891669015,303,92.44111531757116
10-212-01146,BIHAR,Katihar,Balrampur,0.0,0.0,,201,10,1146,,141815.18317465586,216253207.31133217,0.31589806317687036,0.2941968278682536,157,46.188901975315815
10-212-01147,BIHAR,Katihar,Barsoi,0.0,0.0,,201,10,1147,,172308.8160052511,357713388.6445612,0.31589806317687036,0.28373556393375937,265,75.18992444244623
10-212-01148,BIHAR,Katihar,Azamnagar,0.0,0.0,,201,10,1148,,141791.77759222616,349759708.1212404,0.31589806317687036,0.26269382023858834,251,65.93614887988568
10-221-01290,BIHAR,Samastipur,Tajpur,0.0,0.0,,217,10,1290,,57166.77792153786,83856612.1105223,0.18533132656775417,0.1656810030272078,61,10.106541184659676
10-212-01149,BIHAR,Katihar,Pranpur,0.0,0.0,,201,10,1149,,111803.70370561493,191475637.62126103,0.2538402682065964,0.2538402682065964,135,34.26843620789051
10-212-01150,BIHAR,Katihar,Dandkhora,0.0,0.0,,201,10,1150,,70987.07501110679,111201189.06340708,0.31589806317687036,0.25788312131070795,81,20.888532826167346
10-212-01151,BIHAR,Katihar,Katihar,0.0,0.0,,201,10,1151,,76845.81968857624,136830037.77828172,0.2538402682065964,0.1685311137028769,102,17.190173597693445
10-212-01152,BIHAR,Katihar,Mansahi,0.0,0.0,,201,10,1152,,73279.06289841712,97405011.1871763,0.2538402682065964,0.18755954253153065,71,13.316727519738675
10-212-01155,BIHAR,Katihar,Kursela,0.0,0.0,,201,10,1155,,80348.39413748268,153683091.52761996,0.13289631953239442,0.13170400254438663,116,15.27766429514885
10-212-01153,BIHAR,Katihar,Barari,0.0,0.0,,201,10,1153,,107333.93297446336,407446973.1478653,0.2622579760551453,0.16237913140361593,295,47.9018437640667
10-212-01154,BIHAR,Katihar,Sameli,0.0,0.0,,201,10,1154,,75105.36277909,118027198.2496544,0.13168308470249177,0.1316830847024918,83,10.929696030306818
10-212-01156,BIHAR,Katihar,Manihari,0.0,0.0,,201,10,1156,,130162.81635074862,303859830.4099729,0.32058129212856296,0.2464344070417924,222,54.708438363277914
10-212-01157,BIHAR,Katihar,Amdabad,0.0,0.0,,201,10,1157,,103742.71814675455,228302986.79665467,0.32058129212856296,0.3114981941983545,169,52.64319481952191
10-213-01158,BIHAR,Madhepura,Gamharia,0.0,0.0,,205,10,1158,,80141.00377515821,125479849.27382244,0.11081185677051544,0.11081185677051542,93,10.305502679657934
10-213-01160,BIHAR,Madhepura,Ghailarh,0.0,0.0,,205,10,1160,,78865.70647224285,116219722.2388165,0.11081185677051544,0.1100418654926211,83,9.13347483588755
10-213-01159,BIHAR,Madhepura,Singheshwar,0.0,0.0,,205,10,1159,,111627.30849980874,111167268.35246354,0.11081185677051544,0.11081185677051544,80,8.864948541641235
10-216-01210,BIHAR,Muzaffarpur,Bandra,0.0,0.0,,208,10,1210,,74293.85759884378,142020443.31484023,0.14883816800117494,0.12875047337361747,105,13.518799704229835
10-213-01161,BIHAR,Madhepura,Madhepura,0.0,0.0,,205,10,1161,,115084.47931226583,237801277.85767865,0.22303933827877045,0.11536276649532978,173,19.957758603692053
10-213-01162,BIHAR,Madhepura,Shankarpur,0.0,0.0,,205,10,1162,,63984.56408470212,128790837.874554,0.22303933827877045,0.160288488403187,93,14.90682942149639
10-213-01163,BIHAR,Madhepura,Kumarkhand,0.0,0.0,,205,10,1163,,118191.24796123093,316976886.68211347,0.22303933827877045,0.22303933827877048,230,51.29904780411721
10-213-01164,BIHAR,Madhepura,Murliganj,0.0,0.0,,205,10,1164,,94211.11378994165,247086114.21145928,0.22303933827877045,0.15190227727386688,180,27.342409909296038
10-221-01293,BIHAR,Samastipur,Mohanpur,0.0,0.0,,217,10,1293,,74468.46489139357,163000016.77407515,0.13921574602127076,0.12438448692715366,121,15.050522918185592
10-213-01165,BIHAR,Madhepura,Gwalpara,0.0,0.0,,205,10,1165,,78037.2495556277,147267353.58482873,0.1064219017982483,0.09014550552257787,108,9.73571459643841
10-214-01172,BIHAR,Saharsa,Satar Kataiya,0.0,0.0,,216,10,1172,,77878.75925155886,177382280.64763528,0.11081185677051544,0.08103594405830584,132,10.696744615696371
10-213-01166,BIHAR,Madhepura,Bihariganj,0.0,0.0,,205,10,1166,,79669.40805645821,133818744.70956944,0.1064219017982483,0.1064219017982483,97,10.322924474430085
10-216-01211,BIHAR,Muzaffarpur,Dholi (Moraul),0.0,0.0,,208,10,1211,,63030.361633940505,73298422.6275262,0.14883816800117494,0.11625582599020921,52,6.045302951490879
10-213-01167,BIHAR,Madhepura,Kishanganj,0.0,0.0,,205,10,1167,,99817.47531025465,188055937.5971522,0.21340220865905285,0.0935702389274924,135,12.631982255211474
10-216-01212,BIHAR,Muzaffarpur,Musahri,0.0,0.0,,208,10,1212,,211487.75457487197,365415439.5943066,0.11426098872423172,0.09306613225542179,262,24.38332665092051
10-213-01168,BIHAR,Madhepura,Puraini,0.0,0.0,,205,10,1168,,63416.842365887525,103114850.3546553,0.21340220865905285,0.20627018820166587,75,15.470264115124941
10-214-01174,BIHAR,Saharsa,Kahara,0.0,0.0,,216,10,1174,,81070.16203244023,176788302.3737116,0.11081185677051544,0.05232578035739787,132,6.9070030071765185
10-213-01169,BIHAR,Madhepura,Alamnagar,0.0,0.0,,205,10,1169,,94357.42058114092,211989804.11375904,0.21340220865905285,0.18825763276136473,151,28.426902546966076
10-213-01170,BIHAR,Madhepura,Chausa,0.0,0.0,,205,10,1170,,87285.75133964,172516848.53860697,0.21340220865905285,0.21340220865905285,124,26.461873873722553
10-214-01171,BIHAR,Saharsa,Nauhatta,0.0,0.0,,216,10,1171,,93228.84620468391,212763144.21707585,0.07885721873790026,0.07885721873790026,151,11.90744002942294
10-217-01227,BIHAR,Gopalganj,Sidhwalia,0.0,0.0,,197,10,1227,,69457.48217743407,152022198.31601515,0.053105801963806154,0.04586948001395772,108,4.953903841507434
10-214-01173,BIHAR,Saharsa,Mahishi,0.0,0.0,,216,10,1173,,106372.46434789852,273075178.2794974,0.24905772285461428,0.06988676288650586,195,13.627918762868642
10-214-01175,BIHAR,Saharsa,Saur Bazar,0.0,0.0,,216,10,1175,,88121.22998090234,233228921.9025612,0.11081185677051544,0.051224518114152046,169,8.656943561291696
10-214-01176,BIHAR,Saharsa,Patarghat,0.0,0.0,,216,10,1176,,67497.21582029684,149681422.04156074,0.03610786988735199,0.03610786988735199,104,3.7552184682846073
10-214-01177,BIHAR,Saharsa,Sonbarsa,0.0,0.0,,216,10,1177,,90185.02153799882,263952116.041209,0.03610786988735199,0.036107869887352,190,6.860495278596879
10-216-01199,BIHAR,Muzaffarpur,Sahebganj,0.0,0.0,,208,10,1199,,80060.99972290538,253055918.70266867,0.038011860060691835,0.03801186006069184,184,6.994182251167299
10-214-01178,BIHAR,Saharsa,Simri Bakhtiarpur,0.0,0.0,,216,10,1178,,119116.35548129058,266466354.66217396,0.037585669517517094,0.03741455587612955,190,7.1087656164646145
10-214-01179,BIHAR,Saharsa,Salkhua,0.0,0.0,,216,10,1179,,82412.26684571667,221182533.93573853,0.13877198521494866,0.048167497717120034,162,7.803134630173446
10-214-01180,BIHAR,Saharsa,Banma Itahri,0.0,0.0,,216,10,1180,,54286.501575749484,92822449.4552088,0.037585669517517094,0.03623453842708042,70,2.5364176898956297
10-215-01181,BIHAR,Darbhanga,Jale,0.0,0.0,,195,10,1181,,112473.57051363293,234172285.01568127,0.08842477949559689,0.08311191435950191,178,14.79392075599134
10-215-01182,BIHAR,Darbhanga,Singhwara,0.0,0.0,,195,10,1182,,121368.62688362494,223279889.67870736,0.14883816800117494,0.08446496498768148,156,13.176534538078311
10-215-01183,BIHAR,Darbhanga,Keotiranway,0.0,0.0,,195,10,1183,,89515.08566239705,180205403.4644349,0.2664426404424012,0.22486404683074698,130,29.23232608799711
10-215-01184,BIHAR,Darbhanga,Darbhanga,0.0,0.0,,195,10,1184,,131883.04966973627,240721362.1475316,0.2664426404424012,0.24102625876756553,176,42.420621543091535
10-215-01185,BIHAR,Darbhanga,Manigachhi,0.0,0.0,,195,10,1185,,96856.01003306538,158887287.31255177,0.2664426404424012,0.1561071076522379,115,17.952317380007358
10-215-01186,BIHAR,Darbhanga,Tardih,0.0,0.0,,195,10,1186,,96398.42232606321,109520018.96976715,0.24905772285461428,0.12725339354127646,80,10.180271483302116
10-215-01187,BIHAR,Darbhanga,Alinagar,0.0,0.0,,195,10,1187,,105560.56246873255,146523357.5416611,0.24905772285461428,0.23819446048553175,104,24.7722238904953
10-215-01188,BIHAR,Darbhanga,Benipur,0.0,0.0,,195,10,1188,,118482.30854716274,204643530.87647069,0.2664426404424012,0.21842383782460292,150,32.76357567369044
10-215-01189,BIHAR,Darbhanga,Bahadurpur,0.0,0.0,,195,10,1189,,155637.00049509996,221161760.4253616,0.2664426404424012,0.17072357866942056,162,27.65721974444613
10-215-01190,BIHAR,Darbhanga,Hanumannagar,0.0,0.0,,195,10,1190,,114393.83215098479,181536916.32106537,0.16835926082134248,0.1444141625116038,129,18.62942696399689
10-215-01191,BIHAR,Darbhanga,Hayaghat,0.0,0.0,,195,10,1191,,66118.49929402806,108810529.75916524,0.16835926082134248,0.16719729101061823,84,14.04457244489193
10-215-01192,BIHAR,Darbhanga,Baheri,0.0,0.0,,195,10,1192,,128629.1579498372,271307286.95794886,0.24905772285461428,0.16919551431391525,193,32.65473426258564
10-215-01193,BIHAR,Darbhanga,Biraul,0.0,0.0,,195,10,1193,,135706.32971678255,230203939.26841983,0.24905772285461428,0.23921644699689823,164,39.23149730749131
10-215-01194,BIHAR,Darbhanga,Ghanshyampur,0.0,0.0,,195,10,1194,,76766.91373126305,103945643.9979024,0.24905772285461428,0.24362609167007301,78,19.002835150265696
10-215-01195,BIHAR,Darbhanga,Kiratpur,0.0,0.0,,195,10,1195,,78793.19278562842,78915927.53877336,0.24905772285461428,0.20128214275167705,57,11.473082136845592
10-215-01196,BIHAR,Darbhanga,Gora Bauram,0.0,0.0,,195,10,1196,,99804.03366816713,145653476.81698695,0.24905772285461428,0.24696517803898765,107,26.42527405017168
10-215-01197,BIHAR,Darbhanga,Kusheshwar Asthan,0.0,0.0,,195,10,1197,,87220.16498537568,144130520.9401011,0.24905772285461428,0.0708054101137571,103,7.292957241716981
10-215-01198,BIHAR,Darbhanga,Kusheshwar Asthan Purbi,0.0,0.0,,195,10,1198,,91858.86035222423,150084285.43545517,0.037585669517517094,0.028706925278263434,112,3.2151756311655046
10-216-01200,BIHAR,Muzaffarpur,Baruraj (Motipur),0.0,0.0,,208,10,1200,,125110.13599018812,365259305.4740948,0.09843544130325318,0.06397332272384557,263,16.824983876371384
10-216-01201,BIHAR,Muzaffarpur,Paroo,0.0,0.0,,208,10,1201,,136934.87791145188,413033977.3448192,0.06180173218250275,0.051678199364115794,300,15.503459809234737
10-216-01202,BIHAR,Muzaffarpur,Saraiya,0.0,0.0,,208,10,1202,,155820.80051537574,301402655.1404849,0.09843544130325318,0.049675866392364196,218,10.829338873535395
10-216-01203,BIHAR,Muzaffarpur,Marwan,0.0,0.0,,208,10,1203,,84959.92762229654,138736310.53842777,0.09843544130325318,0.06020489781841636,100,6.020489781841636
10-216-01204,BIHAR,Muzaffarpur,Kanti,0.0,0.0,,208,10,1204,,97122.90469976026,124757584.36625764,0.09843544130325318,0.09843544130325318,92,9.056060599899293
10-216-01205,BIHAR,Muzaffarpur,Minapur,0.0,0.0,,208,10,1205,,166218.11946715685,316124209.98756105,0.09843544130325318,0.09632310021306789,224,21.576374447727208
10-216-01206,BIHAR,Muzaffarpur,Bochaha,0.0,0.0,,208,10,1206,,126044.68100944142,233148755.94160384,0.11426098872423172,0.09205262720216724,170,15.648946624368431
10-216-01207,BIHAR,Muzaffarpur,Aurai,0.0,0.0,,208,10,1207,,101267.16719990574,247748190.77792475,0.08857784954905511,0.08748825339103199,184,16.097838623949887
10-216-01208,BIHAR,Muzaffarpur,Katra,0.0,0.0,,208,10,1208,,118891.9342746819,235108975.17115793,0.08857784954905511,0.08292954188439737,172,14.263881204116348
10-216-01209,BIHAR,Muzaffarpur,Gaighat,0.0,0.0,,208,10,1209,,111008.49869520529,259762671.68662548,0.14883816800117494,0.10359754445814963,191,19.78713099150658
10-216-01213,BIHAR,Muzaffarpur,Kurhani,0.0,0.0,,208,10,1213,,108106.10574110712,256354911.2077163,0.11426098872423172,0.06621814835781609,183,12.117921149480344
10-216-01214,BIHAR,Muzaffarpur,Sakra,0.0,0.0,,208,10,1214,,105121.4777371614,236360031.18726787,0.14883816800117494,0.11585074409328656,174,20.158029472231863
10-217-01215,BIHAR,Gopalganj,Katiya,0.0,0.0,,197,10,1215,,94755.55253264701,158441587.458013,0.19105626511573792,0.14534492558582973,115,16.71466644237042
10-217-01216,BIHAR,Gopalganj,Bijaipur,0.0,0.0,,197,10,1216,,81309.59717969262,163112176.36717936,0.146840979218483,0.14684097921848302,117,17.180394568562512
10-217-01217,BIHAR,Gopalganj,Bhorey,0.0,0.0,,197,10,1217,,78790.65552761848,196013266.46535653,0.1478271797180176,0.14732358797357437,141,20.772625904273987
10-217-01218,BIHAR,Gopalganj,Pach Deuri,0.0,0.0,,197,10,1218,,53698.212932643866,118295317.11973979,0.1478271797180176,0.14782717971801762,87,12.860964635467532
10-217-01219,BIHAR,Gopalganj,Kuchaikote,0.0,0.0,,197,10,1219,,101077.28158428885,316078491.04748106,0.1478271797180176,0.13659298060891875,223,30.460234675788882
10-217-01220,BIHAR,Gopalganj,Phulwaria,0.0,0.0,,197,10,1220,,81339.22200232239,118763292.85091434,0.1478271797180176,0.14782717971801762,86,12.713137455749514
10-217-01221,BIHAR,Gopalganj,Hathua,0.0,0.0,,197,10,1221,,91546.96202775641,183613061.83342972,0.1995539753675461,0.18204644453232105,130,23.666037789201738
10-217-01222,BIHAR,Gopalganj,Uchkagaon,0.0,0.0,,197,10,1222,,80102.93001981139,142235093.67043933,0.1995539753675461,0.14877663679390313,107,15.919100136947634
10-217-01223,BIHAR,Gopalganj,Thawe,0.0,0.0,,197,10,1223,,57244.55575246375,89300191.60424533,0.1995539753675461,0.0905242244929534,65,5.884074592041971
10-217-01224,BIHAR,Gopalganj,Gopalganj,0.0,0.0,,197,10,1224,,110313.13172782106,244420793.60160467,0.10505427012443543,0.07838906431009542,177,13.874864382886889
10-218-01232,BIHAR,Siwan,Goriakothi,0.0,0.0,,222,10,1232,,73201.39147651673,174963939.23516312,0.048847922277450564,0.048756069695018237,128,6.240776920962334
10-217-01225,BIHAR,Gopalganj,Manjha,0.0,0.0,,197,10,1225,,80242.78538873792,179389027.9828925,0.07823755745887757,0.07330189353527915,131,9.602548053121568
10-217-01226,BIHAR,Gopalganj,Barauli,0.0,0.0,,197,10,1226,,105754.79057670098,232227972.12586737,0.07823755745887757,0.0613367308520409,166,10.18189732143879
10-217-01228,BIHAR,Gopalganj,Baikunthpur,0.0,0.0,,197,10,1228,,97825.58906166903,256614409.24172768,0.042969357001781464,0.0428308794335946,179,7.6667274186134335
10-218-01229,BIHAR,Siwan,Nautan,0.0,0.0,,222,10,1229,,58324.35348563096,81827813.66620097,0.1995539753675461,0.1995539753675461,58,11.574130571317674
10-218-01230,BIHAR,Siwan,Siwan,0.0,0.0,,222,10,1230,,92599.06904644772,168879532.28230655,0.1995539753675461,0.18336241594464328,121,22.186852329301836
10-218-01235,BIHAR,Siwan,Bhagwanpur Hat,0.0,0.0,,222,10,1235,,86430.4184146014,189582799.91524476,0.07575675377845764,0.05048175373848746,136,6.865518508434295
10-218-01231,BIHAR,Siwan,Barharia,0.0,0.0,,222,10,1231,,90315.6629531122,219606934.01516393,0.1995539753675461,0.05174611560610624,156,8.072394034552573
10-218-01233,BIHAR,Siwan,Lakri Nabiganj,0.0,0.0,,222,10,1233,,79648.98713303795,120773104.6039552,0.048847922277450564,0.043538250415555896,93,4.049057288646698
10-218-01234,BIHAR,Siwan,Basantpur,0.0,0.0,,222,10,1234,,57871.378293950496,76675463.02480637,0.048847922277450564,0.04430035291325371,53,2.3479187044024465
10-218-01236,BIHAR,Siwan,Maharajganj,0.0,0.0,,222,10,1236,,119387.58843212528,142817377.5161484,0.07575675377845764,0.05903670313705519,103,6.080780423116685
10-218-01237,BIHAR,Siwan,Pachrukhi,0.0,0.0,,222,10,1237,,99183.2392802834,160709761.40986398,0.1995539753675461,0.05523377198465801,118,6.517585094189645
10-218-01238,BIHAR,Siwan,Hussainganj,0.0,0.0,,222,10,1238,,68784.84800107122,105975934.30464326,0.23054529707431795,0.18199418416797342,77,14.013552180933953
10-218-01239,BIHAR,Siwan,Ziradei,0.0,0.0,,222,10,1239,,98825.50869312549,152221780.48504183,0.23054529707431795,0.1998382994199018,109,21.782374636769298
10-218-01240,BIHAR,Siwan,Mairwa,0.0,0.0,,222,10,1240,,65279.2242200428,88898123.37504825,0.2152701738834381,0.2004784576331868,68,13.632535119056703
10-218-01242,BIHAR,Siwan,Darauli,0.0,0.0,,222,10,1242,,90305.00161970501,214758375.6239279,0.23054529707431795,0.2012023121487636,156,31.387560695207124
10-218-01241,BIHAR,Siwan,Guthani,0.0,0.0,,222,10,1241,,78778.78773845347,115110806.99004474,0.2152701738834381,0.21447441699655753,79,16.943478942728046
10-219-01248,BIHAR,Saran,Mashrakh,0.0,0.0,,218,10,1248,,82075.7710341599,165898243.02109933,0.048084009516239166,0.04597051674166987,121,5.562432525742054
10-218-01243,BIHAR,Siwan,Andar,0.0,0.0,,222,10,1243,,83358.60866933218,125625010.62434034,0.23054529707431795,0.22737573008157994,88,20.009064247179033
10-219-01249,BIHAR,Saran,Panapur,0.0,0.0,,218,10,1249,,75875.09329534958,182360909.7404776,0.06180173218250275,0.04634376313704296,133,6.163720497226715
10-218-01244,BIHAR,Siwan,Raghunathpur,0.0,0.0,,222,10,1244,,87824.68008836384,193566358.3438411,0.23054529707431795,0.23054529707431798,143,32.96797748162747
10-219-01250,BIHAR,Saran,Taraiya,0.0,0.0,,218,10,1250,,53629.0613522338,97307015.09151264,0.06180173218250275,0.058753349367777506,72,4.23024115447998
10-218-01245,BIHAR,Siwan,Hasanpura,0.0,0.0,,222,10,1245,,82786.09108287447,121956119.03175904,0.23054529707431795,0.14053251821534204,88,12.366861602950099
10-219-01251,BIHAR,Saran,Ishupur,0.0,0.0,,218,10,1251,,62425.60798229613,109300191.56908256,0.048084009516239166,0.048084009516239166,75,3.6063007137179377
10-218-01246,BIHAR,Siwan,Daraundha,0.0,0.0,,222,10,1246,,105400.53795370483,157911066.26165873,0.07575675377845764,0.07227716349815501,116,8.384150965785981
10-219-01256,BIHAR,Saran,Jalalpur,0.0,0.0,,218,10,1256,,65042.73641147566,147549697.72689733,0.09339610208272935,0.06582667478168452,108,7.109280876421928
10-218-01247,BIHAR,Siwan,Siswan,0.0,0.0,,222,10,1247,,98184.39847010886,155554872.77293277,0.23054529707431795,0.12316946073394638,111,13.671810141468049
10-219-01259,BIHAR,Saran,Nagra,0.0,0.0,,218,10,1259,,43289.948409307304,65110006.46242106,0.09339610208272935,0.06679987383718076,46,3.072794196510315
10-219-01252,BIHAR,Saran,Baniapur,0.0,0.0,,218,10,1252,,89199.8841803021,219417775.87250236,0.07575675377845764,0.04894341151196023,161,7.879889253425597
10-219-01253,BIHAR,Saran,Lahladpur,0.0,0.0,,218,10,1253,,49287.19248841685,70233795.44130237,0.07575675377845764,0.06219168306168388,51,3.1717758361458777
10-219-01254,BIHAR,Saran,Ekma,0.0,0.0,,218,10,1254,,99716.17236158185,176114988.01319405,0.07575675377845764,0.07575675377845766,126,9.545350976085665
10-219-01255,BIHAR,Saran,Manjhi,0.0,0.0,,218,10,1255,,127085.43562979231,244607530.98349065,0.08642927104234696,0.07783248116410645,179,13.932014128375053
10-219-01257,BIHAR,Saran,Revelganj,0.0,0.0,,218,10,1257,,84877.1419542779,179359801.45379385,0.09339610208272935,0.09264582797068815,130,12.043957636189461
10-219-01258,BIHAR,Saran,Chapra,0.0,0.0,,218,10,1258,,119729.94798472138,239470568.44351175,0.09339610208272935,0.09186080697131958,178,16.351223640894887
10-219-01260,BIHAR,Saran,Marhaura,0.0,0.0,,218,10,1260,,87240.95030017926,190752130.05196184,0.09339610208272935,0.05141561638695606,138,7.095355061399936
10-219-01261,BIHAR,Saran,Amnour,0.0,0.0,,218,10,1261,,94922.90618840617,160109081.4065653,0.09339610208272935,0.06249416036858397,118,7.374310923492908
10-219-01263,BIHAR,Saran,Parsa,0.0,0.0,,218,10,1263,,85595.91054800974,122749042.93573296,0.06855223573446274,0.0625916847258172,94,5.883618364226818
10-219-01266,BIHAR,Saran,Dighwara,0.0,0.0,,218,10,1266,,81943.45164265168,101347015.6655549,0.06855223573446274,0.06855223573446273,74,5.072865444350242
10-219-01264,BIHAR,Saran,Dariapur,0.0,0.0,,218,10,1264,,115477.27251924115,281302380.67878103,0.10957720101177693,0.07511883989866078,200,15.023767979732156
10-219-01265,BIHAR,Saran,Garkha,0.0,0.0,,218,10,1265,,90147.74693968748,213336409.9887166,0.09339610208272935,0.0812177362257359,153,12.426313642537593
10-220-01269,BIHAR,Vaishali,Paterhi Belsar,0.0,0.0,,224,10,1269,,56227.36197278124,93522597.26160131,0.03576241919696331,0.03576241919696331,72,2.5748941821813585
10-219-01267,BIHAR,Saran,Sonepur,0.0,0.0,,218,10,1267,,70412.64000247594,214865144.18564072,0.10957720101177693,0.09311495379858716,157,14.619047746378182
10-220-01268,BIHAR,Vaishali,Vaishali,0.0,0.0,,224,10,1268,,72706.90824879723,158663399.21103516,0.06180173218250275,0.043460998688340184,115,4.998014849159121
10-220-01270,BIHAR,Vaishali,Lalganj,0.0,0.0,,224,10,1270,,89595.71916906572,184177988.41986412,0.10957720101177693,0.08300844772361793,130,10.79109820407033
10-221-01294,BIHAR,Samastipur,Mohiuddinagar,0.0,0.0,,217,10,1294,,80607.53716768604,178536106.2701614,0.18533132656775417,0.09935478043936019,128,12.717411896238104
10-220-01271,BIHAR,Vaishali,Bhagwanpur,0.0,0.0,,224,10,1271,,98965.72708266653,142473218.81446454,0.10957720101177693,0.09340824880472251,105,9.807866124495863
10-220-01272,BIHAR,Vaishali,Goraul,0.0,0.0,,224,10,1272,,101989.77906286377,122446101.92943335,0.11426098872423172,0.06052479932243851,88,5.326182340374589
10-220-01273,BIHAR,Vaishali,Chehra Kalan,0.0,0.0,,224,10,1273,,63204.34388206024,89818122.94593617,0.11426098872423172,0.10521626193440878,65,6.839057025736571
10-220-01277,BIHAR,Vaishali,Raja Pakar,0.0,0.0,,224,10,1277,,58946.08844196175,93673217.82917874,0.10957720101177693,0.10421457982305167,69,7.190806007790565
10-220-01274,BIHAR,Vaishali,Patepur,0.0,0.0,,224,10,1274,,118180.33822078991,317029999.71255994,0.14883816800117494,0.09325098578380503,230,21.447726730275157
10-220-01275,BIHAR,Vaishali,Mahua,0.0,0.0,,224,10,1275,,86273.82517515696,171155586.12447235,0.10957720101177693,0.08475734011306763,125,10.594667514133453
10-220-01276,BIHAR,Vaishali,Jandaha,0.0,0.0,,224,10,1276,,99044.76663725945,179891527.10359335,0.08111405777931213,0.08111405777931212,130,10.544827511310576
10-220-01278,BIHAR,Vaishali,Hajipur,0.0,0.0,,224,10,1278,,80048.24731377292,194916759.16986817,0.10957720101177693,0.10957720101177693,141,15.450385342660546
10-220-01280,BIHAR,Vaishali,Bidupur,0.0,0.0,,224,10,1280,,88122.3198685409,139375575.9420912,0.15179749767780304,0.11776134797298908,100,11.776134797298909
10-220-01279,BIHAR,Vaishali,Raghopur,0.0,0.0,,224,10,1279,,128641.49950069311,338499790.0832371,0.15179749767780304,0.1407150605865887,245,34.47518984371423
10-220-01281,BIHAR,Vaishali,Desri,0.0,0.0,,224,10,1281,,50183.809114488824,56627949.53624974,0.13921574602127076,0.10186466072286879,42,4.278315750360489
10-221-01284,BIHAR,Samastipur,Kalyanpur,0.0,0.0,,217,10,1284,,147387.26660455638,294821482.9966942,0.16835926082134248,0.14911571908392615,211,31.46341672670842
10-221-01286,BIHAR,Samastipur,Shivaji Nagar,0.0,0.0,,217,10,1286,,96209.25031894707,172333979.18990555,0.16835926082134248,0.15344850408658386,128,19.641408523082735
10-221-01288,BIHAR,Samastipur,Samastipur,0.0,0.0,,217,10,1288,,112474.97484539819,170577777.20953664,0.18533132656775417,0.17114586106073115,124,21.222086771530662
10-221-01289,BIHAR,Samastipur,Pusa,0.0,0.0,,217,10,1289,,64081.7615729533,95008289.7510354,0.14883816800117494,0.14883816800117494,67,9.972157256078722
10-221-01291,BIHAR,Samastipur,Morwa,0.0,0.0,,217,10,1291,,104551.97847793197,152111293.7773472,0.18533132656775417,0.15217128649870443,110,16.738841514857487
10-221-01292,BIHAR,Samastipur,Patori,0.0,0.0,,217,10,1292,,69422.25062895294,130638318.44440164,0.18533132656775417,0.1322452862290325,93,12.298811619300023
10-221-01295,BIHAR,Samastipur,Sarairanjan,0.0,0.0,,217,10,1295,,96463.23467310029,185572344.2706523,0.18533132656775417,0.18533132656775417,138,25.575723066350076
10-221-01296,BIHAR,Samastipur,Vidyapati Nagar,0.0,0.0,,217,10,1296,,62930.2690484309,106322816.42401849,0.18533132656775417,0.12492526660166398,79,9.869096061531454
10-221-01297,BIHAR,Samastipur,Dalsinghsarai,0.0,0.0,,217,10,1297,,80515.23552986495,118201268.21451648,0.18533132656775417,0.18016654120947476,86,15.494322544014828
10-221-01298,BIHAR,Samastipur,Ujiarpur,0.0,0.0,,217,10,1298,,81756.09445970641,209497824.1015558,0.18533132656775417,0.17469056638259192,150,26.203584957388788
10-221-01300,BIHAR,Samastipur,Rosera,0.0,0.0,,217,10,1300,,84599.34785899956,138535375.895554,0.13545276319980623,0.13545276319980623,100,13.545276319980623
10-221-01299,BIHAR,Samastipur,Bibhutpur,0.0,0.0,,217,10,1299,,96600.53522783429,258332531.194082,0.18533132656775417,0.13655965649402066,190,25.946334733863925
10-221-01301,BIHAR,Samastipur,Singhia,0.0,0.0,,217,10,1301,,76055.88015393679,178639507.67998633,0.24905772285461428,0.0692423590191354,127,8.793779595430196
10-222-01307,BIHAR,Begusarai,Cheria Bariarpur,0.0,0.0,,191,10,1307,,80422.0696045629,127840547.1243011,0.13545276319980623,0.11522105971882853,89,10.25467431497574
10-221-01302,BIHAR,Samastipur,Hasanpur,0.0,0.0,,217,10,1302,,122795.93417076243,188091095.39019313,0.13545276319980623,0.040912189813596865,140,5.727706573903561
10-221-01303,BIHAR,Samastipur,Bithan,0.0,0.0,,217,10,1303,,72838.55780104545,149849875.79630712,0.037585669517517094,0.0253877685533088,107,2.7164912352040416
10-222-01304,BIHAR,Begusarai,Khudabandpur,0.0,0.0,,191,10,1304,,49522.71992212785,59617610.47663844,0.13545276319980623,0.13545276319980623,42,5.689016054391862
10-222-01305,BIHAR,Begusarai,Chhorahi,0.0,0.0,,191,10,1305,,96201.09768359947,128309829.49376953,0.13545276319980623,0.09869312181084729,96,9.47453969384134
10-222-01306,BIHAR,Begusarai,Garhpura,0.0,0.0,,191,10,1306,,69581.28073662621,88651595.91159394,0.11997190458774568,0.04496782576274961,67,3.012844326104224
10-222-01308,BIHAR,Begusarai,Bhagwanpur,0.0,0.0,,191,10,1308,,102620.52088176137,147276258.21886113,0.103399884557724,0.10339988455772399,107,11.063787647676467
10-223-01324,BIHAR,Khagaria,Mansi,0.0,0.0,,202,10,1324,,70720.37786012898,86151878.56106131,0.13877198521494866,0.13877198521494868,68,9.43649499461651
10-222-01309,BIHAR,Begusarai,Mansurchak,0.0,0.0,,191,10,1309,,55538.61039021854,42158333.283958256,0.18533132656775417,0.1281090490247705,32,4.099489568792656
10-224-01333,BIHAR,Bhagalpur,Rangra Chowk,0.0,0.0,,192,10,1333,,56200.86409227388,97946271.45940188,0.21340220865905285,0.1353240056592917,69,9.337356390491127
10-222-01310,BIHAR,Begusarai,Bachhwara,0.0,0.0,,191,10,1310,,112893.55520851951,186501763.14040864,0.18533132656775417,0.0980405773154591,135,13.235477937586978
10-222-01311,BIHAR,Begusarai,Teghra,0.0,0.0,,191,10,1311,,93442.93751421869,180050069.66821858,0.103399884557724,0.10339988455772399,130,13.44198499250412
10-222-01312,BIHAR,Begusarai,Barauni,0.0,0.0,,191,10,1312,,90573.71511882372,141812926.41245717,0.18582567195892336,0.10500038528396088,103,10.81503968424797
10-222-01313,BIHAR,Begusarai,Birpur,0.0,0.0,,191,10,1313,,69057.86510087451,64693086.30641256,0.103399884557724,0.10339988455772399,49,5.066594343328475
10-222-01314,BIHAR,Begusarai,Begusarai,0.0,0.0,,191,10,1314,,114572.02827886646,273941103.5239774,0.11997190458774568,0.11667441080626176,196,22.868184518027306
10-222-01315,BIHAR,Begusarai,Naokothi,0.0,0.0,,191,10,1315,,61794.845266753924,91575422.87048158,0.11997190458774568,0.11997190458774569,67,8.038117607378961
10-222-01316,BIHAR,Begusarai,Bakhri,0.0,0.0,,191,10,1316,,74902.13049058078,94921186.04856166,0.11997190458774568,0.11439446476391134,68,7.778823603945971
10-222-01317,BIHAR,Begusarai,Dandari,0.0,0.0,,191,10,1317,,77075.31892237118,85364223.36403492,0.11997190458774568,0.11997190458774568,62,7.438258084440232
10-222-01318,BIHAR,Begusarai,Sahebpur Kamal,0.0,0.0,,191,10,1318,,97820.3506924087,179327758.1582562,0.13877198521494866,0.133449659796313,135,18.015704072502256
10-222-01319,BIHAR,Begusarai,Balia,0.0,0.0,,191,10,1319,,95726.56851828664,181873531.04775092,0.13243519298732281,0.12536646225323428,134,16.799105941933394
10-222-01320,BIHAR,Begusarai,Matihani,0.0,0.0,,191,10,1320,,104199.58891726227,214311339.790948,0.18582567195892336,0.14184397776807256,159,22.553192465123537
10-222-01321,BIHAR,Begusarai,Shamho Akha Kurha,0.0,0.0,,191,10,1321,,47884.70174269599,82130306.58899558,0.13243519298732281,0.13243519298732284,60,7.94611157923937
10-223-01322,BIHAR,Khagaria,Alauli,0.0,0.0,,202,10,1322,,117176.16085281859,337532903.06560946,0.13877198521494866,0.08155903585676427,243,19.818845713193717
10-223-01323,BIHAR,Khagaria,Khagaria,0.0,0.0,,202,10,1323,,164255.4907534744,325761754.1557925,0.13877198521494866,0.13399230369955809,236,31.622183673095705
10-223-01325,BIHAR,Khagaria,Chautham,0.0,0.0,,202,10,1325,,88833.5659059585,205164632.7891582,0.1599274509906769,0.150225962429144,147,22.083216477084164
10-228-01376,BIHAR,Sheikhpura,Chewara,0.0,0.0,,219,10,1376,,77279.14911837938,141385828.1075451,0.3257912470936775,0.3236277468061447,105,33.980913414645194
10-223-01326,BIHAR,Khagaria,Beldaur,0.0,0.0,,202,10,1326,,101449.44415348554,276820454.1841197,0.1599274509906769,0.14570893450034295,209,30.453167310571676
10-223-01327,BIHAR,Khagaria,Gogri,0.0,0.0,,202,10,1327,,109725.85953588395,321971045.3784509,0.21458930778503418,0.1601095701925489,233,37.30552985486389
10-223-01328,BIHAR,Khagaria,Parbatta,0.0,0.0,,202,10,1328,,89952.53209418767,286770838.53234714,0.21458930778503418,0.20360462842923038,209,42.55336734170915
10-224-01329,BIHAR,Bhagalpur,Narayanpur,0.0,0.0,,192,10,1329,,96964.50839109154,173637043.38008544,0.21458930778503418,0.1978504561756305,127,25.127007934305073
10-224-01330,BIHAR,Bhagalpur,Bihpur,0.0,0.0,,192,10,1330,,98960.16392998041,189427956.2070791,0.21340220865905285,0.21045297383404465,139,29.252963362932206
10-234-01472,BIHAR,Rohtas,Akorhi Gola,0.0,0.0,,215,10,1472,,71741.57946050014,124356844.03544964,0.17994000535011292,0.1799400053501129,93,16.7344204975605
10-224-01331,BIHAR,Bhagalpur,Kharik,0.0,0.0,,192,10,1331,,103106.05203500649,169292223.68779984,0.21340220865905285,0.20975331458102062,127,26.638670951789617
10-224-01332,BIHAR,Bhagalpur,Naugachhia,0.0,0.0,,192,10,1332,,91833.23423872421,134223697.96961665,0.21340220865905285,0.21131380510203765,99,20.92006670510173
10-224-01335,BIHAR,Bhagalpur,Pirpainti,0.0,0.0,,192,10,1335,,138631.2255747686,411429376.6216011,0.2622579760551453,0.22661397944991873,295,66.85112393772603
10-224-01336,BIHAR,Bhagalpur,Kahalgaon,0.0,0.0,,192,10,1336,,128722.99744742387,352186242.20537144,0.20627283099889757,0.13488715511481894,258,34.800886019623285
10-224-01337,BIHAR,Bhagalpur,Ismailpur,0.0,0.0,,192,10,1337,,66332.03197363381,102752037.41138108,0.20627283099889757,0.18894782134708435,72,13.604243136990073
10-224-01338,BIHAR,Bhagalpur,Sabour,0.0,0.0,,192,10,1338,,85492.0541239663,141198925.34276122,0.20627283099889757,0.19788694397415435,105,20.778129117286205
10-226-01359,BIHAR,Munger,Dharhara,0.0,0.0,,207,10,1359,,105188.90103685112,355220468.750446,0.13243519298732281,0.1305907366368429,258,33.69241005230547
10-224-01339,BIHAR,Bhagalpur,Nathnagar,0.0,0.0,,192,10,1339,,105259.93673308079,163498377.60317266,0.21458930778503418,0.20669570269988755,118,24.39009291858673
10-226-01360,BIHAR,Munger,Kharagpur,0.0,0.0,,207,10,1360,,169586.30903503796,398589433.5102216,0.16592808679342272,0.15065291173863493,297,44.743914786374575
10-224-01340,BIHAR,Bhagalpur,Sultanganj,0.0,0.0,,192,10,1340,,139861.1879796442,266407467.3450057,0.21458930778503418,0.2137999265825997,192,41.04958590385914
10-224-01341,BIHAR,Bhagalpur,Shahkund,0.0,0.0,,192,10,1341,,93276.90256650816,208798734.37786233,0.21458930778503418,0.20927884398477709,154,32.22894197365567
10-224-01342,BIHAR,Bhagalpur,Goradih,0.0,0.0,,192,10,1342,,106918.08891287447,178026414.43832883,0.27616166973114015,0.1981653871971854,129,25.563334948436918
10-224-01343,BIHAR,Bhagalpur,Jagdishpur,0.0,0.0,,192,10,1343,,107045.71303668506,127447147.46016994,0.20627283099889757,0.20553492133022155,93,19.114747683710604
10-224-01344,BIHAR,Bhagalpur,Sonhaula,0.0,0.0,,192,10,1344,,84463.86530366821,214425428.57327408,0.27616166973114015,0.1977711950940906,159,31.445620019960405
10-225-01345,BIHAR,Banka,Shambhuganj,0.0,0.0,,190,10,1345,,85765.27415008907,217970788.89652416,0.19867322844266894,0.19867322844266894,160,31.787716550827028
10-225-01346,BIHAR,Banka,Amarpur,0.0,0.0,,190,10,1346,,98000.87839154692,234663534.19316816,0.2009939387537539,0.20005751178612313,171,34.209834515427055
10-225-01347,BIHAR,Banka,Rajaun,0.0,0.0,,190,10,1347,,86718.04358754268,242814641.5593075,0.2009939387537539,0.20099393875375388,180,36.1789089756757
10-226-01363,BIHAR,Munger,Tetiha Bambor,0.0,0.0,,207,10,1363,,73286.15332623897,95190725.80042528,0.16592808679342272,0.1659280867934227,69,11.449037988746166
10-225-01348,BIHAR,Banka,Dhuraiya,0.0,0.0,,190,10,1348,,106681.6377356153,285703540.38620996,0.287635696220398,0.2218101217597939,207,45.914695204277336
10-225-01349,BIHAR,Banka,Barahat,0.0,0.0,,190,10,1349,,122910.23058217819,181202001.14064544,0.21631571766138077,0.20906418871273294,131,27.387408721368015
10-225-01350,BIHAR,Banka,Banka,0.0,0.0,,190,10,1350,,137083.07375503817,365153241.48788345,0.23299938349723817,0.21438995995801355,274,58.74284902849571
10-225-01351,BIHAR,Banka,Phulidumar,0.0,0.0,,190,10,1351,,117105.67306472127,248400685.45023423,0.23299938349723817,0.2009873512553365,178,35.7757485234499
10-225-01352,BIHAR,Banka,Belhar,0.0,0.0,,190,10,1352,,118426.40149548957,290570448.277483,0.21250928905010225,0.18312671056163143,213,39.0059893496275
10-225-01353,BIHAR,Banka,Chanan,0.0,0.0,,190,10,1353,,169565.08902723462,550876204.0147796,0.306374758720398,0.23416893199477623,402,94.13591066190004
10-225-01354,BIHAR,Banka,Katoria,0.0,0.0,,190,10,1354,,180268.89530762268,687665367.2781417,0.36997074558734894,0.24492240707156201,503,123.19597075699569
10-225-01355,BIHAR,Banka,Bausi,0.0,0.0,,190,10,1355,,109314.78149810205,385846183.7170387,0.36997074558734894,0.21793883415355647,284,61.89462889961004
10-226-01356,BIHAR,Munger,Munger,0.0,0.0,,207,10,1356,,162390.1628928388,306519605.49277806,0.13877198521494866,0.13492764520753514,220,29.68408194565773
10-226-01357,BIHAR,Munger,Bariarpur,0.0,0.0,,207,10,1357,,122433.4478606843,198040113.63802013,0.21458930778503418,0.16008460347023504,145,23.21226750318408
10-226-01358,BIHAR,Munger,Jamalpur,0.0,0.0,,207,10,1358,,72817.19566814511,112971204.64248075,0.13048490717411043,0.13048490717411043,83,10.830247295451166
10-226-01361,BIHAR,Munger,Asarganj,0.0,0.0,,207,10,1361,,61173.52838786665,72491453.98190036,0.21458930778503418,0.2113545231461525,52,10.99043520359993
10-226-01362,BIHAR,Munger,Tarapur,0.0,0.0,,207,10,1362,,54416.57713098438,86962445.68425661,0.21458930778503418,0.19170391977380535,61,11.693939106202127
10-226-01364,BIHAR,Munger,Sangrampur,0.0,0.0,,207,10,1364,,71205.18318302365,105786037.21986651,0.19867322844266894,0.17567366466522222,84,14.756587831878665
10-227-01366,BIHAR,Lakhisarai,Pipariya,0.0,0.0,,204,10,1366,,87968.2901826016,106258171.87143916,0.18582567195892336,0.14633134504842432,73,10.682188188534976
10-227-01365,BIHAR,Lakhisarai,Barahiya,0.0,0.0,,204,10,1365,,95965.48426593257,248505135.43154767,0.18582567195892336,0.18582567195892333,179,33.262795280647275
10-227-01367,BIHAR,Lakhisarai,Surajgarha,0.0,0.0,,204,10,1367,,140312.1609931406,462726462.37366486,0.24510697098970413,0.14773448325540187,338,49.934255340325834
10-227-01368,BIHAR,Lakhisarai,Lakhisarai,0.0,0.0,,204,10,1368,,117670.76745524361,181316338.94823277,0.3257912470936775,0.19857350069680285,131,26.013128591281173
10-227-01369,BIHAR,Lakhisarai,Chanan*,0.0,0.0,,204,10,1369,,86014.87070350182,177670731.10250506,0.24510697098970413,0.22384294651912057,128,28.651897154447433
10-228-01375,BIHAR,Sheikhpura,Ghat Kusumbha,0.0,0.0,,219,10,1375,,80592.24583619394,99088070.68237934,0.18582567195892336,0.1820634360461168,71,12.926503959274292
10-227-01370,BIHAR,Lakhisarai,Ramgarh Chowk,0.0,0.0,,204,10,1370,,98990.57354622113,128567389.13844268,0.3257912470936775,0.30404191465278463,96,29.188023806667324
10-227-01371,BIHAR,Lakhisarai,Halsi,0.0,0.0,,204,10,1371,,82594.8188222393,191441208.6304817,0.3257912470936775,0.3223084725855923,139,44.80087768939733
10-228-01372,BIHAR,Sheikhpura,Barbigha,0.0,0.0,,219,10,1372,,83879.7675047183,115941853.486741,0.1524358282327652,0.15243582823276516,81,12.34730208685398
10-228-01373,BIHAR,Sheikhpura,Shekhopur Sarai,0.0,0.0,,219,10,1373,,59774.96229914819,65955650.61796794,0.28792999206185343,0.20298341492025748,46,9.337237086331845
10-228-01374,BIHAR,Sheikhpura,Sheikhpura,0.0,0.0,,219,10,1374,,119718.3677454689,225551054.81458032,0.3257912470936775,0.19707375185734458,168,33.10839031203389
10-228-01377,BIHAR,Sheikhpura,Ariari,0.0,0.0,,219,10,1377,,87552.5859976097,183445963.63454768,0.3257912470936775,0.28849089954380636,135,38.94627143841386
10-229-01378,BIHAR,Nalanda,Karai Parsurai,0.0,0.0,,209,10,1378,,58523.47447411047,82148146.79064696,0.19044569058418276,0.1676369210000898,61,10.225852181005479
10-229-01379,BIHAR,Nalanda,Nagar Nausa,0.0,0.0,,209,10,1379,,82570.35159490984,108015836.82811198,0.24472772767543793,0.17118893819093706,80,13.695115055274965
10-229-01380,BIHAR,Nalanda,Harnaut,0.0,0.0,,209,10,1380,,124869.90123154312,224385440.0517296,0.24472772767543793,0.17836140967362968,156,27.82437990908623
10-229-01381,BIHAR,Nalanda,Chandi,0.0,0.0,,209,10,1381,,70527.81459673235,147156102.481168,0.24472772767543793,0.2337783710886847,106,24.78050733540058
10-229-01382,BIHAR,Nalanda,Rahui,0.0,0.0,,209,10,1382,,77076.6108369453,152249665.90613127,0.24472772767543793,0.23987025928371827,114,27.345209558343882
10-229-01383,BIHAR,Nalanda,Bind,0.0,0.0,,209,10,1383,,70364.80140905235,88091657.81671415,0.1524358282327652,0.1524358282327652,65,9.908328835129737
10-229-01384,BIHAR,Nalanda,Sarmera,0.0,0.0,,209,10,1384,,91044.34634338948,167201876.42476654,0.18582567195892336,0.15813653325918242,123,19.45079359087944
10-229-01385,BIHAR,Nalanda,Asthawan,0.0,0.0,,209,10,1385,,92263.18064708126,171325630.7179731,0.28792999206185343,0.1691586028466782,124,20.975666752988097
10-229-01387,BIHAR,Nalanda,Noorsarai,0.0,0.0,,209,10,1387,,78528.62700534344,151514769.88009417,0.24472772767543793,0.2447277276754379,114,27.89896095499992
10-229-01386,BIHAR,Nalanda,Bihar,0.0,0.0,,209,10,1386,,98561.8371020671,215840179.0991975,0.24472772767543793,0.22983241671270624,157,36.08368942389488
10-229-01390,BIHAR,Nalanda,Hilsa,0.0,0.0,,209,10,1390,,93433.88804652911,175765721.10991755,0.19044569058418276,0.19044569058418273,132,25.138831157112122
10-229-01391,BIHAR,Nalanda,Ekangarsarai,0.0,0.0,,209,10,1391,,87121.32234693572,166605847.460251,0.19044569058418276,0.19044569058418273,122,23.234374251270292
10-229-01392,BIHAR,Nalanda,Islampur,0.0,0.0,,209,10,1392,,109868.69145522316,273834151.4326934,0.24903184148073199,0.22565655905231083,198,44.67999869235754
10-229-01393,BIHAR,Nalanda,Ben,0.0,0.0,,209,10,1393,,66947.54721379357,127526149.56798536,0.24903184148073199,0.21121421659791725,94,19.854136360204222
10-230-01398,BIHAR,Patna,Maner,0.0,0.0,,212,10,1398,,96133.56350709034,213315300.3597084,0.09675613740086556,0.07653174928935949,151,11.556294142693282
10-229-01394,BIHAR,Nalanda,Rajgir,0.0,0.0,,209,10,1394,,88740.45664753366,198129288.77271983,0.24903184148073199,0.17041681310853488,142,24.199187461411952
10-229-01395,BIHAR,Nalanda,Silao,0.0,0.0,,209,10,1395,,79220.42929786978,154752836.13944647,0.24472772767543793,0.13662030402868988,112,15.301474051213267
10-229-01396,BIHAR,Nalanda,Giriak,0.0,0.0,,209,10,1396,,88347.46773236175,99576022.5731765,0.11453384113311768,0.1145338411331177,74,8.47550424385071
10-229-01397,BIHAR,Nalanda,Katrisarai,0.0,0.0,,209,10,1397,,38918.76300208476,48673462.28309288,0.28792999206185343,0.15023304867726917,34,5.107923655027152
10-230-01399,BIHAR,Patna,Dinapur-Cum-Khagaul,0.0,0.0,,212,10,1399,,78598.21354533077,184765788.04152673,0.09246651740074158,0.075709064554298,137,10.372141843938827
10-234-01474,BIHAR,Rohtas,Tilouthu,0.0,0.0,,215,10,1474,,73885.57639601533,193504401.97342023,0.32738540033102037,0.32414069297668785,141,45.703837709712985
10-230-01400,BIHAR,Patna,Patna Rural,0.0,0.0,,212,10,1400,,87518.10425735511,179850223.48881748,0.15179749767780304,0.13303911918818004,126,16.762929017710686
10-230-01401,BIHAR,Patna,Sampatchak,0.0,0.0,,212,10,1401,,53219.7118618291,78902366.60372826,0.15179749767780304,0.14975160180618022,58,8.685592904758453
10-230-01406,BIHAR,Patna,Dulhin Bazar,0.0,0.0,,212,10,1406,,77792.54009458271,136539622.4680228,0.20980388803482056,0.1350427400047731,99,13.369231260472535
10-230-01402,BIHAR,Patna,Phulwari,0.0,0.0,,212,10,1402,,70659.26045014715,135940825.49713776,0.15179749767780304,0.09552481535316742,97,9.26590708925724
10-230-01413,BIHAR,Patna,Khusrupur,0.0,0.0,,212,10,1413,,46143.60198551767,78201544.387751,0.15179749767780304,0.14782431294416126,57,8.425985837817192
10-230-01403,BIHAR,Patna,Bihta,0.0,0.0,,212,10,1403,,116564.9809665079,244879174.98088208,0.09675613740086556,0.09504147714692583,181,17.202507363593575
10-230-01415,BIHAR,Patna,Athmalgola,0.0,0.0,,212,10,1415,,47997.69261940102,62827293.65665197,0.13921574602127076,0.13105855351950635,44,5.766576354858279
10-230-01404,BIHAR,Patna,Naubatpur,0.0,0.0,,212,10,1404,,105087.74367689912,205320191.59612688,0.09246651740074158,0.09246651740074158,148,13.685044575309753
10-230-01405,BIHAR,Patna,Bikram,0.0,0.0,,212,10,1405,,86626.03512108007,186422313.04867813,0.09675613740086556,0.09552171437924713,139,13.27751829871535
10-234-01475,BIHAR,Rohtas,Rohtas,0.0,0.0,,215,10,1475,,88257.59288547112,389741138.17794544,0.3656511064112187,0.3235992695779128,287,92.87299036886097
10-230-01407,BIHAR,Patna,Paliganj,0.0,0.0,,212,10,1407,,129476.3041410336,293354152.7667747,0.20980388803482056,0.15108587979972363,214,32.332378277140855
10-230-01408,BIHAR,Patna,Masaurhi,0.0,0.0,,212,10,1408,,108866.13277400887,248716954.87290823,0.20980388803482056,0.17069143115679422,180,30.72445760822296
10-230-01409,BIHAR,Patna,Dhanarua,0.0,0.0,,212,10,1409,,95102.40821522896,225577653.19725513,0.20980388803482056,0.1691012955221785,166,28.07081505668163
10-230-01410,BIHAR,Patna,Punpun,0.0,0.0,,212,10,1410,,82554.93388622913,161116560.78819045,0.15179749767780304,0.11125466115514436,120,13.350559338617323
10-230-01411,BIHAR,Patna,Fatwah,0.0,0.0,,212,10,1411,,97950.27190535897,155697451.47083917,0.15179749767780304,0.15179749767780307,114,17.30491473526955
10-230-01412,BIHAR,Patna,Daniawan,0.0,0.0,,212,10,1412,,69689.77872311571,79566220.36857046,0.15179749767780304,0.15179749767780307,55,8.348862372279168
10-230-01414,BIHAR,Patna,Bakhtiarpur,0.0,0.0,,212,10,1414,,120205.01587822943,168153072.20481881,0.13921574602127076,0.13801401676877867,128,17.66579414640367
10-230-01416,BIHAR,Patna,Belchhi,0.0,0.0,,212,10,1416,,88573.78025963024,87443681.0926542,0.1524358282327652,0.12905178219857627,64,8.259314060708881
10-230-01417,BIHAR,Patna,Barh,0.0,0.0,,212,10,1417,,95365.9771693495,147280816.515725,0.08794196458160877,0.08794196458160874,108,9.497732174813745
10-230-01419,BIHAR,Patna,Ghoswari,0.0,0.0,,212,10,1419,,66454.95033385535,164897376.1169027,0.18582567195892336,0.16309071666090214,122,19.89706743263006
10-230-01418,BIHAR,Patna,Pandarak,0.0,0.0,,212,10,1418,,106894.44852036482,252509471.6555304,0.1524358282327652,0.10104766949467797,187,18.89591419550478
10-232-01438,BIHAR,Buxar,Chaugain,0.0,0.0,,194,10,1438,,52625.33924401454,66025696.44875917,0.10594278311729431,0.10594278311729428,46,4.873368023395537
10-232-01439,BIHAR,Buxar,Kesath,0.0,0.0,,194,10,1439,,34661.84662025829,38236018.49691825,0.10594278311729431,0.1059427831172943,29,3.0723407104015346
10-230-01420,BIHAR,Patna,Mokameh,0.0,0.0,,212,10,1420,,127700.39840194934,244519830.48183808,0.18582567195892336,0.13234055288146054,178,23.556618412899976
10-231-01421,BIHAR,Bhojpur,Shahpur,0.0,0.0,,193,10,1421,,110658.91431619873,211766871.4500774,0.08642927104234696,0.0836133482821477,156,13.04368233201504
10-234-01460,BIHAR,Rohtas,Suryapura,0.0,0.0,,215,10,1460,,56159.7630280001,69765063.31452103,0.11166902695894242,0.1116690269589424,50,5.58345134794712
10-231-01422,BIHAR,Bhojpur,Arrah,0.0,0.0,,193,10,1422,,120924.06747051864,221925641.7145924,0.09675613740086556,0.08741215019570374,161,14.073356181508302
10-231-01423,BIHAR,Bhojpur,Barhara,0.0,0.0,,193,10,1423,,128817.96875565937,258494738.36324885,0.09339610208272935,0.09121190640520406,185,16.87420268496275
10-231-01424,BIHAR,Bhojpur,Koilwar,0.0,0.0,,193,10,1424,,94779.33453556667,208456312.66749656,0.09675613740086556,0.09602964327802528,148,14.212387205147742
10-231-01425,BIHAR,Bhojpur,Sandesh,0.0,0.0,,193,10,1425,,60697.76797134289,164599530.19806212,0.14391708374023438,0.10304426357944806,120,12.365311629533768
10-231-01426,BIHAR,Bhojpur,Udwant Nagar,0.0,0.0,,193,10,1426,,92445.60417460876,217797556.82002312,0.09675613740086556,0.08047552467238756,162,13.037034996926783
10-234-01461,BIHAR,Rohtas,Bikramganj,0.0,0.0,,215,10,1461,,88556.32896667719,168723569.68103397,0.11166902695894242,0.11166902695894242,124,13.84695934290886
10-231-01427,BIHAR,Bhojpur,Behea,0.0,0.0,,193,10,1427,,114516.77527652554,206091349.70539597,0.10594278311729431,0.08130164547534598,149,12.11394517582655
10-231-01428,BIHAR,Bhojpur,Jagdishpur,0.0,0.0,,193,10,1428,,109726.00219208181,318463526.4488765,0.10594278311729431,0.0740445049527377,233,17.252369653987884
10-231-01429,BIHAR,Bhojpur,Piro,0.0,0.0,,193,10,1429,,100703.96274410955,268205354.86689487,0.11166902695894242,0.09730635220913718,197,19.169351385200024
10-234-01462,BIHAR,Rohtas,Karakat,0.0,0.0,,215,10,1462,,102232.22868007293,251121712.10833624,0.17994000535011292,0.12186703352708392,179,21.814199001348022
10-231-01430,BIHAR,Bhojpur,Charpokhari,0.0,0.0,,193,10,1430,,88834.1327790213,135855258.49695313,0.07641751520633698,0.07476058214832755,102,7.625579379129411
10-231-01431,BIHAR,Bhojpur,Garhani,0.0,0.0,,193,10,1431,,93054.52180151101,137128723.85739592,0.07641751520633698,0.07093026936487719,99,7.022096667122842
10-231-01432,BIHAR,Bhojpur,Agiaon,0.0,0.0,,193,10,1432,,87534.07309197474,191419206.17039648,0.14391708374023438,0.10606033971789931,139,14.742387220788004
10-231-01433,BIHAR,Bhojpur,Tarari,0.0,0.0,,193,10,1433,,95157.98131215997,247108515.4982669,0.11166902695894242,0.08033434984551537,180,14.460182972192767
10-231-01434,BIHAR,Bhojpur,Sahar,0.0,0.0,,193,10,1434,,61748.81499939302,157154129.14318892,0.14391708374023438,0.08756961783367656,115,10.070506050872805
10-232-01435,BIHAR,Buxar,Simri,0.0,0.0,,194,10,1435,,87047.69219699135,222195796.247413,0.14571522365808487,0.08663760670107089,162,14.035292285573483
10-232-01436,BIHAR,Buxar,Chakki,0.0,0.0,,194,10,1436,,73799.54032015939,80420668.23199363,0.10594278311729431,0.08668728788693746,66,5.721361000537872
10-232-01437,BIHAR,Buxar,Barhampur,0.0,0.0,,194,10,1437,,133928.15369382405,240152233.65370417,0.10594278311729431,0.1018646029094051,173,17.622576303327083
10-232-01440,BIHAR,Buxar,Dumraon,0.0,0.0,,194,10,1440,,115797.88145848007,238641355.07175583,0.14571522365808487,0.11819824444672396,172,20.33009804483652
10-232-01441,BIHAR,Buxar,Buxar,0.0,0.0,,194,10,1441,,90996.21871903203,211591033.38394436,0.14571522365808487,0.14405816412356837,158,22.761189931523802
10-232-01442,BIHAR,Buxar,Chausa,0.0,0.0,,194,10,1442,,99103.08457070828,138502720.57991108,0.2471153065621853,0.19916928996256753,102,20.31526757618189
10-232-01443,BIHAR,Buxar,Rajpur,0.0,0.0,,194,10,1443,,121142.9666413415,336933113.12217736,0.2471153065621853,0.14232520391803521,247,35.1543253677547
10-232-01444,BIHAR,Buxar,Itarhi,0.0,0.0,,194,10,1444,,109439.3274763228,293713382.2816445,0.14571522365808487,0.1455116535127451,207,30.12091227713823
10-232-01445,BIHAR,Buxar,Nawanagar,0.0,0.0,,194,10,1445,,126567.10382889764,229774401.79100823,0.14571522365808487,0.10970561952506296,169,18.54024969973564
10-233-01446,BIHAR,Kaimur (Bhabua),Ramgarh,0.0,0.0,,200,10,1446,,124781.0721120257,206666195.02442607,0.20555204100608826,0.19131494518331932,147,28.123296941947938
10-233-01447,BIHAR,Kaimur (Bhabua),Nuaon,0.0,0.0,,200,10,1447,,121732.74643995032,235834986.4758632,0.2471153065621853,0.20543881744853937,171,35.13003778370023
10-233-01448,BIHAR,Kaimur (Bhabua),Kudra,0.0,0.0,,200,10,1448,,132624.50147962422,255577893.54332253,0.2555240111589432,0.23494731756659115,187,43.93514838495255
10-233-01449,BIHAR,Kaimur (Bhabua),Mohania,0.0,0.0,,200,10,1449,,142323.6809133636,349176573.6513165,0.2555240111589432,0.19540906168113226,262,51.197174160456655
10-233-01450,BIHAR,Kaimur (Bhabua),Durgawati,0.0,0.0,,200,10,1450,,108544.41183902678,212580801.4059764,0.16005523478984834,0.16005523478984834,156,24.968616627216342
10-233-01451,BIHAR,Kaimur (Bhabua),Chand,0.0,0.0,,200,10,1451,,97099.60209928264,257974481.1925409,0.204012180352211,0.17865552452022965,185,33.05127203624249
10-233-01452,BIHAR,Kaimur (Bhabua),Chainpur,0.0,0.0,,200,10,1452,,170712.34536647963,555311526.8488017,0.2796945015192032,0.21775370458979482,409,89.06126517722608
10-233-01453,BIHAR,Kaimur (Bhabua),Bhabua,0.0,0.0,,200,10,1453,,143727.89821118704,407618990.38615096,0.2555240111589432,0.2240918816509663,298,66.77938073198796
10-233-01454,BIHAR,Kaimur (Bhabua),Rampur,0.0,0.0,,200,10,1454,,126612.15498309073,210660395.23746365,0.2874513512611389,0.26589003067264316,154,40.94706472358705
10-233-01455,BIHAR,Kaimur (Bhabua),Bhagwanpur,0.0,0.0,,200,10,1455,,134815.05705103654,292151198.96788174,0.2796945015192032,0.22190298402759268,212,47.043432613849646
10-233-01456,BIHAR,Kaimur (Bhabua),Adhaura,0.0,0.0,,200,10,1456,,271357.2345421078,1135984955.9859164,0.31727807025909427,0.279114770617191,827,230.82791530041695
10-234-01457,BIHAR,Rohtas,Kochas,0.0,0.0,,215,10,1457,,90248.48407846906,187033418.62218276,0.20555204100608826,0.14996754127203965,131,19.645747906637194
10-234-01458,BIHAR,Rohtas,Dinara,0.0,0.0,,215,10,1458,,157118.7651045217,464648316.8452498,0.12464571361541749,0.12156327484950992,341,41.453076723682884
10-234-01459,BIHAR,Rohtas,Dawath,0.0,0.0,,215,10,1459,,78120.6651060775,129910427.66035384,0.11166902695894242,0.11166902695894243,94,10.496888534140588
10-234-01466,BIHAR,Rohtas,Nokha,0.0,0.0,,215,10,1466,,82152.91978314315,208772248.59610957,0.24820033851861956,0.21878804380297665,148,32.380630482840544
10-235-01476,BIHAR,Aurangabad,Daudnagar,0.0,0.0,,189,10,1476,,91010.07504965532,238139281.75712803,0.17994000535011292,0.11587290648732869,175,20.27775863528252
10-234-01467,BIHAR,Rohtas,Kargahar,0.0,0.0,,215,10,1467,,128509.87472624176,406135690.59563094,0.2555240111589432,0.21137451541231783,298,62.98960559287072
10-234-01468,BIHAR,Rohtas,Chenari,0.0,0.0,,215,10,1468,,121720.69626398994,292642418.8385522,0.2874513512611389,0.2713803662667626,217,58.88953947988749
10-234-01469,BIHAR,Rohtas,Nauhatta,0.0,0.0,,215,10,1469,,175494.75594492842,478591449.404211,0.3656511064112187,0.2804057817610567,353,98.98324096165301
10-234-01470,BIHAR,Rohtas,Sheosagar,0.0,0.0,,215,10,1470,,135463.8765525897,406503956.12222886,0.32738540033102037,0.2736927489241099,295,80.73936093261241
10-234-01471,BIHAR,Rohtas,Sasaram,0.0,0.0,,215,10,1471,,135810.11950728856,394273130.8742507,0.32738540033102037,0.2679260693685351,290,77.69856011687517
10-234-01473,BIHAR,Rohtas,Dehri,0.0,0.0,,215,10,1473,,97323.52013589225,199371136.99043605,0.32738540033102037,0.2032564940791163,144,29.26893514739275
10-235-01477,BIHAR,Aurangabad,Haspura,0.0,0.0,,189,10,1477,,88845.10694940752,164519986.5205008,0.16270029377937317,0.10614555646368297,121,12.84361233210564
10-235-01478,BIHAR,Aurangabad,Goh,0.0,0.0,,189,10,1478,,122286.20877621078,374665187.3660463,0.16270029377937317,0.14678556026391879,271,39.77888683152199
10-236-01491,BIHAR,Gaya,Neem Chak Bathani,0.0,0.0,,196,10,1491,,79540.44278654993,146770773.7769567,0.24903184148073199,0.24903184148073199,102,25.401247831034663
10-235-01479,BIHAR,Aurangabad,Rafiganj,0.0,0.0,,189,10,1479,,167069.30684925965,465687847.79432577,0.44376395184099676,0.3297323345569845,343,113.09819075304567
10-235-01480,BIHAR,Aurangabad,Obra,0.0,0.0,,189,10,1480,,130720.05569071589,327203821.09876627,0.34423022475242615,0.15203805655357688,235,35.72894329009057
10-236-01494,BIHAR,Gaya,Manpur,0.0,0.0,,196,10,1494,,77081.78707553667,161226183.41058797,0.26393743491172794,0.25779061334408243,117,30.161501761257647
10-235-01481,BIHAR,Aurangabad,Aurangabad,0.0,0.0,,189,10,1481,,125502.68609205673,344679798.38062614,0.34423022475242615,0.323917270321714,253,81.95106939139364
10-237-01511,BIHAR,Nawada,Nardiganj,0.0,0.0,,210,10,1511,,60262.24041371029,129808165.4472442,0.11453384113311768,0.11453384113311768,95,10.88071490764618
10-235-01482,BIHAR,Aurangabad,Barun,0.0,0.0,,189,10,1482,,117269.30390529483,381782699.30215496,0.25406921648979186,0.23007055101291735,278,63.959613181591024
10-235-01483,BIHAR,Aurangabad,Nabinagar,0.0,0.0,,189,10,1483,,173491.30877801325,657546828.2218357,0.3656511064112187,0.3062134614152197,483,147.90110186355113
10-235-01484,BIHAR,Aurangabad,Kutumba,0.0,0.0,,189,10,1484,,110495.73757590447,319048251.76106954,0.33773243551254273,0.2964394304154769,233,69.07038728680611
10-235-01485,BIHAR,Aurangabad,Deo,0.0,0.0,,189,10,1485,,158578.88849021672,336990745.1586724,0.49855815490409733,0.3827786334526013,255,97.60855153041334
10-235-01486,BIHAR,Aurangabad,Madanpur,0.0,0.0,,189,10,1486,,153529.37367368402,418713952.50229967,0.49855815490409733,0.39985048219498026,306,122.35424755166396
10-236-01487,BIHAR,Gaya,Konch,0.0,0.0,,196,10,1487,,154041.56172387034,319288521.7326548,0.44376395184099676,0.24422092187516875,231,56.41503295316398
10-236-01488,BIHAR,Gaya,Tikari,0.0,0.0,,196,10,1488,,122221.36853604284,290576655.12704176,0.44376395184099676,0.1624348501149739,214,34.761057924604415
10-236-01489,BIHAR,Gaya,Belaganj,0.0,0.0,,196,10,1489,,113473.13279109563,240372540.95814112,0.12010181022882462,0.12010181022882462,176,21.13791860027313
10-236-01490,BIHAR,Gaya,Khizirsarai,0.0,0.0,,196,10,1490,,103698.13096672995,223124430.97950032,0.26393743491172794,0.1865861711934655,167,31.159890589308738
10-236-01492,BIHAR,Gaya,Muhra,0.0,0.0,,196,10,1492,,93681.45756176667,181269438.2139707,0.2626569506168366,0.24926136685609815,134,33.40102315871715
10-236-01493,BIHAR,Gaya,Atri,0.0,0.0,,196,10,1493,,103075.15367958385,161340647.62451813,0.26393743491172794,0.24421088648070896,120,29.305306377685074
10-236-01495,BIHAR,Gaya,Gaya Town C.D.Block,0.0,0.0,,196,10,1495,,91678.58033080616,224144813.6021213,0.26393743491172794,0.24068257343604893,167,40.19398976382017
10-236-01496,BIHAR,Gaya,Paraiya,0.0,0.0,,196,10,1496,,75593.31264449215,167300846.5298876,0.44376395184099676,0.3633537206937627,123,44.69250764533281
10-236-01497,BIHAR,Gaya,Guraru,0.0,0.0,,196,10,1497,,81292.54933661391,199646285.7542363,0.44376395184099676,0.44376395184099676,149,66.12082882430852
10-237-01512,BIHAR,Nawada,Nawada,0.0,0.0,,210,10,1512,,86822.75137888109,219317998.1072041,0.3482564950883389,0.13080567147177236,158,20.66729609254003
10-236-01498,BIHAR,Gaya,Gurua,0.0,0.0,,196,10,1498,,117859.62964526065,238015237.1519128,0.4922457745969296,0.4505321387389097,174,78.39259214057029
10-236-01499,BIHAR,Gaya,Amas,0.0,0.0,,196,10,1499,,100546.69423332924,128484051.44985774,0.49855815490409733,0.47612567788770366,97,46.18419075510725
10-237-01517,BIHAR,Nawada,Roh,0.0,0.0,,210,10,1517,,77804.52626079548,192537548.9783989,0.3482564950883389,0.26398395377510075,143,37.749705389839406
10-236-01500,BIHAR,Gaya,Banke Bazar,0.0,0.0,,196,10,1500,,85166.97220092022,256240042.68049288,0.49855815490409733,0.49406401457671156,184,90.90777868211492
10-236-01501,BIHAR,Gaya,Imamganj,0.0,0.0,,196,10,1501,,136271.57775821586,316917295.57645696,0.6248908899307252,0.5231204622680793,233,121.88706770846248
10-236-01502,BIHAR,Gaya,Dumaria,0.0,0.0,,196,10,1502,,119690.94596035974,390676703.928496,0.6248908899307252,0.4709300144507327,284,133.74412410400808
10-236-01503,BIHAR,Gaya,Sherghati,0.0,0.0,,196,10,1503,,100322.2973073121,167902109.12194017,0.4922457745969296,0.46963446524140784,122,57.295404759451756
10-238-01531,BIHAR,Jamui,Gidhaur,0.0,0.0,,198,10,1531,,55211.5633940527,100392309.18230554,0.2772789764404297,0.2601748722767528,79,20.55381490986347
10-236-01504,BIHAR,Gaya,Dobhi,0.0,0.0,,196,10,1504,,103572.88994215836,218837778.49499393,0.4922457745969296,0.3827471622883915,166,63.53602893987299
10-236-01505,BIHAR,Gaya,Bodh Gaya,0.0,0.0,,196,10,1505,,120948.91182130505,306843965.9119923,0.44376395184099676,0.2730697289404326,224,61.1676192826569
10-236-01506,BIHAR,Gaya,Tan Kuppa,0.0,0.0,,196,10,1506,,108147.94853451202,190099968.23000297,0.37687568749189376,0.26921258957438227,137,36.88212477169037
10-240-01542,BIHAR,Arwal,Arwal,0.0,0.0,,611,10,1542,,73924.8054791393,147787869.27798152,0.14391708374023438,0.1262230220857176,103,13.000971274828911
10-236-01507,BIHAR,Gaya,Wazirganj,0.0,0.0,,196,10,1507,,105472.06999302967,323030583.61833626,0.26393743491172794,0.2627654662350477,236,62.01265003147126
10-236-01508,BIHAR,Gaya,Fatehpur,0.0,0.0,,196,10,1508,,155359.44599717355,408449805.62920874,0.37687568749189376,0.331618876544193,297,98.49080633362532
10-240-01543,BIHAR,Arwal,Kaler,0.0,0.0,,611,10,1543,,67777.19153730445,176075758.749563,0.10519505667686463,0.08125038476627293,131,10.643800404381754
10-236-01509,BIHAR,Gaya,Mohanpur,0.0,0.0,,196,10,1509,,119906.24818546322,418796109.2883684,0.37687568749189376,0.35414641687320425,308,109.07709639694691
10-240-01544,BIHAR,Arwal,Karpi,0.0,0.0,,611,10,1544,,158139.92638461498,234985661.7206014,0.16270029377937317,0.14022976375055868,172,24.119519365096092
10-236-01510,BIHAR,Gaya,Barachatti,0.0,0.0,,196,10,1510,,138753.78132836288,366328956.31361085,0.37687568749189376,0.3593354096219781,267,95.94255436906815
10-237-01513,BIHAR,Nawada,Warisaliganj,0.0,0.0,,210,10,1513,,109792.76918459819,202861050.3008767,0.28792999206185343,0.22487684626958587,154,34.631034325516225
10-237-01514,BIHAR,Nawada,Kashi Chak,0.0,0.0,,210,10,1514,,73948.94452619922,98983451.20841853,0.28792999206185343,0.28792999206185343,72,20.730959428453446
10-237-01515,BIHAR,Nawada,Pakribarawan,0.0,0.0,,210,10,1515,,104545.76938151139,251834567.85717744,0.28792999206185343,0.28792999206185343,181,52.115328563195476
10-237-01516,BIHAR,Nawada,Kawakol,0.0,0.0,,210,10,1516,,121170.20018263235,362955647.76482904,0.3257912470936775,0.23951594336026147,266,63.71124093382955
10-237-01518,BIHAR,Nawada,Gobindpur,0.0,0.0,,210,10,1518,,73133.35659787485,188189390.13263756,0.3482564950883389,0.2757318390501582,138,38.05099378892183
10-237-01519,BIHAR,Nawada,Akbarpur,0.0,0.0,,210,10,1519,,91268.2921062847,249541236.96202633,0.3482564950883389,0.34825649508833895,183,63.730938601166024
10-237-01520,BIHAR,Nawada,Hisua,0.0,0.0,,210,10,1520,,85113.4923130193,144090762.99664384,0.3482564950883389,0.2776105665860874,106,29.426720058125262
10-237-01521,BIHAR,Nawada,Narhat,0.0,0.0,,210,10,1521,,62856.50481924386,99624005.77002536,0.3482564950883389,0.3482564950883389,69,24.029698161095382
10-237-01522,BIHAR,Nawada,Meskaur,0.0,0.0,,210,10,1522,,75185.00287586387,145604023.18435815,0.3482564950883389,0.28700177519130055,109,31.283193495851762
10-237-01523,BIHAR,Nawada,Sirdala,0.0,0.0,,210,10,1523,,111278.51695598938,301894539.186342,0.37687568749189376,0.33067766303499535,225,74.40247418287396
10-237-01524,BIHAR,Nawada,Rajauli,0.0,0.0,,210,10,1524,,132370.86211000624,450216393.36794454,0.3482564950883389,0.32682872296440285,331,108.18030730121734
10-238-01525,BIHAR,Jamui,Islamnagar Aliganj,0.0,0.0,,198,10,1525,,96153.77396855215,213408239.47295904,0.3257912470936775,0.31511102253970424,156,49.157319516193866
10-238-01526,BIHAR,Jamui,Sikandra,0.0,0.0,,198,10,1526,,86788.2538333537,223096734.30010977,0.3257912470936775,0.31908496500730515,160,51.05359440116882
10-238-01527,BIHAR,Jamui,Jamui,0.0,0.0,,198,10,1527,,90084.78430112793,212157753.6648698,0.3257912470936775,0.2471115492780016,161,39.78495943375826
10-238-01528,BIHAR,Jamui,Barhat,0.0,0.0,,198,10,1528,,114104.37581341481,270298087.1382075,0.24510697098970413,0.22998082446931584,198,45.536203244924536
10-238-01529,BIHAR,Jamui,Lakshmipur,0.0,0.0,,198,10,1529,,112147.89260238525,307635253.00857943,0.24510697098970413,0.18661446194380255,222,41.428410551524166
10-238-01530,BIHAR,Jamui,Jhajha,0.0,0.0,,198,10,1530,,147664.43327942316,507112726.974952,0.2772789764404297,0.2195200515472173,366,80.34433886628153
10-238-01532,BIHAR,Jamui,Khaira,0.0,0.0,,198,10,1532,,142747.05687020053,513762691.7981683,0.3257912470936775,0.25560227234182703,379,96.87326121755244
10-238-01533,BIHAR,Jamui,Sono,0.0,0.0,,198,10,1533,,117724.39892386932,474283005.7300444,0.2772789764404297,0.26744428377117035,346,92.53572218482495
10-238-01534,BIHAR,Jamui,Chakai,0.0,0.0,,198,10,1534,,243956.2217086091,956725034.6798706,0.2772789764404297,0.20168936325402972,705,142.19100109409095
10-239-01535,BIHAR,Jehanabad,Ratni Faridpur,0.0,0.0,,199,10,1535,,82762.53932271499,155018952.20303965,0.20980388803482056,0.17080951957862292,112,19.130666192805766
10-239-01536,BIHAR,Jehanabad,Jehanabad,0.0,0.0,,199,10,1536,,97254.09844747804,201426556.69272655,0.20980388803482056,0.20980388803482053,147,30.84117154111862
10-239-01537,BIHAR,Jehanabad,Kako,0.0,0.0,,199,10,1537,,83599.3529020472,162373941.78194478,0.20980388803482056,0.20980388803482053,118,24.756858788108822
10-239-01538,BIHAR,Jehanabad,Modanganj,0.0,0.0,,199,10,1538,,66522.90037500951,97205276.85869928,0.20980388803482056,0.1962796678980736,73,14.328415756559373
10-239-01539,BIHAR,Jehanabad,Ghoshi,0.0,0.0,,199,10,1539,,82931.95174196921,112225161.55433495,0.20980388803482056,0.17149814903235733,81,13.891350071620943
10-239-01540,BIHAR,Jehanabad,Makhdumpur,0.0,0.0,,199,10,1540,,128831.72570768485,301471679.33572614,0.20980388803482056,0.12956579091477832,218,28.245342419421675
10-239-01541,BIHAR,Jehanabad,Hulasganj,0.0,0.0,,199,10,1541,,87179.53907708311,119677697.18988888,0.24903184148073199,0.19970395543588834,88,17.573948078358175
10-240-01545,BIHAR,Arwal,Sonbhadra Banshi Suryapur,0.0,0.0,,611,10,1545,,62692.97791397586,116643000.97724338,0.16270029377937317,0.15783875706336076,85,13.416294350385664
10-240-01546,BIHAR,Arwal,Kurtha,0.0,0.0,,611,10,1546,,71585.17106640573,106433073.5354984,0.16270029377937317,0.15390309414078918,79,12.158344437122345
10-224-01334,BIHAR,Bhagalpur,Gopalpur,0.0,0.0,,192,10,1334,,95407.9186210158,208941966.91883087,0.21340220865905285,0.13862875184368395,154,21.348827783927327
10-210-01127,BIHAR,Kishanganj,Kishanganj,0.0,0.0,,203,10,1127,,125268.33771117091,207105687.55921903,0.4918453042507172,0.42386575260464354,150,63.57986289069653
